{
"type": "FeatureCollection",
"name": "tracts",
"crs": { "type": "name", "properties": { "name": "urn:ogc:def:crs:OGC:1.3:CRS84" } },
"xy_coordinate_resolution": 1e-05,
"features": [
{ "type": "Feature", "properties": { "GEOID": "06001450200", "name": "Census Tract 4502", "pop": 5916, "pop_lowrel": 0, "hh": 2716, "hh_lowrel": 0, "nocar": 82, "nocar_lowrel": 1, "nocar_pct": 3.0, "age65": 708, "age65_lowrel": 0, "age65_pct": 12.0, "disab": 376, "disab_lowrel": 0, "disab_pct": 6.4, "pov": 510, "pov_lowrel": 1, "pov_pct": 8.6, "lep": 175, "lep_lowrel": 1, "lep_pct": 6.4, "rent": 1713, "rent_lowrel": 0, "rent_pct": 63.1, "income": 132208 }, "geometry": { "type": "Polygon", "coordinates": [ [ [ -121.92236, 37.72768 ], [ -121.91737, 37.7289 ], [ -121.91115, 37.73032 ], [ -121.91046, 37.73039 ], [ -121.91047, 37.72823 ], [ -121.90947, 37.7248 ], [ -121.91017, 37.71924 ], [ -121.91023, 37.71044 ], [ -121.91037, 37.71057 ], [ -121.91426, 37.71403 ], [ -121.91633, 37.71627 ], [ -121.91642, 37.71637 ], [ -121.92582, 37.72685 ], [ -121.92236, 37.72768 ] ] ] } },
{ "type": "Feature", "properties": { "GEOID": "06001441401", "name": "Census Tract 4414.01", "pop": 7883, "pop_lowrel": 0, "hh": 2456, "hh_lowrel": 0, "nocar": 46, "nocar_lowrel": 1, "nocar_pct": 1.9, "age65": 946, "age65_lowrel": 0, "age65_pct": 12.0, "disab": 506, "disab_lowrel": 0, "disab_pct": 6.4, "pov": 442, "pov_lowrel": 1, "pov_pct": 5.6, "lep": 377, "lep_lowrel": 0, "lep_pct": 15.4, "rent": 986, "rent_lowrel": 0, "rent_pct": 40.1, "income": 192500 }, "geometry": { "type": "Polygon", "coordinates": [ [ [ -122.04656, 37.57773 ], [ -122.0412, 37.57509 ], [ -122.03703, 37.58067 ], [ -122.03539, 37.58157 ], [ -122.03355, 37.58152 ], [ -122.0314, 37.58032 ], [ -122.02833, 37.57786 ], [ -122.0268, 37.57692 ], [ -122.03243, 37.5708 ], [ -122.03426, 37.56868 ], [ -122.03656, 37.56628 ], [ -122.03683, 37.56581 ], [ -122.03846, 37.56365 ], [ -122.0386, 37.56348 ], [ -122.04165, 37.56634 ], [ -122.04313, 37.56773 ], [ -122.04452, 37.56932 ], [ -122.04551, 37.57083 ], [ -122.04835, 37.5786 ], [ -122.04656, 37.57773 ] ] ] } },
{ "type": "Feature", "properties": { "GEOID": "06001442900", "name": "Census Tract 4429", "pop": 7783, "pop_lowrel": 0, "hh": 2526, "hh_lowrel": 0, "nocar": 43, "nocar_lowrel": 1, "nocar_pct": 1.7, "age65": 809, "age65_lowrel": 0, "age65_pct": 10.4, "disab": 561, "disab_lowrel": 0, "disab_pct": 7.2, "pov": 229, "pov_lowrel": 0, "pov_pct": 2.9, "lep": 160, "lep_lowrel": 0, "lep_pct": 6.3, "rent": 1224, "rent_lowrel": 0, "rent_pct": 48.5, "income": 172308 }, "geometry": { "type": "Polygon", "coordinates": [ [ [ -121.98765, 37.52261 ], [ -121.98705, 37.52353 ], [ -121.98498, 37.52608 ], [ -121.98304, 37.52844 ], [ -121.97905, 37.52639 ], [ -121.97184, 37.52273 ], [ -121.97063, 37.52233 ], [ -121.969, 37.52248 ], [ -121.96828, 37.51978 ], [ -121.96761, 37.51723 ], [ -121.96708, 37.51622 ], [ -121.96514, 37.51292 ], [ -121.96288, 37.50934 ], [ -121.96746, 37.50745 ], [ -121.97264, 37.51141 ], [ -121.98254, 37.51942 ], [ -121.98381, 37.52034 ], [ -121.98777, 37.52243 ], [ -121.98765, 37.52261 ] ] ] } },
{ "type": "Feature", "properties": { "GEOID": "06001407000", "name": "Census Tract 4070", "pop": 6290, "pop_lowrel": 0, "hh": 2195, "hh_lowrel": 0, "nocar": 187, "nocar_lowrel": 1, "nocar_pct": 8.5, "age65": 940, "age65_lowrel": 0, "age65_pct": 14.9, "disab": 554, "disab_lowrel": 0, "disab_pct": 8.9, "pov": 558, "pov_lowrel": 0, "pov_pct": 9.0, "lep": 347, "lep_lowrel": 0, "lep_pct": 15.8, "rent": 1030, "rent_lowrel": 0, "rent_pct": 46.9, "income": 70956 }, "geometry": { "type": "Polygon", "coordinates": [ [ [ -122.20982, 37.7883 ], [ -122.2068, 37.79007 ], [ -122.20478, 37.79125 ], [ -122.2032, 37.7922 ], [ -122.20065, 37.79371 ], [ -122.1983, 37.79112 ], [ -122.19485, 37.78728 ], [ -122.19577, 37.78683 ], [ -122.19623, 37.78659 ], [ -122.20012, 37.78457 ], [ -122.20072, 37.78427 ], [ -122.20414, 37.78252 ], [ -122.20744, 37.78537 ], [ -122.21038, 37.78797 ], [ -122.20982, 37.7883 ] ] ] } },
{ "type": "Feature", "properties": { "GEOID": "06001407200", "name": "Census Tract 4072", "pop": 6672, "pop_lowrel": 0, "hh": 1927, "hh_lowrel": 0, "nocar": 223, "nocar_lowrel": 0, "nocar_pct": 11.6, "age65": 651, "age65_lowrel": 0, "age65_pct": 9.8, "disab": 762, "disab_lowrel": 0, "disab_pct": 11.5, "pov": 1094, "pov_lowrel": 0, "pov_pct": 16.5, "lep": 313, "lep_lowrel": 0, "lep_pct": 16.2, "rent": 1366, "rent_lowrel": 0, "rent_pct": 70.9, "income": 75993 }, "geometry": { "type": "Polygon", "coordinates": [ [ [ -122.22472, 37.77977 ], [ -122.2239, 37.78141 ], [ -122.22273, 37.78375 ], [ -122.21932, 37.78248 ], [ -122.2191, 37.7822 ], [ -122.21866, 37.78084 ], [ -122.218, 37.78021 ], [ -122.21667, 37.77904 ], [ -122.21535, 37.77783 ], [ -122.21475, 37.77732 ], [ -122.21386, 37.77652 ], [ -122.21173, 37.77468 ], [ -122.21479, 37.77238 ], [ -122.21894, 37.77435 ], [ -122.22086, 37.77526 ], [ -122.2258, 37.77764 ], [ -122.22472, 37.77977 ] ] ] } },
{ "type": "Feature", "properties": { "GEOID": "06001436602", "name": "Census Tract 4366.02", "pop": 5115, "pop_lowrel": 0, "hh": 1697, "hh_lowrel": 0, "nocar": 133, "nocar_lowrel": 0, "nocar_pct": 7.8, "age65": 545, "age65_lowrel": 0, "age65_pct": 10.7, "disab": 554, "disab_lowrel": 0, "disab_pct": 10.8, "pov": 684, "pov_lowrel": 0, "pov_pct": 13.6, "lep": 439, "lep_lowrel": 0, "lep_pct": 25.9, "rent": 1312, "rent_lowrel": 0, "rent_pct": 77.3, "income": 92646 }, "geometry": { "type": "Polygon", "coordinates": [ [ [ -122.09147, 37.64954 ], [ -122.08958, 37.65296 ], [ -122.08797, 37.6559 ], [ -122.08672, 37.65818 ], [ -122.08327, 37.65691 ], [ -122.08247, 37.65599 ], [ -122.08006, 37.65309 ], [ -122.07687, 37.64942 ], [ -122.07998, 37.64891 ], [ -122.08198, 37.64869 ], [ -122.08349, 37.64845 ], [ -122.08411, 37.64836 ], [ -122.0851, 37.64819 ], [ -122.0903, 37.64715 ], [ -122.09256, 37.6472 ], [ -122.09147, 37.64954 ] ] ] } },
{ "type": "Feature", "properties": { "GEOID": "06001433300", "name": "Census Tract 4333", "pop": 7287, "pop_lowrel": 0, "hh": 2031, "hh_lowrel": 0, "nocar": 27, "nocar_lowrel": 1, "nocar_pct": 1.3, "age65": 1316, "age65_lowrel": 0, "age65_pct": 18.1, "disab": 1063, "disab_lowrel": 0, "disab_pct": 14.6, "pov": 287, "pov_lowrel": 0, "pov_pct": 3.9, "lep": 428, "lep_lowrel": 0, "lep_pct": 21.1, "rent": 395, "rent_lowrel": 0, "rent_pct": 19.4, "income": 102841 }, "geometry": { "type": "Polygon", "coordinates": [ [ [ -122.17082, 37.70871 ], [ -122.16667, 37.71042 ], [ -122.15915, 37.70518 ], [ -122.14904, 37.69821 ], [ -122.14384, 37.6946 ], [ -122.14073, 37.69249 ], [ -122.14108, 37.6925 ], [ -122.14021, 37.69173 ], [ -122.14653, 37.6914 ], [ -122.15181, 37.69127 ], [ -122.15581, 37.69115 ], [ -122.15975, 37.69102 ], [ -122.16158, 37.69098 ], [ -122.16243, 37.69095 ], [ -122.16286, 37.69092 ], [ -122.16308, 37.6925 ], [ -122.16343, 37.69486 ], [ -122.1658, 37.69884 ], [ -122.1657, 37.70044 ], [ -122.16588, 37.70121 ], [ -122.16753, 37.70369 ], [ -122.17082, 37.70871 ] ] ] } },
{ "type": "Feature", "properties": { "GEOID": "06001440301", "name": "Census Tract 4403.01", "pop": 6757, "pop_lowrel": 0, "hh": 2165, "hh_lowrel": 0, "nocar": 159, "nocar_lowrel": 1, "nocar_pct": 7.3, "age65": 964, "age65_lowrel": 0, "age65_pct": 14.3, "disab": 841, "disab_lowrel": 0, "disab_pct": 12.5, "pov": 329, "pov_lowrel": 1, "pov_pct": 4.9, "lep": 219, "lep_lowrel": 0, "lep_pct": 10.1, "rent": 513, "rent_lowrel": 0, "rent_pct": 23.7, "income": 112458 }, "geometry": { "type": "Polygon", "coordinates": [ [ [ -122.06566, 37.60514 ], [ -122.05938, 37.60391 ], [ -122.05869, 37.60603 ], [ -122.05168, 37.60601 ], [ -122.04383, 37.60596 ], [ -122.0433, 37.61227 ], [ -122.04145, 37.61164 ], [ -122.03482, 37.60596 ], [ -122.03094, 37.60593 ], [ -122.0345, 37.60906 ], [ -122.03103, 37.60904 ], [ -122.02324, 37.60905 ], [ -122.02004, 37.60624 ], [ -122.02098, 37.60589 ], [ -122.0262, 37.60594 ], [ -122.02833, 37.60513 ], [ -122.02942, 37.60138 ], [ -122.03039, 37.59575 ], [ -122.03194, 37.59491 ], [ -122.03357, 37.59138 ], [ -122.03452, 37.59077 ], [ -122.03965, 37.59219 ], [ -122.04387, 37.59334 ], [ -122.04731, 37.5943 ], [ -122.05165, 37.5955 ], [ -122.05506, 37.59645 ], [ -122.05663, 37.5969 ], [ -122.06105, 37.59869 ], [ -122.06566, 37.60514 ] ] ] } },
{ "type": "Feature", "properties": { "GEOID": "06001400900", "name": "Census Tract 4009", "pop": 2855, "pop_lowrel": 0, "hh": 1167, "hh_lowrel": 0, "nocar": 69, "nocar_lowrel": 1, "nocar_pct": 5.9, "age65": 219, "age65_lowrel": 0, "age65_pct": 7.7, "disab": 301, "disab_lowrel": 0, "disab_pct": 10.5, "pov": 454, "pov_lowrel": 1, "pov_pct": 15.9, "lep": 12, "lep_lowrel": 1, "lep_pct": 1.0, "rent": 640, "rent_lowrel": 0, "rent_pct": 54.8, "income": 115673 }, "geometry": { "type": "Polygon", "coordinates": [ [ [ -122.28558, 37.83978 ], [ -122.28314, 37.84082 ], [ -122.27703, 37.84339 ], [ -122.27658, 37.84068 ], [ -122.27631, 37.83927 ], [ -122.27572, 37.83816 ], [ -122.27622, 37.83682 ], [ -122.28165, 37.83669 ], [ -122.28196, 37.83718 ], [ -122.28449, 37.83671 ], [ -122.28558, 37.83978 ] ] ] } },
{ "type": "Feature", "properties": { "GEOID": "06001403100", "name": "Census Tract 4031", "pop": 2251, "pop_lowrel": 0, "hh": 1224, "hh_lowrel": 0, "nocar": 433, "nocar_lowrel": 0, "nocar_pct": 35.4, "age65": 253, "age65_lowrel": 0, "age65_pct": 11.2, "disab": 224, "disab_lowrel": 0, "disab_pct": 10.8, "pov": 339, "pov_lowrel": 0, "pov_pct": 16.3, "lep": 140, "lep_lowrel": 0, "lep_pct": 11.4, "rent": 834, "rent_lowrel": 0, "rent_pct": 68.1, "income": 139375 }, "geometry": { "type": "Polygon", "coordinates": [ [ [ -122.27956, 37.80045 ], [ -122.27814, 37.80276 ], [ -122.27598, 37.80622 ], [ -122.2748, 37.80577 ], [ -122.27127, 37.80436 ], [ -122.27344, 37.80093 ], [ -122.27506, 37.79832 ], [ -122.27854, 37.79965 ], [ -122.27956, 37.80045 ] ] ] } },
{ "type": "Feature", "properties": { "GEOID": "06001422700", "name": "Census Tract 4227", "pop": 5154, "pop_lowrel": 0, "hh": 1002, "hh_lowrel": 0, "nocar": 458, "nocar_lowrel": 0, "nocar_pct": 45.7, "age65": 170, "age65_lowrel": 0, "age65_pct": 3.3, "disab": 517, "disab_lowrel": 0, "disab_pct": 10.1, "pov": 1706, "pov_lowrel": 0, "pov_pct": 59.2, "lep": 77, "lep_lowrel": 1, "lep_pct": 7.7, "rent": 872, "rent_lowrel": 0, "rent_pct": 87.0, "income": null }, "geometry": { "type": "Polygon", "coordinates": [ [ [ -122.25459, 37.86932 ], [ -122.25233, 37.86962 ], [ -122.25097, 37.86933 ], [ -122.25021, 37.86935 ], [ -122.24971, 37.8701 ], [ -122.24516, 37.86974 ], [ -122.24488, 37.86628 ], [ -122.24534, 37.86599 ], [ -122.24696, 37.86616 ], [ -122.24842, 37.86608 ], [ -122.25165, 37.86589 ], [ -122.25395, 37.86574 ], [ -122.25429, 37.86751 ], [ -122.25459, 37.86932 ] ] ] } },
{ "type": "Feature", "properties": { "GEOID": "06001441921", "name": "Census Tract 4419.21", "pop": 3814, "pop_lowrel": 0, "hh": 1365, "hh_lowrel": 0, "nocar": 0, "nocar_lowrel": 0, "nocar_pct": 0.0, "age65": 292, "age65_lowrel": 0, "age65_pct": 7.7, "disab": 323, "disab_lowrel": 0, "disab_pct": 8.5, "pov": 83, "pov_lowrel": 1, "pov_pct": 2.2, "lep": 71, "lep_lowrel": 0, "lep_pct": 5.2, "rent": 975, "rent_lowrel": 0, "rent_pct": 71.4, "income": 159012 }, "geometry": { "type": "Polygon", "coordinates": [ [ [ -121.97277, 37.54226 ], [ -121.97309, 37.54405 ], [ -121.97312, 37.54439 ], [ -121.97226, 37.54912 ], [ -121.9681, 37.54691 ], [ -121.9653, 37.54509 ], [ -121.96268, 37.54343 ], [ -121.9606, 37.54167 ], [ -121.96134, 37.54113 ], [ -121.964, 37.53806 ], [ -121.96404, 37.53796 ], [ -121.96444, 37.53751 ], [ -121.96496, 37.53698 ], [ -121.96538, 37.53648 ], [ -121.96546, 37.53638 ], [ -121.96636, 37.53689 ], [ -121.9707, 37.53935 ], [ -121.97315, 37.54069 ], [ -121.97277, 37.54226 ] ] ] } },
{ "type": "Feature", "properties": { "GEOID": "06001406700", "name": "Census Tract 4067", "pop": 5778, "pop_lowrel": 0, "hh": 2186, "hh_lowrel": 0, "nocar": 173, "nocar_lowrel": 0, "nocar_pct": 7.9, "age65": 991, "age65_lowrel": 0, "age65_pct": 17.2, "disab": 750, "disab_lowrel": 0, "disab_pct": 13.0, "pov": 430, "pov_lowrel": 0, "pov_pct": 7.5, "lep": 134, "lep_lowrel": 1, "lep_pct": 6.1, "rent": 737, "rent_lowrel": 0, "rent_pct": 33.7, "income": 134087 }, "geometry": { "type": "Polygon", "coordinates": [ [ [ -122.21101, 37.80286 ], [ -122.20737, 37.80641 ], [ -122.20607, 37.80728 ], [ -122.20166, 37.81017 ], [ -122.19779, 37.81059 ], [ -122.19536, 37.8087 ], [ -122.19406, 37.80742 ], [ -122.19504, 37.80823 ], [ -122.19256, 37.80512 ], [ -122.1945, 37.80551 ], [ -122.19267, 37.80307 ], [ -122.19409, 37.80296 ], [ -122.19338, 37.80133 ], [ -122.19466, 37.80177 ], [ -122.19677, 37.79815 ], [ -122.19764, 37.7994 ], [ -122.1984, 37.80006 ], [ -122.20051, 37.79692 ], [ -122.2021, 37.79709 ], [ -122.20337, 37.7961 ], [ -122.20803, 37.7986 ], [ -122.20879, 37.79848 ], [ -122.21412, 37.7998 ], [ -122.21101, 37.80286 ] ] ] } },
{ "type": "Feature", "properties": { "GEOID": "06001451501", "name": "Census Tract 4515.01", "pop": 4485, "pop_lowrel": 0, "hh": 1727, "hh_lowrel": 0, "nocar": 94, "nocar_lowrel": 0, "nocar_pct": 5.4, "age65": 888, "age65_lowrel": 0, "age65_pct": 19.8, "disab": 536, "disab_lowrel": 0, "disab_pct": 12.0, "pov": 304, "pov_lowrel": 0, "pov_pct": 6.8, "lep": 51, "lep_lowrel": 1, "lep_pct": 3.0, "rent": 516, "rent_lowrel": 0, "rent_pct": 29.9, "income": 176042 }, "geometry": { "type": "Polygon", "coordinates": [ [ [ -121.76526, 37.67997 ], [ -121.75512, 37.67998 ], [ -121.75174, 37.67997 ], [ -121.74835, 37.67996 ], [ -121.73894, 37.67996 ], [ -121.73308, 37.67994 ], [ -121.73295, 37.67995 ], [ -121.72634, 37.6799 ], [ -121.71878, 37.67985 ], [ -121.71879, 37.67977 ], [ -121.71897, 37.66509 ], [ -121.71894, 37.665 ], [ -121.7352, 37.66513 ], [ -121.7374, 37.66513 ], [ -121.74191, 37.66517 ], [ -121.74241, 37.66533 ], [ -121.74972, 37.67002 ], [ -121.75392, 37.6727 ], [ -121.75698, 37.67464 ], [ -121.76526, 37.67997 ] ] ] } },
{ "type": "Feature", "properties": { "GEOID": "06001451701", "name": "Census Tract 4517.01", "pop": 3247, "pop_lowrel": 0, "hh": 1069, "hh_lowrel": 0, "nocar": 123, "nocar_lowrel": 1, "nocar_pct": 11.5, "age65": 354, "age65_lowrel": 0, "age65_pct": 10.9, "disab": 392, "disab_lowrel": 0, "disab_pct": 12.1, "pov": 176, "pov_lowrel": 0, "pov_pct": 5.6, "lep": 12, "lep_lowrel": 1, "lep_pct": 1.1, "rent": 126, "rent_lowrel": 0, "rent_pct": 11.8, "income": 218443 }, "geometry": { "type": "Polygon", "coordinates": [ [ [ -121.79527, 37.67725 ], [ -121.78915, 37.67789 ], [ -121.78523, 37.67491 ], [ -121.78018, 37.67404 ], [ -121.78045, 37.67292 ], [ -121.78039, 37.6671 ], [ -121.78511, 37.66709 ], [ -121.7889, 37.6672 ], [ -121.79334, 37.66951 ], [ -121.79526, 37.67222 ], [ -121.79526, 37.67274 ], [ -121.79527, 37.67725 ] ] ] } },
{ "type": "Feature", "properties": { "GEOID": "06001451704", "name": "Census Tract 4517.04", "pop": 4564, "pop_lowrel": 0, "hh": 1614, "hh_lowrel": 0, "nocar": 26, "nocar_lowrel": 1, "nocar_pct": 1.6, "age65": 793, "age65_lowrel": 0, "age65_pct": 17.4, "disab": 248, "disab_lowrel": 0, "disab_pct": 5.4, "pov": 191, "pov_lowrel": 0, "pov_pct": 4.2, "lep": 25, "lep_lowrel": 1, "lep_pct": 1.5, "rent": 360, "rent_lowrel": 0, "rent_pct": 22.3, "income": 158981 }, "geometry": { "type": "Polygon", "coordinates": [ [ [ -121.79849, 37.66071 ], [ -121.79821, 37.66806 ], [ -121.79844, 37.66866 ], [ -121.79498, 37.66884 ], [ -121.79334, 37.66951 ], [ -121.7889, 37.6672 ], [ -121.78511, 37.66709 ], [ -121.78039, 37.6671 ], [ -121.78035, 37.66657 ], [ -121.78036, 37.66077 ], [ -121.78285, 37.65853 ], [ -121.78298, 37.656 ], [ -121.79852, 37.65598 ], [ -121.79849, 37.66071 ] ] ] } },
{ "type": "Feature", "properties": { "GEOID": "06001440334", "name": "Census Tract 4403.34", "pop": 4026, "pop_lowrel": 0, "hh": 1031, "hh_lowrel": 0, "nocar": 14, "nocar_lowrel": 1, "nocar_pct": 1.4, "age65": 783, "age65_lowrel": 0, "age65_pct": 19.4, "disab": 435, "disab_lowrel": 0, "disab_pct": 10.8, "pov": 161, "pov_lowrel": 1, "pov_pct": 4.0, "lep": 115, "lep_lowrel": 0, "lep_pct": 11.2, "rent": 276, "rent_lowrel": 0, "rent_pct": 26.8, "income": 166875 }, "geometry": { "type": "Polygon", "coordinates": [ [ [ -122.07234, 37.59652 ], [ -122.07097, 37.59695 ], [ -122.06701, 37.59801 ], [ -122.06105, 37.59869 ], [ -122.05673, 37.59263 ], [ -122.06046, 37.5918 ], [ -122.06428, 37.58679 ], [ -122.06432, 37.58675 ], [ -122.06471, 37.58707 ], [ -122.06873, 37.5911 ], [ -122.06999, 37.59237 ], [ -122.07404, 37.59646 ], [ -122.07234, 37.59652 ] ] ] } },
{ "type": "Feature", "properties": { "GEOID": "06001441523", "name": "Census Tract 4415.23", "pop": 4003, "pop_lowrel": 0, "hh": 1388, "hh_lowrel": 0, "nocar": 12, "nocar_lowrel": 1, "nocar_pct": 0.9, "age65": 260, "age65_lowrel": 0, "age65_pct": 6.5, "disab": 163, "disab_lowrel": 0, "disab_pct": 4.1, "pov": 197, "pov_lowrel": 1, "pov_pct": 4.9, "lep": 94, "lep_lowrel": 0, "lep_pct": 6.8, "rent": 739, "rent_lowrel": 0, "rent_pct": 53.2, "income": 184936 }, "geometry": { "type": "Polygon", "coordinates": [ [ [ -122.05162, 37.56678 ], [ -122.04716, 37.56749 ], [ -122.0454, 37.56777 ], [ -122.04313, 37.56773 ], [ -122.04165, 37.56634 ], [ -122.04148, 37.56496 ], [ -122.04397, 37.56263 ], [ -122.04848, 37.56076 ], [ -122.04955, 37.5621 ], [ -122.05056, 37.56343 ], [ -122.05102, 37.56577 ], [ -122.05162, 37.56678 ] ] ] } },
{ "type": "Feature", "properties": { "GEOID": "06001451404", "name": "Census Tract 4514.04", "pop": 6368, "pop_lowrel": 0, "hh": 2150, "hh_lowrel": 0, "nocar": 119, "nocar_lowrel": 1, "nocar_pct": 5.5, "age65": 519, "age65_lowrel": 0, "age65_pct": 8.2, "disab": 593, "disab_lowrel": 0, "disab_pct": 9.3, "pov": 379, "pov_lowrel": 1, "pov_pct": 6.0, "lep": 239, "lep_lowrel": 0, "lep_pct": 11.1, "rent": 854, "rent_lowrel": 0, "rent_pct": 39.7, "income": 121912 }, "geometry": { "type": "Polygon", "coordinates": [ [ [ -121.79082, 37.68836 ], [ -121.78416, 37.68834 ], [ -121.78338, 37.68829 ], [ -121.78054, 37.68903 ], [ -121.77567, 37.69049 ], [ -121.77598, 37.69132 ], [ -121.77505, 37.69111 ], [ -121.77311, 37.69103 ], [ -121.77245, 37.68955 ], [ -121.76487, 37.68589 ], [ -121.77243, 37.68364 ], [ -121.77744, 37.68219 ], [ -121.78812, 37.67895 ], [ -121.78881, 37.67953 ], [ -121.79058, 37.68069 ], [ -121.79092, 37.68289 ], [ -121.79082, 37.68836 ] ] ] } },
{ "type": "Feature", "properties": { "GEOID": "06001443105", "name": "Census Tract 4431.05", "pop": 4499, "pop_lowrel": 0, "hh": 1453, "hh_lowrel": 0, "nocar": 35, "nocar_lowrel": 1, "nocar_pct": 2.4, "age65": 951, "age65_lowrel": 0, "age65_pct": 21.1, "disab": 306, "disab_lowrel": 0, "disab_pct": 6.8, "pov": 113, "pov_lowrel": 1, "pov_pct": 2.5, "lep": 210, "lep_lowrel": 0, "lep_pct": 14.5, "rent": 197, "rent_lowrel": 0, "rent_pct": 13.6, "income": 248185 }, "geometry": { "type": "Polygon", "coordinates": [ [ [ -121.94593, 37.52624 ], [ -121.94474, 37.52865 ], [ -121.94149, 37.53099 ], [ -121.94019, 37.53094 ], [ -121.93405, 37.53166 ], [ -121.92902, 37.52572 ], [ -121.92842, 37.52359 ], [ -121.92392, 37.52309 ], [ -121.92051, 37.52563 ], [ -121.91795, 37.52613 ], [ -121.9178, 37.52503 ], [ -121.91779, 37.52077 ], [ -121.91794, 37.51794 ], [ -121.91925, 37.51361 ], [ -121.92616, 37.51509 ], [ -121.93115, 37.51432 ], [ -121.93375, 37.51391 ], [ -121.93823, 37.51507 ], [ -121.93952, 37.51476 ], [ -121.94562, 37.52412 ], [ -121.94593, 37.52624 ] ] ] } },
{ "type": "Feature", "properties": { "GEOID": "06001425102", "name": "Census Tract 4251.02", "pop": 4057, "pop_lowrel": 0, "hh": 2371, "hh_lowrel": 0, "nocar": 383, "nocar_lowrel": 0, "nocar_pct": 16.2, "age65": 187, "age65_lowrel": 0, "age65_pct": 4.6, "disab": 263, "disab_lowrel": 0, "disab_pct": 6.5, "pov": 214, "pov_lowrel": 1, "pov_pct": 5.3, "lep": 178, "lep_lowrel": 0, "lep_pct": 7.5, "rent": 1905, "rent_lowrel": 0, "rent_pct": 80.3, "income": 134044 }, "geometry": { "type": "Polygon", "coordinates": [ [ [ -122.29882, 37.84792 ], [ -122.29505, 37.84871 ], [ -122.29348, 37.84407 ], [ -122.29198, 37.8389 ], [ -122.29124, 37.83472 ], [ -122.29103, 37.83011 ], [ -122.29339, 37.83067 ], [ -122.2933, 37.83149 ], [ -122.29556, 37.83507 ], [ -122.29679, 37.838 ], [ -122.29781, 37.8433 ], [ -122.29882, 37.84792 ] ] ] } },
{ "type": "Feature", "properties": { "GEOID": "06001441702", "name": "Census Tract 4417.02", "pop": 5046, "pop_lowrel": 0, "hh": 2135, "hh_lowrel": 0, "nocar": 249, "nocar_lowrel": 0, "nocar_pct": 11.7, "age65": 511, "age65_lowrel": 0, "age65_pct": 10.1, "disab": 429, "disab_lowrel": 0, "disab_pct": 8.5, "pov": 489, "pov_lowrel": 0, "pov_pct": 9.7, "lep": 392, "lep_lowrel": 0, "lep_pct": 18.4, "rent": 1125, "rent_lowrel": 0, "rent_pct": 52.7, "income": 113125 }, "geometry": { "type": "Polygon", "coordinates": [ [ [ -122.01829, 37.55212 ], [ -122.01244, 37.55959 ], [ -122.01169, 37.56059 ], [ -122.01066, 37.56184 ], [ -122.00713, 37.56464 ], [ -122.00513, 37.56337 ], [ -121.99957, 37.56414 ], [ -121.99709, 37.56408 ], [ -121.99594, 37.56304 ], [ -122.00176, 37.56142 ], [ -122.00123, 37.55997 ], [ -122.00462, 37.55695 ], [ -122.00371, 37.55647 ], [ -122.0049, 37.55506 ], [ -122.00545, 37.5545 ], [ -122.0086, 37.55599 ], [ -122.00982, 37.55393 ], [ -122.01099, 37.55427 ], [ -122.01406, 37.55031 ], [ -122.01777, 37.55184 ], [ -122.01829, 37.55212 ] ] ] } },
{ "type": "Feature", "properties": { "GEOID": "06001402802", "name": "Census Tract 4028.02", "pop": 1602, "pop_lowrel": 0, "hh": 935, "hh_lowrel": 0, "nocar": 707, "nocar_lowrel": 0, "nocar_pct": 75.6, "age65": 402, "age65_lowrel": 0, "age65_pct": 25.1, "disab": 515, "disab_lowrel": 0, "disab_pct": 32.1, "pov": 728, "pov_lowrel": 0, "pov_pct": 45.4, "lep": 56, "lep_lowrel": 1, "lep_pct": 6.0, "rent": 899, "rent_lowrel": 0, "rent_pct": 96.1, "income": 19981 }, "geometry": { "type": "Polygon", "coordinates": [ [ [ -122.27598, 37.80622 ], [ -122.27335, 37.81046 ], [ -122.273, 37.80945 ], [ -122.27281, 37.80878 ], [ -122.27127, 37.80436 ], [ -122.2748, 37.80577 ], [ -122.27598, 37.80622 ] ] ] } },
{ "type": "Feature", "properties": { "GEOID": "06001442400", "name": "Census Tract 4424", "pop": 6227, "pop_lowrel": 0, "hh": 2025, "hh_lowrel": 0, "nocar": 61, "nocar_lowrel": 0, "nocar_pct": 3.0, "age65": 863, "age65_lowrel": 0, "age65_pct": 13.9, "disab": 413, "disab_lowrel": 0, "disab_pct": 6.6, "pov": 630, "pov_lowrel": 0, "pov_pct": 10.1, "lep": 208, "lep_lowrel": 0, "lep_pct": 10.3, "rent": 724, "rent_lowrel": 0, "rent_pct": 35.8, "income": 125179 }, "geometry": { "type": "Polygon", "coordinates": [ [ [ -121.97918, 37.53326 ], [ -121.97596, 37.53722 ], [ -121.97315, 37.54069 ], [ -121.9707, 37.53935 ], [ -121.96636, 37.53689 ], [ -121.96546, 37.53638 ], [ -121.96787, 37.53341 ], [ -121.96894, 37.53207 ], [ -121.9701, 37.53047 ], [ -121.96982, 37.52788 ], [ -121.96909, 37.52285 ], [ -121.969, 37.52248 ], [ -121.97063, 37.52233 ], [ -121.97184, 37.52273 ], [ -121.97905, 37.52639 ], [ -121.98304, 37.52844 ], [ -121.97918, 37.53326 ] ] ] } },
{ "type": "Feature", "properties": { "GEOID": "06001436601", "name": "Census Tract 4366.01", "pop": 6476, "pop_lowrel": 0, "hh": 1869, "hh_lowrel": 0, "nocar": 64, "nocar_lowrel": 1, "nocar_pct": 3.4, "age65": 791, "age65_lowrel": 0, "age65_pct": 12.2, "disab": 635, "disab_lowrel": 0, "disab_pct": 9.8, "pov": 711, "pov_lowrel": 1, "pov_pct": 11.1, "lep": 159, "lep_lowrel": 0, "lep_pct": 8.5, "rent": 1091, "rent_lowrel": 0, "rent_pct": 58.4, "income": 72201 }, "geometry": { "type": "Polygon", "coordinates": [ [ [ -122.0833, 37.66439 ], [ -122.08234, 37.66615 ], [ -122.07428, 37.65597 ], [ -122.07002, 37.65055 ], [ -122.07024, 37.6505 ], [ -122.07097, 37.65038 ], [ -122.07687, 37.64942 ], [ -122.08006, 37.65309 ], [ -122.08247, 37.65599 ], [ -122.08327, 37.65691 ], [ -122.08672, 37.65818 ], [ -122.0833, 37.66439 ] ] ] } },
{ "type": "Feature", "properties": { "GEOID": "06001420100", "name": "Census Tract 4201", "pop": 2636, "pop_lowrel": 0, "hh": 1039, "hh_lowrel": 0, "nocar": 22, "nocar_lowrel": 1, "nocar_pct": 2.1, "age65": 608, "age65_lowrel": 0, "age65_pct": 23.1, "disab": 182, "disab_lowrel": 0, "disab_pct": 6.9, "pov": 78, "pov_lowrel": 0, "pov_pct": 3.0, "lep": 76, "lep_lowrel": 1, "lep_pct": 7.3, "rent": 215, "rent_lowrel": 0, "rent_pct": 20.7, "income": 197813 }, "geometry": { "type": "Polygon", "coordinates": [ [ [ -122.29621, 37.89892 ], [ -122.29391, 37.89837 ], [ -122.29265, 37.89834 ], [ -122.29198, 37.89822 ], [ -122.28988, 37.89755 ], [ -122.28817, 37.89784 ], [ -122.28669, 37.89851 ], [ -122.28679, 37.89655 ], [ -122.28696, 37.89281 ], [ -122.28705, 37.89092 ], [ -122.28885, 37.89081 ], [ -122.29192, 37.89065 ], [ -122.29339, 37.89057 ], [ -122.2957, 37.89776 ], [ -122.29621, 37.89892 ] ] ] } },
{ "type": "Feature", "properties": { "GEOID": "06001405200", "name": "Census Tract 4052", "pop": 5254, "pop_lowrel": 0, "hh": 2367, "hh_lowrel": 0, "nocar": 324, "nocar_lowrel": 0, "nocar_pct": 13.7, "age65": 862, "age65_lowrel": 0, "age65_pct": 16.4, "disab": 463, "disab_lowrel": 0, "disab_pct": 8.8, "pov": 270, "pov_lowrel": 1, "pov_pct": 5.1, "lep": 193, "lep_lowrel": 1, "lep_pct": 8.2, "rent": 1799, "rent_lowrel": 0, "rent_pct": 76.0, "income": 131563 }, "geometry": { "type": "Polygon", "coordinates": [ [ [ -122.2506, 37.80524 ], [ -122.24915, 37.80839 ], [ -122.2467, 37.8097 ], [ -122.2465, 37.80984 ], [ -122.24198, 37.80855 ], [ -122.23542, 37.80562 ], [ -122.2334, 37.80438 ], [ -122.23487, 37.80338 ], [ -122.23722, 37.80312 ], [ -122.24019, 37.80255 ], [ -122.24167, 37.8024 ], [ -122.24235, 37.80232 ], [ -122.24398, 37.80185 ], [ -122.24654, 37.80139 ], [ -122.24841, 37.80044 ], [ -122.24901, 37.80301 ], [ -122.24932, 37.80482 ], [ -122.2506, 37.80524 ] ] ] } },
{ "type": "Feature", "properties": { "GEOID": "06001406201", "name": "Census Tract 4062.01", "pop": 5344, "pop_lowrel": 0, "hh": 1506, "hh_lowrel": 0, "nocar": 297, "nocar_lowrel": 0, "nocar_pct": 19.7, "age65": 445, "age65_lowrel": 0, "age65_pct": 8.3, "disab": 610, "disab_lowrel": 0, "disab_pct": 11.5, "pov": 984, "pov_lowrel": 0, "pov_pct": 18.5, "lep": 321, "lep_lowrel": 0, "lep_pct": 21.3, "rent": 1186, "rent_lowrel": 0, "rent_pct": 78.8, "income": 74635 }, "geometry": { "type": "Polygon", "coordinates": [ [ [ -122.23429, 37.78497 ], [ -122.23411, 37.78514 ], [ -122.23405, 37.78519 ], [ -122.2325, 37.78656 ], [ -122.23201, 37.78758 ], [ -122.23196, 37.78804 ], [ -122.23091, 37.78944 ], [ -122.2289, 37.78821 ], [ -122.22531, 37.7861 ], [ -122.22679, 37.78451 ], [ -122.22754, 37.78495 ], [ -122.22993, 37.7824 ], [ -122.23148, 37.78077 ], [ -122.2359, 37.78341 ], [ -122.23429, 37.78497 ] ] ] } },
{ "type": "Feature", "properties": { "GEOID": "06001409600", "name": "Census Tract 4096", "pop": 5442, "pop_lowrel": 0, "hh": 1682, "hh_lowrel": 0, "nocar": 249, "nocar_lowrel": 0, "nocar_pct": 14.8, "age65": 601, "age65_lowrel": 0, "age65_pct": 11.0, "disab": 835, "disab_lowrel": 0, "disab_pct": 15.3, "pov": 746, "pov_lowrel": 0, "pov_pct": 13.8, "lep": 92, "lep_lowrel": 1, "lep_pct": 5.5, "rent": 939, "rent_lowrel": 0, "rent_pct": 55.8, "income": 62903 }, "geometry": { "type": "Polygon", "coordinates": [ [ [ -122.17947, 37.75565 ], [ -122.17572, 37.75749 ], [ -122.1723, 37.75915 ], [ -122.16998, 37.75605 ], [ -122.16953, 37.75542 ], [ -122.16757, 37.75279 ], [ -122.16787, 37.75265 ], [ -122.16829, 37.75126 ], [ -122.16715, 37.74971 ], [ -122.1693, 37.74871 ], [ -122.17038, 37.74822 ], [ -122.17252, 37.74722 ], [ -122.17497, 37.75055 ], [ -122.17582, 37.7517 ], [ -122.1765, 37.75261 ], [ -122.17848, 37.75517 ], [ -122.17912, 37.75547 ], [ -122.17947, 37.75565 ] ] ] } },
{ "type": "Feature", "properties": { "GEOID": "06001405700", "name": "Census Tract 4057", "pop": 3927, "pop_lowrel": 0, "hh": 1472, "hh_lowrel": 0, "nocar": 86, "nocar_lowrel": 1, "nocar_pct": 5.8, "age65": 430, "age65_lowrel": 0, "age65_pct": 10.9, "disab": 319, "disab_lowrel": 0, "disab_pct": 8.2, "pov": 642, "pov_lowrel": 0, "pov_pct": 16.5, "lep": 159, "lep_lowrel": 0, "lep_pct": 10.8, "rent": 993, "rent_lowrel": 0, "rent_pct": 67.5, "income": 89500 }, "geometry": { "type": "Polygon", "coordinates": [ [ [ -122.23523, 37.79942 ], [ -122.23468, 37.79983 ], [ -122.23379, 37.80054 ], [ -122.23117, 37.8026 ], [ -122.2285, 37.80097 ], [ -122.22417, 37.79998 ], [ -122.22499, 37.79812 ], [ -122.2254, 37.7976 ], [ -122.22669, 37.79355 ], [ -122.22841, 37.79387 ], [ -122.22982, 37.79471 ], [ -122.23189, 37.79595 ], [ -122.2306, 37.79748 ], [ -122.23317, 37.79669 ], [ -122.23602, 37.79841 ], [ -122.23523, 37.79942 ] ] ] } },
{ "type": "Feature", "properties": { "GEOID": "06001443102", "name": "Census Tract 4431.02", "pop": 4593, "pop_lowrel": 0, "hh": 1580, "hh_lowrel": 0, "nocar": 25, "nocar_lowrel": 1, "nocar_pct": 1.6, "age65": 874, "age65_lowrel": 0, "age65_pct": 19.0, "disab": 281, "disab_lowrel": 0, "disab_pct": 6.1, "pov": 193, "pov_lowrel": 0, "pov_pct": 4.2, "lep": 180, "lep_lowrel": 0, "lep_pct": 11.4, "rent": 225, "rent_lowrel": 0, "rent_pct": 14.2, "income": 249375 }, "geometry": { "type": "Polygon", "coordinates": [ [ [ -121.93823, 37.51507 ], [ -121.93375, 37.51391 ], [ -121.93115, 37.51432 ], [ -121.92616, 37.51509 ], [ -121.91925, 37.51361 ], [ -121.91976, 37.51045 ], [ -121.91965, 37.50668 ], [ -121.91964, 37.50662 ], [ -121.91946, 37.50207 ], [ -121.91939, 37.50045 ], [ -121.92025, 37.49773 ], [ -121.92301, 37.49557 ], [ -121.93367, 37.50504 ], [ -121.93462, 37.50617 ], [ -121.93466, 37.50622 ], [ -121.93952, 37.51476 ], [ -121.93823, 37.51507 ] ] ] } },
{ "type": "Feature", "properties": { "GEOID": "06001406900", "name": "Census Tract 4069", "pop": 4142, "pop_lowrel": 0, "hh": 1620, "hh_lowrel": 0, "nocar": 169, "nocar_lowrel": 1, "nocar_pct": 10.4, "age65": 759, "age65_lowrel": 0, "age65_pct": 18.3, "disab": 344, "disab_lowrel": 0, "disab_pct": 8.3, "pov": 206, "pov_lowrel": 1, "pov_pct": 5.0, "lep": 33, "lep_lowrel": 1, "lep_pct": 2.0, "rent": 548, "rent_lowrel": 0, "rent_pct": 33.8, "income": 166579 }, "geometry": { "type": "Polygon", "coordinates": [ [ [ -122.1983, 37.79112 ], [ -122.19431, 37.79346 ], [ -122.19162, 37.79503 ], [ -122.19154, 37.79509 ], [ -122.19105, 37.7957 ], [ -122.19247, 37.7975 ], [ -122.19307, 37.79806 ], [ -122.19175, 37.79887 ], [ -122.18768, 37.79882 ], [ -122.18537, 37.79849 ], [ -122.18439, 37.79724 ], [ -122.18569, 37.79589 ], [ -122.18584, 37.79337 ], [ -122.18376, 37.79207 ], [ -122.18428, 37.79154 ], [ -122.18598, 37.7898 ], [ -122.18828, 37.79064 ], [ -122.19012, 37.78969 ], [ -122.19485, 37.78728 ], [ -122.1983, 37.79112 ] ] ] } },
{ "type": "Feature", "properties": { "GEOID": "06001409100", "name": "Census Tract 4091", "pop": 2455, "pop_lowrel": 0, "hh": 683, "hh_lowrel": 0, "nocar": 108, "nocar_lowrel": 1, "nocar_pct": 15.8, "age65": 251, "age65_lowrel": 0, "age65_pct": 10.2, "disab": 405, "disab_lowrel": 0, "disab_pct": 16.5, "pov": 225, "pov_lowrel": 0, "pov_pct": 9.3, "lep": 21, "lep_lowrel": 1, "lep_pct": 3.1, "rent": 250, "rent_lowrel": 0, "rent_pct": 36.6, "income": 85707 }, "geometry": { "type": "Polygon", "coordinates": [ [ [ -122.18694, 37.73277 ], [ -122.18682, 37.73286 ], [ -122.18482, 37.73429 ], [ -122.18419, 37.73482 ], [ -122.18382, 37.73539 ], [ -122.18359, 37.73592 ], [ -122.18335, 37.73643 ], [ -122.18156, 37.73783 ], [ -122.17978, 37.73627 ], [ -122.17932, 37.73413 ], [ -122.18417, 37.72653 ], [ -122.18878, 37.73173 ], [ -122.18694, 37.73277 ] ] ] } },
{ "type": "Feature", "properties": { "GEOID": "06001403800", "name": "Census Tract 4038", "pop": 4056, "pop_lowrel": 0, "hh": 1941, "hh_lowrel": 0, "nocar": 129, "nocar_lowrel": 0, "nocar_pct": 6.6, "age65": 623, "age65_lowrel": 0, "age65_pct": 15.4, "disab": 349, "disab_lowrel": 0, "disab_pct": 8.6, "pov": 253, "pov_lowrel": 0, "pov_pct": 6.2, "lep": 10, "lep_lowrel": 1, "lep_pct": 0.5, "rent": 1182, "rent_lowrel": 0, "rent_pct": 60.9, "income": 159917 }, "geometry": { "type": "Polygon", "coordinates": [ [ [ -122.24801, 37.81151 ], [ -122.24664, 37.81378 ], [ -122.24632, 37.8143 ], [ -122.24508, 37.818 ], [ -122.24472, 37.81912 ], [ -122.24421, 37.81903 ], [ -122.24402, 37.81899 ], [ -122.24374, 37.81893 ], [ -122.24367, 37.81886 ], [ -122.24366, 37.81885 ], [ -122.24185, 37.81847 ], [ -122.24168, 37.81844 ], [ -122.24128, 37.81815 ], [ -122.23931, 37.81784 ], [ -122.23902, 37.81759 ], [ -122.23621, 37.81714 ], [ -122.23569, 37.81695 ], [ -122.23525, 37.81701 ], [ -122.23514, 37.81689 ], [ -122.23507, 37.81685 ], [ -122.2349, 37.81686 ], [ -122.23466, 37.8168 ], [ -122.23394, 37.81664 ], [ -122.2333, 37.81649 ], [ -122.233, 37.81611 ], [ -122.23201, 37.81433 ], [ -122.23814, 37.81512 ], [ -122.23903, 37.81428 ], [ -122.2411, 37.81276 ], [ -122.24228, 37.81156 ], [ -122.24329, 37.81106 ], [ -122.24607, 37.81011 ], [ -122.2465, 37.80984 ], [ -122.2486, 37.8105 ], [ -122.24801, 37.81151 ] ] ] } },
{ "type": "Feature", "properties": { "GEOID": "06001437600", "name": "Census Tract 4376", "pop": 3381, "pop_lowrel": 0, "hh": 868, "hh_lowrel": 0, "nocar": 55, "nocar_lowrel": 0, "nocar_pct": 6.3, "age65": 654, "age65_lowrel": 0, "age65_pct": 19.3, "disab": 351, "disab_lowrel": 0, "disab_pct": 10.9, "pov": 269, "pov_lowrel": 0, "pov_pct": 8.3, "lep": 220, "lep_lowrel": 0, "lep_pct": 25.3, "rent": 355, "rent_lowrel": 0, "rent_pct": 40.9, "income": 106528 }, "geometry": { "type": "Polygon", "coordinates": [ [ [ -122.08709, 37.63667 ], [ -122.08432, 37.63694 ], [ -122.08364, 37.63695 ], [ -122.08351, 37.63959 ], [ -122.08122, 37.63964 ], [ -122.08123, 37.64084 ], [ -122.07847, 37.64094 ], [ -122.07588, 37.63646 ], [ -122.07432, 37.63218 ], [ -122.07324, 37.63142 ], [ -122.07446, 37.63134 ], [ -122.07753, 37.6314 ], [ -122.08451, 37.63156 ], [ -122.0879, 37.63633 ], [ -122.08709, 37.63667 ] ] ] } },
{ "type": "Feature", "properties": { "GEOID": "06001433900", "name": "Census Tract 4339", "pop": 6482, "pop_lowrel": 0, "hh": 2278, "hh_lowrel": 0, "nocar": 291, "nocar_lowrel": 0, "nocar_pct": 12.8, "age65": 360, "age65_lowrel": 0, "age65_pct": 5.6, "disab": 725, "disab_lowrel": 0, "disab_pct": 11.2, "pov": 1086, "pov_lowrel": 0, "pov_pct": 16.8, "lep": 441, "lep_lowrel": 0, "lep_pct": 19.4, "rent": 1873, "rent_lowrel": 0, "rent_pct": 82.2, "income": 80854 }, "geometry": { "type": "Polygon", "coordinates": [ [ [ -122.12091, 37.69998 ], [ -122.11723, 37.70356 ], [ -122.11665, 37.7053 ], [ -122.10947, 37.70095 ], [ -122.10836, 37.70009 ], [ -122.10622, 37.69782 ], [ -122.10681, 37.69729 ], [ -122.11187, 37.69362 ], [ -122.11359, 37.69484 ], [ -122.11535, 37.69608 ], [ -122.11709, 37.69729 ], [ -122.11887, 37.69854 ], [ -122.12091, 37.69998 ] ] ] } },
{ "type": "Feature", "properties": { "GEOID": "06001422100", "name": "Census Tract 4221", "pop": 3027, "pop_lowrel": 0, "hh": 1370, "hh_lowrel": 0, "nocar": 74, "nocar_lowrel": 1, "nocar_pct": 5.4, "age65": 618, "age65_lowrel": 0, "age65_pct": 20.4, "disab": 429, "disab_lowrel": 0, "disab_pct": 14.2, "pov": 210, "pov_lowrel": 0, "pov_pct": 7.0, "lep": 10, "lep_lowrel": 1, "lep_pct": 0.7, "rent": 600, "rent_lowrel": 0, "rent_pct": 43.8, "income": 139250 }, "geometry": { "type": "Polygon", "coordinates": [ [ [ -122.30085, 37.87757 ], [ -122.29535, 37.87868 ], [ -122.29422, 37.87517 ], [ -122.29365, 37.87345 ], [ -122.29223, 37.86904 ], [ -122.29775, 37.86794 ], [ -122.29972, 37.87408 ], [ -122.30085, 37.87757 ] ] ] } },
{ "type": "Feature", "properties": { "GEOID": "06001436800", "name": "Census Tract 4368", "pop": 4052, "pop_lowrel": 0, "hh": 1281, "hh_lowrel": 0, "nocar": 29, "nocar_lowrel": 1, "nocar_pct": 2.3, "age65": 466, "age65_lowrel": 0, "age65_pct": 11.5, "disab": 500, "disab_lowrel": 0, "disab_pct": 12.3, "pov": 616, "pov_lowrel": 0, "pov_pct": 15.2, "lep": 129, "lep_lowrel": 0, "lep_pct": 10.1, "rent": 547, "rent_lowrel": 0, "rent_pct": 42.7, "income": 100163 }, "geometry": { "type": "Polygon", "coordinates": [ [ [ -122.09814, 37.65777 ], [ -122.09691, 37.65823 ], [ -122.0926, 37.65989 ], [ -122.08797, 37.6559 ], [ -122.08958, 37.65296 ], [ -122.09147, 37.64954 ], [ -122.09256, 37.6472 ], [ -122.09389, 37.6448 ], [ -122.09809, 37.65074 ], [ -122.10161, 37.65642 ], [ -122.09814, 37.65777 ] ] ] } },
{ "type": "Feature", "properties": { "GEOID": "06001401500", "name": "Census Tract 4015", "pop": 2739, "pop_lowrel": 0, "hh": 1233, "hh_lowrel": 0, "nocar": 448, "nocar_lowrel": 0, "nocar_pct": 36.3, "age65": 283, "age65_lowrel": 0, "age65_pct": 10.3, "disab": 599, "disab_lowrel": 0, "disab_pct": 21.9, "pov": 612, "pov_lowrel": 0, "pov_pct": 22.6, "lep": 133, "lep_lowrel": 0, "lep_pct": 10.8, "rent": 798, "rent_lowrel": 0, "rent_pct": 64.7, "income": 78598 }, "geometry": { "type": "Polygon", "coordinates": [ [ [ -122.28494, 37.82277 ], [ -122.28364, 37.82441 ], [ -122.28095, 37.82769 ], [ -122.27871, 37.82715 ], [ -122.27861, 37.82688 ], [ -122.27792, 37.82462 ], [ -122.27737, 37.82293 ], [ -122.2767, 37.82088 ], [ -122.27625, 37.81948 ], [ -122.27605, 37.81887 ], [ -122.28623, 37.82116 ], [ -122.28494, 37.82277 ] ] ] } },
{ "type": "Feature", "properties": { "GEOID": "06001402400", "name": "Census Tract 4024", "pop": 2666, "pop_lowrel": 0, "hh": 1252, "hh_lowrel": 0, "nocar": 403, "nocar_lowrel": 0, "nocar_pct": 32.2, "age65": 442, "age65_lowrel": 0, "age65_pct": 16.6, "disab": 530, "disab_lowrel": 0, "disab_pct": 20.0, "pov": 447, "pov_lowrel": 0, "pov_pct": 16.9, "lep": 180, "lep_lowrel": 0, "lep_pct": 14.4, "rent": 876, "rent_lowrel": 0, "rent_pct": 70.0, "income": 40741 }, "geometry": { "type": "Polygon", "coordinates": [ [ [ -122.28519, 37.8124 ], [ -122.28402, 37.81562 ], [ -122.28024, 37.81478 ], [ -122.27868, 37.81457 ], [ -122.27992, 37.81118 ], [ -122.28096, 37.8083 ], [ -122.28148, 37.80857 ], [ -122.28621, 37.80961 ], [ -122.28519, 37.8124 ] ] ] } },
{ "type": "Feature", "properties": { "GEOID": "06001401600", "name": "Census Tract 4016", "pop": 2668, "pop_lowrel": 0, "hh": 999, "hh_lowrel": 0, "nocar": 103, "nocar_lowrel": 0, "nocar_pct": 10.3, "age65": 172, "age65_lowrel": 0, "age65_pct": 6.4, "disab": 249, "disab_lowrel": 0, "disab_pct": 9.3, "pov": 386, "pov_lowrel": 0, "pov_pct": 14.5, "lep": 80, "lep_lowrel": 1, "lep_pct": 8.0, "rent": 603, "rent_lowrel": 0, "rent_pct": 60.4, "income": 174414 }, "geometry": { "type": "Polygon", "coordinates": [ [ [ -122.28843, 37.81831 ], [ -122.28623, 37.82116 ], [ -122.27605, 37.81887 ], [ -122.27527, 37.81645 ], [ -122.27412, 37.81283 ], [ -122.27586, 37.81347 ], [ -122.27868, 37.81457 ], [ -122.28024, 37.81478 ], [ -122.28402, 37.81562 ], [ -122.28967, 37.817 ], [ -122.28843, 37.81831 ] ] ] } },
{ "type": "Feature", "properties": { "GEOID": "06001438400", "name": "Census Tract 4384", "pop": 2600, "pop_lowrel": 0, "hh": 733, "hh_lowrel": 0, "nocar": 114, "nocar_lowrel": 0, "nocar_pct": 15.6, "age65": 655, "age65_lowrel": 0, "age65_pct": 25.2, "disab": 489, "disab_lowrel": 0, "disab_pct": 18.8, "pov": 85, "pov_lowrel": 0, "pov_pct": 3.3, "lep": 108, "lep_lowrel": 0, "lep_pct": 14.7, "rent": 115, "rent_lowrel": 0, "rent_pct": 15.7, "income": 105987 }, "geometry": { "type": "Polygon", "coordinates": [ [ [ -122.09135, 37.62507 ], [ -122.08906, 37.62595 ], [ -122.08817, 37.62453 ], [ -122.08265, 37.62473 ], [ -122.08032, 37.62465 ], [ -122.07967, 37.62474 ], [ -122.07454, 37.61758 ], [ -122.07245, 37.61466 ], [ -122.07145, 37.61328 ], [ -122.07166, 37.61328 ], [ -122.07793, 37.61348 ], [ -122.08026, 37.61153 ], [ -122.08391, 37.60987 ], [ -122.08411, 37.61021 ], [ -122.08844, 37.61728 ], [ -122.09045, 37.62056 ], [ -122.09286, 37.62448 ], [ -122.09135, 37.62507 ] ] ] } },
{ "type": "Feature", "properties": { "GEOID": "06001420200", "name": "Census Tract 4202", "pop": 3131, "pop_lowrel": 0, "hh": 1248, "hh_lowrel": 0, "nocar": 65, "nocar_lowrel": 0, "nocar_pct": 5.2, "age65": 452, "age65_lowrel": 0, "age65_pct": 14.4, "disab": 210, "disab_lowrel": 0, "disab_pct": 6.7, "pov": 203, "pov_lowrel": 0, "pov_pct": 6.5, "lep": 104, "lep_lowrel": 0, "lep_pct": 8.3, "rent": 675, "rent_lowrel": 0, "rent_pct": 54.1, "income": 164063 }, "geometry": { "type": "Polygon", "coordinates": [ [ [ -122.30144, 37.89816 ], [ -122.29965, 37.8981 ], [ -122.29621, 37.89892 ], [ -122.2957, 37.89776 ], [ -122.29339, 37.89057 ], [ -122.29626, 37.8904 ], [ -122.29905, 37.89026 ], [ -122.30059, 37.89504 ], [ -122.3009, 37.89602 ], [ -122.30158, 37.89823 ], [ -122.30144, 37.89816 ] ] ] } },
{ "type": "Feature", "properties": { "GEOID": "06001423800", "name": "Census Tract 4238", "pop": 3397, "pop_lowrel": 0, "hh": 1431, "hh_lowrel": 0, "nocar": 112, "nocar_lowrel": 0, "nocar_pct": 7.8, "age65": 952, "age65_lowrel": 0, "age65_pct": 28.0, "disab": 297, "disab_lowrel": 0, "disab_pct": 8.7, "pov": 276, "pov_lowrel": 0, "pov_pct": 8.1, "lep": 0, "lep_lowrel": 0, "lep_pct": 0.0, "rent": 407, "rent_lowrel": 0, "rent_pct": 28.4, "income": 184871 }, "geometry": { "type": "Polygon", "coordinates": [ [ [ -122.25335, 37.85383 ], [ -122.2531, 37.85709 ], [ -122.2523, 37.85741 ], [ -122.24539, 37.85809 ], [ -122.24388, 37.85812 ], [ -122.24235, 37.85761 ], [ -122.24161, 37.85707 ], [ -122.24079, 37.85743 ], [ -122.23812, 37.85755 ], [ -122.23476, 37.85779 ], [ -122.23431, 37.85361 ], [ -122.23419, 37.85254 ], [ -122.24191, 37.85191 ], [ -122.24399, 37.85178 ], [ -122.24478, 37.85173 ], [ -122.25096, 37.85116 ], [ -122.2525, 37.85083 ], [ -122.25331, 37.85347 ], [ -122.25335, 37.85383 ] ] ] } },
{ "type": "Feature", "properties": { "GEOID": "06001423100", "name": "Census Tract 4231", "pop": 4286, "pop_lowrel": 0, "hh": 2066, "hh_lowrel": 0, "nocar": 578, "nocar_lowrel": 0, "nocar_pct": 28.0, "age65": 1033, "age65_lowrel": 0, "age65_pct": 24.1, "disab": 1000, "disab_lowrel": 0, "disab_pct": 23.4, "pov": 877, "pov_lowrel": 0, "pov_pct": 20.9, "lep": 106, "lep_lowrel": 1, "lep_pct": 5.1, "rent": 1242, "rent_lowrel": 0, "rent_pct": 60.1, "income": 54787 }, "geometry": { "type": "Polygon", "coordinates": [ [ [ -122.29223, 37.86904 ], [ -122.28805, 37.86959 ], [ -122.28204, 37.87035 ], [ -122.28178, 37.86738 ], [ -122.28162, 37.86582 ], [ -122.28144, 37.86401 ], [ -122.28123, 37.86221 ], [ -122.28965, 37.8611 ], [ -122.29021, 37.86286 ], [ -122.29078, 37.86463 ], [ -122.29135, 37.86639 ], [ -122.29223, 37.86904 ] ] ] } },
{ "type": "Feature", "properties": { "GEOID": "06001401000", "name": "Census Tract 4010", "pop": 6361, "pop_lowrel": 0, "hh": 2461, "hh_lowrel": 0, "nocar": 457, "nocar_lowrel": 0, "nocar_pct": 18.6, "age65": 574, "age65_lowrel": 0, "age65_pct": 9.0, "disab": 775, "disab_lowrel": 0, "disab_pct": 12.2, "pov": 1089, "pov_lowrel": 0, "pov_pct": 17.1, "lep": 183, "lep_lowrel": 1, "lep_pct": 7.4, "rent": 1568, "rent_lowrel": 0, "rent_pct": 63.7, "income": 136728 }, "geometry": { "type": "Polygon", "coordinates": [ [ [ -122.27871, 37.82715 ], [ -122.27792, 37.82711 ], [ -122.27834, 37.82852 ], [ -122.27756, 37.83128 ], [ -122.2772, 37.83222 ], [ -122.27641, 37.83428 ], [ -122.2759, 37.83566 ], [ -122.27564, 37.83645 ], [ -122.27464, 37.83641 ], [ -122.26665, 37.83748 ], [ -122.26563, 37.83764 ], [ -122.26649, 37.8334 ], [ -122.2669, 37.83134 ], [ -122.26783, 37.82704 ], [ -122.26856, 37.82446 ], [ -122.27861, 37.82688 ], [ -122.27871, 37.82715 ] ] ] } },
{ "type": "Feature", "properties": { "GEOID": "06001441923", "name": "Census Tract 4419.23", "pop": 5915, "pop_lowrel": 0, "hh": 2472, "hh_lowrel": 0, "nocar": 390, "nocar_lowrel": 0, "nocar_pct": 15.8, "age65": 573, "age65_lowrel": 0, "age65_pct": 9.7, "disab": 488, "disab_lowrel": 0, "disab_pct": 8.6, "pov": 386, "pov_lowrel": 0, "pov_pct": 6.8, "lep": 391, "lep_lowrel": 0, "lep_pct": 15.8, "rent": 2303, "rent_lowrel": 0, "rent_pct": 93.2, "income": 130725 }, "geometry": { "type": "Polygon", "coordinates": [ [ [ -121.99337, 37.54688 ], [ -121.99083, 37.54982 ], [ -121.99253, 37.55066 ], [ -121.99138, 37.55206 ], [ -121.98849, 37.55541 ], [ -121.98722, 37.55679 ], [ -121.98381, 37.5581 ], [ -121.98247, 37.55973 ], [ -121.98029, 37.55863 ], [ -121.98165, 37.557 ], [ -121.97604, 37.55411 ], [ -121.97773, 37.55192 ], [ -121.98259, 37.54556 ], [ -121.98494, 37.54276 ], [ -121.98546, 37.54263 ], [ -121.99101, 37.54552 ], [ -121.99337, 37.54688 ] ] ] } },
{ "type": "Feature", "properties": { "GEOID": "06001444200", "name": "Census Tract 4442", "pop": 6185, "pop_lowrel": 0, "hh": 1982, "hh_lowrel": 0, "nocar": 11, "nocar_lowrel": 1, "nocar_pct": 0.6, "age65": 594, "age65_lowrel": 0, "age65_pct": 9.6, "disab": 652, "disab_lowrel": 0, "disab_pct": 10.5, "pov": 355, "pov_lowrel": 0, "pov_pct": 5.7, "lep": 205, "lep_lowrel": 0, "lep_pct": 10.3, "rent": 608, "rent_lowrel": 0, "rent_pct": 30.7, "income": 133646 }, "geometry": { "type": "Polygon", "coordinates": [ [ [ -122.05518, 37.54945 ], [ -122.05208, 37.55174 ], [ -122.04313, 37.5473 ], [ -122.04086, 37.54581 ], [ -122.0363, 37.54375 ], [ -122.03404, 37.54044 ], [ -122.03366, 37.53974 ], [ -122.03493, 37.53983 ], [ -122.04028, 37.53632 ], [ -122.04466, 37.5333 ], [ -122.05276, 37.54006 ], [ -122.05351, 37.54147 ], [ -122.05419, 37.54469 ], [ -122.05518, 37.54945 ] ] ] } },
{ "type": "Feature", "properties": { "GEOID": "06001428302", "name": "Census Tract 4283.02", "pop": 6812, "pop_lowrel": 0, "hh": 2539, "hh_lowrel": 0, "nocar": 13, "nocar_lowrel": 1, "nocar_pct": 0.5, "age65": 1729, "age65_lowrel": 0, "age65_pct": 25.4, "disab": 443, "disab_lowrel": 0, "disab_pct": 6.6, "pov": 258, "pov_lowrel": 1, "pov_pct": 3.8, "lep": 67, "lep_lowrel": 1, "lep_pct": 2.6, "rent": 400, "rent_lowrel": 0, "rent_pct": 15.8, "income": 192198 }, "geometry": { "type": "Polygon", "coordinates": [ [ [ -122.26168, 37.74337 ], [ -122.25223, 37.74762 ], [ -122.24849, 37.74899 ], [ -122.23641, 37.74855 ], [ -122.23573, 37.7469 ], [ -122.23768, 37.74318 ], [ -122.23784, 37.74149 ], [ -122.23874, 37.73771 ], [ -122.23904, 37.73668 ], [ -122.23995, 37.73553 ], [ -122.2434, 37.73634 ], [ -122.24566, 37.73689 ], [ -122.24722, 37.73704 ], [ -122.24874, 37.73718 ], [ -122.25208, 37.73792 ], [ -122.25877, 37.73788 ], [ -122.26097, 37.73961 ], [ -122.26168, 37.74337 ] ] ] } },
{ "type": "Feature", "properties": { "GEOID": "06001409300", "name": "Census Tract 4093", "pop": 5832, "pop_lowrel": 0, "hh": 1705, "hh_lowrel": 0, "nocar": 246, "nocar_lowrel": 0, "nocar_pct": 14.4, "age65": 358, "age65_lowrel": 0, "age65_pct": 6.1, "disab": 441, "disab_lowrel": 0, "disab_pct": 7.6, "pov": 1057, "pov_lowrel": 0, "pov_pct": 18.1, "lep": 218, "lep_lowrel": 0, "lep_pct": 12.8, "rent": 1026, "rent_lowrel": 0, "rent_pct": 60.2, "income": 68859 }, "geometry": { "type": "Polygon", "coordinates": [ [ [ -122.18156, 37.73783 ], [ -122.17695, 37.74136 ], [ -122.17479, 37.74239 ], [ -122.1739, 37.74281 ], [ -122.17049, 37.74447 ], [ -122.16921, 37.74276 ], [ -122.16752, 37.74047 ], [ -122.16547, 37.73769 ], [ -122.17156, 37.735 ], [ -122.16977, 37.73221 ], [ -122.1701, 37.73206 ], [ -122.1705, 37.73187 ], [ -122.17404, 37.73119 ], [ -122.1773, 37.73403 ], [ -122.17978, 37.73627 ], [ -122.18156, 37.73783 ] ] ] } },
{ "type": "Feature", "properties": { "GEOID": "06001402200", "name": "Census Tract 4022", "pop": 2775, "pop_lowrel": 0, "hh": 1050, "hh_lowrel": 0, "nocar": 143, "nocar_lowrel": 0, "nocar_pct": 13.6, "age65": 315, "age65_lowrel": 0, "age65_pct": 11.4, "disab": 425, "disab_lowrel": 0, "disab_pct": 15.4, "pov": 481, "pov_lowrel": 0, "pov_pct": 17.5, "lep": 48, "lep_lowrel": 1, "lep_pct": 4.6, "rent": 706, "rent_lowrel": 0, "rent_pct": 67.2, "income": 125351 }, "geometry": { "type": "Polygon", "coordinates": [ [ [ -122.30482, 37.80757 ], [ -122.30245, 37.80698 ], [ -122.29826, 37.80609 ], [ -122.29667, 37.80809 ], [ -122.2964, 37.80845 ], [ -122.29399, 37.81141 ], [ -122.28967, 37.81684 ], [ -122.2898, 37.81616 ], [ -122.29308, 37.80691 ], [ -122.29332, 37.80608 ], [ -122.29369, 37.80508 ], [ -122.29039, 37.80437 ], [ -122.2911, 37.80253 ], [ -122.29686, 37.80192 ], [ -122.30039, 37.80266 ], [ -122.30334, 37.80468 ], [ -122.30482, 37.80757 ] ] ] } },
{ "type": "Feature", "properties": { "GEOID": "06001430300", "name": "Census Tract 4303", "pop": 4028, "pop_lowrel": 0, "hh": 1277, "hh_lowrel": 0, "nocar": 34, "nocar_lowrel": 1, "nocar_pct": 2.7, "age65": 843, "age65_lowrel": 0, "age65_pct": 20.9, "disab": 400, "disab_lowrel": 0, "disab_pct": 9.9, "pov": 158, "pov_lowrel": 1, "pov_pct": 3.9, "lep": 106, "lep_lowrel": 0, "lep_pct": 8.3, "rent": 179, "rent_lowrel": 0, "rent_pct": 14.0, "income": 175772 }, "geometry": { "type": "Polygon", "coordinates": [ [ [ -122.0957, 37.73033 ], [ -122.0916, 37.72951 ], [ -122.08869, 37.7302 ], [ -122.08573, 37.72849 ], [ -122.08558, 37.72546 ], [ -122.08235, 37.72454 ], [ -122.07976, 37.72483 ], [ -122.07865, 37.72339 ], [ -122.07526, 37.72074 ], [ -122.07379, 37.71875 ], [ -122.07373, 37.71674 ], [ -122.07384, 37.71399 ], [ -122.07394, 37.71087 ], [ -122.07403, 37.7096 ], [ -122.0825, 37.71042 ], [ -122.08418, 37.71037 ], [ -122.08876, 37.71025 ], [ -122.08952, 37.71587 ], [ -122.08877, 37.71748 ], [ -122.08951, 37.72134 ], [ -122.0904, 37.72156 ], [ -122.09353, 37.72517 ], [ -122.09457, 37.72813 ], [ -122.09692, 37.72778 ], [ -122.0957, 37.73033 ] ] ] } },
{ "type": "Feature", "properties": { "GEOID": "06001441200", "name": "Census Tract 4412", "pop": 7569, "pop_lowrel": 0, "hh": 2558, "hh_lowrel": 0, "nocar": 0, "nocar_lowrel": 0, "nocar_pct": 0.0, "age65": 1019, "age65_lowrel": 0, "age65_pct": 13.5, "disab": 387, "disab_lowrel": 0, "disab_pct": 5.1, "pov": 232, "pov_lowrel": 0, "pov_pct": 3.1, "lep": 35, "lep_lowrel": 1, "lep_pct": 1.4, "rent": 852, "rent_lowrel": 0, "rent_pct": 33.3, "income": 175000 }, "geometry": { "type": "Polygon", "coordinates": [ [ [ -122.00697, 37.58293 ], [ -122.00587, 37.58648 ], [ -122.00571, 37.5864 ], [ -122.0035, 37.58805 ], [ -122.00128, 37.58952 ], [ -121.99119, 37.58119 ], [ -121.99033, 37.58069 ], [ -121.98657, 37.57959 ], [ -121.97775, 37.57887 ], [ -121.97478, 37.57829 ], [ -121.97153, 37.57658 ], [ -121.9689, 37.57377 ], [ -121.96981, 37.5731 ], [ -121.9707, 37.5726 ], [ -121.97112, 37.5724 ], [ -121.98412, 37.568 ], [ -121.98706, 37.56803 ], [ -121.98837, 37.56883 ], [ -121.99127, 37.57108 ], [ -121.99744, 37.5758 ], [ -122.00626, 37.58262 ], [ -122.00703, 37.58275 ], [ -122.00697, 37.58293 ] ] ] } },
{ "type": "Feature", "properties": { "GEOID": "06001404101", "name": "Census Tract 4041.01", "pop": 3267, "pop_lowrel": 0, "hh": 1768, "hh_lowrel": 0, "nocar": 183, "nocar_lowrel": 0, "nocar_pct": 10.4, "age65": 723, "age65_lowrel": 0, "age65_pct": 22.1, "disab": 361, "disab_lowrel": 0, "disab_pct": 11.1, "pov": 212, "pov_lowrel": 0, "pov_pct": 6.5, "lep": 11, "lep_lowrel": 1, "lep_pct": 0.6, "rent": 1101, "rent_lowrel": 0, "rent_pct": 62.3, "income": 125729 }, "geometry": { "type": "Polygon", "coordinates": [ [ [ -122.2562, 37.82848 ], [ -122.2553, 37.82991 ], [ -122.25509, 37.83024 ], [ -122.25445, 37.83125 ], [ -122.25323, 37.83319 ], [ -122.25241, 37.83454 ], [ -122.25052, 37.83367 ], [ -122.24874, 37.83171 ], [ -122.2467, 37.83327 ], [ -122.24329, 37.83006 ], [ -122.24336, 37.82983 ], [ -122.24548, 37.82754 ], [ -122.24768, 37.82624 ], [ -122.2476, 37.82676 ], [ -122.24935, 37.8287 ], [ -122.2512, 37.8273 ], [ -122.25245, 37.82637 ], [ -122.2561, 37.82845 ], [ -122.2562, 37.82848 ] ] ] } },
{ "type": "Feature", "properties": { "GEOID": "06001405402", "name": "Census Tract 4054.02", "pop": 3212, "pop_lowrel": 0, "hh": 1257, "hh_lowrel": 0, "nocar": 252, "nocar_lowrel": 0, "nocar_pct": 20.0, "age65": 434, "age65_lowrel": 0, "age65_pct": 13.5, "disab": 340, "disab_lowrel": 0, "disab_pct": 10.9, "pov": 687, "pov_lowrel": 0, "pov_pct": 21.9, "lep": 304, "lep_lowrel": 0, "lep_pct": 24.2, "rent": 1114, "rent_lowrel": 0, "rent_pct": 88.6, "income": 38552 }, "geometry": { "type": "Polygon", "coordinates": [ [ [ -122.2487, 37.79413 ], [ -122.24682, 37.79548 ], [ -122.245, 37.79676 ], [ -122.24335, 37.79529 ], [ -122.24169, 37.79382 ], [ -122.24262, 37.79316 ], [ -122.24351, 37.79253 ], [ -122.24717, 37.78991 ], [ -122.24801, 37.79063 ], [ -122.25052, 37.79283 ], [ -122.2487, 37.79413 ] ] ] } },
{ "type": "Feature", "properties": { "GEOID": "06001433103", "name": "Census Tract 4331.03", "pop": 3667, "pop_lowrel": 0, "hh": 1462, "hh_lowrel": 0, "nocar": 155, "nocar_lowrel": 0, "nocar_pct": 10.6, "age65": 643, "age65_lowrel": 0, "age65_pct": 17.5, "disab": 480, "disab_lowrel": 0, "disab_pct": 13.1, "pov": 502, "pov_lowrel": 0, "pov_pct": 13.7, "lep": 291, "lep_lowrel": 0, "lep_pct": 19.9, "rent": 1172, "rent_lowrel": 0, "rent_pct": 80.2, "income": 78081 }, "geometry": { "type": "Polygon", "coordinates": [ [ [ -122.14679, 37.70787 ], [ -122.14003, 37.71339 ], [ -122.13975, 37.7132 ], [ -122.1386, 37.71424 ], [ -122.13721, 37.71332 ], [ -122.13217, 37.7098 ], [ -122.13093, 37.70884 ], [ -122.13045, 37.70827 ], [ -122.1301, 37.70727 ], [ -122.13009, 37.70641 ], [ -122.13144, 37.70735 ], [ -122.13423, 37.7093 ], [ -122.13431, 37.70922 ], [ -122.13455, 37.70901 ], [ -122.13466, 37.7089 ], [ -122.13885, 37.7052 ], [ -122.14189, 37.7073 ], [ -122.14408, 37.70621 ], [ -122.14238, 37.70354 ], [ -122.14715, 37.7077 ], [ -122.14679, 37.70787 ] ] ] } },
{ "type": "Feature", "properties": { "GEOID": "06001437701", "name": "Census Tract 4377.01", "pop": 3638, "pop_lowrel": 0, "hh": 1063, "hh_lowrel": 0, "nocar": 42, "nocar_lowrel": 1, "nocar_pct": 4.0, "age65": 314, "age65_lowrel": 0, "age65_pct": 8.6, "disab": 271, "disab_lowrel": 0, "disab_pct": 7.4, "pov": 444, "pov_lowrel": 0, "pov_pct": 12.2, "lep": 112, "lep_lowrel": 1, "lep_pct": 10.5, "rent": 702, "rent_lowrel": 0, "rent_pct": 66.0, "income": 79913 }, "geometry": { "type": "Polygon", "coordinates": [ [ [ -122.07473, 37.63671 ], [ -122.07233, 37.6346 ], [ -122.07211, 37.63433 ], [ -122.06899, 37.63592 ], [ -122.0717, 37.63828 ], [ -122.07162, 37.63832 ], [ -122.06954, 37.6395 ], [ -122.07247, 37.64209 ], [ -122.0723, 37.64217 ], [ -122.07192, 37.64184 ], [ -122.06334, 37.63434 ], [ -122.0636, 37.63423 ], [ -122.06505, 37.63358 ], [ -122.06909, 37.63179 ], [ -122.07168, 37.63155 ], [ -122.07324, 37.63142 ], [ -122.07432, 37.63218 ], [ -122.07588, 37.63646 ], [ -122.07473, 37.63671 ] ] ] } },
{ "type": "Feature", "properties": { "GEOID": "06001442301", "name": "Census Tract 4423.01", "pop": 4940, "pop_lowrel": 0, "hh": 1588, "hh_lowrel": 0, "nocar": 68, "nocar_lowrel": 0, "nocar_pct": 4.3, "age65": 517, "age65_lowrel": 0, "age65_pct": 10.5, "disab": 347, "disab_lowrel": 0, "disab_pct": 7.0, "pov": 203, "pov_lowrel": 0, "pov_pct": 4.1, "lep": 152, "lep_lowrel": 0, "lep_pct": 9.6, "rent": 899, "rent_lowrel": 0, "rent_pct": 56.6, "income": 146623 }, "geometry": { "type": "Polygon", "coordinates": [ [ [ -121.9701, 37.53047 ], [ -121.96894, 37.53207 ], [ -121.96647, 37.53076 ], [ -121.96326, 37.53073 ], [ -121.96359, 37.53298 ], [ -121.95911, 37.53287 ], [ -121.95791, 37.53263 ], [ -121.95469, 37.53301 ], [ -121.954, 37.53311 ], [ -121.95363, 37.52922 ], [ -121.95163, 37.5249 ], [ -121.95296, 37.52442 ], [ -121.9576, 37.52392 ], [ -121.969, 37.52248 ], [ -121.96909, 37.52285 ], [ -121.96982, 37.52788 ], [ -121.9701, 37.53047 ] ] ] } },
{ "type": "Feature", "properties": { "GEOID": "06001450501", "name": "Census Tract 4505.01", "pop": 3174, "pop_lowrel": 0, "hh": 1242, "hh_lowrel": 0, "nocar": 12, "nocar_lowrel": 1, "nocar_pct": 1.0, "age65": 458, "age65_lowrel": 0, "age65_pct": 14.4, "disab": 166, "disab_lowrel": 0, "disab_pct": 5.2, "pov": 145, "pov_lowrel": 1, "pov_pct": 4.6, "lep": 36, "lep_lowrel": 1, "lep_pct": 2.9, "rent": 232, "rent_lowrel": 0, "rent_pct": 18.7, "income": 175000 }, "geometry": { "type": "Polygon", "coordinates": [ [ [ -121.94737, 37.71197 ], [ -121.94526, 37.71323 ], [ -121.93948, 37.71388 ], [ -121.93871, 37.71137 ], [ -121.93772, 37.70926 ], [ -121.93731, 37.70839 ], [ -121.93579, 37.70209 ], [ -121.944, 37.69978 ], [ -121.94455, 37.70026 ], [ -121.94574, 37.70228 ], [ -121.94597, 37.70356 ], [ -121.94609, 37.70459 ], [ -121.94629, 37.70782 ], [ -121.94811, 37.71049 ], [ -121.94737, 37.71197 ] ] ] } },
{ "type": "Feature", "properties": { "GEOID": "06001405301", "name": "Census Tract 4053.01", "pop": 2979, "pop_lowrel": 0, "hh": 1542, "hh_lowrel": 0, "nocar": 339, "nocar_lowrel": 0, "nocar_pct": 22.0, "age65": 246, "age65_lowrel": 0, "age65_pct": 8.3, "disab": 292, "disab_lowrel": 0, "disab_pct": 10.0, "pov": 359, "pov_lowrel": 0, "pov_pct": 12.1, "lep": 74, "lep_lowrel": 1, "lep_pct": 4.8, "rent": 1438, "rent_lowrel": 0, "rent_pct": 93.3, "income": 110913 }, "geometry": { "type": "Polygon", "coordinates": [ [ [ -122.25447, 37.80184 ], [ -122.25407, 37.80252 ], [ -122.25345, 37.80361 ], [ -122.2506, 37.80524 ], [ -122.24932, 37.80482 ], [ -122.24901, 37.80301 ], [ -122.24841, 37.80044 ], [ -122.24898, 37.80032 ], [ -122.25054, 37.80014 ], [ -122.25102, 37.79918 ], [ -122.25193, 37.79973 ], [ -122.25451, 37.80056 ], [ -122.25447, 37.80184 ] ] ] } },
{ "type": "Feature", "properties": { "GEOID": "06001442601", "name": "Census Tract 4426.01", "pop": 3773, "pop_lowrel": 0, "hh": 1262, "hh_lowrel": 0, "nocar": 96, "nocar_lowrel": 1, "nocar_pct": 7.6, "age65": 608, "age65_lowrel": 0, "age65_pct": 16.1, "disab": 237, "disab_lowrel": 0, "disab_pct": 6.3, "pov": 71, "pov_lowrel": 0, "pov_pct": 1.9, "lep": 198, "lep_lowrel": 0, "lep_pct": 15.7, "rent": 398, "rent_lowrel": 0, "rent_pct": 31.5, "income": 137051 }, "geometry": { "type": "Polygon", "coordinates": [ [ [ -122.00308, 37.54273 ], [ -122.00277, 37.54455 ], [ -122.00109, 37.54667 ], [ -121.99626, 37.55261 ], [ -121.99253, 37.55066 ], [ -121.99083, 37.54982 ], [ -121.99337, 37.54688 ], [ -121.99101, 37.54552 ], [ -121.99328, 37.54274 ], [ -121.99852, 37.53637 ], [ -122.00534, 37.53989 ], [ -122.00308, 37.54273 ] ] ] } },
{ "type": "Feature", "properties": { "GEOID": "06001403501", "name": "Census Tract 4035.01", "pop": 6063, "pop_lowrel": 0, "hh": 3362, "hh_lowrel": 0, "nocar": 1037, "nocar_lowrel": 0, "nocar_pct": 30.8, "age65": 1122, "age65_lowrel": 0, "age65_pct": 18.5, "disab": 898, "disab_lowrel": 0, "disab_pct": 14.8, "pov": 1306, "pov_lowrel": 0, "pov_pct": 21.5, "lep": 464, "lep_lowrel": 0, "lep_pct": 13.8, "rent": 2727, "rent_lowrel": 0, "rent_pct": 81.1, "income": 127997 }, "geometry": { "type": "Polygon", "coordinates": [ [ [ -122.26677, 37.81155 ], [ -122.26308, 37.81745 ], [ -122.26001, 37.82242 ], [ -122.25868, 37.82451 ], [ -122.25495, 37.82208 ], [ -122.25457, 37.82153 ], [ -122.25448, 37.81962 ], [ -122.25368, 37.819 ], [ -122.25415, 37.81865 ], [ -122.25513, 37.81901 ], [ -122.25866, 37.81609 ], [ -122.25904, 37.81532 ], [ -122.26003, 37.81452 ], [ -122.2615, 37.81303 ], [ -122.26246, 37.81094 ], [ -122.26542, 37.81147 ], [ -122.26677, 37.81155 ] ] ] } },
{ "type": "Feature", "properties": { "GEOID": "06001425101", "name": "Census Tract 4251.01", "pop": 1601, "pop_lowrel": 0, "hh": 1260, "hh_lowrel": 0, "nocar": 108, "nocar_lowrel": 0, "nocar_pct": 8.6, "age65": 480, "age65_lowrel": 0, "age65_pct": 30.0, "disab": 240, "disab_lowrel": 0, "disab_pct": 15.0, "pov": 57, "pov_lowrel": 1, "pov_pct": 3.6, "lep": 107, "lep_lowrel": 1, "lep_pct": 8.5, "rent": 704, "rent_lowrel": 0, "rent_pct": 55.9, "income": 95435 }, "geometry": { "type": "Polygon", "coordinates": [ [ [ -122.31419, 37.84231 ], [ -122.29923, 37.84048 ], [ -122.30095, 37.84574 ], [ -122.30113, 37.8463 ], [ -122.30116, 37.84736 ], [ -122.29882, 37.84792 ], [ -122.29781, 37.8433 ], [ -122.29679, 37.838 ], [ -122.29556, 37.83507 ], [ -122.2933, 37.83149 ], [ -122.29339, 37.83067 ], [ -122.29447, 37.83056 ], [ -122.29712, 37.83122 ], [ -122.29804, 37.83635 ], [ -122.31591, 37.83681 ], [ -122.31419, 37.84231 ] ] ] } },
{ "type": "Feature", "properties": { "GEOID": "06001436404", "name": "Census Tract 4364.04", "pop": 3440, "pop_lowrel": 0, "hh": 1151, "hh_lowrel": 0, "nocar": 11, "nocar_lowrel": 1, "nocar_pct": 1.0, "age65": 599, "age65_lowrel": 0, "age65_pct": 17.4, "disab": 293, "disab_lowrel": 0, "disab_pct": 8.5, "pov": 107, "pov_lowrel": 0, "pov_pct": 3.1, "lep": 66, "lep_lowrel": 1, "lep_pct": 5.7, "rent": 187, "rent_lowrel": 0, "rent_pct": 16.2, "income": 158171 }, "geometry": { "type": "Polygon", "coordinates": [ [ [ -122.07117, 37.67365 ], [ -122.06646, 37.67489 ], [ -122.06693, 37.67604 ], [ -122.06448, 37.67661 ], [ -122.0654, 37.6769 ], [ -122.065, 37.67793 ], [ -122.06433, 37.67804 ], [ -122.0582, 37.67992 ], [ -122.05797, 37.67996 ], [ -122.05052, 37.67877 ], [ -122.04903, 37.67709 ], [ -122.05233, 37.674 ], [ -122.05459, 37.67367 ], [ -122.05576, 37.6734 ], [ -122.05613, 37.67108 ], [ -122.0543, 37.67084 ], [ -122.0525, 37.67017 ], [ -122.05181, 37.66853 ], [ -122.05538, 37.66776 ], [ -122.05815, 37.66697 ], [ -122.0593, 37.66634 ], [ -122.06023, 37.66753 ], [ -122.0659, 37.66872 ], [ -122.0649, 37.67166 ], [ -122.06699, 37.67237 ], [ -122.07282, 37.67305 ], [ -122.07117, 37.67365 ] ] ] } },
{ "type": "Feature", "properties": { "GEOID": "06001403402", "name": "Census Tract 4034.02", "pop": 998, "pop_lowrel": 0, "hh": 760, "hh_lowrel": 0, "nocar": 331, "nocar_lowrel": 0, "nocar_pct": 43.6, "age65": 85, "age65_lowrel": 1, "age65_pct": 8.5, "disab": 81, "disab_lowrel": 1, "disab_pct": 8.1, "pov": 52, "pov_lowrel": 1, "pov_pct": 5.2, "lep": 50, "lep_lowrel": 1, "lep_pct": 6.6, "rent": 760, "rent_lowrel": 0, "rent_pct": 100.0, "income": 103362 }, "geometry": { "type": "Polygon", "coordinates": [ [ [ -122.26646, 37.8025 ], [ -122.26478, 37.80512 ], [ -122.26358, 37.80466 ], [ -122.26526, 37.80202 ], [ -122.26407, 37.80157 ], [ -122.2629, 37.8011 ], [ -122.26375, 37.7997 ], [ -122.26731, 37.80108 ], [ -122.26646, 37.8025 ] ] ] } },
{ "type": "Feature", "properties": { "GEOID": "06001402801", "name": "Census Tract 4028.01", "pop": 2891, "pop_lowrel": 0, "hh": 1647, "hh_lowrel": 0, "nocar": 755, "nocar_lowrel": 0, "nocar_pct": 45.8, "age65": 508, "age65_lowrel": 0, "age65_pct": 17.6, "disab": 626, "disab_lowrel": 0, "disab_pct": 21.7, "pov": 658, "pov_lowrel": 0, "pov_pct": 22.8, "lep": 230, "lep_lowrel": 0, "lep_pct": 14.0, "rent": 1472, "rent_lowrel": 0, "rent_pct": 89.4, "income": 50469 }, "geometry": { "type": "Polygon", "coordinates": [ [ [ -122.27412, 37.81283 ], [ -122.27339, 37.81272 ], [ -122.26906, 37.81196 ], [ -122.26677, 37.81155 ], [ -122.27127, 37.80436 ], [ -122.27281, 37.80878 ], [ -122.273, 37.80945 ], [ -122.27335, 37.81046 ], [ -122.27366, 37.81147 ], [ -122.27412, 37.81283 ] ] ] } },
{ "type": "Feature", "properties": { "GEOID": "06001403301", "name": "Census Tract 4033.01", "pop": 1900, "pop_lowrel": 0, "hh": 867, "hh_lowrel": 0, "nocar": 344, "nocar_lowrel": 0, "nocar_pct": 39.7, "age65": 483, "age65_lowrel": 0, "age65_pct": 25.4, "disab": 391, "disab_lowrel": 0, "disab_pct": 20.6, "pov": 472, "pov_lowrel": 0, "pov_pct": 24.8, "lep": 332, "lep_lowrel": 0, "lep_pct": 38.3, "rent": 697, "rent_lowrel": 0, "rent_pct": 80.4, "income": 40720 }, "geometry": { "type": "Polygon", "coordinates": [ [ [ -122.2686, 37.799 ], [ -122.26731, 37.80108 ], [ -122.26375, 37.7997 ], [ -122.26507, 37.79762 ], [ -122.26662, 37.79512 ], [ -122.27014, 37.79652 ], [ -122.2686, 37.799 ] ] ] } },
{ "type": "Feature", "properties": { "GEOID": "06001402500", "name": "Census Tract 4025", "pop": 1943, "pop_lowrel": 0, "hh": 716, "hh_lowrel": 0, "nocar": 290, "nocar_lowrel": 0, "nocar_pct": 40.5, "age65": 168, "age65_lowrel": 0, "age65_pct": 8.6, "disab": 305, "disab_lowrel": 0, "disab_pct": 15.7, "pov": 614, "pov_lowrel": 0, "pov_pct": 31.6, "lep": 69, "lep_lowrel": 1, "lep_pct": 9.6, "rent": 614, "rent_lowrel": 0, "rent_pct": 85.8, "income": 36000 }, "geometry": { "type": "Polygon", "coordinates": [ [ [ -122.28792, 37.80485 ], [ -122.28621, 37.80961 ], [ -122.28148, 37.80857 ], [ -122.28096, 37.8083 ], [ -122.28274, 37.80367 ], [ -122.28332, 37.8017 ], [ -122.28683, 37.80268 ], [ -122.28867, 37.80275 ], [ -122.28792, 37.80485 ] ] ] } },
{ "type": "Feature", "properties": { "GEOID": "06001427900", "name": "Census Tract 4279", "pop": 4708, "pop_lowrel": 0, "hh": 2005, "hh_lowrel": 0, "nocar": 294, "nocar_lowrel": 1, "nocar_pct": 14.7, "age65": 1018, "age65_lowrel": 0, "age65_pct": 21.6, "disab": 641, "disab_lowrel": 0, "disab_pct": 13.6, "pov": 371, "pov_lowrel": 0, "pov_pct": 7.9, "lep": 285, "lep_lowrel": 1, "lep_pct": 14.2, "rent": 1272, "rent_lowrel": 0, "rent_pct": 63.4, "income": 111713 }, "geometry": { "type": "Polygon", "coordinates": [ [ [ -122.26353, 37.76924 ], [ -122.26347, 37.77095 ], [ -122.26331, 37.77472 ], [ -122.26033, 37.77464 ], [ -122.25897, 37.77427 ], [ -122.25534, 37.77269 ], [ -122.25367, 37.77195 ], [ -122.25114, 37.77086 ], [ -122.25399, 37.76675 ], [ -122.25575, 37.76417 ], [ -122.2636, 37.76743 ], [ -122.26353, 37.76924 ] ] ] } },
{ "type": "Feature", "properties": { "GEOID": "06001441521", "name": "Census Tract 4415.21", "pop": 5937, "pop_lowrel": 0, "hh": 1884, "hh_lowrel": 0, "nocar": 46, "nocar_lowrel": 1, "nocar_pct": 2.4, "age65": 1109, "age65_lowrel": 0, "age65_pct": 18.7, "disab": 356, "disab_lowrel": 0, "disab_pct": 6.0, "pov": 561, "pov_lowrel": 0, "pov_pct": 9.6, "lep": 230, "lep_lowrel": 0, "lep_pct": 12.2, "rent": 359, "rent_lowrel": 0, "rent_pct": 19.1, "income": 199254 }, "geometry": { "type": "Polygon", "coordinates": [ [ [ -122.06043, 37.57489 ], [ -122.05502, 37.58115 ], [ -122.05466, 37.58174 ], [ -122.05065, 37.5797 ], [ -122.04835, 37.5786 ], [ -122.04551, 37.57083 ], [ -122.04452, 37.56932 ], [ -122.04313, 37.56773 ], [ -122.0454, 37.56777 ], [ -122.04716, 37.56749 ], [ -122.05162, 37.56678 ], [ -122.05392, 37.56629 ], [ -122.05866, 37.56746 ], [ -122.0593, 37.56941 ], [ -122.06013, 37.5735 ], [ -122.06022, 37.57399 ], [ -122.06043, 37.57489 ] ] ] } },
{ "type": "Feature", "properties": { "GEOID": "06001408400", "name": "Census Tract 4084", "pop": 3965, "pop_lowrel": 0, "hh": 1284, "hh_lowrel": 0, "nocar": 192, "nocar_lowrel": 1, "nocar_pct": 15.0, "age65": 369, "age65_lowrel": 0, "age65_pct": 9.3, "disab": 741, "disab_lowrel": 0, "disab_pct": 18.7, "pov": 500, "pov_lowrel": 0, "pov_pct": 12.8, "lep": 191, "lep_lowrel": 0, "lep_pct": 14.9, "rent": 710, "rent_lowrel": 0, "rent_pct": 55.3, "income": 76528 }, "geometry": { "type": "Polygon", "coordinates": [ [ [ -122.17664, 37.76634 ], [ -122.17213, 37.76913 ], [ -122.16917, 37.76712 ], [ -122.16779, 37.76601 ], [ -122.16494, 37.76268 ], [ -122.16873, 37.7609 ], [ -122.17055, 37.76 ], [ -122.17114, 37.76069 ], [ -122.17276, 37.76214 ], [ -122.17456, 37.76391 ], [ -122.1757, 37.76494 ], [ -122.1772, 37.76582 ], [ -122.17664, 37.76634 ] ] ] } },
{ "type": "Feature", "properties": { "GEOID": "06001402900", "name": "Census Tract 4029", "pop": 2431, "pop_lowrel": 0, "hh": 1715, "hh_lowrel": 0, "nocar": 1029, "nocar_lowrel": 0, "nocar_pct": 60.0, "age65": 381, "age65_lowrel": 0, "age65_pct": 15.7, "disab": 438, "disab_lowrel": 0, "disab_pct": 18.0, "pov": 515, "pov_lowrel": 0, "pov_pct": 21.3, "lep": 310, "lep_lowrel": 0, "lep_pct": 18.1, "rent": 1703, "rent_lowrel": 0, "rent_pct": 99.3, "income": 66050 }, "geometry": { "type": "Polygon", "coordinates": [ [ [ -122.27127, 37.80436 ], [ -122.26677, 37.81155 ], [ -122.26542, 37.81147 ], [ -122.26246, 37.81094 ], [ -122.26356, 37.80722 ], [ -122.26545, 37.80634 ], [ -122.26478, 37.80512 ], [ -122.26646, 37.8025 ], [ -122.26761, 37.80296 ], [ -122.2688, 37.80343 ], [ -122.27127, 37.80436 ] ] ] } },
{ "type": "Feature", "properties": { "GEOID": "06001440304", "name": "Census Tract 4403.04", "pop": 4488, "pop_lowrel": 0, "hh": 1404, "hh_lowrel": 0, "nocar": 11, "nocar_lowrel": 1, "nocar_pct": 0.8, "age65": 1211, "age65_lowrel": 0, "age65_pct": 27.0, "disab": 490, "disab_lowrel": 0, "disab_pct": 10.9, "pov": 210, "pov_lowrel": 0, "pov_pct": 4.7, "lep": 156, "lep_lowrel": 1, "lep_pct": 11.1, "rent": 421, "rent_lowrel": 0, "rent_pct": 30.0, "income": 119732 }, "geometry": { "type": "Polygon", "coordinates": [ [ [ -122.08118, 37.5916 ], [ -122.07805, 37.59159 ], [ -122.07757, 37.59167 ], [ -122.07609, 37.59228 ], [ -122.07516, 37.59243 ], [ -122.07225, 37.59109 ], [ -122.06999, 37.59237 ], [ -122.06873, 37.5911 ], [ -122.06906, 37.59039 ], [ -122.07229, 37.58667 ], [ -122.07406, 37.58462 ], [ -122.07613, 37.58227 ], [ -122.07816, 37.57993 ], [ -122.07964, 37.57825 ], [ -122.08086, 37.57777 ], [ -122.0812, 37.58757 ], [ -122.08118, 37.5916 ] ] ] } },
{ "type": "Feature", "properties": { "GEOID": "06001450603", "name": "Census Tract 4506.03", "pop": 4651, "pop_lowrel": 0, "hh": 1466, "hh_lowrel": 0, "nocar": 0, "nocar_lowrel": 0, "nocar_pct": 0.0, "age65": 717, "age65_lowrel": 0, "age65_pct": 15.4, "disab": 216, "disab_lowrel": 0, "disab_pct": 4.6, "pov": 185, "pov_lowrel": 0, "pov_pct": 4.0, "lep": 65, "lep_lowrel": 1, "lep_pct": 4.4, "rent": 176, "rent_lowrel": 0, "rent_pct": 12.0, "income": 225385 }, "geometry": { "type": "Polygon", "coordinates": [ [ [ -121.92258, 37.70113 ], [ -121.91644, 37.70202 ], [ -121.9072, 37.7019 ], [ -121.90701, 37.70189 ], [ -121.90676, 37.70159 ], [ -121.90439, 37.69879 ], [ -121.90358, 37.69774 ], [ -121.90355, 37.6914 ], [ -121.90359, 37.68819 ], [ -121.90366, 37.6831 ], [ -121.90379, 37.6819 ], [ -121.9034, 37.68028 ], [ -121.90218, 37.67926 ], [ -121.89838, 37.67685 ], [ -121.8986, 37.67676 ], [ -121.91022, 37.67194 ], [ -121.91101, 37.67153 ], [ -121.91355, 37.67802 ], [ -121.91568, 37.68343 ], [ -121.91716, 37.68722 ], [ -121.91846, 37.69054 ], [ -121.92258, 37.70113 ] ] ] } },
{ "type": "Feature", "properties": { "GEOID": "06001420500", "name": "Census Tract 4205", "pop": 2462, "pop_lowrel": 0, "hh": 936, "hh_lowrel": 0, "nocar": 100, "nocar_lowrel": 0, "nocar_pct": 10.7, "age65": 386, "age65_lowrel": 0, "age65_pct": 15.7, "disab": 211, "disab_lowrel": 0, "disab_pct": 8.6, "pov": 140, "pov_lowrel": 0, "pov_pct": 5.7, "lep": 42, "lep_lowrel": 1, "lep_pct": 4.5, "rent": 449, "rent_lowrel": 0, "rent_pct": 48.0, "income": 137105 }, "geometry": { "type": "Polygon", "coordinates": [ [ [ -122.29905, 37.89026 ], [ -122.29626, 37.8904 ], [ -122.29339, 37.89057 ], [ -122.29245, 37.8877 ], [ -122.29168, 37.88528 ], [ -122.29076, 37.88315 ], [ -122.29402, 37.88292 ], [ -122.29688, 37.88347 ], [ -122.29791, 37.88668 ], [ -122.29825, 37.88776 ], [ -122.29905, 37.89026 ] ] ] } },
{ "type": "Feature", "properties": { "GEOID": "06001410300", "name": "Census Tract 4103", "pop": 4093, "pop_lowrel": 0, "hh": 1043, "hh_lowrel": 0, "nocar": 85, "nocar_lowrel": 1, "nocar_pct": 8.1, "age65": 185, "age65_lowrel": 0, "age65_pct": 4.5, "disab": 262, "disab_lowrel": 0, "disab_pct": 6.4, "pov": 713, "pov_lowrel": 0, "pov_pct": 17.6, "lep": 213, "lep_lowrel": 0, "lep_pct": 20.4, "rent": 641, "rent_lowrel": 0, "rent_pct": 61.5, "income": 61914 }, "geometry": { "type": "Polygon", "coordinates": [ [ [ -122.17252, 37.74722 ], [ -122.17038, 37.74822 ], [ -122.1693, 37.74871 ], [ -122.16715, 37.74971 ], [ -122.16404, 37.75119 ], [ -122.16031, 37.74612 ], [ -122.15951, 37.74505 ], [ -122.16043, 37.74507 ], [ -122.16321, 37.74434 ], [ -122.16562, 37.74371 ], [ -122.16921, 37.74276 ], [ -122.17049, 37.74447 ], [ -122.17252, 37.74722 ] ] ] } },
{ "type": "Feature", "properties": { "GEOID": "06001437500", "name": "Census Tract 4375", "pop": 4527, "pop_lowrel": 0, "hh": 1124, "hh_lowrel": 0, "nocar": 90, "nocar_lowrel": 1, "nocar_pct": 8.0, "age65": 452, "age65_lowrel": 0, "age65_pct": 10.0, "disab": 323, "disab_lowrel": 0, "disab_pct": 7.3, "pov": 757, "pov_lowrel": 0, "pov_pct": 17.2, "lep": 221, "lep_lowrel": 0, "lep_pct": 19.7, "rent": 855, "rent_lowrel": 0, "rent_pct": 76.1, "income": 89688 }, "geometry": { "type": "Polygon", "coordinates": [ [ [ -122.08349, 37.64845 ], [ -122.08198, 37.64869 ], [ -122.07998, 37.64891 ], [ -122.0723, 37.64217 ], [ -122.07247, 37.64209 ], [ -122.07397, 37.64111 ], [ -122.07847, 37.64094 ], [ -122.08123, 37.64084 ], [ -122.08122, 37.63964 ], [ -122.08351, 37.63959 ], [ -122.08349, 37.64845 ] ] ] } },
{ "type": "Feature", "properties": { "GEOID": "06001441924", "name": "Census Tract 4419.24", "pop": 7588, "pop_lowrel": 0, "hh": 2756, "hh_lowrel": 0, "nocar": 93, "nocar_lowrel": 1, "nocar_pct": 3.4, "age65": 701, "age65_lowrel": 0, "age65_pct": 9.2, "disab": 386, "disab_lowrel": 0, "disab_pct": 5.1, "pov": 736, "pov_lowrel": 1, "pov_pct": 9.7, "lep": 200, "lep_lowrel": 0, "lep_pct": 7.3, "rent": 1306, "rent_lowrel": 0, "rent_pct": 47.4, "income": 190826 }, "geometry": { "type": "Polygon", "coordinates": [ [ [ -121.98412, 37.568 ], [ -121.97112, 37.5724 ], [ -121.9707, 37.5726 ], [ -121.96981, 37.5731 ], [ -121.9689, 37.57377 ], [ -121.96795, 37.57276 ], [ -121.96147, 37.56557 ], [ -121.96653, 37.56207 ], [ -121.96796, 37.56123 ], [ -121.96879, 37.56074 ], [ -121.9711, 37.5593 ], [ -121.97286, 37.55807 ], [ -121.9736, 37.55723 ], [ -121.97604, 37.55411 ], [ -121.98165, 37.557 ], [ -121.98029, 37.55863 ], [ -121.9786, 37.561 ], [ -121.97891, 37.56279 ], [ -121.97923, 37.56401 ], [ -121.98264, 37.56377 ], [ -121.98353, 37.56646 ], [ -121.98412, 37.568 ] ] ] } },
{ "type": "Feature", "properties": { "GEOID": "06001406602", "name": "Census Tract 4066.02", "pop": 2837, "pop_lowrel": 0, "hh": 980, "hh_lowrel": 0, "nocar": 121, "nocar_lowrel": 0, "nocar_pct": 12.3, "age65": 309, "age65_lowrel": 0, "age65_pct": 10.9, "disab": 263, "disab_lowrel": 0, "disab_pct": 9.3, "pov": 418, "pov_lowrel": 0, "pov_pct": 14.9, "lep": 131, "lep_lowrel": 0, "lep_pct": 13.4, "rent": 700, "rent_lowrel": 0, "rent_pct": 71.4, "income": 74551 }, "geometry": { "type": "Polygon", "coordinates": [ [ [ -122.21794, 37.79583 ], [ -122.21697, 37.7984 ], [ -122.21622, 37.80029 ], [ -122.21412, 37.7998 ], [ -122.20879, 37.79848 ], [ -122.21253, 37.79474 ], [ -122.21483, 37.79176 ], [ -122.217, 37.7928 ], [ -122.2163, 37.79369 ], [ -122.21847, 37.79448 ], [ -122.21794, 37.79583 ] ] ] } },
{ "type": "Feature", "properties": { "GEOID": "06001443321", "name": "Census Tract 4433.21", "pop": 3241, "pop_lowrel": 0, "hh": 1194, "hh_lowrel": 0, "nocar": 19, "nocar_lowrel": 1, "nocar_pct": 1.6, "age65": 459, "age65_lowrel": 0, "age65_pct": 14.2, "disab": 117, "disab_lowrel": 1, "disab_pct": 3.6, "pov": 254, "pov_lowrel": 1, "pov_pct": 7.8, "lep": 191, "lep_lowrel": 0, "lep_pct": 16.0, "rent": 577, "rent_lowrel": 0, "rent_pct": 48.3, "income": 145313 }, "geometry": { "type": "Polygon", "coordinates": [ [ [ -121.92749, 37.49131 ], [ -121.92671, 37.49201 ], [ -121.92456, 37.49436 ], [ -121.92301, 37.49557 ], [ -121.91958, 37.49234 ], [ -121.9185, 37.49094 ], [ -121.91956, 37.48996 ], [ -121.92418, 37.48836 ], [ -121.92318, 37.48613 ], [ -121.92673, 37.48486 ], [ -121.92954, 37.48985 ], [ -121.92749, 37.49131 ] ] ] } },
{ "type": "Feature", "properties": { "GEOID": "06001451505", "name": "Census Tract 4515.05", "pop": 3090, "pop_lowrel": 0, "hh": 1136, "hh_lowrel": 0, "nocar": 0, "nocar_lowrel": 0, "nocar_pct": 0.0, "age65": 529, "age65_lowrel": 0, "age65_pct": 17.1, "disab": 199, "disab_lowrel": 0, "disab_pct": 6.4, "pov": 44, "pov_lowrel": 1, "pov_pct": 1.4, "lep": 0, "lep_lowrel": 0, "lep_pct": 0.0, "rent": 84, "rent_lowrel": 0, "rent_pct": 7.4, "income": 239318 }, "geometry": { "type": "Polygon", "coordinates": [ [ [ -121.7318, 37.6942 ], [ -121.72643, 37.69525 ], [ -121.72399, 37.69527 ], [ -121.72161, 37.69474 ], [ -121.72028, 37.69445 ], [ -121.71859, 37.69442 ], [ -121.71868, 37.68111 ], [ -121.72053, 37.6822 ], [ -121.72507, 37.68362 ], [ -121.7252, 37.68434 ], [ -121.72627, 37.68515 ], [ -121.72679, 37.68542 ], [ -121.73232, 37.68784 ], [ -121.7318, 37.6942 ] ] ] } },
{ "type": "Feature", "properties": { "GEOID": "06001403702", "name": "Census Tract 4037.02", "pop": 2198, "pop_lowrel": 0, "hh": 1259, "hh_lowrel": 0, "nocar": 214, "nocar_lowrel": 0, "nocar_pct": 17.0, "age65": 256, "age65_lowrel": 0, "age65_pct": 11.6, "disab": 343, "disab_lowrel": 0, "disab_pct": 15.8, "pov": 136, "pov_lowrel": 1, "pov_pct": 6.3, "lep": 13, "lep_lowrel": 1, "lep_pct": 1.0, "rent": 1029, "rent_lowrel": 0, "rent_pct": 81.7, "income": 117470 }, "geometry": { "type": "Polygon", "coordinates": [ [ [ -122.25616, 37.80901 ], [ -122.25539, 37.81066 ], [ -122.25303, 37.81049 ], [ -122.25256, 37.81058 ], [ -122.25146, 37.81084 ], [ -122.25006, 37.81178 ], [ -122.2486, 37.8105 ], [ -122.2465, 37.80984 ], [ -122.2467, 37.8097 ], [ -122.24915, 37.80839 ], [ -122.25047, 37.80888 ], [ -122.25277, 37.80875 ], [ -122.25343, 37.80772 ], [ -122.256, 37.80746 ], [ -122.25616, 37.80901 ] ] ] } },
{ "type": "Feature", "properties": { "GEOID": "06001437200", "name": "Census Tract 4372", "pop": 8968, "pop_lowrel": 0, "hh": 2808, "hh_lowrel": 0, "nocar": 244, "nocar_lowrel": 1, "nocar_pct": 8.7, "age65": 1441, "age65_lowrel": 0, "age65_pct": 16.1, "disab": 1158, "disab_lowrel": 0, "disab_pct": 13.1, "pov": 946, "pov_lowrel": 0, "pov_pct": 10.7, "lep": 286, "lep_lowrel": 0, "lep_pct": 10.2, "rent": 1124, "rent_lowrel": 0, "rent_pct": 40.0, "income": 101250 }, "geometry": { "type": "Polygon", "coordinates": [ [ [ -122.12024, 37.65322 ], [ -122.11041, 37.65316 ], [ -122.10881, 37.65048 ], [ -122.10729, 37.648 ], [ -122.10207, 37.63949 ], [ -122.10009, 37.63633 ], [ -122.10775, 37.6334 ], [ -122.11005, 37.63235 ], [ -122.11039, 37.6329 ], [ -122.11339, 37.6352 ], [ -122.11907, 37.64047 ], [ -122.11976, 37.64201 ], [ -122.11987, 37.64423 ], [ -122.11992, 37.6458 ], [ -122.12003, 37.64857 ], [ -122.12024, 37.65322 ] ] ] } },
{ "type": "Feature", "properties": { "GEOID": "06001437300", "name": "Census Tract 4373", "pop": 2844, "pop_lowrel": 0, "hh": 987, "hh_lowrel": 0, "nocar": 201, "nocar_lowrel": 1, "nocar_pct": 20.4, "age65": 620, "age65_lowrel": 0, "age65_pct": 21.8, "disab": 495, "disab_lowrel": 0, "disab_pct": 17.4, "pov": 535, "pov_lowrel": 0, "pov_pct": 18.9, "lep": 53, "lep_lowrel": 1, "lep_pct": 5.4, "rent": 455, "rent_lowrel": 0, "rent_pct": 46.1, "income": 64935 }, "geometry": { "type": "Polygon", "coordinates": [ [ [ -122.09821, 37.63762 ], [ -122.097, 37.63932 ], [ -122.09389, 37.6448 ], [ -122.09089, 37.6405 ], [ -122.0879, 37.63633 ], [ -122.08451, 37.63156 ], [ -122.08982, 37.63172 ], [ -122.09382, 37.63175 ], [ -122.09459, 37.63171 ], [ -122.0968, 37.6309 ], [ -122.10009, 37.63633 ], [ -122.09821, 37.63762 ] ] ] } },
{ "type": "Feature", "properties": { "GEOID": "06001438201", "name": "Census Tract 4382.01", "pop": 4432, "pop_lowrel": 0, "hh": 1229, "hh_lowrel": 0, "nocar": 43, "nocar_lowrel": 1, "nocar_pct": 3.5, "age65": 660, "age65_lowrel": 0, "age65_pct": 14.9, "disab": 617, "disab_lowrel": 0, "disab_pct": 13.9, "pov": 571, "pov_lowrel": 1, "pov_pct": 12.9, "lep": 150, "lep_lowrel": 0, "lep_pct": 12.2, "rent": 225, "rent_lowrel": 0, "rent_pct": 18.3, "income": 101641 }, "geometry": { "type": "Polygon", "coordinates": [ [ [ -122.08451, 37.63156 ], [ -122.07753, 37.6314 ], [ -122.07446, 37.63134 ], [ -122.07324, 37.63142 ], [ -122.07229, 37.63082 ], [ -122.07187, 37.62455 ], [ -122.07202, 37.62222 ], [ -122.07383, 37.61765 ], [ -122.07454, 37.61758 ], [ -122.07967, 37.62474 ], [ -122.08451, 37.63156 ] ] ] } },
{ "type": "Feature", "properties": { "GEOID": "06001401800", "name": "Census Tract 4018", "pop": 1792, "pop_lowrel": 0, "hh": 737, "hh_lowrel": 0, "nocar": 249, "nocar_lowrel": 0, "nocar_pct": 33.8, "age65": 162, "age65_lowrel": 0, "age65_pct": 9.0, "disab": 231, "disab_lowrel": 0, "disab_pct": 12.9, "pov": 338, "pov_lowrel": 0, "pov_pct": 19.2, "lep": 0, "lep_lowrel": 0, "lep_pct": 0.0, "rent": 523, "rent_lowrel": 0, "rent_pct": 71.0, "income": 68299 }, "geometry": { "type": "Polygon", "coordinates": [ [ [ -122.30201, 37.80806 ], [ -122.30021, 37.81034 ], [ -122.29786, 37.8133 ], [ -122.29399, 37.81141 ], [ -122.2964, 37.80845 ], [ -122.29667, 37.80809 ], [ -122.29826, 37.80609 ], [ -122.30245, 37.80698 ], [ -122.30201, 37.80806 ] ] ] } },
{ "type": "Feature", "properties": { "GEOID": "06001410200", "name": "Census Tract 4102", "pop": 3409, "pop_lowrel": 0, "hh": 1110, "hh_lowrel": 0, "nocar": 139, "nocar_lowrel": 0, "nocar_pct": 12.5, "age65": 495, "age65_lowrel": 0, "age65_pct": 14.5, "disab": 424, "disab_lowrel": 0, "disab_pct": 12.6, "pov": 277, "pov_lowrel": 0, "pov_pct": 8.2, "lep": 70, "lep_lowrel": 1, "lep_pct": 6.3, "rent": 619, "rent_lowrel": 0, "rent_pct": 55.8, "income": 81075 }, "geometry": { "type": "Polygon", "coordinates": [ [ [ -122.1604, 37.7529 ], [ -122.15983, 37.75133 ], [ -122.15723, 37.74737 ], [ -122.15617, 37.7459 ], [ -122.15363, 37.74407 ], [ -122.1525, 37.74292 ], [ -122.15153, 37.74221 ], [ -122.14873, 37.74086 ], [ -122.15512, 37.73908 ], [ -122.15696, 37.74151 ], [ -122.15951, 37.74505 ], [ -122.16031, 37.74612 ], [ -122.16404, 37.75119 ], [ -122.1604, 37.7529 ] ] ] } },
{ "type": "Feature", "properties": { "GEOID": "06001450606", "name": "Census Tract 4506.06", "pop": 5787, "pop_lowrel": 0, "hh": 2045, "hh_lowrel": 0, "nocar": 134, "nocar_lowrel": 0, "nocar_pct": 6.6, "age65": 1041, "age65_lowrel": 0, "age65_pct": 18.0, "disab": 310, "disab_lowrel": 0, "disab_pct": 5.4, "pov": 193, "pov_lowrel": 1, "pov_pct": 3.4, "lep": 95, "lep_lowrel": 0, "lep_pct": 4.6, "rent": 277, "rent_lowrel": 0, "rent_pct": 13.5, "income": 238723 }, "geometry": { "type": "Polygon", "coordinates": [ [ [ -121.91101, 37.67153 ], [ -121.91022, 37.67194 ], [ -121.8986, 37.67676 ], [ -121.89838, 37.67685 ], [ -121.89705, 37.67601 ], [ -121.89037, 37.67186 ], [ -121.88884, 37.67077 ], [ -121.88547, 37.66876 ], [ -121.88424, 37.66795 ], [ -121.88375, 37.66746 ], [ -121.88575, 37.66688 ], [ -121.89132, 37.66771 ], [ -121.89533, 37.6657 ], [ -121.89724, 37.66512 ], [ -121.90633, 37.66176 ], [ -121.90816, 37.66457 ], [ -121.90969, 37.66817 ], [ -121.91044, 37.67006 ], [ -121.91101, 37.67153 ] ] ] } },
{ "type": "Feature", "properties": { "GEOID": "06001441929", "name": "Census Tract 4419.29", "pop": 3287, "pop_lowrel": 0, "hh": 1678, "hh_lowrel": 0, "nocar": 286, "nocar_lowrel": 0, "nocar_pct": 17.0, "age65": 389, "age65_lowrel": 1, "age65_pct": 11.8, "disab": 132, "disab_lowrel": 0, "disab_pct": 4.0, "pov": 92, "pov_lowrel": 1, "pov_pct": 2.8, "lep": 131, "lep_lowrel": 0, "lep_pct": 7.8, "rent": 1223, "rent_lowrel": 0, "rent_pct": 72.9, "income": 121434 }, "geometry": { "type": "Polygon", "coordinates": [ [ [ -121.97604, 37.55411 ], [ -121.9736, 37.55723 ], [ -121.97286, 37.55807 ], [ -121.9711, 37.5593 ], [ -121.96862, 37.55656 ], [ -121.96612, 37.55496 ], [ -121.96701, 37.55458 ], [ -121.9708, 37.55297 ], [ -121.97185, 37.55197 ], [ -121.97243, 37.55052 ], [ -121.97226, 37.54912 ], [ -121.97773, 37.55192 ], [ -121.97604, 37.55411 ] ] ] } },
{ "type": "Feature", "properties": { "GEOID": "06001420301", "name": "Census Tract 4203.01", "pop": 2381, "pop_lowrel": 0, "hh": 1104, "hh_lowrel": 0, "nocar": 65, "nocar_lowrel": 0, "nocar_pct": 5.9, "age65": 462, "age65_lowrel": 0, "age65_pct": 19.4, "disab": 95, "disab_lowrel": 0, "disab_pct": 4.0, "pov": 86, "pov_lowrel": 0, "pov_pct": 3.6, "lep": 123, "lep_lowrel": 0, "lep_pct": 11.1, "rent": 405, "rent_lowrel": 0, "rent_pct": 36.7, "income": 129667 }, "geometry": { "type": "Polygon", "coordinates": [ [ [ -122.30886, 37.89777 ], [ -122.30541, 37.89816 ], [ -122.30218, 37.89852 ], [ -122.30158, 37.89823 ], [ -122.3009, 37.89602 ], [ -122.3026, 37.89566 ], [ -122.30284, 37.89364 ], [ -122.30309, 37.8916 ], [ -122.30355, 37.89035 ], [ -122.30414, 37.88997 ], [ -122.30601, 37.88959 ], [ -122.30667, 37.89266 ], [ -122.30886, 37.89777 ] ] ] } },
{ "type": "Feature", "properties": { "GEOID": "06001438100", "name": "Census Tract 4381", "pop": 7317, "pop_lowrel": 0, "hh": 2154, "hh_lowrel": 0, "nocar": 24, "nocar_lowrel": 1, "nocar_pct": 1.1, "age65": 1102, "age65_lowrel": 0, "age65_pct": 15.1, "disab": 405, "disab_lowrel": 0, "disab_pct": 5.5, "pov": 407, "pov_lowrel": 1, "pov_pct": 5.6, "lep": 308, "lep_lowrel": 1, "lep_pct": 14.3, "rent": 217, "rent_lowrel": 0, "rent_pct": 10.1, "income": 169833 }, "geometry": { "type": "Polygon", "coordinates": [ [ [ -122.05168, 37.62575 ], [ -122.04693, 37.6296 ], [ -122.04678, 37.62968 ], [ -122.04464, 37.62778 ], [ -122.0383, 37.62228 ], [ -122.03663, 37.6208 ], [ -122.03435, 37.61882 ], [ -122.03422, 37.61871 ], [ -122.0296, 37.61467 ], [ -122.02822, 37.61345 ], [ -122.02324, 37.60905 ], [ -122.03103, 37.60904 ], [ -122.0345, 37.60906 ], [ -122.03946, 37.6134 ], [ -122.05045, 37.62324 ], [ -122.05253, 37.62508 ], [ -122.05168, 37.62575 ] ] ] } },
{ "type": "Feature", "properties": { "GEOID": "06001437102", "name": "Census Tract 4371.02", "pop": 4352, "pop_lowrel": 0, "hh": 1497, "hh_lowrel": 0, "nocar": 153, "nocar_lowrel": 0, "nocar_pct": 10.2, "age65": 939, "age65_lowrel": 0, "age65_pct": 21.6, "disab": 608, "disab_lowrel": 0, "disab_pct": 14.0, "pov": 825, "pov_lowrel": 0, "pov_pct": 19.0, "lep": 253, "lep_lowrel": 0, "lep_pct": 16.9, "rent": 699, "rent_lowrel": 0, "rent_pct": 46.7, "income": 82147 }, "geometry": { "type": "Polygon", "coordinates": [ [ [ -122.11005, 37.63235 ], [ -122.10775, 37.6334 ], [ -122.10009, 37.63633 ], [ -122.0968, 37.6309 ], [ -122.09431, 37.62686 ], [ -122.09286, 37.62448 ], [ -122.09348, 37.62425 ], [ -122.09983, 37.62408 ], [ -122.10175, 37.62485 ], [ -122.10228, 37.62875 ], [ -122.10431, 37.63225 ], [ -122.10641, 37.63146 ], [ -122.10932, 37.63123 ], [ -122.11005, 37.63235 ] ] ] } },
{ "type": "Feature", "properties": { "GEOID": "06001450101", "name": "Census Tract 4501.01", "pop": 6588, "pop_lowrel": 0, "hh": 2648, "hh_lowrel": 0, "nocar": 122, "nocar_lowrel": 1, "nocar_pct": 4.6, "age65": 340, "age65_lowrel": 0, "age65_pct": 5.2, "disab": 950, "disab_lowrel": 0, "disab_pct": 14.4, "pov": 414, "pov_lowrel": 0, "pov_pct": 6.3, "lep": 175, "lep_lowrel": 1, "lep_pct": 6.6, "rent": 1848, "rent_lowrel": 0, "rent_pct": 69.8, "income": 146000 }, "geometry": { "type": "Polygon", "coordinates": [ [ [ -121.90388, 37.70581 ], [ -121.89319, 37.70624 ], [ -121.8932, 37.70898 ], [ -121.88519, 37.7086 ], [ -121.87818, 37.70856 ], [ -121.87201, 37.70981 ], [ -121.87219, 37.70257 ], [ -121.87221, 37.70158 ], [ -121.87882, 37.70168 ], [ -121.88812, 37.70173 ], [ -121.89866, 37.70188 ], [ -121.8988, 37.70201 ], [ -121.90388, 37.70581 ] ] ] } },
{ "type": "Feature", "properties": { "GEOID": "06001423700", "name": "Census Tract 4237", "pop": 3381, "pop_lowrel": 0, "hh": 1152, "hh_lowrel": 0, "nocar": 334, "nocar_lowrel": 0, "nocar_pct": 29.0, "age65": 433, "age65_lowrel": 0, "age65_pct": 12.8, "disab": 264, "disab_lowrel": 0, "disab_pct": 7.8, "pov": 653, "pov_lowrel": 0, "pov_pct": 22.9, "lep": 42, "lep_lowrel": 1, "lep_pct": 3.6, "rent": 652, "rent_lowrel": 0, "rent_pct": 56.6, "income": 95833 }, "geometry": { "type": "Polygon", "coordinates": [ [ [ -122.25395, 37.86574 ], [ -122.25165, 37.86589 ], [ -122.24842, 37.86608 ], [ -122.24696, 37.86616 ], [ -122.24534, 37.86599 ], [ -122.24473, 37.86579 ], [ -122.24552, 37.86404 ], [ -122.24417, 37.8615 ], [ -122.24427, 37.86143 ], [ -122.24424, 37.86107 ], [ -122.24406, 37.86078 ], [ -122.24451, 37.85913 ], [ -122.24235, 37.85761 ], [ -122.24388, 37.85812 ], [ -122.24539, 37.85809 ], [ -122.2523, 37.85741 ], [ -122.2531, 37.85709 ], [ -122.25323, 37.8585 ], [ -122.25351, 37.8614 ], [ -122.25355, 37.86182 ], [ -122.25374, 37.86362 ], [ -122.25395, 37.86574 ] ] ] } },
{ "type": "Feature", "properties": { "GEOID": "06001404800", "name": "Census Tract 4048", "pop": 2755, "pop_lowrel": 0, "hh": 1184, "hh_lowrel": 0, "nocar": 311, "nocar_lowrel": 0, "nocar_pct": 26.3, "age65": 680, "age65_lowrel": 0, "age65_pct": 24.7, "disab": 471, "disab_lowrel": 0, "disab_pct": 17.1, "pov": 298, "pov_lowrel": 0, "pov_pct": 10.8, "lep": 85, "lep_lowrel": 1, "lep_pct": 7.2, "rent": 453, "rent_lowrel": 0, "rent_pct": 38.3, "income": 101607 }, "geometry": { "type": "Polygon", "coordinates": [ [ [ -122.21825, 37.80086 ], [ -122.21582, 37.80539 ], [ -122.21518, 37.80985 ], [ -122.21338, 37.81218 ], [ -122.21091, 37.81061 ], [ -122.21206, 37.80995 ], [ -122.20962, 37.8078 ], [ -122.20971, 37.80705 ], [ -122.20737, 37.80641 ], [ -122.21101, 37.80286 ], [ -122.21412, 37.7998 ], [ -122.21622, 37.80029 ], [ -122.21825, 37.80086 ] ] ] } },
{ "type": "Feature", "properties": { "GEOID": "06001435400", "name": "Census Tract 4354", "pop": 5364, "pop_lowrel": 0, "hh": 1950, "hh_lowrel": 0, "nocar": 334, "nocar_lowrel": 0, "nocar_pct": 17.1, "age65": 784, "age65_lowrel": 0, "age65_pct": 14.6, "disab": 982, "disab_lowrel": 0, "disab_pct": 18.5, "pov": 818, "pov_lowrel": 0, "pov_pct": 15.4, "lep": 244, "lep_lowrel": 0, "lep_pct": 12.5, "rent": 1299, "rent_lowrel": 0, "rent_pct": 66.6, "income": 113177 }, "geometry": { "type": "Polygon", "coordinates": [ [ [ -122.0939, 37.67454 ], [ -122.09383, 37.67456 ], [ -122.09036, 37.67566 ], [ -122.08914, 37.67642 ], [ -122.08764, 37.67807 ], [ -122.08534, 37.68002 ], [ -122.08435, 37.67893 ], [ -122.08309, 37.67687 ], [ -122.0797, 37.67819 ], [ -122.07873, 37.68034 ], [ -122.07705, 37.67963 ], [ -122.07691, 37.67892 ], [ -122.07623, 37.67812 ], [ -122.07389, 37.67521 ], [ -122.07749, 37.6731 ], [ -122.07602, 37.67188 ], [ -122.07799, 37.67084 ], [ -122.07999, 37.66978 ], [ -122.08068, 37.66885 ], [ -122.08148, 37.66775 ], [ -122.08234, 37.66615 ], [ -122.08308, 37.66692 ], [ -122.08811, 37.6705 ], [ -122.09398, 37.67447 ], [ -122.0939, 37.67454 ] ] ] } },
{ "type": "Feature", "properties": { "GEOID": "06001403000", "name": "Census Tract 4030", "pop": 3387, "pop_lowrel": 0, "hh": 2034, "hh_lowrel": 0, "nocar": 1190, "nocar_lowrel": 0, "nocar_pct": 58.5, "age65": 1101, "age65_lowrel": 0, "age65_pct": 32.5, "disab": 970, "disab_lowrel": 0, "disab_pct": 28.6, "pov": 799, "pov_lowrel": 0, "pov_pct": 23.6, "lep": 631, "lep_lowrel": 0, "lep_pct": 31.0, "rent": 1681, "rent_lowrel": 0, "rent_pct": 82.6, "income": 58794 }, "geometry": { "type": "Polygon", "coordinates": [ [ [ -122.27506, 37.79832 ], [ -122.27344, 37.80093 ], [ -122.27127, 37.80436 ], [ -122.2688, 37.80343 ], [ -122.26761, 37.80296 ], [ -122.26646, 37.8025 ], [ -122.26731, 37.80108 ], [ -122.2686, 37.799 ], [ -122.27014, 37.79652 ], [ -122.27251, 37.79746 ], [ -122.27493, 37.79828 ], [ -122.27506, 37.79832 ] ] ] } },
{ "type": "Feature", "properties": { "GEOID": "06001444400", "name": "Census Tract 4444", "pop": 4767, "pop_lowrel": 0, "hh": 1415, "hh_lowrel": 0, "nocar": 133, "nocar_lowrel": 0, "nocar_pct": 9.4, "age65": 398, "age65_lowrel": 0, "age65_pct": 8.3, "disab": 317, "disab_lowrel": 0, "disab_pct": 6.6, "pov": 295, "pov_lowrel": 0, "pov_pct": 6.4, "lep": 75, "lep_lowrel": 1, "lep_pct": 5.3, "rent": 743, "rent_lowrel": 0, "rent_pct": 52.5, "income": 102853 }, "geometry": { "type": "Polygon", "coordinates": [ [ [ -122.04466, 37.5333 ], [ -122.04028, 37.53632 ], [ -122.03493, 37.53983 ], [ -122.03366, 37.53974 ], [ -122.03404, 37.54044 ], [ -122.02933, 37.54436 ], [ -122.02888, 37.54464 ], [ -122.02823, 37.54356 ], [ -122.02623, 37.54225 ], [ -122.0306, 37.53682 ], [ -122.03381, 37.53289 ], [ -122.03528, 37.53111 ], [ -122.04001, 37.52943 ], [ -122.04194, 37.53105 ], [ -122.04466, 37.5333 ] ] ] } },
{ "type": "Feature", "properties": { "GEOID": "06001405401", "name": "Census Tract 4054.01", "pop": 3796, "pop_lowrel": 0, "hh": 1598, "hh_lowrel": 0, "nocar": 317, "nocar_lowrel": 0, "nocar_pct": 19.8, "age65": 427, "age65_lowrel": 0, "age65_pct": 11.2, "disab": 610, "disab_lowrel": 0, "disab_pct": 16.2, "pov": 549, "pov_lowrel": 0, "pov_pct": 14.6, "lep": 251, "lep_lowrel": 0, "lep_pct": 15.7, "rent": 1427, "rent_lowrel": 0, "rent_pct": 89.3, "income": 76071 }, "geometry": { "type": "Polygon", "coordinates": [ [ [ -122.25204, 37.79709 ], [ -122.25016, 37.79843 ], [ -122.25102, 37.79918 ], [ -122.25054, 37.80014 ], [ -122.24898, 37.80032 ], [ -122.24665, 37.79828 ], [ -122.245, 37.79676 ], [ -122.24682, 37.79548 ], [ -122.2487, 37.79413 ], [ -122.25052, 37.79283 ], [ -122.25136, 37.79356 ], [ -122.25386, 37.79578 ], [ -122.25204, 37.79709 ] ] ] } },
{ "type": "Feature", "properties": { "GEOID": "06001436100", "name": "Census Tract 4361", "pop": 5454, "pop_lowrel": 0, "hh": 1704, "hh_lowrel": 0, "nocar": 231, "nocar_lowrel": 1, "nocar_pct": 13.6, "age65": 1083, "age65_lowrel": 0, "age65_pct": 19.9, "disab": 610, "disab_lowrel": 0, "disab_pct": 11.2, "pov": 313, "pov_lowrel": 0, "pov_pct": 5.7, "lep": 305, "lep_lowrel": 0, "lep_pct": 17.9, "rent": 689, "rent_lowrel": 0, "rent_pct": 40.4, "income": 99000 }, "geometry": { "type": "Polygon", "coordinates": [ [ [ -122.13293, 37.6733 ], [ -122.12583, 37.67618 ], [ -122.1262, 37.67839 ], [ -122.12355, 37.67421 ], [ -122.11753, 37.67656 ], [ -122.1116, 37.67203 ], [ -122.1201, 37.66871 ], [ -122.12075, 37.66978 ], [ -122.12307, 37.66813 ], [ -122.1279, 37.66786 ], [ -122.12768, 37.66518 ], [ -122.13096, 37.66499 ], [ -122.13125, 37.6683 ], [ -122.13138, 37.66978 ], [ -122.13128, 37.67053 ], [ -122.13134, 37.67083 ], [ -122.13293, 37.6733 ] ] ] } },
{ "type": "Feature", "properties": { "GEOID": "06001400300", "name": "Census Tract 4003", "pop": 5990, "pop_lowrel": 0, "hh": 2888, "hh_lowrel": 0, "nocar": 466, "nocar_lowrel": 0, "nocar_pct": 16.1, "age65": 1107, "age65_lowrel": 0, "age65_pct": 18.5, "disab": 479, "disab_lowrel": 0, "disab_pct": 8.0, "pov": 256, "pov_lowrel": 0, "pov_pct": 4.3, "lep": 94, "lep_lowrel": 1, "lep_pct": 3.3, "rent": 1643, "rent_lowrel": 0, "rent_pct": 56.9, "income": 176618 }, "geometry": { "type": "Polygon", "coordinates": [ [ [ -122.26534, 37.83846 ], [ -122.26459, 37.83957 ], [ -122.26438, 37.83977 ], [ -122.26344, 37.84056 ], [ -122.26186, 37.84135 ], [ -122.25792, 37.84261 ], [ -122.25437, 37.84377 ], [ -122.25186, 37.84475 ], [ -122.24731, 37.84656 ], [ -122.24372, 37.84851 ], [ -122.24419, 37.84791 ], [ -122.2454, 37.8458 ], [ -122.24813, 37.84139 ], [ -122.25081, 37.83714 ], [ -122.25241, 37.83454 ], [ -122.25285, 37.83486 ], [ -122.25651, 37.83633 ], [ -122.25764, 37.83664 ], [ -122.25952, 37.83694 ], [ -122.26236, 37.83731 ], [ -122.26417, 37.83787 ], [ -122.26563, 37.83764 ], [ -122.26534, 37.83846 ] ] ] } },
{ "type": "Feature", "properties": { "GEOID": "06001407700", "name": "Census Tract 4077", "pop": 4271, "pop_lowrel": 0, "hh": 1755, "hh_lowrel": 0, "nocar": 174, "nocar_lowrel": 1, "nocar_pct": 9.9, "age65": 737, "age65_lowrel": 0, "age65_pct": 17.3, "disab": 430, "disab_lowrel": 0, "disab_pct": 10.1, "pov": 185, "pov_lowrel": 0, "pov_pct": 4.3, "lep": 17, "lep_lowrel": 1, "lep_pct": 1.0, "rent": 465, "rent_lowrel": 0, "rent_pct": 26.5, "income": 128011 }, "geometry": { "type": "Polygon", "coordinates": [ [ [ -122.1995, 37.77839 ], [ -122.19592, 37.78092 ], [ -122.19363, 37.78255 ], [ -122.19354, 37.78257 ], [ -122.19202, 37.78106 ], [ -122.1883, 37.77787 ], [ -122.18597, 37.7758 ], [ -122.18537, 37.77542 ], [ -122.19034, 37.77158 ], [ -122.19592, 37.77264 ], [ -122.19932, 37.77564 ], [ -122.20112, 37.77724 ], [ -122.1995, 37.77839 ] ] ] } },
{ "type": "Feature", "properties": { "GEOID": "06001401200", "name": "Census Tract 4012", "pop": 3073, "pop_lowrel": 0, "hh": 1578, "hh_lowrel": 0, "nocar": 194, "nocar_lowrel": 0, "nocar_pct": 12.3, "age65": 298, "age65_lowrel": 0, "age65_pct": 9.7, "disab": 349, "disab_lowrel": 0, "disab_pct": 11.4, "pov": 190, "pov_lowrel": 1, "pov_pct": 6.2, "lep": 17, "lep_lowrel": 1, "lep_pct": 1.1, "rent": 929, "rent_lowrel": 0, "rent_pct": 58.9, "income": 123750 }, "geometry": { "type": "Polygon", "coordinates": [ [ [ -122.2621, 37.82354 ], [ -122.26138, 37.82666 ], [ -122.26084, 37.82863 ], [ -122.2602, 37.83102 ], [ -122.25999, 37.83187 ], [ -122.26019, 37.83427 ], [ -122.25953, 37.83683 ], [ -122.25952, 37.83694 ], [ -122.25764, 37.83664 ], [ -122.25651, 37.83633 ], [ -122.25285, 37.83486 ], [ -122.25241, 37.83454 ], [ -122.25323, 37.83319 ], [ -122.25445, 37.83125 ], [ -122.25509, 37.83024 ], [ -122.2553, 37.82991 ], [ -122.2562, 37.82848 ], [ -122.25674, 37.82763 ], [ -122.25868, 37.82451 ], [ -122.26001, 37.82242 ], [ -122.262, 37.82301 ], [ -122.2621, 37.82354 ] ] ] } },
{ "type": "Feature", "properties": { "GEOID": "06001400600", "name": "Census Tract 4006", "pop": 2052, "pop_lowrel": 0, "hh": 835, "hh_lowrel": 0, "nocar": 74, "nocar_lowrel": 1, "nocar_pct": 8.9, "age65": 232, "age65_lowrel": 0, "age65_pct": 11.3, "disab": 191, "disab_lowrel": 0, "disab_pct": 9.3, "pov": 236, "pov_lowrel": 0, "pov_pct": 11.8, "lep": 6, "lep_lowrel": 1, "lep_pct": 0.7, "rent": 478, "rent_lowrel": 0, "rent_pct": 57.2, "income": 139238 }, "geometry": { "type": "Polygon", "coordinates": [ [ [ -122.26807, 37.84414 ], [ -122.26514, 37.84453 ], [ -122.26504, 37.84454 ], [ -122.2613, 37.84503 ], [ -122.2618, 37.84179 ], [ -122.26186, 37.84135 ], [ -122.26344, 37.84056 ], [ -122.26438, 37.83977 ], [ -122.26459, 37.83957 ], [ -122.26534, 37.83846 ], [ -122.26563, 37.83764 ], [ -122.26665, 37.83748 ], [ -122.26726, 37.84015 ], [ -122.26756, 37.84167 ], [ -122.26807, 37.84414 ] ] ] } },
{ "type": "Feature", "properties": { "GEOID": "06001400500", "name": "Census Tract 4005", "pop": 3579, "pop_lowrel": 0, "hh": 1687, "hh_lowrel": 0, "nocar": 227, "nocar_lowrel": 0, "nocar_pct": 13.5, "age65": 634, "age65_lowrel": 0, "age65_pct": 17.7, "disab": 291, "disab_lowrel": 0, "disab_pct": 8.1, "pov": 395, "pov_lowrel": 0, "pov_pct": 11.1, "lep": 40, "lep_lowrel": 1, "lep_pct": 2.4, "rent": 871, "rent_lowrel": 0, "rent_pct": 51.6, "income": 96641 }, "geometry": { "type": "Polygon", "coordinates": [ [ [ -122.26941, 37.84811 ], [ -122.26837, 37.84877 ], [ -122.26897, 37.85162 ], [ -122.26613, 37.85201 ], [ -122.26225, 37.8527 ], [ -122.26183, 37.85258 ], [ -122.26022, 37.85279 ], [ -122.26102, 37.84723 ], [ -122.2613, 37.84503 ], [ -122.26504, 37.84454 ], [ -122.26514, 37.84453 ], [ -122.26807, 37.84414 ], [ -122.26818, 37.84459 ], [ -122.26876, 37.84726 ], [ -122.26923, 37.8472 ], [ -122.26941, 37.84811 ] ] ] } },
{ "type": "Feature", "properties": { "GEOID": "06001443301", "name": "Census Tract 4433.01", "pop": 4053, "pop_lowrel": 0, "hh": 1288, "hh_lowrel": 0, "nocar": 63, "nocar_lowrel": 1, "nocar_pct": 4.9, "age65": 642, "age65_lowrel": 0, "age65_pct": 15.8, "disab": 225, "disab_lowrel": 0, "disab_pct": 5.6, "pov": 113, "pov_lowrel": 1, "pov_pct": 2.8, "lep": 122, "lep_lowrel": 0, "lep_pct": 9.5, "rent": 122, "rent_lowrel": 0, "rent_pct": 9.5, "income": 250001 }, "geometry": { "type": "Polygon", "coordinates": [ [ [ -121.92108, 37.475 ], [ -121.91611, 37.47727 ], [ -121.91427, 37.47882 ], [ -121.9152, 37.48109 ], [ -121.91592, 37.48082 ], [ -121.91685, 37.48255 ], [ -121.91534, 37.48302 ], [ -121.91334, 37.48289 ], [ -121.91079, 37.47472 ], [ -121.90968, 37.47199 ], [ -121.90882, 37.47064 ], [ -121.90392, 37.46454 ], [ -121.91133, 37.46224 ], [ -121.91265, 37.46065 ], [ -121.91673, 37.46749 ], [ -121.9183, 37.47019 ], [ -121.92108, 37.475 ] ] ] } },
{ "type": "Feature", "properties": { "GEOID": "06001421800", "name": "Census Tract 4218", "pop": 2173, "pop_lowrel": 0, "hh": 926, "hh_lowrel": 0, "nocar": 47, "nocar_lowrel": 0, "nocar_pct": 5.1, "age65": 513, "age65_lowrel": 0, "age65_pct": 23.6, "disab": 161, "disab_lowrel": 0, "disab_pct": 7.4, "pov": 74, "pov_lowrel": 0, "pov_pct": 3.4, "lep": 12, "lep_lowrel": 1, "lep_pct": 1.3, "rent": 304, "rent_lowrel": 0, "rent_pct": 32.8, "income": 183467 }, "geometry": { "type": "Polygon", "coordinates": [ [ [ -122.28327, 37.88093 ], [ -122.28268, 37.88125 ], [ -122.28029, 37.88244 ], [ -122.27567, 37.88475 ], [ -122.27496, 37.88534 ], [ -122.27454, 37.88489 ], [ -122.27414, 37.88141 ], [ -122.27394, 37.87959 ], [ -122.27375, 37.87779 ], [ -122.2771, 37.87736 ], [ -122.28279, 37.87666 ], [ -122.28327, 37.88093 ] ] ] } },
{ "type": "Feature", "properties": { "GEOID": "06001441501", "name": "Census Tract 4415.01", "pop": 5389, "pop_lowrel": 0, "hh": 1681, "hh_lowrel": 0, "nocar": 11, "nocar_lowrel": 1, "nocar_pct": 0.7, "age65": 1284, "age65_lowrel": 0, "age65_pct": 23.8, "disab": 345, "disab_lowrel": 0, "disab_pct": 6.4, "pov": 175, "pov_lowrel": 0, "pov_pct": 3.3, "lep": 131, "lep_lowrel": 0, "lep_pct": 7.8, "rent": 236, "rent_lowrel": 0, "rent_pct": 14.0, "income": 230417 }, "geometry": { "type": "Polygon", "coordinates": [ [ [ -122.09517, 37.56672 ], [ -122.09171, 37.56739 ], [ -122.09011, 37.56441 ], [ -122.08433, 37.56804 ], [ -122.08347, 37.56833 ], [ -122.07797, 37.57066 ], [ -122.07598, 37.56993 ], [ -122.07175, 37.57473 ], [ -122.06744, 37.57962 ], [ -122.06282, 37.58476 ], [ -122.06211, 37.5829 ], [ -122.06044, 37.57497 ], [ -122.06043, 37.57489 ], [ -122.06022, 37.57399 ], [ -122.06282, 37.57117 ], [ -122.06665, 37.56654 ], [ -122.06973, 37.56364 ], [ -122.07137, 37.56302 ], [ -122.08075, 37.5614 ], [ -122.09214, 37.56234 ], [ -122.09304, 37.56264 ], [ -122.09549, 37.56504 ], [ -122.09517, 37.56672 ] ] ] } },
{ "type": "Feature", "properties": { "GEOID": "06001403900", "name": "Census Tract 4039", "pop": 3767, "pop_lowrel": 0, "hh": 2259, "hh_lowrel": 0, "nocar": 324, "nocar_lowrel": 0, "nocar_pct": 14.3, "age65": 752, "age65_lowrel": 0, "age65_pct": 20.0, "disab": 517, "disab_lowrel": 0, "disab_pct": 13.8, "pov": 179, "pov_lowrel": 0, "pov_pct": 4.8, "lep": 46, "lep_lowrel": 1, "lep_pct": 2.0, "rent": 1503, "rent_lowrel": 0, "rent_pct": 66.5, "income": 107219 }, "geometry": { "type": "Polygon", "coordinates": [ [ [ -122.25248, 37.81989 ], [ -122.25193, 37.82025 ], [ -122.25025, 37.82079 ], [ -122.24757, 37.82157 ], [ -122.2452, 37.81939 ], [ -122.24472, 37.81912 ], [ -122.24508, 37.818 ], [ -122.24632, 37.8143 ], [ -122.24664, 37.81378 ], [ -122.24801, 37.81151 ], [ -122.25038, 37.81326 ], [ -122.25145, 37.81616 ], [ -122.25368, 37.819 ], [ -122.25248, 37.81989 ] ] ] } },
{ "type": "Feature", "properties": { "GEOID": "06001405600", "name": "Census Tract 4056", "pop": 3277, "pop_lowrel": 0, "hh": 1504, "hh_lowrel": 0, "nocar": 177, "nocar_lowrel": 1, "nocar_pct": 11.8, "age65": 313, "age65_lowrel": 0, "age65_pct": 9.6, "disab": 506, "disab_lowrel": 0, "disab_pct": 15.4, "pov": 497, "pov_lowrel": 0, "pov_pct": 15.3, "lep": 194, "lep_lowrel": 0, "lep_pct": 12.9, "rent": 1033, "rent_lowrel": 0, "rent_pct": 68.7, "income": 95455 }, "geometry": { "type": "Polygon", "coordinates": [ [ [ -122.2422, 37.80172 ], [ -122.24167, 37.8024 ], [ -122.24019, 37.80255 ], [ -122.23722, 37.80312 ], [ -122.23487, 37.80338 ], [ -122.2334, 37.80438 ], [ -122.23117, 37.8026 ], [ -122.23379, 37.80054 ], [ -122.23468, 37.79983 ], [ -122.23523, 37.79942 ], [ -122.23602, 37.79841 ], [ -122.23712, 37.79705 ], [ -122.23797, 37.79646 ], [ -122.23964, 37.79793 ], [ -122.24047, 37.79867 ], [ -122.24129, 37.79939 ], [ -122.24296, 37.80087 ], [ -122.2422, 37.80172 ] ] ] } },
{ "type": "Feature", "properties": { "GEOID": "06001407600", "name": "Census Tract 4076", "pop": 6771, "pop_lowrel": 0, "hh": 2108, "hh_lowrel": 0, "nocar": 257, "nocar_lowrel": 0, "nocar_pct": 12.2, "age65": 728, "age65_lowrel": 0, "age65_pct": 10.8, "disab": 657, "disab_lowrel": 0, "disab_pct": 9.7, "pov": 680, "pov_lowrel": 0, "pov_pct": 10.2, "lep": 234, "lep_lowrel": 0, "lep_pct": 11.1, "rent": 1046, "rent_lowrel": 0, "rent_pct": 49.6, "income": 75132 }, "geometry": { "type": "Polygon", "coordinates": [ [ [ -122.21113, 37.77517 ], [ -122.20681, 37.77973 ], [ -122.20639, 37.78018 ], [ -122.20414, 37.78252 ], [ -122.20072, 37.78427 ], [ -122.20012, 37.78457 ], [ -122.19592, 37.78092 ], [ -122.1995, 37.77839 ], [ -122.20112, 37.77724 ], [ -122.19932, 37.77564 ], [ -122.19592, 37.77264 ], [ -122.20081, 37.77266 ], [ -122.20298, 37.77267 ], [ -122.20511, 37.77267 ], [ -122.20761, 37.77273 ], [ -122.20871, 37.77325 ], [ -122.21173, 37.77468 ], [ -122.21113, 37.77517 ] ] ] } },
{ "type": "Feature", "properties": { "GEOID": "06001435800", "name": "Census Tract 4358", "pop": 5725, "pop_lowrel": 0, "hh": 1631, "hh_lowrel": 0, "nocar": 41, "nocar_lowrel": 1, "nocar_pct": 2.5, "age65": 787, "age65_lowrel": 0, "age65_pct": 13.7, "disab": 952, "disab_lowrel": 0, "disab_pct": 16.6, "pov": 280, "pov_lowrel": 0, "pov_pct": 4.9, "lep": 188, "lep_lowrel": 0, "lep_pct": 11.5, "rent": 436, "rent_lowrel": 0, "rent_pct": 26.7, "income": 118835 }, "geometry": { "type": "Polygon", "coordinates": [ [ [ -122.13872, 37.68478 ], [ -122.13382, 37.68451 ], [ -122.13103, 37.68507 ], [ -122.12999, 37.68445 ], [ -122.129, 37.68439 ], [ -122.12427, 37.6811 ], [ -122.11753, 37.67656 ], [ -122.12355, 37.67421 ], [ -122.1262, 37.67839 ], [ -122.12583, 37.67618 ], [ -122.13293, 37.6733 ], [ -122.13504, 37.67662 ], [ -122.137, 37.67962 ], [ -122.13872, 37.68478 ] ] ] } },
{ "type": "Feature", "properties": { "GEOID": "06001400800", "name": "Census Tract 4008", "pop": 4548, "pop_lowrel": 0, "hh": 1902, "hh_lowrel": 0, "nocar": 183, "nocar_lowrel": 1, "nocar_pct": 9.6, "age65": 698, "age65_lowrel": 0, "age65_pct": 15.3, "disab": 723, "disab_lowrel": 0, "disab_pct": 16.0, "pov": 608, "pov_lowrel": 0, "pov_pct": 13.4, "lep": 130, "lep_lowrel": 1, "lep_pct": 6.8, "rent": 1214, "rent_lowrel": 0, "rent_pct": 63.8, "income": 145978 }, "geometry": { "type": "Polygon", "coordinates": [ [ [ -122.28874, 37.84999 ], [ -122.28625, 37.8505 ], [ -122.28601, 37.85017 ], [ -122.28346, 37.85031 ], [ -122.28271, 37.84904 ], [ -122.2819, 37.84698 ], [ -122.27894, 37.84737 ], [ -122.27784, 37.84751 ], [ -122.27777, 37.84752 ], [ -122.27755, 37.84704 ], [ -122.27719, 37.84482 ], [ -122.27701, 37.84359 ], [ -122.27703, 37.84339 ], [ -122.28314, 37.84082 ], [ -122.28558, 37.83978 ], [ -122.28671, 37.84334 ], [ -122.2875, 37.84577 ], [ -122.28787, 37.84691 ], [ -122.28874, 37.84999 ] ] ] } },
{ "type": "Feature", "properties": { "GEOID": "06001443002", "name": "Census Tract 4430.02", "pop": 6487, "pop_lowrel": 0, "hh": 1982, "hh_lowrel": 0, "nocar": 50, "nocar_lowrel": 1, "nocar_pct": 2.5, "age65": 983, "age65_lowrel": 0, "age65_pct": 15.2, "disab": 475, "disab_lowrel": 0, "disab_pct": 7.3, "pov": 481, "pov_lowrel": 0, "pov_pct": 7.4, "lep": 319, "lep_lowrel": 0, "lep_pct": 16.1, "rent": 538, "rent_lowrel": 0, "rent_pct": 27.1, "income": 135313 }, "geometry": { "type": "Polygon", "coordinates": [ [ [ -121.969, 37.52248 ], [ -121.9576, 37.52392 ], [ -121.95734, 37.52269 ], [ -121.95514, 37.5189 ], [ -121.95436, 37.51751 ], [ -121.95293, 37.51511 ], [ -121.95117, 37.5121 ], [ -121.96063, 37.51018 ], [ -121.96288, 37.50934 ], [ -121.96514, 37.51292 ], [ -121.96708, 37.51622 ], [ -121.96761, 37.51723 ], [ -121.96828, 37.51978 ], [ -121.969, 37.52248 ] ] ] } },
{ "type": "Feature", "properties": { "GEOID": "06001437800", "name": "Census Tract 4378", "pop": 4817, "pop_lowrel": 0, "hh": 1344, "hh_lowrel": 0, "nocar": 61, "nocar_lowrel": 1, "nocar_pct": 4.5, "age65": 765, "age65_lowrel": 0, "age65_pct": 15.9, "disab": 337, "disab_lowrel": 0, "disab_pct": 7.0, "pov": 382, "pov_lowrel": 0, "pov_pct": 8.0, "lep": 152, "lep_lowrel": 0, "lep_pct": 11.3, "rent": 348, "rent_lowrel": 0, "rent_pct": 25.9, "income": 123125 }, "geometry": { "type": "Polygon", "coordinates": [ [ [ -122.07687, 37.64942 ], [ -122.07097, 37.65038 ], [ -122.07024, 37.6505 ], [ -122.07002, 37.65055 ], [ -122.05839, 37.63573 ], [ -122.06177, 37.63505 ], [ -122.06334, 37.63434 ], [ -122.07192, 37.64184 ], [ -122.0723, 37.64217 ], [ -122.07998, 37.64891 ], [ -122.07687, 37.64942 ] ] ] } },
{ "type": "Feature", "properties": { "GEOID": "06001410500", "name": "Census Tract 4105", "pop": 2750, "pop_lowrel": 0, "hh": 1077, "hh_lowrel": 0, "nocar": 574, "nocar_lowrel": 0, "nocar_pct": 53.3, "age65": 312, "age65_lowrel": 0, "age65_pct": 11.3, "disab": 614, "disab_lowrel": 0, "disab_pct": 22.3, "pov": 807, "pov_lowrel": 0, "pov_pct": 29.3, "lep": 71, "lep_lowrel": 1, "lep_pct": 6.6, "rent": 1000, "rent_lowrel": 0, "rent_pct": 92.9, "income": 58991 }, "geometry": { "type": "Polygon", "coordinates": [ [ [ -122.29332, 37.80608 ], [ -122.29308, 37.80691 ], [ -122.2898, 37.81616 ], [ -122.28967, 37.81684 ], [ -122.28967, 37.817 ], [ -122.28402, 37.81562 ], [ -122.28519, 37.8124 ], [ -122.28621, 37.80961 ], [ -122.28792, 37.80485 ], [ -122.28867, 37.80275 ], [ -122.28916, 37.80277 ], [ -122.2911, 37.80253 ], [ -122.29039, 37.80437 ], [ -122.29369, 37.80508 ], [ -122.29332, 37.80608 ] ] ] } },
{ "type": "Feature", "properties": { "GEOID": "06001441926", "name": "Census Tract 4419.26", "pop": 4190, "pop_lowrel": 0, "hh": 1657, "hh_lowrel": 0, "nocar": 134, "nocar_lowrel": 0, "nocar_pct": 8.1, "age65": 420, "age65_lowrel": 0, "age65_pct": 10.0, "disab": 158, "disab_lowrel": 0, "disab_pct": 3.8, "pov": 324, "pov_lowrel": 0, "pov_pct": 7.7, "lep": 206, "lep_lowrel": 0, "lep_pct": 12.4, "rent": 1209, "rent_lowrel": 0, "rent_pct": 73.0, "income": 118083 }, "geometry": { "type": "Polygon", "coordinates": [ [ [ -121.98122, 37.54416 ], [ -121.98087, 37.54467 ], [ -121.97682, 37.5426 ], [ -121.97315, 37.54069 ], [ -121.97596, 37.53722 ], [ -121.977, 37.53786 ], [ -121.97886, 37.53889 ], [ -121.98007, 37.53848 ], [ -121.98413, 37.5404 ], [ -121.98122, 37.54416 ] ] ] } },
{ "type": "Feature", "properties": { "GEOID": "06001436302", "name": "Census Tract 4363.02", "pop": 3712, "pop_lowrel": 0, "hh": 1260, "hh_lowrel": 0, "nocar": 28, "nocar_lowrel": 1, "nocar_pct": 2.2, "age65": 425, "age65_lowrel": 0, "age65_pct": 11.4, "disab": 570, "disab_lowrel": 0, "disab_pct": 15.5, "pov": 159, "pov_lowrel": 0, "pov_pct": 4.3, "lep": 41, "lep_lowrel": 1, "lep_pct": 3.3, "rent": 882, "rent_lowrel": 0, "rent_pct": 70.0, "income": 96233 }, "geometry": { "type": "Polygon", "coordinates": [ [ [ -122.09337, 37.66839 ], [ -122.08929, 37.67001 ], [ -122.08811, 37.6705 ], [ -122.08308, 37.66692 ], [ -122.08234, 37.66615 ], [ -122.0833, 37.66439 ], [ -122.08672, 37.65818 ], [ -122.08797, 37.6559 ], [ -122.0926, 37.65989 ], [ -122.0886, 37.66142 ], [ -122.08805, 37.66172 ], [ -122.08938, 37.66409 ], [ -122.09033, 37.66403 ], [ -122.09337, 37.66839 ] ] ] } },
{ "type": "Feature", "properties": { "GEOID": "06001444100", "name": "Census Tract 4441", "pop": 6846, "pop_lowrel": 0, "hh": 2548, "hh_lowrel": 0, "nocar": 170, "nocar_lowrel": 0, "nocar_pct": 6.7, "age65": 1462, "age65_lowrel": 0, "age65_pct": 21.4, "disab": 884, "disab_lowrel": 0, "disab_pct": 12.9, "pov": 431, "pov_lowrel": 0, "pov_pct": 6.3, "lep": 242, "lep_lowrel": 0, "lep_pct": 9.5, "rent": 552, "rent_lowrel": 0, "rent_pct": 21.7, "income": 167523 }, "geometry": { "type": "Polygon", "coordinates": [ [ [ -122.04505, 37.55626 ], [ -122.04226, 37.55876 ], [ -122.03851, 37.56341 ], [ -122.03122, 37.55659 ], [ -122.02868, 37.55412 ], [ -122.0229, 37.54653 ], [ -122.02623, 37.54225 ], [ -122.02823, 37.54356 ], [ -122.02888, 37.54464 ], [ -122.02933, 37.54436 ], [ -122.03404, 37.54044 ], [ -122.0363, 37.54375 ], [ -122.04086, 37.54581 ], [ -122.04313, 37.5473 ], [ -122.05208, 37.55174 ], [ -122.04505, 37.55626 ] ] ] } },
{ "type": "Feature", "properties": { "GEOID": "06001405500", "name": "Census Tract 4055", "pop": 3674, "pop_lowrel": 0, "hh": 1657, "hh_lowrel": 0, "nocar": 247, "nocar_lowrel": 0, "nocar_pct": 14.9, "age65": 646, "age65_lowrel": 0, "age65_pct": 17.6, "disab": 408, "disab_lowrel": 0, "disab_pct": 11.1, "pov": 396, "pov_lowrel": 0, "pov_pct": 10.8, "lep": 241, "lep_lowrel": 0, "lep_pct": 14.5, "rent": 1119, "rent_lowrel": 0, "rent_pct": 67.5, "income": 92837 }, "geometry": { "type": "Polygon", "coordinates": [ [ [ -122.24841, 37.80044 ], [ -122.24654, 37.80139 ], [ -122.24398, 37.80185 ], [ -122.24235, 37.80232 ], [ -122.24167, 37.8024 ], [ -122.2422, 37.80172 ], [ -122.24296, 37.80087 ], [ -122.24129, 37.79939 ], [ -122.24047, 37.79867 ], [ -122.23964, 37.79793 ], [ -122.23797, 37.79646 ], [ -122.23983, 37.79514 ], [ -122.24169, 37.79382 ], [ -122.24335, 37.79529 ], [ -122.245, 37.79676 ], [ -122.24665, 37.79828 ], [ -122.24898, 37.80032 ], [ -122.24841, 37.80044 ] ] ] } },
{ "type": "Feature", "properties": { "GEOID": "06001409200", "name": "Census Tract 4092", "pop": 3785, "pop_lowrel": 0, "hh": 1046, "hh_lowrel": 0, "nocar": 98, "nocar_lowrel": 1, "nocar_pct": 9.4, "age65": 329, "age65_lowrel": 0, "age65_pct": 8.7, "disab": 385, "disab_lowrel": 0, "disab_pct": 10.2, "pov": 344, "pov_lowrel": 0, "pov_pct": 9.1, "lep": 147, "lep_lowrel": 0, "lep_pct": 14.1, "rent": 446, "rent_lowrel": 0, "rent_pct": 42.6, "income": 85769 }, "geometry": { "type": "Polygon", "coordinates": [ [ [ -122.18417, 37.72653 ], [ -122.17932, 37.73413 ], [ -122.17978, 37.73627 ], [ -122.1773, 37.73403 ], [ -122.17404, 37.73119 ], [ -122.17043, 37.72784 ], [ -122.1704, 37.72776 ], [ -122.17434, 37.72665 ], [ -122.1758, 37.72523 ], [ -122.18023, 37.72574 ], [ -122.18192, 37.72537 ], [ -122.18331, 37.72557 ], [ -122.18417, 37.72653 ] ] ] } },
{ "type": "Feature", "properties": { "GEOID": "06001409400", "name": "Census Tract 4094", "pop": 4983, "pop_lowrel": 0, "hh": 1348, "hh_lowrel": 0, "nocar": 72, "nocar_lowrel": 1, "nocar_pct": 5.3, "age65": 461, "age65_lowrel": 0, "age65_pct": 9.3, "disab": 603, "disab_lowrel": 0, "disab_pct": 12.1, "pov": 452, "pov_lowrel": 0, "pov_pct": 9.3, "lep": 210, "lep_lowrel": 0, "lep_pct": 15.6, "rent": 660, "rent_lowrel": 0, "rent_pct": 49.0, "income": 88707 }, "geometry": { "type": "Polygon", "coordinates": [ [ [ -122.18595, 37.74899 ], [ -122.18332, 37.74646 ], [ -122.18006, 37.74816 ], [ -122.17497, 37.75055 ], [ -122.17252, 37.74722 ], [ -122.17049, 37.74447 ], [ -122.1739, 37.74281 ], [ -122.17479, 37.74239 ], [ -122.17695, 37.74136 ], [ -122.18156, 37.73783 ], [ -122.19073, 37.74581 ], [ -122.18595, 37.74899 ] ] ] } },
{ "type": "Feature", "properties": { "GEOID": "06001407800", "name": "Census Tract 4078", "pop": 2523, "pop_lowrel": 0, "hh": 751, "hh_lowrel": 0, "nocar": 99, "nocar_lowrel": 1, "nocar_pct": 13.2, "age65": 395, "age65_lowrel": 0, "age65_pct": 15.7, "disab": 262, "disab_lowrel": 0, "disab_pct": 10.4, "pov": 409, "pov_lowrel": 0, "pov_pct": 19.6, "lep": 51, "lep_lowrel": 1, "lep_pct": 6.8, "rent": 217, "rent_lowrel": 0, "rent_pct": 28.9, "income": 105179 }, "geometry": { "type": "Polygon", "coordinates": [ [ [ -122.19623, 37.78659 ], [ -122.19577, 37.78683 ], [ -122.19218, 37.78526 ], [ -122.18778, 37.78435 ], [ -122.1807, 37.78407 ], [ -122.17945, 37.78402 ], [ -122.1784, 37.78382 ], [ -122.17733, 37.78342 ], [ -122.17362, 37.78113 ], [ -122.17506, 37.78021 ], [ -122.18019, 37.77974 ], [ -122.18256, 37.77741 ], [ -122.18401, 37.77649 ], [ -122.18537, 37.77542 ], [ -122.18597, 37.7758 ], [ -122.1883, 37.77787 ], [ -122.19202, 37.78106 ], [ -122.19354, 37.78257 ], [ -122.19363, 37.78255 ], [ -122.19592, 37.78092 ], [ -122.20012, 37.78457 ], [ -122.19623, 37.78659 ] ] ] } },
{ "type": "Feature", "properties": { "GEOID": "06001983200", "name": "Census Tract 9832", "pop": 1220, "pop_lowrel": 0, "hh": 668, "hh_lowrel": 0, "nocar": 19, "nocar_lowrel": 1, "nocar_pct": 2.8, "age65": 98, "age65_lowrel": 0, "age65_pct": 8.0, "disab": 236, "disab_lowrel": 0, "disab_pct": 19.3, "pov": 171, "pov_lowrel": 0, "pov_pct": 14.0, "lep": 8, "lep_lowrel": 1, "lep_pct": 1.2, "rent": 316, "rent_lowrel": 0, "rent_pct": 47.3, "income": 196688 }, "geometry": { "type": "Polygon", "coordinates": [ [ [ -122.28374, 37.7948 ], [ -122.28221, 37.79627 ], [ -122.27969, 37.80026 ], [ -122.27956, 37.80045 ], [ -122.27854, 37.79965 ], [ -122.27506, 37.79832 ], [ -122.27493, 37.79828 ], [ -122.27251, 37.79746 ], [ -122.27014, 37.79652 ], [ -122.27075, 37.79557 ], [ -122.27213, 37.79336 ], [ -122.27368, 37.79221 ], [ -122.27422, 37.79126 ], [ -122.27471, 37.79151 ], [ -122.27601, 37.79218 ], [ -122.27824, 37.79313 ], [ -122.2844, 37.7936 ], [ -122.28374, 37.7948 ] ] ] } },
{ "type": "Feature", "properties": { "GEOID": "06001432400", "name": "Census Tract 4324", "pop": 5818, "pop_lowrel": 0, "hh": 1746, "hh_lowrel": 0, "nocar": 126, "nocar_lowrel": 0, "nocar_pct": 7.2, "age65": 944, "age65_lowrel": 0, "age65_pct": 16.2, "disab": 838, "disab_lowrel": 0, "disab_pct": 14.4, "pov": 484, "pov_lowrel": 0, "pov_pct": 8.4, "lep": 220, "lep_lowrel": 0, "lep_pct": 12.6, "rent": 910, "rent_lowrel": 0, "rent_pct": 52.1, "income": 100000 }, "geometry": { "type": "Polygon", "coordinates": [ [ [ -122.20973, 37.71109 ], [ -122.20217, 37.71298 ], [ -122.19703, 37.71583 ], [ -122.19427, 37.71591 ], [ -122.19471, 37.71754 ], [ -122.1934, 37.71783 ], [ -122.1929, 37.71673 ], [ -122.189, 37.71789 ], [ -122.19675, 37.72413 ], [ -122.19775, 37.72517 ], [ -122.19805, 37.72623 ], [ -122.19614, 37.72601 ], [ -122.19193, 37.72729 ], [ -122.1903, 37.72886 ], [ -122.18646, 37.72759 ], [ -122.18442, 37.72612 ], [ -122.18331, 37.72557 ], [ -122.17686, 37.7191 ], [ -122.17056, 37.71313 ], [ -122.16667, 37.71042 ], [ -122.17082, 37.70871 ], [ -122.16753, 37.70369 ], [ -122.18191, 37.69766 ], [ -122.18646, 37.69565 ], [ -122.18751, 37.69679 ], [ -122.19165, 37.69555 ], [ -122.19299, 37.69468 ], [ -122.19409, 37.69552 ], [ -122.20155, 37.70502 ], [ -122.20416, 37.7116 ], [ -122.20919, 37.71001 ], [ -122.20973, 37.71109 ] ] ] } },
{ "type": "Feature", "properties": { "GEOID": "06001407101", "name": "Census Tract 4071.01", "pop": 3545, "pop_lowrel": 0, "hh": 1156, "hh_lowrel": 0, "nocar": 117, "nocar_lowrel": 0, "nocar_pct": 10.1, "age65": 412, "age65_lowrel": 0, "age65_pct": 11.6, "disab": 446, "disab_lowrel": 0, "disab_pct": 12.7, "pov": 482, "pov_lowrel": 0, "pov_pct": 13.7, "lep": 191, "lep_lowrel": 0, "lep_pct": 16.5, "rent": 681, "rent_lowrel": 0, "rent_pct": 58.9, "income": 68636 }, "geometry": { "type": "Polygon", "coordinates": [ [ [ -122.2191, 37.7822 ], [ -122.21756, 37.78371 ], [ -122.21527, 37.7851 ], [ -122.21403, 37.78583 ], [ -122.21198, 37.78704 ], [ -122.20905, 37.7844 ], [ -122.2107, 37.78322 ], [ -122.21293, 37.78165 ], [ -122.21667, 37.77904 ], [ -122.218, 37.78021 ], [ -122.21866, 37.78084 ], [ -122.2191, 37.7822 ] ] ] } },
{ "type": "Feature", "properties": { "GEOID": "06001423601", "name": "Census Tract 4236.01", "pop": 2603, "pop_lowrel": 0, "hh": 1136, "hh_lowrel": 0, "nocar": 81, "nocar_lowrel": 0, "nocar_pct": 7.1, "age65": 716, "age65_lowrel": 0, "age65_pct": 27.5, "disab": 248, "disab_lowrel": 0, "disab_pct": 9.7, "pov": 326, "pov_lowrel": 0, "pov_pct": 12.7, "lep": 10, "lep_lowrel": 1, "lep_pct": 0.9, "rent": 581, "rent_lowrel": 0, "rent_pct": 51.1, "income": 166310 }, "geometry": { "type": "Polygon", "coordinates": [ [ [ -122.26452, 37.86068 ], [ -122.25355, 37.86182 ], [ -122.25351, 37.8614 ], [ -122.25323, 37.8585 ], [ -122.2531, 37.85709 ], [ -122.25685, 37.85662 ], [ -122.26241, 37.85586 ], [ -122.26352, 37.85573 ], [ -122.26397, 37.85802 ], [ -122.26414, 37.85889 ], [ -122.26452, 37.86068 ] ] ] } },
{ "type": "Feature", "properties": { "GEOID": "06001408000", "name": "Census Tract 4080", "pop": 2758, "pop_lowrel": 0, "hh": 1005, "hh_lowrel": 0, "nocar": 47, "nocar_lowrel": 1, "nocar_pct": 4.7, "age65": 610, "age65_lowrel": 0, "age65_pct": 22.1, "disab": 395, "disab_lowrel": 0, "disab_pct": 14.7, "pov": 36, "pov_lowrel": 1, "pov_pct": 1.6, "lep": 18, "lep_lowrel": 1, "lep_pct": 1.8, "rent": 141, "rent_lowrel": 0, "rent_pct": 14.0, "income": 216989 }, "geometry": { "type": "Polygon", "coordinates": [ [ [ -122.1972, 37.81096 ], [ -122.19465, 37.81082 ], [ -122.19146, 37.80975 ], [ -122.18675, 37.80931 ], [ -122.1831, 37.8096 ], [ -122.18133, 37.80888 ], [ -122.17916, 37.80498 ], [ -122.17814, 37.80396 ], [ -122.17695, 37.80471 ], [ -122.17596, 37.8027 ], [ -122.17061, 37.80014 ], [ -122.17075, 37.79651 ], [ -122.1736, 37.79716 ], [ -122.17582, 37.79481 ], [ -122.17692, 37.79424 ], [ -122.18277, 37.79672 ], [ -122.18537, 37.79849 ], [ -122.19015, 37.80281 ], [ -122.19406, 37.80742 ], [ -122.19536, 37.8087 ], [ -122.19779, 37.81059 ], [ -122.1972, 37.81096 ] ] ] } },
{ "type": "Feature", "properties": { "GEOID": "06001403600", "name": "Census Tract 4036", "pop": 4839, "pop_lowrel": 0, "hh": 2842, "hh_lowrel": 0, "nocar": 471, "nocar_lowrel": 0, "nocar_pct": 16.6, "age65": 579, "age65_lowrel": 0, "age65_pct": 12.0, "disab": 703, "disab_lowrel": 0, "disab_pct": 14.8, "pov": 638, "pov_lowrel": 0, "pov_pct": 13.4, "lep": 199, "lep_lowrel": 1, "lep_pct": 7.0, "rent": 2402, "rent_lowrel": 0, "rent_pct": 84.5, "income": 103459 }, "geometry": { "type": "Polygon", "coordinates": [ [ [ -122.25809, 37.81417 ], [ -122.25605, 37.81533 ], [ -122.25317, 37.81699 ], [ -122.25415, 37.81865 ], [ -122.25368, 37.819 ], [ -122.25145, 37.81616 ], [ -122.25038, 37.81326 ], [ -122.24801, 37.81151 ], [ -122.2486, 37.8105 ], [ -122.25006, 37.81178 ], [ -122.25146, 37.81084 ], [ -122.25256, 37.81058 ], [ -122.25303, 37.81049 ], [ -122.25539, 37.81066 ], [ -122.25641, 37.81092 ], [ -122.25705, 37.81252 ], [ -122.25889, 37.81355 ], [ -122.25809, 37.81417 ] ] ] } },
{ "type": "Feature", "properties": { "GEOID": "06001428700", "name": "Census Tract 4287", "pop": 5600, "pop_lowrel": 0, "hh": 1787, "hh_lowrel": 0, "nocar": 222, "nocar_lowrel": 0, "nocar_pct": 12.4, "age65": 662, "age65_lowrel": 0, "age65_pct": 11.8, "disab": 533, "disab_lowrel": 0, "disab_pct": 9.9, "pov": 441, "pov_lowrel": 0, "pov_pct": 7.9, "lep": 155, "lep_lowrel": 1, "lep_pct": 8.7, "rent": 933, "rent_lowrel": 0, "rent_pct": 52.2, "income": 191528 }, "geometry": { "type": "Polygon", "coordinates": [ [ [ -122.333, 37.79905 ], [ -122.32851, 37.79749 ], [ -122.31506, 37.79458 ], [ -122.3058, 37.79257 ], [ -122.30104, 37.79195 ], [ -122.2948, 37.79216 ], [ -122.28597, 37.79362 ], [ -122.2844, 37.7936 ], [ -122.27824, 37.79313 ], [ -122.27601, 37.79218 ], [ -122.27471, 37.79151 ], [ -122.27556, 37.78994 ], [ -122.27619, 37.78903 ], [ -122.27667, 37.78801 ], [ -122.27655, 37.78421 ], [ -122.27663, 37.77968 ], [ -122.27718, 37.77966 ], [ -122.28448, 37.78 ], [ -122.28787, 37.77998 ], [ -122.29131, 37.78 ], [ -122.29139, 37.77685 ], [ -122.29109, 37.77648 ], [ -122.29074, 37.77109 ], [ -122.29151, 37.76963 ], [ -122.29987, 37.77234 ], [ -122.30643, 37.77611 ], [ -122.31539, 37.7766 ], [ -122.31777, 37.77968 ], [ -122.32802, 37.78137 ], [ -122.33162, 37.78707 ], [ -122.33094, 37.79514 ], [ -122.333, 37.79905 ] ] ] } },
{ "type": "Feature", "properties": { "GEOID": "06001440336", "name": "Census Tract 4403.36", "pop": 4169, "pop_lowrel": 0, "hh": 1321, "hh_lowrel": 0, "nocar": 73, "nocar_lowrel": 1, "nocar_pct": 5.5, "age65": 665, "age65_lowrel": 0, "age65_pct": 16.0, "disab": 439, "disab_lowrel": 0, "disab_pct": 10.6, "pov": 206, "pov_lowrel": 0, "pov_pct": 4.9, "lep": 161, "lep_lowrel": 0, "lep_pct": 12.2, "rent": 759, "rent_lowrel": 0, "rent_pct": 57.5, "income": 153699 }, "geometry": { "type": "Polygon", "coordinates": [ [ [ -122.02536, 37.57849 ], [ -122.02432, 37.57965 ], [ -122.02374, 37.58076 ], [ -122.02349, 37.58145 ], [ -122.02151, 37.58718 ], [ -122.0175, 37.58602 ], [ -122.01075, 37.58411 ], [ -122.00777, 37.58288 ], [ -122.00703, 37.58275 ], [ -122.00836, 37.57903 ], [ -122.01104, 37.58063 ], [ -122.0132, 37.5807 ], [ -122.01685, 37.57473 ], [ -122.01791, 37.57492 ], [ -122.01831, 37.57443 ], [ -122.02384, 37.57703 ], [ -122.0253, 37.57843 ], [ -122.02536, 37.57849 ] ] ] } },
{ "type": "Feature", "properties": { "GEOID": "06001441701", "name": "Census Tract 4417.01", "pop": 3490, "pop_lowrel": 0, "hh": 1225, "hh_lowrel": 0, "nocar": 60, "nocar_lowrel": 1, "nocar_pct": 4.9, "age65": 433, "age65_lowrel": 0, "age65_pct": 12.4, "disab": 145, "disab_lowrel": 0, "disab_pct": 4.2, "pov": 293, "pov_lowrel": 0, "pov_pct": 8.4, "lep": 187, "lep_lowrel": 0, "lep_pct": 15.3, "rent": 561, "rent_lowrel": 0, "rent_pct": 45.8, "income": 164306 }, "geometry": { "type": "Polygon", "coordinates": [ [ [ -122.02276, 37.5467 ], [ -122.01829, 37.55212 ], [ -122.01777, 37.55184 ], [ -122.01406, 37.55031 ], [ -122.01099, 37.55427 ], [ -122.00982, 37.55393 ], [ -122.0086, 37.55599 ], [ -122.00545, 37.5545 ], [ -122.00863, 37.55041 ], [ -122.01257, 37.54581 ], [ -122.01371, 37.54419 ], [ -122.01656, 37.54028 ], [ -122.01721, 37.53932 ], [ -122.01735, 37.53913 ], [ -122.02008, 37.54277 ], [ -122.0229, 37.54653 ], [ -122.02276, 37.5467 ] ] ] } },
{ "type": "Feature", "properties": { "GEOID": "06001442501", "name": "Census Tract 4425.01", "pop": 3204, "pop_lowrel": 0, "hh": 1077, "hh_lowrel": 0, "nocar": 65, "nocar_lowrel": 1, "nocar_pct": 6.0, "age65": 466, "age65_lowrel": 0, "age65_pct": 14.5, "disab": 489, "disab_lowrel": 0, "disab_pct": 15.9, "pov": 112, "pov_lowrel": 1, "pov_pct": 3.7, "lep": 153, "lep_lowrel": 1, "lep_pct": 14.2, "rent": 531, "rent_lowrel": 0, "rent_pct": 49.3, "income": 126875 }, "geometry": { "type": "Polygon", "coordinates": [ [ [ -121.99117, 37.53419 ], [ -121.98757, 37.53817 ], [ -121.98592, 37.53761 ], [ -121.98495, 37.53932 ], [ -121.98413, 37.5404 ], [ -121.98007, 37.53848 ], [ -121.97886, 37.53889 ], [ -121.977, 37.53786 ], [ -121.97596, 37.53722 ], [ -121.97918, 37.53326 ], [ -121.98304, 37.52844 ], [ -121.9858, 37.52985 ], [ -121.99177, 37.53293 ], [ -121.99117, 37.53419 ] ] ] } },
{ "type": "Feature", "properties": { "GEOID": "06001442700", "name": "Census Tract 4427", "pop": 3068, "pop_lowrel": 0, "hh": 1071, "hh_lowrel": 0, "nocar": 45, "nocar_lowrel": 1, "nocar_pct": 4.2, "age65": 428, "age65_lowrel": 0, "age65_pct": 14.0, "disab": 260, "disab_lowrel": 0, "disab_pct": 8.5, "pov": 90, "pov_lowrel": 1, "pov_pct": 2.9, "lep": 25, "lep_lowrel": 1, "lep_pct": 2.3, "rent": 240, "rent_lowrel": 0, "rent_pct": 22.4, "income": 209625 }, "geometry": { "type": "Polygon", "coordinates": [ [ [ -122.01721, 37.53932 ], [ -122.01656, 37.54028 ], [ -122.01371, 37.54419 ], [ -122.00534, 37.53989 ], [ -121.99852, 37.53637 ], [ -122.00085, 37.53348 ], [ -122.00134, 37.53289 ], [ -122.00224, 37.52991 ], [ -122.00236, 37.52977 ], [ -122.01486, 37.53669 ], [ -122.01735, 37.53913 ], [ -122.01721, 37.53932 ] ] ] } },
{ "type": "Feature", "properties": { "GEOID": "06001423000", "name": "Census Tract 4230", "pop": 4478, "pop_lowrel": 0, "hh": 2023, "hh_lowrel": 0, "nocar": 261, "nocar_lowrel": 0, "nocar_pct": 12.9, "age65": 740, "age65_lowrel": 0, "age65_pct": 16.5, "disab": 447, "disab_lowrel": 0, "disab_pct": 10.0, "pov": 637, "pov_lowrel": 0, "pov_pct": 14.3, "lep": 61, "lep_lowrel": 1, "lep_pct": 3.0, "rent": 1181, "rent_lowrel": 0, "rent_pct": 58.4, "income": 110536 }, "geometry": { "type": "Polygon", "coordinates": [ [ [ -122.28204, 37.87035 ], [ -122.27307, 37.87151 ], [ -122.27276, 37.86878 ], [ -122.27216, 37.86335 ], [ -122.27657, 37.86279 ], [ -122.28123, 37.86221 ], [ -122.28144, 37.86401 ], [ -122.28162, 37.86582 ], [ -122.28178, 37.86738 ], [ -122.28204, 37.87035 ] ] ] } },
{ "type": "Feature", "properties": { "GEOID": "06001435500", "name": "Census Tract 4355", "pop": 4108, "pop_lowrel": 0, "hh": 1425, "hh_lowrel": 0, "nocar": 140, "nocar_lowrel": 0, "nocar_pct": 9.8, "age65": 778, "age65_lowrel": 0, "age65_pct": 18.9, "disab": 490, "disab_lowrel": 0, "disab_pct": 12.0, "pov": 766, "pov_lowrel": 0, "pov_pct": 18.8, "lep": 343, "lep_lowrel": 0, "lep_pct": 24.1, "rent": 1063, "rent_lowrel": 0, "rent_pct": 74.6, "income": 77981 }, "geometry": { "type": "Polygon", "coordinates": [ [ [ -122.10063, 37.68572 ], [ -122.09769, 37.68675 ], [ -122.09629, 37.68804 ], [ -122.093, 37.68563 ], [ -122.09216, 37.68503 ], [ -122.09025, 37.68365 ], [ -122.08534, 37.68002 ], [ -122.08764, 37.67807 ], [ -122.08914, 37.67642 ], [ -122.09036, 37.67566 ], [ -122.09383, 37.67456 ], [ -122.0939, 37.67454 ], [ -122.09398, 37.67447 ], [ -122.09501, 37.67518 ], [ -122.09773, 37.67705 ], [ -122.09906, 37.67796 ], [ -122.09477, 37.67954 ], [ -122.09665, 37.68109 ], [ -122.09882, 37.68283 ], [ -122.09905, 37.683 ], [ -122.0992, 37.68457 ], [ -122.10063, 37.68572 ] ] ] } },
{ "type": "Feature", "properties": { "GEOID": "06001440306", "name": "Census Tract 4403.06", "pop": 3705, "pop_lowrel": 0, "hh": 1080, "hh_lowrel": 0, "nocar": 61, "nocar_lowrel": 1, "nocar_pct": 5.6, "age65": 668, "age65_lowrel": 0, "age65_pct": 18.0, "disab": 240, "disab_lowrel": 0, "disab_pct": 6.5, "pov": 181, "pov_lowrel": 1, "pov_pct": 4.9, "lep": 156, "lep_lowrel": 0, "lep_pct": 14.4, "rent": 370, "rent_lowrel": 0, "rent_pct": 34.3, "income": 100417 }, "geometry": { "type": "Polygon", "coordinates": [ [ [ -122.07406, 37.58462 ], [ -122.07229, 37.58667 ], [ -122.06906, 37.59039 ], [ -122.06873, 37.5911 ], [ -122.06471, 37.58707 ], [ -122.06432, 37.58675 ], [ -122.06387, 37.58644 ], [ -122.06218, 37.58552 ], [ -122.06282, 37.58476 ], [ -122.06744, 37.57962 ], [ -122.06794, 37.5799 ], [ -122.07281, 37.58266 ], [ -122.07406, 37.58462 ] ] ] } },
{ "type": "Feature", "properties": { "GEOID": "06001440200", "name": "Census Tract 4402", "pop": 5623, "pop_lowrel": 0, "hh": 1497, "hh_lowrel": 0, "nocar": 65, "nocar_lowrel": 1, "nocar_pct": 4.3, "age65": 1006, "age65_lowrel": 0, "age65_pct": 17.9, "disab": 661, "disab_lowrel": 0, "disab_pct": 11.8, "pov": 564, "pov_lowrel": 0, "pov_pct": 10.1, "lep": 297, "lep_lowrel": 0, "lep_pct": 19.8, "rent": 769, "rent_lowrel": 0, "rent_pct": 51.4, "income": 112962 }, "geometry": { "type": "Polygon", "coordinates": [ [ [ -122.02833, 37.60513 ], [ -122.0262, 37.60594 ], [ -122.02098, 37.60589 ], [ -122.02004, 37.60624 ], [ -122.01735, 37.60385 ], [ -122.01564, 37.60231 ], [ -122.01606, 37.60197 ], [ -122.01863, 37.59531 ], [ -122.01964, 37.59257 ], [ -122.01966, 37.59252 ], [ -122.02101, 37.59374 ], [ -122.0264, 37.59545 ], [ -122.02741, 37.59642 ], [ -122.02539, 37.59792 ], [ -122.02942, 37.60138 ], [ -122.02833, 37.60513 ] ] ] } },
{ "type": "Feature", "properties": { "GEOID": "06001422200", "name": "Census Tract 4222", "pop": 3313, "pop_lowrel": 0, "hh": 1512, "hh_lowrel": 0, "nocar": 173, "nocar_lowrel": 0, "nocar_pct": 11.4, "age65": 413, "age65_lowrel": 0, "age65_pct": 12.5, "disab": 320, "disab_lowrel": 0, "disab_pct": 9.7, "pov": 188, "pov_lowrel": 0, "pov_pct": 5.7, "lep": 85, "lep_lowrel": 1, "lep_pct": 5.6, "rent": 828, "rent_lowrel": 0, "rent_pct": 54.8, "income": 99379 }, "geometry": { "type": "Polygon", "coordinates": [ [ [ -122.29422, 37.87517 ], [ -122.28279, 37.87666 ], [ -122.28257, 37.87486 ], [ -122.28236, 37.87302 ], [ -122.28226, 37.87213 ], [ -122.28204, 37.87035 ], [ -122.28805, 37.86959 ], [ -122.29223, 37.86904 ], [ -122.29365, 37.87345 ], [ -122.29422, 37.87517 ] ] ] } },
{ "type": "Feature", "properties": { "GEOID": "06001404200", "name": "Census Tract 4042", "pop": 3661, "pop_lowrel": 0, "hh": 1448, "hh_lowrel": 0, "nocar": 37, "nocar_lowrel": 1, "nocar_pct": 2.6, "age65": 793, "age65_lowrel": 0, "age65_pct": 21.7, "disab": 321, "disab_lowrel": 0, "disab_pct": 8.8, "pov": 119, "pov_lowrel": 0, "pov_pct": 3.3, "lep": 17, "lep_lowrel": 1, "lep_pct": 1.2, "rent": 208, "rent_lowrel": 0, "rent_pct": 14.4, "income": 250001 }, "geometry": { "type": "Polygon", "coordinates": [ [ [ -122.25081, 37.83714 ], [ -122.24935, 37.83719 ], [ -122.23946, 37.8409 ], [ -122.23797, 37.84091 ], [ -122.23661, 37.8411 ], [ -122.23535, 37.84223 ], [ -122.23144, 37.84273 ], [ -122.22724, 37.84293 ], [ -122.22483, 37.84168 ], [ -122.22269, 37.83889 ], [ -122.21967, 37.83639 ], [ -122.2171, 37.83276 ], [ -122.21852, 37.83294 ], [ -122.22188, 37.8325 ], [ -122.22446, 37.83026 ], [ -122.22516, 37.83108 ], [ -122.22539, 37.83128 ], [ -122.22724, 37.8329 ], [ -122.22751, 37.83259 ], [ -122.22915, 37.83314 ], [ -122.23249, 37.83169 ], [ -122.23713, 37.83103 ], [ -122.23705, 37.83082 ], [ -122.24109, 37.83044 ], [ -122.24329, 37.83006 ], [ -122.2467, 37.83327 ], [ -122.24874, 37.83171 ], [ -122.25052, 37.83367 ], [ -122.25241, 37.83454 ], [ -122.25081, 37.83714 ] ] ] } },
{ "type": "Feature", "properties": { "GEOID": "06001404900", "name": "Census Tract 4049", "pop": 4929, "pop_lowrel": 0, "hh": 2113, "hh_lowrel": 0, "nocar": 277, "nocar_lowrel": 0, "nocar_pct": 13.1, "age65": 1043, "age65_lowrel": 0, "age65_pct": 21.2, "disab": 563, "disab_lowrel": 0, "disab_pct": 11.4, "pov": 427, "pov_lowrel": 0, "pov_pct": 8.7, "lep": 152, "lep_lowrel": 0, "lep_pct": 7.2, "rent": 842, "rent_lowrel": 0, "rent_pct": 39.8, "income": 132849 }, "geometry": { "type": "Polygon", "coordinates": [ [ [ -122.2308, 37.80291 ], [ -122.22889, 37.80457 ], [ -122.22483, 37.80631 ], [ -122.22174, 37.80776 ], [ -122.21819, 37.80915 ], [ -122.21762, 37.80959 ], [ -122.21709, 37.81019 ], [ -122.21588, 37.81113 ], [ -122.21558, 37.81151 ], [ -122.21517, 37.81228 ], [ -122.21468, 37.81269 ], [ -122.21338, 37.81218 ], [ -122.21518, 37.80985 ], [ -122.21582, 37.80539 ], [ -122.21825, 37.80086 ], [ -122.21622, 37.80029 ], [ -122.21697, 37.7984 ], [ -122.21858, 37.7988 ], [ -122.22098, 37.79936 ], [ -122.22417, 37.79998 ], [ -122.2285, 37.80097 ], [ -122.23117, 37.8026 ], [ -122.2308, 37.80291 ] ] ] } },
{ "type": "Feature", "properties": { "GEOID": "06001409900", "name": "Census Tract 4099", "pop": 3769, "pop_lowrel": 0, "hh": 1414, "hh_lowrel": 0, "nocar": 9, "nocar_lowrel": 1, "nocar_pct": 0.6, "age65": 809, "age65_lowrel": 0, "age65_pct": 21.5, "disab": 138, "disab_lowrel": 0, "disab_pct": 3.7, "pov": 71, "pov_lowrel": 1, "pov_pct": 1.9, "lep": 6, "lep_lowrel": 1, "lep_pct": 0.4, "rent": 148, "rent_lowrel": 1, "rent_pct": 10.5, "income": 203385 }, "geometry": { "type": "Polygon", "coordinates": [ [ [ -122.15582, 37.77235 ], [ -122.15396, 37.7724 ], [ -122.15094, 37.7704 ], [ -122.14775, 37.77139 ], [ -122.14459, 37.77317 ], [ -122.14225, 37.77254 ], [ -122.13841, 37.76964 ], [ -122.13636, 37.76987 ], [ -122.13507, 37.7704 ], [ -122.13172, 37.77091 ], [ -122.12868, 37.76961 ], [ -122.12525, 37.76375 ], [ -122.12456, 37.76211 ], [ -122.12421, 37.76133 ], [ -122.12383, 37.76078 ], [ -122.12328, 37.76031 ], [ -122.12293, 37.75928 ], [ -122.12274, 37.75899 ], [ -122.12129, 37.7573 ], [ -122.11618, 37.75037 ], [ -122.11581, 37.74873 ], [ -122.12082, 37.7464 ], [ -122.12401, 37.75131 ], [ -122.12738, 37.75446 ], [ -122.12952, 37.75605 ], [ -122.13852, 37.75794 ], [ -122.14009, 37.75722 ], [ -122.14183, 37.75748 ], [ -122.15056, 37.75337 ], [ -122.15121, 37.75364 ], [ -122.14821, 37.75686 ], [ -122.14774, 37.75876 ], [ -122.14814, 37.76049 ], [ -122.15517, 37.77086 ], [ -122.15629, 37.772 ], [ -122.15582, 37.77235 ] ] ] } },
{ "type": "Feature", "properties": { "GEOID": "06001409800", "name": "Census Tract 4098", "pop": 3370, "pop_lowrel": 0, "hh": 1189, "hh_lowrel": 0, "nocar": 85, "nocar_lowrel": 1, "nocar_pct": 7.1, "age65": 535, "age65_lowrel": 0, "age65_pct": 15.9, "disab": 420, "disab_lowrel": 0, "disab_pct": 12.5, "pov": 260, "pov_lowrel": 1, "pov_pct": 7.7, "lep": 0, "lep_lowrel": 0, "lep_pct": 0.0, "rent": 394, "rent_lowrel": 0, "rent_pct": 33.1, "income": 115650 }, "geometry": { "type": "Polygon", "coordinates": [ [ [ -122.1642, 37.76304 ], [ -122.16083, 37.76468 ], [ -122.16122, 37.76543 ], [ -122.15855, 37.76603 ], [ -122.15795, 37.76784 ], [ -122.1574, 37.7688 ], [ -122.15666, 37.76774 ], [ -122.15438, 37.76878 ], [ -122.15889, 37.77343 ], [ -122.15807, 37.77335 ], [ -122.15629, 37.772 ], [ -122.15517, 37.77086 ], [ -122.14814, 37.76049 ], [ -122.14774, 37.75876 ], [ -122.14821, 37.75686 ], [ -122.15121, 37.75364 ], [ -122.1521, 37.75414 ], [ -122.15274, 37.75369 ], [ -122.15355, 37.75241 ], [ -122.15438, 37.75164 ], [ -122.15739, 37.75383 ], [ -122.1604, 37.7529 ], [ -122.16141, 37.75564 ], [ -122.16198, 37.75722 ], [ -122.16343, 37.76099 ], [ -122.16494, 37.76268 ], [ -122.1642, 37.76304 ] ] ] } },
{ "type": "Feature", "properties": { "GEOID": "06001406500", "name": "Census Tract 4065", "pop": 6046, "pop_lowrel": 0, "hh": 2029, "hh_lowrel": 0, "nocar": 218, "nocar_lowrel": 0, "nocar_pct": 10.7, "age65": 895, "age65_lowrel": 0, "age65_pct": 14.8, "disab": 561, "disab_lowrel": 0, "disab_pct": 9.3, "pov": 818, "pov_lowrel": 0, "pov_pct": 13.6, "lep": 218, "lep_lowrel": 0, "lep_pct": 10.7, "rent": 1171, "rent_lowrel": 0, "rent_pct": 57.7, "income": 75969 }, "geometry": { "type": "Polygon", "coordinates": [ [ [ -122.22225, 37.78494 ], [ -122.22119, 37.7876 ], [ -122.22, 37.79052 ], [ -122.21975, 37.79115 ], [ -122.21847, 37.79448 ], [ -122.2163, 37.79369 ], [ -122.217, 37.7928 ], [ -122.21483, 37.79176 ], [ -122.21169, 37.7903 ], [ -122.2111, 37.78969 ], [ -122.20982, 37.7883 ], [ -122.21038, 37.78797 ], [ -122.21198, 37.78704 ], [ -122.21403, 37.78583 ], [ -122.21527, 37.7851 ], [ -122.21756, 37.78371 ], [ -122.2191, 37.7822 ], [ -122.21932, 37.78248 ], [ -122.22273, 37.78375 ], [ -122.22225, 37.78494 ] ] ] } },
{ "type": "Feature", "properties": { "GEOID": "06001406800", "name": "Census Tract 4068", "pop": 3747, "pop_lowrel": 0, "hh": 1439, "hh_lowrel": 0, "nocar": 95, "nocar_lowrel": 1, "nocar_pct": 6.6, "age65": 763, "age65_lowrel": 0, "age65_pct": 20.4, "disab": 459, "disab_lowrel": 0, "disab_pct": 12.3, "pov": 287, "pov_lowrel": 0, "pov_pct": 7.7, "lep": 64, "lep_lowrel": 0, "lep_pct": 4.4, "rent": 415, "rent_lowrel": 0, "rent_pct": 28.8, "income": 127966 }, "geometry": { "type": "Polygon", "coordinates": [ [ [ -122.2021, 37.79709 ], [ -122.20051, 37.79692 ], [ -122.1984, 37.80006 ], [ -122.19764, 37.7994 ], [ -122.19677, 37.79815 ], [ -122.19466, 37.80177 ], [ -122.19338, 37.80133 ], [ -122.19409, 37.80296 ], [ -122.19267, 37.80307 ], [ -122.1945, 37.80551 ], [ -122.19256, 37.80512 ], [ -122.19504, 37.80823 ], [ -122.19406, 37.80742 ], [ -122.19015, 37.80281 ], [ -122.18537, 37.79849 ], [ -122.18768, 37.79882 ], [ -122.19175, 37.79887 ], [ -122.19307, 37.79806 ], [ -122.19247, 37.7975 ], [ -122.19105, 37.7957 ], [ -122.19154, 37.79509 ], [ -122.19162, 37.79503 ], [ -122.19431, 37.79346 ], [ -122.1983, 37.79112 ], [ -122.20065, 37.79371 ], [ -122.20337, 37.7961 ], [ -122.2021, 37.79709 ] ] ] } },
{ "type": "Feature", "properties": { "GEOID": "06001428100", "name": "Census Tract 4281", "pop": 4685, "pop_lowrel": 0, "hh": 1884, "hh_lowrel": 0, "nocar": 126, "nocar_lowrel": 0, "nocar_pct": 6.7, "age65": 870, "age65_lowrel": 0, "age65_pct": 18.6, "disab": 352, "disab_lowrel": 0, "disab_pct": 7.5, "pov": 360, "pov_lowrel": 1, "pov_pct": 7.7, "lep": 126, "lep_lowrel": 1, "lep_pct": 6.7, "rent": 896, "rent_lowrel": 0, "rent_pct": 47.6, "income": 166274 }, "geometry": { "type": "Polygon", "coordinates": [ [ [ -122.24284, 37.76414 ], [ -122.24079, 37.76658 ], [ -122.23589, 37.76403 ], [ -122.2349, 37.76351 ], [ -122.23263, 37.76235 ], [ -122.22969, 37.7603 ], [ -122.22993, 37.76006 ], [ -122.22603, 37.75735 ], [ -122.22458, 37.75514 ], [ -122.22378, 37.75443 ], [ -122.22458, 37.75303 ], [ -122.22506, 37.75339 ], [ -122.22732, 37.75495 ], [ -122.22971, 37.75309 ], [ -122.23093, 37.75391 ], [ -122.23423, 37.75619 ], [ -122.23499, 37.75672 ], [ -122.2376, 37.75854 ], [ -122.23944, 37.75973 ], [ -122.24424, 37.76249 ], [ -122.24284, 37.76414 ] ] ] } },
{ "type": "Feature", "properties": { "GEOID": "06001409700", "name": "Census Tract 4097", "pop": 5543, "pop_lowrel": 0, "hh": 1742, "hh_lowrel": 0, "nocar": 567, "nocar_lowrel": 0, "nocar_pct": 32.5, "age65": 413, "age65_lowrel": 0, "age65_pct": 7.5, "disab": 911, "disab_lowrel": 0, "disab_pct": 16.4, "pov": 1872, "pov_lowrel": 0, "pov_pct": 34.0, "lep": 112, "lep_lowrel": 1, "lep_pct": 6.4, "rent": 1192, "rent_lowrel": 0, "rent_pct": 68.4, "income": 37237 }, "geometry": { "type": "Polygon", "coordinates": [ [ [ -122.17055, 37.76 ], [ -122.16873, 37.7609 ], [ -122.16494, 37.76268 ], [ -122.16343, 37.76099 ], [ -122.16198, 37.75722 ], [ -122.16141, 37.75564 ], [ -122.1604, 37.7529 ], [ -122.16404, 37.75119 ], [ -122.16715, 37.74971 ], [ -122.16829, 37.75126 ], [ -122.16787, 37.75265 ], [ -122.16757, 37.75279 ], [ -122.16953, 37.75542 ], [ -122.16998, 37.75605 ], [ -122.1723, 37.75915 ], [ -122.17055, 37.76 ] ] ] } },
{ "type": "Feature", "properties": { "GEOID": "06001435900", "name": "Census Tract 4359", "pop": 4985, "pop_lowrel": 0, "hh": 1563, "hh_lowrel": 0, "nocar": 28, "nocar_lowrel": 1, "nocar_pct": 1.8, "age65": 779, "age65_lowrel": 0, "age65_pct": 15.6, "disab": 454, "disab_lowrel": 0, "disab_pct": 9.1, "pov": 84, "pov_lowrel": 1, "pov_pct": 1.7, "lep": 165, "lep_lowrel": 0, "lep_pct": 10.6, "rent": 251, "rent_lowrel": 0, "rent_pct": 16.1, "income": 117891 }, "geometry": { "type": "Polygon", "coordinates": [ [ [ -122.16205, 37.66756 ], [ -122.15506, 37.67114 ], [ -122.15232, 37.67256 ], [ -122.15434, 37.67474 ], [ -122.15447, 37.67489 ], [ -122.15472, 37.67516 ], [ -122.15114, 37.67679 ], [ -122.14498, 37.67972 ], [ -122.1438, 37.68172 ], [ -122.14072, 37.68409 ], [ -122.13872, 37.68478 ], [ -122.137, 37.67962 ], [ -122.14002, 37.67841 ], [ -122.13765, 37.67469 ], [ -122.14016, 37.67367 ], [ -122.13849, 37.67144 ], [ -122.13814, 37.67099 ], [ -122.13962, 37.67031 ], [ -122.14699, 37.66684 ], [ -122.14592, 37.66568 ], [ -122.14945, 37.664 ], [ -122.15086, 37.66278 ], [ -122.15243, 37.66395 ], [ -122.16011, 37.66384 ], [ -122.16037, 37.66465 ], [ -122.16205, 37.66756 ] ] ] } },
{ "type": "Feature", "properties": { "GEOID": "06001430900", "name": "Census Tract 4309", "pop": 5539, "pop_lowrel": 0, "hh": 1810, "hh_lowrel": 0, "nocar": 188, "nocar_lowrel": 1, "nocar_pct": 10.4, "age65": 608, "age65_lowrel": 0, "age65_pct": 11.0, "disab": 465, "disab_lowrel": 0, "disab_pct": 8.6, "pov": 795, "pov_lowrel": 0, "pov_pct": 14.7, "lep": 182, "lep_lowrel": 0, "lep_pct": 10.1, "rent": 1166, "rent_lowrel": 0, "rent_pct": 64.4, "income": 120000 }, "geometry": { "type": "Polygon", "coordinates": [ [ [ -122.09189, 37.70044 ], [ -122.08817, 37.70114 ], [ -122.08529, 37.70167 ], [ -122.08383, 37.70171 ], [ -122.08224, 37.70174 ], [ -122.07546, 37.70185 ], [ -122.07406, 37.70182 ], [ -122.07406, 37.70131 ], [ -122.07397, 37.69562 ], [ -122.07467, 37.69566 ], [ -122.07719, 37.69566 ], [ -122.08096, 37.69563 ], [ -122.083, 37.69537 ], [ -122.08665, 37.6943 ], [ -122.08969, 37.6929 ], [ -122.09189, 37.70044 ] ] ] } },
{ "type": "Feature", "properties": { "GEOID": "06001432200", "name": "Census Tract 4322", "pop": 3904, "pop_lowrel": 0, "hh": 1498, "hh_lowrel": 0, "nocar": 210, "nocar_lowrel": 0, "nocar_pct": 14.0, "age65": 802, "age65_lowrel": 0, "age65_pct": 20.5, "disab": 622, "disab_lowrel": 0, "disab_pct": 16.0, "pov": 269, "pov_lowrel": 0, "pov_pct": 6.9, "lep": 154, "lep_lowrel": 0, "lep_pct": 10.3, "rent": 777, "rent_lowrel": 0, "rent_pct": 51.9, "income": 85000 }, "geometry": { "type": "Polygon", "coordinates": [ [ [ -122.16416, 37.73594 ], [ -122.1605, 37.73761 ], [ -122.16007, 37.73769 ], [ -122.15512, 37.73908 ], [ -122.15244, 37.73548 ], [ -122.15106, 37.73357 ], [ -122.15019, 37.73237 ], [ -122.14874, 37.72913 ], [ -122.15017, 37.72826 ], [ -122.15461, 37.72803 ], [ -122.15621, 37.72844 ], [ -122.15752, 37.72687 ], [ -122.16033, 37.73083 ], [ -122.16175, 37.73274 ], [ -122.16334, 37.73486 ], [ -122.16416, 37.73594 ] ] ] } },
{ "type": "Feature", "properties": { "GEOID": "06001410000", "name": "Census Tract 4100", "pop": 3116, "pop_lowrel": 0, "hh": 1207, "hh_lowrel": 0, "nocar": 41, "nocar_lowrel": 1, "nocar_pct": 3.4, "age65": 913, "age65_lowrel": 0, "age65_pct": 29.3, "disab": 359, "disab_lowrel": 0, "disab_pct": 11.5, "pov": 103, "pov_lowrel": 1, "pov_pct": 3.3, "lep": 11, "lep_lowrel": 1, "lep_pct": 0.9, "rent": 143, "rent_lowrel": 0, "rent_pct": 11.8, "income": 188203 }, "geometry": { "type": "Polygon", "coordinates": [ [ [ -122.15121, 37.75364 ], [ -122.15056, 37.75337 ], [ -122.14183, 37.75748 ], [ -122.14009, 37.75722 ], [ -122.13852, 37.75794 ], [ -122.12952, 37.75605 ], [ -122.12738, 37.75446 ], [ -122.12401, 37.75131 ], [ -122.12082, 37.7464 ], [ -122.11581, 37.74873 ], [ -122.1155, 37.74887 ], [ -122.1148, 37.74016 ], [ -122.11509, 37.73528 ], [ -122.11996, 37.73204 ], [ -122.12121, 37.73181 ], [ -122.12217, 37.72939 ], [ -122.12446, 37.72859 ], [ -122.12724, 37.72983 ], [ -122.13123, 37.73043 ], [ -122.13235, 37.73173 ], [ -122.13049, 37.73277 ], [ -122.13262, 37.73391 ], [ -122.13444, 37.73431 ], [ -122.13669, 37.73187 ], [ -122.13841, 37.73097 ], [ -122.13875, 37.73095 ], [ -122.13898, 37.73093 ], [ -122.13989, 37.73447 ], [ -122.14024, 37.73605 ], [ -122.14077, 37.73728 ], [ -122.14404, 37.74031 ], [ -122.14605, 37.7428 ], [ -122.14588, 37.74297 ], [ -122.14865, 37.74513 ], [ -122.15168, 37.75112 ], [ -122.15121, 37.75364 ] ] ] } },
{ "type": "Feature", "properties": { "GEOID": "06001432700", "name": "Census Tract 4327", "pop": 2509, "pop_lowrel": 0, "hh": 925, "hh_lowrel": 0, "nocar": 35, "nocar_lowrel": 1, "nocar_pct": 3.8, "age65": 534, "age65_lowrel": 0, "age65_pct": 21.3, "disab": 211, "disab_lowrel": 0, "disab_pct": 8.4, "pov": 211, "pov_lowrel": 0, "pov_pct": 8.4, "lep": 97, "lep_lowrel": 0, "lep_pct": 10.5, "rent": 221, "rent_lowrel": 0, "rent_pct": 23.9, "income": 133850 }, "geometry": { "type": "Polygon", "coordinates": [ [ [ -122.14823, 37.72973 ], [ -122.14798, 37.73134 ], [ -122.14054, 37.73146 ], [ -122.13898, 37.73093 ], [ -122.13875, 37.73095 ], [ -122.1384, 37.72976 ], [ -122.13728, 37.72473 ], [ -122.13558, 37.72228 ], [ -122.13751, 37.72388 ], [ -122.1413, 37.72285 ], [ -122.1455, 37.72167 ], [ -122.14673, 37.72449 ], [ -122.14789, 37.72716 ], [ -122.14874, 37.72913 ], [ -122.14823, 37.72973 ] ] ] } },
{ "type": "Feature", "properties": { "GEOID": "06001428200", "name": "Census Tract 4282", "pop": 6385, "pop_lowrel": 0, "hh": 2680, "hh_lowrel": 0, "nocar": 152, "nocar_lowrel": 1, "nocar_pct": 5.7, "age65": 1594, "age65_lowrel": 0, "age65_pct": 25.0, "disab": 947, "disab_lowrel": 0, "disab_pct": 14.9, "pov": 449, "pov_lowrel": 0, "pov_pct": 7.1, "lep": 168, "lep_lowrel": 0, "lep_pct": 6.3, "rent": 1085, "rent_lowrel": 0, "rent_pct": 40.5, "income": 120875 }, "geometry": { "type": "Polygon", "coordinates": [ [ [ -122.24923, 37.75567 ], [ -122.24842, 37.75746 ], [ -122.2463, 37.76004 ], [ -122.24558, 37.76086 ], [ -122.24424, 37.76249 ], [ -122.23944, 37.75973 ], [ -122.2376, 37.75854 ], [ -122.23499, 37.75672 ], [ -122.23423, 37.75619 ], [ -122.23093, 37.75391 ], [ -122.22971, 37.75309 ], [ -122.22732, 37.75495 ], [ -122.22506, 37.75339 ], [ -122.22458, 37.75303 ], [ -122.22608, 37.74967 ], [ -122.23641, 37.74855 ], [ -122.24849, 37.74899 ], [ -122.24494, 37.75029 ], [ -122.24395, 37.75178 ], [ -122.25056, 37.75408 ], [ -122.24923, 37.75567 ] ] ] } },
{ "type": "Feature", "properties": { "GEOID": "06001451300", "name": "Census Tract 4513", "pop": 6448, "pop_lowrel": 0, "hh": 2395, "hh_lowrel": 0, "nocar": 207, "nocar_lowrel": 1, "nocar_pct": 8.6, "age65": 807, "age65_lowrel": 0, "age65_pct": 12.5, "disab": 563, "disab_lowrel": 0, "disab_pct": 8.7, "pov": 276, "pov_lowrel": 1, "pov_pct": 4.3, "lep": 86, "lep_lowrel": 1, "lep_pct": 3.6, "rent": 538, "rent_lowrel": 0, "rent_pct": 22.5, "income": 158762 }, "geometry": { "type": "Polygon", "coordinates": [ [ [ -121.8495, 37.70135 ], [ -121.84499, 37.70132 ], [ -121.83338, 37.70121 ], [ -121.82338, 37.70114 ], [ -121.82329, 37.70114 ], [ -121.80831, 37.701 ], [ -121.79481, 37.70088 ], [ -121.78914, 37.69977 ], [ -121.78571, 37.69974 ], [ -121.78531, 37.69977 ], [ -121.78527, 37.69954 ], [ -121.78497, 37.69649 ], [ -121.78408, 37.69552 ], [ -121.78535, 37.69453 ], [ -121.79047, 37.6922 ], [ -121.79081, 37.68901 ], [ -121.79082, 37.68836 ], [ -121.79092, 37.68289 ], [ -121.79058, 37.68069 ], [ -121.78881, 37.67953 ], [ -121.78812, 37.67895 ], [ -121.78748, 37.67811 ], [ -121.78915, 37.67789 ], [ -121.79527, 37.67725 ], [ -121.80141, 37.67659 ], [ -121.80548, 37.67616 ], [ -121.82373, 37.67415 ], [ -121.82674, 37.67384 ], [ -121.82683, 37.67632 ], [ -121.83314, 37.68104 ], [ -121.83765, 37.68581 ], [ -121.83788, 37.68603 ], [ -121.84316, 37.69108 ], [ -121.84708, 37.69149 ], [ -121.84819, 37.69211 ], [ -121.84838, 37.6927 ], [ -121.84842, 37.69368 ], [ -121.84824, 37.69396 ], [ -121.84826, 37.69442 ], [ -121.84836, 37.69973 ], [ -121.8495, 37.70135 ] ] ] } },
{ "type": "Feature", "properties": { "GEOID": "06001406000", "name": "Census Tract 4060", "pop": 5157, "pop_lowrel": 0, "hh": 2310, "hh_lowrel": 0, "nocar": 771, "nocar_lowrel": 0, "nocar_pct": 33.4, "age65": 1069, "age65_lowrel": 0, "age65_pct": 20.7, "disab": 1092, "disab_lowrel": 0, "disab_pct": 21.4, "pov": 840, "pov_lowrel": 0, "pov_pct": 16.4, "lep": 551, "lep_lowrel": 0, "lep_pct": 23.9, "rent": 2053, "rent_lowrel": 0, "rent_pct": 88.9, "income": 60441 }, "geometry": { "type": "Polygon", "coordinates": [ [ [ -122.26445, 37.79068 ], [ -122.26302, 37.79082 ], [ -122.26133, 37.79381 ], [ -122.26081, 37.79528 ], [ -122.25958, 37.79632 ], [ -122.2595, 37.79683 ], [ -122.25955, 37.7983 ], [ -122.25713, 37.79873 ], [ -122.25548, 37.79724 ], [ -122.25467, 37.7965 ], [ -122.25386, 37.79578 ], [ -122.25136, 37.79356 ], [ -122.25052, 37.79283 ], [ -122.24801, 37.79063 ], [ -122.24717, 37.78991 ], [ -122.24524, 37.78899 ], [ -122.24104, 37.78649 ], [ -122.2359, 37.78341 ], [ -122.23861, 37.78377 ], [ -122.23742, 37.78213 ], [ -122.23632, 37.77664 ], [ -122.23586, 37.77264 ], [ -122.23657, 37.77173 ], [ -122.2405, 37.77373 ], [ -122.24354, 37.77628 ], [ -122.24482, 37.77912 ], [ -122.24522, 37.78303 ], [ -122.24659, 37.78468 ], [ -122.25133, 37.78688 ], [ -122.25396, 37.78678 ], [ -122.25689, 37.78568 ], [ -122.26006, 37.78449 ], [ -122.26854, 37.78793 ], [ -122.26445, 37.79068 ] ] ] } },
{ "type": "Feature", "properties": { "GEOID": "06001450741", "name": "Census Tract 4507.41", "pop": 5212, "pop_lowrel": 0, "hh": 1857, "hh_lowrel": 0, "nocar": 188, "nocar_lowrel": 0, "nocar_pct": 10.1, "age65": 1012, "age65_lowrel": 0, "age65_pct": 19.4, "disab": 480, "disab_lowrel": 0, "disab_pct": 9.5, "pov": 763, "pov_lowrel": 1, "pov_pct": 15.0, "lep": 128, "lep_lowrel": 0, "lep_pct": 6.9, "rent": 740, "rent_lowrel": 0, "rent_pct": 39.8, "income": 203321 }, "geometry": { "type": "Polygon", "coordinates": [ [ [ -121.87741, 37.65645 ], [ -121.87122, 37.66199 ], [ -121.86999, 37.66314 ], [ -121.86808, 37.66494 ], [ -121.86496, 37.66782 ], [ -121.86191, 37.66935 ], [ -121.85787, 37.67044 ], [ -121.85606, 37.66558 ], [ -121.85587, 37.6649 ], [ -121.85591, 37.6648 ], [ -121.85673, 37.66279 ], [ -121.85919, 37.65628 ], [ -121.85995, 37.65481 ], [ -121.86264, 37.65326 ], [ -121.86398, 37.65198 ], [ -121.86457, 37.65178 ], [ -121.86917, 37.65235 ], [ -121.87683, 37.6558 ], [ -121.8776, 37.65632 ], [ -121.87741, 37.65645 ] ] ] } },
{ "type": "Feature", "properties": { "GEOID": "06001451401", "name": "Census Tract 4514.01", "pop": 5414, "pop_lowrel": 0, "hh": 2211, "hh_lowrel": 0, "nocar": 68, "nocar_lowrel": 1, "nocar_pct": 3.1, "age65": 789, "age65_lowrel": 0, "age65_pct": 14.6, "disab": 610, "disab_lowrel": 0, "disab_pct": 11.3, "pov": 334, "pov_lowrel": 0, "pov_pct": 6.2, "lep": 188, "lep_lowrel": 1, "lep_pct": 8.5, "rent": 983, "rent_lowrel": 0, "rent_pct": 44.5, "income": 120610 }, "geometry": { "type": "Polygon", "coordinates": [ [ [ -121.78531, 37.69977 ], [ -121.77392, 37.70095 ], [ -121.76299, 37.70274 ], [ -121.75936, 37.70301 ], [ -121.74867, 37.70265 ], [ -121.74314, 37.70246 ], [ -121.74028, 37.70273 ], [ -121.7406, 37.70166 ], [ -121.74436, 37.69653 ], [ -121.74716, 37.69453 ], [ -121.75131, 37.69159 ], [ -121.75279, 37.6908 ], [ -121.75809, 37.68803 ], [ -121.76243, 37.68618 ], [ -121.76487, 37.68589 ], [ -121.77245, 37.68955 ], [ -121.77311, 37.69103 ], [ -121.77505, 37.69111 ], [ -121.77598, 37.69132 ], [ -121.78135, 37.69389 ], [ -121.78339, 37.69507 ], [ -121.78408, 37.69552 ], [ -121.78497, 37.69649 ], [ -121.78527, 37.69954 ], [ -121.78531, 37.69977 ] ] ] } },
{ "type": "Feature", "properties": { "GEOID": "06001421600", "name": "Census Tract 4216", "pop": 4008, "pop_lowrel": 0, "hh": 1609, "hh_lowrel": 0, "nocar": 69, "nocar_lowrel": 0, "nocar_pct": 4.3, "age65": 1038, "age65_lowrel": 0, "age65_pct": 25.9, "disab": 451, "disab_lowrel": 0, "disab_pct": 11.4, "pov": 344, "pov_lowrel": 0, "pov_pct": 8.7, "lep": 37, "lep_lowrel": 1, "lep_pct": 2.3, "rent": 316, "rent_lowrel": 0, "rent_pct": 19.6, "income": 232344 }, "geometry": { "type": "Polygon", "coordinates": [ [ [ -122.26661, 37.88603 ], [ -122.26257, 37.88652 ], [ -122.2617, 37.88305 ], [ -122.25986, 37.88328 ], [ -122.25903, 37.88475 ], [ -122.26027, 37.88615 ], [ -122.25691, 37.88686 ], [ -122.25533, 37.88806 ], [ -122.25479, 37.88782 ], [ -122.25414, 37.88916 ], [ -122.25338, 37.88816 ], [ -122.25188, 37.89096 ], [ -122.24915, 37.89113 ], [ -122.25029, 37.88983 ], [ -122.24926, 37.88697 ], [ -122.24691, 37.88535 ], [ -122.24683, 37.88407 ], [ -122.24644, 37.8812 ], [ -122.24683, 37.8812 ], [ -122.24927, 37.8809 ], [ -122.25508, 37.88026 ], [ -122.25664, 37.87996 ], [ -122.25821, 37.88057 ], [ -122.25805, 37.87982 ], [ -122.26575, 37.87881 ], [ -122.26598, 37.88061 ], [ -122.26615, 37.88242 ], [ -122.26661, 37.88603 ] ] ] } },
{ "type": "Feature", "properties": { "GEOID": "06001450605", "name": "Census Tract 4506.05", "pop": 3895, "pop_lowrel": 0, "hh": 1326, "hh_lowrel": 0, "nocar": 18, "nocar_lowrel": 1, "nocar_pct": 1.4, "age65": 575, "age65_lowrel": 0, "age65_pct": 14.8, "disab": 264, "disab_lowrel": 0, "disab_pct": 6.8, "pov": 37, "pov_lowrel": 1, "pov_pct": 0.9, "lep": 100, "lep_lowrel": 1, "lep_pct": 7.5, "rent": 309, "rent_lowrel": 0, "rent_pct": 23.3, "income": 198500 }, "geometry": { "type": "Polygon", "coordinates": [ [ [ -121.89571, 37.67673 ], [ -121.89342, 37.67676 ], [ -121.88801, 37.67675 ], [ -121.88505, 37.67673 ], [ -121.88045, 37.67674 ], [ -121.87401, 37.67673 ], [ -121.87343, 37.67493 ], [ -121.87268, 37.67274 ], [ -121.87274, 37.67141 ], [ -121.87346, 37.66739 ], [ -121.8738, 37.66548 ], [ -121.87404, 37.66477 ], [ -121.87754, 37.66584 ], [ -121.88193, 37.66581 ], [ -121.88375, 37.66746 ], [ -121.88424, 37.66795 ], [ -121.88547, 37.66876 ], [ -121.88884, 37.67077 ], [ -121.89037, 37.67186 ], [ -121.89705, 37.67601 ], [ -121.89571, 37.67673 ] ] ] } },
{ "type": "Feature", "properties": { "GEOID": "06001430200", "name": "Census Tract 4302", "pop": 7195, "pop_lowrel": 0, "hh": 2298, "hh_lowrel": 0, "nocar": 26, "nocar_lowrel": 1, "nocar_pct": 1.1, "age65": 1810, "age65_lowrel": 0, "age65_pct": 25.2, "disab": 803, "disab_lowrel": 0, "disab_pct": 11.3, "pov": 168, "pov_lowrel": 0, "pov_pct": 2.4, "lep": 117, "lep_lowrel": 1, "lep_pct": 5.1, "rent": 171, "rent_lowrel": 0, "rent_pct": 7.4, "income": 181136 }, "geometry": { "type": "Polygon", "coordinates": [ [ [ -122.07526, 37.72074 ], [ -122.0681, 37.72058 ], [ -122.06556, 37.72017 ], [ -122.06169, 37.72955 ], [ -122.05993, 37.73878 ], [ -122.06151, 37.74368 ], [ -122.06221, 37.74843 ], [ -122.05921, 37.75265 ], [ -122.05782, 37.75102 ], [ -122.05824, 37.74976 ], [ -122.05662, 37.74806 ], [ -122.05566, 37.7429 ], [ -122.05441, 37.74143 ], [ -122.05365, 37.73817 ], [ -122.05394, 37.73739 ], [ -122.05192, 37.73339 ], [ -122.05132, 37.73115 ], [ -122.05232, 37.72943 ], [ -122.05271, 37.72719 ], [ -122.05215, 37.72387 ], [ -122.05421, 37.72143 ], [ -122.05453, 37.71785 ], [ -122.05433, 37.71511 ], [ -122.05558, 37.71208 ], [ -122.05563, 37.70945 ], [ -122.05654, 37.7042 ], [ -122.0554, 37.70378 ], [ -122.05798, 37.70372 ], [ -122.05922, 37.70386 ], [ -122.06062, 37.70401 ], [ -122.06136, 37.70389 ], [ -122.06504, 37.70423 ], [ -122.06672, 37.7044 ], [ -122.0741, 37.70475 ], [ -122.07401, 37.70672 ], [ -122.07403, 37.7096 ], [ -122.07394, 37.71087 ], [ -122.07384, 37.71399 ], [ -122.07373, 37.71674 ], [ -122.07379, 37.71875 ], [ -122.07526, 37.72074 ] ] ] } },
{ "type": "Feature", "properties": { "GEOID": "06001400700", "name": "Census Tract 4007", "pop": 4576, "pop_lowrel": 0, "hh": 1985, "hh_lowrel": 0, "nocar": 123, "nocar_lowrel": 0, "nocar_pct": 6.2, "age65": 455, "age65_lowrel": 0, "age65_pct": 9.9, "disab": 519, "disab_lowrel": 0, "disab_pct": 11.3, "pov": 563, "pov_lowrel": 0, "pov_pct": 12.3, "lep": 69, "lep_lowrel": 1, "lep_pct": 3.5, "rent": 1157, "rent_lowrel": 0, "rent_pct": 58.3, "income": 127083 }, "geometry": { "type": "Polygon", "coordinates": [ [ [ -122.27777, 37.84752 ], [ -122.27746, 37.84756 ], [ -122.27619, 37.84773 ], [ -122.27617, 37.84766 ], [ -122.2758, 37.84587 ], [ -122.27124, 37.84646 ], [ -122.26914, 37.84674 ], [ -122.26923, 37.8472 ], [ -122.26876, 37.84726 ], [ -122.26818, 37.84459 ], [ -122.26807, 37.84414 ], [ -122.26756, 37.84167 ], [ -122.26726, 37.84015 ], [ -122.26665, 37.83748 ], [ -122.27464, 37.83641 ], [ -122.27564, 37.83645 ], [ -122.27622, 37.83682 ], [ -122.27572, 37.83816 ], [ -122.27631, 37.83927 ], [ -122.27658, 37.84068 ], [ -122.27703, 37.84339 ], [ -122.27701, 37.84359 ], [ -122.27719, 37.84482 ], [ -122.27755, 37.84704 ], [ -122.27777, 37.84752 ] ] ] } },
{ "type": "Feature", "properties": { "GEOID": "06001435200", "name": "Census Tract 4352", "pop": 4389, "pop_lowrel": 0, "hh": 1403, "hh_lowrel": 0, "nocar": 27, "nocar_lowrel": 1, "nocar_pct": 1.9, "age65": 1131, "age65_lowrel": 0, "age65_pct": 25.8, "disab": 652, "disab_lowrel": 0, "disab_pct": 15.0, "pov": 232, "pov_lowrel": 1, "pov_pct": 5.4, "lep": 65, "lep_lowrel": 1, "lep_pct": 4.6, "rent": 257, "rent_lowrel": 0, "rent_pct": 18.3, "income": 142574 }, "geometry": { "type": "Polygon", "coordinates": [ [ [ -122.06374, 37.68406 ], [ -122.06322, 37.68595 ], [ -122.06216, 37.68589 ], [ -122.05888, 37.69219 ], [ -122.05892, 37.69223 ], [ -122.05972, 37.69247 ], [ -122.05997, 37.69359 ], [ -122.05806, 37.69391 ], [ -122.05696, 37.69396 ], [ -122.05677, 37.69396 ], [ -122.05183, 37.69358 ], [ -122.04874, 37.69402 ], [ -122.04686, 37.69473 ], [ -122.0448, 37.69602 ], [ -122.04417, 37.69488 ], [ -122.04446, 37.69253 ], [ -122.04515, 37.69168 ], [ -122.04604, 37.69203 ], [ -122.04663, 37.69149 ], [ -122.04727, 37.69094 ], [ -122.04715, 37.68967 ], [ -122.04688, 37.68897 ], [ -122.04644, 37.68863 ], [ -122.04576, 37.68847 ], [ -122.04544, 37.68821 ], [ -122.04398, 37.687 ], [ -122.04374, 37.68672 ], [ -122.04259, 37.68331 ], [ -122.04113, 37.68056 ], [ -122.04078, 37.67937 ], [ -122.04439, 37.67499 ], [ -122.04829, 37.67599 ], [ -122.04903, 37.67709 ], [ -122.05052, 37.67877 ], [ -122.05433, 37.68396 ], [ -122.05463, 37.68456 ], [ -122.0581, 37.68423 ], [ -122.05847, 37.6842 ], [ -122.0626, 37.68388 ], [ -122.06382, 37.68376 ], [ -122.06374, 37.68406 ] ] ] } },
{ "type": "Feature", "properties": { "GEOID": "06001423300", "name": "Census Tract 4233", "pop": 3623, "pop_lowrel": 0, "hh": 1476, "hh_lowrel": 0, "nocar": 253, "nocar_lowrel": 0, "nocar_pct": 17.1, "age65": 616, "age65_lowrel": 0, "age65_pct": 17.0, "disab": 521, "disab_lowrel": 0, "disab_pct": 14.4, "pov": 617, "pov_lowrel": 1, "pov_pct": 17.0, "lep": 60, "lep_lowrel": 1, "lep_pct": 4.1, "rent": 647, "rent_lowrel": 0, "rent_pct": 43.8, "income": 101571 }, "geometry": { "type": "Polygon", "coordinates": [ [ [ -122.28965, 37.8611 ], [ -122.28123, 37.86221 ], [ -122.28063, 37.86049 ], [ -122.28045, 37.85961 ], [ -122.28027, 37.85873 ], [ -122.2797, 37.85603 ], [ -122.27912, 37.85329 ], [ -122.28143, 37.85319 ], [ -122.28679, 37.85218 ], [ -122.28826, 37.85685 ], [ -122.28879, 37.85851 ], [ -122.28965, 37.8611 ] ] ] } },
{ "type": "Feature", "properties": { "GEOID": "06001421900", "name": "Census Tract 4219", "pop": 4110, "pop_lowrel": 0, "hh": 1667, "hh_lowrel": 0, "nocar": 183, "nocar_lowrel": 0, "nocar_pct": 11.0, "age65": 740, "age65_lowrel": 0, "age65_pct": 18.0, "disab": 401, "disab_lowrel": 0, "disab_pct": 9.8, "pov": 233, "pov_lowrel": 0, "pov_pct": 5.7, "lep": 11, "lep_lowrel": 1, "lep_pct": 0.7, "rent": 574, "rent_lowrel": 0, "rent_pct": 34.4, "income": 154219 }, "geometry": { "type": "Polygon", "coordinates": [ [ [ -122.29688, 37.88347 ], [ -122.29402, 37.88292 ], [ -122.29076, 37.88315 ], [ -122.29028, 37.88302 ], [ -122.28857, 37.8829 ], [ -122.28723, 37.88253 ], [ -122.28425, 37.88245 ], [ -122.28292, 37.88251 ], [ -122.28268, 37.88125 ], [ -122.28327, 37.88093 ], [ -122.28279, 37.87666 ], [ -122.29422, 37.87517 ], [ -122.29535, 37.87868 ], [ -122.29688, 37.88347 ] ] ] } },
{ "type": "Feature", "properties": { "GEOID": "06001422400", "name": "Census Tract 4224", "pop": 4096, "pop_lowrel": 0, "hh": 2013, "hh_lowrel": 0, "nocar": 816, "nocar_lowrel": 0, "nocar_pct": 40.5, "age65": 463, "age65_lowrel": 0, "age65_pct": 11.3, "disab": 431, "disab_lowrel": 0, "disab_pct": 10.5, "pov": 593, "pov_lowrel": 0, "pov_pct": 14.5, "lep": 101, "lep_lowrel": 1, "lep_pct": 5.0, "rent": 1610, "rent_lowrel": 0, "rent_pct": 80.0, "income": 88902 }, "geometry": { "type": "Polygon", "coordinates": [ [ [ -122.27375, 37.87779 ], [ -122.26918, 37.87838 ], [ -122.26575, 37.87881 ], [ -122.26565, 37.87731 ], [ -122.26565, 37.87697 ], [ -122.26545, 37.87651 ], [ -122.26538, 37.8743 ], [ -122.26633, 37.87419 ], [ -122.26616, 37.87239 ], [ -122.2684, 37.87211 ], [ -122.27073, 37.87183 ], [ -122.27307, 37.87151 ], [ -122.27326, 37.87333 ], [ -122.27336, 37.87422 ], [ -122.27357, 37.87598 ], [ -122.27375, 37.87779 ] ] ] } },
{ "type": "Feature", "properties": { "GEOID": "06001423902", "name": "Census Tract 4239.02", "pop": 1537, "pop_lowrel": 0, "hh": 702, "hh_lowrel": 0, "nocar": 71, "nocar_lowrel": 0, "nocar_pct": 10.1, "age65": 294, "age65_lowrel": 0, "age65_pct": 19.1, "disab": 224, "disab_lowrel": 0, "disab_pct": 14.8, "pov": 274, "pov_lowrel": 0, "pov_pct": 18.2, "lep": 17, "lep_lowrel": 1, "lep_pct": 2.4, "rent": 475, "rent_lowrel": 0, "rent_pct": 67.7, "income": 165893 }, "geometry": { "type": "Polygon", "coordinates": [ [ [ -122.26241, 37.85586 ], [ -122.25685, 37.85662 ], [ -122.2531, 37.85709 ], [ -122.25335, 37.85383 ], [ -122.2562, 37.85345 ], [ -122.25725, 37.85318 ], [ -122.25837, 37.8532 ], [ -122.26022, 37.85279 ], [ -122.26183, 37.85258 ], [ -122.26241, 37.85586 ] ] ] } },
{ "type": "Feature", "properties": { "GEOID": "06001400100", "name": "Census Tract 4001", "pop": 3132, "pop_lowrel": 0, "hh": 1337, "hh_lowrel": 0, "nocar": 107, "nocar_lowrel": 1, "nocar_pct": 8.0, "age65": 944, "age65_lowrel": 0, "age65_pct": 30.1, "disab": 206, "disab_lowrel": 0, "disab_pct": 6.6, "pov": 131, "pov_lowrel": 1, "pov_pct": 4.2, "lep": 8, "lep_lowrel": 1, "lep_pct": 0.6, "rent": 81, "rent_lowrel": 0, "rent_pct": 6.1, "income": 250001 }, "geometry": { "type": "Polygon", "coordinates": [ [ [ -122.24691, 37.88535 ], [ -122.24197, 37.88193 ], [ -122.23868, 37.88332 ], [ -122.22884, 37.88102 ], [ -122.22588, 37.87962 ], [ -122.22362, 37.87857 ], [ -122.22141, 37.87564 ], [ -122.2198, 37.87349 ], [ -122.21764, 37.87225 ], [ -122.21637, 37.86907 ], [ -122.21778, 37.86836 ], [ -122.21979, 37.86733 ], [ -122.22142, 37.86547 ], [ -122.21983, 37.86477 ], [ -122.21292, 37.85778 ], [ -122.21289, 37.85761 ], [ -122.21238, 37.85723 ], [ -122.21362, 37.85599 ], [ -122.21556, 37.85618 ], [ -122.21654, 37.85602 ], [ -122.21682, 37.85664 ], [ -122.21789, 37.85663 ], [ -122.21784, 37.85726 ], [ -122.21935, 37.85773 ], [ -122.21937, 37.85941 ], [ -122.22108, 37.86011 ], [ -122.22141, 37.85906 ], [ -122.2221, 37.8588 ], [ -122.22262, 37.85771 ], [ -122.22161, 37.85529 ], [ -122.22329, 37.85509 ], [ -122.22354, 37.85492 ], [ -122.22424, 37.85093 ], [ -122.22675, 37.84996 ], [ -122.23309, 37.85166 ], [ -122.23419, 37.85254 ], [ -122.23431, 37.85361 ], [ -122.23476, 37.85779 ], [ -122.23812, 37.85755 ], [ -122.24079, 37.85743 ], [ -122.24161, 37.85707 ], [ -122.24235, 37.85761 ], [ -122.24451, 37.85913 ], [ -122.24406, 37.86078 ], [ -122.24424, 37.86107 ], [ -122.24427, 37.86143 ], [ -122.24417, 37.8615 ], [ -122.24552, 37.86404 ], [ -122.24473, 37.86579 ], [ -122.24534, 37.86599 ], [ -122.24488, 37.86628 ], [ -122.24516, 37.86974 ], [ -122.24644, 37.8812 ], [ -122.24683, 37.88407 ], [ -122.24691, 37.88535 ] ] ] } },
{ "type": "Feature", "properties": { "GEOID": "06001451202", "name": "Census Tract 4512.02", "pop": 5422, "pop_lowrel": 0, "hh": 2152, "hh_lowrel": 0, "nocar": 33, "nocar_lowrel": 1, "nocar_pct": 1.5, "age65": 719, "age65_lowrel": 0, "age65_pct": 13.3, "disab": 435, "disab_lowrel": 0, "disab_pct": 8.0, "pov": 96, "pov_lowrel": 1, "pov_pct": 1.8, "lep": 69, "lep_lowrel": 1, "lep_pct": 3.2, "rent": 284, "rent_lowrel": 0, "rent_pct": 13.2, "income": 178984 }, "geometry": { "type": "Polygon", "coordinates": [ [ [ -121.81367, 37.74678 ], [ -121.81191, 37.75167 ], [ -121.81259, 37.75422 ], [ -121.79582, 37.75817 ], [ -121.78116, 37.76173 ], [ -121.78036, 37.76183 ], [ -121.75138, 37.76909 ], [ -121.73928, 37.77212 ], [ -121.73544, 37.77063 ], [ -121.73462, 37.7687 ], [ -121.73313, 37.76695 ], [ -121.7349, 37.76563 ], [ -121.73652, 37.76235 ], [ -121.73513, 37.75516 ], [ -121.73193, 37.7502 ], [ -121.72652, 37.74736 ], [ -121.72561, 37.74619 ], [ -121.72524, 37.74438 ], [ -121.72317, 37.74159 ], [ -121.72397, 37.73897 ], [ -121.72418, 37.72701 ], [ -121.72418, 37.72696 ], [ -121.72424, 37.72692 ], [ -121.72416, 37.72241 ], [ -121.72417, 37.72233 ], [ -121.72428, 37.71701 ], [ -121.73256, 37.71703 ], [ -121.73399, 37.71704 ], [ -121.73879, 37.71705 ], [ -121.74113, 37.71649 ], [ -121.74317, 37.71845 ], [ -121.74501, 37.71691 ], [ -121.74798, 37.71645 ], [ -121.7506, 37.71579 ], [ -121.75166, 37.71489 ], [ -121.7519, 37.71465 ], [ -121.75221, 37.71304 ], [ -121.75279, 37.71229 ], [ -121.75387, 37.71129 ], [ -121.75393, 37.71101 ], [ -121.75285, 37.70961 ], [ -121.75287, 37.70896 ], [ -121.75292, 37.7086 ], [ -121.75345, 37.70792 ], [ -121.75372, 37.70701 ], [ -121.75378, 37.70656 ], [ -121.7544, 37.70598 ], [ -121.75527, 37.70567 ], [ -121.75649, 37.70541 ], [ -121.75715, 37.70492 ], [ -121.75944, 37.70417 ], [ -121.75936, 37.70301 ], [ -121.76299, 37.70274 ], [ -121.77392, 37.70095 ], [ -121.78531, 37.69977 ], [ -121.78571, 37.69974 ], [ -121.78914, 37.69977 ], [ -121.79481, 37.70088 ], [ -121.80831, 37.701 ], [ -121.80607, 37.70131 ], [ -121.80604, 37.7046 ], [ -121.80499, 37.70762 ], [ -121.80473, 37.71046 ], [ -121.8058, 37.71105 ], [ -121.80773, 37.71653 ], [ -121.80865, 37.71898 ], [ -121.80894, 37.72304 ], [ -121.80842, 37.72502 ], [ -121.8093, 37.72865 ], [ -121.80857, 37.73167 ], [ -121.80831, 37.73505 ], [ -121.80928, 37.73822 ], [ -121.80956, 37.74179 ], [ -121.81382, 37.74532 ], [ -121.81367, 37.74678 ] ] ] } },
{ "type": "Feature", "properties": { "GEOID": "06001438000", "name": "Census Tract 4380", "pop": 3751, "pop_lowrel": 0, "hh": 1096, "hh_lowrel": 0, "nocar": 87, "nocar_lowrel": 1, "nocar_pct": 7.9, "age65": 569, "age65_lowrel": 0, "age65_pct": 15.2, "disab": 436, "disab_lowrel": 0, "disab_pct": 11.6, "pov": 134, "pov_lowrel": 1, "pov_pct": 3.6, "lep": 110, "lep_lowrel": 1, "lep_pct": 10.0, "rent": 419, "rent_lowrel": 0, "rent_pct": 38.2, "income": 132361 }, "geometry": { "type": "Polygon", "coordinates": [ [ [ -122.04277, 37.6279 ], [ -122.04041, 37.62896 ], [ -122.03988, 37.62917 ], [ -122.03625, 37.62916 ], [ -122.03479, 37.62802 ], [ -122.03231, 37.62844 ], [ -122.03159, 37.62861 ], [ -122.03003, 37.62885 ], [ -122.02962, 37.62508 ], [ -122.02803, 37.62278 ], [ -122.02664, 37.62313 ], [ -122.02661, 37.62297 ], [ -122.02361, 37.62292 ], [ -122.02379, 37.62175 ], [ -122.02252, 37.62084 ], [ -122.02187, 37.61929 ], [ -122.02062, 37.619 ], [ -122.0178, 37.61638 ], [ -122.01676, 37.61306 ], [ -122.01719, 37.61033 ], [ -122.0165, 37.60854 ], [ -122.02004, 37.60624 ], [ -122.02324, 37.60905 ], [ -122.02822, 37.61345 ], [ -122.0296, 37.61467 ], [ -122.03422, 37.61871 ], [ -122.03435, 37.61882 ], [ -122.03663, 37.6208 ], [ -122.0383, 37.62228 ], [ -122.04464, 37.62778 ], [ -122.04277, 37.6279 ] ] ] } },
{ "type": "Feature", "properties": { "GEOID": "06001404300", "name": "Census Tract 4043", "pop": 3600, "pop_lowrel": 0, "hh": 1453, "hh_lowrel": 0, "nocar": 54, "nocar_lowrel": 1, "nocar_pct": 3.7, "age65": 876, "age65_lowrel": 0, "age65_pct": 24.3, "disab": 191, "disab_lowrel": 0, "disab_pct": 5.3, "pov": 105, "pov_lowrel": 1, "pov_pct": 2.9, "lep": 17, "lep_lowrel": 1, "lep_pct": 1.2, "rent": 136, "rent_lowrel": 0, "rent_pct": 9.4, "income": 232386 }, "geometry": { "type": "Polygon", "coordinates": [ [ [ -122.25081, 37.83714 ], [ -122.24813, 37.84139 ], [ -122.2454, 37.8458 ], [ -122.24419, 37.84791 ], [ -122.24372, 37.84851 ], [ -122.24332, 37.84907 ], [ -122.24404, 37.85026 ], [ -122.24243, 37.85083 ], [ -122.24191, 37.85191 ], [ -122.23419, 37.85254 ], [ -122.23309, 37.85166 ], [ -122.23035, 37.84889 ], [ -122.228, 37.84824 ], [ -122.22756, 37.84547 ], [ -122.22483, 37.84168 ], [ -122.22724, 37.84293 ], [ -122.23144, 37.84273 ], [ -122.23535, 37.84223 ], [ -122.23661, 37.8411 ], [ -122.23797, 37.84091 ], [ -122.23946, 37.8409 ], [ -122.24935, 37.83719 ], [ -122.25081, 37.83714 ] ] ] } },
{ "type": "Feature", "properties": { "GEOID": "06001450607", "name": "Census Tract 4506.07", "pop": 5385, "pop_lowrel": 0, "hh": 2257, "hh_lowrel": 0, "nocar": 204, "nocar_lowrel": 0, "nocar_pct": 9.0, "age65": 730, "age65_lowrel": 0, "age65_pct": 13.6, "disab": 712, "disab_lowrel": 0, "disab_pct": 13.2, "pov": 357, "pov_lowrel": 0, "pov_pct": 6.6, "lep": 213, "lep_lowrel": 0, "lep_pct": 9.4, "rent": 1429, "rent_lowrel": 0, "rent_pct": 63.3, "income": 103682 }, "geometry": { "type": "Polygon", "coordinates": [ [ [ -121.90633, 37.66176 ], [ -121.89724, 37.66512 ], [ -121.89533, 37.6657 ], [ -121.89132, 37.66771 ], [ -121.88575, 37.66688 ], [ -121.88375, 37.66746 ], [ -121.88193, 37.66581 ], [ -121.87754, 37.66584 ], [ -121.87404, 37.66477 ], [ -121.87206, 37.66453 ], [ -121.86945, 37.66549 ], [ -121.86808, 37.66494 ], [ -121.86999, 37.66314 ], [ -121.87122, 37.66199 ], [ -121.87741, 37.65645 ], [ -121.8776, 37.65632 ], [ -121.87933, 37.65512 ], [ -121.88092, 37.6487 ], [ -121.88131, 37.64732 ], [ -121.88149, 37.64476 ], [ -121.88192, 37.64157 ], [ -121.88412, 37.64015 ], [ -121.88442, 37.63995 ], [ -121.88549, 37.6415 ], [ -121.89146, 37.64726 ], [ -121.90143, 37.65683 ], [ -121.90633, 37.66176 ] ] ] } },
{ "type": "Feature", "properties": { "GEOID": "06001441100", "name": "Census Tract 4411", "pop": 4390, "pop_lowrel": 0, "hh": 1724, "hh_lowrel": 0, "nocar": 65, "nocar_lowrel": 1, "nocar_pct": 3.8, "age65": 1198, "age65_lowrel": 0, "age65_pct": 27.3, "disab": 330, "disab_lowrel": 0, "disab_pct": 7.7, "pov": 198, "pov_lowrel": 0, "pov_pct": 4.6, "lep": 85, "lep_lowrel": 1, "lep_pct": 4.9, "rent": 334, "rent_lowrel": 0, "rent_pct": 19.4, "income": 169113 }, "geometry": { "type": "Polygon", "coordinates": [ [ [ -122.00137, 37.5896 ], [ -121.97836, 37.60668 ], [ -121.95761, 37.58972 ], [ -121.95724, 37.59102 ], [ -121.95165, 37.59753 ], [ -121.95042, 37.59802 ], [ -121.9497, 37.59811 ], [ -121.94798, 37.59811 ], [ -121.94701, 37.5979 ], [ -121.94572, 37.59748 ], [ -121.93961, 37.59883 ], [ -121.93838, 37.59815 ], [ -121.93801, 37.59767 ], [ -121.93795, 37.59729 ], [ -121.93813, 37.59506 ], [ -121.93752, 37.59286 ], [ -121.93629, 37.59115 ], [ -121.93487, 37.591 ], [ -121.93277, 37.59173 ], [ -121.93027, 37.58622 ], [ -121.92812, 37.58595 ], [ -121.92837, 37.58438 ], [ -121.92561, 37.58235 ], [ -121.92713, 37.58125 ], [ -121.92604, 37.57979 ], [ -121.92994, 37.57851 ], [ -121.93133, 37.57629 ], [ -121.93331, 37.57713 ], [ -121.9324, 37.57504 ], [ -121.93298, 37.5742 ], [ -121.93174, 37.57274 ], [ -121.93288, 37.57135 ], [ -121.93579, 37.57002 ], [ -121.93956, 37.57057 ], [ -121.94278, 37.57063 ], [ -121.94799, 37.56982 ], [ -121.9496, 37.5704 ], [ -121.9527, 37.57065 ], [ -121.95751, 37.56923 ], [ -121.95906, 37.56713 ], [ -121.96147, 37.56557 ], [ -121.96795, 37.57276 ], [ -121.9689, 37.57377 ], [ -121.97153, 37.57658 ], [ -121.97478, 37.57829 ], [ -121.97775, 37.57887 ], [ -121.98657, 37.57959 ], [ -121.99033, 37.58069 ], [ -121.99119, 37.58119 ], [ -122.00128, 37.58952 ], [ -122.00137, 37.5896 ] ] ] } },
{ "type": "Feature", "properties": { "GEOID": "06001442000", "name": "Census Tract 4420", "pop": 2967, "pop_lowrel": 0, "hh": 1042, "hh_lowrel": 0, "nocar": 0, "nocar_lowrel": 0, "nocar_pct": 0.0, "age65": 603, "age65_lowrel": 0, "age65_pct": 20.3, "disab": 179, "disab_lowrel": 0, "disab_pct": 6.0, "pov": 138, "pov_lowrel": 1, "pov_pct": 4.7, "lep": 105, "lep_lowrel": 1, "lep_pct": 10.1, "rent": 118, "rent_lowrel": 1, "rent_pct": 11.3, "income": 227011 }, "geometry": { "type": "Polygon", "coordinates": [ [ [ -121.95906, 37.56713 ], [ -121.95751, 37.56923 ], [ -121.9527, 37.57065 ], [ -121.9496, 37.5704 ], [ -121.94799, 37.56982 ], [ -121.94278, 37.57063 ], [ -121.93956, 37.57057 ], [ -121.93579, 37.57002 ], [ -121.93288, 37.57135 ], [ -121.93174, 37.57274 ], [ -121.92762, 37.57148 ], [ -121.92583, 37.56943 ], [ -121.92571, 37.56809 ], [ -121.92315, 37.56822 ], [ -121.92016, 37.56595 ], [ -121.9205, 37.56436 ], [ -121.91941, 37.56043 ], [ -121.92378, 37.5604 ], [ -121.92373, 37.55773 ], [ -121.92068, 37.55929 ], [ -121.9185, 37.55983 ], [ -121.91884, 37.56097 ], [ -121.91652, 37.56103 ], [ -121.9145, 37.56077 ], [ -121.91507, 37.55625 ], [ -121.91631, 37.55473 ], [ -121.91809, 37.55147 ], [ -121.91935, 37.54894 ], [ -121.92, 37.54546 ], [ -121.92078, 37.54399 ], [ -121.92439, 37.54063 ], [ -121.92482, 37.54108 ], [ -121.93985, 37.54988 ], [ -121.94598, 37.55386 ], [ -121.95564, 37.55985 ], [ -121.95739, 37.56109 ], [ -121.96147, 37.56557 ], [ -121.95906, 37.56713 ] ] ] } },
{ "type": "Feature", "properties": { "GEOID": "06001432300", "name": "Census Tract 4323", "pop": 4700, "pop_lowrel": 0, "hh": 1728, "hh_lowrel": 0, "nocar": 88, "nocar_lowrel": 0, "nocar_pct": 5.1, "age65": 823, "age65_lowrel": 0, "age65_pct": 17.5, "disab": 700, "disab_lowrel": 0, "disab_pct": 14.9, "pov": 317, "pov_lowrel": 0, "pov_pct": 6.7, "lep": 126, "lep_lowrel": 0, "lep_pct": 7.3, "rent": 471, "rent_lowrel": 0, "rent_pct": 27.3, "income": 147188 }, "geometry": { "type": "Polygon", "coordinates": [ [ [ -122.1705, 37.73187 ], [ -122.1701, 37.73206 ], [ -122.16977, 37.73221 ], [ -122.17156, 37.735 ], [ -122.16547, 37.73769 ], [ -122.16416, 37.73594 ], [ -122.16334, 37.73486 ], [ -122.16175, 37.73274 ], [ -122.16033, 37.73083 ], [ -122.15752, 37.72687 ], [ -122.15887, 37.7255 ], [ -122.16108, 37.72624 ], [ -122.16751, 37.72632 ], [ -122.17012, 37.72778 ], [ -122.17043, 37.72784 ], [ -122.17404, 37.73119 ], [ -122.1705, 37.73187 ] ] ] } },
{ "type": "Feature", "properties": { "GEOID": "06001440307", "name": "Census Tract 4403.07", "pop": 4441, "pop_lowrel": 0, "hh": 1505, "hh_lowrel": 0, "nocar": 125, "nocar_lowrel": 1, "nocar_pct": 8.3, "age65": 1088, "age65_lowrel": 0, "age65_pct": 24.5, "disab": 664, "disab_lowrel": 0, "disab_pct": 15.0, "pov": 292, "pov_lowrel": 0, "pov_pct": 6.6, "lep": 267, "lep_lowrel": 0, "lep_pct": 17.7, "rent": 411, "rent_lowrel": 0, "rent_pct": 27.3, "income": 127202 }, "geometry": { "type": "Polygon", "coordinates": [ [ [ -122.06105, 37.59869 ], [ -122.05663, 37.5969 ], [ -122.05506, 37.59645 ], [ -122.05165, 37.5955 ], [ -122.04731, 37.5943 ], [ -122.04387, 37.59334 ], [ -122.03965, 37.59219 ], [ -122.03452, 37.59077 ], [ -122.03653, 37.59013 ], [ -122.0387, 37.58779 ], [ -122.04073, 37.58807 ], [ -122.04146, 37.58812 ], [ -122.0457, 37.58714 ], [ -122.04609, 37.58698 ], [ -122.04858, 37.5856 ], [ -122.05035, 37.58349 ], [ -122.0551, 37.59033 ], [ -122.05673, 37.59263 ], [ -122.06105, 37.59869 ] ] ] } },
{ "type": "Feature", "properties": { "GEOID": "06001405902", "name": "Census Tract 4059.02", "pop": 2969, "pop_lowrel": 0, "hh": 937, "hh_lowrel": 0, "nocar": 210, "nocar_lowrel": 0, "nocar_pct": 22.4, "age65": 217, "age65_lowrel": 0, "age65_pct": 7.3, "disab": 343, "disab_lowrel": 0, "disab_pct": 11.6, "pov": 432, "pov_lowrel": 0, "pov_pct": 14.7, "lep": 228, "lep_lowrel": 0, "lep_pct": 24.3, "rent": 590, "rent_lowrel": 0, "rent_pct": 63.0, "income": 78438 }, "geometry": { "type": "Polygon", "coordinates": [ [ [ -122.24717, 37.78991 ], [ -122.24351, 37.79253 ], [ -122.24262, 37.79316 ], [ -122.24169, 37.79382 ], [ -122.23983, 37.79514 ], [ -122.23795, 37.79495 ], [ -122.23755, 37.79349 ], [ -122.23551, 37.79227 ], [ -122.23788, 37.78976 ], [ -122.23797, 37.78971 ], [ -122.23945, 37.78813 ], [ -122.24104, 37.78649 ], [ -122.24524, 37.78899 ], [ -122.24717, 37.78991 ] ] ] } },
{ "type": "Feature", "properties": { "GEOID": "06001430102", "name": "Census Tract 4301.02", "pop": 2425, "pop_lowrel": 0, "hh": 893, "hh_lowrel": 0, "nocar": 11, "nocar_lowrel": 1, "nocar_pct": 1.2, "age65": 734, "age65_lowrel": 0, "age65_pct": 30.3, "disab": 283, "disab_lowrel": 0, "disab_pct": 11.7, "pov": 171, "pov_lowrel": 0, "pov_pct": 7.1, "lep": 63, "lep_lowrel": 1, "lep_pct": 7.1, "rent": 122, "rent_lowrel": 0, "rent_pct": 13.7, "income": 192426 }, "geometry": { "type": "Polygon", "coordinates": [ [ [ -122.17916, 37.80498 ], [ -122.17587, 37.80749 ], [ -122.17416, 37.81027 ], [ -122.17547, 37.81459 ], [ -122.17787, 37.81632 ], [ -122.17278, 37.81583 ], [ -122.16687, 37.81342 ], [ -122.15739, 37.81795 ], [ -122.15606, 37.81684 ], [ -122.15305, 37.81508 ], [ -122.14881, 37.81376 ], [ -122.1407, 37.80472 ], [ -122.14032, 37.8047 ], [ -122.13865, 37.80463 ], [ -122.11809, 37.80325 ], [ -122.11381, 37.80273 ], [ -122.11279, 37.80284 ], [ -122.10654, 37.80239 ], [ -122.07887, 37.80031 ], [ -122.06168, 37.79922 ], [ -122.06151, 37.79921 ], [ -122.06152, 37.80009 ], [ -122.05011, 37.79843 ], [ -122.04547, 37.79813 ], [ -122.03047, 37.78773 ], [ -122.02197, 37.78423 ], [ -122.01777, 37.78123 ], [ -122.0138, 37.78013 ], [ -122.00503, 37.77115 ], [ -122.00408, 37.77015 ], [ -122.00741, 37.76814 ], [ -122.01194, 37.76707 ], [ -122.01584, 37.76651 ], [ -122.01843, 37.76508 ], [ -122.02371, 37.76303 ], [ -122.02721, 37.76064 ], [ -122.02867, 37.75857 ], [ -122.02972, 37.7542 ], [ -122.02934, 37.7522 ], [ -122.03121, 37.74958 ], [ -122.0313, 37.7452 ], [ -122.03205, 37.73907 ], [ -122.03257, 37.7356 ], [ -122.03245, 37.73351 ], [ -122.03391, 37.73117 ], [ -122.03388, 37.72911 ], [ -122.03688, 37.72351 ], [ -122.03831, 37.71958 ], [ -122.03805, 37.71767 ], [ -122.0401, 37.71563 ], [ -122.03988, 37.71382 ], [ -122.0405, 37.70897 ], [ -122.04141, 37.70677 ], [ -122.04387, 37.70492 ], [ -122.04373, 37.7034 ], [ -122.04427, 37.70269 ], [ -122.04556, 37.70237 ], [ -122.05161, 37.70306 ], [ -122.05447, 37.70157 ], [ -122.05582, 37.70309 ], [ -122.0554, 37.70378 ], [ -122.05654, 37.7042 ], [ -122.05563, 37.70945 ], [ -122.05558, 37.71208 ], [ -122.05433, 37.71511 ], [ -122.05453, 37.71785 ], [ -122.05421, 37.72143 ], [ -122.05215, 37.72387 ], [ -122.05271, 37.72719 ], [ -122.05232, 37.72943 ], [ -122.05132, 37.73115 ], [ -122.05192, 37.73339 ], [ -122.05394, 37.73739 ], [ -122.05365, 37.73817 ], [ -122.05441, 37.74143 ], [ -122.05566, 37.7429 ], [ -122.05662, 37.74806 ], [ -122.05824, 37.74976 ], [ -122.05782, 37.75102 ], [ -122.05921, 37.75265 ], [ -122.06221, 37.74843 ], [ -122.06151, 37.74368 ], [ -122.05993, 37.73878 ], [ -122.06169, 37.72955 ], [ -122.06556, 37.72017 ], [ -122.0681, 37.72058 ], [ -122.07526, 37.72074 ], [ -122.07865, 37.72339 ], [ -122.07976, 37.72483 ], [ -122.08235, 37.72454 ], [ -122.08558, 37.72546 ], [ -122.08573, 37.72849 ], [ -122.08869, 37.7302 ], [ -122.0916, 37.72951 ], [ -122.0957, 37.73033 ], [ -122.09692, 37.72778 ], [ -122.09906, 37.72763 ], [ -122.10113, 37.72911 ], [ -122.10655, 37.72247 ], [ -122.11775, 37.73015 ], [ -122.11996, 37.73204 ], [ -122.11509, 37.73528 ], [ -122.1148, 37.74016 ], [ -122.1155, 37.74887 ], [ -122.11581, 37.74873 ], [ -122.11618, 37.75037 ], [ -122.12129, 37.7573 ], [ -122.12274, 37.75899 ], [ -122.12293, 37.75928 ], [ -122.12328, 37.76031 ], [ -122.12383, 37.76078 ], [ -122.12421, 37.76133 ], [ -122.12456, 37.76211 ], [ -122.12525, 37.76375 ], [ -122.12868, 37.76961 ], [ -122.13181, 37.77534 ], [ -122.13375, 37.77732 ], [ -122.13318, 37.77767 ], [ -122.13434, 37.77828 ], [ -122.13463, 37.77822 ], [ -122.14371, 37.78739 ], [ -122.1418, 37.78975 ], [ -122.14324, 37.79035 ], [ -122.14332, 37.79302 ], [ -122.15229, 37.79308 ], [ -122.15226, 37.79647 ], [ -122.15667, 37.79648 ], [ -122.15806, 37.79735 ], [ -122.1597, 37.80006 ], [ -122.16232, 37.80002 ], [ -122.16229, 37.8009 ], [ -122.16173, 37.80115 ], [ -122.16163, 37.80144 ], [ -122.16415, 37.80293 ], [ -122.1648, 37.80447 ], [ -122.16481, 37.80465 ], [ -122.16753, 37.80579 ], [ -122.17025, 37.8047 ], [ -122.17052, 37.80269 ], [ -122.16841, 37.80094 ], [ -122.16839, 37.79913 ], [ -122.17061, 37.80014 ], [ -122.17596, 37.8027 ], [ -122.17695, 37.80471 ], [ -122.17814, 37.80396 ], [ -122.17916, 37.80498 ] ] ] } },
{ "type": "Feature", "properties": { "GEOID": "06001435103", "name": "Census Tract 4351.03", "pop": 7020, "pop_lowrel": 0, "hh": 2414, "hh_lowrel": 0, "nocar": 33, "nocar_lowrel": 1, "nocar_pct": 1.4, "age65": 1387, "age65_lowrel": 0, "age65_pct": 19.8, "disab": 598, "disab_lowrel": 0, "disab_pct": 8.5, "pov": 308, "pov_lowrel": 0, "pov_pct": 4.4, "lep": 137, "lep_lowrel": 0, "lep_pct": 5.7, "rent": 85, "rent_lowrel": 1, "rent_pct": 3.5, "income": 189638 }, "geometry": { "type": "Polygon", "coordinates": [ [ [ -122.04727, 37.69094 ], [ -122.04663, 37.69149 ], [ -122.04604, 37.69203 ], [ -122.04515, 37.69168 ], [ -122.04446, 37.69253 ], [ -122.04417, 37.69488 ], [ -122.0448, 37.69602 ], [ -122.04017, 37.7002 ], [ -122.03697, 37.70174 ], [ -122.03606, 37.70199 ], [ -122.03189, 37.69991 ], [ -122.02718, 37.69818 ], [ -122.02566, 37.69799 ], [ -122.02038, 37.69999 ], [ -122.02097, 37.69759 ], [ -122.02251, 37.69601 ], [ -122.0189, 37.69478 ], [ -122.01443, 37.69491 ], [ -122.01226, 37.69454 ], [ -122.00823, 37.69567 ], [ -122.00602, 37.69549 ], [ -122.00356, 37.69614 ], [ -122.00239, 37.69395 ], [ -122.00091, 37.69309 ], [ -121.99959, 37.69101 ], [ -121.99629, 37.69023 ], [ -121.9927, 37.6899 ], [ -121.99136, 37.68891 ], [ -121.98783, 37.68778 ], [ -121.98615, 37.68774 ], [ -121.98494, 37.68847 ], [ -121.98349, 37.68901 ], [ -121.97982, 37.68023 ], [ -121.9768, 37.67635 ], [ -121.97681, 37.67548 ], [ -121.97551, 37.67484 ], [ -121.97483, 37.67404 ], [ -121.97333, 37.67414 ], [ -121.97147, 37.67341 ], [ -121.97057, 37.67264 ], [ -121.9676, 37.67143 ], [ -121.9654, 37.67168 ], [ -121.96407, 37.67148 ], [ -121.96354, 37.67175 ], [ -121.96335, 37.67135 ], [ -121.9635, 37.6712 ], [ -121.96383, 37.6711 ], [ -121.96398, 37.67088 ], [ -121.96382, 37.67017 ], [ -121.96383, 37.6699 ], [ -121.96398, 37.66966 ], [ -121.96684, 37.66732 ], [ -121.9672, 37.6657 ], [ -121.96727, 37.66517 ], [ -121.96768, 37.66474 ], [ -121.9679, 37.66416 ], [ -121.96785, 37.6639 ], [ -121.96701, 37.66379 ], [ -121.96624, 37.66392 ], [ -121.96522, 37.66369 ], [ -121.96477, 37.66334 ], [ -121.96436, 37.66334 ], [ -121.9637, 37.66316 ], [ -121.95983, 37.65992 ], [ -121.96042, 37.65896 ], [ -121.95946, 37.65782 ], [ -121.95667, 37.65623 ], [ -121.95327, 37.65321 ], [ -121.95142, 37.65394 ], [ -121.94982, 37.65299 ], [ -121.94953, 37.65248 ], [ -121.94865, 37.65189 ], [ -121.9486, 37.65164 ], [ -121.94833, 37.65119 ], [ -121.94839, 37.65086 ], [ -121.9458, 37.64893 ], [ -121.94514, 37.64743 ], [ -121.94193, 37.64495 ], [ -121.94174, 37.6432 ], [ -121.93934, 37.64245 ], [ -121.93869, 37.64023 ], [ -121.93646, 37.6393 ], [ -121.93529, 37.63815 ], [ -121.93414, 37.6349 ], [ -121.93161, 37.63227 ], [ -121.93099, 37.63054 ], [ -121.92924, 37.62911 ], [ -121.92762, 37.62866 ], [ -121.92626, 37.62671 ], [ -121.92569, 37.62378 ], [ -121.92346, 37.62139 ], [ -121.92382, 37.61965 ], [ -121.92341, 37.61921 ], [ -121.92121, 37.61845 ], [ -121.92056, 37.61702 ], [ -121.91785, 37.61564 ], [ -121.91349, 37.61288 ], [ -121.91171, 37.60941 ], [ -121.9089, 37.60803 ], [ -121.90791, 37.60636 ], [ -121.90569, 37.60534 ], [ -121.90461, 37.60403 ], [ -121.90427, 37.60214 ], [ -121.90229, 37.60139 ], [ -121.90261, 37.60072 ], [ -121.89906, 37.59836 ], [ -121.89759, 37.59847 ], [ -121.89584, 37.59719 ], [ -121.89814, 37.59557 ], [ -121.89592, 37.595 ], [ -121.89617, 37.594 ], [ -121.90311, 37.59554 ], [ -121.9057, 37.59561 ], [ -121.91244, 37.59366 ], [ -121.9167, 37.59462 ], [ -121.9209, 37.59797 ], [ -121.92431, 37.59901 ], [ -121.92569, 37.5989 ], [ -121.93047, 37.59538 ], [ -121.93183, 37.59255 ], [ -121.93277, 37.59173 ], [ -121.93487, 37.591 ], [ -121.93629, 37.59115 ], [ -121.93752, 37.59286 ], [ -121.93813, 37.59506 ], [ -121.93795, 37.59729 ], [ -121.93801, 37.59767 ], [ -121.93838, 37.59815 ], [ -121.93961, 37.59883 ], [ -121.94572, 37.59748 ], [ -121.94701, 37.5979 ], [ -121.94588, 37.59807 ], [ -121.94782, 37.60122 ], [ -121.94829, 37.60338 ], [ -121.94555, 37.6072 ], [ -121.94547, 37.60781 ], [ -121.94519, 37.60852 ], [ -121.9454, 37.60914 ], [ -121.94513, 37.60952 ], [ -121.94428, 37.60995 ], [ -121.94379, 37.61013 ], [ -121.94229, 37.61075 ], [ -121.94136, 37.61125 ], [ -121.94101, 37.61383 ], [ -121.94229, 37.6148 ], [ -121.94416, 37.61508 ], [ -121.9451, 37.61663 ], [ -121.94346, 37.61841 ], [ -121.94382, 37.61971 ], [ -121.94361, 37.62134 ], [ -121.94333, 37.62453 ], [ -121.94392, 37.62549 ], [ -121.94386, 37.62641 ], [ -121.94584, 37.62845 ], [ -121.94599, 37.62897 ], [ -121.94737, 37.62991 ], [ -121.94868, 37.63044 ], [ -121.9497, 37.63143 ], [ -121.95078, 37.63197 ], [ -121.95156, 37.63286 ], [ -121.95306, 37.63371 ], [ -121.95472, 37.63592 ], [ -121.95861, 37.63612 ], [ -121.96016, 37.63684 ], [ -121.96207, 37.63859 ], [ -121.96352, 37.64082 ], [ -121.9664, 37.64306 ], [ -121.9689, 37.64309 ], [ -121.97828, 37.63942 ], [ -121.98059, 37.63656 ], [ -121.98315, 37.63459 ], [ -121.98659, 37.63415 ], [ -121.98884, 37.63393 ], [ -121.99039, 37.63341 ], [ -121.99134, 37.63083 ], [ -121.99615, 37.63151 ], [ -121.99889, 37.63042 ], [ -121.99911, 37.62903 ], [ -122.00229, 37.6272 ], [ -122.00509, 37.62748 ], [ -122.0058, 37.62741 ], [ -122.00659, 37.62706 ], [ -122.00799, 37.62844 ], [ -122.01217, 37.63068 ], [ -122.01402, 37.63169 ], [ -122.01359, 37.63198 ], [ -122.01109, 37.63365 ], [ -122.01254, 37.63422 ], [ -122.01535, 37.63426 ], [ -122.01827, 37.63586 ], [ -122.01957, 37.63679 ], [ -122.01985, 37.63708 ], [ -122.0196, 37.6378 ], [ -122.01956, 37.63843 ], [ -122.0188, 37.63973 ], [ -122.0184, 37.64021 ], [ -122.01823, 37.64034 ], [ -122.01806, 37.64064 ], [ -122.01728, 37.64122 ], [ -122.01633, 37.64203 ], [ -122.0162, 37.64261 ], [ -122.01957, 37.64631 ], [ -122.02254, 37.64751 ], [ -122.02509, 37.64719 ], [ -122.02832, 37.64784 ], [ -122.03102, 37.6456 ], [ -122.03597, 37.64553 ], [ -122.03905, 37.64806 ], [ -122.03825, 37.64959 ], [ -122.03619, 37.64847 ], [ -122.03307, 37.6522 ], [ -122.03409, 37.65532 ], [ -122.02992, 37.65411 ], [ -122.02525, 37.65438 ], [ -122.02275, 37.65636 ], [ -122.02127, 37.6551 ], [ -122.0174, 37.65423 ], [ -122.01714, 37.65556 ], [ -122.01834, 37.65877 ], [ -122.02425, 37.66127 ], [ -122.02623, 37.66142 ], [ -122.02723, 37.66343 ], [ -122.02791, 37.66464 ], [ -122.02801, 37.66748 ], [ -122.02932, 37.67098 ], [ -122.02919, 37.67147 ], [ -122.02902, 37.67185 ], [ -122.02912, 37.67229 ], [ -122.02968, 37.67283 ], [ -122.03032, 37.67334 ], [ -122.0335, 37.67617 ], [ -122.03395, 37.67619 ], [ -122.04001, 37.67532 ], [ -122.04304, 37.67445 ], [ -122.04439, 37.67499 ], [ -122.04078, 37.67937 ], [ -122.04113, 37.68056 ], [ -122.04259, 37.68331 ], [ -122.04374, 37.68672 ], [ -122.04398, 37.687 ], [ -122.04544, 37.68821 ], [ -122.04576, 37.68847 ], [ -122.04644, 37.68863 ], [ -122.04688, 37.68897 ], [ -122.04715, 37.68967 ], [ -122.04727, 37.69094 ] ] ] } },
{ "type": "Feature", "properties": { "GEOID": "06001441927", "name": "Census Tract 4419.27", "pop": 4369, "pop_lowrel": 0, "hh": 1594, "hh_lowrel": 0, "nocar": 216, "nocar_lowrel": 0, "nocar_pct": 13.6, "age65": 521, "age65_lowrel": 0, "age65_pct": 11.9, "disab": 388, "disab_lowrel": 0, "disab_pct": 9.0, "pov": 294, "pov_lowrel": 0, "pov_pct": 6.8, "lep": 102, "lep_lowrel": 0, "lep_pct": 6.4, "rent": 1242, "rent_lowrel": 0, "rent_pct": 77.9, "income": 149056 }, "geometry": { "type": "Polygon", "coordinates": [ [ [ -121.98259, 37.54556 ], [ -121.97773, 37.55192 ], [ -121.97226, 37.54912 ], [ -121.97312, 37.54439 ], [ -121.97309, 37.54405 ], [ -121.97277, 37.54226 ], [ -121.97315, 37.54069 ], [ -121.97682, 37.5426 ], [ -121.98087, 37.54467 ], [ -121.98259, 37.54556 ] ] ] } },
{ "type": "Feature", "properties": { "GEOID": "06001443322", "name": "Census Tract 4433.22", "pop": 3256, "pop_lowrel": 0, "hh": 979, "hh_lowrel": 0, "nocar": 59, "nocar_lowrel": 1, "nocar_pct": 6.0, "age65": 503, "age65_lowrel": 0, "age65_pct": 15.4, "disab": 198, "disab_lowrel": 0, "disab_pct": 6.1, "pov": 89, "pov_lowrel": 1, "pov_pct": 2.7, "lep": 103, "lep_lowrel": 0, "lep_pct": 10.5, "rent": 186, "rent_lowrel": 0, "rent_pct": 19.0, "income": 207083 }, "geometry": { "type": "Polygon", "coordinates": [ [ [ -121.92673, 37.48486 ], [ -121.92318, 37.48613 ], [ -121.92418, 37.48836 ], [ -121.91956, 37.48996 ], [ -121.9185, 37.49094 ], [ -121.9138, 37.48406 ], [ -121.91334, 37.48289 ], [ -121.91534, 37.48302 ], [ -121.91685, 37.48255 ], [ -121.91592, 37.48082 ], [ -121.9152, 37.48109 ], [ -121.91427, 37.47882 ], [ -121.91611, 37.47727 ], [ -121.92108, 37.475 ], [ -121.924, 37.48007 ], [ -121.92461, 37.48112 ], [ -121.92673, 37.48486 ] ] ] } },
{ "type": "Feature", "properties": { "GEOID": "06001450745", "name": "Census Tract 4507.45", "pop": 6257, "pop_lowrel": 0, "hh": 2240, "hh_lowrel": 0, "nocar": 28, "nocar_lowrel": 1, "nocar_pct": 1.2, "age65": 836, "age65_lowrel": 0, "age65_pct": 13.4, "disab": 215, "disab_lowrel": 0, "disab_pct": 3.4, "pov": 464, "pov_lowrel": 1, "pov_pct": 7.5, "lep": 192, "lep_lowrel": 0, "lep_pct": 8.6, "rent": 635, "rent_lowrel": 0, "rent_pct": 28.3, "income": 198147 }, "geometry": { "type": "Polygon", "coordinates": [ [ [ -121.87815, 37.68889 ], [ -121.86909, 37.69192 ], [ -121.86507, 37.69367 ], [ -121.86424, 37.69394 ], [ -121.85424, 37.69393 ], [ -121.84842, 37.69368 ], [ -121.84838, 37.6927 ], [ -121.84819, 37.69211 ], [ -121.84708, 37.69149 ], [ -121.84316, 37.69108 ], [ -121.83788, 37.68603 ], [ -121.83765, 37.68581 ], [ -121.83314, 37.68104 ], [ -121.82683, 37.67632 ], [ -121.82674, 37.67384 ], [ -121.835, 37.67286 ], [ -121.83344, 37.67299 ], [ -121.85361, 37.6709 ], [ -121.85787, 37.67044 ], [ -121.85843, 37.67213 ], [ -121.85901, 37.67281 ], [ -121.87121, 37.68192 ], [ -121.87673, 37.68586 ], [ -121.87731, 37.68615 ], [ -121.87784, 37.68796 ], [ -121.87815, 37.68889 ] ] ] } },
{ "type": "Feature", "properties": { "GEOID": "06001451703", "name": "Census Tract 4517.03", "pop": 4037, "pop_lowrel": 0, "hh": 1302, "hh_lowrel": 0, "nocar": 23, "nocar_lowrel": 1, "nocar_pct": 1.8, "age65": 715, "age65_lowrel": 0, "age65_pct": 17.7, "disab": 318, "disab_lowrel": 0, "disab_pct": 7.9, "pov": 116, "pov_lowrel": 0, "pov_pct": 2.9, "lep": 8, "lep_lowrel": 1, "lep_pct": 0.6, "rent": 206, "rent_lowrel": 0, "rent_pct": 15.8, "income": 208028 }, "geometry": { "type": "Polygon", "coordinates": [ [ [ -121.80561, 37.65668 ], [ -121.80548, 37.66428 ], [ -121.80549, 37.66555 ], [ -121.80548, 37.67616 ], [ -121.80141, 37.67659 ], [ -121.79527, 37.67725 ], [ -121.79526, 37.67274 ], [ -121.79526, 37.67222 ], [ -121.79334, 37.66951 ], [ -121.79498, 37.66884 ], [ -121.79844, 37.66866 ], [ -121.79821, 37.66806 ], [ -121.79849, 37.66071 ], [ -121.79852, 37.65598 ], [ -121.80306, 37.65598 ], [ -121.80523, 37.65595 ], [ -121.80561, 37.65595 ], [ -121.80561, 37.65668 ] ] ] } },
{ "type": "Feature", "properties": { "GEOID": "06001406601", "name": "Census Tract 4066.01", "pop": 4426, "pop_lowrel": 0, "hh": 1891, "hh_lowrel": 0, "nocar": 83, "nocar_lowrel": 1, "nocar_pct": 4.4, "age65": 620, "age65_lowrel": 0, "age65_pct": 14.0, "disab": 675, "disab_lowrel": 0, "disab_pct": 15.3, "pov": 151, "pov_lowrel": 0, "pov_pct": 3.4, "lep": 187, "lep_lowrel": 0, "lep_pct": 9.9, "rent": 1009, "rent_lowrel": 0, "rent_pct": 53.4, "income": 80729 }, "geometry": { "type": "Polygon", "coordinates": [ [ [ -122.21253, 37.79474 ], [ -122.20879, 37.79848 ], [ -122.20803, 37.7986 ], [ -122.20337, 37.7961 ], [ -122.20065, 37.79371 ], [ -122.2032, 37.7922 ], [ -122.20478, 37.79125 ], [ -122.2068, 37.79007 ], [ -122.20982, 37.7883 ], [ -122.2111, 37.78969 ], [ -122.21169, 37.7903 ], [ -122.21483, 37.79176 ], [ -122.21253, 37.79474 ] ] ] } },
{ "type": "Feature", "properties": { "GEOID": "06001450746", "name": "Census Tract 4507.46", "pop": 3359, "pop_lowrel": 0, "hh": 1137, "hh_lowrel": 0, "nocar": 34, "nocar_lowrel": 1, "nocar_pct": 3.0, "age65": 499, "age65_lowrel": 0, "age65_pct": 14.9, "disab": 279, "disab_lowrel": 0, "disab_pct": 8.3, "pov": 101, "pov_lowrel": 0, "pov_pct": 3.0, "lep": 49, "lep_lowrel": 1, "lep_pct": 4.3, "rent": 197, "rent_lowrel": 0, "rent_pct": 17.3, "income": 212607 }, "geometry": { "type": "Polygon", "coordinates": [ [ [ -121.87673, 37.68586 ], [ -121.87121, 37.68192 ], [ -121.85901, 37.67281 ], [ -121.85843, 37.67213 ], [ -121.85787, 37.67044 ], [ -121.86191, 37.66935 ], [ -121.86496, 37.66782 ], [ -121.86808, 37.66494 ], [ -121.86945, 37.66549 ], [ -121.87206, 37.66453 ], [ -121.87404, 37.66477 ], [ -121.8738, 37.66548 ], [ -121.87346, 37.66739 ], [ -121.87274, 37.67141 ], [ -121.87268, 37.67274 ], [ -121.87343, 37.67493 ], [ -121.87401, 37.67673 ], [ -121.87731, 37.68615 ], [ -121.87673, 37.68586 ] ] ] } },
{ "type": "Feature", "properties": { "GEOID": "06001403502", "name": "Census Tract 4035.02", "pop": 2052, "pop_lowrel": 0, "hh": 1180, "hh_lowrel": 0, "nocar": 232, "nocar_lowrel": 0, "nocar_pct": 19.7, "age65": 239, "age65_lowrel": 0, "age65_pct": 11.6, "disab": 332, "disab_lowrel": 0, "disab_pct": 16.3, "pov": 165, "pov_lowrel": 0, "pov_pct": 8.0, "lep": 9, "lep_lowrel": 1, "lep_pct": 0.8, "rent": 1061, "rent_lowrel": 0, "rent_pct": 89.9, "income": 115000 }, "geometry": { "type": "Polygon", "coordinates": [ [ [ -122.2615, 37.81303 ], [ -122.26003, 37.81452 ], [ -122.25904, 37.81532 ], [ -122.25866, 37.81609 ], [ -122.25513, 37.81901 ], [ -122.25415, 37.81865 ], [ -122.25317, 37.81699 ], [ -122.25605, 37.81533 ], [ -122.25809, 37.81417 ], [ -122.25889, 37.81355 ], [ -122.26087, 37.81241 ], [ -122.2615, 37.81303 ] ] ] } },
{ "type": "Feature", "properties": { "GEOID": "06001425103", "name": "Census Tract 4251.03", "pop": 2999, "pop_lowrel": 0, "hh": 1742, "hh_lowrel": 0, "nocar": 229, "nocar_lowrel": 0, "nocar_pct": 13.1, "age65": 200, "age65_lowrel": 0, "age65_pct": 6.7, "disab": 197, "disab_lowrel": 1, "disab_pct": 6.6, "pov": 241, "pov_lowrel": 0, "pov_pct": 8.0, "lep": 34, "lep_lowrel": 1, "lep_pct": 2.0, "rent": 1327, "rent_lowrel": 0, "rent_pct": 76.2, "income": 126111 }, "geometry": { "type": "Polygon", "coordinates": [ [ [ -122.29505, 37.84871 ], [ -122.29232, 37.84926 ], [ -122.29137, 37.84948 ], [ -122.28874, 37.84999 ], [ -122.28787, 37.84691 ], [ -122.2875, 37.84577 ], [ -122.28671, 37.84334 ], [ -122.28558, 37.83978 ], [ -122.28449, 37.83671 ], [ -122.28767, 37.83605 ], [ -122.29124, 37.83472 ], [ -122.29198, 37.8389 ], [ -122.29348, 37.84407 ], [ -122.29505, 37.84871 ] ] ] } },
{ "type": "Feature", "properties": { "GEOID": "06001451103", "name": "Census Tract 4511.03", "pop": 1354, "pop_lowrel": 0, "hh": 420, "hh_lowrel": 0, "nocar": 4, "nocar_lowrel": 1, "nocar_pct": 1.0, "age65": 350, "age65_lowrel": 0, "age65_pct": 25.8, "disab": 117, "disab_lowrel": 0, "disab_pct": 9.2, "pov": 26, "pov_lowrel": 1, "pov_pct": 2.0, "lep": 13, "lep_lowrel": 1, "lep_pct": 3.1, "rent": 105, "rent_lowrel": 1, "rent_pct": 25.0, "income": 250001 }, "geometry": { "type": "Polygon", "coordinates": [ [ [ -121.80228, 37.62947 ], [ -121.80207, 37.63398 ], [ -121.80194, 37.63435 ], [ -121.80175, 37.63504 ], [ -121.80151, 37.63545 ], [ -121.79957, 37.63672 ], [ -121.79766, 37.63753 ], [ -121.79615, 37.63977 ], [ -121.78834, 37.64518 ], [ -121.78578, 37.64663 ], [ -121.78354, 37.64811 ], [ -121.78319, 37.64869 ], [ -121.78288, 37.64528 ], [ -121.78218, 37.64519 ], [ -121.76808, 37.64519 ], [ -121.7681, 37.64532 ], [ -121.7681, 37.65382 ], [ -121.76807, 37.65663 ], [ -121.76202, 37.65662 ], [ -121.74994, 37.65659 ], [ -121.74971, 37.66248 ], [ -121.74972, 37.66649 ], [ -121.74972, 37.67002 ], [ -121.74241, 37.66533 ], [ -121.74191, 37.66517 ], [ -121.7374, 37.66513 ], [ -121.7352, 37.66513 ], [ -121.71894, 37.665 ], [ -121.71897, 37.66509 ], [ -121.71879, 37.67977 ], [ -121.71878, 37.67985 ], [ -121.71868, 37.68111 ], [ -121.71859, 37.69442 ], [ -121.71807, 37.69694 ], [ -121.70183, 37.69912 ], [ -121.70029, 37.69971 ], [ -121.69877, 37.70081 ], [ -121.69692, 37.70317 ], [ -121.69661, 37.70264 ], [ -121.69688, 37.70089 ], [ -121.69678, 37.68713 ], [ -121.69675, 37.67978 ], [ -121.69674, 37.67792 ], [ -121.69656, 37.64689 ], [ -121.69392, 37.64599 ], [ -121.68932, 37.64292 ], [ -121.68671, 37.64179 ], [ -121.68673, 37.64031 ], [ -121.68521, 37.63783 ], [ -121.68352, 37.63669 ], [ -121.68211, 37.63466 ], [ -121.68228, 37.63324 ], [ -121.6793, 37.63209 ], [ -121.67777, 37.63095 ], [ -121.66985, 37.62685 ], [ -121.66177, 37.62598 ], [ -121.65952, 37.62476 ], [ -121.65945, 37.62347 ], [ -121.65712, 37.62309 ], [ -121.65468, 37.62188 ], [ -121.65422, 37.621 ], [ -121.65481, 37.6199 ], [ -121.6587, 37.62093 ], [ -121.66114, 37.62046 ], [ -121.66233, 37.62126 ], [ -121.66851, 37.61843 ], [ -121.67098, 37.61939 ], [ -121.67416, 37.61953 ], [ -121.67467, 37.62018 ], [ -121.67699, 37.61775 ], [ -121.67881, 37.61763 ], [ -121.68104, 37.61572 ], [ -121.6835, 37.61225 ], [ -121.68709, 37.61187 ], [ -121.69356, 37.61558 ], [ -121.69666, 37.61698 ], [ -121.70282, 37.62209 ], [ -121.70056, 37.61747 ], [ -121.70026, 37.61407 ], [ -121.69659, 37.61251 ], [ -121.69399, 37.60831 ], [ -121.68988, 37.60645 ], [ -121.68714, 37.6046 ], [ -121.68692, 37.60331 ], [ -121.68855, 37.60119 ], [ -121.68894, 37.59945 ], [ -121.69282, 37.59756 ], [ -121.69716, 37.59658 ], [ -121.69857, 37.59692 ], [ -121.70162, 37.59596 ], [ -121.70159, 37.59717 ], [ -121.70372, 37.59864 ], [ -121.70732, 37.59751 ], [ -121.70732, 37.60018 ], [ -121.71561, 37.60109 ], [ -121.71858, 37.60662 ], [ -121.72297, 37.60704 ], [ -121.7261, 37.61742 ], [ -121.73237, 37.62192 ], [ -121.74205, 37.62193 ], [ -121.74208, 37.62494 ], [ -121.74747, 37.62493 ], [ -121.74879, 37.62141 ], [ -121.7466, 37.62062 ], [ -121.74663, 37.61912 ], [ -121.74923, 37.6182 ], [ -121.74916, 37.61524 ], [ -121.75034, 37.61509 ], [ -121.75049, 37.61375 ], [ -121.74845, 37.61022 ], [ -121.74869, 37.60895 ], [ -121.74705, 37.60889 ], [ -121.74694, 37.60734 ], [ -121.74539, 37.60753 ], [ -121.74521, 37.60624 ], [ -121.74803, 37.60601 ], [ -121.74993, 37.60412 ], [ -121.75196, 37.60587 ], [ -121.75106, 37.60345 ], [ -121.75123, 37.60121 ], [ -121.75745, 37.60252 ], [ -121.75911, 37.60336 ], [ -121.76484, 37.60432 ], [ -121.77237, 37.60699 ], [ -121.77782, 37.6105 ], [ -121.77984, 37.61438 ], [ -121.77993, 37.61686 ], [ -121.78269, 37.62056 ], [ -121.78506, 37.62313 ], [ -121.78586, 37.62603 ], [ -121.78789, 37.62725 ], [ -121.79431, 37.62626 ], [ -121.79825, 37.626 ], [ -121.79998, 37.6266 ], [ -121.80174, 37.6281 ], [ -121.80311, 37.62864 ], [ -121.80228, 37.62947 ] ] ] } },
{ "type": "Feature", "properties": { "GEOID": "06001441928", "name": "Census Tract 4419.28", "pop": 4003, "pop_lowrel": 0, "hh": 1500, "hh_lowrel": 0, "nocar": 75, "nocar_lowrel": 1, "nocar_pct": 5.0, "age65": 329, "age65_lowrel": 0, "age65_pct": 8.2, "disab": 404, "disab_lowrel": 1, "disab_pct": 10.1, "pov": 179, "pov_lowrel": 1, "pov_pct": 4.5, "lep": 101, "lep_lowrel": 1, "lep_pct": 6.7, "rent": 956, "rent_lowrel": 0, "rent_pct": 63.7, "income": 167083 }, "geometry": { "type": "Polygon", "coordinates": [ [ [ -121.97243, 37.55052 ], [ -121.97185, 37.55197 ], [ -121.9708, 37.55297 ], [ -121.96701, 37.55458 ], [ -121.96612, 37.55496 ], [ -121.96862, 37.55656 ], [ -121.9711, 37.5593 ], [ -121.96879, 37.56074 ], [ -121.96796, 37.56123 ], [ -121.96653, 37.56207 ], [ -121.96147, 37.56557 ], [ -121.95739, 37.56109 ], [ -121.95564, 37.55985 ], [ -121.95493, 37.54997 ], [ -121.95438, 37.54227 ], [ -121.95517, 37.5416 ], [ -121.95871, 37.54106 ], [ -121.9606, 37.54167 ], [ -121.96268, 37.54343 ], [ -121.9653, 37.54509 ], [ -121.9681, 37.54691 ], [ -121.97226, 37.54912 ], [ -121.97243, 37.55052 ] ] ] } },
{ "type": "Feature", "properties": { "GEOID": "06001450608", "name": "Census Tract 4506.08", "pop": 3985, "pop_lowrel": 0, "hh": 1378, "hh_lowrel": 0, "nocar": 33, "nocar_lowrel": 1, "nocar_pct": 2.4, "age65": 679, "age65_lowrel": 0, "age65_pct": 17.0, "disab": 504, "disab_lowrel": 0, "disab_pct": 12.6, "pov": 302, "pov_lowrel": 1, "pov_pct": 7.6, "lep": 48, "lep_lowrel": 1, "lep_pct": 3.5, "rent": 272, "rent_lowrel": 0, "rent_pct": 19.7, "income": 219329 }, "geometry": { "type": "Polygon", "coordinates": [ [ [ -121.92121, 37.67561 ], [ -121.91355, 37.67802 ], [ -121.91101, 37.67153 ], [ -121.91044, 37.67006 ], [ -121.90969, 37.66817 ], [ -121.90816, 37.66457 ], [ -121.90633, 37.66176 ], [ -121.90143, 37.65683 ], [ -121.89146, 37.64726 ], [ -121.88549, 37.6415 ], [ -121.88442, 37.63995 ], [ -121.88598, 37.63913 ], [ -121.88667, 37.63866 ], [ -121.89111, 37.63736 ], [ -121.89372, 37.63946 ], [ -121.89714, 37.6418 ], [ -121.89894, 37.64273 ], [ -121.90054, 37.64496 ], [ -121.90404, 37.64755 ], [ -121.90772, 37.65414 ], [ -121.91107, 37.65989 ], [ -121.91669, 37.66505 ], [ -121.9179, 37.66631 ], [ -121.9184, 37.66695 ], [ -121.91921, 37.66839 ], [ -121.91928, 37.66964 ], [ -121.92121, 37.67561 ] ] ] } },
{ "type": "Feature", "properties": { "GEOID": "06001444303", "name": "Census Tract 4443.03", "pop": 0, "pop_lowrel": 0, "hh": 0, "hh_lowrel": 0, "nocar": 0, "nocar_lowrel": 0, "nocar_pct": null, "age65": 0, "age65_lowrel": 0, "age65_pct": null, "disab": 0, "disab_lowrel": 0, "disab_pct": null, "pov": 0, "pov_lowrel": 0, "pov_pct": null, "lep": 0, "lep_lowrel": 0, "lep_pct": null, "rent": 0, "rent_lowrel": 0, "rent_pct": null, "income": null }, "geometry": { "type": "Polygon", "coordinates": [ [ [ -122.11144, 37.51085 ], [ -122.10911, 37.51305 ], [ -122.10393, 37.52018 ], [ -122.10193, 37.52262 ], [ -122.09376, 37.52965 ], [ -122.09243, 37.53055 ], [ -122.09004, 37.53178 ], [ -122.08592, 37.53285 ], [ -122.07812, 37.53411 ], [ -122.07553, 37.53499 ], [ -122.07114, 37.53738 ], [ -122.06733, 37.54023 ], [ -122.06665, 37.53873 ], [ -122.06468, 37.53469 ], [ -122.06809, 37.52417 ], [ -122.06135, 37.52327 ], [ -122.06047, 37.52158 ], [ -122.07089, 37.51902 ], [ -122.07019, 37.51786 ], [ -122.07396, 37.51633 ], [ -122.07998, 37.5148 ], [ -122.07957, 37.51601 ], [ -122.08086, 37.51661 ], [ -122.08284, 37.51448 ], [ -122.08894, 37.51325 ], [ -122.08833, 37.51685 ], [ -122.09228, 37.51849 ], [ -122.09326, 37.52099 ], [ -122.09833, 37.52261 ], [ -122.10152, 37.52134 ], [ -122.10124, 37.51825 ], [ -122.11076, 37.50925 ], [ -122.11142, 37.5102 ], [ -122.11144, 37.51085 ] ] ] } },
{ "type": "Feature", "properties": { "GEOID": "06001420302", "name": "Census Tract 4203.02", "pop": 2322, "pop_lowrel": 0, "hh": 970, "hh_lowrel": 0, "nocar": 125, "nocar_lowrel": 0, "nocar_pct": 12.9, "age65": 312, "age65_lowrel": 0, "age65_pct": 13.4, "disab": 210, "disab_lowrel": 0, "disab_pct": 9.0, "pov": 148, "pov_lowrel": 0, "pov_pct": 6.4, "lep": 17, "lep_lowrel": 1, "lep_pct": 1.8, "rent": 522, "rent_lowrel": 0, "rent_pct": 53.8, "income": 131964 }, "geometry": { "type": "Polygon", "coordinates": [ [ [ -122.32691, 37.89249 ], [ -122.31544, 37.89223 ], [ -122.3111, 37.89043 ], [ -122.3095, 37.89298 ], [ -122.3114, 37.89579 ], [ -122.31315, 37.89729 ], [ -122.31136, 37.89749 ], [ -122.30926, 37.89773 ], [ -122.30886, 37.89777 ], [ -122.30667, 37.89266 ], [ -122.30601, 37.88959 ], [ -122.30414, 37.88997 ], [ -122.30355, 37.89035 ], [ -122.30309, 37.8916 ], [ -122.30284, 37.89364 ], [ -122.3026, 37.89566 ], [ -122.3009, 37.89602 ], [ -122.30059, 37.89504 ], [ -122.29905, 37.89026 ], [ -122.29825, 37.88776 ], [ -122.30096, 37.8877 ], [ -122.30182, 37.88761 ], [ -122.30699, 37.8872 ], [ -122.30823, 37.8873 ], [ -122.31232, 37.88949 ], [ -122.32691, 37.88965 ], [ -122.32691, 37.89249 ] ] ] } },
{ "type": "Feature", "properties": { "GEOID": "06001437900", "name": "Census Tract 4379", "pop": 2486, "pop_lowrel": 0, "hh": 716, "hh_lowrel": 0, "nocar": 56, "nocar_lowrel": 1, "nocar_pct": 7.8, "age65": 258, "age65_lowrel": 0, "age65_pct": 10.4, "disab": 220, "disab_lowrel": 0, "disab_pct": 8.8, "pov": 452, "pov_lowrel": 0, "pov_pct": 18.2, "lep": 78, "lep_lowrel": 1, "lep_pct": 10.9, "rent": 372, "rent_lowrel": 0, "rent_pct": 52.0, "income": 97143 }, "geometry": { "type": "Polygon", "coordinates": [ [ [ -122.06797, 37.65087 ], [ -122.06694, 37.65122 ], [ -122.0646, 37.64827 ], [ -122.06002, 37.6425 ], [ -122.0553, 37.64286 ], [ -122.05436, 37.64011 ], [ -122.05692, 37.63881 ], [ -122.05427, 37.63639 ], [ -122.05723, 37.63593 ], [ -122.05839, 37.63573 ], [ -122.07002, 37.65055 ], [ -122.06797, 37.65087 ] ] ] } },
{ "type": "Feature", "properties": { "GEOID": "06001442800", "name": "Census Tract 4428", "pop": 3041, "pop_lowrel": 0, "hh": 953, "hh_lowrel": 0, "nocar": 13, "nocar_lowrel": 1, "nocar_pct": 1.4, "age65": 533, "age65_lowrel": 0, "age65_pct": 17.5, "disab": 253, "disab_lowrel": 0, "disab_pct": 8.3, "pov": 101, "pov_lowrel": 1, "pov_pct": 3.3, "lep": 117, "lep_lowrel": 0, "lep_pct": 12.3, "rent": 203, "rent_lowrel": 0, "rent_pct": 21.3, "income": 179844 }, "geometry": { "type": "Polygon", "coordinates": [ [ [ -122.00224, 37.52991 ], [ -122.00134, 37.53289 ], [ -122.00085, 37.53348 ], [ -121.99852, 37.53637 ], [ -121.99177, 37.53293 ], [ -121.9858, 37.52985 ], [ -121.98304, 37.52844 ], [ -121.98498, 37.52608 ], [ -121.98705, 37.52353 ], [ -121.98765, 37.52261 ], [ -121.98777, 37.52243 ], [ -121.98798, 37.52253 ], [ -122.00236, 37.52977 ], [ -122.00224, 37.52991 ] ] ] } },
{ "type": "Feature", "properties": { "GEOID": "06001436000", "name": "Census Tract 4360", "pop": 5298, "pop_lowrel": 0, "hh": 1396, "hh_lowrel": 0, "nocar": 27, "nocar_lowrel": 1, "nocar_pct": 1.9, "age65": 1125, "age65_lowrel": 0, "age65_pct": 21.2, "disab": 640, "disab_lowrel": 0, "disab_pct": 12.1, "pov": 137, "pov_lowrel": 0, "pov_pct": 2.6, "lep": 143, "lep_lowrel": 0, "lep_pct": 10.2, "rent": 230, "rent_lowrel": 0, "rent_pct": 16.5, "income": 128333 }, "geometry": { "type": "Polygon", "coordinates": [ [ [ -122.14699, 37.66684 ], [ -122.13962, 37.67031 ], [ -122.13814, 37.67099 ], [ -122.13849, 37.67144 ], [ -122.14016, 37.67367 ], [ -122.13765, 37.67469 ], [ -122.14002, 37.67841 ], [ -122.137, 37.67962 ], [ -122.13504, 37.67662 ], [ -122.13293, 37.6733 ], [ -122.13134, 37.67083 ], [ -122.13128, 37.67053 ], [ -122.13138, 37.66978 ], [ -122.13125, 37.6683 ], [ -122.13096, 37.66499 ], [ -122.13447, 37.66457 ], [ -122.13436, 37.6628 ], [ -122.13927, 37.66253 ], [ -122.14387, 37.66347 ], [ -122.14592, 37.66568 ], [ -122.14699, 37.66684 ] ] ] } },
{ "type": "Feature", "properties": { "GEOID": "06001434000", "name": "Census Tract 4340", "pop": 5561, "pop_lowrel": 0, "hh": 1774, "hh_lowrel": 0, "nocar": 286, "nocar_lowrel": 0, "nocar_pct": 16.1, "age65": 678, "age65_lowrel": 0, "age65_pct": 12.2, "disab": 847, "disab_lowrel": 0, "disab_pct": 15.3, "pov": 1294, "pov_lowrel": 0, "pov_pct": 23.6, "lep": 332, "lep_lowrel": 0, "lep_pct": 18.7, "rent": 1343, "rent_lowrel": 0, "rent_pct": 75.7, "income": 52160 }, "geometry": { "type": "Polygon", "coordinates": [ [ [ -122.11902, 37.69199 ], [ -122.11887, 37.69854 ], [ -122.11709, 37.69729 ], [ -122.11535, 37.69608 ], [ -122.11359, 37.69484 ], [ -122.11187, 37.69362 ], [ -122.10681, 37.69729 ], [ -122.10622, 37.69782 ], [ -122.10417, 37.69551 ], [ -122.10123, 37.69222 ], [ -122.0995, 37.69097 ], [ -122.09845, 37.69035 ], [ -122.09673, 37.68998 ], [ -122.09835, 37.6898 ], [ -122.10534, 37.68905 ], [ -122.11136, 37.68844 ], [ -122.1147, 37.6887 ], [ -122.11894, 37.68946 ], [ -122.11904, 37.6915 ], [ -122.11902, 37.69199 ] ] ] } },
{ "type": "Feature", "properties": { "GEOID": "06001430600", "name": "Census Tract 4306", "pop": 6105, "pop_lowrel": 0, "hh": 2113, "hh_lowrel": 0, "nocar": 30, "nocar_lowrel": 1, "nocar_pct": 1.4, "age65": 1144, "age65_lowrel": 0, "age65_pct": 18.7, "disab": 540, "disab_lowrel": 0, "disab_pct": 8.9, "pov": 166, "pov_lowrel": 1, "pov_pct": 2.7, "lep": 147, "lep_lowrel": 1, "lep_pct": 7.0, "rent": 179, "rent_lowrel": 0, "rent_pct": 8.5, "income": 193606 }, "geometry": { "type": "Polygon", "coordinates": [ [ [ -122.10628, 37.70977 ], [ -122.10524, 37.71076 ], [ -122.105, 37.71444 ], [ -122.10336, 37.71475 ], [ -122.09863, 37.71319 ], [ -122.09259, 37.70985 ], [ -122.09103, 37.70892 ], [ -122.09048, 37.70782 ], [ -122.09007, 37.70652 ], [ -122.08884, 37.70269 ], [ -122.08817, 37.70114 ], [ -122.09189, 37.70044 ], [ -122.08969, 37.6929 ], [ -122.09182, 37.69183 ], [ -122.09335, 37.69109 ], [ -122.09504, 37.69237 ], [ -122.09618, 37.6957 ], [ -122.09745, 37.69564 ], [ -122.09897, 37.69766 ], [ -122.10052, 37.70057 ], [ -122.10223, 37.70125 ], [ -122.10185, 37.70266 ], [ -122.10349, 37.70401 ], [ -122.10373, 37.70551 ], [ -122.10673, 37.70883 ], [ -122.10628, 37.70977 ] ] ] } },
{ "type": "Feature", "properties": { "GEOID": "06001430500", "name": "Census Tract 4305", "pop": 6125, "pop_lowrel": 0, "hh": 1983, "hh_lowrel": 0, "nocar": 44, "nocar_lowrel": 1, "nocar_pct": 2.2, "age65": 894, "age65_lowrel": 0, "age65_pct": 14.6, "disab": 635, "disab_lowrel": 0, "disab_pct": 10.9, "pov": 592, "pov_lowrel": 0, "pov_pct": 10.2, "lep": 248, "lep_lowrel": 1, "lep_pct": 12.5, "rent": 669, "rent_lowrel": 0, "rent_pct": 33.7, "income": 114408 }, "geometry": { "type": "Polygon", "coordinates": [ [ [ -122.12255, 37.70853 ], [ -122.12067, 37.71155 ], [ -122.12176, 37.71606 ], [ -122.12138, 37.71718 ], [ -122.1197, 37.71782 ], [ -122.11743, 37.7168 ], [ -122.11575, 37.71424 ], [ -122.11034, 37.71288 ], [ -122.10799, 37.71327 ], [ -122.1047, 37.71476 ], [ -122.10336, 37.71475 ], [ -122.105, 37.71444 ], [ -122.10524, 37.71076 ], [ -122.10628, 37.70977 ], [ -122.10673, 37.70883 ], [ -122.10373, 37.70551 ], [ -122.10349, 37.70401 ], [ -122.10185, 37.70266 ], [ -122.10223, 37.70125 ], [ -122.10052, 37.70057 ], [ -122.09897, 37.69766 ], [ -122.09745, 37.69564 ], [ -122.09618, 37.6957 ], [ -122.09504, 37.69237 ], [ -122.09335, 37.69109 ], [ -122.09182, 37.69183 ], [ -122.09332, 37.69076 ], [ -122.09401, 37.69005 ], [ -122.09581, 37.68991 ], [ -122.09673, 37.68998 ], [ -122.09845, 37.69035 ], [ -122.0995, 37.69097 ], [ -122.10123, 37.69222 ], [ -122.10417, 37.69551 ], [ -122.10622, 37.69782 ], [ -122.10836, 37.70009 ], [ -122.10947, 37.70095 ], [ -122.11665, 37.7053 ], [ -122.12094, 37.70732 ], [ -122.12255, 37.70853 ] ] ] } },
{ "type": "Feature", "properties": { "GEOID": "06001436900", "name": "Census Tract 4369", "pop": 6768, "pop_lowrel": 0, "hh": 1846, "hh_lowrel": 0, "nocar": 66, "nocar_lowrel": 1, "nocar_pct": 3.6, "age65": 566, "age65_lowrel": 0, "age65_pct": 8.4, "disab": 451, "disab_lowrel": 0, "disab_pct": 6.7, "pov": 383, "pov_lowrel": 0, "pov_pct": 5.7, "lep": 304, "lep_lowrel": 0, "lep_pct": 16.5, "rent": 970, "rent_lowrel": 0, "rent_pct": 52.5, "income": 107292 }, "geometry": { "type": "Polygon", "coordinates": [ [ [ -122.11814, 37.6656 ], [ -122.11752, 37.66581 ], [ -122.11079, 37.66618 ], [ -122.10922, 37.66626 ], [ -122.10813, 37.66632 ], [ -122.10778, 37.66635 ], [ -122.10588, 37.66329 ], [ -122.10476, 37.66149 ], [ -122.10161, 37.65642 ], [ -122.10526, 37.65503 ], [ -122.10732, 37.65425 ], [ -122.11041, 37.65316 ], [ -122.11368, 37.65826 ], [ -122.11807, 37.66549 ], [ -122.11814, 37.6656 ] ] ] } },
{ "type": "Feature", "properties": { "GEOID": "06001433700", "name": "Census Tract 4337", "pop": 3257, "pop_lowrel": 0, "hh": 984, "hh_lowrel": 0, "nocar": 61, "nocar_lowrel": 1, "nocar_pct": 6.2, "age65": 239, "age65_lowrel": 0, "age65_pct": 7.3, "disab": 560, "disab_lowrel": 0, "disab_pct": 17.2, "pov": 471, "pov_lowrel": 0, "pov_pct": 14.5, "lep": 167, "lep_lowrel": 0, "lep_pct": 17.0, "rent": 562, "rent_lowrel": 0, "rent_pct": 57.1, "income": 84107 }, "geometry": { "type": "Polygon", "coordinates": [ [ [ -122.13013, 37.69112 ], [ -122.12841, 37.69107 ], [ -122.12779, 37.69076 ], [ -122.12715, 37.69072 ], [ -122.11894, 37.68946 ], [ -122.1147, 37.6887 ], [ -122.11136, 37.68844 ], [ -122.10534, 37.68905 ], [ -122.09835, 37.6898 ], [ -122.09673, 37.68998 ], [ -122.09581, 37.68991 ], [ -122.09401, 37.69005 ], [ -122.09455, 37.68947 ], [ -122.09616, 37.68815 ], [ -122.09629, 37.68804 ], [ -122.09769, 37.68675 ], [ -122.10063, 37.68572 ], [ -122.10603, 37.6859 ], [ -122.10845, 37.68444 ], [ -122.11074, 37.68468 ], [ -122.11321, 37.68633 ], [ -122.11683, 37.68565 ], [ -122.1174, 37.68601 ], [ -122.12219, 37.68586 ], [ -122.1283, 37.68514 ], [ -122.129, 37.68439 ], [ -122.13002, 37.68511 ], [ -122.1301, 37.68674 ], [ -122.13013, 37.69112 ] ] ] } },
{ "type": "Feature", "properties": { "GEOID": "06001435102", "name": "Census Tract 4351.02", "pop": 5649, "pop_lowrel": 0, "hh": 1656, "hh_lowrel": 0, "nocar": 31, "nocar_lowrel": 1, "nocar_pct": 1.9, "age65": 1015, "age65_lowrel": 0, "age65_pct": 18.0, "disab": 525, "disab_lowrel": 0, "disab_pct": 9.3, "pov": 485, "pov_lowrel": 1, "pov_pct": 10.8, "lep": 61, "lep_lowrel": 1, "lep_pct": 3.7, "rent": 359, "rent_lowrel": 0, "rent_pct": 21.7, "income": 134902 }, "geometry": { "type": "Polygon", "coordinates": [ [ [ -122.0651, 37.65165 ], [ -122.06065, 37.65435 ], [ -122.05701, 37.65274 ], [ -122.05545, 37.65287 ], [ -122.05703, 37.65554 ], [ -122.05969, 37.657 ], [ -122.0599, 37.65856 ], [ -122.06307, 37.65916 ], [ -122.06142, 37.65971 ], [ -122.05875, 37.66002 ], [ -122.06141, 37.66062 ], [ -122.06444, 37.6633 ], [ -122.06009, 37.66555 ], [ -122.05561, 37.664 ], [ -122.05384, 37.66191 ], [ -122.05091, 37.66172 ], [ -122.04845, 37.66265 ], [ -122.03916, 37.6584 ], [ -122.03657, 37.65868 ], [ -122.03598, 37.65856 ], [ -122.03505, 37.65798 ], [ -122.03445, 37.65774 ], [ -122.03374, 37.65756 ], [ -122.03328, 37.65729 ], [ -122.0327, 37.65716 ], [ -122.03219, 37.65692 ], [ -122.03018, 37.65632 ], [ -122.02754, 37.65576 ], [ -122.02525, 37.65865 ], [ -122.02425, 37.66127 ], [ -122.01834, 37.65877 ], [ -122.01714, 37.65556 ], [ -122.0174, 37.65423 ], [ -122.02127, 37.6551 ], [ -122.02275, 37.65636 ], [ -122.02525, 37.65438 ], [ -122.02992, 37.65411 ], [ -122.03409, 37.65532 ], [ -122.03307, 37.6522 ], [ -122.03619, 37.64847 ], [ -122.03825, 37.64959 ], [ -122.03905, 37.64806 ], [ -122.03597, 37.64553 ], [ -122.03714, 37.64571 ], [ -122.03954, 37.64674 ], [ -122.04338, 37.64721 ], [ -122.04956, 37.64651 ], [ -122.05093, 37.64746 ], [ -122.05546, 37.65069 ], [ -122.05975, 37.64964 ], [ -122.06224, 37.64992 ], [ -122.06312, 37.6487 ], [ -122.0646, 37.64827 ], [ -122.06694, 37.65122 ], [ -122.0651, 37.65165 ] ] ] } },
{ "type": "Feature", "properties": { "GEOID": "06001422500", "name": "Census Tract 4225", "pop": 4481, "pop_lowrel": 0, "hh": 1694, "hh_lowrel": 0, "nocar": 461, "nocar_lowrel": 0, "nocar_pct": 27.2, "age65": 323, "age65_lowrel": 0, "age65_pct": 7.2, "disab": 305, "disab_lowrel": 0, "disab_pct": 6.9, "pov": 800, "pov_lowrel": 0, "pov_pct": 26.2, "lep": 237, "lep_lowrel": 1, "lep_pct": 14.0, "rent": 1440, "rent_lowrel": 0, "rent_pct": 85.0, "income": 53041 }, "geometry": { "type": "Polygon", "coordinates": [ [ [ -122.26575, 37.87881 ], [ -122.25805, 37.87982 ], [ -122.25821, 37.88057 ], [ -122.25664, 37.87996 ], [ -122.25508, 37.88026 ], [ -122.25492, 37.87863 ], [ -122.25532, 37.87835 ], [ -122.25472, 37.87563 ], [ -122.25836, 37.87534 ], [ -122.26538, 37.8743 ], [ -122.26545, 37.87651 ], [ -122.26565, 37.87697 ], [ -122.26565, 37.87731 ], [ -122.26575, 37.87881 ] ] ] } },
{ "type": "Feature", "properties": { "GEOID": "06001437000", "name": "Census Tract 4370", "pop": 3378, "pop_lowrel": 0, "hh": 1152, "hh_lowrel": 0, "nocar": 62, "nocar_lowrel": 1, "nocar_pct": 5.4, "age65": 565, "age65_lowrel": 0, "age65_pct": 16.7, "disab": 336, "disab_lowrel": 0, "disab_pct": 10.0, "pov": 124, "pov_lowrel": 1, "pov_pct": 3.7, "lep": 57, "lep_lowrel": 1, "lep_pct": 4.9, "rent": 202, "rent_lowrel": 0, "rent_pct": 17.5, "income": 148750 }, "geometry": { "type": "Polygon", "coordinates": [ [ [ -122.11041, 37.65316 ], [ -122.10732, 37.65425 ], [ -122.10526, 37.65503 ], [ -122.10161, 37.65642 ], [ -122.09809, 37.65074 ], [ -122.09389, 37.6448 ], [ -122.097, 37.63932 ], [ -122.09821, 37.63762 ], [ -122.10009, 37.63633 ], [ -122.10207, 37.63949 ], [ -122.10729, 37.648 ], [ -122.10881, 37.65048 ], [ -122.11041, 37.65316 ] ] ] } },
{ "type": "Feature", "properties": { "GEOID": "06001423500", "name": "Census Tract 4235", "pop": 3768, "pop_lowrel": 0, "hh": 1587, "hh_lowrel": 0, "nocar": 346, "nocar_lowrel": 0, "nocar_pct": 21.8, "age65": 660, "age65_lowrel": 0, "age65_pct": 17.5, "disab": 381, "disab_lowrel": 0, "disab_pct": 10.4, "pov": 403, "pov_lowrel": 0, "pov_pct": 11.1, "lep": 66, "lep_lowrel": 0, "lep_pct": 4.2, "rent": 1099, "rent_lowrel": 0, "rent_pct": 69.3, "income": 103702 }, "geometry": { "type": "Polygon", "coordinates": [ [ [ -122.27216, 37.86335 ], [ -122.26983, 37.86366 ], [ -122.26732, 37.86399 ], [ -122.26528, 37.86427 ], [ -122.26488, 37.86246 ], [ -122.26452, 37.86068 ], [ -122.26414, 37.85889 ], [ -122.26397, 37.85802 ], [ -122.26352, 37.85573 ], [ -122.2666, 37.85529 ], [ -122.26851, 37.85503 ], [ -122.27116, 37.85427 ], [ -122.27147, 37.85705 ], [ -122.27176, 37.85977 ], [ -122.27195, 37.86156 ], [ -122.27216, 37.86335 ] ] ] } },
{ "type": "Feature", "properties": { "GEOID": "06001405100", "name": "Census Tract 4051", "pop": 4476, "pop_lowrel": 0, "hh": 1708, "hh_lowrel": 0, "nocar": 19, "nocar_lowrel": 1, "nocar_pct": 1.1, "age65": 941, "age65_lowrel": 0, "age65_pct": 21.0, "disab": 238, "disab_lowrel": 0, "disab_pct": 5.3, "pov": 361, "pov_lowrel": 0, "pov_pct": 8.1, "lep": 0, "lep_lowrel": 0, "lep_pct": 0.0, "rent": 111, "rent_lowrel": 0, "rent_pct": 6.5, "income": 250001 }, "geometry": { "type": "Polygon", "coordinates": [ [ [ -122.24228, 37.81156 ], [ -122.2411, 37.81276 ], [ -122.23903, 37.81428 ], [ -122.23814, 37.81512 ], [ -122.23201, 37.81433 ], [ -122.233, 37.81611 ], [ -122.2333, 37.81649 ], [ -122.23225, 37.81619 ], [ -122.22974, 37.81565 ], [ -122.2295, 37.8156 ], [ -122.22711, 37.81505 ], [ -122.22599, 37.81478 ], [ -122.22523, 37.8146 ], [ -122.22523, 37.81436 ], [ -122.22401, 37.81435 ], [ -122.22171, 37.81367 ], [ -122.22161, 37.8137 ], [ -122.22043, 37.81344 ], [ -122.22091, 37.81332 ], [ -122.2225, 37.81103 ], [ -122.22505, 37.80995 ], [ -122.22769, 37.8081 ], [ -122.23106, 37.8072 ], [ -122.23301, 37.80689 ], [ -122.23499, 37.8072 ], [ -122.2372, 37.80705 ], [ -122.24329, 37.81106 ], [ -122.24228, 37.81156 ] ] ] } },
{ "type": "Feature", "properties": { "GEOID": "06001408900", "name": "Census Tract 4089", "pop": 3958, "pop_lowrel": 0, "hh": 1179, "hh_lowrel": 0, "nocar": 162, "nocar_lowrel": 0, "nocar_pct": 13.7, "age65": 376, "age65_lowrel": 0, "age65_pct": 9.5, "disab": 490, "disab_lowrel": 0, "disab_pct": 12.4, "pov": 1011, "pov_lowrel": 0, "pov_pct": 25.7, "lep": 222, "lep_lowrel": 0, "lep_pct": 18.8, "rent": 816, "rent_lowrel": 0, "rent_pct": 69.2, "income": 48125 }, "geometry": { "type": "Polygon", "coordinates": [ [ [ -122.19667, 37.75311 ], [ -122.19584, 37.75244 ], [ -122.1937, 37.75449 ], [ -122.19256, 37.75574 ], [ -122.18705, 37.75926 ], [ -122.18437, 37.75797 ], [ -122.18268, 37.75717 ], [ -122.18245, 37.75706 ], [ -122.17947, 37.75565 ], [ -122.17912, 37.75547 ], [ -122.1793, 37.7553 ], [ -122.18375, 37.75314 ], [ -122.18457, 37.75278 ], [ -122.18501, 37.75329 ], [ -122.19242, 37.74973 ], [ -122.19362, 37.74832 ], [ -122.19655, 37.75086 ], [ -122.19808, 37.75221 ], [ -122.19667, 37.75311 ] ] ] } },
{ "type": "Feature", "properties": { "GEOID": "06001402700", "name": "Census Tract 4027", "pop": 1637, "pop_lowrel": 0, "hh": 744, "hh_lowrel": 0, "nocar": 113, "nocar_lowrel": 0, "nocar_pct": 15.2, "age65": 214, "age65_lowrel": 0, "age65_pct": 13.1, "disab": 214, "disab_lowrel": 0, "disab_pct": 13.1, "pov": 360, "pov_lowrel": 0, "pov_pct": 22.0, "lep": 34, "lep_lowrel": 1, "lep_pct": 4.6, "rent": 578, "rent_lowrel": 0, "rent_pct": 77.7, "income": 88958 }, "geometry": { "type": "Polygon", "coordinates": [ [ [ -122.27992, 37.81118 ], [ -122.27868, 37.81457 ], [ -122.27586, 37.81347 ], [ -122.27412, 37.81283 ], [ -122.27366, 37.81147 ], [ -122.27335, 37.81046 ], [ -122.27598, 37.80622 ], [ -122.27712, 37.80671 ], [ -122.27868, 37.80728 ], [ -122.28096, 37.8083 ], [ -122.27992, 37.81118 ] ] ] } },
{ "type": "Feature", "properties": { "GEOID": "06001404700", "name": "Census Tract 4047", "pop": 2211, "pop_lowrel": 0, "hh": 857, "hh_lowrel": 0, "nocar": 25, "nocar_lowrel": 1, "nocar_pct": 2.9, "age65": 513, "age65_lowrel": 0, "age65_pct": 23.2, "disab": 165, "disab_lowrel": 0, "disab_pct": 7.5, "pov": 67, "pov_lowrel": 1, "pov_pct": 3.0, "lep": 6, "lep_lowrel": 1, "lep_pct": 0.7, "rent": 49, "rent_lowrel": 0, "rent_pct": 5.7, "income": 250001 }, "geometry": { "type": "Polygon", "coordinates": [ [ [ -122.21418, 37.81305 ], [ -122.2132, 37.81451 ], [ -122.21309, 37.81466 ], [ -122.21297, 37.81491 ], [ -122.21291, 37.81517 ], [ -122.21283, 37.81581 ], [ -122.21275, 37.81613 ], [ -122.21247, 37.81672 ], [ -122.21018, 37.81861 ], [ -122.20884, 37.81955 ], [ -122.20729, 37.82155 ], [ -122.2022, 37.8152 ], [ -122.19944, 37.81201 ], [ -122.19779, 37.81059 ], [ -122.20166, 37.81017 ], [ -122.20607, 37.80728 ], [ -122.20737, 37.80641 ], [ -122.20971, 37.80705 ], [ -122.20962, 37.8078 ], [ -122.21206, 37.80995 ], [ -122.21091, 37.81061 ], [ -122.21338, 37.81218 ], [ -122.21468, 37.81269 ], [ -122.21418, 37.81305 ] ] ] } },
{ "type": "Feature", "properties": { "GEOID": "06001441602", "name": "Census Tract 4416.02", "pop": 7252, "pop_lowrel": 0, "hh": 2341, "hh_lowrel": 0, "nocar": 148, "nocar_lowrel": 1, "nocar_pct": 6.3, "age65": 1037, "age65_lowrel": 0, "age65_pct": 14.3, "disab": 567, "disab_lowrel": 0, "disab_pct": 7.9, "pov": 331, "pov_lowrel": 1, "pov_pct": 4.6, "lep": 299, "lep_lowrel": 0, "lep_pct": 12.8, "rent": 1020, "rent_lowrel": 0, "rent_pct": 43.6, "income": 137413 }, "geometry": { "type": "Polygon", "coordinates": [ [ [ -122.03101, 37.55671 ], [ -122.02761, 37.55669 ], [ -122.0267, 37.55787 ], [ -122.02535, 37.5596 ], [ -122.02456, 37.56073 ], [ -122.02483, 37.5635 ], [ -122.02278, 37.56605 ], [ -122.01598, 37.56271 ], [ -122.01169, 37.56059 ], [ -122.01244, 37.55959 ], [ -122.01829, 37.55212 ], [ -122.02276, 37.5467 ], [ -122.0229, 37.54653 ], [ -122.02868, 37.55412 ], [ -122.03122, 37.55659 ], [ -122.03101, 37.55671 ] ] ] } },
{ "type": "Feature", "properties": { "GEOID": "06001441302", "name": "Census Tract 4413.02", "pop": 5747, "pop_lowrel": 0, "hh": 1888, "hh_lowrel": 0, "nocar": 81, "nocar_lowrel": 1, "nocar_pct": 4.3, "age65": 901, "age65_lowrel": 0, "age65_pct": 15.7, "disab": 585, "disab_lowrel": 0, "disab_pct": 10.2, "pov": 415, "pov_lowrel": 1, "pov_pct": 7.2, "lep": 109, "lep_lowrel": 0, "lep_pct": 5.8, "rent": 507, "rent_lowrel": 0, "rent_pct": 26.9, "income": 203786 }, "geometry": { "type": "Polygon", "coordinates": [ [ [ -122.0268, 37.57692 ], [ -122.02536, 37.57849 ], [ -122.0253, 37.57843 ], [ -122.02384, 37.57703 ], [ -122.01831, 37.57443 ], [ -122.01762, 37.57416 ], [ -122.01413, 37.57208 ], [ -122.01454, 37.57171 ], [ -122.00976, 37.56875 ], [ -122.00884, 37.56678 ], [ -122.00816, 37.56553 ], [ -122.00713, 37.56464 ], [ -122.01066, 37.56184 ], [ -122.01169, 37.56059 ], [ -122.01598, 37.56271 ], [ -122.02278, 37.56605 ], [ -122.02679, 37.56799 ], [ -122.03243, 37.5708 ], [ -122.0268, 37.57692 ] ] ] } },
{ "type": "Feature", "properties": { "GEOID": "06001406100", "name": "Census Tract 4061", "pop": 5810, "pop_lowrel": 0, "hh": 2114, "hh_lowrel": 0, "nocar": 361, "nocar_lowrel": 0, "nocar_pct": 17.1, "age65": 725, "age65_lowrel": 0, "age65_pct": 12.5, "disab": 548, "disab_lowrel": 0, "disab_pct": 9.4, "pov": 1179, "pov_lowrel": 0, "pov_pct": 20.4, "lep": 274, "lep_lowrel": 0, "lep_pct": 13.0, "rent": 1502, "rent_lowrel": 0, "rent_pct": 71.1, "income": 73267 }, "geometry": { "type": "Polygon", "coordinates": [ [ [ -122.23861, 37.78377 ], [ -122.2359, 37.78341 ], [ -122.23148, 37.78077 ], [ -122.22909, 37.77934 ], [ -122.22785, 37.77861 ], [ -122.2258, 37.77764 ], [ -122.22086, 37.77526 ], [ -122.21894, 37.77435 ], [ -122.21479, 37.77238 ], [ -122.21714, 37.77058 ], [ -122.22376, 37.76558 ], [ -122.2249, 37.76456 ], [ -122.22658, 37.76693 ], [ -122.2302, 37.76898 ], [ -122.23649, 37.7717 ], [ -122.23657, 37.77173 ], [ -122.23586, 37.77264 ], [ -122.23632, 37.77664 ], [ -122.23742, 37.78213 ], [ -122.23861, 37.78377 ] ] ] } },
{ "type": "Feature", "properties": { "GEOID": "06001406400", "name": "Census Tract 4064", "pop": 2370, "pop_lowrel": 0, "hh": 772, "hh_lowrel": 0, "nocar": 80, "nocar_lowrel": 0, "nocar_pct": 10.4, "age65": 820, "age65_lowrel": 0, "age65_pct": 34.6, "disab": 490, "disab_lowrel": 0, "disab_pct": 23.2, "pov": 313, "pov_lowrel": 0, "pov_pct": 14.8, "lep": 26, "lep_lowrel": 1, "lep_pct": 3.4, "rent": 378, "rent_lowrel": 0, "rent_pct": 49.0, "income": 80104 }, "geometry": { "type": "Polygon", "coordinates": [ [ [ -122.22669, 37.79355 ], [ -122.2254, 37.7976 ], [ -122.22499, 37.79812 ], [ -122.22417, 37.79998 ], [ -122.22098, 37.79936 ], [ -122.21858, 37.7988 ], [ -122.21697, 37.7984 ], [ -122.21794, 37.79583 ], [ -122.21847, 37.79448 ], [ -122.21975, 37.79115 ], [ -122.22, 37.79052 ], [ -122.22157, 37.79095 ], [ -122.22267, 37.79154 ], [ -122.22543, 37.79304 ], [ -122.22669, 37.79355 ] ] ] } },
{ "type": "Feature", "properties": { "GEOID": "06001406202", "name": "Census Tract 4062.02", "pop": 5257, "pop_lowrel": 0, "hh": 1403, "hh_lowrel": 0, "nocar": 284, "nocar_lowrel": 0, "nocar_pct": 20.2, "age65": 685, "age65_lowrel": 0, "age65_pct": 13.0, "disab": 740, "disab_lowrel": 0, "disab_pct": 14.5, "pov": 634, "pov_lowrel": 0, "pov_pct": 12.5, "lep": 362, "lep_lowrel": 0, "lep_pct": 25.8, "rent": 1233, "rent_lowrel": 0, "rent_pct": 87.9, "income": 68160 }, "geometry": { "type": "Polygon", "coordinates": [ [ [ -122.22993, 37.7824 ], [ -122.22754, 37.78495 ], [ -122.22679, 37.78451 ], [ -122.22531, 37.7861 ], [ -122.22437, 37.78565 ], [ -122.22225, 37.78494 ], [ -122.22273, 37.78375 ], [ -122.2239, 37.78141 ], [ -122.22472, 37.77977 ], [ -122.2258, 37.77764 ], [ -122.22785, 37.77861 ], [ -122.22909, 37.77934 ], [ -122.23148, 37.78077 ], [ -122.22993, 37.7824 ] ] ] } },
{ "type": "Feature", "properties": { "GEOID": "06001402600", "name": "Census Tract 4026", "pop": 1192, "pop_lowrel": 0, "hh": 635, "hh_lowrel": 0, "nocar": 239, "nocar_lowrel": 0, "nocar_pct": 37.6, "age65": 332, "age65_lowrel": 0, "age65_pct": 27.9, "disab": 319, "disab_lowrel": 0, "disab_pct": 26.8, "pov": 303, "pov_lowrel": 0, "pov_pct": 25.4, "lep": 131, "lep_lowrel": 0, "lep_pct": 20.6, "rent": 454, "rent_lowrel": 0, "rent_pct": 71.5, "income": 47940 }, "geometry": { "type": "Polygon", "coordinates": [ [ [ -122.28274, 37.80367 ], [ -122.28096, 37.8083 ], [ -122.27868, 37.80728 ], [ -122.27712, 37.80671 ], [ -122.27598, 37.80622 ], [ -122.27814, 37.80276 ], [ -122.27956, 37.80045 ], [ -122.27969, 37.80026 ], [ -122.28332, 37.8017 ], [ -122.28274, 37.80367 ] ] ] } },
{ "type": "Feature", "properties": { "GEOID": "06001406300", "name": "Census Tract 4063", "pop": 4378, "pop_lowrel": 0, "hh": 1441, "hh_lowrel": 0, "nocar": 201, "nocar_lowrel": 0, "nocar_pct": 13.9, "age65": 691, "age65_lowrel": 0, "age65_pct": 15.8, "disab": 514, "disab_lowrel": 0, "disab_pct": 11.8, "pov": 934, "pov_lowrel": 0, "pov_pct": 21.4, "lep": 180, "lep_lowrel": 0, "lep_pct": 12.5, "rent": 838, "rent_lowrel": 0, "rent_pct": 58.2, "income": 68399 }, "geometry": { "type": "Polygon", "coordinates": [ [ [ -122.229, 37.79082 ], [ -122.22669, 37.79355 ], [ -122.22543, 37.79304 ], [ -122.22267, 37.79154 ], [ -122.22157, 37.79095 ], [ -122.22, 37.79052 ], [ -122.22119, 37.7876 ], [ -122.22225, 37.78494 ], [ -122.22437, 37.78565 ], [ -122.22531, 37.7861 ], [ -122.2289, 37.78821 ], [ -122.23091, 37.78944 ], [ -122.229, 37.79082 ] ] ] } },
{ "type": "Feature", "properties": { "GEOID": "06001407900", "name": "Census Tract 4079", "pop": 3047, "pop_lowrel": 0, "hh": 1277, "hh_lowrel": 0, "nocar": 45, "nocar_lowrel": 1, "nocar_pct": 3.5, "age65": 464, "age65_lowrel": 0, "age65_pct": 15.2, "disab": 207, "disab_lowrel": 0, "disab_pct": 6.8, "pov": 341, "pov_lowrel": 1, "pov_pct": 11.2, "lep": 38, "lep_lowrel": 1, "lep_pct": 3.0, "rent": 342, "rent_lowrel": 0, "rent_pct": 26.8, "income": 89987 }, "geometry": { "type": "Polygon", "coordinates": [ [ [ -122.19485, 37.78728 ], [ -122.19012, 37.78969 ], [ -122.18828, 37.79064 ], [ -122.18598, 37.7898 ], [ -122.18428, 37.79154 ], [ -122.18376, 37.79207 ], [ -122.18584, 37.79337 ], [ -122.18569, 37.79589 ], [ -122.18439, 37.79724 ], [ -122.18199, 37.79387 ], [ -122.18157, 37.79421 ], [ -122.17963, 37.79169 ], [ -122.17992, 37.79063 ], [ -122.1772, 37.78763 ], [ -122.17832, 37.78467 ], [ -122.1784, 37.78382 ], [ -122.17945, 37.78402 ], [ -122.1807, 37.78407 ], [ -122.18778, 37.78435 ], [ -122.19218, 37.78526 ], [ -122.19577, 37.78683 ], [ -122.19485, 37.78728 ] ] ] } },
{ "type": "Feature", "properties": { "GEOID": "06001407400", "name": "Census Tract 4074", "pop": 4311, "pop_lowrel": 0, "hh": 1355, "hh_lowrel": 0, "nocar": 170, "nocar_lowrel": 0, "nocar_pct": 12.5, "age65": 531, "age65_lowrel": 0, "age65_pct": 12.3, "disab": 792, "disab_lowrel": 0, "disab_pct": 18.4, "pov": 1340, "pov_lowrel": 0, "pov_pct": 31.1, "lep": 223, "lep_lowrel": 0, "lep_pct": 16.5, "rent": 938, "rent_lowrel": 0, "rent_pct": 69.2, "income": 70991 }, "geometry": { "type": "Polygon", "coordinates": [ [ [ -122.21173, 37.77468 ], [ -122.20871, 37.77325 ], [ -122.20761, 37.77273 ], [ -122.20511, 37.77267 ], [ -122.20298, 37.77267 ], [ -122.20081, 37.77266 ], [ -122.20081, 37.77007 ], [ -122.20084, 37.76913 ], [ -122.20368, 37.76713 ], [ -122.20701, 37.7687 ], [ -122.21078, 37.77048 ], [ -122.21479, 37.77238 ], [ -122.21173, 37.77468 ] ] ] } },
{ "type": "Feature", "properties": { "GEOID": "06001407300", "name": "Census Tract 4073", "pop": 2513, "pop_lowrel": 0, "hh": 701, "hh_lowrel": 0, "nocar": 53, "nocar_lowrel": 1, "nocar_pct": 7.6, "age65": 232, "age65_lowrel": 0, "age65_pct": 9.2, "disab": 279, "disab_lowrel": 0, "disab_pct": 11.1, "pov": 372, "pov_lowrel": 0, "pov_pct": 14.8, "lep": 85, "lep_lowrel": 0, "lep_pct": 12.1, "rent": 404, "rent_lowrel": 0, "rent_pct": 57.6, "income": 81917 }, "geometry": { "type": "Polygon", "coordinates": [ [ [ -122.2249, 37.76456 ], [ -122.22376, 37.76558 ], [ -122.21714, 37.77058 ], [ -122.21479, 37.77238 ], [ -122.21078, 37.77048 ], [ -122.20701, 37.7687 ], [ -122.20368, 37.76713 ], [ -122.1995, 37.76515 ], [ -122.20561, 37.76085 ], [ -122.20082, 37.75678 ], [ -122.20251, 37.75608 ], [ -122.2011, 37.75488 ], [ -122.20518, 37.75423 ], [ -122.20754, 37.75315 ], [ -122.21485, 37.76147 ], [ -122.21811, 37.75966 ], [ -122.22348, 37.7547 ], [ -122.22365, 37.75693 ], [ -122.22421, 37.76281 ], [ -122.2249, 37.76456 ] ] ] } },
{ "type": "Feature", "properties": { "GEOID": "06001408800", "name": "Census Tract 4088", "pop": 7461, "pop_lowrel": 0, "hh": 2397, "hh_lowrel": 0, "nocar": 706, "nocar_lowrel": 0, "nocar_pct": 29.5, "age65": 799, "age65_lowrel": 0, "age65_pct": 10.7, "disab": 1034, "disab_lowrel": 0, "disab_pct": 13.9, "pov": 2012, "pov_lowrel": 0, "pov_pct": 27.0, "lep": 333, "lep_lowrel": 0, "lep_pct": 13.9, "rent": 1955, "rent_lowrel": 0, "rent_pct": 81.6, "income": 42759 }, "geometry": { "type": "Polygon", "coordinates": [ [ [ -122.20561, 37.76085 ], [ -122.1995, 37.76515 ], [ -122.19545, 37.76326 ], [ -122.19433, 37.76271 ], [ -122.19283, 37.762 ], [ -122.1903, 37.76079 ], [ -122.18786, 37.75971 ], [ -122.18705, 37.75926 ], [ -122.19256, 37.75574 ], [ -122.1937, 37.75449 ], [ -122.19584, 37.75244 ], [ -122.19667, 37.75311 ], [ -122.19808, 37.75221 ], [ -122.2011, 37.75488 ], [ -122.20251, 37.75608 ], [ -122.20082, 37.75678 ], [ -122.20561, 37.76085 ] ] ] } },
{ "type": "Feature", "properties": { "GEOID": "06001408200", "name": "Census Tract 4082", "pop": 4504, "pop_lowrel": 0, "hh": 1837, "hh_lowrel": 0, "nocar": 202, "nocar_lowrel": 0, "nocar_pct": 11.0, "age65": 756, "age65_lowrel": 0, "age65_pct": 16.8, "disab": 468, "disab_lowrel": 0, "disab_pct": 10.4, "pov": 299, "pov_lowrel": 0, "pov_pct": 6.7, "lep": 67, "lep_lowrel": 1, "lep_pct": 3.6, "rent": 758, "rent_lowrel": 0, "rent_pct": 41.3, "income": 86624 }, "geometry": { "type": "Polygon", "coordinates": [ [ [ -122.18256, 37.77741 ], [ -122.18019, 37.77974 ], [ -122.17506, 37.78021 ], [ -122.17204, 37.77782 ], [ -122.16983, 37.77494 ], [ -122.16958, 37.77442 ], [ -122.16972, 37.77407 ], [ -122.16903, 37.77243 ], [ -122.16997, 37.77075 ], [ -122.172, 37.76917 ], [ -122.17681, 37.77141 ], [ -122.17796, 37.77256 ], [ -122.17973, 37.77389 ], [ -122.18017, 37.77426 ], [ -122.18401, 37.77649 ], [ -122.18256, 37.77741 ] ] ] } },
{ "type": "Feature", "properties": { "GEOID": "06001433000", "name": "Census Tract 4330", "pop": 3739, "pop_lowrel": 0, "hh": 1355, "hh_lowrel": 0, "nocar": 67, "nocar_lowrel": 0, "nocar_pct": 4.9, "age65": 750, "age65_lowrel": 0, "age65_pct": 20.1, "disab": 487, "disab_lowrel": 0, "disab_pct": 13.0, "pov": 215, "pov_lowrel": 0, "pov_pct": 5.8, "lep": 243, "lep_lowrel": 0, "lep_pct": 17.9, "rent": 271, "rent_lowrel": 0, "rent_pct": 20.0, "income": 102555 }, "geometry": { "type": "Polygon", "coordinates": [ [ [ -122.1455, 37.72167 ], [ -122.1413, 37.72285 ], [ -122.13751, 37.72388 ], [ -122.13558, 37.72228 ], [ -122.1351, 37.72166 ], [ -122.13354, 37.71939 ], [ -122.13184, 37.71606 ], [ -122.13097, 37.71449 ], [ -122.13006, 37.71343 ], [ -122.12899, 37.71253 ], [ -122.12851, 37.71221 ], [ -122.12677, 37.71127 ], [ -122.1256, 37.71069 ], [ -122.12426, 37.70983 ], [ -122.12929, 37.70585 ], [ -122.13009, 37.70641 ], [ -122.1301, 37.70727 ], [ -122.13045, 37.70827 ], [ -122.13093, 37.70884 ], [ -122.13217, 37.7098 ], [ -122.13721, 37.71332 ], [ -122.1386, 37.71424 ], [ -122.14106, 37.71602 ], [ -122.14393, 37.71815 ], [ -122.14508, 37.72068 ], [ -122.1455, 37.72167 ] ] ] } },
{ "type": "Feature", "properties": { "GEOID": "06001438300", "name": "Census Tract 4383", "pop": 3949, "pop_lowrel": 0, "hh": 857, "hh_lowrel": 0, "nocar": 19, "nocar_lowrel": 1, "nocar_pct": 2.2, "age65": 596, "age65_lowrel": 0, "age65_pct": 15.1, "disab": 396, "disab_lowrel": 0, "disab_pct": 10.0, "pov": 187, "pov_lowrel": 1, "pov_pct": 4.7, "lep": 74, "lep_lowrel": 1, "lep_pct": 8.6, "rent": 68, "rent_lowrel": 0, "rent_pct": 7.9, "income": 163906 }, "geometry": { "type": "Polygon", "coordinates": [ [ [ -122.09459, 37.63171 ], [ -122.09382, 37.63175 ], [ -122.08982, 37.63172 ], [ -122.08451, 37.63156 ], [ -122.07967, 37.62474 ], [ -122.08032, 37.62465 ], [ -122.08265, 37.62473 ], [ -122.08817, 37.62453 ], [ -122.08906, 37.62595 ], [ -122.09135, 37.62507 ], [ -122.09286, 37.62448 ], [ -122.09431, 37.62686 ], [ -122.0968, 37.6309 ], [ -122.09459, 37.63171 ] ] ] } },
{ "type": "Feature", "properties": { "GEOID": "06001422300", "name": "Census Tract 4223", "pop": 3770, "pop_lowrel": 0, "hh": 1692, "hh_lowrel": 0, "nocar": 355, "nocar_lowrel": 0, "nocar_pct": 21.0, "age65": 653, "age65_lowrel": 0, "age65_pct": 17.3, "disab": 419, "disab_lowrel": 0, "disab_pct": 11.1, "pov": 368, "pov_lowrel": 0, "pov_pct": 9.8, "lep": 75, "lep_lowrel": 1, "lep_pct": 4.4, "rent": 1128, "rent_lowrel": 0, "rent_pct": 66.7, "income": 86071 }, "geometry": { "type": "Polygon", "coordinates": [ [ [ -122.28279, 37.87666 ], [ -122.2771, 37.87736 ], [ -122.27375, 37.87779 ], [ -122.27357, 37.87598 ], [ -122.27336, 37.87422 ], [ -122.27326, 37.87333 ], [ -122.27307, 37.87151 ], [ -122.28204, 37.87035 ], [ -122.28226, 37.87213 ], [ -122.28236, 37.87302 ], [ -122.28257, 37.87486 ], [ -122.28279, 37.87666 ] ] ] } },
{ "type": "Feature", "properties": { "GEOID": "06001440308", "name": "Census Tract 4403.08", "pop": 6017, "pop_lowrel": 0, "hh": 1915, "hh_lowrel": 0, "nocar": 401, "nocar_lowrel": 0, "nocar_pct": 20.9, "age65": 1590, "age65_lowrel": 0, "age65_pct": 26.4, "disab": 989, "disab_lowrel": 0, "disab_pct": 16.5, "pov": 783, "pov_lowrel": 0, "pov_pct": 13.1, "lep": 408, "lep_lowrel": 0, "lep_pct": 21.3, "rent": 978, "rent_lowrel": 0, "rent_pct": 51.1, "income": 98068 }, "geometry": { "type": "Polygon", "coordinates": [ [ [ -122.0387, 37.58779 ], [ -122.03653, 37.59013 ], [ -122.03452, 37.59077 ], [ -122.03357, 37.59138 ], [ -122.03194, 37.59491 ], [ -122.03039, 37.59575 ], [ -122.02942, 37.60138 ], [ -122.02539, 37.59792 ], [ -122.02741, 37.59642 ], [ -122.0264, 37.59545 ], [ -122.02101, 37.59374 ], [ -122.01966, 37.59252 ], [ -122.02033, 37.5906 ], [ -122.02151, 37.58718 ], [ -122.02349, 37.58145 ], [ -122.02374, 37.58076 ], [ -122.02432, 37.57965 ], [ -122.02536, 37.57849 ], [ -122.02829, 37.58139 ], [ -122.02887, 37.58197 ], [ -122.03226, 37.58521 ], [ -122.03352, 37.58611 ], [ -122.03451, 37.58657 ], [ -122.03839, 37.58773 ], [ -122.0387, 37.58779 ] ] ] } },
{ "type": "Feature", "properties": { "GEOID": "06001433500", "name": "Census Tract 4335", "pop": 3951, "pop_lowrel": 0, "hh": 1494, "hh_lowrel": 0, "nocar": 86, "nocar_lowrel": 1, "nocar_pct": 5.8, "age65": 888, "age65_lowrel": 0, "age65_pct": 22.5, "disab": 375, "disab_lowrel": 0, "disab_pct": 9.5, "pov": 452, "pov_lowrel": 0, "pov_pct": 11.4, "lep": 356, "lep_lowrel": 1, "lep_pct": 23.8, "rent": 308, "rent_lowrel": 0, "rent_pct": 20.6, "income": 79868 }, "geometry": { "type": "Polygon", "coordinates": [ [ [ -122.16286, 37.69092 ], [ -122.16243, 37.69095 ], [ -122.16158, 37.69098 ], [ -122.15975, 37.69102 ], [ -122.15581, 37.69115 ], [ -122.15181, 37.69127 ], [ -122.15123, 37.68986 ], [ -122.15117, 37.68894 ], [ -122.15111, 37.68545 ], [ -122.15127, 37.68429 ], [ -122.15032, 37.68138 ], [ -122.14985, 37.67801 ], [ -122.15114, 37.67679 ], [ -122.15472, 37.67516 ], [ -122.15842, 37.67911 ], [ -122.15588, 37.67982 ], [ -122.16047, 37.68589 ], [ -122.16209, 37.6883 ], [ -122.16237, 37.68917 ], [ -122.16253, 37.68971 ], [ -122.16286, 37.69092 ] ] ] } },
{ "type": "Feature", "properties": { "GEOID": "06001450400", "name": "Census Tract 4504", "pop": 7551, "pop_lowrel": 0, "hh": 2659, "hh_lowrel": 0, "nocar": 50, "nocar_lowrel": 1, "nocar_pct": 1.9, "age65": 1092, "age65_lowrel": 0, "age65_pct": 14.5, "disab": 1071, "disab_lowrel": 0, "disab_pct": 14.2, "pov": 446, "pov_lowrel": 0, "pov_pct": 5.9, "lep": 95, "lep_lowrel": 1, "lep_pct": 3.6, "rent": 886, "rent_lowrel": 0, "rent_pct": 33.3, "income": 201458 }, "geometry": { "type": "Polygon", "coordinates": [ [ [ -121.9402, 37.72348 ], [ -121.937, 37.72425 ], [ -121.92937, 37.72608 ], [ -121.92666, 37.72213 ], [ -121.92672, 37.71856 ], [ -121.9276, 37.71229 ], [ -121.92705, 37.71019 ], [ -121.92351, 37.70589 ], [ -121.92508, 37.70551 ], [ -121.9233, 37.70284 ], [ -121.92325, 37.70271 ], [ -121.92258, 37.70113 ], [ -121.93496, 37.69852 ], [ -121.93545, 37.70054 ], [ -121.93579, 37.70209 ], [ -121.93731, 37.70839 ], [ -121.93772, 37.70926 ], [ -121.93871, 37.71137 ], [ -121.93948, 37.71388 ], [ -121.94238, 37.72295 ], [ -121.9402, 37.72348 ] ] ] } },
{ "type": "Feature", "properties": { "GEOID": "06001440305", "name": "Census Tract 4403.05", "pop": 3971, "pop_lowrel": 0, "hh": 992, "hh_lowrel": 0, "nocar": 7, "nocar_lowrel": 1, "nocar_pct": 0.7, "age65": 859, "age65_lowrel": 0, "age65_pct": 21.6, "disab": 616, "disab_lowrel": 0, "disab_pct": 15.5, "pov": 163, "pov_lowrel": 1, "pov_pct": 4.1, "lep": 21, "lep_lowrel": 1, "lep_pct": 2.1, "rent": 108, "rent_lowrel": 0, "rent_pct": 10.9, "income": 179231 }, "geometry": { "type": "Polygon", "coordinates": [ [ [ -122.07964, 37.57825 ], [ -122.07816, 37.57993 ], [ -122.07613, 37.58227 ], [ -122.07406, 37.58462 ], [ -122.07281, 37.58266 ], [ -122.06794, 37.5799 ], [ -122.06744, 37.57962 ], [ -122.07175, 37.57473 ], [ -122.07598, 37.56993 ], [ -122.07776, 37.57157 ], [ -122.08086, 37.57777 ], [ -122.07964, 37.57825 ] ] ] } },
{ "type": "Feature", "properties": { "GEOID": "06001451503", "name": "Census Tract 4515.03", "pop": 6425, "pop_lowrel": 0, "hh": 2223, "hh_lowrel": 0, "nocar": 200, "nocar_lowrel": 0, "nocar_pct": 9.0, "age65": 1017, "age65_lowrel": 0, "age65_pct": 15.8, "disab": 941, "disab_lowrel": 0, "disab_pct": 14.6, "pov": 201, "pov_lowrel": 0, "pov_pct": 3.2, "lep": 77, "lep_lowrel": 1, "lep_pct": 3.5, "rent": 525, "rent_lowrel": 0, "rent_pct": 23.6, "income": 182452 }, "geometry": { "type": "Polygon", "coordinates": [ [ [ -121.76452, 37.68541 ], [ -121.76243, 37.68618 ], [ -121.75809, 37.68803 ], [ -121.75279, 37.6908 ], [ -121.75131, 37.69159 ], [ -121.74716, 37.69453 ], [ -121.74655, 37.69393 ], [ -121.74367, 37.69009 ], [ -121.73816, 37.68742 ], [ -121.73455, 37.68316 ], [ -121.73308, 37.67994 ], [ -121.73894, 37.67996 ], [ -121.74835, 37.67996 ], [ -121.75174, 37.67997 ], [ -121.75512, 37.67998 ], [ -121.76526, 37.67997 ], [ -121.76528, 37.68035 ], [ -121.76124, 37.68432 ], [ -121.76191, 37.68518 ], [ -121.76562, 37.68406 ], [ -121.76452, 37.68541 ] ] ] } },
{ "type": "Feature", "properties": { "GEOID": "06001427200", "name": "Census Tract 4272", "pop": 4138, "pop_lowrel": 0, "hh": 1470, "hh_lowrel": 0, "nocar": 119, "nocar_lowrel": 0, "nocar_pct": 8.1, "age65": 512, "age65_lowrel": 0, "age65_pct": 12.4, "disab": 677, "disab_lowrel": 0, "disab_pct": 16.8, "pov": 417, "pov_lowrel": 0, "pov_pct": 10.3, "lep": 34, "lep_lowrel": 1, "lep_pct": 2.3, "rent": 917, "rent_lowrel": 0, "rent_pct": 62.4, "income": 110926 }, "geometry": { "type": "Polygon", "coordinates": [ [ [ -122.25783, 37.77604 ], [ -122.25502, 37.77481 ], [ -122.25355, 37.77534 ], [ -122.25163, 37.77821 ], [ -122.25128, 37.77913 ], [ -122.25689, 37.78568 ], [ -122.25396, 37.78678 ], [ -122.25133, 37.78688 ], [ -122.24659, 37.78468 ], [ -122.24522, 37.78303 ], [ -122.24482, 37.77912 ], [ -122.24354, 37.77628 ], [ -122.2405, 37.77373 ], [ -122.23657, 37.77173 ], [ -122.23649, 37.7717 ], [ -122.23674, 37.7714 ], [ -122.2381, 37.76978 ], [ -122.24079, 37.76658 ], [ -122.2412, 37.76668 ], [ -122.2454, 37.76837 ], [ -122.24826, 37.76962 ], [ -122.25114, 37.77086 ], [ -122.25367, 37.77195 ], [ -122.25534, 37.77269 ], [ -122.25897, 37.77427 ], [ -122.25783, 37.77604 ] ] ] } },
{ "type": "Feature", "properties": { "GEOID": "06001436200", "name": "Census Tract 4362", "pop": 3989, "pop_lowrel": 0, "hh": 1238, "hh_lowrel": 0, "nocar": 70, "nocar_lowrel": 1, "nocar_pct": 5.7, "age65": 849, "age65_lowrel": 0, "age65_pct": 21.3, "disab": 562, "disab_lowrel": 0, "disab_pct": 14.5, "pov": 234, "pov_lowrel": 0, "pov_pct": 6.0, "lep": 308, "lep_lowrel": 0, "lep_pct": 24.9, "rent": 997, "rent_lowrel": 0, "rent_pct": 80.5, "income": 90595 }, "geometry": { "type": "Polygon", "coordinates": [ [ [ -122.1201, 37.66871 ], [ -122.1116, 37.67203 ], [ -122.11017, 37.67258 ], [ -122.10895, 37.67152 ], [ -122.10488, 37.66795 ], [ -122.10343, 37.66666 ], [ -122.10335, 37.66652 ], [ -122.10366, 37.66651 ], [ -122.10679, 37.66644 ], [ -122.10778, 37.66635 ], [ -122.10813, 37.66632 ], [ -122.10922, 37.66626 ], [ -122.11079, 37.66618 ], [ -122.11752, 37.66581 ], [ -122.11814, 37.6656 ], [ -122.1201, 37.66871 ] ] ] } },
{ "type": "Feature", "properties": { "GEOID": "06001428400", "name": "Census Tract 4284", "pop": 4864, "pop_lowrel": 0, "hh": 1849, "hh_lowrel": 0, "nocar": 183, "nocar_lowrel": 0, "nocar_pct": 9.9, "age65": 785, "age65_lowrel": 0, "age65_pct": 16.1, "disab": 342, "disab_lowrel": 0, "disab_pct": 7.5, "pov": 649, "pov_lowrel": 0, "pov_pct": 14.5, "lep": 61, "lep_lowrel": 0, "lep_pct": 3.3, "rent": 1108, "rent_lowrel": 0, "rent_pct": 59.9, "income": 108681 }, "geometry": { "type": "Polygon", "coordinates": [ [ [ -122.25669, 37.75675 ], [ -122.25592, 37.75806 ], [ -122.25499, 37.75962 ], [ -122.25462, 37.76091 ], [ -122.25402, 37.76068 ], [ -122.25288, 37.76291 ], [ -122.25575, 37.76417 ], [ -122.25399, 37.76675 ], [ -122.2511, 37.76548 ], [ -122.24824, 37.76424 ], [ -122.24424, 37.76249 ], [ -122.24558, 37.76086 ], [ -122.2463, 37.76004 ], [ -122.24842, 37.75746 ], [ -122.24923, 37.75567 ], [ -122.25056, 37.75408 ], [ -122.25701, 37.75632 ], [ -122.25669, 37.75675 ] ] ] } },
{ "type": "Feature", "properties": { "GEOID": "06001428500", "name": "Census Tract 4285", "pop": 3443, "pop_lowrel": 0, "hh": 1493, "hh_lowrel": 0, "nocar": 199, "nocar_lowrel": 0, "nocar_pct": 13.3, "age65": 660, "age65_lowrel": 0, "age65_pct": 19.2, "disab": 402, "disab_lowrel": 0, "disab_pct": 12.1, "pov": 180, "pov_lowrel": 0, "pov_pct": 5.5, "lep": 104, "lep_lowrel": 0, "lep_pct": 7.0, "rent": 1021, "rent_lowrel": 0, "rent_pct": 68.4, "income": 169125 }, "geometry": { "type": "Polygon", "coordinates": [ [ [ -122.26202, 37.76294 ], [ -122.26142, 37.76384 ], [ -122.26368, 37.76542 ], [ -122.2636, 37.76743 ], [ -122.25575, 37.76417 ], [ -122.25288, 37.76291 ], [ -122.25402, 37.76068 ], [ -122.25462, 37.76091 ], [ -122.25499, 37.75962 ], [ -122.25592, 37.75806 ], [ -122.25669, 37.75675 ], [ -122.25701, 37.75632 ], [ -122.26114, 37.75776 ], [ -122.2645, 37.75893 ], [ -122.26202, 37.76294 ] ] ] } },
{ "type": "Feature", "properties": { "GEOID": "06001421500", "name": "Census Tract 4215", "pop": 3989, "pop_lowrel": 0, "hh": 1581, "hh_lowrel": 0, "nocar": 19, "nocar_lowrel": 1, "nocar_pct": 1.2, "age65": 1221, "age65_lowrel": 0, "age65_pct": 30.6, "disab": 333, "disab_lowrel": 0, "disab_pct": 8.3, "pov": 144, "pov_lowrel": 0, "pov_pct": 3.7, "lep": 11, "lep_lowrel": 1, "lep_pct": 0.7, "rent": 272, "rent_lowrel": 0, "rent_pct": 17.2, "income": 226181 }, "geometry": { "type": "Polygon", "coordinates": [ [ [ -122.26774, 37.89313 ], [ -122.26268, 37.89633 ], [ -122.26078, 37.89755 ], [ -122.2607, 37.89964 ], [ -122.25876, 37.89909 ], [ -122.25693, 37.89984 ], [ -122.25605, 37.89833 ], [ -122.2563, 37.89679 ], [ -122.25377, 37.89622 ], [ -122.25294, 37.89376 ], [ -122.25105, 37.89382 ], [ -122.24915, 37.89113 ], [ -122.25188, 37.89096 ], [ -122.25338, 37.88816 ], [ -122.25414, 37.88916 ], [ -122.25479, 37.88782 ], [ -122.25533, 37.88806 ], [ -122.25691, 37.88686 ], [ -122.26027, 37.88615 ], [ -122.25903, 37.88475 ], [ -122.25986, 37.88328 ], [ -122.2617, 37.88305 ], [ -122.26257, 37.88652 ], [ -122.26661, 37.88603 ], [ -122.26672, 37.88895 ], [ -122.26717, 37.89043 ], [ -122.26715, 37.8928 ], [ -122.26774, 37.89313 ] ] ] } },
{ "type": "Feature", "properties": { "GEOID": "06001421100", "name": "Census Tract 4211", "pop": 2214, "pop_lowrel": 0, "hh": 876, "hh_lowrel": 0, "nocar": 19, "nocar_lowrel": 1, "nocar_pct": 2.2, "age65": 678, "age65_lowrel": 0, "age65_pct": 30.6, "disab": 230, "disab_lowrel": 0, "disab_pct": 10.4, "pov": 65, "pov_lowrel": 1, "pov_pct": 2.9, "lep": 6, "lep_lowrel": 1, "lep_pct": 0.7, "rent": 77, "rent_lowrel": 0, "rent_pct": 8.8, "income": 250001 }, "geometry": { "type": "Polygon", "coordinates": [ [ [ -122.27119, 37.8997 ], [ -122.26959, 37.90143 ], [ -122.27068, 37.9018 ], [ -122.27024, 37.90436 ], [ -122.26958, 37.90435 ], [ -122.26764, 37.90425 ], [ -122.26414, 37.90378 ], [ -122.26239, 37.90172 ], [ -122.26139, 37.90145 ], [ -122.2607, 37.89964 ], [ -122.26078, 37.89755 ], [ -122.26268, 37.89633 ], [ -122.26774, 37.89313 ], [ -122.26939, 37.89575 ], [ -122.26965, 37.89718 ], [ -122.27119, 37.8997 ] ] ] } },
{ "type": "Feature", "properties": { "GEOID": "06001427700", "name": "Census Tract 4277", "pop": 4963, "pop_lowrel": 0, "hh": 2168, "hh_lowrel": 0, "nocar": 278, "nocar_lowrel": 1, "nocar_pct": 12.8, "age65": 1014, "age65_lowrel": 0, "age65_pct": 20.4, "disab": 767, "disab_lowrel": 0, "disab_pct": 15.5, "pov": 319, "pov_lowrel": 0, "pov_pct": 6.4, "lep": 112, "lep_lowrel": 1, "lep_pct": 5.2, "rent": 1354, "rent_lowrel": 0, "rent_pct": 62.5, "income": 107083 }, "geometry": { "type": "Polygon", "coordinates": [ [ [ -122.29074, 37.77109 ], [ -122.29109, 37.77648 ], [ -122.28903, 37.77641 ], [ -122.28806, 37.77638 ], [ -122.28521, 37.77628 ], [ -122.28232, 37.77532 ], [ -122.2768, 37.77513 ], [ -122.27685, 37.77138 ], [ -122.27836, 37.77142 ], [ -122.27849, 37.76836 ], [ -122.27993, 37.76818 ], [ -122.27987, 37.76759 ], [ -122.28307, 37.76386 ], [ -122.28901, 37.76461 ], [ -122.28877, 37.76874 ], [ -122.29151, 37.76963 ], [ -122.29074, 37.77109 ] ] ] } },
{ "type": "Feature", "properties": { "GEOID": "06001440331", "name": "Census Tract 4403.31", "pop": 3190, "pop_lowrel": 0, "hh": 1013, "hh_lowrel": 0, "nocar": 52, "nocar_lowrel": 1, "nocar_pct": 5.1, "age65": 491, "age65_lowrel": 0, "age65_pct": 15.4, "disab": 441, "disab_lowrel": 0, "disab_pct": 13.8, "pov": 229, "pov_lowrel": 0, "pov_pct": 7.2, "lep": 160, "lep_lowrel": 0, "lep_pct": 15.8, "rent": 374, "rent_lowrel": 0, "rent_pct": 36.9, "income": 114126 }, "geometry": { "type": "Polygon", "coordinates": [ [ [ -122.09133, 37.59405 ], [ -122.09093, 37.59417 ], [ -122.09127, 37.6 ], [ -122.09072, 37.60136 ], [ -122.08752, 37.60813 ], [ -122.08743, 37.60819 ], [ -122.08224, 37.60371 ], [ -122.07448, 37.59691 ], [ -122.07404, 37.59646 ], [ -122.06999, 37.59237 ], [ -122.07225, 37.59109 ], [ -122.07516, 37.59243 ], [ -122.07609, 37.59228 ], [ -122.07757, 37.59167 ], [ -122.07805, 37.59159 ], [ -122.08118, 37.5916 ], [ -122.081, 37.59392 ], [ -122.08439, 37.59481 ], [ -122.08821, 37.59308 ], [ -122.09159, 37.59274 ], [ -122.09133, 37.59405 ] ] ] } },
{ "type": "Feature", "properties": { "GEOID": "06001440332", "name": "Census Tract 4403.32", "pop": 3015, "pop_lowrel": 0, "hh": 879, "hh_lowrel": 0, "nocar": 12, "nocar_lowrel": 1, "nocar_pct": 1.4, "age65": 435, "age65_lowrel": 0, "age65_pct": 14.4, "disab": 169, "disab_lowrel": 0, "disab_pct": 5.6, "pov": 243, "pov_lowrel": 1, "pov_pct": 8.1, "lep": 77, "lep_lowrel": 0, "lep_pct": 8.8, "rent": 50, "rent_lowrel": 0, "rent_pct": 5.7, "income": 158050 }, "geometry": { "type": "Polygon", "coordinates": [ [ [ -122.09676, 37.58298 ], [ -122.09166, 37.58505 ], [ -122.09149, 37.58905 ], [ -122.09197, 37.59256 ], [ -122.09161, 37.5926 ], [ -122.09159, 37.59274 ], [ -122.08821, 37.59308 ], [ -122.08439, 37.59481 ], [ -122.081, 37.59392 ], [ -122.08118, 37.5916 ], [ -122.0812, 37.58757 ], [ -122.08086, 37.57777 ], [ -122.07776, 37.57157 ], [ -122.07598, 37.56993 ], [ -122.07797, 37.57066 ], [ -122.08347, 37.56833 ], [ -122.08433, 37.56804 ], [ -122.08363, 37.56968 ], [ -122.08555, 37.57335 ], [ -122.08278, 37.57457 ], [ -122.08314, 37.57529 ], [ -122.08591, 37.57415 ], [ -122.0868, 37.57839 ], [ -122.08999, 37.57848 ], [ -122.09156, 37.57968 ], [ -122.09459, 37.57942 ], [ -122.09676, 37.58298 ] ] ] } },
{ "type": "Feature", "properties": { "GEOID": "06001400400", "name": "Census Tract 4004", "pop": 4399, "pop_lowrel": 0, "hh": 1803, "hh_lowrel": 0, "nocar": 212, "nocar_lowrel": 0, "nocar_pct": 11.8, "age65": 694, "age65_lowrel": 0, "age65_pct": 15.8, "disab": 366, "disab_lowrel": 0, "disab_pct": 8.4, "pov": 345, "pov_lowrel": 0, "pov_pct": 8.0, "lep": 9, "lep_lowrel": 1, "lep_pct": 0.5, "rent": 893, "rent_lowrel": 0, "rent_pct": 49.5, "income": 165134 }, "geometry": { "type": "Polygon", "coordinates": [ [ [ -122.2618, 37.84179 ], [ -122.2613, 37.84503 ], [ -122.26102, 37.84723 ], [ -122.26022, 37.85279 ], [ -122.25837, 37.8532 ], [ -122.25725, 37.85318 ], [ -122.2562, 37.85345 ], [ -122.25335, 37.85383 ], [ -122.25331, 37.85347 ], [ -122.2525, 37.85083 ], [ -122.25235, 37.84943 ], [ -122.25508, 37.84607 ], [ -122.2562, 37.84469 ], [ -122.25742, 37.8431 ], [ -122.25792, 37.84261 ], [ -122.26186, 37.84135 ], [ -122.2618, 37.84179 ] ] ] } },
{ "type": "Feature", "properties": { "GEOID": "06001404400", "name": "Census Tract 4044", "pop": 5567, "pop_lowrel": 0, "hh": 2407, "hh_lowrel": 0, "nocar": 17, "nocar_lowrel": 1, "nocar_pct": 0.7, "age65": 1082, "age65_lowrel": 0, "age65_pct": 19.4, "disab": 278, "disab_lowrel": 0, "disab_pct": 5.0, "pov": 165, "pov_lowrel": 0, "pov_pct": 3.0, "lep": 68, "lep_lowrel": 1, "lep_pct": 2.8, "rent": 261, "rent_lowrel": 0, "rent_pct": 10.8, "income": 231597 }, "geometry": { "type": "Polygon", "coordinates": [ [ [ -122.23309, 37.85166 ], [ -122.22675, 37.84996 ], [ -122.22424, 37.85093 ], [ -122.22354, 37.85492 ], [ -122.22329, 37.85509 ], [ -122.22161, 37.85529 ], [ -122.22262, 37.85771 ], [ -122.2221, 37.8588 ], [ -122.22141, 37.85906 ], [ -122.22108, 37.86011 ], [ -122.21937, 37.85941 ], [ -122.21935, 37.85773 ], [ -122.21784, 37.85726 ], [ -122.21789, 37.85663 ], [ -122.21682, 37.85664 ], [ -122.21654, 37.85602 ], [ -122.21556, 37.85618 ], [ -122.21362, 37.85599 ], [ -122.21238, 37.85723 ], [ -122.21041, 37.85506 ], [ -122.2089, 37.85194 ], [ -122.2031, 37.85119 ], [ -122.20266, 37.85048 ], [ -122.201, 37.84788 ], [ -122.19511, 37.8436 ], [ -122.19505, 37.843 ], [ -122.19535, 37.84263 ], [ -122.19529, 37.84282 ], [ -122.19869, 37.84356 ], [ -122.20249, 37.84345 ], [ -122.2067, 37.84177 ], [ -122.20919, 37.84152 ], [ -122.21068, 37.83876 ], [ -122.21103, 37.83776 ], [ -122.21233, 37.83444 ], [ -122.21455, 37.83279 ], [ -122.2153, 37.8316 ], [ -122.21578, 37.83126 ], [ -122.2171, 37.83276 ], [ -122.21967, 37.83639 ], [ -122.22269, 37.83889 ], [ -122.22483, 37.84168 ], [ -122.22756, 37.84547 ], [ -122.228, 37.84824 ], [ -122.23035, 37.84889 ], [ -122.23309, 37.85166 ] ] ] } },
{ "type": "Feature", "properties": { "GEOID": "06001431200", "name": "Census Tract 4312", "pop": 6033, "pop_lowrel": 0, "hh": 2422, "hh_lowrel": 0, "nocar": 452, "nocar_lowrel": 0, "nocar_pct": 18.7, "age65": 1277, "age65_lowrel": 0, "age65_pct": 21.2, "disab": 618, "disab_lowrel": 0, "disab_pct": 10.4, "pov": 467, "pov_lowrel": 0, "pov_pct": 7.9, "lep": 64, "lep_lowrel": 1, "lep_pct": 2.6, "rent": 1067, "rent_lowrel": 0, "rent_pct": 44.1, "income": 122872 }, "geometry": { "type": "Polygon", "coordinates": [ [ [ -122.09616, 37.68815 ], [ -122.09455, 37.68947 ], [ -122.09401, 37.69005 ], [ -122.09332, 37.69076 ], [ -122.07957, 37.69089 ], [ -122.07709, 37.69092 ], [ -122.07381, 37.69095 ], [ -122.07365, 37.68421 ], [ -122.07389, 37.6831 ], [ -122.07304, 37.68297 ], [ -122.07201, 37.68099 ], [ -122.07322, 37.68198 ], [ -122.07558, 37.67926 ], [ -122.07691, 37.67892 ], [ -122.07705, 37.67963 ], [ -122.07873, 37.68034 ], [ -122.0797, 37.67819 ], [ -122.08309, 37.67687 ], [ -122.08435, 37.67893 ], [ -122.08534, 37.68002 ], [ -122.09025, 37.68365 ], [ -122.09216, 37.68503 ], [ -122.093, 37.68563 ], [ -122.09629, 37.68804 ], [ -122.09616, 37.68815 ] ] ] } },
{ "type": "Feature", "properties": { "GEOID": "06001451102", "name": "Census Tract 4511.02", "pop": 3950, "pop_lowrel": 0, "hh": 1271, "hh_lowrel": 0, "nocar": 50, "nocar_lowrel": 1, "nocar_pct": 3.9, "age65": 767, "age65_lowrel": 0, "age65_pct": 19.4, "disab": 219, "disab_lowrel": 0, "disab_pct": 5.5, "pov": 98, "pov_lowrel": 0, "pov_pct": 2.5, "lep": 23, "lep_lowrel": 1, "lep_pct": 1.8, "rent": 44, "rent_lowrel": 0, "rent_pct": 3.5, "income": 250001 }, "geometry": { "type": "Polygon", "coordinates": [ [ [ -121.80569, 37.65312 ], [ -121.80561, 37.65595 ], [ -121.80523, 37.65595 ], [ -121.80306, 37.65598 ], [ -121.79852, 37.65598 ], [ -121.78298, 37.656 ], [ -121.78285, 37.65853 ], [ -121.78036, 37.66077 ], [ -121.7791, 37.65898 ], [ -121.76805, 37.65915 ], [ -121.76805, 37.65797 ], [ -121.76807, 37.65663 ], [ -121.7681, 37.65382 ], [ -121.7681, 37.64532 ], [ -121.76808, 37.64519 ], [ -121.78218, 37.64519 ], [ -121.78288, 37.64528 ], [ -121.78319, 37.64869 ], [ -121.78354, 37.64811 ], [ -121.78578, 37.64663 ], [ -121.78834, 37.64518 ], [ -121.79615, 37.63977 ], [ -121.79766, 37.63753 ], [ -121.79957, 37.63672 ], [ -121.79905, 37.64032 ], [ -121.79986, 37.64243 ], [ -121.80454, 37.64759 ], [ -121.80567, 37.65097 ], [ -121.80567, 37.6522 ], [ -121.80569, 37.65312 ] ] ] } },
{ "type": "Feature", "properties": { "GEOID": "06001400200", "name": "Census Tract 4002", "pop": 2203, "pop_lowrel": 0, "hh": 879, "hh_lowrel": 0, "nocar": 110, "nocar_lowrel": 1, "nocar_pct": 12.5, "age65": 548, "age65_lowrel": 0, "age65_pct": 24.9, "disab": 167, "disab_lowrel": 0, "disab_pct": 7.6, "pov": 170, "pov_lowrel": 0, "pov_pct": 7.7, "lep": 13, "lep_lowrel": 1, "lep_pct": 1.5, "rent": 342, "rent_lowrel": 0, "rent_pct": 38.9, "income": 208438 }, "geometry": { "type": "Polygon", "coordinates": [ [ [ -122.25742, 37.8431 ], [ -122.2562, 37.84469 ], [ -122.25508, 37.84607 ], [ -122.25235, 37.84943 ], [ -122.2525, 37.85083 ], [ -122.25096, 37.85116 ], [ -122.24478, 37.85173 ], [ -122.24399, 37.85178 ], [ -122.24191, 37.85191 ], [ -122.24243, 37.85083 ], [ -122.24404, 37.85026 ], [ -122.24332, 37.84907 ], [ -122.24372, 37.84851 ], [ -122.24731, 37.84656 ], [ -122.25186, 37.84475 ], [ -122.25437, 37.84377 ], [ -122.25792, 37.84261 ], [ -122.25742, 37.8431 ] ] ] } },
{ "type": "Feature", "properties": { "GEOID": "06001401100", "name": "Census Tract 4011", "pop": 5722, "pop_lowrel": 0, "hh": 2885, "hh_lowrel": 0, "nocar": 524, "nocar_lowrel": 0, "nocar_pct": 18.2, "age65": 336, "age65_lowrel": 0, "age65_pct": 5.9, "disab": 490, "disab_lowrel": 0, "disab_pct": 8.6, "pov": 805, "pov_lowrel": 0, "pov_pct": 14.1, "lep": 214, "lep_lowrel": 1, "lep_pct": 7.4, "rent": 2422, "rent_lowrel": 0, "rent_pct": 84.0, "income": 96599 }, "geometry": { "type": "Polygon", "coordinates": [ [ [ -122.26783, 37.82704 ], [ -122.2669, 37.83134 ], [ -122.26649, 37.8334 ], [ -122.26563, 37.83764 ], [ -122.26417, 37.83787 ], [ -122.26236, 37.83731 ], [ -122.25952, 37.83694 ], [ -122.25953, 37.83683 ], [ -122.26019, 37.83427 ], [ -122.25999, 37.83187 ], [ -122.2602, 37.83102 ], [ -122.26084, 37.82863 ], [ -122.26138, 37.82666 ], [ -122.2621, 37.82354 ], [ -122.262, 37.82301 ], [ -122.26856, 37.82446 ], [ -122.26783, 37.82704 ] ] ] } },
{ "type": "Feature", "properties": { "GEOID": "06001401400", "name": "Census Tract 4014", "pop": 4214, "pop_lowrel": 0, "hh": 1739, "hh_lowrel": 0, "nocar": 352, "nocar_lowrel": 0, "nocar_pct": 20.2, "age65": 440, "age65_lowrel": 0, "age65_pct": 10.4, "disab": 821, "disab_lowrel": 0, "disab_pct": 19.6, "pov": 1293, "pov_lowrel": 0, "pov_pct": 30.8, "lep": 163, "lep_lowrel": 0, "lep_pct": 9.4, "rent": 1312, "rent_lowrel": 0, "rent_pct": 75.4, "income": 70208 }, "geometry": { "type": "Polygon", "coordinates": [ [ [ -122.27861, 37.82688 ], [ -122.26856, 37.82446 ], [ -122.26989, 37.81949 ], [ -122.27004, 37.81889 ], [ -122.27138, 37.81503 ], [ -122.27339, 37.81272 ], [ -122.27412, 37.81283 ], [ -122.27527, 37.81645 ], [ -122.27605, 37.81887 ], [ -122.27625, 37.81948 ], [ -122.2767, 37.82088 ], [ -122.27737, 37.82293 ], [ -122.27792, 37.82462 ], [ -122.27861, 37.82688 ] ] ] } },
{ "type": "Feature", "properties": { "GEOID": "06001423200", "name": "Census Tract 4232", "pop": 3049, "pop_lowrel": 0, "hh": 1179, "hh_lowrel": 0, "nocar": 256, "nocar_lowrel": 0, "nocar_pct": 21.7, "age65": 380, "age65_lowrel": 0, "age65_pct": 12.5, "disab": 471, "disab_lowrel": 0, "disab_pct": 15.5, "pov": 877, "pov_lowrel": 0, "pov_pct": 28.8, "lep": 4, "lep_lowrel": 1, "lep_pct": 0.3, "rent": 840, "rent_lowrel": 0, "rent_pct": 71.2, "income": 60563 }, "geometry": { "type": "Polygon", "coordinates": [ [ [ -122.29775, 37.86794 ], [ -122.29223, 37.86904 ], [ -122.29135, 37.86639 ], [ -122.29078, 37.86463 ], [ -122.29021, 37.86286 ], [ -122.28965, 37.8611 ], [ -122.29372, 37.86024 ], [ -122.29516, 37.86 ], [ -122.29685, 37.86528 ], [ -122.29775, 37.86794 ] ] ] } },
{ "type": "Feature", "properties": { "GEOID": "06001422000", "name": "Census Tract 4220", "pop": 2470, "pop_lowrel": 0, "hh": 1295, "hh_lowrel": 0, "nocar": 145, "nocar_lowrel": 0, "nocar_pct": 11.2, "age65": 502, "age65_lowrel": 0, "age65_pct": 20.3, "disab": 417, "disab_lowrel": 0, "disab_pct": 16.9, "pov": 156, "pov_lowrel": 1, "pov_pct": 6.3, "lep": 38, "lep_lowrel": 1, "lep_pct": 2.9, "rent": 1002, "rent_lowrel": 0, "rent_pct": 77.4, "income": 116779 }, "geometry": { "type": "Polygon", "coordinates": [ [ [ -122.32519, 37.87428 ], [ -122.31866, 37.87531 ], [ -122.31316, 37.87015 ], [ -122.3085, 37.87088 ], [ -122.31145, 37.87977 ], [ -122.31282, 37.88128 ], [ -122.30835, 37.88212 ], [ -122.30751, 37.88179 ], [ -122.30231, 37.88236 ], [ -122.30018, 37.88282 ], [ -122.29931, 37.8829 ], [ -122.29688, 37.88347 ], [ -122.29535, 37.87868 ], [ -122.30085, 37.87757 ], [ -122.29972, 37.87408 ], [ -122.29775, 37.86794 ], [ -122.29685, 37.86528 ], [ -122.29516, 37.86 ], [ -122.29372, 37.86024 ], [ -122.28965, 37.8611 ], [ -122.28879, 37.85851 ], [ -122.28826, 37.85685 ], [ -122.28679, 37.85218 ], [ -122.28625, 37.8505 ], [ -122.28874, 37.84999 ], [ -122.29137, 37.84948 ], [ -122.29232, 37.84926 ], [ -122.29505, 37.84871 ], [ -122.29882, 37.84792 ], [ -122.30116, 37.84736 ], [ -122.30137, 37.85549 ], [ -122.30835, 37.86293 ], [ -122.31694, 37.85881 ], [ -122.31872, 37.86638 ], [ -122.32519, 37.87428 ] ] ] } },
{ "type": "Feature", "properties": { "GEOID": "06001441402", "name": "Census Tract 4414.02", "pop": 5183, "pop_lowrel": 0, "hh": 1749, "hh_lowrel": 0, "nocar": 81, "nocar_lowrel": 1, "nocar_pct": 4.6, "age65": 1117, "age65_lowrel": 0, "age65_pct": 21.6, "disab": 576, "disab_lowrel": 0, "disab_pct": 11.1, "pov": 278, "pov_lowrel": 0, "pov_pct": 5.4, "lep": 125, "lep_lowrel": 0, "lep_pct": 7.1, "rent": 443, "rent_lowrel": 0, "rent_pct": 25.3, "income": 177472 }, "geometry": { "type": "Polygon", "coordinates": [ [ [ -122.05035, 37.58349 ], [ -122.04858, 37.5856 ], [ -122.04609, 37.58698 ], [ -122.0457, 37.58714 ], [ -122.04146, 37.58812 ], [ -122.04073, 37.58807 ], [ -122.0387, 37.58779 ], [ -122.03839, 37.58773 ], [ -122.03451, 37.58657 ], [ -122.03352, 37.58611 ], [ -122.03226, 37.58521 ], [ -122.02887, 37.58197 ], [ -122.02829, 37.58139 ], [ -122.02536, 37.57849 ], [ -122.0268, 37.57692 ], [ -122.02833, 37.57786 ], [ -122.0314, 37.58032 ], [ -122.03355, 37.58152 ], [ -122.03539, 37.58157 ], [ -122.03703, 37.58067 ], [ -122.0412, 37.57509 ], [ -122.04656, 37.57773 ], [ -122.04835, 37.5786 ], [ -122.04955, 37.5819 ], [ -122.05035, 37.58349 ] ] ] } },
{ "type": "Feature", "properties": { "GEOID": "06001451201", "name": "Census Tract 4512.01", "pop": 7289, "pop_lowrel": 0, "hh": 2746, "hh_lowrel": 0, "nocar": 111, "nocar_lowrel": 1, "nocar_pct": 4.0, "age65": 928, "age65_lowrel": 0, "age65_pct": 12.7, "disab": 861, "disab_lowrel": 0, "disab_pct": 11.8, "pov": 527, "pov_lowrel": 0, "pov_pct": 7.2, "lep": 73, "lep_lowrel": 1, "lep_pct": 2.7, "rent": 1078, "rent_lowrel": 0, "rent_pct": 39.3, "income": 110964 }, "geometry": { "type": "Polygon", "coordinates": [ [ [ -121.75944, 37.70417 ], [ -121.75715, 37.70492 ], [ -121.75649, 37.70541 ], [ -121.75527, 37.70567 ], [ -121.7544, 37.70598 ], [ -121.75378, 37.70656 ], [ -121.75372, 37.70701 ], [ -121.75345, 37.70792 ], [ -121.75292, 37.7086 ], [ -121.75287, 37.70896 ], [ -121.75285, 37.70961 ], [ -121.75393, 37.71101 ], [ -121.75387, 37.71129 ], [ -121.75279, 37.71229 ], [ -121.75221, 37.71304 ], [ -121.7519, 37.71465 ], [ -121.75166, 37.71489 ], [ -121.7506, 37.71579 ], [ -121.74798, 37.71645 ], [ -121.74501, 37.71691 ], [ -121.74317, 37.71845 ], [ -121.74113, 37.71649 ], [ -121.73879, 37.71705 ], [ -121.73399, 37.71704 ], [ -121.73256, 37.71703 ], [ -121.72428, 37.71701 ], [ -121.72437, 37.71197 ], [ -121.72436, 37.7106 ], [ -121.72387, 37.70913 ], [ -121.73743, 37.70345 ], [ -121.74028, 37.70273 ], [ -121.74314, 37.70246 ], [ -121.74867, 37.70265 ], [ -121.75936, 37.70301 ], [ -121.75944, 37.70417 ] ] ] } },
{ "type": "Feature", "properties": { "GEOID": "06001405800", "name": "Census Tract 4058", "pop": 4590, "pop_lowrel": 0, "hh": 1378, "hh_lowrel": 0, "nocar": 108, "nocar_lowrel": 1, "nocar_pct": 7.8, "age65": 380, "age65_lowrel": 0, "age65_pct": 8.3, "disab": 546, "disab_lowrel": 0, "disab_pct": 11.9, "pov": 1286, "pov_lowrel": 0, "pov_pct": 28.4, "lep": 329, "lep_lowrel": 0, "lep_pct": 23.9, "rent": 775, "rent_lowrel": 0, "rent_pct": 56.2, "income": 68378 }, "geometry": { "type": "Polygon", "coordinates": [ [ [ -122.23797, 37.79646 ], [ -122.23712, 37.79705 ], [ -122.23602, 37.79841 ], [ -122.23317, 37.79669 ], [ -122.2306, 37.79748 ], [ -122.23189, 37.79595 ], [ -122.22982, 37.79471 ], [ -122.22841, 37.79387 ], [ -122.22669, 37.79355 ], [ -122.229, 37.79082 ], [ -122.23091, 37.78944 ], [ -122.23158, 37.78991 ], [ -122.23334, 37.79096 ], [ -122.23544, 37.79222 ], [ -122.23551, 37.79227 ], [ -122.23755, 37.79349 ], [ -122.23795, 37.79495 ], [ -122.23983, 37.79514 ], [ -122.23797, 37.79646 ] ] ] } },
{ "type": "Feature", "properties": { "GEOID": "06001408300", "name": "Census Tract 4083", "pop": 4705, "pop_lowrel": 0, "hh": 1855, "hh_lowrel": 0, "nocar": 81, "nocar_lowrel": 1, "nocar_pct": 4.4, "age65": 706, "age65_lowrel": 0, "age65_pct": 15.0, "disab": 511, "disab_lowrel": 0, "disab_pct": 10.9, "pov": 382, "pov_lowrel": 1, "pov_pct": 8.1, "lep": 96, "lep_lowrel": 1, "lep_pct": 5.2, "rent": 448, "rent_lowrel": 0, "rent_pct": 24.2, "income": 148950 }, "geometry": { "type": "Polygon", "coordinates": [ [ [ -122.17362, 37.78113 ], [ -122.16599, 37.77729 ], [ -122.16404, 37.77642 ], [ -122.15807, 37.77335 ], [ -122.15889, 37.77343 ], [ -122.15438, 37.76878 ], [ -122.15666, 37.76774 ], [ -122.1574, 37.7688 ], [ -122.15795, 37.76784 ], [ -122.15855, 37.76603 ], [ -122.16122, 37.76543 ], [ -122.16083, 37.76468 ], [ -122.1642, 37.76304 ], [ -122.16494, 37.76268 ], [ -122.16779, 37.76601 ], [ -122.16917, 37.76712 ], [ -122.17213, 37.76913 ], [ -122.172, 37.76917 ], [ -122.16997, 37.77075 ], [ -122.16903, 37.77243 ], [ -122.16972, 37.77407 ], [ -122.16958, 37.77442 ], [ -122.16983, 37.77494 ], [ -122.17204, 37.77782 ], [ -122.17506, 37.78021 ], [ -122.17362, 37.78113 ] ] ] } },
{ "type": "Feature", "properties": { "GEOID": "06001404501", "name": "Census Tract 4045.01", "pop": 1794, "pop_lowrel": 0, "hh": 702, "hh_lowrel": 0, "nocar": 27, "nocar_lowrel": 1, "nocar_pct": 3.8, "age65": 432, "age65_lowrel": 0, "age65_pct": 24.1, "disab": 59, "disab_lowrel": 1, "disab_pct": 3.3, "pov": 38, "pov_lowrel": 1, "pov_pct": 2.1, "lep": 8, "lep_lowrel": 1, "lep_pct": 1.1, "rent": 117, "rent_lowrel": 0, "rent_pct": 16.7, "income": 250001 }, "geometry": { "type": "Polygon", "coordinates": [ [ [ -122.22446, 37.83026 ], [ -122.22188, 37.8325 ], [ -122.21852, 37.83294 ], [ -122.2171, 37.83276 ], [ -122.21578, 37.83126 ], [ -122.21263, 37.82809 ], [ -122.20927, 37.82396 ], [ -122.20736, 37.82165 ], [ -122.20729, 37.82155 ], [ -122.20884, 37.81955 ], [ -122.21018, 37.81861 ], [ -122.21224, 37.81991 ], [ -122.21412, 37.82109 ], [ -122.21433, 37.82121 ], [ -122.21439, 37.82124 ], [ -122.21444, 37.82127 ], [ -122.21964, 37.82451 ], [ -122.22112, 37.82591 ], [ -122.22172, 37.82673 ], [ -122.22161, 37.8268 ], [ -122.22216, 37.82724 ], [ -122.22237, 37.82766 ], [ -122.22446, 37.83026 ] ] ] } },
{ "type": "Feature", "properties": { "GEOID": "06001409500", "name": "Census Tract 4095", "pop": 4548, "pop_lowrel": 0, "hh": 1085, "hh_lowrel": 0, "nocar": 74, "nocar_lowrel": 1, "nocar_pct": 6.8, "age65": 157, "age65_lowrel": 0, "age65_pct": 3.5, "disab": 597, "disab_lowrel": 0, "disab_pct": 13.1, "pov": 1027, "pov_lowrel": 0, "pov_pct": 22.7, "lep": 33, "lep_lowrel": 1, "lep_pct": 3.0, "rent": 755, "rent_lowrel": 0, "rent_pct": 69.6, "income": 69583 }, "geometry": { "type": "Polygon", "coordinates": [ [ [ -122.19242, 37.74973 ], [ -122.18501, 37.75329 ], [ -122.18457, 37.75278 ], [ -122.18375, 37.75314 ], [ -122.1793, 37.7553 ], [ -122.17912, 37.75547 ], [ -122.17848, 37.75517 ], [ -122.1765, 37.75261 ], [ -122.17582, 37.7517 ], [ -122.17497, 37.75055 ], [ -122.18006, 37.74816 ], [ -122.18332, 37.74646 ], [ -122.18595, 37.74899 ], [ -122.19073, 37.74581 ], [ -122.19362, 37.74832 ], [ -122.19242, 37.74973 ] ] ] } },
{ "type": "Feature", "properties": { "GEOID": "06001428301", "name": "Census Tract 4283.01", "pop": 6618, "pop_lowrel": 0, "hh": 2241, "hh_lowrel": 0, "nocar": 68, "nocar_lowrel": 1, "nocar_pct": 3.0, "age65": 1169, "age65_lowrel": 0, "age65_pct": 17.7, "disab": 615, "disab_lowrel": 0, "disab_pct": 9.3, "pov": 80, "pov_lowrel": 1, "pov_pct": 1.2, "lep": 106, "lep_lowrel": 1, "lep_pct": 4.7, "rent": 270, "rent_lowrel": 0, "rent_pct": 12.0, "income": 177551 }, "geometry": { "type": "Polygon", "coordinates": [ [ [ -122.25877, 37.73788 ], [ -122.25208, 37.73792 ], [ -122.24874, 37.73718 ], [ -122.24722, 37.73704 ], [ -122.24566, 37.73689 ], [ -122.2434, 37.73634 ], [ -122.23995, 37.73553 ], [ -122.23904, 37.73668 ], [ -122.23874, 37.73771 ], [ -122.23784, 37.74149 ], [ -122.23768, 37.74318 ], [ -122.23573, 37.7469 ], [ -122.23641, 37.74855 ], [ -122.22608, 37.74967 ], [ -122.22458, 37.75303 ], [ -122.22378, 37.75443 ], [ -122.22348, 37.7547 ], [ -122.22338, 37.74804 ], [ -122.2265, 37.74808 ], [ -122.2266, 37.7455 ], [ -122.22649, 37.74504 ], [ -122.22644, 37.73439 ], [ -122.22677, 37.72766 ], [ -122.22834, 37.72773 ], [ -122.23618, 37.71985 ], [ -122.24504, 37.7258 ], [ -122.24791, 37.72837 ], [ -122.24849, 37.72789 ], [ -122.25599, 37.73567 ], [ -122.25877, 37.73788 ] ] ] } },
{ "type": "Feature", "properties": { "GEOID": "06001423901", "name": "Census Tract 4239.01", "pop": 2227, "pop_lowrel": 0, "hh": 969, "hh_lowrel": 0, "nocar": 149, "nocar_lowrel": 0, "nocar_pct": 15.4, "age65": 387, "age65_lowrel": 0, "age65_pct": 17.4, "disab": 382, "disab_lowrel": 0, "disab_pct": 17.2, "pov": 200, "pov_lowrel": 0, "pov_pct": 9.0, "lep": 41, "lep_lowrel": 1, "lep_pct": 4.2, "rent": 592, "rent_lowrel": 0, "rent_pct": 61.1, "income": 136607 }, "geometry": { "type": "Polygon", "coordinates": [ [ [ -122.27185, 37.84725 ], [ -122.27117, 37.8497 ], [ -122.27081, 37.85067 ], [ -122.27096, 37.85248 ], [ -122.27116, 37.85427 ], [ -122.26851, 37.85503 ], [ -122.2666, 37.85529 ], [ -122.26352, 37.85573 ], [ -122.26241, 37.85586 ], [ -122.26183, 37.85258 ], [ -122.26225, 37.8527 ], [ -122.26613, 37.85201 ], [ -122.26897, 37.85162 ], [ -122.26837, 37.84877 ], [ -122.26941, 37.84811 ], [ -122.26923, 37.8472 ], [ -122.26914, 37.84674 ], [ -122.27124, 37.84646 ], [ -122.27185, 37.84725 ] ] ] } },
{ "type": "Feature", "properties": { "GEOID": "06001433200", "name": "Census Tract 4332", "pop": 7991, "pop_lowrel": 0, "hh": 2726, "hh_lowrel": 0, "nocar": 238, "nocar_lowrel": 0, "nocar_pct": 8.7, "age65": 1601, "age65_lowrel": 0, "age65_pct": 20.0, "disab": 1078, "disab_lowrel": 0, "disab_pct": 13.7, "pov": 659, "pov_lowrel": 0, "pov_pct": 8.4, "lep": 567, "lep_lowrel": 0, "lep_pct": 20.8, "rent": 1182, "rent_lowrel": 0, "rent_pct": 43.4, "income": 95048 }, "geometry": { "type": "Polygon", "coordinates": [ [ [ -122.16667, 37.71042 ], [ -122.15559, 37.71508 ], [ -122.14715, 37.7077 ], [ -122.14238, 37.70354 ], [ -122.14036, 37.70176 ], [ -122.13006, 37.69276 ], [ -122.12988, 37.6926 ], [ -122.12965, 37.6924 ], [ -122.12841, 37.69107 ], [ -122.13013, 37.69112 ], [ -122.1301, 37.68674 ], [ -122.13002, 37.68511 ], [ -122.13235, 37.68671 ], [ -122.13887, 37.69122 ], [ -122.14073, 37.69249 ], [ -122.14384, 37.6946 ], [ -122.14904, 37.69821 ], [ -122.15915, 37.70518 ], [ -122.16667, 37.71042 ] ] ] } },
{ "type": "Feature", "properties": { "GEOID": "06001405901", "name": "Census Tract 4059.01", "pop": 4114, "pop_lowrel": 0, "hh": 1165, "hh_lowrel": 0, "nocar": 227, "nocar_lowrel": 0, "nocar_pct": 19.5, "age65": 449, "age65_lowrel": 0, "age65_pct": 10.9, "disab": 559, "disab_lowrel": 0, "disab_pct": 13.7, "pov": 810, "pov_lowrel": 0, "pov_pct": 19.7, "lep": 309, "lep_lowrel": 0, "lep_pct": 26.5, "rent": 857, "rent_lowrel": 0, "rent_pct": 73.6, "income": 53233 }, "geometry": { "type": "Polygon", "coordinates": [ [ [ -122.23945, 37.78813 ], [ -122.23797, 37.78971 ], [ -122.23788, 37.78976 ], [ -122.23551, 37.79227 ], [ -122.23544, 37.79222 ], [ -122.23334, 37.79096 ], [ -122.23158, 37.78991 ], [ -122.23091, 37.78944 ], [ -122.23196, 37.78804 ], [ -122.23201, 37.78758 ], [ -122.2325, 37.78656 ], [ -122.23405, 37.78519 ], [ -122.23411, 37.78514 ], [ -122.23429, 37.78497 ], [ -122.2359, 37.78341 ], [ -122.24104, 37.78649 ], [ -122.23945, 37.78813 ] ] ] } },
{ "type": "Feature", "properties": { "GEOID": "06001425104", "name": "Census Tract 4251.04", "pop": 4424, "pop_lowrel": 0, "hh": 2465, "hh_lowrel": 0, "nocar": 523, "nocar_lowrel": 0, "nocar_pct": 21.2, "age65": 573, "age65_lowrel": 0, "age65_pct": 13.0, "disab": 664, "disab_lowrel": 0, "disab_pct": 15.0, "pov": 1297, "pov_lowrel": 0, "pov_pct": 29.3, "lep": 123, "lep_lowrel": 1, "lep_pct": 5.0, "rent": 2003, "rent_lowrel": 0, "rent_pct": 81.3, "income": 101341 }, "geometry": { "type": "Polygon", "coordinates": [ [ [ -122.29124, 37.83472 ], [ -122.28767, 37.83605 ], [ -122.28449, 37.83671 ], [ -122.28196, 37.83718 ], [ -122.28165, 37.83669 ], [ -122.27622, 37.83682 ], [ -122.27564, 37.83645 ], [ -122.2759, 37.83566 ], [ -122.27641, 37.83428 ], [ -122.2772, 37.83222 ], [ -122.27756, 37.83128 ], [ -122.27834, 37.82852 ], [ -122.27792, 37.82711 ], [ -122.27871, 37.82715 ], [ -122.28095, 37.82769 ], [ -122.28238, 37.82803 ], [ -122.2874, 37.82921 ], [ -122.288, 37.82938 ], [ -122.28814, 37.82941 ], [ -122.2889, 37.8296 ], [ -122.29006, 37.82987 ], [ -122.29086, 37.83007 ], [ -122.29103, 37.83011 ], [ -122.29124, 37.83472 ] ] ] } },
{ "type": "Feature", "properties": { "GEOID": "06001430101", "name": "Census Tract 4301.01", "pop": 6562, "pop_lowrel": 0, "hh": 2263, "hh_lowrel": 0, "nocar": 81, "nocar_lowrel": 1, "nocar_pct": 3.6, "age65": 1417, "age65_lowrel": 0, "age65_pct": 21.6, "disab": 403, "disab_lowrel": 0, "disab_pct": 6.1, "pov": 486, "pov_lowrel": 1, "pov_pct": 7.4, "lep": 168, "lep_lowrel": 0, "lep_pct": 7.4, "rent": 173, "rent_lowrel": 0, "rent_pct": 7.6, "income": 214477 }, "geometry": { "type": "Polygon", "coordinates": [ [ [ -122.05828, 37.69573 ], [ -122.05703, 37.69506 ], [ -122.05656, 37.6981 ], [ -122.05528, 37.69903 ], [ -122.05447, 37.70157 ], [ -122.05161, 37.70306 ], [ -122.04556, 37.70237 ], [ -122.04427, 37.70269 ], [ -122.04373, 37.7034 ], [ -122.04387, 37.70492 ], [ -122.04141, 37.70677 ], [ -122.0405, 37.70897 ], [ -122.03988, 37.71382 ], [ -122.0401, 37.71563 ], [ -122.03805, 37.71767 ], [ -122.03831, 37.71958 ], [ -122.03688, 37.72351 ], [ -122.03388, 37.72911 ], [ -122.03391, 37.73117 ], [ -122.03245, 37.73351 ], [ -122.03257, 37.7356 ], [ -122.03205, 37.73907 ], [ -122.0313, 37.7452 ], [ -122.03121, 37.74958 ], [ -122.02934, 37.7522 ], [ -122.02972, 37.7542 ], [ -122.02867, 37.75857 ], [ -122.02721, 37.76064 ], [ -122.02371, 37.76303 ], [ -122.01843, 37.76508 ], [ -122.01584, 37.76651 ], [ -122.01194, 37.76707 ], [ -122.00741, 37.76814 ], [ -122.00408, 37.77015 ], [ -121.9992, 37.76518 ], [ -121.99741, 37.76336 ], [ -122.01077, 37.75513 ], [ -122.01129, 37.75417 ], [ -122.01177, 37.74743 ], [ -122.00107, 37.73903 ], [ -121.9995, 37.73843 ], [ -121.99543, 37.73835 ], [ -121.99192, 37.73605 ], [ -121.9881, 37.73315 ], [ -121.9801, 37.7311 ], [ -121.97194, 37.73032 ], [ -121.97126, 37.72956 ], [ -121.97293, 37.72817 ], [ -121.97529, 37.72628 ], [ -121.99111, 37.71253 ], [ -122.00128, 37.70373 ], [ -122.01649, 37.70294 ], [ -122.0212, 37.70149 ], [ -122.02038, 37.69999 ], [ -122.02566, 37.69799 ], [ -122.02718, 37.69818 ], [ -122.03189, 37.69991 ], [ -122.03606, 37.70199 ], [ -122.03697, 37.70174 ], [ -122.04017, 37.7002 ], [ -122.0448, 37.69602 ], [ -122.04686, 37.69473 ], [ -122.04874, 37.69402 ], [ -122.05183, 37.69358 ], [ -122.05677, 37.69396 ], [ -122.05696, 37.69396 ], [ -122.05806, 37.69391 ], [ -122.05997, 37.69359 ], [ -122.05828, 37.69573 ] ] ] } },
{ "type": "Feature", "properties": { "GEOID": "06001435104", "name": "Census Tract 4351.04", "pop": 7752, "pop_lowrel": 0, "hh": 2754, "hh_lowrel": 0, "nocar": 15, "nocar_lowrel": 1, "nocar_pct": 0.5, "age65": 677, "age65_lowrel": 0, "age65_pct": 8.7, "disab": 968, "disab_lowrel": 0, "disab_pct": 12.5, "pov": 455, "pov_lowrel": 0, "pov_pct": 5.9, "lep": 326, "lep_lowrel": 0, "lep_pct": 11.8, "rent": 1627, "rent_lowrel": 0, "rent_pct": 59.1, "income": 123049 }, "geometry": { "type": "Polygon", "coordinates": [ [ [ -122.06312, 37.6487 ], [ -122.06224, 37.64992 ], [ -122.05975, 37.64964 ], [ -122.05546, 37.65069 ], [ -122.05093, 37.64746 ], [ -122.04956, 37.64651 ], [ -122.04338, 37.64721 ], [ -122.03954, 37.64674 ], [ -122.03714, 37.64571 ], [ -122.03597, 37.64553 ], [ -122.03102, 37.6456 ], [ -122.02832, 37.64784 ], [ -122.02509, 37.64719 ], [ -122.02254, 37.64751 ], [ -122.01957, 37.64631 ], [ -122.0162, 37.64261 ], [ -122.01633, 37.64203 ], [ -122.01728, 37.64122 ], [ -122.01806, 37.64064 ], [ -122.01823, 37.64034 ], [ -122.0184, 37.64021 ], [ -122.0188, 37.63973 ], [ -122.01956, 37.63843 ], [ -122.0196, 37.6378 ], [ -122.01985, 37.63708 ], [ -122.01957, 37.63679 ], [ -122.01827, 37.63586 ], [ -122.01535, 37.63426 ], [ -122.01254, 37.63422 ], [ -122.01109, 37.63365 ], [ -122.01359, 37.63198 ], [ -122.01402, 37.63169 ], [ -122.01721, 37.63239 ], [ -122.01882, 37.63324 ], [ -122.02285, 37.63225 ], [ -122.02551, 37.6282 ], [ -122.03003, 37.62885 ], [ -122.03159, 37.62861 ], [ -122.03231, 37.62844 ], [ -122.03479, 37.62802 ], [ -122.03625, 37.62916 ], [ -122.03988, 37.62917 ], [ -122.04041, 37.62896 ], [ -122.04277, 37.6279 ], [ -122.04464, 37.62778 ], [ -122.04678, 37.62968 ], [ -122.04693, 37.6296 ], [ -122.05168, 37.62575 ], [ -122.05359, 37.62942 ], [ -122.0547, 37.63095 ], [ -122.05839, 37.63573 ], [ -122.05723, 37.63593 ], [ -122.05427, 37.63639 ], [ -122.05692, 37.63881 ], [ -122.05436, 37.64011 ], [ -122.0553, 37.64286 ], [ -122.06002, 37.6425 ], [ -122.0646, 37.64827 ], [ -122.06312, 37.6487 ] ] ] } },
{ "type": "Feature", "properties": { "GEOID": "06001435602", "name": "Census Tract 4356.02", "pop": 5261, "pop_lowrel": 0, "hh": 1566, "hh_lowrel": 0, "nocar": 115, "nocar_lowrel": 1, "nocar_pct": 7.3, "age65": 950, "age65_lowrel": 0, "age65_pct": 18.1, "disab": 729, "disab_lowrel": 0, "disab_pct": 14.1, "pov": 444, "pov_lowrel": 0, "pov_pct": 8.6, "lep": 181, "lep_lowrel": 0, "lep_pct": 11.6, "rent": 1091, "rent_lowrel": 0, "rent_pct": 69.7, "income": 86447 }, "geometry": { "type": "Polygon", "coordinates": [ [ [ -122.11683, 37.68565 ], [ -122.11321, 37.68633 ], [ -122.11074, 37.68468 ], [ -122.10845, 37.68444 ], [ -122.10603, 37.6859 ], [ -122.10063, 37.68572 ], [ -122.0992, 37.68457 ], [ -122.09905, 37.683 ], [ -122.09882, 37.68283 ], [ -122.09665, 37.68109 ], [ -122.09762, 37.6804 ], [ -122.10098, 37.67928 ], [ -122.10444, 37.67816 ], [ -122.10973, 37.67641 ], [ -122.1118, 37.67869 ], [ -122.11261, 37.67961 ], [ -122.11668, 37.68435 ], [ -122.11683, 37.68565 ] ] ] } },
{ "type": "Feature", "properties": { "GEOID": "06001437702", "name": "Census Tract 4377.02", "pop": 3745, "pop_lowrel": 0, "hh": 978, "hh_lowrel": 0, "nocar": 48, "nocar_lowrel": 1, "nocar_pct": 4.9, "age65": 208, "age65_lowrel": 0, "age65_pct": 5.6, "disab": 302, "disab_lowrel": 0, "disab_pct": 8.1, "pov": 484, "pov_lowrel": 0, "pov_pct": 13.1, "lep": 296, "lep_lowrel": 0, "lep_pct": 30.3, "rent": 883, "rent_lowrel": 0, "rent_pct": 90.3, "income": 88482 }, "geometry": { "type": "Polygon", "coordinates": [ [ [ -122.07847, 37.64094 ], [ -122.07397, 37.64111 ], [ -122.07247, 37.64209 ], [ -122.06954, 37.6395 ], [ -122.07162, 37.63832 ], [ -122.0717, 37.63828 ], [ -122.06899, 37.63592 ], [ -122.07211, 37.63433 ], [ -122.07233, 37.6346 ], [ -122.07473, 37.63671 ], [ -122.07588, 37.63646 ], [ -122.07847, 37.64094 ] ] ] } },
{ "type": "Feature", "properties": { "GEOID": "06001440333", "name": "Census Tract 4403.33", "pop": 2599, "pop_lowrel": 0, "hh": 888, "hh_lowrel": 0, "nocar": 15, "nocar_lowrel": 1, "nocar_pct": 1.7, "age65": 651, "age65_lowrel": 0, "age65_pct": 25.0, "disab": 216, "disab_lowrel": 0, "disab_pct": 8.4, "pov": 209, "pov_lowrel": 0, "pov_pct": 8.1, "lep": 170, "lep_lowrel": 1, "lep_pct": 19.1, "rent": 170, "rent_lowrel": 0, "rent_pct": 19.1, "income": 114760 }, "geometry": { "type": "Polygon", "coordinates": [ [ [ -122.08683, 37.60863 ], [ -122.08596, 37.60911 ], [ -122.08553, 37.6093 ], [ -122.08391, 37.60987 ], [ -122.08026, 37.61153 ], [ -122.07793, 37.61348 ], [ -122.07166, 37.61328 ], [ -122.07145, 37.61328 ], [ -122.06641, 37.61314 ], [ -122.06698, 37.61106 ], [ -122.06879, 37.6057 ], [ -122.06566, 37.60514 ], [ -122.06105, 37.59869 ], [ -122.06701, 37.59801 ], [ -122.07097, 37.59695 ], [ -122.07234, 37.59652 ], [ -122.07404, 37.59646 ], [ -122.07448, 37.59691 ], [ -122.08224, 37.60371 ], [ -122.08743, 37.60819 ], [ -122.08683, 37.60863 ] ] ] } },
{ "type": "Feature", "properties": { "GEOID": "06001442302", "name": "Census Tract 4423.02", "pop": 6375, "pop_lowrel": 0, "hh": 2258, "hh_lowrel": 0, "nocar": 228, "nocar_lowrel": 0, "nocar_pct": 10.1, "age65": 741, "age65_lowrel": 0, "age65_pct": 11.6, "disab": 540, "disab_lowrel": 0, "disab_pct": 8.5, "pov": 357, "pov_lowrel": 0, "pov_pct": 5.6, "lep": 463, "lep_lowrel": 0, "lep_pct": 20.5, "rent": 1583, "rent_lowrel": 0, "rent_pct": 70.1, "income": 119745 }, "geometry": { "type": "Polygon", "coordinates": [ [ [ -121.96787, 37.53341 ], [ -121.96546, 37.53638 ], [ -121.96538, 37.53648 ], [ -121.96496, 37.53698 ], [ -121.96444, 37.53751 ], [ -121.96404, 37.53796 ], [ -121.964, 37.53806 ], [ -121.96134, 37.54113 ], [ -121.9606, 37.54167 ], [ -121.95871, 37.54106 ], [ -121.95517, 37.5416 ], [ -121.95441, 37.5383 ], [ -121.954, 37.53311 ], [ -121.95469, 37.53301 ], [ -121.95791, 37.53263 ], [ -121.95911, 37.53287 ], [ -121.96359, 37.53298 ], [ -121.96326, 37.53073 ], [ -121.96647, 37.53076 ], [ -121.96894, 37.53207 ], [ -121.96787, 37.53341 ] ] ] } },
{ "type": "Feature", "properties": { "GEOID": "06001443104", "name": "Census Tract 4431.04", "pop": 5360, "pop_lowrel": 0, "hh": 1760, "hh_lowrel": 0, "nocar": 94, "nocar_lowrel": 0, "nocar_pct": 5.3, "age65": 828, "age65_lowrel": 0, "age65_pct": 15.4, "disab": 332, "disab_lowrel": 0, "disab_pct": 6.2, "pov": 250, "pov_lowrel": 0, "pov_pct": 4.8, "lep": 151, "lep_lowrel": 0, "lep_pct": 8.6, "rent": 647, "rent_lowrel": 0, "rent_pct": 36.8, "income": 210369 }, "geometry": { "type": "Polygon", "coordinates": [ [ [ -121.94133, 37.53108 ], [ -121.93681, 37.53347 ], [ -121.93344, 37.53525 ], [ -121.92644, 37.53897 ], [ -121.92439, 37.54063 ], [ -121.92065, 37.53549 ], [ -121.92004, 37.53342 ], [ -121.91948, 37.53117 ], [ -121.91795, 37.52613 ], [ -121.92051, 37.52563 ], [ -121.92392, 37.52309 ], [ -121.92842, 37.52359 ], [ -121.92902, 37.52572 ], [ -121.93405, 37.53166 ], [ -121.94019, 37.53094 ], [ -121.94149, 37.53099 ], [ -121.94133, 37.53108 ] ] ] } },
{ "type": "Feature", "properties": { "GEOID": "06001444602", "name": "Census Tract 4446.02", "pop": 5107, "pop_lowrel": 0, "hh": 1950, "hh_lowrel": 0, "nocar": 108, "nocar_lowrel": 1, "nocar_pct": 5.5, "age65": 696, "age65_lowrel": 0, "age65_pct": 13.6, "disab": 399, "disab_lowrel": 0, "disab_pct": 7.8, "pov": 144, "pov_lowrel": 1, "pov_pct": 2.8, "lep": 260, "lep_lowrel": 0, "lep_pct": 13.3, "rent": 389, "rent_lowrel": 0, "rent_pct": 19.9, "income": 202619 }, "geometry": { "type": "Polygon", "coordinates": [ [ [ -122.01485, 37.50242 ], [ -122.01194, 37.50402 ], [ -122.01243, 37.50689 ], [ -122.01488, 37.5097 ], [ -122.0121, 37.51562 ], [ -122.00833, 37.52431 ], [ -122.00777, 37.525 ], [ -122.00517, 37.52815 ], [ -122.00236, 37.52977 ], [ -121.98798, 37.52253 ], [ -121.98777, 37.52243 ], [ -121.98831, 37.52175 ], [ -121.98928, 37.52086 ], [ -121.99482, 37.51383 ], [ -121.99537, 37.51084 ], [ -121.99785, 37.50424 ], [ -121.99332, 37.49945 ], [ -121.99348, 37.49945 ], [ -121.99203, 37.49807 ], [ -121.99647, 37.49807 ], [ -121.99952, 37.49332 ], [ -122.00319, 37.49447 ], [ -122.00606, 37.49462 ], [ -122.0078, 37.49733 ], [ -122.00961, 37.49762 ], [ -122.01205, 37.49665 ], [ -122.01305, 37.4981 ], [ -122.01252, 37.49972 ], [ -122.01505, 37.5003 ], [ -122.01485, 37.50242 ] ] ] } },
{ "type": "Feature", "properties": { "GEOID": "06001450750", "name": "Census Tract 4507.50", "pop": 6794, "pop_lowrel": 0, "hh": 2698, "hh_lowrel": 0, "nocar": 151, "nocar_lowrel": 0, "nocar_pct": 5.6, "age65": 581, "age65_lowrel": 0, "age65_pct": 8.6, "disab": 586, "disab_lowrel": 0, "disab_pct": 8.6, "pov": 470, "pov_lowrel": 0, "pov_pct": 6.9, "lep": 404, "lep_lowrel": 0, "lep_pct": 15.0, "rent": 1267, "rent_lowrel": 0, "rent_pct": 47.0, "income": 167063 }, "geometry": { "type": "Polygon", "coordinates": [ [ [ -121.87219, 37.70257 ], [ -121.87201, 37.70981 ], [ -121.8686, 37.70978 ], [ -121.86169, 37.70861 ], [ -121.85857, 37.70856 ], [ -121.85724, 37.70891 ], [ -121.85479, 37.71007 ], [ -121.85203, 37.71043 ], [ -121.8505, 37.7085 ], [ -121.85045, 37.70665 ], [ -121.85046, 37.70271 ], [ -121.84967, 37.70158 ], [ -121.8495, 37.70135 ], [ -121.85504, 37.70141 ], [ -121.86518, 37.70151 ], [ -121.86664, 37.70152 ], [ -121.87221, 37.70158 ], [ -121.87219, 37.70257 ] ] ] } },
{ "type": "Feature", "properties": { "GEOID": "06001451506", "name": "Census Tract 4515.06", "pop": 3422, "pop_lowrel": 0, "hh": 986, "hh_lowrel": 0, "nocar": 1, "nocar_lowrel": 1, "nocar_pct": 0.1, "age65": 418, "age65_lowrel": 0, "age65_pct": 12.2, "disab": 240, "disab_lowrel": 0, "disab_pct": 7.0, "pov": 186, "pov_lowrel": 1, "pov_pct": 5.6, "lep": 20, "lep_lowrel": 1, "lep_pct": 2.0, "rent": 485, "rent_lowrel": 0, "rent_pct": 49.2, "income": 119757 }, "geometry": { "type": "Polygon", "coordinates": [ [ [ -121.73671, 37.68807 ], [ -121.73232, 37.68784 ], [ -121.72679, 37.68542 ], [ -121.72627, 37.68515 ], [ -121.7252, 37.68434 ], [ -121.72507, 37.68362 ], [ -121.72053, 37.6822 ], [ -121.71868, 37.68111 ], [ -121.71878, 37.67985 ], [ -121.72634, 37.6799 ], [ -121.73295, 37.67995 ], [ -121.73308, 37.67994 ], [ -121.73455, 37.68316 ], [ -121.73816, 37.68742 ], [ -121.73671, 37.68807 ] ] ] } },
{ "type": "Feature", "properties": { "GEOID": "06001407102", "name": "Census Tract 4071.02", "pop": 3996, "pop_lowrel": 0, "hh": 1327, "hh_lowrel": 0, "nocar": 227, "nocar_lowrel": 1, "nocar_pct": 17.1, "age65": 540, "age65_lowrel": 0, "age65_pct": 13.5, "disab": 408, "disab_lowrel": 0, "disab_pct": 10.2, "pov": 455, "pov_lowrel": 0, "pov_pct": 11.4, "lep": 253, "lep_lowrel": 0, "lep_pct": 19.1, "rent": 514, "rent_lowrel": 0, "rent_pct": 38.7, "income": 83125 }, "geometry": { "type": "Polygon", "coordinates": [ [ [ -122.21667, 37.77904 ], [ -122.21293, 37.78165 ], [ -122.2107, 37.78322 ], [ -122.20905, 37.7844 ], [ -122.21198, 37.78704 ], [ -122.21038, 37.78797 ], [ -122.20744, 37.78537 ], [ -122.20414, 37.78252 ], [ -122.20639, 37.78018 ], [ -122.20681, 37.77973 ], [ -122.21113, 37.77517 ], [ -122.21173, 37.77468 ], [ -122.21386, 37.77652 ], [ -122.21475, 37.77732 ], [ -122.21535, 37.77783 ], [ -122.21667, 37.77904 ] ] ] } },
{ "type": "Feature", "properties": { "GEOID": "06001432501", "name": "Census Tract 4325.01", "pop": 4760, "pop_lowrel": 0, "hh": 1382, "hh_lowrel": 0, "nocar": 109, "nocar_lowrel": 1, "nocar_pct": 7.9, "age65": 1022, "age65_lowrel": 0, "age65_pct": 21.5, "disab": 456, "disab_lowrel": 0, "disab_pct": 9.6, "pov": 248, "pov_lowrel": 1, "pov_pct": 5.2, "lep": 279, "lep_lowrel": 0, "lep_pct": 20.2, "rent": 621, "rent_lowrel": 0, "rent_pct": 44.9, "income": 112059 }, "geometry": { "type": "Polygon", "coordinates": [ [ [ -122.1753, 37.71947 ], [ -122.17394, 37.72002 ], [ -122.17306, 37.72035 ], [ -122.1705, 37.72103 ], [ -122.1681, 37.72163 ], [ -122.16724, 37.72184 ], [ -122.16424, 37.72265 ], [ -122.15981, 37.71878 ], [ -122.15892, 37.71799 ], [ -122.15559, 37.71508 ], [ -122.16667, 37.71042 ], [ -122.17056, 37.71313 ], [ -122.17686, 37.7191 ], [ -122.1753, 37.71947 ] ] ] } },
{ "type": "Feature", "properties": { "GEOID": "06001435601", "name": "Census Tract 4356.01", "pop": 4874, "pop_lowrel": 0, "hh": 1473, "hh_lowrel": 0, "nocar": 136, "nocar_lowrel": 0, "nocar_pct": 9.2, "age65": 530, "age65_lowrel": 0, "age65_pct": 10.9, "disab": 648, "disab_lowrel": 0, "disab_pct": 13.5, "pov": 562, "pov_lowrel": 0, "pov_pct": 11.7, "lep": 166, "lep_lowrel": 0, "lep_pct": 11.3, "rent": 910, "rent_lowrel": 0, "rent_pct": 61.8, "income": 76895 }, "geometry": { "type": "Polygon", "coordinates": [ [ [ -122.10973, 37.67641 ], [ -122.10444, 37.67816 ], [ -122.10098, 37.67928 ], [ -122.09762, 37.6804 ], [ -122.09665, 37.68109 ], [ -122.09477, 37.67954 ], [ -122.09906, 37.67796 ], [ -122.09773, 37.67705 ], [ -122.09501, 37.67518 ], [ -122.09984, 37.67322 ], [ -122.09826, 37.67076 ], [ -122.10168, 37.66936 ], [ -122.09919, 37.6672 ], [ -122.09895, 37.667 ], [ -122.10023, 37.66657 ], [ -122.10049, 37.6668 ], [ -122.10727, 37.67273 ], [ -122.11073, 37.67574 ], [ -122.10973, 37.67641 ] ] ] } },
{ "type": "Feature", "properties": { "GEOID": "06001438203", "name": "Census Tract 4382.03", "pop": 4076, "pop_lowrel": 0, "hh": 1180, "hh_lowrel": 0, "nocar": 127, "nocar_lowrel": 1, "nocar_pct": 10.8, "age65": 847, "age65_lowrel": 0, "age65_pct": 20.8, "disab": 550, "disab_lowrel": 0, "disab_pct": 13.5, "pov": 271, "pov_lowrel": 1, "pov_pct": 6.6, "lep": 95, "lep_lowrel": 1, "lep_pct": 8.1, "rent": 246, "rent_lowrel": 0, "rent_pct": 20.8, "income": 112727 }, "geometry": { "type": "Polygon", "coordinates": [ [ [ -122.07383, 37.61765 ], [ -122.07202, 37.62222 ], [ -122.07187, 37.62455 ], [ -122.07229, 37.63082 ], [ -122.07324, 37.63142 ], [ -122.07168, 37.63155 ], [ -122.06909, 37.63179 ], [ -122.06505, 37.63358 ], [ -122.0628, 37.63135 ], [ -122.06149, 37.62848 ], [ -122.06332, 37.62914 ], [ -122.06718, 37.62811 ], [ -122.06594, 37.62544 ], [ -122.06357, 37.61945 ], [ -122.0622, 37.61737 ], [ -122.05879, 37.62014 ], [ -122.05265, 37.62498 ], [ -122.05253, 37.62508 ], [ -122.05045, 37.62324 ], [ -122.03946, 37.6134 ], [ -122.0345, 37.60906 ], [ -122.03094, 37.60593 ], [ -122.03482, 37.60596 ], [ -122.04145, 37.61164 ], [ -122.0433, 37.61227 ], [ -122.04383, 37.60596 ], [ -122.05168, 37.60601 ], [ -122.05869, 37.60603 ], [ -122.05938, 37.60391 ], [ -122.06566, 37.60514 ], [ -122.06879, 37.6057 ], [ -122.06698, 37.61106 ], [ -122.06641, 37.61314 ], [ -122.07145, 37.61328 ], [ -122.07245, 37.61466 ], [ -122.07454, 37.61758 ], [ -122.07383, 37.61765 ] ] ] } },
{ "type": "Feature", "properties": { "GEOID": "06001403701", "name": "Census Tract 4037.01", "pop": 2602, "pop_lowrel": 0, "hh": 1636, "hh_lowrel": 0, "nocar": 503, "nocar_lowrel": 0, "nocar_pct": 30.7, "age65": 693, "age65_lowrel": 0, "age65_pct": 26.6, "disab": 439, "disab_lowrel": 0, "disab_pct": 17.4, "pov": 302, "pov_lowrel": 0, "pov_pct": 12.0, "lep": 7, "lep_lowrel": 1, "lep_pct": 0.4, "rent": 1402, "rent_lowrel": 0, "rent_pct": 85.7, "income": 94366 }, "geometry": { "type": "Polygon", "coordinates": [ [ [ -122.2615, 37.81303 ], [ -122.26087, 37.81241 ], [ -122.25889, 37.81355 ], [ -122.25705, 37.81252 ], [ -122.25641, 37.81092 ], [ -122.25539, 37.81066 ], [ -122.25616, 37.80901 ], [ -122.25855, 37.80941 ], [ -122.26021, 37.81052 ], [ -122.26059, 37.81068 ], [ -122.26246, 37.81094 ], [ -122.2615, 37.81303 ] ] ] } },
{ "type": "Feature", "properties": { "GEOID": "06001404102", "name": "Census Tract 4041.02", "pop": 2546, "pop_lowrel": 0, "hh": 1567, "hh_lowrel": 0, "nocar": 370, "nocar_lowrel": 0, "nocar_pct": 23.6, "age65": 797, "age65_lowrel": 0, "age65_pct": 31.3, "disab": 410, "disab_lowrel": 0, "disab_pct": 17.2, "pov": 127, "pov_lowrel": 0, "pov_pct": 5.3, "lep": 79, "lep_lowrel": 1, "lep_pct": 5.0, "rent": 1231, "rent_lowrel": 0, "rent_pct": 78.6, "income": 110920 }, "geometry": { "type": "Polygon", "coordinates": [ [ [ -122.25674, 37.82763 ], [ -122.2562, 37.82848 ], [ -122.2561, 37.82845 ], [ -122.25245, 37.82637 ], [ -122.2512, 37.8273 ], [ -122.24935, 37.8287 ], [ -122.2476, 37.82676 ], [ -122.24768, 37.82624 ], [ -122.24812, 37.82481 ], [ -122.2493, 37.82372 ], [ -122.25098, 37.82341 ], [ -122.25336, 37.82516 ], [ -122.25421, 37.82635 ], [ -122.25496, 37.8269 ], [ -122.25655, 37.82755 ], [ -122.25666, 37.82756 ], [ -122.25674, 37.82763 ] ] ] } },
{ "type": "Feature", "properties": { "GEOID": "06001444304", "name": "Census Tract 4443.04", "pop": 7508, "pop_lowrel": 0, "hh": 2463, "hh_lowrel": 0, "nocar": 34, "nocar_lowrel": 1, "nocar_pct": 1.4, "age65": 704, "age65_lowrel": 0, "age65_pct": 9.4, "disab": 566, "disab_lowrel": 0, "disab_pct": 7.5, "pov": 150, "pov_lowrel": 1, "pov_pct": 2.0, "lep": 291, "lep_lowrel": 0, "lep_pct": 11.8, "rent": 811, "rent_lowrel": 0, "rent_pct": 32.9, "income": 248029 }, "geometry": { "type": "Polygon", "coordinates": [ [ [ -122.07089, 37.51902 ], [ -122.06047, 37.52158 ], [ -122.06135, 37.52327 ], [ -122.06809, 37.52417 ], [ -122.06468, 37.53469 ], [ -122.06374, 37.52991 ], [ -122.06241, 37.52873 ], [ -122.05792, 37.52712 ], [ -122.05677, 37.52805 ], [ -122.05313, 37.5282 ], [ -122.04784, 37.53085 ], [ -122.04466, 37.5333 ], [ -122.04194, 37.53105 ], [ -122.04001, 37.52943 ], [ -122.03719, 37.52731 ], [ -122.02982, 37.52385 ], [ -122.02972, 37.5238 ], [ -122.0121, 37.51562 ], [ -122.01488, 37.5097 ], [ -122.01243, 37.50689 ], [ -122.01194, 37.50402 ], [ -122.01485, 37.50242 ], [ -122.01505, 37.5003 ], [ -122.01252, 37.49972 ], [ -122.01305, 37.4981 ], [ -122.01205, 37.49665 ], [ -122.00961, 37.49762 ], [ -122.0078, 37.49733 ], [ -122.00606, 37.49462 ], [ -122.01053, 37.49306 ], [ -122.00975, 37.48898 ], [ -122.01429, 37.48137 ], [ -122.01737, 37.48354 ], [ -122.0198, 37.48459 ], [ -122.02314, 37.48469 ], [ -122.02485, 37.48325 ], [ -122.02528, 37.48241 ], [ -122.02537, 37.48062 ], [ -122.02585, 37.47898 ], [ -122.02745, 37.47866 ], [ -122.03026, 37.48266 ], [ -122.03018, 37.48725 ], [ -122.02974, 37.48885 ], [ -122.03223, 37.48935 ], [ -122.0353, 37.49239 ], [ -122.03831, 37.4937 ], [ -122.04112, 37.49353 ], [ -122.05078, 37.49647 ], [ -122.05085, 37.49762 ], [ -122.05748, 37.49912 ], [ -122.05572, 37.50249 ], [ -122.05452, 37.50567 ], [ -122.05403, 37.50845 ], [ -122.05499, 37.51042 ], [ -122.05575, 37.51423 ], [ -122.06084, 37.51483 ], [ -122.06094, 37.5141 ], [ -122.06452, 37.51302 ], [ -122.06738, 37.51828 ], [ -122.07019, 37.51786 ], [ -122.07089, 37.51902 ] ] ] } },
{ "type": "Feature", "properties": { "GEOID": "06001440337", "name": "Census Tract 4403.37", "pop": 2679, "pop_lowrel": 0, "hh": 742, "hh_lowrel": 0, "nocar": 7, "nocar_lowrel": 1, "nocar_pct": 0.9, "age65": 360, "age65_lowrel": 0, "age65_pct": 13.4, "disab": 120, "disab_lowrel": 0, "disab_pct": 4.5, "pov": 54, "pov_lowrel": 1, "pov_pct": 2.0, "lep": 97, "lep_lowrel": 1, "lep_pct": 13.1, "rent": 111, "rent_lowrel": 0, "rent_pct": 15.0, "income": 250001 }, "geometry": { "type": "Polygon", "coordinates": [ [ [ -122.01863, 37.59531 ], [ -122.01606, 37.60197 ], [ -122.01564, 37.60231 ], [ -122.00137, 37.5896 ], [ -122.00128, 37.58952 ], [ -122.0035, 37.58805 ], [ -122.00571, 37.5864 ], [ -122.00587, 37.58648 ], [ -122.01667, 37.59343 ], [ -122.01863, 37.59531 ] ] ] } },
{ "type": "Feature", "properties": { "GEOID": "06001432602", "name": "Census Tract 4326.02", "pop": 3091, "pop_lowrel": 0, "hh": 1260, "hh_lowrel": 0, "nocar": 121, "nocar_lowrel": 0, "nocar_pct": 9.6, "age65": 505, "age65_lowrel": 0, "age65_pct": 16.3, "disab": 432, "disab_lowrel": 0, "disab_pct": 14.6, "pov": 262, "pov_lowrel": 1, "pov_pct": 8.9, "lep": 76, "lep_lowrel": 1, "lep_pct": 6.0, "rent": 925, "rent_lowrel": 0, "rent_pct": 73.4, "income": 105750 }, "geometry": { "type": "Polygon", "coordinates": [ [ [ -122.15621, 37.72844 ], [ -122.15461, 37.72803 ], [ -122.15017, 37.72826 ], [ -122.14874, 37.72913 ], [ -122.14789, 37.72716 ], [ -122.14673, 37.72449 ], [ -122.1455, 37.72167 ], [ -122.14508, 37.72068 ], [ -122.14864, 37.7197 ], [ -122.15274, 37.72277 ], [ -122.15577, 37.725 ], [ -122.15752, 37.72687 ], [ -122.15621, 37.72844 ] ] ] } },
{ "type": "Feature", "properties": { "GEOID": "06001441525", "name": "Census Tract 4415.25", "pop": 3328, "pop_lowrel": 0, "hh": 1405, "hh_lowrel": 0, "nocar": 74, "nocar_lowrel": 1, "nocar_pct": 5.3, "age65": 184, "age65_lowrel": 0, "age65_pct": 5.5, "disab": 102, "disab_lowrel": 0, "disab_pct": 3.1, "pov": 164, "pov_lowrel": 0, "pov_pct": 4.9, "lep": 161, "lep_lowrel": 1, "lep_pct": 11.5, "rent": 704, "rent_lowrel": 0, "rent_pct": 50.1, "income": 230268 }, "geometry": { "type": "Polygon", "coordinates": [ [ [ -121.95117, 37.5121 ], [ -121.94677, 37.5124 ], [ -121.94532, 37.51278 ], [ -121.94312, 37.51371 ], [ -121.93952, 37.51476 ], [ -121.93466, 37.50622 ], [ -121.93462, 37.50617 ], [ -121.93367, 37.50504 ], [ -121.92301, 37.49557 ], [ -121.92456, 37.49436 ], [ -121.92671, 37.49201 ], [ -121.92749, 37.49131 ], [ -121.92954, 37.48985 ], [ -121.93068, 37.48894 ], [ -121.93213, 37.48725 ], [ -121.93328, 37.48597 ], [ -121.93504, 37.48444 ], [ -121.93678, 37.48395 ], [ -121.9486, 37.4928 ], [ -121.94823, 37.49475 ], [ -121.94905, 37.5025 ], [ -121.94987, 37.50955 ], [ -121.95117, 37.5121 ] ] ] } },
{ "type": "Feature", "properties": { "GEOID": "06001433802", "name": "Census Tract 4338.02", "pop": 4079, "pop_lowrel": 0, "hh": 1493, "hh_lowrel": 0, "nocar": 239, "nocar_lowrel": 1, "nocar_pct": 16.0, "age65": 831, "age65_lowrel": 0, "age65_pct": 20.4, "disab": 337, "disab_lowrel": 0, "disab_pct": 8.3, "pov": 345, "pov_lowrel": 0, "pov_pct": 8.5, "lep": 241, "lep_lowrel": 1, "lep_pct": 16.1, "rent": 569, "rent_lowrel": 0, "rent_pct": 38.1, "income": 90739 }, "geometry": { "type": "Polygon", "coordinates": [ [ [ -122.13003, 37.6971 ], [ -122.12954, 37.69746 ], [ -122.12853, 37.69814 ], [ -122.12836, 37.6982 ], [ -122.12525, 37.69826 ], [ -122.12437, 37.69833 ], [ -122.12367, 37.69848 ], [ -122.12369, 37.70175 ], [ -122.12256, 37.70096 ], [ -122.12091, 37.69998 ], [ -122.11887, 37.69854 ], [ -122.11902, 37.69199 ], [ -122.11904, 37.6915 ], [ -122.11894, 37.68946 ], [ -122.12715, 37.69072 ], [ -122.12779, 37.69076 ], [ -122.12841, 37.69107 ], [ -122.12965, 37.6924 ], [ -122.12988, 37.6926 ], [ -122.13006, 37.69276 ], [ -122.13003, 37.6971 ] ] ] } },
{ "type": "Feature", "properties": { "GEOID": "06001436403", "name": "Census Tract 4364.03", "pop": 4151, "pop_lowrel": 0, "hh": 1501, "hh_lowrel": 0, "nocar": 75, "nocar_lowrel": 1, "nocar_pct": 5.0, "age65": 471, "age65_lowrel": 0, "age65_pct": 11.3, "disab": 600, "disab_lowrel": 0, "disab_pct": 14.5, "pov": 715, "pov_lowrel": 0, "pov_pct": 17.2, "lep": 157, "lep_lowrel": 1, "lep_pct": 10.5, "rent": 986, "rent_lowrel": 0, "rent_pct": 65.7, "income": 90764 }, "geometry": { "type": "Polygon", "coordinates": [ [ [ -122.07999, 37.66978 ], [ -122.07799, 37.67084 ], [ -122.07602, 37.67188 ], [ -122.07749, 37.6731 ], [ -122.07389, 37.67521 ], [ -122.07222, 37.67576 ], [ -122.07058, 37.67633 ], [ -122.0668, 37.67762 ], [ -122.065, 37.67793 ], [ -122.0654, 37.6769 ], [ -122.06448, 37.67661 ], [ -122.06693, 37.67604 ], [ -122.06646, 37.67489 ], [ -122.07117, 37.67365 ], [ -122.07282, 37.67305 ], [ -122.06699, 37.67237 ], [ -122.0649, 37.67166 ], [ -122.0659, 37.66872 ], [ -122.06023, 37.66753 ], [ -122.0593, 37.66634 ], [ -122.06009, 37.66555 ], [ -122.06444, 37.6633 ], [ -122.06851, 37.6652 ], [ -122.07431, 37.66283 ], [ -122.07592, 37.66289 ], [ -122.07802, 37.6655 ], [ -122.08068, 37.66885 ], [ -122.07999, 37.66978 ] ] ] } },
{ "type": "Feature", "properties": { "GEOID": "06001450609", "name": "Census Tract 4506.09", "pop": 4827, "pop_lowrel": 0, "hh": 1853, "hh_lowrel": 0, "nocar": 61, "nocar_lowrel": 1, "nocar_pct": 3.3, "age65": 885, "age65_lowrel": 0, "age65_pct": 18.3, "disab": 690, "disab_lowrel": 0, "disab_pct": 14.3, "pov": 212, "pov_lowrel": 0, "pov_pct": 4.4, "lep": 74, "lep_lowrel": 1, "lep_pct": 4.0, "rent": 616, "rent_lowrel": 0, "rent_pct": 33.2, "income": 168972 }, "geometry": { "type": "Polygon", "coordinates": [ [ [ -121.93496, 37.69852 ], [ -121.92258, 37.70113 ], [ -121.91846, 37.69054 ], [ -121.91716, 37.68722 ], [ -121.91568, 37.68343 ], [ -121.91355, 37.67802 ], [ -121.92121, 37.67561 ], [ -121.92345, 37.68079 ], [ -121.92496, 37.68226 ], [ -121.92737, 37.68316 ], [ -121.92935, 37.68493 ], [ -121.93029, 37.6888 ], [ -121.93442, 37.69615 ], [ -121.93496, 37.69852 ] ] ] } },
{ "type": "Feature", "properties": { "GEOID": "06001432601", "name": "Census Tract 4326.01", "pop": 3978, "pop_lowrel": 0, "hh": 1780, "hh_lowrel": 0, "nocar": 275, "nocar_lowrel": 0, "nocar_pct": 15.4, "age65": 667, "age65_lowrel": 0, "age65_pct": 16.8, "disab": 550, "disab_lowrel": 0, "disab_pct": 14.0, "pov": 566, "pov_lowrel": 0, "pov_pct": 14.4, "lep": 226, "lep_lowrel": 0, "lep_pct": 12.7, "rent": 1076, "rent_lowrel": 0, "rent_pct": 60.4, "income": 91835 }, "geometry": { "type": "Polygon", "coordinates": [ [ [ -122.16751, 37.72632 ], [ -122.16108, 37.72624 ], [ -122.15887, 37.7255 ], [ -122.15752, 37.72687 ], [ -122.15577, 37.725 ], [ -122.15274, 37.72277 ], [ -122.14864, 37.7197 ], [ -122.14797, 37.71921 ], [ -122.15164, 37.71769 ], [ -122.15115, 37.71694 ], [ -122.15559, 37.71508 ], [ -122.15892, 37.71799 ], [ -122.15981, 37.71878 ], [ -122.16424, 37.72265 ], [ -122.17012, 37.72778 ], [ -122.16751, 37.72632 ] ] ] } },
{ "type": "Feature", "properties": { "GEOID": "06001403302", "name": "Census Tract 4033.02", "pop": 2819, "pop_lowrel": 0, "hh": 1726, "hh_lowrel": 0, "nocar": 212, "nocar_lowrel": 0, "nocar_pct": 12.3, "age65": 166, "age65_lowrel": 0, "age65_pct": 5.9, "disab": 166, "disab_lowrel": 1, "disab_pct": 6.0, "pov": 101, "pov_lowrel": 0, "pov_pct": 3.6, "lep": 66, "lep_lowrel": 1, "lep_pct": 3.8, "rent": 1324, "rent_lowrel": 0, "rent_pct": 76.7, "income": 144813 }, "geometry": { "type": "Polygon", "coordinates": [ [ [ -122.27368, 37.79221 ], [ -122.27213, 37.79336 ], [ -122.27075, 37.79557 ], [ -122.27014, 37.79652 ], [ -122.26662, 37.79512 ], [ -122.26507, 37.79762 ], [ -122.26375, 37.7997 ], [ -122.26042, 37.79833 ], [ -122.25955, 37.7983 ], [ -122.2595, 37.79683 ], [ -122.25958, 37.79632 ], [ -122.26081, 37.79528 ], [ -122.26133, 37.79381 ], [ -122.26302, 37.79082 ], [ -122.26445, 37.79068 ], [ -122.26854, 37.78793 ], [ -122.27422, 37.79126 ], [ -122.27368, 37.79221 ] ] ] } },
{ "type": "Feature", "properties": { "GEOID": "06001420401", "name": "Census Tract 4204.01", "pop": 1406, "pop_lowrel": 0, "hh": 449, "hh_lowrel": 0, "nocar": 137, "nocar_lowrel": 0, "nocar_pct": 30.5, "age65": 179, "age65_lowrel": 0, "age65_pct": 12.7, "disab": 284, "disab_lowrel": 0, "disab_pct": 20.2, "pov": 256, "pov_lowrel": 0, "pov_pct": 24.9, "lep": 36, "lep_lowrel": 1, "lep_pct": 8.0, "rent": 449, "rent_lowrel": 0, "rent_pct": 100.0, "income": 92344 }, "geometry": { "type": "Polygon", "coordinates": [ [ [ -122.30302, 37.88508 ], [ -122.30187, 37.88535 ], [ -122.30031, 37.88571 ], [ -122.30096, 37.8877 ], [ -122.29825, 37.88776 ], [ -122.29791, 37.88668 ], [ -122.29688, 37.88347 ], [ -122.29931, 37.8829 ], [ -122.30018, 37.88282 ], [ -122.30231, 37.88236 ], [ -122.30243, 37.88275 ], [ -122.30251, 37.88307 ], [ -122.30234, 37.88309 ], [ -122.30246, 37.88351 ], [ -122.30302, 37.88508 ] ] ] } },
{ "type": "Feature", "properties": { "GEOID": "06001450701", "name": "Census Tract 4507.01", "pop": 8654, "pop_lowrel": 0, "hh": 2670, "hh_lowrel": 0, "nocar": 42, "nocar_lowrel": 1, "nocar_pct": 1.6, "age65": 1432, "age65_lowrel": 0, "age65_pct": 16.5, "disab": 599, "disab_lowrel": 0, "disab_pct": 6.9, "pov": 244, "pov_lowrel": 0, "pov_pct": 2.8, "lep": 70, "lep_lowrel": 1, "lep_pct": 2.6, "rent": 387, "rent_lowrel": 0, "rent_pct": 14.5, "income": 250001 }, "geometry": { "type": "Polygon", "coordinates": [ [ [ -121.93331, 37.57713 ], [ -121.93133, 37.57629 ], [ -121.92994, 37.57851 ], [ -121.92604, 37.57979 ], [ -121.92713, 37.58125 ], [ -121.92561, 37.58235 ], [ -121.92837, 37.58438 ], [ -121.92812, 37.58595 ], [ -121.93027, 37.58622 ], [ -121.93277, 37.59173 ], [ -121.93183, 37.59255 ], [ -121.93047, 37.59538 ], [ -121.92569, 37.5989 ], [ -121.92431, 37.59901 ], [ -121.9209, 37.59797 ], [ -121.9167, 37.59462 ], [ -121.91244, 37.59366 ], [ -121.9057, 37.59561 ], [ -121.90311, 37.59554 ], [ -121.89617, 37.594 ], [ -121.89017, 37.59344 ], [ -121.88575, 37.59254 ], [ -121.88265, 37.59285 ], [ -121.8748, 37.58969 ], [ -121.87075, 37.58884 ], [ -121.87004, 37.59166 ], [ -121.87101, 37.59374 ], [ -121.87278, 37.59597 ], [ -121.87313, 37.59928 ], [ -121.87168, 37.60247 ], [ -121.87184, 37.60423 ], [ -121.875, 37.61213 ], [ -121.87702, 37.61625 ], [ -121.87979, 37.62171 ], [ -121.87988, 37.62237 ], [ -121.87992, 37.62353 ], [ -121.88031, 37.62844 ], [ -121.88398, 37.63482 ], [ -121.88414, 37.63682 ], [ -121.88382, 37.63881 ], [ -121.88412, 37.64015 ], [ -121.88192, 37.64157 ], [ -121.88149, 37.64476 ], [ -121.88131, 37.64732 ], [ -121.88092, 37.6487 ], [ -121.87933, 37.65512 ], [ -121.8776, 37.65632 ], [ -121.87683, 37.6558 ], [ -121.86917, 37.65235 ], [ -121.86457, 37.65178 ], [ -121.86398, 37.65198 ], [ -121.86264, 37.65326 ], [ -121.85995, 37.65481 ], [ -121.85561, 37.65235 ], [ -121.85377, 37.65252 ], [ -121.85356, 37.65351 ], [ -121.85224, 37.65347 ], [ -121.85107, 37.65475 ], [ -121.85138, 37.65681 ], [ -121.84827, 37.65712 ], [ -121.84429, 37.65671 ], [ -121.84315, 37.65803 ], [ -121.84481, 37.65843 ], [ -121.84623, 37.66048 ], [ -121.84494, 37.66237 ], [ -121.84575, 37.6649 ], [ -121.83859, 37.66469 ], [ -121.83485, 37.66256 ], [ -121.82679, 37.65551 ], [ -121.82371, 37.65551 ], [ -121.82254, 37.65611 ], [ -121.82115, 37.65549 ], [ -121.81399, 37.65537 ], [ -121.80609, 37.65235 ], [ -121.80567, 37.6522 ], [ -121.80567, 37.65097 ], [ -121.80454, 37.64759 ], [ -121.79986, 37.64243 ], [ -121.79905, 37.64032 ], [ -121.79957, 37.63672 ], [ -121.80151, 37.63545 ], [ -121.80175, 37.63504 ], [ -121.80194, 37.63435 ], [ -121.80207, 37.63398 ], [ -121.80228, 37.62947 ], [ -121.80311, 37.62864 ], [ -121.80174, 37.6281 ], [ -121.79998, 37.6266 ], [ -121.79825, 37.626 ], [ -121.79431, 37.62626 ], [ -121.78789, 37.62725 ], [ -121.78586, 37.62603 ], [ -121.78506, 37.62313 ], [ -121.78269, 37.62056 ], [ -121.77993, 37.61686 ], [ -121.77984, 37.61438 ], [ -121.77782, 37.6105 ], [ -121.77237, 37.60699 ], [ -121.76484, 37.60432 ], [ -121.75911, 37.60336 ], [ -121.75745, 37.60252 ], [ -121.75123, 37.60121 ], [ -121.75608, 37.60076 ], [ -121.75647, 37.60031 ], [ -121.75264, 37.59868 ], [ -121.75052, 37.59598 ], [ -121.74849, 37.59453 ], [ -121.75003, 37.59109 ], [ -121.74662, 37.59038 ], [ -121.74232, 37.58747 ], [ -121.74232, 37.58659 ], [ -121.73988, 37.58711 ], [ -121.73608, 37.58507 ], [ -121.73229, 37.58448 ], [ -121.73115, 37.58156 ], [ -121.72827, 37.5805 ], [ -121.72718, 37.57865 ], [ -121.72557, 37.57748 ], [ -121.72197, 37.57759 ], [ -121.72106, 37.57686 ], [ -121.72077, 37.57455 ], [ -121.71942, 37.57331 ], [ -121.71987, 37.57193 ], [ -121.71996, 37.56927 ], [ -121.71671, 37.56722 ], [ -121.71548, 37.56677 ], [ -121.71369, 37.56458 ], [ -121.71153, 37.5649 ], [ -121.70752, 37.55967 ], [ -121.70312, 37.55821 ], [ -121.7008, 37.55619 ], [ -121.70067, 37.55296 ], [ -121.69807, 37.55235 ], [ -121.69772, 37.55143 ], [ -121.69575, 37.55018 ], [ -121.6937, 37.54655 ], [ -121.69316, 37.54407 ], [ -121.69173, 37.54101 ], [ -121.68957, 37.53866 ], [ -121.68694, 37.53394 ], [ -121.68528, 37.53235 ], [ -121.68476, 37.53022 ], [ -121.6827, 37.52894 ], [ -121.68122, 37.52661 ], [ -121.68361, 37.52656 ], [ -121.68437, 37.52708 ], [ -121.6869, 37.52635 ], [ -121.68765, 37.52505 ], [ -121.69213, 37.52623 ], [ -121.69354, 37.52786 ], [ -121.6964, 37.52989 ], [ -121.69952, 37.52842 ], [ -121.70033, 37.5273 ], [ -121.70228, 37.52677 ], [ -121.70145, 37.52495 ], [ -121.70115, 37.52218 ], [ -121.70207, 37.52019 ], [ -121.70251, 37.51735 ], [ -121.70243, 37.51505 ], [ -121.70071, 37.51412 ], [ -121.70047, 37.51311 ], [ -121.69825, 37.51199 ], [ -121.69517, 37.50935 ], [ -121.69231, 37.50816 ], [ -121.69097, 37.50895 ], [ -121.68675, 37.50739 ], [ -121.68863, 37.5041 ], [ -121.69099, 37.50294 ], [ -121.69114, 37.50161 ], [ -121.68936, 37.50026 ], [ -121.68817, 37.49707 ], [ -121.68868, 37.49606 ], [ -121.68763, 37.49273 ], [ -121.68394, 37.49185 ], [ -121.68277, 37.49048 ], [ -121.68086, 37.48977 ], [ -121.67921, 37.49002 ], [ -121.67671, 37.48966 ], [ -121.67241, 37.48735 ], [ -121.67161, 37.4864 ], [ -121.67126, 37.48384 ], [ -121.6704, 37.48274 ], [ -121.73681, 37.48388 ], [ -121.85576, 37.48454 ], [ -121.86342, 37.48462 ], [ -121.86527, 37.48464 ], [ -121.86993, 37.48168 ], [ -121.87011, 37.48073 ], [ -121.87213, 37.48332 ], [ -121.87449, 37.48908 ], [ -121.87328, 37.49109 ], [ -121.87375, 37.49237 ], [ -121.87661, 37.50036 ], [ -121.87828, 37.50372 ], [ -121.88029, 37.50762 ], [ -121.88078, 37.50789 ], [ -121.88113, 37.51336 ], [ -121.88005, 37.52136 ], [ -121.87906, 37.52885 ], [ -121.87815, 37.53024 ], [ -121.88047, 37.53332 ], [ -121.88312, 37.53614 ], [ -121.88733, 37.53898 ], [ -121.88746, 37.54304 ], [ -121.8883, 37.54517 ], [ -121.89067, 37.54794 ], [ -121.89361, 37.5502 ], [ -121.89932, 37.54659 ], [ -121.90481, 37.55011 ], [ -121.90734, 37.54927 ], [ -121.90958, 37.55501 ], [ -121.91507, 37.55625 ], [ -121.9145, 37.56077 ], [ -121.91652, 37.56103 ], [ -121.91884, 37.56097 ], [ -121.9185, 37.55983 ], [ -121.92068, 37.55929 ], [ -121.92373, 37.55773 ], [ -121.92378, 37.5604 ], [ -121.91941, 37.56043 ], [ -121.9205, 37.56436 ], [ -121.92016, 37.56595 ], [ -121.92315, 37.56822 ], [ -121.92571, 37.56809 ], [ -121.92583, 37.56943 ], [ -121.92762, 37.57148 ], [ -121.93174, 37.57274 ], [ -121.93298, 37.5742 ], [ -121.9324, 37.57504 ], [ -121.93331, 37.57713 ] ] ] } },
{ "type": "Feature", "properties": { "GEOID": "06001421700", "name": "Census Tract 4217", "pop": 3346, "pop_lowrel": 0, "hh": 1659, "hh_lowrel": 0, "nocar": 227, "nocar_lowrel": 0, "nocar_pct": 13.7, "age65": 863, "age65_lowrel": 0, "age65_pct": 25.8, "disab": 450, "disab_lowrel": 0, "disab_pct": 13.5, "pov": 461, "pov_lowrel": 0, "pov_pct": 13.9, "lep": 104, "lep_lowrel": 1, "lep_pct": 6.3, "rent": 1157, "rent_lowrel": 0, "rent_pct": 69.7, "income": 115139 }, "geometry": { "type": "Polygon", "coordinates": [ [ [ -122.27454, 37.88489 ], [ -122.27288, 37.88566 ], [ -122.26998, 37.8856 ], [ -122.26661, 37.88603 ], [ -122.26615, 37.88242 ], [ -122.26598, 37.88061 ], [ -122.26575, 37.87881 ], [ -122.26918, 37.87838 ], [ -122.27375, 37.87779 ], [ -122.27394, 37.87959 ], [ -122.27414, 37.88141 ], [ -122.27454, 37.88489 ] ] ] } },
{ "type": "Feature", "properties": { "GEOID": "06001444500", "name": "Census Tract 4445", "pop": 6644, "pop_lowrel": 0, "hh": 1961, "hh_lowrel": 0, "nocar": 22, "nocar_lowrel": 1, "nocar_pct": 1.1, "age65": 673, "age65_lowrel": 0, "age65_pct": 10.1, "disab": 275, "disab_lowrel": 0, "disab_pct": 4.1, "pov": 325, "pov_lowrel": 0, "pov_pct": 4.9, "lep": 147, "lep_lowrel": 0, "lep_pct": 7.5, "rent": 1033, "rent_lowrel": 0, "rent_pct": 52.7, "income": 163114 }, "geometry": { "type": "Polygon", "coordinates": [ [ [ -122.04001, 37.52943 ], [ -122.03528, 37.53111 ], [ -122.03381, 37.53289 ], [ -122.0306, 37.53682 ], [ -122.02623, 37.54225 ], [ -122.0229, 37.54653 ], [ -122.02008, 37.54277 ], [ -122.01735, 37.53913 ], [ -122.01892, 37.53701 ], [ -122.02227, 37.53289 ], [ -122.02334, 37.53242 ], [ -122.02339, 37.53188 ], [ -122.02583, 37.52875 ], [ -122.02982, 37.52385 ], [ -122.03719, 37.52731 ], [ -122.04001, 37.52943 ] ] ] } },
{ "type": "Feature", "properties": { "GEOID": "06001431100", "name": "Census Tract 4311", "pop": 3368, "pop_lowrel": 0, "hh": 1296, "hh_lowrel": 0, "nocar": 139, "nocar_lowrel": 0, "nocar_pct": 10.7, "age65": 417, "age65_lowrel": 0, "age65_pct": 12.4, "disab": 362, "disab_lowrel": 0, "disab_pct": 10.8, "pov": 174, "pov_lowrel": 1, "pov_pct": 5.2, "lep": 38, "lep_lowrel": 1, "lep_pct": 2.9, "rent": 891, "rent_lowrel": 0, "rent_pct": 68.8, "income": 106473 }, "geometry": { "type": "Polygon", "coordinates": [ [ [ -122.07365, 37.68421 ], [ -122.07381, 37.69095 ], [ -122.06937, 37.69119 ], [ -122.06494, 37.69221 ], [ -122.06251, 37.6929 ], [ -122.05997, 37.69359 ], [ -122.05972, 37.69247 ], [ -122.05892, 37.69223 ], [ -122.05888, 37.69219 ], [ -122.06216, 37.68589 ], [ -122.06322, 37.68595 ], [ -122.06512, 37.68555 ], [ -122.06659, 37.68402 ], [ -122.06805, 37.68479 ], [ -122.06828, 37.68491 ], [ -122.06851, 37.6849 ], [ -122.06863, 37.68473 ], [ -122.06879, 37.68387 ], [ -122.06892, 37.68373 ], [ -122.06926, 37.68378 ], [ -122.07, 37.68416 ], [ -122.07038, 37.68417 ], [ -122.07055, 37.68389 ], [ -122.07092, 37.68353 ], [ -122.07014, 37.6818 ], [ -122.07011, 37.68169 ], [ -122.07013, 37.68155 ], [ -122.07024, 37.68137 ], [ -122.07037, 37.68129 ], [ -122.07076, 37.68119 ], [ -122.07114, 37.68115 ], [ -122.0714, 37.68118 ], [ -122.07201, 37.68099 ], [ -122.07304, 37.68297 ], [ -122.07389, 37.6831 ], [ -122.07365, 37.68421 ] ] ] } },
{ "type": "Feature", "properties": { "GEOID": "06001430400", "name": "Census Tract 4304", "pop": 2160, "pop_lowrel": 0, "hh": 707, "hh_lowrel": 0, "nocar": 33, "nocar_lowrel": 1, "nocar_pct": 4.7, "age65": 368, "age65_lowrel": 0, "age65_pct": 17.0, "disab": 114, "disab_lowrel": 0, "disab_pct": 5.3, "pov": 55, "pov_lowrel": 1, "pov_pct": 2.5, "lep": 51, "lep_lowrel": 1, "lep_pct": 7.2, "rent": 61, "rent_lowrel": 0, "rent_pct": 8.6, "income": 193958 }, "geometry": { "type": "Polygon", "coordinates": [ [ [ -122.12724, 37.72983 ], [ -122.12446, 37.72859 ], [ -122.12217, 37.72939 ], [ -122.12121, 37.73181 ], [ -122.11996, 37.73204 ], [ -122.11775, 37.73015 ], [ -122.10655, 37.72247 ], [ -122.10113, 37.72911 ], [ -122.09906, 37.72763 ], [ -122.09692, 37.72778 ], [ -122.09457, 37.72813 ], [ -122.09353, 37.72517 ], [ -122.0904, 37.72156 ], [ -122.08951, 37.72134 ], [ -122.08877, 37.71748 ], [ -122.08952, 37.71587 ], [ -122.08876, 37.71025 ], [ -122.09161, 37.71018 ], [ -122.09259, 37.70985 ], [ -122.09863, 37.71319 ], [ -122.10336, 37.71475 ], [ -122.1047, 37.71476 ], [ -122.10525, 37.71575 ], [ -122.10974, 37.71983 ], [ -122.11004, 37.72168 ], [ -122.11292, 37.72257 ], [ -122.11377, 37.7242 ], [ -122.11706, 37.72638 ], [ -122.11931, 37.72905 ], [ -122.12089, 37.72826 ], [ -122.12323, 37.72704 ], [ -122.12649, 37.72758 ], [ -122.12724, 37.72983 ] ] ] } },
{ "type": "Feature", "properties": { "GEOID": "06001443103", "name": "Census Tract 4431.03", "pop": 4002, "pop_lowrel": 0, "hh": 1249, "hh_lowrel": 0, "nocar": 42, "nocar_lowrel": 1, "nocar_pct": 3.4, "age65": 1055, "age65_lowrel": 0, "age65_pct": 26.4, "disab": 274, "disab_lowrel": 0, "disab_pct": 6.8, "pov": 168, "pov_lowrel": 1, "pov_pct": 4.2, "lep": 111, "lep_lowrel": 0, "lep_pct": 8.9, "rent": 75, "rent_lowrel": 1, "rent_pct": 6.0, "income": 250001 }, "geometry": { "type": "Polygon", "coordinates": [ [ [ -121.92078, 37.54399 ], [ -121.92, 37.54546 ], [ -121.91935, 37.54894 ], [ -121.91809, 37.55147 ], [ -121.91631, 37.55473 ], [ -121.91507, 37.55625 ], [ -121.90958, 37.55501 ], [ -121.90734, 37.54927 ], [ -121.90481, 37.55011 ], [ -121.89932, 37.54659 ], [ -121.89361, 37.5502 ], [ -121.89067, 37.54794 ], [ -121.8883, 37.54517 ], [ -121.88746, 37.54304 ], [ -121.88733, 37.53898 ], [ -121.88312, 37.53614 ], [ -121.88047, 37.53332 ], [ -121.87815, 37.53024 ], [ -121.87906, 37.52885 ], [ -121.88005, 37.52136 ], [ -121.88113, 37.51336 ], [ -121.88078, 37.50789 ], [ -121.88029, 37.50762 ], [ -121.87828, 37.50372 ], [ -121.88381, 37.50326 ], [ -121.8853, 37.50359 ], [ -121.88714, 37.50584 ], [ -121.88945, 37.50737 ], [ -121.89361, 37.50857 ], [ -121.89663, 37.50798 ], [ -121.90031, 37.5066 ], [ -121.90227, 37.50502 ], [ -121.90788, 37.50388 ], [ -121.91228, 37.50332 ], [ -121.9163, 37.50204 ], [ -121.91946, 37.50207 ], [ -121.91964, 37.50662 ], [ -121.91965, 37.50668 ], [ -121.91976, 37.51045 ], [ -121.91925, 37.51361 ], [ -121.91794, 37.51794 ], [ -121.91779, 37.52077 ], [ -121.9178, 37.52503 ], [ -121.91795, 37.52613 ], [ -121.91948, 37.53117 ], [ -121.92004, 37.53342 ], [ -121.92065, 37.53549 ], [ -121.92439, 37.54063 ], [ -121.92078, 37.54399 ] ] ] } },
{ "type": "Feature", "properties": { "GEOID": "06001431000", "name": "Census Tract 4310", "pop": 3191, "pop_lowrel": 0, "hh": 1244, "hh_lowrel": 0, "nocar": 134, "nocar_lowrel": 1, "nocar_pct": 10.8, "age65": 620, "age65_lowrel": 0, "age65_pct": 19.4, "disab": 477, "disab_lowrel": 0, "disab_pct": 15.0, "pov": 257, "pov_lowrel": 0, "pov_pct": 8.1, "lep": 153, "lep_lowrel": 0, "lep_pct": 12.3, "rent": 861, "rent_lowrel": 0, "rent_pct": 69.2, "income": 103750 }, "geometry": { "type": "Polygon", "coordinates": [ [ [ -122.09182, 37.69183 ], [ -122.08969, 37.6929 ], [ -122.08665, 37.6943 ], [ -122.083, 37.69537 ], [ -122.08096, 37.69563 ], [ -122.07719, 37.69566 ], [ -122.07467, 37.69566 ], [ -122.07397, 37.69562 ], [ -122.07313, 37.69548 ], [ -122.06656, 37.69322 ], [ -122.06244, 37.69351 ], [ -122.06251, 37.6929 ], [ -122.06494, 37.69221 ], [ -122.06937, 37.69119 ], [ -122.07381, 37.69095 ], [ -122.07709, 37.69092 ], [ -122.07957, 37.69089 ], [ -122.09332, 37.69076 ], [ -122.09182, 37.69183 ] ] ] } },
{ "type": "Feature", "properties": { "GEOID": "06001450601", "name": "Census Tract 4506.01", "pop": 3555, "pop_lowrel": 0, "hh": 1349, "hh_lowrel": 0, "nocar": 31, "nocar_lowrel": 1, "nocar_pct": 2.3, "age65": 852, "age65_lowrel": 0, "age65_pct": 24.0, "disab": 277, "disab_lowrel": 0, "disab_pct": 7.8, "pov": 41, "pov_lowrel": 1, "pov_pct": 1.2, "lep": 75, "lep_lowrel": 1, "lep_pct": 5.6, "rent": 130, "rent_lowrel": 0, "rent_pct": 9.6, "income": 231696 }, "geometry": { "type": "Polygon", "coordinates": [ [ [ -122.02097, 37.69759 ], [ -122.02038, 37.69999 ], [ -122.0212, 37.70149 ], [ -122.01649, 37.70294 ], [ -122.00128, 37.70373 ], [ -121.99536, 37.7029 ], [ -121.98763, 37.70003 ], [ -121.98202, 37.69928 ], [ -121.97315, 37.69775 ], [ -121.96797, 37.69737 ], [ -121.96392, 37.69763 ], [ -121.95847, 37.69855 ], [ -121.95622, 37.69861 ], [ -121.95496, 37.69861 ], [ -121.93567, 37.69847 ], [ -121.93496, 37.69852 ], [ -121.93442, 37.69615 ], [ -121.93029, 37.6888 ], [ -121.92935, 37.68493 ], [ -121.92737, 37.68316 ], [ -121.92496, 37.68226 ], [ -121.92345, 37.68079 ], [ -121.92121, 37.67561 ], [ -121.91928, 37.66964 ], [ -121.91921, 37.66839 ], [ -121.9184, 37.66695 ], [ -121.9179, 37.66631 ], [ -121.91669, 37.66505 ], [ -121.91107, 37.65989 ], [ -121.90772, 37.65414 ], [ -121.90404, 37.64755 ], [ -121.90054, 37.64496 ], [ -121.89894, 37.64273 ], [ -121.89714, 37.6418 ], [ -121.89372, 37.63946 ], [ -121.89111, 37.63736 ], [ -121.88667, 37.63866 ], [ -121.88598, 37.63913 ], [ -121.88442, 37.63995 ], [ -121.88412, 37.64015 ], [ -121.88382, 37.63881 ], [ -121.88414, 37.63682 ], [ -121.88398, 37.63482 ], [ -121.88031, 37.62844 ], [ -121.87992, 37.62353 ], [ -121.87988, 37.62237 ], [ -121.87979, 37.62171 ], [ -121.87702, 37.61625 ], [ -121.875, 37.61213 ], [ -121.87184, 37.60423 ], [ -121.87168, 37.60247 ], [ -121.87313, 37.59928 ], [ -121.87278, 37.59597 ], [ -121.87101, 37.59374 ], [ -121.87004, 37.59166 ], [ -121.87075, 37.58884 ], [ -121.8748, 37.58969 ], [ -121.88265, 37.59285 ], [ -121.88575, 37.59254 ], [ -121.89017, 37.59344 ], [ -121.89617, 37.594 ], [ -121.89592, 37.595 ], [ -121.89814, 37.59557 ], [ -121.89584, 37.59719 ], [ -121.89759, 37.59847 ], [ -121.89906, 37.59836 ], [ -121.90261, 37.60072 ], [ -121.90229, 37.60139 ], [ -121.90427, 37.60214 ], [ -121.90461, 37.60403 ], [ -121.90569, 37.60534 ], [ -121.90791, 37.60636 ], [ -121.9089, 37.60803 ], [ -121.91171, 37.60941 ], [ -121.91349, 37.61288 ], [ -121.91785, 37.61564 ], [ -121.92056, 37.61702 ], [ -121.92121, 37.61845 ], [ -121.92341, 37.61921 ], [ -121.92382, 37.61965 ], [ -121.92346, 37.62139 ], [ -121.92569, 37.62378 ], [ -121.92626, 37.62671 ], [ -121.92762, 37.62866 ], [ -121.92924, 37.62911 ], [ -121.93099, 37.63054 ], [ -121.93161, 37.63227 ], [ -121.93414, 37.6349 ], [ -121.93529, 37.63815 ], [ -121.93646, 37.6393 ], [ -121.93869, 37.64023 ], [ -121.93934, 37.64245 ], [ -121.94174, 37.6432 ], [ -121.94193, 37.64495 ], [ -121.94514, 37.64743 ], [ -121.9458, 37.64893 ], [ -121.94839, 37.65086 ], [ -121.94833, 37.65119 ], [ -121.9486, 37.65164 ], [ -121.94865, 37.65189 ], [ -121.94953, 37.65248 ], [ -121.94982, 37.65299 ], [ -121.95142, 37.65394 ], [ -121.95327, 37.65321 ], [ -121.95667, 37.65623 ], [ -121.95946, 37.65782 ], [ -121.96042, 37.65896 ], [ -121.95983, 37.65992 ], [ -121.9637, 37.66316 ], [ -121.96436, 37.66334 ], [ -121.96477, 37.66334 ], [ -121.96522, 37.66369 ], [ -121.96624, 37.66392 ], [ -121.96701, 37.66379 ], [ -121.96785, 37.6639 ], [ -121.9679, 37.66416 ], [ -121.96768, 37.66474 ], [ -121.96727, 37.66517 ], [ -121.9672, 37.6657 ], [ -121.96684, 37.66732 ], [ -121.96398, 37.66966 ], [ -121.96383, 37.6699 ], [ -121.96382, 37.67017 ], [ -121.96398, 37.67088 ], [ -121.96383, 37.6711 ], [ -121.9635, 37.6712 ], [ -121.96335, 37.67135 ], [ -121.96354, 37.67175 ], [ -121.96407, 37.67148 ], [ -121.9654, 37.67168 ], [ -121.9676, 37.67143 ], [ -121.97057, 37.67264 ], [ -121.97147, 37.67341 ], [ -121.97333, 37.67414 ], [ -121.97483, 37.67404 ], [ -121.97551, 37.67484 ], [ -121.97681, 37.67548 ], [ -121.9768, 37.67635 ], [ -121.97982, 37.68023 ], [ -121.98349, 37.68901 ], [ -121.98494, 37.68847 ], [ -121.98615, 37.68774 ], [ -121.98783, 37.68778 ], [ -121.99136, 37.68891 ], [ -121.9927, 37.6899 ], [ -121.99629, 37.69023 ], [ -121.99959, 37.69101 ], [ -122.00091, 37.69309 ], [ -122.00239, 37.69395 ], [ -122.00356, 37.69614 ], [ -122.00602, 37.69549 ], [ -122.00823, 37.69567 ], [ -122.01226, 37.69454 ], [ -122.01443, 37.69491 ], [ -122.0189, 37.69478 ], [ -122.02251, 37.69601 ], [ -122.02097, 37.69759 ] ] ] } },
{ "type": "Feature", "properties": { "GEOID": "06001436402", "name": "Census Tract 4364.02", "pop": 2875, "pop_lowrel": 0, "hh": 924, "hh_lowrel": 0, "nocar": 0, "nocar_lowrel": 0, "nocar_pct": 0.0, "age65": 646, "age65_lowrel": 0, "age65_pct": 22.5, "disab": 353, "disab_lowrel": 0, "disab_pct": 12.3, "pov": 62, "pov_lowrel": 1, "pov_pct": 2.2, "lep": 28, "lep_lowrel": 1, "lep_pct": 3.0, "rent": 72, "rent_lowrel": 1, "rent_pct": 7.8, "income": 176750 }, "geometry": { "type": "Polygon", "coordinates": [ [ [ -122.0593, 37.66634 ], [ -122.05815, 37.66697 ], [ -122.05538, 37.66776 ], [ -122.05181, 37.66853 ], [ -122.0525, 37.67017 ], [ -122.0543, 37.67084 ], [ -122.05613, 37.67108 ], [ -122.05576, 37.6734 ], [ -122.05459, 37.67367 ], [ -122.05233, 37.674 ], [ -122.04903, 37.67709 ], [ -122.04829, 37.67599 ], [ -122.04439, 37.67499 ], [ -122.04304, 37.67445 ], [ -122.04001, 37.67532 ], [ -122.03395, 37.67619 ], [ -122.0335, 37.67617 ], [ -122.03032, 37.67334 ], [ -122.02968, 37.67283 ], [ -122.02912, 37.67229 ], [ -122.02902, 37.67185 ], [ -122.02919, 37.67147 ], [ -122.02932, 37.67098 ], [ -122.02801, 37.66748 ], [ -122.02791, 37.66464 ], [ -122.02723, 37.66343 ], [ -122.02623, 37.66142 ], [ -122.02425, 37.66127 ], [ -122.02525, 37.65865 ], [ -122.02754, 37.65576 ], [ -122.03018, 37.65632 ], [ -122.03219, 37.65692 ], [ -122.0327, 37.65716 ], [ -122.03328, 37.65729 ], [ -122.03374, 37.65756 ], [ -122.03445, 37.65774 ], [ -122.03505, 37.65798 ], [ -122.03598, 37.65856 ], [ -122.03657, 37.65868 ], [ -122.03916, 37.6584 ], [ -122.04845, 37.66265 ], [ -122.05091, 37.66172 ], [ -122.05384, 37.66191 ], [ -122.05561, 37.664 ], [ -122.06009, 37.66555 ], [ -122.0593, 37.66634 ] ] ] } },
{ "type": "Feature", "properties": { "GEOID": "06001428000", "name": "Census Tract 4280", "pop": 2706, "pop_lowrel": 0, "hh": 1169, "hh_lowrel": 0, "nocar": 87, "nocar_lowrel": 1, "nocar_pct": 7.4, "age65": 419, "age65_lowrel": 0, "age65_pct": 15.5, "disab": 212, "disab_lowrel": 0, "disab_pct": 7.8, "pov": 248, "pov_lowrel": 0, "pov_pct": 9.2, "lep": 135, "lep_lowrel": 0, "lep_pct": 11.5, "rent": 885, "rent_lowrel": 0, "rent_pct": 75.7, "income": 91354 }, "geometry": { "type": "Polygon", "coordinates": [ [ [ -122.25114, 37.77086 ], [ -122.24826, 37.76962 ], [ -122.2454, 37.76837 ], [ -122.2412, 37.76668 ], [ -122.24079, 37.76658 ], [ -122.24284, 37.76414 ], [ -122.24424, 37.76249 ], [ -122.24824, 37.76424 ], [ -122.2511, 37.76548 ], [ -122.25399, 37.76675 ], [ -122.25114, 37.77086 ] ] ] } },
{ "type": "Feature", "properties": { "GEOID": "06001408100", "name": "Census Tract 4081", "pop": 7745, "pop_lowrel": 0, "hh": 3024, "hh_lowrel": 0, "nocar": 13, "nocar_lowrel": 1, "nocar_pct": 0.4, "age65": 1306, "age65_lowrel": 0, "age65_pct": 16.9, "disab": 411, "disab_lowrel": 0, "disab_pct": 5.3, "pov": 343, "pov_lowrel": 0, "pov_pct": 4.4, "lep": 91, "lep_lowrel": 1, "lep_pct": 3.0, "rent": 291, "rent_lowrel": 0, "rent_pct": 9.6, "income": 189891 }, "geometry": { "type": "Polygon", "coordinates": [ [ [ -122.18537, 37.79849 ], [ -122.18277, 37.79672 ], [ -122.17692, 37.79424 ], [ -122.17582, 37.79481 ], [ -122.1736, 37.79716 ], [ -122.17075, 37.79651 ], [ -122.17061, 37.80014 ], [ -122.16839, 37.79913 ], [ -122.16841, 37.80094 ], [ -122.17052, 37.80269 ], [ -122.17025, 37.8047 ], [ -122.16753, 37.80579 ], [ -122.16481, 37.80465 ], [ -122.1648, 37.80447 ], [ -122.16415, 37.80293 ], [ -122.16163, 37.80144 ], [ -122.16173, 37.80115 ], [ -122.16229, 37.8009 ], [ -122.16232, 37.80002 ], [ -122.1597, 37.80006 ], [ -122.15806, 37.79735 ], [ -122.15667, 37.79648 ], [ -122.15226, 37.79647 ], [ -122.15229, 37.79308 ], [ -122.14332, 37.79302 ], [ -122.14324, 37.79035 ], [ -122.1418, 37.78975 ], [ -122.14371, 37.78739 ], [ -122.13463, 37.77822 ], [ -122.13434, 37.77828 ], [ -122.13318, 37.77767 ], [ -122.13375, 37.77732 ], [ -122.13181, 37.77534 ], [ -122.12868, 37.76961 ], [ -122.13172, 37.77091 ], [ -122.13507, 37.7704 ], [ -122.13636, 37.76987 ], [ -122.13841, 37.76964 ], [ -122.14225, 37.77254 ], [ -122.14459, 37.77317 ], [ -122.14775, 37.77139 ], [ -122.15094, 37.7704 ], [ -122.15396, 37.7724 ], [ -122.15582, 37.77235 ], [ -122.15629, 37.772 ], [ -122.15807, 37.77335 ], [ -122.16404, 37.77642 ], [ -122.16599, 37.77729 ], [ -122.17362, 37.78113 ], [ -122.17733, 37.78342 ], [ -122.1784, 37.78382 ], [ -122.17832, 37.78467 ], [ -122.1772, 37.78763 ], [ -122.17992, 37.79063 ], [ -122.17963, 37.79169 ], [ -122.18157, 37.79421 ], [ -122.18199, 37.79387 ], [ -122.18439, 37.79724 ], [ -122.18537, 37.79849 ] ] ] } },
{ "type": "Feature", "properties": { "GEOID": "06001433102", "name": "Census Tract 4331.02", "pop": 4069, "pop_lowrel": 0, "hh": 1255, "hh_lowrel": 0, "nocar": 36, "nocar_lowrel": 1, "nocar_pct": 2.9, "age65": 729, "age65_lowrel": 0, "age65_pct": 17.9, "disab": 283, "disab_lowrel": 0, "disab_pct": 7.0, "pov": 277, "pov_lowrel": 0, "pov_pct": 6.9, "lep": 313, "lep_lowrel": 0, "lep_pct": 24.9, "rent": 369, "rent_lowrel": 0, "rent_pct": 29.4, "income": 106563 }, "geometry": { "type": "Polygon", "coordinates": [ [ [ -122.14408, 37.70621 ], [ -122.14189, 37.7073 ], [ -122.13885, 37.7052 ], [ -122.13466, 37.7089 ], [ -122.13455, 37.70901 ], [ -122.13431, 37.70922 ], [ -122.13423, 37.7093 ], [ -122.13144, 37.70735 ], [ -122.13009, 37.70641 ], [ -122.12929, 37.70585 ], [ -122.12709, 37.7043 ], [ -122.12369, 37.70175 ], [ -122.12367, 37.69848 ], [ -122.12437, 37.69833 ], [ -122.12525, 37.69826 ], [ -122.12836, 37.6982 ], [ -122.12853, 37.69814 ], [ -122.12954, 37.69746 ], [ -122.13003, 37.6971 ], [ -122.13006, 37.69276 ], [ -122.14036, 37.70176 ], [ -122.14238, 37.70354 ], [ -122.14408, 37.70621 ] ] ] } },
{ "type": "Feature", "properties": { "GEOID": "06001424001", "name": "Census Tract 4240.01", "pop": 4000, "pop_lowrel": 0, "hh": 1535, "hh_lowrel": 0, "nocar": 302, "nocar_lowrel": 0, "nocar_pct": 19.7, "age65": 417, "age65_lowrel": 0, "age65_pct": 10.4, "disab": 472, "disab_lowrel": 0, "disab_pct": 11.8, "pov": 592, "pov_lowrel": 0, "pov_pct": 14.9, "lep": 102, "lep_lowrel": 1, "lep_pct": 6.6, "rent": 1083, "rent_lowrel": 0, "rent_pct": 70.6, "income": 82125 }, "geometry": { "type": "Polygon", "coordinates": [ [ [ -122.27912, 37.85329 ], [ -122.27116, 37.85427 ], [ -122.27096, 37.85248 ], [ -122.27081, 37.85067 ], [ -122.27117, 37.8497 ], [ -122.27185, 37.84725 ], [ -122.27124, 37.84646 ], [ -122.2758, 37.84587 ], [ -122.27617, 37.84766 ], [ -122.27619, 37.84773 ], [ -122.27746, 37.84756 ], [ -122.27777, 37.84752 ], [ -122.27808, 37.84883 ], [ -122.2785, 37.85062 ], [ -122.27862, 37.8511 ], [ -122.2787, 37.85149 ], [ -122.27912, 37.85329 ] ] ] } },
{ "type": "Feature", "properties": { "GEOID": "06001433600", "name": "Census Tract 4336", "pop": 6172, "pop_lowrel": 0, "hh": 2111, "hh_lowrel": 0, "nocar": 384, "nocar_lowrel": 0, "nocar_pct": 18.2, "age65": 1288, "age65_lowrel": 0, "age65_pct": 20.9, "disab": 767, "disab_lowrel": 0, "disab_pct": 12.4, "pov": 616, "pov_lowrel": 0, "pov_pct": 10.0, "lep": 398, "lep_lowrel": 0, "lep_pct": 18.9, "rent": 939, "rent_lowrel": 0, "rent_pct": 44.5, "income": 98508 }, "geometry": { "type": "Polygon", "coordinates": [ [ [ -122.15181, 37.69127 ], [ -122.14653, 37.6914 ], [ -122.14021, 37.69173 ], [ -122.14108, 37.6925 ], [ -122.14073, 37.69249 ], [ -122.13887, 37.69122 ], [ -122.13235, 37.68671 ], [ -122.13002, 37.68511 ], [ -122.129, 37.68439 ], [ -122.12999, 37.68445 ], [ -122.13103, 37.68507 ], [ -122.13382, 37.68451 ], [ -122.13872, 37.68478 ], [ -122.14072, 37.68409 ], [ -122.1438, 37.68172 ], [ -122.14498, 37.67972 ], [ -122.15114, 37.67679 ], [ -122.14985, 37.67801 ], [ -122.15032, 37.68138 ], [ -122.15127, 37.68429 ], [ -122.15111, 37.68545 ], [ -122.15117, 37.68894 ], [ -122.15123, 37.68986 ], [ -122.15181, 37.69127 ] ] ] } },
{ "type": "Feature", "properties": { "GEOID": "06001426200", "name": "Census Tract 4262", "pop": 4843, "pop_lowrel": 0, "hh": 1692, "hh_lowrel": 0, "nocar": 49, "nocar_lowrel": 1, "nocar_pct": 2.9, "age65": 1000, "age65_lowrel": 0, "age65_pct": 20.6, "disab": 419, "disab_lowrel": 0, "disab_pct": 8.7, "pov": 301, "pov_lowrel": 0, "pov_pct": 6.2, "lep": 55, "lep_lowrel": 1, "lep_pct": 3.3, "rent": 274, "rent_lowrel": 0, "rent_pct": 16.2, "income": 250001 }, "geometry": { "type": "Polygon", "coordinates": [ [ [ -122.2493, 37.82372 ], [ -122.24812, 37.82481 ], [ -122.24768, 37.82624 ], [ -122.24548, 37.82754 ], [ -122.24336, 37.82983 ], [ -122.24329, 37.83006 ], [ -122.24109, 37.83044 ], [ -122.23705, 37.83082 ], [ -122.23525, 37.83053 ], [ -122.23361, 37.82755 ], [ -122.23228, 37.82509 ], [ -122.23382, 37.82304 ], [ -122.23583, 37.82331 ], [ -122.23801, 37.82164 ], [ -122.23661, 37.82022 ], [ -122.23931, 37.81784 ], [ -122.24128, 37.81815 ], [ -122.24168, 37.81844 ], [ -122.24185, 37.81847 ], [ -122.24366, 37.81885 ], [ -122.24367, 37.81886 ], [ -122.24374, 37.81893 ], [ -122.24402, 37.81899 ], [ -122.24421, 37.81903 ], [ -122.24472, 37.81912 ], [ -122.2452, 37.81939 ], [ -122.24757, 37.82157 ], [ -122.24939, 37.82285 ], [ -122.2493, 37.82372 ] ] ] } },
{ "type": "Feature", "properties": { "GEOID": "06001441800", "name": "Census Tract 4418", "pop": 6556, "pop_lowrel": 0, "hh": 2335, "hh_lowrel": 0, "nocar": 146, "nocar_lowrel": 1, "nocar_pct": 6.3, "age65": 847, "age65_lowrel": 0, "age65_pct": 12.9, "disab": 463, "disab_lowrel": 0, "disab_pct": 7.1, "pov": 194, "pov_lowrel": 1, "pov_pct": 3.0, "lep": 133, "lep_lowrel": 1, "lep_pct": 5.7, "rent": 966, "rent_lowrel": 0, "rent_pct": 41.4, "income": 184019 }, "geometry": { "type": "Polygon", "coordinates": [ [ [ -122.00462, 37.55695 ], [ -122.00123, 37.55997 ], [ -122.00176, 37.56142 ], [ -121.99594, 37.56304 ], [ -121.98353, 37.56646 ], [ -121.98264, 37.56377 ], [ -121.97923, 37.56401 ], [ -121.97891, 37.56279 ], [ -121.9786, 37.561 ], [ -121.98029, 37.55863 ], [ -121.98247, 37.55973 ], [ -121.98381, 37.5581 ], [ -121.98722, 37.55679 ], [ -121.98849, 37.55541 ], [ -121.99138, 37.55206 ], [ -121.99253, 37.55066 ], [ -121.99626, 37.55261 ], [ -122.00371, 37.55647 ], [ -122.00462, 37.55695 ] ] ] } },
{ "type": "Feature", "properties": { "GEOID": "06001404000", "name": "Census Tract 4040", "pop": 2847, "pop_lowrel": 0, "hh": 1734, "hh_lowrel": 0, "nocar": 322, "nocar_lowrel": 0, "nocar_pct": 18.6, "age65": 425, "age65_lowrel": 0, "age65_pct": 14.9, "disab": 222, "disab_lowrel": 0, "disab_pct": 7.8, "pov": 229, "pov_lowrel": 0, "pov_pct": 8.0, "lep": 11, "lep_lowrel": 1, "lep_pct": 0.6, "rent": 1263, "rent_lowrel": 0, "rent_pct": 72.8, "income": 92500 }, "geometry": { "type": "Polygon", "coordinates": [ [ [ -122.25674, 37.82763 ], [ -122.25666, 37.82756 ], [ -122.25655, 37.82755 ], [ -122.25496, 37.8269 ], [ -122.25421, 37.82635 ], [ -122.25336, 37.82516 ], [ -122.25098, 37.82341 ], [ -122.2493, 37.82372 ], [ -122.24939, 37.82285 ], [ -122.24757, 37.82157 ], [ -122.25025, 37.82079 ], [ -122.25193, 37.82025 ], [ -122.25248, 37.81989 ], [ -122.25368, 37.819 ], [ -122.25448, 37.81962 ], [ -122.25457, 37.82153 ], [ -122.25495, 37.82208 ], [ -122.25868, 37.82451 ], [ -122.25674, 37.82763 ] ] ] } },
{ "type": "Feature", "properties": { "GEOID": "06001427300", "name": "Census Tract 4273", "pop": 5556, "pop_lowrel": 0, "hh": 2144, "hh_lowrel": 0, "nocar": 164, "nocar_lowrel": 0, "nocar_pct": 7.6, "age65": 761, "age65_lowrel": 0, "age65_pct": 13.7, "disab": 556, "disab_lowrel": 0, "disab_pct": 10.2, "pov": 668, "pov_lowrel": 0, "pov_pct": 12.0, "lep": 89, "lep_lowrel": 1, "lep_pct": 4.2, "rent": 1191, "rent_lowrel": 0, "rent_pct": 55.6, "income": 141594 }, "geometry": { "type": "Polygon", "coordinates": [ [ [ -122.27671, 37.77719 ], [ -122.27663, 37.77968 ], [ -122.27655, 37.78421 ], [ -122.27667, 37.78801 ], [ -122.27619, 37.78903 ], [ -122.27556, 37.78994 ], [ -122.27471, 37.79151 ], [ -122.27422, 37.79126 ], [ -122.26854, 37.78793 ], [ -122.26006, 37.78449 ], [ -122.25689, 37.78568 ], [ -122.25128, 37.77913 ], [ -122.25163, 37.77821 ], [ -122.25355, 37.77534 ], [ -122.25502, 37.77481 ], [ -122.25783, 37.77604 ], [ -122.25897, 37.77427 ], [ -122.26033, 37.77464 ], [ -122.26331, 37.77472 ], [ -122.26583, 37.77482 ], [ -122.26942, 37.77496 ], [ -122.27044, 37.77499 ], [ -122.2768, 37.77513 ], [ -122.27671, 37.77719 ] ] ] } },
{ "type": "Feature", "properties": { "GEOID": "06001433104", "name": "Census Tract 4331.04", "pop": 4422, "pop_lowrel": 0, "hh": 1683, "hh_lowrel": 0, "nocar": 481, "nocar_lowrel": 0, "nocar_pct": 28.6, "age65": 761, "age65_lowrel": 0, "age65_pct": 17.2, "disab": 833, "disab_lowrel": 0, "disab_pct": 18.9, "pov": 673, "pov_lowrel": 0, "pov_pct": 15.2, "lep": 204, "lep_lowrel": 0, "lep_pct": 12.1, "rent": 1116, "rent_lowrel": 0, "rent_pct": 66.3, "income": 74589 }, "geometry": { "type": "Polygon", "coordinates": [ [ [ -122.15115, 37.71694 ], [ -122.15164, 37.71769 ], [ -122.14797, 37.71921 ], [ -122.14864, 37.7197 ], [ -122.14508, 37.72068 ], [ -122.14393, 37.71815 ], [ -122.14106, 37.71602 ], [ -122.1386, 37.71424 ], [ -122.13975, 37.7132 ], [ -122.14003, 37.71339 ], [ -122.14679, 37.70787 ], [ -122.14715, 37.7077 ], [ -122.15559, 37.71508 ], [ -122.15115, 37.71694 ] ] ] } },
{ "type": "Feature", "properties": { "GEOID": "06001437101", "name": "Census Tract 4371.01", "pop": 7371, "pop_lowrel": 0, "hh": 2234, "hh_lowrel": 0, "nocar": 59, "nocar_lowrel": 1, "nocar_pct": 2.6, "age65": 1107, "age65_lowrel": 0, "age65_pct": 15.0, "disab": 790, "disab_lowrel": 0, "disab_pct": 10.7, "pov": 512, "pov_lowrel": 0, "pov_pct": 6.9, "lep": 220, "lep_lowrel": 0, "lep_pct": 9.8, "rent": 367, "rent_lowrel": 0, "rent_pct": 16.4, "income": 156462 }, "geometry": { "type": "Polygon", "coordinates": [ [ [ -122.16011, 37.66384 ], [ -122.15243, 37.66395 ], [ -122.15086, 37.66278 ], [ -122.14945, 37.664 ], [ -122.14592, 37.66568 ], [ -122.14387, 37.66347 ], [ -122.13927, 37.66253 ], [ -122.13436, 37.6628 ], [ -122.13447, 37.66457 ], [ -122.13096, 37.66499 ], [ -122.12768, 37.66518 ], [ -122.1279, 37.66786 ], [ -122.12307, 37.66813 ], [ -122.12075, 37.66978 ], [ -122.1201, 37.66871 ], [ -122.11814, 37.6656 ], [ -122.11807, 37.66549 ], [ -122.11368, 37.65826 ], [ -122.11041, 37.65316 ], [ -122.12024, 37.65322 ], [ -122.12003, 37.64857 ], [ -122.11992, 37.6458 ], [ -122.11987, 37.64423 ], [ -122.11976, 37.64201 ], [ -122.11907, 37.64047 ], [ -122.11339, 37.6352 ], [ -122.11039, 37.6329 ], [ -122.11005, 37.63235 ], [ -122.10932, 37.63123 ], [ -122.10641, 37.63146 ], [ -122.10431, 37.63225 ], [ -122.10228, 37.62875 ], [ -122.10175, 37.62485 ], [ -122.09983, 37.62408 ], [ -122.09348, 37.62425 ], [ -122.09286, 37.62448 ], [ -122.09045, 37.62056 ], [ -122.08844, 37.61728 ], [ -122.08411, 37.61021 ], [ -122.08391, 37.60987 ], [ -122.08553, 37.6093 ], [ -122.08596, 37.60911 ], [ -122.08683, 37.60863 ], [ -122.08743, 37.60819 ], [ -122.08752, 37.60813 ], [ -122.09072, 37.60136 ], [ -122.09127, 37.6 ], [ -122.09093, 37.59417 ], [ -122.09133, 37.59405 ], [ -122.09159, 37.59274 ], [ -122.09161, 37.5926 ], [ -122.09197, 37.59256 ], [ -122.09149, 37.58905 ], [ -122.09166, 37.58505 ], [ -122.09676, 37.58298 ], [ -122.09459, 37.57942 ], [ -122.09156, 37.57968 ], [ -122.08999, 37.57848 ], [ -122.0868, 37.57839 ], [ -122.08591, 37.57415 ], [ -122.08314, 37.57529 ], [ -122.08278, 37.57457 ], [ -122.08555, 37.57335 ], [ -122.08363, 37.56968 ], [ -122.08433, 37.56804 ], [ -122.09011, 37.56441 ], [ -122.09171, 37.56739 ], [ -122.09517, 37.56672 ], [ -122.09549, 37.56504 ], [ -122.09304, 37.56264 ], [ -122.0945, 37.56193 ], [ -122.09707, 37.56427 ], [ -122.10059, 37.56467 ], [ -122.10122, 37.56264 ], [ -122.1023, 37.56219 ], [ -122.10436, 37.56392 ], [ -122.1073, 37.56137 ], [ -122.1103, 37.56052 ], [ -122.11108, 37.56138 ], [ -122.11013, 37.56555 ], [ -122.12088, 37.56904 ], [ -122.12431, 37.56917 ], [ -122.12646, 37.56853 ], [ -122.1288, 37.56685 ], [ -122.1324, 37.56222 ], [ -122.13392, 37.56289 ], [ -122.13618, 37.56819 ], [ -122.1444, 37.58187 ], [ -122.14701, 37.58841 ], [ -122.14688, 37.59945 ], [ -122.1467, 37.60213 ], [ -122.14636, 37.60739 ], [ -122.15061, 37.6185 ], [ -122.1514, 37.62054 ], [ -122.15299, 37.64184 ], [ -122.15299, 37.64192 ], [ -122.16011, 37.66384 ] ] ] } },
{ "type": "Feature", "properties": { "GEOID": "06001444301", "name": "Census Tract 4443.01", "pop": 3659, "pop_lowrel": 0, "hh": 1161, "hh_lowrel": 0, "nocar": 87, "nocar_lowrel": 1, "nocar_pct": 7.5, "age65": 739, "age65_lowrel": 0, "age65_pct": 20.2, "disab": 354, "disab_lowrel": 0, "disab_pct": 9.7, "pov": 129, "pov_lowrel": 0, "pov_pct": 3.5, "lep": 54, "lep_lowrel": 1, "lep_pct": 4.7, "rent": 222, "rent_lowrel": 0, "rent_pct": 19.1, "income": 201815 }, "geometry": { "type": "Polygon", "coordinates": [ [ [ -122.06733, 37.54023 ], [ -122.06448, 37.54239 ], [ -122.06396, 37.54278 ], [ -122.05518, 37.54945 ], [ -122.05419, 37.54469 ], [ -122.05351, 37.54147 ], [ -122.05276, 37.54006 ], [ -122.04466, 37.5333 ], [ -122.04784, 37.53085 ], [ -122.05313, 37.5282 ], [ -122.05677, 37.52805 ], [ -122.05792, 37.52712 ], [ -122.06241, 37.52873 ], [ -122.06374, 37.52991 ], [ -122.06468, 37.53469 ], [ -122.06665, 37.53873 ], [ -122.06733, 37.54023 ] ] ] } },
{ "type": "Feature", "properties": { "GEOID": "06001450751", "name": "Census Tract 4507.51", "pop": 12378, "pop_lowrel": 0, "hh": 3646, "hh_lowrel": 0, "nocar": 22, "nocar_lowrel": 1, "nocar_pct": 0.6, "age65": 878, "age65_lowrel": 0, "age65_pct": 7.1, "disab": 407, "disab_lowrel": 0, "disab_pct": 3.3, "pov": 34, "pov_lowrel": 1, "pov_pct": 0.3, "lep": 111, "lep_lowrel": 0, "lep_pct": 3.0, "rent": 494, "rent_lowrel": 0, "rent_pct": 13.5, "income": 250001 }, "geometry": { "type": "Polygon", "coordinates": [ [ [ -121.87202, 37.71262 ], [ -121.8719, 37.71669 ], [ -121.86675, 37.71713 ], [ -121.86405, 37.71787 ], [ -121.86134, 37.71804 ], [ -121.86093, 37.71818 ], [ -121.85912, 37.71856 ], [ -121.85715, 37.71653 ], [ -121.8532, 37.71489 ], [ -121.85214, 37.71403 ], [ -121.85096, 37.71617 ], [ -121.8519, 37.71831 ], [ -121.85309, 37.71851 ], [ -121.85422, 37.72041 ], [ -121.85243, 37.72179 ], [ -121.85259, 37.7251 ], [ -121.85483, 37.7252 ], [ -121.85566, 37.72452 ], [ -121.85674, 37.72579 ], [ -121.85826, 37.72611 ], [ -121.85872, 37.72788 ], [ -121.8604, 37.72941 ], [ -121.86322, 37.73056 ], [ -121.85732, 37.73045 ], [ -121.85432, 37.73307 ], [ -121.85061, 37.73406 ], [ -121.84814, 37.73277 ], [ -121.84692, 37.73336 ], [ -121.84406, 37.73227 ], [ -121.84271, 37.73332 ], [ -121.83732, 37.73367 ], [ -121.83633, 37.73135 ], [ -121.83482, 37.7302 ], [ -121.83014, 37.72802 ], [ -121.8263, 37.7236 ], [ -121.82497, 37.72343 ], [ -121.82427, 37.72059 ], [ -121.82344, 37.71958 ], [ -121.82328, 37.71493 ], [ -121.82371, 37.71238 ], [ -121.8233, 37.70725 ], [ -121.82329, 37.70114 ], [ -121.82338, 37.70114 ], [ -121.83338, 37.70121 ], [ -121.84499, 37.70132 ], [ -121.8495, 37.70135 ], [ -121.84967, 37.70158 ], [ -121.85046, 37.70271 ], [ -121.85045, 37.70665 ], [ -121.8505, 37.7085 ], [ -121.85203, 37.71043 ], [ -121.85479, 37.71007 ], [ -121.85724, 37.70891 ], [ -121.85857, 37.70856 ], [ -121.86169, 37.70861 ], [ -121.8686, 37.70978 ], [ -121.87201, 37.70981 ], [ -121.87202, 37.71262 ] ] ] } },
{ "type": "Feature", "properties": { "GEOID": "06001450102", "name": "Census Tract 4501.02", "pop": 8425, "pop_lowrel": 0, "hh": 2086, "hh_lowrel": 0, "nocar": 23, "nocar_lowrel": 1, "nocar_pct": 1.1, "age65": 345, "age65_lowrel": 0, "age65_pct": 4.1, "disab": 259, "disab_lowrel": 1, "disab_pct": 4.3, "pov": 480, "pov_lowrel": 1, "pov_pct": 7.9, "lep": 90, "lep_lowrel": 1, "lep_pct": 4.3, "rent": 692, "rent_lowrel": 0, "rent_pct": 33.2, "income": 239250 }, "geometry": { "type": "Polygon", "coordinates": [ [ [ -121.91046, 37.73039 ], [ -121.91014, 37.73046 ], [ -121.88157, 37.73733 ], [ -121.88177, 37.73643 ], [ -121.87436, 37.73142 ], [ -121.87293, 37.72943 ], [ -121.87354, 37.72908 ], [ -121.87213, 37.72409 ], [ -121.87154, 37.72332 ], [ -121.8719, 37.71669 ], [ -121.87202, 37.71262 ], [ -121.87201, 37.70981 ], [ -121.87818, 37.70856 ], [ -121.88519, 37.7086 ], [ -121.8932, 37.70898 ], [ -121.89319, 37.70624 ], [ -121.90388, 37.70581 ], [ -121.91023, 37.71044 ], [ -121.91017, 37.71924 ], [ -121.90947, 37.7248 ], [ -121.91047, 37.72823 ], [ -121.91046, 37.73039 ] ] ] } },
{ "type": "Feature", "properties": { "GEOID": "06001438204", "name": "Census Tract 4382.04", "pop": 5699, "pop_lowrel": 0, "hh": 1934, "hh_lowrel": 0, "nocar": 124, "nocar_lowrel": 1, "nocar_pct": 6.4, "age65": 1511, "age65_lowrel": 0, "age65_pct": 26.5, "disab": 616, "disab_lowrel": 0, "disab_pct": 10.8, "pov": 204, "pov_lowrel": 0, "pov_pct": 3.6, "lep": 229, "lep_lowrel": 0, "lep_pct": 11.8, "rent": 273, "rent_lowrel": 0, "rent_pct": 14.1, "income": 106270 }, "geometry": { "type": "Polygon", "coordinates": [ [ [ -122.06718, 37.62811 ], [ -122.06332, 37.62914 ], [ -122.06149, 37.62848 ], [ -122.0628, 37.63135 ], [ -122.06505, 37.63358 ], [ -122.0636, 37.63423 ], [ -122.06334, 37.63434 ], [ -122.06177, 37.63505 ], [ -122.05839, 37.63573 ], [ -122.0547, 37.63095 ], [ -122.05359, 37.62942 ], [ -122.05168, 37.62575 ], [ -122.05253, 37.62508 ], [ -122.05265, 37.62498 ], [ -122.05879, 37.62014 ], [ -122.0622, 37.61737 ], [ -122.06357, 37.61945 ], [ -122.06594, 37.62544 ], [ -122.06718, 37.62811 ] ] ] } },
{ "type": "Feature", "properties": { "GEOID": "06001450743", "name": "Census Tract 4507.43", "pop": 7616, "pop_lowrel": 0, "hh": 3059, "hh_lowrel": 0, "nocar": 155, "nocar_lowrel": 1, "nocar_pct": 5.1, "age65": 601, "age65_lowrel": 0, "age65_pct": 7.9, "disab": 701, "disab_lowrel": 0, "disab_pct": 9.2, "pov": 475, "pov_lowrel": 0, "pov_pct": 6.2, "lep": 281, "lep_lowrel": 0, "lep_pct": 9.2, "rent": 2256, "rent_lowrel": 0, "rent_pct": 73.7, "income": 169415 }, "geometry": { "type": "Polygon", "coordinates": [ [ [ -121.90701, 37.70189 ], [ -121.89866, 37.70188 ], [ -121.88812, 37.70173 ], [ -121.87882, 37.70168 ], [ -121.87882, 37.70088 ], [ -121.87834, 37.69449 ], [ -121.87862, 37.69208 ], [ -121.87855, 37.69048 ], [ -121.87815, 37.68889 ], [ -121.88628, 37.68648 ], [ -121.88684, 37.68625 ], [ -121.89045, 37.68474 ], [ -121.89608, 37.68255 ], [ -121.9034, 37.68028 ], [ -121.90379, 37.6819 ], [ -121.90366, 37.6831 ], [ -121.90359, 37.68819 ], [ -121.90355, 37.6914 ], [ -121.90358, 37.69774 ], [ -121.90439, 37.69879 ], [ -121.90676, 37.70159 ], [ -121.90701, 37.70189 ] ] ] } },
{ "type": "Feature", "properties": { "GEOID": "06001981900", "name": "Census Tract 9819", "pop": 33, "pop_lowrel": 1, "hh": 29, "hh_lowrel": 1, "nocar": 0, "nocar_lowrel": 0, "nocar_pct": 0.0, "age65": 0, "age65_lowrel": 0, "age65_pct": 0.0, "disab": 4, "disab_lowrel": 1, "disab_pct": 12.1, "pov": 0, "pov_lowrel": 0, "pov_pct": 0.0, "lep": 0, "lep_lowrel": 0, "lep_pct": 0.0, "rent": 29, "rent_lowrel": 1, "rent_pct": 100.0, "income": null }, "geometry": { "type": "Polygon", "coordinates": [ [ [ -122.34225, 37.80556 ], [ -122.33385, 37.81033 ], [ -122.33302, 37.8108 ], [ -122.32866, 37.81052 ], [ -122.3278, 37.80766 ], [ -122.32393, 37.80798 ], [ -122.3202, 37.80932 ], [ -122.31221, 37.80866 ], [ -122.31077, 37.8088 ], [ -122.30487, 37.8079 ], [ -122.30482, 37.80757 ], [ -122.30334, 37.80468 ], [ -122.30039, 37.80266 ], [ -122.29686, 37.80192 ], [ -122.2911, 37.80253 ], [ -122.28916, 37.80277 ], [ -122.28867, 37.80275 ], [ -122.29003, 37.79962 ], [ -122.30087, 37.79737 ], [ -122.30774, 37.79582 ], [ -122.31321, 37.7953 ], [ -122.31506, 37.79458 ], [ -122.32851, 37.79749 ], [ -122.333, 37.79905 ], [ -122.33417, 37.80127 ], [ -122.34151, 37.80416 ], [ -122.34225, 37.80556 ] ] ] } },
{ "type": "Feature", "properties": { "GEOID": "06001444601", "name": "Census Tract 4446.01", "pop": 6187, "pop_lowrel": 0, "hh": 1772, "hh_lowrel": 0, "nocar": 23, "nocar_lowrel": 1, "nocar_pct": 1.3, "age65": 865, "age65_lowrel": 0, "age65_pct": 14.0, "disab": 469, "disab_lowrel": 0, "disab_pct": 7.6, "pov": 187, "pov_lowrel": 1, "pov_pct": 3.1, "lep": 27, "lep_lowrel": 1, "lep_pct": 1.5, "rent": 310, "rent_lowrel": 0, "rent_pct": 17.5, "income": 224722 }, "geometry": { "type": "Polygon", "coordinates": [ [ [ -122.02982, 37.52385 ], [ -122.02583, 37.52875 ], [ -122.02339, 37.53188 ], [ -122.02334, 37.53242 ], [ -122.02227, 37.53289 ], [ -122.01892, 37.53701 ], [ -122.01735, 37.53913 ], [ -122.01486, 37.53669 ], [ -122.00236, 37.52977 ], [ -122.00517, 37.52815 ], [ -122.00777, 37.525 ], [ -122.00833, 37.52431 ], [ -122.0121, 37.51562 ], [ -122.02972, 37.5238 ], [ -122.02982, 37.52385 ] ] ] } },
{ "type": "Feature", "properties": { "GEOID": "06001442200", "name": "Census Tract 4422", "pop": 7355, "pop_lowrel": 0, "hh": 2269, "hh_lowrel": 0, "nocar": 69, "nocar_lowrel": 1, "nocar_pct": 3.0, "age65": 758, "age65_lowrel": 0, "age65_pct": 10.3, "disab": 272, "disab_lowrel": 0, "disab_pct": 3.7, "pov": 198, "pov_lowrel": 1, "pov_pct": 2.7, "lep": 260, "lep_lowrel": 0, "lep_pct": 11.5, "rent": 547, "rent_lowrel": 0, "rent_pct": 24.1, "income": 250001 }, "geometry": { "type": "Polygon", "coordinates": [ [ [ -121.954, 37.53311 ], [ -121.95334, 37.53321 ], [ -121.95356, 37.53506 ], [ -121.95347, 37.53534 ], [ -121.94815, 37.54136 ], [ -121.94464, 37.5451 ], [ -121.93985, 37.54988 ], [ -121.92482, 37.54108 ], [ -121.92439, 37.54063 ], [ -121.92644, 37.53897 ], [ -121.93344, 37.53525 ], [ -121.93681, 37.53347 ], [ -121.94133, 37.53108 ], [ -121.94149, 37.53099 ], [ -121.94474, 37.52865 ], [ -121.94593, 37.52624 ], [ -121.94562, 37.52412 ], [ -121.93952, 37.51476 ], [ -121.94312, 37.51371 ], [ -121.94532, 37.51278 ], [ -121.94897, 37.51981 ], [ -121.95163, 37.5249 ], [ -121.95363, 37.52922 ], [ -121.954, 37.53311 ] ] ] } },
{ "type": "Feature", "properties": { "GEOID": "06001435700", "name": "Census Tract 4357", "pop": 4974, "pop_lowrel": 0, "hh": 1466, "hh_lowrel": 0, "nocar": 67, "nocar_lowrel": 1, "nocar_pct": 4.6, "age65": 740, "age65_lowrel": 0, "age65_pct": 14.9, "disab": 765, "disab_lowrel": 0, "disab_pct": 15.4, "pov": 296, "pov_lowrel": 1, "pov_pct": 6.0, "lep": 164, "lep_lowrel": 0, "lep_pct": 11.2, "rent": 413, "rent_lowrel": 0, "rent_pct": 28.2, "income": 103106 }, "geometry": { "type": "Polygon", "coordinates": [ [ [ -122.1283, 37.68514 ], [ -122.12219, 37.68586 ], [ -122.1174, 37.68601 ], [ -122.11683, 37.68565 ], [ -122.11668, 37.68435 ], [ -122.11261, 37.67961 ], [ -122.1118, 37.67869 ], [ -122.10973, 37.67641 ], [ -122.11073, 37.67574 ], [ -122.10727, 37.67273 ], [ -122.10049, 37.6668 ], [ -122.10023, 37.66657 ], [ -122.10118, 37.66644 ], [ -122.10335, 37.66652 ], [ -122.10343, 37.66666 ], [ -122.10488, 37.66795 ], [ -122.10895, 37.67152 ], [ -122.11017, 37.67258 ], [ -122.1116, 37.67203 ], [ -122.11753, 37.67656 ], [ -122.12427, 37.6811 ], [ -122.129, 37.68439 ], [ -122.1283, 37.68514 ] ] ] } },
{ "type": "Feature", "properties": { "GEOID": "06001435300", "name": "Census Tract 4353", "pop": 5101, "pop_lowrel": 0, "hh": 1683, "hh_lowrel": 0, "nocar": 139, "nocar_lowrel": 0, "nocar_pct": 8.3, "age65": 936, "age65_lowrel": 0, "age65_pct": 18.3, "disab": 539, "disab_lowrel": 0, "disab_pct": 11.1, "pov": 523, "pov_lowrel": 0, "pov_pct": 11.0, "lep": 139, "lep_lowrel": 0, "lep_pct": 8.3, "rent": 838, "rent_lowrel": 0, "rent_pct": 49.8, "income": 104909 }, "geometry": { "type": "Polygon", "coordinates": [ [ [ -122.07691, 37.67892 ], [ -122.07558, 37.67926 ], [ -122.07322, 37.68198 ], [ -122.07201, 37.68099 ], [ -122.0714, 37.68118 ], [ -122.07114, 37.68115 ], [ -122.07076, 37.68119 ], [ -122.07037, 37.68129 ], [ -122.07024, 37.68137 ], [ -122.07013, 37.68155 ], [ -122.07011, 37.68169 ], [ -122.07014, 37.6818 ], [ -122.07092, 37.68353 ], [ -122.07055, 37.68389 ], [ -122.07038, 37.68417 ], [ -122.07, 37.68416 ], [ -122.06926, 37.68378 ], [ -122.06892, 37.68373 ], [ -122.06879, 37.68387 ], [ -122.06863, 37.68473 ], [ -122.06851, 37.6849 ], [ -122.06828, 37.68491 ], [ -122.06805, 37.68479 ], [ -122.06659, 37.68402 ], [ -122.06512, 37.68555 ], [ -122.06322, 37.68595 ], [ -122.06374, 37.68406 ], [ -122.06382, 37.68376 ], [ -122.0626, 37.68388 ], [ -122.05847, 37.6842 ], [ -122.0581, 37.68423 ], [ -122.05463, 37.68456 ], [ -122.05433, 37.68396 ], [ -122.05052, 37.67877 ], [ -122.05797, 37.67996 ], [ -122.0582, 37.67992 ], [ -122.06433, 37.67804 ], [ -122.065, 37.67793 ], [ -122.0668, 37.67762 ], [ -122.07058, 37.67633 ], [ -122.07222, 37.67576 ], [ -122.07389, 37.67521 ], [ -122.07623, 37.67812 ], [ -122.07691, 37.67892 ] ] ] } },
{ "type": "Feature", "properties": { "GEOID": "06001433801", "name": "Census Tract 4338.01", "pop": 3141, "pop_lowrel": 0, "hh": 1080, "hh_lowrel": 0, "nocar": 47, "nocar_lowrel": 1, "nocar_pct": 4.4, "age65": 496, "age65_lowrel": 0, "age65_pct": 15.8, "disab": 360, "disab_lowrel": 0, "disab_pct": 11.9, "pov": 412, "pov_lowrel": 0, "pov_pct": 13.6, "lep": 224, "lep_lowrel": 0, "lep_pct": 20.7, "rent": 610, "rent_lowrel": 0, "rent_pct": 56.5, "income": 102500 }, "geometry": { "type": "Polygon", "coordinates": [ [ [ -122.12929, 37.70585 ], [ -122.12426, 37.70983 ], [ -122.12255, 37.70853 ], [ -122.12094, 37.70732 ], [ -122.11665, 37.7053 ], [ -122.11723, 37.70356 ], [ -122.12091, 37.69998 ], [ -122.12256, 37.70096 ], [ -122.12369, 37.70175 ], [ -122.12709, 37.7043 ], [ -122.12929, 37.70585 ] ] ] } },
{ "type": "Feature", "properties": { "GEOID": "06001422902", "name": "Census Tract 4229.02", "pop": 2214, "pop_lowrel": 0, "hh": 1271, "hh_lowrel": 0, "nocar": 682, "nocar_lowrel": 0, "nocar_pct": 53.7, "age65": 44, "age65_lowrel": 1, "age65_pct": 2.0, "disab": 284, "disab_lowrel": 0, "disab_pct": 12.8, "pov": 947, "pov_lowrel": 0, "pov_pct": 42.8, "lep": 23, "lep_lowrel": 1, "lep_pct": 1.8, "rent": 1271, "rent_lowrel": 0, "rent_pct": 100.0, "income": 60078 }, "geometry": { "type": "Polygon", "coordinates": [ [ [ -122.27307, 37.87151 ], [ -122.27073, 37.87183 ], [ -122.2684, 37.87211 ], [ -122.26616, 37.87239 ], [ -122.26623, 37.869 ], [ -122.26599, 37.86783 ], [ -122.26772, 37.86762 ], [ -122.26788, 37.8676 ], [ -122.27033, 37.86726 ], [ -122.26983, 37.86366 ], [ -122.27216, 37.86335 ], [ -122.27276, 37.86878 ], [ -122.27307, 37.87151 ] ] ] } },
{ "type": "Feature", "properties": { "GEOID": "06001450742", "name": "Census Tract 4507.42", "pop": 5241, "pop_lowrel": 0, "hh": 2164, "hh_lowrel": 0, "nocar": 48, "nocar_lowrel": 1, "nocar_pct": 2.2, "age65": 1153, "age65_lowrel": 0, "age65_pct": 22.0, "disab": 533, "disab_lowrel": 0, "disab_pct": 10.2, "pov": 71, "pov_lowrel": 1, "pov_pct": 1.4, "lep": 292, "lep_lowrel": 0, "lep_pct": 13.5, "rent": 659, "rent_lowrel": 0, "rent_pct": 30.5, "income": 153900 }, "geometry": { "type": "Polygon", "coordinates": [ [ [ -121.85919, 37.65628 ], [ -121.85673, 37.66279 ], [ -121.85591, 37.6648 ], [ -121.85587, 37.6649 ], [ -121.85606, 37.66558 ], [ -121.85787, 37.67044 ], [ -121.85361, 37.6709 ], [ -121.83344, 37.67299 ], [ -121.835, 37.67286 ], [ -121.82674, 37.67384 ], [ -121.82373, 37.67415 ], [ -121.80548, 37.67616 ], [ -121.80549, 37.66555 ], [ -121.80548, 37.66428 ], [ -121.80561, 37.65668 ], [ -121.80561, 37.65595 ], [ -121.80569, 37.65312 ], [ -121.80567, 37.6522 ], [ -121.80609, 37.65235 ], [ -121.81399, 37.65537 ], [ -121.82115, 37.65549 ], [ -121.82254, 37.65611 ], [ -121.82371, 37.65551 ], [ -121.82679, 37.65551 ], [ -121.83485, 37.66256 ], [ -121.83859, 37.66469 ], [ -121.84575, 37.6649 ], [ -121.84494, 37.66237 ], [ -121.84623, 37.66048 ], [ -121.84481, 37.65843 ], [ -121.84315, 37.65803 ], [ -121.84429, 37.65671 ], [ -121.84827, 37.65712 ], [ -121.85138, 37.65681 ], [ -121.85107, 37.65475 ], [ -121.85224, 37.65347 ], [ -121.85356, 37.65351 ], [ -121.85377, 37.65252 ], [ -121.85561, 37.65235 ], [ -121.85995, 37.65481 ], [ -121.85919, 37.65628 ] ] ] } },
{ "type": "Feature", "properties": { "GEOID": "06001410100", "name": "Census Tract 4101", "pop": 2833, "pop_lowrel": 0, "hh": 1059, "hh_lowrel": 0, "nocar": 124, "nocar_lowrel": 0, "nocar_pct": 11.7, "age65": 424, "age65_lowrel": 0, "age65_pct": 15.0, "disab": 452, "disab_lowrel": 0, "disab_pct": 16.0, "pov": 323, "pov_lowrel": 0, "pov_pct": 11.4, "lep": 62, "lep_lowrel": 1, "lep_pct": 5.9, "rent": 365, "rent_lowrel": 0, "rent_pct": 34.5, "income": 86813 }, "geometry": { "type": "Polygon", "coordinates": [ [ [ -122.1604, 37.7529 ], [ -122.15739, 37.75383 ], [ -122.15438, 37.75164 ], [ -122.15355, 37.75241 ], [ -122.15274, 37.75369 ], [ -122.1521, 37.75414 ], [ -122.15121, 37.75364 ], [ -122.15168, 37.75112 ], [ -122.14865, 37.74513 ], [ -122.14588, 37.74297 ], [ -122.14605, 37.7428 ], [ -122.14767, 37.74114 ], [ -122.14873, 37.74086 ], [ -122.15153, 37.74221 ], [ -122.1525, 37.74292 ], [ -122.15363, 37.74407 ], [ -122.15617, 37.7459 ], [ -122.15723, 37.74737 ], [ -122.15983, 37.75133 ], [ -122.1604, 37.7529 ] ] ] } },
{ "type": "Feature", "properties": { "GEOID": "06001421400", "name": "Census Tract 4214", "pop": 1739, "pop_lowrel": 0, "hh": 650, "hh_lowrel": 0, "nocar": 23, "nocar_lowrel": 1, "nocar_pct": 3.5, "age65": 551, "age65_lowrel": 0, "age65_pct": 31.7, "disab": 208, "disab_lowrel": 0, "disab_pct": 12.0, "pov": 69, "pov_lowrel": 1, "pov_pct": 4.0, "lep": 0, "lep_lowrel": 0, "lep_pct": 0.0, "rent": 101, "rent_lowrel": 0, "rent_pct": 15.5, "income": 226250 }, "geometry": { "type": "Polygon", "coordinates": [ [ [ -122.27603, 37.88887 ], [ -122.27251, 37.89 ], [ -122.27229, 37.89025 ], [ -122.26774, 37.89313 ], [ -122.26715, 37.8928 ], [ -122.26717, 37.89043 ], [ -122.26672, 37.88895 ], [ -122.26661, 37.88603 ], [ -122.26998, 37.8856 ], [ -122.27288, 37.88566 ], [ -122.27454, 37.88489 ], [ -122.27496, 37.88534 ], [ -122.27588, 37.88642 ], [ -122.27659, 37.88882 ], [ -122.27603, 37.88887 ] ] ] } },
{ "type": "Feature", "properties": { "GEOID": "06001440100", "name": "Census Tract 4401", "pop": 2372, "pop_lowrel": 0, "hh": 1001, "hh_lowrel": 0, "nocar": 121, "nocar_lowrel": 0, "nocar_pct": 12.1, "age65": 712, "age65_lowrel": 0, "age65_pct": 30.0, "disab": 454, "disab_lowrel": 0, "disab_pct": 19.8, "pov": 333, "pov_lowrel": 0, "pov_pct": 14.7, "lep": 105, "lep_lowrel": 0, "lep_pct": 10.5, "rent": 414, "rent_lowrel": 0, "rent_pct": 41.4, "income": 111607 }, "geometry": { "type": "Polygon", "coordinates": [ [ [ -122.03003, 37.62885 ], [ -122.02551, 37.6282 ], [ -122.02285, 37.63225 ], [ -122.01882, 37.63324 ], [ -122.01721, 37.63239 ], [ -122.01402, 37.63169 ], [ -122.01217, 37.63068 ], [ -122.00799, 37.62844 ], [ -122.00659, 37.62706 ], [ -122.0058, 37.62741 ], [ -122.00509, 37.62748 ], [ -122.00229, 37.6272 ], [ -121.99911, 37.62903 ], [ -121.99889, 37.63042 ], [ -121.99615, 37.63151 ], [ -121.99134, 37.63083 ], [ -121.99039, 37.63341 ], [ -121.98884, 37.63393 ], [ -121.98659, 37.63415 ], [ -121.98315, 37.63459 ], [ -121.98059, 37.63656 ], [ -121.97828, 37.63942 ], [ -121.9689, 37.64309 ], [ -121.9664, 37.64306 ], [ -121.96352, 37.64082 ], [ -121.96207, 37.63859 ], [ -121.96016, 37.63684 ], [ -121.95861, 37.63612 ], [ -121.95472, 37.63592 ], [ -121.95306, 37.63371 ], [ -121.95156, 37.63286 ], [ -121.95078, 37.63197 ], [ -121.9497, 37.63143 ], [ -121.94868, 37.63044 ], [ -121.94737, 37.62991 ], [ -121.94599, 37.62897 ], [ -121.94584, 37.62845 ], [ -121.94386, 37.62641 ], [ -121.94392, 37.62549 ], [ -121.94333, 37.62453 ], [ -121.94361, 37.62134 ], [ -121.94382, 37.61971 ], [ -121.94346, 37.61841 ], [ -121.9451, 37.61663 ], [ -121.94416, 37.61508 ], [ -121.94229, 37.6148 ], [ -121.94101, 37.61383 ], [ -121.94136, 37.61125 ], [ -121.94229, 37.61075 ], [ -121.94379, 37.61013 ], [ -121.94428, 37.60995 ], [ -121.94513, 37.60952 ], [ -121.9454, 37.60914 ], [ -121.94519, 37.60852 ], [ -121.94547, 37.60781 ], [ -121.94555, 37.6072 ], [ -121.94829, 37.60338 ], [ -121.94782, 37.60122 ], [ -121.94588, 37.59807 ], [ -121.94701, 37.5979 ], [ -121.94798, 37.59811 ], [ -121.9497, 37.59811 ], [ -121.95042, 37.59802 ], [ -121.95165, 37.59753 ], [ -121.95724, 37.59102 ], [ -121.95761, 37.58972 ], [ -121.97836, 37.60668 ], [ -122.00137, 37.5896 ], [ -122.01564, 37.60231 ], [ -122.01735, 37.60385 ], [ -122.02004, 37.60624 ], [ -122.0165, 37.60854 ], [ -122.01719, 37.61033 ], [ -122.01676, 37.61306 ], [ -122.0178, 37.61638 ], [ -122.02062, 37.619 ], [ -122.02187, 37.61929 ], [ -122.02252, 37.62084 ], [ -122.02379, 37.62175 ], [ -122.02361, 37.62292 ], [ -122.02661, 37.62297 ], [ -122.02664, 37.62313 ], [ -122.02803, 37.62278 ], [ -122.02962, 37.62508 ], [ -122.03003, 37.62885 ] ] ] } },
{ "type": "Feature", "properties": { "GEOID": "06001451601", "name": "Census Tract 4516.01", "pop": 4859, "pop_lowrel": 0, "hh": 1815, "hh_lowrel": 0, "nocar": 46, "nocar_lowrel": 1, "nocar_pct": 2.5, "age65": 875, "age65_lowrel": 0, "age65_pct": 18.0, "disab": 408, "disab_lowrel": 0, "disab_pct": 8.4, "pov": 248, "pov_lowrel": 0, "pov_pct": 5.1, "lep": 63, "lep_lowrel": 1, "lep_pct": 3.5, "rent": 551, "rent_lowrel": 0, "rent_pct": 30.4, "income": 208031 }, "geometry": { "type": "Polygon", "coordinates": [ [ [ -121.77243, 37.68364 ], [ -121.76487, 37.68589 ], [ -121.76243, 37.68618 ], [ -121.76452, 37.68541 ], [ -121.76562, 37.68406 ], [ -121.76191, 37.68518 ], [ -121.76124, 37.68432 ], [ -121.76528, 37.68035 ], [ -121.76526, 37.67997 ], [ -121.75698, 37.67464 ], [ -121.75392, 37.6727 ], [ -121.74972, 37.67002 ], [ -121.74972, 37.66649 ], [ -121.74971, 37.66248 ], [ -121.74994, 37.65659 ], [ -121.76202, 37.65662 ], [ -121.76807, 37.65663 ], [ -121.76805, 37.65797 ], [ -121.76805, 37.65915 ], [ -121.76808, 37.66564 ], [ -121.76808, 37.66711 ], [ -121.76826, 37.67195 ], [ -121.76864, 37.67257 ], [ -121.76872, 37.67444 ], [ -121.76874, 37.6756 ], [ -121.77021, 37.67873 ], [ -121.77243, 37.68364 ] ] ] } },
{ "type": "Feature", "properties": { "GEOID": "06001443200", "name": "Census Tract 4432", "pop": 3403, "pop_lowrel": 0, "hh": 1162, "hh_lowrel": 0, "nocar": 8, "nocar_lowrel": 1, "nocar_pct": 0.7, "age65": 735, "age65_lowrel": 0, "age65_pct": 21.6, "disab": 403, "disab_lowrel": 0, "disab_pct": 11.8, "pov": 46, "pov_lowrel": 1, "pov_pct": 1.4, "lep": 118, "lep_lowrel": 0, "lep_pct": 10.2, "rent": 21, "rent_lowrel": 1, "rent_pct": 1.8, "income": 250001 }, "geometry": { "type": "Polygon", "coordinates": [ [ [ -121.92025, 37.49773 ], [ -121.91939, 37.50045 ], [ -121.91946, 37.50207 ], [ -121.9163, 37.50204 ], [ -121.91228, 37.50332 ], [ -121.90788, 37.50388 ], [ -121.90227, 37.50502 ], [ -121.90031, 37.5066 ], [ -121.89663, 37.50798 ], [ -121.89361, 37.50857 ], [ -121.88945, 37.50737 ], [ -121.88714, 37.50584 ], [ -121.8853, 37.50359 ], [ -121.88381, 37.50326 ], [ -121.87828, 37.50372 ], [ -121.87661, 37.50036 ], [ -121.87375, 37.49237 ], [ -121.87328, 37.49109 ], [ -121.87449, 37.48908 ], [ -121.87213, 37.48332 ], [ -121.87011, 37.48073 ], [ -121.87105, 37.47924 ], [ -121.87401, 37.47741 ], [ -121.87461, 37.47577 ], [ -121.87626, 37.47492 ], [ -121.87724, 37.47523 ], [ -121.88054, 37.4714 ], [ -121.8826, 37.47055 ], [ -121.88597, 37.47138 ], [ -121.88935, 37.4701 ], [ -121.89076, 37.46804 ], [ -121.89139, 37.46785 ], [ -121.89499, 37.46754 ], [ -121.89831, 37.46666 ], [ -121.89884, 37.46595 ], [ -121.90392, 37.46454 ], [ -121.90882, 37.47064 ], [ -121.90968, 37.47199 ], [ -121.91079, 37.47472 ], [ -121.91334, 37.48289 ], [ -121.9138, 37.48406 ], [ -121.9185, 37.49094 ], [ -121.91958, 37.49234 ], [ -121.92301, 37.49557 ], [ -121.92025, 37.49773 ] ] ] } },
{ "type": "Feature", "properties": { "GEOID": "06001427600", "name": "Census Tract 4276", "pop": 4774, "pop_lowrel": 0, "hh": 1907, "hh_lowrel": 0, "nocar": 331, "nocar_lowrel": 0, "nocar_pct": 17.4, "age65": 611, "age65_lowrel": 0, "age65_pct": 12.8, "disab": 515, "disab_lowrel": 0, "disab_pct": 10.8, "pov": 510, "pov_lowrel": 0, "pov_pct": 10.7, "lep": 263, "lep_lowrel": 0, "lep_pct": 13.8, "rent": 1528, "rent_lowrel": 0, "rent_pct": 80.1, "income": 99561 }, "geometry": { "type": "Polygon", "coordinates": [ [ [ -122.29131, 37.78 ], [ -122.28787, 37.77998 ], [ -122.28448, 37.78 ], [ -122.27718, 37.77966 ], [ -122.27663, 37.77968 ], [ -122.27671, 37.77719 ], [ -122.2768, 37.77513 ], [ -122.28232, 37.77532 ], [ -122.28521, 37.77628 ], [ -122.28806, 37.77638 ], [ -122.28903, 37.77641 ], [ -122.29109, 37.77648 ], [ -122.29139, 37.77685 ], [ -122.29131, 37.78 ] ] ] } },
{ "type": "Feature", "properties": { "GEOID": "06001450604", "name": "Census Tract 4506.04", "pop": 4843, "pop_lowrel": 0, "hh": 1674, "hh_lowrel": 0, "nocar": 43, "nocar_lowrel": 1, "nocar_pct": 2.6, "age65": 903, "age65_lowrel": 0, "age65_pct": 18.6, "disab": 525, "disab_lowrel": 0, "disab_pct": 10.8, "pov": 148, "pov_lowrel": 1, "pov_pct": 3.1, "lep": 107, "lep_lowrel": 0, "lep_pct": 6.4, "rent": 553, "rent_lowrel": 0, "rent_pct": 33.0, "income": 167460 }, "geometry": { "type": "Polygon", "coordinates": [ [ [ -121.9034, 37.68028 ], [ -121.89608, 37.68255 ], [ -121.89045, 37.68474 ], [ -121.88684, 37.68625 ], [ -121.88628, 37.68648 ], [ -121.87815, 37.68889 ], [ -121.87784, 37.68796 ], [ -121.87731, 37.68615 ], [ -121.87401, 37.67673 ], [ -121.88045, 37.67674 ], [ -121.88505, 37.67673 ], [ -121.88801, 37.67675 ], [ -121.89342, 37.67676 ], [ -121.89571, 37.67673 ], [ -121.89705, 37.67601 ], [ -121.89838, 37.67685 ], [ -121.90218, 37.67926 ], [ -121.9034, 37.68028 ] ] ] } },
{ "type": "Feature", "properties": { "GEOID": "06001437400", "name": "Census Tract 4374", "pop": 3755, "pop_lowrel": 0, "hh": 1050, "hh_lowrel": 0, "nocar": 39, "nocar_lowrel": 1, "nocar_pct": 3.7, "age65": 548, "age65_lowrel": 0, "age65_pct": 14.6, "disab": 455, "disab_lowrel": 0, "disab_pct": 12.1, "pov": 386, "pov_lowrel": 0, "pov_pct": 10.3, "lep": 148, "lep_lowrel": 0, "lep_pct": 14.1, "rent": 107, "rent_lowrel": 0, "rent_pct": 10.2, "income": 124800 }, "geometry": { "type": "Polygon", "coordinates": [ [ [ -122.09256, 37.6472 ], [ -122.0903, 37.64715 ], [ -122.0851, 37.64819 ], [ -122.08411, 37.64836 ], [ -122.08349, 37.64845 ], [ -122.08351, 37.63959 ], [ -122.08364, 37.63695 ], [ -122.08432, 37.63694 ], [ -122.08709, 37.63667 ], [ -122.0879, 37.63633 ], [ -122.09089, 37.6405 ], [ -122.09389, 37.6448 ], [ -122.09256, 37.6472 ] ] ] } },
{ "type": "Feature", "properties": { "GEOID": "06001442502", "name": "Census Tract 4425.02", "pop": 3892, "pop_lowrel": 0, "hh": 1043, "hh_lowrel": 0, "nocar": 0, "nocar_lowrel": 0, "nocar_pct": 0.0, "age65": 565, "age65_lowrel": 0, "age65_pct": 14.5, "disab": 312, "disab_lowrel": 0, "disab_pct": 8.2, "pov": 335, "pov_lowrel": 0, "pov_pct": 8.8, "lep": 123, "lep_lowrel": 0, "lep_pct": 11.8, "rent": 429, "rent_lowrel": 0, "rent_pct": 41.1, "income": 140069 }, "geometry": { "type": "Polygon", "coordinates": [ [ [ -121.99328, 37.54274 ], [ -121.99101, 37.54552 ], [ -121.98546, 37.54263 ], [ -121.98494, 37.54276 ], [ -121.98259, 37.54556 ], [ -121.98087, 37.54467 ], [ -121.98122, 37.54416 ], [ -121.98413, 37.5404 ], [ -121.98495, 37.53932 ], [ -121.98592, 37.53761 ], [ -121.98757, 37.53817 ], [ -121.99117, 37.53419 ], [ -121.99177, 37.53293 ], [ -121.99852, 37.53637 ], [ -121.99328, 37.54274 ] ] ] } },
{ "type": "Feature", "properties": { "GEOID": "06001982100", "name": "Census Tract 9821", "pop": 1104, "pop_lowrel": 0, "hh": 27, "hh_lowrel": 0, "nocar": 9, "nocar_lowrel": 1, "nocar_pct": 33.3, "age65": 2, "age65_lowrel": 1, "age65_pct": 0.2, "disab": 147, "disab_lowrel": 0, "disab_pct": 13.3, "pov": 22, "pov_lowrel": 1, "pov_pct": 35.5, "lep": 0, "lep_lowrel": 0, "lep_pct": 0.0, "rent": 24, "rent_lowrel": 0, "rent_pct": 88.9, "income": 152250 }, "geometry": { "type": "Polygon", "coordinates": [ [ [ -122.26633, 37.87419 ], [ -122.26538, 37.8743 ], [ -122.25836, 37.87534 ], [ -122.25472, 37.87563 ], [ -122.25532, 37.87835 ], [ -122.25492, 37.87863 ], [ -122.25508, 37.88026 ], [ -122.24927, 37.8809 ], [ -122.24683, 37.8812 ], [ -122.24644, 37.8812 ], [ -122.24516, 37.86974 ], [ -122.24971, 37.8701 ], [ -122.25021, 37.86935 ], [ -122.25097, 37.86933 ], [ -122.25233, 37.86962 ], [ -122.25459, 37.86932 ], [ -122.2592, 37.86872 ], [ -122.26148, 37.86844 ], [ -122.26599, 37.86783 ], [ -122.26623, 37.869 ], [ -122.26616, 37.87239 ], [ -122.26633, 37.87419 ] ] ] } },
{ "type": "Feature", "properties": { "GEOID": "06001424002", "name": "Census Tract 4240.02", "pop": 2524, "pop_lowrel": 0, "hh": 1050, "hh_lowrel": 0, "nocar": 190, "nocar_lowrel": 0, "nocar_pct": 18.1, "age65": 325, "age65_lowrel": 0, "age65_pct": 12.9, "disab": 425, "disab_lowrel": 0, "disab_pct": 16.8, "pov": 152, "pov_lowrel": 0, "pov_pct": 6.1, "lep": 35, "lep_lowrel": 1, "lep_pct": 3.3, "rent": 497, "rent_lowrel": 0, "rent_pct": 47.3, "income": 105813 }, "geometry": { "type": "Polygon", "coordinates": [ [ [ -122.28679, 37.85218 ], [ -122.28143, 37.85319 ], [ -122.27912, 37.85329 ], [ -122.2787, 37.85149 ], [ -122.27862, 37.8511 ], [ -122.2785, 37.85062 ], [ -122.27808, 37.84883 ], [ -122.27777, 37.84752 ], [ -122.27784, 37.84751 ], [ -122.27894, 37.84737 ], [ -122.2819, 37.84698 ], [ -122.28271, 37.84904 ], [ -122.28346, 37.85031 ], [ -122.28601, 37.85017 ], [ -122.28625, 37.8505 ], [ -122.28679, 37.85218 ] ] ] } },
{ "type": "Feature", "properties": { "GEOID": "06001408600", "name": "Census Tract 4086", "pop": 5925, "pop_lowrel": 0, "hh": 2054, "hh_lowrel": 0, "nocar": 171, "nocar_lowrel": 0, "nocar_pct": 8.3, "age65": 630, "age65_lowrel": 0, "age65_pct": 10.6, "disab": 582, "disab_lowrel": 0, "disab_pct": 10.0, "pov": 1174, "pov_lowrel": 0, "pov_pct": 20.2, "lep": 131, "lep_lowrel": 1, "lep_pct": 6.4, "rent": 1085, "rent_lowrel": 0, "rent_pct": 52.8, "income": 77083 }, "geometry": { "type": "Polygon", "coordinates": [ [ [ -122.19283, 37.762 ], [ -122.19024, 37.76369 ], [ -122.18934, 37.76452 ], [ -122.18732, 37.7658 ], [ -122.18205, 37.76918 ], [ -122.18187, 37.76957 ], [ -122.1816, 37.77187 ], [ -122.18198, 37.77242 ], [ -122.17973, 37.77389 ], [ -122.17796, 37.77256 ], [ -122.17681, 37.77141 ], [ -122.172, 37.76917 ], [ -122.17213, 37.76913 ], [ -122.17664, 37.76634 ], [ -122.1772, 37.76582 ], [ -122.17743, 37.7656 ], [ -122.18117, 37.76318 ], [ -122.18469, 37.76093 ], [ -122.18669, 37.75964 ], [ -122.18705, 37.75926 ], [ -122.18786, 37.75971 ], [ -122.1903, 37.76079 ], [ -122.19283, 37.762 ] ] ] } },
{ "type": "Feature", "properties": { "GEOID": "06001432100", "name": "Census Tract 4321", "pop": 3820, "pop_lowrel": 0, "hh": 1278, "hh_lowrel": 0, "nocar": 52, "nocar_lowrel": 1, "nocar_pct": 4.1, "age65": 478, "age65_lowrel": 0, "age65_pct": 12.5, "disab": 295, "disab_lowrel": 0, "disab_pct": 7.7, "pov": 221, "pov_lowrel": 1, "pov_pct": 6.0, "lep": 53, "lep_lowrel": 1, "lep_pct": 4.1, "rent": 431, "rent_lowrel": 0, "rent_pct": 33.7, "income": 188409 }, "geometry": { "type": "Polygon", "coordinates": [ [ [ -122.15512, 37.73908 ], [ -122.14873, 37.74086 ], [ -122.14767, 37.74114 ], [ -122.14605, 37.7428 ], [ -122.14404, 37.74031 ], [ -122.14077, 37.73728 ], [ -122.14024, 37.73605 ], [ -122.13989, 37.73447 ], [ -122.13898, 37.73093 ], [ -122.14054, 37.73146 ], [ -122.14798, 37.73134 ], [ -122.14823, 37.72973 ], [ -122.14874, 37.72913 ], [ -122.15019, 37.73237 ], [ -122.15106, 37.73357 ], [ -122.15244, 37.73548 ], [ -122.15512, 37.73908 ] ] ] } },
{ "type": "Feature", "properties": { "GEOID": "06001432800", "name": "Census Tract 4328", "pop": 3930, "pop_lowrel": 0, "hh": 1474, "hh_lowrel": 0, "nocar": 36, "nocar_lowrel": 1, "nocar_pct": 2.4, "age65": 1046, "age65_lowrel": 0, "age65_pct": 26.6, "disab": 413, "disab_lowrel": 0, "disab_pct": 10.6, "pov": 133, "pov_lowrel": 0, "pov_pct": 3.4, "lep": 108, "lep_lowrel": 0, "lep_pct": 7.3, "rent": 252, "rent_lowrel": 0, "rent_pct": 17.1, "income": 134211 }, "geometry": { "type": "Polygon", "coordinates": [ [ [ -122.13841, 37.73097 ], [ -122.13669, 37.73187 ], [ -122.13444, 37.73431 ], [ -122.13262, 37.73391 ], [ -122.13049, 37.73277 ], [ -122.13235, 37.73173 ], [ -122.13123, 37.73043 ], [ -122.12724, 37.72983 ], [ -122.12649, 37.72758 ], [ -122.12323, 37.72704 ], [ -122.12089, 37.72826 ], [ -122.11931, 37.72905 ], [ -122.11706, 37.72638 ], [ -122.11377, 37.7242 ], [ -122.11292, 37.72257 ], [ -122.11004, 37.72168 ], [ -122.10974, 37.71983 ], [ -122.10525, 37.71575 ], [ -122.1047, 37.71476 ], [ -122.10799, 37.71327 ], [ -122.11034, 37.71288 ], [ -122.11575, 37.71424 ], [ -122.11743, 37.7168 ], [ -122.1197, 37.71782 ], [ -122.12138, 37.71718 ], [ -122.12176, 37.71606 ], [ -122.12067, 37.71155 ], [ -122.12255, 37.70853 ], [ -122.12426, 37.70983 ], [ -122.1256, 37.71069 ], [ -122.12677, 37.71127 ], [ -122.12851, 37.71221 ], [ -122.12899, 37.71253 ], [ -122.13006, 37.71343 ], [ -122.13097, 37.71449 ], [ -122.13184, 37.71606 ], [ -122.13354, 37.71939 ], [ -122.1351, 37.72166 ], [ -122.13558, 37.72228 ], [ -122.13728, 37.72473 ], [ -122.1384, 37.72976 ], [ -122.13875, 37.73095 ], [ -122.13841, 37.73097 ] ] ] } },
{ "type": "Feature", "properties": { "GEOID": "06001451602", "name": "Census Tract 4516.02", "pop": 6839, "pop_lowrel": 0, "hh": 2806, "hh_lowrel": 0, "nocar": 354, "nocar_lowrel": 0, "nocar_pct": 12.6, "age65": 1421, "age65_lowrel": 0, "age65_pct": 20.8, "disab": 788, "disab_lowrel": 0, "disab_pct": 11.9, "pov": 591, "pov_lowrel": 0, "pov_pct": 8.9, "lep": 41, "lep_lowrel": 1, "lep_pct": 1.5, "rent": 1272, "rent_lowrel": 0, "rent_pct": 45.3, "income": 138837 }, "geometry": { "type": "Polygon", "coordinates": [ [ [ -121.78748, 37.67811 ], [ -121.78812, 37.67895 ], [ -121.77744, 37.68219 ], [ -121.77243, 37.68364 ], [ -121.77021, 37.67873 ], [ -121.76874, 37.6756 ], [ -121.76872, 37.67444 ], [ -121.76864, 37.67257 ], [ -121.76826, 37.67195 ], [ -121.76808, 37.66711 ], [ -121.76808, 37.66564 ], [ -121.76805, 37.65915 ], [ -121.7791, 37.65898 ], [ -121.78036, 37.66077 ], [ -121.78035, 37.66657 ], [ -121.78039, 37.6671 ], [ -121.78045, 37.67292 ], [ -121.78018, 37.67404 ], [ -121.78523, 37.67491 ], [ -121.78915, 37.67789 ], [ -121.78748, 37.67811 ] ] ] } },
{ "type": "Feature", "properties": { "GEOID": "06001404600", "name": "Census Tract 4046", "pop": 4697, "pop_lowrel": 0, "hh": 1885, "hh_lowrel": 0, "nocar": 53, "nocar_lowrel": 1, "nocar_pct": 2.8, "age65": 1233, "age65_lowrel": 0, "age65_pct": 26.3, "disab": 443, "disab_lowrel": 0, "disab_pct": 9.4, "pov": 208, "pov_lowrel": 0, "pov_pct": 4.4, "lep": 17, "lep_lowrel": 1, "lep_pct": 0.9, "rent": 207, "rent_lowrel": 0, "rent_pct": 11.0, "income": 233194 }, "geometry": { "type": "Polygon", "coordinates": [ [ [ -122.20927, 37.82396 ], [ -122.20715, 37.82486 ], [ -122.20317, 37.8238 ], [ -122.20148, 37.8287 ], [ -122.19893, 37.83024 ], [ -122.19402, 37.83205 ], [ -122.19211, 37.83391 ], [ -122.18697, 37.83542 ], [ -122.18766, 37.83621 ], [ -122.18453, 37.83592 ], [ -122.18382, 37.83435 ], [ -122.18565, 37.83173 ], [ -122.18584, 37.83119 ], [ -122.18702, 37.82754 ], [ -122.18618, 37.82615 ], [ -122.18573, 37.82537 ], [ -122.18637, 37.82355 ], [ -122.18687, 37.82208 ], [ -122.18558, 37.82073 ], [ -122.18122, 37.81934 ], [ -122.17787, 37.81632 ], [ -122.17547, 37.81459 ], [ -122.17416, 37.81027 ], [ -122.17587, 37.80749 ], [ -122.17916, 37.80498 ], [ -122.18133, 37.80888 ], [ -122.1831, 37.8096 ], [ -122.18675, 37.80931 ], [ -122.19146, 37.80975 ], [ -122.19465, 37.81082 ], [ -122.1972, 37.81096 ], [ -122.19779, 37.81059 ], [ -122.19944, 37.81201 ], [ -122.2022, 37.8152 ], [ -122.20729, 37.82155 ], [ -122.20736, 37.82165 ], [ -122.20927, 37.82396 ] ] ] } },
{ "type": "Feature", "properties": { "GEOID": "06001423400", "name": "Census Tract 4234", "pop": 5218, "pop_lowrel": 0, "hh": 1974, "hh_lowrel": 0, "nocar": 331, "nocar_lowrel": 0, "nocar_pct": 16.8, "age65": 674, "age65_lowrel": 0, "age65_pct": 12.9, "disab": 539, "disab_lowrel": 0, "disab_pct": 10.3, "pov": 927, "pov_lowrel": 1, "pov_pct": 17.8, "lep": 117, "lep_lowrel": 1, "lep_pct": 5.9, "rent": 1009, "rent_lowrel": 0, "rent_pct": 51.1, "income": 145789 }, "geometry": { "type": "Polygon", "coordinates": [ [ [ -122.28123, 37.86221 ], [ -122.27657, 37.86279 ], [ -122.27216, 37.86335 ], [ -122.27195, 37.86156 ], [ -122.27176, 37.85977 ], [ -122.27147, 37.85705 ], [ -122.27116, 37.85427 ], [ -122.27912, 37.85329 ], [ -122.2797, 37.85603 ], [ -122.28027, 37.85873 ], [ -122.28045, 37.85961 ], [ -122.28063, 37.86049 ], [ -122.28123, 37.86221 ] ] ] } },
{ "type": "Feature", "properties": { "GEOID": "06001441301", "name": "Census Tract 4413.01", "pop": 3166, "pop_lowrel": 0, "hh": 1231, "hh_lowrel": 0, "nocar": 41, "nocar_lowrel": 1, "nocar_pct": 3.3, "age65": 517, "age65_lowrel": 0, "age65_pct": 16.3, "disab": 192, "disab_lowrel": 0, "disab_pct": 6.1, "pov": 174, "pov_lowrel": 1, "pov_pct": 5.5, "lep": 181, "lep_lowrel": 0, "lep_pct": 14.7, "rent": 562, "rent_lowrel": 0, "rent_pct": 45.7, "income": 183449 }, "geometry": { "type": "Polygon", "coordinates": [ [ [ -122.01791, 37.57492 ], [ -122.01685, 37.57473 ], [ -122.0132, 37.5807 ], [ -122.01104, 37.58063 ], [ -122.00836, 37.57903 ], [ -122.00703, 37.58275 ], [ -122.00626, 37.58262 ], [ -121.99744, 37.5758 ], [ -121.99127, 37.57108 ], [ -121.98837, 37.56883 ], [ -121.98706, 37.56803 ], [ -121.98412, 37.568 ], [ -121.98353, 37.56646 ], [ -121.99594, 37.56304 ], [ -121.99709, 37.56408 ], [ -121.99957, 37.56414 ], [ -122.00513, 37.56337 ], [ -122.00713, 37.56464 ], [ -122.00816, 37.56553 ], [ -122.00884, 37.56678 ], [ -122.00976, 37.56875 ], [ -122.01454, 37.57171 ], [ -122.01413, 37.57208 ], [ -122.01762, 37.57416 ], [ -122.01831, 37.57443 ], [ -122.01791, 37.57492 ] ] ] } },
{ "type": "Feature", "properties": { "GEOID": "06001433400", "name": "Census Tract 4334", "pop": 6008, "pop_lowrel": 0, "hh": 2233, "hh_lowrel": 0, "nocar": 67, "nocar_lowrel": 1, "nocar_pct": 3.0, "age65": 1186, "age65_lowrel": 0, "age65_pct": 19.7, "disab": 501, "disab_lowrel": 0, "disab_pct": 8.4, "pov": 234, "pov_lowrel": 1, "pov_pct": 4.0, "lep": 297, "lep_lowrel": 0, "lep_pct": 13.3, "rent": 641, "rent_lowrel": 0, "rent_pct": 28.7, "income": 135536 }, "geometry": { "type": "Polygon", "coordinates": [ [ [ -122.19165, 37.69555 ], [ -122.18751, 37.69679 ], [ -122.18646, 37.69565 ], [ -122.18191, 37.69766 ], [ -122.16753, 37.70369 ], [ -122.16588, 37.70121 ], [ -122.1657, 37.70044 ], [ -122.1658, 37.69884 ], [ -122.16343, 37.69486 ], [ -122.16308, 37.6925 ], [ -122.16286, 37.69092 ], [ -122.16253, 37.68971 ], [ -122.16237, 37.68917 ], [ -122.16209, 37.6883 ], [ -122.16047, 37.68589 ], [ -122.15588, 37.67982 ], [ -122.15842, 37.67911 ], [ -122.15472, 37.67516 ], [ -122.15447, 37.67489 ], [ -122.15434, 37.67474 ], [ -122.15232, 37.67256 ], [ -122.15506, 37.67114 ], [ -122.16205, 37.66756 ], [ -122.16474, 37.67224 ], [ -122.16759, 37.67718 ], [ -122.17767, 37.68284 ], [ -122.18406, 37.69098 ], [ -122.18409, 37.69101 ], [ -122.18726, 37.6903 ], [ -122.19299, 37.69468 ], [ -122.19165, 37.69555 ] ] ] } },
{ "type": "Feature", "properties": { "GEOID": "06001440338", "name": "Census Tract 4403.38", "pop": 3917, "pop_lowrel": 0, "hh": 1679, "hh_lowrel": 0, "nocar": 42, "nocar_lowrel": 1, "nocar_pct": 2.5, "age65": 233, "age65_lowrel": 0, "age65_pct": 5.9, "disab": 87, "disab_lowrel": 1, "disab_pct": 2.2, "pov": 682, "pov_lowrel": 1, "pov_pct": 17.4, "lep": 126, "lep_lowrel": 0, "lep_pct": 7.5, "rent": 1237, "rent_lowrel": 0, "rent_pct": 73.7, "income": 138204 }, "geometry": { "type": "Polygon", "coordinates": [ [ [ -122.02033, 37.5906 ], [ -122.01966, 37.59252 ], [ -122.01964, 37.59257 ], [ -122.01863, 37.59531 ], [ -122.01667, 37.59343 ], [ -122.00587, 37.58648 ], [ -122.00697, 37.58293 ], [ -122.00703, 37.58275 ], [ -122.00777, 37.58288 ], [ -122.01075, 37.58411 ], [ -122.0175, 37.58602 ], [ -122.02151, 37.58718 ], [ -122.02033, 37.5906 ] ] ] } },
{ "type": "Feature", "properties": { "GEOID": "06001422800", "name": "Census Tract 4228", "pop": 9850, "pop_lowrel": 0, "hh": 1614, "hh_lowrel": 0, "nocar": 1239, "nocar_lowrel": 0, "nocar_pct": 76.8, "age65": 134, "age65_lowrel": 1, "age65_pct": 1.4, "disab": 793, "disab_lowrel": 0, "disab_pct": 8.1, "pov": 2080, "pov_lowrel": 0, "pov_pct": 55.7, "lep": 133, "lep_lowrel": 1, "lep_pct": 8.2, "rent": 1595, "rent_lowrel": 0, "rent_pct": 98.8, "income": 32026 }, "geometry": { "type": "Polygon", "coordinates": [ [ [ -122.26599, 37.86783 ], [ -122.26148, 37.86844 ], [ -122.2592, 37.86872 ], [ -122.25459, 37.86932 ], [ -122.25429, 37.86751 ], [ -122.25395, 37.86574 ], [ -122.25854, 37.86515 ], [ -122.26074, 37.86484 ], [ -122.26528, 37.86427 ], [ -122.26566, 37.86606 ], [ -122.26599, 37.86783 ] ] ] } },
{ "type": "Feature", "properties": { "GEOID": "06001436500", "name": "Census Tract 4365", "pop": 5246, "pop_lowrel": 0, "hh": 1800, "hh_lowrel": 0, "nocar": 122, "nocar_lowrel": 1, "nocar_pct": 6.8, "age65": 329, "age65_lowrel": 0, "age65_pct": 6.3, "disab": 336, "disab_lowrel": 0, "disab_pct": 6.5, "pov": 526, "pov_lowrel": 0, "pov_pct": 10.2, "lep": 281, "lep_lowrel": 0, "lep_pct": 15.6, "rent": 1083, "rent_lowrel": 0, "rent_pct": 60.2, "income": 91341 }, "geometry": { "type": "Polygon", "coordinates": [ [ [ -122.08148, 37.66775 ], [ -122.08068, 37.66885 ], [ -122.07802, 37.6655 ], [ -122.07592, 37.66289 ], [ -122.07431, 37.66283 ], [ -122.06851, 37.6652 ], [ -122.06444, 37.6633 ], [ -122.06141, 37.66062 ], [ -122.05875, 37.66002 ], [ -122.06142, 37.65971 ], [ -122.06307, 37.65916 ], [ -122.0599, 37.65856 ], [ -122.05969, 37.657 ], [ -122.05703, 37.65554 ], [ -122.05545, 37.65287 ], [ -122.05701, 37.65274 ], [ -122.06065, 37.65435 ], [ -122.0651, 37.65165 ], [ -122.06694, 37.65122 ], [ -122.06797, 37.65087 ], [ -122.07002, 37.65055 ], [ -122.07428, 37.65597 ], [ -122.08234, 37.66615 ], [ -122.08148, 37.66775 ] ] ] } },
{ "type": "Feature", "properties": { "GEOID": "06001451104", "name": "Census Tract 4511.04", "pop": 6474, "pop_lowrel": 0, "hh": 2106, "hh_lowrel": 0, "nocar": 90, "nocar_lowrel": 1, "nocar_pct": 4.3, "age65": 783, "age65_lowrel": 0, "age65_pct": 12.1, "disab": 357, "disab_lowrel": 0, "disab_pct": 5.5, "pov": 208, "pov_lowrel": 1, "pov_pct": 3.2, "lep": 78, "lep_lowrel": 1, "lep_pct": 3.7, "rent": 475, "rent_lowrel": 0, "rent_pct": 22.6, "income": 183846 }, "geometry": { "type": "Polygon", "coordinates": [ [ [ -121.75608, 37.60076 ], [ -121.75123, 37.60121 ], [ -121.75106, 37.60345 ], [ -121.75196, 37.60587 ], [ -121.74993, 37.60412 ], [ -121.74803, 37.60601 ], [ -121.74521, 37.60624 ], [ -121.74539, 37.60753 ], [ -121.74694, 37.60734 ], [ -121.74705, 37.60889 ], [ -121.74869, 37.60895 ], [ -121.74845, 37.61022 ], [ -121.75049, 37.61375 ], [ -121.75034, 37.61509 ], [ -121.74916, 37.61524 ], [ -121.74923, 37.6182 ], [ -121.74663, 37.61912 ], [ -121.7466, 37.62062 ], [ -121.74879, 37.62141 ], [ -121.74747, 37.62493 ], [ -121.74208, 37.62494 ], [ -121.74205, 37.62193 ], [ -121.73237, 37.62192 ], [ -121.7261, 37.61742 ], [ -121.72297, 37.60704 ], [ -121.71858, 37.60662 ], [ -121.71561, 37.60109 ], [ -121.70732, 37.60018 ], [ -121.70732, 37.59751 ], [ -121.70372, 37.59864 ], [ -121.70159, 37.59717 ], [ -121.70162, 37.59596 ], [ -121.69857, 37.59692 ], [ -121.69716, 37.59658 ], [ -121.69282, 37.59756 ], [ -121.68894, 37.59945 ], [ -121.68855, 37.60119 ], [ -121.68692, 37.60331 ], [ -121.68714, 37.6046 ], [ -121.68988, 37.60645 ], [ -121.69399, 37.60831 ], [ -121.69659, 37.61251 ], [ -121.70026, 37.61407 ], [ -121.70056, 37.61747 ], [ -121.70282, 37.62209 ], [ -121.69666, 37.61698 ], [ -121.69356, 37.61558 ], [ -121.68709, 37.61187 ], [ -121.6835, 37.61225 ], [ -121.68104, 37.61572 ], [ -121.67881, 37.61763 ], [ -121.67699, 37.61775 ], [ -121.67467, 37.62018 ], [ -121.67416, 37.61953 ], [ -121.67098, 37.61939 ], [ -121.66851, 37.61843 ], [ -121.66233, 37.62126 ], [ -121.66114, 37.62046 ], [ -121.6587, 37.62093 ], [ -121.65481, 37.6199 ], [ -121.65422, 37.621 ], [ -121.65468, 37.62188 ], [ -121.65712, 37.62309 ], [ -121.65945, 37.62347 ], [ -121.65952, 37.62476 ], [ -121.66177, 37.62598 ], [ -121.66985, 37.62685 ], [ -121.67777, 37.63095 ], [ -121.6793, 37.63209 ], [ -121.68228, 37.63324 ], [ -121.68211, 37.63466 ], [ -121.68352, 37.63669 ], [ -121.68521, 37.63783 ], [ -121.68673, 37.64031 ], [ -121.68671, 37.64179 ], [ -121.68932, 37.64292 ], [ -121.69392, 37.64599 ], [ -121.69656, 37.64689 ], [ -121.69674, 37.67792 ], [ -121.69675, 37.67978 ], [ -121.69678, 37.68713 ], [ -121.69688, 37.70089 ], [ -121.69661, 37.70264 ], [ -121.69692, 37.70317 ], [ -121.69877, 37.70081 ], [ -121.70029, 37.69971 ], [ -121.70183, 37.69912 ], [ -121.71807, 37.69694 ], [ -121.7188, 37.70021 ], [ -121.72295, 37.70651 ], [ -121.72387, 37.70913 ], [ -121.72436, 37.7106 ], [ -121.72437, 37.71197 ], [ -121.72428, 37.71701 ], [ -121.72417, 37.72233 ], [ -121.72416, 37.72241 ], [ -121.72424, 37.72692 ], [ -121.72418, 37.72696 ], [ -121.72418, 37.72701 ], [ -121.72397, 37.73897 ], [ -121.72317, 37.74159 ], [ -121.72524, 37.74438 ], [ -121.72561, 37.74619 ], [ -121.72652, 37.74736 ], [ -121.73193, 37.7502 ], [ -121.73513, 37.75516 ], [ -121.73652, 37.76235 ], [ -121.7349, 37.76563 ], [ -121.73313, 37.76695 ], [ -121.73462, 37.7687 ], [ -121.73544, 37.77063 ], [ -121.73928, 37.77212 ], [ -121.69732, 37.78244 ], [ -121.6554, 37.79267 ], [ -121.63447, 37.797 ], [ -121.62331, 37.80012 ], [ -121.61936, 37.80122 ], [ -121.57701, 37.81153 ], [ -121.557, 37.81649 ], [ -121.55704, 37.81599 ], [ -121.55696, 37.79884 ], [ -121.55701, 37.78221 ], [ -121.55697, 37.77139 ], [ -121.5569, 37.76808 ], [ -121.55666, 37.75611 ], [ -121.55715, 37.74661 ], [ -121.55696, 37.7432 ], [ -121.55703, 37.7077 ], [ -121.55696, 37.70358 ], [ -121.55696, 37.66423 ], [ -121.55686, 37.63553 ], [ -121.55666, 37.54273 ], [ -121.55045, 37.53933 ], [ -121.54836, 37.53593 ], [ -121.54685, 37.53503 ], [ -121.54575, 37.53253 ], [ -121.54328, 37.53159 ], [ -121.54183, 37.53021 ], [ -121.53942, 37.52958 ], [ -121.53708, 37.52975 ], [ -121.53619, 37.52908 ], [ -121.53362, 37.52889 ], [ -121.5299, 37.52705 ], [ -121.52882, 37.52806 ], [ -121.52789, 37.52739 ], [ -121.52386, 37.52621 ], [ -121.52233, 37.5247 ], [ -121.51913, 37.52445 ], [ -121.51675, 37.52551 ], [ -121.51367, 37.52476 ], [ -121.51151, 37.52508 ], [ -121.50788, 37.52477 ], [ -121.50637, 37.52555 ], [ -121.5034, 37.5256 ], [ -121.50147, 37.525 ], [ -121.49827, 37.52243 ], [ -121.49958, 37.52014 ], [ -121.50237, 37.51847 ], [ -121.49994, 37.51624 ], [ -121.49987, 37.51511 ], [ -121.49723, 37.51246 ], [ -121.49668, 37.50921 ], [ -121.49538, 37.50813 ], [ -121.49602, 37.50494 ], [ -121.49318, 37.50242 ], [ -121.48938, 37.50214 ], [ -121.48659, 37.50139 ], [ -121.48206, 37.50144 ], [ -121.48074, 37.49978 ], [ -121.47936, 37.49648 ], [ -121.4759, 37.49527 ], [ -121.47376, 37.49278 ], [ -121.47094, 37.49118 ], [ -121.46921, 37.48936 ], [ -121.4712, 37.48503 ], [ -121.47106, 37.48332 ], [ -121.47192, 37.48178 ], [ -121.47265, 37.48217 ], [ -121.47295, 37.48233 ], [ -121.56436, 37.48243 ], [ -121.6704, 37.48274 ], [ -121.67126, 37.48384 ], [ -121.67161, 37.4864 ], [ -121.67241, 37.48735 ], [ -121.67671, 37.48966 ], [ -121.67921, 37.49002 ], [ -121.68086, 37.48977 ], [ -121.68277, 37.49048 ], [ -121.68394, 37.49185 ], [ -121.68763, 37.49273 ], [ -121.68868, 37.49606 ], [ -121.68817, 37.49707 ], [ -121.68936, 37.50026 ], [ -121.69114, 37.50161 ], [ -121.69099, 37.50294 ], [ -121.68863, 37.5041 ], [ -121.68675, 37.50739 ], [ -121.69097, 37.50895 ], [ -121.69231, 37.50816 ], [ -121.69517, 37.50935 ], [ -121.69825, 37.51199 ], [ -121.70047, 37.51311 ], [ -121.70071, 37.51412 ], [ -121.70243, 37.51505 ], [ -121.70251, 37.51735 ], [ -121.70207, 37.52019 ], [ -121.70115, 37.52218 ], [ -121.70145, 37.52495 ], [ -121.70228, 37.52677 ], [ -121.70033, 37.5273 ], [ -121.69952, 37.52842 ], [ -121.6964, 37.52989 ], [ -121.69354, 37.52786 ], [ -121.69213, 37.52623 ], [ -121.68765, 37.52505 ], [ -121.6869, 37.52635 ], [ -121.68437, 37.52708 ], [ -121.68361, 37.52656 ], [ -121.68122, 37.52661 ], [ -121.6827, 37.52894 ], [ -121.68476, 37.53022 ], [ -121.68528, 37.53235 ], [ -121.68694, 37.53394 ], [ -121.68957, 37.53866 ], [ -121.69173, 37.54101 ], [ -121.69316, 37.54407 ], [ -121.6937, 37.54655 ], [ -121.69575, 37.55018 ], [ -121.69772, 37.55143 ], [ -121.69807, 37.55235 ], [ -121.70067, 37.55296 ], [ -121.7008, 37.55619 ], [ -121.70312, 37.55821 ], [ -121.70752, 37.55967 ], [ -121.71153, 37.5649 ], [ -121.71369, 37.56458 ], [ -121.71548, 37.56677 ], [ -121.71671, 37.56722 ], [ -121.71996, 37.56927 ], [ -121.71987, 37.57193 ], [ -121.71942, 37.57331 ], [ -121.72077, 37.57455 ], [ -121.72106, 37.57686 ], [ -121.72197, 37.57759 ], [ -121.72557, 37.57748 ], [ -121.72718, 37.57865 ], [ -121.72827, 37.5805 ], [ -121.73115, 37.58156 ], [ -121.73229, 37.58448 ], [ -121.73608, 37.58507 ], [ -121.73988, 37.58711 ], [ -121.74232, 37.58659 ], [ -121.74232, 37.58747 ], [ -121.74662, 37.59038 ], [ -121.75003, 37.59109 ], [ -121.74849, 37.59453 ], [ -121.75052, 37.59598 ], [ -121.75264, 37.59868 ], [ -121.75647, 37.60031 ], [ -121.75608, 37.60076 ] ] ] } },
{ "type": "Feature", "properties": { "GEOID": "06001428600", "name": "Census Tract 4286", "pop": 3298, "pop_lowrel": 0, "hh": 1520, "hh_lowrel": 0, "nocar": 117, "nocar_lowrel": 0, "nocar_pct": 7.7, "age65": 676, "age65_lowrel": 0, "age65_pct": 20.5, "disab": 318, "disab_lowrel": 0, "disab_pct": 10.0, "pov": 116, "pov_lowrel": 0, "pov_pct": 3.7, "lep": 84, "lep_lowrel": 1, "lep_pct": 5.5, "rent": 785, "rent_lowrel": 0, "rent_pct": 51.6, "income": 128500 }, "geometry": { "type": "Polygon", "coordinates": [ [ [ -122.27993, 37.76818 ], [ -122.27849, 37.76836 ], [ -122.27836, 37.77142 ], [ -122.27685, 37.77138 ], [ -122.27509, 37.77135 ], [ -122.27288, 37.77127 ], [ -122.27297, 37.76926 ], [ -122.27127, 37.76858 ], [ -122.27071, 37.7686 ], [ -122.26368, 37.76542 ], [ -122.26142, 37.76384 ], [ -122.26202, 37.76294 ], [ -122.2645, 37.75893 ], [ -122.27191, 37.76151 ], [ -122.27499, 37.76574 ], [ -122.2794, 37.76813 ], [ -122.27987, 37.76759 ], [ -122.27993, 37.76818 ] ] ] } },
{ "type": "Feature", "properties": { "GEOID": "06001441601", "name": "Census Tract 4416.01", "pop": 4709, "pop_lowrel": 0, "hh": 1534, "hh_lowrel": 0, "nocar": 41, "nocar_lowrel": 1, "nocar_pct": 2.7, "age65": 861, "age65_lowrel": 0, "age65_pct": 18.3, "disab": 203, "disab_lowrel": 0, "disab_pct": 4.3, "pov": 227, "pov_lowrel": 0, "pov_pct": 4.8, "lep": 77, "lep_lowrel": 1, "lep_pct": 5.0, "rent": 318, "rent_lowrel": 0, "rent_pct": 20.7, "income": 164167 }, "geometry": { "type": "Polygon", "coordinates": [ [ [ -122.0386, 37.56348 ], [ -122.03846, 37.56365 ], [ -122.03683, 37.56581 ], [ -122.03656, 37.56628 ], [ -122.03426, 37.56868 ], [ -122.03243, 37.5708 ], [ -122.02679, 37.56799 ], [ -122.02278, 37.56605 ], [ -122.02483, 37.5635 ], [ -122.02456, 37.56073 ], [ -122.02535, 37.5596 ], [ -122.0267, 37.55787 ], [ -122.02761, 37.55669 ], [ -122.03101, 37.55671 ], [ -122.03122, 37.55659 ], [ -122.03851, 37.56341 ], [ -122.03857, 37.56346 ], [ -122.0386, 37.56348 ] ] ] } },
{ "type": "Feature", "properties": { "GEOID": "06001408500", "name": "Census Tract 4085", "pop": 5263, "pop_lowrel": 0, "hh": 1729, "hh_lowrel": 0, "nocar": 212, "nocar_lowrel": 0, "nocar_pct": 12.3, "age65": 518, "age65_lowrel": 0, "age65_pct": 9.8, "disab": 999, "disab_lowrel": 0, "disab_pct": 19.0, "pov": 953, "pov_lowrel": 0, "pov_pct": 18.1, "lep": 172, "lep_lowrel": 0, "lep_pct": 9.9, "rent": 1016, "rent_lowrel": 0, "rent_pct": 58.8, "income": 57303 }, "geometry": { "type": "Polygon", "coordinates": [ [ [ -122.18669, 37.75964 ], [ -122.18469, 37.76093 ], [ -122.18117, 37.76318 ], [ -122.17743, 37.7656 ], [ -122.1772, 37.76582 ], [ -122.1757, 37.76494 ], [ -122.17456, 37.76391 ], [ -122.17276, 37.76214 ], [ -122.17114, 37.76069 ], [ -122.17055, 37.76 ], [ -122.1723, 37.75915 ], [ -122.17572, 37.75749 ], [ -122.17947, 37.75565 ], [ -122.18245, 37.75706 ], [ -122.18268, 37.75717 ], [ -122.18437, 37.75797 ], [ -122.18705, 37.75926 ], [ -122.18669, 37.75964 ] ] ] } },
{ "type": "Feature", "properties": { "GEOID": "06001430800", "name": "Census Tract 4308", "pop": 5887, "pop_lowrel": 0, "hh": 1963, "hh_lowrel": 0, "nocar": 71, "nocar_lowrel": 1, "nocar_pct": 3.6, "age65": 959, "age65_lowrel": 0, "age65_pct": 16.3, "disab": 623, "disab_lowrel": 0, "disab_pct": 10.6, "pov": 365, "pov_lowrel": 1, "pov_pct": 6.2, "lep": 169, "lep_lowrel": 1, "lep_pct": 8.6, "rent": 593, "rent_lowrel": 0, "rent_pct": 30.2, "income": 106016 }, "geometry": { "type": "Polygon", "coordinates": [ [ [ -122.0741, 37.70475 ], [ -122.06672, 37.7044 ], [ -122.06504, 37.70423 ], [ -122.06136, 37.70389 ], [ -122.06062, 37.70401 ], [ -122.05922, 37.70386 ], [ -122.05798, 37.70372 ], [ -122.0554, 37.70378 ], [ -122.05582, 37.70309 ], [ -122.05447, 37.70157 ], [ -122.05528, 37.69903 ], [ -122.05656, 37.6981 ], [ -122.05703, 37.69506 ], [ -122.05828, 37.69573 ], [ -122.05997, 37.69359 ], [ -122.06251, 37.6929 ], [ -122.06244, 37.69351 ], [ -122.06656, 37.69322 ], [ -122.07313, 37.69548 ], [ -122.07397, 37.69562 ], [ -122.07406, 37.70131 ], [ -122.07406, 37.70182 ], [ -122.0741, 37.70475 ] ] ] } },
{ "type": "Feature", "properties": { "GEOID": "06001450300", "name": "Census Tract 4503", "pop": 4988, "pop_lowrel": 0, "hh": 1827, "hh_lowrel": 0, "nocar": 54, "nocar_lowrel": 1, "nocar_pct": 3.0, "age65": 749, "age65_lowrel": 0, "age65_pct": 15.0, "disab": 448, "disab_lowrel": 0, "disab_pct": 9.0, "pov": 124, "pov_lowrel": 1, "pov_pct": 2.5, "lep": 78, "lep_lowrel": 1, "lep_pct": 4.3, "rent": 748, "rent_lowrel": 0, "rent_pct": 40.9, "income": 155423 }, "geometry": { "type": "Polygon", "coordinates": [ [ [ -121.92864, 37.72617 ], [ -121.92582, 37.72685 ], [ -121.91642, 37.71637 ], [ -121.91633, 37.71627 ], [ -121.91426, 37.71403 ], [ -121.91037, 37.71057 ], [ -121.91023, 37.71044 ], [ -121.90388, 37.70581 ], [ -121.8988, 37.70201 ], [ -121.89866, 37.70188 ], [ -121.90701, 37.70189 ], [ -121.9072, 37.7019 ], [ -121.91644, 37.70202 ], [ -121.92258, 37.70113 ], [ -121.92325, 37.70271 ], [ -121.9233, 37.70284 ], [ -121.92508, 37.70551 ], [ -121.92351, 37.70589 ], [ -121.92705, 37.71019 ], [ -121.9276, 37.71229 ], [ -121.92672, 37.71856 ], [ -121.92666, 37.72213 ], [ -121.92937, 37.72608 ], [ -121.92864, 37.72617 ] ] ] } },
{ "type": "Feature", "properties": { "GEOID": "06001427100", "name": "Census Tract 4271", "pop": 4036, "pop_lowrel": 0, "hh": 1356, "hh_lowrel": 0, "nocar": 8, "nocar_lowrel": 1, "nocar_pct": 0.6, "age65": 805, "age65_lowrel": 0, "age65_pct": 19.9, "disab": 320, "disab_lowrel": 0, "disab_pct": 8.3, "pov": 50, "pov_lowrel": 1, "pov_pct": 1.3, "lep": 54, "lep_lowrel": 1, "lep_pct": 4.0, "rent": 254, "rent_lowrel": 0, "rent_pct": 18.7, "income": 233846 }, "geometry": { "type": "Polygon", "coordinates": [ [ [ -122.2381, 37.76978 ], [ -122.23674, 37.7714 ], [ -122.23649, 37.7717 ], [ -122.2302, 37.76898 ], [ -122.22658, 37.76693 ], [ -122.2249, 37.76456 ], [ -122.22421, 37.76281 ], [ -122.22365, 37.75693 ], [ -122.22348, 37.7547 ], [ -122.22378, 37.75443 ], [ -122.22458, 37.75514 ], [ -122.22603, 37.75735 ], [ -122.22993, 37.76006 ], [ -122.22969, 37.7603 ], [ -122.23263, 37.76235 ], [ -122.2349, 37.76351 ], [ -122.23589, 37.76403 ], [ -122.24079, 37.76658 ], [ -122.2381, 37.76978 ] ] ] } },
{ "type": "Feature", "properties": { "GEOID": "06001421200", "name": "Census Tract 4212", "pop": 3588, "pop_lowrel": 0, "hh": 1437, "hh_lowrel": 0, "nocar": 60, "nocar_lowrel": 1, "nocar_pct": 4.2, "age65": 1383, "age65_lowrel": 0, "age65_pct": 38.5, "disab": 304, "disab_lowrel": 0, "disab_pct": 8.5, "pov": 31, "pov_lowrel": 1, "pov_pct": 0.9, "lep": 11, "lep_lowrel": 1, "lep_pct": 0.8, "rent": 59, "rent_lowrel": 0, "rent_pct": 4.1, "income": 250001 }, "geometry": { "type": "Polygon", "coordinates": [ [ [ -122.2859, 37.8988 ], [ -122.28364, 37.9 ], [ -122.27878, 37.90074 ], [ -122.27728, 37.90172 ], [ -122.27787, 37.90315 ], [ -122.27446, 37.90421 ], [ -122.27108, 37.90582 ], [ -122.27024, 37.90436 ], [ -122.27068, 37.9018 ], [ -122.26959, 37.90143 ], [ -122.27119, 37.8997 ], [ -122.26965, 37.89718 ], [ -122.26939, 37.89575 ], [ -122.26774, 37.89313 ], [ -122.27229, 37.89025 ], [ -122.27251, 37.89 ], [ -122.27603, 37.88887 ], [ -122.27659, 37.88882 ], [ -122.27715, 37.89147 ], [ -122.2774, 37.89292 ], [ -122.27713, 37.89407 ], [ -122.27803, 37.89522 ], [ -122.28167, 37.89674 ], [ -122.28125, 37.89963 ], [ -122.28207, 37.89991 ], [ -122.2857, 37.89837 ], [ -122.2859, 37.8988 ] ] ] } },
{ "type": "Feature", "properties": { "GEOID": "06001443001", "name": "Census Tract 4430.01", "pop": 2802, "pop_lowrel": 0, "hh": 860, "hh_lowrel": 0, "nocar": 35, "nocar_lowrel": 0, "nocar_pct": 4.1, "age65": 315, "age65_lowrel": 0, "age65_pct": 11.2, "disab": 345, "disab_lowrel": 0, "disab_pct": 12.3, "pov": 125, "pov_lowrel": 0, "pov_pct": 4.5, "lep": 92, "lep_lowrel": 0, "lep_pct": 10.7, "rent": 114, "rent_lowrel": 0, "rent_pct": 13.3, "income": 158095 }, "geometry": { "type": "Polygon", "coordinates": [ [ [ -121.9576, 37.52392 ], [ -121.95296, 37.52442 ], [ -121.95163, 37.5249 ], [ -121.94897, 37.51981 ], [ -121.94532, 37.51278 ], [ -121.94677, 37.5124 ], [ -121.95117, 37.5121 ], [ -121.95293, 37.51511 ], [ -121.95436, 37.51751 ], [ -121.95514, 37.5189 ], [ -121.95734, 37.52269 ], [ -121.9576, 37.52392 ] ] ] } },
{ "type": "Feature", "properties": { "GEOID": "06001405000", "name": "Census Tract 4050", "pop": 3566, "pop_lowrel": 0, "hh": 1581, "hh_lowrel": 0, "nocar": 110, "nocar_lowrel": 0, "nocar_pct": 7.0, "age65": 789, "age65_lowrel": 0, "age65_pct": 22.1, "disab": 352, "disab_lowrel": 0, "disab_pct": 9.9, "pov": 141, "pov_lowrel": 0, "pov_pct": 4.0, "lep": 142, "lep_lowrel": 0, "lep_pct": 9.0, "rent": 534, "rent_lowrel": 0, "rent_pct": 33.8, "income": 136406 }, "geometry": { "type": "Polygon", "coordinates": [ [ [ -122.24607, 37.81011 ], [ -122.24329, 37.81106 ], [ -122.2372, 37.80705 ], [ -122.23499, 37.8072 ], [ -122.23301, 37.80689 ], [ -122.23106, 37.8072 ], [ -122.22769, 37.8081 ], [ -122.22505, 37.80995 ], [ -122.2225, 37.81103 ], [ -122.22091, 37.81332 ], [ -122.22043, 37.81344 ], [ -122.22021, 37.81341 ], [ -122.21794, 37.81289 ], [ -122.21517, 37.81228 ], [ -122.21558, 37.81151 ], [ -122.21588, 37.81113 ], [ -122.21709, 37.81019 ], [ -122.21762, 37.80959 ], [ -122.21819, 37.80915 ], [ -122.22174, 37.80776 ], [ -122.22483, 37.80631 ], [ -122.22889, 37.80457 ], [ -122.2308, 37.80291 ], [ -122.23117, 37.8026 ], [ -122.2334, 37.80438 ], [ -122.23542, 37.80562 ], [ -122.24198, 37.80855 ], [ -122.2465, 37.80984 ], [ -122.24607, 37.81011 ] ] ] } },
{ "type": "Feature", "properties": { "GEOID": "06001403401", "name": "Census Tract 4034.01", "pop": 2724, "pop_lowrel": 0, "hh": 1969, "hh_lowrel": 0, "nocar": 853, "nocar_lowrel": 0, "nocar_pct": 43.3, "age65": 792, "age65_lowrel": 0, "age65_pct": 29.1, "disab": 443, "disab_lowrel": 0, "disab_pct": 16.4, "pov": 608, "pov_lowrel": 0, "pov_pct": 22.5, "lep": 308, "lep_lowrel": 0, "lep_pct": 15.6, "rent": 1609, "rent_lowrel": 0, "rent_pct": 81.7, "income": 70472 }, "geometry": { "type": "Polygon", "coordinates": [ [ [ -122.26545, 37.80634 ], [ -122.26356, 37.80722 ], [ -122.26246, 37.81094 ], [ -122.26059, 37.81068 ], [ -122.26021, 37.81052 ], [ -122.25855, 37.80941 ], [ -122.25616, 37.80901 ], [ -122.256, 37.80746 ], [ -122.25343, 37.80772 ], [ -122.25277, 37.80875 ], [ -122.25047, 37.80888 ], [ -122.24915, 37.80839 ], [ -122.2506, 37.80524 ], [ -122.25345, 37.80361 ], [ -122.25407, 37.80252 ], [ -122.25447, 37.80184 ], [ -122.25451, 37.80056 ], [ -122.25781, 37.7997 ], [ -122.25955, 37.7983 ], [ -122.26042, 37.79833 ], [ -122.26375, 37.7997 ], [ -122.2629, 37.8011 ], [ -122.26407, 37.80157 ], [ -122.26526, 37.80202 ], [ -122.26358, 37.80466 ], [ -122.26478, 37.80512 ], [ -122.26545, 37.80634 ] ] ] } },
{ "type": "Feature", "properties": { "GEOID": "06001420402", "name": "Census Tract 4204.02", "pop": 1596, "pop_lowrel": 0, "hh": 563, "hh_lowrel": 0, "nocar": 136, "nocar_lowrel": 0, "nocar_pct": 24.2, "age65": 7, "age65_lowrel": 1, "age65_pct": 0.4, "disab": 53, "disab_lowrel": 1, "disab_pct": 3.3, "pov": 231, "pov_lowrel": 0, "pov_pct": 19.1, "lep": 63, "lep_lowrel": 0, "lep_pct": 11.2, "rent": 563, "rent_lowrel": 0, "rent_pct": 100.0, "income": 98059 }, "geometry": { "type": "Polygon", "coordinates": [ [ [ -122.32691, 37.88965 ], [ -122.31232, 37.88949 ], [ -122.30823, 37.8873 ], [ -122.30699, 37.8872 ], [ -122.30182, 37.88761 ], [ -122.30096, 37.8877 ], [ -122.30031, 37.88571 ], [ -122.30187, 37.88535 ], [ -122.30302, 37.88508 ], [ -122.30246, 37.88351 ], [ -122.30234, 37.88309 ], [ -122.30251, 37.88307 ], [ -122.30243, 37.88275 ], [ -122.30231, 37.88236 ], [ -122.30751, 37.88179 ], [ -122.30835, 37.88212 ], [ -122.31282, 37.88128 ], [ -122.31615, 37.88491 ], [ -122.32691, 37.88871 ], [ -122.32691, 37.88965 ] ] ] } },
{ "type": "Feature", "properties": { "GEOID": "06001451504", "name": "Census Tract 4515.04", "pop": 1464, "pop_lowrel": 0, "hh": 538, "hh_lowrel": 0, "nocar": 10, "nocar_lowrel": 1, "nocar_pct": 1.9, "age65": 282, "age65_lowrel": 0, "age65_pct": 19.3, "disab": 144, "disab_lowrel": 0, "disab_pct": 9.8, "pov": 31, "pov_lowrel": 1, "pov_pct": 2.1, "lep": 0, "lep_lowrel": 0, "lep_pct": 0.0, "rent": 119, "rent_lowrel": 0, "rent_pct": 22.1, "income": 206136 }, "geometry": { "type": "Polygon", "coordinates": [ [ [ -121.74716, 37.69453 ], [ -121.74436, 37.69653 ], [ -121.7406, 37.70166 ], [ -121.74028, 37.70273 ], [ -121.73743, 37.70345 ], [ -121.72387, 37.70913 ], [ -121.72295, 37.70651 ], [ -121.7188, 37.70021 ], [ -121.71807, 37.69694 ], [ -121.71859, 37.69442 ], [ -121.72028, 37.69445 ], [ -121.72161, 37.69474 ], [ -121.72399, 37.69527 ], [ -121.72643, 37.69525 ], [ -121.7318, 37.6942 ], [ -121.73232, 37.68784 ], [ -121.73671, 37.68807 ], [ -121.73816, 37.68742 ], [ -121.74367, 37.69009 ], [ -121.74655, 37.69393 ], [ -121.74716, 37.69453 ] ] ] } },
{ "type": "Feature", "properties": { "GEOID": "06001405302", "name": "Census Tract 4053.02", "pop": 2501, "pop_lowrel": 0, "hh": 1558, "hh_lowrel": 0, "nocar": 521, "nocar_lowrel": 0, "nocar_pct": 33.4, "age65": 569, "age65_lowrel": 0, "age65_pct": 22.8, "disab": 571, "disab_lowrel": 0, "disab_pct": 22.8, "pov": 448, "pov_lowrel": 0, "pov_pct": 18.2, "lep": 339, "lep_lowrel": 0, "lep_pct": 21.8, "rent": 1496, "rent_lowrel": 0, "rent_pct": 96.0, "income": 61806 }, "geometry": { "type": "Polygon", "coordinates": [ [ [ -122.25781, 37.7997 ], [ -122.25451, 37.80056 ], [ -122.25193, 37.79973 ], [ -122.25102, 37.79918 ], [ -122.25016, 37.79843 ], [ -122.25204, 37.79709 ], [ -122.25386, 37.79578 ], [ -122.25467, 37.7965 ], [ -122.25548, 37.79724 ], [ -122.25713, 37.79873 ], [ -122.25955, 37.7983 ], [ -122.25781, 37.7997 ] ] ] } },
{ "type": "Feature", "properties": { "GEOID": "06001432502", "name": "Census Tract 4325.02", "pop": 5104, "pop_lowrel": 0, "hh": 1416, "hh_lowrel": 0, "nocar": 132, "nocar_lowrel": 0, "nocar_pct": 9.3, "age65": 754, "age65_lowrel": 0, "age65_pct": 14.8, "disab": 706, "disab_lowrel": 0, "disab_pct": 13.8, "pov": 621, "pov_lowrel": 0, "pov_pct": 12.3, "lep": 189, "lep_lowrel": 0, "lep_pct": 13.3, "rent": 822, "rent_lowrel": 0, "rent_pct": 58.1, "income": 104089 }, "geometry": { "type": "Polygon", "coordinates": [ [ [ -122.18192, 37.72537 ], [ -122.18023, 37.72574 ], [ -122.1758, 37.72523 ], [ -122.17434, 37.72665 ], [ -122.1704, 37.72776 ], [ -122.17043, 37.72784 ], [ -122.17012, 37.72778 ], [ -122.16424, 37.72265 ], [ -122.16724, 37.72184 ], [ -122.1681, 37.72163 ], [ -122.1705, 37.72103 ], [ -122.17306, 37.72035 ], [ -122.17394, 37.72002 ], [ -122.1753, 37.71947 ], [ -122.17686, 37.7191 ], [ -122.18331, 37.72557 ], [ -122.18192, 37.72537 ] ] ] } },
{ "type": "Feature", "properties": { "GEOID": "06001450502", "name": "Census Tract 4505.02", "pop": 5864, "pop_lowrel": 0, "hh": 1953, "hh_lowrel": 0, "nocar": 43, "nocar_lowrel": 1, "nocar_pct": 2.2, "age65": 1066, "age65_lowrel": 0, "age65_pct": 18.2, "disab": 424, "disab_lowrel": 0, "disab_pct": 7.2, "pov": 402, "pov_lowrel": 0, "pov_pct": 6.9, "lep": 26, "lep_lowrel": 1, "lep_pct": 1.3, "rent": 182, "rent_lowrel": 0, "rent_pct": 9.3, "income": 222156 }, "geometry": { "type": "Polygon", "coordinates": [ [ [ -122.00128, 37.70373 ], [ -121.99111, 37.71253 ], [ -121.97529, 37.72628 ], [ -121.97293, 37.72817 ], [ -121.97126, 37.72956 ], [ -121.96846, 37.72659 ], [ -121.96245, 37.7207 ], [ -121.96004, 37.71853 ], [ -121.95511, 37.71972 ], [ -121.94876, 37.72128 ], [ -121.9437, 37.72272 ], [ -121.94238, 37.72295 ], [ -121.93948, 37.71388 ], [ -121.94526, 37.71323 ], [ -121.94737, 37.71197 ], [ -121.94811, 37.71049 ], [ -121.94629, 37.70782 ], [ -121.94609, 37.70459 ], [ -121.94597, 37.70356 ], [ -121.94574, 37.70228 ], [ -121.94455, 37.70026 ], [ -121.944, 37.69978 ], [ -121.93579, 37.70209 ], [ -121.93545, 37.70054 ], [ -121.93496, 37.69852 ], [ -121.93567, 37.69847 ], [ -121.95496, 37.69861 ], [ -121.95622, 37.69861 ], [ -121.95847, 37.69855 ], [ -121.96392, 37.69763 ], [ -121.96797, 37.69737 ], [ -121.97315, 37.69775 ], [ -121.98202, 37.69928 ], [ -121.98763, 37.70003 ], [ -121.99536, 37.7029 ], [ -122.00128, 37.70373 ] ] ] } },
{ "type": "Feature", "properties": { "GEOID": "06001407500", "name": "Census Tract 4075", "pop": 3458, "pop_lowrel": 0, "hh": 1136, "hh_lowrel": 0, "nocar": 168, "nocar_lowrel": 1, "nocar_pct": 14.8, "age65": 424, "age65_lowrel": 0, "age65_pct": 12.3, "disab": 322, "disab_lowrel": 0, "disab_pct": 9.5, "pov": 504, "pov_lowrel": 1, "pov_pct": 14.9, "lep": 157, "lep_lowrel": 0, "lep_pct": 13.8, "rent": 645, "rent_lowrel": 0, "rent_pct": 56.8, "income": 70588 }, "geometry": { "type": "Polygon", "coordinates": [ [ [ -122.20084, 37.76913 ], [ -122.20081, 37.77007 ], [ -122.20081, 37.77266 ], [ -122.19592, 37.77264 ], [ -122.19034, 37.77158 ], [ -122.19219, 37.77029 ], [ -122.19498, 37.76832 ], [ -122.19573, 37.7678 ], [ -122.1995, 37.76515 ], [ -122.20368, 37.76713 ], [ -122.20084, 37.76913 ] ] ] } },
{ "type": "Feature", "properties": { "GEOID": "06001441522", "name": "Census Tract 4415.22", "pop": 5090, "pop_lowrel": 0, "hh": 1471, "hh_lowrel": 0, "nocar": 32, "nocar_lowrel": 1, "nocar_pct": 2.2, "age65": 731, "age65_lowrel": 0, "age65_pct": 14.4, "disab": 253, "disab_lowrel": 0, "disab_pct": 5.0, "pov": 134, "pov_lowrel": 0, "pov_pct": 2.6, "lep": 172, "lep_lowrel": 0, "lep_pct": 11.7, "rent": 215, "rent_lowrel": 0, "rent_pct": 14.6, "income": 208160 }, "geometry": { "type": "Polygon", "coordinates": [ [ [ -122.06428, 37.58679 ], [ -122.06046, 37.5918 ], [ -122.05673, 37.59263 ], [ -122.0551, 37.59033 ], [ -122.05035, 37.58349 ], [ -122.04955, 37.5819 ], [ -122.04835, 37.5786 ], [ -122.05065, 37.5797 ], [ -122.05466, 37.58174 ], [ -122.05502, 37.58115 ], [ -122.06043, 37.57489 ], [ -122.06044, 37.57497 ], [ -122.06211, 37.5829 ], [ -122.06282, 37.58476 ], [ -122.06218, 37.58552 ], [ -122.06387, 37.58644 ], [ -122.06432, 37.58675 ], [ -122.06428, 37.58679 ] ] ] } },
{ "type": "Feature", "properties": { "GEOID": "06001423602", "name": "Census Tract 4236.02", "pop": 5621, "pop_lowrel": 0, "hh": 2255, "hh_lowrel": 0, "nocar": 908, "nocar_lowrel": 0, "nocar_pct": 40.3, "age65": 784, "age65_lowrel": 0, "age65_pct": 13.9, "disab": 417, "disab_lowrel": 1, "disab_pct": 7.4, "pov": 2295, "pov_lowrel": 0, "pov_pct": 41.8, "lep": 0, "lep_lowrel": 0, "lep_pct": 0.0, "rent": 1591, "rent_lowrel": 0, "rent_pct": 70.6, "income": 53952 }, "geometry": { "type": "Polygon", "coordinates": [ [ [ -122.26528, 37.86427 ], [ -122.26074, 37.86484 ], [ -122.25854, 37.86515 ], [ -122.25395, 37.86574 ], [ -122.25374, 37.86362 ], [ -122.25355, 37.86182 ], [ -122.26452, 37.86068 ], [ -122.26488, 37.86246 ], [ -122.26528, 37.86427 ] ] ] } },
{ "type": "Feature", "properties": { "GEOID": "06001420600", "name": "Census Tract 4206", "pop": 3480, "pop_lowrel": 0, "hh": 1322, "hh_lowrel": 0, "nocar": 26, "nocar_lowrel": 1, "nocar_pct": 2.0, "age65": 657, "age65_lowrel": 0, "age65_pct": 18.9, "disab": 151, "disab_lowrel": 0, "disab_pct": 4.3, "pov": 130, "pov_lowrel": 0, "pov_pct": 3.7, "lep": 16, "lep_lowrel": 1, "lep_pct": 1.2, "rent": 298, "rent_lowrel": 0, "rent_pct": 22.5, "income": 199091 }, "geometry": { "type": "Polygon", "coordinates": [ [ [ -122.29339, 37.89057 ], [ -122.29192, 37.89065 ], [ -122.28885, 37.89081 ], [ -122.28705, 37.89092 ], [ -122.2857, 37.89101 ], [ -122.28241, 37.89117 ], [ -122.28167, 37.88826 ], [ -122.28274, 37.88538 ], [ -122.28185, 37.88502 ], [ -122.28203, 37.88437 ], [ -122.28292, 37.88251 ], [ -122.28425, 37.88245 ], [ -122.28723, 37.88253 ], [ -122.28857, 37.8829 ], [ -122.29028, 37.88302 ], [ -122.29076, 37.88315 ], [ -122.29168, 37.88528 ], [ -122.29245, 37.8877 ], [ -122.29339, 37.89057 ] ] ] } },
{ "type": "Feature", "properties": { "GEOID": "06001401700", "name": "Census Tract 4017", "pop": 3626, "pop_lowrel": 0, "hh": 1574, "hh_lowrel": 0, "nocar": 80, "nocar_lowrel": 1, "nocar_pct": 5.1, "age65": 245, "age65_lowrel": 0, "age65_pct": 6.8, "disab": 349, "disab_lowrel": 0, "disab_pct": 9.6, "pov": 647, "pov_lowrel": 0, "pov_pct": 17.9, "lep": 117, "lep_lowrel": 1, "lep_pct": 7.4, "rent": 861, "rent_lowrel": 0, "rent_pct": 54.7, "income": 148387 }, "geometry": { "type": "Polygon", "coordinates": [ [ [ -122.33037, 37.82058 ], [ -122.31611, 37.82734 ], [ -122.30612, 37.82602 ], [ -122.29662, 37.82847 ], [ -122.29712, 37.83122 ], [ -122.29447, 37.83056 ], [ -122.29339, 37.83067 ], [ -122.29103, 37.83011 ], [ -122.29086, 37.83007 ], [ -122.29006, 37.82987 ], [ -122.2889, 37.8296 ], [ -122.28814, 37.82941 ], [ -122.288, 37.82938 ], [ -122.2874, 37.82921 ], [ -122.28238, 37.82803 ], [ -122.28095, 37.82769 ], [ -122.28364, 37.82441 ], [ -122.28494, 37.82277 ], [ -122.28623, 37.82116 ], [ -122.28843, 37.81831 ], [ -122.28967, 37.817 ], [ -122.28967, 37.81684 ], [ -122.29399, 37.81141 ], [ -122.29786, 37.8133 ], [ -122.30021, 37.81034 ], [ -122.30201, 37.80806 ], [ -122.30245, 37.80698 ], [ -122.30482, 37.80757 ], [ -122.30487, 37.8079 ], [ -122.31077, 37.8088 ], [ -122.31221, 37.80866 ], [ -122.3202, 37.80932 ], [ -122.32393, 37.80798 ], [ -122.3278, 37.80766 ], [ -122.32866, 37.81052 ], [ -122.32278, 37.81013 ], [ -122.3173, 37.81626 ], [ -122.3192, 37.81908 ], [ -122.33037, 37.82058 ] ] ] } },
{ "type": "Feature", "properties": { "GEOID": "06001436700", "name": "Census Tract 4367", "pop": 3360, "pop_lowrel": 0, "hh": 1201, "hh_lowrel": 0, "nocar": 46, "nocar_lowrel": 1, "nocar_pct": 3.8, "age65": 405, "age65_lowrel": 0, "age65_pct": 12.1, "disab": 225, "disab_lowrel": 0, "disab_pct": 6.7, "pov": 290, "pov_lowrel": 1, "pov_pct": 8.6, "lep": 122, "lep_lowrel": 0, "lep_pct": 10.2, "rent": 486, "rent_lowrel": 0, "rent_pct": 40.5, "income": 127652 }, "geometry": { "type": "Polygon", "coordinates": [ [ [ -122.10679, 37.66644 ], [ -122.10366, 37.66651 ], [ -122.10335, 37.66652 ], [ -122.10118, 37.66644 ], [ -122.10023, 37.66657 ], [ -122.0926, 37.65989 ], [ -122.09691, 37.65823 ], [ -122.09814, 37.65777 ], [ -122.10161, 37.65642 ], [ -122.10476, 37.66149 ], [ -122.10588, 37.66329 ], [ -122.10778, 37.66635 ], [ -122.10679, 37.66644 ] ] ] } },
{ "type": "Feature", "properties": { "GEOID": "06001408700", "name": "Census Tract 4087", "pop": 7280, "pop_lowrel": 0, "hh": 2757, "hh_lowrel": 0, "nocar": 188, "nocar_lowrel": 1, "nocar_pct": 6.8, "age65": 958, "age65_lowrel": 0, "age65_pct": 13.2, "disab": 735, "disab_lowrel": 0, "disab_pct": 10.1, "pov": 983, "pov_lowrel": 0, "pov_pct": 13.5, "lep": 144, "lep_lowrel": 1, "lep_pct": 5.2, "rent": 1724, "rent_lowrel": 0, "rent_pct": 62.5, "income": 53116 }, "geometry": { "type": "Polygon", "coordinates": [ [ [ -122.19573, 37.7678 ], [ -122.19498, 37.76832 ], [ -122.19219, 37.77029 ], [ -122.19034, 37.77158 ], [ -122.18537, 37.77542 ], [ -122.18401, 37.77649 ], [ -122.18017, 37.77426 ], [ -122.17973, 37.77389 ], [ -122.18198, 37.77242 ], [ -122.1816, 37.77187 ], [ -122.18187, 37.76957 ], [ -122.18205, 37.76918 ], [ -122.18732, 37.7658 ], [ -122.18934, 37.76452 ], [ -122.19024, 37.76369 ], [ -122.19283, 37.762 ], [ -122.19433, 37.76271 ], [ -122.19545, 37.76326 ], [ -122.1995, 37.76515 ], [ -122.19573, 37.7678 ] ] ] } },
{ "type": "Feature", "properties": { "GEOID": "06001404502", "name": "Census Tract 4045.02", "pop": 6286, "pop_lowrel": 0, "hh": 2590, "hh_lowrel": 0, "nocar": 17, "nocar_lowrel": 1, "nocar_pct": 0.7, "age65": 1290, "age65_lowrel": 0, "age65_pct": 20.5, "disab": 492, "disab_lowrel": 0, "disab_pct": 7.8, "pov": 94, "pov_lowrel": 1, "pov_pct": 1.5, "lep": 85, "lep_lowrel": 1, "lep_pct": 3.3, "rent": 103, "rent_lowrel": 1, "rent_pct": 4.0, "income": 250001 }, "geometry": { "type": "Polygon", "coordinates": [ [ [ -122.2153, 37.8316 ], [ -122.21455, 37.83279 ], [ -122.21233, 37.83444 ], [ -122.21103, 37.83776 ], [ -122.21068, 37.83876 ], [ -122.20919, 37.84152 ], [ -122.2067, 37.84177 ], [ -122.20249, 37.84345 ], [ -122.19869, 37.84356 ], [ -122.19529, 37.84282 ], [ -122.19535, 37.84263 ], [ -122.19562, 37.84191 ], [ -122.19207, 37.84025 ], [ -122.18899, 37.83797 ], [ -122.1886, 37.83775 ], [ -122.18512, 37.83735 ], [ -122.18453, 37.83592 ], [ -122.18766, 37.83621 ], [ -122.18697, 37.83542 ], [ -122.19211, 37.83391 ], [ -122.19402, 37.83205 ], [ -122.19893, 37.83024 ], [ -122.20148, 37.8287 ], [ -122.20317, 37.8238 ], [ -122.20715, 37.82486 ], [ -122.20927, 37.82396 ], [ -122.21263, 37.82809 ], [ -122.21578, 37.83126 ], [ -122.2153, 37.8316 ] ] ] } },
{ "type": "Feature", "properties": { "GEOID": "06001409000", "name": "Census Tract 4090", "pop": 4204, "pop_lowrel": 0, "hh": 1005, "hh_lowrel": 0, "nocar": 65, "nocar_lowrel": 1, "nocar_pct": 6.5, "age65": 478, "age65_lowrel": 0, "age65_pct": 11.4, "disab": 779, "disab_lowrel": 0, "disab_pct": 18.5, "pov": 806, "pov_lowrel": 0, "pov_pct": 19.3, "lep": 157, "lep_lowrel": 0, "lep_pct": 15.6, "rent": 423, "rent_lowrel": 0, "rent_pct": 42.1, "income": 75987 }, "geometry": { "type": "Polygon", "coordinates": [ [ [ -122.24837, 37.72777 ], [ -122.24849, 37.72789 ], [ -122.24791, 37.72837 ], [ -122.24504, 37.7258 ], [ -122.23618, 37.71985 ], [ -122.22834, 37.72773 ], [ -122.22677, 37.72766 ], [ -122.22644, 37.73439 ], [ -122.22649, 37.74504 ], [ -122.2266, 37.7455 ], [ -122.2265, 37.74808 ], [ -122.22338, 37.74804 ], [ -122.22348, 37.7547 ], [ -122.21811, 37.75966 ], [ -122.21485, 37.76147 ], [ -122.20754, 37.75315 ], [ -122.20518, 37.75423 ], [ -122.2011, 37.75488 ], [ -122.19808, 37.75221 ], [ -122.19655, 37.75086 ], [ -122.19362, 37.74832 ], [ -122.19073, 37.74581 ], [ -122.18156, 37.73783 ], [ -122.18335, 37.73643 ], [ -122.18359, 37.73592 ], [ -122.18382, 37.73539 ], [ -122.18419, 37.73482 ], [ -122.18482, 37.73429 ], [ -122.18682, 37.73286 ], [ -122.18694, 37.73277 ], [ -122.18878, 37.73173 ], [ -122.18417, 37.72653 ], [ -122.18331, 37.72557 ], [ -122.18442, 37.72612 ], [ -122.18646, 37.72759 ], [ -122.1903, 37.72886 ], [ -122.19193, 37.72729 ], [ -122.19614, 37.72601 ], [ -122.19805, 37.72623 ], [ -122.19775, 37.72517 ], [ -122.19675, 37.72413 ], [ -122.189, 37.71789 ], [ -122.1929, 37.71673 ], [ -122.1934, 37.71783 ], [ -122.19471, 37.71754 ], [ -122.19427, 37.71591 ], [ -122.19703, 37.71583 ], [ -122.20217, 37.71298 ], [ -122.20973, 37.71109 ], [ -122.20919, 37.71001 ], [ -122.21248, 37.70897 ], [ -122.21177, 37.70201 ], [ -122.21474, 37.69925 ], [ -122.2265, 37.70653 ], [ -122.22713, 37.70698 ], [ -122.25217, 37.72495 ], [ -122.24837, 37.72777 ] ] ] } },
{ "type": "Feature", "properties": { "GEOID": "06001442100", "name": "Census Tract 4421", "pop": 5064, "pop_lowrel": 0, "hh": 1676, "hh_lowrel": 0, "nocar": 10, "nocar_lowrel": 1, "nocar_pct": 0.6, "age65": 926, "age65_lowrel": 0, "age65_pct": 18.3, "disab": 260, "disab_lowrel": 0, "disab_pct": 5.1, "pov": 10, "pov_lowrel": 1, "pov_pct": 0.2, "lep": 175, "lep_lowrel": 0, "lep_pct": 10.4, "rent": 333, "rent_lowrel": 0, "rent_pct": 19.9, "income": 243370 }, "geometry": { "type": "Polygon", "coordinates": [ [ [ -121.95564, 37.55985 ], [ -121.94598, 37.55386 ], [ -121.93985, 37.54988 ], [ -121.94464, 37.5451 ], [ -121.94815, 37.54136 ], [ -121.95347, 37.53534 ], [ -121.95356, 37.53506 ], [ -121.95334, 37.53321 ], [ -121.954, 37.53311 ], [ -121.95441, 37.5383 ], [ -121.95517, 37.5416 ], [ -121.95438, 37.54227 ], [ -121.95493, 37.54997 ], [ -121.95564, 37.55985 ] ] ] } },
{ "type": "Feature", "properties": { "GEOID": "06001442602", "name": "Census Tract 4426.02", "pop": 4850, "pop_lowrel": 0, "hh": 1705, "hh_lowrel": 0, "nocar": 141, "nocar_lowrel": 1, "nocar_pct": 8.3, "age65": 914, "age65_lowrel": 0, "age65_pct": 18.8, "disab": 627, "disab_lowrel": 0, "disab_pct": 12.9, "pov": 654, "pov_lowrel": 1, "pov_pct": 13.5, "lep": 209, "lep_lowrel": 0, "lep_pct": 12.3, "rent": 785, "rent_lowrel": 0, "rent_pct": 46.0, "income": 146908 }, "geometry": { "type": "Polygon", "coordinates": [ [ [ -122.01257, 37.54581 ], [ -122.00863, 37.55041 ], [ -122.00545, 37.5545 ], [ -122.0049, 37.55506 ], [ -122.00371, 37.55647 ], [ -121.99626, 37.55261 ], [ -122.00109, 37.54667 ], [ -122.00277, 37.54455 ], [ -122.00308, 37.54273 ], [ -122.00534, 37.53989 ], [ -122.01371, 37.54419 ], [ -122.01257, 37.54581 ] ] ] } },
{ "type": "Feature", "properties": { "GEOID": "06001441503", "name": "Census Tract 4415.03", "pop": 7604, "pop_lowrel": 0, "hh": 2419, "hh_lowrel": 0, "nocar": 8, "nocar_lowrel": 1, "nocar_pct": 0.3, "age65": 758, "age65_lowrel": 0, "age65_pct": 10.0, "disab": 198, "disab_lowrel": 0, "disab_pct": 2.6, "pov": 299, "pov_lowrel": 1, "pov_pct": 3.9, "lep": 356, "lep_lowrel": 0, "lep_pct": 14.7, "rent": 485, "rent_lowrel": 0, "rent_pct": 20.0, "income": 250001 }, "geometry": { "type": "MultiPolygon", "coordinates": [ [ [ [ -122.11142, 37.5102 ], [ -122.11076, 37.50925 ], [ -122.10124, 37.51825 ], [ -122.10152, 37.52134 ], [ -122.09833, 37.52261 ], [ -122.09326, 37.52099 ], [ -122.09228, 37.51849 ], [ -122.08833, 37.51685 ], [ -122.08894, 37.51325 ], [ -122.08284, 37.51448 ], [ -122.08086, 37.51661 ], [ -122.07957, 37.51601 ], [ -122.07998, 37.5148 ], [ -122.07396, 37.51633 ], [ -122.07019, 37.51786 ], [ -122.06738, 37.51828 ], [ -122.06452, 37.51302 ], [ -122.06094, 37.5141 ], [ -122.06084, 37.51483 ], [ -122.05575, 37.51423 ], [ -122.05499, 37.51042 ], [ -122.05403, 37.50845 ], [ -122.05452, 37.50567 ], [ -122.05572, 37.50249 ], [ -122.05748, 37.49912 ], [ -122.05085, 37.49762 ], [ -122.05078, 37.49647 ], [ -122.04112, 37.49353 ], [ -122.03831, 37.4937 ], [ -122.0353, 37.49239 ], [ -122.03223, 37.48935 ], [ -122.02974, 37.48885 ], [ -122.03018, 37.48725 ], [ -122.03026, 37.48266 ], [ -122.02745, 37.47866 ], [ -122.02585, 37.47898 ], [ -122.02537, 37.48062 ], [ -122.02528, 37.48241 ], [ -122.02485, 37.48325 ], [ -122.02314, 37.48469 ], [ -122.0198, 37.48459 ], [ -122.01737, 37.48354 ], [ -122.01429, 37.48137 ], [ -122.00975, 37.48898 ], [ -122.01053, 37.49306 ], [ -122.00606, 37.49462 ], [ -122.00319, 37.49447 ], [ -121.99952, 37.49332 ], [ -121.99647, 37.49807 ], [ -121.99203, 37.49807 ], [ -121.99348, 37.49945 ], [ -121.99332, 37.49945 ], [ -121.99785, 37.50424 ], [ -121.99537, 37.51084 ], [ -121.99482, 37.51383 ], [ -121.98928, 37.52086 ], [ -121.98831, 37.52175 ], [ -121.98777, 37.52243 ], [ -121.98381, 37.52034 ], [ -121.98254, 37.51942 ], [ -121.97264, 37.51141 ], [ -121.96746, 37.50745 ], [ -121.96288, 37.50934 ], [ -121.96063, 37.51018 ], [ -121.95117, 37.5121 ], [ -121.94987, 37.50955 ], [ -121.94905, 37.5025 ], [ -121.94823, 37.49475 ], [ -121.9486, 37.4928 ], [ -121.93678, 37.48395 ], [ -121.93504, 37.48444 ], [ -121.93328, 37.48597 ], [ -121.93213, 37.48725 ], [ -121.93068, 37.48894 ], [ -121.92954, 37.48985 ], [ -121.92673, 37.48486 ], [ -121.92461, 37.48112 ], [ -121.924, 37.48007 ], [ -121.92108, 37.475 ], [ -121.9183, 37.47019 ], [ -121.91673, 37.46749 ], [ -121.91265, 37.46065 ], [ -121.91727, 37.45839 ], [ -121.923, 37.4553 ], [ -121.92504, 37.45419 ], [ -121.9266, 37.45506 ], [ -121.9269, 37.45525 ], [ -121.92736, 37.45503 ], [ -121.9279, 37.45535 ], [ -121.92756, 37.45693 ], [ -121.92844, 37.45739 ], [ -121.93207, 37.45528 ], [ -121.93266, 37.45692 ], [ -121.93113, 37.45739 ], [ -121.93147, 37.46091 ], [ -121.93412, 37.46033 ], [ -121.93514, 37.46084 ], [ -121.93499, 37.46246 ], [ -121.93603, 37.46293 ], [ -121.9389, 37.46239 ], [ -121.94109, 37.46495 ], [ -121.94378, 37.46546 ], [ -121.94424, 37.46853 ], [ -121.94491, 37.46916 ], [ -121.94709, 37.46742 ], [ -121.94617, 37.46395 ], [ -121.94813, 37.46184 ], [ -121.95192, 37.46146 ], [ -121.95931, 37.46351 ], [ -121.96416, 37.46315 ], [ -121.96852, 37.46195 ], [ -121.97471, 37.46074 ], [ -121.98001, 37.46089 ], [ -121.99267, 37.46464 ], [ -121.99431, 37.46605 ], [ -121.99647, 37.46704 ], [ -122.02087, 37.46514 ], [ -122.02542, 37.46563 ], [ -122.03618, 37.46497 ], [ -122.03727, 37.4647 ], [ -122.04087, 37.46286 ], [ -122.04984, 37.46608 ], [ -122.05343, 37.47332 ], [ -122.05446, 37.48726 ], [ -122.05554, 37.49523 ], [ -122.08264, 37.50157 ], [ -122.09279, 37.50061 ], [ -122.10253, 37.49724 ], [ -122.10942, 37.50025 ], [ -122.11134, 37.50758 ], [ -122.11142, 37.5102 ] ] ], [ [ [ -122.1288, 37.56685 ], [ -122.12646, 37.56853 ], [ -122.12431, 37.56917 ], [ -122.12088, 37.56904 ], [ -122.11013, 37.56555 ], [ -122.11108, 37.56138 ], [ -122.1103, 37.56052 ], [ -122.1073, 37.56137 ], [ -122.10436, 37.56392 ], [ -122.1023, 37.56219 ], [ -122.10122, 37.56264 ], [ -122.10059, 37.56467 ], [ -122.09707, 37.56427 ], [ -122.0945, 37.56193 ], [ -122.09304, 37.56264 ], [ -122.09214, 37.56234 ], [ -122.08075, 37.5614 ], [ -122.07137, 37.56302 ], [ -122.06973, 37.56364 ], [ -122.06665, 37.56654 ], [ -122.06282, 37.57117 ], [ -122.06022, 37.57399 ], [ -122.06013, 37.5735 ], [ -122.0593, 37.56941 ], [ -122.0584, 37.56506 ], [ -122.05741, 37.5602 ], [ -122.05688, 37.55768 ], [ -122.05523, 37.54974 ], [ -122.05518, 37.54945 ], [ -122.06396, 37.54278 ], [ -122.06448, 37.54239 ], [ -122.06733, 37.54023 ], [ -122.07114, 37.53738 ], [ -122.07553, 37.53499 ], [ -122.07812, 37.53411 ], [ -122.08592, 37.53285 ], [ -122.09004, 37.53178 ], [ -122.09243, 37.53055 ], [ -122.09376, 37.52965 ], [ -122.10193, 37.52262 ], [ -122.10393, 37.52018 ], [ -122.10911, 37.51305 ], [ -122.11144, 37.51085 ], [ -122.112, 37.52885 ], [ -122.12869, 37.56059 ], [ -122.1324, 37.56222 ], [ -122.1288, 37.56685 ] ] ] ] } },
{ "type": "Feature", "properties": { "GEOID": "06001422901", "name": "Census Tract 4229.01", "pop": 1768, "pop_lowrel": 0, "hh": 855, "hh_lowrel": 0, "nocar": 465, "nocar_lowrel": 0, "nocar_pct": 54.4, "age65": 146, "age65_lowrel": 0, "age65_pct": 8.3, "disab": 112, "disab_lowrel": 1, "disab_pct": 6.3, "pov": 874, "pov_lowrel": 0, "pov_pct": 50.3, "lep": 97, "lep_lowrel": 1, "lep_pct": 11.3, "rent": 846, "rent_lowrel": 0, "rent_pct": 98.9, "income": 35917 }, "geometry": { "type": "Polygon", "coordinates": [ [ [ -122.27033, 37.86726 ], [ -122.26788, 37.8676 ], [ -122.26772, 37.86762 ], [ -122.26599, 37.86783 ], [ -122.26566, 37.86606 ], [ -122.26528, 37.86427 ], [ -122.26732, 37.86399 ], [ -122.26983, 37.86366 ], [ -122.27033, 37.86726 ] ] ] } },
{ "type": "Feature", "properties": { "GEOID": "06001982000", "name": "Census Tract 9820", "pop": 54, "pop_lowrel": 1, "hh": 37, "hh_lowrel": 1, "nocar": 6, "nocar_lowrel": 1, "nocar_pct": 16.2, "age65": 25, "age65_lowrel": 1, "age65_pct": 46.3, "disab": 10, "disab_lowrel": 1, "disab_pct": 18.5, "pov": 0, "pov_lowrel": 0, "pov_pct": 0.0, "lep": 0, "lep_lowrel": 0, "lep_pct": 0.0, "rent": 6, "rent_lowrel": 1, "rent_pct": 16.2, "income": 137750 }, "geometry": { "type": "Polygon", "coordinates": [ [ [ -122.31321, 37.7953 ], [ -122.30774, 37.79582 ], [ -122.30087, 37.79737 ], [ -122.29003, 37.79962 ], [ -122.28867, 37.80275 ], [ -122.28683, 37.80268 ], [ -122.28332, 37.8017 ], [ -122.27969, 37.80026 ], [ -122.28221, 37.79627 ], [ -122.28374, 37.7948 ], [ -122.2844, 37.7936 ], [ -122.28597, 37.79362 ], [ -122.2948, 37.79216 ], [ -122.30104, 37.79195 ], [ -122.3058, 37.79257 ], [ -122.31506, 37.79458 ], [ -122.31321, 37.7953 ] ] ] } },
{ "type": "Feature", "properties": { "GEOID": "06001450752", "name": "Census Tract 4507.52", "pop": 9709, "pop_lowrel": 0, "hh": 2917, "hh_lowrel": 0, "nocar": 28, "nocar_lowrel": 1, "nocar_pct": 1.0, "age65": 652, "age65_lowrel": 0, "age65_pct": 6.7, "disab": 343, "disab_lowrel": 0, "disab_pct": 3.5, "pov": 174, "pov_lowrel": 1, "pov_pct": 1.8, "lep": 262, "lep_lowrel": 0, "lep_pct": 9.0, "rent": 341, "rent_lowrel": 0, "rent_pct": 11.7, "income": 250001 }, "geometry": { "type": "Polygon", "coordinates": [ [ [ -121.88157, 37.73733 ], [ -121.87073, 37.74009 ], [ -121.85073, 37.74494 ], [ -121.84153, 37.74718 ], [ -121.83221, 37.74945 ], [ -121.81259, 37.75422 ], [ -121.81191, 37.75167 ], [ -121.81367, 37.74678 ], [ -121.81382, 37.74532 ], [ -121.80956, 37.74179 ], [ -121.80928, 37.73822 ], [ -121.80831, 37.73505 ], [ -121.80857, 37.73167 ], [ -121.8093, 37.72865 ], [ -121.80842, 37.72502 ], [ -121.80894, 37.72304 ], [ -121.80865, 37.71898 ], [ -121.80773, 37.71653 ], [ -121.8058, 37.71105 ], [ -121.80473, 37.71046 ], [ -121.80499, 37.70762 ], [ -121.80604, 37.7046 ], [ -121.80607, 37.70131 ], [ -121.80831, 37.701 ], [ -121.82329, 37.70114 ], [ -121.8233, 37.70725 ], [ -121.82371, 37.71238 ], [ -121.82328, 37.71493 ], [ -121.82344, 37.71958 ], [ -121.82427, 37.72059 ], [ -121.82497, 37.72343 ], [ -121.8263, 37.7236 ], [ -121.83014, 37.72802 ], [ -121.83482, 37.7302 ], [ -121.83633, 37.73135 ], [ -121.83732, 37.73367 ], [ -121.84271, 37.73332 ], [ -121.84406, 37.73227 ], [ -121.84692, 37.73336 ], [ -121.84814, 37.73277 ], [ -121.85061, 37.73406 ], [ -121.85432, 37.73307 ], [ -121.85732, 37.73045 ], [ -121.86322, 37.73056 ], [ -121.8604, 37.72941 ], [ -121.85872, 37.72788 ], [ -121.85826, 37.72611 ], [ -121.85674, 37.72579 ], [ -121.85566, 37.72452 ], [ -121.85483, 37.7252 ], [ -121.85259, 37.7251 ], [ -121.85243, 37.72179 ], [ -121.85422, 37.72041 ], [ -121.85309, 37.71851 ], [ -121.8519, 37.71831 ], [ -121.85096, 37.71617 ], [ -121.85214, 37.71403 ], [ -121.8532, 37.71489 ], [ -121.85715, 37.71653 ], [ -121.85912, 37.71856 ], [ -121.86093, 37.71818 ], [ -121.86134, 37.71804 ], [ -121.86405, 37.71787 ], [ -121.86675, 37.71713 ], [ -121.8719, 37.71669 ], [ -121.87154, 37.72332 ], [ -121.87213, 37.72409 ], [ -121.87354, 37.72908 ], [ -121.87293, 37.72943 ], [ -121.87436, 37.73142 ], [ -121.88177, 37.73643 ], [ -121.88157, 37.73733 ] ] ] } },
{ "type": "Feature", "properties": { "GEOID": "06001426100", "name": "Census Tract 4261", "pop": 6102, "pop_lowrel": 0, "hh": 2172, "hh_lowrel": 0, "nocar": 12, "nocar_lowrel": 1, "nocar_pct": 0.6, "age65": 1347, "age65_lowrel": 0, "age65_pct": 22.1, "disab": 442, "disab_lowrel": 0, "disab_pct": 7.2, "pov": 174, "pov_lowrel": 1, "pov_pct": 2.9, "lep": 0, "lep_lowrel": 0, "lep_pct": 0.0, "rent": 78, "rent_lowrel": 1, "rent_pct": 3.6, "income": 250001 }, "geometry": { "type": "Polygon", "coordinates": [ [ [ -122.23931, 37.81784 ], [ -122.23661, 37.82022 ], [ -122.23801, 37.82164 ], [ -122.23583, 37.82331 ], [ -122.23382, 37.82304 ], [ -122.23228, 37.82509 ], [ -122.23361, 37.82755 ], [ -122.23525, 37.83053 ], [ -122.23705, 37.83082 ], [ -122.23713, 37.83103 ], [ -122.23249, 37.83169 ], [ -122.22915, 37.83314 ], [ -122.22751, 37.83259 ], [ -122.22724, 37.8329 ], [ -122.22539, 37.83128 ], [ -122.22516, 37.83108 ], [ -122.22446, 37.83026 ], [ -122.22237, 37.82766 ], [ -122.22216, 37.82724 ], [ -122.22161, 37.8268 ], [ -122.22172, 37.82673 ], [ -122.22112, 37.82591 ], [ -122.21964, 37.82451 ], [ -122.21444, 37.82127 ], [ -122.21439, 37.82124 ], [ -122.21433, 37.82121 ], [ -122.21412, 37.82109 ], [ -122.21224, 37.81991 ], [ -122.21018, 37.81861 ], [ -122.21247, 37.81672 ], [ -122.21275, 37.81613 ], [ -122.21283, 37.81581 ], [ -122.21291, 37.81517 ], [ -122.21297, 37.81491 ], [ -122.21309, 37.81466 ], [ -122.2132, 37.81451 ], [ -122.21418, 37.81305 ], [ -122.21468, 37.81269 ], [ -122.21517, 37.81228 ], [ -122.21794, 37.81289 ], [ -122.22021, 37.81341 ], [ -122.22043, 37.81344 ], [ -122.22161, 37.8137 ], [ -122.22171, 37.81367 ], [ -122.22401, 37.81435 ], [ -122.22523, 37.81436 ], [ -122.22523, 37.8146 ], [ -122.22599, 37.81478 ], [ -122.22711, 37.81505 ], [ -122.2295, 37.8156 ], [ -122.22974, 37.81565 ], [ -122.23225, 37.81619 ], [ -122.2333, 37.81649 ], [ -122.23394, 37.81664 ], [ -122.23466, 37.8168 ], [ -122.2349, 37.81686 ], [ -122.23507, 37.81685 ], [ -122.23514, 37.81689 ], [ -122.23525, 37.81701 ], [ -122.23569, 37.81695 ], [ -122.23621, 37.81714 ], [ -122.23902, 37.81759 ], [ -122.23931, 37.81784 ] ] ] } },
{ "type": "Feature", "properties": { "GEOID": "06001401300", "name": "Census Tract 4013", "pop": 4778, "pop_lowrel": 0, "hh": 2644, "hh_lowrel": 0, "nocar": 620, "nocar_lowrel": 0, "nocar_pct": 23.4, "age65": 723, "age65_lowrel": 0, "age65_pct": 15.1, "disab": 472, "disab_lowrel": 0, "disab_pct": 10.6, "pov": 528, "pov_lowrel": 0, "pov_pct": 11.8, "lep": 210, "lep_lowrel": 0, "lep_pct": 7.9, "rent": 2415, "rent_lowrel": 0, "rent_pct": 91.3, "income": 106938 }, "geometry": { "type": "Polygon", "coordinates": [ [ [ -122.27138, 37.81503 ], [ -122.27004, 37.81889 ], [ -122.26989, 37.81949 ], [ -122.26856, 37.82446 ], [ -122.262, 37.82301 ], [ -122.26001, 37.82242 ], [ -122.26308, 37.81745 ], [ -122.26677, 37.81155 ], [ -122.26906, 37.81196 ], [ -122.27339, 37.81272 ], [ -122.27138, 37.81503 ] ] ] } },
{ "type": "Feature", "properties": { "GEOID": "06001421300", "name": "Census Tract 4213", "pop": 4131, "pop_lowrel": 0, "hh": 1850, "hh_lowrel": 0, "nocar": 64, "nocar_lowrel": 1, "nocar_pct": 3.5, "age65": 1234, "age65_lowrel": 0, "age65_pct": 29.9, "disab": 271, "disab_lowrel": 0, "disab_pct": 6.6, "pov": 195, "pov_lowrel": 0, "pov_pct": 4.7, "lep": 0, "lep_lowrel": 0, "lep_pct": 0.0, "rent": 334, "rent_lowrel": 0, "rent_pct": 18.1, "income": 148235 }, "geometry": { "type": "Polygon", "coordinates": [ [ [ -122.28696, 37.89281 ], [ -122.28679, 37.89655 ], [ -122.28669, 37.89851 ], [ -122.2859, 37.8988 ], [ -122.2857, 37.89837 ], [ -122.28207, 37.89991 ], [ -122.28125, 37.89963 ], [ -122.28167, 37.89674 ], [ -122.27803, 37.89522 ], [ -122.27713, 37.89407 ], [ -122.2774, 37.89292 ], [ -122.27715, 37.89147 ], [ -122.27659, 37.88882 ], [ -122.27588, 37.88642 ], [ -122.27496, 37.88534 ], [ -122.27567, 37.88475 ], [ -122.28029, 37.88244 ], [ -122.28268, 37.88125 ], [ -122.28292, 37.88251 ], [ -122.28203, 37.88437 ], [ -122.28185, 37.88502 ], [ -122.28274, 37.88538 ], [ -122.28167, 37.88826 ], [ -122.28241, 37.89117 ], [ -122.2857, 37.89101 ], [ -122.28705, 37.89092 ], [ -122.28696, 37.89281 ] ] ] } },
{ "type": "Feature", "properties": { "GEOID": "06001436301", "name": "Census Tract 4363.01", "pop": 5422, "pop_lowrel": 0, "hh": 1796, "hh_lowrel": 0, "nocar": 51, "nocar_lowrel": 1, "nocar_pct": 2.8, "age65": 378, "age65_lowrel": 0, "age65_pct": 7.0, "disab": 325, "disab_lowrel": 0, "disab_pct": 6.0, "pov": 198, "pov_lowrel": 0, "pov_pct": 3.7, "lep": 66, "lep_lowrel": 1, "lep_pct": 3.7, "rent": 621, "rent_lowrel": 0, "rent_pct": 34.6, "income": 187333 }, "geometry": { "type": "Polygon", "coordinates": [ [ [ -122.10168, 37.66936 ], [ -122.09826, 37.67076 ], [ -122.09984, 37.67322 ], [ -122.09501, 37.67518 ], [ -122.09398, 37.67447 ], [ -122.08811, 37.6705 ], [ -122.08929, 37.67001 ], [ -122.09337, 37.66839 ], [ -122.09033, 37.66403 ], [ -122.08938, 37.66409 ], [ -122.08805, 37.66172 ], [ -122.0886, 37.66142 ], [ -122.0926, 37.65989 ], [ -122.10023, 37.66657 ], [ -122.09895, 37.667 ], [ -122.09919, 37.6672 ], [ -122.10168, 37.66936 ] ] ] } },
{ "type": "Feature", "properties": { "GEOID": "06001451403", "name": "Census Tract 4514.03", "pop": 2125, "pop_lowrel": 0, "hh": 775, "hh_lowrel": 0, "nocar": 32, "nocar_lowrel": 1, "nocar_pct": 4.1, "age65": 372, "age65_lowrel": 0, "age65_pct": 17.5, "disab": 251, "disab_lowrel": 0, "disab_pct": 11.8, "pov": 48, "pov_lowrel": 0, "pov_pct": 2.3, "lep": 32, "lep_lowrel": 1, "lep_pct": 4.1, "rent": 86, "rent_lowrel": 0, "rent_pct": 11.1, "income": 178516 }, "geometry": { "type": "Polygon", "coordinates": [ [ [ -121.79081, 37.68901 ], [ -121.79047, 37.6922 ], [ -121.78535, 37.69453 ], [ -121.78408, 37.69552 ], [ -121.78339, 37.69507 ], [ -121.78135, 37.69389 ], [ -121.77598, 37.69132 ], [ -121.77567, 37.69049 ], [ -121.78054, 37.68903 ], [ -121.78338, 37.68829 ], [ -121.78416, 37.68834 ], [ -121.79082, 37.68836 ], [ -121.79081, 37.68901 ] ] ] } },
{ "type": "Feature", "properties": { "GEOID": "06001441524", "name": "Census Tract 4415.24", "pop": 3941, "pop_lowrel": 0, "hh": 1287, "hh_lowrel": 0, "nocar": 55, "nocar_lowrel": 1, "nocar_pct": 4.3, "age65": 306, "age65_lowrel": 0, "age65_pct": 7.8, "disab": 153, "disab_lowrel": 0, "disab_pct": 3.9, "pov": 93, "pov_lowrel": 0, "pov_pct": 2.4, "lep": 82, "lep_lowrel": 0, "lep_pct": 6.4, "rent": 464, "rent_lowrel": 0, "rent_pct": 36.1, "income": 250001 }, "geometry": { "type": "Polygon", "coordinates": [ [ [ -122.05866, 37.56746 ], [ -122.05392, 37.56629 ], [ -122.05162, 37.56678 ], [ -122.05102, 37.56577 ], [ -122.05056, 37.56343 ], [ -122.04955, 37.5621 ], [ -122.04848, 37.56076 ], [ -122.04397, 37.56263 ], [ -122.04148, 37.56496 ], [ -122.04165, 37.56634 ], [ -122.0386, 37.56348 ], [ -122.03857, 37.56346 ], [ -122.03851, 37.56341 ], [ -122.04226, 37.55876 ], [ -122.04505, 37.55626 ], [ -122.05208, 37.55174 ], [ -122.05518, 37.54945 ], [ -122.05523, 37.54974 ], [ -122.05688, 37.55768 ], [ -122.05741, 37.5602 ], [ -122.0584, 37.56506 ], [ -122.0593, 37.56941 ], [ -122.05866, 37.56746 ] ] ] } },
{ "type": "Feature", "properties": { "GEOID": "06001430700", "name": "Census Tract 4307", "pop": 4132, "pop_lowrel": 0, "hh": 1360, "hh_lowrel": 0, "nocar": 10, "nocar_lowrel": 1, "nocar_pct": 0.7, "age65": 734, "age65_lowrel": 0, "age65_pct": 17.8, "disab": 432, "disab_lowrel": 0, "disab_pct": 10.5, "pov": 396, "pov_lowrel": 0, "pov_pct": 9.6, "lep": 117, "lep_lowrel": 0, "lep_pct": 8.6, "rent": 340, "rent_lowrel": 0, "rent_pct": 25.0, "income": 145521 }, "geometry": { "type": "Polygon", "coordinates": [ [ [ -122.09161, 37.71018 ], [ -122.08876, 37.71025 ], [ -122.08418, 37.71037 ], [ -122.0825, 37.71042 ], [ -122.07403, 37.7096 ], [ -122.07401, 37.70672 ], [ -122.0741, 37.70475 ], [ -122.07406, 37.70182 ], [ -122.07546, 37.70185 ], [ -122.08224, 37.70174 ], [ -122.08383, 37.70171 ], [ -122.08529, 37.70167 ], [ -122.08817, 37.70114 ], [ -122.08884, 37.70269 ], [ -122.09007, 37.70652 ], [ -122.09048, 37.70782 ], [ -122.09103, 37.70892 ], [ -122.09259, 37.70985 ], [ -122.09161, 37.71018 ] ] ] } },
{ "type": "Feature", "properties": { "GEOID": "06001410400", "name": "Census Tract 4104", "pop": 4131, "pop_lowrel": 0, "hh": 1437, "hh_lowrel": 0, "nocar": 243, "nocar_lowrel": 1, "nocar_pct": 16.9, "age65": 562, "age65_lowrel": 0, "age65_pct": 13.6, "disab": 685, "disab_lowrel": 0, "disab_pct": 16.6, "pov": 227, "pov_lowrel": 0, "pov_pct": 5.5, "lep": 128, "lep_lowrel": 1, "lep_pct": 8.9, "rent": 597, "rent_lowrel": 0, "rent_pct": 41.5, "income": 108438 }, "geometry": { "type": "Polygon", "coordinates": [ [ [ -122.16921, 37.74276 ], [ -122.16562, 37.74371 ], [ -122.16321, 37.74434 ], [ -122.16043, 37.74507 ], [ -122.15951, 37.74505 ], [ -122.15696, 37.74151 ], [ -122.15512, 37.73908 ], [ -122.16007, 37.73769 ], [ -122.1605, 37.73761 ], [ -122.16416, 37.73594 ], [ -122.16547, 37.73769 ], [ -122.16752, 37.74047 ], [ -122.16921, 37.74276 ] ] ] } },
{ "type": "Feature", "properties": { "GEOID": "06001427800", "name": "Census Tract 4278", "pop": 4652, "pop_lowrel": 0, "hh": 1776, "hh_lowrel": 0, "nocar": 54, "nocar_lowrel": 0, "nocar_pct": 3.0, "age65": 539, "age65_lowrel": 0, "age65_pct": 11.6, "disab": 432, "disab_lowrel": 0, "disab_pct": 9.3, "pov": 341, "pov_lowrel": 0, "pov_pct": 7.3, "lep": 71, "lep_lowrel": 1, "lep_pct": 4.0, "rent": 895, "rent_lowrel": 0, "rent_pct": 50.4, "income": 143636 }, "geometry": { "type": "Polygon", "coordinates": [ [ [ -122.2768, 37.77513 ], [ -122.27044, 37.77499 ], [ -122.26942, 37.77496 ], [ -122.26583, 37.77482 ], [ -122.26331, 37.77472 ], [ -122.26347, 37.77095 ], [ -122.26353, 37.76924 ], [ -122.2636, 37.76743 ], [ -122.26368, 37.76542 ], [ -122.27071, 37.7686 ], [ -122.27127, 37.76858 ], [ -122.27297, 37.76926 ], [ -122.27288, 37.77127 ], [ -122.27509, 37.77135 ], [ -122.27685, 37.77138 ], [ -122.2768, 37.77513 ] ] ] } },
{ "type": "Feature", "properties": { "GEOID": "06001450744", "name": "Census Tract 4507.44", "pop": 5798, "pop_lowrel": 0, "hh": 2071, "hh_lowrel": 0, "nocar": 108, "nocar_lowrel": 1, "nocar_pct": 5.2, "age65": 1441, "age65_lowrel": 0, "age65_pct": 24.9, "disab": 653, "disab_lowrel": 0, "disab_pct": 11.3, "pov": 548, "pov_lowrel": 1, "pov_pct": 9.5, "lep": 82, "lep_lowrel": 1, "lep_pct": 4.0, "rent": 632, "rent_lowrel": 0, "rent_pct": 30.5, "income": 216992 }, "geometry": { "type": "Polygon", "coordinates": [ [ [ -121.87882, 37.70168 ], [ -121.87221, 37.70158 ], [ -121.86664, 37.70152 ], [ -121.86518, 37.70151 ], [ -121.85504, 37.70141 ], [ -121.8495, 37.70135 ], [ -121.84836, 37.69973 ], [ -121.84826, 37.69442 ], [ -121.84824, 37.69396 ], [ -121.84842, 37.69368 ], [ -121.85424, 37.69393 ], [ -121.86424, 37.69394 ], [ -121.86507, 37.69367 ], [ -121.86909, 37.69192 ], [ -121.87815, 37.68889 ], [ -121.87855, 37.69048 ], [ -121.87862, 37.69208 ], [ -121.87834, 37.69449 ], [ -121.87882, 37.70088 ], [ -121.87882, 37.70168 ] ] ] } }
]
}
