{
"type": "FeatureCollection",
"name": "b2_r500_c0",
"crs": { "type": "name", "properties": { "name": "urn:ogc:def:crs:OGC:1.3:CRS84" } },
"xy_coordinate_resolution": 1e-05,
"features": [
{ "type": "Feature", "properties": { "kind": "area", "km": 1, "city": "Alameda", "people": 10195 }, "geometry": { "type": "Polygon", "coordinates": [ [ [ -122.28929, 37.76644 ], [ -122.28812, 37.76855 ], [ -122.28854, 37.7682 ], [ -122.289, 37.76829 ], [ -122.28899, 37.76864 ], [ -122.28951, 37.76895 ], [ -122.28903, 37.76933 ], [ -122.28935, 37.76961 ], [ -122.28988, 37.7692 ], [ -122.29072, 37.76918 ], [ -122.29142, 37.76821 ], [ -122.29193, 37.76963 ], [ -122.2996, 37.77182 ], [ -122.30525, 37.77199 ], [ -122.30502, 37.77279 ], [ -122.3011, 37.77262 ], [ -122.30103, 37.77344 ], [ -122.30131, 37.77368 ], [ -122.30561, 37.77392 ], [ -122.3058, 37.77441 ], [ -122.30139, 37.77439 ], [ -122.3003, 37.77524 ], [ -122.3021, 37.77532 ], [ -122.30238, 37.77574 ], [ -122.30008, 37.77583 ], [ -122.29877, 37.77655 ], [ -122.2986, 37.7798 ], [ -122.3041, 37.78003 ], [ -122.30497, 37.77979 ], [ -122.30605, 37.78017 ], [ -122.30654, 37.77985 ], [ -122.30681, 37.78025 ], [ -122.30822, 37.78034 ], [ -122.30861, 37.77611 ], [ -122.30892, 37.7759 ], [ -122.31563, 37.77629 ], [ -122.31823, 37.77934 ], [ -122.3232, 37.77962 ], [ -122.32552, 37.78081 ], [ -122.3281, 37.78103 ], [ -122.33181, 37.78688 ], [ -122.33117, 37.79242 ], [ -122.3315, 37.7946 ], [ -122.33221, 37.79555 ], [ -122.3319, 37.7971 ], [ -122.33115, 37.79709 ], [ -122.33075, 37.79741 ], [ -122.31564, 37.79363 ], [ -122.30928, 37.79234 ], [ -122.30891, 37.7925 ], [ -122.30334, 37.79086 ], [ -122.29693, 37.79051 ], [ -122.28966, 37.79242 ], [ -122.28789, 37.79264 ], [ -122.28068, 37.79277 ], [ -122.27725, 37.79198 ], [ -122.27617, 37.79166 ], [ -122.2763, 37.79107 ], [ -122.27545, 37.79078 ], [ -122.27547, 37.79017 ], [ -122.27434, 37.78955 ], [ -122.27445, 37.78827 ], [ -122.27417, 37.78804 ], [ -122.27396, 37.78792 ], [ -122.27335, 37.78864 ], [ -122.27099, 37.7878 ], [ -122.2713, 37.78688 ], [ -122.27052, 37.7869 ], [ -122.27027, 37.78637 ], [ -122.26871, 37.78555 ], [ -122.26785, 37.78338 ], [ -122.26629, 37.78331 ], [ -122.26542, 37.7842 ], [ -122.26203, 37.78261 ], [ -122.26085, 37.7827 ], [ -122.26039, 37.78016 ], [ -122.26045, 37.77823 ], [ -122.26014, 37.77821 ], [ -122.25948, 37.78249 ], [ -122.25746, 37.78206 ], [ -122.25596, 37.78119 ], [ -122.25779, 37.77819 ], [ -122.25603, 37.77749 ], [ -122.25506, 37.77883 ], [ -122.2525, 37.77889 ], [ -122.2521, 37.77915 ], [ -122.25177, 37.77893 ], [ -122.25183, 37.77845 ], [ -122.25159, 37.7791 ], [ -122.25713, 37.7858 ], [ -122.25408, 37.78698 ], [ -122.25269, 37.78721 ], [ -122.25125, 37.7871 ], [ -122.24851, 37.78603 ], [ -122.24638, 37.78483 ], [ -122.24496, 37.78313 ], [ -122.24454, 37.77917 ], [ -122.24329, 37.7764 ], [ -122.24031, 37.7739 ], [ -122.2363, 37.77186 ], [ -122.23597, 37.77125 ], [ -122.2281, 37.7676 ], [ -122.22656, 37.7663 ], [ -122.22535, 37.76456 ], [ -122.22499, 37.76482 ], [ -122.22467, 37.76469 ], [ -122.22506, 37.76408 ], [ -122.22447, 37.76154 ], [ -122.22468, 37.75698 ], [ -122.22505, 37.75579 ], [ -122.22627, 37.7546 ], [ -122.22477, 37.75339 ], [ -122.22582, 37.74958 ], [ -122.23635, 37.74833 ], [ -122.23648, 37.74959 ], [ -122.23693, 37.7495 ], [ -122.23992, 37.75058 ], [ -122.24432, 37.75151 ], [ -122.25023, 37.75362 ], [ -122.25064, 37.75341 ], [ -122.25103, 37.75372 ], [ -122.25076, 37.75429 ], [ -122.26398, 37.75921 ], [ -122.26451, 37.75875 ], [ -122.26701, 37.7596 ], [ -122.27075, 37.76102 ], [ -122.27263, 37.76221 ], [ -122.27505, 37.76494 ], [ -122.27592, 37.76641 ], [ -122.27599, 37.76753 ], [ -122.27648, 37.76794 ], [ -122.27777, 37.76831 ], [ -122.28009, 37.76617 ], [ -122.28091, 37.76613 ], [ -122.28098, 37.76657 ], [ -122.2802, 37.76703 ], [ -122.28014, 37.76798 ], [ -122.28186, 37.76822 ], [ -122.28189, 37.7709 ], [ -122.28278, 37.77074 ], [ -122.28286, 37.77 ], [ -122.28373, 37.76987 ], [ -122.28393, 37.76906 ], [ -122.28457, 37.76903 ], [ -122.28546, 37.76959 ], [ -122.28401, 37.76842 ], [ -122.28428, 37.76704 ], [ -122.28507, 37.76697 ], [ -122.28633, 37.76775 ], [ -122.28687, 37.76757 ], [ -122.28724, 37.76666 ], [ -122.2865, 37.76581 ], [ -122.28249, 37.76494 ], [ -122.28227, 37.76403 ], [ -122.2825, 37.76358 ], [ -122.2867, 37.76439 ], [ -122.28895, 37.7653 ], [ -122.28929, 37.76644 ] ], [ [ -122.25153, 37.7778 ], [ -122.25256, 37.77631 ], [ -122.24713, 37.77397 ], [ -122.24714, 37.77353 ], [ -122.24947, 37.77439 ], [ -122.25029, 37.77366 ], [ -122.25373, 37.77516 ], [ -122.25372, 37.77556 ], [ -122.25449, 37.77591 ], [ -122.25421, 37.77648 ], [ -122.25453, 37.77662 ], [ -122.25588, 37.77495 ], [ -122.25854, 37.77605 ], [ -122.26027, 37.77643 ], [ -122.27444, 37.77691 ], [ -122.27478, 37.77794 ], [ -122.2764, 37.77797 ], [ -122.27666, 37.77701 ], [ -122.28094, 37.77712 ], [ -122.28121, 37.77731 ], [ -122.28115, 37.779 ], [ -122.28425, 37.77915 ], [ -122.28433, 37.77761 ], [ -122.28208, 37.77751 ], [ -122.28218, 37.77615 ], [ -122.28813, 37.77626 ], [ -122.28833, 37.77698 ], [ -122.28966, 37.77731 ], [ -122.28988, 37.77628 ], [ -122.29109, 37.77626 ], [ -122.29159, 37.77684 ], [ -122.29168, 37.78466 ], [ -122.29392, 37.78476 ], [ -122.29446, 37.78373 ], [ -122.2966, 37.78413 ], [ -122.29663, 37.78491 ], [ -122.29838, 37.7855 ], [ -122.29817, 37.78829 ], [ -122.30205, 37.78851 ], [ -122.30267, 37.78917 ], [ -122.3034, 37.78857 ], [ -122.30827, 37.78883 ], [ -122.30859, 37.78521 ], [ -122.3082, 37.785 ], [ -122.30832, 37.78365 ], [ -122.29794, 37.78307 ], [ -122.29755, 37.78259 ], [ -122.29775, 37.78018 ], [ -122.29584, 37.78009 ], [ -122.29421, 37.78047 ], [ -122.29305, 37.77995 ], [ -122.29317, 37.77957 ], [ -122.29402, 37.77936 ], [ -122.29545, 37.77947 ], [ -122.29586, 37.77524 ], [ -122.29927, 37.7753 ], [ -122.30022, 37.77453 ], [ -122.30032, 37.77253 ], [ -122.29322, 37.77216 ], [ -122.29301, 37.77527 ], [ -122.29114, 37.77537 ], [ -122.29012, 37.7738 ], [ -122.28629, 37.77183 ], [ -122.27836, 37.77165 ], [ -122.27809, 37.77106 ], [ -122.27685, 37.77135 ], [ -122.27636, 37.77106 ], [ -122.2761, 37.77159 ], [ -122.27281, 37.77149 ], [ -122.27268, 37.76942 ], [ -122.2712, 37.76881 ], [ -122.27072, 37.76963 ], [ -122.26342, 37.76945 ], [ -122.26334, 37.76659 ], [ -122.26072, 37.76545 ], [ -122.25991, 37.76623 ], [ -122.25263, 37.76302 ], [ -122.25368, 37.76066 ], [ -122.25397, 37.76046 ], [ -122.25449, 37.7606 ], [ -122.25473, 37.75952 ], [ -122.25564, 37.75821 ], [ -122.25313, 37.76056 ], [ -122.24819, 37.75772 ], [ -122.24715, 37.75696 ], [ -122.24744, 37.75633 ], [ -122.24682, 37.75599 ], [ -122.24621, 37.75648 ], [ -122.24493, 37.75582 ], [ -122.24392, 37.7569 ], [ -122.24263, 37.75628 ], [ -122.24176, 37.75729 ], [ -122.2407, 37.75691 ], [ -122.23949, 37.75809 ], [ -122.23808, 37.75723 ], [ -122.23849, 37.7566 ], [ -122.23681, 37.75543 ], [ -122.23622, 37.75588 ], [ -122.23544, 37.75543 ], [ -122.23472, 37.75585 ], [ -122.23408, 37.75543 ], [ -122.23372, 37.75575 ], [ -122.2344, 37.75637 ], [ -122.22863, 37.76158 ], [ -122.22591, 37.76009 ], [ -122.22575, 37.76226 ], [ -122.22648, 37.76339 ], [ -122.22615, 37.76379 ], [ -122.2272, 37.7654 ], [ -122.22855, 37.76665 ], [ -122.23102, 37.76798 ], [ -122.23331, 37.76755 ], [ -122.23371, 37.76833 ], [ -122.23768, 37.77045 ], [ -122.23717, 37.77131 ], [ -122.24069, 37.77285 ], [ -122.24227, 37.77426 ], [ -122.24492, 37.77512 ], [ -122.2457, 37.77403 ], [ -122.2462, 37.77403 ], [ -122.24636, 37.77431 ], [ -122.24561, 37.77537 ], [ -122.24621, 37.77564 ], [ -122.24699, 37.77476 ], [ -122.24852, 37.77527 ], [ -122.24942, 37.77592 ], [ -122.24942, 37.77622 ], [ -122.2507, 37.77669 ], [ -122.25153, 37.7778 ] ], [ [ -122.24928, 37.75464 ], [ -122.24963, 37.75478 ], [ -122.24996, 37.75439 ], [ -122.24954, 37.75423 ], [ -122.24928, 37.75464 ] ], [ [ -122.27838, 37.7885 ], [ -122.28013, 37.78957 ], [ -122.28075, 37.78869 ], [ -122.28249, 37.78888 ], [ -122.28259, 37.78603 ], [ -122.28222, 37.78603 ], [ -122.28212, 37.78723 ], [ -122.28117, 37.78706 ], [ -122.28131, 37.7844 ], [ -122.28197, 37.78225 ], [ -122.28404, 37.78227 ], [ -122.28419, 37.78329 ], [ -122.28586, 37.78326 ], [ -122.28643, 37.7837 ], [ -122.28643, 37.78449 ], [ -122.28746, 37.78451 ], [ -122.28774, 37.78421 ], [ -122.29058, 37.78423 ], [ -122.29051, 37.78072 ], [ -122.28908, 37.7807 ], [ -122.28885, 37.78041 ], [ -122.28778, 37.78068 ], [ -122.28757, 37.78011 ], [ -122.28447, 37.78023 ], [ -122.27691, 37.7798 ], [ -122.27683, 37.78413 ], [ -122.27859, 37.78617 ], [ -122.27875, 37.78745 ], [ -122.27838, 37.7885 ] ], [ [ -122.26058, 37.76451 ], [ -122.26029, 37.76444 ], [ -122.26011, 37.76466 ], [ -122.2605, 37.76483 ], [ -122.26058, 37.76451 ] ], [ [ -122.28098, 37.76949 ], [ -122.28033, 37.7695 ], [ -122.28033, 37.76985 ], [ -122.28098, 37.76985 ], [ -122.28098, 37.76949 ] ], [ [ -122.28394, 37.78757 ], [ -122.28367, 37.78754 ], [ -122.28363, 37.7879 ], [ -122.28392, 37.78826 ], [ -122.28394, 37.78757 ] ], [ [ -122.26482, 37.76224 ], [ -122.26672, 37.76294 ], [ -122.26779, 37.76113 ], [ -122.2659, 37.76042 ], [ -122.26482, 37.76224 ] ], [ [ -122.26186, 37.76395 ], [ -122.262, 37.76434 ], [ -122.26218, 37.76388 ], [ -122.26186, 37.76395 ] ], [ [ -122.26357, 37.76511 ], [ -122.26372, 37.76429 ], [ -122.26363, 37.76427 ], [ -122.263, 37.76483 ], [ -122.26357, 37.76511 ] ], [ [ -122.27077, 37.76763 ], [ -122.2702, 37.76809 ], [ -122.27063, 37.76833 ], [ -122.27077, 37.76763 ] ], [ [ -122.26913, 37.76772 ], [ -122.2692, 37.76766 ], [ -122.26911, 37.76771 ], [ -122.26913, 37.76772 ] ], [ [ -122.26803, 37.76729 ], [ -122.26794, 37.76717 ], [ -122.26781, 37.7672 ], [ -122.26803, 37.76729 ] ], [ [ -122.26693, 37.76671 ], [ -122.26693, 37.76653 ], [ -122.26668, 37.76658 ], [ -122.26693, 37.76671 ] ], [ [ -122.26581, 37.76599 ], [ -122.26561, 37.76604 ], [ -122.26585, 37.76618 ], [ -122.26581, 37.76599 ] ], [ [ -122.26471, 37.76565 ], [ -122.26468, 37.76556 ], [ -122.26459, 37.7656 ], [ -122.26471, 37.76565 ] ], [ [ -122.27577, 37.78488 ], [ -122.27527, 37.7828 ], [ -122.27297, 37.78267 ], [ -122.27317, 37.78187 ], [ -122.27399, 37.78179 ], [ -122.27386, 37.78074 ], [ -122.27323, 37.78065 ], [ -122.27318, 37.77993 ], [ -122.2744, 37.77967 ], [ -122.27433, 37.77932 ], [ -122.27083, 37.77969 ], [ -122.26448, 37.77943 ], [ -122.2633, 37.77901 ], [ -122.26439, 37.78019 ], [ -122.26431, 37.7809 ], [ -122.26554, 37.78096 ], [ -122.26567, 37.78147 ], [ -122.26781, 37.78147 ], [ -122.27128, 37.78306 ], [ -122.27136, 37.78425 ], [ -122.27236, 37.78548 ], [ -122.27452, 37.78639 ], [ -122.27553, 37.78753 ], [ -122.27524, 37.78506 ], [ -122.27577, 37.78488 ] ], [ [ -122.27602, 37.78953 ], [ -122.27639, 37.78957 ], [ -122.27639, 37.78919 ], [ -122.27597, 37.78917 ], [ -122.27602, 37.78953 ] ], [ [ -122.25995, 37.76344 ], [ -122.25997, 37.76357 ], [ -122.26011, 37.76355 ], [ -122.25995, 37.76344 ] ], [ [ -122.25801, 37.7641 ], [ -122.25805, 37.76411 ], [ -122.25805, 37.76407 ], [ -122.25801, 37.7641 ] ], [ [ -122.25684, 37.76388 ], [ -122.25653, 37.76392 ], [ -122.25708, 37.76413 ], [ -122.25684, 37.76388 ] ], [ [ -122.25577, 37.76328 ], [ -122.25568, 37.76339 ], [ -122.25579, 37.76348 ], [ -122.25577, 37.76328 ] ], [ [ -122.24757, 37.77972 ], [ -122.24759, 37.78072 ], [ -122.24707, 37.78139 ], [ -122.24859, 37.78226 ], [ -122.24813, 37.783 ], [ -122.24899, 37.78248 ], [ -122.25064, 37.78341 ], [ -122.25181, 37.78215 ], [ -122.24757, 37.77972 ] ], [ [ -122.23782, 37.75328 ], [ -122.2376, 37.75348 ], [ -122.2387, 37.75425 ], [ -122.23892, 37.75406 ], [ -122.23782, 37.75328 ] ] ] } },
{ "type": "Feature", "properties": { "kind": "label", "km": 1, "city": "Alameda", "people": 10195 }, "geometry": { "type": "Point", "coordinates": [ -122.30279, 37.77252 ] } },
{ "type": "Feature", "properties": { "kind": "area", "km": 1, "city": "Alameda", "people": 8162 }, "geometry": { "type": "Polygon", "coordinates": [ [ [ -122.25801, 37.73778 ], [ -122.25994, 37.73949 ], [ -122.26136, 37.74006 ], [ -122.26131, 37.74331 ], [ -122.25225, 37.74822 ], [ -122.25083, 37.74841 ], [ -122.24727, 37.74815 ], [ -122.23968, 37.74828 ], [ -122.2377, 37.74798 ], [ -122.23686, 37.74821 ], [ -122.23635, 37.74752 ], [ -122.23526, 37.74692 ], [ -122.22678, 37.74519 ], [ -122.22651, 37.7338 ], [ -122.22923, 37.72857 ], [ -122.22924, 37.72764 ], [ -122.22855, 37.72762 ], [ -122.22838, 37.72736 ], [ -122.2361, 37.71964 ], [ -122.24525, 37.72565 ], [ -122.25021, 37.72979 ], [ -122.25739, 37.73653 ], [ -122.25801, 37.73778 ] ], [ [ -122.24911, 37.7469 ], [ -122.25074, 37.74633 ], [ -122.25048, 37.74547 ], [ -122.25091, 37.74517 ], [ -122.24988, 37.74322 ], [ -122.24789, 37.74323 ], [ -122.24631, 37.7427 ], [ -122.24614, 37.74384 ], [ -122.24521, 37.74416 ], [ -122.24422, 37.7451 ], [ -122.24425, 37.74711 ], [ -122.24908, 37.74718 ], [ -122.24911, 37.7469 ] ], [ [ -122.25759, 37.74289 ], [ -122.25771, 37.74397 ], [ -122.2587, 37.74355 ], [ -122.25759, 37.74289 ] ], [ [ -122.2566, 37.74377 ], [ -122.2556, 37.74411 ], [ -122.25607, 37.74473 ], [ -122.25655, 37.74434 ], [ -122.2566, 37.74377 ] ], [ [ -122.25239, 37.74612 ], [ -122.25249, 37.74546 ], [ -122.25247, 37.7454 ], [ -122.25239, 37.74612 ] ], [ [ -122.25396, 37.74468 ], [ -122.25383, 37.74521 ], [ -122.25406, 37.74514 ], [ -122.25396, 37.74468 ] ], [ [ -122.23974, 37.73725 ], [ -122.23997, 37.73662 ], [ -122.24077, 37.73596 ], [ -122.23976, 37.73588 ], [ -122.2389, 37.73718 ], [ -122.23974, 37.73725 ] ], [ [ -122.24458, 37.72596 ], [ -122.24275, 37.72524 ], [ -122.24013, 37.72537 ], [ -122.24048, 37.72774 ], [ -122.24104, 37.72865 ], [ -122.24579, 37.73064 ], [ -122.24627, 37.73006 ], [ -122.24816, 37.72916 ], [ -122.24458, 37.72596 ] ], [ [ -122.23905, 37.72363 ], [ -122.23716, 37.72242 ], [ -122.23616, 37.7227 ], [ -122.23447, 37.72449 ], [ -122.23483, 37.72733 ], [ -122.238, 37.727 ], [ -122.23841, 37.72531 ], [ -122.23953, 37.72511 ], [ -122.23905, 37.72363 ] ] ] } },
{ "type": "Feature", "properties": { "kind": "label", "km": 1, "city": "Alameda", "people": 8162 }, "geometry": { "type": "Point", "coordinates": [ -122.24073, 37.73454 ] } },
{ "type": "Feature", "properties": { "kind": "area", "km": 1, "city": "Albany", "people": 372 }, "geometry": { "type": "Polygon", "coordinates": [ [ [ -122.30267, 37.88492 ], [ -122.30213, 37.88218 ], [ -122.30592, 37.88182 ], [ -122.30733, 37.88662 ], [ -122.30776, 37.88594 ], [ -122.30787, 37.88474 ], [ -122.30738, 37.88179 ], [ -122.30814, 37.88175 ], [ -122.30876, 37.88399 ], [ -122.30893, 37.88759 ], [ -122.30717, 37.88741 ], [ -122.3008, 37.88788 ], [ -122.30004, 37.88563 ], [ -122.30267, 37.88492 ] ], [ [ -122.30454, 37.88327 ], [ -122.30369, 37.88348 ], [ -122.3041, 37.88461 ], [ -122.30495, 37.88441 ], [ -122.30454, 37.88327 ] ] ] } },
{ "type": "Feature", "properties": { "kind": "label", "km": 1, "city": "Albany", "people": 372 }, "geometry": { "type": "Point", "coordinates": [ -122.30471, 37.8847 ] } },
{ "type": "Feature", "properties": { "kind": "area", "km": 1, "city": "Albany", "people": 1 }, "geometry": { "type": "Polygon", "coordinates": [ [ [ -122.30874, 37.89798 ], [ -122.30639, 37.8927 ], [ -122.30573, 37.8896 ], [ -122.30748, 37.88908 ], [ -122.30812, 37.89039 ], [ -122.3076, 37.89154 ], [ -122.3076, 37.89308 ], [ -122.30936, 37.89772 ], [ -122.30874, 37.89798 ] ] ] } },
{ "type": "Feature", "properties": { "kind": "label", "km": 1, "city": "Albany", "people": 1 }, "geometry": { "type": "Point", "coordinates": [ -122.30726, 37.8935 ] } },
{ "type": "Feature", "properties": { "kind": "area", "km": 1, "city": "Ashland", "people": 86 }, "geometry": { "type": "Polygon", "coordinates": [ [ [ -122.11592, 37.68603 ], [ -122.11573, 37.68687 ], [ -122.11124, 37.68737 ], [ -122.10814, 37.68526 ], [ -122.10669, 37.68654 ], [ -122.1057, 37.68668 ], [ -122.10413, 37.6863 ], [ -122.10309, 37.68718 ], [ -122.10555, 37.68891 ], [ -122.10548, 37.68925 ], [ -122.09839, 37.69003 ], [ -122.09588, 37.68817 ], [ -122.09767, 37.68648 ], [ -122.10014, 37.68599 ], [ -122.10067, 37.68547 ], [ -122.10296, 37.68563 ], [ -122.10436, 37.68527 ], [ -122.10577, 37.68574 ], [ -122.1076, 37.68444 ], [ -122.1086, 37.68419 ], [ -122.11056, 37.68432 ], [ -122.11185, 37.68544 ], [ -122.11343, 37.68617 ], [ -122.11551, 37.68543 ], [ -122.11592, 37.68603 ] ] ] } },
{ "type": "Feature", "properties": { "kind": "label", "km": 1, "city": "Ashland", "people": 86 }, "geometry": { "type": "Point", "coordinates": [ -122.09994, 37.68717 ] } },
{ "type": "Feature", "properties": { "kind": "area", "km": 1, "city": "Berkeley", "people": 128 }, "geometry": { "type": "Polygon", "coordinates": [ [ [ -122.30267, 37.86721 ], [ -122.3019, 37.86717 ], [ -122.30147, 37.86586 ], [ -122.30181, 37.86559 ], [ -122.30036, 37.86289 ], [ -122.29926, 37.86292 ], [ -122.2954, 37.85092 ], [ -122.293, 37.85139 ], [ -122.29271, 37.85123 ], [ -122.29248, 37.85029 ], [ -122.29515, 37.84914 ], [ -122.2952, 37.84844 ], [ -122.29875, 37.84781 ], [ -122.29986, 37.85225 ], [ -122.29978, 37.85086 ], [ -122.30062, 37.84727 ], [ -122.30968, 37.84533 ], [ -122.31106, 37.85376 ], [ -122.31401, 37.85338 ], [ -122.32236, 37.85338 ], [ -122.32625, 37.85433 ], [ -122.33143, 37.85702 ], [ -122.33263, 37.8592 ], [ -122.33292, 37.86269 ], [ -122.33164, 37.86648 ], [ -122.32948, 37.87137 ], [ -122.32623, 37.8744 ], [ -122.32789, 37.87726 ], [ -122.32772, 37.87757 ], [ -122.31254, 37.88159 ], [ -122.30842, 37.88242 ], [ -122.30741, 37.88192 ], [ -122.30625, 37.87827 ], [ -122.30766, 37.87783 ], [ -122.30475, 37.86939 ], [ -122.30462, 37.86853 ], [ -122.30545, 37.86709 ], [ -122.30534, 37.8664 ], [ -122.305, 37.86581 ], [ -122.30344, 37.8648 ], [ -122.30292, 37.86332 ], [ -122.30392, 37.86677 ], [ -122.30267, 37.86721 ] ] ] } },
{ "type": "Feature", "properties": { "kind": "label", "km": 1, "city": "Berkeley", "people": 128 }, "geometry": { "type": "Point", "coordinates": [ -122.3179, 37.86387 ] } },
{ "type": "Feature", "properties": { "kind": "area", "km": 1, "city": "Berkeley", "people": 57 }, "geometry": { "type": "Polygon", "coordinates": [ [ [ -122.30378, 37.88051 ], [ -122.30343, 37.87871 ], [ -122.30602, 37.8783 ], [ -122.30716, 37.88204 ], [ -122.30335, 37.88237 ], [ -122.30279, 37.8809 ], [ -122.30378, 37.88051 ] ] ] } },
{ "type": "Feature", "properties": { "kind": "label", "km": 1, "city": "Berkeley", "people": 57 }, "geometry": { "type": "Point", "coordinates": [ -122.30522, 37.88034 ] } },
{ "type": "Feature", "properties": { "kind": "area", "km": 1, "city": "Berkeley", "people": 24 }, "geometry": { "type": "Polygon", "coordinates": [ [ [ -122.28698, 37.88052 ], [ -122.28607, 37.8827 ], [ -122.28311, 37.88274 ], [ -122.2822, 37.88471 ], [ -122.28106, 37.88475 ], [ -122.28196, 37.88232 ], [ -122.28174, 37.88148 ], [ -122.28273, 37.88103 ], [ -122.2832, 37.88145 ], [ -122.28297, 37.88188 ], [ -122.28352, 37.88167 ], [ -122.28405, 37.88028 ], [ -122.28459, 37.87993 ], [ -122.28698, 37.88052 ] ] ] } },
{ "type": "Feature", "properties": { "kind": "label", "km": 1, "city": "Berkeley", "people": 24 }, "geometry": { "type": "Point", "coordinates": [ -122.28417, 37.88236 ] } },
{ "type": "Feature", "properties": { "kind": "area", "km": 1, "city": "Berkeley", "people": 239 }, "geometry": { "type": "Polygon", "coordinates": [ [ [ -122.25124, 37.85119 ], [ -122.24563, 37.85819 ], [ -122.24369, 37.85823 ], [ -122.24334, 37.85504 ], [ -122.24426, 37.85474 ], [ -122.24417, 37.85425 ], [ -122.24329, 37.85423 ], [ -122.24221, 37.85349 ], [ -122.24176, 37.85305 ], [ -122.24185, 37.85257 ], [ -122.24292, 37.85207 ], [ -122.24426, 37.85251 ], [ -122.24709, 37.85282 ], [ -122.24683, 37.85201 ], [ -122.24737, 37.85137 ], [ -122.25052, 37.85116 ], [ -122.25094, 37.8509 ], [ -122.25124, 37.85119 ] ] ] } },
{ "type": "Feature", "properties": { "kind": "label", "km": 1, "city": "Berkeley", "people": 239 }, "geometry": { "type": "Point", "coordinates": [ -122.24639, 37.85462 ] } },
{ "type": "Feature", "properties": { "kind": "area", "km": 1, "city": "Berkeley", "people": 5 }, "geometry": { "type": "Polygon", "coordinates": [ [ [ -122.28389, 37.90011 ], [ -122.28008, 37.901 ], [ -122.27888, 37.90097 ], [ -122.27762, 37.90179 ], [ -122.27806, 37.90266 ], [ -122.2779, 37.90296 ], [ -122.27635, 37.90219 ], [ -122.27638, 37.90128 ], [ -122.27737, 37.8999 ], [ -122.27706, 37.89915 ], [ -122.27761, 37.89882 ], [ -122.27868, 37.89892 ], [ -122.27934, 37.89968 ], [ -122.28041, 37.89981 ], [ -122.2812, 37.89941 ], [ -122.28206, 37.89968 ], [ -122.28267, 37.89954 ], [ -122.28308, 37.89902 ], [ -122.28589, 37.8982 ], [ -122.28613, 37.89893 ], [ -122.28433, 37.89949 ], [ -122.28389, 37.90011 ] ] ] } },
{ "type": "Feature", "properties": { "kind": "label", "km": 1, "city": "Berkeley", "people": 5 }, "geometry": { "type": "Point", "coordinates": [ -122.27953, 37.90059 ] } },
{ "type": "Feature", "properties": { "kind": "area", "km": 1, "city": "Castro Valley", "people": 1137 }, "geometry": { "type": "Polygon", "coordinates": [ [ [ -122.08983, 37.69264 ], [ -122.09216, 37.70037 ], [ -122.09363, 37.70126 ], [ -122.09284, 37.70228 ], [ -122.09317, 37.70363 ], [ -122.09481, 37.7064 ], [ -122.09848, 37.70984 ], [ -122.09847, 37.71056 ], [ -122.09712, 37.71065 ], [ -122.0949, 37.71133 ], [ -122.09066, 37.70892 ], [ -122.08797, 37.70144 ], [ -122.08655, 37.70151 ], [ -122.08538, 37.69784 ], [ -122.08483, 37.69798 ], [ -122.08482, 37.69908 ], [ -122.08321, 37.69907 ], [ -122.08275, 37.69552 ], [ -122.08182, 37.69545 ], [ -122.08176, 37.69102 ], [ -122.08824, 37.69106 ], [ -122.08983, 37.69264 ] ], [ [ -122.08719, 37.69525 ], [ -122.08714, 37.69461 ], [ -122.08698, 37.69433 ], [ -122.08719, 37.69525 ] ] ] } },
{ "type": "Feature", "properties": { "kind": "label", "km": 1, "city": "Castro Valley", "people": 1137 }, "geometry": { "type": "Point", "coordinates": [ -122.08984, 37.70106 ] } },
{ "type": "Feature", "properties": { "kind": "area", "km": 1, "city": "Cherryland", "people": 161 }, "geometry": { "type": "Polygon", "coordinates": [ [ [ -122.09432, 37.68028 ], [ -122.10072, 37.68547 ], [ -122.1025, 37.68476 ], [ -122.10528, 37.68488 ], [ -122.10786, 37.68404 ], [ -122.10511, 37.68191 ], [ -122.10985, 37.68029 ], [ -122.11102, 37.68206 ], [ -122.11292, 37.68159 ], [ -122.11368, 37.68304 ], [ -122.11375, 37.68386 ], [ -122.10873, 37.68422 ], [ -122.10866, 37.68459 ], [ -122.10592, 37.68617 ], [ -122.10436, 37.68572 ], [ -122.10299, 37.68608 ], [ -122.10096, 37.68589 ], [ -122.10013, 37.68637 ], [ -122.09809, 37.68659 ], [ -122.09619, 37.68524 ], [ -122.09603, 37.68414 ], [ -122.09311, 37.68162 ], [ -122.09081, 37.68349 ], [ -122.08989, 37.68298 ], [ -122.09171, 37.68123 ], [ -122.09141, 37.68085 ], [ -122.09293, 37.67948 ], [ -122.09432, 37.68028 ] ] ] } },
{ "type": "Feature", "properties": { "kind": "label", "km": 1, "city": "Cherryland", "people": 161 }, "geometry": { "type": "Point", "coordinates": [ -122.10981, 37.68276 ] } },
{ "type": "Feature", "properties": { "kind": "area", "km": 1, "city": "Dublin", "people": 1242 }, "geometry": { "type": "Polygon", "coordinates": [ [ [ -121.93604, 37.70192 ], [ -121.94379, 37.69949 ], [ -121.94466, 37.70019 ], [ -121.9461, 37.70245 ], [ -121.94681, 37.70727 ], [ -121.94579, 37.70882 ], [ -121.94409, 37.70956 ], [ -121.94361, 37.70912 ], [ -121.9434, 37.70737 ], [ -121.94226, 37.7076 ], [ -121.94209, 37.70968 ], [ -121.94078, 37.70953 ], [ -121.9409, 37.70799 ], [ -121.94029, 37.70676 ], [ -121.94005, 37.70692 ], [ -121.94058, 37.70788 ], [ -121.94046, 37.70931 ], [ -121.9387, 37.70923 ], [ -121.93867, 37.70819 ], [ -121.93829, 37.70764 ], [ -121.93821, 37.70831 ], [ -121.93719, 37.70831 ], [ -121.93657, 37.70579 ], [ -121.93457, 37.70648 ], [ -121.93293, 37.7084 ], [ -121.93063, 37.70913 ], [ -121.92722, 37.70505 ], [ -121.92511, 37.70557 ], [ -121.92329, 37.70279 ], [ -121.92526, 37.70067 ], [ -121.93275, 37.69898 ], [ -121.93364, 37.69911 ], [ -121.93566, 37.70038 ], [ -121.93604, 37.70192 ] ], [ [ -121.94467, 37.70359 ], [ -121.94437, 37.70256 ], [ -121.94249, 37.70332 ], [ -121.94347, 37.70384 ], [ -121.94467, 37.70359 ] ], [ [ -121.93266, 37.70147 ], [ -121.92901, 37.7027 ], [ -121.92964, 37.70394 ], [ -121.93333, 37.70276 ], [ -121.93266, 37.70147 ] ], [ [ -121.94377, 37.70151 ], [ -121.94303, 37.70076 ], [ -121.94225, 37.70093 ], [ -121.94276, 37.7019 ], [ -121.94377, 37.70151 ] ], [ [ -121.93882, 37.70406 ], [ -121.93923, 37.70562 ], [ -121.93972, 37.70549 ], [ -121.93995, 37.70527 ], [ -121.93915, 37.70392 ], [ -121.93882, 37.70406 ] ] ] } },
{ "type": "Feature", "properties": { "kind": "label", "km": 1, "city": "Dublin", "people": 1242 }, "geometry": { "type": "Point", "coordinates": [ -121.93162, 37.70446 ] } },
{ "type": "Feature", "properties": { "kind": "area", "km": 1, "city": "Dublin", "people": 3013 }, "geometry": { "type": "Polygon", "coordinates": [ [ [ -121.9224, 37.70317 ], [ -121.92014, 37.70246 ], [ -121.9183, 37.70515 ], [ -121.91779, 37.70492 ], [ -121.91808, 37.70404 ], [ -121.91783, 37.70374 ], [ -121.91625, 37.70464 ], [ -121.91222, 37.70393 ], [ -121.91278, 37.70416 ], [ -121.91312, 37.70482 ], [ -121.91282, 37.70579 ], [ -121.9105, 37.70678 ], [ -121.91039, 37.70775 ], [ -121.90777, 37.70781 ], [ -121.90844, 37.70838 ], [ -121.9087, 37.70925 ], [ -121.90959, 37.70966 ], [ -121.90957, 37.71 ], [ -121.91049, 37.71074 ], [ -121.91029, 37.71175 ], [ -121.909, 37.71159 ], [ -121.90892, 37.71051 ], [ -121.9078, 37.71011 ], [ -121.90779, 37.70969 ], [ -121.90569, 37.70821 ], [ -121.90457, 37.7082 ], [ -121.904, 37.7087 ], [ -121.90393, 37.71128 ], [ -121.90365, 37.71159 ], [ -121.89684, 37.71154 ], [ -121.89663, 37.71007 ], [ -121.89299, 37.70995 ], [ -121.8931, 37.70631 ], [ -121.89689, 37.70612 ], [ -121.89689, 37.70451 ], [ -121.89561, 37.70438 ], [ -121.8956, 37.70233 ], [ -121.89364, 37.70228 ], [ -121.89339, 37.70487 ], [ -121.88848, 37.70481 ], [ -121.88823, 37.70638 ], [ -121.88507, 37.70631 ], [ -121.88494, 37.70451 ], [ -121.88317, 37.70353 ], [ -121.88221, 37.70347 ], [ -121.88228, 37.70608 ], [ -121.88077, 37.70602 ], [ -121.88071, 37.70782 ], [ -121.88433, 37.70784 ], [ -121.88442, 37.70718 ], [ -121.88527, 37.70712 ], [ -121.88547, 37.70865 ], [ -121.88055, 37.7088 ], [ -121.88046, 37.7106 ], [ -121.87967, 37.71201 ], [ -121.88162, 37.71284 ], [ -121.88245, 37.71211 ], [ -121.88328, 37.7126 ], [ -121.88303, 37.71315 ], [ -121.88715, 37.71319 ], [ -121.88716, 37.71268 ], [ -121.88594, 37.71257 ], [ -121.88593, 37.71146 ], [ -121.88635, 37.71108 ], [ -121.88795, 37.71146 ], [ -121.88794, 37.71406 ], [ -121.88229, 37.714 ], [ -121.87961, 37.71288 ], [ -121.87795, 37.71276 ], [ -121.87958, 37.71003 ], [ -121.87936, 37.70879 ], [ -121.8774, 37.70873 ], [ -121.87712, 37.7075 ], [ -121.87812, 37.70715 ], [ -121.87616, 37.70745 ], [ -121.87597, 37.7081 ], [ -121.87479, 37.70815 ], [ -121.87478, 37.70976 ], [ -121.87433, 37.70977 ], [ -121.87411, 37.70924 ], [ -121.87434, 37.70562 ], [ -121.87797, 37.70553 ], [ -121.87891, 37.70162 ], [ -121.89886, 37.70179 ], [ -121.90412, 37.70569 ], [ -121.90767, 37.7056 ], [ -121.90939, 37.70488 ], [ -121.90713, 37.70222 ], [ -121.9073, 37.70187 ], [ -121.91816, 37.70199 ], [ -121.92054, 37.70177 ], [ -121.92281, 37.70291 ], [ -121.9224, 37.70317 ] ], [ [ -121.91021, 37.70536 ], [ -121.91135, 37.7048 ], [ -121.91107, 37.70448 ], [ -121.91002, 37.70508 ], [ -121.91021, 37.70536 ] ], [ [ -121.90152, 37.70751 ], [ -121.89723, 37.70746 ], [ -121.8972, 37.70962 ], [ -121.89959, 37.70963 ], [ -121.89965, 37.70786 ], [ -121.90152, 37.70778 ], [ -121.90152, 37.70751 ] ], [ [ -121.87628, 37.7063 ], [ -121.87688, 37.70632 ], [ -121.87697, 37.70631 ], [ -121.87628, 37.7063 ] ] ] } },
{ "type": "Feature", "properties": { "kind": "label", "km": 1, "city": "Dublin", "people": 3013 }, "geometry": { "type": "Point", "coordinates": [ -121.90603, 37.70749 ] } },
{ "type": "Feature", "properties": { "kind": "area", "km": 1, "city": "Dublin", "people": 47 }, "geometry": { "type": "Polygon", "coordinates": [ [ [ -121.91751, 37.72909 ], [ -121.91122, 37.73054 ], [ -121.91014, 37.73043 ], [ -121.91032, 37.73015 ], [ -121.9128, 37.72967 ], [ -121.91205, 37.72819 ], [ -121.91212, 37.72733 ], [ -121.91146, 37.72694 ], [ -121.91047, 37.72561 ], [ -121.90939, 37.72564 ], [ -121.90929, 37.72456 ], [ -121.90948, 37.72368 ], [ -121.91137, 37.72335 ], [ -121.91156, 37.72221 ], [ -121.91285, 37.72129 ], [ -121.91323, 37.72052 ], [ -121.91314, 37.71949 ], [ -121.91227, 37.71852 ], [ -121.91304, 37.71801 ], [ -121.91395, 37.7189 ], [ -121.91506, 37.72274 ], [ -121.9163, 37.72258 ], [ -121.91709, 37.72394 ], [ -121.91629, 37.72443 ], [ -121.91773, 37.72682 ], [ -121.91751, 37.72909 ] ], [ [ -121.91414, 37.72782 ], [ -121.91428, 37.72509 ], [ -121.91416, 37.72461 ], [ -121.91279, 37.72492 ], [ -121.91232, 37.72548 ], [ -121.91352, 37.72664 ], [ -121.91414, 37.72782 ] ], [ [ -121.9133, 37.72288 ], [ -121.91304, 37.72306 ], [ -121.91265, 37.72412 ], [ -121.91365, 37.72389 ], [ -121.9133, 37.72288 ] ] ] } },
{ "type": "Feature", "properties": { "kind": "label", "km": 1, "city": "Dublin", "people": 47 }, "geometry": { "type": "Point", "coordinates": [ -121.91307, 37.72432 ] } },
{ "type": "Feature", "properties": { "kind": "area", "km": 1, "city": "Dublin", "people": 8 }, "geometry": { "type": "Polygon", "coordinates": [ [ [ -121.90257, 37.71276 ], [ -121.90222, 37.71624 ], [ -121.90113, 37.71632 ], [ -121.90103, 37.71913 ], [ -121.89931, 37.71915 ], [ -121.89917, 37.71666 ], [ -121.89804, 37.71658 ], [ -121.89776, 37.71611 ], [ -121.89784, 37.71278 ], [ -121.90257, 37.71276 ] ] ] } },
{ "type": "Feature", "properties": { "kind": "label", "km": 1, "city": "Dublin", "people": 8 }, "geometry": { "type": "Point", "coordinates": [ -121.90002, 37.71596 ] } },
{ "type": "Feature", "properties": { "kind": "area", "km": 1, "city": "Emeryville", "people": 200 }, "geometry": { "type": "Polygon", "coordinates": [ [ [ -122.3157, 37.83967 ], [ -122.31521, 37.84169 ], [ -122.31441, 37.84274 ], [ -122.31301, 37.84228 ], [ -122.31414, 37.83977 ], [ -122.31421, 37.83881 ], [ -122.31296, 37.83861 ], [ -122.3129, 37.83795 ], [ -122.31243, 37.83758 ], [ -122.30852, 37.83759 ], [ -122.30834, 37.83852 ], [ -122.30721, 37.83852 ], [ -122.30737, 37.83962 ], [ -122.30704, 37.83993 ], [ -122.30188, 37.83971 ], [ -122.30034, 37.83982 ], [ -122.29982, 37.8403 ], [ -122.29844, 37.84039 ], [ -122.2982, 37.84222 ], [ -122.29934, 37.84566 ], [ -122.30008, 37.84588 ], [ -122.3025, 37.84519 ], [ -122.30307, 37.84545 ], [ -122.30249, 37.84599 ], [ -122.30079, 37.84648 ], [ -122.30131, 37.84741 ], [ -122.30067, 37.84764 ], [ -122.29827, 37.84537 ], [ -122.29749, 37.84216 ], [ -122.2976, 37.83982 ], [ -122.29693, 37.83778 ], [ -122.29429, 37.83307 ], [ -122.29379, 37.83049 ], [ -122.29449, 37.83033 ], [ -122.29639, 37.83084 ], [ -122.29616, 37.83154 ], [ -122.2968, 37.83291 ], [ -122.29643, 37.83356 ], [ -122.29714, 37.83389 ], [ -122.29734, 37.83468 ], [ -122.29782, 37.83486 ], [ -122.29815, 37.83649 ], [ -122.29891, 37.83691 ], [ -122.30338, 37.83622 ], [ -122.30507, 37.83666 ], [ -122.31456, 37.83684 ], [ -122.31557, 37.83722 ], [ -122.3157, 37.83967 ] ] ] } },
{ "type": "Feature", "properties": { "kind": "label", "km": 1, "city": "Emeryville", "people": 200 }, "geometry": { "type": "Point", "coordinates": [ -122.30223, 37.83889 ] } },
{ "type": "Feature", "properties": { "kind": "area", "km": 1, "city": "Fairview", "people": 93 }, "geometry": { "type": "Polygon", "coordinates": [ [ [ -122.06405, 37.68398 ], [ -122.06348, 37.68604 ], [ -122.06221, 37.68619 ], [ -122.05905, 37.69217 ], [ -122.05724, 37.69378 ], [ -122.0527, 37.69347 ], [ -122.05019, 37.69362 ], [ -122.04773, 37.69425 ], [ -122.04468, 37.69592 ], [ -122.04431, 37.69589 ], [ -122.04389, 37.69486 ], [ -122.04439, 37.69206 ], [ -122.04498, 37.69162 ], [ -122.04644, 37.69195 ], [ -122.04637, 37.69141 ], [ -122.04698, 37.69085 ], [ -122.04663, 37.68909 ], [ -122.04495, 37.68809 ], [ -122.04456, 37.68706 ], [ -122.04378, 37.68716 ], [ -122.04358, 37.68653 ], [ -122.04589, 37.68585 ], [ -122.04655, 37.68665 ], [ -122.04926, 37.68593 ], [ -122.05013, 37.68661 ], [ -122.05097, 37.68837 ], [ -122.05132, 37.68825 ], [ -122.05022, 37.68565 ], [ -122.05472, 37.68435 ], [ -122.05529, 37.6875 ], [ -122.0552, 37.68919 ], [ -122.05672, 37.689 ], [ -122.05756, 37.68924 ], [ -122.05848, 37.68862 ], [ -122.0596, 37.6884 ], [ -122.05934, 37.68601 ], [ -122.06177, 37.68573 ], [ -122.06247, 37.68368 ], [ -122.06389, 37.68354 ], [ -122.06405, 37.68398 ] ], [ [ -122.06063, 37.68657 ], [ -122.06078, 37.68659 ], [ -122.06079, 37.68655 ], [ -122.06063, 37.68657 ] ], [ [ -122.05493, 37.69057 ], [ -122.05508, 37.69028 ], [ -122.05382, 37.68977 ], [ -122.05315, 37.69055 ], [ -122.05109, 37.69126 ], [ -122.0505, 37.69097 ], [ -122.05035, 37.69044 ], [ -122.04993, 37.69033 ], [ -122.05022, 37.69158 ], [ -122.05161, 37.69137 ], [ -122.05307, 37.69066 ], [ -122.05375, 37.69017 ], [ -122.05493, 37.69057 ] ], [ [ -122.04866, 37.69181 ], [ -122.04863, 37.69196 ], [ -122.0486, 37.69203 ], [ -122.04866, 37.69181 ] ], [ [ -122.05373, 37.68664 ], [ -122.05367, 37.68604 ], [ -122.05306, 37.68624 ], [ -122.05331, 37.68679 ], [ -122.05373, 37.68664 ] ] ] } },
{ "type": "Feature", "properties": { "kind": "label", "km": 1, "city": "Fairview", "people": 93 }, "geometry": { "type": "Point", "coordinates": [ -122.05373, 37.68976 ] } },
{ "type": "Feature", "properties": { "kind": "area", "km": 1, "city": "Fremont", "people": 4 }, "geometry": { "type": "Polygon", "coordinates": [ [ [ -122.05567, 37.49048 ], [ -122.05317, 37.49144 ], [ -122.05161, 37.49167 ], [ -122.03943, 37.49203 ], [ -122.03505, 37.49007 ], [ -122.03291, 37.48293 ], [ -122.02801, 37.47753 ], [ -122.02542, 37.47711 ], [ -122.02555, 37.47798 ], [ -122.02428, 37.47997 ], [ -122.02408, 37.48137 ], [ -122.0234, 37.48278 ], [ -122.02405, 37.48261 ], [ -122.02426, 37.48291 ], [ -122.02265, 37.48391 ], [ -122.0207, 37.48442 ], [ -122.01834, 37.48409 ], [ -122.01635, 37.48322 ], [ -122.01507, 37.48204 ], [ -122.0143, 37.48165 ], [ -122.01403, 37.4818 ], [ -122.01224, 37.48575 ], [ -122.01004, 37.489 ], [ -122.01107, 37.49234 ], [ -122.01095, 37.49296 ], [ -122.01029, 37.4936 ], [ -122.00802, 37.49405 ], [ -122.00658, 37.49482 ], [ -122.00591, 37.49484 ], [ -122.00566, 37.49448 ], [ -122.00518, 37.49444 ], [ -122.00472, 37.4947 ], [ -122.00313, 37.49469 ], [ -121.9996, 37.49358 ], [ -121.99645, 37.49847 ], [ -121.99388, 37.49876 ], [ -121.99316, 37.49812 ], [ -121.99255, 37.49821 ], [ -121.99375, 37.49938 ], [ -121.99323, 37.49967 ], [ -121.97434, 37.48156 ], [ -121.97361, 37.48025 ], [ -121.9731, 37.47813 ], [ -121.97369, 37.46986 ], [ -121.97435, 37.46985 ], [ -121.97442, 37.47044 ], [ -121.97511, 37.47019 ], [ -121.9776, 37.47082 ], [ -121.97959, 37.47051 ], [ -121.98114, 37.46968 ], [ -121.98482, 37.46636 ], [ -121.98665, 37.46563 ], [ -121.98807, 37.46571 ], [ -121.99094, 37.46731 ], [ -121.99476, 37.4689 ], [ -121.99991, 37.46965 ], [ -122.00049, 37.46904 ], [ -122.00159, 37.4687 ], [ -122.00991, 37.46833 ], [ -122.01618, 37.46757 ], [ -122.02068, 37.4678 ], [ -122.02586, 37.46881 ], [ -122.03658, 37.46927 ], [ -122.04335, 37.46808 ], [ -122.04662, 37.46729 ], [ -122.04863, 37.46632 ], [ -122.05032, 37.46612 ], [ -122.0511, 37.46673 ], [ -122.05172, 37.46822 ], [ -122.0522, 37.47133 ], [ -122.05384, 37.47296 ], [ -122.05241, 37.47595 ], [ -122.05278, 37.47661 ], [ -122.05266, 37.47818 ], [ -122.05416, 37.48233 ], [ -122.05397, 37.48357 ], [ -122.05488, 37.48657 ], [ -122.055, 37.4876 ], [ -122.05431, 37.4879 ], [ -122.05564, 37.48955 ], [ -122.05567, 37.49048 ] ] ] } },
{ "type": "Feature", "properties": { "kind": "label", "km": 1, "city": "Fremont", "people": 4 }, "geometry": { "type": "Point", "coordinates": [ -121.99459, 37.48257 ] } },
{ "type": "Feature", "properties": { "kind": "area", "km": 1, "city": "Fremont", "people": 5 }, "geometry": { "type": "Polygon", "coordinates": [ [ [ -122.11197, 37.51031 ], [ -122.10214, 37.52277 ], [ -122.09262, 37.53072 ], [ -122.08833, 37.53257 ], [ -122.07719, 37.53462 ], [ -122.07368, 37.5361 ], [ -122.06934, 37.53874 ], [ -122.06644, 37.53888 ], [ -122.0644, 37.53468 ], [ -122.06774, 37.52435 ], [ -122.06119, 37.52346 ], [ -122.06019, 37.52163 ], [ -122.06035, 37.52109 ], [ -122.07049, 37.51887 ], [ -122.06991, 37.51788 ], [ -122.07039, 37.51734 ], [ -122.07912, 37.51462 ], [ -122.08004, 37.51458 ], [ -122.08044, 37.51486 ], [ -122.08046, 37.51551 ], [ -122.0798, 37.51634 ], [ -122.08079, 37.51638 ], [ -122.082, 37.51576 ], [ -122.08269, 37.51429 ], [ -122.0846, 37.51421 ], [ -122.08788, 37.51297 ], [ -122.08907, 37.51305 ], [ -122.08978, 37.51357 ], [ -122.0887, 37.51685 ], [ -122.09249, 37.51834 ], [ -122.09349, 37.52082 ], [ -122.09832, 37.52237 ], [ -122.10122, 37.52121 ], [ -122.101, 37.51814 ], [ -122.11073, 37.50903 ], [ -122.11116, 37.50922 ], [ -122.11132, 37.50997 ], [ -122.11197, 37.51031 ] ] ] } },
{ "type": "Feature", "properties": { "kind": "label", "km": 1, "city": "Fremont", "people": 5 }, "geometry": { "type": "Point", "coordinates": [ -122.08435, 37.52411 ] } },
{ "type": "Feature", "properties": { "kind": "area", "km": 1, "city": "Fremont", "people": 12437 }, "geometry": { "type": "Polygon", "coordinates": [ [ [ -121.99026, 37.53988 ], [ -121.99628, 37.53258 ], [ -121.99521, 37.53166 ], [ -121.99565, 37.53039 ], [ -121.99386, 37.52949 ], [ -121.99299, 37.53047 ], [ -121.99204, 37.53011 ], [ -121.99193, 37.52983 ], [ -121.9927, 37.5289 ], [ -121.99025, 37.52763 ], [ -121.98788, 37.53053 ], [ -121.99005, 37.53166 ], [ -121.99077, 37.53167 ], [ -121.99089, 37.53194 ], [ -121.99003, 37.53295 ], [ -121.9892, 37.53333 ], [ -121.98761, 37.53214 ], [ -121.98712, 37.53274 ], [ -121.98778, 37.53462 ], [ -121.98491, 37.53538 ], [ -121.98431, 37.53612 ], [ -121.98557, 37.53683 ], [ -121.9862, 37.53761 ], [ -121.98429, 37.54058 ], [ -121.97985, 37.53862 ], [ -121.97995, 37.53794 ], [ -121.98092, 37.53671 ], [ -121.98071, 37.5366 ], [ -121.97984, 37.53682 ], [ -121.97818, 37.53862 ], [ -121.97576, 37.53738 ], [ -121.97902, 37.53307 ], [ -121.98027, 37.53353 ], [ -121.9796, 37.53462 ], [ -121.9807, 37.53499 ], [ -121.98276, 37.53446 ], [ -121.98484, 37.53191 ], [ -121.9842, 37.53143 ], [ -121.98541, 37.52991 ], [ -121.98277, 37.5284 ], [ -121.9874, 37.52251 ], [ -121.98255, 37.51974 ], [ -121.98176, 37.52072 ], [ -121.98079, 37.52088 ], [ -121.9806, 37.52031 ], [ -121.9795, 37.51938 ], [ -121.97988, 37.51873 ], [ -121.97855, 37.51765 ], [ -121.97698, 37.51797 ], [ -121.97577, 37.5155 ], [ -121.97456, 37.51583 ], [ -121.9729, 37.51319 ], [ -121.97149, 37.51273 ], [ -121.97154, 37.51209 ], [ -121.96985, 37.51079 ], [ -121.96905, 37.51072 ], [ -121.96716, 37.51126 ], [ -121.96648, 37.51164 ], [ -121.9668, 37.51252 ], [ -121.96484, 37.51326 ], [ -121.96401, 37.51327 ], [ -121.96277, 37.51272 ], [ -121.96156, 37.51285 ], [ -121.96255, 37.51468 ], [ -121.96183, 37.51511 ], [ -121.96193, 37.5158 ], [ -121.95791, 37.51643 ], [ -121.95788, 37.51719 ], [ -121.95476, 37.51768 ], [ -121.95538, 37.51902 ], [ -121.95291, 37.51998 ], [ -121.95187, 37.51859 ], [ -121.95252, 37.51811 ], [ -121.95116, 37.51582 ], [ -121.94824, 37.51665 ], [ -121.94926, 37.51845 ], [ -121.95078, 37.51938 ], [ -121.95064, 37.51965 ], [ -121.94935, 37.51996 ], [ -121.95179, 37.52461 ], [ -121.95532, 37.52416 ], [ -121.9563, 37.52957 ], [ -121.95862, 37.5293 ], [ -121.95911, 37.53093 ], [ -121.96105, 37.53084 ], [ -121.96106, 37.53302 ], [ -121.95981, 37.53313 ], [ -121.96444, 37.53576 ], [ -121.96314, 37.53731 ], [ -121.96426, 37.53815 ], [ -121.96295, 37.53945 ], [ -121.96034, 37.53823 ], [ -121.95641, 37.53564 ], [ -121.95716, 37.53461 ], [ -121.95599, 37.53384 ], [ -121.95644, 37.53351 ], [ -121.95635, 37.53301 ], [ -121.95429, 37.53329 ], [ -121.95469, 37.53827 ], [ -121.95715, 37.54714 ], [ -121.959, 37.55906 ], [ -121.96179, 37.55722 ], [ -121.96455, 37.55813 ], [ -121.96377, 37.55894 ], [ -121.9624, 37.55836 ], [ -121.96134, 37.55864 ], [ -121.96086, 37.55979 ], [ -121.96107, 37.56128 ], [ -121.96185, 37.5618 ], [ -121.96286, 37.56156 ], [ -121.96291, 37.56243 ], [ -121.96421, 37.56303 ], [ -121.96459, 37.56361 ], [ -121.95942, 37.56718 ], [ -121.96227, 37.5715 ], [ -121.95923, 37.57333 ], [ -121.96033, 37.57479 ], [ -121.96061, 37.57688 ], [ -121.96197, 37.57882 ], [ -121.96273, 37.57965 ], [ -121.9633, 37.57843 ], [ -121.96478, 37.5769 ], [ -121.96498, 37.57607 ], [ -121.9642, 37.575 ], [ -121.96434, 37.5747 ], [ -121.96551, 37.57515 ], [ -121.9668, 37.57505 ], [ -121.9698, 37.57282 ], [ -121.97141, 37.57203 ], [ -121.98375, 37.56788 ], [ -121.98339, 37.56627 ], [ -121.99595, 37.56282 ], [ -121.99628, 37.56347 ], [ -121.99459, 37.56391 ], [ -121.99472, 37.56568 ], [ -121.99954, 37.56559 ], [ -122.00914, 37.56934 ], [ -122.01408, 37.57178 ], [ -122.01466, 37.57151 ], [ -122.01865, 37.57381 ], [ -122.02216, 37.57526 ], [ -122.02528, 37.57595 ], [ -122.02696, 37.57674 ], [ -122.02703, 37.57705 ], [ -122.02528, 37.57871 ], [ -122.02365, 37.5772 ], [ -122.02111, 37.57585 ], [ -122.0184, 37.57473 ], [ -122.01797, 37.57513 ], [ -122.01699, 37.57496 ], [ -122.01625, 37.57578 ], [ -122.01631, 37.57652 ], [ -122.01403, 37.58041 ], [ -122.01325, 37.58092 ], [ -122.01098, 37.58085 ], [ -122.00855, 37.57937 ], [ -122.00702, 37.58298 ], [ -122.00607, 37.58278 ], [ -121.99132, 37.57143 ], [ -121.98987, 37.57365 ], [ -121.98837, 37.57336 ], [ -121.9866, 37.57366 ], [ -121.98506, 37.57742 ], [ -121.98318, 37.57698 ], [ -121.98341, 37.57594 ], [ -121.97777, 37.57463 ], [ -121.97735, 37.57577 ], [ -121.98332, 37.57716 ], [ -121.98336, 37.5777 ], [ -121.99099, 37.57952 ], [ -121.99101, 37.58009 ], [ -121.99971, 37.58319 ], [ -122.00362, 37.585 ], [ -122.00597, 37.58649 ], [ -122.00382, 37.58812 ], [ -122.00363, 37.58861 ], [ -122.00165, 37.58958 ], [ -121.98785, 37.59992 ], [ -121.98598, 37.59914 ], [ -121.98351, 37.59939 ], [ -121.98226, 37.59855 ], [ -121.98168, 37.59742 ], [ -121.98066, 37.59739 ], [ -121.97954, 37.59669 ], [ -121.97823, 37.59461 ], [ -121.97306, 37.59492 ], [ -121.97232, 37.59449 ], [ -121.97295, 37.59376 ], [ -121.9729, 37.59325 ], [ -121.97026, 37.58944 ], [ -121.97055, 37.58877 ], [ -121.97029, 37.58785 ], [ -121.96919, 37.58782 ], [ -121.96871, 37.58731 ], [ -121.96917, 37.58597 ], [ -121.97105, 37.58601 ], [ -121.97007, 37.58447 ], [ -121.97014, 37.58355 ], [ -121.97129, 37.58212 ], [ -121.97291, 37.58103 ], [ -121.97228, 37.58076 ], [ -121.97283, 37.57969 ], [ -121.97256, 37.57854 ], [ -121.9742, 37.57833 ], [ -121.97156, 37.5769 ], [ -121.96883, 37.57944 ], [ -121.96635, 37.58046 ], [ -121.96517, 37.5814 ], [ -121.96474, 37.58254 ], [ -121.9651, 37.5848 ], [ -121.96449, 37.58592 ], [ -121.95908, 37.58854 ], [ -121.95109, 37.59691 ], [ -121.94976, 37.59745 ], [ -121.94748, 37.59783 ], [ -121.94591, 37.5971 ], [ -121.944, 37.59719 ], [ -121.94057, 37.59844 ], [ -121.9385, 37.59845 ], [ -121.93778, 37.59769 ], [ -121.93792, 37.59515 ], [ -121.93692, 37.59214 ], [ -121.93572, 37.5912 ], [ -121.93255, 37.59187 ], [ -121.93004, 37.58638 ], [ -121.92789, 37.58608 ], [ -121.9281, 37.58448 ], [ -121.92536, 37.58245 ], [ -121.92677, 37.5812 ], [ -121.92576, 37.57974 ], [ -121.92974, 37.57835 ], [ -121.92989, 37.57755 ], [ -121.9312, 37.57609 ], [ -121.93301, 37.57675 ], [ -121.93297, 37.57595 ], [ -121.93212, 37.57505 ], [ -121.93261, 37.57419 ], [ -121.93147, 37.57265 ], [ -121.9327, 37.57118 ], [ -121.93413, 37.57038 ], [ -121.93598, 37.56979 ], [ -121.93694, 37.5698 ], [ -121.93764, 37.57021 ], [ -121.93952, 37.57034 ], [ -121.94084, 37.57012 ], [ -121.94279, 37.5704 ], [ -121.94426, 37.57028 ], [ -121.9454, 37.56981 ], [ -121.94483, 37.5696 ], [ -121.94347, 37.56817 ], [ -121.9431, 37.5672 ], [ -121.94323, 37.56583 ], [ -121.94255, 37.56471 ], [ -121.94136, 37.56422 ], [ -121.94095, 37.56431 ], [ -121.93921, 37.56572 ], [ -121.93687, 37.56318 ], [ -121.93694, 37.56261 ], [ -121.93854, 37.56133 ], [ -121.93809, 37.56102 ], [ -121.93832, 37.56017 ], [ -121.93733, 37.55885 ], [ -121.93631, 37.55865 ], [ -121.93497, 37.55926 ], [ -121.93261, 37.5587 ], [ -121.93053, 37.55784 ], [ -121.93029, 37.55686 ], [ -121.93333, 37.55404 ], [ -121.93697, 37.55227 ], [ -121.9382, 37.55137 ], [ -121.94444, 37.55577 ], [ -121.94534, 37.55786 ], [ -121.94679, 37.55903 ], [ -121.94875, 37.55995 ], [ -121.95288, 37.56356 ], [ -121.95353, 37.5638 ], [ -121.95522, 37.5627 ], [ -121.95485, 37.5615 ], [ -121.954, 37.56165 ], [ -121.9517, 37.55944 ], [ -121.95197, 37.55876 ], [ -121.95167, 37.55821 ], [ -121.95205, 37.55779 ], [ -121.94583, 37.55387 ], [ -121.9466, 37.55298 ], [ -121.94734, 37.55337 ], [ -121.94761, 37.55317 ], [ -121.94731, 37.55278 ], [ -121.94784, 37.55233 ], [ -121.94599, 37.5508 ], [ -121.94453, 37.55011 ], [ -121.94378, 37.55074 ], [ -121.94277, 37.55016 ], [ -121.94486, 37.54786 ], [ -121.94305, 37.54682 ], [ -121.94147, 37.54834 ], [ -121.93886, 37.54693 ], [ -121.93253, 37.54891 ], [ -121.9182, 37.55157 ], [ -121.91951, 37.54858 ], [ -121.91979, 37.54599 ], [ -121.92043, 37.54438 ], [ -121.92429, 37.5407 ], [ -121.92214, 37.53795 ], [ -121.9221, 37.53865 ], [ -121.92148, 37.53904 ], [ -121.92079, 37.53928 ], [ -121.92022, 37.53888 ], [ -121.91924, 37.53936 ], [ -121.91739, 37.53802 ], [ -121.9158, 37.53793 ], [ -121.91605, 37.53683 ], [ -121.91719, 37.5359 ], [ -121.92045, 37.53569 ], [ -121.91905, 37.53071 ], [ -121.91728, 37.53161 ], [ -121.91513, 37.53175 ], [ -121.91233, 37.53245 ], [ -121.91156, 37.53231 ], [ -121.90944, 37.53081 ], [ -121.90955, 37.5304 ], [ -121.91044, 37.53006 ], [ -121.91054, 37.52934 ], [ -121.90854, 37.52742 ], [ -121.90546, 37.52536 ], [ -121.90787, 37.52154 ], [ -121.9063, 37.51738 ], [ -121.90845, 37.51736 ], [ -121.90838, 37.51882 ], [ -121.91108, 37.51758 ], [ -121.91115, 37.51571 ], [ -121.91193, 37.51301 ], [ -121.9129, 37.51215 ], [ -121.91458, 37.51261 ], [ -121.91628, 37.51196 ], [ -121.91812, 37.51292 ], [ -121.91922, 37.51059 ], [ -121.91919, 37.50839 ], [ -121.91863, 37.50735 ], [ -121.91891, 37.50638 ], [ -121.91987, 37.50649 ], [ -121.92001, 37.50736 ], [ -121.92004, 37.51045 ], [ -121.91957, 37.51342 ], [ -121.92293, 37.51393 ], [ -121.92361, 37.51422 ], [ -121.92352, 37.5147 ], [ -121.92582, 37.51531 ], [ -121.92675, 37.51531 ], [ -121.92684, 37.51485 ], [ -121.9281, 37.51462 ], [ -121.9285, 37.51509 ], [ -121.92993, 37.51485 ], [ -121.93024, 37.51428 ], [ -121.93142, 37.51427 ], [ -121.93122, 37.51503 ], [ -121.93058, 37.51561 ], [ -121.92691, 37.5166 ], [ -121.92531, 37.51852 ], [ -121.92436, 37.51814 ], [ -121.92416, 37.51726 ], [ -121.92291, 37.51734 ], [ -121.92205, 37.51866 ], [ -121.92122, 37.51872 ], [ -121.92074, 37.51914 ], [ -121.92062, 37.52087 ], [ -121.91974, 37.52101 ], [ -121.91984, 37.52124 ], [ -121.92067, 37.52187 ], [ -121.92248, 37.5216 ], [ -121.92275, 37.52271 ], [ -121.92361, 37.52342 ], [ -121.92316, 37.52392 ], [ -121.925, 37.52592 ], [ -121.92724, 37.52656 ], [ -121.92802, 37.52614 ], [ -121.92918, 37.52621 ], [ -121.92853, 37.52509 ], [ -121.9283, 37.52341 ], [ -121.93122, 37.52301 ], [ -121.93229, 37.52219 ], [ -121.93213, 37.52137 ], [ -121.93047, 37.52016 ], [ -121.92989, 37.51928 ], [ -121.92996, 37.51847 ], [ -121.93067, 37.51785 ], [ -121.93211, 37.51777 ], [ -121.9323, 37.51868 ], [ -121.93298, 37.51895 ], [ -121.93417, 37.51863 ], [ -121.93363, 37.51728 ], [ -121.93568, 37.51745 ], [ -121.93583, 37.51823 ], [ -121.93715, 37.51881 ], [ -121.93767, 37.51944 ], [ -121.93654, 37.52035 ], [ -121.93825, 37.52106 ], [ -121.93789, 37.51746 ], [ -121.93893, 37.51776 ], [ -121.94074, 37.51942 ], [ -121.94177, 37.51947 ], [ -121.9397, 37.5161 ], [ -121.93844, 37.51595 ], [ -121.93799, 37.51519 ], [ -121.93665, 37.51499 ], [ -121.93458, 37.51414 ], [ -121.93265, 37.51423 ], [ -121.93236, 37.514 ], [ -121.9325, 37.51242 ], [ -121.93354, 37.51209 ], [ -121.93427, 37.51252 ], [ -121.9358, 37.51192 ], [ -121.93658, 37.51313 ], [ -121.93736, 37.51302 ], [ -121.93478, 37.50828 ], [ -121.93375, 37.50809 ], [ -121.93284, 37.5068 ], [ -121.93464, 37.506 ], [ -121.93971, 37.51454 ], [ -121.94238, 37.51371 ], [ -121.94042, 37.51151 ], [ -121.9382, 37.5072 ], [ -121.93743, 37.50469 ], [ -121.9346, 37.49978 ], [ -121.93417, 37.49806 ], [ -121.93427, 37.49655 ], [ -121.93172, 37.49415 ], [ -121.92935, 37.49004 ], [ -121.93304, 37.48585 ], [ -121.93396, 37.48619 ], [ -121.93573, 37.48537 ], [ -121.93697, 37.48517 ], [ -121.93895, 37.48578 ], [ -121.94614, 37.49114 ], [ -121.94794, 37.49468 ], [ -121.94862, 37.49174 ], [ -121.94854, 37.49044 ], [ -121.95084, 37.49017 ], [ -121.95103, 37.49178 ], [ -121.95177, 37.49279 ], [ -121.95339, 37.49212 ], [ -121.9549, 37.49365 ], [ -121.9554, 37.49316 ], [ -121.95585, 37.48933 ], [ -121.95863, 37.48908 ], [ -121.9618, 37.48984 ], [ -121.96604, 37.4922 ], [ -121.97273, 37.49713 ], [ -121.96709, 37.50196 ], [ -121.97148, 37.50559 ], [ -121.9746, 37.50697 ], [ -121.97372, 37.51029 ], [ -121.97471, 37.51244 ], [ -121.9842, 37.5199 ], [ -121.98543, 37.51853 ], [ -121.98594, 37.5184 ], [ -121.9896, 37.52031 ], [ -121.98786, 37.52245 ], [ -121.999, 37.5279 ], [ -122.01355, 37.53582 ], [ -122.01587, 37.53749 ], [ -122.01748, 37.53939 ], [ -122.01653, 37.5405 ], [ -122.0134, 37.53905 ], [ -122.01148, 37.54139 ], [ -122.01022, 37.54076 ], [ -122.00952, 37.53973 ], [ -122.00877, 37.53927 ], [ -122.00857, 37.53951 ], [ -122.00984, 37.54089 ], [ -122.01198, 37.54215 ], [ -122.01149, 37.54294 ], [ -122.01061, 37.54277 ], [ -122.00714, 37.54108 ], [ -122.00537, 37.54322 ], [ -122.00276, 37.542 ], [ -122.00179, 37.54465 ], [ -121.99918, 37.54348 ], [ -121.99756, 37.54522 ], [ -121.99326, 37.54293 ], [ -121.99344, 37.54239 ], [ -121.99396, 37.5424 ], [ -121.9966, 37.53909 ], [ -121.99823, 37.53756 ], [ -121.9953, 37.53613 ], [ -121.99183, 37.54042 ], [ -121.99324, 37.54125 ], [ -121.99238, 37.54239 ], [ -121.99148, 37.54207 ], [ -121.99064, 37.5413 ], [ -121.98802, 37.54414 ], [ -121.985, 37.54279 ], [ -121.98485, 37.54207 ], [ -121.98545, 37.54156 ], [ -121.98639, 37.54142 ], [ -121.98671, 37.5416 ], [ -121.98651, 37.54196 ], [ -121.98756, 37.5425 ], [ -121.9891, 37.54063 ], [ -121.98778, 37.53977 ], [ -121.98822, 37.53905 ], [ -121.98869, 37.5389 ], [ -121.99026, 37.53988 ] ], [ [ -121.95504, 37.51097 ], [ -121.96055, 37.50997 ], [ -121.96264, 37.50919 ], [ -121.96089, 37.50685 ], [ -121.95877, 37.50514 ], [ -121.96014, 37.50386 ], [ -121.95749, 37.50181 ], [ -121.95593, 37.50313 ], [ -121.95454, 37.50255 ], [ -121.95288, 37.50768 ], [ -121.95162, 37.50925 ], [ -121.95174, 37.51004 ], [ -121.95466, 37.50973 ], [ -121.95504, 37.51097 ] ], [ [ -121.94839, 37.49861 ], [ -121.94812, 37.49624 ], [ -121.94817, 37.49863 ], [ -121.94839, 37.49861 ] ], [ [ -122.00113, 37.53387 ], [ -122.00078, 37.53371 ], [ -121.99864, 37.53633 ], [ -122.00033, 37.53719 ], [ -122.00171, 37.53552 ], [ -122.00059, 37.53486 ], [ -122.00113, 37.53387 ] ], [ [ -121.95997, 37.51492 ], [ -121.96104, 37.51477 ], [ -121.96057, 37.51392 ], [ -121.95959, 37.51421 ], [ -121.95997, 37.51492 ] ], [ [ -121.97204, 37.57649 ], [ -121.9736, 37.57748 ], [ -121.97581, 37.57727 ], [ -121.97346, 37.57535 ], [ -121.97204, 37.57649 ] ], [ [ -122.00988, 37.57701 ], [ -122.01124, 37.57831 ], [ -122.01156, 37.57815 ], [ -122.01015, 37.57682 ], [ -122.0108, 37.57605 ], [ -122.0129, 37.57752 ], [ -122.01318, 37.57739 ], [ -122.01133, 37.57582 ], [ -122.01163, 37.57514 ], [ -122.00988, 37.57701 ] ], [ [ -122.01411, 37.57329 ], [ -122.01256, 37.57518 ], [ -122.01447, 37.57677 ], [ -122.01472, 37.5766 ], [ -122.01328, 37.57549 ], [ -122.01299, 37.57491 ], [ -122.01381, 37.57427 ], [ -122.01545, 37.5754 ], [ -122.01626, 37.57447 ], [ -122.01411, 37.57329 ] ], [ [ -121.98782, 37.56954 ], [ -121.98801, 37.56937 ], [ -121.98756, 37.56973 ], [ -121.98782, 37.56954 ] ], [ [ -121.99985, 37.5879 ], [ -122.00301, 37.58568 ], [ -121.9998, 37.58412 ], [ -121.99886, 37.58487 ], [ -121.99906, 37.58534 ], [ -121.99826, 37.58578 ], [ -121.99742, 37.5851 ], [ -121.99771, 37.58466 ], [ -121.99652, 37.5837 ], [ -121.99699, 37.58312 ], [ -121.99656, 37.58295 ], [ -121.9958, 37.58335 ], [ -121.99469, 37.5823 ], [ -121.99384, 37.58299 ], [ -121.99985, 37.5879 ] ], [ [ -121.99203, 37.582 ], [ -121.9902, 37.58072 ], [ -121.99029, 37.58036 ], [ -121.98325, 37.57869 ], [ -121.98329, 37.57944 ], [ -121.98463, 37.57962 ], [ -121.98464, 37.58023 ], [ -121.98631, 37.58071 ], [ -121.9888, 37.58257 ], [ -121.9915, 37.58377 ], [ -121.99207, 37.58351 ], [ -121.9914, 37.58258 ], [ -121.99203, 37.582 ] ], [ [ -122.00217, 37.58768 ], [ -122.00111, 37.58843 ], [ -122.00143, 37.58872 ], [ -122.0025, 37.58798 ], [ -122.00217, 37.58768 ] ], [ [ -122.0036, 37.58719 ], [ -122.00428, 37.58668 ], [ -122.00464, 37.5864 ], [ -122.00439, 37.58625 ], [ -122.00336, 37.58702 ], [ -122.0036, 37.58719 ] ], [ [ -121.95338, 37.51899 ], [ -121.9533, 37.51887 ], [ -121.95337, 37.51899 ], [ -121.95338, 37.51899 ] ], [ [ -121.9447, 37.54466 ], [ -121.94776, 37.5414 ], [ -121.94602, 37.54039 ], [ -121.94657, 37.53873 ], [ -121.94699, 37.53859 ], [ -121.94857, 37.53956 ], [ -121.94906, 37.53909 ], [ -121.94965, 37.53931 ], [ -121.95326, 37.53509 ], [ -121.95318, 37.53346 ], [ -121.95157, 37.53359 ], [ -121.95115, 37.5322 ], [ -121.95014, 37.5317 ], [ -121.94886, 37.52995 ], [ -121.94576, 37.53028 ], [ -121.9451, 37.53064 ], [ -121.94616, 37.53108 ], [ -121.94537, 37.53221 ], [ -121.94066, 37.53114 ], [ -121.94044, 37.53067 ], [ -121.93898, 37.53064 ], [ -121.93782, 37.52855 ], [ -121.93718, 37.52894 ], [ -121.93566, 37.52832 ], [ -121.93587, 37.52995 ], [ -121.93437, 37.53037 ], [ -121.93227, 37.52819 ], [ -121.9318, 37.52846 ], [ -121.93268, 37.52952 ], [ -121.93206, 37.52991 ], [ -121.93056, 37.53002 ], [ -121.93042, 37.52884 ], [ -121.92956, 37.52895 ], [ -121.93005, 37.53236 ], [ -121.92741, 37.53269 ], [ -121.92651, 37.52928 ], [ -121.92744, 37.52898 ], [ -121.92728, 37.52847 ], [ -121.92611, 37.52865 ], [ -121.92694, 37.53274 ], [ -121.92582, 37.53278 ], [ -121.92502, 37.53024 ], [ -121.92241, 37.53075 ], [ -121.92255, 37.53158 ], [ -121.92138, 37.5318 ], [ -121.92172, 37.53296 ], [ -121.92432, 37.53279 ], [ -121.92485, 37.53594 ], [ -121.93214, 37.53522 ], [ -121.93353, 37.53456 ], [ -121.93477, 37.54202 ], [ -121.9353, 37.54265 ], [ -121.93698, 37.54304 ], [ -121.93792, 37.54175 ], [ -121.94243, 37.54191 ], [ -121.94393, 37.54428 ], [ -121.9447, 37.54466 ] ], [ [ -121.94547, 37.52817 ], [ -121.94659, 37.52596 ], [ -121.94652, 37.52432 ], [ -121.94576, 37.52287 ], [ -121.94367, 37.52076 ], [ -121.94609, 37.52468 ], [ -121.94618, 37.52646 ], [ -121.94547, 37.52817 ] ], [ [ -121.94312, 37.50427 ], [ -121.94143, 37.50467 ], [ -121.94546, 37.51249 ], [ -121.94693, 37.51215 ], [ -121.95078, 37.51194 ], [ -121.94933, 37.50933 ], [ -121.94844, 37.50894 ], [ -121.94312, 37.50427 ] ], [ [ -121.96741, 37.57672 ], [ -121.96766, 37.57585 ], [ -121.96795, 37.57552 ], [ -121.96597, 37.57723 ], [ -121.96644, 37.57757 ], [ -121.96741, 37.57672 ] ], [ [ -121.94968, 37.55534 ], [ -121.95004, 37.55523 ], [ -121.9499, 37.55512 ], [ -121.94968, 37.55534 ] ], [ [ -121.96174, 37.58306 ], [ -121.96169, 37.58445 ], [ -121.95961, 37.58606 ], [ -121.96088, 37.58554 ], [ -121.962, 37.5845 ], [ -121.96204, 37.58293 ], [ -121.96174, 37.58306 ] ], [ [ -121.96234, 37.58108 ], [ -121.96185, 37.58149 ], [ -121.96213, 37.58206 ], [ -121.96241, 37.58192 ], [ -121.96234, 37.58108 ] ], [ [ -121.91739, 37.52098 ], [ -121.91729, 37.52199 ], [ -121.91601, 37.52226 ], [ -121.91482, 37.52214 ], [ -121.91479, 37.52243 ], [ -121.91605, 37.52261 ], [ -121.91766, 37.52215 ], [ -121.91767, 37.521 ], [ -121.91739, 37.52098 ] ], [ [ -121.91517, 37.51956 ], [ -121.9165, 37.51834 ], [ -121.91381, 37.51819 ], [ -121.9138, 37.51903 ], [ -121.91517, 37.51956 ] ], [ [ -121.91999, 37.52459 ], [ -121.91998, 37.52453 ], [ -121.91994, 37.52441 ], [ -121.91999, 37.52459 ] ], [ [ -121.93705, 37.51434 ], [ -121.93724, 37.51432 ], [ -121.93718, 37.51426 ], [ -121.93705, 37.51434 ] ], [ [ -121.92323, 37.53407 ], [ -121.92321, 37.53369 ], [ -121.92317, 37.5337 ], [ -121.92323, 37.53407 ] ], [ [ -121.93215, 37.5422 ], [ -121.93109, 37.54219 ], [ -121.93081, 37.54115 ], [ -121.92965, 37.54042 ], [ -121.92883, 37.54029 ], [ -121.92693, 37.54208 ], [ -121.92852, 37.54303 ], [ -121.92837, 37.54409 ], [ -121.92871, 37.54432 ], [ -121.92914, 37.54457 ], [ -121.93043, 37.54414 ], [ -121.93167, 37.54483 ], [ -121.93359, 37.54274 ], [ -121.93215, 37.5422 ] ], [ [ -121.92403, 37.53854 ], [ -121.92448, 37.53868 ], [ -121.92567, 37.53846 ], [ -121.92563, 37.53839 ], [ -121.92403, 37.53854 ] ], [ [ -121.9285, 37.53717 ], [ -121.92843, 37.53684 ], [ -121.92768, 37.53692 ], [ -121.92778, 37.53755 ], [ -121.9285, 37.53717 ] ] ] } },
{ "type": "Feature", "properties": { "kind": "label", "km": 1, "city": "Fremont", "people": 12437 }, "geometry": { "type": "Point", "coordinates": [ -122.00039, 37.54194 ] } },
{ "type": "Feature", "properties": { "kind": "area", "km": 1, "city": "Fremont", "people": 12 }, "geometry": { "type": "Polygon", "coordinates": [ [ [ -122.06948, 37.54422 ], [ -122.06682, 37.54505 ], [ -122.06749, 37.54688 ], [ -122.06784, 37.54937 ], [ -122.06165, 37.55167 ], [ -122.06016, 37.55316 ], [ -122.05845, 37.55289 ], [ -122.0557, 37.55309 ], [ -122.055, 37.54961 ], [ -122.0673, 37.54034 ], [ -122.06763, 37.54043 ], [ -122.06873, 37.54258 ], [ -122.06948, 37.54422 ] ] ] } },
{ "type": "Feature", "properties": { "kind": "label", "km": 1, "city": "Fremont", "people": 12 }, "geometry": { "type": "Point", "coordinates": [ -122.06306, 37.54671 ] } },
{ "type": "Feature", "properties": { "kind": "area", "km": 1, "city": "Fremont", "people": 130 }, "geometry": { "type": "Polygon", "coordinates": [ [ [ -122.05637, 37.55915 ], [ -122.05515, 37.55998 ], [ -122.05568, 37.55988 ], [ -122.056, 37.56039 ], [ -122.05728, 37.56007 ], [ -122.05759, 37.56101 ], [ -122.05612, 37.56158 ], [ -122.05627, 37.56255 ], [ -122.05561, 37.56277 ], [ -122.05569, 37.56345 ], [ -122.05483, 37.56376 ], [ -122.05405, 37.56218 ], [ -122.05292, 37.56228 ], [ -122.05275, 37.5616 ], [ -122.0533, 37.56127 ], [ -122.05232, 37.56057 ], [ -122.05365, 37.5598 ], [ -122.05273, 37.55983 ], [ -122.05228, 37.55905 ], [ -122.05461, 37.55805 ], [ -122.05508, 37.55857 ], [ -122.05616, 37.55835 ], [ -122.05637, 37.55915 ] ] ] } },
{ "type": "Feature", "properties": { "kind": "label", "km": 1, "city": "Fremont", "people": 130 }, "geometry": { "type": "Point", "coordinates": [ -122.05518, 37.56089 ] } },
{ "type": "Feature", "properties": { "kind": "area", "km": 1, "city": "Fremont", "people": 420 }, "geometry": { "type": "Polygon", "coordinates": [ [ [ -122.05293, 37.56543 ], [ -122.05489, 37.56481 ], [ -122.05568, 37.56604 ], [ -122.05965, 37.5642 ], [ -122.06188, 37.56195 ], [ -122.06333, 37.56272 ], [ -122.06357, 37.56316 ], [ -122.06402, 37.56267 ], [ -122.0647, 37.56253 ], [ -122.06565, 37.56394 ], [ -122.06808, 37.56543 ], [ -122.05787, 37.57716 ], [ -122.05476, 37.57902 ], [ -122.05286, 37.58067 ], [ -122.05764, 37.58313 ], [ -122.05687, 37.58387 ], [ -122.05512, 37.58287 ], [ -122.05472, 37.58289 ], [ -122.05296, 37.58577 ], [ -122.05528, 37.58902 ], [ -122.05625, 37.58974 ], [ -122.05527, 37.59052 ], [ -122.05488, 37.59048 ], [ -122.0503, 37.58395 ], [ -122.04876, 37.58578 ], [ -122.04618, 37.58719 ], [ -122.04116, 37.58826 ], [ -122.03827, 37.58794 ], [ -122.03814, 37.58763 ], [ -122.03936, 37.58587 ], [ -122.0405, 37.58632 ], [ -122.04074, 37.58689 ], [ -122.04115, 37.5867 ], [ -122.04189, 37.587 ], [ -122.04347, 37.58672 ], [ -122.04668, 37.58569 ], [ -122.04812, 37.58398 ], [ -122.04808, 37.58358 ], [ -122.04646, 37.58219 ], [ -122.04699, 37.58149 ], [ -122.04766, 37.58167 ], [ -122.04806, 37.58059 ], [ -122.04621, 37.57837 ], [ -122.04554, 37.57915 ], [ -122.04472, 37.57874 ], [ -122.04568, 37.57739 ], [ -122.04838, 37.57859 ], [ -122.05025, 37.5832 ], [ -122.05217, 37.58073 ], [ -122.05042, 37.57984 ], [ -122.05058, 37.57933 ], [ -122.0511, 37.5794 ], [ -122.05341, 37.57638 ], [ -122.05542, 37.57727 ], [ -122.05619, 37.57677 ], [ -122.05364, 37.57547 ], [ -122.05443, 37.57427 ], [ -122.05566, 37.5746 ], [ -122.05551, 37.57518 ], [ -122.05699, 37.5758 ], [ -122.05872, 37.57402 ], [ -122.05797, 37.57255 ], [ -122.0591, 37.57203 ], [ -122.05892, 37.57089 ], [ -122.05862, 37.57064 ], [ -122.05739, 37.57068 ], [ -122.05713, 37.56987 ], [ -122.05824, 37.56936 ], [ -122.05789, 37.56785 ], [ -122.05587, 37.56731 ], [ -122.05461, 37.56773 ], [ -122.05399, 37.56691 ], [ -122.05465, 37.5665 ], [ -122.05378, 37.56638 ], [ -122.05142, 37.56675 ], [ -122.05089, 37.56617 ], [ -122.05088, 37.56558 ], [ -122.05235, 37.56524 ], [ -122.05293, 37.56543 ] ], [ [ -122.06351, 37.56338 ], [ -122.06254, 37.56372 ], [ -122.06169, 37.56328 ], [ -122.06071, 37.56459 ], [ -122.06158, 37.56511 ], [ -122.06104, 37.56589 ], [ -122.05951, 37.56529 ], [ -122.05912, 37.56579 ], [ -122.05968, 37.56862 ], [ -122.06256, 37.56886 ], [ -122.06291, 37.56848 ], [ -122.06151, 37.56777 ], [ -122.06127, 37.56735 ], [ -122.06204, 37.56675 ], [ -122.06363, 37.56754 ], [ -122.06377, 37.56737 ], [ -122.06213, 37.56642 ], [ -122.06283, 37.56565 ], [ -122.06449, 37.56645 ], [ -122.06463, 37.56627 ], [ -122.06302, 37.56542 ], [ -122.06355, 37.56459 ], [ -122.06547, 37.56518 ], [ -122.06393, 37.56439 ], [ -122.06351, 37.56338 ] ], [ [ -122.06164, 37.57023 ], [ -122.06003, 37.57023 ], [ -122.06038, 37.57192 ], [ -122.06164, 37.57023 ] ], [ [ -122.0527, 37.58394 ], [ -122.05208, 37.58342 ], [ -122.05195, 37.58357 ], [ -122.0527, 37.58394 ] ], [ [ -122.05299, 37.58236 ], [ -122.05353, 37.58283 ], [ -122.05395, 37.58226 ], [ -122.05334, 37.58196 ], [ -122.05299, 37.58236 ] ] ] } },
{ "type": "Feature", "properties": { "kind": "label", "km": 1, "city": "Fremont", "people": 420 }, "geometry": { "type": "Point", "coordinates": [ -122.0569, 37.5761 ] } },
{ "type": "Feature", "properties": { "kind": "area", "km": 1, "city": "Fremont", "people": 53 }, "geometry": { "type": "Polygon", "coordinates": [ [ [ -122.03657, 37.56665 ], [ -122.03248, 37.57102 ], [ -122.02822, 37.56888 ], [ -122.02914, 37.56769 ], [ -122.02988, 37.56794 ], [ -122.03033, 37.56771 ], [ -122.03138, 37.56822 ], [ -122.03213, 37.56787 ], [ -122.03502, 37.56535 ], [ -122.03642, 37.566 ], [ -122.03848, 37.56343 ], [ -122.04298, 37.56754 ], [ -122.04735, 37.56733 ], [ -122.04745, 37.56818 ], [ -122.04527, 37.56867 ], [ -122.04594, 37.5696 ], [ -122.04657, 37.56937 ], [ -122.04653, 37.56871 ], [ -122.04758, 37.56853 ], [ -122.04821, 37.56963 ], [ -122.04427, 37.57164 ], [ -122.04233, 37.57352 ], [ -122.04017, 37.57241 ], [ -122.04084, 37.57159 ], [ -122.0422, 37.57217 ], [ -122.04234, 37.57198 ], [ -122.04109, 37.57131 ], [ -122.04162, 37.57048 ], [ -122.04312, 37.57106 ], [ -122.0439, 37.5705 ], [ -122.04324, 37.56958 ], [ -122.04226, 37.56946 ], [ -122.04172, 37.56852 ], [ -122.03976, 37.56783 ], [ -122.03828, 37.56974 ], [ -122.03749, 37.56962 ], [ -122.03685, 37.57024 ], [ -122.0347, 37.56908 ], [ -122.03582, 37.56775 ], [ -122.03666, 37.56761 ], [ -122.03739, 37.56678 ], [ -122.03821, 37.56635 ], [ -122.03944, 37.5663 ], [ -122.03822, 37.56618 ], [ -122.037, 37.56685 ], [ -122.03657, 37.56665 ] ] ] } },
{ "type": "Feature", "properties": { "kind": "label", "km": 1, "city": "Fremont", "people": 53 }, "geometry": { "type": "Point", "coordinates": [ -122.03149, 37.56863 ] } },
{ "type": "Feature", "properties": { "kind": "area", "km": 1, "city": "Fremont", "people": 13 }, "geometry": { "type": "Polygon", "coordinates": [ [ [ -121.98161, 37.55684 ], [ -121.97868, 37.56075 ], [ -121.9768, 37.56001 ], [ -121.97735, 37.56168 ], [ -121.97867, 37.56157 ], [ -121.97894, 37.56293 ], [ -121.9756, 37.56394 ], [ -121.97497, 37.56307 ], [ -121.97636, 37.56212 ], [ -121.97482, 37.56288 ], [ -121.97355, 37.56135 ], [ -121.9725, 37.56184 ], [ -121.97195, 37.56107 ], [ -121.97194, 37.56056 ], [ -121.97369, 37.55986 ], [ -121.97246, 37.5584 ], [ -121.97335, 37.55736 ], [ -121.97216, 37.55556 ], [ -121.96706, 37.55497 ], [ -121.96674, 37.55452 ], [ -121.97048, 37.55287 ], [ -121.97172, 37.55199 ], [ -121.97999, 37.55594 ], [ -121.98161, 37.55684 ] ], [ [ -121.97533, 37.56055 ], [ -121.9746, 37.5608 ], [ -121.97515, 37.56153 ], [ -121.97585, 37.56114 ], [ -121.97533, 37.56055 ] ] ] } },
{ "type": "Feature", "properties": { "kind": "label", "km": 1, "city": "Fremont", "people": 13 }, "geometry": { "type": "Point", "coordinates": [ -121.97682, 37.558 ] } },
{ "type": "Feature", "properties": { "kind": "area", "km": 1, "city": "Fremont", "people": 2 }, "geometry": { "type": "Polygon", "coordinates": [ [ [ -121.94724, 37.48819 ], [ -121.94471, 37.48923 ], [ -121.94387, 37.48898 ], [ -121.94021, 37.48614 ], [ -121.93999, 37.48564 ], [ -121.9404, 37.48493 ], [ -121.94231, 37.48412 ], [ -121.94145, 37.48201 ], [ -121.94523, 37.48096 ], [ -121.94724, 37.48819 ] ] ] } },
{ "type": "Feature", "properties": { "kind": "label", "km": 1, "city": "Fremont", "people": 2 }, "geometry": { "type": "Point", "coordinates": [ -121.94329, 37.48515 ] } },
{ "type": "Feature", "properties": { "kind": "area", "km": 1, "city": "Fremont", "people": 702 }, "geometry": { "type": "Polygon", "coordinates": [ [ [ -121.91508, 37.45921 ], [ -121.91721, 37.45827 ], [ -121.9192, 37.46195 ], [ -121.9216, 37.46115 ], [ -121.92022, 37.45858 ], [ -121.91874, 37.4574 ], [ -121.92284, 37.45511 ], [ -121.92323, 37.45516 ], [ -121.92459, 37.45977 ], [ -121.93303, 37.47703 ], [ -121.92579, 37.47959 ], [ -121.92399, 37.47577 ], [ -121.9216, 37.47643 ], [ -121.91816, 37.47049 ], [ -121.9165, 37.47112 ], [ -121.91562, 37.47198 ], [ -121.91474, 37.47184 ], [ -121.91384, 37.47278 ], [ -121.91406, 37.47341 ], [ -121.91313, 37.4738 ], [ -121.9137, 37.4749 ], [ -121.91298, 37.47526 ], [ -121.91377, 37.4773 ], [ -121.91558, 37.47621 ], [ -121.91675, 37.47799 ], [ -121.91451, 37.47898 ], [ -121.91548, 37.48107 ], [ -121.91501, 37.4814 ], [ -121.91517, 37.48298 ], [ -121.91487, 37.48319 ], [ -121.91351, 37.48299 ], [ -121.9105, 37.47347 ], [ -121.90882, 37.47049 ], [ -121.91095, 37.46944 ], [ -121.91215, 37.47137 ], [ -121.91241, 37.4706 ], [ -121.91649, 37.46908 ], [ -121.91572, 37.46773 ], [ -121.91634, 37.46737 ], [ -121.91413, 37.46351 ], [ -121.91582, 37.463 ], [ -121.91529, 37.46206 ], [ -121.91359, 37.46248 ], [ -121.91291, 37.4615 ], [ -121.91442, 37.46071 ], [ -121.91418, 37.46012 ], [ -121.91519, 37.45956 ], [ -121.91508, 37.45921 ] ], [ [ -121.92753, 37.4678 ], [ -121.92428, 37.46136 ], [ -121.92343, 37.46105 ], [ -121.92223, 37.46138 ], [ -121.92261, 37.46357 ], [ -121.92521, 37.46859 ], [ -121.92753, 37.4678 ] ] ] } },
{ "type": "Feature", "properties": { "kind": "label", "km": 1, "city": "Fremont", "people": 702 }, "geometry": { "type": "Point", "coordinates": [ -121.92267, 37.46905 ] } },
{ "type": "Feature", "properties": { "kind": "area", "km": 1, "city": "Fremont", "people": 10 }, "geometry": { "type": "Polygon", "coordinates": [ [ [ -121.92326, 37.49546 ], [ -121.92058, 37.49772 ], [ -121.91971, 37.49931 ], [ -121.91949, 37.50052 ], [ -121.9183, 37.50042 ], [ -121.91858, 37.49887 ], [ -121.91725, 37.50062 ], [ -121.91581, 37.50048 ], [ -121.91454, 37.49953 ], [ -121.91652, 37.49678 ], [ -121.91788, 37.49718 ], [ -121.91934, 37.49681 ], [ -121.91931, 37.49619 ], [ -121.92189, 37.49446 ], [ -121.92326, 37.49546 ] ] ] } },
{ "type": "Feature", "properties": { "kind": "label", "km": 1, "city": "Fremont", "people": 10 }, "geometry": { "type": "Point", "coordinates": [ -121.91836, 37.49754 ] } },
{ "type": "Feature", "properties": { "kind": "area", "km": 1, "city": "Hayward", "people": 3262 }, "geometry": { "type": "Polygon", "coordinates": [ [ [ -122.12108, 37.62825 ], [ -122.12075, 37.62799 ], [ -122.12201, 37.62535 ], [ -122.12624, 37.62554 ], [ -122.12632, 37.62386 ], [ -122.12252, 37.62369 ], [ -122.12234, 37.6231 ], [ -122.12075, 37.62362 ], [ -122.11699, 37.62332 ], [ -122.11025, 37.62119 ], [ -122.10879, 37.62112 ], [ -122.10276, 37.61931 ], [ -122.1019, 37.6193 ], [ -122.10116, 37.61978 ], [ -122.11355, 37.63057 ], [ -122.11346, 37.63086 ], [ -122.11001, 37.63233 ], [ -122.10913, 37.63117 ], [ -122.10851, 37.62899 ], [ -122.09957, 37.62102 ], [ -122.10007, 37.62385 ], [ -122.10122, 37.624 ], [ -122.10214, 37.62475 ], [ -122.10169, 37.62529 ], [ -122.10178, 37.62736 ], [ -122.10252, 37.62877 ], [ -122.10043, 37.62963 ], [ -122.09911, 37.62802 ], [ -122.09817, 37.62757 ], [ -122.09624, 37.62685 ], [ -122.09412, 37.62703 ], [ -122.09273, 37.62478 ], [ -122.08908, 37.62617 ], [ -122.08804, 37.62483 ], [ -122.08075, 37.62513 ], [ -122.07956, 37.62495 ], [ -122.07426, 37.61753 ], [ -122.08677, 37.61759 ], [ -122.0899, 37.61651 ], [ -122.09203, 37.6164 ], [ -122.09246, 37.61532 ], [ -122.09338, 37.61514 ], [ -122.09404, 37.61561 ], [ -122.09435, 37.61539 ], [ -122.09404, 37.61512 ], [ -122.09362, 37.61518 ], [ -122.09195, 37.61386 ], [ -122.09145, 37.6141 ], [ -122.09059, 37.61398 ], [ -122.09017, 37.61453 ], [ -122.08929, 37.61402 ], [ -122.08887, 37.61191 ], [ -122.08977, 37.61168 ], [ -122.09012, 37.6126 ], [ -122.09104, 37.61217 ], [ -122.08997, 37.61124 ], [ -122.08942, 37.6111 ], [ -122.08537, 37.61262 ], [ -122.08388, 37.61009 ], [ -122.08624, 37.60912 ], [ -122.08786, 37.60909 ], [ -122.08715, 37.60814 ], [ -122.08886, 37.60635 ], [ -122.09752, 37.60162 ], [ -122.09791, 37.60182 ], [ -122.09796, 37.60537 ], [ -122.1001, 37.60536 ], [ -122.10135, 37.60481 ], [ -122.10223, 37.60021 ], [ -122.104, 37.59815 ], [ -122.10667, 37.59813 ], [ -122.1098, 37.59856 ], [ -122.11005, 37.59777 ], [ -122.11058, 37.59757 ], [ -122.11246, 37.59811 ], [ -122.11279, 37.59864 ], [ -122.11263, 37.59989 ], [ -122.11209, 37.60013 ], [ -122.11131, 37.60001 ], [ -122.11089, 37.60057 ], [ -122.10965, 37.60121 ], [ -122.10932, 37.60184 ], [ -122.11098, 37.60279 ], [ -122.11251, 37.60434 ], [ -122.11342, 37.60453 ], [ -122.11474, 37.60433 ], [ -122.11509, 37.60415 ], [ -122.11562, 37.60244 ], [ -122.11707, 37.60217 ], [ -122.11822, 37.60245 ], [ -122.12096, 37.60036 ], [ -122.12207, 37.5984 ], [ -122.12096, 37.59636 ], [ -122.1231, 37.59279 ], [ -122.12504, 37.59219 ], [ -122.1262, 37.59212 ], [ -122.12706, 37.59307 ], [ -122.12742, 37.59394 ], [ -122.12712, 37.5962 ], [ -122.12748, 37.59672 ], [ -122.12908, 37.59673 ], [ -122.13022, 37.59616 ], [ -122.13053, 37.59547 ], [ -122.13025, 37.59378 ], [ -122.1305, 37.5927 ], [ -122.13121, 37.59207 ], [ -122.1324, 37.59205 ], [ -122.13407, 37.5952 ], [ -122.13367, 37.59685 ], [ -122.13454, 37.59823 ], [ -122.13523, 37.5983 ], [ -122.13701, 37.59753 ], [ -122.13866, 37.59729 ], [ -122.1402, 37.5979 ], [ -122.14057, 37.59835 ], [ -122.14146, 37.59974 ], [ -122.14153, 37.60229 ], [ -122.14014, 37.60332 ], [ -122.13575, 37.60482 ], [ -122.13481, 37.60581 ], [ -122.13492, 37.60633 ], [ -122.13581, 37.60609 ], [ -122.13715, 37.60631 ], [ -122.13837, 37.60722 ], [ -122.14101, 37.6083 ], [ -122.14161, 37.60801 ], [ -122.14175, 37.60688 ], [ -122.14283, 37.6051 ], [ -122.14539, 37.60266 ], [ -122.14603, 37.60243 ], [ -122.14645, 37.6028 ], [ -122.1464, 37.60416 ], [ -122.14766, 37.6051 ], [ -122.14747, 37.60598 ], [ -122.1478, 37.60655 ], [ -122.14728, 37.60681 ], [ -122.14806, 37.60745 ], [ -122.14755, 37.60825 ], [ -122.14865, 37.61034 ], [ -122.1486, 37.61279 ], [ -122.14956, 37.61548 ], [ -122.15042, 37.61644 ], [ -122.15111, 37.61657 ], [ -122.15158, 37.61705 ], [ -122.15559, 37.61616 ], [ -122.15626, 37.61667 ], [ -122.15572, 37.61741 ], [ -122.15444, 37.61816 ], [ -122.151, 37.61922 ], [ -122.15177, 37.62574 ], [ -122.15159, 37.62625 ], [ -122.15078, 37.62666 ], [ -122.15159, 37.62767 ], [ -122.15144, 37.6283 ], [ -122.15182, 37.6293 ], [ -122.15338, 37.62883 ], [ -122.154, 37.62917 ], [ -122.15335, 37.63014 ], [ -122.15309, 37.6341 ], [ -122.15394, 37.64023 ], [ -122.1545, 37.64127 ], [ -122.15414, 37.64198 ], [ -122.1527, 37.64206 ], [ -122.15281, 37.64551 ], [ -122.14795, 37.64663 ], [ -122.14763, 37.64572 ], [ -122.14354, 37.64574 ], [ -122.14318, 37.64548 ], [ -122.12784, 37.64585 ], [ -122.13942, 37.65861 ], [ -122.13275, 37.66171 ], [ -122.13137, 37.66373 ], [ -122.12925, 37.66351 ], [ -122.12304, 37.66626 ], [ -122.12214, 37.66627 ], [ -122.12052, 37.66534 ], [ -122.1197, 37.66519 ], [ -122.11758, 37.66591 ], [ -122.11075, 37.6663 ], [ -122.11029, 37.66369 ], [ -122.10844, 37.6638 ], [ -122.10852, 37.66267 ], [ -122.10655, 37.66271 ], [ -122.10644, 37.66091 ], [ -122.1112, 37.66041 ], [ -122.1116, 37.661 ], [ -122.11493, 37.66033 ], [ -122.11612, 37.66204 ], [ -122.11698, 37.66172 ], [ -122.1148, 37.65859 ], [ -122.11345, 37.6584 ], [ -122.1102, 37.653 ], [ -122.12, 37.653 ], [ -122.12001, 37.64943 ], [ -122.1274, 37.64932 ], [ -122.1283, 37.64877 ], [ -122.12815, 37.6483 ], [ -122.12615, 37.64654 ], [ -122.12024, 37.64665 ], [ -122.12026, 37.64869 ], [ -122.11831, 37.64861 ], [ -122.11813, 37.64442 ], [ -122.11969, 37.64403 ], [ -122.11921, 37.64091 ], [ -122.11955, 37.6406 ], [ -122.11964, 37.63848 ], [ -122.12093, 37.63842 ], [ -122.1246, 37.64204 ], [ -122.12655, 37.64201 ], [ -122.12674, 37.641 ], [ -122.12916, 37.64097 ], [ -122.12912, 37.63837 ], [ -122.12476, 37.63856 ], [ -122.12446, 37.636 ], [ -122.11948, 37.63586 ], [ -122.11962, 37.63311 ], [ -122.12886, 37.63308 ], [ -122.12874, 37.63067 ], [ -122.12516, 37.62793 ], [ -122.12459, 37.62713 ], [ -122.12108, 37.62825 ] ], [ [ -122.08, 37.62355 ], [ -122.08422, 37.62379 ], [ -122.0842, 37.62287 ], [ -122.08244, 37.62279 ], [ -122.0823, 37.6221 ], [ -122.08096, 37.62231 ], [ -122.08126, 37.62295 ], [ -122.08, 37.62355 ] ], [ [ -122.09283, 37.62424 ], [ -122.09411, 37.62396 ], [ -122.09445, 37.6208 ], [ -122.09543, 37.6207 ], [ -122.09545, 37.62046 ], [ -122.09435, 37.62032 ], [ -122.09306, 37.6195 ], [ -122.09279, 37.62002 ], [ -122.09172, 37.61995 ], [ -122.09156, 37.61832 ], [ -122.09052, 37.61837 ], [ -122.09016, 37.6185 ], [ -122.09094, 37.6199 ], [ -122.09035, 37.6202 ], [ -122.09283, 37.62424 ] ], [ [ -122.15145, 37.61811 ], [ -122.15252, 37.61776 ], [ -122.15136, 37.61813 ], [ -122.15145, 37.61811 ] ], [ [ -122.10037, 37.61976 ], [ -122.09748, 37.61725 ], [ -122.09737, 37.61909 ], [ -122.09948, 37.62045 ], [ -122.10037, 37.61976 ] ], [ [ -122.09686, 37.60632 ], [ -122.09123, 37.60639 ], [ -122.09044, 37.60742 ], [ -122.08909, 37.60822 ], [ -122.09042, 37.60939 ], [ -122.09167, 37.60853 ], [ -122.09251, 37.60912 ], [ -122.09253, 37.6094 ], [ -122.09139, 37.61023 ], [ -122.09246, 37.61117 ], [ -122.09342, 37.61061 ], [ -122.09301, 37.61009 ], [ -122.09363, 37.60961 ], [ -122.09454, 37.60946 ], [ -122.09531, 37.60992 ], [ -122.09538, 37.60862 ], [ -122.09688, 37.60855 ], [ -122.09688, 37.60831 ], [ -122.0952, 37.60848 ], [ -122.09439, 37.60826 ], [ -122.09427, 37.60798 ], [ -122.09447, 37.6074 ], [ -122.09687, 37.6074 ], [ -122.09686, 37.60632 ] ], [ [ -122.09691, 37.61123 ], [ -122.09463, 37.61156 ], [ -122.09376, 37.61233 ], [ -122.09426, 37.61253 ], [ -122.09583, 37.6124 ], [ -122.09582, 37.61179 ], [ -122.09692, 37.61149 ], [ -122.09691, 37.61123 ] ], [ [ -122.13361, 37.63965 ], [ -122.13281, 37.6382 ], [ -122.13164, 37.63825 ], [ -122.13168, 37.64426 ], [ -122.13407, 37.64422 ], [ -122.13405, 37.64141 ], [ -122.13474, 37.64066 ], [ -122.13361, 37.63965 ] ], [ [ -122.1306, 37.65312 ], [ -122.12481, 37.65321 ], [ -122.12496, 37.65615 ], [ -122.12584, 37.65716 ], [ -122.13149, 37.65952 ], [ -122.1346, 37.65789 ], [ -122.1335, 37.65668 ], [ -122.13344, 37.65454 ], [ -122.13104, 37.65436 ], [ -122.1306, 37.65312 ] ], [ [ -122.08856, 37.61956 ], [ -122.08566, 37.61975 ], [ -122.08567, 37.62115 ], [ -122.08885, 37.62003 ], [ -122.08856, 37.61956 ] ], [ [ -122.08024, 37.62131 ], [ -122.08142, 37.62097 ], [ -122.08141, 37.62044 ], [ -122.07966, 37.62049 ], [ -122.08024, 37.62131 ] ] ] } },
{ "type": "Feature", "properties": { "kind": "label", "km": 1, "city": "Hayward", "people": 3262 }, "geometry": { "type": "Point", "coordinates": [ -122.13922, 37.62894 ] } },
{ "type": "Feature", "properties": { "kind": "area", "km": 1, "city": "Hayward", "people": 17 }, "geometry": { "type": "Polygon", "coordinates": [ [ [ -122.10572, 37.66347 ], [ -122.10421, 37.66343 ], [ -122.10421, 37.66268 ], [ -122.10187, 37.65892 ], [ -122.10037, 37.65945 ], [ -122.0998, 37.65881 ], [ -122.0982, 37.65828 ], [ -122.09792, 37.65762 ], [ -122.1016, 37.65634 ], [ -122.10582, 37.66319 ], [ -122.10572, 37.66347 ] ] ] } },
{ "type": "Feature", "properties": { "kind": "label", "km": 1, "city": "Hayward", "people": 17 }, "geometry": { "type": "Point", "coordinates": [ -122.10316, 37.65989 ] } },
{ "type": "Feature", "properties": { "kind": "area", "km": 1, "city": "Hayward", "people": 33 }, "geometry": { "type": "Polygon", "coordinates": [ [ [ -122.08679, 37.63704 ], [ -122.08412, 37.63704 ], [ -122.08399, 37.63429 ], [ -122.08483, 37.63399 ], [ -122.0847, 37.63383 ], [ -122.0824, 37.63309 ], [ -122.08204, 37.63257 ], [ -122.08125, 37.63226 ], [ -122.08064, 37.63218 ], [ -122.08043, 37.63305 ], [ -122.07927, 37.633 ], [ -122.0793, 37.63128 ], [ -122.08442, 37.6314 ], [ -122.08795, 37.63635 ], [ -122.08679, 37.63704 ] ] ] } },
{ "type": "Feature", "properties": { "kind": "label", "km": 1, "city": "Hayward", "people": 33 }, "geometry": { "type": "Point", "coordinates": [ -122.08522, 37.63411 ] } },
{ "type": "Feature", "properties": { "kind": "area", "km": 1, "city": "Hayward", "people": 2495 }, "geometry": { "type": "Polygon", "coordinates": [ [ [ -122.08368, 37.63629 ], [ -122.08381, 37.64817 ], [ -122.08432, 37.64821 ], [ -122.08796, 37.65141 ], [ -122.08723, 37.65216 ], [ -122.08915, 37.65394 ], [ -122.08817, 37.65575 ], [ -122.09281, 37.65984 ], [ -122.08769, 37.66218 ], [ -122.08413, 37.6631 ], [ -122.08353, 37.66418 ], [ -122.08398, 37.66433 ], [ -122.0838, 37.66491 ], [ -122.08424, 37.66579 ], [ -122.08366, 37.66612 ], [ -122.0843, 37.66715 ], [ -122.0847, 37.66743 ], [ -122.08563, 37.66703 ], [ -122.0852, 37.66618 ], [ -122.08662, 37.66568 ], [ -122.0874, 37.66693 ], [ -122.08676, 37.66747 ], [ -122.08683, 37.66787 ], [ -122.08598, 37.66822 ], [ -122.08648, 37.66858 ], [ -122.0869, 37.66804 ], [ -122.08792, 37.66774 ], [ -122.08957, 37.67002 ], [ -122.08763, 37.67094 ], [ -122.08802, 37.67191 ], [ -122.08364, 37.67415 ], [ -122.08147, 37.67184 ], [ -122.08258, 37.67103 ], [ -122.08174, 37.67012 ], [ -122.08183, 37.66985 ], [ -122.08307, 37.66918 ], [ -122.08409, 37.67013 ], [ -122.08442, 37.66993 ], [ -122.08357, 37.66894 ], [ -122.08439, 37.66821 ], [ -122.08113, 37.66528 ], [ -122.08035, 37.66622 ], [ -122.07921, 37.66679 ], [ -122.07887, 37.66671 ], [ -122.07626, 37.66343 ], [ -122.07749, 37.66276 ], [ -122.07858, 37.66397 ], [ -122.0794, 37.66369 ], [ -122.07863, 37.66268 ], [ -122.07785, 37.66285 ], [ -122.07406, 37.65797 ], [ -122.07288, 37.65872 ], [ -122.07251, 37.65864 ], [ -122.06963, 37.65497 ], [ -122.07095, 37.65412 ], [ -122.06795, 37.65082 ], [ -122.07003, 37.65032 ], [ -122.07062, 37.65089 ], [ -122.07102, 37.65015 ], [ -122.07548, 37.64945 ], [ -122.07796, 37.65211 ], [ -122.0786, 37.6518 ], [ -122.07661, 37.64951 ], [ -122.0767, 37.64923 ], [ -122.08143, 37.64855 ], [ -122.08252, 37.64936 ], [ -122.08283, 37.64914 ], [ -122.08257, 37.6487 ], [ -122.08173, 37.64869 ], [ -122.08095, 37.64738 ], [ -122.08095, 37.63855 ], [ -122.08117, 37.6378 ], [ -122.08235, 37.63777 ], [ -122.08235, 37.63739 ], [ -122.08107, 37.63733 ], [ -122.08104, 37.63642 ], [ -122.08368, 37.63629 ] ], [ [ -122.08463, 37.67145 ], [ -122.08396, 37.67076 ], [ -122.08337, 37.67112 ], [ -122.08401, 37.6718 ], [ -122.08463, 37.67145 ] ], [ [ -122.08231, 37.66282 ], [ -122.08329, 37.66108 ], [ -122.08241, 37.66078 ], [ -122.08154, 37.661 ], [ -122.07883, 37.65773 ], [ -122.08005, 37.65692 ], [ -122.07836, 37.65465 ], [ -122.0802, 37.65364 ], [ -122.07998, 37.65339 ], [ -122.07468, 37.65605 ], [ -122.07947, 37.66174 ], [ -122.07991, 37.66173 ], [ -122.0808, 37.66284 ], [ -122.08162, 37.66247 ], [ -122.08231, 37.66282 ] ], [ [ -122.08161, 37.65666 ], [ -122.08326, 37.65826 ], [ -122.08378, 37.65736 ], [ -122.08302, 37.65703 ], [ -122.08236, 37.65628 ], [ -122.08161, 37.65666 ] ], [ [ -122.0827, 37.65933 ], [ -122.08196, 37.65942 ], [ -122.08237, 37.65992 ], [ -122.0827, 37.65933 ] ], [ [ -122.08473, 37.66905 ], [ -122.08514, 37.66911 ], [ -122.08497, 37.66889 ], [ -122.08473, 37.66905 ] ], [ [ -122.07373, 37.65111 ], [ -122.07276, 37.6516 ], [ -122.07357, 37.65256 ], [ -122.07457, 37.65207 ], [ -122.07373, 37.65111 ] ] ] } },
{ "type": "Feature", "properties": { "kind": "label", "km": 1, "city": "Hayward", "people": 2495 }, "geometry": { "type": "Point", "coordinates": [ -122.08364, 37.65519 ] } },
{ "type": "Feature", "properties": { "kind": "area", "km": 1, "city": "Hayward", "people": 2923 }, "geometry": { "type": "Polygon", "coordinates": [ [ [ -122.0718, 37.61805 ], [ -122.07415, 37.61861 ], [ -122.07478, 37.61981 ], [ -122.07528, 37.61982 ], [ -122.07604, 37.62096 ], [ -122.07433, 37.62119 ], [ -122.07401, 37.62072 ], [ -122.0733, 37.6207 ], [ -122.07285, 37.62208 ], [ -122.075, 37.62215 ], [ -122.07527, 37.62259 ], [ -122.07554, 37.62217 ], [ -122.07664, 37.62216 ], [ -122.07727, 37.62282 ], [ -122.07699, 37.62309 ], [ -122.07559, 37.62307 ], [ -122.07526, 37.62282 ], [ -122.07493, 37.62304 ], [ -122.07266, 37.623 ], [ -122.07267, 37.62386 ], [ -122.07292, 37.62304 ], [ -122.07503, 37.6231 ], [ -122.07547, 37.62352 ], [ -122.07528, 37.62463 ], [ -122.07175, 37.62476 ], [ -122.07163, 37.62354 ], [ -122.06575, 37.6244 ], [ -122.06617, 37.62557 ], [ -122.06408, 37.62621 ], [ -122.06484, 37.62821 ], [ -122.06301, 37.62895 ], [ -122.06234, 37.62847 ], [ -122.06137, 37.62869 ], [ -122.06101, 37.62809 ], [ -122.06276, 37.6274 ], [ -122.06334, 37.62758 ], [ -122.06287, 37.62656 ], [ -122.06058, 37.62713 ], [ -122.05903, 37.62386 ], [ -122.05813, 37.62486 ], [ -122.05724, 37.62436 ], [ -122.05722, 37.62393 ], [ -122.05597, 37.62492 ], [ -122.05525, 37.62461 ], [ -122.0543, 37.62538 ], [ -122.05709, 37.6279 ], [ -122.05759, 37.62773 ], [ -122.05818, 37.62823 ], [ -122.0576, 37.62896 ], [ -122.06351, 37.63418 ], [ -122.06276, 37.63475 ], [ -122.06151, 37.63511 ], [ -122.06115, 37.6345 ], [ -122.06176, 37.63412 ], [ -122.05871, 37.63137 ], [ -122.05835, 37.6316 ], [ -122.05907, 37.63215 ], [ -122.05889, 37.6326 ], [ -122.0592, 37.63309 ], [ -122.05785, 37.63357 ], [ -122.05866, 37.63458 ], [ -122.06001, 37.63421 ], [ -122.06042, 37.63533 ], [ -122.05837, 37.63585 ], [ -122.05362, 37.62994 ], [ -122.05158, 37.62615 ], [ -122.04893, 37.62813 ], [ -122.04779, 37.62722 ], [ -122.04754, 37.62526 ], [ -122.04679, 37.62519 ], [ -122.0466, 37.62461 ], [ -122.04489, 37.62459 ], [ -122.04427, 37.62486 ], [ -122.04365, 37.6244 ], [ -122.04193, 37.62555 ], [ -122.03812, 37.62224 ], [ -122.03888, 37.62167 ], [ -122.04075, 37.6232 ], [ -122.04198, 37.62321 ], [ -122.04221, 37.62007 ], [ -122.04272, 37.61979 ], [ -122.04334, 37.62013 ], [ -122.04556, 37.62005 ], [ -122.04113, 37.6161 ], [ -122.04176, 37.61542 ], [ -122.05066, 37.62309 ], [ -122.05192, 37.62542 ], [ -122.06209, 37.61717 ], [ -122.06249, 37.61736 ], [ -122.06219, 37.61803 ], [ -122.06991, 37.61731 ], [ -122.07023, 37.61799 ], [ -122.0718, 37.61805 ] ], [ [ -122.06081, 37.62091 ], [ -122.06057, 37.62223 ], [ -122.06049, 37.62279 ], [ -122.06081, 37.62091 ] ], [ [ -122.06005, 37.62344 ], [ -122.06035, 37.62422 ], [ -122.06125, 37.62615 ], [ -122.06005, 37.62344 ] ], [ [ -122.04486, 37.622 ], [ -122.04464, 37.62133 ], [ -122.0435, 37.62133 ], [ -122.04372, 37.62381 ], [ -122.04545, 37.62345 ], [ -122.04543, 37.622 ], [ -122.04486, 37.622 ] ], [ [ -122.05693, 37.63102 ], [ -122.05788, 37.63061 ], [ -122.05696, 37.62979 ], [ -122.05552, 37.63081 ], [ -122.05696, 37.63264 ], [ -122.05762, 37.63253 ], [ -122.05678, 37.6315 ], [ -122.05693, 37.63102 ] ] ] } },
{ "type": "Feature", "properties": { "kind": "label", "km": 1, "city": "Hayward", "people": 2923 }, "geometry": { "type": "Point", "coordinates": [ -122.05103, 37.62563 ] } },
{ "type": "Feature", "properties": { "kind": "area", "km": 1, "city": "Hayward", "people": 1 }, "geometry": { "type": "Polygon", "coordinates": [ [ [ -122.08021, 37.67328 ], [ -122.07878, 37.672 ], [ -122.08007, 37.67108 ], [ -122.08038, 37.67124 ], [ -122.08051, 37.67295 ], [ -122.08021, 37.67328 ] ] ] } },
{ "type": "Feature", "properties": { "kind": "label", "km": 1, "city": "Hayward", "people": 1 }, "geometry": { "type": "Point", "coordinates": [ -122.0796, 37.67217 ] } },
{ "type": "Feature", "properties": { "kind": "area", "km": 1, "city": "Hayward", "people": 9 }, "geometry": { "type": "Polygon", "coordinates": [ [ [ -122.07651, 37.67379 ], [ -122.0752, 37.67498 ], [ -122.07356, 37.67553 ], [ -122.07293, 37.67459 ], [ -122.07152, 37.67496 ], [ -122.07089, 37.67365 ], [ -122.07427, 37.67244 ], [ -122.07489, 37.67321 ], [ -122.07561, 37.67303 ], [ -122.07651, 37.67379 ] ] ] } },
{ "type": "Feature", "properties": { "kind": "label", "km": 1, "city": "Hayward", "people": 9 }, "geometry": { "type": "Point", "coordinates": [ -122.07381, 37.67399 ] } },
{ "type": "Feature", "properties": { "kind": "area", "km": 1, "city": "Hayward", "people": 6 }, "geometry": { "type": "Polygon", "coordinates": [ [ [ -122.05631, 37.62127 ], [ -122.05524, 37.6218 ], [ -122.05128, 37.6218 ], [ -122.0505, 37.62157 ], [ -122.04867, 37.62024 ], [ -122.04634, 37.61627 ], [ -122.04121, 37.61176 ], [ -122.0415, 37.61142 ], [ -122.04304, 37.61193 ], [ -122.04368, 37.60585 ], [ -122.04564, 37.60599 ], [ -122.04531, 37.61245 ], [ -122.04757, 37.6146 ], [ -122.04859, 37.6149 ], [ -122.04869, 37.61613 ], [ -122.05045, 37.61885 ], [ -122.05126, 37.61919 ], [ -122.05485, 37.61923 ], [ -122.05631, 37.62127 ] ] ] } },
{ "type": "Feature", "properties": { "kind": "label", "km": 1, "city": "Hayward", "people": 6 }, "geometry": { "type": "Point", "coordinates": [ -122.04507, 37.61377 ] } },
{ "type": "Feature", "properties": { "kind": "area", "km": 1, "city": "Hayward", "people": 4 }, "geometry": { "type": "Polygon", "coordinates": [ [ [ -122.05904, 37.61142 ], [ -122.05892, 37.61709 ], [ -122.05702, 37.61708 ], [ -122.05711, 37.6113 ], [ -122.05904, 37.61142 ] ] ] } },
{ "type": "Feature", "properties": { "kind": "label", "km": 1, "city": "Hayward", "people": 4 }, "geometry": { "type": "Point", "coordinates": [ -122.058, 37.61438 ] } },
{ "type": "Feature", "properties": { "kind": "area", "km": 1, "city": "Livermore", "people": 333 }, "geometry": { "type": "Polygon", "coordinates": [ [ [ -121.75942, 37.66706 ], [ -121.75997, 37.66682 ], [ -121.76443, 37.66687 ], [ -121.76465, 37.66819 ], [ -121.76814, 37.6682 ], [ -121.76837, 37.66924 ], [ -121.77076, 37.66927 ], [ -121.77084, 37.67021 ], [ -121.76901, 37.6703 ], [ -121.76901, 37.6712 ], [ -121.77214, 37.67089 ], [ -121.77232, 37.6675 ], [ -121.7754, 37.66777 ], [ -121.7756, 37.67104 ], [ -121.78072, 37.67142 ], [ -121.78073, 37.67296 ], [ -121.78018, 37.67483 ], [ -121.77872, 37.67464 ], [ -121.77841, 37.6759 ], [ -121.77803, 37.67613 ], [ -121.77308, 37.67466 ], [ -121.77306, 37.67356 ], [ -121.7714, 37.67361 ], [ -121.77119, 37.67292 ], [ -121.77037, 37.67288 ], [ -121.77006, 37.67463 ], [ -121.76613, 37.67465 ], [ -121.76586, 37.67282 ], [ -121.76171, 37.67251 ], [ -121.76147, 37.67188 ], [ -121.76088, 37.67172 ], [ -121.75675, 37.67172 ], [ -121.75646, 37.67224 ], [ -121.75526, 37.67227 ], [ -121.75497, 37.67155 ], [ -121.7545, 37.67157 ], [ -121.75469, 37.67224 ], [ -121.75384, 37.67291 ], [ -121.74945, 37.67009 ], [ -121.74961, 37.66628 ], [ -121.75189, 37.66629 ], [ -121.75337, 37.66681 ], [ -121.75942, 37.66706 ] ], [ [ -121.76725, 37.66966 ], [ -121.76286, 37.66937 ], [ -121.76286, 37.66993 ], [ -121.76396, 37.67041 ], [ -121.76624, 37.6704 ], [ -121.76725, 37.67023 ], [ -121.76725, 37.66966 ] ] ] } },
{ "type": "Feature", "properties": { "kind": "label", "km": 1, "city": "Livermore", "people": 333 }, "geometry": { "type": "Point", "coordinates": [ -121.76022, 37.67125 ] } },
{ "type": "Feature", "properties": { "kind": "area", "km": 1, "city": "Livermore", "people": 26 }, "geometry": { "type": "Polygon", "coordinates": [ [ [ -121.75177, 37.68742 ], [ -121.75139, 37.68725 ], [ -121.75147, 37.68628 ], [ -121.75311, 37.68635 ], [ -121.75325, 37.68695 ], [ -121.75177, 37.68742 ] ] ] } },
{ "type": "Feature", "properties": { "kind": "label", "km": 1, "city": "Livermore", "people": 26 }, "geometry": { "type": "Point", "coordinates": [ -121.75236, 37.68683 ] } },
{ "type": "Feature", "properties": { "kind": "area", "km": 1, "city": "Livermore", "people": 47 }, "geometry": { "type": "Polygon", "coordinates": [ [ [ -121.75094, 37.68789 ], [ -121.75042, 37.68832 ], [ -121.74877, 37.68884 ], [ -121.74856, 37.68694 ], [ -121.75073, 37.68686 ], [ -121.75094, 37.68789 ] ] ] } },
{ "type": "Feature", "properties": { "kind": "label", "km": 1, "city": "Livermore", "people": 47 }, "geometry": { "type": "Point", "coordinates": [ -121.74974, 37.68784 ] } },
{ "type": "Feature", "properties": { "kind": "area", "km": 1, "city": "Livermore", "people": 2131 }, "geometry": { "type": "Polygon", "coordinates": [ [ [ -121.75874, 37.68731 ], [ -121.75783, 37.68837 ], [ -121.75176, 37.69147 ], [ -121.74571, 37.69552 ], [ -121.74306, 37.69832 ], [ -121.74512, 37.69966 ], [ -121.75181, 37.7017 ], [ -121.75184, 37.70255 ], [ -121.75575, 37.70274 ], [ -121.75582, 37.70336 ], [ -121.75522, 37.70361 ], [ -121.75517, 37.70405 ], [ -121.75737, 37.70401 ], [ -121.75736, 37.70507 ], [ -121.75663, 37.70561 ], [ -121.75444, 37.70623 ], [ -121.75312, 37.70908 ], [ -121.75197, 37.70918 ], [ -121.7519, 37.71501 ], [ -121.75061, 37.71606 ], [ -121.74496, 37.71719 ], [ -121.74377, 37.71789 ], [ -121.74322, 37.71872 ], [ -121.74188, 37.71812 ], [ -121.74095, 37.71678 ], [ -121.7388, 37.71728 ], [ -121.73384, 37.71722 ], [ -121.73389, 37.71456 ], [ -121.73793, 37.71456 ], [ -121.73903, 37.71382 ], [ -121.74073, 37.71527 ], [ -121.74181, 37.71426 ], [ -121.74171, 37.71334 ], [ -121.73836, 37.70826 ], [ -121.73722, 37.7093 ], [ -121.73722, 37.71091 ], [ -121.73532, 37.71155 ], [ -121.735, 37.71142 ], [ -121.73464, 37.71018 ], [ -121.73486, 37.70875 ], [ -121.73542, 37.70778 ], [ -121.73702, 37.70661 ], [ -121.73988, 37.7056 ], [ -121.74221, 37.70643 ], [ -121.74226, 37.70675 ], [ -121.74084, 37.70779 ], [ -121.74298, 37.71098 ], [ -121.7443, 37.71097 ], [ -121.74458, 37.7118 ], [ -121.74704, 37.71134 ], [ -121.74687, 37.71021 ], [ -121.74617, 37.70936 ], [ -121.74657, 37.70888 ], [ -121.74584, 37.70849 ], [ -121.74592, 37.70812 ], [ -121.74463, 37.70754 ], [ -121.74204, 37.7054 ], [ -121.74141, 37.70564 ], [ -121.74059, 37.70528 ], [ -121.73976, 37.70404 ], [ -121.74017, 37.70252 ], [ -121.74618, 37.70228 ], [ -121.74146, 37.70024 ], [ -121.7426, 37.69844 ], [ -121.74166, 37.69762 ], [ -121.74139, 37.69547 ], [ -121.74063, 37.6953 ], [ -121.73818, 37.69629 ], [ -121.73683, 37.69437 ], [ -121.7364, 37.69454 ], [ -121.73768, 37.69628 ], [ -121.73756, 37.69659 ], [ -121.73463, 37.69702 ], [ -121.72545, 37.70092 ], [ -121.72021, 37.7028 ], [ -121.71936, 37.70114 ], [ -121.73384, 37.69514 ], [ -121.71786, 37.69709 ], [ -121.71839, 37.69436 ], [ -121.72139, 37.69457 ], [ -121.72189, 37.69396 ], [ -121.72321, 37.69425 ], [ -121.72366, 37.69409 ], [ -121.72372, 37.69295 ], [ -121.72284, 37.69149 ], [ -121.72317, 37.69084 ], [ -121.72794, 37.69116 ], [ -121.72977, 37.69187 ], [ -121.73125, 37.69207 ], [ -121.73144, 37.69289 ], [ -121.73187, 37.6929 ], [ -121.73187, 37.69172 ], [ -121.73098, 37.69153 ], [ -121.73097, 37.68869 ], [ -121.72962, 37.68756 ], [ -121.72998, 37.68696 ], [ -121.72633, 37.68546 ], [ -121.72553, 37.68589 ], [ -121.72397, 37.68592 ], [ -121.72379, 37.68514 ], [ -121.72316, 37.68522 ], [ -121.72268, 37.68449 ], [ -121.72155, 37.68413 ], [ -121.72099, 37.68475 ], [ -121.72023, 37.68437 ], [ -121.71844, 37.68426 ], [ -121.71854, 37.67974 ], [ -121.72114, 37.67966 ], [ -121.72178, 37.6799 ], [ -121.72197, 37.68195 ], [ -121.72325, 37.68236 ], [ -121.72331, 37.68182 ], [ -121.72408, 37.68173 ], [ -121.725, 37.68041 ], [ -121.72636, 37.68064 ], [ -121.72634, 37.68124 ], [ -121.72542, 37.68236 ], [ -121.72536, 37.68335 ], [ -121.7283, 37.68298 ], [ -121.72931, 37.68378 ], [ -121.73051, 37.68396 ], [ -121.73045, 37.68555 ], [ -121.73152, 37.68622 ], [ -121.73242, 37.68634 ], [ -121.73236, 37.68759 ], [ -121.73308, 37.68785 ], [ -121.73703, 37.68785 ], [ -121.73722, 37.68901 ], [ -121.73923, 37.68957 ], [ -121.73941, 37.69006 ], [ -121.74051, 37.68841 ], [ -121.74345, 37.68985 ], [ -121.74454, 37.69077 ], [ -121.74489, 37.69062 ], [ -121.74445, 37.68975 ], [ -121.74618, 37.68905 ], [ -121.74693, 37.68979 ], [ -121.7531, 37.68744 ], [ -121.75712, 37.68655 ], [ -121.75884, 37.68639 ], [ -121.75874, 37.68731 ] ], [ [ -121.74529, 37.69255 ], [ -121.74442, 37.69132 ], [ -121.74353, 37.69168 ], [ -121.74446, 37.69292 ], [ -121.74529, 37.69255 ] ], [ [ -121.75233, 37.70473 ], [ -121.75357, 37.70517 ], [ -121.75451, 37.70519 ], [ -121.75454, 37.70453 ], [ -121.75233, 37.70473 ] ], [ [ -121.7483, 37.70336 ], [ -121.74788, 37.70281 ], [ -121.74838, 37.70266 ], [ -121.747, 37.7026 ], [ -121.7483, 37.70336 ] ], [ [ -121.74929, 37.71211 ], [ -121.7509, 37.71191 ], [ -121.75089, 37.70965 ], [ -121.75016, 37.70895 ], [ -121.74871, 37.70864 ], [ -121.74851, 37.70945 ], [ -121.74797, 37.70981 ], [ -121.74807, 37.71004 ], [ -121.74909, 37.70997 ], [ -121.74929, 37.71211 ] ], [ [ -121.72985, 37.69383 ], [ -121.72984, 37.69318 ], [ -121.72758, 37.69237 ], [ -121.72534, 37.69225 ], [ -121.72534, 37.69259 ], [ -121.72763, 37.69277 ], [ -121.72918, 37.69342 ], [ -121.72943, 37.69391 ], [ -121.72985, 37.69383 ] ] ] } },
{ "type": "Feature", "properties": { "kind": "label", "km": 1, "city": "Livermore", "people": 2131 }, "geometry": { "type": "Point", "coordinates": [ -121.72662, 37.69923 ] } },
{ "type": "Feature", "properties": { "kind": "area", "km": 1, "city": "Livermore", "people": 65 }, "geometry": { "type": "Polygon", "coordinates": [ [ [ -121.78541, 37.69974 ], [ -121.78477, 37.69979 ], [ -121.78379, 37.69925 ], [ -121.78382, 37.69862 ], [ -121.78204, 37.69887 ], [ -121.78102, 37.69866 ], [ -121.78018, 37.69719 ], [ -121.7786, 37.69783 ], [ -121.77824, 37.69755 ], [ -121.7739, 37.69921 ], [ -121.77388, 37.69972 ], [ -121.77295, 37.70032 ], [ -121.771, 37.7007 ], [ -121.77057, 37.70126 ], [ -121.76746, 37.70183 ], [ -121.76716, 37.70133 ], [ -121.76173, 37.70269 ], [ -121.7574, 37.70284 ], [ -121.75535, 37.70251 ], [ -121.75547, 37.70189 ], [ -121.75646, 37.7017 ], [ -121.76111, 37.69967 ], [ -121.76495, 37.69875 ], [ -121.7733, 37.69741 ], [ -121.77301, 37.69339 ], [ -121.77328, 37.69316 ], [ -121.77503, 37.69309 ], [ -121.77528, 37.69352 ], [ -121.77637, 37.6937 ], [ -121.77656, 37.69504 ], [ -121.77685, 37.69503 ], [ -121.77707, 37.69434 ], [ -121.77997, 37.69464 ], [ -121.78028, 37.69376 ], [ -121.78167, 37.69433 ], [ -121.78198, 37.69413 ], [ -121.78255, 37.69436 ], [ -121.78515, 37.69621 ], [ -121.78541, 37.69974 ] ], [ [ -121.77464, 37.69392 ], [ -121.7741, 37.69389 ], [ -121.7741, 37.69428 ], [ -121.77467, 37.69427 ], [ -121.77464, 37.69392 ] ] ] } },
{ "type": "Feature", "properties": { "kind": "label", "km": 1, "city": "Livermore", "people": 65 }, "geometry": { "type": "Point", "coordinates": [ -121.77422, 37.69787 ] } },
{ "type": "Feature", "properties": { "kind": "area", "km": 1, "city": "Livermore", "people": 5 }, "geometry": { "type": "Polygon", "coordinates": [ [ [ -121.72755, 37.71196 ], [ -121.72752, 37.71468 ], [ -121.72524, 37.71487 ], [ -121.72524, 37.71579 ], [ -121.72754, 37.71588 ], [ -121.72753, 37.71716 ], [ -121.72412, 37.71719 ], [ -121.72414, 37.71184 ], [ -121.72526, 37.71161 ], [ -121.72558, 37.71072 ], [ -121.72628, 37.71054 ], [ -121.7266, 37.71085 ], [ -121.7265, 37.71194 ], [ -121.72755, 37.71196 ] ] ] } },
{ "type": "Feature", "properties": { "kind": "label", "km": 1, "city": "Livermore", "people": 5 }, "geometry": { "type": "Point", "coordinates": [ -121.72584, 37.71387 ] } },
{ "type": "Feature", "properties": { "kind": "area", "km": 1, "city": "Newark", "people": 4524 }, "geometry": { "type": "Polygon", "coordinates": [ [ [ -122.05046, 37.52367 ], [ -122.04871, 37.52038 ], [ -122.04793, 37.52053 ], [ -122.04731, 37.51948 ], [ -122.04646, 37.51978 ], [ -122.04764, 37.52201 ], [ -122.04845, 37.52186 ], [ -122.04885, 37.52255 ], [ -122.04742, 37.52317 ], [ -122.04609, 37.5233 ], [ -122.04502, 37.52192 ], [ -122.03607, 37.52483 ], [ -122.03423, 37.52161 ], [ -122.03162, 37.52227 ], [ -122.02962, 37.52401 ], [ -122.01226, 37.51596 ], [ -122.01106, 37.51868 ], [ -122.00941, 37.51834 ], [ -122.00938, 37.51755 ], [ -122.00517, 37.51136 ], [ -122.004, 37.51219 ], [ -122.00238, 37.51788 ], [ -122.00103, 37.51751 ], [ -121.99992, 37.51857 ], [ -122.00018, 37.51907 ], [ -121.99953, 37.51989 ], [ -121.99825, 37.51993 ], [ -121.99962, 37.52091 ], [ -121.99743, 37.52379 ], [ -121.99842, 37.52442 ], [ -121.99767, 37.52585 ], [ -121.99849, 37.52738 ], [ -121.9974, 37.52719 ], [ -121.99314, 37.52498 ], [ -121.99356, 37.52316 ], [ -121.99407, 37.52242 ], [ -121.9919, 37.52194 ], [ -121.98937, 37.52044 ], [ -121.99454, 37.51386 ], [ -121.99564, 37.50948 ], [ -121.99958, 37.51033 ], [ -122.0005, 37.50812 ], [ -121.99658, 37.50705 ], [ -121.99788, 37.50373 ], [ -121.99827, 37.50376 ], [ -122.00843, 37.51336 ], [ -122.01195, 37.51529 ], [ -122.01456, 37.50969 ], [ -122.01218, 37.50699 ], [ -122.01166, 37.504 ], [ -122.01232, 37.50338 ], [ -122.01349, 37.50322 ], [ -122.01463, 37.50228 ], [ -122.01518, 37.50133 ], [ -122.01456, 37.50023 ], [ -122.01296, 37.50023 ], [ -122.01227, 37.49983 ], [ -122.01277, 37.4981 ], [ -122.01225, 37.49704 ], [ -122.01134, 37.49693 ], [ -122.00968, 37.49784 ], [ -122.00817, 37.49773 ], [ -122.00718, 37.49714 ], [ -122.00568, 37.49492 ], [ -122.00586, 37.49446 ], [ -122.00682, 37.49398 ], [ -122.00931, 37.49348 ], [ -122.01043, 37.49277 ], [ -122.00947, 37.48894 ], [ -122.01172, 37.48558 ], [ -122.01304, 37.48224 ], [ -122.01413, 37.48119 ], [ -122.01541, 37.48168 ], [ -122.01806, 37.48367 ], [ -122.01989, 37.48437 ], [ -122.02302, 37.48448 ], [ -122.0246, 37.48313 ], [ -122.025, 37.48236 ], [ -122.02563, 37.47884 ], [ -122.02634, 37.47851 ], [ -122.02756, 37.47845 ], [ -122.03018, 37.48173 ], [ -122.03054, 37.48263 ], [ -122.03046, 37.48729 ], [ -122.03023, 37.48787 ], [ -122.02956, 37.48815 ], [ -122.03052, 37.48922 ], [ -122.03177, 37.48899 ], [ -122.0324, 37.48917 ], [ -122.03546, 37.49219 ], [ -122.0367, 37.4924 ], [ -122.0384, 37.49347 ], [ -122.04123, 37.49332 ], [ -122.05093, 37.49628 ], [ -122.05112, 37.49745 ], [ -122.05773, 37.49902 ], [ -122.05782, 37.5 ], [ -122.05641, 37.50177 ], [ -122.05533, 37.50413 ], [ -122.05432, 37.50843 ], [ -122.05488, 37.50977 ], [ -122.05536, 37.50972 ], [ -122.0556, 37.5102 ], [ -122.0553, 37.51054 ], [ -122.05601, 37.51402 ], [ -122.06048, 37.51457 ], [ -122.06083, 37.51389 ], [ -122.06461, 37.5128 ], [ -122.06766, 37.51832 ], [ -122.05124, 37.5239 ], [ -122.05185, 37.52534 ], [ -122.05341, 37.52535 ], [ -122.06298, 37.52886 ], [ -122.06414, 37.53046 ], [ -122.06442, 37.53289 ], [ -122.06421, 37.53313 ], [ -122.06257, 37.53325 ], [ -122.06183, 37.53367 ], [ -122.06081, 37.53616 ], [ -122.06098, 37.53715 ], [ -122.05957, 37.53836 ], [ -122.0574, 37.53708 ], [ -122.05639, 37.53831 ], [ -122.05493, 37.5385 ], [ -122.05468, 37.53738 ], [ -122.0555, 37.53718 ], [ -122.05615, 37.53639 ], [ -122.05517, 37.53579 ], [ -122.05416, 37.53642 ], [ -122.05366, 37.53716 ], [ -122.05313, 37.53703 ], [ -122.05226, 37.53802 ], [ -122.05225, 37.53854 ], [ -122.0535, 37.53956 ], [ -122.05457, 37.53964 ], [ -122.0549, 37.54136 ], [ -122.05652, 37.54204 ], [ -122.05152, 37.54789 ], [ -122.04975, 37.54692 ], [ -122.0509, 37.5455 ], [ -122.05205, 37.54561 ], [ -122.05302, 37.54443 ], [ -122.05272, 37.54243 ], [ -122.05134, 37.54227 ], [ -122.05014, 37.54343 ], [ -122.04811, 37.54378 ], [ -122.04672, 37.5405 ], [ -122.04856, 37.53946 ], [ -122.04526, 37.53658 ], [ -122.0461, 37.53545 ], [ -122.04419, 37.53396 ], [ -122.04022, 37.53654 ], [ -122.03804, 37.5354 ], [ -122.03876, 37.53426 ], [ -122.0367, 37.53308 ], [ -122.0387, 37.53055 ], [ -122.0381, 37.53021 ], [ -122.03816, 37.52991 ], [ -122.04535, 37.52751 ], [ -122.04456, 37.52565 ], [ -122.05046, 37.52367 ] ], [ [ -122.0497, 37.51957 ], [ -122.04923, 37.51865 ], [ -122.04854, 37.51887 ], [ -122.04901, 37.51979 ], [ -122.0497, 37.51957 ] ], [ [ -122.04618, 37.51546 ], [ -122.0339, 37.51965 ], [ -122.03459, 37.52111 ], [ -122.03922, 37.51954 ], [ -122.04064, 37.5183 ], [ -122.04659, 37.51629 ], [ -122.04618, 37.51546 ] ], [ [ -122.0506, 37.51812 ], [ -122.04934, 37.5162 ], [ -122.04903, 37.51631 ], [ -122.05071, 37.51922 ], [ -122.05135, 37.519 ], [ -122.05088, 37.51806 ], [ -122.0506, 37.51812 ] ], [ [ -122.04967, 37.525 ], [ -122.04661, 37.52601 ], [ -122.04709, 37.52693 ], [ -122.05018, 37.5259 ], [ -122.04967, 37.525 ] ], [ [ -122.04548, 37.53298 ], [ -122.04709, 37.53416 ], [ -122.04817, 37.53334 ], [ -122.04836, 37.53223 ], [ -122.04678, 37.53198 ], [ -122.04548, 37.53298 ] ], [ [ -122.04935, 37.53399 ], [ -122.05035, 37.53465 ], [ -122.05223, 37.53289 ], [ -122.05342, 37.53308 ], [ -122.05362, 37.532 ], [ -122.05184, 37.52953 ], [ -122.05006, 37.53114 ], [ -122.04935, 37.53399 ] ], [ [ -122.04758, 37.53745 ], [ -122.04778, 37.53763 ], [ -122.04825, 37.53713 ], [ -122.04812, 37.53702 ], [ -122.04758, 37.53745 ] ], [ [ -122.00083, 37.51548 ], [ -122.00177, 37.5157 ], [ -122.00258, 37.51299 ], [ -121.99925, 37.51227 ], [ -121.99907, 37.51269 ], [ -121.99945, 37.51284 ], [ -121.99976, 37.51293 ], [ -122.0001, 37.51251 ], [ -122.00102, 37.5128 ], [ -122.0007, 37.51392 ], [ -122.0013, 37.51424 ], [ -122.00083, 37.51548 ] ], [ [ -121.99746, 37.5123 ], [ -121.9974, 37.51173 ], [ -121.99603, 37.51165 ], [ -121.997, 37.51189 ], [ -121.99706, 37.51228 ], [ -121.99776, 37.51264 ], [ -121.99785, 37.51242 ], [ -121.99746, 37.5123 ] ], [ [ -121.99788, 37.51406 ], [ -121.99716, 37.51333 ], [ -121.99674, 37.51304 ], [ -121.9968, 37.5135 ], [ -121.99788, 37.51406 ] ], [ [ -121.99577, 37.5129 ], [ -121.99654, 37.51296 ], [ -121.99578, 37.51288 ], [ -121.99577, 37.5129 ] ] ] } },
{ "type": "Feature", "properties": { "kind": "label", "km": 1, "city": "Newark", "people": 4524 }, "geometry": { "type": "Point", "coordinates": [ -122.03423, 37.51322 ] } },
{ "type": "Feature", "properties": { "kind": "area", "km": 1, "city": "Newark", "people": 816 }, "geometry": { "type": "Polygon", "coordinates": [ [ [ -122.03766, 37.52739 ], [ -122.03623, 37.52912 ], [ -122.03289, 37.52742 ], [ -122.02693, 37.53478 ], [ -122.02893, 37.53583 ], [ -122.02897, 37.53611 ], [ -122.02806, 37.53702 ], [ -122.02619, 37.5361 ], [ -122.02645, 37.53655 ], [ -122.0246, 37.53885 ], [ -122.02591, 37.53955 ], [ -122.02595, 37.53983 ], [ -122.02449, 37.54145 ], [ -122.02233, 37.54041 ], [ -122.02013, 37.54299 ], [ -122.01656, 37.53859 ], [ -122.0149, 37.53703 ], [ -122.00419, 37.53096 ], [ -122.0044, 37.5307 ], [ -122.00686, 37.53042 ], [ -122.0081, 37.53126 ], [ -122.01222, 37.52602 ], [ -122.01319, 37.52623 ], [ -122.01451, 37.52606 ], [ -122.0159, 37.52461 ], [ -122.01418, 37.52368 ], [ -122.01458, 37.52301 ], [ -122.01494, 37.52298 ], [ -122.01862, 37.52507 ], [ -122.01806, 37.52566 ], [ -122.01734, 37.52539 ], [ -122.01545, 37.52736 ], [ -122.0163, 37.52797 ], [ -122.01568, 37.52882 ], [ -122.01425, 37.52821 ], [ -122.0131, 37.52973 ], [ -122.01251, 37.52983 ], [ -122.01163, 37.52953 ], [ -122.01124, 37.52972 ], [ -122.01142, 37.53065 ], [ -122.01327, 37.53169 ], [ -122.01206, 37.53334 ], [ -122.01412, 37.53436 ], [ -122.01394, 37.53488 ], [ -122.01522, 37.53558 ], [ -122.015, 37.53606 ], [ -122.01826, 37.53764 ], [ -122.01915, 37.53686 ], [ -122.02028, 37.5378 ], [ -122.02118, 37.53689 ], [ -122.01985, 37.53569 ], [ -122.02221, 37.53282 ], [ -122.02306, 37.53247 ], [ -122.0232, 37.53161 ], [ -122.02407, 37.53053 ], [ -122.02441, 37.53044 ], [ -122.02536, 37.531 ], [ -122.02428, 37.53246 ], [ -122.02463, 37.53264 ], [ -122.02712, 37.52958 ], [ -122.02777, 37.52964 ], [ -122.02962, 37.52738 ], [ -122.03195, 37.5266 ], [ -122.03263, 37.52688 ], [ -122.03278, 37.52596 ], [ -122.03195, 37.52506 ], [ -122.03203, 37.52478 ], [ -122.03735, 37.52713 ], [ -122.03766, 37.52739 ] ] ] } },
{ "type": "Feature", "properties": { "kind": "label", "km": 1, "city": "Newark", "people": 816 }, "geometry": { "type": "Point", "coordinates": [ -122.02532, 37.53288 ] } },
{ "type": "Feature", "properties": { "kind": "area", "km": 1, "city": "Oakland", "people": 18330 }, "geometry": { "type": "Polygon", "coordinates": [ [ [ -122.26642, 37.78876 ], [ -122.26474, 37.79036 ], [ -122.26301, 37.79104 ], [ -122.26145, 37.79086 ], [ -122.25921, 37.79002 ], [ -122.25825, 37.78981 ], [ -122.25556, 37.78931 ], [ -122.2554, 37.78904 ], [ -122.25581, 37.78856 ], [ -122.25543, 37.788 ], [ -122.25306, 37.78884 ], [ -122.25865, 37.78994 ], [ -122.26078, 37.79084 ], [ -122.26248, 37.79218 ], [ -122.26194, 37.79353 ], [ -122.26143, 37.79394 ], [ -122.25718, 37.79269 ], [ -122.25542, 37.79141 ], [ -122.25119, 37.79 ], [ -122.2449, 37.78731 ], [ -122.24434, 37.78597 ], [ -122.24452, 37.78573 ], [ -122.24689, 37.7868 ], [ -122.24267, 37.7845 ], [ -122.24286, 37.78367 ], [ -122.24229, 37.7789 ], [ -122.24076, 37.77732 ], [ -122.24048, 37.776 ], [ -122.23982, 37.77545 ], [ -122.23958, 37.7744 ], [ -122.23746, 37.77329 ], [ -122.2353, 37.773 ], [ -122.23081, 37.77101 ], [ -122.22939, 37.77313 ], [ -122.22971, 37.77332 ], [ -122.23032, 37.77353 ], [ -122.23092, 37.77303 ], [ -122.23363, 37.77422 ], [ -122.2347, 37.77317 ], [ -122.23511, 37.77343 ], [ -122.23344, 37.77518 ], [ -122.22819, 37.77343 ], [ -122.22739, 37.77508 ], [ -122.22921, 37.77639 ], [ -122.22862, 37.77717 ], [ -122.22936, 37.77772 ], [ -122.22847, 37.77868 ], [ -122.22937, 37.7794 ], [ -122.22709, 37.78174 ], [ -122.22784, 37.78237 ], [ -122.22606, 37.78418 ], [ -122.22698, 37.78426 ], [ -122.22712, 37.78453 ], [ -122.22518, 37.78659 ], [ -122.22579, 37.78713 ], [ -122.22437, 37.78864 ], [ -122.22503, 37.78922 ], [ -122.22306, 37.79148 ], [ -122.22359, 37.7919 ], [ -122.22272, 37.79379 ], [ -122.22351, 37.79418 ], [ -122.22299, 37.79545 ], [ -122.22186, 37.79536 ], [ -122.22112, 37.79729 ], [ -122.22146, 37.79847 ], [ -122.22099, 37.80017 ], [ -122.22004, 37.80023 ], [ -122.21909, 37.79993 ], [ -122.21927, 37.80099 ], [ -122.21881, 37.80119 ], [ -122.21818, 37.80234 ], [ -122.21749, 37.80479 ], [ -122.21665, 37.80527 ], [ -122.21696, 37.80552 ], [ -122.21667, 37.8066 ], [ -122.21829, 37.80725 ], [ -122.21929, 37.80893 ], [ -122.21817, 37.80937 ], [ -122.21748, 37.80884 ], [ -122.21671, 37.80981 ], [ -122.21727, 37.81035 ], [ -122.21483, 37.81288 ], [ -122.21315, 37.81231 ], [ -122.21412, 37.81055 ], [ -122.21483, 37.80994 ], [ -122.21536, 37.80856 ], [ -122.21551, 37.80755 ], [ -122.21502, 37.80688 ], [ -122.21459, 37.80797 ], [ -122.21395, 37.80824 ], [ -122.21328, 37.80796 ], [ -122.21306, 37.80713 ], [ -122.21514, 37.80218 ], [ -122.21233, 37.80128 ], [ -122.21476, 37.79902 ], [ -122.21522, 37.79815 ], [ -122.21678, 37.79811 ], [ -122.21352, 37.79712 ], [ -122.21416, 37.79544 ], [ -122.21472, 37.79532 ], [ -122.2166, 37.79287 ], [ -122.21491, 37.79208 ], [ -122.21413, 37.79274 ], [ -122.21113, 37.79137 ], [ -122.20957, 37.79353 ], [ -122.20789, 37.79293 ], [ -122.20683, 37.79375 ], [ -122.20793, 37.79474 ], [ -122.20672, 37.796 ], [ -122.2052, 37.79502 ], [ -122.20152, 37.79785 ], [ -122.20053, 37.79728 ], [ -122.19954, 37.79945 ], [ -122.19818, 37.80076 ], [ -122.1997, 37.80221 ], [ -122.20084, 37.80124 ], [ -122.20292, 37.80264 ], [ -122.2009, 37.80464 ], [ -122.20204, 37.80527 ], [ -122.20237, 37.80635 ], [ -122.20383, 37.80561 ], [ -122.20625, 37.8071 ], [ -122.2063, 37.80742 ], [ -122.20242, 37.80967 ], [ -122.20128, 37.81066 ], [ -122.19828, 37.81041 ], [ -122.19775, 37.80979 ], [ -122.1975, 37.80864 ], [ -122.19751, 37.80956 ], [ -122.19709, 37.80994 ], [ -122.19543, 37.8089 ], [ -122.19227, 37.80514 ], [ -122.19261, 37.8049 ], [ -122.19355, 37.80549 ], [ -122.19421, 37.80545 ], [ -122.19238, 37.80305 ], [ -122.19374, 37.80285 ], [ -122.19313, 37.80122 ], [ -122.19381, 37.80118 ], [ -122.19443, 37.80161 ], [ -122.19556, 37.79978 ], [ -122.1961, 37.79944 ], [ -122.19591, 37.79881 ], [ -122.19642, 37.79814 ], [ -122.19589, 37.79725 ], [ -122.20222, 37.79352 ], [ -122.2019, 37.79285 ], [ -122.20462, 37.79107 ], [ -122.20512, 37.79123 ], [ -122.20599, 37.79103 ], [ -122.2068, 37.79177 ], [ -122.21543, 37.7869 ], [ -122.21629, 37.78761 ], [ -122.21526, 37.78826 ], [ -122.21578, 37.7885 ], [ -122.21644, 37.78799 ], [ -122.2193, 37.78937 ], [ -122.21947, 37.78899 ], [ -122.21747, 37.78786 ], [ -122.2185, 37.7865 ], [ -122.2193, 37.78667 ], [ -122.21973, 37.78618 ], [ -122.21986, 37.78587 ], [ -122.21935, 37.78539 ], [ -122.22089, 37.78339 ], [ -122.22044, 37.78323 ], [ -122.21778, 37.78673 ], [ -122.21708, 37.7865 ], [ -122.21539, 37.78507 ], [ -122.21632, 37.78423 ], [ -122.21413, 37.78275 ], [ -122.21724, 37.77988 ], [ -122.21271, 37.77579 ], [ -122.21454, 37.77426 ], [ -122.21212, 37.77295 ], [ -122.21177, 37.77342 ], [ -122.21274, 37.77421 ], [ -122.20661, 37.78032 ], [ -122.20621, 37.78036 ], [ -122.20537, 37.77958 ], [ -122.20759, 37.77715 ], [ -122.20836, 37.77567 ], [ -122.20708, 37.77499 ], [ -122.20932, 37.77199 ], [ -122.20812, 37.77177 ], [ -122.20934, 37.77007 ], [ -122.20761, 37.76893 ], [ -122.21055, 37.76627 ], [ -122.20866, 37.76538 ], [ -122.20791, 37.76584 ], [ -122.20743, 37.76564 ], [ -122.20462, 37.76763 ], [ -122.20273, 37.76682 ], [ -122.20076, 37.76817 ], [ -122.19991, 37.76763 ], [ -122.19441, 37.77149 ], [ -122.19316, 37.77134 ], [ -122.19191, 37.77033 ], [ -122.20238, 37.76282 ], [ -122.20103, 37.76161 ], [ -122.2, 37.7621 ], [ -122.19834, 37.76062 ], [ -122.1963, 37.76194 ], [ -122.19504, 37.76222 ], [ -122.19441, 37.76284 ], [ -122.1901, 37.7608 ], [ -122.19029, 37.76039 ], [ -122.19429, 37.7578 ], [ -122.19285, 37.75636 ], [ -122.19292, 37.75608 ], [ -122.19475, 37.75494 ], [ -122.19545, 37.75533 ], [ -122.1971, 37.7543 ], [ -122.19829, 37.75522 ], [ -122.19851, 37.75508 ], [ -122.19727, 37.75395 ], [ -122.1975, 37.75339 ], [ -122.20096, 37.75654 ], [ -122.20818, 37.75381 ], [ -122.21252, 37.75874 ], [ -122.21182, 37.75942 ], [ -122.21301, 37.76145 ], [ -122.214, 37.7617 ], [ -122.21742, 37.7596 ], [ -122.21678, 37.75791 ], [ -122.21568, 37.75738 ], [ -122.21654, 37.75637 ], [ -122.2157, 37.75625 ], [ -122.21519, 37.75548 ], [ -122.21429, 37.75535 ], [ -122.21409, 37.75472 ], [ -122.21339, 37.75498 ], [ -122.21231, 37.75485 ], [ -122.21163, 37.75351 ], [ -122.21098, 37.75308 ], [ -122.21092, 37.75174 ], [ -122.20829, 37.75319 ], [ -122.20773, 37.75287 ], [ -122.21174, 37.75039 ], [ -122.21166, 37.7497 ], [ -122.21217, 37.74936 ], [ -122.2072, 37.74365 ], [ -122.20846, 37.74255 ], [ -122.2094, 37.74212 ], [ -122.21091, 37.742 ], [ -122.21135, 37.74251 ], [ -122.21155, 37.74371 ], [ -122.21392, 37.74575 ], [ -122.21716, 37.74776 ], [ -122.21431, 37.74276 ], [ -122.21142, 37.74098 ], [ -122.21063, 37.73997 ], [ -122.21086, 37.73736 ], [ -122.21011, 37.73657 ], [ -122.20991, 37.73601 ], [ -122.21019, 37.73574 ], [ -122.20875, 37.73264 ], [ -122.20748, 37.73156 ], [ -122.20768, 37.73118 ], [ -122.20816, 37.73119 ], [ -122.20831, 37.73032 ], [ -122.2089, 37.73035 ], [ -122.21078, 37.73157 ], [ -122.21391, 37.73841 ], [ -122.21544, 37.74088 ], [ -122.21956, 37.74449 ], [ -122.22129, 37.74556 ], [ -122.22234, 37.74584 ], [ -122.22264, 37.74548 ], [ -122.2236, 37.74542 ], [ -122.22377, 37.74754 ], [ -122.22679, 37.74785 ], [ -122.22655, 37.7483 ], [ -122.22366, 37.74826 ], [ -122.22375, 37.75477 ], [ -122.21805, 37.75997 ], [ -122.21957, 37.75976 ], [ -122.22111, 37.75856 ], [ -122.22235, 37.75853 ], [ -122.22336, 37.75988 ], [ -122.22332, 37.7616 ], [ -122.22129, 37.76323 ], [ -122.22375, 37.76525 ], [ -122.22505, 37.76437 ], [ -122.22482, 37.7652 ], [ -122.22734, 37.76781 ], [ -122.23827, 37.77287 ], [ -122.24132, 37.77495 ], [ -122.24118, 37.77551 ], [ -122.24171, 37.77575 ], [ -122.24398, 37.77878 ], [ -122.24377, 37.77905 ], [ -122.24411, 37.77967 ], [ -122.24352, 37.78018 ], [ -122.24421, 37.7802 ], [ -122.24434, 37.78072 ], [ -122.24351, 37.78096 ], [ -122.24409, 37.78121 ], [ -122.24421, 37.78232 ], [ -122.24353, 37.78274 ], [ -122.24364, 37.78352 ], [ -122.24464, 37.78351 ], [ -122.24545, 37.78458 ], [ -122.24761, 37.78618 ], [ -122.24814, 37.78593 ], [ -122.24922, 37.78664 ], [ -122.25258, 37.78758 ], [ -122.25468, 37.78726 ], [ -122.25481, 37.78689 ], [ -122.25846, 37.78556 ], [ -122.26162, 37.78689 ], [ -122.25904, 37.7892 ], [ -122.26158, 37.78753 ], [ -122.26265, 37.7874 ], [ -122.26339, 37.78781 ], [ -122.26365, 37.78949 ], [ -122.26537, 37.78832 ], [ -122.26576, 37.78872 ], [ -122.26461, 37.78959 ], [ -122.26601, 37.78861 ], [ -122.26642, 37.78876 ] ], [ [ -122.21691, 37.79135 ], [ -122.21748, 37.79062 ], [ -122.21639, 37.7901 ], [ -122.21579, 37.7908 ], [ -122.21691, 37.79135 ] ], [ [ -122.2267, 37.77325 ], [ -122.22644, 37.77316 ], [ -122.22618, 37.77366 ], [ -122.22645, 37.77376 ], [ -122.2267, 37.77325 ] ], [ [ -122.22154, 37.76953 ], [ -122.22299, 37.77108 ], [ -122.22351, 37.77143 ], [ -122.22455, 37.77189 ], [ -122.22507, 37.77093 ], [ -122.22463, 37.77072 ], [ -122.22373, 37.77152 ], [ -122.22154, 37.76953 ] ], [ [ -122.22374, 37.78112 ], [ -122.22408, 37.78043 ], [ -122.22367, 37.78029 ], [ -122.22332, 37.78099 ], [ -122.22374, 37.78112 ] ], [ [ -122.21749, 37.77183 ], [ -122.21989, 37.77011 ], [ -122.21899, 37.7695 ], [ -122.21653, 37.77136 ], [ -122.21749, 37.77183 ] ], [ [ -122.21925, 37.76641 ], [ -122.21906, 37.76588 ], [ -122.21841, 37.76537 ], [ -122.21925, 37.76641 ] ], [ [ -122.22073, 37.77256 ], [ -122.22033, 37.7731 ], [ -122.22077, 37.7733 ], [ -122.22117, 37.77277 ], [ -122.22073, 37.77256 ] ], [ [ -122.21434, 37.7724 ], [ -122.21415, 37.77219 ], [ -122.21354, 37.773 ], [ -122.21357, 37.77298 ], [ -122.21434, 37.7724 ] ], [ [ -122.21378, 37.79006 ], [ -122.21538, 37.7907 ], [ -122.21383, 37.78998 ], [ -122.21378, 37.79006 ] ], [ [ -122.19983, 37.80297 ], [ -122.19796, 37.80396 ], [ -122.19771, 37.80354 ], [ -122.19808, 37.80294 ], [ -122.1972, 37.80278 ], [ -122.19632, 37.80406 ], [ -122.197, 37.80434 ], [ -122.19839, 37.80412 ], [ -122.19906, 37.80435 ], [ -122.20078, 37.80328 ], [ -122.19983, 37.80297 ] ], [ [ -122.20864, 37.77548 ], [ -122.209, 37.7756 ], [ -122.20935, 37.77513 ], [ -122.20894, 37.77494 ], [ -122.20864, 37.77548 ] ] ] } },
{ "type": "Feature", "properties": { "kind": "label", "km": 1, "city": "Oakland", "people": 18330 }, "geometry": { "type": "Point", "coordinates": [ -122.21248, 37.77157 ] } },
{ "type": "Feature", "properties": { "kind": "area", "km": 1, "city": "Oakland", "people": 23 }, "geometry": { "type": "Polygon", "coordinates": [ [ [ -122.30456, 37.79659 ], [ -122.29323, 37.79876 ], [ -122.29006, 37.79906 ], [ -122.28746, 37.8003 ], [ -122.28841, 37.80065 ], [ -122.2882, 37.8011 ], [ -122.28481, 37.80028 ], [ -122.28529, 37.79861 ], [ -122.28478, 37.79845 ], [ -122.28418, 37.79934 ], [ -122.28086, 37.79796 ], [ -122.28195, 37.79616 ], [ -122.28365, 37.79459 ], [ -122.288, 37.79477 ], [ -122.28812, 37.79559 ], [ -122.28837, 37.7952 ], [ -122.28885, 37.79532 ], [ -122.28876, 37.796 ], [ -122.29005, 37.79484 ], [ -122.29132, 37.79463 ], [ -122.29179, 37.79483 ], [ -122.29259, 37.79427 ], [ -122.29353, 37.79431 ], [ -122.29376, 37.79385 ], [ -122.29602, 37.79321 ], [ -122.30557, 37.7935 ], [ -122.31349, 37.79527 ], [ -122.31326, 37.79553 ], [ -122.30456, 37.79659 ] ] ] } },
{ "type": "Feature", "properties": { "kind": "label", "km": 1, "city": "Oakland", "people": 23 }, "geometry": { "type": "Point", "coordinates": [ -122.29163, 37.79716 ] } },
{ "type": "Feature", "properties": { "kind": "area", "km": 1, "city": "Oakland", "people": 923 }, "geometry": { "type": "Polygon", "coordinates": [ [ [ -122.25424, 37.80047 ], [ -122.2579, 37.79812 ], [ -122.25982, 37.79823 ], [ -122.25968, 37.79898 ], [ -122.25925, 37.79898 ], [ -122.25783, 37.80015 ], [ -122.2567, 37.80047 ], [ -122.25546, 37.80044 ], [ -122.25494, 37.80075 ], [ -122.25489, 37.80221 ], [ -122.25369, 37.80404 ], [ -122.25121, 37.80507 ], [ -122.24987, 37.80824 ], [ -122.25123, 37.80792 ], [ -122.25288, 37.80689 ], [ -122.25549, 37.80686 ], [ -122.25608, 37.80627 ], [ -122.25624, 37.80528 ], [ -122.25876, 37.80445 ], [ -122.26035, 37.80599 ], [ -122.26058, 37.80663 ], [ -122.26134, 37.80672 ], [ -122.26172, 37.80716 ], [ -122.26169, 37.81027 ], [ -122.26255, 37.80732 ], [ -122.26154, 37.80541 ], [ -122.26043, 37.80461 ], [ -122.26059, 37.80436 ], [ -122.26138, 37.80434 ], [ -122.26243, 37.80498 ], [ -122.26344, 37.80672 ], [ -122.2636, 37.80781 ], [ -122.26315, 37.80916 ], [ -122.26494, 37.80958 ], [ -122.2646, 37.81066 ], [ -122.26295, 37.8104 ], [ -122.26282, 37.81078 ], [ -122.26459, 37.81125 ], [ -122.26435, 37.812 ], [ -122.26334, 37.81189 ], [ -122.26314, 37.81275 ], [ -122.26412, 37.81302 ], [ -122.2635, 37.81486 ], [ -122.26451, 37.81571 ], [ -122.26411, 37.81593 ], [ -122.26311, 37.81547 ], [ -122.26291, 37.81598 ], [ -122.26391, 37.81641 ], [ -122.26246, 37.81873 ], [ -122.26144, 37.8187 ], [ -122.26111, 37.8211 ], [ -122.26016, 37.82139 ], [ -122.25908, 37.82012 ], [ -122.25741, 37.82117 ], [ -122.25682, 37.82176 ], [ -122.25766, 37.82285 ], [ -122.25392, 37.82565 ], [ -122.25294, 37.82566 ], [ -122.25316, 37.82613 ], [ -122.24554, 37.83191 ], [ -122.24688, 37.83282 ], [ -122.24889, 37.83152 ], [ -122.25038, 37.83314 ], [ -122.24947, 37.83408 ], [ -122.24802, 37.83462 ], [ -122.24777, 37.83415 ], [ -122.24889, 37.83364 ], [ -122.24876, 37.83328 ], [ -122.24731, 37.83382 ], [ -122.2443, 37.83534 ], [ -122.23986, 37.83878 ], [ -122.23938, 37.83863 ], [ -122.2362, 37.84024 ], [ -122.23168, 37.83664 ], [ -122.23021, 37.83631 ], [ -122.22934, 37.83559 ], [ -122.22814, 37.83608 ], [ -122.2254, 37.835 ], [ -122.22537, 37.83472 ], [ -122.2264, 37.83388 ], [ -122.22626, 37.83284 ], [ -122.22765, 37.8321 ], [ -122.2292, 37.83289 ], [ -122.23047, 37.83256 ], [ -122.23132, 37.83124 ], [ -122.23231, 37.83112 ], [ -122.23266, 37.83141 ], [ -122.23522, 37.83092 ], [ -122.23553, 37.83119 ], [ -122.23782, 37.8304 ], [ -122.24102, 37.83022 ], [ -122.24429, 37.82955 ], [ -122.24528, 37.82891 ], [ -122.24404, 37.82846 ], [ -122.24423, 37.82804 ], [ -122.24573, 37.82805 ], [ -122.24637, 37.82757 ], [ -122.24682, 37.82771 ], [ -122.24764, 37.82733 ], [ -122.2473, 37.82665 ], [ -122.24777, 37.82511 ], [ -122.24815, 37.82501 ], [ -122.249, 37.82553 ], [ -122.24985, 37.82428 ], [ -122.24911, 37.82358 ], [ -122.25004, 37.82272 ], [ -122.25102, 37.82313 ], [ -122.25296, 37.82249 ], [ -122.25445, 37.82132 ], [ -122.25509, 37.82185 ], [ -122.25584, 37.82126 ], [ -122.25523, 37.82108 ], [ -122.25385, 37.81987 ], [ -122.25507, 37.81868 ], [ -122.25544, 37.81865 ], [ -122.25549, 37.81911 ], [ -122.25691, 37.81991 ], [ -122.25778, 37.81915 ], [ -122.2573, 37.81848 ], [ -122.25894, 37.81726 ], [ -122.2597, 37.81755 ], [ -122.26031, 37.81646 ], [ -122.25877, 37.81525 ], [ -122.26125, 37.81292 ], [ -122.26046, 37.81179 ], [ -122.26068, 37.81079 ], [ -122.25936, 37.80999 ], [ -122.25859, 37.80846 ], [ -122.25862, 37.8076 ], [ -122.25924, 37.80643 ], [ -122.2587, 37.80567 ], [ -122.25766, 37.80589 ], [ -122.25614, 37.80766 ], [ -122.2551, 37.80795 ], [ -122.25335, 37.80796 ], [ -122.25298, 37.80882 ], [ -122.25197, 37.8088 ], [ -122.25181, 37.80933 ], [ -122.25118, 37.80941 ], [ -122.25071, 37.80968 ], [ -122.2518, 37.80974 ], [ -122.25168, 37.81099 ], [ -122.25042, 37.81145 ], [ -122.24985, 37.81109 ], [ -122.25055, 37.81213 ], [ -122.2511, 37.81433 ], [ -122.25065, 37.81437 ], [ -122.24996, 37.81315 ], [ -122.24905, 37.81258 ], [ -122.24861, 37.81397 ], [ -122.24751, 37.81417 ], [ -122.24666, 37.81666 ], [ -122.24692, 37.8172 ], [ -122.2465, 37.81807 ], [ -122.24698, 37.81817 ], [ -122.24797, 37.81752 ], [ -122.24986, 37.8189 ], [ -122.24805, 37.82062 ], [ -122.24867, 37.82145 ], [ -122.24756, 37.82179 ], [ -122.24452, 37.81928 ], [ -122.24439, 37.81884 ], [ -122.2454, 37.81565 ], [ -122.24454, 37.81523 ], [ -122.24515, 37.81362 ], [ -122.24658, 37.81153 ], [ -122.2461, 37.81121 ], [ -122.24301, 37.81226 ], [ -122.24225, 37.81182 ], [ -122.24142, 37.81268 ], [ -122.24204, 37.81327 ], [ -122.24153, 37.81379 ], [ -122.24235, 37.81518 ], [ -122.24129, 37.81593 ], [ -122.23999, 37.81583 ], [ -122.23903, 37.81462 ], [ -122.23814, 37.81534 ], [ -122.236, 37.81468 ], [ -122.23331, 37.81482 ], [ -122.23134, 37.81433 ], [ -122.23165, 37.81388 ], [ -122.23552, 37.81341 ], [ -122.23775, 37.81382 ], [ -122.24015, 37.81192 ], [ -122.23997, 37.81159 ], [ -122.23906, 37.81152 ], [ -122.23919, 37.81068 ], [ -122.23549, 37.81082 ], [ -122.23436, 37.81144 ], [ -122.23295, 37.81071 ], [ -122.23231, 37.80983 ], [ -122.2361, 37.80918 ], [ -122.23861, 37.80934 ], [ -122.2371, 37.80877 ], [ -122.23666, 37.80825 ], [ -122.23422, 37.80823 ], [ -122.23485, 37.807 ], [ -122.23702, 37.80682 ], [ -122.2385, 37.80785 ], [ -122.24045, 37.80866 ], [ -122.24338, 37.81079 ], [ -122.24624, 37.8098 ], [ -122.2417, 37.80845 ], [ -122.24142, 37.80739 ], [ -122.24211, 37.80733 ], [ -122.24288, 37.80786 ], [ -122.24531, 37.80868 ], [ -122.24652, 37.80802 ], [ -122.24725, 37.80808 ], [ -122.24884, 37.80724 ], [ -122.2494, 37.80727 ], [ -122.25075, 37.80442 ], [ -122.25313, 37.80361 ], [ -122.25415, 37.80195 ], [ -122.25424, 37.80047 ] ], [ [ -122.24673, 37.80993 ], [ -122.24849, 37.8103 ], [ -122.24696, 37.80983 ], [ -122.24673, 37.80993 ] ] ] } },
{ "type": "Feature", "properties": { "kind": "label", "km": 1, "city": "Oakland", "people": 923 }, "geometry": { "type": "Point", "coordinates": [ -122.24711, 37.81913 ] } },
{ "type": "Feature", "properties": { "kind": "area", "km": 1, "city": "Oakland", "people": 142 }, "geometry": { "type": "Polygon", "coordinates": [ [ [ -122.30607, 37.80824 ], [ -122.30636, 37.8073 ], [ -122.30584, 37.80718 ], [ -122.30585, 37.80818 ], [ -122.30482, 37.80812 ], [ -122.30455, 37.80769 ], [ -122.29809, 37.80621 ], [ -122.29867, 37.80508 ], [ -122.29828, 37.8048 ], [ -122.29875, 37.8035 ], [ -122.29614, 37.80288 ], [ -122.29553, 37.8043 ], [ -122.29394, 37.80399 ], [ -122.29415, 37.80282 ], [ -122.29382, 37.80238 ], [ -122.2891, 37.80125 ], [ -122.28979, 37.7995 ], [ -122.29029, 37.79922 ], [ -122.29318, 37.79936 ], [ -122.29848, 37.80057 ], [ -122.30258, 37.80191 ], [ -122.3045, 37.80308 ], [ -122.30825, 37.80696 ], [ -122.30883, 37.80813 ], [ -122.31077, 37.80857 ], [ -122.31227, 37.80849 ], [ -122.31295, 37.81062 ], [ -122.31499, 37.80864 ], [ -122.32042, 37.80909 ], [ -122.32348, 37.80782 ], [ -122.32777, 37.80743 ], [ -122.32867, 37.80813 ], [ -122.32896, 37.80965 ], [ -122.33404, 37.81014 ], [ -122.33414, 37.81045 ], [ -122.33308, 37.81126 ], [ -122.32779, 37.81073 ], [ -122.32754, 37.81051 ], [ -122.32636, 37.81066 ], [ -122.32311, 37.81035 ], [ -122.31349, 37.81942 ], [ -122.30892, 37.81906 ], [ -122.30868, 37.82091 ], [ -122.3125, 37.822 ], [ -122.31529, 37.82161 ], [ -122.31885, 37.81849 ], [ -122.31975, 37.81903 ], [ -122.31966, 37.8194 ], [ -122.32128, 37.82076 ], [ -122.32433, 37.82082 ], [ -122.33035, 37.82007 ], [ -122.3309, 37.82038 ], [ -122.33034, 37.82166 ], [ -122.3243, 37.82225 ], [ -122.30483, 37.82539 ], [ -122.29605, 37.8274 ], [ -122.29498, 37.82791 ], [ -122.29403, 37.8291 ], [ -122.29367, 37.82913 ], [ -122.2932, 37.8282 ], [ -122.2912, 37.8263 ], [ -122.29225, 37.82256 ], [ -122.29297, 37.82192 ], [ -122.29394, 37.82174 ], [ -122.29473, 37.82072 ], [ -122.29868, 37.81771 ], [ -122.30392, 37.81182 ], [ -122.30719, 37.80995 ], [ -122.30819, 37.80848 ], [ -122.30607, 37.80824 ] ], [ [ -122.30025, 37.82245 ], [ -122.30182, 37.82129 ], [ -122.30285, 37.82274 ], [ -122.30461, 37.82371 ], [ -122.30702, 37.82315 ], [ -122.30533, 37.82271 ], [ -122.3061, 37.82191 ], [ -122.307, 37.82154 ], [ -122.30657, 37.82082 ], [ -122.30694, 37.81879 ], [ -122.30501, 37.81861 ], [ -122.30482, 37.81833 ], [ -122.31034, 37.81293 ], [ -122.30553, 37.8125 ], [ -122.30137, 37.81569 ], [ -122.29921, 37.81812 ], [ -122.30447, 37.81862 ], [ -122.30463, 37.81898 ], [ -122.3022, 37.82125 ], [ -122.30019, 37.8201 ], [ -122.29675, 37.82085 ], [ -122.30025, 37.82245 ] ], [ [ -122.31067, 37.82269 ], [ -122.31089, 37.82266 ], [ -122.31082, 37.82266 ], [ -122.31067, 37.82269 ] ], [ [ -122.32037, 37.82156 ], [ -122.31919, 37.81994 ], [ -122.31682, 37.82197 ], [ -122.32037, 37.82156 ] ] ] } },
{ "type": "Feature", "properties": { "kind": "label", "km": 1, "city": "Oakland", "people": 142 }, "geometry": { "type": "Point", "coordinates": [ -122.31436, 37.81387 ] } },
{ "type": "Feature", "properties": { "kind": "area", "km": 1, "city": "Oakland", "people": 1096 }, "geometry": { "type": "Polygon", "coordinates": [ [ [ -122.29775, 37.81302 ], [ -122.29902, 37.81166 ], [ -122.29998, 37.81216 ], [ -122.29915, 37.8137 ], [ -122.30005, 37.81439 ], [ -122.29599, 37.81745 ], [ -122.29418, 37.81946 ], [ -122.2931, 37.81891 ], [ -122.29422, 37.81742 ], [ -122.29213, 37.81637 ], [ -122.29096, 37.81771 ], [ -122.28943, 37.81696 ], [ -122.2918, 37.81388 ], [ -122.29556, 37.81568 ], [ -122.29579, 37.81539 ], [ -122.29339, 37.81413 ], [ -122.29396, 37.81324 ], [ -122.29476, 37.81244 ], [ -122.29596, 37.813 ], [ -122.29654, 37.81247 ], [ -122.29775, 37.81302 ] ], [ [ -122.29587, 37.81395 ], [ -122.29666, 37.81435 ], [ -122.29693, 37.81402 ], [ -122.29613, 37.81362 ], [ -122.29587, 37.81395 ] ] ] } },
{ "type": "Feature", "properties": { "kind": "label", "km": 1, "city": "Oakland", "people": 1096 }, "geometry": { "type": "Point", "coordinates": [ -122.29283, 37.81567 ] } },
{ "type": "Feature", "properties": { "kind": "area", "km": 1, "city": "Oakland", "people": 26 }, "geometry": { "type": "Polygon", "coordinates": [ [ [ -122.27001, 37.8356 ], [ -122.26956, 37.83721 ], [ -122.26853, 37.83741 ], [ -122.26769, 37.8364 ], [ -122.26781, 37.83542 ], [ -122.26889, 37.83558 ], [ -122.26925, 37.83527 ], [ -122.27001, 37.8356 ] ] ] } },
{ "type": "Feature", "properties": { "kind": "label", "km": 1, "city": "Oakland", "people": 26 }, "geometry": { "type": "Point", "coordinates": [ -122.26871, 37.83637 ] } },
{ "type": "Feature", "properties": { "kind": "area", "km": 1, "city": "Oakland", "people": 176 }, "geometry": { "type": "Polygon", "coordinates": [ [ [ -122.23951, 37.84984 ], [ -122.23802, 37.84977 ], [ -122.23485, 37.8484 ], [ -122.23133, 37.84895 ], [ -122.22783, 37.84842 ], [ -122.22717, 37.8453 ], [ -122.22459, 37.84182 ], [ -122.22209, 37.84079 ], [ -122.22092, 37.8393 ], [ -122.22081, 37.84042 ], [ -122.21989, 37.8404 ], [ -122.21942, 37.83974 ], [ -122.21949, 37.83901 ], [ -122.21778, 37.83694 ], [ -122.21658, 37.83748 ], [ -122.21582, 37.8374 ], [ -122.21579, 37.83584 ], [ -122.2135, 37.83586 ], [ -122.21288, 37.83623 ], [ -122.21259, 37.83663 ], [ -122.21293, 37.83838 ], [ -122.21147, 37.83852 ], [ -122.21071, 37.8393 ], [ -122.2104, 37.83877 ], [ -122.21069, 37.83788 ], [ -122.20829, 37.83667 ], [ -122.20631, 37.83682 ], [ -122.20645, 37.83629 ], [ -122.20777, 37.83564 ], [ -122.20837, 37.83491 ], [ -122.20973, 37.83468 ], [ -122.20971, 37.83382 ], [ -122.20862, 37.83304 ], [ -122.20912, 37.83248 ], [ -122.20905, 37.83201 ], [ -122.21023, 37.8321 ], [ -122.2103, 37.83283 ], [ -122.21121, 37.83235 ], [ -122.20963, 37.8314 ], [ -122.21064, 37.82946 ], [ -122.21114, 37.82937 ], [ -122.21449, 37.83236 ], [ -122.21525, 37.83129 ], [ -122.21564, 37.8318 ], [ -122.21672, 37.8322 ], [ -122.21967, 37.83615 ], [ -122.22243, 37.83842 ], [ -122.22484, 37.84146 ], [ -122.22711, 37.84268 ], [ -122.22909, 37.84225 ], [ -122.22918, 37.84316 ], [ -122.23031, 37.84367 ], [ -122.23085, 37.84432 ], [ -122.23206, 37.84472 ], [ -122.23217, 37.84558 ], [ -122.2342, 37.84668 ], [ -122.23485, 37.84639 ], [ -122.2354, 37.84673 ], [ -122.23625, 37.84647 ], [ -122.23702, 37.84672 ], [ -122.23724, 37.84723 ], [ -122.23644, 37.84765 ], [ -122.23773, 37.84818 ], [ -122.23796, 37.84863 ], [ -122.23863, 37.84808 ], [ -122.2393, 37.84822 ], [ -122.24028, 37.84934 ], [ -122.23951, 37.84984 ] ] ] } },
{ "type": "Feature", "properties": { "kind": "label", "km": 1, "city": "Oakland", "people": 176 }, "geometry": { "type": "Point", "coordinates": [ -122.22232, 37.83966 ] } },
{ "type": "Feature", "properties": { "kind": "area", "km": 1, "city": "Oakland", "people": 68 }, "geometry": { "type": "Polygon", "coordinates": [ [ [ -122.20778, 37.72946 ], [ -122.20595, 37.73231 ], [ -122.20478, 37.73283 ], [ -122.20307, 37.73106 ], [ -122.20019, 37.72989 ], [ -122.20004, 37.72955 ], [ -122.20161, 37.72636 ], [ -122.20778, 37.72946 ] ] ] } },
{ "type": "Feature", "properties": { "kind": "label", "km": 1, "city": "Oakland", "people": 68 }, "geometry": { "type": "Point", "coordinates": [ -122.20391, 37.72955 ] } },
{ "type": "Feature", "properties": { "kind": "area", "km": 1, "city": "Oakland", "people": 15 }, "geometry": { "type": "Polygon", "coordinates": [ [ [ -122.20505, 37.7413 ], [ -122.20323, 37.74209 ], [ -122.19926, 37.73771 ], [ -122.20036, 37.7356 ], [ -122.20077, 37.73565 ], [ -122.20521, 37.74071 ], [ -122.20505, 37.7413 ] ] ] } },
{ "type": "Feature", "properties": { "kind": "label", "km": 1, "city": "Oakland", "people": 15 }, "geometry": { "type": "Point", "coordinates": [ -122.20182, 37.73867 ] } },
{ "type": "Feature", "properties": { "kind": "area", "km": 1, "city": "Oakland", "people": 10058 }, "geometry": { "type": "Polygon", "coordinates": [ [ [ -122.20105, 37.7471 ], [ -122.19751, 37.74943 ], [ -122.19701, 37.75091 ], [ -122.19644, 37.75106 ], [ -122.19573, 37.7505 ], [ -122.19262, 37.75254 ], [ -122.19333, 37.75324 ], [ -122.1952, 37.75221 ], [ -122.19564, 37.75286 ], [ -122.19497, 37.75353 ], [ -122.18876, 37.75778 ], [ -122.18838, 37.75777 ], [ -122.18712, 37.75927 ], [ -122.18633, 37.75905 ], [ -122.1823, 37.76163 ], [ -122.18268, 37.7623 ], [ -122.1804, 37.76376 ], [ -122.17845, 37.76204 ], [ -122.17453, 37.76413 ], [ -122.17259, 37.76233 ], [ -122.17178, 37.76241 ], [ -122.16901, 37.76363 ], [ -122.16835, 37.76276 ], [ -122.1695, 37.7621 ], [ -122.1693, 37.76183 ], [ -122.16808, 37.76234 ], [ -122.16752, 37.76172 ], [ -122.16683, 37.76197 ], [ -122.16631, 37.76138 ], [ -122.16525, 37.76114 ], [ -122.16431, 37.76159 ], [ -122.16523, 37.76268 ], [ -122.16431, 37.76327 ], [ -122.16231, 37.76236 ], [ -122.15892, 37.76183 ], [ -122.15531, 37.75938 ], [ -122.155, 37.75867 ], [ -122.15343, 37.75763 ], [ -122.15149, 37.75541 ], [ -122.15145, 37.75637 ], [ -122.15059, 37.75646 ], [ -122.15036, 37.75618 ], [ -122.14862, 37.75872 ], [ -122.14793, 37.75895 ], [ -122.14764, 37.75877 ], [ -122.1482, 37.75677 ], [ -122.15084, 37.75406 ], [ -122.15163, 37.75229 ], [ -122.15135, 37.75032 ], [ -122.14856, 37.74505 ], [ -122.14942, 37.7444 ], [ -122.15034, 37.74496 ], [ -122.15075, 37.74669 ], [ -122.15285, 37.75144 ], [ -122.15346, 37.75203 ], [ -122.15438, 37.75142 ], [ -122.15593, 37.75224 ], [ -122.1567, 37.75329 ], [ -122.15764, 37.75372 ], [ -122.1584, 37.75587 ], [ -122.16064, 37.75766 ], [ -122.16015, 37.75567 ], [ -122.16159, 37.75547 ], [ -122.16215, 37.75689 ], [ -122.16539, 37.75547 ], [ -122.16705, 37.75819 ], [ -122.17714, 37.75348 ], [ -122.17771, 37.75382 ], [ -122.18107, 37.75227 ], [ -122.18177, 37.75294 ], [ -122.18448, 37.75168 ], [ -122.18343, 37.75023 ], [ -122.18549, 37.74906 ], [ -122.18677, 37.75024 ], [ -122.1871, 37.75008 ], [ -122.18611, 37.74858 ], [ -122.19051, 37.74567 ], [ -122.1919, 37.74159 ], [ -122.19279, 37.74184 ], [ -122.19574, 37.74432 ], [ -122.19869, 37.74486 ], [ -122.20115, 37.74672 ], [ -122.20105, 37.7471 ] ] ] } },
{ "type": "Feature", "properties": { "kind": "label", "km": 1, "city": "Oakland", "people": 10058 }, "geometry": { "type": "Point", "coordinates": [ -122.18733, 37.75277 ] } },
{ "type": "Feature", "properties": { "kind": "area", "km": 1, "city": "Oakland", "people": 166 }, "geometry": { "type": "Polygon", "coordinates": [ [ [ -122.20612, 37.78072 ], [ -122.20438, 37.78266 ], [ -122.19639, 37.78677 ], [ -122.19494, 37.78618 ], [ -122.19506, 37.78571 ], [ -122.20016, 37.78258 ], [ -122.19721, 37.77996 ], [ -122.19802, 37.77916 ], [ -122.2005, 37.78112 ], [ -122.20176, 37.78026 ], [ -122.20245, 37.78069 ], [ -122.20446, 37.77934 ], [ -122.20612, 37.78072 ] ] ] } },
{ "type": "Feature", "properties": { "kind": "label", "km": 1, "city": "Oakland", "people": 166 }, "geometry": { "type": "Point", "coordinates": [ -122.20173, 37.78293 ] } },
{ "type": "Feature", "properties": { "kind": "area", "km": 1, "city": "Oakland", "people": 425 }, "geometry": { "type": "Polygon", "coordinates": [ [ [ -122.19278, 37.73021 ], [ -122.18867, 37.7318 ], [ -122.18695, 37.73282 ], [ -122.18643, 37.73219 ], [ -122.18663, 37.73088 ], [ -122.18473, 37.72869 ], [ -122.18342, 37.72941 ], [ -122.18359, 37.73001 ], [ -122.18301, 37.73028 ], [ -122.18206, 37.73024 ], [ -122.17949, 37.73436 ], [ -122.17827, 37.73363 ], [ -122.17728, 37.73425 ], [ -122.17003, 37.72772 ], [ -122.17061, 37.72747 ], [ -122.17151, 37.7277 ], [ -122.17254, 37.72663 ], [ -122.17417, 37.72645 ], [ -122.17514, 37.72523 ], [ -122.17572, 37.72502 ], [ -122.17918, 37.72496 ], [ -122.18031, 37.72552 ], [ -122.18246, 37.72515 ], [ -122.1832, 37.72534 ], [ -122.18401, 37.72627 ], [ -122.18433, 37.7259 ], [ -122.18477, 37.72601 ], [ -122.18666, 37.72743 ], [ -122.18838, 37.72822 ], [ -122.19224, 37.7294 ], [ -122.19289, 37.7299 ], [ -122.19278, 37.73021 ] ], [ [ -122.17795, 37.7326 ], [ -122.17901, 37.72789 ], [ -122.17785, 37.72776 ], [ -122.17771, 37.72863 ], [ -122.17733, 37.7289 ], [ -122.17518, 37.72885 ], [ -122.17496, 37.72863 ], [ -122.17529, 37.72666 ], [ -122.17466, 37.72722 ], [ -122.1732, 37.72736 ], [ -122.17211, 37.7284 ], [ -122.17457, 37.73056 ], [ -122.17481, 37.73032 ], [ -122.17547, 37.73047 ], [ -122.17795, 37.7326 ] ], [ [ -122.18061, 37.73029 ], [ -122.18072, 37.7297 ], [ -122.18046, 37.73022 ], [ -122.18061, 37.73029 ] ], [ [ -122.18843, 37.73 ], [ -122.18822, 37.72902 ], [ -122.18723, 37.7286 ], [ -122.18843, 37.73 ] ], [ [ -122.19003, 37.72957 ], [ -122.19017, 37.73 ], [ -122.19101, 37.72995 ], [ -122.19003, 37.72957 ] ] ] } },
{ "type": "Feature", "properties": { "kind": "label", "km": 1, "city": "Oakland", "people": 425 }, "geometry": { "type": "Point", "coordinates": [ -122.18107, 37.72964 ] } },
{ "type": "Feature", "properties": { "kind": "area", "km": 1, "city": "Pleasanton", "people": 9360 }, "geometry": { "type": "Polygon", "coordinates": [ [ [ -121.90899, 37.66649 ], [ -121.90645, 37.66198 ], [ -121.90149, 37.65694 ], [ -121.89909, 37.65801 ], [ -121.89709, 37.65852 ], [ -121.89309, 37.65847 ], [ -121.89207, 37.65582 ], [ -121.89242, 37.65468 ], [ -121.8934, 37.65357 ], [ -121.89009, 37.6518 ], [ -121.89088, 37.64972 ], [ -121.89223, 37.64802 ], [ -121.89131, 37.64709 ], [ -121.89193, 37.64518 ], [ -121.89323, 37.64388 ], [ -121.89419, 37.64204 ], [ -121.89497, 37.6417 ], [ -121.893, 37.6398 ], [ -121.8936, 37.63925 ], [ -121.89812, 37.64205 ], [ -121.89985, 37.64573 ], [ -121.90113, 37.64511 ], [ -121.90402, 37.64711 ], [ -121.9058, 37.6501 ], [ -121.9039, 37.65093 ], [ -121.90409, 37.6512 ], [ -121.90613, 37.65067 ], [ -121.91116, 37.6596 ], [ -121.91757, 37.66551 ], [ -121.91932, 37.66778 ], [ -121.91938, 37.66858 ], [ -121.91679, 37.66908 ], [ -121.91689, 37.66992 ], [ -121.914, 37.67065 ], [ -121.91375, 37.67279 ], [ -121.91449, 37.67465 ], [ -121.91647, 37.67693 ], [ -121.91978, 37.67588 ], [ -121.92013, 37.67598 ], [ -121.92024, 37.67668 ], [ -121.91766, 37.67753 ], [ -121.91772, 37.67804 ], [ -121.92005, 37.67836 ], [ -121.9204, 37.67898 ], [ -121.92169, 37.67921 ], [ -121.92281, 37.67994 ], [ -121.92178, 37.68115 ], [ -121.92059, 37.68178 ], [ -121.92186, 37.68443 ], [ -121.9211, 37.68469 ], [ -121.9223, 37.6865 ], [ -121.92195, 37.68715 ], [ -121.92345, 37.68833 ], [ -121.92419, 37.68814 ], [ -121.92552, 37.69046 ], [ -121.92343, 37.691 ], [ -121.92386, 37.69264 ], [ -121.92288, 37.69309 ], [ -121.92254, 37.69302 ], [ -121.92208, 37.69218 ], [ -121.92263, 37.69173 ], [ -121.92259, 37.69137 ], [ -121.92108, 37.6913 ], [ -121.92091, 37.6918 ], [ -121.92164, 37.69189 ], [ -121.92201, 37.69313 ], [ -121.92253, 37.69312 ], [ -121.92315, 37.69416 ], [ -121.92461, 37.69395 ], [ -121.92648, 37.69715 ], [ -121.92797, 37.69799 ], [ -121.92914, 37.69798 ], [ -121.93045, 37.69754 ], [ -121.93173, 37.69623 ], [ -121.9326, 37.69608 ], [ -121.93293, 37.69497 ], [ -121.93385, 37.69472 ], [ -121.93475, 37.69623 ], [ -121.93503, 37.69835 ], [ -121.92262, 37.70102 ], [ -121.91847, 37.69066 ], [ -121.91812, 37.69064 ], [ -121.92121, 37.69864 ], [ -121.92108, 37.69948 ], [ -121.92002, 37.70089 ], [ -121.92006, 37.70161 ], [ -121.9163, 37.70199 ], [ -121.90682, 37.7018 ], [ -121.90427, 37.69875 ], [ -121.90655, 37.69742 ], [ -121.90584, 37.69637 ], [ -121.90571, 37.69427 ], [ -121.90521, 37.69295 ], [ -121.90593, 37.69217 ], [ -121.90885, 37.69177 ], [ -121.90886, 37.69148 ], [ -121.90876, 37.69104 ], [ -121.9056, 37.69161 ], [ -121.90353, 37.69149 ], [ -121.90374, 37.68189 ], [ -121.90511, 37.68135 ], [ -121.90698, 37.67947 ], [ -121.91034, 37.67839 ], [ -121.91343, 37.67782 ], [ -121.91106, 37.67176 ], [ -121.9107, 37.67185 ], [ -121.91265, 37.6768 ], [ -121.91224, 37.67757 ], [ -121.90366, 37.68044 ], [ -121.90235, 37.67945 ], [ -121.90118, 37.68055 ], [ -121.89939, 37.68102 ], [ -121.89789, 37.67994 ], [ -121.8997, 37.67775 ], [ -121.89545, 37.67514 ], [ -121.89447, 37.67612 ], [ -121.8944, 37.67677 ], [ -121.89318, 37.67675 ], [ -121.89317, 37.67586 ], [ -121.89371, 37.67567 ], [ -121.89454, 37.67458 ], [ -121.89011, 37.67194 ], [ -121.89128, 37.67046 ], [ -121.89072, 37.67002 ], [ -121.8912, 37.66938 ], [ -121.89102, 37.66885 ], [ -121.88974, 37.66842 ], [ -121.88853, 37.66932 ], [ -121.88652, 37.66805 ], [ -121.88546, 37.66892 ], [ -121.88367, 37.66774 ], [ -121.88282, 37.6667 ], [ -121.88402, 37.66588 ], [ -121.88478, 37.66658 ], [ -121.8858, 37.66644 ], [ -121.88589, 37.6656 ], [ -121.88699, 37.66553 ], [ -121.88728, 37.66659 ], [ -121.88845, 37.66675 ], [ -121.88846, 37.66598 ], [ -121.8876, 37.66596 ], [ -121.8873, 37.66566 ], [ -121.88732, 37.66353 ], [ -121.88763, 37.66318 ], [ -121.89488, 37.66316 ], [ -121.89724, 37.66278 ], [ -121.89741, 37.66482 ], [ -121.90606, 37.66174 ], [ -121.90741, 37.66382 ], [ -121.90921, 37.66798 ], [ -121.90957, 37.66795 ], [ -121.90899, 37.66649 ] ], [ [ -121.90153, 37.65654 ], [ -121.90375, 37.65569 ], [ -121.90336, 37.65533 ], [ -121.9013, 37.65492 ], [ -121.90047, 37.65405 ], [ -121.89931, 37.65344 ], [ -121.89716, 37.65102 ], [ -121.89835, 37.65007 ], [ -121.89773, 37.64934 ], [ -121.89611, 37.65021 ], [ -121.89354, 37.64732 ], [ -121.89278, 37.64816 ], [ -121.90153, 37.65654 ] ], [ [ -121.90793, 37.69938 ], [ -121.9099, 37.69914 ], [ -121.90958, 37.69755 ], [ -121.90726, 37.69755 ], [ -121.90793, 37.69938 ] ], [ [ -121.92059, 37.68972 ], [ -121.92044, 37.69 ], [ -121.92133, 37.69016 ], [ -121.92059, 37.68972 ] ], [ [ -121.91923, 37.68939 ], [ -121.91942, 37.68918 ], [ -121.91906, 37.68906 ], [ -121.91923, 37.68939 ] ], [ [ -121.9186, 37.68793 ], [ -121.91883, 37.68791 ], [ -121.91879, 37.68785 ], [ -121.9186, 37.68793 ] ], [ [ -121.90463, 37.6677 ], [ -121.90486, 37.66737 ], [ -121.90424, 37.66607 ], [ -121.90291, 37.66631 ], [ -121.90346, 37.66763 ], [ -121.90463, 37.6677 ] ], [ [ -121.90318, 37.67824 ], [ -121.90944, 37.67702 ], [ -121.91012, 37.67576 ], [ -121.90931, 37.674 ], [ -121.90793, 37.67381 ], [ -121.90174, 37.67636 ], [ -121.90144, 37.67664 ], [ -121.90318, 37.67824 ] ], [ [ -121.90413, 37.67031 ], [ -121.90303, 37.67015 ], [ -121.90196, 37.67046 ], [ -121.90212, 37.67185 ], [ -121.90352, 37.67204 ], [ -121.90479, 37.67163 ], [ -121.90413, 37.67031 ] ], [ [ -121.90548, 37.67268 ], [ -121.90542, 37.67331 ], [ -121.90567, 37.6732 ], [ -121.90548, 37.67268 ] ], [ [ -121.90718, 37.67053 ], [ -121.90619, 37.67136 ], [ -121.90633, 37.67163 ], [ -121.90703, 37.67123 ], [ -121.90718, 37.67053 ] ], [ [ -121.9039, 37.67323 ], [ -121.9039, 37.67393 ], [ -121.90415, 37.67383 ], [ -121.9039, 37.67323 ] ], [ [ -121.89564, 37.65581 ], [ -121.89551, 37.65605 ], [ -121.89579, 37.65616 ], [ -121.89589, 37.65612 ], [ -121.89564, 37.65581 ] ], [ [ -121.89454, 37.65734 ], [ -121.89521, 37.65759 ], [ -121.89564, 37.65764 ], [ -121.89563, 37.65733 ], [ -121.89484, 37.6571 ], [ -121.89454, 37.65734 ] ], [ [ -121.89647, 37.65432 ], [ -121.89688, 37.65424 ], [ -121.89655, 37.65391 ], [ -121.89627, 37.65406 ], [ -121.89647, 37.65432 ] ], [ [ -121.89323, 37.67173 ], [ -121.8924, 37.67121 ], [ -121.89156, 37.67202 ], [ -121.89245, 37.67258 ], [ -121.89323, 37.67173 ] ] ] } },
{ "type": "Feature", "properties": { "kind": "label", "km": 1, "city": "Pleasanton", "people": 9360 }, "geometry": { "type": "Point", "coordinates": [ -121.89648, 37.67075 ] } },
{ "type": "Feature", "properties": { "kind": "area", "km": 1, "city": "Pleasanton", "people": 1251 }, "geometry": { "type": "Polygon", "coordinates": [ [ [ -121.89243, 37.69607 ], [ -121.8939, 37.69495 ], [ -121.89589, 37.69568 ], [ -121.89835, 37.69575 ], [ -121.89842, 37.69981 ], [ -121.90162, 37.6998 ], [ -121.90305, 37.6993 ], [ -121.90352, 37.6998 ], [ -121.90354, 37.70092 ], [ -121.9044, 37.70112 ], [ -121.90459, 37.70166 ], [ -121.87856, 37.70147 ], [ -121.87843, 37.6966 ], [ -121.88065, 37.69646 ], [ -121.88001, 37.69605 ], [ -121.87989, 37.69558 ], [ -121.88314, 37.69266 ], [ -121.88418, 37.69338 ], [ -121.88685, 37.69002 ], [ -121.88955, 37.69181 ], [ -121.88853, 37.69283 ], [ -121.8891, 37.69331 ], [ -121.89022, 37.69358 ], [ -121.88928, 37.69473 ], [ -121.8899, 37.69433 ], [ -121.89032, 37.69441 ], [ -121.89066, 37.6949 ], [ -121.89026, 37.69546 ], [ -121.89089, 37.69492 ], [ -121.89056, 37.69422 ], [ -121.89173, 37.69379 ], [ -121.89301, 37.69519 ], [ -121.89284, 37.69563 ], [ -121.89215, 37.69595 ], [ -121.89243, 37.69607 ] ], [ [ -121.88662, 37.696 ], [ -121.88429, 37.69401 ], [ -121.87955, 37.69886 ], [ -121.87928, 37.70081 ], [ -121.88283, 37.70082 ], [ -121.88389, 37.70035 ], [ -121.885, 37.69752 ], [ -121.88662, 37.696 ] ], [ [ -121.88741, 37.69336 ], [ -121.88793, 37.693 ], [ -121.88787, 37.69295 ], [ -121.88741, 37.69336 ] ], [ [ -121.89168, 37.69595 ], [ -121.89192, 37.69591 ], [ -121.89196, 37.6959 ], [ -121.89186, 37.69581 ], [ -121.89168, 37.69595 ] ], [ [ -121.88898, 37.69348 ], [ -121.8884, 37.69408 ], [ -121.88885, 37.6937 ], [ -121.88898, 37.69348 ] ], [ [ -121.88644, 37.69265 ], [ -121.88695, 37.69226 ], [ -121.88683, 37.69216 ], [ -121.88644, 37.69265 ] ] ] } },
{ "type": "Feature", "properties": { "kind": "label", "km": 1, "city": "Pleasanton", "people": 1251 }, "geometry": { "type": "Point", "coordinates": [ -121.89554, 37.69587 ] } },
{ "type": "Feature", "properties": { "kind": "area", "km": 1, "city": "Pleasanton", "people": 145 }, "geometry": { "type": "Polygon", "coordinates": [ [ [ -121.8701, 37.66311 ], [ -121.86557, 37.66752 ], [ -121.86232, 37.66929 ], [ -121.8607, 37.66796 ], [ -121.86081, 37.66648 ], [ -121.85972, 37.66681 ], [ -121.85797, 37.66679 ], [ -121.85679, 37.66722 ], [ -121.85559, 37.66493 ], [ -121.85581, 37.66459 ], [ -121.85663, 37.66459 ], [ -121.85691, 37.66544 ], [ -121.85962, 37.66536 ], [ -121.85978, 37.66387 ], [ -121.86483, 37.66391 ], [ -121.86455, 37.66323 ], [ -121.86479, 37.66279 ], [ -121.86984, 37.66291 ], [ -121.8701, 37.66311 ] ], [ [ -121.86048, 37.66488 ], [ -121.86047, 37.66485 ], [ -121.86047, 37.66488 ], [ -121.86048, 37.66488 ] ] ] } },
{ "type": "Feature", "properties": { "kind": "label", "km": 1, "city": "Pleasanton", "people": 145 }, "geometry": { "type": "Point", "coordinates": [ -121.86163, 37.66604 ] } },
{ "type": "Feature", "properties": { "kind": "area", "km": 1, "city": "Pleasanton", "people": 5052 }, "geometry": { "type": "Polygon", "coordinates": [ [ [ -121.87949, 37.68963 ], [ -121.8792, 37.68883 ], [ -121.88, 37.68856 ], [ -121.88172, 37.68977 ], [ -121.88136, 37.69079 ], [ -121.88086, 37.69109 ], [ -121.88123, 37.69188 ], [ -121.88034, 37.69219 ], [ -121.87866, 37.69219 ], [ -121.87867, 37.69385 ], [ -121.87817, 37.69483 ], [ -121.87325, 37.69807 ], [ -121.87209, 37.70041 ], [ -121.86837, 37.70042 ], [ -121.86814, 37.69948 ], [ -121.86314, 37.69951 ], [ -121.86321, 37.70066 ], [ -121.86526, 37.70077 ], [ -121.86534, 37.70143 ], [ -121.85147, 37.70135 ], [ -121.84918, 37.70128 ], [ -121.84824, 37.70009 ], [ -121.84799, 37.69525 ], [ -121.84868, 37.69487 ], [ -121.84903, 37.69366 ], [ -121.86418, 37.69372 ], [ -121.87597, 37.68927 ], [ -121.87796, 37.68873 ], [ -121.87851, 37.68984 ], [ -121.87949, 37.68963 ] ], [ [ -121.85845, 37.69512 ], [ -121.85799, 37.69487 ], [ -121.85637, 37.69486 ], [ -121.85635, 37.69664 ], [ -121.85819, 37.69655 ], [ -121.85825, 37.6957 ], [ -121.85907, 37.69526 ], [ -121.85907, 37.69491 ], [ -121.85845, 37.69512 ] ], [ [ -121.85823, 37.7001 ], [ -121.85822, 37.70035 ], [ -121.85901, 37.70036 ], [ -121.85901, 37.70015 ], [ -121.85823, 37.7001 ] ] ] } },
{ "type": "Feature", "properties": { "kind": "label", "km": 1, "city": "Pleasanton", "people": 5052 }, "geometry": { "type": "Point", "coordinates": [ -121.86859, 37.69505 ] } },
{ "type": "Feature", "properties": { "kind": "area", "km": 1, "city": "San Leandro", "people": 3273 }, "geometry": { "type": "Polygon", "coordinates": [ [ [ -122.17347, 37.69509 ], [ -122.17284, 37.69076 ], [ -122.18449, 37.69079 ], [ -122.18582, 37.69005 ], [ -122.18704, 37.68986 ], [ -122.18913, 37.69098 ], [ -122.19031, 37.69304 ], [ -122.19163, 37.69364 ], [ -122.192, 37.69425 ], [ -122.19159, 37.6947 ], [ -122.19044, 37.69504 ], [ -122.18939, 37.69492 ], [ -122.18934, 37.694 ], [ -122.18811, 37.69176 ], [ -122.18672, 37.69105 ], [ -122.18582, 37.69153 ], [ -122.18783, 37.69373 ], [ -122.18815, 37.69448 ], [ -122.18783, 37.69522 ], [ -122.1871, 37.69564 ], [ -122.18886, 37.69506 ], [ -122.18973, 37.69576 ], [ -122.19145, 37.69514 ], [ -122.19253, 37.69547 ], [ -122.19217, 37.69604 ], [ -122.18933, 37.69679 ], [ -122.18966, 37.69815 ], [ -122.19264, 37.69789 ], [ -122.19318, 37.69756 ], [ -122.19316, 37.6963 ], [ -122.1927, 37.6954 ], [ -122.1929, 37.69464 ], [ -122.19342, 37.6946 ], [ -122.19443, 37.6954 ], [ -122.1944, 37.69872 ], [ -122.19136, 37.69917 ], [ -122.19133, 37.70048 ], [ -122.19009, 37.70094 ], [ -122.19085, 37.70454 ], [ -122.19099, 37.70412 ], [ -122.19169, 37.70376 ], [ -122.19491, 37.70286 ], [ -122.1971, 37.70292 ], [ -122.19956, 37.70371 ], [ -122.20125, 37.705 ], [ -122.20227, 37.70655 ], [ -122.20253, 37.70847 ], [ -122.20187, 37.71073 ], [ -122.20235, 37.71168 ], [ -122.20334, 37.71156 ], [ -122.20369, 37.71188 ], [ -122.20344, 37.7122 ], [ -122.19644, 37.7138 ], [ -122.19636, 37.71424 ], [ -122.19815, 37.71406 ], [ -122.19716, 37.71582 ], [ -122.19658, 37.71515 ], [ -122.19345, 37.71458 ], [ -122.18736, 37.71637 ], [ -122.1944, 37.72194 ], [ -122.19435, 37.72228 ], [ -122.18664, 37.71818 ], [ -122.18495, 37.71696 ], [ -122.18503, 37.71663 ], [ -122.1867, 37.71619 ], [ -122.184, 37.71091 ], [ -122.18889, 37.70873 ], [ -122.18375, 37.70096 ], [ -122.17865, 37.70289 ], [ -122.17649, 37.69958 ], [ -122.17737, 37.69901 ], [ -122.17616, 37.69913 ], [ -122.17347, 37.69509 ] ] ] } },
{ "type": "Feature", "properties": { "kind": "label", "km": 1, "city": "San Leandro", "people": 3273 }, "geometry": { "type": "Point", "coordinates": [ -122.19458, 37.70603 ] } },
{ "type": "Feature", "properties": { "kind": "area", "km": 1, "city": "San Leandro", "people": 183 }, "geometry": { "type": "Polygon", "coordinates": [ [ [ -122.18256, 37.72564 ], [ -122.18032, 37.72597 ], [ -122.17911, 37.72541 ], [ -122.17558, 37.72551 ], [ -122.1745, 37.72684 ], [ -122.17288, 37.72701 ], [ -122.17219, 37.72781 ], [ -122.17126, 37.72823 ], [ -122.1745, 37.73125 ], [ -122.17067, 37.73205 ], [ -122.1638, 37.72623 ], [ -122.16407, 37.7259 ], [ -122.16559, 37.72637 ], [ -122.16344, 37.72301 ], [ -122.16483, 37.72235 ], [ -122.16701, 37.72182 ], [ -122.16866, 37.72423 ], [ -122.16798, 37.72457 ], [ -122.16818, 37.72488 ], [ -122.17123, 37.72439 ], [ -122.16956, 37.72447 ], [ -122.16787, 37.72175 ], [ -122.17056, 37.72095 ], [ -122.17117, 37.72187 ], [ -122.17047, 37.72224 ], [ -122.17102, 37.72309 ], [ -122.1717, 37.72293 ], [ -122.17229, 37.72315 ], [ -122.17312, 37.72614 ], [ -122.17386, 37.72607 ], [ -122.17484, 37.72491 ], [ -122.17585, 37.72465 ], [ -122.17463, 37.72024 ], [ -122.17366, 37.72049 ], [ -122.17341, 37.7202 ], [ -122.17464, 37.7195 ], [ -122.17676, 37.71899 ], [ -122.17965, 37.72177 ], [ -122.18536, 37.72095 ], [ -122.18585, 37.72342 ], [ -122.18507, 37.72566 ], [ -122.1844, 37.72634 ], [ -122.18256, 37.72564 ] ], [ [ -122.17054, 37.72709 ], [ -122.17116, 37.72744 ], [ -122.17184, 37.72657 ], [ -122.17054, 37.72709 ] ], [ [ -122.17847, 37.72457 ], [ -122.1776, 37.72133 ], [ -122.1767, 37.72045 ], [ -122.17621, 37.72049 ], [ -122.1773, 37.7246 ], [ -122.17847, 37.72457 ] ], [ [ -122.18097, 37.72419 ], [ -122.18028, 37.72424 ], [ -122.17956, 37.72319 ], [ -122.18032, 37.72515 ], [ -122.18152, 37.72479 ], [ -122.18097, 37.72419 ] ], [ [ -122.18451, 37.72317 ], [ -122.18351, 37.72196 ], [ -122.18151, 37.72228 ], [ -122.18396, 37.725 ], [ -122.18451, 37.72317 ] ], [ [ -122.16845, 37.72811 ], [ -122.16744, 37.72697 ], [ -122.16651, 37.72781 ], [ -122.16761, 37.72873 ], [ -122.16845, 37.72811 ] ], [ [ -122.17234, 37.73076 ], [ -122.1699, 37.72861 ], [ -122.16971, 37.72904 ], [ -122.16907, 37.72903 ], [ -122.16856, 37.72941 ], [ -122.17031, 37.73098 ], [ -122.17071, 37.73031 ], [ -122.17166, 37.73089 ], [ -122.17234, 37.73076 ] ] ] } },
{ "type": "Feature", "properties": { "kind": "label", "km": 1, "city": "San Leandro", "people": 183 }, "geometry": { "type": "Point", "coordinates": [ -122.16905, 37.7256 ] } },
{ "type": "Feature", "properties": { "kind": "area", "km": 1, "city": "San Leandro", "people": 6055 }, "geometry": { "type": "Polygon", "coordinates": [ [ [ -122.16301, 37.67067 ], [ -122.15514, 37.67522 ], [ -122.15865, 37.67897 ], [ -122.15851, 37.67935 ], [ -122.15573, 37.68001 ], [ -122.15535, 37.67711 ], [ -122.15439, 37.67736 ], [ -122.15379, 37.67656 ], [ -122.14591, 37.68017 ], [ -122.14657, 37.68126 ], [ -122.14574, 37.68174 ], [ -122.14527, 37.68167 ], [ -122.14462, 37.6822 ], [ -122.1453, 37.68303 ], [ -122.14597, 37.68273 ], [ -122.14638, 37.68309 ], [ -122.15044, 37.68117 ], [ -122.15153, 37.68407 ], [ -122.15134, 37.68632 ], [ -122.15059, 37.68656 ], [ -122.15066, 37.68905 ], [ -122.14926, 37.6892 ], [ -122.14831, 37.68891 ], [ -122.1484, 37.69113 ], [ -122.15067, 37.69113 ], [ -122.15132, 37.69248 ], [ -122.15211, 37.6926 ], [ -122.15216, 37.69343 ], [ -122.1482, 37.69366 ], [ -122.14818, 37.69553 ], [ -122.14673, 37.69568 ], [ -122.14897, 37.69724 ], [ -122.15039, 37.69605 ], [ -122.15051, 37.69518 ], [ -122.15214, 37.69518 ], [ -122.15182, 37.69597 ], [ -122.15366, 37.69735 ], [ -122.15174, 37.69916 ], [ -122.15194, 37.6993 ], [ -122.15449, 37.69703 ], [ -122.15604, 37.69795 ], [ -122.157, 37.69796 ], [ -122.15668, 37.69504 ], [ -122.15749, 37.69496 ], [ -122.15765, 37.69432 ], [ -122.16032, 37.69426 ], [ -122.1607, 37.69586 ], [ -122.15825, 37.69617 ], [ -122.15865, 37.69874 ], [ -122.15732, 37.69947 ], [ -122.159, 37.70204 ], [ -122.16466, 37.69968 ], [ -122.16349, 37.69789 ], [ -122.16371, 37.69731 ], [ -122.16231, 37.69504 ], [ -122.16208, 37.69278 ], [ -122.16235, 37.69246 ], [ -122.16321, 37.6923 ], [ -122.16375, 37.69497 ], [ -122.16604, 37.69862 ], [ -122.16608, 37.701 ], [ -122.16775, 37.70383 ], [ -122.15925, 37.70738 ], [ -122.15823, 37.70616 ], [ -122.15599, 37.7046 ], [ -122.15224, 37.70594 ], [ -122.15034, 37.70349 ], [ -122.14983, 37.70245 ], [ -122.15029, 37.7021 ], [ -122.14739, 37.70008 ], [ -122.14661, 37.69914 ], [ -122.14763, 37.69843 ], [ -122.14566, 37.69709 ], [ -122.14498, 37.69751 ], [ -122.14348, 37.69649 ], [ -122.14351, 37.69828 ], [ -122.14323, 37.69847 ], [ -122.14051, 37.69844 ], [ -122.14035, 37.69654 ], [ -122.13946, 37.69676 ], [ -122.13951, 37.69887 ], [ -122.14123, 37.70166 ], [ -122.14108, 37.70197 ], [ -122.1377, 37.70193 ], [ -122.13756, 37.70038 ], [ -122.13712, 37.70017 ], [ -122.1339, 37.7001 ], [ -122.13406, 37.70105 ], [ -122.13603, 37.70116 ], [ -122.13588, 37.70196 ], [ -122.13261, 37.70206 ], [ -122.13195, 37.70141 ], [ -122.12984, 37.70133 ], [ -122.12972, 37.69227 ], [ -122.13165, 37.69207 ], [ -122.13191, 37.69106 ], [ -122.13496, 37.69046 ], [ -122.13698, 37.69108 ], [ -122.13781, 37.69171 ], [ -122.13797, 37.69224 ], [ -122.13868, 37.69208 ], [ -122.13861, 37.69153 ], [ -122.13896, 37.69137 ], [ -122.14104, 37.69277 ], [ -122.13833, 37.69075 ], [ -122.13704, 37.69024 ], [ -122.13202, 37.68679 ], [ -122.13198, 37.6865 ], [ -122.13237, 37.6864 ], [ -122.12993, 37.6849 ], [ -122.12977, 37.68431 ], [ -122.13036, 37.68431 ], [ -122.13175, 37.68496 ], [ -122.13408, 37.68422 ], [ -122.13691, 37.68427 ], [ -122.13834, 37.68464 ], [ -122.14038, 37.68401 ], [ -122.14172, 37.68258 ], [ -122.14359, 37.68156 ], [ -122.144, 37.68034 ], [ -122.1448, 37.67955 ], [ -122.15451, 37.675 ], [ -122.15425, 37.67453 ], [ -122.15526, 37.6739 ], [ -122.15479, 37.67108 ], [ -122.15651, 37.6699 ], [ -122.16176, 37.66753 ], [ -122.16284, 37.66962 ], [ -122.16301, 37.67067 ] ], [ [ -122.15719, 37.67878 ], [ -122.15673, 37.67829 ], [ -122.15674, 37.67893 ], [ -122.15719, 37.67878 ] ], [ [ -122.15559, 37.69981 ], [ -122.15431, 37.70092 ], [ -122.1545, 37.70106 ], [ -122.1559, 37.69992 ], [ -122.15559, 37.69981 ] ], [ [ -122.15301, 37.70002 ], [ -122.1532, 37.70015 ], [ -122.15485, 37.69865 ], [ -122.15466, 37.69851 ], [ -122.15301, 37.70002 ] ], [ [ -122.15155, 37.7027 ], [ -122.15167, 37.70289 ], [ -122.15308, 37.7023 ], [ -122.15284, 37.70214 ], [ -122.15155, 37.7027 ] ], [ [ -122.15702, 37.70085 ], [ -122.15611, 37.70129 ], [ -122.15556, 37.70179 ], [ -122.15575, 37.70192 ], [ -122.15719, 37.70112 ], [ -122.15702, 37.70085 ] ], [ [ -122.1578, 37.70203 ], [ -122.15681, 37.70265 ], [ -122.15701, 37.70279 ], [ -122.15798, 37.7023 ], [ -122.1578, 37.70203 ] ], [ [ -122.14345, 37.68281 ], [ -122.1432, 37.6829 ], [ -122.14378, 37.68379 ], [ -122.14408, 37.68364 ], [ -122.14345, 37.68281 ] ], [ [ -122.13901, 37.6963 ], [ -122.13899, 37.6954 ], [ -122.13435, 37.69545 ], [ -122.13656, 37.69733 ], [ -122.13738, 37.69732 ], [ -122.13716, 37.69632 ], [ -122.13901, 37.6963 ] ], [ [ -122.13136, 37.69898 ], [ -122.13382, 37.69898 ], [ -122.13598, 37.69899 ], [ -122.1357, 37.69875 ], [ -122.13117, 37.69878 ], [ -122.13136, 37.69898 ] ] ] } },
{ "type": "Feature", "properties": { "kind": "label", "km": 1, "city": "San Leandro", "people": 6055 }, "geometry": { "type": "Point", "coordinates": [ -122.14231, 37.68798 ] } },
{ "type": "Feature", "properties": { "kind": "area", "km": 1, "city": "San Leandro", "people": 1 }, "geometry": { "type": "Polygon", "coordinates": [ [ [ -122.16201, 37.69866 ], [ -122.1612, 37.69752 ], [ -122.16105, 37.69636 ], [ -122.16218, 37.69609 ], [ -122.16319, 37.69817 ], [ -122.16201, 37.69866 ] ] ] } },
{ "type": "Feature", "properties": { "kind": "label", "km": 1, "city": "San Leandro", "people": 1 }, "geometry": { "type": "Point", "coordinates": [ -122.1619, 37.69728 ] } },
{ "type": "Feature", "properties": { "kind": "area", "km": 1, "city": "San Leandro", "people": 9 }, "geometry": { "type": "Polygon", "coordinates": [ [ [ -122.14993, 37.73164 ], [ -122.1476, 37.73229 ], [ -122.14453, 37.73211 ], [ -122.1422, 37.73235 ], [ -122.14191, 37.73301 ], [ -122.14107, 37.733 ], [ -122.14079, 37.73449 ], [ -122.1402, 37.73468 ], [ -122.13897, 37.73096 ], [ -122.13931, 37.73074 ], [ -122.14182, 37.7314 ], [ -122.14563, 37.73104 ], [ -122.14788, 37.73113 ], [ -122.14802, 37.72941 ], [ -122.14876, 37.72891 ], [ -122.14993, 37.73164 ] ] ] } },
{ "type": "Feature", "properties": { "kind": "label", "km": 1, "city": "San Leandro", "people": 9 }, "geometry": { "type": "Point", "coordinates": [ -122.1444, 37.73185 ] } },
{ "type": "Feature", "properties": { "kind": "area", "km": 1, "city": "San Lorenzo", "people": 4850 }, "geometry": { "type": "Polygon", "coordinates": [ [ [ -122.16191, 37.6679 ], [ -122.15805, 37.66993 ], [ -122.15763, 37.66982 ], [ -122.15662, 37.6703 ], [ -122.15263, 37.67252 ], [ -122.15495, 37.67529 ], [ -122.14515, 37.6799 ], [ -122.14453, 37.68051 ], [ -122.14401, 37.68187 ], [ -122.14212, 37.6829 ], [ -122.14088, 37.68428 ], [ -122.1383, 37.68509 ], [ -122.13607, 37.68466 ], [ -122.13531, 37.68391 ], [ -122.1344, 37.68404 ], [ -122.13303, 37.68188 ], [ -122.1337, 37.68145 ], [ -122.13313, 37.68028 ], [ -122.13409, 37.67956 ], [ -122.13424, 37.6791 ], [ -122.13326, 37.67713 ], [ -122.13522, 37.67645 ], [ -122.13709, 37.67933 ], [ -122.13963, 37.67831 ], [ -122.13737, 37.67471 ], [ -122.13976, 37.67358 ], [ -122.13931, 37.67291 ], [ -122.13989, 37.67251 ], [ -122.13893, 37.67102 ], [ -122.13952, 37.67076 ], [ -122.14088, 37.67097 ], [ -122.14093, 37.67175 ], [ -122.14184, 37.67299 ], [ -122.14323, 37.67233 ], [ -122.14293, 37.67173 ], [ -122.14385, 37.67121 ], [ -122.13766, 37.67023 ], [ -122.13776, 37.66976 ], [ -122.1389, 37.66919 ], [ -122.13861, 37.66701 ], [ -122.13779, 37.66695 ], [ -122.13759, 37.66525 ], [ -122.13681, 37.66523 ], [ -122.13667, 37.66462 ], [ -122.13474, 37.6646 ], [ -122.13469, 37.66297 ], [ -122.13935, 37.66264 ], [ -122.14393, 37.66325 ], [ -122.14599, 37.66537 ], [ -122.14922, 37.66384 ], [ -122.1495, 37.66332 ], [ -122.15079, 37.66257 ], [ -122.15254, 37.66373 ], [ -122.16067, 37.66361 ], [ -122.1616, 37.66537 ], [ -122.16139, 37.66571 ], [ -122.16191, 37.6679 ] ], [ [ -122.15191, 37.66725 ], [ -122.15105, 37.66718 ], [ -122.15038, 37.66752 ], [ -122.15156, 37.66878 ], [ -122.15281, 37.66804 ], [ -122.15191, 37.66725 ] ] ] } },
{ "type": "Feature", "properties": { "kind": "label", "km": 1, "city": "San Lorenzo", "people": 4850 }, "geometry": { "type": "Point", "coordinates": [ -122.14624, 37.67387 ] } },
{ "type": "Feature", "properties": { "kind": "area", "km": 1, "city": "San Lorenzo", "people": 186 }, "geometry": { "type": "Polygon", "coordinates": [ [ [ -122.10971, 37.66618 ], [ -122.11802, 37.66544 ], [ -122.11895, 37.66683 ], [ -122.11193, 37.66967 ], [ -122.10971, 37.66618 ] ] ] } },
{ "type": "Feature", "properties": { "kind": "label", "km": 1, "city": "San Lorenzo", "people": 186 }, "geometry": { "type": "Point", "coordinates": [ -122.11399, 37.66759 ] } },
{ "type": "Feature", "properties": { "kind": "area", "km": 1, "city": "San Lorenzo", "people": 126 }, "geometry": { "type": "Polygon", "coordinates": [ [ [ -122.12005, 37.68382 ], [ -122.11939, 37.68429 ], [ -122.11645, 37.68442 ], [ -122.11494, 37.68251 ], [ -122.11607, 37.68156 ], [ -122.1148, 37.68058 ], [ -122.11397, 37.6811 ], [ -122.11361, 37.68103 ], [ -122.11188, 37.67914 ], [ -122.11286, 37.67822 ], [ -122.11039, 37.67606 ], [ -122.1104, 37.67574 ], [ -122.11098, 37.67563 ], [ -122.12005, 37.68382 ] ] ] } },
{ "type": "Feature", "properties": { "kind": "label", "km": 1, "city": "San Lorenzo", "people": 126 }, "geometry": { "type": "Point", "coordinates": [ -122.11457, 37.68027 ] } },
{ "type": "Feature", "properties": { "kind": "area", "km": 1, "city": "Sunol", "people": 57 }, "geometry": { "type": "Polygon", "coordinates": [ [ [ -121.88742, 37.59383 ], [ -121.88599, 37.59539 ], [ -121.88631, 37.59561 ], [ -121.88813, 37.59435 ], [ -121.89143, 37.59376 ], [ -121.89286, 37.59398 ], [ -121.89299, 37.59589 ], [ -121.89389, 37.59586 ], [ -121.89416, 37.59401 ], [ -121.89604, 37.59418 ], [ -121.89627, 37.59495 ], [ -121.8983, 37.59538 ], [ -121.89832, 37.59583 ], [ -121.8974, 37.59616 ], [ -121.89717, 37.59666 ], [ -121.89609, 37.59729 ], [ -121.89724, 37.59736 ], [ -121.89713, 37.59788 ], [ -121.89763, 37.59824 ], [ -121.89922, 37.59817 ], [ -121.89972, 37.59893 ], [ -121.90259, 37.60031 ], [ -121.90289, 37.60073 ], [ -121.90252, 37.60125 ], [ -121.90359, 37.60198 ], [ -121.9046, 37.60212 ], [ -121.90474, 37.60365 ], [ -121.90593, 37.60522 ], [ -121.90867, 37.60656 ], [ -121.90916, 37.6079 ], [ -121.91165, 37.60893 ], [ -121.91373, 37.61275 ], [ -121.91531, 37.6139 ], [ -121.91739, 37.61477 ], [ -121.91848, 37.61576 ], [ -121.92061, 37.61672 ], [ -121.92143, 37.61831 ], [ -121.92221, 37.61888 ], [ -121.92298, 37.61868 ], [ -121.92413, 37.61931 ], [ -121.92351, 37.62182 ], [ -121.90868, 37.62206 ], [ -121.90845, 37.62252 ], [ -121.90889, 37.62356 ], [ -121.91173, 37.62581 ], [ -121.91272, 37.62798 ], [ -121.91416, 37.6287 ], [ -121.91498, 37.63001 ], [ -121.91471, 37.63063 ], [ -121.91571, 37.63292 ], [ -121.9167, 37.63349 ], [ -121.91657, 37.63389 ], [ -121.91771, 37.63405 ], [ -121.91908, 37.63489 ], [ -121.91955, 37.63558 ], [ -121.92035, 37.63575 ], [ -121.92034, 37.6362 ], [ -121.91596, 37.63617 ], [ -121.91593, 37.63549 ], [ -121.91289, 37.63228 ], [ -121.91269, 37.63159 ], [ -121.91345, 37.63089 ], [ -121.91348, 37.63011 ], [ -121.91303, 37.62928 ], [ -121.91175, 37.62866 ], [ -121.91034, 37.62622 ], [ -121.90882, 37.6245 ], [ -121.90685, 37.62421 ], [ -121.90658, 37.62323 ], [ -121.90553, 37.6228 ], [ -121.90528, 37.62208 ], [ -121.90301, 37.6221 ], [ -121.90744, 37.62547 ], [ -121.90973, 37.62608 ], [ -121.91094, 37.63225 ], [ -121.91224, 37.63235 ], [ -121.91254, 37.6328 ], [ -121.90552, 37.63262 ], [ -121.9053, 37.62986 ], [ -121.9038, 37.62864 ], [ -121.90298, 37.6285 ], [ -121.9018, 37.62738 ], [ -121.90119, 37.62573 ], [ -121.88615, 37.62893 ], [ -121.88858, 37.63238 ], [ -121.8914, 37.63736 ], [ -121.88867, 37.63835 ], [ -121.88643, 37.63878 ], [ -121.88647, 37.63736 ], [ -121.88578, 37.63722 ], [ -121.88549, 37.63482 ], [ -121.88279, 37.63144 ], [ -121.88163, 37.62927 ], [ -121.88087, 37.62566 ], [ -121.88085, 37.6234 ], [ -121.88466, 37.62303 ], [ -121.88712, 37.62222 ], [ -121.88962, 37.6223 ], [ -121.89004, 37.62265 ], [ -121.8902, 37.62539 ], [ -121.89824, 37.62255 ], [ -121.89686, 37.62217 ], [ -121.89677, 37.62186 ], [ -121.90153, 37.62016 ], [ -121.89992, 37.61878 ], [ -121.89884, 37.6165 ], [ -121.89794, 37.61607 ], [ -121.89746, 37.61537 ], [ -121.8968, 37.61597 ], [ -121.89688, 37.61687 ], [ -121.89588, 37.61732 ], [ -121.89476, 37.61662 ], [ -121.89207, 37.61588 ], [ -121.89144, 37.61447 ], [ -121.8905, 37.61371 ], [ -121.88999, 37.61276 ], [ -121.88958, 37.61264 ], [ -121.89005, 37.61486 ], [ -121.88929, 37.61561 ], [ -121.88939, 37.61648 ], [ -121.88903, 37.61738 ], [ -121.88948, 37.61785 ], [ -121.88951, 37.61904 ], [ -121.88925, 37.61966 ], [ -121.88832, 37.62011 ], [ -121.88652, 37.62003 ], [ -121.88605, 37.61917 ], [ -121.88664, 37.61784 ], [ -121.88654, 37.61716 ], [ -121.8838, 37.61639 ], [ -121.88358, 37.61595 ], [ -121.88409, 37.61524 ], [ -121.88232, 37.6151 ], [ -121.88349, 37.61932 ], [ -121.88334, 37.62235 ], [ -121.8807, 37.62228 ], [ -121.87788, 37.61595 ], [ -121.88117, 37.61505 ], [ -121.87984, 37.61303 ], [ -121.87791, 37.61191 ], [ -121.87812, 37.61036 ], [ -121.87559, 37.6072 ], [ -121.87459, 37.60524 ], [ -121.87484, 37.60286 ], [ -121.87406, 37.60118 ], [ -121.87419, 37.60005 ], [ -121.87504, 37.59911 ], [ -121.87809, 37.59846 ], [ -121.87875, 37.59797 ], [ -121.88151, 37.59717 ], [ -121.88309, 37.59622 ], [ -121.88386, 37.59556 ], [ -121.88382, 37.59502 ], [ -121.88289, 37.59377 ], [ -121.88357, 37.59254 ], [ -121.88483, 37.59243 ], [ -121.88544, 37.59338 ], [ -121.88742, 37.59383 ] ], [ [ -121.89958, 37.61269 ], [ -121.89843, 37.61281 ], [ -121.89963, 37.61428 ], [ -121.90081, 37.61445 ], [ -121.90188, 37.61497 ], [ -121.89958, 37.61269 ] ], [ [ -121.89809, 37.61256 ], [ -121.89784, 37.61131 ], [ -121.89571, 37.60914 ], [ -121.89598, 37.61023 ], [ -121.89809, 37.61256 ] ], [ [ -121.89552, 37.60872 ], [ -121.89525, 37.60843 ], [ -121.8956, 37.60884 ], [ -121.89552, 37.60872 ] ], [ [ -121.90755, 37.62109 ], [ -121.90537, 37.61798 ], [ -121.90512, 37.61678 ], [ -121.90296, 37.61552 ], [ -121.90254, 37.61561 ], [ -121.90301, 37.61644 ], [ -121.90432, 37.61756 ], [ -121.90411, 37.61878 ], [ -121.90621, 37.62046 ], [ -121.90691, 37.62189 ], [ -121.90755, 37.62109 ] ] ] } },
{ "type": "Feature", "properties": { "kind": "label", "km": 1, "city": "Sunol", "people": 57 }, "geometry": { "type": "Point", "coordinates": [ -121.90762, 37.61531 ] } },
{ "type": "Feature", "properties": { "kind": "area", "km": 1, "city": "Sunol", "people": 3 }, "geometry": { "type": "Polygon", "coordinates": [ [ [ -121.94451, 37.69583 ], [ -121.94426, 37.69614 ], [ -121.9447, 37.69621 ], [ -121.94756, 37.69527 ], [ -121.94828, 37.69468 ], [ -121.94899, 37.69505 ], [ -121.94937, 37.69486 ], [ -121.94963, 37.69528 ], [ -121.95105, 37.69588 ], [ -121.95199, 37.69721 ], [ -121.95275, 37.69732 ], [ -121.95267, 37.6965 ], [ -121.953, 37.69598 ], [ -121.95509, 37.69652 ], [ -121.95524, 37.69833 ], [ -121.95495, 37.69851 ], [ -121.94091, 37.69837 ], [ -121.94068, 37.69801 ], [ -121.93769, 37.69777 ], [ -121.93704, 37.69738 ], [ -121.93585, 37.6953 ], [ -121.93467, 37.69473 ], [ -121.9336, 37.69485 ], [ -121.93161, 37.69103 ], [ -121.9342, 37.68973 ], [ -121.93484, 37.69021 ], [ -121.93809, 37.69136 ], [ -121.93903, 37.6921 ], [ -121.93833, 37.69306 ], [ -121.93717, 37.69359 ], [ -121.93769, 37.69399 ], [ -121.93919, 37.69237 ], [ -121.94067, 37.69266 ], [ -121.94209, 37.69357 ], [ -121.94275, 37.69473 ], [ -121.94451, 37.69583 ] ], [ [ -121.95043, 37.69655 ], [ -121.9492, 37.69615 ], [ -121.94754, 37.69619 ], [ -121.94747, 37.69737 ], [ -121.95045, 37.69722 ], [ -121.95043, 37.69655 ] ] ] } },
{ "type": "Feature", "properties": { "kind": "label", "km": 1, "city": "Sunol", "people": 3 }, "geometry": { "type": "Point", "coordinates": [ -121.93784, 37.69418 ] } },
{ "type": "Feature", "properties": { "kind": "area", "km": 1, "city": "Unincorporated", "people": 898 }, "geometry": { "type": "Polygon", "coordinates": [ [ [ -122.05143, 37.6258 ], [ -122.05199, 37.62575 ], [ -122.05385, 37.62932 ], [ -122.05856, 37.63552 ], [ -122.05843, 37.63584 ], [ -122.05618, 37.63615 ], [ -122.05562, 37.63533 ], [ -122.05659, 37.6348 ], [ -122.05639, 37.63455 ], [ -122.05522, 37.63492 ], [ -122.05442, 37.6331 ], [ -122.05329, 37.63206 ], [ -122.05104, 37.63349 ], [ -122.04675, 37.62982 ], [ -122.05143, 37.6258 ] ] ] } },
{ "type": "Feature", "properties": { "kind": "label", "km": 1, "city": "Unincorporated", "people": 898 }, "geometry": { "type": "Point", "coordinates": [ -122.05155, 37.63093 ] } },
{ "type": "Feature", "properties": { "kind": "area", "km": 1, "city": "Unincorporated", "people": 71 }, "geometry": { "type": "Polygon", "coordinates": [ [ [ -121.99616, 37.66515 ], [ -121.99649, 37.65847 ], [ -122.00088, 37.65831 ], [ -122.00115, 37.662 ], [ -122.00407, 37.66201 ], [ -122.00416, 37.66265 ], [ -122.0102, 37.66628 ], [ -122.00616, 37.67294 ], [ -122.00651, 37.67321 ], [ -122.01086, 37.67425 ], [ -122.0118, 37.67383 ], [ -122.01358, 37.67451 ], [ -122.01824, 37.6745 ], [ -122.02098, 37.67378 ], [ -122.02262, 37.6723 ], [ -122.02299, 37.67233 ], [ -122.02621, 37.67636 ], [ -122.02586, 37.67689 ], [ -122.02594, 37.67772 ], [ -122.02697, 37.67855 ], [ -122.02816, 37.67935 ], [ -122.02962, 37.67972 ], [ -122.03004, 37.67947 ], [ -122.03019, 37.67879 ], [ -122.03165, 37.6787 ], [ -122.03347, 37.68045 ], [ -122.03483, 37.68101 ], [ -122.0347, 37.68212 ], [ -122.03601, 37.68241 ], [ -122.03721, 37.68345 ], [ -122.03684, 37.68412 ], [ -122.03698, 37.68454 ], [ -122.03933, 37.68671 ], [ -122.03955, 37.68626 ], [ -122.03919, 37.68547 ], [ -122.04, 37.68501 ], [ -122.04065, 37.68548 ], [ -122.04102, 37.68704 ], [ -122.03922, 37.68944 ], [ -122.04033, 37.69224 ], [ -122.04113, 37.69262 ], [ -122.04234, 37.6927 ], [ -122.0423, 37.68984 ], [ -122.04298, 37.68996 ], [ -122.04324, 37.69132 ], [ -122.0446, 37.69086 ], [ -122.04614, 37.69134 ], [ -122.04626, 37.69218 ], [ -122.04577, 37.69223 ], [ -122.04524, 37.6919 ], [ -122.04473, 37.69261 ], [ -122.04446, 37.69488 ], [ -122.04481, 37.69574 ], [ -122.04452, 37.69603 ], [ -122.04415, 37.69591 ], [ -122.04294, 37.69329 ], [ -122.04348, 37.69684 ], [ -122.04522, 37.6964 ], [ -122.04623, 37.69663 ], [ -122.0461, 37.69727 ], [ -122.04456, 37.6978 ], [ -122.04281, 37.69764 ], [ -122.03895, 37.70071 ], [ -122.03539, 37.702 ], [ -122.03175, 37.70011 ], [ -122.02845, 37.69886 ], [ -122.02508, 37.69599 ], [ -122.02385, 37.6956 ], [ -122.02312, 37.69374 ], [ -122.01962, 37.68861 ], [ -122.01991, 37.68733 ], [ -122.01905, 37.68626 ], [ -122.01676, 37.68149 ], [ -122.01401, 37.67852 ], [ -122.0136, 37.67687 ], [ -122.01155, 37.67507 ], [ -122.00351, 37.67595 ], [ -122.00334, 37.67937 ], [ -121.99685, 37.67945 ], [ -121.99663, 37.68031 ], [ -121.98108, 37.68044 ], [ -121.97941, 37.67978 ], [ -121.97913, 37.67922 ], [ -121.97847, 37.67889 ], [ -121.97842, 37.67819 ], [ -121.97684, 37.67686 ], [ -121.97705, 37.67577 ], [ -121.97552, 37.67514 ], [ -121.97469, 37.67424 ], [ -121.97278, 37.67424 ], [ -121.97116, 37.67352 ], [ -121.96964, 37.6724 ], [ -121.96782, 37.67169 ], [ -121.96583, 37.67193 ], [ -121.96391, 37.6717 ], [ -121.96353, 37.67198 ], [ -121.96309, 37.67143 ], [ -121.96369, 37.67085 ], [ -121.96376, 37.66952 ], [ -121.96602, 37.66812 ], [ -121.96728, 37.66658 ], [ -121.96709, 37.66549 ], [ -121.9689, 37.66562 ], [ -121.96902, 37.66964 ], [ -121.97647, 37.67035 ], [ -121.98192, 37.6685 ], [ -121.98583, 37.6653 ], [ -121.98889, 37.66502 ], [ -121.98929, 37.6644 ], [ -121.99144, 37.66402 ], [ -121.99321, 37.66304 ], [ -121.99543, 37.66487 ], [ -121.99616, 37.66515 ] ], [ [ -122.03833, 37.69157 ], [ -122.03694, 37.69118 ], [ -122.0366, 37.68953 ], [ -122.03679, 37.68897 ], [ -122.03408, 37.68786 ], [ -122.03362, 37.68806 ], [ -122.0338, 37.68857 ], [ -122.03515, 37.68878 ], [ -122.03543, 37.69064 ], [ -122.03642, 37.69073 ], [ -122.03696, 37.69238 ], [ -122.03846, 37.69192 ], [ -122.03833, 37.69157 ] ] ] } },
{ "type": "Feature", "properties": { "kind": "label", "km": 1, "city": "Unincorporated", "people": 71 }, "geometry": { "type": "Point", "coordinates": [ -122.02427, 37.68013 ] } },
{ "type": "Feature", "properties": { "kind": "area", "km": 1, "city": "Unincorporated", "people": 97 }, "geometry": { "type": "Polygon", "coordinates": [ [ [ -121.9466, 37.69899 ], [ -121.93611, 37.70224 ], [ -121.93574, 37.70212 ], [ -121.93536, 37.70047 ], [ -121.937, 37.69855 ], [ -121.94668, 37.69868 ], [ -121.9466, 37.69899 ] ] ] } },
{ "type": "Feature", "properties": { "kind": "label", "km": 1, "city": "Unincorporated", "people": 97 }, "geometry": { "type": "Point", "coordinates": [ -121.93893, 37.70031 ] } },
{ "type": "Feature", "properties": { "kind": "area", "km": 1, "city": "Unincorporated", "people": 1 }, "geometry": { "type": "Polygon", "coordinates": [ [ [ -121.98791, 37.70953 ], [ -121.96977, 37.70965 ], [ -121.96948, 37.70994 ], [ -121.9661, 37.70952 ], [ -121.96348, 37.70863 ], [ -121.96154, 37.70862 ], [ -121.96056, 37.70897 ], [ -121.9605, 37.71085 ], [ -121.9602, 37.71102 ], [ -121.95911, 37.71006 ], [ -121.95622, 37.70863 ], [ -121.95573, 37.70878 ], [ -121.95396, 37.70843 ], [ -121.95302, 37.70796 ], [ -121.95279, 37.70926 ], [ -121.95453, 37.71074 ], [ -121.95378, 37.71123 ], [ -121.95237, 37.71036 ], [ -121.95143, 37.71013 ], [ -121.95108, 37.70844 ], [ -121.95005, 37.70716 ], [ -121.94938, 37.707 ], [ -121.94808, 37.7073 ], [ -121.94713, 37.70701 ], [ -121.94729, 37.7063 ], [ -121.94824, 37.70629 ], [ -121.94633, 37.70607 ], [ -121.94575, 37.70436 ], [ -121.94728, 37.70405 ], [ -121.94899, 37.7045 ], [ -121.95078, 37.70361 ], [ -121.95206, 37.7044 ], [ -121.95338, 37.70385 ], [ -121.95444, 37.70411 ], [ -121.95196, 37.70284 ], [ -121.95133, 37.70133 ], [ -121.95196, 37.70021 ], [ -121.95465, 37.69913 ], [ -121.95503, 37.69872 ], [ -121.95728, 37.6987 ], [ -121.9574, 37.69989 ], [ -121.9585, 37.70103 ], [ -121.95979, 37.70207 ], [ -121.96001, 37.70212 ], [ -121.95826, 37.70047 ], [ -121.95743, 37.69905 ], [ -121.95757, 37.69868 ], [ -121.97077, 37.69827 ], [ -121.9742, 37.69906 ], [ -121.97533, 37.69969 ], [ -121.97612, 37.70068 ], [ -121.97552, 37.70115 ], [ -121.97495, 37.70311 ], [ -121.97932, 37.70456 ], [ -121.97994, 37.7054 ], [ -121.98106, 37.706 ], [ -121.98208, 37.70447 ], [ -121.98157, 37.7042 ], [ -121.98189, 37.7033 ], [ -121.98271, 37.70232 ], [ -121.98149, 37.7017 ], [ -121.98096, 37.70173 ], [ -121.98013, 37.70235 ], [ -121.97944, 37.70375 ], [ -121.97769, 37.70315 ], [ -121.97656, 37.70221 ], [ -121.97723, 37.70162 ], [ -121.97747, 37.7005 ], [ -121.97937, 37.69878 ], [ -121.98175, 37.69942 ], [ -121.98783, 37.70039 ], [ -121.98791, 37.70953 ] ], [ [ -121.97455, 37.70295 ], [ -121.97279, 37.70248 ], [ -121.97199, 37.70299 ], [ -121.97179, 37.70394 ], [ -121.97271, 37.7053 ], [ -121.9723, 37.70451 ], [ -121.97247, 37.70386 ], [ -121.97455, 37.70295 ] ], [ [ -121.95462, 37.70423 ], [ -121.95493, 37.70518 ], [ -121.95454, 37.70605 ], [ -121.95492, 37.70685 ], [ -121.95622, 37.70664 ], [ -121.95726, 37.70687 ], [ -121.95819, 37.70771 ], [ -121.95938, 37.70727 ], [ -121.95919, 37.70569 ], [ -121.95751, 37.70502 ], [ -121.95561, 37.70476 ], [ -121.95462, 37.70423 ] ] ] } },
{ "type": "Feature", "properties": { "kind": "label", "km": 1, "city": "Unincorporated", "people": 1 }, "geometry": { "type": "Point", "coordinates": [ -121.96392, 37.70467 ] } },
{ "type": "Feature", "properties": { "kind": "area", "km": 1, "city": "Unincorporated", "people": 2 }, "geometry": { "type": "Polygon", "coordinates": [ [ [ -122.05399, 37.71537 ], [ -122.05456, 37.71777 ], [ -122.05345, 37.72126 ], [ -122.05217, 37.72362 ], [ -122.05259, 37.72885 ], [ -122.0515, 37.73026 ], [ -122.05116, 37.73141 ], [ -122.05176, 37.73252 ], [ -122.05188, 37.73404 ], [ -122.05316, 37.73667 ], [ -122.05416, 37.74129 ], [ -122.05523, 37.74301 ], [ -122.05568, 37.74551 ], [ -122.05655, 37.74673 ], [ -122.05667, 37.7481 ], [ -122.05727, 37.74908 ], [ -122.05794, 37.75175 ], [ -122.06, 37.75638 ], [ -122.05975, 37.75565 ], [ -122.06006, 37.75462 ], [ -122.05954, 37.75434 ], [ -122.05897, 37.75262 ], [ -122.06228, 37.74821 ], [ -122.06335, 37.74854 ], [ -122.06385, 37.74902 ], [ -122.0637, 37.74956 ], [ -122.06285, 37.74998 ], [ -122.06323, 37.75094 ], [ -122.06502, 37.75253 ], [ -122.0652, 37.75307 ], [ -122.06635, 37.75303 ], [ -122.06626, 37.75422 ], [ -122.06796, 37.75603 ], [ -122.0696, 37.75605 ], [ -122.07104, 37.75678 ], [ -122.07072, 37.75729 ], [ -122.06974, 37.75697 ], [ -122.06916, 37.7572 ], [ -122.06862, 37.75881 ], [ -122.06949, 37.7598 ], [ -122.06891, 37.76051 ], [ -122.06868, 37.76199 ], [ -122.07079, 37.7616 ], [ -122.07254, 37.76196 ], [ -122.07415, 37.76193 ], [ -122.0747, 37.76233 ], [ -122.07582, 37.7625 ], [ -122.07712, 37.76159 ], [ -122.07814, 37.76151 ], [ -122.07925, 37.75968 ], [ -122.08069, 37.7588 ], [ -122.08137, 37.75907 ], [ -122.08128, 37.75873 ], [ -122.08028, 37.75828 ], [ -122.0801, 37.75761 ], [ -122.08148, 37.75564 ], [ -122.08073, 37.75328 ], [ -122.07958, 37.75168 ], [ -122.07996, 37.75056 ], [ -122.07958, 37.74992 ], [ -122.07773, 37.75014 ], [ -122.07721, 37.74984 ], [ -122.07708, 37.74865 ], [ -122.0778, 37.74799 ], [ -122.08062, 37.7493 ], [ -122.08919, 37.75641 ], [ -122.08987, 37.75761 ], [ -122.08983, 37.75945 ], [ -122.0909, 37.76179 ], [ -122.09094, 37.76292 ], [ -122.09235, 37.76473 ], [ -122.09107, 37.76772 ], [ -122.0923, 37.76839 ], [ -122.09172, 37.76947 ], [ -122.09205, 37.77021 ], [ -122.09125, 37.77039 ], [ -122.09112, 37.77132 ], [ -122.09023, 37.77126 ], [ -122.08973, 37.77206 ], [ -122.09167, 37.77431 ], [ -122.09193, 37.7752 ], [ -122.09156, 37.77679 ], [ -122.08993, 37.77891 ], [ -122.0884, 37.77963 ], [ -122.08671, 37.78147 ], [ -122.08619, 37.78367 ], [ -122.0855, 37.78405 ], [ -122.08459, 37.7841 ], [ -122.08382, 37.7848 ], [ -122.08226, 37.78475 ], [ -122.08155, 37.78582 ], [ -122.08017, 37.78536 ], [ -122.07749, 37.78557 ], [ -122.07595, 37.78501 ], [ -122.07445, 37.78402 ], [ -122.07257, 37.78439 ], [ -122.07208, 37.78518 ], [ -122.07101, 37.78568 ], [ -122.07168, 37.78698 ], [ -122.07231, 37.78744 ], [ -122.07184, 37.788 ], [ -122.07242, 37.78933 ], [ -122.07203, 37.79012 ], [ -122.0725, 37.79069 ], [ -122.07427, 37.78897 ], [ -122.07526, 37.78876 ], [ -122.07798, 37.78957 ], [ -122.07898, 37.79038 ], [ -122.07881, 37.79184 ], [ -122.07962, 37.79077 ], [ -122.0805, 37.79092 ], [ -122.07989, 37.79144 ], [ -122.07943, 37.79481 ], [ -122.0787, 37.79616 ], [ -122.07668, 37.79763 ], [ -122.07586, 37.79787 ], [ -122.07545, 37.79842 ], [ -122.07487, 37.79847 ], [ -122.07433, 37.79904 ], [ -122.0722, 37.80014 ], [ -122.06146, 37.79961 ], [ -122.06065, 37.79897 ], [ -122.05942, 37.80001 ], [ -122.05007, 37.79866 ], [ -122.04534, 37.79832 ], [ -122.03031, 37.78791 ], [ -122.02184, 37.78443 ], [ -122.01762, 37.78142 ], [ -122.01362, 37.7803 ], [ -122.0038, 37.77016 ], [ -122.00708, 37.768 ], [ -122.0106, 37.76709 ], [ -122.01601, 37.76624 ], [ -122.01812, 37.76496 ], [ -122.0199, 37.7645 ], [ -122.02332, 37.76299 ], [ -122.02672, 37.76073 ], [ -122.02825, 37.75886 ], [ -122.02861, 37.75881 ], [ -122.02882, 37.75919 ], [ -122.02957, 37.75825 ], [ -122.02936, 37.75747 ], [ -122.02993, 37.7571 ], [ -122.02977, 37.75665 ], [ -122.03057, 37.75494 ], [ -122.03008, 37.75143 ], [ -122.03219, 37.74895 ], [ -122.03158, 37.74819 ], [ -122.03232, 37.74723 ], [ -122.03145, 37.74635 ], [ -122.03138, 37.74535 ], [ -122.03224, 37.74503 ], [ -122.03232, 37.74422 ], [ -122.03295, 37.74323 ], [ -122.03275, 37.74191 ], [ -122.03198, 37.74118 ], [ -122.03232, 37.73934 ], [ -122.03177, 37.73909 ], [ -122.03229, 37.7356 ], [ -122.03217, 37.73346 ], [ -122.03364, 37.7311 ], [ -122.03353, 37.72926 ], [ -122.03673, 37.72317 ], [ -122.03796, 37.71983 ], [ -122.03778, 37.7176 ], [ -122.03859, 37.71644 ], [ -122.03981, 37.71562 ], [ -122.03967, 37.71441 ], [ -122.04035, 37.71206 ], [ -122.04026, 37.709 ], [ -122.0413, 37.70663 ], [ -122.04341, 37.70708 ], [ -122.04429, 37.70916 ], [ -122.04376, 37.70958 ], [ -122.04277, 37.70954 ], [ -122.04256, 37.7104 ], [ -122.04329, 37.71229 ], [ -122.04287, 37.71504 ], [ -122.04298, 37.71766 ], [ -122.0437, 37.71807 ], [ -122.04557, 37.71851 ], [ -122.0449, 37.71681 ], [ -122.04679, 37.71522 ], [ -122.04894, 37.71534 ], [ -122.04943, 37.71594 ], [ -122.05009, 37.71585 ], [ -122.05052, 37.71455 ], [ -122.05149, 37.71425 ], [ -122.05318, 37.71211 ], [ -122.0533, 37.70976 ], [ -122.05405, 37.70922 ], [ -122.05465, 37.70932 ], [ -122.0553, 37.71142 ], [ -122.05529, 37.71436 ], [ -122.05399, 37.71537 ] ], [ [ -122.06051, 37.75883 ], [ -122.06275, 37.76265 ], [ -122.06317, 37.76173 ], [ -122.06236, 37.76076 ], [ -122.06246, 37.76026 ], [ -122.06092, 37.75885 ], [ -122.06074, 37.75682 ], [ -122.06027, 37.75693 ], [ -122.06051, 37.75883 ] ], [ [ -122.06347, 37.76556 ], [ -122.06391, 37.76739 ], [ -122.06415, 37.76448 ], [ -122.0629, 37.76302 ], [ -122.06347, 37.76556 ] ], [ [ -122.0663, 37.77155 ], [ -122.06791, 37.77426 ], [ -122.0679, 37.77276 ], [ -122.06632, 37.77107 ], [ -122.06657, 37.77027 ], [ -122.0647, 37.76943 ], [ -122.06467, 37.76849 ], [ -122.06399, 37.76774 ], [ -122.06429, 37.76893 ], [ -122.0663, 37.77155 ] ], [ [ -122.06803, 37.77457 ], [ -122.06802, 37.77455 ], [ -122.06804, 37.77467 ], [ -122.06803, 37.77457 ] ], [ [ -122.06822, 37.77565 ], [ -122.06809, 37.77534 ], [ -122.06812, 37.77612 ], [ -122.06822, 37.77565 ] ], [ [ -122.06791, 37.7781 ], [ -122.06791, 37.77748 ], [ -122.06768, 37.77836 ], [ -122.06771, 37.77875 ], [ -122.06791, 37.7781 ] ], [ [ -122.06806, 37.77988 ], [ -122.06801, 37.7798 ], [ -122.06794, 37.78018 ], [ -122.06806, 37.77988 ] ], [ [ -122.06778, 37.78047 ], [ -122.06761, 37.78071 ], [ -122.06772, 37.78063 ], [ -122.06778, 37.78047 ] ], [ [ -122.06726, 37.78265 ], [ -122.06639, 37.78401 ], [ -122.06629, 37.78434 ], [ -122.06626, 37.7846 ], [ -122.06743, 37.78266 ], [ -122.06746, 37.78096 ], [ -122.06726, 37.78265 ] ], [ [ -122.06613, 37.78517 ], [ -122.06624, 37.78479 ], [ -122.06616, 37.78496 ], [ -122.06592, 37.78532 ], [ -122.06613, 37.78517 ] ] ] } },
{ "type": "Feature", "properties": { "kind": "label", "km": 1, "city": "Unincorporated", "people": 2 }, "geometry": { "type": "Point", "coordinates": [ -122.04449, 37.75356 ] } },
{ "type": "Feature", "properties": { "kind": "area", "km": 1, "city": "Unincorporated", "people": 63 }, "geometry": { "type": "Polygon", "coordinates": [ [ [ -121.87392, 37.72812 ], [ -121.87351, 37.72859 ], [ -121.87389, 37.72929 ], [ -121.8734, 37.72962 ], [ -121.87357, 37.73005 ], [ -121.87292, 37.73013 ], [ -121.87294, 37.73075 ], [ -121.87387, 37.73274 ], [ -121.87361, 37.73074 ], [ -121.87392, 37.73054 ], [ -121.87459, 37.73128 ], [ -121.88199, 37.73629 ], [ -121.88185, 37.73737 ], [ -121.87066, 37.7403 ], [ -121.87007, 37.73866 ], [ -121.86806, 37.7366 ], [ -121.86716, 37.73358 ], [ -121.86999, 37.73214 ], [ -121.87072, 37.73112 ], [ -121.87143, 37.723 ], [ -121.87236, 37.72313 ], [ -121.87234, 37.72464 ], [ -121.87277, 37.72516 ], [ -121.87278, 37.72605 ], [ -121.87327, 37.72643 ], [ -121.87325, 37.72755 ], [ -121.87392, 37.72812 ] ], [ [ -121.87391, 37.73326 ], [ -121.87259, 37.73331 ], [ -121.87214, 37.73374 ], [ -121.87231, 37.73446 ], [ -121.87154, 37.73743 ], [ -121.87365, 37.73783 ], [ -121.8743, 37.73864 ], [ -121.87763, 37.73781 ], [ -121.87748, 37.73738 ], [ -121.87562, 37.73777 ], [ -121.87476, 37.73733 ], [ -121.87546, 37.73591 ], [ -121.87455, 37.73524 ], [ -121.87447, 37.73483 ], [ -121.87518, 37.73454 ], [ -121.87621, 37.73523 ], [ -121.8774, 37.73542 ], [ -121.87574, 37.73468 ], [ -121.87522, 37.73382 ], [ -121.87439, 37.73393 ], [ -121.87393, 37.7329 ], [ -121.87391, 37.73326 ] ], [ [ -121.87896, 37.73622 ], [ -121.87889, 37.73765 ], [ -121.8806, 37.73724 ], [ -121.88076, 37.73646 ], [ -121.87896, 37.73622 ] ], [ [ -121.8689, 37.73581 ], [ -121.86908, 37.73565 ], [ -121.86893, 37.73542 ], [ -121.86876, 37.73548 ], [ -121.8689, 37.73581 ] ] ] } },
{ "type": "Feature", "properties": { "kind": "label", "km": 1, "city": "Unincorporated", "people": 63 }, "geometry": { "type": "Point", "coordinates": [ -121.8719, 37.73168 ] } },
{ "type": "Feature", "properties": { "kind": "area", "km": 1, "city": "Unincorporated", "people": 526 }, "geometry": { "type": "Polygon", "coordinates": [ [ [ -121.85794, 37.6705 ], [ -121.83332, 37.67319 ], [ -121.83341, 37.66837 ], [ -121.83394, 37.66898 ], [ -121.83415, 37.67231 ], [ -121.84232, 37.67131 ], [ -121.84082, 37.66996 ], [ -121.83809, 37.66871 ], [ -121.8375, 37.66791 ], [ -121.83648, 37.66758 ], [ -121.83047, 37.66641 ], [ -121.83041, 37.66702 ], [ -121.83325, 37.66748 ], [ -121.83357, 37.66799 ], [ -121.833, 37.6682 ], [ -121.82982, 37.66766 ], [ -121.82997, 37.66555 ], [ -121.83112, 37.66553 ], [ -121.83442, 37.66552 ], [ -121.83735, 37.6655 ], [ -121.83735, 37.6655 ], [ -121.83059, 37.66323 ], [ -121.82612, 37.66 ], [ -121.82367, 37.65972 ], [ -121.82354, 37.65725 ], [ -121.82089, 37.65539 ], [ -121.82135, 37.65529 ], [ -121.82326, 37.65631 ], [ -121.82525, 37.65832 ], [ -121.82986, 37.66203 ], [ -121.83662, 37.66476 ], [ -121.8458, 37.66468 ], [ -121.84605, 37.66593 ], [ -121.84668, 37.66582 ], [ -121.84738, 37.66612 ], [ -121.84769, 37.6659 ], [ -121.84854, 37.66622 ], [ -121.84908, 37.66577 ], [ -121.84838, 37.66593 ], [ -121.84786, 37.66553 ], [ -121.84846, 37.66473 ], [ -121.85092, 37.66468 ], [ -121.85108, 37.66537 ], [ -121.85041, 37.66551 ], [ -121.85042, 37.66618 ], [ -121.85086, 37.66637 ], [ -121.85045, 37.66712 ], [ -121.85049, 37.66801 ], [ -121.85122, 37.6685 ], [ -121.85145, 37.66815 ], [ -121.85278, 37.66831 ], [ -121.85509, 37.66587 ], [ -121.85457, 37.66474 ], [ -121.85604, 37.66469 ], [ -121.85761, 37.6679 ], [ -121.85794, 37.6705 ] ], [ [ -121.84865, 37.66739 ], [ -121.84786, 37.66719 ], [ -121.84749, 37.66736 ], [ -121.84659, 37.66697 ], [ -121.84597, 37.66723 ], [ -121.84857, 37.66766 ], [ -121.84915, 37.66722 ], [ -121.84865, 37.66739 ] ] ] } },
{ "type": "Feature", "properties": { "kind": "label", "km": 1, "city": "Unincorporated", "people": 526 }, "geometry": { "type": "Point", "coordinates": [ -121.8345, 37.66427 ] } },
{ "type": "Feature", "properties": { "kind": "area", "km": 1, "city": "Unincorporated", "people": 9 }, "geometry": { "type": "Polygon", "coordinates": [ [ [ -121.80585, 37.68914 ], [ -121.80406, 37.68916 ], [ -121.80399, 37.68847 ], [ -121.80447, 37.68803 ], [ -121.80385, 37.68802 ], [ -121.80361, 37.68873 ], [ -121.80134, 37.68859 ], [ -121.80138, 37.68737 ], [ -121.80164, 37.68711 ], [ -121.8025, 37.68719 ], [ -121.80383, 37.68423 ], [ -121.80386, 37.68311 ], [ -121.80317, 37.68286 ], [ -121.80373, 37.68078 ], [ -121.80048, 37.68064 ], [ -121.80065, 37.67958 ], [ -121.80358, 37.67956 ], [ -121.80358, 37.67811 ], [ -121.80198, 37.67833 ], [ -121.80143, 37.67868 ], [ -121.80027, 37.67839 ], [ -121.80029, 37.67807 ], [ -121.80116, 37.67795 ], [ -121.80142, 37.67753 ], [ -121.80436, 37.6772 ], [ -121.80465, 37.67767 ], [ -121.80558, 37.67772 ], [ -121.80585, 37.68914 ] ] ] } },
{ "type": "Feature", "properties": { "kind": "label", "km": 1, "city": "Unincorporated", "people": 9 }, "geometry": { "type": "Point", "coordinates": [ -121.8047, 37.68324 ] } },
{ "type": "Feature", "properties": { "kind": "area", "km": 1, "city": "Unincorporated", "people": 19 }, "geometry": { "type": "Polygon", "coordinates": [ [ [ -121.8505, 37.67564 ], [ -121.85048, 37.67934 ], [ -121.84906, 37.68079 ], [ -121.84928, 37.68563 ], [ -121.84883, 37.68705 ], [ -121.84882, 37.6892 ], [ -121.84937, 37.69381 ], [ -121.84852, 37.69391 ], [ -121.84631, 37.69511 ], [ -121.844, 37.69579 ], [ -121.84161, 37.69518 ], [ -121.8405, 37.69441 ], [ -121.8388, 37.69498 ], [ -121.83652, 37.69289 ], [ -121.83658, 37.69256 ], [ -121.8481, 37.69246 ], [ -121.84817, 37.68626 ], [ -121.83773, 37.68622 ], [ -121.83269, 37.68097 ], [ -121.82661, 37.67646 ], [ -121.82651, 37.67426 ], [ -121.83779, 37.67302 ], [ -121.83783, 37.67852 ], [ -121.83879, 37.6783 ], [ -121.83922, 37.67925 ], [ -121.83739, 37.67934 ], [ -121.83633, 37.67971 ], [ -121.83581, 37.68034 ], [ -121.83487, 37.68014 ], [ -121.83395, 37.68055 ], [ -121.83575, 37.68288 ], [ -121.84007, 37.68156 ], [ -121.84026, 37.68191 ], [ -121.83991, 37.68222 ], [ -121.83648, 37.6837 ], [ -121.83852, 37.68502 ], [ -121.84096, 37.68551 ], [ -121.84318, 37.68542 ], [ -121.84267, 37.6845 ], [ -121.84293, 37.68425 ], [ -121.84331, 37.68434 ], [ -121.8441, 37.68544 ], [ -121.8467, 37.68495 ], [ -121.84724, 37.6847 ], [ -121.84717, 37.68386 ], [ -121.84768, 37.68338 ], [ -121.84736, 37.68162 ], [ -121.84501, 37.6813 ], [ -121.84383, 37.68023 ], [ -121.84313, 37.67839 ], [ -121.84353, 37.67723 ], [ -121.84334, 37.6767 ], [ -121.84675, 37.67555 ], [ -121.8505, 37.67564 ] ] ] } },
{ "type": "Feature", "properties": { "kind": "label", "km": 1, "city": "Unincorporated", "people": 19 }, "geometry": { "type": "Point", "coordinates": [ -121.84822, 37.68426 ] } },
{ "type": "Feature", "properties": { "kind": "area", "km": 1, "city": "Unincorporated", "people": 816 }, "geometry": { "type": "Polygon", "coordinates": [ [ [ -121.86981, 37.68801 ], [ -121.86889, 37.68865 ], [ -121.8688, 37.68971 ], [ -121.86818, 37.69028 ], [ -121.8676, 37.68999 ], [ -121.8675, 37.68944 ], [ -121.86692, 37.69029 ], [ -121.86612, 37.69016 ], [ -121.86607, 37.68946 ], [ -121.865, 37.68946 ], [ -121.86487, 37.6901 ], [ -121.86438, 37.69022 ], [ -121.8643, 37.6915 ], [ -121.86361, 37.69176 ], [ -121.8628, 37.69265 ], [ -121.86295, 37.69322 ], [ -121.86531, 37.69271 ], [ -121.86804, 37.69063 ], [ -121.86859, 37.69083 ], [ -121.86912, 37.69039 ], [ -121.86968, 37.69062 ], [ -121.87045, 37.69046 ], [ -121.87021, 37.68891 ], [ -121.87227, 37.68801 ], [ -121.87386, 37.68788 ], [ -121.87407, 37.68836 ], [ -121.87485, 37.68838 ], [ -121.87522, 37.68875 ], [ -121.87555, 37.68873 ], [ -121.87571, 37.68792 ], [ -121.87767, 37.68778 ], [ -121.87822, 37.68898 ], [ -121.86921, 37.69212 ], [ -121.86429, 37.69416 ], [ -121.85398, 37.69402 ], [ -121.85414, 37.69103 ], [ -121.85723, 37.69107 ], [ -121.85745, 37.69149 ], [ -121.85847, 37.69165 ], [ -121.85882, 37.69108 ], [ -121.8623, 37.69108 ], [ -121.86231, 37.68663 ], [ -121.86253, 37.68594 ], [ -121.86317, 37.68587 ], [ -121.8633, 37.68485 ], [ -121.86745, 37.68486 ], [ -121.86757, 37.68643 ], [ -121.86845, 37.68637 ], [ -121.86981, 37.68801 ] ] ] } },
{ "type": "Feature", "properties": { "kind": "label", "km": 1, "city": "Unincorporated", "people": 816 }, "geometry": { "type": "Point", "coordinates": [ -121.87402, 37.68934 ] } },
{ "type": "Feature", "properties": { "kind": "area", "km": 1, "city": "Unincorporated", "people": 4 }, "geometry": { "type": "Polygon", "coordinates": [ [ [ -121.81824, 37.69906 ], [ -121.81736, 37.6994 ], [ -121.81656, 37.70066 ], [ -121.81514, 37.70078 ], [ -121.8149, 37.69773 ], [ -121.80556, 37.69785 ], [ -121.80528, 37.69737 ], [ -121.80596, 37.69639 ], [ -121.80736, 37.69601 ], [ -121.81616, 37.69608 ], [ -121.8168, 37.69657 ], [ -121.81684, 37.6981 ], [ -121.81815, 37.69849 ], [ -121.81824, 37.69906 ] ] ] } },
{ "type": "Feature", "properties": { "kind": "label", "km": 1, "city": "Unincorporated", "people": 4 }, "geometry": { "type": "Point", "coordinates": [ -121.81607, 37.69836 ] } },
{ "type": "Feature", "properties": { "kind": "area", "km": 1, "city": "Unincorporated", "people": 980 }, "geometry": { "type": "Polygon", "coordinates": [ [ [ -121.80198, 37.70116 ], [ -121.79653, 37.70112 ], [ -121.79684, 37.70187 ], [ -121.79653, 37.70258 ], [ -121.7967, 37.70481 ], [ -121.79559, 37.70679 ], [ -121.79382, 37.70597 ], [ -121.79494, 37.70463 ], [ -121.79437, 37.7024 ], [ -121.79136, 37.70214 ], [ -121.7909, 37.70253 ], [ -121.79067, 37.7014 ], [ -121.78974, 37.70151 ], [ -121.78941, 37.70128 ], [ -121.78925, 37.70043 ], [ -121.78951, 37.70006 ], [ -121.78562, 37.69995 ], [ -121.78573, 37.70067 ], [ -121.78494, 37.70068 ], [ -121.78436, 37.70123 ], [ -121.7859, 37.70189 ], [ -121.78549, 37.70323 ], [ -121.78329, 37.70505 ], [ -121.78116, 37.70479 ], [ -121.78056, 37.70503 ], [ -121.77987, 37.70667 ], [ -121.77928, 37.70687 ], [ -121.77935, 37.70731 ], [ -121.77899, 37.70757 ], [ -121.77934, 37.70849 ], [ -121.77906, 37.70987 ], [ -121.7779, 37.70986 ], [ -121.77738, 37.70923 ], [ -121.77722, 37.70953 ], [ -121.77679, 37.70953 ], [ -121.77715, 37.71104 ], [ -121.77688, 37.71131 ], [ -121.77651, 37.71118 ], [ -121.77702, 37.71195 ], [ -121.77616, 37.71352 ], [ -121.77614, 37.71446 ], [ -121.77942, 37.72201 ], [ -121.78531, 37.72202 ], [ -121.78565, 37.72057 ], [ -121.79131, 37.71907 ], [ -121.79202, 37.71803 ], [ -121.7916, 37.71654 ], [ -121.79182, 37.71588 ], [ -121.79782, 37.71602 ], [ -121.79814, 37.71487 ], [ -121.79926, 37.7135 ], [ -121.80181, 37.71214 ], [ -121.80411, 37.71029 ], [ -121.80448, 37.71031 ], [ -121.80491, 37.70884 ], [ -121.80602, 37.70874 ], [ -121.80647, 37.70895 ], [ -121.80602, 37.7098 ], [ -121.8076, 37.70875 ], [ -121.80652, 37.70713 ], [ -121.80658, 37.70595 ], [ -121.80789, 37.70567 ], [ -121.81212, 37.7039 ], [ -121.81342, 37.70388 ], [ -121.81647, 37.70454 ], [ -121.82131, 37.70274 ], [ -121.82307, 37.70257 ], [ -121.82349, 37.70279 ], [ -121.82346, 37.70744 ], [ -121.81451, 37.70742 ], [ -121.8144, 37.71667 ], [ -121.80811, 37.71675 ], [ -121.80896, 37.71906 ], [ -121.80881, 37.72073 ], [ -121.80924, 37.72267 ], [ -121.80871, 37.72501 ], [ -121.80958, 37.72866 ], [ -121.80897, 37.73077 ], [ -121.80858, 37.73534 ], [ -121.80957, 37.73828 ], [ -121.80967, 37.74138 ], [ -121.81197, 37.74354 ], [ -121.81378, 37.74471 ], [ -121.8141, 37.7453 ], [ -121.81397, 37.74674 ], [ -121.81217, 37.75184 ], [ -121.81277, 37.7544 ], [ -121.79582, 37.75839 ], [ -121.7907, 37.75749 ], [ -121.78831, 37.75656 ], [ -121.78524, 37.75486 ], [ -121.78308, 37.75264 ], [ -121.77526, 37.75261 ], [ -121.77652, 37.75561 ], [ -121.77722, 37.75652 ], [ -121.77754, 37.75793 ], [ -121.77847, 37.7585 ], [ -121.77917, 37.75969 ], [ -121.78018, 37.76045 ], [ -121.78089, 37.76143 ], [ -121.78085, 37.762 ], [ -121.7039, 37.78107 ], [ -121.70182, 37.78066 ], [ -121.70031, 37.7808 ], [ -121.69842, 37.78163 ], [ -121.69741, 37.78265 ], [ -121.68753, 37.78493 ], [ -121.6879, 37.78337 ], [ -121.68739, 37.78238 ], [ -121.68734, 37.78105 ], [ -121.68472, 37.77855 ], [ -121.68343, 37.77589 ], [ -121.68355, 37.7754 ], [ -121.68421, 37.77543 ], [ -121.68596, 37.77674 ], [ -121.68651, 37.77518 ], [ -121.68555, 37.77466 ], [ -121.68504, 37.77309 ], [ -121.68246, 37.77103 ], [ -121.68074, 37.77017 ], [ -121.6799, 37.76914 ], [ -121.67941, 37.76754 ], [ -121.679, 37.76728 ], [ -121.67696, 37.7675 ], [ -121.67599, 37.76699 ], [ -121.67735, 37.76462 ], [ -121.6768, 37.76365 ], [ -121.67736, 37.76152 ], [ -121.6774, 37.74781 ], [ -121.67479, 37.74266 ], [ -121.67141, 37.73944 ], [ -121.67184, 37.73816 ], [ -121.6719, 37.73327 ], [ -121.67497, 37.72917 ], [ -121.67594, 37.72486 ], [ -121.67683, 37.72347 ], [ -121.67792, 37.72285 ], [ -121.67917, 37.7226 ], [ -121.68423, 37.72356 ], [ -121.68833, 37.72313 ], [ -121.68952, 37.72346 ], [ -121.69279, 37.72533 ], [ -121.69455, 37.72532 ], [ -121.69624, 37.72413 ], [ -121.69648, 37.72332 ], [ -121.69618, 37.72219 ], [ -121.69765, 37.72071 ], [ -121.70056, 37.71906 ], [ -121.7056, 37.7176 ], [ -121.70931, 37.71538 ], [ -121.7096, 37.71674 ], [ -121.71087, 37.7169 ], [ -121.71092, 37.71996 ], [ -121.71155, 37.71995 ], [ -121.71167, 37.71926 ], [ -121.71264, 37.7191 ], [ -121.71707, 37.71913 ], [ -121.71715, 37.71852 ], [ -121.71759, 37.71844 ], [ -121.71781, 37.72122 ], [ -121.71855, 37.72211 ], [ -121.71956, 37.72261 ], [ -121.71928, 37.72343 ], [ -121.71999, 37.72403 ], [ -121.72188, 37.72389 ], [ -121.72188, 37.72363 ], [ -121.72085, 37.72339 ], [ -121.72093, 37.72258 ], [ -121.72292, 37.72264 ], [ -121.72305, 37.72213 ], [ -121.72453, 37.72219 ], [ -121.72482, 37.72183 ], [ -121.73226, 37.72185 ], [ -121.73244, 37.71683 ], [ -121.73877, 37.71683 ], [ -121.7412, 37.71627 ], [ -121.74203, 37.71756 ], [ -121.74297, 37.71819 ], [ -121.74368, 37.71731 ], [ -121.74488, 37.71671 ], [ -121.75037, 37.71565 ], [ -121.75162, 37.71459 ], [ -121.75195, 37.71295 ], [ -121.75364, 37.71112 ], [ -121.7526, 37.70976 ], [ -121.75263, 37.70885 ], [ -121.75702, 37.70874 ], [ -121.75688, 37.70484 ], [ -121.75751, 37.70442 ], [ -121.75902, 37.70428 ], [ -121.75925, 37.70281 ], [ -121.76294, 37.70252 ], [ -121.77635, 37.70035 ], [ -121.78685, 37.6992 ], [ -121.78946, 37.69934 ], [ -121.7946, 37.70039 ], [ -121.80246, 37.70066 ], [ -121.80198, 37.70116 ] ], [ [ -121.79164, 37.70052 ], [ -121.79209, 37.70066 ], [ -121.79232, 37.70067 ], [ -121.79164, 37.70052 ] ], [ [ -121.73313, 37.73039 ], [ -121.73314, 37.72732 ], [ -121.7323, 37.72718 ], [ -121.73223, 37.72655 ], [ -121.72838, 37.72674 ], [ -121.72706, 37.72646 ], [ -121.72684, 37.72416 ], [ -121.7255, 37.72415 ], [ -121.72547, 37.72559 ], [ -121.72441, 37.72626 ], [ -121.7244, 37.72677 ], [ -121.72736, 37.72689 ], [ -121.72737, 37.7304 ], [ -121.72895, 37.73047 ], [ -121.72902, 37.73197 ], [ -121.72984, 37.73197 ], [ -121.73002, 37.73042 ], [ -121.73313, 37.73039 ] ], [ [ -121.73224, 37.72522 ], [ -121.73061, 37.72522 ], [ -121.73061, 37.72542 ], [ -121.73224, 37.72543 ], [ -121.73224, 37.72522 ] ], [ [ -121.74683, 37.73045 ], [ -121.75131, 37.73043 ], [ -121.75132, 37.72952 ], [ -121.74684, 37.72953 ], [ -121.74683, 37.73045 ] ], [ [ -121.71646, 37.72107 ], [ -121.71647, 37.72035 ], [ -121.71591, 37.72035 ], [ -121.7159, 37.72132 ], [ -121.71646, 37.72107 ] ], [ [ -121.71039, 37.72354 ], [ -121.70237, 37.7236 ], [ -121.70172, 37.7236 ], [ -121.70572, 37.72755 ], [ -121.70588, 37.72657 ], [ -121.70956, 37.72653 ], [ -121.70973, 37.72612 ], [ -121.71075, 37.7261 ], [ -121.71184, 37.729 ], [ -121.71277, 37.72881 ], [ -121.71313, 37.72867 ], [ -121.71224, 37.72767 ], [ -121.71261, 37.72635 ], [ -121.71198, 37.72579 ], [ -121.71047, 37.72566 ], [ -121.71039, 37.72354 ] ], [ [ -121.7169, 37.73083 ], [ -121.71208, 37.73096 ], [ -121.71426, 37.73483 ], [ -121.71442, 37.73297 ], [ -121.71586, 37.73217 ], [ -121.7169, 37.73083 ] ] ] } },
{ "type": "Feature", "properties": { "kind": "label", "km": 1, "city": "Unincorporated", "people": 980 }, "geometry": { "type": "Point", "coordinates": [ -121.74229, 37.74197 ] } },
{ "type": "Feature", "properties": { "kind": "area", "km": 1, "city": "Unincorporated", "people": 33 }, "geometry": { "type": "Polygon", "coordinates": [ [ [ -121.75213, 37.60121 ], [ -121.75757, 37.60231 ], [ -121.75923, 37.60313 ], [ -121.76493, 37.60411 ], [ -121.76854, 37.60536 ], [ -121.76917, 37.60587 ], [ -121.77126, 37.60626 ], [ -121.77803, 37.61035 ], [ -121.77991, 37.61369 ], [ -121.7802, 37.61678 ], [ -121.78531, 37.62302 ], [ -121.78564, 37.62487 ], [ -121.78669, 37.62693 ], [ -121.78666, 37.62907 ], [ -121.7833, 37.6309 ], [ -121.78321, 37.63232 ], [ -121.78176, 37.63192 ], [ -121.78117, 37.63219 ], [ -121.77806, 37.63472 ], [ -121.78008, 37.63671 ], [ -121.77927, 37.63763 ], [ -121.78276, 37.6406 ], [ -121.783, 37.63987 ], [ -121.78611, 37.63988 ], [ -121.78632, 37.63794 ], [ -121.7889, 37.63797 ], [ -121.792, 37.63844 ], [ -121.79188, 37.63714 ], [ -121.78966, 37.63379 ], [ -121.78942, 37.63174 ], [ -121.78979, 37.63133 ], [ -121.79183, 37.63234 ], [ -121.7926, 37.63443 ], [ -121.79325, 37.63464 ], [ -121.79479, 37.6364 ], [ -121.79466, 37.6376 ], [ -121.79597, 37.64009 ], [ -121.78984, 37.64449 ], [ -121.78424, 37.64772 ], [ -121.78296, 37.64891 ], [ -121.78273, 37.64681 ], [ -121.78372, 37.64654 ], [ -121.783, 37.64561 ], [ -121.78002, 37.64535 ], [ -121.77994, 37.64461 ], [ -121.77321, 37.64028 ], [ -121.77393, 37.63945 ], [ -121.7652, 37.63619 ], [ -121.76402, 37.6377 ], [ -121.76796, 37.64372 ], [ -121.76823, 37.64538 ], [ -121.75003, 37.6454 ], [ -121.75002, 37.64955 ], [ -121.76222, 37.64964 ], [ -121.7623, 37.65662 ], [ -121.76201, 37.65684 ], [ -121.75, 37.65682 ], [ -121.74992, 37.669 ], [ -121.74926, 37.66981 ], [ -121.742, 37.66542 ], [ -121.73267, 37.66523 ], [ -121.73257, 37.66139 ], [ -121.73212, 37.66024 ], [ -121.72484, 37.65531 ], [ -121.72336, 37.65281 ], [ -121.72127, 37.65022 ], [ -121.72067, 37.64881 ], [ -121.71962, 37.64769 ], [ -121.7179, 37.6445 ], [ -121.7184, 37.64418 ], [ -121.71761, 37.6434 ], [ -121.71744, 37.64255 ], [ -121.71643, 37.64231 ], [ -121.71638, 37.64111 ], [ -121.71413, 37.63916 ], [ -121.7133, 37.63643 ], [ -121.71253, 37.63571 ], [ -121.71219, 37.63472 ], [ -121.71166, 37.63421 ], [ -121.71003, 37.63367 ], [ -121.70924, 37.63297 ], [ -121.70876, 37.63116 ], [ -121.70647, 37.63005 ], [ -121.7048, 37.62719 ], [ -121.70401, 37.62641 ], [ -121.70222, 37.62094 ], [ -121.70091, 37.61948 ], [ -121.70028, 37.61749 ], [ -121.69987, 37.61396 ], [ -121.6964, 37.61267 ], [ -121.69575, 37.61115 ], [ -121.69454, 37.61024 ], [ -121.69358, 37.60824 ], [ -121.68798, 37.60562 ], [ -121.68691, 37.60472 ], [ -121.68661, 37.60356 ], [ -121.68681, 37.60274 ], [ -121.6885, 37.60081 ], [ -121.68869, 37.59929 ], [ -121.68945, 37.59787 ], [ -121.68781, 37.59463 ], [ -121.68802, 37.59207 ], [ -121.7098, 37.58753 ], [ -121.71051, 37.58853 ], [ -121.71128, 37.58847 ], [ -121.71233, 37.58908 ], [ -121.71278, 37.59112 ], [ -121.71389, 37.59192 ], [ -121.7157, 37.59184 ], [ -121.71826, 37.59255 ], [ -121.71947, 37.59232 ], [ -121.72084, 37.59317 ], [ -121.72085, 37.59503 ], [ -121.7202, 37.596 ], [ -121.71866, 37.59633 ], [ -121.71729, 37.59717 ], [ -121.71644, 37.59714 ], [ -121.71469, 37.59791 ], [ -121.71424, 37.59849 ], [ -121.71476, 37.59864 ], [ -121.71631, 37.59772 ], [ -121.71858, 37.59762 ], [ -121.71814, 37.59871 ], [ -121.71698, 37.59953 ], [ -121.71706, 37.60009 ], [ -121.71807, 37.60064 ], [ -121.71776, 37.60132 ], [ -121.71829, 37.60196 ], [ -121.7201, 37.60148 ], [ -121.72056, 37.60168 ], [ -121.72027, 37.60241 ], [ -121.72065, 37.60254 ], [ -121.72069, 37.603 ], [ -121.72015, 37.60414 ], [ -121.72099, 37.60358 ], [ -121.72097, 37.603 ], [ -121.72142, 37.60292 ], [ -121.72137, 37.60203 ], [ -121.72205, 37.60179 ], [ -121.72208, 37.60041 ], [ -121.72294, 37.60017 ], [ -121.72531, 37.60091 ], [ -121.72657, 37.60201 ], [ -121.72648, 37.60248 ], [ -121.7278, 37.60355 ], [ -121.72755, 37.60438 ], [ -121.72837, 37.60424 ], [ -121.72923, 37.60445 ], [ -121.732, 37.60662 ], [ -121.73294, 37.60944 ], [ -121.73214, 37.60977 ], [ -121.73147, 37.60953 ], [ -121.73095, 37.61009 ], [ -121.73172, 37.61041 ], [ -121.73183, 37.61075 ], [ -121.73141, 37.61123 ], [ -121.7305, 37.61147 ], [ -121.73075, 37.61194 ], [ -121.73021, 37.61421 ], [ -121.72939, 37.61469 ], [ -121.7272, 37.61386 ], [ -121.72705, 37.6142 ], [ -121.72781, 37.61452 ], [ -121.72772, 37.61496 ], [ -121.72852, 37.61512 ], [ -121.72832, 37.61603 ], [ -121.72882, 37.61576 ], [ -121.72942, 37.61614 ], [ -121.73071, 37.61591 ], [ -121.73152, 37.61645 ], [ -121.7315, 37.61687 ], [ -121.73096, 37.61727 ], [ -121.72948, 37.61766 ], [ -121.7302, 37.61802 ], [ -121.73192, 37.61773 ], [ -121.73203, 37.61845 ], [ -121.73279, 37.61899 ], [ -121.73277, 37.61963 ], [ -121.73354, 37.61878 ], [ -121.73442, 37.61915 ], [ -121.7334, 37.61828 ], [ -121.73356, 37.61773 ], [ -121.73528, 37.61797 ], [ -121.73633, 37.61763 ], [ -121.73704, 37.6194 ], [ -121.73751, 37.62008 ], [ -121.73785, 37.62 ], [ -121.73757, 37.61881 ], [ -121.73893, 37.61862 ], [ -121.73843, 37.61768 ], [ -121.73956, 37.6167 ], [ -121.7401, 37.61662 ], [ -121.73986, 37.61505 ], [ -121.74025, 37.61443 ], [ -121.74289, 37.61379 ], [ -121.74414, 37.61429 ], [ -121.74486, 37.61509 ], [ -121.74686, 37.61436 ], [ -121.74675, 37.61342 ], [ -121.74621, 37.61289 ], [ -121.74577, 37.61148 ], [ -121.74509, 37.61141 ], [ -121.74502, 37.61082 ], [ -121.74461, 37.61056 ], [ -121.74434, 37.61117 ], [ -121.74376, 37.61136 ], [ -121.74261, 37.61079 ], [ -121.74054, 37.61071 ], [ -121.74013, 37.61045 ], [ -121.73869, 37.61109 ], [ -121.73703, 37.61084 ], [ -121.73598, 37.60905 ], [ -121.73524, 37.60847 ], [ -121.73484, 37.60664 ], [ -121.73427, 37.60629 ], [ -121.73283, 37.60391 ], [ -121.733, 37.60346 ], [ -121.73211, 37.6031 ], [ -121.73217, 37.60253 ], [ -121.73124, 37.60253 ], [ -121.72931, 37.60054 ], [ -121.72915, 37.60001 ], [ -121.72803, 37.5992 ], [ -121.72578, 37.59826 ], [ -121.72569, 37.59776 ], [ -121.72628, 37.5971 ], [ -121.72514, 37.59713 ], [ -121.72325, 37.59575 ], [ -121.72362, 37.59209 ], [ -121.72285, 37.59193 ], [ -121.72194, 37.59101 ], [ -121.7204, 37.59074 ], [ -121.71916, 37.58979 ], [ -121.71808, 37.5898 ], [ -121.71557, 37.5887 ], [ -121.71369, 37.58703 ], [ -121.7138, 37.5866 ], [ -121.71453, 37.58626 ], [ -121.71539, 37.5863 ], [ -121.73183, 37.58283 ], [ -121.73283, 37.58462 ], [ -121.7354, 37.58489 ], [ -121.73724, 37.58456 ], [ -121.73824, 37.58592 ], [ -121.73637, 37.58672 ], [ -121.73413, 37.58639 ], [ -121.73413, 37.58712 ], [ -121.7333, 37.58782 ], [ -121.73355, 37.5893 ], [ -121.7326, 37.59143 ], [ -121.73064, 37.59248 ], [ -121.7316, 37.59254 ], [ -121.73268, 37.59305 ], [ -121.73345, 37.593 ], [ -121.73459, 37.59243 ], [ -121.73515, 37.59261 ], [ -121.73511, 37.59343 ], [ -121.73436, 37.59401 ], [ -121.73534, 37.59461 ], [ -121.73548, 37.59566 ], [ -121.73387, 37.59603 ], [ -121.73359, 37.5964 ], [ -121.7371, 37.59775 ], [ -121.73773, 37.59885 ], [ -121.74031, 37.6002 ], [ -121.7405, 37.60068 ], [ -121.74074, 37.59974 ], [ -121.74126, 37.59935 ], [ -121.74249, 37.59966 ], [ -121.74261, 37.6 ], [ -121.75647, 37.60008 ], [ -121.75681, 37.60028 ], [ -121.75672, 37.60073 ], [ -121.75601, 37.60101 ], [ -121.75213, 37.60121 ] ], [ [ -121.74888, 37.61545 ], [ -121.74853, 37.61532 ], [ -121.74889, 37.61581 ], [ -121.74888, 37.61545 ] ], [ [ -121.75066, 37.61487 ], [ -121.75128, 37.61443 ], [ -121.75231, 37.61487 ], [ -121.75337, 37.61225 ], [ -121.75387, 37.61226 ], [ -121.75509, 37.61314 ], [ -121.75356, 37.61158 ], [ -121.75278, 37.61149 ], [ -121.75164, 37.61189 ], [ -121.7513, 37.61141 ], [ -121.75359, 37.60999 ], [ -121.75501, 37.60966 ], [ -121.75504, 37.60861 ], [ -121.75581, 37.6077 ], [ -121.75735, 37.60763 ], [ -121.75635, 37.60626 ], [ -121.75291, 37.60535 ], [ -121.75223, 37.60477 ], [ -121.75221, 37.60597 ], [ -121.75153, 37.60618 ], [ -121.75119, 37.60542 ], [ -121.74975, 37.60434 ], [ -121.74986, 37.60523 ], [ -121.74947, 37.60558 ], [ -121.74784, 37.60626 ], [ -121.74729, 37.6059 ], [ -121.7464, 37.6059 ], [ -121.74543, 37.60639 ], [ -121.74529, 37.607 ], [ -121.74549, 37.60731 ], [ -121.7471, 37.60715 ], [ -121.74719, 37.60867 ], [ -121.74855, 37.6086 ], [ -121.74894, 37.60885 ], [ -121.74874, 37.61017 ], [ -121.75076, 37.61368 ], [ -121.75066, 37.61487 ] ], [ [ -121.7338, 37.59423 ], [ -121.73386, 37.59422 ], [ -121.7339, 37.59419 ], [ -121.7338, 37.59423 ] ], [ [ -121.71366, 37.59855 ], [ -121.71371, 37.59854 ], [ -121.71361, 37.59856 ], [ -121.71366, 37.59855 ] ] ] } },
{ "type": "Feature", "properties": { "kind": "label", "km": 1, "city": "Unincorporated", "people": 33 }, "geometry": { "type": "Point", "coordinates": [ -121.74528, 37.62628 ] } },
{ "type": "Feature", "properties": { "kind": "area", "km": 1, "city": "Unincorporated", "people": 8 }, "geometry": { "type": "Polygon", "coordinates": [ [ [ -121.71897, 37.66487 ], [ -121.71904, 37.67114 ], [ -121.71295, 37.67151 ], [ -121.71406, 37.67166 ], [ -121.71414, 37.67322 ], [ -121.71448, 37.67355 ], [ -121.71563, 37.67367 ], [ -121.71575, 37.67431 ], [ -121.7166, 37.67518 ], [ -121.71683, 37.67453 ], [ -121.7192, 37.67464 ], [ -121.71921, 37.67801 ], [ -121.71868, 37.67999 ], [ -121.70553, 37.67997 ], [ -121.70541, 37.67803 ], [ -121.70746, 37.67794 ], [ -121.70707, 37.67577 ], [ -121.70715, 37.6726 ], [ -121.70601, 37.67298 ], [ -121.7058, 37.67569 ], [ -121.70481, 37.6758 ], [ -121.70458, 37.67512 ], [ -121.7041, 37.6755 ], [ -121.7035, 37.67552 ], [ -121.70313, 37.67453 ], [ -121.70193, 37.67485 ], [ -121.70088, 37.67387 ], [ -121.70097, 37.67341 ], [ -121.70152, 37.67304 ], [ -121.70092, 37.672 ], [ -121.70109, 37.66482 ], [ -121.70182, 37.66499 ], [ -121.70185, 37.66793 ], [ -121.70213, 37.66832 ], [ -121.70575, 37.66729 ], [ -121.70908, 37.66728 ], [ -121.70931, 37.66809 ], [ -121.71337, 37.66811 ], [ -121.71688, 37.66628 ], [ -121.71718, 37.66645 ], [ -121.71721, 37.66813 ], [ -121.71855, 37.66813 ], [ -121.71855, 37.66508 ], [ -121.71897, 37.66487 ] ] ] } },
{ "type": "Feature", "properties": { "kind": "label", "km": 1, "city": "Unincorporated", "people": 8 }, "geometry": { "type": "Point", "coordinates": [ -121.7077, 37.67244 ] } },
{ "type": "Feature", "properties": { "kind": "area", "km": 1, "city": "Unincorporated", "people": 22 }, "geometry": { "type": "Polygon", "coordinates": [ [ [ -121.69693, 37.67808 ], [ -121.69512, 37.68007 ], [ -121.69116, 37.68154 ], [ -121.68841, 37.68352 ], [ -121.68477, 37.68401 ], [ -121.68377, 37.68679 ], [ -121.69698, 37.68697 ], [ -121.69719, 37.69786 ], [ -121.70085, 37.69787 ], [ -121.70142, 37.69568 ], [ -121.71519, 37.69569 ], [ -121.71729, 37.69446 ], [ -121.71841, 37.69432 ], [ -121.71864, 37.69453 ], [ -121.71821, 37.69766 ], [ -121.71851, 37.69972 ], [ -121.71378, 37.70171 ], [ -121.71268, 37.7007 ], [ -121.71196, 37.70047 ], [ -121.70484, 37.70133 ], [ -121.70189, 37.70268 ], [ -121.70034, 37.70473 ], [ -121.69794, 37.70571 ], [ -121.69697, 37.70555 ], [ -121.69691, 37.70364 ], [ -121.69399, 37.7079 ], [ -121.69408, 37.70891 ], [ -121.69556, 37.71242 ], [ -121.69592, 37.71889 ], [ -121.68111, 37.72198 ], [ -121.67531, 37.72134 ], [ -121.6735, 37.72059 ], [ -121.67067, 37.71884 ], [ -121.66772, 37.71809 ], [ -121.66549, 37.71813 ], [ -121.66047, 37.71946 ], [ -121.65933, 37.71896 ], [ -121.65668, 37.71907 ], [ -121.65657, 37.71878 ], [ -121.65723, 37.71832 ], [ -121.66087, 37.71797 ], [ -121.66151, 37.71714 ], [ -121.66333, 37.7173 ], [ -121.66647, 37.71591 ], [ -121.66712, 37.71597 ], [ -121.66865, 37.71729 ], [ -121.67055, 37.71676 ], [ -121.67427, 37.71852 ], [ -121.67737, 37.71811 ], [ -121.67472, 37.71613 ], [ -121.67299, 37.714 ], [ -121.67207, 37.71356 ], [ -121.67069, 37.71339 ], [ -121.66952, 37.71143 ], [ -121.66687, 37.71204 ], [ -121.66565, 37.71204 ], [ -121.66499, 37.71177 ], [ -121.66419, 37.71084 ], [ -121.66068, 37.71076 ], [ -121.65934, 37.71031 ], [ -121.659, 37.70959 ], [ -121.6573, 37.71029 ], [ -121.65529, 37.71182 ], [ -121.65377, 37.71198 ], [ -121.65313, 37.71172 ], [ -121.65274, 37.71111 ], [ -121.65312, 37.70933 ], [ -121.65288, 37.70933 ], [ -121.65189, 37.71205 ], [ -121.65116, 37.71254 ], [ -121.65264, 37.7146 ], [ -121.65227, 37.7149 ], [ -121.65023, 37.71306 ], [ -121.64773, 37.71221 ], [ -121.6467, 37.71139 ], [ -121.64518, 37.70847 ], [ -121.64322, 37.70629 ], [ -121.64547, 37.70485 ], [ -121.64629, 37.70367 ], [ -121.64633, 37.70237 ], [ -121.64709, 37.70144 ], [ -121.65136, 37.69961 ], [ -121.65484, 37.69939 ], [ -121.65892, 37.69799 ], [ -121.66155, 37.69922 ], [ -121.66186, 37.69985 ], [ -121.66141, 37.70037 ], [ -121.66312, 37.7005 ], [ -121.66759, 37.69985 ], [ -121.67042, 37.69849 ], [ -121.67345, 37.69766 ], [ -121.67471, 37.69758 ], [ -121.6744, 37.69506 ], [ -121.67509, 37.69423 ], [ -121.67306, 37.69335 ], [ -121.67067, 37.69276 ], [ -121.66944, 37.69185 ], [ -121.66625, 37.6904 ], [ -121.6633, 37.68712 ], [ -121.65952, 37.686 ], [ -121.65929, 37.68195 ], [ -121.65782, 37.6797 ], [ -121.65826, 37.67828 ], [ -121.66042, 37.67685 ], [ -121.66383, 37.67543 ], [ -121.66588, 37.67408 ], [ -121.66742, 37.67347 ], [ -121.67111, 37.67094 ], [ -121.67473, 37.66634 ], [ -121.68163, 37.66387 ], [ -121.6831, 37.66415 ], [ -121.68355, 37.66457 ], [ -121.68408, 37.66414 ], [ -121.68482, 37.66428 ], [ -121.68522, 37.66521 ], [ -121.68611, 37.66536 ], [ -121.68665, 37.66597 ], [ -121.6874, 37.66595 ], [ -121.68768, 37.66678 ], [ -121.68818, 37.66676 ], [ -121.69013, 37.6679 ], [ -121.69307, 37.66786 ], [ -121.69688, 37.66837 ], [ -121.69693, 37.67808 ] ], [ [ -121.69719, 37.69965 ], [ -121.6968, 37.70206 ], [ -121.6971, 37.70297 ], [ -121.69869, 37.70092 ], [ -121.69996, 37.69991 ], [ -121.69719, 37.69965 ] ], [ [ -121.66094, 37.70062 ], [ -121.66095, 37.70066 ], [ -121.66107, 37.70055 ], [ -121.66094, 37.70062 ] ] ] } },
{ "type": "Feature", "properties": { "kind": "label", "km": 1, "city": "Unincorporated", "people": 22 }, "geometry": { "type": "Point", "coordinates": [ -121.68432, 37.69287 ] } },
{ "type": "Feature", "properties": { "kind": "area", "km": 1, "city": "Unincorporated", "people": 30 }, "geometry": { "type": "Polygon", "coordinates": [ [ [ -121.57726, 37.81163 ], [ -121.56086, 37.81576 ], [ -121.55888, 37.81457 ], [ -121.5569, 37.81594 ], [ -121.55672, 37.80728 ], [ -121.55709, 37.80681 ], [ -121.55877, 37.80673 ], [ -121.55885, 37.80029 ], [ -121.5592, 37.80023 ], [ -121.56049, 37.80101 ], [ -121.57679, 37.8111 ], [ -121.57726, 37.81163 ] ], [ [ -121.55889, 37.81433 ], [ -121.55944, 37.81305 ], [ -121.55887, 37.81319 ], [ -121.55889, 37.81433 ] ] ] } },
{ "type": "Feature", "properties": { "kind": "label", "km": 1, "city": "Unincorporated", "people": 30 }, "geometry": { "type": "Point", "coordinates": [ -121.56429, 37.80816 ] } },
{ "type": "Feature", "properties": { "kind": "area", "km": 1, "city": "Union City", "people": 914 }, "geometry": { "type": "Polygon", "coordinates": [ [ [ -122.08539, 37.56717 ], [ -122.08446, 37.56784 ], [ -122.08392, 37.56966 ], [ -122.08582, 37.5734 ], [ -122.08314, 37.57467 ], [ -122.08322, 37.57551 ], [ -122.08902, 37.58862 ], [ -122.08868, 37.58883 ], [ -122.0861, 37.58796 ], [ -122.08266, 37.58925 ], [ -122.08164, 37.5875 ], [ -122.08333, 37.58726 ], [ -122.08378, 37.5877 ], [ -122.08408, 37.58759 ], [ -122.08317, 37.58603 ], [ -122.08237, 37.58594 ], [ -122.08195, 37.58398 ], [ -122.08076, 37.58404 ], [ -122.08062, 37.57795 ], [ -122.07953, 37.5753 ], [ -122.08027, 37.57484 ], [ -122.08205, 37.57468 ], [ -122.08091, 37.57244 ], [ -122.07902, 37.57166 ], [ -122.07903, 37.57235 ], [ -122.07809, 37.5726 ], [ -122.07602, 37.57026 ], [ -122.07041, 37.56713 ], [ -122.06883, 37.56814 ], [ -122.06731, 37.56815 ], [ -122.06656, 37.56843 ], [ -122.06361, 37.57172 ], [ -122.06253, 37.57116 ], [ -122.06641, 37.56642 ], [ -122.06957, 37.56345 ], [ -122.0713, 37.5628 ], [ -122.07933, 37.56127 ], [ -122.08086, 37.56119 ], [ -122.0809, 37.56212 ], [ -122.08405, 37.56248 ], [ -122.08399, 37.56536 ], [ -122.08015, 37.56505 ], [ -122.07941, 37.56619 ], [ -122.08474, 37.56613 ], [ -122.08496, 37.56643 ], [ -122.08429, 37.56693 ], [ -122.08539, 37.56717 ] ], [ [ -122.08374, 37.58028 ], [ -122.08274, 37.57981 ], [ -122.08208, 37.57841 ], [ -122.0818, 37.57846 ], [ -122.08195, 37.5793 ], [ -122.08272, 37.58028 ], [ -122.0818, 37.58092 ], [ -122.0818, 37.58205 ], [ -122.08458, 37.58121 ], [ -122.08374, 37.58028 ] ] ] } },
{ "type": "Feature", "properties": { "kind": "label", "km": 1, "city": "Union City", "people": 914 }, "geometry": { "type": "Point", "coordinates": [ -122.08146, 37.5752 ] } },
{ "type": "Feature", "properties": { "kind": "area", "km": 1, "city": "Union City", "people": 101 }, "geometry": { "type": "Polygon", "coordinates": [ [ [ -122.0584, 37.59614 ], [ -122.05631, 37.59637 ], [ -122.05497, 37.59607 ], [ -122.05529, 37.59487 ], [ -122.05724, 37.59471 ], [ -122.05608, 37.59308 ], [ -122.05455, 37.59321 ], [ -122.05439, 37.59262 ], [ -122.05567, 37.59239 ], [ -122.05204, 37.58731 ], [ -122.05129, 37.58679 ], [ -122.05116, 37.58613 ], [ -122.0504, 37.5855 ], [ -122.04697, 37.58784 ], [ -122.04767, 37.58886 ], [ -122.04967, 37.5893 ], [ -122.05247, 37.59092 ], [ -122.05178, 37.59228 ], [ -122.05286, 37.59293 ], [ -122.05178, 37.59571 ], [ -122.04706, 37.5944 ], [ -122.047, 37.58995 ], [ -122.04498, 37.58938 ], [ -122.04469, 37.59051 ], [ -122.04358, 37.59045 ], [ -122.04353, 37.58881 ], [ -122.04319, 37.58888 ], [ -122.04284, 37.59045 ], [ -122.04165, 37.59038 ], [ -122.04169, 37.58914 ], [ -122.04136, 37.58918 ], [ -122.04103, 37.59052 ], [ -122.03771, 37.59021 ], [ -122.0368, 37.58966 ], [ -122.0386, 37.58758 ], [ -122.04144, 37.58789 ], [ -122.04476, 37.58726 ], [ -122.04672, 37.58646 ], [ -122.04837, 37.58545 ], [ -122.0503, 37.58347 ], [ -122.05896, 37.59569 ], [ -122.0584, 37.59614 ] ], [ [ -122.04804, 37.59376 ], [ -122.04847, 37.59394 ], [ -122.04869, 37.59376 ], [ -122.04838, 37.59377 ], [ -122.04804, 37.59376 ] ] ] } },
{ "type": "Feature", "properties": { "kind": "label", "km": 1, "city": "Union City", "people": 101 }, "geometry": { "type": "Point", "coordinates": [ -122.0489, 37.58998 ] } },
{ "type": "Feature", "properties": { "kind": "area", "km": 1, "city": "Union City", "people": 21 }, "geometry": { "type": "Polygon", "coordinates": [ [ [ -122.09206, 37.59369 ], [ -122.09122, 37.59451 ], [ -122.09118, 37.59509 ], [ -122.09149, 37.59605 ], [ -122.09155, 37.60003 ], [ -122.08839, 37.60696 ], [ -122.08756, 37.60784 ], [ -122.08777, 37.60822 ], [ -122.08736, 37.60841 ], [ -122.08423, 37.60571 ], [ -122.08686, 37.60384 ], [ -122.08638, 37.5961 ], [ -122.08689, 37.59528 ], [ -122.09006, 37.59527 ], [ -122.08999, 37.5929 ], [ -122.0905, 37.59257 ], [ -122.0918, 37.59259 ], [ -122.09206, 37.59369 ] ] ] } },
{ "type": "Feature", "properties": { "kind": "label", "km": 1, "city": "Union City", "people": 21 }, "geometry": { "type": "Point", "coordinates": [ -122.08887, 37.60062 ] } },
{ "type": "Feature", "properties": { "kind": "area", "km": 1, "city": "Union City", "people": 1 }, "geometry": { "type": "Polygon", "coordinates": [ [ [ -122.07141, 37.61341 ], [ -122.0663, 37.61326 ], [ -122.06769, 37.60838 ], [ -122.06808, 37.60847 ], [ -122.07141, 37.61341 ] ] ] } },
{ "type": "Feature", "properties": { "kind": "label", "km": 1, "city": "Union City", "people": 1 }, "geometry": { "type": "Point", "coordinates": [ -122.0683, 37.61088 ] } },
{ "type": "Feature", "properties": { "kind": "area", "km": 1, "city": "Union City", "people": 832 }, "geometry": { "type": "Polygon", "coordinates": [ [ [ -122.0206, 37.59054 ], [ -122.01689, 37.60108 ], [ -122.01785, 37.60188 ], [ -122.01733, 37.60246 ], [ -122.01829, 37.60329 ], [ -122.01782, 37.60382 ], [ -122.02012, 37.60597 ], [ -122.02098, 37.60567 ], [ -122.02609, 37.60572 ], [ -122.02762, 37.60458 ], [ -122.02561, 37.60286 ], [ -122.02611, 37.60224 ], [ -122.02418, 37.60047 ], [ -122.02464, 37.60009 ], [ -122.02839, 37.60335 ], [ -122.02849, 37.60251 ], [ -122.02906, 37.60193 ], [ -122.02942, 37.60194 ], [ -122.03318, 37.60578 ], [ -122.03296, 37.60611 ], [ -122.03027, 37.60619 ], [ -122.03152, 37.60738 ], [ -122.03066, 37.60811 ], [ -122.02393, 37.60828 ], [ -122.02189, 37.60952 ], [ -122.02057, 37.60856 ], [ -122.01992, 37.60928 ], [ -122.02148, 37.6098 ], [ -122.02116, 37.61054 ], [ -122.02046, 37.61074 ], [ -122.01866, 37.61017 ], [ -122.01779, 37.61113 ], [ -122.01698, 37.61062 ], [ -122.01676, 37.60973 ], [ -122.0159, 37.61034 ], [ -122.01464, 37.6107 ], [ -122.01167, 37.60977 ], [ -122.01123, 37.60874 ], [ -122.00746, 37.60636 ], [ -122.0047, 37.60661 ], [ -122.00345, 37.60724 ], [ -122.00268, 37.60815 ], [ -121.99992, 37.60852 ], [ -121.99764, 37.60688 ], [ -121.99571, 37.60627 ], [ -121.99338, 37.6069 ], [ -121.99025, 37.6063 ], [ -121.98957, 37.60647 ], [ -121.98696, 37.60586 ], [ -121.98414, 37.60414 ], [ -121.98322, 37.60293 ], [ -121.98764, 37.59951 ], [ -121.98873, 37.59985 ], [ -121.99003, 37.6009 ], [ -121.99237, 37.60123 ], [ -121.99134, 37.59849 ], [ -121.9913, 37.5979 ], [ -121.99168, 37.59763 ], [ -121.99305, 37.5974 ], [ -121.99827, 37.60024 ], [ -121.99922, 37.60005 ], [ -122.0045, 37.59747 ], [ -122.00515, 37.59642 ], [ -122.00517, 37.59515 ], [ -122.00621, 37.5941 ], [ -122.00112, 37.58943 ], [ -122.00567, 37.58618 ], [ -122.00691, 37.58258 ], [ -122.00813, 37.58282 ], [ -122.01157, 37.58425 ], [ -122.01127, 37.58537 ], [ -122.0122, 37.58629 ], [ -122.01294, 37.58473 ], [ -122.01447, 37.5851 ], [ -122.01373, 37.58719 ], [ -122.01511, 37.58805 ], [ -122.01607, 37.58639 ], [ -122.01518, 37.58612 ], [ -122.01531, 37.58547 ], [ -122.01763, 37.586 ], [ -122.01722, 37.58834 ], [ -122.0206, 37.59054 ] ], [ [ -122.01531, 37.59843 ], [ -122.01495, 37.59823 ], [ -122.01529, 37.59848 ], [ -122.01531, 37.59843 ] ], [ [ -122.01126, 37.58877 ], [ -122.01084, 37.58889 ], [ -122.01103, 37.58901 ], [ -122.01126, 37.58877 ] ], [ [ -122.00905, 37.58535 ], [ -122.00735, 37.58409 ], [ -122.00658, 37.58637 ], [ -122.00767, 37.58698 ], [ -122.00905, 37.58535 ] ], [ [ -122.0095, 37.59561 ], [ -122.00948, 37.59505 ], [ -122.01025, 37.59449 ], [ -122.00957, 37.59472 ], [ -122.00902, 37.59439 ], [ -122.00887, 37.59405 ], [ -122.00923, 37.5936 ], [ -122.00835, 37.59379 ], [ -122.00787, 37.59417 ], [ -122.0095, 37.59561 ] ], [ [ -122.00793, 37.59326 ], [ -122.00839, 37.59281 ], [ -122.0083, 37.59274 ], [ -122.00778, 37.59312 ], [ -122.00793, 37.59326 ] ], [ [ -122.00624, 37.59099 ], [ -122.00513, 37.59179 ], [ -122.0062, 37.59274 ], [ -122.00656, 37.5912 ], [ -122.00624, 37.59099 ] ], [ [ -122.01187, 37.59774 ], [ -122.01114, 37.5968 ], [ -122.01096, 37.59693 ], [ -122.01187, 37.59774 ] ] ] } },
{ "type": "Feature", "properties": { "kind": "label", "km": 1, "city": "Union City", "people": 832 }, "geometry": { "type": "Point", "coordinates": [ -122.01483, 37.59683 ] } },
{ "type": "Feature", "properties": { "kind": "area", "km": 2, "city": "Alameda", "people": 3380 }, "geometry": { "type": "Polygon", "coordinates": [ [ [ -122.28929, 37.76644 ], [ -122.28812, 37.76855 ], [ -122.28854, 37.7682 ], [ -122.289, 37.76829 ], [ -122.28899, 37.76864 ], [ -122.28951, 37.76895 ], [ -122.28903, 37.76933 ], [ -122.28935, 37.76961 ], [ -122.28988, 37.7692 ], [ -122.29072, 37.76918 ], [ -122.29142, 37.76821 ], [ -122.29193, 37.76963 ], [ -122.2996, 37.77182 ], [ -122.30525, 37.77199 ], [ -122.30502, 37.77279 ], [ -122.3011, 37.77262 ], [ -122.30103, 37.77344 ], [ -122.30131, 37.77368 ], [ -122.30561, 37.77392 ], [ -122.3058, 37.77441 ], [ -122.30139, 37.77439 ], [ -122.3003, 37.77524 ], [ -122.3021, 37.77532 ], [ -122.30238, 37.77574 ], [ -122.30008, 37.77583 ], [ -122.29877, 37.77655 ], [ -122.2986, 37.7798 ], [ -122.3041, 37.78003 ], [ -122.30497, 37.77979 ], [ -122.30605, 37.78017 ], [ -122.30654, 37.77985 ], [ -122.30681, 37.78025 ], [ -122.30822, 37.78034 ], [ -122.30861, 37.77611 ], [ -122.30892, 37.7759 ], [ -122.31563, 37.77629 ], [ -122.31823, 37.77934 ], [ -122.3232, 37.77962 ], [ -122.32552, 37.78081 ], [ -122.3281, 37.78103 ], [ -122.33181, 37.78688 ], [ -122.33117, 37.79242 ], [ -122.3315, 37.7946 ], [ -122.33221, 37.79555 ], [ -122.3319, 37.7971 ], [ -122.33115, 37.79709 ], [ -122.33075, 37.79741 ], [ -122.31564, 37.79363 ], [ -122.30928, 37.79234 ], [ -122.30891, 37.7925 ], [ -122.30334, 37.79086 ], [ -122.29693, 37.79051 ], [ -122.28966, 37.79242 ], [ -122.28789, 37.79264 ], [ -122.28068, 37.79277 ], [ -122.27725, 37.79198 ], [ -122.2761, 37.79145 ], [ -122.27787, 37.78835 ], [ -122.28037, 37.78967 ], [ -122.28245, 37.78986 ], [ -122.28249, 37.78494 ], [ -122.28379, 37.78458 ], [ -122.28298, 37.78455 ], [ -122.28281, 37.78428 ], [ -122.28231, 37.78456 ], [ -122.28138, 37.78443 ], [ -122.28192, 37.78228 ], [ -122.28404, 37.78227 ], [ -122.28419, 37.78329 ], [ -122.28576, 37.78323 ], [ -122.28637, 37.78363 ], [ -122.28643, 37.7846 ], [ -122.28792, 37.78463 ], [ -122.28817, 37.7842 ], [ -122.29058, 37.78423 ], [ -122.29051, 37.78072 ], [ -122.28908, 37.7807 ], [ -122.28885, 37.78041 ], [ -122.28778, 37.78068 ], [ -122.28757, 37.78011 ], [ -122.28447, 37.78023 ], [ -122.27691, 37.7798 ], [ -122.27691, 37.78233 ], [ -122.27649, 37.78251 ], [ -122.27621, 37.78229 ], [ -122.2762, 37.77986 ], [ -122.27464, 37.78 ], [ -122.27433, 37.77932 ], [ -122.27083, 37.77969 ], [ -122.26448, 37.77943 ], [ -122.2633, 37.77901 ], [ -122.26439, 37.78019 ], [ -122.26431, 37.7809 ], [ -122.26566, 37.78105 ], [ -122.26549, 37.78258 ], [ -122.264, 37.7828 ], [ -122.26274, 37.78244 ], [ -122.26254, 37.78276 ], [ -122.26189, 37.7826 ], [ -122.26131, 37.78279 ], [ -122.26081, 37.78266 ], [ -122.26058, 37.78192 ], [ -122.26045, 37.77823 ], [ -122.26014, 37.77821 ], [ -122.25957, 37.78238 ], [ -122.25915, 37.78259 ], [ -122.25741, 37.78204 ], [ -122.25588, 37.78108 ], [ -122.25779, 37.77819 ], [ -122.25603, 37.77749 ], [ -122.25561, 37.77806 ], [ -122.25507, 37.77797 ], [ -122.25468, 37.77844 ], [ -122.2529, 37.77871 ], [ -122.25237, 37.77839 ], [ -122.25275, 37.77764 ], [ -122.25202, 37.77712 ], [ -122.25327, 37.7755 ], [ -122.25446, 37.77587 ], [ -122.25421, 37.77648 ], [ -122.25703, 37.77718 ], [ -122.25842, 37.77717 ], [ -122.25862, 37.77661 ], [ -122.25833, 37.77631 ], [ -122.25864, 37.77609 ], [ -122.26335, 37.77662 ], [ -122.27444, 37.77691 ], [ -122.27478, 37.77794 ], [ -122.2764, 37.77797 ], [ -122.27666, 37.77701 ], [ -122.28099, 37.77713 ], [ -122.28115, 37.779 ], [ -122.28388, 37.77914 ], [ -122.28425, 37.77915 ], [ -122.28433, 37.77761 ], [ -122.28208, 37.77751 ], [ -122.28213, 37.77617 ], [ -122.28813, 37.77626 ], [ -122.28833, 37.77698 ], [ -122.28966, 37.77731 ], [ -122.28988, 37.77628 ], [ -122.29109, 37.77626 ], [ -122.29159, 37.77684 ], [ -122.29168, 37.78466 ], [ -122.29392, 37.78476 ], [ -122.29446, 37.78373 ], [ -122.2966, 37.78413 ], [ -122.29663, 37.78491 ], [ -122.29838, 37.7855 ], [ -122.29817, 37.78829 ], [ -122.30205, 37.78851 ], [ -122.30267, 37.78917 ], [ -122.3034, 37.78857 ], [ -122.30827, 37.78883 ], [ -122.30859, 37.78521 ], [ -122.3082, 37.785 ], [ -122.30832, 37.78365 ], [ -122.29794, 37.78307 ], [ -122.29755, 37.78259 ], [ -122.29775, 37.78018 ], [ -122.29584, 37.78009 ], [ -122.29421, 37.78047 ], [ -122.29305, 37.77995 ], [ -122.29317, 37.77957 ], [ -122.29402, 37.77936 ], [ -122.29545, 37.77947 ], [ -122.29586, 37.77524 ], [ -122.29927, 37.7753 ], [ -122.30022, 37.77453 ], [ -122.30032, 37.77253 ], [ -122.29322, 37.77216 ], [ -122.29301, 37.77527 ], [ -122.29114, 37.77537 ], [ -122.29012, 37.7738 ], [ -122.28629, 37.77183 ], [ -122.27836, 37.77165 ], [ -122.27809, 37.77106 ], [ -122.27685, 37.77135 ], [ -122.27636, 37.77106 ], [ -122.2761, 37.77159 ], [ -122.27281, 37.77149 ], [ -122.27268, 37.76942 ], [ -122.27048, 37.76873 ], [ -122.27077, 37.76763 ], [ -122.27003, 37.76812 ], [ -122.2692, 37.76766 ], [ -122.26835, 37.76765 ], [ -122.26802, 37.76715 ], [ -122.2671, 37.76698 ], [ -122.26693, 37.76653 ], [ -122.26626, 37.76654 ], [ -122.26581, 37.76599 ], [ -122.2651, 37.76599 ], [ -122.26468, 37.76556 ], [ -122.26379, 37.76543 ], [ -122.26372, 37.76429 ], [ -122.26271, 37.76486 ], [ -122.26201, 37.76443 ], [ -122.26218, 37.76388 ], [ -122.26146, 37.76411 ], [ -122.26115, 37.76379 ], [ -122.26208, 37.76272 ], [ -122.26951, 37.76556 ], [ -122.27134, 37.76588 ], [ -122.27131, 37.76419 ], [ -122.2702, 37.76403 ], [ -122.2694, 37.76344 ], [ -122.26811, 37.76393 ], [ -122.26749, 37.76367 ], [ -122.26861, 37.76141 ], [ -122.26398, 37.7597 ], [ -122.26389, 37.75933 ], [ -122.26451, 37.75875 ], [ -122.27075, 37.76102 ], [ -122.2726, 37.76218 ], [ -122.27505, 37.76494 ], [ -122.27592, 37.76641 ], [ -122.27599, 37.76753 ], [ -122.27648, 37.76794 ], [ -122.27777, 37.76831 ], [ -122.28009, 37.76617 ], [ -122.28083, 37.76607 ], [ -122.28101, 37.76652 ], [ -122.2802, 37.76703 ], [ -122.28014, 37.76798 ], [ -122.28186, 37.76822 ], [ -122.28189, 37.7709 ], [ -122.28278, 37.77074 ], [ -122.28286, 37.77 ], [ -122.28373, 37.76987 ], [ -122.28393, 37.76906 ], [ -122.28457, 37.76903 ], [ -122.28546, 37.76959 ], [ -122.28401, 37.76842 ], [ -122.28428, 37.76704 ], [ -122.28507, 37.76697 ], [ -122.28633, 37.76775 ], [ -122.28687, 37.76757 ], [ -122.28724, 37.76666 ], [ -122.2865, 37.76581 ], [ -122.28249, 37.76494 ], [ -122.28227, 37.76403 ], [ -122.2825, 37.76358 ], [ -122.2867, 37.76439 ], [ -122.28895, 37.7653 ], [ -122.28929, 37.76644 ] ], [ [ -122.28098, 37.76949 ], [ -122.28033, 37.7695 ], [ -122.28033, 37.76985 ], [ -122.28098, 37.76985 ], [ -122.28098, 37.76949 ] ], [ [ -122.28493, 37.78715 ], [ -122.28367, 37.78754 ], [ -122.28364, 37.78816 ], [ -122.28439, 37.7883 ], [ -122.28508, 37.78895 ], [ -122.28672, 37.78903 ], [ -122.28732, 37.78888 ], [ -122.2886, 37.78721 ], [ -122.28493, 37.78715 ] ] ] } },
{ "type": "Feature", "properties": { "kind": "label", "km": 2, "city": "Alameda", "people": 3380 }, "geometry": { "type": "Point", "coordinates": [ -122.27082, 37.77859 ] } },
{ "type": "Feature", "properties": { "kind": "area", "km": 2, "city": "Alameda", "people": 8162 }, "geometry": { "type": "Polygon", "coordinates": [ [ [ -122.25801, 37.73778 ], [ -122.25994, 37.73949 ], [ -122.26136, 37.74006 ], [ -122.26131, 37.74331 ], [ -122.25225, 37.74822 ], [ -122.25083, 37.74841 ], [ -122.24727, 37.74815 ], [ -122.23968, 37.74828 ], [ -122.2377, 37.74798 ], [ -122.23686, 37.74821 ], [ -122.23635, 37.74752 ], [ -122.23526, 37.74692 ], [ -122.22678, 37.74519 ], [ -122.22651, 37.7338 ], [ -122.22923, 37.72857 ], [ -122.22924, 37.72764 ], [ -122.22855, 37.72762 ], [ -122.22838, 37.72736 ], [ -122.2361, 37.71964 ], [ -122.24525, 37.72565 ], [ -122.25021, 37.72979 ], [ -122.25739, 37.73653 ], [ -122.25801, 37.73778 ] ], [ [ -122.24911, 37.7469 ], [ -122.25074, 37.74633 ], [ -122.25048, 37.74547 ], [ -122.25091, 37.74517 ], [ -122.24988, 37.74322 ], [ -122.24789, 37.74323 ], [ -122.24631, 37.7427 ], [ -122.24614, 37.74384 ], [ -122.24521, 37.74416 ], [ -122.24422, 37.7451 ], [ -122.24425, 37.74711 ], [ -122.24908, 37.74718 ], [ -122.24911, 37.7469 ] ], [ [ -122.2556, 37.74411 ], [ -122.25607, 37.74473 ], [ -122.25655, 37.74434 ], [ -122.2566, 37.74377 ], [ -122.2556, 37.74411 ] ], [ [ -122.25759, 37.74289 ], [ -122.25771, 37.74397 ], [ -122.2587, 37.74355 ], [ -122.25759, 37.74289 ] ], [ [ -122.25239, 37.74612 ], [ -122.25261, 37.74599 ], [ -122.25247, 37.7454 ], [ -122.25224, 37.74551 ], [ -122.25239, 37.74612 ] ], [ [ -122.25396, 37.74468 ], [ -122.25383, 37.74521 ], [ -122.25406, 37.74514 ], [ -122.25396, 37.74468 ] ], [ [ -122.23974, 37.73725 ], [ -122.23997, 37.73662 ], [ -122.24077, 37.73596 ], [ -122.23976, 37.73588 ], [ -122.2389, 37.73718 ], [ -122.23974, 37.73725 ] ], [ [ -122.24507, 37.72637 ], [ -122.24303, 37.72529 ], [ -122.24013, 37.72537 ], [ -122.24048, 37.72774 ], [ -122.24104, 37.72865 ], [ -122.24579, 37.73064 ], [ -122.24627, 37.73006 ], [ -122.24816, 37.72916 ], [ -122.24507, 37.72637 ] ], [ [ -122.23922, 37.72375 ], [ -122.23716, 37.72242 ], [ -122.23625, 37.72263 ], [ -122.23447, 37.72449 ], [ -122.23483, 37.72733 ], [ -122.238, 37.727 ], [ -122.23841, 37.72531 ], [ -122.23953, 37.72511 ], [ -122.23922, 37.72375 ] ] ] } },
{ "type": "Feature", "properties": { "kind": "label", "km": 2, "city": "Alameda", "people": 8162 }, "geometry": { "type": "Point", "coordinates": [ -122.24073, 37.73454 ] } },
{ "type": "Feature", "properties": { "kind": "area", "km": 2, "city": "Alameda", "people": 54 }, "geometry": { "type": "Polygon", "coordinates": [ [ [ -122.23657, 37.74857 ], [ -122.23643, 37.74989 ], [ -122.23575, 37.75007 ], [ -122.23524, 37.75094 ], [ -122.23472, 37.75098 ], [ -122.23326, 37.7502 ], [ -122.22712, 37.75458 ], [ -122.22757, 37.75506 ], [ -122.22614, 37.75641 ], [ -122.22512, 37.75597 ], [ -122.22627, 37.7546 ], [ -122.22477, 37.75339 ], [ -122.22588, 37.74951 ], [ -122.23593, 37.74835 ], [ -122.23657, 37.74857 ] ] ] } },
{ "type": "Feature", "properties": { "kind": "label", "km": 2, "city": "Alameda", "people": 54 }, "geometry": { "type": "Point", "coordinates": [ -122.22778, 37.75223 ] } },
{ "type": "Feature", "properties": { "kind": "area", "km": 2, "city": "Berkeley", "people": 239 }, "geometry": { "type": "Polygon", "coordinates": [ [ [ -122.25124, 37.85115 ], [ -122.24563, 37.85819 ], [ -122.24369, 37.85823 ], [ -122.24334, 37.85504 ], [ -122.24426, 37.85474 ], [ -122.24417, 37.85425 ], [ -122.24329, 37.85423 ], [ -122.24221, 37.85349 ], [ -122.24176, 37.85305 ], [ -122.24185, 37.85257 ], [ -122.24292, 37.85207 ], [ -122.24426, 37.85251 ], [ -122.24709, 37.85282 ], [ -122.24683, 37.85201 ], [ -122.24737, 37.85137 ], [ -122.25052, 37.85116 ], [ -122.25088, 37.85089 ], [ -122.25124, 37.85115 ] ] ] } },
{ "type": "Feature", "properties": { "kind": "label", "km": 2, "city": "Berkeley", "people": 239 }, "geometry": { "type": "Point", "coordinates": [ -122.24639, 37.85462 ] } },
{ "type": "Feature", "properties": { "kind": "area", "km": 2, "city": "Berkeley", "people": 21 }, "geometry": { "type": "Polygon", "coordinates": [ [ [ -122.33292, 37.86265 ], [ -122.32948, 37.87137 ], [ -122.32623, 37.8744 ], [ -122.32781, 37.87753 ], [ -122.31228, 37.88156 ], [ -122.30971, 37.8781 ], [ -122.30969, 37.87762 ], [ -122.3101, 37.87745 ], [ -122.30847, 37.87013 ], [ -122.31329, 37.86934 ], [ -122.31602, 37.87217 ], [ -122.31866, 37.87563 ], [ -122.32436, 37.87446 ], [ -122.31854, 37.86818 ], [ -122.31797, 37.86873 ], [ -122.31495, 37.86921 ], [ -122.31445, 37.86822 ], [ -122.31276, 37.86777 ], [ -122.3114, 37.86541 ], [ -122.31145, 37.86496 ], [ -122.31215, 37.86488 ], [ -122.3123, 37.86461 ], [ -122.31618, 37.86384 ], [ -122.31689, 37.86415 ], [ -122.31765, 37.86605 ], [ -122.31768, 37.86604 ], [ -122.31764, 37.86367 ], [ -122.31621, 37.85941 ], [ -122.31578, 37.85926 ], [ -122.31619, 37.86143 ], [ -122.31557, 37.86257 ], [ -122.31431, 37.86307 ], [ -122.31151, 37.86358 ], [ -122.31176, 37.86452 ], [ -122.3114, 37.86492 ], [ -122.30669, 37.86601 ], [ -122.30623, 37.86563 ], [ -122.30621, 37.86504 ], [ -122.3071, 37.86454 ], [ -122.30648, 37.86244 ], [ -122.30631, 37.86313 ], [ -122.30476, 37.86336 ], [ -122.30345, 37.8626 ], [ -122.30243, 37.8611 ], [ -122.30024, 37.85309 ], [ -122.30014, 37.85021 ], [ -122.30081, 37.84725 ], [ -122.30968, 37.84533 ], [ -122.31106, 37.85376 ], [ -122.31401, 37.85338 ], [ -122.3224, 37.85338 ], [ -122.32632, 37.85436 ], [ -122.33139, 37.857 ], [ -122.33265, 37.85924 ], [ -122.33292, 37.86265 ] ], [ [ -122.30578, 37.85977 ], [ -122.30568, 37.86096 ], [ -122.30639, 37.86215 ], [ -122.3063, 37.86181 ], [ -122.30578, 37.85977 ] ] ] } },
{ "type": "Feature", "properties": { "kind": "label", "km": 2, "city": "Berkeley", "people": 21 }, "geometry": { "type": "Point", "coordinates": [ -122.32514, 37.86318 ] } },
{ "type": "Feature", "properties": { "kind": "area", "km": 2, "city": "Dublin", "people": 1132 }, "geometry": { "type": "Polygon", "coordinates": [ [ [ -121.90011, 37.70328 ], [ -121.89999, 37.7045 ], [ -121.89877, 37.70435 ], [ -121.8988, 37.7058 ], [ -121.90023, 37.7059 ], [ -121.90002, 37.70736 ], [ -121.89723, 37.70746 ], [ -121.89711, 37.71001 ], [ -121.89299, 37.70995 ], [ -121.89314, 37.70627 ], [ -121.89689, 37.70612 ], [ -121.89688, 37.70339 ], [ -121.89815, 37.70238 ], [ -121.89905, 37.70247 ], [ -121.90011, 37.70328 ] ] ] } },
{ "type": "Feature", "properties": { "kind": "label", "km": 2, "city": "Dublin", "people": 1132 }, "geometry": { "type": "Point", "coordinates": [ -121.8967, 37.7062 ] } },
{ "type": "Feature", "properties": { "kind": "area", "km": 2, "city": "Dublin", "people": 10 }, "geometry": { "type": "Polygon", "coordinates": [ [ [ -121.88849, 37.70444 ], [ -121.88823, 37.70638 ], [ -121.88507, 37.70631 ], [ -121.88494, 37.70451 ], [ -121.88299, 37.70349 ], [ -121.88221, 37.70347 ], [ -121.88212, 37.70621 ], [ -121.87823, 37.70581 ], [ -121.87795, 37.7054 ], [ -121.87891, 37.70162 ], [ -121.88823, 37.70166 ], [ -121.88849, 37.70444 ] ] ] } },
{ "type": "Feature", "properties": { "kind": "label", "km": 2, "city": "Dublin", "people": 10 }, "geometry": { "type": "Point", "coordinates": [ -121.88634, 37.70405 ] } },
{ "type": "Feature", "properties": { "kind": "area", "km": 2, "city": "Fremont", "people": 4 }, "geometry": { "type": "Polygon", "coordinates": [ [ [ -122.05571, 37.49045 ], [ -122.05317, 37.49144 ], [ -122.05161, 37.49167 ], [ -122.03943, 37.49203 ], [ -122.03505, 37.49007 ], [ -122.03291, 37.48293 ], [ -122.02801, 37.47753 ], [ -122.02542, 37.47711 ], [ -122.02555, 37.47798 ], [ -122.02428, 37.47997 ], [ -122.02408, 37.48137 ], [ -122.0234, 37.48278 ], [ -122.02405, 37.48261 ], [ -122.02426, 37.48291 ], [ -122.02265, 37.48391 ], [ -122.0207, 37.48442 ], [ -122.01834, 37.48409 ], [ -122.01635, 37.48322 ], [ -122.01507, 37.48204 ], [ -122.0143, 37.48165 ], [ -122.01403, 37.4818 ], [ -122.01224, 37.48575 ], [ -122.01004, 37.489 ], [ -122.01107, 37.49234 ], [ -122.01095, 37.49296 ], [ -122.01029, 37.4936 ], [ -122.00802, 37.49405 ], [ -122.00658, 37.49482 ], [ -122.00591, 37.49484 ], [ -122.00566, 37.49448 ], [ -122.00518, 37.49444 ], [ -122.00472, 37.4947 ], [ -122.00313, 37.49469 ], [ -121.9996, 37.49358 ], [ -121.99645, 37.49847 ], [ -121.99388, 37.49876 ], [ -121.99316, 37.49812 ], [ -121.99255, 37.49821 ], [ -121.99375, 37.49938 ], [ -121.99323, 37.49967 ], [ -121.97434, 37.48156 ], [ -121.97361, 37.48025 ], [ -121.9731, 37.47813 ], [ -121.97369, 37.46986 ], [ -121.97435, 37.46985 ], [ -121.97442, 37.47044 ], [ -121.97511, 37.47019 ], [ -121.9776, 37.47082 ], [ -121.97959, 37.47051 ], [ -121.98114, 37.46968 ], [ -121.98482, 37.46636 ], [ -121.98665, 37.46563 ], [ -121.98807, 37.46571 ], [ -121.99094, 37.46731 ], [ -121.99476, 37.4689 ], [ -121.99991, 37.46965 ], [ -122.00049, 37.46904 ], [ -122.00159, 37.4687 ], [ -122.00991, 37.46833 ], [ -122.01618, 37.46757 ], [ -122.02068, 37.4678 ], [ -122.02586, 37.46881 ], [ -122.03658, 37.46927 ], [ -122.04335, 37.46808 ], [ -122.04662, 37.46729 ], [ -122.04863, 37.46632 ], [ -122.05032, 37.46612 ], [ -122.0511, 37.46673 ], [ -122.05172, 37.46822 ], [ -122.0522, 37.47133 ], [ -122.05384, 37.47296 ], [ -122.05241, 37.47595 ], [ -122.05278, 37.47661 ], [ -122.05266, 37.47818 ], [ -122.05416, 37.48233 ], [ -122.05397, 37.48357 ], [ -122.05488, 37.48657 ], [ -122.055, 37.4876 ], [ -122.05431, 37.4879 ], [ -122.05564, 37.48955 ], [ -122.05571, 37.49045 ] ] ] } },
{ "type": "Feature", "properties": { "kind": "label", "km": 2, "city": "Fremont", "people": 4 }, "geometry": { "type": "Point", "coordinates": [ -121.99459, 37.48257 ] } },
{ "type": "Feature", "properties": { "kind": "area", "km": 2, "city": "Fremont", "people": 5 }, "geometry": { "type": "Polygon", "coordinates": [ [ [ -122.1119, 37.51017 ], [ -122.10862, 37.51409 ], [ -122.10214, 37.52277 ], [ -122.09262, 37.53072 ], [ -122.08833, 37.53257 ], [ -122.07719, 37.53462 ], [ -122.07368, 37.5361 ], [ -122.06934, 37.53874 ], [ -122.06644, 37.53888 ], [ -122.0644, 37.53468 ], [ -122.06774, 37.52435 ], [ -122.06119, 37.52346 ], [ -122.06019, 37.52163 ], [ -122.06035, 37.52109 ], [ -122.07049, 37.51887 ], [ -122.06991, 37.51788 ], [ -122.07039, 37.51734 ], [ -122.07912, 37.51462 ], [ -122.08004, 37.51458 ], [ -122.08044, 37.51486 ], [ -122.08046, 37.51551 ], [ -122.0798, 37.51634 ], [ -122.08079, 37.51638 ], [ -122.082, 37.51576 ], [ -122.08269, 37.51429 ], [ -122.0846, 37.51421 ], [ -122.08788, 37.51297 ], [ -122.08907, 37.51305 ], [ -122.08978, 37.51357 ], [ -122.0887, 37.51685 ], [ -122.09249, 37.51834 ], [ -122.09349, 37.52082 ], [ -122.09832, 37.52237 ], [ -122.10122, 37.52121 ], [ -122.101, 37.51814 ], [ -122.11063, 37.50905 ], [ -122.1111, 37.50915 ], [ -122.11132, 37.50997 ], [ -122.1119, 37.51017 ] ] ] } },
{ "type": "Feature", "properties": { "kind": "label", "km": 2, "city": "Fremont", "people": 5 }, "geometry": { "type": "Point", "coordinates": [ -122.08435, 37.52411 ] } },
{ "type": "Feature", "properties": { "kind": "area", "km": 2, "city": "Fremont", "people": 1 }, "geometry": { "type": "Polygon", "coordinates": [ [ [ -122.00097, 37.53335 ], [ -121.9984, 37.53649 ], [ -121.9947, 37.53461 ], [ -121.99624, 37.5327 ], [ -121.99642, 37.53199 ], [ -121.998, 37.53178 ], [ -122.00097, 37.53335 ] ] ] } },
{ "type": "Feature", "properties": { "kind": "label", "km": 2, "city": "Fremont", "people": 1 }, "geometry": { "type": "Point", "coordinates": [ -121.99774, 37.53413 ] } },
{ "type": "Feature", "properties": { "kind": "area", "km": 2, "city": "Fremont", "people": 249 }, "geometry": { "type": "Polygon", "coordinates": [ [ [ -122.00974, 37.53472 ], [ -122.01416, 37.53693 ], [ -122.0154, 37.53803 ], [ -122.01424, 37.53932 ], [ -122.0134, 37.53905 ], [ -122.01148, 37.54139 ], [ -122.01022, 37.54076 ], [ -122.00947, 37.53968 ], [ -122.0077, 37.53851 ], [ -122.00894, 37.53687 ], [ -122.0083, 37.53633 ], [ -122.00974, 37.53472 ] ] ] } },
{ "type": "Feature", "properties": { "kind": "label", "km": 2, "city": "Fremont", "people": 249 }, "geometry": { "type": "Point", "coordinates": [ -122.01168, 37.53802 ] } },
{ "type": "Feature", "properties": { "kind": "area", "km": 2, "city": "Fremont", "people": 12 }, "geometry": { "type": "Polygon", "coordinates": [ [ [ -122.06934, 37.54445 ], [ -122.06682, 37.54505 ], [ -122.06749, 37.54688 ], [ -122.06784, 37.54937 ], [ -122.06165, 37.55167 ], [ -122.06016, 37.55316 ], [ -122.05845, 37.55289 ], [ -122.0557, 37.55309 ], [ -122.055, 37.54961 ], [ -122.0673, 37.54034 ], [ -122.06826, 37.54162 ], [ -122.06934, 37.54445 ] ] ] } },
{ "type": "Feature", "properties": { "kind": "label", "km": 2, "city": "Fremont", "people": 12 }, "geometry": { "type": "Point", "coordinates": [ -122.06306, 37.54671 ] } },
{ "type": "Feature", "properties": { "kind": "area", "km": 2, "city": "Fremont", "people": 130 }, "geometry": { "type": "Polygon", "coordinates": [ [ [ -122.05624, 37.55933 ], [ -122.05507, 37.5598 ], [ -122.05515, 37.55998 ], [ -122.05568, 37.55988 ], [ -122.056, 37.56039 ], [ -122.05728, 37.56007 ], [ -122.05759, 37.56101 ], [ -122.05612, 37.56158 ], [ -122.05627, 37.56255 ], [ -122.05561, 37.56277 ], [ -122.05569, 37.56345 ], [ -122.05483, 37.56376 ], [ -122.05405, 37.56218 ], [ -122.05292, 37.56228 ], [ -122.05275, 37.5616 ], [ -122.0533, 37.56127 ], [ -122.05232, 37.56057 ], [ -122.05365, 37.5598 ], [ -122.05273, 37.55983 ], [ -122.05228, 37.55905 ], [ -122.05461, 37.55805 ], [ -122.05508, 37.55857 ], [ -122.05616, 37.55835 ], [ -122.05624, 37.55933 ] ] ] } },
{ "type": "Feature", "properties": { "kind": "label", "km": 2, "city": "Fremont", "people": 130 }, "geometry": { "type": "Point", "coordinates": [ -122.05518, 37.56089 ] } },
{ "type": "Feature", "properties": { "kind": "area", "km": 2, "city": "Fremont", "people": 366 }, "geometry": { "type": "Polygon", "coordinates": [ [ [ -122.05293, 37.56543 ], [ -122.05489, 37.56481 ], [ -122.05568, 37.56604 ], [ -122.05965, 37.5642 ], [ -122.06188, 37.56195 ], [ -122.06333, 37.56272 ], [ -122.06357, 37.56316 ], [ -122.06402, 37.56267 ], [ -122.0647, 37.56253 ], [ -122.06565, 37.56394 ], [ -122.06808, 37.56547 ], [ -122.05787, 37.57716 ], [ -122.05476, 37.57902 ], [ -122.05286, 37.58067 ], [ -122.05764, 37.58313 ], [ -122.05687, 37.58387 ], [ -122.05474, 37.58288 ], [ -122.05297, 37.58573 ], [ -122.05528, 37.58902 ], [ -122.05625, 37.58956 ], [ -122.05596, 37.59011 ], [ -122.05512, 37.59056 ], [ -122.05009, 37.58358 ], [ -122.05217, 37.58073 ], [ -122.05037, 37.57968 ], [ -122.05066, 37.57928 ], [ -122.0511, 37.5794 ], [ -122.05341, 37.57638 ], [ -122.05542, 37.57727 ], [ -122.05619, 37.57677 ], [ -122.05363, 37.5753 ], [ -122.05468, 37.57419 ], [ -122.0557, 37.57463 ], [ -122.05551, 37.57518 ], [ -122.05723, 37.57574 ], [ -122.05875, 37.57395 ], [ -122.058, 37.57247 ], [ -122.05892, 37.57221 ], [ -122.05912, 37.57189 ], [ -122.05884, 37.57076 ], [ -122.05727, 37.57054 ], [ -122.05718, 37.5697 ], [ -122.05825, 37.56931 ], [ -122.05784, 37.56781 ], [ -122.05587, 37.56731 ], [ -122.05456, 37.56771 ], [ -122.05399, 37.56695 ], [ -122.05465, 37.5665 ], [ -122.05428, 37.56641 ], [ -122.05118, 37.56663 ], [ -122.05084, 37.5656 ], [ -122.05235, 37.56524 ], [ -122.05293, 37.56543 ] ], [ [ -122.06351, 37.56338 ], [ -122.06254, 37.56372 ], [ -122.06169, 37.56328 ], [ -122.06071, 37.56459 ], [ -122.06158, 37.56511 ], [ -122.06104, 37.56589 ], [ -122.05951, 37.56529 ], [ -122.05912, 37.56579 ], [ -122.05968, 37.56862 ], [ -122.06256, 37.56886 ], [ -122.06291, 37.56848 ], [ -122.06151, 37.56777 ], [ -122.06127, 37.56735 ], [ -122.06204, 37.56675 ], [ -122.06363, 37.56754 ], [ -122.06377, 37.56737 ], [ -122.06213, 37.56642 ], [ -122.06283, 37.56565 ], [ -122.06449, 37.56645 ], [ -122.06463, 37.56627 ], [ -122.06302, 37.56542 ], [ -122.06355, 37.56459 ], [ -122.06547, 37.56518 ], [ -122.06393, 37.56439 ], [ -122.06351, 37.56338 ] ], [ [ -122.06164, 37.57023 ], [ -122.06003, 37.57023 ], [ -122.06038, 37.57192 ], [ -122.06126, 37.57084 ], [ -122.06164, 37.57023 ] ], [ [ -122.05195, 37.58357 ], [ -122.05281, 37.58378 ], [ -122.05208, 37.58342 ], [ -122.05195, 37.58357 ] ], [ [ -122.05334, 37.58196 ], [ -122.05287, 37.58251 ], [ -122.05353, 37.58283 ], [ -122.05395, 37.58226 ], [ -122.05334, 37.58196 ] ] ] } },
{ "type": "Feature", "properties": { "kind": "label", "km": 2, "city": "Fremont", "people": 366 }, "geometry": { "type": "Point", "coordinates": [ -122.0569, 37.5761 ] } },
{ "type": "Feature", "properties": { "kind": "area", "km": 2, "city": "Fremont", "people": 36 }, "geometry": { "type": "Polygon", "coordinates": [ [ [ -122.04376, 37.57204 ], [ -122.04244, 37.57352 ], [ -122.04021, 37.57249 ], [ -122.04084, 37.57159 ], [ -122.0422, 37.57217 ], [ -122.04234, 37.57198 ], [ -122.04109, 37.57131 ], [ -122.04162, 37.57048 ], [ -122.04312, 37.57106 ], [ -122.0439, 37.5705 ], [ -122.04324, 37.56958 ], [ -122.04226, 37.56946 ], [ -122.04172, 37.56852 ], [ -122.03976, 37.56783 ], [ -122.03828, 37.56974 ], [ -122.03749, 37.56962 ], [ -122.0369, 37.57024 ], [ -122.03472, 37.56912 ], [ -122.03576, 37.5678 ], [ -122.03666, 37.56761 ], [ -122.03739, 37.56678 ], [ -122.03821, 37.56635 ], [ -122.03944, 37.5663 ], [ -122.03814, 37.5662 ], [ -122.03694, 37.56686 ], [ -122.03629, 37.56635 ], [ -122.03831, 37.56346 ], [ -122.03868, 37.56351 ], [ -122.04298, 37.56754 ], [ -122.04742, 37.5674 ], [ -122.04745, 37.56818 ], [ -122.04527, 37.56867 ], [ -122.04594, 37.5696 ], [ -122.04657, 37.56937 ], [ -122.04653, 37.56871 ], [ -122.04758, 37.56853 ], [ -122.04818, 37.56972 ], [ -122.04376, 37.57204 ] ] ] } },
{ "type": "Feature", "properties": { "kind": "label", "km": 2, "city": "Fremont", "people": 36 }, "geometry": { "type": "Point", "coordinates": [ -122.04398, 37.56842 ] } },
{ "type": "Feature", "properties": { "kind": "area", "km": 2, "city": "Fremont", "people": 25 }, "geometry": { "type": "Polygon", "coordinates": [ [ [ -121.97269, 37.4973 ], [ -121.96709, 37.50196 ], [ -121.97143, 37.50573 ], [ -121.96301, 37.50936 ], [ -121.96075, 37.50671 ], [ -121.95877, 37.50514 ], [ -121.96002, 37.50376 ], [ -121.95749, 37.50181 ], [ -121.95593, 37.50313 ], [ -121.95454, 37.50255 ], [ -121.95289, 37.50767 ], [ -121.95162, 37.50945 ], [ -121.95174, 37.51004 ], [ -121.95466, 37.50973 ], [ -121.95507, 37.5109 ], [ -121.95208, 37.51203 ], [ -121.9509, 37.51213 ], [ -121.94933, 37.50933 ], [ -121.94844, 37.50894 ], [ -121.94304, 37.50418 ], [ -121.94319, 37.50391 ], [ -121.94579, 37.503 ], [ -121.94586, 37.50241 ], [ -121.94818, 37.50202 ], [ -121.94765, 37.4989 ], [ -121.94839, 37.49861 ], [ -121.94794, 37.49431 ], [ -121.94864, 37.4904 ], [ -121.95084, 37.49017 ], [ -121.95103, 37.49178 ], [ -121.95177, 37.49279 ], [ -121.95339, 37.49212 ], [ -121.9549, 37.49365 ], [ -121.95537, 37.49324 ], [ -121.95582, 37.49121 ], [ -121.95574, 37.48935 ], [ -121.95863, 37.48908 ], [ -121.9618, 37.48984 ], [ -121.967, 37.49281 ], [ -121.97269, 37.4973 ] ] ] } },
{ "type": "Feature", "properties": { "kind": "label", "km": 2, "city": "Fremont", "people": 25 }, "geometry": { "type": "Point", "coordinates": [ -121.95864, 37.50041 ] } },
{ "type": "Feature", "properties": { "kind": "area", "km": 2, "city": "Fremont", "people": 886 }, "geometry": { "type": "Polygon", "coordinates": [ [ [ -121.95942, 37.56718 ], [ -121.96227, 37.57154 ], [ -121.95923, 37.57333 ], [ -121.96033, 37.57479 ], [ -121.96063, 37.57693 ], [ -121.96273, 37.57965 ], [ -121.9633, 37.57843 ], [ -121.96491, 37.57666 ], [ -121.96498, 37.57607 ], [ -121.9642, 37.575 ], [ -121.96434, 37.5747 ], [ -121.96551, 37.57515 ], [ -121.9668, 37.57505 ], [ -121.97055, 37.57241 ], [ -121.97141, 37.57291 ], [ -121.97462, 37.57262 ], [ -121.97519, 37.57171 ], [ -121.97599, 37.57151 ], [ -121.97858, 37.57154 ], [ -121.9815, 37.57204 ], [ -121.98381, 37.572 ], [ -121.98595, 37.57102 ], [ -121.988, 37.56938 ], [ -121.98782, 37.56897 ], [ -121.98842, 37.56861 ], [ -121.99154, 37.57116 ], [ -121.98987, 37.57365 ], [ -121.98837, 37.57336 ], [ -121.9866, 37.57366 ], [ -121.98516, 37.57739 ], [ -121.98318, 37.57698 ], [ -121.98341, 37.57594 ], [ -121.97777, 37.57463 ], [ -121.97735, 37.57577 ], [ -121.98332, 37.57716 ], [ -121.98336, 37.5777 ], [ -121.99099, 37.57952 ], [ -121.99101, 37.58009 ], [ -121.99971, 37.58319 ], [ -122.00362, 37.585 ], [ -122.00597, 37.58649 ], [ -122.00382, 37.58812 ], [ -122.00363, 37.58861 ], [ -122.00165, 37.58958 ], [ -121.98785, 37.59992 ], [ -121.98598, 37.59914 ], [ -121.98351, 37.59939 ], [ -121.98226, 37.59855 ], [ -121.98168, 37.59742 ], [ -121.98066, 37.59739 ], [ -121.97954, 37.59669 ], [ -121.97823, 37.59461 ], [ -121.97306, 37.59492 ], [ -121.97232, 37.59449 ], [ -121.97295, 37.59376 ], [ -121.9729, 37.59325 ], [ -121.97026, 37.58944 ], [ -121.97055, 37.58877 ], [ -121.97029, 37.58785 ], [ -121.96919, 37.58782 ], [ -121.96871, 37.58731 ], [ -121.96917, 37.58597 ], [ -121.97105, 37.58601 ], [ -121.97007, 37.58447 ], [ -121.97014, 37.58355 ], [ -121.97129, 37.58212 ], [ -121.97291, 37.58103 ], [ -121.97228, 37.58076 ], [ -121.97283, 37.57969 ], [ -121.97256, 37.57854 ], [ -121.9742, 37.57833 ], [ -121.97156, 37.5769 ], [ -121.96883, 37.57944 ], [ -121.96635, 37.58046 ], [ -121.96517, 37.5814 ], [ -121.96474, 37.58254 ], [ -121.9651, 37.5848 ], [ -121.96449, 37.58592 ], [ -121.95908, 37.58854 ], [ -121.95109, 37.59691 ], [ -121.94976, 37.59745 ], [ -121.94748, 37.59783 ], [ -121.94591, 37.5971 ], [ -121.94382, 37.59721 ], [ -121.94057, 37.59844 ], [ -121.93875, 37.59858 ], [ -121.93778, 37.59769 ], [ -121.93792, 37.59515 ], [ -121.93692, 37.59214 ], [ -121.93572, 37.5912 ], [ -121.93255, 37.59187 ], [ -121.93004, 37.58638 ], [ -121.92789, 37.58608 ], [ -121.9281, 37.58448 ], [ -121.92536, 37.58245 ], [ -121.92677, 37.5812 ], [ -121.92576, 37.57974 ], [ -121.92974, 37.57835 ], [ -121.92989, 37.57755 ], [ -121.9312, 37.57609 ], [ -121.93301, 37.57675 ], [ -121.93297, 37.57595 ], [ -121.93212, 37.57505 ], [ -121.93261, 37.57419 ], [ -121.93147, 37.57265 ], [ -121.9327, 37.57118 ], [ -121.93413, 37.57038 ], [ -121.93598, 37.56979 ], [ -121.93694, 37.5698 ], [ -121.93764, 37.57021 ], [ -121.93952, 37.57034 ], [ -121.94084, 37.57012 ], [ -121.94279, 37.5704 ], [ -121.94426, 37.57028 ], [ -121.9454, 37.56981 ], [ -121.94483, 37.5696 ], [ -121.94347, 37.56817 ], [ -121.9431, 37.5672 ], [ -121.94323, 37.56583 ], [ -121.94255, 37.56471 ], [ -121.94136, 37.56422 ], [ -121.94095, 37.56431 ], [ -121.93921, 37.56572 ], [ -121.93687, 37.56318 ], [ -121.93694, 37.56261 ], [ -121.93854, 37.56133 ], [ -121.93809, 37.56102 ], [ -121.93832, 37.56017 ], [ -121.93733, 37.55885 ], [ -121.93631, 37.55865 ], [ -121.93497, 37.55926 ], [ -121.93261, 37.5587 ], [ -121.93053, 37.55784 ], [ -121.93029, 37.55686 ], [ -121.93333, 37.55404 ], [ -121.93825, 37.55139 ], [ -121.94444, 37.55577 ], [ -121.94534, 37.55786 ], [ -121.94679, 37.55903 ], [ -121.94875, 37.55995 ], [ -121.95294, 37.56358 ], [ -121.95353, 37.5638 ], [ -121.95522, 37.5627 ], [ -121.95485, 37.5615 ], [ -121.954, 37.56165 ], [ -121.9517, 37.55944 ], [ -121.95197, 37.55876 ], [ -121.95167, 37.55821 ], [ -121.95216, 37.55768 ], [ -121.95696, 37.56042 ], [ -121.96175, 37.56552 ], [ -121.95942, 37.56718 ] ], [ [ -121.97339, 37.57541 ], [ -121.97204, 37.57649 ], [ -121.97235, 37.57673 ], [ -121.9736, 37.57748 ], [ -121.97581, 37.57727 ], [ -121.97339, 37.57541 ] ], [ [ -121.98331, 37.57879 ], [ -121.98329, 37.57944 ], [ -121.98463, 37.57962 ], [ -121.98464, 37.58023 ], [ -121.98631, 37.58071 ], [ -121.9888, 37.58257 ], [ -121.99144, 37.58377 ], [ -121.99207, 37.58351 ], [ -121.9914, 37.58258 ], [ -121.99203, 37.582 ], [ -121.9902, 37.58072 ], [ -121.99029, 37.58036 ], [ -121.98331, 37.57879 ] ], [ [ -121.96644, 37.57757 ], [ -121.96748, 37.57663 ], [ -121.96799, 37.57553 ], [ -121.96597, 37.57723 ], [ -121.96644, 37.57757 ] ], [ [ -121.99985, 37.5879 ], [ -122.00301, 37.58568 ], [ -121.9998, 37.58412 ], [ -121.99886, 37.58487 ], [ -121.99906, 37.58534 ], [ -121.99826, 37.58578 ], [ -121.99742, 37.5851 ], [ -121.99771, 37.58466 ], [ -121.99652, 37.5837 ], [ -121.99699, 37.58312 ], [ -121.99656, 37.58295 ], [ -121.9958, 37.58335 ], [ -121.99469, 37.5823 ], [ -121.99384, 37.58299 ], [ -121.99985, 37.5879 ] ], [ [ -122.00217, 37.58768 ], [ -122.00111, 37.58843 ], [ -122.00143, 37.58872 ], [ -122.0025, 37.58798 ], [ -122.00217, 37.58768 ] ], [ [ -122.00336, 37.58702 ], [ -122.00356, 37.58722 ], [ -122.00464, 37.5864 ], [ -122.00439, 37.58625 ], [ -122.00336, 37.58702 ] ], [ [ -121.96176, 37.58299 ], [ -121.96171, 37.58442 ], [ -121.95961, 37.58606 ], [ -121.96088, 37.58554 ], [ -121.962, 37.5845 ], [ -121.96204, 37.58293 ], [ -121.96176, 37.58299 ] ], [ [ -121.96234, 37.58108 ], [ -121.96185, 37.58149 ], [ -121.96213, 37.58206 ], [ -121.96241, 37.58192 ], [ -121.96234, 37.58108 ] ] ] } },
{ "type": "Feature", "properties": { "kind": "label", "km": 2, "city": "Fremont", "people": 886 }, "geometry": { "type": "Point", "coordinates": [ -121.94673, 37.57592 ] } },
{ "type": "Feature", "properties": { "kind": "area", "km": 2, "city": "Fremont", "people": 673 }, "geometry": { "type": "Polygon", "coordinates": [ [ [ -121.91506, 37.45925 ], [ -121.9173, 37.45832 ], [ -121.91919, 37.46229 ], [ -121.91616, 37.46327 ], [ -121.91529, 37.46206 ], [ -121.91349, 37.46244 ], [ -121.91293, 37.46141 ], [ -121.91442, 37.46071 ], [ -121.91418, 37.46012 ], [ -121.91519, 37.45956 ], [ -121.91506, 37.45925 ] ] ] } },
{ "type": "Feature", "properties": { "kind": "label", "km": 2, "city": "Fremont", "people": 673 }, "geometry": { "type": "Point", "coordinates": [ -121.91635, 37.46079 ] } },
{ "type": "Feature", "properties": { "kind": "area", "km": 2, "city": "Fremont", "people": 13 }, "geometry": { "type": "Polygon", "coordinates": [ [ [ -121.93225, 37.47729 ], [ -121.92435, 37.46146 ], [ -121.92343, 37.46105 ], [ -121.92174, 37.46139 ], [ -121.92022, 37.45858 ], [ -121.91875, 37.45753 ], [ -121.92289, 37.45509 ], [ -121.92328, 37.45524 ], [ -121.92459, 37.45977 ], [ -121.93301, 37.47694 ], [ -121.93291, 37.47721 ], [ -121.93225, 37.47729 ] ] ] } },
{ "type": "Feature", "properties": { "kind": "label", "km": 2, "city": "Fremont", "people": 13 }, "geometry": { "type": "Point", "coordinates": [ -121.92763, 37.46701 ] } },
{ "type": "Feature", "properties": { "kind": "area", "km": 2, "city": "Fremont", "people": 22 }, "geometry": { "type": "Polygon", "coordinates": [ [ [ -121.94553, 37.51263 ], [ -121.9425, 37.5139 ], [ -121.94043, 37.51153 ], [ -121.9382, 37.50718 ], [ -121.93782, 37.50503 ], [ -121.94136, 37.50454 ], [ -121.94553, 37.51263 ] ] ] } },
{ "type": "Feature", "properties": { "kind": "label", "km": 2, "city": "Fremont", "people": 22 }, "geometry": { "type": "Point", "coordinates": [ -121.94146, 37.50916 ] } },
{ "type": "Feature", "properties": { "kind": "area", "km": 2, "city": "Fremont", "people": 13 }, "geometry": { "type": "Polygon", "coordinates": [ [ [ -121.91957, 37.51342 ], [ -121.92293, 37.51393 ], [ -121.92361, 37.51422 ], [ -121.92352, 37.5147 ], [ -121.92582, 37.51531 ], [ -121.92675, 37.51531 ], [ -121.92684, 37.51485 ], [ -121.9281, 37.51462 ], [ -121.9285, 37.51509 ], [ -121.92993, 37.51485 ], [ -121.93019, 37.51431 ], [ -121.93108, 37.5141 ], [ -121.93143, 37.51435 ], [ -121.9312, 37.51505 ], [ -121.93043, 37.51569 ], [ -121.92691, 37.5166 ], [ -121.92531, 37.51852 ], [ -121.92436, 37.51814 ], [ -121.92416, 37.51726 ], [ -121.92291, 37.51734 ], [ -121.92205, 37.51866 ], [ -121.92084, 37.51897 ], [ -121.92047, 37.521 ], [ -121.9172, 37.52096 ], [ -121.91505, 37.52003 ], [ -121.91517, 37.51955 ], [ -121.91654, 37.51838 ], [ -121.91633, 37.51825 ], [ -121.91381, 37.51819 ], [ -121.91365, 37.51936 ], [ -121.91226, 37.51918 ], [ -121.91107, 37.51754 ], [ -121.91115, 37.51571 ], [ -121.91197, 37.51289 ], [ -121.91296, 37.51213 ], [ -121.91458, 37.51261 ], [ -121.91623, 37.51196 ], [ -121.91812, 37.51292 ], [ -121.91922, 37.51059 ], [ -121.91919, 37.50839 ], [ -121.91863, 37.50735 ], [ -121.91897, 37.50637 ], [ -121.91992, 37.50661 ], [ -121.92004, 37.51045 ], [ -121.91957, 37.51342 ] ] ] } },
{ "type": "Feature", "properties": { "kind": "label", "km": 2, "city": "Fremont", "people": 13 }, "geometry": { "type": "Point", "coordinates": [ -121.91637, 37.51374 ] } },
{ "type": "Feature", "properties": { "kind": "area", "km": 2, "city": "Fremont", "people": 27 }, "geometry": { "type": "Polygon", "coordinates": [ [ [ -121.93799, 37.51519 ], [ -121.93444, 37.51411 ], [ -121.93237, 37.51405 ], [ -121.9325, 37.51242 ], [ -121.93354, 37.51209 ], [ -121.93427, 37.51252 ], [ -121.9358, 37.51192 ], [ -121.93658, 37.51313 ], [ -121.93736, 37.51302 ], [ -121.93478, 37.50828 ], [ -121.93375, 37.50809 ], [ -121.93284, 37.5068 ], [ -121.93459, 37.50601 ], [ -121.93536, 37.50681 ], [ -121.94126, 37.51719 ], [ -121.94564, 37.52357 ], [ -121.94609, 37.52468 ], [ -121.94618, 37.52646 ], [ -121.94546, 37.52818 ], [ -121.94439, 37.52932 ], [ -121.94157, 37.5312 ], [ -121.94066, 37.53114 ], [ -121.94044, 37.53067 ], [ -121.93894, 37.53062 ], [ -121.93782, 37.52855 ], [ -121.93718, 37.52894 ], [ -121.93566, 37.52832 ], [ -121.93587, 37.52995 ], [ -121.93432, 37.53035 ], [ -121.93227, 37.52819 ], [ -121.93127, 37.52851 ], [ -121.92853, 37.52507 ], [ -121.92833, 37.52338 ], [ -121.93122, 37.52301 ], [ -121.93236, 37.52205 ], [ -121.93213, 37.52137 ], [ -121.93047, 37.52016 ], [ -121.92989, 37.5193 ], [ -121.92996, 37.51847 ], [ -121.93063, 37.51787 ], [ -121.93211, 37.51777 ], [ -121.9323, 37.51868 ], [ -121.93298, 37.51895 ], [ -121.93417, 37.51863 ], [ -121.93363, 37.51728 ], [ -121.93568, 37.51745 ], [ -121.93583, 37.51823 ], [ -121.93715, 37.51881 ], [ -121.93767, 37.51944 ], [ -121.93654, 37.52035 ], [ -121.93825, 37.52106 ], [ -121.93789, 37.51746 ], [ -121.93893, 37.51776 ], [ -121.94074, 37.51942 ], [ -121.94177, 37.51947 ], [ -121.93977, 37.51616 ], [ -121.93837, 37.51592 ], [ -121.93799, 37.51519 ] ], [ [ -121.93705, 37.51434 ], [ -121.93724, 37.51432 ], [ -121.93718, 37.51426 ], [ -121.93705, 37.51434 ] ] ] } },
{ "type": "Feature", "properties": { "kind": "label", "km": 2, "city": "Fremont", "people": 27 }, "geometry": { "type": "Point", "coordinates": [ -121.93541, 37.51865 ] } },
{ "type": "Feature", "properties": { "kind": "area", "km": 2, "city": "Fremont", "people": 14 }, "geometry": { "type": "Polygon", "coordinates": [ [ [ -121.92452, 37.54052 ], [ -121.92733, 37.53836 ], [ -121.93354, 37.53525 ], [ -121.93477, 37.54202 ], [ -121.9353, 37.54265 ], [ -121.93698, 37.54304 ], [ -121.93792, 37.54175 ], [ -121.94243, 37.54191 ], [ -121.94389, 37.54424 ], [ -121.94478, 37.54508 ], [ -121.94147, 37.54834 ], [ -121.93886, 37.54693 ], [ -121.93253, 37.54891 ], [ -121.9183, 37.55162 ], [ -121.91812, 37.55136 ], [ -121.91951, 37.54858 ], [ -121.91979, 37.54599 ], [ -121.92043, 37.54438 ], [ -121.92452, 37.54052 ] ], [ [ -121.9325, 37.5422 ], [ -121.93114, 37.54221 ], [ -121.93081, 37.54115 ], [ -121.92965, 37.54042 ], [ -121.92883, 37.54029 ], [ -121.92693, 37.54208 ], [ -121.92852, 37.54303 ], [ -121.92837, 37.54409 ], [ -121.92871, 37.54432 ], [ -121.92914, 37.54457 ], [ -121.93043, 37.54414 ], [ -121.93167, 37.54483 ], [ -121.93359, 37.54274 ], [ -121.9325, 37.5422 ] ] ] } },
{ "type": "Feature", "properties": { "kind": "label", "km": 2, "city": "Fremont", "people": 14 }, "geometry": { "type": "Point", "coordinates": [ -121.93812, 37.54328 ] } },
{ "type": "Feature", "properties": { "kind": "area", "km": 2, "city": "Hayward", "people": 1479 }, "geometry": { "type": "Polygon", "coordinates": [ [ [ -122.15624, 37.61663 ], [ -122.15575, 37.61738 ], [ -122.15482, 37.61797 ], [ -122.151, 37.61922 ], [ -122.15177, 37.62574 ], [ -122.15159, 37.62625 ], [ -122.15078, 37.62666 ], [ -122.15159, 37.62767 ], [ -122.15144, 37.6283 ], [ -122.15182, 37.6293 ], [ -122.15338, 37.62883 ], [ -122.154, 37.62917 ], [ -122.15335, 37.63014 ], [ -122.15309, 37.6341 ], [ -122.15394, 37.64023 ], [ -122.15444, 37.64169 ], [ -122.15396, 37.64204 ], [ -122.1527, 37.64206 ], [ -122.15275, 37.64558 ], [ -122.1479, 37.64663 ], [ -122.14763, 37.64572 ], [ -122.13745, 37.64558 ], [ -122.13704, 37.64282 ], [ -122.13329, 37.63934 ], [ -122.13281, 37.6382 ], [ -122.13164, 37.63825 ], [ -122.13166, 37.64458 ], [ -122.12936, 37.64484 ], [ -122.12912, 37.63837 ], [ -122.12476, 37.63856 ], [ -122.12446, 37.636 ], [ -122.11951, 37.6359 ], [ -122.11962, 37.63311 ], [ -122.12886, 37.63308 ], [ -122.12874, 37.63067 ], [ -122.12516, 37.62793 ], [ -122.12459, 37.62713 ], [ -122.12113, 37.62824 ], [ -122.12075, 37.62808 ], [ -122.12201, 37.62535 ], [ -122.12624, 37.62554 ], [ -122.12629, 37.62384 ], [ -122.12252, 37.62369 ], [ -122.12234, 37.6231 ], [ -122.12075, 37.62362 ], [ -122.11699, 37.62332 ], [ -122.11025, 37.62119 ], [ -122.10877, 37.62111 ], [ -122.10251, 37.61925 ], [ -122.1007, 37.61999 ], [ -122.09748, 37.61725 ], [ -122.09737, 37.61909 ], [ -122.09976, 37.62072 ], [ -122.09946, 37.62113 ], [ -122.10009, 37.62417 ], [ -122.09426, 37.62439 ], [ -122.09443, 37.62084 ], [ -122.09543, 37.6207 ], [ -122.09545, 37.62046 ], [ -122.09435, 37.62032 ], [ -122.09306, 37.6195 ], [ -122.09279, 37.62002 ], [ -122.09167, 37.61993 ], [ -122.09156, 37.61832 ], [ -122.09016, 37.6185 ], [ -122.09094, 37.6199 ], [ -122.08999, 37.62022 ], [ -122.08816, 37.61731 ], [ -122.0899, 37.61651 ], [ -122.09203, 37.6164 ], [ -122.09233, 37.61536 ], [ -122.09333, 37.61513 ], [ -122.09404, 37.61561 ], [ -122.09435, 37.61539 ], [ -122.09362, 37.61518 ], [ -122.09195, 37.61386 ], [ -122.09145, 37.6141 ], [ -122.09059, 37.61398 ], [ -122.09017, 37.61453 ], [ -122.08945, 37.61419 ], [ -122.0891, 37.61369 ], [ -122.08887, 37.61191 ], [ -122.08977, 37.61168 ], [ -122.09012, 37.6126 ], [ -122.09104, 37.61217 ], [ -122.08997, 37.61124 ], [ -122.08942, 37.6111 ], [ -122.08542, 37.61263 ], [ -122.08383, 37.61017 ], [ -122.08624, 37.60912 ], [ -122.08786, 37.60909 ], [ -122.08715, 37.60814 ], [ -122.08886, 37.60635 ], [ -122.09752, 37.60162 ], [ -122.09791, 37.60182 ], [ -122.09796, 37.60537 ], [ -122.1001, 37.60536 ], [ -122.10135, 37.60481 ], [ -122.10223, 37.60021 ], [ -122.104, 37.59815 ], [ -122.10667, 37.59813 ], [ -122.1098, 37.59856 ], [ -122.11005, 37.59777 ], [ -122.11058, 37.59757 ], [ -122.11246, 37.59811 ], [ -122.11279, 37.59864 ], [ -122.11263, 37.59989 ], [ -122.11209, 37.60013 ], [ -122.11131, 37.60001 ], [ -122.11089, 37.60057 ], [ -122.10965, 37.60121 ], [ -122.10932, 37.60184 ], [ -122.11098, 37.60279 ], [ -122.11251, 37.60434 ], [ -122.11342, 37.60453 ], [ -122.11474, 37.60433 ], [ -122.11509, 37.60415 ], [ -122.11562, 37.60244 ], [ -122.11707, 37.60217 ], [ -122.11822, 37.60245 ], [ -122.1204, 37.60097 ], [ -122.12158, 37.59959 ], [ -122.12207, 37.5984 ], [ -122.12095, 37.5964 ], [ -122.12314, 37.59275 ], [ -122.12504, 37.59219 ], [ -122.12644, 37.59226 ], [ -122.12741, 37.5939 ], [ -122.12712, 37.5962 ], [ -122.12748, 37.59672 ], [ -122.12827, 37.59686 ], [ -122.12958, 37.59659 ], [ -122.13045, 37.59584 ], [ -122.13027, 37.59351 ], [ -122.13063, 37.5925 ], [ -122.13127, 37.59205 ], [ -122.1324, 37.59205 ], [ -122.13407, 37.5952 ], [ -122.13367, 37.59685 ], [ -122.13454, 37.59823 ], [ -122.13523, 37.5983 ], [ -122.13701, 37.59753 ], [ -122.13872, 37.59729 ], [ -122.14024, 37.59794 ], [ -122.14146, 37.59974 ], [ -122.14157, 37.6022 ], [ -122.14121, 37.60269 ], [ -122.13973, 37.6035 ], [ -122.13575, 37.60482 ], [ -122.13481, 37.60581 ], [ -122.13478, 37.60625 ], [ -122.13581, 37.60609 ], [ -122.13715, 37.60631 ], [ -122.1402, 37.60806 ], [ -122.14101, 37.6083 ], [ -122.14154, 37.60813 ], [ -122.14241, 37.60562 ], [ -122.14535, 37.60269 ], [ -122.14614, 37.60246 ], [ -122.1465, 37.60289 ], [ -122.1464, 37.60416 ], [ -122.14766, 37.6051 ], [ -122.14747, 37.60598 ], [ -122.1478, 37.60655 ], [ -122.14728, 37.60681 ], [ -122.14806, 37.60745 ], [ -122.14755, 37.60825 ], [ -122.14865, 37.61034 ], [ -122.1486, 37.61279 ], [ -122.14956, 37.61548 ], [ -122.15042, 37.61644 ], [ -122.15111, 37.61657 ], [ -122.15158, 37.61705 ], [ -122.15559, 37.61616 ], [ -122.15624, 37.61663 ] ], [ [ -122.15225, 37.61783 ], [ -122.15136, 37.61813 ], [ -122.15252, 37.61776 ], [ -122.15225, 37.61783 ] ], [ [ -122.09686, 37.60632 ], [ -122.09123, 37.60639 ], [ -122.09044, 37.60742 ], [ -122.08909, 37.60822 ], [ -122.09042, 37.60939 ], [ -122.09167, 37.60853 ], [ -122.09251, 37.60912 ], [ -122.09253, 37.6094 ], [ -122.09139, 37.61023 ], [ -122.09246, 37.61117 ], [ -122.09342, 37.61061 ], [ -122.09301, 37.61009 ], [ -122.09363, 37.60961 ], [ -122.09454, 37.60946 ], [ -122.09531, 37.60992 ], [ -122.09538, 37.60862 ], [ -122.09688, 37.60855 ], [ -122.09688, 37.60831 ], [ -122.09531, 37.60849 ], [ -122.09435, 37.60824 ], [ -122.09447, 37.6074 ], [ -122.09687, 37.6074 ], [ -122.09686, 37.60632 ] ], [ [ -122.09691, 37.61123 ], [ -122.09473, 37.6115 ], [ -122.09376, 37.61233 ], [ -122.09426, 37.61253 ], [ -122.09583, 37.6124 ], [ -122.09582, 37.61179 ], [ -122.09692, 37.61149 ], [ -122.09691, 37.61123 ] ] ] } },
{ "type": "Feature", "properties": { "kind": "label", "km": 2, "city": "Hayward", "people": 1479 }, "geometry": { "type": "Point", "coordinates": [ -122.12801, 37.61952 ] } },
{ "type": "Feature", "properties": { "kind": "area", "km": 2, "city": "Hayward", "people": 6 }, "geometry": { "type": "Polygon", "coordinates": [ [ [ -122.05637, 37.62114 ], [ -122.05524, 37.6218 ], [ -122.05128, 37.6218 ], [ -122.0505, 37.62157 ], [ -122.04867, 37.62024 ], [ -122.04634, 37.61627 ], [ -122.04121, 37.61176 ], [ -122.0415, 37.61142 ], [ -122.04304, 37.61193 ], [ -122.04368, 37.60585 ], [ -122.04564, 37.60599 ], [ -122.04531, 37.61245 ], [ -122.04757, 37.6146 ], [ -122.04859, 37.6149 ], [ -122.04869, 37.61613 ], [ -122.05045, 37.61885 ], [ -122.05126, 37.61919 ], [ -122.05485, 37.61923 ], [ -122.05637, 37.62114 ] ] ] } },
{ "type": "Feature", "properties": { "kind": "label", "km": 2, "city": "Hayward", "people": 6 }, "geometry": { "type": "Point", "coordinates": [ -122.04507, 37.61377 ] } },
{ "type": "Feature", "properties": { "kind": "area", "km": 2, "city": "Hayward", "people": 4 }, "geometry": { "type": "Polygon", "coordinates": [ [ [ -122.05904, 37.61142 ], [ -122.05896, 37.61705 ], [ -122.05706, 37.6171 ], [ -122.05711, 37.6113 ], [ -122.05904, 37.61142 ] ] ] } },
{ "type": "Feature", "properties": { "kind": "label", "km": 2, "city": "Hayward", "people": 4 }, "geometry": { "type": "Point", "coordinates": [ -122.058, 37.61438 ] } },
{ "type": "Feature", "properties": { "kind": "area", "km": 2, "city": "Hayward", "people": 253 }, "geometry": { "type": "Polygon", "coordinates": [ [ [ -122.05196, 37.62571 ], [ -122.04893, 37.62813 ], [ -122.04779, 37.62722 ], [ -122.04754, 37.62526 ], [ -122.04679, 37.62519 ], [ -122.0466, 37.62461 ], [ -122.04489, 37.62459 ], [ -122.04427, 37.62486 ], [ -122.04365, 37.6244 ], [ -122.04193, 37.62555 ], [ -122.03816, 37.62232 ], [ -122.03888, 37.62167 ], [ -122.04075, 37.6232 ], [ -122.04198, 37.62321 ], [ -122.04221, 37.62007 ], [ -122.04272, 37.61979 ], [ -122.04334, 37.62013 ], [ -122.04556, 37.62005 ], [ -122.04113, 37.6161 ], [ -122.04165, 37.61545 ], [ -122.05069, 37.62312 ], [ -122.05196, 37.62571 ] ], [ [ -122.04486, 37.622 ], [ -122.04464, 37.62133 ], [ -122.0435, 37.62133 ], [ -122.04372, 37.62381 ], [ -122.04545, 37.62345 ], [ -122.04543, 37.622 ], [ -122.04486, 37.622 ] ] ] } },
{ "type": "Feature", "properties": { "kind": "label", "km": 2, "city": "Hayward", "people": 253 }, "geometry": { "type": "Point", "coordinates": [ -122.04687, 37.62176 ] } },
{ "type": "Feature", "properties": { "kind": "area", "km": 2, "city": "Livermore", "people": 65 }, "geometry": { "type": "Polygon", "coordinates": [ [ [ -121.7855, 37.69968 ], [ -121.78477, 37.69979 ], [ -121.78379, 37.69925 ], [ -121.78382, 37.69862 ], [ -121.78204, 37.69887 ], [ -121.78102, 37.69866 ], [ -121.78018, 37.69719 ], [ -121.7786, 37.69783 ], [ -121.77824, 37.69755 ], [ -121.7739, 37.69921 ], [ -121.77388, 37.69972 ], [ -121.77295, 37.70032 ], [ -121.771, 37.7007 ], [ -121.77057, 37.70126 ], [ -121.76746, 37.70183 ], [ -121.76716, 37.70133 ], [ -121.76173, 37.70269 ], [ -121.7574, 37.70284 ], [ -121.75535, 37.70251 ], [ -121.75547, 37.70189 ], [ -121.75646, 37.7017 ], [ -121.76111, 37.69967 ], [ -121.76495, 37.69875 ], [ -121.7733, 37.69741 ], [ -121.77301, 37.69339 ], [ -121.77328, 37.69316 ], [ -121.77503, 37.69309 ], [ -121.77528, 37.69352 ], [ -121.77637, 37.6937 ], [ -121.77656, 37.69504 ], [ -121.77685, 37.69503 ], [ -121.77707, 37.69434 ], [ -121.77997, 37.69464 ], [ -121.78028, 37.69376 ], [ -121.78167, 37.69433 ], [ -121.78198, 37.69413 ], [ -121.78255, 37.69436 ], [ -121.78515, 37.69621 ], [ -121.7855, 37.69968 ] ], [ [ -121.77467, 37.69427 ], [ -121.7741, 37.69389 ], [ -121.7741, 37.69428 ], [ -121.77467, 37.69427 ] ] ] } },
{ "type": "Feature", "properties": { "kind": "label", "km": 2, "city": "Livermore", "people": 65 }, "geometry": { "type": "Point", "coordinates": [ -121.77422, 37.69787 ] } },
{ "type": "Feature", "properties": { "kind": "area", "km": 2, "city": "Livermore", "people": 690 }, "geometry": { "type": "Polygon", "coordinates": [ [ [ -121.7519, 37.70238 ], [ -121.75575, 37.70274 ], [ -121.75582, 37.70336 ], [ -121.75522, 37.70361 ], [ -121.75517, 37.70405 ], [ -121.75725, 37.70391 ], [ -121.75743, 37.70495 ], [ -121.75663, 37.70561 ], [ -121.75444, 37.70623 ], [ -121.75312, 37.70908 ], [ -121.75197, 37.70918 ], [ -121.75194, 37.71494 ], [ -121.7508, 37.71595 ], [ -121.74511, 37.71713 ], [ -121.74408, 37.71763 ], [ -121.74317, 37.71873 ], [ -121.74174, 37.71799 ], [ -121.74095, 37.71678 ], [ -121.7388, 37.71728 ], [ -121.73379, 37.7172 ], [ -121.73389, 37.71456 ], [ -121.73793, 37.71456 ], [ -121.73903, 37.71382 ], [ -121.74073, 37.71527 ], [ -121.74181, 37.71426 ], [ -121.74171, 37.71334 ], [ -121.73836, 37.70826 ], [ -121.73722, 37.7093 ], [ -121.73722, 37.71091 ], [ -121.73532, 37.71155 ], [ -121.735, 37.71142 ], [ -121.73464, 37.71018 ], [ -121.73487, 37.70873 ], [ -121.73566, 37.70754 ], [ -121.73718, 37.70653 ], [ -121.73994, 37.7056 ], [ -121.74221, 37.70643 ], [ -121.74226, 37.70675 ], [ -121.74084, 37.70779 ], [ -121.74298, 37.71098 ], [ -121.7443, 37.71097 ], [ -121.74458, 37.7118 ], [ -121.74704, 37.71134 ], [ -121.74687, 37.71021 ], [ -121.74617, 37.70936 ], [ -121.74657, 37.70888 ], [ -121.74584, 37.70849 ], [ -121.74592, 37.70812 ], [ -121.74463, 37.70754 ], [ -121.74204, 37.7054 ], [ -121.74141, 37.70564 ], [ -121.74061, 37.7053 ], [ -121.73984, 37.70441 ], [ -121.74017, 37.70252 ], [ -121.74312, 37.70223 ], [ -121.74618, 37.70232 ], [ -121.74149, 37.70027 ], [ -121.74268, 37.69834 ], [ -121.74318, 37.69837 ], [ -121.74512, 37.69966 ], [ -121.75181, 37.7017 ], [ -121.7519, 37.70238 ] ], [ [ -121.7483, 37.70336 ], [ -121.74782, 37.70293 ], [ -121.74838, 37.70266 ], [ -121.747, 37.7026 ], [ -121.7483, 37.70336 ] ], [ [ -121.74938, 37.7121 ], [ -121.7509, 37.71191 ], [ -121.75091, 37.70973 ], [ -121.75016, 37.70895 ], [ -121.74871, 37.70864 ], [ -121.74851, 37.70945 ], [ -121.74797, 37.70981 ], [ -121.74807, 37.71004 ], [ -121.74889, 37.70988 ], [ -121.74919, 37.71012 ], [ -121.74938, 37.7121 ] ], [ [ -121.75249, 37.70479 ], [ -121.75357, 37.70517 ], [ -121.75451, 37.70519 ], [ -121.75454, 37.70453 ], [ -121.75249, 37.70479 ] ] ] } },
{ "type": "Feature", "properties": { "kind": "label", "km": 2, "city": "Livermore", "people": 690 }, "geometry": { "type": "Point", "coordinates": [ -121.74962, 37.70842 ] } },
{ "type": "Feature", "properties": { "kind": "area", "km": 2, "city": "Livermore", "people": 51 }, "geometry": { "type": "Polygon", "coordinates": [ [ [ -121.72527, 37.69107 ], [ -121.72533, 37.69339 ], [ -121.72631, 37.69354 ], [ -121.72619, 37.69496 ], [ -121.72531, 37.69499 ], [ -121.72513, 37.69549 ], [ -121.72399, 37.69549 ], [ -121.72139, 37.69488 ], [ -121.72183, 37.69398 ], [ -121.72321, 37.69425 ], [ -121.72369, 37.69405 ], [ -121.72372, 37.69295 ], [ -121.72284, 37.69149 ], [ -121.72308, 37.69088 ], [ -121.72527, 37.69107 ] ] ] } },
{ "type": "Feature", "properties": { "kind": "label", "km": 2, "city": "Livermore", "people": 51 }, "geometry": { "type": "Point", "coordinates": [ -121.72454, 37.69313 ] } },
{ "type": "Feature", "properties": { "kind": "area", "km": 2, "city": "Livermore", "people": 1 }, "geometry": { "type": "Polygon", "coordinates": [ [ [ -121.73723, 37.69666 ], [ -121.73463, 37.69702 ], [ -121.72051, 37.70287 ], [ -121.71927, 37.70138 ], [ -121.73581, 37.69429 ], [ -121.73629, 37.69433 ], [ -121.73679, 37.69542 ], [ -121.73768, 37.69628 ], [ -121.73723, 37.69666 ] ] ] } },
{ "type": "Feature", "properties": { "kind": "label", "km": 2, "city": "Livermore", "people": 1 }, "geometry": { "type": "Point", "coordinates": [ -121.72735, 37.69892 ] } },
{ "type": "Feature", "properties": { "kind": "area", "km": 2, "city": "Livermore", "people": 5 }, "geometry": { "type": "Polygon", "coordinates": [ [ [ -121.72755, 37.71196 ], [ -121.72752, 37.71468 ], [ -121.72524, 37.71487 ], [ -121.72524, 37.71579 ], [ -121.72754, 37.71588 ], [ -121.72753, 37.71716 ], [ -121.72412, 37.71719 ], [ -121.72414, 37.71184 ], [ -121.72526, 37.71161 ], [ -121.72558, 37.71072 ], [ -121.72628, 37.71054 ], [ -121.7266, 37.71085 ], [ -121.7265, 37.71194 ], [ -121.72755, 37.71196 ] ] ] } },
{ "type": "Feature", "properties": { "kind": "label", "km": 2, "city": "Livermore", "people": 5 }, "geometry": { "type": "Point", "coordinates": [ -121.72584, 37.71387 ] } },
{ "type": "Feature", "properties": { "kind": "area", "km": 2, "city": "Newark", "people": 1011 }, "geometry": { "type": "Polygon", "coordinates": [ [ [ -122.05196, 37.52531 ], [ -122.05341, 37.52535 ], [ -122.0622, 37.52845 ], [ -122.06385, 37.52981 ], [ -122.06441, 37.53298 ], [ -122.06265, 37.53322 ], [ -122.06183, 37.53367 ], [ -122.06081, 37.53616 ], [ -122.06098, 37.53715 ], [ -122.05957, 37.53836 ], [ -122.05741, 37.5371 ], [ -122.05721, 37.53597 ], [ -122.05779, 37.53529 ], [ -122.05682, 37.53482 ], [ -122.05594, 37.53525 ], [ -122.05461, 37.53388 ], [ -122.0534, 37.53348 ], [ -122.05362, 37.532 ], [ -122.05168, 37.52926 ], [ -122.05305, 37.52864 ], [ -122.0525, 37.52758 ], [ -122.05009, 37.52818 ], [ -122.04908, 37.52646 ], [ -122.05018, 37.5259 ], [ -122.04967, 37.525 ], [ -122.04661, 37.52601 ], [ -122.04712, 37.52725 ], [ -122.04573, 37.52775 ], [ -122.04541, 37.52762 ], [ -122.04456, 37.52565 ], [ -122.05046, 37.52367 ], [ -122.04871, 37.52038 ], [ -122.04793, 37.52053 ], [ -122.04731, 37.51948 ], [ -122.04646, 37.51978 ], [ -122.04764, 37.52201 ], [ -122.04849, 37.52189 ], [ -122.04872, 37.52274 ], [ -122.04619, 37.52334 ], [ -122.04499, 37.52193 ], [ -122.03607, 37.52483 ], [ -122.03423, 37.52161 ], [ -122.03162, 37.52227 ], [ -122.02962, 37.52401 ], [ -122.01188, 37.51576 ], [ -122.01456, 37.50969 ], [ -122.01218, 37.50699 ], [ -122.01166, 37.504 ], [ -122.01232, 37.50338 ], [ -122.01349, 37.50322 ], [ -122.01463, 37.50228 ], [ -122.01518, 37.50133 ], [ -122.01456, 37.50023 ], [ -122.01296, 37.50023 ], [ -122.01227, 37.49983 ], [ -122.01277, 37.4981 ], [ -122.01225, 37.49704 ], [ -122.01134, 37.49693 ], [ -122.00968, 37.49784 ], [ -122.00817, 37.49773 ], [ -122.00718, 37.49714 ], [ -122.00568, 37.49492 ], [ -122.00586, 37.49446 ], [ -122.00682, 37.49398 ], [ -122.00931, 37.49348 ], [ -122.01043, 37.49277 ], [ -122.00947, 37.48894 ], [ -122.01172, 37.48558 ], [ -122.01304, 37.48224 ], [ -122.01413, 37.48119 ], [ -122.01541, 37.48168 ], [ -122.01806, 37.48367 ], [ -122.01989, 37.48437 ], [ -122.02302, 37.48448 ], [ -122.0246, 37.48313 ], [ -122.025, 37.48236 ], [ -122.02563, 37.47884 ], [ -122.02634, 37.47851 ], [ -122.02756, 37.47845 ], [ -122.03018, 37.48173 ], [ -122.03054, 37.48263 ], [ -122.03046, 37.48729 ], [ -122.03023, 37.48787 ], [ -122.02956, 37.48815 ], [ -122.03052, 37.48922 ], [ -122.03177, 37.48899 ], [ -122.0324, 37.48917 ], [ -122.03546, 37.49219 ], [ -122.0367, 37.4924 ], [ -122.0384, 37.49347 ], [ -122.04123, 37.49332 ], [ -122.05093, 37.49628 ], [ -122.05112, 37.49745 ], [ -122.0577, 37.49898 ], [ -122.05782, 37.5 ], [ -122.05641, 37.50177 ], [ -122.05533, 37.50413 ], [ -122.05432, 37.50843 ], [ -122.05488, 37.50977 ], [ -122.05536, 37.50972 ], [ -122.0556, 37.5102 ], [ -122.0553, 37.51054 ], [ -122.05601, 37.51402 ], [ -122.06048, 37.51457 ], [ -122.06083, 37.51389 ], [ -122.06461, 37.5128 ], [ -122.06766, 37.51832 ], [ -122.05124, 37.5239 ], [ -122.05196, 37.52531 ] ], [ [ -122.05088, 37.51806 ], [ -122.05033, 37.51801 ], [ -122.04934, 37.5162 ], [ -122.04903, 37.51631 ], [ -122.05071, 37.51922 ], [ -122.05135, 37.519 ], [ -122.05088, 37.51806 ] ], [ [ -122.04923, 37.51865 ], [ -122.04854, 37.51887 ], [ -122.04901, 37.51979 ], [ -122.0497, 37.51957 ], [ -122.04923, 37.51865 ] ], [ [ -122.04618, 37.51546 ], [ -122.0339, 37.51965 ], [ -122.03459, 37.52111 ], [ -122.03922, 37.51954 ], [ -122.04064, 37.5183 ], [ -122.04659, 37.51629 ], [ -122.04618, 37.51546 ] ] ] } },
{ "type": "Feature", "properties": { "kind": "label", "km": 2, "city": "Newark", "people": 1011 }, "geometry": { "type": "Point", "coordinates": [ -122.03401, 37.5082 ] } },
{ "type": "Feature", "properties": { "kind": "area", "km": 2, "city": "Oakland", "people": 17742 }, "geometry": { "type": "Polygon", "coordinates": [ [ [ -122.22936, 37.77763 ], [ -122.22847, 37.77868 ], [ -122.22935, 37.77944 ], [ -122.22709, 37.78174 ], [ -122.22784, 37.78237 ], [ -122.22606, 37.78418 ], [ -122.22698, 37.78426 ], [ -122.22712, 37.78453 ], [ -122.22518, 37.78659 ], [ -122.22579, 37.78713 ], [ -122.22437, 37.78864 ], [ -122.22503, 37.78922 ], [ -122.22306, 37.79148 ], [ -122.22359, 37.7919 ], [ -122.22272, 37.79379 ], [ -122.22351, 37.79418 ], [ -122.22299, 37.79545 ], [ -122.22186, 37.79536 ], [ -122.22112, 37.79729 ], [ -122.22146, 37.79847 ], [ -122.22101, 37.80013 ], [ -122.22004, 37.80023 ], [ -122.21909, 37.79993 ], [ -122.21927, 37.80099 ], [ -122.21881, 37.80119 ], [ -122.21818, 37.80234 ], [ -122.21749, 37.80479 ], [ -122.21667, 37.80522 ], [ -122.21696, 37.80552 ], [ -122.21667, 37.8066 ], [ -122.21829, 37.80725 ], [ -122.21925, 37.80896 ], [ -122.21817, 37.80937 ], [ -122.21748, 37.80884 ], [ -122.21671, 37.80981 ], [ -122.21727, 37.81035 ], [ -122.21483, 37.81288 ], [ -122.21315, 37.81231 ], [ -122.21412, 37.81055 ], [ -122.21483, 37.80994 ], [ -122.21536, 37.80856 ], [ -122.21551, 37.80755 ], [ -122.21502, 37.80688 ], [ -122.21459, 37.80797 ], [ -122.21395, 37.80824 ], [ -122.21328, 37.80796 ], [ -122.21306, 37.80713 ], [ -122.21514, 37.80218 ], [ -122.21233, 37.80128 ], [ -122.21476, 37.79902 ], [ -122.21522, 37.79815 ], [ -122.21678, 37.79811 ], [ -122.21352, 37.79712 ], [ -122.21416, 37.79544 ], [ -122.21472, 37.79532 ], [ -122.2166, 37.79287 ], [ -122.21491, 37.79208 ], [ -122.21413, 37.79274 ], [ -122.21113, 37.79137 ], [ -122.20957, 37.79353 ], [ -122.20789, 37.79293 ], [ -122.20683, 37.79375 ], [ -122.20793, 37.79474 ], [ -122.20672, 37.796 ], [ -122.2052, 37.79502 ], [ -122.20152, 37.79785 ], [ -122.20053, 37.79728 ], [ -122.19954, 37.79945 ], [ -122.19818, 37.80076 ], [ -122.1997, 37.80221 ], [ -122.20084, 37.80124 ], [ -122.20292, 37.80264 ], [ -122.2009, 37.80464 ], [ -122.20204, 37.80527 ], [ -122.20237, 37.80635 ], [ -122.20383, 37.80561 ], [ -122.20625, 37.8071 ], [ -122.2063, 37.80742 ], [ -122.20242, 37.80967 ], [ -122.20128, 37.81066 ], [ -122.19828, 37.81041 ], [ -122.19775, 37.80979 ], [ -122.1975, 37.80864 ], [ -122.19727, 37.80986 ], [ -122.19632, 37.80958 ], [ -122.19227, 37.80514 ], [ -122.19261, 37.8049 ], [ -122.19355, 37.80549 ], [ -122.19421, 37.80545 ], [ -122.19238, 37.80305 ], [ -122.19374, 37.80285 ], [ -122.19313, 37.80122 ], [ -122.19381, 37.80118 ], [ -122.19443, 37.80161 ], [ -122.19556, 37.79978 ], [ -122.1961, 37.79944 ], [ -122.19591, 37.79881 ], [ -122.19642, 37.79814 ], [ -122.19589, 37.79725 ], [ -122.20222, 37.79352 ], [ -122.2019, 37.79285 ], [ -122.20462, 37.79107 ], [ -122.20512, 37.79123 ], [ -122.20599, 37.79103 ], [ -122.2068, 37.79177 ], [ -122.21543, 37.7869 ], [ -122.21629, 37.78761 ], [ -122.21526, 37.78826 ], [ -122.21578, 37.7885 ], [ -122.21644, 37.78799 ], [ -122.2193, 37.78937 ], [ -122.21947, 37.78899 ], [ -122.21747, 37.78786 ], [ -122.2185, 37.7865 ], [ -122.2193, 37.78667 ], [ -122.21973, 37.78618 ], [ -122.21986, 37.78587 ], [ -122.21935, 37.78539 ], [ -122.22089, 37.78339 ], [ -122.22044, 37.78323 ], [ -122.21778, 37.78673 ], [ -122.21708, 37.7865 ], [ -122.21539, 37.78507 ], [ -122.21632, 37.78423 ], [ -122.21413, 37.78275 ], [ -122.21724, 37.77988 ], [ -122.21271, 37.77579 ], [ -122.21454, 37.77426 ], [ -122.21212, 37.77295 ], [ -122.21177, 37.77342 ], [ -122.21274, 37.77421 ], [ -122.20661, 37.78032 ], [ -122.20621, 37.78036 ], [ -122.20537, 37.77958 ], [ -122.20759, 37.77715 ], [ -122.20836, 37.77567 ], [ -122.20708, 37.77499 ], [ -122.20932, 37.77199 ], [ -122.20812, 37.77177 ], [ -122.20934, 37.77007 ], [ -122.20761, 37.76893 ], [ -122.21055, 37.76627 ], [ -122.20866, 37.76538 ], [ -122.20791, 37.76584 ], [ -122.20743, 37.76564 ], [ -122.20462, 37.76763 ], [ -122.20273, 37.76682 ], [ -122.20076, 37.76817 ], [ -122.19991, 37.76763 ], [ -122.19441, 37.77149 ], [ -122.19316, 37.77134 ], [ -122.19191, 37.77033 ], [ -122.20238, 37.76282 ], [ -122.20103, 37.76161 ], [ -122.2, 37.7621 ], [ -122.19834, 37.76062 ], [ -122.1963, 37.76194 ], [ -122.19504, 37.76222 ], [ -122.19441, 37.76284 ], [ -122.1901, 37.7608 ], [ -122.19029, 37.76039 ], [ -122.19429, 37.7578 ], [ -122.19285, 37.75636 ], [ -122.19292, 37.75608 ], [ -122.19475, 37.75494 ], [ -122.19545, 37.75533 ], [ -122.1971, 37.7543 ], [ -122.19829, 37.75522 ], [ -122.19851, 37.75508 ], [ -122.19727, 37.75395 ], [ -122.1975, 37.75339 ], [ -122.20096, 37.75654 ], [ -122.20818, 37.75381 ], [ -122.21252, 37.75874 ], [ -122.21182, 37.75942 ], [ -122.21301, 37.76145 ], [ -122.214, 37.7617 ], [ -122.21742, 37.7596 ], [ -122.21678, 37.75791 ], [ -122.21568, 37.75738 ], [ -122.21654, 37.75637 ], [ -122.2157, 37.75625 ], [ -122.21519, 37.75548 ], [ -122.21429, 37.75535 ], [ -122.21409, 37.75472 ], [ -122.21339, 37.75498 ], [ -122.21231, 37.75485 ], [ -122.21163, 37.75351 ], [ -122.21098, 37.75308 ], [ -122.21092, 37.75174 ], [ -122.20829, 37.75319 ], [ -122.20773, 37.75287 ], [ -122.21174, 37.75039 ], [ -122.21166, 37.7497 ], [ -122.21217, 37.74936 ], [ -122.2072, 37.74365 ], [ -122.20846, 37.74255 ], [ -122.2094, 37.74212 ], [ -122.21091, 37.742 ], [ -122.21135, 37.74251 ], [ -122.21155, 37.74371 ], [ -122.21392, 37.74575 ], [ -122.21716, 37.74776 ], [ -122.21431, 37.74276 ], [ -122.21142, 37.74098 ], [ -122.21063, 37.73997 ], [ -122.21086, 37.73736 ], [ -122.21011, 37.73657 ], [ -122.20991, 37.73601 ], [ -122.21019, 37.73574 ], [ -122.20875, 37.73264 ], [ -122.20748, 37.73156 ], [ -122.20768, 37.73118 ], [ -122.20816, 37.73119 ], [ -122.20804, 37.73062 ], [ -122.2084, 37.73028 ], [ -122.21078, 37.73157 ], [ -122.21391, 37.73841 ], [ -122.21544, 37.74088 ], [ -122.21956, 37.74449 ], [ -122.22129, 37.74556 ], [ -122.22234, 37.74584 ], [ -122.22264, 37.74548 ], [ -122.2236, 37.74542 ], [ -122.22377, 37.74754 ], [ -122.22677, 37.7478 ], [ -122.22655, 37.7483 ], [ -122.22366, 37.74826 ], [ -122.22375, 37.75477 ], [ -122.21805, 37.75996 ], [ -122.21957, 37.75976 ], [ -122.22121, 37.75853 ], [ -122.2223, 37.75851 ], [ -122.223, 37.75928 ], [ -122.22339, 37.76003 ], [ -122.2233, 37.76165 ], [ -122.22129, 37.76323 ], [ -122.22403, 37.76563 ], [ -122.22059, 37.76818 ], [ -122.22211, 37.7703 ], [ -122.22351, 37.77143 ], [ -122.22819, 37.77311 ], [ -122.22796, 37.77369 ], [ -122.22644, 37.77316 ], [ -122.22616, 37.7737 ], [ -122.22749, 37.77454 ], [ -122.22739, 37.77508 ], [ -122.22919, 37.77635 ], [ -122.22862, 37.77717 ], [ -122.22936, 37.77763 ] ], [ [ -122.21378, 37.79006 ], [ -122.21538, 37.7907 ], [ -122.21383, 37.78998 ], [ -122.21378, 37.79006 ] ], [ [ -122.21585, 37.79083 ], [ -122.21691, 37.79135 ], [ -122.21748, 37.79062 ], [ -122.21639, 37.7901 ], [ -122.21585, 37.79083 ] ], [ [ -122.21444, 37.77233 ], [ -122.21404, 37.77233 ], [ -122.21354, 37.773 ], [ -122.21444, 37.77233 ] ], [ [ -122.22087, 37.77316 ], [ -122.22117, 37.77277 ], [ -122.22073, 37.77256 ], [ -122.22033, 37.7731 ], [ -122.22087, 37.77316 ] ], [ [ -122.21749, 37.77183 ], [ -122.21989, 37.77011 ], [ -122.21899, 37.7695 ], [ -122.21653, 37.77136 ], [ -122.21749, 37.77183 ] ], [ [ -122.21925, 37.76641 ], [ -122.21906, 37.76588 ], [ -122.21841, 37.76537 ], [ -122.21925, 37.76641 ] ], [ [ -122.22375, 37.7811 ], [ -122.22408, 37.78043 ], [ -122.22367, 37.78029 ], [ -122.22332, 37.78099 ], [ -122.22375, 37.7811 ] ], [ [ -122.20859, 37.77549 ], [ -122.209, 37.7756 ], [ -122.20935, 37.77513 ], [ -122.20894, 37.77494 ], [ -122.20859, 37.77549 ] ], [ [ -122.19988, 37.80299 ], [ -122.19796, 37.80396 ], [ -122.19771, 37.80354 ], [ -122.19808, 37.80294 ], [ -122.19724, 37.80277 ], [ -122.19632, 37.80406 ], [ -122.197, 37.80434 ], [ -122.19839, 37.80412 ], [ -122.19906, 37.80435 ], [ -122.20078, 37.80328 ], [ -122.19988, 37.80299 ] ] ] } },
{ "type": "Feature", "properties": { "kind": "label", "km": 2, "city": "Oakland", "people": 17742 }, "geometry": { "type": "Point", "coordinates": [ -122.21248, 37.77157 ] } },
{ "type": "Feature", "properties": { "kind": "area", "km": 2, "city": "Oakland", "people": 239 }, "geometry": { "type": "Polygon", "coordinates": [ [ [ -122.26646, 37.78893 ], [ -122.2637, 37.79091 ], [ -122.26169, 37.79091 ], [ -122.25921, 37.79002 ], [ -122.25556, 37.78931 ], [ -122.2554, 37.78904 ], [ -122.25581, 37.78856 ], [ -122.25543, 37.788 ], [ -122.25302, 37.78884 ], [ -122.24715, 37.78693 ], [ -122.24328, 37.78464 ], [ -122.24269, 37.78454 ], [ -122.24236, 37.7792 ], [ -122.24359, 37.77901 ], [ -122.24409, 37.77928 ], [ -122.24396, 37.77998 ], [ -122.24352, 37.78018 ], [ -122.24421, 37.7802 ], [ -122.24434, 37.78068 ], [ -122.24351, 37.78096 ], [ -122.24409, 37.78121 ], [ -122.24421, 37.78232 ], [ -122.24353, 37.78274 ], [ -122.24364, 37.78352 ], [ -122.24464, 37.78351 ], [ -122.24545, 37.78458 ], [ -122.24761, 37.78618 ], [ -122.24814, 37.78593 ], [ -122.24922, 37.78664 ], [ -122.25258, 37.78758 ], [ -122.25468, 37.78726 ], [ -122.25481, 37.78689 ], [ -122.25846, 37.78556 ], [ -122.26162, 37.78689 ], [ -122.25904, 37.7892 ], [ -122.26158, 37.78753 ], [ -122.26265, 37.7874 ], [ -122.26339, 37.78781 ], [ -122.26365, 37.78949 ], [ -122.26537, 37.78832 ], [ -122.26576, 37.78872 ], [ -122.26461, 37.78958 ], [ -122.26617, 37.7886 ], [ -122.26646, 37.78893 ] ] ] } },
{ "type": "Feature", "properties": { "kind": "label", "km": 2, "city": "Oakland", "people": 239 }, "geometry": { "type": "Point", "coordinates": [ -122.24518, 37.78513 ] } },
{ "type": "Feature", "properties": { "kind": "area", "km": 2, "city": "Oakland", "people": 247 }, "geometry": { "type": "Polygon", "coordinates": [ [ [ -122.24725, 37.80808 ], [ -122.2492, 37.80722 ], [ -122.24975, 37.80744 ], [ -122.24942, 37.80828 ], [ -122.25011, 37.80882 ], [ -122.25112, 37.80845 ], [ -122.25198, 37.80864 ], [ -122.25185, 37.8093 ], [ -122.25118, 37.80941 ], [ -122.25071, 37.80968 ], [ -122.2518, 37.80974 ], [ -122.25171, 37.81095 ], [ -122.25042, 37.81145 ], [ -122.24985, 37.81109 ], [ -122.25055, 37.81213 ], [ -122.2511, 37.81433 ], [ -122.25065, 37.81437 ], [ -122.24996, 37.81315 ], [ -122.24905, 37.81258 ], [ -122.24861, 37.81397 ], [ -122.24751, 37.81417 ], [ -122.24666, 37.81666 ], [ -122.24692, 37.8172 ], [ -122.2465, 37.81807 ], [ -122.24698, 37.81817 ], [ -122.24797, 37.81752 ], [ -122.24985, 37.81886 ], [ -122.24805, 37.82062 ], [ -122.24865, 37.82108 ], [ -122.24859, 37.82151 ], [ -122.2474, 37.82175 ], [ -122.24444, 37.81916 ], [ -122.2454, 37.81565 ], [ -122.24454, 37.81523 ], [ -122.24515, 37.81362 ], [ -122.24658, 37.81153 ], [ -122.2461, 37.81121 ], [ -122.24306, 37.81225 ], [ -122.24224, 37.81183 ], [ -122.24142, 37.81268 ], [ -122.24204, 37.81327 ], [ -122.24153, 37.81379 ], [ -122.24237, 37.81514 ], [ -122.24129, 37.81593 ], [ -122.23989, 37.81579 ], [ -122.23983, 37.81532 ], [ -122.23903, 37.81462 ], [ -122.23814, 37.81534 ], [ -122.236, 37.81468 ], [ -122.23322, 37.81482 ], [ -122.23127, 37.81426 ], [ -122.23165, 37.81388 ], [ -122.23552, 37.81341 ], [ -122.23775, 37.81382 ], [ -122.24014, 37.81196 ], [ -122.23997, 37.81159 ], [ -122.23906, 37.81152 ], [ -122.23919, 37.81068 ], [ -122.23549, 37.81082 ], [ -122.23447, 37.81145 ], [ -122.23284, 37.81062 ], [ -122.23232, 37.80997 ], [ -122.2325, 37.80968 ], [ -122.23634, 37.80916 ], [ -122.23861, 37.80934 ], [ -122.2371, 37.80877 ], [ -122.23666, 37.80825 ], [ -122.23429, 37.80831 ], [ -122.23485, 37.807 ], [ -122.23732, 37.80685 ], [ -122.23833, 37.80775 ], [ -122.24044, 37.80865 ], [ -122.24338, 37.81079 ], [ -122.24624, 37.8098 ], [ -122.2417, 37.80845 ], [ -122.24149, 37.80733 ], [ -122.24211, 37.80733 ], [ -122.24288, 37.80786 ], [ -122.24531, 37.80868 ], [ -122.24652, 37.80802 ], [ -122.24725, 37.80808 ] ], [ [ -122.24813, 37.81018 ], [ -122.24673, 37.80993 ], [ -122.24849, 37.8103 ], [ -122.24813, 37.81018 ] ] ] } },
{ "type": "Feature", "properties": { "kind": "label", "km": 2, "city": "Oakland", "people": 247 }, "geometry": { "type": "Point", "coordinates": [ -122.23679, 37.81441 ] } },
{ "type": "Feature", "properties": { "kind": "area", "km": 2, "city": "Oakland", "people": 428 }, "geometry": { "type": "Polygon", "coordinates": [ [ [ -122.26391, 37.81641 ], [ -122.26246, 37.81873 ], [ -122.26144, 37.8187 ], [ -122.26111, 37.8211 ], [ -122.26016, 37.82139 ], [ -122.25908, 37.82012 ], [ -122.25741, 37.82117 ], [ -122.25682, 37.82176 ], [ -122.25766, 37.82285 ], [ -122.25392, 37.82565 ], [ -122.25294, 37.82566 ], [ -122.25316, 37.82613 ], [ -122.24554, 37.83191 ], [ -122.24688, 37.83282 ], [ -122.24884, 37.8315 ], [ -122.24995, 37.83247 ], [ -122.2503, 37.83335 ], [ -122.24935, 37.83416 ], [ -122.24819, 37.8346 ], [ -122.24783, 37.83452 ], [ -122.24777, 37.83415 ], [ -122.24889, 37.83364 ], [ -122.24876, 37.83328 ], [ -122.24493, 37.83499 ], [ -122.23986, 37.83878 ], [ -122.23938, 37.83863 ], [ -122.2362, 37.84024 ], [ -122.23168, 37.83664 ], [ -122.23021, 37.83631 ], [ -122.22934, 37.83559 ], [ -122.22814, 37.83608 ], [ -122.22537, 37.83497 ], [ -122.2264, 37.83388 ], [ -122.22624, 37.83288 ], [ -122.22718, 37.83217 ], [ -122.22789, 37.83214 ], [ -122.2292, 37.83289 ], [ -122.23047, 37.83256 ], [ -122.23132, 37.83124 ], [ -122.23231, 37.83112 ], [ -122.23266, 37.83141 ], [ -122.23522, 37.83092 ], [ -122.23553, 37.83119 ], [ -122.23782, 37.8304 ], [ -122.2409, 37.83023 ], [ -122.24402, 37.82969 ], [ -122.24528, 37.82891 ], [ -122.24404, 37.82846 ], [ -122.24423, 37.82804 ], [ -122.24573, 37.82805 ], [ -122.24637, 37.82757 ], [ -122.24682, 37.82771 ], [ -122.24764, 37.82733 ], [ -122.2473, 37.82665 ], [ -122.24777, 37.82511 ], [ -122.24815, 37.82501 ], [ -122.249, 37.82553 ], [ -122.24985, 37.82428 ], [ -122.24911, 37.82358 ], [ -122.25008, 37.82269 ], [ -122.25102, 37.82313 ], [ -122.25296, 37.82249 ], [ -122.25445, 37.82132 ], [ -122.25509, 37.82185 ], [ -122.25584, 37.82126 ], [ -122.25523, 37.82108 ], [ -122.25385, 37.81987 ], [ -122.25511, 37.81865 ], [ -122.25691, 37.81991 ], [ -122.25778, 37.81915 ], [ -122.2573, 37.81848 ], [ -122.25894, 37.81726 ], [ -122.2597, 37.81755 ], [ -122.26032, 37.81625 ], [ -122.26109, 37.81578 ], [ -122.2637, 37.81613 ], [ -122.26391, 37.81641 ] ] ] } },
{ "type": "Feature", "properties": { "kind": "label", "km": 2, "city": "Oakland", "people": 428 }, "geometry": { "type": "Point", "coordinates": [ -122.24741, 37.82805 ] } },
{ "type": "Feature", "properties": { "kind": "area", "km": 2, "city": "Oakland", "people": 2 }, "geometry": { "type": "Polygon", "coordinates": [ [ [ -122.33417, 37.81041 ], [ -122.33308, 37.81126 ], [ -122.32779, 37.81073 ], [ -122.32754, 37.81051 ], [ -122.32636, 37.81066 ], [ -122.32311, 37.81035 ], [ -122.31349, 37.81942 ], [ -122.30892, 37.81906 ], [ -122.30868, 37.82091 ], [ -122.3125, 37.822 ], [ -122.31543, 37.82155 ], [ -122.31879, 37.81849 ], [ -122.31975, 37.81903 ], [ -122.31966, 37.8194 ], [ -122.32128, 37.82076 ], [ -122.32433, 37.82082 ], [ -122.33059, 37.82014 ], [ -122.33087, 37.82056 ], [ -122.33011, 37.8218 ], [ -122.3243, 37.82225 ], [ -122.30541, 37.8253 ], [ -122.30164, 37.82386 ], [ -122.30011, 37.82286 ], [ -122.30167, 37.82125 ], [ -122.30292, 37.8228 ], [ -122.30461, 37.82371 ], [ -122.30702, 37.82315 ], [ -122.30533, 37.82271 ], [ -122.3061, 37.82191 ], [ -122.307, 37.82154 ], [ -122.30657, 37.82082 ], [ -122.30694, 37.81879 ], [ -122.30501, 37.81861 ], [ -122.30482, 37.81833 ], [ -122.31494, 37.80866 ], [ -122.32042, 37.80909 ], [ -122.32348, 37.80782 ], [ -122.32783, 37.80743 ], [ -122.32868, 37.80814 ], [ -122.32896, 37.80965 ], [ -122.33393, 37.81011 ], [ -122.33417, 37.81041 ] ], [ [ -122.31067, 37.82269 ], [ -122.31089, 37.82266 ], [ -122.31082, 37.82266 ], [ -122.31067, 37.82269 ] ], [ [ -122.32037, 37.82156 ], [ -122.31919, 37.81994 ], [ -122.31682, 37.82197 ], [ -122.32037, 37.82156 ] ] ] } },
{ "type": "Feature", "properties": { "kind": "label", "km": 2, "city": "Oakland", "people": 2 }, "geometry": { "type": "Point", "coordinates": [ -122.31226, 37.81594 ] } },
{ "type": "Feature", "properties": { "kind": "area", "km": 2, "city": "Oakland", "people": 176 }, "geometry": { "type": "Polygon", "coordinates": [ [ [ -122.23951, 37.84984 ], [ -122.23802, 37.84977 ], [ -122.23485, 37.8484 ], [ -122.23133, 37.84895 ], [ -122.22783, 37.84842 ], [ -122.22717, 37.8453 ], [ -122.22459, 37.84182 ], [ -122.22209, 37.84079 ], [ -122.22092, 37.8393 ], [ -122.22081, 37.84042 ], [ -122.21989, 37.8404 ], [ -122.21942, 37.83974 ], [ -122.21949, 37.83901 ], [ -122.21778, 37.83694 ], [ -122.21658, 37.83748 ], [ -122.21582, 37.8374 ], [ -122.21579, 37.83584 ], [ -122.2135, 37.83586 ], [ -122.21288, 37.83623 ], [ -122.21259, 37.83663 ], [ -122.21293, 37.83838 ], [ -122.21147, 37.83852 ], [ -122.21071, 37.8393 ], [ -122.2104, 37.83877 ], [ -122.21069, 37.83788 ], [ -122.20829, 37.83667 ], [ -122.20631, 37.83682 ], [ -122.20645, 37.83629 ], [ -122.20777, 37.83564 ], [ -122.20837, 37.83491 ], [ -122.20973, 37.83468 ], [ -122.20971, 37.83382 ], [ -122.20862, 37.83304 ], [ -122.20912, 37.83248 ], [ -122.20905, 37.83201 ], [ -122.21023, 37.8321 ], [ -122.2103, 37.83283 ], [ -122.21121, 37.83235 ], [ -122.20963, 37.8314 ], [ -122.21064, 37.82946 ], [ -122.21114, 37.82937 ], [ -122.21449, 37.83236 ], [ -122.21525, 37.83129 ], [ -122.21564, 37.8318 ], [ -122.21672, 37.8322 ], [ -122.21967, 37.83615 ], [ -122.22243, 37.83842 ], [ -122.22484, 37.84146 ], [ -122.22711, 37.84268 ], [ -122.22909, 37.84225 ], [ -122.22918, 37.84316 ], [ -122.23031, 37.84367 ], [ -122.23085, 37.84432 ], [ -122.23206, 37.84472 ], [ -122.23217, 37.84558 ], [ -122.2342, 37.84668 ], [ -122.23485, 37.84639 ], [ -122.2354, 37.84673 ], [ -122.23625, 37.84647 ], [ -122.23702, 37.84672 ], [ -122.23724, 37.84723 ], [ -122.23644, 37.84765 ], [ -122.23773, 37.84818 ], [ -122.23796, 37.84863 ], [ -122.23863, 37.84808 ], [ -122.2393, 37.84822 ], [ -122.24028, 37.84934 ], [ -122.23951, 37.84984 ] ] ] } },
{ "type": "Feature", "properties": { "kind": "label", "km": 2, "city": "Oakland", "people": 176 }, "geometry": { "type": "Point", "coordinates": [ -122.22232, 37.83966 ] } },
{ "type": "Feature", "properties": { "kind": "area", "km": 2, "city": "Oakland", "people": 166 }, "geometry": { "type": "Polygon", "coordinates": [ [ [ -122.20613, 37.78076 ], [ -122.20438, 37.78266 ], [ -122.19639, 37.78677 ], [ -122.19494, 37.78618 ], [ -122.19506, 37.78571 ], [ -122.20016, 37.78258 ], [ -122.19721, 37.77996 ], [ -122.19802, 37.77916 ], [ -122.2005, 37.78112 ], [ -122.20176, 37.78026 ], [ -122.20245, 37.78069 ], [ -122.20446, 37.77934 ], [ -122.20613, 37.78076 ] ] ] } },
{ "type": "Feature", "properties": { "kind": "label", "km": 2, "city": "Oakland", "people": 166 }, "geometry": { "type": "Point", "coordinates": [ -122.20173, 37.78293 ] } },
{ "type": "Feature", "properties": { "kind": "area", "km": 2, "city": "Oakland", "people": 7220 }, "geometry": { "type": "Polygon", "coordinates": [ [ [ -122.18052, 37.75589 ], [ -122.18285, 37.75439 ], [ -122.18381, 37.75504 ], [ -122.18576, 37.75383 ], [ -122.18671, 37.75463 ], [ -122.18636, 37.75508 ], [ -122.18743, 37.75613 ], [ -122.18911, 37.75509 ], [ -122.19019, 37.75593 ], [ -122.19184, 37.7549 ], [ -122.19241, 37.75529 ], [ -122.18876, 37.75778 ], [ -122.18838, 37.75777 ], [ -122.18712, 37.75927 ], [ -122.18633, 37.75905 ], [ -122.1823, 37.76163 ], [ -122.18268, 37.7623 ], [ -122.18035, 37.76376 ], [ -122.17845, 37.76204 ], [ -122.17453, 37.76413 ], [ -122.17259, 37.76233 ], [ -122.17178, 37.76241 ], [ -122.16901, 37.76363 ], [ -122.16835, 37.76276 ], [ -122.1695, 37.7621 ], [ -122.1693, 37.76183 ], [ -122.16808, 37.76234 ], [ -122.16752, 37.76172 ], [ -122.16683, 37.76197 ], [ -122.16631, 37.76138 ], [ -122.16525, 37.76114 ], [ -122.16431, 37.76159 ], [ -122.16523, 37.76268 ], [ -122.16431, 37.76327 ], [ -122.16231, 37.76236 ], [ -122.15892, 37.76183 ], [ -122.15531, 37.75938 ], [ -122.155, 37.75867 ], [ -122.15343, 37.75763 ], [ -122.15149, 37.75541 ], [ -122.15145, 37.75637 ], [ -122.15059, 37.75646 ], [ -122.15036, 37.75618 ], [ -122.14862, 37.75872 ], [ -122.14782, 37.75893 ], [ -122.14766, 37.75821 ], [ -122.14802, 37.75708 ], [ -122.1511, 37.7537 ], [ -122.15165, 37.75203 ], [ -122.15135, 37.75032 ], [ -122.14857, 37.74493 ], [ -122.14948, 37.7444 ], [ -122.15033, 37.74492 ], [ -122.15075, 37.74669 ], [ -122.15285, 37.75144 ], [ -122.15346, 37.75203 ], [ -122.15438, 37.75142 ], [ -122.15593, 37.75224 ], [ -122.1567, 37.75329 ], [ -122.15764, 37.75372 ], [ -122.1584, 37.75587 ], [ -122.16064, 37.75766 ], [ -122.16001, 37.75589 ], [ -122.1602, 37.75566 ], [ -122.16159, 37.75547 ], [ -122.16215, 37.75689 ], [ -122.16549, 37.75549 ], [ -122.16613, 37.75627 ], [ -122.16587, 37.7566 ], [ -122.16705, 37.75819 ], [ -122.17714, 37.75348 ], [ -122.17771, 37.75382 ], [ -122.17947, 37.75302 ], [ -122.18033, 37.75405 ], [ -122.17859, 37.75494 ], [ -122.18052, 37.75589 ] ] ] } },
{ "type": "Feature", "properties": { "kind": "label", "km": 2, "city": "Oakland", "people": 7220 }, "geometry": { "type": "Point", "coordinates": [ -122.15415, 37.75441 ] } },
{ "type": "Feature", "properties": { "kind": "area", "km": 2, "city": "Pleasanton", "people": 2171 }, "geometry": { "type": "Polygon", "coordinates": [ [ [ -121.91938, 37.66858 ], [ -121.91679, 37.66908 ], [ -121.91689, 37.66992 ], [ -121.914, 37.67065 ], [ -121.91386, 37.67356 ], [ -121.91647, 37.67693 ], [ -121.91978, 37.67588 ], [ -121.92013, 37.67598 ], [ -121.92024, 37.67668 ], [ -121.91766, 37.67753 ], [ -121.91772, 37.67804 ], [ -121.92005, 37.67836 ], [ -121.9204, 37.67898 ], [ -121.9215, 37.67914 ], [ -121.92279, 37.6799 ], [ -121.92178, 37.68115 ], [ -121.92059, 37.68178 ], [ -121.92186, 37.68443 ], [ -121.9211, 37.68469 ], [ -121.9223, 37.6865 ], [ -121.92195, 37.68715 ], [ -121.92345, 37.68833 ], [ -121.92419, 37.68814 ], [ -121.92551, 37.6905 ], [ -121.92356, 37.69101 ], [ -121.91266, 37.69024 ], [ -121.9088, 37.69099 ], [ -121.90835, 37.6894 ], [ -121.91095, 37.68881 ], [ -121.91163, 37.68935 ], [ -121.9102, 37.68553 ], [ -121.91135, 37.68353 ], [ -121.91221, 37.68379 ], [ -121.91309, 37.68341 ], [ -121.9116, 37.67964 ], [ -121.9111, 37.67947 ], [ -121.90926, 37.67999 ], [ -121.90874, 37.67901 ], [ -121.91034, 37.67839 ], [ -121.91343, 37.67782 ], [ -121.91106, 37.67176 ], [ -121.9107, 37.67185 ], [ -121.91265, 37.6768 ], [ -121.91186, 37.67779 ], [ -121.90366, 37.68044 ], [ -121.90206, 37.67925 ], [ -121.90246, 37.67863 ], [ -121.90329, 37.6782 ], [ -121.90944, 37.67702 ], [ -121.91009, 37.67562 ], [ -121.90945, 37.67414 ], [ -121.90848, 37.67372 ], [ -121.9018, 37.67633 ], [ -121.90013, 37.67789 ], [ -121.89835, 37.67686 ], [ -121.89847, 37.67656 ], [ -121.9094, 37.67207 ], [ -121.90929, 37.67169 ], [ -121.90817, 37.67151 ], [ -121.90704, 37.67239 ], [ -121.90386, 37.67311 ], [ -121.90325, 37.67224 ], [ -121.90479, 37.67163 ], [ -121.90405, 37.67019 ], [ -121.90315, 37.67014 ], [ -121.90196, 37.67046 ], [ -121.90205, 37.67223 ], [ -121.90076, 37.6722 ], [ -121.9, 37.66918 ], [ -121.90294, 37.66831 ], [ -121.90305, 37.66764 ], [ -121.90457, 37.66771 ], [ -121.90487, 37.66746 ], [ -121.90418, 37.66604 ], [ -121.90236, 37.66636 ], [ -121.90128, 37.66454 ], [ -121.89957, 37.66522 ], [ -121.90003, 37.66657 ], [ -121.89788, 37.66734 ], [ -121.8975, 37.66721 ], [ -121.89699, 37.66586 ], [ -121.89708, 37.66493 ], [ -121.90606, 37.66174 ], [ -121.90741, 37.66382 ], [ -121.90921, 37.66798 ], [ -121.90957, 37.66795 ], [ -121.90698, 37.6627 ], [ -121.90144, 37.6566 ], [ -121.90792, 37.65398 ], [ -121.91116, 37.6596 ], [ -121.91758, 37.66553 ], [ -121.91931, 37.66777 ], [ -121.91938, 37.66858 ] ], [ [ -121.92059, 37.68972 ], [ -121.92044, 37.69 ], [ -121.92133, 37.69016 ], [ -121.92059, 37.68972 ] ], [ [ -121.91923, 37.68939 ], [ -121.91942, 37.68918 ], [ -121.91906, 37.68906 ], [ -121.91923, 37.68939 ] ], [ [ -121.91879, 37.68785 ], [ -121.91865, 37.68799 ], [ -121.91883, 37.68791 ], [ -121.91879, 37.68785 ] ], [ [ -121.90517, 37.65883 ], [ -121.90427, 37.65641 ], [ -121.90384, 37.65645 ], [ -121.90387, 37.65789 ], [ -121.90543, 37.65953 ], [ -121.90568, 37.65934 ], [ -121.90517, 37.65883 ] ], [ [ -121.90718, 37.67053 ], [ -121.90619, 37.67136 ], [ -121.90633, 37.67163 ], [ -121.90703, 37.67123 ], [ -121.90718, 37.67053 ] ] ] } },
{ "type": "Feature", "properties": { "kind": "label", "km": 2, "city": "Pleasanton", "people": 2171 }, "geometry": { "type": "Point", "coordinates": [ -121.90957, 37.67256 ] } },
{ "type": "Feature", "properties": { "kind": "area", "km": 2, "city": "Pleasanton", "people": 5 }, "geometry": { "type": "Polygon", "coordinates": [ [ [ -121.92205, 37.69349 ], [ -121.92035, 37.69365 ], [ -121.92002, 37.6927 ], [ -121.92035, 37.69183 ], [ -121.92164, 37.69189 ], [ -121.92205, 37.69349 ] ] ] } },
{ "type": "Feature", "properties": { "kind": "label", "km": 2, "city": "Pleasanton", "people": 5 }, "geometry": { "type": "Point", "coordinates": [ -121.92095, 37.69281 ] } },
{ "type": "Feature", "properties": { "kind": "area", "km": 2, "city": "San Leandro", "people": 1443 }, "geometry": { "type": "Polygon", "coordinates": [ [ [ -122.1889, 37.70879 ], [ -122.18375, 37.70096 ], [ -122.17865, 37.70289 ], [ -122.17649, 37.69958 ], [ -122.17737, 37.69901 ], [ -122.17619, 37.69917 ], [ -122.17482, 37.69696 ], [ -122.1774, 37.69594 ], [ -122.17791, 37.69673 ], [ -122.17731, 37.69709 ], [ -122.17808, 37.69823 ], [ -122.18038, 37.69726 ], [ -122.17947, 37.6958 ], [ -122.1805, 37.69531 ], [ -122.18202, 37.69735 ], [ -122.18248, 37.69716 ], [ -122.18155, 37.69569 ], [ -122.1817, 37.69518 ], [ -122.17958, 37.69179 ], [ -122.17918, 37.69179 ], [ -122.1789, 37.69227 ], [ -122.17333, 37.69223 ], [ -122.17275, 37.6908 ], [ -122.18449, 37.69079 ], [ -122.18618, 37.68994 ], [ -122.18777, 37.69005 ], [ -122.18913, 37.69098 ], [ -122.19031, 37.69304 ], [ -122.19163, 37.69364 ], [ -122.192, 37.69425 ], [ -122.19159, 37.6947 ], [ -122.19044, 37.69504 ], [ -122.18939, 37.69492 ], [ -122.18934, 37.694 ], [ -122.18811, 37.69176 ], [ -122.18672, 37.69105 ], [ -122.18582, 37.69153 ], [ -122.18783, 37.69373 ], [ -122.18815, 37.69448 ], [ -122.18783, 37.69522 ], [ -122.1871, 37.69564 ], [ -122.18886, 37.69506 ], [ -122.18973, 37.69576 ], [ -122.19145, 37.69514 ], [ -122.19253, 37.69547 ], [ -122.19217, 37.69604 ], [ -122.18933, 37.69679 ], [ -122.18966, 37.69815 ], [ -122.19264, 37.69789 ], [ -122.19318, 37.69756 ], [ -122.19316, 37.6963 ], [ -122.1927, 37.6954 ], [ -122.1929, 37.69464 ], [ -122.19347, 37.69462 ], [ -122.19453, 37.69563 ], [ -122.1944, 37.69872 ], [ -122.19136, 37.69917 ], [ -122.19133, 37.70048 ], [ -122.19009, 37.70094 ], [ -122.19085, 37.70454 ], [ -122.19103, 37.70409 ], [ -122.19301, 37.70326 ], [ -122.19491, 37.70286 ], [ -122.19655, 37.70285 ], [ -122.19953, 37.7037 ], [ -122.20163, 37.70546 ], [ -122.20254, 37.70781 ], [ -122.2024, 37.70957 ], [ -122.20187, 37.71073 ], [ -122.20235, 37.71168 ], [ -122.2034, 37.71157 ], [ -122.20354, 37.71216 ], [ -122.19644, 37.7138 ], [ -122.19636, 37.71424 ], [ -122.19815, 37.71406 ], [ -122.19716, 37.71582 ], [ -122.19658, 37.71515 ], [ -122.19345, 37.71458 ], [ -122.18736, 37.71637 ], [ -122.1944, 37.72194 ], [ -122.1943, 37.7223 ], [ -122.18664, 37.71818 ], [ -122.18492, 37.71692 ], [ -122.18503, 37.71663 ], [ -122.1867, 37.71619 ], [ -122.184, 37.71091 ], [ -122.1889, 37.70879 ] ] ] } },
{ "type": "Feature", "properties": { "kind": "label", "km": 2, "city": "San Leandro", "people": 1443 }, "geometry": { "type": "Point", "coordinates": [ -122.19458, 37.70603 ] } },
{ "type": "Feature", "properties": { "kind": "area", "km": 2, "city": "San Leandro", "people": 15 }, "geometry": { "type": "Polygon", "coordinates": [ [ [ -122.14343, 37.6984 ], [ -122.14127, 37.69838 ], [ -122.14134, 37.69608 ], [ -122.14343, 37.69609 ], [ -122.14343, 37.6984 ] ] ] } },
{ "type": "Feature", "properties": { "kind": "label", "km": 2, "city": "San Leandro", "people": 15 }, "geometry": { "type": "Point", "coordinates": [ -122.14236, 37.69724 ] } },
{ "type": "Feature", "properties": { "kind": "area", "km": 2, "city": "San Lorenzo", "people": 13 }, "geometry": { "type": "Polygon", "coordinates": [ [ [ -122.16195, 37.66764 ], [ -122.16089, 37.66849 ], [ -122.15805, 37.66993 ], [ -122.15763, 37.66982 ], [ -122.15662, 37.6703 ], [ -122.15218, 37.67269 ], [ -122.14564, 37.66564 ], [ -122.14922, 37.66384 ], [ -122.1495, 37.66332 ], [ -122.15079, 37.66257 ], [ -122.15254, 37.66373 ], [ -122.16067, 37.66361 ], [ -122.1616, 37.66537 ], [ -122.16139, 37.66571 ], [ -122.16195, 37.66764 ] ], [ [ -122.15281, 37.66804 ], [ -122.15166, 37.66718 ], [ -122.15038, 37.66752 ], [ -122.15156, 37.66878 ], [ -122.15281, 37.66804 ] ] ] } },
{ "type": "Feature", "properties": { "kind": "label", "km": 2, "city": "San Lorenzo", "people": 13 }, "geometry": { "type": "Point", "coordinates": [ -122.15716, 37.66751 ] } },
{ "type": "Feature", "properties": { "kind": "area", "km": 2, "city": "Sunol", "people": 57 }, "geometry": { "type": "Polygon", "coordinates": [ [ [ -121.88742, 37.59383 ], [ -121.88599, 37.59539 ], [ -121.88631, 37.59561 ], [ -121.88813, 37.59435 ], [ -121.89143, 37.59376 ], [ -121.89286, 37.59398 ], [ -121.89299, 37.59589 ], [ -121.89389, 37.59586 ], [ -121.89416, 37.59401 ], [ -121.89604, 37.59418 ], [ -121.89627, 37.59495 ], [ -121.8983, 37.59538 ], [ -121.89832, 37.59583 ], [ -121.8974, 37.59616 ], [ -121.89717, 37.59666 ], [ -121.89609, 37.59729 ], [ -121.89724, 37.59736 ], [ -121.89713, 37.59788 ], [ -121.89763, 37.59824 ], [ -121.89922, 37.59817 ], [ -121.89972, 37.59893 ], [ -121.90259, 37.60031 ], [ -121.90289, 37.60073 ], [ -121.90252, 37.60125 ], [ -121.90359, 37.60198 ], [ -121.9046, 37.60212 ], [ -121.90474, 37.60365 ], [ -121.90593, 37.60522 ], [ -121.90867, 37.60656 ], [ -121.90916, 37.6079 ], [ -121.91165, 37.60893 ], [ -121.91373, 37.61275 ], [ -121.91531, 37.6139 ], [ -121.91739, 37.61477 ], [ -121.91848, 37.61576 ], [ -121.92061, 37.61672 ], [ -121.92143, 37.61831 ], [ -121.92221, 37.61888 ], [ -121.92298, 37.61868 ], [ -121.92413, 37.61931 ], [ -121.92351, 37.62182 ], [ -121.90868, 37.62206 ], [ -121.90845, 37.62252 ], [ -121.90889, 37.62356 ], [ -121.91173, 37.62581 ], [ -121.91272, 37.62798 ], [ -121.91416, 37.6287 ], [ -121.91498, 37.63001 ], [ -121.91471, 37.63063 ], [ -121.91571, 37.63292 ], [ -121.9167, 37.63349 ], [ -121.91657, 37.63389 ], [ -121.91771, 37.63405 ], [ -121.91908, 37.63489 ], [ -121.91955, 37.63558 ], [ -121.92035, 37.63575 ], [ -121.92034, 37.6362 ], [ -121.91596, 37.63617 ], [ -121.91593, 37.63549 ], [ -121.91289, 37.63228 ], [ -121.91269, 37.63159 ], [ -121.91345, 37.63089 ], [ -121.91348, 37.63011 ], [ -121.91303, 37.62928 ], [ -121.91175, 37.62866 ], [ -121.91034, 37.62622 ], [ -121.90882, 37.6245 ], [ -121.90685, 37.62421 ], [ -121.90658, 37.62323 ], [ -121.90553, 37.6228 ], [ -121.90528, 37.62208 ], [ -121.90301, 37.6221 ], [ -121.90744, 37.62547 ], [ -121.90973, 37.62608 ], [ -121.91094, 37.63225 ], [ -121.91224, 37.63235 ], [ -121.91254, 37.6328 ], [ -121.90552, 37.63262 ], [ -121.9053, 37.62986 ], [ -121.9038, 37.62864 ], [ -121.90298, 37.6285 ], [ -121.9018, 37.62738 ], [ -121.90119, 37.62573 ], [ -121.88615, 37.62893 ], [ -121.88858, 37.63238 ], [ -121.8914, 37.63736 ], [ -121.88867, 37.63835 ], [ -121.88643, 37.63878 ], [ -121.88647, 37.63736 ], [ -121.88578, 37.63722 ], [ -121.88549, 37.63482 ], [ -121.88279, 37.63144 ], [ -121.88163, 37.62927 ], [ -121.88087, 37.62566 ], [ -121.88085, 37.6234 ], [ -121.88466, 37.62303 ], [ -121.88712, 37.62222 ], [ -121.88962, 37.6223 ], [ -121.89004, 37.62265 ], [ -121.8902, 37.62539 ], [ -121.89824, 37.62255 ], [ -121.89686, 37.62217 ], [ -121.89677, 37.62186 ], [ -121.90153, 37.62016 ], [ -121.89992, 37.61878 ], [ -121.89884, 37.6165 ], [ -121.89794, 37.61607 ], [ -121.89746, 37.61537 ], [ -121.8968, 37.61597 ], [ -121.89688, 37.61687 ], [ -121.89588, 37.61732 ], [ -121.89476, 37.61662 ], [ -121.89207, 37.61588 ], [ -121.89144, 37.61447 ], [ -121.8905, 37.61371 ], [ -121.88999, 37.61276 ], [ -121.88958, 37.61264 ], [ -121.89005, 37.61486 ], [ -121.88929, 37.61561 ], [ -121.88939, 37.61648 ], [ -121.88903, 37.61738 ], [ -121.88948, 37.61785 ], [ -121.88951, 37.61904 ], [ -121.88925, 37.61966 ], [ -121.88832, 37.62011 ], [ -121.88652, 37.62003 ], [ -121.88605, 37.61917 ], [ -121.88664, 37.61784 ], [ -121.88654, 37.61716 ], [ -121.8838, 37.61639 ], [ -121.88358, 37.61595 ], [ -121.88409, 37.61524 ], [ -121.88232, 37.6151 ], [ -121.88349, 37.61932 ], [ -121.88334, 37.62235 ], [ -121.8807, 37.62228 ], [ -121.87788, 37.61595 ], [ -121.88117, 37.61505 ], [ -121.87984, 37.61303 ], [ -121.87791, 37.61191 ], [ -121.87812, 37.61036 ], [ -121.87559, 37.6072 ], [ -121.87459, 37.60524 ], [ -121.87484, 37.60286 ], [ -121.87406, 37.60118 ], [ -121.87419, 37.60005 ], [ -121.87504, 37.59911 ], [ -121.87809, 37.59846 ], [ -121.87875, 37.59797 ], [ -121.88151, 37.59717 ], [ -121.88309, 37.59622 ], [ -121.88386, 37.59556 ], [ -121.88382, 37.59502 ], [ -121.88289, 37.59377 ], [ -121.88357, 37.59254 ], [ -121.88483, 37.59243 ], [ -121.88544, 37.59338 ], [ -121.88742, 37.59383 ] ], [ [ -121.89958, 37.61269 ], [ -121.89843, 37.61281 ], [ -121.89963, 37.61428 ], [ -121.90081, 37.61445 ], [ -121.90188, 37.61497 ], [ -121.89958, 37.61269 ] ], [ [ -121.89809, 37.61256 ], [ -121.89784, 37.61131 ], [ -121.89571, 37.60914 ], [ -121.89598, 37.61023 ], [ -121.89809, 37.61256 ] ], [ [ -121.89552, 37.60872 ], [ -121.89525, 37.60843 ], [ -121.8956, 37.60884 ], [ -121.89552, 37.60872 ] ], [ [ -121.90755, 37.62109 ], [ -121.90537, 37.61798 ], [ -121.90512, 37.61678 ], [ -121.90296, 37.61552 ], [ -121.90254, 37.61561 ], [ -121.90301, 37.61644 ], [ -121.90432, 37.61756 ], [ -121.90411, 37.61878 ], [ -121.90621, 37.62046 ], [ -121.90691, 37.62189 ], [ -121.90755, 37.62109 ] ] ] } },
{ "type": "Feature", "properties": { "kind": "label", "km": 2, "city": "Sunol", "people": 57 }, "geometry": { "type": "Point", "coordinates": [ -121.90762, 37.61531 ] } },
{ "type": "Feature", "properties": { "kind": "area", "km": 2, "city": "Sunol", "people": 3 }, "geometry": { "type": "Polygon", "coordinates": [ [ [ -121.94451, 37.69583 ], [ -121.94426, 37.69614 ], [ -121.9447, 37.69621 ], [ -121.94756, 37.69527 ], [ -121.94828, 37.69468 ], [ -121.94899, 37.69505 ], [ -121.94937, 37.69486 ], [ -121.94963, 37.69528 ], [ -121.95105, 37.69588 ], [ -121.95199, 37.69721 ], [ -121.95275, 37.69732 ], [ -121.95267, 37.6965 ], [ -121.953, 37.69598 ], [ -121.95509, 37.69652 ], [ -121.95524, 37.69833 ], [ -121.95495, 37.69851 ], [ -121.94091, 37.69837 ], [ -121.94068, 37.69801 ], [ -121.93769, 37.69777 ], [ -121.93704, 37.69738 ], [ -121.93585, 37.6953 ], [ -121.93467, 37.69473 ], [ -121.9336, 37.69485 ], [ -121.93161, 37.69103 ], [ -121.9342, 37.68973 ], [ -121.93484, 37.69021 ], [ -121.93809, 37.69136 ], [ -121.93903, 37.6921 ], [ -121.93833, 37.69306 ], [ -121.93717, 37.69359 ], [ -121.93769, 37.69399 ], [ -121.93919, 37.69237 ], [ -121.94067, 37.69266 ], [ -121.94209, 37.69357 ], [ -121.94275, 37.69473 ], [ -121.94451, 37.69583 ] ], [ [ -121.95043, 37.69655 ], [ -121.9492, 37.69615 ], [ -121.94754, 37.69619 ], [ -121.94747, 37.69737 ], [ -121.95045, 37.69722 ], [ -121.95043, 37.69655 ] ] ] } },
{ "type": "Feature", "properties": { "kind": "label", "km": 2, "city": "Sunol", "people": 3 }, "geometry": { "type": "Point", "coordinates": [ -121.93784, 37.69418 ] } },
{ "type": "Feature", "properties": { "kind": "area", "km": 2, "city": "Unincorporated", "people": 713 }, "geometry": { "type": "Polygon", "coordinates": [ [ [ -122.05492, 37.63108 ], [ -122.05109, 37.63351 ], [ -122.04672, 37.62964 ], [ -122.05181, 37.62565 ], [ -122.05492, 37.63108 ] ] ] } },
{ "type": "Feature", "properties": { "kind": "label", "km": 2, "city": "Unincorporated", "people": 713 }, "geometry": { "type": "Point", "coordinates": [ -122.05035, 37.62959 ] } },
{ "type": "Feature", "properties": { "kind": "area", "km": 2, "city": "Unincorporated", "people": 526 }, "geometry": { "type": "Polygon", "coordinates": [ [ [ -121.85799, 37.67048 ], [ -121.83332, 37.67319 ], [ -121.83341, 37.66837 ], [ -121.83394, 37.66898 ], [ -121.83415, 37.67231 ], [ -121.84232, 37.67131 ], [ -121.84082, 37.66996 ], [ -121.83809, 37.66871 ], [ -121.8375, 37.66791 ], [ -121.83648, 37.66758 ], [ -121.83047, 37.66641 ], [ -121.83041, 37.66702 ], [ -121.83325, 37.66748 ], [ -121.83357, 37.66799 ], [ -121.833, 37.6682 ], [ -121.82982, 37.66766 ], [ -121.82997, 37.66555 ], [ -121.83112, 37.66553 ], [ -121.83442, 37.66552 ], [ -121.83735, 37.6655 ], [ -121.83735, 37.6655 ], [ -121.83059, 37.66323 ], [ -121.82612, 37.66 ], [ -121.82367, 37.65972 ], [ -121.82354, 37.65725 ], [ -121.82089, 37.65539 ], [ -121.82135, 37.65529 ], [ -121.82326, 37.65631 ], [ -121.82525, 37.65832 ], [ -121.82986, 37.66203 ], [ -121.83662, 37.66476 ], [ -121.8458, 37.66468 ], [ -121.84605, 37.66593 ], [ -121.84668, 37.66582 ], [ -121.84738, 37.66612 ], [ -121.84769, 37.6659 ], [ -121.84854, 37.66622 ], [ -121.84908, 37.66577 ], [ -121.84838, 37.66593 ], [ -121.84786, 37.66553 ], [ -121.84846, 37.66473 ], [ -121.85092, 37.66468 ], [ -121.85108, 37.66537 ], [ -121.85041, 37.66551 ], [ -121.85042, 37.66618 ], [ -121.85086, 37.66637 ], [ -121.85045, 37.66712 ], [ -121.85049, 37.66801 ], [ -121.85122, 37.6685 ], [ -121.85145, 37.66815 ], [ -121.85278, 37.66831 ], [ -121.85509, 37.66587 ], [ -121.85457, 37.66474 ], [ -121.85604, 37.66469 ], [ -121.85761, 37.6679 ], [ -121.85799, 37.67048 ] ], [ [ -121.84915, 37.66722 ], [ -121.84786, 37.66719 ], [ -121.84749, 37.66736 ], [ -121.84659, 37.66697 ], [ -121.84597, 37.66723 ], [ -121.84857, 37.66766 ], [ -121.84915, 37.66722 ] ] ] } },
{ "type": "Feature", "properties": { "kind": "label", "km": 2, "city": "Unincorporated", "people": 526 }, "geometry": { "type": "Point", "coordinates": [ -121.8345, 37.66427 ] } },
{ "type": "Feature", "properties": { "kind": "area", "km": 2, "city": "Unincorporated", "people": 48 }, "geometry": { "type": "Polygon", "coordinates": [ [ [ -121.98583, 37.6653 ], [ -121.98889, 37.66502 ], [ -121.98929, 37.6644 ], [ -121.99144, 37.66402 ], [ -121.99321, 37.66304 ], [ -121.99543, 37.66487 ], [ -121.99616, 37.66515 ], [ -121.99609, 37.66156 ], [ -121.99652, 37.66132 ], [ -121.99649, 37.65847 ], [ -122.00093, 37.65833 ], [ -122.00115, 37.662 ], [ -122.00407, 37.66201 ], [ -122.00416, 37.66265 ], [ -122.0102, 37.66628 ], [ -122.00623, 37.673 ], [ -122.00682, 37.67338 ], [ -122.00789, 37.67341 ], [ -122.00861, 37.67383 ], [ -122.01086, 37.67425 ], [ -122.0118, 37.67383 ], [ -122.01358, 37.67451 ], [ -122.01824, 37.6745 ], [ -122.02098, 37.67378 ], [ -122.02295, 37.6723 ], [ -122.02621, 37.67636 ], [ -122.02586, 37.67689 ], [ -122.02594, 37.67772 ], [ -122.02697, 37.67855 ], [ -122.02816, 37.67935 ], [ -122.02962, 37.67972 ], [ -122.03004, 37.67947 ], [ -122.03019, 37.67879 ], [ -122.03165, 37.6787 ], [ -122.03347, 37.68045 ], [ -122.03483, 37.68101 ], [ -122.0347, 37.68212 ], [ -122.03601, 37.68241 ], [ -122.03721, 37.68345 ], [ -122.03684, 37.68412 ], [ -122.03698, 37.68454 ], [ -122.03933, 37.68671 ], [ -122.03955, 37.68626 ], [ -122.03919, 37.68547 ], [ -122.04, 37.68501 ], [ -122.04065, 37.68548 ], [ -122.04102, 37.68704 ], [ -122.03943, 37.68884 ], [ -122.03925, 37.68982 ], [ -122.04033, 37.69224 ], [ -122.04289, 37.69288 ], [ -122.04343, 37.69706 ], [ -122.03942, 37.70044 ], [ -122.03695, 37.7016 ], [ -122.03539, 37.702 ], [ -122.03175, 37.70011 ], [ -122.02845, 37.69886 ], [ -122.02508, 37.69599 ], [ -122.02385, 37.6956 ], [ -122.02312, 37.69374 ], [ -122.01962, 37.68861 ], [ -122.01991, 37.68733 ], [ -122.01905, 37.68626 ], [ -122.01676, 37.68149 ], [ -122.01401, 37.67852 ], [ -122.0136, 37.67687 ], [ -122.01155, 37.67507 ], [ -122.00351, 37.67595 ], [ -122.00334, 37.67937 ], [ -121.99685, 37.67945 ], [ -121.99663, 37.68031 ], [ -121.98108, 37.68044 ], [ -121.97941, 37.67978 ], [ -121.97913, 37.67922 ], [ -121.97847, 37.67889 ], [ -121.97842, 37.67819 ], [ -121.97684, 37.67686 ], [ -121.97705, 37.67577 ], [ -121.97552, 37.67514 ], [ -121.97469, 37.67424 ], [ -121.97278, 37.67424 ], [ -121.97116, 37.67352 ], [ -121.96964, 37.6724 ], [ -121.96782, 37.67169 ], [ -121.96583, 37.67193 ], [ -121.96391, 37.6717 ], [ -121.96353, 37.67198 ], [ -121.96309, 37.67143 ], [ -121.96369, 37.67085 ], [ -121.96376, 37.66952 ], [ -121.96602, 37.66812 ], [ -121.96728, 37.66658 ], [ -121.96709, 37.66549 ], [ -121.9689, 37.66562 ], [ -121.96902, 37.66964 ], [ -121.97647, 37.67035 ], [ -121.98192, 37.6685 ], [ -121.98583, 37.6653 ] ], [ [ -122.04126, 37.69705 ], [ -122.04139, 37.69709 ], [ -122.04141, 37.69709 ], [ -122.04126, 37.69705 ] ], [ [ -122.03833, 37.69157 ], [ -122.03694, 37.69118 ], [ -122.0366, 37.68953 ], [ -122.03679, 37.68897 ], [ -122.03408, 37.68786 ], [ -122.03362, 37.68806 ], [ -122.0338, 37.68857 ], [ -122.03515, 37.68878 ], [ -122.03543, 37.69064 ], [ -122.03642, 37.69073 ], [ -122.03696, 37.69238 ], [ -122.03846, 37.69192 ], [ -122.03833, 37.69157 ] ] ] } },
{ "type": "Feature", "properties": { "kind": "label", "km": 2, "city": "Unincorporated", "people": 48 }, "geometry": { "type": "Point", "coordinates": [ -122.02427, 37.68013 ] } },
{ "type": "Feature", "properties": { "kind": "area", "km": 2, "city": "Unincorporated", "people": 19 }, "geometry": { "type": "Polygon", "coordinates": [ [ [ -121.85071, 37.67587 ], [ -121.85048, 37.67934 ], [ -121.84906, 37.68079 ], [ -121.84928, 37.68563 ], [ -121.84883, 37.68705 ], [ -121.84882, 37.6892 ], [ -121.84937, 37.69381 ], [ -121.84852, 37.69391 ], [ -121.84631, 37.69511 ], [ -121.844, 37.69579 ], [ -121.84161, 37.69518 ], [ -121.8405, 37.69441 ], [ -121.8388, 37.69498 ], [ -121.83652, 37.69289 ], [ -121.83658, 37.69256 ], [ -121.8481, 37.69246 ], [ -121.84817, 37.68626 ], [ -121.83773, 37.68622 ], [ -121.83269, 37.68097 ], [ -121.82661, 37.67646 ], [ -121.82651, 37.67426 ], [ -121.83779, 37.67302 ], [ -121.83783, 37.67852 ], [ -121.83879, 37.6783 ], [ -121.83922, 37.67925 ], [ -121.83739, 37.67934 ], [ -121.83633, 37.67971 ], [ -121.83581, 37.68034 ], [ -121.83487, 37.68014 ], [ -121.83395, 37.68055 ], [ -121.83575, 37.68288 ], [ -121.84007, 37.68156 ], [ -121.84026, 37.68191 ], [ -121.83991, 37.68222 ], [ -121.83648, 37.6837 ], [ -121.83852, 37.68502 ], [ -121.84096, 37.68551 ], [ -121.84318, 37.68542 ], [ -121.84267, 37.6845 ], [ -121.84293, 37.68425 ], [ -121.84331, 37.68434 ], [ -121.8441, 37.68544 ], [ -121.8467, 37.68495 ], [ -121.84724, 37.6847 ], [ -121.84717, 37.68386 ], [ -121.84768, 37.68338 ], [ -121.84736, 37.68162 ], [ -121.84501, 37.6813 ], [ -121.84383, 37.68023 ], [ -121.84313, 37.67839 ], [ -121.84353, 37.67723 ], [ -121.84334, 37.6767 ], [ -121.84675, 37.67555 ], [ -121.85044, 37.67563 ], [ -121.85071, 37.67587 ] ] ] } },
{ "type": "Feature", "properties": { "kind": "label", "km": 2, "city": "Unincorporated", "people": 19 }, "geometry": { "type": "Point", "coordinates": [ -121.84822, 37.68426 ] } },
{ "type": "Feature", "properties": { "kind": "area", "km": 2, "city": "Unincorporated", "people": 4 }, "geometry": { "type": "Polygon", "coordinates": [ [ [ -121.86981, 37.68801 ], [ -121.86889, 37.68865 ], [ -121.8688, 37.68971 ], [ -121.86818, 37.69028 ], [ -121.8676, 37.68999 ], [ -121.8675, 37.68944 ], [ -121.86692, 37.69029 ], [ -121.86612, 37.69016 ], [ -121.86607, 37.68946 ], [ -121.865, 37.68946 ], [ -121.86487, 37.6901 ], [ -121.86438, 37.69022 ], [ -121.8643, 37.6915 ], [ -121.8623, 37.69294 ], [ -121.85684, 37.69241 ], [ -121.85706, 37.6915 ], [ -121.85857, 37.69165 ], [ -121.85867, 37.69113 ], [ -121.85954, 37.69102 ], [ -121.8623, 37.69108 ], [ -121.86231, 37.68663 ], [ -121.86253, 37.68594 ], [ -121.86317, 37.68587 ], [ -121.8633, 37.68485 ], [ -121.86745, 37.68486 ], [ -121.86757, 37.68643 ], [ -121.86845, 37.68637 ], [ -121.86981, 37.68801 ] ] ] } },
{ "type": "Feature", "properties": { "kind": "label", "km": 2, "city": "Unincorporated", "people": 4 }, "geometry": { "type": "Point", "coordinates": [ -121.86561, 37.68885 ] } },
{ "type": "Feature", "properties": { "kind": "area", "km": 2, "city": "Unincorporated", "people": 121 }, "geometry": { "type": "Polygon", "coordinates": [ [ [ -121.85437, 37.6925 ], [ -121.85428, 37.69108 ], [ -121.856, 37.69112 ], [ -121.85595, 37.69247 ], [ -121.85437, 37.6925 ] ] ] } },
{ "type": "Feature", "properties": { "kind": "label", "km": 2, "city": "Unincorporated", "people": 121 }, "geometry": { "type": "Point", "coordinates": [ -121.85512, 37.69176 ] } },
{ "type": "Feature", "properties": { "kind": "area", "km": 2, "city": "Unincorporated", "people": 1 }, "geometry": { "type": "Polygon", "coordinates": [ [ [ -122.0388, 37.71757 ], [ -122.03851, 37.71792 ], [ -122.03864, 37.71857 ], [ -122.03964, 37.7197 ], [ -122.03821, 37.72099 ], [ -122.03895, 37.72144 ], [ -122.03893, 37.72233 ], [ -122.04219, 37.72381 ], [ -122.0439, 37.72659 ], [ -122.04669, 37.72605 ], [ -122.04674, 37.72102 ], [ -122.0536, 37.715 ], [ -122.05408, 37.71509 ], [ -122.05456, 37.71777 ], [ -122.05345, 37.72126 ], [ -122.05217, 37.72362 ], [ -122.05265, 37.72692 ], [ -122.05258, 37.72893 ], [ -122.0515, 37.73026 ], [ -122.05116, 37.73141 ], [ -122.05176, 37.73252 ], [ -122.05188, 37.73404 ], [ -122.05316, 37.73667 ], [ -122.05416, 37.74129 ], [ -122.05523, 37.74301 ], [ -122.05568, 37.74551 ], [ -122.05655, 37.74673 ], [ -122.05667, 37.7481 ], [ -122.05727, 37.74908 ], [ -122.05794, 37.75175 ], [ -122.06, 37.75638 ], [ -122.05975, 37.75565 ], [ -122.06006, 37.75462 ], [ -122.05954, 37.75434 ], [ -122.05897, 37.75262 ], [ -122.06228, 37.74821 ], [ -122.06335, 37.74854 ], [ -122.06385, 37.74902 ], [ -122.0637, 37.74956 ], [ -122.06285, 37.74998 ], [ -122.06323, 37.75094 ], [ -122.06502, 37.75253 ], [ -122.0652, 37.75307 ], [ -122.06635, 37.75303 ], [ -122.06626, 37.75422 ], [ -122.06796, 37.75603 ], [ -122.0696, 37.75605 ], [ -122.07104, 37.75678 ], [ -122.07072, 37.75729 ], [ -122.06974, 37.75697 ], [ -122.06916, 37.7572 ], [ -122.06862, 37.75881 ], [ -122.06949, 37.7598 ], [ -122.06891, 37.76051 ], [ -122.06868, 37.76199 ], [ -122.07079, 37.7616 ], [ -122.07254, 37.76196 ], [ -122.07415, 37.76193 ], [ -122.0747, 37.76233 ], [ -122.07582, 37.7625 ], [ -122.07712, 37.76159 ], [ -122.07814, 37.76151 ], [ -122.07925, 37.75968 ], [ -122.08069, 37.7588 ], [ -122.08137, 37.75907 ], [ -122.08128, 37.75873 ], [ -122.08028, 37.75828 ], [ -122.0801, 37.75761 ], [ -122.08148, 37.75564 ], [ -122.08073, 37.75328 ], [ -122.07958, 37.75168 ], [ -122.07996, 37.75056 ], [ -122.07958, 37.74992 ], [ -122.07773, 37.75014 ], [ -122.07721, 37.74984 ], [ -122.07708, 37.74865 ], [ -122.07774, 37.74799 ], [ -122.0808, 37.74945 ], [ -122.0887, 37.75592 ], [ -122.08982, 37.75745 ], [ -122.09009, 37.76048 ], [ -122.0909, 37.76179 ], [ -122.09096, 37.76296 ], [ -122.09235, 37.76479 ], [ -122.09107, 37.76772 ], [ -122.0923, 37.76839 ], [ -122.09172, 37.76947 ], [ -122.09205, 37.77021 ], [ -122.09125, 37.77039 ], [ -122.09112, 37.77132 ], [ -122.09023, 37.77126 ], [ -122.08973, 37.77206 ], [ -122.09168, 37.77433 ], [ -122.09193, 37.7752 ], [ -122.09154, 37.77683 ], [ -122.08993, 37.77891 ], [ -122.0884, 37.77963 ], [ -122.08671, 37.78147 ], [ -122.08619, 37.78367 ], [ -122.0855, 37.78405 ], [ -122.08459, 37.7841 ], [ -122.08382, 37.7848 ], [ -122.08226, 37.78475 ], [ -122.08171, 37.78577 ], [ -122.08017, 37.78536 ], [ -122.07749, 37.78557 ], [ -122.07595, 37.78501 ], [ -122.07445, 37.78402 ], [ -122.07257, 37.78439 ], [ -122.07208, 37.78518 ], [ -122.07101, 37.78567 ], [ -122.07168, 37.78698 ], [ -122.07231, 37.78744 ], [ -122.07184, 37.788 ], [ -122.07242, 37.78933 ], [ -122.07203, 37.79012 ], [ -122.0725, 37.79069 ], [ -122.07427, 37.78897 ], [ -122.07526, 37.78876 ], [ -122.07798, 37.78957 ], [ -122.07898, 37.79038 ], [ -122.07881, 37.79184 ], [ -122.07962, 37.79077 ], [ -122.0805, 37.79092 ], [ -122.07989, 37.79144 ], [ -122.07943, 37.79481 ], [ -122.0787, 37.79616 ], [ -122.07668, 37.79763 ], [ -122.07586, 37.79787 ], [ -122.07545, 37.79842 ], [ -122.07487, 37.79847 ], [ -122.07433, 37.79904 ], [ -122.07225, 37.80014 ], [ -122.06146, 37.79961 ], [ -122.06065, 37.79897 ], [ -122.05942, 37.80001 ], [ -122.05007, 37.79866 ], [ -122.04534, 37.79832 ], [ -122.03031, 37.78791 ], [ -122.02184, 37.78443 ], [ -122.01762, 37.78142 ], [ -122.01362, 37.7803 ], [ -122.00381, 37.7702 ], [ -122.00708, 37.768 ], [ -122.0106, 37.76709 ], [ -122.01601, 37.76624 ], [ -122.01812, 37.76496 ], [ -122.0199, 37.7645 ], [ -122.02332, 37.76299 ], [ -122.02672, 37.76073 ], [ -122.02825, 37.75886 ], [ -122.02861, 37.75881 ], [ -122.02882, 37.75919 ], [ -122.02957, 37.75825 ], [ -122.02936, 37.75747 ], [ -122.02993, 37.7571 ], [ -122.02977, 37.75665 ], [ -122.03057, 37.75494 ], [ -122.03008, 37.75143 ], [ -122.03219, 37.74895 ], [ -122.03158, 37.74819 ], [ -122.03232, 37.74723 ], [ -122.03145, 37.74635 ], [ -122.03138, 37.74535 ], [ -122.03224, 37.74503 ], [ -122.03232, 37.74422 ], [ -122.03295, 37.74323 ], [ -122.03275, 37.74191 ], [ -122.03198, 37.74118 ], [ -122.03232, 37.73934 ], [ -122.03177, 37.73909 ], [ -122.03229, 37.7356 ], [ -122.03217, 37.73346 ], [ -122.03364, 37.7311 ], [ -122.03353, 37.72926 ], [ -122.03673, 37.72317 ], [ -122.03796, 37.71983 ], [ -122.03778, 37.7176 ], [ -122.03859, 37.71644 ], [ -122.03978, 37.71571 ], [ -122.03966, 37.71452 ], [ -122.03994, 37.7143 ], [ -122.04045, 37.71556 ], [ -122.04019, 37.71728 ], [ -122.0388, 37.71757 ] ], [ [ -122.06051, 37.75883 ], [ -122.06275, 37.76265 ], [ -122.06317, 37.76173 ], [ -122.06236, 37.76076 ], [ -122.06246, 37.76026 ], [ -122.06092, 37.75885 ], [ -122.06074, 37.75682 ], [ -122.06027, 37.75693 ], [ -122.06051, 37.75883 ] ], [ [ -122.06347, 37.76556 ], [ -122.06391, 37.76739 ], [ -122.06415, 37.76448 ], [ -122.0629, 37.76302 ], [ -122.06347, 37.76556 ] ], [ [ -122.0663, 37.77155 ], [ -122.06791, 37.77426 ], [ -122.0679, 37.77276 ], [ -122.06632, 37.77107 ], [ -122.06657, 37.77027 ], [ -122.0647, 37.76943 ], [ -122.06467, 37.76849 ], [ -122.06399, 37.76774 ], [ -122.06429, 37.76893 ], [ -122.0663, 37.77155 ] ], [ [ -122.06803, 37.77457 ], [ -122.06802, 37.77455 ], [ -122.06804, 37.77467 ], [ -122.06803, 37.77457 ] ], [ [ -122.06822, 37.77565 ], [ -122.06809, 37.77534 ], [ -122.06812, 37.77612 ], [ -122.06822, 37.77565 ] ], [ [ -122.06791, 37.7781 ], [ -122.06791, 37.77748 ], [ -122.06768, 37.77836 ], [ -122.06771, 37.77875 ], [ -122.06791, 37.7781 ] ], [ [ -122.06806, 37.77988 ], [ -122.06801, 37.7798 ], [ -122.06794, 37.78018 ], [ -122.06806, 37.77988 ] ], [ [ -122.06778, 37.78047 ], [ -122.06761, 37.78071 ], [ -122.06772, 37.78063 ], [ -122.06778, 37.78047 ] ], [ [ -122.06726, 37.78265 ], [ -122.06639, 37.78401 ], [ -122.06629, 37.78434 ], [ -122.06626, 37.7846 ], [ -122.06743, 37.78266 ], [ -122.06746, 37.78096 ], [ -122.06726, 37.78265 ] ], [ [ -122.06613, 37.78517 ], [ -122.06624, 37.78479 ], [ -122.06616, 37.78496 ], [ -122.06592, 37.78532 ], [ -122.06613, 37.78517 ] ] ] } },
{ "type": "Feature", "properties": { "kind": "label", "km": 2, "city": "Unincorporated", "people": 1 }, "geometry": { "type": "Point", "coordinates": [ -122.04485, 37.75742 ] } },
{ "type": "Feature", "properties": { "kind": "area", "km": 2, "city": "Unincorporated", "people": 57 }, "geometry": { "type": "Polygon", "coordinates": [ [ [ -121.8818, 37.73746 ], [ -121.87066, 37.7403 ], [ -121.87007, 37.73866 ], [ -121.86806, 37.7366 ], [ -121.86718, 37.73349 ], [ -121.86999, 37.73214 ], [ -121.87108, 37.73008 ], [ -121.87293, 37.73073 ], [ -121.87387, 37.73274 ], [ -121.87361, 37.73074 ], [ -121.87397, 37.73055 ], [ -121.87459, 37.73128 ], [ -121.88199, 37.73629 ], [ -121.8818, 37.73746 ] ], [ [ -121.87395, 37.73322 ], [ -121.87259, 37.73331 ], [ -121.87214, 37.73374 ], [ -121.87231, 37.73446 ], [ -121.87154, 37.73743 ], [ -121.87365, 37.73783 ], [ -121.8743, 37.73864 ], [ -121.87763, 37.73781 ], [ -121.87748, 37.73738 ], [ -121.87562, 37.73777 ], [ -121.87476, 37.73733 ], [ -121.87546, 37.73591 ], [ -121.87455, 37.73524 ], [ -121.87447, 37.73483 ], [ -121.87518, 37.73454 ], [ -121.87621, 37.73523 ], [ -121.8774, 37.73542 ], [ -121.87574, 37.73468 ], [ -121.87522, 37.73382 ], [ -121.87444, 37.73396 ], [ -121.87393, 37.7329 ], [ -121.87395, 37.73322 ] ], [ [ -121.87896, 37.73622 ], [ -121.87889, 37.73765 ], [ -121.8806, 37.73724 ], [ -121.88076, 37.73646 ], [ -121.87896, 37.73622 ] ], [ [ -121.8689, 37.73581 ], [ -121.86908, 37.73565 ], [ -121.86893, 37.73542 ], [ -121.86876, 37.73548 ], [ -121.8689, 37.73581 ] ] ] } },
{ "type": "Feature", "properties": { "kind": "label", "km": 2, "city": "Unincorporated", "people": 57 }, "geometry": { "type": "Point", "coordinates": [ -121.86978, 37.73521 ] } },
{ "type": "Feature", "properties": { "kind": "area", "km": 2, "city": "Unincorporated", "people": 33 }, "geometry": { "type": "Polygon", "coordinates": [ [ [ -121.75213, 37.60121 ], [ -121.75751, 37.6023 ], [ -121.75923, 37.60313 ], [ -121.76337, 37.6037 ], [ -121.76707, 37.60477 ], [ -121.76917, 37.60587 ], [ -121.76999, 37.60588 ], [ -121.7725, 37.6068 ], [ -121.77803, 37.61035 ], [ -121.77991, 37.61369 ], [ -121.7802, 37.61678 ], [ -121.78531, 37.62302 ], [ -121.78564, 37.62487 ], [ -121.78669, 37.62693 ], [ -121.78666, 37.62907 ], [ -121.7833, 37.6309 ], [ -121.78321, 37.63232 ], [ -121.78176, 37.63192 ], [ -121.78117, 37.63219 ], [ -121.77806, 37.63472 ], [ -121.78008, 37.63671 ], [ -121.77927, 37.63763 ], [ -121.78276, 37.6406 ], [ -121.783, 37.63987 ], [ -121.78611, 37.63988 ], [ -121.78632, 37.63794 ], [ -121.7889, 37.63797 ], [ -121.792, 37.63844 ], [ -121.79188, 37.63714 ], [ -121.78966, 37.63379 ], [ -121.78942, 37.63174 ], [ -121.78979, 37.63133 ], [ -121.79183, 37.63234 ], [ -121.7926, 37.63443 ], [ -121.79325, 37.63464 ], [ -121.79479, 37.6364 ], [ -121.79466, 37.6376 ], [ -121.79597, 37.64009 ], [ -121.78984, 37.64449 ], [ -121.78424, 37.64772 ], [ -121.78296, 37.64891 ], [ -121.78273, 37.64681 ], [ -121.78372, 37.64654 ], [ -121.783, 37.64561 ], [ -121.78002, 37.64535 ], [ -121.77994, 37.64461 ], [ -121.77321, 37.64028 ], [ -121.77393, 37.63945 ], [ -121.7652, 37.63619 ], [ -121.76402, 37.6377 ], [ -121.76796, 37.64372 ], [ -121.76823, 37.64538 ], [ -121.75003, 37.6454 ], [ -121.75002, 37.64955 ], [ -121.76222, 37.64964 ], [ -121.7623, 37.65662 ], [ -121.76201, 37.65684 ], [ -121.75, 37.65682 ], [ -121.74992, 37.669 ], [ -121.74926, 37.66981 ], [ -121.742, 37.66542 ], [ -121.73267, 37.66523 ], [ -121.73257, 37.66139 ], [ -121.73212, 37.66024 ], [ -121.72484, 37.65531 ], [ -121.72336, 37.65281 ], [ -121.72127, 37.65022 ], [ -121.72067, 37.64881 ], [ -121.71962, 37.64769 ], [ -121.7179, 37.6445 ], [ -121.7184, 37.64418 ], [ -121.71761, 37.6434 ], [ -121.71744, 37.64255 ], [ -121.71643, 37.64231 ], [ -121.71638, 37.64111 ], [ -121.71413, 37.63916 ], [ -121.7133, 37.63643 ], [ -121.71253, 37.63571 ], [ -121.71219, 37.63472 ], [ -121.71166, 37.63421 ], [ -121.71003, 37.63367 ], [ -121.70924, 37.63297 ], [ -121.70876, 37.63116 ], [ -121.70647, 37.63005 ], [ -121.7048, 37.62719 ], [ -121.70401, 37.62641 ], [ -121.70222, 37.62094 ], [ -121.70091, 37.61948 ], [ -121.70028, 37.61749 ], [ -121.69987, 37.61396 ], [ -121.6964, 37.61267 ], [ -121.69575, 37.61115 ], [ -121.69454, 37.61024 ], [ -121.69358, 37.60824 ], [ -121.68798, 37.60562 ], [ -121.68691, 37.60472 ], [ -121.68661, 37.60356 ], [ -121.68681, 37.60274 ], [ -121.6885, 37.60081 ], [ -121.68869, 37.59929 ], [ -121.68945, 37.59787 ], [ -121.68781, 37.59463 ], [ -121.68802, 37.59207 ], [ -121.7098, 37.58753 ], [ -121.71051, 37.58853 ], [ -121.71128, 37.58847 ], [ -121.71233, 37.58908 ], [ -121.71278, 37.59112 ], [ -121.71389, 37.59192 ], [ -121.7157, 37.59184 ], [ -121.71826, 37.59255 ], [ -121.71947, 37.59232 ], [ -121.72084, 37.59317 ], [ -121.72085, 37.59503 ], [ -121.7202, 37.596 ], [ -121.71866, 37.59633 ], [ -121.71729, 37.59717 ], [ -121.71644, 37.59714 ], [ -121.71469, 37.59791 ], [ -121.71424, 37.59849 ], [ -121.71476, 37.59864 ], [ -121.71631, 37.59772 ], [ -121.71858, 37.59762 ], [ -121.71814, 37.59871 ], [ -121.71698, 37.59953 ], [ -121.71706, 37.60009 ], [ -121.71807, 37.60064 ], [ -121.71776, 37.60132 ], [ -121.71829, 37.60196 ], [ -121.7201, 37.60148 ], [ -121.72056, 37.60168 ], [ -121.72027, 37.60241 ], [ -121.72065, 37.60254 ], [ -121.72069, 37.603 ], [ -121.72015, 37.60414 ], [ -121.72099, 37.60358 ], [ -121.72097, 37.603 ], [ -121.72142, 37.60292 ], [ -121.72137, 37.60203 ], [ -121.72205, 37.60179 ], [ -121.72208, 37.60041 ], [ -121.72294, 37.60017 ], [ -121.72531, 37.60091 ], [ -121.72657, 37.60201 ], [ -121.72648, 37.60248 ], [ -121.7278, 37.60355 ], [ -121.72755, 37.60438 ], [ -121.72837, 37.60424 ], [ -121.72923, 37.60445 ], [ -121.732, 37.60662 ], [ -121.73294, 37.60944 ], [ -121.73214, 37.60977 ], [ -121.73147, 37.60953 ], [ -121.73095, 37.61009 ], [ -121.73172, 37.61041 ], [ -121.73183, 37.61075 ], [ -121.73141, 37.61123 ], [ -121.7305, 37.61147 ], [ -121.73075, 37.61194 ], [ -121.73021, 37.61421 ], [ -121.72939, 37.61469 ], [ -121.7272, 37.61386 ], [ -121.72705, 37.6142 ], [ -121.72781, 37.61452 ], [ -121.72772, 37.61496 ], [ -121.72852, 37.61512 ], [ -121.72832, 37.61603 ], [ -121.72882, 37.61576 ], [ -121.72942, 37.61614 ], [ -121.73071, 37.61591 ], [ -121.73152, 37.61645 ], [ -121.7315, 37.61687 ], [ -121.73096, 37.61727 ], [ -121.72948, 37.61766 ], [ -121.7302, 37.61802 ], [ -121.73192, 37.61773 ], [ -121.73203, 37.61845 ], [ -121.73279, 37.61899 ], [ -121.73277, 37.61963 ], [ -121.73354, 37.61878 ], [ -121.73442, 37.61915 ], [ -121.7334, 37.61828 ], [ -121.73356, 37.61773 ], [ -121.73528, 37.61797 ], [ -121.73633, 37.61763 ], [ -121.73704, 37.6194 ], [ -121.73751, 37.62008 ], [ -121.73785, 37.62 ], [ -121.73757, 37.61881 ], [ -121.73893, 37.61862 ], [ -121.73843, 37.61768 ], [ -121.73956, 37.6167 ], [ -121.7401, 37.61662 ], [ -121.73986, 37.61505 ], [ -121.74025, 37.61443 ], [ -121.74289, 37.61379 ], [ -121.74414, 37.61429 ], [ -121.74486, 37.61509 ], [ -121.74686, 37.61436 ], [ -121.74675, 37.61342 ], [ -121.74621, 37.61289 ], [ -121.74577, 37.61148 ], [ -121.74509, 37.61141 ], [ -121.74502, 37.61082 ], [ -121.74461, 37.61056 ], [ -121.74434, 37.61117 ], [ -121.74376, 37.61136 ], [ -121.74261, 37.61079 ], [ -121.74054, 37.61071 ], [ -121.74013, 37.61045 ], [ -121.73869, 37.61109 ], [ -121.73703, 37.61084 ], [ -121.73598, 37.60905 ], [ -121.73524, 37.60847 ], [ -121.73484, 37.60664 ], [ -121.73427, 37.60629 ], [ -121.73283, 37.60391 ], [ -121.733, 37.60346 ], [ -121.73211, 37.6031 ], [ -121.73217, 37.60253 ], [ -121.73124, 37.60253 ], [ -121.72931, 37.60054 ], [ -121.72915, 37.60001 ], [ -121.72803, 37.5992 ], [ -121.72578, 37.59826 ], [ -121.72569, 37.59776 ], [ -121.72628, 37.5971 ], [ -121.72514, 37.59713 ], [ -121.72325, 37.59575 ], [ -121.72362, 37.59209 ], [ -121.72285, 37.59193 ], [ -121.72194, 37.59101 ], [ -121.7204, 37.59074 ], [ -121.71916, 37.58979 ], [ -121.71808, 37.5898 ], [ -121.71557, 37.5887 ], [ -121.71369, 37.58703 ], [ -121.7138, 37.5866 ], [ -121.71453, 37.58626 ], [ -121.71539, 37.5863 ], [ -121.73183, 37.58283 ], [ -121.73283, 37.58462 ], [ -121.7354, 37.58489 ], [ -121.73724, 37.58456 ], [ -121.73824, 37.58592 ], [ -121.73637, 37.58672 ], [ -121.73413, 37.58639 ], [ -121.73413, 37.58712 ], [ -121.7333, 37.58782 ], [ -121.73355, 37.5893 ], [ -121.7326, 37.59143 ], [ -121.73064, 37.59248 ], [ -121.7316, 37.59254 ], [ -121.73268, 37.59305 ], [ -121.73345, 37.593 ], [ -121.73459, 37.59243 ], [ -121.73515, 37.59261 ], [ -121.73511, 37.59343 ], [ -121.73436, 37.59401 ], [ -121.73534, 37.59461 ], [ -121.73548, 37.59566 ], [ -121.73387, 37.59603 ], [ -121.73359, 37.5964 ], [ -121.7371, 37.59775 ], [ -121.73773, 37.59885 ], [ -121.74031, 37.6002 ], [ -121.7405, 37.60068 ], [ -121.74074, 37.59974 ], [ -121.74126, 37.59935 ], [ -121.74249, 37.59966 ], [ -121.74261, 37.6 ], [ -121.75647, 37.60008 ], [ -121.75684, 37.60032 ], [ -121.75672, 37.60073 ], [ -121.75601, 37.60101 ], [ -121.75213, 37.60121 ] ], [ [ -121.74888, 37.61545 ], [ -121.74853, 37.61532 ], [ -121.74889, 37.61581 ], [ -121.74888, 37.61545 ] ], [ [ -121.75063, 37.61487 ], [ -121.75128, 37.61443 ], [ -121.75231, 37.61487 ], [ -121.75337, 37.61225 ], [ -121.75387, 37.61226 ], [ -121.75509, 37.61314 ], [ -121.75356, 37.61158 ], [ -121.75278, 37.61149 ], [ -121.75164, 37.61189 ], [ -121.7513, 37.61141 ], [ -121.75359, 37.60999 ], [ -121.75501, 37.60966 ], [ -121.75504, 37.60861 ], [ -121.75581, 37.6077 ], [ -121.75735, 37.60763 ], [ -121.75635, 37.60626 ], [ -121.75291, 37.60535 ], [ -121.75223, 37.60477 ], [ -121.75221, 37.60597 ], [ -121.75153, 37.60618 ], [ -121.75119, 37.60542 ], [ -121.74975, 37.60434 ], [ -121.74986, 37.60523 ], [ -121.74947, 37.60558 ], [ -121.74784, 37.60626 ], [ -121.74729, 37.6059 ], [ -121.7464, 37.6059 ], [ -121.74543, 37.60639 ], [ -121.74529, 37.607 ], [ -121.74549, 37.60731 ], [ -121.7471, 37.60715 ], [ -121.74719, 37.60867 ], [ -121.74855, 37.6086 ], [ -121.74894, 37.60885 ], [ -121.74874, 37.61017 ], [ -121.75076, 37.61368 ], [ -121.75063, 37.61487 ] ], [ [ -121.7339, 37.59419 ], [ -121.7338, 37.59423 ], [ -121.73386, 37.59422 ], [ -121.7339, 37.59419 ] ], [ [ -121.71363, 37.59854 ], [ -121.71366, 37.59855 ], [ -121.71371, 37.59854 ], [ -121.71363, 37.59854 ] ] ] } },
{ "type": "Feature", "properties": { "kind": "label", "km": 2, "city": "Unincorporated", "people": 33 }, "geometry": { "type": "Point", "coordinates": [ -121.74528, 37.62628 ] } },
{ "type": "Feature", "properties": { "kind": "area", "km": 2, "city": "Unincorporated", "people": 4 }, "geometry": { "type": "Polygon", "coordinates": [ [ [ -121.81824, 37.69906 ], [ -121.81736, 37.6994 ], [ -121.81656, 37.70066 ], [ -121.81514, 37.70078 ], [ -121.8149, 37.69773 ], [ -121.80556, 37.69785 ], [ -121.80528, 37.69737 ], [ -121.80596, 37.69639 ], [ -121.80736, 37.69601 ], [ -121.81616, 37.69608 ], [ -121.8168, 37.69657 ], [ -121.81684, 37.6981 ], [ -121.81815, 37.69849 ], [ -121.81824, 37.69906 ] ] ] } },
{ "type": "Feature", "properties": { "kind": "label", "km": 2, "city": "Unincorporated", "people": 4 }, "geometry": { "type": "Point", "coordinates": [ -121.81607, 37.69836 ] } },
{ "type": "Feature", "properties": { "kind": "area", "km": 2, "city": "Unincorporated", "people": 943 }, "geometry": { "type": "Polygon", "coordinates": [ [ [ -121.78586, 37.70183 ], [ -121.78549, 37.70323 ], [ -121.78333, 37.70503 ], [ -121.78116, 37.70479 ], [ -121.78056, 37.70503 ], [ -121.77987, 37.70667 ], [ -121.77928, 37.70687 ], [ -121.77935, 37.70731 ], [ -121.77899, 37.70757 ], [ -121.77934, 37.70849 ], [ -121.77899, 37.70909 ], [ -121.77911, 37.70983 ], [ -121.7779, 37.70986 ], [ -121.77738, 37.70923 ], [ -121.77722, 37.70953 ], [ -121.77679, 37.70953 ], [ -121.77715, 37.71104 ], [ -121.77688, 37.71131 ], [ -121.77651, 37.71118 ], [ -121.77702, 37.71195 ], [ -121.77616, 37.71352 ], [ -121.77614, 37.71446 ], [ -121.77942, 37.72201 ], [ -121.78863, 37.72203 ], [ -121.79526, 37.71988 ], [ -121.79609, 37.72011 ], [ -121.79663, 37.72077 ], [ -121.79702, 37.71778 ], [ -121.79792, 37.71626 ], [ -121.79814, 37.71487 ], [ -121.79926, 37.7135 ], [ -121.80181, 37.71214 ], [ -121.80416, 37.71027 ], [ -121.80483, 37.71024 ], [ -121.80601, 37.7109 ], [ -121.80663, 37.71371 ], [ -121.80898, 37.71918 ], [ -121.80881, 37.72073 ], [ -121.80924, 37.72284 ], [ -121.80872, 37.72522 ], [ -121.80958, 37.72866 ], [ -121.80897, 37.73077 ], [ -121.80858, 37.73534 ], [ -121.80957, 37.73828 ], [ -121.80967, 37.74138 ], [ -121.81197, 37.74354 ], [ -121.81378, 37.74471 ], [ -121.8141, 37.7453 ], [ -121.81397, 37.74674 ], [ -121.81217, 37.75184 ], [ -121.81281, 37.75437 ], [ -121.79582, 37.75839 ], [ -121.7907, 37.75749 ], [ -121.78831, 37.75656 ], [ -121.78524, 37.75486 ], [ -121.78308, 37.75264 ], [ -121.77526, 37.75261 ], [ -121.77652, 37.75561 ], [ -121.77722, 37.75652 ], [ -121.77754, 37.75793 ], [ -121.77847, 37.7585 ], [ -121.77917, 37.75969 ], [ -121.78018, 37.76045 ], [ -121.78089, 37.76143 ], [ -121.78085, 37.762 ], [ -121.7039, 37.78107 ], [ -121.70182, 37.78066 ], [ -121.70031, 37.7808 ], [ -121.69842, 37.78163 ], [ -121.69741, 37.78265 ], [ -121.68753, 37.78493 ], [ -121.6879, 37.78337 ], [ -121.68739, 37.78238 ], [ -121.68734, 37.78105 ], [ -121.68472, 37.77855 ], [ -121.68343, 37.77589 ], [ -121.68355, 37.7754 ], [ -121.68421, 37.77543 ], [ -121.68596, 37.77674 ], [ -121.68651, 37.77518 ], [ -121.68555, 37.77466 ], [ -121.68504, 37.77309 ], [ -121.68246, 37.77103 ], [ -121.68074, 37.77017 ], [ -121.6799, 37.76914 ], [ -121.67941, 37.76754 ], [ -121.679, 37.76728 ], [ -121.67696, 37.7675 ], [ -121.67599, 37.76699 ], [ -121.67735, 37.76462 ], [ -121.6768, 37.76365 ], [ -121.67736, 37.76152 ], [ -121.6774, 37.74781 ], [ -121.67479, 37.74266 ], [ -121.67141, 37.73944 ], [ -121.67184, 37.73816 ], [ -121.6719, 37.73327 ], [ -121.67497, 37.72917 ], [ -121.67594, 37.72486 ], [ -121.67683, 37.72347 ], [ -121.67792, 37.72285 ], [ -121.67917, 37.7226 ], [ -121.68423, 37.72356 ], [ -121.68833, 37.72313 ], [ -121.68952, 37.72346 ], [ -121.69279, 37.72533 ], [ -121.69455, 37.72532 ], [ -121.69624, 37.72413 ], [ -121.69648, 37.72332 ], [ -121.69618, 37.72219 ], [ -121.69765, 37.72071 ], [ -121.70056, 37.71906 ], [ -121.7056, 37.7176 ], [ -121.70931, 37.71538 ], [ -121.7096, 37.71674 ], [ -121.71087, 37.7169 ], [ -121.71092, 37.71996 ], [ -121.71155, 37.71995 ], [ -121.71167, 37.71926 ], [ -121.71264, 37.7191 ], [ -121.71707, 37.71913 ], [ -121.71715, 37.71852 ], [ -121.71759, 37.71844 ], [ -121.71781, 37.72122 ], [ -121.71855, 37.72211 ], [ -121.71956, 37.72261 ], [ -121.71928, 37.72343 ], [ -121.71999, 37.72403 ], [ -121.72188, 37.72389 ], [ -121.72188, 37.72363 ], [ -121.72085, 37.72339 ], [ -121.72093, 37.72258 ], [ -121.72292, 37.72264 ], [ -121.72305, 37.72213 ], [ -121.72453, 37.72219 ], [ -121.72482, 37.72183 ], [ -121.73226, 37.72185 ], [ -121.73244, 37.71683 ], [ -121.73877, 37.71683 ], [ -121.7412, 37.71627 ], [ -121.74203, 37.71756 ], [ -121.74297, 37.71819 ], [ -121.74368, 37.71731 ], [ -121.74488, 37.71671 ], [ -121.75037, 37.71565 ], [ -121.75162, 37.71459 ], [ -121.75195, 37.71295 ], [ -121.75364, 37.71112 ], [ -121.7526, 37.70976 ], [ -121.75263, 37.70885 ], [ -121.75702, 37.70874 ], [ -121.75688, 37.70484 ], [ -121.75751, 37.70442 ], [ -121.75902, 37.70428 ], [ -121.75925, 37.70281 ], [ -121.76294, 37.70252 ], [ -121.77635, 37.70035 ], [ -121.78533, 37.69955 ], [ -121.78576, 37.70064 ], [ -121.78494, 37.70068 ], [ -121.78436, 37.70123 ], [ -121.78586, 37.70183 ] ], [ [ -121.7244, 37.72677 ], [ -121.72739, 37.72693 ], [ -121.72737, 37.7304 ], [ -121.72895, 37.73047 ], [ -121.72902, 37.73197 ], [ -121.72984, 37.73197 ], [ -121.73002, 37.73042 ], [ -121.73313, 37.73041 ], [ -121.73314, 37.72732 ], [ -121.7323, 37.72718 ], [ -121.73223, 37.72655 ], [ -121.72838, 37.72674 ], [ -121.72706, 37.72646 ], [ -121.72684, 37.72416 ], [ -121.7255, 37.72415 ], [ -121.72547, 37.72559 ], [ -121.72441, 37.72626 ], [ -121.7244, 37.72677 ] ], [ [ -121.73224, 37.72522 ], [ -121.73061, 37.72522 ], [ -121.73061, 37.72542 ], [ -121.73224, 37.72543 ], [ -121.73224, 37.72522 ] ], [ [ -121.74704, 37.73045 ], [ -121.75131, 37.73043 ], [ -121.75132, 37.72952 ], [ -121.74684, 37.72953 ], [ -121.74704, 37.73045 ] ], [ [ -121.79844, 37.72362 ], [ -121.79857, 37.72374 ], [ -121.7983, 37.72325 ], [ -121.79844, 37.72362 ] ], [ [ -121.80007, 37.72459 ], [ -121.80077, 37.72534 ], [ -121.80072, 37.72503 ], [ -121.80007, 37.72459 ] ], [ [ -121.8019, 37.72702 ], [ -121.80193, 37.72673 ], [ -121.80157, 37.72638 ], [ -121.8019, 37.72702 ] ], [ [ -121.71646, 37.72109 ], [ -121.71647, 37.72035 ], [ -121.71591, 37.72035 ], [ -121.7159, 37.72132 ], [ -121.71646, 37.72109 ] ], [ [ -121.71039, 37.72354 ], [ -121.70237, 37.7236 ], [ -121.70172, 37.7236 ], [ -121.70572, 37.72755 ], [ -121.70588, 37.72657 ], [ -121.70956, 37.72653 ], [ -121.70973, 37.72612 ], [ -121.71075, 37.7261 ], [ -121.71184, 37.729 ], [ -121.71277, 37.72881 ], [ -121.71313, 37.72867 ], [ -121.71224, 37.72767 ], [ -121.71261, 37.72635 ], [ -121.71198, 37.72579 ], [ -121.71047, 37.72566 ], [ -121.71039, 37.72354 ] ], [ [ -121.7169, 37.73083 ], [ -121.71208, 37.73096 ], [ -121.71426, 37.73483 ], [ -121.71442, 37.73297 ], [ -121.71586, 37.73217 ], [ -121.7169, 37.73083 ] ] ] } },
{ "type": "Feature", "properties": { "kind": "label", "km": 2, "city": "Unincorporated", "people": 943 }, "geometry": { "type": "Point", "coordinates": [ -121.74237, 37.74224 ] } },
{ "type": "Feature", "properties": { "kind": "area", "km": 2, "city": "Unincorporated", "people": 8 }, "geometry": { "type": "Polygon", "coordinates": [ [ [ -121.71897, 37.66487 ], [ -121.71904, 37.67114 ], [ -121.71295, 37.67151 ], [ -121.71406, 37.67166 ], [ -121.71414, 37.67322 ], [ -121.71448, 37.67355 ], [ -121.71563, 37.67367 ], [ -121.71575, 37.67431 ], [ -121.7166, 37.67518 ], [ -121.71683, 37.67453 ], [ -121.7192, 37.67464 ], [ -121.71921, 37.67801 ], [ -121.71868, 37.67999 ], [ -121.70553, 37.67997 ], [ -121.70541, 37.67803 ], [ -121.70746, 37.67794 ], [ -121.70707, 37.67577 ], [ -121.70715, 37.6726 ], [ -121.70601, 37.67298 ], [ -121.7058, 37.67569 ], [ -121.70481, 37.6758 ], [ -121.70458, 37.67512 ], [ -121.7041, 37.6755 ], [ -121.7035, 37.67552 ], [ -121.70313, 37.67453 ], [ -121.70193, 37.67485 ], [ -121.70088, 37.67387 ], [ -121.70097, 37.67341 ], [ -121.70152, 37.67304 ], [ -121.70092, 37.672 ], [ -121.70109, 37.66482 ], [ -121.70182, 37.66499 ], [ -121.70185, 37.66793 ], [ -121.70213, 37.66832 ], [ -121.70575, 37.66729 ], [ -121.70908, 37.66728 ], [ -121.70931, 37.66809 ], [ -121.71337, 37.66811 ], [ -121.71688, 37.66628 ], [ -121.71718, 37.66645 ], [ -121.71721, 37.66813 ], [ -121.71855, 37.66813 ], [ -121.71855, 37.66508 ], [ -121.71897, 37.66487 ] ] ] } },
{ "type": "Feature", "properties": { "kind": "label", "km": 2, "city": "Unincorporated", "people": 8 }, "geometry": { "type": "Point", "coordinates": [ -121.7077, 37.67244 ] } },
{ "type": "Feature", "properties": { "kind": "area", "km": 2, "city": "Unincorporated", "people": 22 }, "geometry": { "type": "Polygon", "coordinates": [ [ [ -121.69689, 37.6781 ], [ -121.69512, 37.68007 ], [ -121.69116, 37.68154 ], [ -121.68841, 37.68352 ], [ -121.68477, 37.68401 ], [ -121.68377, 37.68679 ], [ -121.69698, 37.68697 ], [ -121.69719, 37.69786 ], [ -121.70085, 37.69787 ], [ -121.70142, 37.69568 ], [ -121.71519, 37.69569 ], [ -121.71729, 37.69446 ], [ -121.71841, 37.69432 ], [ -121.71864, 37.69453 ], [ -121.71821, 37.69766 ], [ -121.71851, 37.69972 ], [ -121.71378, 37.70171 ], [ -121.71268, 37.7007 ], [ -121.71196, 37.70047 ], [ -121.70484, 37.70133 ], [ -121.70189, 37.70268 ], [ -121.70034, 37.70473 ], [ -121.69794, 37.70571 ], [ -121.69697, 37.70555 ], [ -121.69691, 37.70364 ], [ -121.69399, 37.7079 ], [ -121.69408, 37.70891 ], [ -121.69556, 37.71242 ], [ -121.69592, 37.71889 ], [ -121.68111, 37.72198 ], [ -121.67531, 37.72134 ], [ -121.6735, 37.72059 ], [ -121.67067, 37.71884 ], [ -121.66772, 37.71809 ], [ -121.66549, 37.71813 ], [ -121.66047, 37.71946 ], [ -121.65933, 37.71896 ], [ -121.65668, 37.71907 ], [ -121.65657, 37.71878 ], [ -121.65723, 37.71832 ], [ -121.66087, 37.71797 ], [ -121.66151, 37.71714 ], [ -121.66333, 37.7173 ], [ -121.66647, 37.71591 ], [ -121.66712, 37.71597 ], [ -121.66865, 37.71729 ], [ -121.67055, 37.71676 ], [ -121.67427, 37.71852 ], [ -121.67737, 37.71811 ], [ -121.67472, 37.71613 ], [ -121.67299, 37.714 ], [ -121.67207, 37.71356 ], [ -121.67069, 37.71339 ], [ -121.66952, 37.71143 ], [ -121.66687, 37.71204 ], [ -121.66565, 37.71204 ], [ -121.66499, 37.71177 ], [ -121.66419, 37.71084 ], [ -121.66068, 37.71076 ], [ -121.65934, 37.71031 ], [ -121.659, 37.70959 ], [ -121.6573, 37.71029 ], [ -121.65529, 37.71182 ], [ -121.65377, 37.71198 ], [ -121.65313, 37.71172 ], [ -121.65274, 37.71111 ], [ -121.65312, 37.70933 ], [ -121.65288, 37.70933 ], [ -121.65189, 37.71205 ], [ -121.65116, 37.71254 ], [ -121.65264, 37.7146 ], [ -121.65227, 37.7149 ], [ -121.65023, 37.71306 ], [ -121.64773, 37.71221 ], [ -121.6467, 37.71139 ], [ -121.64518, 37.70847 ], [ -121.64322, 37.70629 ], [ -121.64547, 37.70485 ], [ -121.64629, 37.70367 ], [ -121.64633, 37.70237 ], [ -121.64709, 37.70144 ], [ -121.65136, 37.69961 ], [ -121.65484, 37.69939 ], [ -121.65892, 37.69799 ], [ -121.66155, 37.69922 ], [ -121.66186, 37.69985 ], [ -121.66141, 37.70037 ], [ -121.66312, 37.7005 ], [ -121.66759, 37.69985 ], [ -121.67042, 37.69849 ], [ -121.67345, 37.69766 ], [ -121.67471, 37.69758 ], [ -121.6744, 37.69506 ], [ -121.67509, 37.69423 ], [ -121.67306, 37.69335 ], [ -121.67067, 37.69276 ], [ -121.66944, 37.69185 ], [ -121.66625, 37.6904 ], [ -121.6633, 37.68712 ], [ -121.65952, 37.686 ], [ -121.65929, 37.68195 ], [ -121.65782, 37.6797 ], [ -121.65826, 37.67828 ], [ -121.66042, 37.67685 ], [ -121.66383, 37.67543 ], [ -121.66588, 37.67408 ], [ -121.66742, 37.67347 ], [ -121.67111, 37.67094 ], [ -121.67473, 37.66634 ], [ -121.68163, 37.66387 ], [ -121.6831, 37.66415 ], [ -121.68355, 37.66457 ], [ -121.68408, 37.66414 ], [ -121.68482, 37.66428 ], [ -121.68522, 37.66521 ], [ -121.68611, 37.66536 ], [ -121.68665, 37.66597 ], [ -121.6874, 37.66595 ], [ -121.68768, 37.66678 ], [ -121.68818, 37.66676 ], [ -121.69013, 37.6679 ], [ -121.69307, 37.66786 ], [ -121.69688, 37.66837 ], [ -121.69689, 37.6781 ] ], [ [ -121.69838, 37.70128 ], [ -121.69996, 37.69991 ], [ -121.69719, 37.69965 ], [ -121.6968, 37.70206 ], [ -121.6971, 37.70297 ], [ -121.69838, 37.70128 ] ], [ [ -121.66094, 37.70062 ], [ -121.66094, 37.70067 ], [ -121.66107, 37.70055 ], [ -121.66094, 37.70062 ] ] ] } },
{ "type": "Feature", "properties": { "kind": "label", "km": 2, "city": "Unincorporated", "people": 22 }, "geometry": { "type": "Point", "coordinates": [ -121.68432, 37.69287 ] } },
{ "type": "Feature", "properties": { "kind": "area", "km": 2, "city": "Unincorporated", "people": 30 }, "geometry": { "type": "Polygon", "coordinates": [ [ [ -121.57726, 37.81163 ], [ -121.56086, 37.81576 ], [ -121.55888, 37.81457 ], [ -121.5569, 37.81594 ], [ -121.55672, 37.80728 ], [ -121.55709, 37.80681 ], [ -121.55877, 37.80673 ], [ -121.55885, 37.80029 ], [ -121.5592, 37.80023 ], [ -121.56049, 37.80101 ], [ -121.57679, 37.8111 ], [ -121.57726, 37.81163 ] ], [ [ -121.55889, 37.81433 ], [ -121.55944, 37.81305 ], [ -121.55887, 37.81319 ], [ -121.55889, 37.81433 ] ] ] } },
{ "type": "Feature", "properties": { "kind": "label", "km": 2, "city": "Unincorporated", "people": 30 }, "geometry": { "type": "Point", "coordinates": [ -121.56429, 37.80816 ] } },
{ "type": "Feature", "properties": { "kind": "area", "km": 2, "city": "Union City", "people": 631 }, "geometry": { "type": "Polygon", "coordinates": [ [ [ -122.08533, 37.56709 ], [ -122.08532, 37.56741 ], [ -122.08446, 37.56784 ], [ -122.08392, 37.56966 ], [ -122.08582, 37.5734 ], [ -122.08314, 37.57467 ], [ -122.08334, 37.57544 ], [ -122.08157, 37.57619 ], [ -122.08124, 37.57603 ], [ -122.08106, 37.57501 ], [ -122.08205, 37.57468 ], [ -122.08091, 37.57244 ], [ -122.07902, 37.57166 ], [ -122.07903, 37.57235 ], [ -122.07809, 37.5726 ], [ -122.07602, 37.57026 ], [ -122.07041, 37.56713 ], [ -122.06883, 37.56814 ], [ -122.06731, 37.56815 ], [ -122.06656, 37.56843 ], [ -122.06361, 37.57172 ], [ -122.06254, 37.57121 ], [ -122.06641, 37.56642 ], [ -122.06957, 37.56345 ], [ -122.0713, 37.5628 ], [ -122.07933, 37.56127 ], [ -122.08086, 37.56119 ], [ -122.0809, 37.56212 ], [ -122.08405, 37.56248 ], [ -122.08399, 37.56536 ], [ -122.08015, 37.56505 ], [ -122.07941, 37.56619 ], [ -122.08474, 37.56613 ], [ -122.08496, 37.56643 ], [ -122.08429, 37.56693 ], [ -122.08533, 37.56709 ] ] ] } },
{ "type": "Feature", "properties": { "kind": "label", "km": 2, "city": "Union City", "people": 631 }, "geometry": { "type": "Point", "coordinates": [ -122.07894, 37.56875 ] } },
{ "type": "Feature", "properties": { "kind": "area", "km": 2, "city": "Union City", "people": 16 }, "geometry": { "type": "Polygon", "coordinates": [ [ [ -122.00404, 37.58929 ], [ -122.00273, 37.58983 ], [ -122.00218, 37.58921 ], [ -122.0032, 37.58864 ], [ -122.00404, 37.58929 ] ] ] } },
{ "type": "Feature", "properties": { "kind": "label", "km": 2, "city": "Union City", "people": 16 }, "geometry": { "type": "Point", "coordinates": [ -122.00311, 37.58925 ] } },
{ "type": "Feature", "properties": { "kind": "area", "km": 2, "city": "Union City", "people": 2 }, "geometry": { "type": "Polygon", "coordinates": [ [ [ -122.02032, 37.60625 ], [ -122.01767, 37.60838 ], [ -122.01692, 37.60862 ], [ -122.01716, 37.60934 ], [ -122.01652, 37.61 ], [ -122.01459, 37.6107 ], [ -122.0116, 37.60974 ], [ -122.01133, 37.60881 ], [ -122.00746, 37.60636 ], [ -122.0047, 37.60661 ], [ -122.00345, 37.60724 ], [ -122.00268, 37.60815 ], [ -121.99992, 37.60852 ], [ -121.99764, 37.60688 ], [ -121.99571, 37.60627 ], [ -121.99338, 37.6069 ], [ -121.99025, 37.6063 ], [ -121.98957, 37.60647 ], [ -121.98696, 37.60586 ], [ -121.98414, 37.60414 ], [ -121.9832, 37.60285 ], [ -121.98764, 37.59951 ], [ -121.98873, 37.59985 ], [ -121.99003, 37.6009 ], [ -121.99237, 37.60123 ], [ -121.99128, 37.59797 ], [ -121.99279, 37.59738 ], [ -121.99778, 37.6001 ], [ -121.99922, 37.60005 ], [ -122.0045, 37.59747 ], [ -122.00515, 37.59642 ], [ -122.00521, 37.59508 ], [ -122.00653, 37.59396 ], [ -122.0105, 37.59747 ], [ -122.00845, 37.59868 ], [ -122.00719, 37.5983 ], [ -122.00747, 37.59948 ], [ -122.00704, 37.60016 ], [ -122.00761, 37.60055 ], [ -122.00775, 37.60123 ], [ -122.00979, 37.60103 ], [ -122.01038, 37.60062 ], [ -122.01152, 37.60075 ], [ -122.01154, 37.60029 ], [ -122.01193, 37.60013 ], [ -122.01268, 37.60022 ], [ -122.01328, 37.60073 ], [ -122.01392, 37.60049 ], [ -122.02032, 37.60625 ] ] ] } },
{ "type": "Feature", "properties": { "kind": "label", "km": 2, "city": "Union City", "people": 2 }, "geometry": { "type": "Point", "coordinates": [ -121.99957, 37.60251 ] } },
{ "type": "Feature", "properties": { "kind": "area", "km": 2, "city": "Union City", "people": 1 }, "geometry": { "type": "Polygon", "coordinates": [ [ [ -122.07146, 37.61333 ], [ -122.0663, 37.61326 ], [ -122.06769, 37.60838 ], [ -122.06808, 37.60847 ], [ -122.07146, 37.61333 ] ] ] } },
{ "type": "Feature", "properties": { "kind": "label", "km": 2, "city": "Union City", "people": 1 }, "geometry": { "type": "Point", "coordinates": [ -122.0683, 37.61088 ] } },
{ "type": "Feature", "properties": { "kind": "area", "km": 5, "city": "Oakland", "people": 163 }, "geometry": { "type": "Polygon", "coordinates": [ [ [ -122.20422, 37.79557 ], [ -122.20147, 37.79787 ], [ -122.20053, 37.79728 ], [ -122.19954, 37.79945 ], [ -122.19818, 37.80076 ], [ -122.1997, 37.80221 ], [ -122.20084, 37.80124 ], [ -122.20292, 37.80264 ], [ -122.2009, 37.80464 ], [ -122.20204, 37.80527 ], [ -122.20237, 37.80635 ], [ -122.20383, 37.80561 ], [ -122.20635, 37.80734 ], [ -122.20242, 37.80967 ], [ -122.20144, 37.81062 ], [ -122.19839, 37.81045 ], [ -122.19779, 37.8099 ], [ -122.1975, 37.80865 ], [ -122.19751, 37.80956 ], [ -122.19698, 37.80993 ], [ -122.1955, 37.80897 ], [ -122.19303, 37.80622 ], [ -122.19239, 37.80494 ], [ -122.19355, 37.80549 ], [ -122.19421, 37.80545 ], [ -122.19239, 37.80301 ], [ -122.19374, 37.80285 ], [ -122.19313, 37.80122 ], [ -122.19381, 37.80118 ], [ -122.19443, 37.80161 ], [ -122.19556, 37.79978 ], [ -122.1961, 37.79944 ], [ -122.19591, 37.79881 ], [ -122.19642, 37.79814 ], [ -122.19593, 37.79722 ], [ -122.20188, 37.79373 ], [ -122.20422, 37.79557 ] ], [ [ -122.20078, 37.80328 ], [ -122.1997, 37.80292 ], [ -122.19796, 37.80396 ], [ -122.19771, 37.80354 ], [ -122.19808, 37.80294 ], [ -122.19724, 37.80277 ], [ -122.19632, 37.80406 ], [ -122.197, 37.80434 ], [ -122.19839, 37.80412 ], [ -122.19906, 37.80435 ], [ -122.20078, 37.80328 ] ] ] } },
{ "type": "Feature", "properties": { "kind": "label", "km": 5, "city": "Oakland", "people": 163 }, "geometry": { "type": "Point", "coordinates": [ -122.19792, 37.80228 ] } },
{ "type": "Feature", "properties": { "kind": "area", "km": 5, "city": "Oakland", "people": 131 }, "geometry": { "type": "Polygon", "coordinates": [ [ [ -122.21069, 37.83788 ], [ -122.20829, 37.83667 ], [ -122.20651, 37.83689 ], [ -122.20622, 37.83666 ], [ -122.20841, 37.83489 ], [ -122.20973, 37.83468 ], [ -122.20971, 37.83382 ], [ -122.20862, 37.83296 ], [ -122.20919, 37.83194 ], [ -122.21026, 37.83212 ], [ -122.2103, 37.83283 ], [ -122.21121, 37.83235 ], [ -122.20962, 37.83133 ], [ -122.21093, 37.82931 ], [ -122.21449, 37.83236 ], [ -122.21525, 37.83129 ], [ -122.21564, 37.8318 ], [ -122.21672, 37.8322 ], [ -122.21967, 37.83615 ], [ -122.22243, 37.83842 ], [ -122.22488, 37.84166 ], [ -122.22405, 37.84168 ], [ -122.22196, 37.8407 ], [ -122.21902, 37.83747 ], [ -122.21855, 37.83654 ], [ -122.21716, 37.83733 ], [ -122.21609, 37.83753 ], [ -122.21575, 37.83725 ], [ -122.21579, 37.83584 ], [ -122.21348, 37.83587 ], [ -122.21261, 37.83648 ], [ -122.21293, 37.83838 ], [ -122.21147, 37.83852 ], [ -122.21077, 37.83929 ], [ -122.2104, 37.83877 ], [ -122.21069, 37.83788 ] ] ] } },
{ "type": "Feature", "properties": { "kind": "label", "km": 5, "city": "Oakland", "people": 131 }, "geometry": { "type": "Point", "coordinates": [ -122.21326, 37.83569 ] } },
{ "type": "Feature", "properties": { "kind": "area", "km": 5, "city": "Sunol", "people": 11 }, "geometry": { "type": "Polygon", "coordinates": [ [ [ -121.88738, 37.5938 ], [ -121.88599, 37.59539 ], [ -121.88657, 37.59587 ], [ -121.88638, 37.59622 ], [ -121.88675, 37.59692 ], [ -121.885, 37.59936 ], [ -121.88427, 37.59994 ], [ -121.87944, 37.60196 ], [ -121.87955, 37.60271 ], [ -121.87887, 37.6035 ], [ -121.87879, 37.60556 ], [ -121.87787, 37.60621 ], [ -121.87797, 37.60809 ], [ -121.8791, 37.61008 ], [ -121.87957, 37.61171 ], [ -121.88101, 37.6131 ], [ -121.88212, 37.61507 ], [ -121.88147, 37.61541 ], [ -121.87984, 37.61303 ], [ -121.87791, 37.61191 ], [ -121.87812, 37.61036 ], [ -121.87559, 37.6072 ], [ -121.87459, 37.60524 ], [ -121.87484, 37.60286 ], [ -121.87406, 37.60118 ], [ -121.87419, 37.60005 ], [ -121.87504, 37.59911 ], [ -121.87809, 37.59846 ], [ -121.87875, 37.59797 ], [ -121.88151, 37.59717 ], [ -121.88309, 37.59622 ], [ -121.88386, 37.59556 ], [ -121.88382, 37.59502 ], [ -121.88289, 37.59377 ], [ -121.88357, 37.59254 ], [ -121.88483, 37.59243 ], [ -121.88544, 37.59338 ], [ -121.88738, 37.5938 ] ] ] } },
{ "type": "Feature", "properties": { "kind": "label", "km": 5, "city": "Sunol", "people": 11 }, "geometry": { "type": "Point", "coordinates": [ -121.87676, 37.60408 ] } },
{ "type": "Feature", "properties": { "kind": "area", "km": 5, "city": "Unincorporated", "people": 11 }, "geometry": { "type": "Polygon", "coordinates": [ [ [ -121.75684, 37.60056 ], [ -121.75597, 37.60102 ], [ -121.75213, 37.60121 ], [ -121.75751, 37.6023 ], [ -121.75923, 37.60313 ], [ -121.76493, 37.60411 ], [ -121.76854, 37.60536 ], [ -121.76917, 37.60587 ], [ -121.77126, 37.60626 ], [ -121.77701, 37.60962 ], [ -121.77875, 37.61132 ], [ -121.78011, 37.61433 ], [ -121.7802, 37.61678 ], [ -121.78531, 37.62302 ], [ -121.78564, 37.62487 ], [ -121.78669, 37.62693 ], [ -121.78666, 37.62907 ], [ -121.7833, 37.6309 ], [ -121.78321, 37.63232 ], [ -121.78176, 37.63192 ], [ -121.78117, 37.63219 ], [ -121.77806, 37.63472 ], [ -121.78008, 37.63671 ], [ -121.77927, 37.63763 ], [ -121.78292, 37.64074 ], [ -121.784, 37.64294 ], [ -121.78345, 37.64505 ], [ -121.78302, 37.64548 ], [ -121.78006, 37.64538 ], [ -121.77994, 37.64461 ], [ -121.77321, 37.64028 ], [ -121.77393, 37.63945 ], [ -121.7652, 37.63619 ], [ -121.76323, 37.6385 ], [ -121.75963, 37.64073 ], [ -121.75537, 37.64057 ], [ -121.75135, 37.63918 ], [ -121.73863, 37.64521 ], [ -121.71843, 37.64417 ], [ -121.71761, 37.6434 ], [ -121.71744, 37.64255 ], [ -121.71637, 37.64224 ], [ -121.71628, 37.64099 ], [ -121.71413, 37.63916 ], [ -121.7133, 37.63643 ], [ -121.71253, 37.63571 ], [ -121.71209, 37.63459 ], [ -121.71003, 37.63367 ], [ -121.70924, 37.63297 ], [ -121.70876, 37.63116 ], [ -121.70647, 37.63005 ], [ -121.7048, 37.62719 ], [ -121.70401, 37.62641 ], [ -121.70222, 37.62094 ], [ -121.70091, 37.61948 ], [ -121.70028, 37.61749 ], [ -121.69987, 37.61396 ], [ -121.6964, 37.61267 ], [ -121.69575, 37.61115 ], [ -121.69454, 37.61024 ], [ -121.69358, 37.60824 ], [ -121.68798, 37.60562 ], [ -121.68691, 37.60472 ], [ -121.6866, 37.60373 ], [ -121.68681, 37.60274 ], [ -121.6885, 37.60081 ], [ -121.68869, 37.59929 ], [ -121.68945, 37.59787 ], [ -121.68781, 37.59463 ], [ -121.68802, 37.59207 ], [ -121.7098, 37.58753 ], [ -121.71051, 37.58853 ], [ -121.71128, 37.58847 ], [ -121.71233, 37.58908 ], [ -121.71278, 37.59112 ], [ -121.71389, 37.59192 ], [ -121.7157, 37.59184 ], [ -121.71826, 37.59255 ], [ -121.71947, 37.59232 ], [ -121.72084, 37.59317 ], [ -121.72085, 37.59503 ], [ -121.7202, 37.596 ], [ -121.71866, 37.59633 ], [ -121.71729, 37.59717 ], [ -121.71644, 37.59714 ], [ -121.71469, 37.59791 ], [ -121.71424, 37.59849 ], [ -121.71476, 37.59864 ], [ -121.71631, 37.59772 ], [ -121.71858, 37.59762 ], [ -121.71814, 37.59871 ], [ -121.71698, 37.59953 ], [ -121.71706, 37.60009 ], [ -121.71807, 37.60064 ], [ -121.71776, 37.60132 ], [ -121.71829, 37.60196 ], [ -121.7201, 37.60148 ], [ -121.72056, 37.60168 ], [ -121.72027, 37.60241 ], [ -121.72065, 37.60254 ], [ -121.72069, 37.603 ], [ -121.72015, 37.60414 ], [ -121.72099, 37.60358 ], [ -121.72097, 37.603 ], [ -121.72142, 37.60292 ], [ -121.72137, 37.60203 ], [ -121.72205, 37.60179 ], [ -121.72208, 37.60041 ], [ -121.72294, 37.60017 ], [ -121.72531, 37.60091 ], [ -121.72657, 37.60201 ], [ -121.72648, 37.60248 ], [ -121.7278, 37.60355 ], [ -121.72755, 37.60438 ], [ -121.72837, 37.60424 ], [ -121.72923, 37.60445 ], [ -121.732, 37.60662 ], [ -121.73294, 37.60944 ], [ -121.73214, 37.60977 ], [ -121.73147, 37.60953 ], [ -121.73095, 37.61009 ], [ -121.73172, 37.61041 ], [ -121.73183, 37.61075 ], [ -121.73141, 37.61123 ], [ -121.7305, 37.61147 ], [ -121.73075, 37.61194 ], [ -121.73021, 37.61421 ], [ -121.72939, 37.61469 ], [ -121.7272, 37.61386 ], [ -121.72705, 37.6142 ], [ -121.72781, 37.61452 ], [ -121.72772, 37.61496 ], [ -121.72852, 37.61512 ], [ -121.72832, 37.61603 ], [ -121.72882, 37.61576 ], [ -121.72942, 37.61614 ], [ -121.73071, 37.61591 ], [ -121.73152, 37.61645 ], [ -121.7315, 37.61687 ], [ -121.73096, 37.61727 ], [ -121.72948, 37.61766 ], [ -121.7302, 37.61802 ], [ -121.73192, 37.61773 ], [ -121.73203, 37.61845 ], [ -121.73279, 37.61899 ], [ -121.73277, 37.61963 ], [ -121.73354, 37.61878 ], [ -121.73442, 37.61915 ], [ -121.7334, 37.61828 ], [ -121.73356, 37.61773 ], [ -121.73528, 37.61797 ], [ -121.73633, 37.61763 ], [ -121.73704, 37.6194 ], [ -121.73751, 37.62008 ], [ -121.73785, 37.62 ], [ -121.73757, 37.61881 ], [ -121.73893, 37.61862 ], [ -121.73843, 37.61768 ], [ -121.73956, 37.6167 ], [ -121.7401, 37.61662 ], [ -121.73986, 37.61505 ], [ -121.74025, 37.61443 ], [ -121.74289, 37.61379 ], [ -121.74414, 37.61429 ], [ -121.74486, 37.61509 ], [ -121.74686, 37.61436 ], [ -121.74675, 37.61342 ], [ -121.74621, 37.61289 ], [ -121.74577, 37.61148 ], [ -121.74509, 37.61141 ], [ -121.74502, 37.61082 ], [ -121.74461, 37.61056 ], [ -121.74434, 37.61117 ], [ -121.74376, 37.61136 ], [ -121.74261, 37.61079 ], [ -121.74054, 37.61071 ], [ -121.74013, 37.61045 ], [ -121.73869, 37.61109 ], [ -121.73703, 37.61084 ], [ -121.73598, 37.60905 ], [ -121.73524, 37.60847 ], [ -121.73484, 37.60664 ], [ -121.73427, 37.60629 ], [ -121.73283, 37.60391 ], [ -121.733, 37.60346 ], [ -121.73211, 37.6031 ], [ -121.73217, 37.60253 ], [ -121.73124, 37.60253 ], [ -121.72931, 37.60054 ], [ -121.72915, 37.60001 ], [ -121.72803, 37.5992 ], [ -121.72578, 37.59826 ], [ -121.72569, 37.59776 ], [ -121.72628, 37.5971 ], [ -121.72514, 37.59713 ], [ -121.72325, 37.59575 ], [ -121.72362, 37.59209 ], [ -121.72285, 37.59193 ], [ -121.72194, 37.59101 ], [ -121.7204, 37.59074 ], [ -121.71916, 37.58979 ], [ -121.71808, 37.5898 ], [ -121.71557, 37.5887 ], [ -121.71369, 37.58703 ], [ -121.7138, 37.5866 ], [ -121.71453, 37.58626 ], [ -121.71539, 37.5863 ], [ -121.73183, 37.58283 ], [ -121.73283, 37.58462 ], [ -121.7354, 37.58489 ], [ -121.73724, 37.58456 ], [ -121.73824, 37.58592 ], [ -121.73637, 37.58672 ], [ -121.73413, 37.58639 ], [ -121.73413, 37.58712 ], [ -121.7333, 37.58782 ], [ -121.73355, 37.5893 ], [ -121.7326, 37.59143 ], [ -121.73064, 37.59248 ], [ -121.7316, 37.59254 ], [ -121.73268, 37.59305 ], [ -121.73345, 37.593 ], [ -121.73459, 37.59243 ], [ -121.73515, 37.59261 ], [ -121.73511, 37.59343 ], [ -121.73436, 37.59401 ], [ -121.73534, 37.59461 ], [ -121.73548, 37.59566 ], [ -121.73387, 37.59603 ], [ -121.73359, 37.5964 ], [ -121.7371, 37.59775 ], [ -121.73773, 37.59885 ], [ -121.74031, 37.6002 ], [ -121.7405, 37.60068 ], [ -121.74074, 37.59974 ], [ -121.74126, 37.59935 ], [ -121.74249, 37.59966 ], [ -121.74261, 37.6 ], [ -121.75647, 37.60008 ], [ -121.75684, 37.60056 ] ], [ [ -121.75224, 37.60588 ], [ -121.75148, 37.60615 ], [ -121.75119, 37.60542 ], [ -121.74975, 37.60434 ], [ -121.74986, 37.60523 ], [ -121.74947, 37.60558 ], [ -121.74784, 37.60626 ], [ -121.74729, 37.6059 ], [ -121.7464, 37.6059 ], [ -121.74527, 37.6066 ], [ -121.74549, 37.60731 ], [ -121.7466, 37.60706 ], [ -121.74718, 37.60722 ], [ -121.74719, 37.60867 ], [ -121.74855, 37.6086 ], [ -121.74894, 37.60885 ], [ -121.74874, 37.61017 ], [ -121.75076, 37.61368 ], [ -121.75056, 37.61488 ], [ -121.75128, 37.61443 ], [ -121.75231, 37.61487 ], [ -121.75337, 37.61225 ], [ -121.75387, 37.61226 ], [ -121.75509, 37.61314 ], [ -121.75356, 37.61158 ], [ -121.75278, 37.61149 ], [ -121.75164, 37.61189 ], [ -121.7513, 37.61141 ], [ -121.75359, 37.60999 ], [ -121.75501, 37.60966 ], [ -121.75504, 37.60861 ], [ -121.75581, 37.6077 ], [ -121.75735, 37.60764 ], [ -121.75707, 37.60689 ], [ -121.75635, 37.60626 ], [ -121.75291, 37.60535 ], [ -121.75223, 37.60477 ], [ -121.75224, 37.60588 ] ], [ [ -121.74853, 37.61532 ], [ -121.74878, 37.61571 ], [ -121.74889, 37.61581 ], [ -121.74888, 37.61543 ], [ -121.74853, 37.61532 ] ], [ [ -121.7338, 37.59423 ], [ -121.73386, 37.59422 ], [ -121.7339, 37.59419 ], [ -121.7338, 37.59423 ] ], [ [ -121.71366, 37.59855 ], [ -121.71363, 37.59854 ], [ -121.71361, 37.59856 ], [ -121.71366, 37.59855 ] ] ] } },
{ "type": "Feature", "properties": { "kind": "label", "km": 5, "city": "Unincorporated", "people": 11 }, "geometry": { "type": "Point", "coordinates": [ -121.71389, 37.6148 ] } },
{ "type": "Feature", "properties": { "kind": "area", "km": 5, "city": "Unincorporated", "people": 188 }, "geometry": { "type": "Polygon", "coordinates": [ [ [ -121.72725, 37.72257 ], [ -121.72723, 37.72415 ], [ -121.7255, 37.72415 ], [ -121.72547, 37.72559 ], [ -121.72441, 37.72626 ], [ -121.7244, 37.72677 ], [ -121.72736, 37.72689 ], [ -121.72737, 37.7304 ], [ -121.72895, 37.73047 ], [ -121.72902, 37.73197 ], [ -121.72984, 37.73197 ], [ -121.73008, 37.73041 ], [ -121.74711, 37.73045 ], [ -121.7473, 37.73769 ], [ -121.77013, 37.73761 ], [ -121.77013, 37.75214 ], [ -121.77516, 37.75223 ], [ -121.77652, 37.75561 ], [ -121.77722, 37.75652 ], [ -121.77754, 37.75793 ], [ -121.77847, 37.7585 ], [ -121.77917, 37.75969 ], [ -121.78016, 37.76043 ], [ -121.78097, 37.76191 ], [ -121.7039, 37.78107 ], [ -121.70182, 37.78066 ], [ -121.70031, 37.7808 ], [ -121.69842, 37.78163 ], [ -121.69741, 37.78265 ], [ -121.68762, 37.78498 ], [ -121.6879, 37.78337 ], [ -121.68739, 37.78238 ], [ -121.68734, 37.78105 ], [ -121.68472, 37.77855 ], [ -121.68343, 37.77589 ], [ -121.68355, 37.7754 ], [ -121.68421, 37.77543 ], [ -121.68596, 37.77674 ], [ -121.68651, 37.77518 ], [ -121.68555, 37.77466 ], [ -121.68504, 37.77309 ], [ -121.68246, 37.77103 ], [ -121.68074, 37.77017 ], [ -121.6799, 37.76914 ], [ -121.67941, 37.76754 ], [ -121.679, 37.76728 ], [ -121.67696, 37.7675 ], [ -121.67599, 37.76699 ], [ -121.67735, 37.76462 ], [ -121.6768, 37.76365 ], [ -121.67736, 37.76152 ], [ -121.6774, 37.74781 ], [ -121.67479, 37.74266 ], [ -121.67141, 37.73944 ], [ -121.67184, 37.73816 ], [ -121.67183, 37.73349 ], [ -121.67497, 37.72917 ], [ -121.6764, 37.72393 ], [ -121.67738, 37.72311 ], [ -121.67886, 37.72261 ], [ -121.68027, 37.72265 ], [ -121.68423, 37.72356 ], [ -121.68805, 37.7231 ], [ -121.68952, 37.72346 ], [ -121.69279, 37.72533 ], [ -121.69455, 37.72532 ], [ -121.69624, 37.72413 ], [ -121.69648, 37.72332 ], [ -121.69618, 37.72219 ], [ -121.69765, 37.72071 ], [ -121.70056, 37.71906 ], [ -121.7056, 37.7176 ], [ -121.70931, 37.71538 ], [ -121.7096, 37.71674 ], [ -121.71087, 37.7169 ], [ -121.71092, 37.71996 ], [ -121.71155, 37.71995 ], [ -121.71176, 37.71922 ], [ -121.71387, 37.71911 ], [ -121.71399, 37.72136 ], [ -121.71763, 37.72098 ], [ -121.71855, 37.72211 ], [ -121.71956, 37.72261 ], [ -121.71928, 37.72343 ], [ -121.71999, 37.72403 ], [ -121.72188, 37.72389 ], [ -121.72188, 37.72363 ], [ -121.72085, 37.72339 ], [ -121.72085, 37.72264 ], [ -121.72292, 37.72264 ], [ -121.72316, 37.7221 ], [ -121.72486, 37.72219 ], [ -121.72509, 37.72254 ], [ -121.72725, 37.72257 ] ], [ [ -121.71039, 37.72354 ], [ -121.70237, 37.7236 ], [ -121.70172, 37.7236 ], [ -121.70572, 37.72755 ], [ -121.70588, 37.72657 ], [ -121.70956, 37.72653 ], [ -121.70973, 37.72612 ], [ -121.71075, 37.7261 ], [ -121.71184, 37.729 ], [ -121.71277, 37.72881 ], [ -121.71313, 37.72867 ], [ -121.71224, 37.72767 ], [ -121.71261, 37.72635 ], [ -121.71198, 37.72579 ], [ -121.71047, 37.72566 ], [ -121.71039, 37.72354 ] ], [ [ -121.7169, 37.73083 ], [ -121.71208, 37.73096 ], [ -121.71426, 37.73483 ], [ -121.71442, 37.73297 ], [ -121.71586, 37.73217 ], [ -121.7169, 37.73083 ] ] ] } },
{ "type": "Feature", "properties": { "kind": "label", "km": 5, "city": "Unincorporated", "people": 188 }, "geometry": { "type": "Point", "coordinates": [ -121.72378, 37.74985 ] } },
{ "type": "Feature", "properties": { "kind": "area", "km": 5, "city": "Unincorporated", "people": 1 }, "geometry": { "type": "Polygon", "coordinates": [ [ [ -121.697, 37.67801 ], [ -121.69515, 37.68005 ], [ -121.69116, 37.68154 ], [ -121.68841, 37.68352 ], [ -121.68477, 37.68401 ], [ -121.68369, 37.68684 ], [ -121.68161, 37.68708 ], [ -121.67974, 37.68679 ], [ -121.67947, 37.68877 ], [ -121.67812, 37.68984 ], [ -121.67938, 37.69252 ], [ -121.67967, 37.69408 ], [ -121.69254, 37.69412 ], [ -121.69552, 37.69543 ], [ -121.69715, 37.69568 ], [ -121.69718, 37.70076 ], [ -121.6968, 37.70206 ], [ -121.69719, 37.70322 ], [ -121.69399, 37.7079 ], [ -121.69408, 37.70891 ], [ -121.69556, 37.71242 ], [ -121.69601, 37.71883 ], [ -121.68111, 37.72198 ], [ -121.67531, 37.72134 ], [ -121.6735, 37.72059 ], [ -121.67067, 37.71884 ], [ -121.66772, 37.71809 ], [ -121.66549, 37.71813 ], [ -121.66047, 37.71946 ], [ -121.65933, 37.71896 ], [ -121.65668, 37.71907 ], [ -121.65657, 37.71878 ], [ -121.65723, 37.71832 ], [ -121.66087, 37.71797 ], [ -121.66151, 37.71714 ], [ -121.66333, 37.7173 ], [ -121.66647, 37.71591 ], [ -121.66712, 37.71597 ], [ -121.66865, 37.71729 ], [ -121.67055, 37.71676 ], [ -121.67427, 37.71852 ], [ -121.67737, 37.71811 ], [ -121.67472, 37.71613 ], [ -121.67299, 37.714 ], [ -121.67207, 37.71356 ], [ -121.67069, 37.71339 ], [ -121.66952, 37.71143 ], [ -121.66687, 37.71204 ], [ -121.66565, 37.71204 ], [ -121.66499, 37.71177 ], [ -121.66419, 37.71084 ], [ -121.66068, 37.71076 ], [ -121.65934, 37.71031 ], [ -121.659, 37.70959 ], [ -121.6573, 37.71029 ], [ -121.65529, 37.71182 ], [ -121.65377, 37.71198 ], [ -121.65313, 37.71172 ], [ -121.65274, 37.71111 ], [ -121.65312, 37.70933 ], [ -121.65288, 37.70933 ], [ -121.65189, 37.71205 ], [ -121.65116, 37.71254 ], [ -121.65264, 37.7146 ], [ -121.65227, 37.7149 ], [ -121.65023, 37.71306 ], [ -121.64773, 37.71221 ], [ -121.6467, 37.71139 ], [ -121.64518, 37.70847 ], [ -121.64322, 37.70629 ], [ -121.64547, 37.70485 ], [ -121.64629, 37.70367 ], [ -121.64633, 37.70237 ], [ -121.64709, 37.70144 ], [ -121.65136, 37.69961 ], [ -121.65484, 37.69939 ], [ -121.65892, 37.69799 ], [ -121.66155, 37.69922 ], [ -121.66186, 37.69985 ], [ -121.66141, 37.70037 ], [ -121.66312, 37.7005 ], [ -121.66759, 37.69985 ], [ -121.67042, 37.69849 ], [ -121.67345, 37.69766 ], [ -121.67471, 37.69758 ], [ -121.6744, 37.69506 ], [ -121.67509, 37.69423 ], [ -121.67306, 37.69335 ], [ -121.67067, 37.69276 ], [ -121.66944, 37.69185 ], [ -121.66625, 37.6904 ], [ -121.6633, 37.68712 ], [ -121.65952, 37.686 ], [ -121.65929, 37.68195 ], [ -121.65782, 37.6797 ], [ -121.65826, 37.67828 ], [ -121.66042, 37.67685 ], [ -121.66383, 37.67543 ], [ -121.66588, 37.67408 ], [ -121.66742, 37.67347 ], [ -121.67111, 37.67094 ], [ -121.67473, 37.66634 ], [ -121.68163, 37.66387 ], [ -121.6831, 37.66415 ], [ -121.68355, 37.66457 ], [ -121.68408, 37.66414 ], [ -121.68482, 37.66428 ], [ -121.68522, 37.66521 ], [ -121.68611, 37.66536 ], [ -121.68665, 37.66597 ], [ -121.6874, 37.66595 ], [ -121.68768, 37.66678 ], [ -121.68818, 37.66676 ], [ -121.69013, 37.6679 ], [ -121.69307, 37.66786 ], [ -121.69688, 37.66837 ], [ -121.697, 37.67801 ] ], [ [ -121.66096, 37.70061 ], [ -121.66094, 37.70067 ], [ -121.66107, 37.70055 ], [ -121.66096, 37.70061 ] ] ] } },
{ "type": "Feature", "properties": { "kind": "label", "km": 5, "city": "Unincorporated", "people": 1 }, "geometry": { "type": "Point", "coordinates": [ -121.67546, 37.693 ] } },
{ "type": "Feature", "properties": { "kind": "area", "km": 5, "city": "Unincorporated", "people": 30 }, "geometry": { "type": "Polygon", "coordinates": [ [ [ -121.57729, 37.81155 ], [ -121.56092, 37.81575 ], [ -121.55888, 37.81457 ], [ -121.5569, 37.81594 ], [ -121.55672, 37.80728 ], [ -121.55709, 37.80681 ], [ -121.55877, 37.80673 ], [ -121.55885, 37.80029 ], [ -121.55925, 37.80025 ], [ -121.57729, 37.81155 ] ], [ [ -121.55889, 37.81433 ], [ -121.55928, 37.81341 ], [ -121.55944, 37.81305 ], [ -121.55887, 37.81319 ], [ -121.55889, 37.81433 ] ] ] } },
{ "type": "Feature", "properties": { "kind": "label", "km": 5, "city": "Unincorporated", "people": 30 }, "geometry": { "type": "Point", "coordinates": [ -121.56429, 37.80816 ] } }
]
}
