{
"type": "FeatureCollection",
"name": "b4_r0_c1",
"crs": { "type": "name", "properties": { "name": "urn:ogc:def:crs:OGC:1.3:CRS84" } },
"xy_coordinate_resolution": 1e-05,
"features": [
{ "type": "Feature", "properties": { "kind": "area", "km": 1, "city": "Alameda", "people": 6451 }, "geometry": { "type": "Polygon", "coordinates": [ [ [ -122.28929, 37.76644 ], [ -122.28812, 37.76855 ], [ -122.28854, 37.7682 ], [ -122.289, 37.76829 ], [ -122.28899, 37.76864 ], [ -122.28951, 37.76895 ], [ -122.28903, 37.76933 ], [ -122.28935, 37.76961 ], [ -122.28988, 37.7692 ], [ -122.29072, 37.76918 ], [ -122.29142, 37.76821 ], [ -122.29193, 37.76963 ], [ -122.2996, 37.77182 ], [ -122.30525, 37.77199 ], [ -122.30502, 37.77279 ], [ -122.3011, 37.77262 ], [ -122.30103, 37.77344 ], [ -122.30131, 37.77368 ], [ -122.30561, 37.77392 ], [ -122.3058, 37.77441 ], [ -122.30139, 37.77439 ], [ -122.3003, 37.77524 ], [ -122.3021, 37.77532 ], [ -122.30238, 37.77574 ], [ -122.30008, 37.77583 ], [ -122.29877, 37.77655 ], [ -122.2986, 37.7798 ], [ -122.3041, 37.78003 ], [ -122.30497, 37.77979 ], [ -122.30605, 37.78017 ], [ -122.30654, 37.77985 ], [ -122.30681, 37.78025 ], [ -122.30822, 37.78034 ], [ -122.30861, 37.77611 ], [ -122.30892, 37.7759 ], [ -122.31563, 37.77629 ], [ -122.31823, 37.77934 ], [ -122.3232, 37.77962 ], [ -122.32552, 37.78081 ], [ -122.3281, 37.78103 ], [ -122.33181, 37.78688 ], [ -122.33117, 37.79242 ], [ -122.3315, 37.7946 ], [ -122.33221, 37.79555 ], [ -122.3319, 37.7971 ], [ -122.33115, 37.79709 ], [ -122.33075, 37.79741 ], [ -122.31564, 37.79363 ], [ -122.30928, 37.79234 ], [ -122.30891, 37.7925 ], [ -122.30334, 37.79086 ], [ -122.29693, 37.79051 ], [ -122.28966, 37.79242 ], [ -122.28789, 37.79264 ], [ -122.28068, 37.79277 ], [ -122.27725, 37.79198 ], [ -122.27617, 37.79166 ], [ -122.2763, 37.79107 ], [ -122.27545, 37.79078 ], [ -122.27547, 37.79017 ], [ -122.27434, 37.78955 ], [ -122.27445, 37.78827 ], [ -122.27417, 37.78804 ], [ -122.27396, 37.78792 ], [ -122.27335, 37.78864 ], [ -122.27099, 37.7878 ], [ -122.2713, 37.78688 ], [ -122.27052, 37.7869 ], [ -122.27027, 37.78637 ], [ -122.26871, 37.78555 ], [ -122.26785, 37.78338 ], [ -122.26629, 37.78331 ], [ -122.26542, 37.7842 ], [ -122.26203, 37.78261 ], [ -122.26085, 37.7827 ], [ -122.26039, 37.78016 ], [ -122.26045, 37.77823 ], [ -122.26014, 37.77821 ], [ -122.25948, 37.78249 ], [ -122.25746, 37.78206 ], [ -122.25596, 37.78119 ], [ -122.25779, 37.77819 ], [ -122.25603, 37.77749 ], [ -122.25506, 37.77883 ], [ -122.2525, 37.77889 ], [ -122.2521, 37.77915 ], [ -122.25177, 37.77893 ], [ -122.25183, 37.77845 ], [ -122.25159, 37.7791 ], [ -122.25713, 37.7858 ], [ -122.25408, 37.78698 ], [ -122.25269, 37.78721 ], [ -122.25125, 37.7871 ], [ -122.24851, 37.78603 ], [ -122.24638, 37.78483 ], [ -122.24496, 37.78313 ], [ -122.24454, 37.77917 ], [ -122.24329, 37.7764 ], [ -122.24031, 37.7739 ], [ -122.2363, 37.77186 ], [ -122.23597, 37.77125 ], [ -122.2281, 37.7676 ], [ -122.22656, 37.7663 ], [ -122.22535, 37.76456 ], [ -122.22499, 37.76482 ], [ -122.22467, 37.76469 ], [ -122.22506, 37.76408 ], [ -122.22447, 37.76154 ], [ -122.22468, 37.75698 ], [ -122.22505, 37.75579 ], [ -122.22627, 37.7546 ], [ -122.22477, 37.75339 ], [ -122.22582, 37.74958 ], [ -122.23635, 37.74833 ], [ -122.23648, 37.74959 ], [ -122.23693, 37.7495 ], [ -122.23992, 37.75058 ], [ -122.24432, 37.75151 ], [ -122.25023, 37.75362 ], [ -122.25069, 37.75343 ], [ -122.25103, 37.75372 ], [ -122.25076, 37.75429 ], [ -122.26185, 37.75841 ], [ -122.26145, 37.7595 ], [ -122.26259, 37.75993 ], [ -122.26315, 37.75905 ], [ -122.26398, 37.75921 ], [ -122.26446, 37.75875 ], [ -122.26701, 37.7596 ], [ -122.27075, 37.76102 ], [ -122.27263, 37.76221 ], [ -122.27505, 37.76494 ], [ -122.27592, 37.76641 ], [ -122.27599, 37.76753 ], [ -122.27648, 37.76794 ], [ -122.27777, 37.76831 ], [ -122.28009, 37.76617 ], [ -122.28091, 37.76613 ], [ -122.28098, 37.76657 ], [ -122.2802, 37.76703 ], [ -122.28014, 37.76798 ], [ -122.28186, 37.76822 ], [ -122.28189, 37.7709 ], [ -122.28278, 37.77074 ], [ -122.28286, 37.77 ], [ -122.28373, 37.76987 ], [ -122.28393, 37.76906 ], [ -122.28457, 37.76903 ], [ -122.28546, 37.76959 ], [ -122.28401, 37.76842 ], [ -122.28428, 37.76704 ], [ -122.28507, 37.76697 ], [ -122.28633, 37.76775 ], [ -122.28687, 37.76757 ], [ -122.28724, 37.76666 ], [ -122.2865, 37.76581 ], [ -122.28249, 37.76494 ], [ -122.28227, 37.76403 ], [ -122.2825, 37.76358 ], [ -122.2867, 37.76439 ], [ -122.28895, 37.7653 ], [ -122.28929, 37.76644 ] ], [ [ -122.25153, 37.7778 ], [ -122.25333, 37.7755 ], [ -122.25446, 37.77587 ], [ -122.25421, 37.77648 ], [ -122.257, 37.77717 ], [ -122.25842, 37.77717 ], [ -122.25859, 37.7761 ], [ -122.26323, 37.77657 ], [ -122.26339, 37.77759 ], [ -122.26547, 37.77768 ], [ -122.26583, 37.77673 ], [ -122.27444, 37.77691 ], [ -122.27478, 37.77794 ], [ -122.2764, 37.77797 ], [ -122.27666, 37.77701 ], [ -122.28099, 37.77713 ], [ -122.28115, 37.779 ], [ -122.28425, 37.77915 ], [ -122.28433, 37.77761 ], [ -122.28208, 37.77751 ], [ -122.28213, 37.77617 ], [ -122.28813, 37.77626 ], [ -122.28833, 37.77698 ], [ -122.29072, 37.77772 ], [ -122.29066, 37.77653 ], [ -122.29109, 37.77635 ], [ -122.29159, 37.77684 ], [ -122.29168, 37.78466 ], [ -122.29695, 37.78493 ], [ -122.29828, 37.78539 ], [ -122.29817, 37.78829 ], [ -122.30205, 37.78851 ], [ -122.30267, 37.78917 ], [ -122.3034, 37.78857 ], [ -122.30827, 37.78883 ], [ -122.30859, 37.78521 ], [ -122.3082, 37.785 ], [ -122.30832, 37.78365 ], [ -122.29794, 37.78307 ], [ -122.29755, 37.78259 ], [ -122.29775, 37.78018 ], [ -122.29584, 37.78009 ], [ -122.29421, 37.78047 ], [ -122.29305, 37.77995 ], [ -122.29317, 37.77957 ], [ -122.29402, 37.77936 ], [ -122.29545, 37.77947 ], [ -122.29586, 37.77524 ], [ -122.29927, 37.7753 ], [ -122.30022, 37.77453 ], [ -122.30032, 37.77253 ], [ -122.29322, 37.77216 ], [ -122.29301, 37.77527 ], [ -122.29114, 37.77537 ], [ -122.29012, 37.7738 ], [ -122.28629, 37.77183 ], [ -122.27836, 37.77165 ], [ -122.27809, 37.77106 ], [ -122.27685, 37.77135 ], [ -122.27636, 37.77106 ], [ -122.2761, 37.77159 ], [ -122.27281, 37.77149 ], [ -122.27268, 37.76942 ], [ -122.2712, 37.76881 ], [ -122.27072, 37.76963 ], [ -122.26342, 37.76945 ], [ -122.26334, 37.76659 ], [ -122.26072, 37.76545 ], [ -122.25991, 37.76623 ], [ -122.2527, 37.76309 ], [ -122.25366, 37.76079 ], [ -122.24853, 37.75781 ], [ -122.24553, 37.76108 ], [ -122.24314, 37.75976 ], [ -122.24493, 37.75748 ], [ -122.24263, 37.75628 ], [ -122.24176, 37.75729 ], [ -122.2407, 37.75691 ], [ -122.23977, 37.75803 ], [ -122.23928, 37.75805 ], [ -122.23802, 37.75711 ], [ -122.23893, 37.75595 ], [ -122.2382, 37.7564 ], [ -122.23603, 37.7549 ], [ -122.23532, 37.75533 ], [ -122.2339, 37.75435 ], [ -122.23368, 37.75455 ], [ -122.23433, 37.75514 ], [ -122.23372, 37.75575 ], [ -122.2344, 37.75637 ], [ -122.22936, 37.76093 ], [ -122.2261, 37.75887 ], [ -122.22573, 37.76187 ], [ -122.22647, 37.76335 ], [ -122.22615, 37.76379 ], [ -122.2282, 37.76639 ], [ -122.23102, 37.76798 ], [ -122.23331, 37.76755 ], [ -122.23371, 37.76833 ], [ -122.23768, 37.77045 ], [ -122.23717, 37.77131 ], [ -122.24069, 37.77285 ], [ -122.24227, 37.77426 ], [ -122.24272, 37.77438 ], [ -122.24338, 37.77344 ], [ -122.24209, 37.7728 ], [ -122.24284, 37.7717 ], [ -122.24596, 37.77294 ], [ -122.24608, 37.77323 ], [ -122.24475, 37.77511 ], [ -122.2457, 37.77403 ], [ -122.2462, 37.77403 ], [ -122.24636, 37.77431 ], [ -122.24561, 37.77537 ], [ -122.24621, 37.77564 ], [ -122.24699, 37.77476 ], [ -122.24852, 37.77527 ], [ -122.24942, 37.77592 ], [ -122.24942, 37.77622 ], [ -122.2507, 37.77669 ], [ -122.25153, 37.7778 ] ], [ [ -122.24996, 37.75439 ], [ -122.24765, 37.75354 ], [ -122.24752, 37.75377 ], [ -122.24802, 37.75401 ], [ -122.24799, 37.7543 ], [ -122.2491, 37.75473 ], [ -122.24963, 37.75478 ], [ -122.24996, 37.75439 ] ], [ [ -122.27603, 37.78953 ], [ -122.27639, 37.78957 ], [ -122.27639, 37.78919 ], [ -122.27597, 37.78917 ], [ -122.27603, 37.78953 ] ], [ [ -122.27553, 37.78753 ], [ -122.27524, 37.78511 ], [ -122.27577, 37.78488 ], [ -122.27562, 37.7834 ], [ -122.27527, 37.7828 ], [ -122.27319, 37.78285 ], [ -122.27295, 37.78257 ], [ -122.27317, 37.78187 ], [ -122.27399, 37.78179 ], [ -122.27386, 37.78074 ], [ -122.27323, 37.78065 ], [ -122.2732, 37.77989 ], [ -122.2744, 37.77967 ], [ -122.27433, 37.77932 ], [ -122.27083, 37.77969 ], [ -122.26448, 37.77943 ], [ -122.2633, 37.77901 ], [ -122.26439, 37.78019 ], [ -122.26431, 37.7809 ], [ -122.26554, 37.78096 ], [ -122.26567, 37.78147 ], [ -122.26781, 37.78147 ], [ -122.27128, 37.78306 ], [ -122.27136, 37.78425 ], [ -122.27236, 37.78548 ], [ -122.27452, 37.78639 ], [ -122.27553, 37.78753 ] ], [ [ -122.28098, 37.76949 ], [ -122.28033, 37.7695 ], [ -122.28033, 37.76985 ], [ -122.28098, 37.76985 ], [ -122.28098, 37.76949 ] ], [ [ -122.28792, 37.78463 ], [ -122.28817, 37.7842 ], [ -122.29058, 37.78423 ], [ -122.29051, 37.78072 ], [ -122.29011, 37.78042 ], [ -122.2887, 37.7804 ], [ -122.28852, 37.78068 ], [ -122.28784, 37.78069 ], [ -122.28757, 37.78011 ], [ -122.28447, 37.78023 ], [ -122.27691, 37.7798 ], [ -122.27683, 37.78413 ], [ -122.27859, 37.78617 ], [ -122.27875, 37.78747 ], [ -122.27836, 37.78848 ], [ -122.28013, 37.78957 ], [ -122.28086, 37.78868 ], [ -122.28171, 37.78892 ], [ -122.28181, 37.78947 ], [ -122.28247, 37.78948 ], [ -122.28257, 37.78482 ], [ -122.28387, 37.78457 ], [ -122.28792, 37.78463 ] ], [ [ -122.2971, 37.78608 ], [ -122.29712, 37.7861 ], [ -122.29714, 37.78609 ], [ -122.2971, 37.78608 ] ], [ [ -122.28394, 37.78757 ], [ -122.28367, 37.78754 ], [ -122.28363, 37.7879 ], [ -122.28392, 37.78826 ], [ -122.28394, 37.78757 ] ], [ [ -122.26405, 37.76189 ], [ -122.26797, 37.76341 ], [ -122.26958, 37.76289 ], [ -122.27042, 37.76362 ], [ -122.2713, 37.76374 ], [ -122.27114, 37.76232 ], [ -122.26509, 37.76012 ], [ -122.26405, 37.76189 ] ], [ [ -122.25995, 37.76344 ], [ -122.25997, 37.76357 ], [ -122.26011, 37.76355 ], [ -122.25995, 37.76344 ] ], [ [ -122.25805, 37.76411 ], [ -122.25805, 37.76407 ], [ -122.25801, 37.7641 ], [ -122.25805, 37.76411 ] ], [ [ -122.25689, 37.76396 ], [ -122.25653, 37.76392 ], [ -122.25708, 37.76413 ], [ -122.25689, 37.76396 ] ], [ [ -122.25577, 37.76328 ], [ -122.25552, 37.76329 ], [ -122.25579, 37.76348 ], [ -122.25577, 37.76328 ] ], [ [ -122.26186, 37.76395 ], [ -122.262, 37.76434 ], [ -122.26218, 37.76388 ], [ -122.26186, 37.76395 ] ], [ [ -122.26357, 37.76511 ], [ -122.26372, 37.76429 ], [ -122.26363, 37.76427 ], [ -122.263, 37.76483 ], [ -122.26357, 37.76511 ] ], [ [ -122.2607, 37.76456 ], [ -122.26011, 37.76466 ], [ -122.2605, 37.76483 ], [ -122.2607, 37.76456 ] ], [ [ -122.27077, 37.76763 ], [ -122.2702, 37.76809 ], [ -122.27063, 37.76833 ], [ -122.27077, 37.76763 ] ], [ [ -122.26913, 37.76772 ], [ -122.2692, 37.76766 ], [ -122.26911, 37.76771 ], [ -122.26913, 37.76772 ] ], [ [ -122.26803, 37.76729 ], [ -122.26794, 37.76717 ], [ -122.26781, 37.7672 ], [ -122.26803, 37.76729 ] ], [ [ -122.26693, 37.76671 ], [ -122.26693, 37.76653 ], [ -122.26668, 37.76658 ], [ -122.26693, 37.76671 ] ], [ [ -122.26581, 37.76599 ], [ -122.26561, 37.76604 ], [ -122.26585, 37.76618 ], [ -122.26581, 37.76599 ] ], [ [ -122.26471, 37.76565 ], [ -122.26468, 37.76556 ], [ -122.26459, 37.7656 ], [ -122.26471, 37.76565 ] ], [ [ -122.24757, 37.77972 ], [ -122.24759, 37.78072 ], [ -122.24707, 37.78139 ], [ -122.24859, 37.78226 ], [ -122.24813, 37.783 ], [ -122.24899, 37.78248 ], [ -122.25064, 37.78341 ], [ -122.25181, 37.78215 ], [ -122.24757, 37.77972 ] ], [ [ -122.2376, 37.75348 ], [ -122.2387, 37.75425 ], [ -122.23892, 37.75406 ], [ -122.23782, 37.75328 ], [ -122.2376, 37.75348 ] ] ] } },
{ "type": "Feature", "properties": { "kind": "label", "km": 1, "city": "Alameda", "people": 6451 }, "geometry": { "type": "Point", "coordinates": [ -122.30279, 37.77251 ] } },
{ "type": "Feature", "properties": { "kind": "area", "km": 1, "city": "Alameda", "people": 4632 }, "geometry": { "type": "Polygon", "coordinates": [ [ [ -122.22924, 37.72764 ], [ -122.22838, 37.7274 ], [ -122.22879, 37.72689 ], [ -122.23596, 37.71971 ], [ -122.23632, 37.71965 ], [ -122.24525, 37.72565 ], [ -122.25021, 37.72979 ], [ -122.25739, 37.73653 ], [ -122.25807, 37.73786 ], [ -122.25994, 37.73949 ], [ -122.2613, 37.73999 ], [ -122.26128, 37.74335 ], [ -122.25268, 37.74809 ], [ -122.25095, 37.74841 ], [ -122.24727, 37.74815 ], [ -122.23968, 37.74828 ], [ -122.2377, 37.74798 ], [ -122.23686, 37.74821 ], [ -122.23635, 37.74752 ], [ -122.23511, 37.74688 ], [ -122.2269, 37.74533 ], [ -122.22652, 37.73375 ], [ -122.22913, 37.72889 ], [ -122.22924, 37.72764 ] ], [ [ -122.24816, 37.72916 ], [ -122.24366, 37.72547 ], [ -122.24243, 37.72521 ], [ -122.24013, 37.72537 ], [ -122.24057, 37.728 ], [ -122.24195, 37.72922 ], [ -122.24579, 37.73064 ], [ -122.24627, 37.73006 ], [ -122.24816, 37.72916 ] ], [ [ -122.23939, 37.72412 ], [ -122.23731, 37.72248 ], [ -122.23636, 37.72255 ], [ -122.23447, 37.72449 ], [ -122.23483, 37.72733 ], [ -122.238, 37.727 ], [ -122.23841, 37.72531 ], [ -122.23953, 37.72511 ], [ -122.23939, 37.72412 ] ], [ [ -122.25116, 37.74748 ], [ -122.25372, 37.74576 ], [ -122.25623, 37.74513 ], [ -122.25726, 37.74399 ], [ -122.2587, 37.74355 ], [ -122.25759, 37.74289 ], [ -122.25744, 37.74352 ], [ -122.25465, 37.74435 ], [ -122.25281, 37.74207 ], [ -122.2517, 37.74244 ], [ -122.25041, 37.74229 ], [ -122.25041, 37.74303 ], [ -122.25007, 37.74322 ], [ -122.24789, 37.74323 ], [ -122.24631, 37.7427 ], [ -122.24614, 37.74384 ], [ -122.24521, 37.74416 ], [ -122.24419, 37.74516 ], [ -122.24425, 37.74711 ], [ -122.24858, 37.74713 ], [ -122.25116, 37.74748 ] ], [ [ -122.25708, 37.73822 ], [ -122.25707, 37.7382 ], [ -122.25707, 37.73821 ], [ -122.25708, 37.73822 ] ], [ [ -122.25477, 37.74281 ], [ -122.25485, 37.74304 ], [ -122.25566, 37.74284 ], [ -122.25545, 37.74266 ], [ -122.25477, 37.74281 ] ], [ [ -122.23539, 37.72926 ], [ -122.23658, 37.7299 ], [ -122.23757, 37.72879 ], [ -122.23539, 37.72926 ] ], [ [ -122.23972, 37.7373 ], [ -122.24069, 37.73622 ], [ -122.24077, 37.73596 ], [ -122.23976, 37.73588 ], [ -122.2389, 37.73718 ], [ -122.23972, 37.7373 ] ], [ [ -122.24068, 37.7304 ], [ -122.23951, 37.73173 ], [ -122.24024, 37.73209 ], [ -122.24139, 37.73055 ], [ -122.24068, 37.7304 ] ] ] } },
{ "type": "Feature", "properties": { "kind": "label", "km": 1, "city": "Alameda", "people": 4632 }, "geometry": { "type": "Point", "coordinates": [ -122.24073, 37.73454 ] } },
{ "type": "Feature", "properties": { "kind": "area", "km": 1, "city": "Berkeley", "people": 107 }, "geometry": { "type": "Polygon", "coordinates": [ [ [ -122.2913, 37.85115 ], [ -122.29077, 37.85091 ], [ -122.29057, 37.85 ], [ -122.29212, 37.84957 ], [ -122.2922, 37.84906 ], [ -122.2986, 37.84775 ], [ -122.29986, 37.85225 ], [ -122.29978, 37.85086 ], [ -122.30062, 37.84727 ], [ -122.30962, 37.84532 ], [ -122.31106, 37.85376 ], [ -122.31401, 37.85338 ], [ -122.3224, 37.85338 ], [ -122.32632, 37.85436 ], [ -122.33143, 37.85702 ], [ -122.33265, 37.85924 ], [ -122.33292, 37.86269 ], [ -122.3295, 37.87133 ], [ -122.32623, 37.8744 ], [ -122.32785, 37.8775 ], [ -122.31224, 37.88153 ], [ -122.30968, 37.87794 ], [ -122.30776, 37.87807 ], [ -122.30475, 37.86939 ], [ -122.30462, 37.86853 ], [ -122.30545, 37.86709 ], [ -122.30534, 37.8664 ], [ -122.305, 37.86581 ], [ -122.30344, 37.8648 ], [ -122.30292, 37.86332 ], [ -122.30385, 37.86693 ], [ -122.30212, 37.8673 ], [ -122.30155, 37.86611 ], [ -122.29921, 37.86638 ], [ -122.29815, 37.8631 ], [ -122.29919, 37.86271 ], [ -122.2954, 37.85092 ], [ -122.29295, 37.85139 ], [ -122.29252, 37.85065 ], [ -122.2913, 37.85115 ] ] ] } },
{ "type": "Feature", "properties": { "kind": "label", "km": 1, "city": "Berkeley", "people": 107 }, "geometry": { "type": "Point", "coordinates": [ -122.31791, 37.86336 ] } },
{ "type": "Feature", "properties": { "kind": "area", "km": 1, "city": "Berkeley", "people": 3 }, "geometry": { "type": "Polygon", "coordinates": [ [ [ -122.30507, 37.87534 ], [ -122.30606, 37.87852 ], [ -122.30439, 37.87885 ], [ -122.3034, 37.87561 ], [ -122.30507, 37.87534 ] ] ] } },
{ "type": "Feature", "properties": { "kind": "label", "km": 1, "city": "Berkeley", "people": 3 }, "geometry": { "type": "Point", "coordinates": [ -122.30475, 37.87716 ] } },
{ "type": "Feature", "properties": { "kind": "area", "km": 1, "city": "Emeryville", "people": 168 }, "geometry": { "type": "Polygon", "coordinates": [ [ [ -122.3157, 37.83967 ], [ -122.31521, 37.84169 ], [ -122.31441, 37.84274 ], [ -122.31301, 37.84228 ], [ -122.31414, 37.83977 ], [ -122.31421, 37.83881 ], [ -122.31296, 37.83861 ], [ -122.3129, 37.83795 ], [ -122.31243, 37.83758 ], [ -122.30852, 37.83759 ], [ -122.30834, 37.83852 ], [ -122.30721, 37.83852 ], [ -122.30737, 37.83962 ], [ -122.30704, 37.83993 ], [ -122.30188, 37.83971 ], [ -122.30034, 37.83982 ], [ -122.29982, 37.8403 ], [ -122.29844, 37.84039 ], [ -122.2982, 37.84222 ], [ -122.29934, 37.84566 ], [ -122.30008, 37.84588 ], [ -122.3025, 37.84519 ], [ -122.30307, 37.84545 ], [ -122.30249, 37.84599 ], [ -122.30079, 37.84648 ], [ -122.30131, 37.84741 ], [ -122.30067, 37.84764 ], [ -122.29827, 37.84537 ], [ -122.29749, 37.84216 ], [ -122.2976, 37.83982 ], [ -122.29693, 37.83778 ], [ -122.29429, 37.83307 ], [ -122.29379, 37.83049 ], [ -122.29449, 37.83033 ], [ -122.29639, 37.83084 ], [ -122.29616, 37.83154 ], [ -122.2968, 37.83291 ], [ -122.29643, 37.83356 ], [ -122.29714, 37.83389 ], [ -122.29734, 37.83468 ], [ -122.29782, 37.83486 ], [ -122.29815, 37.83649 ], [ -122.29891, 37.83691 ], [ -122.30338, 37.83622 ], [ -122.30507, 37.83666 ], [ -122.31456, 37.83684 ], [ -122.31557, 37.83722 ], [ -122.3157, 37.83967 ] ] ] } },
{ "type": "Feature", "properties": { "kind": "label", "km": 1, "city": "Emeryville", "people": 168 }, "geometry": { "type": "Point", "coordinates": [ -122.30223, 37.83889 ] } },
{ "type": "Feature", "properties": { "kind": "area", "km": 1, "city": "Fremont", "people": 5 }, "geometry": { "type": "Polygon", "coordinates": [ [ [ -122.11193, 37.51021 ], [ -122.10934, 37.51318 ], [ -122.10214, 37.52277 ], [ -122.09262, 37.53072 ], [ -122.08833, 37.53257 ], [ -122.07719, 37.53462 ], [ -122.07368, 37.5361 ], [ -122.06934, 37.53874 ], [ -122.06644, 37.53888 ], [ -122.0644, 37.53468 ], [ -122.06774, 37.52435 ], [ -122.06119, 37.52346 ], [ -122.06019, 37.52163 ], [ -122.06035, 37.52109 ], [ -122.07049, 37.51887 ], [ -122.06991, 37.51788 ], [ -122.07039, 37.51734 ], [ -122.07912, 37.51462 ], [ -122.08004, 37.51458 ], [ -122.08044, 37.51486 ], [ -122.08046, 37.51551 ], [ -122.0798, 37.51634 ], [ -122.08079, 37.51638 ], [ -122.082, 37.51576 ], [ -122.08269, 37.51429 ], [ -122.0846, 37.51421 ], [ -122.08788, 37.51297 ], [ -122.08907, 37.51305 ], [ -122.08978, 37.51357 ], [ -122.0887, 37.51685 ], [ -122.09249, 37.51834 ], [ -122.09349, 37.52082 ], [ -122.09832, 37.52237 ], [ -122.10122, 37.52121 ], [ -122.101, 37.51814 ], [ -122.11063, 37.50905 ], [ -122.11113, 37.50918 ], [ -122.11132, 37.50997 ], [ -122.11193, 37.51021 ] ] ] } },
{ "type": "Feature", "properties": { "kind": "label", "km": 1, "city": "Fremont", "people": 5 }, "geometry": { "type": "Point", "coordinates": [ -122.08435, 37.52411 ] } },
{ "type": "Feature", "properties": { "kind": "area", "km": 1, "city": "Fremont", "people": 6 }, "geometry": { "type": "Polygon", "coordinates": [ [ [ -122.06946, 37.54435 ], [ -122.06448, 37.5459 ], [ -122.05967, 37.54944 ], [ -122.05969, 37.55049 ], [ -122.06148, 37.55162 ], [ -122.06036, 37.55297 ], [ -122.06181, 37.55396 ], [ -122.06263, 37.55557 ], [ -122.06105, 37.55626 ], [ -122.0594, 37.55748 ], [ -122.05691, 37.55785 ], [ -122.05656, 37.55602 ], [ -122.05786, 37.55578 ], [ -122.06063, 37.55426 ], [ -122.05963, 37.55371 ], [ -122.05979, 37.55311 ], [ -122.05945, 37.55302 ], [ -122.0557, 37.55309 ], [ -122.055, 37.54961 ], [ -122.0673, 37.54034 ], [ -122.06765, 37.54047 ], [ -122.06946, 37.54435 ] ] ] } },
{ "type": "Feature", "properties": { "kind": "label", "km": 1, "city": "Fremont", "people": 6 }, "geometry": { "type": "Point", "coordinates": [ -122.05777, 37.54918 ] } },
{ "type": "Feature", "properties": { "kind": "area", "km": 1, "city": "Fremont", "people": 141 }, "geometry": { "type": "Polygon", "coordinates": [ [ [ -122.05399, 37.56691 ], [ -122.06013, 37.56385 ], [ -122.06194, 37.56196 ], [ -122.06333, 37.56272 ], [ -122.06357, 37.56316 ], [ -122.06402, 37.56267 ], [ -122.0647, 37.56253 ], [ -122.06565, 37.56394 ], [ -122.06808, 37.56547 ], [ -122.05787, 37.57716 ], [ -122.05476, 37.57902 ], [ -122.05286, 37.58067 ], [ -122.05764, 37.58313 ], [ -122.05687, 37.58387 ], [ -122.05474, 37.58288 ], [ -122.05297, 37.58573 ], [ -122.05528, 37.58902 ], [ -122.05625, 37.58956 ], [ -122.05596, 37.59011 ], [ -122.05507, 37.59056 ], [ -122.05009, 37.58358 ], [ -122.05217, 37.58073 ], [ -122.05037, 37.57968 ], [ -122.05066, 37.57928 ], [ -122.0511, 37.5794 ], [ -122.05341, 37.57638 ], [ -122.05542, 37.57727 ], [ -122.05619, 37.57677 ], [ -122.05364, 37.57547 ], [ -122.05447, 37.57424 ], [ -122.05566, 37.5746 ], [ -122.05551, 37.57518 ], [ -122.05699, 37.5758 ], [ -122.05872, 37.57402 ], [ -122.05797, 37.57255 ], [ -122.0591, 37.57203 ], [ -122.05892, 37.57089 ], [ -122.05862, 37.57064 ], [ -122.05739, 37.57068 ], [ -122.05713, 37.56987 ], [ -122.05824, 37.56936 ], [ -122.05794, 37.56791 ], [ -122.05587, 37.56731 ], [ -122.05461, 37.56773 ], [ -122.05399, 37.56691 ] ], [ [ -122.06343, 37.56343 ], [ -122.0626, 37.56372 ], [ -122.06169, 37.56328 ], [ -122.06071, 37.56459 ], [ -122.06158, 37.56511 ], [ -122.06104, 37.56589 ], [ -122.05951, 37.56529 ], [ -122.05912, 37.56579 ], [ -122.05968, 37.56862 ], [ -122.06256, 37.56886 ], [ -122.06291, 37.56848 ], [ -122.06151, 37.56777 ], [ -122.06127, 37.56735 ], [ -122.06204, 37.56675 ], [ -122.06363, 37.56754 ], [ -122.06377, 37.56737 ], [ -122.06213, 37.56642 ], [ -122.06283, 37.56565 ], [ -122.06449, 37.56645 ], [ -122.06463, 37.56627 ], [ -122.06302, 37.56542 ], [ -122.06355, 37.56459 ], [ -122.06547, 37.56518 ], [ -122.06393, 37.56439 ], [ -122.06389, 37.56381 ], [ -122.06343, 37.56343 ] ], [ [ -122.0578, 37.56623 ], [ -122.05713, 37.56646 ], [ -122.05711, 37.56649 ], [ -122.05791, 37.56669 ], [ -122.0578, 37.56623 ] ], [ [ -122.06038, 37.57192 ], [ -122.06164, 37.57023 ], [ -122.06003, 37.57023 ], [ -122.06038, 37.57192 ] ], [ [ -122.05208, 37.58342 ], [ -122.0527, 37.58394 ], [ -122.05281, 37.58378 ], [ -122.05208, 37.58342 ] ], [ [ -122.05334, 37.58196 ], [ -122.05287, 37.58251 ], [ -122.05353, 37.58283 ], [ -122.05395, 37.58226 ], [ -122.05334, 37.58196 ] ] ] } },
{ "type": "Feature", "properties": { "kind": "label", "km": 1, "city": "Fremont", "people": 141 }, "geometry": { "type": "Point", "coordinates": [ -122.0569, 37.5761 ] } },
{ "type": "Feature", "properties": { "kind": "area", "km": 1, "city": "Fremont", "people": 8 }, "geometry": { "type": "Polygon", "coordinates": [ [ [ -121.91582, 37.463 ], [ -121.91524, 37.46173 ], [ -121.91744, 37.46079 ], [ -121.91724, 37.46043 ], [ -121.91492, 37.46129 ], [ -121.91512, 37.46198 ], [ -121.91377, 37.46248 ], [ -121.91293, 37.46141 ], [ -121.91442, 37.46071 ], [ -121.9142, 37.46008 ], [ -121.9154, 37.45946 ], [ -121.91607, 37.46012 ], [ -121.91667, 37.45991 ], [ -121.91608, 37.45879 ], [ -121.917, 37.45826 ], [ -121.91736, 37.45839 ], [ -121.9192, 37.46195 ], [ -121.9216, 37.46115 ], [ -121.92022, 37.45858 ], [ -121.91874, 37.4574 ], [ -121.92319, 37.45513 ], [ -121.92459, 37.45977 ], [ -121.93295, 37.47719 ], [ -121.92589, 37.47962 ], [ -121.92498, 37.47831 ], [ -121.92399, 37.47577 ], [ -121.92163, 37.47646 ], [ -121.91415, 37.46359 ], [ -121.91453, 37.4632 ], [ -121.91582, 37.463 ] ], [ [ -121.91759, 37.46162 ], [ -121.91704, 37.46182 ], [ -121.91729, 37.46225 ], [ -121.91781, 37.46206 ], [ -121.91759, 37.46162 ] ], [ [ -121.92753, 37.4678 ], [ -121.92428, 37.46136 ], [ -121.92343, 37.46105 ], [ -121.92223, 37.46138 ], [ -121.92261, 37.46357 ], [ -121.92521, 37.46859 ], [ -121.92753, 37.4678 ] ] ] } },
{ "type": "Feature", "properties": { "kind": "label", "km": 1, "city": "Fremont", "people": 8 }, "geometry": { "type": "Point", "coordinates": [ -121.92046, 37.46738 ] } },
{ "type": "Feature", "properties": { "kind": "area", "km": 1, "city": "Fremont", "people": 4 }, "geometry": { "type": "Polygon", "coordinates": [ [ [ -122.05577, 37.49039 ], [ -122.0535, 37.49134 ], [ -122.05161, 37.49167 ], [ -122.03943, 37.49203 ], [ -122.03505, 37.49007 ], [ -122.03291, 37.48293 ], [ -122.02801, 37.47753 ], [ -122.02542, 37.47711 ], [ -122.02555, 37.47798 ], [ -122.02428, 37.47997 ], [ -122.02408, 37.48137 ], [ -122.0234, 37.48278 ], [ -122.02405, 37.48261 ], [ -122.02426, 37.48291 ], [ -122.02265, 37.48391 ], [ -122.0207, 37.48442 ], [ -122.01834, 37.48409 ], [ -122.01635, 37.48322 ], [ -122.01507, 37.48204 ], [ -122.0143, 37.48165 ], [ -122.01403, 37.4818 ], [ -122.01224, 37.48575 ], [ -122.01004, 37.489 ], [ -122.01107, 37.49234 ], [ -122.01095, 37.49296 ], [ -122.01029, 37.4936 ], [ -122.00802, 37.49405 ], [ -122.00658, 37.49482 ], [ -122.00591, 37.49484 ], [ -122.00566, 37.49448 ], [ -122.00518, 37.49444 ], [ -122.00472, 37.4947 ], [ -122.00313, 37.49469 ], [ -121.9996, 37.49358 ], [ -121.99645, 37.49847 ], [ -121.99388, 37.49876 ], [ -121.99316, 37.49812 ], [ -121.99255, 37.49821 ], [ -121.99375, 37.49938 ], [ -121.99323, 37.49967 ], [ -121.97434, 37.48156 ], [ -121.97361, 37.48025 ], [ -121.9731, 37.47813 ], [ -121.97369, 37.46986 ], [ -121.97435, 37.46985 ], [ -121.97442, 37.47044 ], [ -121.97511, 37.47019 ], [ -121.9776, 37.47082 ], [ -121.97959, 37.47051 ], [ -121.98114, 37.46968 ], [ -121.98482, 37.46636 ], [ -121.98665, 37.46563 ], [ -121.98807, 37.46571 ], [ -121.99094, 37.46731 ], [ -121.99476, 37.4689 ], [ -121.99991, 37.46965 ], [ -122.00049, 37.46904 ], [ -122.00159, 37.4687 ], [ -122.00991, 37.46833 ], [ -122.01618, 37.46757 ], [ -122.02068, 37.4678 ], [ -122.02586, 37.46881 ], [ -122.03658, 37.46927 ], [ -122.04335, 37.46808 ], [ -122.04662, 37.46729 ], [ -122.04863, 37.46632 ], [ -122.05032, 37.46612 ], [ -122.0511, 37.46673 ], [ -122.05172, 37.46822 ], [ -122.0522, 37.47133 ], [ -122.05384, 37.47296 ], [ -122.05241, 37.47595 ], [ -122.05278, 37.47661 ], [ -122.05266, 37.47818 ], [ -122.05416, 37.48233 ], [ -122.05397, 37.48357 ], [ -122.05488, 37.48657 ], [ -122.055, 37.4876 ], [ -122.05431, 37.4879 ], [ -122.05564, 37.48955 ], [ -122.05577, 37.49039 ] ] ] } },
{ "type": "Feature", "properties": { "kind": "label", "km": 1, "city": "Fremont", "people": 4 }, "geometry": { "type": "Point", "coordinates": [ -121.99459, 37.48257 ] } },
{ "type": "Feature", "properties": { "kind": "area", "km": 1, "city": "Fremont", "people": 1 }, "geometry": { "type": "Polygon", "coordinates": [ [ [ -121.9472, 37.48831 ], [ -121.94511, 37.48919 ], [ -121.94429, 37.48917 ], [ -121.94016, 37.48609 ], [ -121.93999, 37.48555 ], [ -121.94028, 37.48502 ], [ -121.94231, 37.4841 ], [ -121.9415, 37.48198 ], [ -121.94367, 37.48122 ], [ -121.94547, 37.48107 ], [ -121.9472, 37.48831 ] ] ] } },
{ "type": "Feature", "properties": { "kind": "label", "km": 1, "city": "Fremont", "people": 1 }, "geometry": { "type": "Point", "coordinates": [ -121.94329, 37.48515 ] } },
{ "type": "Feature", "properties": { "kind": "area", "km": 1, "city": "Fremont", "people": 2 }, "geometry": { "type": "Polygon", "coordinates": [ [ [ -121.97273, 37.49718 ], [ -121.96709, 37.50196 ], [ -121.97143, 37.50573 ], [ -121.96285, 37.50936 ], [ -121.96089, 37.50685 ], [ -121.95877, 37.50514 ], [ -121.96014, 37.50386 ], [ -121.95749, 37.50181 ], [ -121.95587, 37.50314 ], [ -121.95401, 37.50239 ], [ -121.95148, 37.50215 ], [ -121.95067, 37.49701 ], [ -121.94852, 37.49734 ], [ -121.94823, 37.49718 ], [ -121.94794, 37.49431 ], [ -121.94862, 37.49174 ], [ -121.94845, 37.49055 ], [ -121.95084, 37.49017 ], [ -121.95103, 37.49178 ], [ -121.95177, 37.49279 ], [ -121.95339, 37.49212 ], [ -121.9549, 37.49365 ], [ -121.95537, 37.49324 ], [ -121.95582, 37.49121 ], [ -121.9557, 37.48938 ], [ -121.95858, 37.48908 ], [ -121.96054, 37.48949 ], [ -121.9625, 37.49012 ], [ -121.96604, 37.4922 ], [ -121.97273, 37.49718 ] ] ] } },
{ "type": "Feature", "properties": { "kind": "label", "km": 1, "city": "Fremont", "people": 2 }, "geometry": { "type": "Point", "coordinates": [ -121.96071, 37.49953 ] } },
{ "type": "Feature", "properties": { "kind": "area", "km": 1, "city": "Hayward", "people": 2785 }, "geometry": { "type": "Polygon", "coordinates": [ [ [ -122.12459, 37.62713 ], [ -122.12108, 37.62825 ], [ -122.12077, 37.62812 ], [ -122.12198, 37.62539 ], [ -122.12624, 37.62554 ], [ -122.12625, 37.62382 ], [ -122.12252, 37.62369 ], [ -122.12234, 37.6231 ], [ -122.12075, 37.62362 ], [ -122.11699, 37.62332 ], [ -122.11025, 37.62119 ], [ -122.10877, 37.62111 ], [ -122.10251, 37.61925 ], [ -122.1007, 37.61999 ], [ -122.09748, 37.61725 ], [ -122.09737, 37.61909 ], [ -122.09976, 37.62072 ], [ -122.09946, 37.6211 ], [ -122.10011, 37.62404 ], [ -122.09988, 37.6243 ], [ -122.09399, 37.62441 ], [ -122.09271, 37.62467 ], [ -122.08967, 37.61978 ], [ -122.08929, 37.61992 ], [ -122.08978, 37.62098 ], [ -122.08693, 37.62197 ], [ -122.08838, 37.62467 ], [ -122.0875, 37.62496 ], [ -122.08259, 37.62495 ], [ -122.08246, 37.62388 ], [ -122.08422, 37.62379 ], [ -122.0842, 37.62287 ], [ -122.0824, 37.62277 ], [ -122.08232, 37.62183 ], [ -122.08428, 37.62171 ], [ -122.0843, 37.61982 ], [ -122.07738, 37.61962 ], [ -122.07682, 37.62013 ], [ -122.0771, 37.62114 ], [ -122.08439, 37.63134 ], [ -122.08419, 37.63168 ], [ -122.07729, 37.63141 ], [ -122.07744, 37.63064 ], [ -122.08124, 37.63061 ], [ -122.08175, 37.63014 ], [ -122.07813, 37.62471 ], [ -122.07366, 37.62453 ], [ -122.0718, 37.62477 ], [ -122.07163, 37.62354 ], [ -122.06532, 37.62444 ], [ -122.0648, 37.62362 ], [ -122.06434, 37.62361 ], [ -122.06412, 37.62321 ], [ -122.06142, 37.62348 ], [ -122.06123, 37.62261 ], [ -122.06249, 37.6223 ], [ -122.06135, 37.62216 ], [ -122.06144, 37.62096 ], [ -122.06076, 37.62091 ], [ -122.06047, 37.6232 ], [ -122.05914, 37.62379 ], [ -122.05673, 37.62167 ], [ -122.06021, 37.61889 ], [ -122.06199, 37.6181 ], [ -122.06407, 37.61961 ], [ -122.06424, 37.62103 ], [ -122.06993, 37.62042 ], [ -122.07017, 37.61955 ], [ -122.07111, 37.61958 ], [ -122.07129, 37.62001 ], [ -122.07186, 37.61993 ], [ -122.07214, 37.61904 ], [ -122.06997, 37.61882 ], [ -122.06974, 37.6181 ], [ -122.07164, 37.61803 ], [ -122.07297, 37.61839 ], [ -122.07359, 37.61794 ], [ -122.07375, 37.61734 ], [ -122.08591, 37.6177 ], [ -122.08625, 37.61877 ], [ -122.0864, 37.61767 ], [ -122.0899, 37.61651 ], [ -122.09203, 37.6164 ], [ -122.09215, 37.61599 ], [ -122.09171, 37.61499 ], [ -122.08978, 37.61442 ], [ -122.0891, 37.61371 ], [ -122.08637, 37.61437 ], [ -122.08384, 37.61026 ], [ -122.08624, 37.60912 ], [ -122.08786, 37.60909 ], [ -122.08715, 37.60814 ], [ -122.0889, 37.60633 ], [ -122.09757, 37.60161 ], [ -122.09791, 37.60182 ], [ -122.09796, 37.60537 ], [ -122.10062, 37.60522 ], [ -122.10135, 37.60481 ], [ -122.10162, 37.60406 ], [ -122.10223, 37.60021 ], [ -122.10348, 37.599 ], [ -122.10385, 37.59822 ], [ -122.10667, 37.59813 ], [ -122.1098, 37.59856 ], [ -122.11005, 37.59777 ], [ -122.11053, 37.59757 ], [ -122.11253, 37.59817 ], [ -122.1127, 37.59971 ], [ -122.11234, 37.60009 ], [ -122.11131, 37.60001 ], [ -122.11089, 37.60057 ], [ -122.10965, 37.60121 ], [ -122.10932, 37.60184 ], [ -122.11098, 37.60279 ], [ -122.11251, 37.60434 ], [ -122.11342, 37.60453 ], [ -122.11474, 37.60433 ], [ -122.11509, 37.60415 ], [ -122.11562, 37.60244 ], [ -122.11707, 37.60217 ], [ -122.11822, 37.60245 ], [ -122.1204, 37.60097 ], [ -122.12158, 37.59959 ], [ -122.12207, 37.5984 ], [ -122.12095, 37.5964 ], [ -122.12314, 37.59275 ], [ -122.12504, 37.59219 ], [ -122.12644, 37.59226 ], [ -122.12741, 37.5939 ], [ -122.12712, 37.5962 ], [ -122.12748, 37.59672 ], [ -122.12827, 37.59686 ], [ -122.12958, 37.59659 ], [ -122.13045, 37.59584 ], [ -122.13027, 37.59351 ], [ -122.13063, 37.5925 ], [ -122.13127, 37.59205 ], [ -122.1324, 37.59205 ], [ -122.13407, 37.5952 ], [ -122.13367, 37.59685 ], [ -122.13454, 37.59823 ], [ -122.13523, 37.5983 ], [ -122.13701, 37.59753 ], [ -122.13872, 37.59729 ], [ -122.14024, 37.59794 ], [ -122.14146, 37.59974 ], [ -122.14157, 37.6022 ], [ -122.14121, 37.60269 ], [ -122.13973, 37.6035 ], [ -122.13575, 37.60482 ], [ -122.13481, 37.60581 ], [ -122.13478, 37.60625 ], [ -122.13581, 37.60609 ], [ -122.13715, 37.60631 ], [ -122.1402, 37.60806 ], [ -122.14101, 37.6083 ], [ -122.14154, 37.60813 ], [ -122.14241, 37.60562 ], [ -122.14535, 37.60269 ], [ -122.14614, 37.60246 ], [ -122.1465, 37.60289 ], [ -122.1464, 37.60416 ], [ -122.14766, 37.6051 ], [ -122.14747, 37.60598 ], [ -122.1478, 37.60655 ], [ -122.14728, 37.60681 ], [ -122.14806, 37.60745 ], [ -122.14755, 37.60825 ], [ -122.14865, 37.61034 ], [ -122.1486, 37.61279 ], [ -122.14956, 37.61548 ], [ -122.15042, 37.61644 ], [ -122.15111, 37.61657 ], [ -122.15158, 37.61705 ], [ -122.15496, 37.61622 ], [ -122.1557, 37.61616 ], [ -122.15622, 37.61653 ], [ -122.1562, 37.61692 ], [ -122.15482, 37.61797 ], [ -122.151, 37.61922 ], [ -122.15177, 37.62574 ], [ -122.15159, 37.62625 ], [ -122.15078, 37.62666 ], [ -122.15159, 37.62767 ], [ -122.15144, 37.6283 ], [ -122.15182, 37.6293 ], [ -122.15338, 37.62883 ], [ -122.154, 37.62917 ], [ -122.15335, 37.63014 ], [ -122.15309, 37.6341 ], [ -122.15394, 37.64023 ], [ -122.1545, 37.64127 ], [ -122.15414, 37.64198 ], [ -122.1527, 37.64206 ], [ -122.15275, 37.64558 ], [ -122.14795, 37.64663 ], [ -122.14763, 37.64572 ], [ -122.14354, 37.64574 ], [ -122.14318, 37.64548 ], [ -122.1375, 37.6456 ], [ -122.13704, 37.64282 ], [ -122.13329, 37.63934 ], [ -122.13281, 37.6382 ], [ -122.12482, 37.63857 ], [ -122.12446, 37.636 ], [ -122.11959, 37.63596 ], [ -122.11962, 37.63311 ], [ -122.12886, 37.63308 ], [ -122.12858, 37.6305 ], [ -122.12516, 37.62793 ], [ -122.12459, 37.62713 ] ], [ [ -122.15225, 37.61783 ], [ -122.15136, 37.61813 ], [ -122.15252, 37.61776 ], [ -122.15225, 37.61783 ] ], [ [ -122.09545, 37.62046 ], [ -122.09426, 37.62028 ], [ -122.09298, 37.61949 ], [ -122.09422, 37.62053 ], [ -122.09543, 37.6207 ], [ -122.09545, 37.62046 ] ], [ [ -122.09156, 37.61953 ], [ -122.09156, 37.61832 ], [ -122.09016, 37.6185 ], [ -122.09082, 37.61961 ], [ -122.09156, 37.61953 ] ], [ [ -122.08895, 37.62 ], [ -122.08856, 37.61956 ], [ -122.08825, 37.61968 ], [ -122.08854, 37.62015 ], [ -122.08895, 37.62 ] ], [ [ -122.08733, 37.62024 ], [ -122.08566, 37.62021 ], [ -122.08576, 37.62121 ], [ -122.08753, 37.62055 ], [ -122.08733, 37.62024 ] ], [ [ -122.07112, 37.62109 ], [ -122.0659, 37.6218 ], [ -122.06616, 37.62273 ], [ -122.06711, 37.62265 ], [ -122.06777, 37.62209 ], [ -122.06826, 37.62213 ], [ -122.06838, 37.62249 ], [ -122.07123, 37.62208 ], [ -122.07112, 37.62109 ] ], [ [ -122.07285, 37.62208 ], [ -122.07266, 37.62277 ], [ -122.07267, 37.62386 ], [ -122.07297, 37.62303 ], [ -122.07523, 37.62325 ], [ -122.07684, 37.62309 ], [ -122.07633, 37.62213 ], [ -122.07285, 37.62208 ] ] ] } },
{ "type": "Feature", "properties": { "kind": "label", "km": 1, "city": "Hayward", "people": 2785 }, "geometry": { "type": "Point", "coordinates": [ -122.12801, 37.61952 ] } },
{ "type": "Feature", "properties": { "kind": "area", "km": 1, "city": "Hayward", "people": 34 }, "geometry": { "type": "Polygon", "coordinates": [ [ [ -122.12194, 37.66614 ], [ -122.11982, 37.66504 ], [ -122.11991, 37.66407 ], [ -122.11896, 37.6623 ], [ -122.12386, 37.66196 ], [ -122.1235, 37.65657 ], [ -122.12016, 37.65654 ], [ -122.11996, 37.65322 ], [ -122.12022, 37.653 ], [ -122.12461, 37.65297 ], [ -122.12494, 37.65606 ], [ -122.12555, 37.65695 ], [ -122.13149, 37.65952 ], [ -122.1346, 37.65789 ], [ -122.1335, 37.65668 ], [ -122.13355, 37.65465 ], [ -122.131, 37.65434 ], [ -122.13063, 37.65386 ], [ -122.13062, 37.65289 ], [ -122.13416, 37.65272 ], [ -122.14403, 37.66334 ], [ -122.14368, 37.66356 ], [ -122.13925, 37.66275 ], [ -122.13466, 37.663 ], [ -122.13458, 37.66478 ], [ -122.1337, 37.66506 ], [ -122.12798, 37.66539 ], [ -122.12819, 37.66785 ], [ -122.12793, 37.66809 ], [ -122.12331, 37.66828 ], [ -122.12158, 37.66687 ], [ -122.12194, 37.66614 ] ] ] } },
{ "type": "Feature", "properties": { "kind": "label", "km": 1, "city": "Hayward", "people": 34 }, "geometry": { "type": "Point", "coordinates": [ -122.13245, 37.66027 ] } },
{ "type": "Feature", "properties": { "kind": "area", "km": 1, "city": "Newark", "people": 366 }, "geometry": { "type": "Polygon", "coordinates": [ [ [ -122.05349, 37.5284 ], [ -122.05006, 37.52949 ], [ -122.04471, 37.53352 ], [ -122.04166, 37.5311 ], [ -122.04213, 37.53054 ], [ -122.04419, 37.52989 ], [ -122.04474, 37.53113 ], [ -122.0452, 37.53125 ], [ -122.04925, 37.52819 ], [ -122.05304, 37.52691 ], [ -122.05346, 37.52713 ], [ -122.05577, 37.52667 ], [ -122.0561, 37.52635 ], [ -122.06222, 37.52845 ], [ -122.06337, 37.5292 ], [ -122.06398, 37.53007 ], [ -122.06442, 37.53294 ], [ -122.06242, 37.5333 ], [ -122.06135, 37.53421 ], [ -122.06018, 37.53391 ], [ -122.05952, 37.53459 ], [ -122.06106, 37.53537 ], [ -122.06079, 37.53628 ], [ -122.06098, 37.53715 ], [ -122.05957, 37.53836 ], [ -122.0574, 37.53708 ], [ -122.05639, 37.53831 ], [ -122.05498, 37.53853 ], [ -122.05466, 37.53742 ], [ -122.05566, 37.53703 ], [ -122.05614, 37.53643 ], [ -122.05596, 37.53613 ], [ -122.05517, 37.53579 ], [ -122.05345, 37.53721 ], [ -122.05012, 37.53506 ], [ -122.05219, 37.53291 ], [ -122.05342, 37.53308 ], [ -122.05362, 37.532 ], [ -122.05167, 37.52921 ], [ -122.05349, 37.5284 ] ], [ [ -122.05763, 37.53571 ], [ -122.05779, 37.53529 ], [ -122.05682, 37.53482 ], [ -122.05647, 37.53498 ], [ -122.05763, 37.53571 ] ] ] } },
{ "type": "Feature", "properties": { "kind": "label", "km": 1, "city": "Newark", "people": 366 }, "geometry": { "type": "Point", "coordinates": [ -122.05898, 37.53235 ] } },
{ "type": "Feature", "properties": { "kind": "area", "km": 1, "city": "Newark", "people": 237 }, "geometry": { "type": "Polygon", "coordinates": [ [ [ -122.06568, 37.51911 ], [ -122.05124, 37.5239 ], [ -122.05184, 37.52567 ], [ -122.05039, 37.52613 ], [ -122.04967, 37.525 ], [ -122.04663, 37.526 ], [ -122.04715, 37.52721 ], [ -122.04562, 37.52775 ], [ -122.04358, 37.52408 ], [ -122.04593, 37.52311 ], [ -122.0452, 37.52194 ], [ -122.03612, 37.52483 ], [ -122.03423, 37.52161 ], [ -122.03162, 37.52227 ], [ -122.02962, 37.52401 ], [ -122.01226, 37.51596 ], [ -122.01106, 37.51868 ], [ -122.00941, 37.51834 ], [ -122.00938, 37.51755 ], [ -122.00517, 37.51136 ], [ -122.004, 37.51219 ], [ -122.00243, 37.5178 ], [ -122.0018, 37.51787 ], [ -121.99963, 37.5166 ], [ -122.00038, 37.51537 ], [ -122.00177, 37.5157 ], [ -122.00258, 37.51299 ], [ -121.99729, 37.51171 ], [ -121.99603, 37.51165 ], [ -121.99707, 37.51195 ], [ -121.99679, 37.51263 ], [ -121.99501, 37.51239 ], [ -121.99495, 37.51134 ], [ -121.99579, 37.50941 ], [ -121.99958, 37.51033 ], [ -122.0005, 37.50812 ], [ -121.99657, 37.50701 ], [ -121.99758, 37.50419 ], [ -121.99814, 37.50369 ], [ -122.00807, 37.51307 ], [ -122.01195, 37.51529 ], [ -122.01456, 37.50969 ], [ -122.01218, 37.50699 ], [ -122.01166, 37.504 ], [ -122.01232, 37.50338 ], [ -122.01349, 37.50322 ], [ -122.01463, 37.50228 ], [ -122.01518, 37.50133 ], [ -122.01456, 37.50023 ], [ -122.01296, 37.50023 ], [ -122.01227, 37.49983 ], [ -122.01277, 37.4981 ], [ -122.01225, 37.49704 ], [ -122.01134, 37.49693 ], [ -122.00968, 37.49784 ], [ -122.00812, 37.49772 ], [ -122.00721, 37.49717 ], [ -122.0061, 37.49589 ], [ -122.00578, 37.49457 ], [ -122.00783, 37.49362 ], [ -122.00992, 37.49326 ], [ -122.01043, 37.49277 ], [ -122.00947, 37.48894 ], [ -122.01172, 37.48558 ], [ -122.0136, 37.48149 ], [ -122.01445, 37.48119 ], [ -122.01806, 37.48367 ], [ -122.01989, 37.48437 ], [ -122.02302, 37.48448 ], [ -122.0246, 37.48313 ], [ -122.025, 37.48236 ], [ -122.0256, 37.47888 ], [ -122.02713, 37.47839 ], [ -122.02769, 37.47854 ], [ -122.03053, 37.4826 ], [ -122.03046, 37.48729 ], [ -122.03023, 37.48787 ], [ -122.02956, 37.48815 ], [ -122.03052, 37.48922 ], [ -122.03177, 37.48899 ], [ -122.0324, 37.48917 ], [ -122.03546, 37.49219 ], [ -122.0367, 37.4924 ], [ -122.0384, 37.49347 ], [ -122.04123, 37.49332 ], [ -122.05093, 37.49628 ], [ -122.05112, 37.49745 ], [ -122.0577, 37.49898 ], [ -122.05782, 37.5 ], [ -122.05641, 37.50177 ], [ -122.05533, 37.50413 ], [ -122.05432, 37.50843 ], [ -122.05488, 37.50977 ], [ -122.05536, 37.50972 ], [ -122.0556, 37.5102 ], [ -122.0553, 37.51054 ], [ -122.05601, 37.51402 ], [ -122.06048, 37.51457 ], [ -122.06083, 37.51389 ], [ -122.0642, 37.51275 ], [ -122.06467, 37.51282 ], [ -122.06766, 37.51823 ], [ -122.06568, 37.51911 ] ], [ [ -122.04893, 37.5161 ], [ -122.05071, 37.51922 ], [ -122.05203, 37.51876 ], [ -122.05034, 37.51549 ], [ -122.04893, 37.5161 ] ], [ [ -122.04955, 37.52194 ], [ -122.04871, 37.52038 ], [ -122.04793, 37.52053 ], [ -122.04731, 37.51948 ], [ -122.04646, 37.51978 ], [ -122.04764, 37.52201 ], [ -122.04835, 37.52183 ], [ -122.04871, 37.52226 ], [ -122.04955, 37.52194 ] ], [ [ -122.04906, 37.5187 ], [ -122.0497, 37.51957 ], [ -122.04923, 37.51865 ], [ -122.04906, 37.5187 ] ], [ [ -122.04618, 37.51546 ], [ -122.0339, 37.51965 ], [ -122.03459, 37.52111 ], [ -122.03922, 37.51954 ], [ -122.04064, 37.5183 ], [ -122.04659, 37.51629 ], [ -122.04618, 37.51546 ] ], [ [ -122.04749, 37.52427 ], [ -122.04563, 37.52462 ], [ -122.04583, 37.52502 ], [ -122.04759, 37.52445 ], [ -122.04749, 37.52427 ] ] ] } },
{ "type": "Feature", "properties": { "kind": "label", "km": 1, "city": "Newark", "people": 237 }, "geometry": { "type": "Point", "coordinates": [ -122.03405, 37.50311 ] } },
{ "type": "Feature", "properties": { "kind": "area", "km": 1, "city": "Oakland", "people": 11 }, "geometry": { "type": "Polygon", "coordinates": [ [ [ -122.305, 37.79652 ], [ -122.29323, 37.79876 ], [ -122.29006, 37.79906 ], [ -122.28746, 37.8003 ], [ -122.28841, 37.80065 ], [ -122.2882, 37.8011 ], [ -122.28481, 37.80028 ], [ -122.28529, 37.79861 ], [ -122.28478, 37.79845 ], [ -122.28418, 37.79934 ], [ -122.28086, 37.79796 ], [ -122.28195, 37.79616 ], [ -122.28365, 37.79459 ], [ -122.288, 37.79477 ], [ -122.28812, 37.79559 ], [ -122.28837, 37.7952 ], [ -122.28885, 37.79532 ], [ -122.28876, 37.796 ], [ -122.29005, 37.79484 ], [ -122.29132, 37.79463 ], [ -122.29179, 37.79483 ], [ -122.29259, 37.79427 ], [ -122.29353, 37.79431 ], [ -122.29376, 37.79385 ], [ -122.29602, 37.79321 ], [ -122.30557, 37.7935 ], [ -122.31349, 37.79527 ], [ -122.31326, 37.79553 ], [ -122.305, 37.79652 ] ] ] } },
{ "type": "Feature", "properties": { "kind": "label", "km": 1, "city": "Oakland", "people": 11 }, "geometry": { "type": "Point", "coordinates": [ -122.29163, 37.79716 ] } },
{ "type": "Feature", "properties": { "kind": "area", "km": 1, "city": "Oakland", "people": 1355 }, "geometry": { "type": "Polygon", "coordinates": [ [ [ -122.29867, 37.80508 ], [ -122.29431, 37.80409 ], [ -122.29368, 37.80515 ], [ -122.29214, 37.80483 ], [ -122.29264, 37.80334 ], [ -122.29392, 37.80353 ], [ -122.29414, 37.80276 ], [ -122.29382, 37.80238 ], [ -122.28846, 37.8029 ], [ -122.28996, 37.79936 ], [ -122.29318, 37.79936 ], [ -122.29848, 37.80057 ], [ -122.30258, 37.80191 ], [ -122.3045, 37.80308 ], [ -122.30825, 37.80696 ], [ -122.30883, 37.80813 ], [ -122.31077, 37.80857 ], [ -122.31227, 37.80849 ], [ -122.31295, 37.81062 ], [ -122.31499, 37.80864 ], [ -122.32042, 37.80909 ], [ -122.32348, 37.80782 ], [ -122.32777, 37.80743 ], [ -122.32867, 37.80813 ], [ -122.32896, 37.80965 ], [ -122.33404, 37.81014 ], [ -122.33414, 37.81045 ], [ -122.33308, 37.81126 ], [ -122.32779, 37.81073 ], [ -122.32754, 37.81051 ], [ -122.32636, 37.81066 ], [ -122.32311, 37.81035 ], [ -122.31349, 37.81942 ], [ -122.30892, 37.81906 ], [ -122.30868, 37.82091 ], [ -122.3125, 37.822 ], [ -122.31529, 37.82161 ], [ -122.31885, 37.81849 ], [ -122.31975, 37.81903 ], [ -122.31966, 37.8194 ], [ -122.32128, 37.82076 ], [ -122.32433, 37.82082 ], [ -122.33035, 37.82007 ], [ -122.3309, 37.82038 ], [ -122.33038, 37.82162 ], [ -122.3243, 37.82225 ], [ -122.30483, 37.82539 ], [ -122.29605, 37.8274 ], [ -122.29498, 37.82791 ], [ -122.29403, 37.8291 ], [ -122.29367, 37.82913 ], [ -122.2932, 37.8282 ], [ -122.29144, 37.82665 ], [ -122.29111, 37.82716 ], [ -122.28948, 37.82655 ], [ -122.28912, 37.82474 ], [ -122.29083, 37.82439 ], [ -122.29133, 37.82552 ], [ -122.29228, 37.82252 ], [ -122.29297, 37.82192 ], [ -122.29394, 37.82174 ], [ -122.29473, 37.82072 ], [ -122.29868, 37.81771 ], [ -122.30392, 37.81182 ], [ -122.30719, 37.80995 ], [ -122.30819, 37.80848 ], [ -122.30612, 37.80827 ], [ -122.30636, 37.8073 ], [ -122.30584, 37.80718 ], [ -122.3058, 37.8082 ], [ -122.30477, 37.80811 ], [ -122.30435, 37.80769 ], [ -122.3043, 37.81012 ], [ -122.30291, 37.81235 ], [ -122.29599, 37.81745 ], [ -122.29423, 37.81943 ], [ -122.29346, 37.81924 ], [ -122.29107, 37.82185 ], [ -122.28968, 37.82119 ], [ -122.28964, 37.8209 ], [ -122.29189, 37.81811 ], [ -122.29329, 37.8186 ], [ -122.29422, 37.81742 ], [ -122.29213, 37.81637 ], [ -122.29085, 37.81771 ], [ -122.28939, 37.81686 ], [ -122.28709, 37.81643 ], [ -122.28757, 37.81446 ], [ -122.28991, 37.81499 ], [ -122.29077, 37.81286 ], [ -122.29251, 37.8132 ], [ -122.29357, 37.81373 ], [ -122.29476, 37.81244 ], [ -122.29596, 37.813 ], [ -122.29665, 37.81248 ], [ -122.29827, 37.81324 ], [ -122.29801, 37.81403 ], [ -122.29866, 37.81445 ], [ -122.29902, 37.81418 ], [ -122.2985, 37.8137 ], [ -122.29948, 37.81214 ], [ -122.30019, 37.81221 ], [ -122.30323, 37.80819 ], [ -122.30193, 37.80786 ], [ -122.30208, 37.80714 ], [ -122.29809, 37.80621 ], [ -122.29867, 37.80508 ] ], [ [ -122.30025, 37.82245 ], [ -122.30182, 37.82129 ], [ -122.30285, 37.82274 ], [ -122.30461, 37.82371 ], [ -122.30702, 37.82315 ], [ -122.30533, 37.82271 ], [ -122.3061, 37.82191 ], [ -122.307, 37.82154 ], [ -122.30657, 37.82082 ], [ -122.30694, 37.81879 ], [ -122.30501, 37.81861 ], [ -122.30482, 37.81833 ], [ -122.31034, 37.81293 ], [ -122.30553, 37.8125 ], [ -122.30137, 37.81569 ], [ -122.29921, 37.81812 ], [ -122.30447, 37.81862 ], [ -122.30463, 37.81898 ], [ -122.3022, 37.82125 ], [ -122.30019, 37.8201 ], [ -122.29675, 37.82085 ], [ -122.30025, 37.82245 ] ], [ [ -122.29587, 37.81395 ], [ -122.29666, 37.81435 ], [ -122.29693, 37.81402 ], [ -122.29613, 37.81362 ], [ -122.29587, 37.81395 ] ], [ [ -122.29364, 37.81448 ], [ -122.2935, 37.81465 ], [ -122.29556, 37.81568 ], [ -122.29579, 37.81539 ], [ -122.29364, 37.81448 ] ], [ [ -122.31067, 37.82269 ], [ -122.31089, 37.82266 ], [ -122.31082, 37.82266 ], [ -122.31067, 37.82269 ] ], [ [ -122.32037, 37.82156 ], [ -122.31919, 37.81994 ], [ -122.31682, 37.82197 ], [ -122.31987, 37.82157 ], [ -122.32037, 37.82156 ] ], [ [ -122.28996, 37.81546 ], [ -122.28956, 37.81654 ], [ -122.28956, 37.81657 ], [ -122.29037, 37.81556 ], [ -122.28996, 37.81546 ] ] ] } },
{ "type": "Feature", "properties": { "kind": "label", "km": 1, "city": "Oakland", "people": 1355 }, "geometry": { "type": "Point", "coordinates": [ -122.31445, 37.81378 ] } },
{ "type": "Feature", "properties": { "kind": "area", "km": 1, "city": "Oakland", "people": 1081 }, "geometry": { "type": "Polygon", "coordinates": [ [ [ -122.27392, 37.79233 ], [ -122.27301, 37.79244 ], [ -122.27211, 37.79358 ], [ -122.26857, 37.79232 ], [ -122.26777, 37.79368 ], [ -122.26655, 37.79337 ], [ -122.26623, 37.7939 ], [ -122.2673, 37.79449 ], [ -122.2665, 37.7955 ], [ -122.26517, 37.79488 ], [ -122.26227, 37.79259 ], [ -122.26137, 37.79412 ], [ -122.26141, 37.7952 ], [ -122.26023, 37.79564 ], [ -122.25983, 37.79638 ], [ -122.25949, 37.79645 ], [ -122.25649, 37.79381 ], [ -122.25763, 37.79281 ], [ -122.2557, 37.79156 ], [ -122.24709, 37.78839 ], [ -122.24481, 37.78726 ], [ -122.24434, 37.78597 ], [ -122.24457, 37.78572 ], [ -122.24689, 37.7868 ], [ -122.24267, 37.7845 ], [ -122.24286, 37.78367 ], [ -122.24229, 37.7789 ], [ -122.24076, 37.77732 ], [ -122.24048, 37.776 ], [ -122.23985, 37.77549 ], [ -122.23977, 37.7747 ], [ -122.23911, 37.77406 ], [ -122.23681, 37.77306 ], [ -122.23525, 37.77299 ], [ -122.23081, 37.77101 ], [ -122.22996, 37.77221 ], [ -122.22875, 37.7718 ], [ -122.22844, 37.77146 ], [ -122.22932, 37.7696 ], [ -122.22703, 37.76841 ], [ -122.22168, 37.76834 ], [ -122.22204, 37.76921 ], [ -122.22154, 37.76953 ], [ -122.22351, 37.77143 ], [ -122.22811, 37.77305 ], [ -122.22805, 37.77365 ], [ -122.22351, 37.77219 ], [ -122.22239, 37.77334 ], [ -122.22128, 37.77274 ], [ -122.22181, 37.77191 ], [ -122.22046, 37.77125 ], [ -122.21941, 37.77264 ], [ -122.2202, 37.77308 ], [ -122.21976, 37.77341 ], [ -122.21724, 37.77213 ], [ -122.21989, 37.77011 ], [ -122.21876, 37.76926 ], [ -122.21963, 37.7685 ], [ -122.21863, 37.76717 ], [ -122.21576, 37.76474 ], [ -122.21462, 37.76433 ], [ -122.21305, 37.76587 ], [ -122.21229, 37.7655 ], [ -122.21152, 37.76606 ], [ -122.21081, 37.76567 ], [ -122.21008, 37.76604 ], [ -122.20912, 37.76552 ], [ -122.20987, 37.76479 ], [ -122.20076, 37.75706 ], [ -122.19863, 37.75881 ], [ -122.19824, 37.75877 ], [ -122.19512, 37.75567 ], [ -122.1971, 37.7543 ], [ -122.19829, 37.75522 ], [ -122.19851, 37.75508 ], [ -122.19725, 37.75391 ], [ -122.19761, 37.75336 ], [ -122.20096, 37.75654 ], [ -122.20818, 37.75381 ], [ -122.21252, 37.75874 ], [ -122.21182, 37.75942 ], [ -122.21301, 37.76145 ], [ -122.214, 37.7617 ], [ -122.21742, 37.7596 ], [ -122.21678, 37.75791 ], [ -122.21568, 37.75738 ], [ -122.21654, 37.75637 ], [ -122.2157, 37.75625 ], [ -122.21519, 37.75548 ], [ -122.21429, 37.75535 ], [ -122.21409, 37.75472 ], [ -122.21339, 37.75498 ], [ -122.21231, 37.75485 ], [ -122.21163, 37.75351 ], [ -122.21098, 37.75308 ], [ -122.21092, 37.75174 ], [ -122.20829, 37.75319 ], [ -122.20773, 37.75287 ], [ -122.21174, 37.75039 ], [ -122.21166, 37.7497 ], [ -122.21217, 37.74936 ], [ -122.2072, 37.74365 ], [ -122.20846, 37.74255 ], [ -122.2094, 37.74212 ], [ -122.21091, 37.742 ], [ -122.21135, 37.74251 ], [ -122.21155, 37.74371 ], [ -122.21392, 37.74575 ], [ -122.21716, 37.74776 ], [ -122.21431, 37.74276 ], [ -122.21142, 37.74098 ], [ -122.21063, 37.73997 ], [ -122.21086, 37.73736 ], [ -122.21011, 37.73657 ], [ -122.20991, 37.73601 ], [ -122.21019, 37.73574 ], [ -122.20875, 37.73264 ], [ -122.20748, 37.73156 ], [ -122.20768, 37.73118 ], [ -122.20816, 37.73119 ], [ -122.20831, 37.73032 ], [ -122.2089, 37.73035 ], [ -122.21078, 37.73157 ], [ -122.21391, 37.73841 ], [ -122.21544, 37.74088 ], [ -122.21956, 37.74449 ], [ -122.22129, 37.74556 ], [ -122.22234, 37.74584 ], [ -122.22264, 37.74548 ], [ -122.2236, 37.74542 ], [ -122.22377, 37.74754 ], [ -122.22677, 37.7478 ], [ -122.22655, 37.7483 ], [ -122.22366, 37.74826 ], [ -122.22375, 37.75477 ], [ -122.21805, 37.75996 ], [ -122.21957, 37.75976 ], [ -122.22116, 37.75854 ], [ -122.22238, 37.75857 ], [ -122.22336, 37.75988 ], [ -122.22332, 37.7616 ], [ -122.22129, 37.76323 ], [ -122.22375, 37.76525 ], [ -122.22505, 37.76437 ], [ -122.22482, 37.7652 ], [ -122.22734, 37.76781 ], [ -122.23827, 37.77287 ], [ -122.24132, 37.77495 ], [ -122.24118, 37.77551 ], [ -122.24171, 37.77575 ], [ -122.24398, 37.77878 ], [ -122.24377, 37.77905 ], [ -122.24411, 37.77967 ], [ -122.24352, 37.78018 ], [ -122.24421, 37.7802 ], [ -122.24434, 37.78072 ], [ -122.24351, 37.78096 ], [ -122.24409, 37.78121 ], [ -122.24421, 37.78232 ], [ -122.24353, 37.78274 ], [ -122.24364, 37.78352 ], [ -122.24464, 37.78351 ], [ -122.24545, 37.78458 ], [ -122.24761, 37.78618 ], [ -122.24814, 37.78593 ], [ -122.24922, 37.78664 ], [ -122.25258, 37.78758 ], [ -122.25468, 37.78726 ], [ -122.25481, 37.78689 ], [ -122.25846, 37.78556 ], [ -122.26162, 37.78689 ], [ -122.25904, 37.7892 ], [ -122.26169, 37.78749 ], [ -122.26285, 37.78741 ], [ -122.26331, 37.78766 ], [ -122.26365, 37.78949 ], [ -122.26558, 37.78836 ], [ -122.26574, 37.78876 ], [ -122.26461, 37.78959 ], [ -122.26617, 37.7886 ], [ -122.26646, 37.78893 ], [ -122.2659, 37.78941 ], [ -122.26861, 37.78771 ], [ -122.27443, 37.7911 ], [ -122.27392, 37.79233 ] ], [ [ -122.26017, 37.7905 ], [ -122.26216, 37.79186 ], [ -122.26275, 37.79133 ], [ -122.26278, 37.791 ], [ -122.26145, 37.79086 ], [ -122.25921, 37.79002 ], [ -122.25825, 37.78981 ], [ -122.25556, 37.78931 ], [ -122.2554, 37.78904 ], [ -122.25581, 37.78856 ], [ -122.25543, 37.788 ], [ -122.25306, 37.78884 ], [ -122.25864, 37.78993 ], [ -122.26017, 37.7905 ] ], [ [ -122.26808, 37.79201 ], [ -122.26769, 37.79175 ], [ -122.26739, 37.79184 ], [ -122.26808, 37.79201 ] ], [ [ -122.20691, 37.75599 ], [ -122.2083, 37.75546 ], [ -122.20746, 37.75481 ], [ -122.20594, 37.75526 ], [ -122.20691, 37.75599 ] ], [ [ -122.21925, 37.76641 ], [ -122.21906, 37.76588 ], [ -122.21841, 37.76537 ], [ -122.21925, 37.76641 ] ] ] } },
{ "type": "Feature", "properties": { "kind": "label", "km": 1, "city": "Oakland", "people": 1081 }, "geometry": { "type": "Point", "coordinates": [ -122.21555, 37.76397 ] } },
{ "type": "Feature", "properties": { "kind": "area", "km": 1, "city": "Oakland", "people": 486 }, "geometry": { "type": "Polygon", "coordinates": [ [ [ -122.26045, 37.80465 ], [ -122.26078, 37.80378 ], [ -122.26124, 37.8035 ], [ -122.2637, 37.80445 ], [ -122.26349, 37.80534 ], [ -122.26573, 37.80631 ], [ -122.2646, 37.80807 ], [ -122.2636, 37.80781 ], [ -122.26315, 37.80916 ], [ -122.26492, 37.80954 ], [ -122.2646, 37.81066 ], [ -122.26295, 37.8104 ], [ -122.26282, 37.81078 ], [ -122.26448, 37.81111 ], [ -122.26445, 37.8119 ], [ -122.26226, 37.81172 ], [ -122.26161, 37.81298 ], [ -122.2605, 37.81196 ], [ -122.26068, 37.81079 ], [ -122.25936, 37.80999 ], [ -122.25866, 37.80864 ], [ -122.25855, 37.80783 ], [ -122.25924, 37.80643 ], [ -122.25868, 37.80566 ], [ -122.25766, 37.80589 ], [ -122.25614, 37.80766 ], [ -122.25333, 37.80797 ], [ -122.25288, 37.80886 ], [ -122.25112, 37.80879 ], [ -122.24995, 37.80927 ], [ -122.24889, 37.80848 ], [ -122.25024, 37.80536 ], [ -122.24916, 37.80501 ], [ -122.24905, 37.80474 ], [ -122.25078, 37.80395 ], [ -122.2512, 37.80414 ], [ -122.25309, 37.80366 ], [ -122.25354, 37.80277 ], [ -122.25281, 37.8022 ], [ -122.25215, 37.80093 ], [ -122.25327, 37.80069 ], [ -122.25384, 37.80024 ], [ -122.25434, 37.80032 ], [ -122.25475, 37.79998 ], [ -122.25415, 37.79924 ], [ -122.25533, 37.79841 ], [ -122.25628, 37.79903 ], [ -122.25809, 37.79807 ], [ -122.25984, 37.79828 ], [ -122.25968, 37.79898 ], [ -122.25925, 37.79898 ], [ -122.25783, 37.80015 ], [ -122.2567, 37.80047 ], [ -122.25546, 37.80044 ], [ -122.25494, 37.80075 ], [ -122.25489, 37.80221 ], [ -122.25369, 37.80404 ], [ -122.25121, 37.80507 ], [ -122.24987, 37.80824 ], [ -122.25123, 37.80792 ], [ -122.25288, 37.80689 ], [ -122.25549, 37.80686 ], [ -122.25608, 37.80627 ], [ -122.25624, 37.80528 ], [ -122.25876, 37.80445 ], [ -122.26035, 37.80599 ], [ -122.26058, 37.80663 ], [ -122.26134, 37.80672 ], [ -122.26172, 37.80716 ], [ -122.26169, 37.81027 ], [ -122.26254, 37.808 ], [ -122.26252, 37.80686 ], [ -122.26154, 37.80541 ], [ -122.26045, 37.80465 ] ] ] } },
{ "type": "Feature", "properties": { "kind": "label", "km": 1, "city": "Oakland", "people": 486 }, "geometry": { "type": "Point", "coordinates": [ -122.25791, 37.80559 ] } },
{ "type": "Feature", "properties": { "kind": "area", "km": 1, "city": "Oakland", "people": 2 }, "geometry": { "type": "Polygon", "coordinates": [ [ [ -122.28678, 37.81789 ], [ -122.28611, 37.8196 ], [ -122.28481, 37.81935 ], [ -122.28542, 37.8175 ], [ -122.28678, 37.81789 ] ] ] } },
{ "type": "Feature", "properties": { "kind": "label", "km": 1, "city": "Oakland", "people": 2 }, "geometry": { "type": "Point", "coordinates": [ -122.28582, 37.81838 ] } },
{ "type": "Feature", "properties": { "kind": "area", "km": 1, "city": "Oakland", "people": 57 }, "geometry": { "type": "Polygon", "coordinates": [ [ [ -122.18875, 37.73179 ], [ -122.1842, 37.72696 ], [ -122.18212, 37.7301 ], [ -122.18072, 37.7297 ], [ -122.17906, 37.733 ], [ -122.1784, 37.73327 ], [ -122.17789, 37.73217 ], [ -122.18002, 37.72558 ], [ -122.18188, 37.72515 ], [ -122.18315, 37.72531 ], [ -122.18401, 37.72627 ], [ -122.18433, 37.7259 ], [ -122.18477, 37.72601 ], [ -122.18666, 37.72743 ], [ -122.18838, 37.72822 ], [ -122.19118, 37.72893 ], [ -122.19297, 37.72996 ], [ -122.1948, 37.72996 ], [ -122.19631, 37.73035 ], [ -122.19893, 37.73239 ], [ -122.19828, 37.73365 ], [ -122.19585, 37.73351 ], [ -122.19555, 37.73454 ], [ -122.1951, 37.73457 ], [ -122.19405, 37.73557 ], [ -122.19319, 37.73522 ], [ -122.19228, 37.73529 ], [ -122.19107, 37.73381 ], [ -122.19191, 37.73344 ], [ -122.19476, 37.73399 ], [ -122.19462, 37.73282 ], [ -122.19156, 37.7307 ], [ -122.18875, 37.73179 ] ], [ [ -122.18843, 37.73 ], [ -122.18822, 37.72902 ], [ -122.18723, 37.7286 ], [ -122.18843, 37.73 ] ], [ [ -122.19101, 37.72995 ], [ -122.19003, 37.72957 ], [ -122.19017, 37.73 ], [ -122.19101, 37.72995 ] ] ] } },
{ "type": "Feature", "properties": { "kind": "label", "km": 1, "city": "Oakland", "people": 57 }, "geometry": { "type": "Point", "coordinates": [ -122.19166, 37.73034 ] } },
{ "type": "Feature", "properties": { "kind": "area", "km": 1, "city": "Oakland", "people": 21 }, "geometry": { "type": "Polygon", "coordinates": [ [ [ -122.20774, 37.72943 ], [ -122.20627, 37.73206 ], [ -122.20483, 37.73284 ], [ -122.20307, 37.73106 ], [ -122.20024, 37.72993 ], [ -122.20004, 37.72955 ], [ -122.20156, 37.72638 ], [ -122.20774, 37.72943 ] ] ] } },
{ "type": "Feature", "properties": { "kind": "label", "km": 1, "city": "Oakland", "people": 21 }, "geometry": { "type": "Point", "coordinates": [ -122.20391, 37.72955 ] } },
{ "type": "Feature", "properties": { "kind": "area", "km": 1, "city": "Oakland", "people": 5 }, "geometry": { "type": "Polygon", "coordinates": [ [ [ -122.19174, 37.74171 ], [ -122.19279, 37.74184 ], [ -122.19579, 37.74434 ], [ -122.19865, 37.74483 ], [ -122.20121, 37.7468 ], [ -122.19751, 37.74943 ], [ -122.19727, 37.75061 ], [ -122.19666, 37.75106 ], [ -122.19047, 37.7459 ], [ -122.19174, 37.74171 ] ] ] } },
{ "type": "Feature", "properties": { "kind": "label", "km": 1, "city": "Oakland", "people": 5 }, "geometry": { "type": "Point", "coordinates": [ -122.19566, 37.74625 ] } },
{ "type": "Feature", "properties": { "kind": "area", "km": 1, "city": "San Leandro", "people": 3662 }, "geometry": { "type": "Polygon", "coordinates": [ [ [ -122.1889, 37.70879 ], [ -122.18375, 37.70096 ], [ -122.17865, 37.70289 ], [ -122.17649, 37.69958 ], [ -122.17737, 37.69901 ], [ -122.17619, 37.69917 ], [ -122.17337, 37.69493 ], [ -122.17305, 37.69377 ], [ -122.17311, 37.69177 ], [ -122.17266, 37.69097 ], [ -122.16741, 37.69134 ], [ -122.16215, 37.68354 ], [ -122.16128, 37.68369 ], [ -122.16022, 37.68243 ], [ -122.16058, 37.6818 ], [ -122.15955, 37.6807 ], [ -122.15816, 37.68137 ], [ -122.15697, 37.67976 ], [ -122.15565, 37.67995 ], [ -122.15526, 37.677 ], [ -122.15444, 37.67737 ], [ -122.15379, 37.67656 ], [ -122.14591, 37.68017 ], [ -122.14651, 37.68134 ], [ -122.14574, 37.68174 ], [ -122.14527, 37.68167 ], [ -122.14245, 37.68338 ], [ -122.14347, 37.68479 ], [ -122.14283, 37.68525 ], [ -122.13911, 37.68678 ], [ -122.13845, 37.6847 ], [ -122.14052, 37.68393 ], [ -122.14172, 37.68258 ], [ -122.14359, 37.68156 ], [ -122.144, 37.68034 ], [ -122.14482, 37.67954 ], [ -122.15431, 37.6751 ], [ -122.15425, 37.67453 ], [ -122.15526, 37.6739 ], [ -122.15484, 37.671 ], [ -122.15757, 37.66931 ], [ -122.158, 37.66942 ], [ -122.16181, 37.66754 ], [ -122.16286, 37.67006 ], [ -122.16397, 37.67157 ], [ -122.1648, 37.67201 ], [ -122.16553, 37.6719 ], [ -122.16553, 37.67277 ], [ -122.16628, 37.67244 ], [ -122.16683, 37.67273 ], [ -122.16754, 37.6751 ], [ -122.16913, 37.67728 ], [ -122.1712, 37.6781 ], [ -122.17455, 37.68122 ], [ -122.17716, 37.68157 ], [ -122.1784, 37.68234 ], [ -122.18208, 37.68849 ], [ -122.18376, 37.69026 ], [ -122.1847, 37.69017 ], [ -122.18449, 37.69079 ], [ -122.18618, 37.68994 ], [ -122.18772, 37.69003 ], [ -122.18913, 37.69098 ], [ -122.19031, 37.69304 ], [ -122.19182, 37.6938 ], [ -122.19199, 37.6943 ], [ -122.19166, 37.69466 ], [ -122.18961, 37.69501 ], [ -122.188, 37.69163 ], [ -122.187, 37.69104 ], [ -122.18582, 37.69148 ], [ -122.18811, 37.69432 ], [ -122.18791, 37.69512 ], [ -122.1871, 37.69564 ], [ -122.18886, 37.69506 ], [ -122.18973, 37.69576 ], [ -122.19145, 37.69514 ], [ -122.1925, 37.69539 ], [ -122.19222, 37.69602 ], [ -122.18933, 37.69679 ], [ -122.18966, 37.69815 ], [ -122.19264, 37.69789 ], [ -122.19318, 37.69756 ], [ -122.19316, 37.6963 ], [ -122.1927, 37.6954 ], [ -122.1929, 37.69464 ], [ -122.19342, 37.6946 ], [ -122.19443, 37.6954 ], [ -122.1944, 37.69872 ], [ -122.19136, 37.69917 ], [ -122.19133, 37.70048 ], [ -122.19009, 37.70094 ], [ -122.19085, 37.70454 ], [ -122.19103, 37.70409 ], [ -122.19301, 37.70326 ], [ -122.19491, 37.70286 ], [ -122.19682, 37.70288 ], [ -122.19983, 37.70388 ], [ -122.20125, 37.705 ], [ -122.20208, 37.70619 ], [ -122.20255, 37.70816 ], [ -122.20187, 37.71073 ], [ -122.20235, 37.71168 ], [ -122.2034, 37.71157 ], [ -122.20354, 37.71216 ], [ -122.19644, 37.7138 ], [ -122.19636, 37.71424 ], [ -122.19815, 37.71406 ], [ -122.19716, 37.71582 ], [ -122.19658, 37.71515 ], [ -122.19345, 37.71458 ], [ -122.18736, 37.71637 ], [ -122.1944, 37.72194 ], [ -122.1943, 37.7223 ], [ -122.18664, 37.71818 ], [ -122.18492, 37.71692 ], [ -122.18503, 37.71663 ], [ -122.1867, 37.71619 ], [ -122.184, 37.71091 ], [ -122.1889, 37.70879 ] ], [ [ -122.16172, 37.68072 ], [ -122.16048, 37.67918 ], [ -122.15997, 37.67943 ], [ -122.1613, 37.68099 ], [ -122.16172, 37.68072 ] ], [ [ -122.15674, 37.67893 ], [ -122.15719, 37.67878 ], [ -122.15673, 37.67829 ], [ -122.15674, 37.67893 ] ] ] } },
{ "type": "Feature", "properties": { "kind": "label", "km": 1, "city": "San Leandro", "people": 3662 }, "geometry": { "type": "Point", "coordinates": [ -122.18077, 37.69487 ] } },
{ "type": "Feature", "properties": { "kind": "area", "km": 1, "city": "San Leandro", "people": 4 }, "geometry": { "type": "Polygon", "coordinates": [ [ [ -122.18563, 37.72448 ], [ -122.18465, 37.72625 ], [ -122.18417, 37.72626 ], [ -122.18308, 37.7257 ], [ -122.17951, 37.72186 ], [ -122.18528, 37.72089 ], [ -122.18585, 37.72311 ], [ -122.18563, 37.72448 ] ], [ [ -122.18451, 37.72317 ], [ -122.18351, 37.72196 ], [ -122.18151, 37.72228 ], [ -122.18395, 37.725 ], [ -122.18451, 37.72317 ] ] ] } },
{ "type": "Feature", "properties": { "kind": "label", "km": 1, "city": "San Leandro", "people": 4 }, "geometry": { "type": "Point", "coordinates": [ -122.18191, 37.72367 ] } },
{ "type": "Feature", "properties": { "kind": "area", "km": 1, "city": "San Leandro", "people": 20 }, "geometry": { "type": "Polygon", "coordinates": [ [ [ -122.16257, 37.69656 ], [ -122.16026, 37.69644 ], [ -122.15963, 37.69081 ], [ -122.1631, 37.6908 ], [ -122.16375, 37.69497 ], [ -122.16606, 37.69871 ], [ -122.16586, 37.70062 ], [ -122.16505, 37.7004 ], [ -122.16257, 37.69656 ] ] ] } },
{ "type": "Feature", "properties": { "kind": "label", "km": 1, "city": "San Leandro", "people": 20 }, "geometry": { "type": "Point", "coordinates": [ -122.16209, 37.69549 ] } },
{ "type": "Feature", "properties": { "kind": "area", "km": 1, "city": "San Leandro", "people": 67 }, "geometry": { "type": "Polygon", "coordinates": [ [ [ -122.16258, 37.68902 ], [ -122.16257, 37.69039 ], [ -122.16188, 37.69041 ], [ -122.16172, 37.68985 ], [ -122.15962, 37.6887 ], [ -122.15566, 37.68882 ], [ -122.15554, 37.68649 ], [ -122.15332, 37.68616 ], [ -122.15324, 37.68534 ], [ -122.15479, 37.68515 ], [ -122.15829, 37.68612 ], [ -122.16258, 37.68902 ] ] ] } },
{ "type": "Feature", "properties": { "kind": "label", "km": 1, "city": "San Leandro", "people": 67 }, "geometry": { "type": "Point", "coordinates": [ -122.15797, 37.68781 ] } },
{ "type": "Feature", "properties": { "kind": "area", "km": 1, "city": "San Lorenzo", "people": 205 }, "geometry": { "type": "Polygon", "coordinates": [ [ [ -122.1441, 37.66334 ], [ -122.14599, 37.66537 ], [ -122.14922, 37.66384 ], [ -122.1495, 37.66332 ], [ -122.15079, 37.66257 ], [ -122.15254, 37.66373 ], [ -122.16072, 37.66362 ], [ -122.1616, 37.66537 ], [ -122.16139, 37.66571 ], [ -122.16199, 37.66778 ], [ -122.15263, 37.67252 ], [ -122.15495, 37.67503 ], [ -122.15491, 37.67533 ], [ -122.14721, 37.67878 ], [ -122.14445, 37.68053 ], [ -122.13898, 37.68251 ], [ -122.13721, 37.6793 ], [ -122.14385, 37.67656 ], [ -122.14437, 37.67716 ], [ -122.14365, 37.67761 ], [ -122.14446, 37.67904 ], [ -122.14997, 37.67632 ], [ -122.14873, 37.67461 ], [ -122.15027, 37.67377 ], [ -122.14979, 37.67298 ], [ -122.15087, 37.6724 ], [ -122.14807, 37.6718 ], [ -122.14831, 37.67088 ], [ -122.14959, 37.67096 ], [ -122.14657, 37.66783 ], [ -122.14245, 37.66973 ], [ -122.14222, 37.67025 ], [ -122.14137, 37.67025 ], [ -122.14099, 37.67072 ], [ -122.13941, 37.67046 ], [ -122.13948, 37.67011 ], [ -122.14527, 37.66736 ], [ -122.14489, 37.66682 ], [ -122.13908, 37.66942 ], [ -122.13878, 37.66826 ], [ -122.14091, 37.66739 ], [ -122.14054, 37.66329 ], [ -122.13934, 37.66309 ], [ -122.1351, 37.66333 ], [ -122.13519, 37.66426 ], [ -122.1355, 37.66447 ], [ -122.13534, 37.66537 ], [ -122.13095, 37.66556 ], [ -122.13068, 37.66496 ], [ -122.13418, 37.66443 ], [ -122.13408, 37.66276 ], [ -122.13434, 37.66257 ], [ -122.1393, 37.6623 ], [ -122.1441, 37.66334 ] ], [ [ -122.15222, 37.6674 ], [ -122.15124, 37.66716 ], [ -122.15038, 37.66752 ], [ -122.15156, 37.66878 ], [ -122.15281, 37.66804 ], [ -122.15222, 37.6674 ] ], [ [ -122.15201, 37.67344 ], [ -122.15176, 37.67357 ], [ -122.15275, 37.67463 ], [ -122.15312, 37.67502 ], [ -122.15338, 37.6749 ], [ -122.15201, 37.67344 ] ] ] } },
{ "type": "Feature", "properties": { "kind": "label", "km": 1, "city": "San Lorenzo", "people": 205 }, "geometry": { "type": "Point", "coordinates": [ -122.15172, 37.67218 ] } },
{ "type": "Feature", "properties": { "kind": "area", "km": 1, "city": "Union City", "people": 13420 }, "geometry": { "type": "Polygon", "coordinates": [ [ [ -122.08314, 37.57467 ], [ -122.0833, 37.57573 ], [ -122.08594, 37.58202 ], [ -122.08896, 37.58844 ], [ -122.0917, 37.58889 ], [ -122.09179, 37.59139 ], [ -122.09229, 37.59161 ], [ -122.09231, 37.59259 ], [ -122.09184, 37.59309 ], [ -122.09214, 37.59359 ], [ -122.09122, 37.59451 ], [ -122.09155, 37.60003 ], [ -122.08839, 37.60696 ], [ -122.08756, 37.60784 ], [ -122.08775, 37.60826 ], [ -122.08722, 37.60835 ], [ -122.08423, 37.60571 ], [ -122.08684, 37.60393 ], [ -122.08647, 37.59856 ], [ -122.08187, 37.59878 ], [ -122.08266, 37.60559 ], [ -122.08244, 37.60583 ], [ -122.06859, 37.60585 ], [ -122.06901, 37.60435 ], [ -122.06958, 37.60436 ], [ -122.07306, 37.6023 ], [ -122.07135, 37.60159 ], [ -122.0716, 37.60049 ], [ -122.0741, 37.60101 ], [ -122.07415, 37.60077 ], [ -122.0731, 37.60056 ], [ -122.07147, 37.59969 ], [ -122.07111, 37.60066 ], [ -122.07013, 37.60051 ], [ -122.07085, 37.59724 ], [ -122.06706, 37.59823 ], [ -122.06126, 37.5989 ], [ -122.06556, 37.60497 ], [ -122.06546, 37.60527 ], [ -122.05801, 37.60384 ], [ -122.05894, 37.59987 ], [ -122.05818, 37.59965 ], [ -122.05784, 37.59868 ], [ -122.05723, 37.59821 ], [ -122.05662, 37.5987 ], [ -122.05505, 37.59805 ], [ -122.05455, 37.59703 ], [ -122.05496, 37.59635 ], [ -122.05627, 37.59662 ], [ -122.06065, 37.59858 ], [ -122.05645, 37.59261 ], [ -122.06027, 37.59161 ], [ -122.06401, 37.5867 ], [ -122.06207, 37.58379 ], [ -122.06016, 37.57496 ], [ -122.06301, 37.57155 ], [ -122.06258, 37.57104 ], [ -122.06641, 37.56642 ], [ -122.06954, 37.56348 ], [ -122.0713, 37.5628 ], [ -122.08027, 37.56117 ], [ -122.08101, 37.56131 ], [ -122.0809, 37.56212 ], [ -122.08391, 37.5623 ], [ -122.08403, 37.56533 ], [ -122.08015, 37.56505 ], [ -122.07941, 37.56619 ], [ -122.08474, 37.56613 ], [ -122.08496, 37.56643 ], [ -122.08429, 37.56693 ], [ -122.08539, 37.56717 ], [ -122.08446, 37.56784 ], [ -122.08392, 37.56966 ], [ -122.08582, 37.5734 ], [ -122.08314, 37.57467 ] ], [ [ -122.07438, 37.59922 ], [ -122.07423, 37.59703 ], [ -122.06972, 37.59243 ], [ -122.07135, 37.59169 ], [ -122.07185, 37.59115 ], [ -122.06495, 37.58734 ], [ -122.06481, 37.58799 ], [ -122.06387, 37.5883 ], [ -122.06112, 37.59213 ], [ -122.05839, 37.59305 ], [ -122.05953, 37.59491 ], [ -122.06156, 37.59565 ], [ -122.0624, 37.59665 ], [ -122.06374, 37.59701 ], [ -122.0656, 37.5967 ], [ -122.06656, 37.59737 ], [ -122.06749, 37.597 ], [ -122.06663, 37.5961 ], [ -122.06579, 37.59437 ], [ -122.0637, 37.59217 ], [ -122.06399, 37.59183 ], [ -122.06302, 37.59077 ], [ -122.06325, 37.58967 ], [ -122.06582, 37.58869 ], [ -122.06652, 37.58957 ], [ -122.0643, 37.59061 ], [ -122.06669, 37.59003 ], [ -122.06692, 37.59091 ], [ -122.0651, 37.5917 ], [ -122.06523, 37.5919 ], [ -122.06716, 37.59127 ], [ -122.06843, 37.59325 ], [ -122.06712, 37.59392 ], [ -122.06725, 37.59412 ], [ -122.06921, 37.5934 ], [ -122.06988, 37.59417 ], [ -122.06787, 37.59508 ], [ -122.068, 37.5953 ], [ -122.06997, 37.5946 ], [ -122.07064, 37.59537 ], [ -122.06851, 37.59648 ], [ -122.07069, 37.59584 ], [ -122.07121, 37.59672 ], [ -122.07273, 37.59638 ], [ -122.07316, 37.5988 ], [ -122.07438, 37.59922 ] ], [ [ -122.07863, 37.59614 ], [ -122.0788, 37.59466 ], [ -122.08071, 37.59527 ], [ -122.08088, 37.59181 ], [ -122.07961, 37.5918 ], [ -122.07938, 37.59143 ], [ -122.07802, 37.59143 ], [ -122.07772, 37.59118 ], [ -122.07771, 37.59187 ], [ -122.07598, 37.59256 ], [ -122.07442, 37.59271 ], [ -122.07494, 37.59327 ], [ -122.07566, 37.59277 ], [ -122.07732, 37.5937 ], [ -122.07729, 37.59624 ], [ -122.07863, 37.59614 ] ], [ [ -122.07043, 37.57375 ], [ -122.07169, 37.57226 ], [ -122.0706, 37.57186 ], [ -122.06959, 37.57236 ], [ -122.06997, 37.57358 ], [ -122.07043, 37.57375 ] ], [ [ -122.07266, 37.56795 ], [ -122.0737, 37.56642 ], [ -122.07486, 37.56653 ], [ -122.07628, 37.5673 ], [ -122.07703, 37.56643 ], [ -122.07605, 37.56615 ], [ -122.07343, 37.56613 ], [ -122.07341, 37.56673 ], [ -122.07298, 37.56686 ], [ -122.07149, 37.56619 ], [ -122.07077, 37.56618 ], [ -122.07063, 37.56683 ], [ -122.07266, 37.56795 ] ], [ [ -122.07692, 37.60429 ], [ -122.07727, 37.60495 ], [ -122.07805, 37.60496 ], [ -122.07775, 37.60334 ], [ -122.07662, 37.60252 ], [ -122.07687, 37.60193 ], [ -122.07537, 37.60117 ], [ -122.07528, 37.60188 ], [ -122.07445, 37.6027 ], [ -122.07068, 37.60492 ], [ -122.07219, 37.60436 ], [ -122.07293, 37.60499 ], [ -122.07538, 37.60497 ], [ -122.0755, 37.60434 ], [ -122.07692, 37.60429 ] ], [ [ -122.06326, 37.57606 ], [ -122.06447, 37.57444 ], [ -122.06276, 37.57349 ], [ -122.06109, 37.57536 ], [ -122.06138, 37.57669 ], [ -122.06239, 37.57728 ], [ -122.06255, 37.57783 ], [ -122.06382, 37.57639 ], [ -122.06326, 37.57606 ] ], [ [ -122.0643, 37.57896 ], [ -122.06363, 37.57863 ], [ -122.06203, 37.58026 ], [ -122.06294, 37.58346 ], [ -122.06423, 37.58206 ], [ -122.0629, 37.5811 ], [ -122.06396, 37.57999 ], [ -122.0643, 37.57896 ] ], [ [ -122.06503, 37.58427 ], [ -122.06516, 37.58448 ], [ -122.06561, 37.58431 ], [ -122.06548, 37.5841 ], [ -122.06503, 37.58427 ] ], [ [ -122.06289, 37.60338 ], [ -122.06227, 37.60191 ], [ -122.06086, 37.60023 ], [ -122.06009, 37.60345 ], [ -122.06318, 37.6043 ], [ -122.0634, 37.60351 ], [ -122.06289, 37.60338 ] ] ] } },
{ "type": "Feature", "properties": { "kind": "label", "km": 1, "city": "Union City", "people": 13420 }, "geometry": { "type": "Point", "coordinates": [ -122.07503, 37.58502 ] } },
{ "type": "Feature", "properties": { "kind": "area", "km": 2, "city": "Alameda", "people": 5276 }, "geometry": { "type": "Polygon", "coordinates": [ [ [ -122.28929, 37.76644 ], [ -122.28812, 37.76855 ], [ -122.28854, 37.7682 ], [ -122.289, 37.76829 ], [ -122.28899, 37.76864 ], [ -122.28951, 37.76895 ], [ -122.28903, 37.76933 ], [ -122.28935, 37.76961 ], [ -122.28988, 37.7692 ], [ -122.29072, 37.76918 ], [ -122.29142, 37.76821 ], [ -122.29193, 37.76963 ], [ -122.2996, 37.77182 ], [ -122.30525, 37.77199 ], [ -122.30502, 37.77279 ], [ -122.3011, 37.77262 ], [ -122.30103, 37.77344 ], [ -122.30131, 37.77368 ], [ -122.30561, 37.77392 ], [ -122.3058, 37.77441 ], [ -122.30139, 37.77439 ], [ -122.3003, 37.77524 ], [ -122.3021, 37.77532 ], [ -122.30238, 37.77574 ], [ -122.30008, 37.77583 ], [ -122.29877, 37.77655 ], [ -122.2986, 37.7798 ], [ -122.3041, 37.78003 ], [ -122.30497, 37.77979 ], [ -122.30605, 37.78017 ], [ -122.30654, 37.77985 ], [ -122.30681, 37.78025 ], [ -122.30822, 37.78034 ], [ -122.30861, 37.77611 ], [ -122.30892, 37.7759 ], [ -122.31563, 37.77629 ], [ -122.31823, 37.77934 ], [ -122.3232, 37.77962 ], [ -122.32552, 37.78081 ], [ -122.3281, 37.78103 ], [ -122.33181, 37.78688 ], [ -122.33117, 37.79242 ], [ -122.3315, 37.7946 ], [ -122.33221, 37.79555 ], [ -122.3319, 37.7971 ], [ -122.33115, 37.79709 ], [ -122.33075, 37.79741 ], [ -122.31564, 37.79363 ], [ -122.30928, 37.79234 ], [ -122.30891, 37.7925 ], [ -122.30334, 37.79086 ], [ -122.29693, 37.79051 ], [ -122.28966, 37.79242 ], [ -122.28789, 37.79264 ], [ -122.28068, 37.79277 ], [ -122.27627, 37.79171 ], [ -122.27612, 37.79141 ], [ -122.27757, 37.78869 ], [ -122.27645, 37.78829 ], [ -122.27614, 37.78773 ], [ -122.27617, 37.78631 ], [ -122.27527, 37.7828 ], [ -122.27319, 37.78285 ], [ -122.27295, 37.78257 ], [ -122.27317, 37.78187 ], [ -122.27399, 37.78179 ], [ -122.27386, 37.78074 ], [ -122.27323, 37.78065 ], [ -122.2732, 37.77989 ], [ -122.2744, 37.77967 ], [ -122.27433, 37.77932 ], [ -122.27083, 37.77969 ], [ -122.26448, 37.77943 ], [ -122.2633, 37.77901 ], [ -122.26439, 37.78019 ], [ -122.26431, 37.7809 ], [ -122.26554, 37.78096 ], [ -122.26567, 37.78147 ], [ -122.26781, 37.78147 ], [ -122.27132, 37.78309 ], [ -122.27136, 37.78425 ], [ -122.27236, 37.78548 ], [ -122.27452, 37.78639 ], [ -122.27604, 37.78788 ], [ -122.27557, 37.7901 ], [ -122.27434, 37.78955 ], [ -122.27445, 37.78827 ], [ -122.27396, 37.78792 ], [ -122.27335, 37.78864 ], [ -122.27099, 37.7878 ], [ -122.2713, 37.78688 ], [ -122.27052, 37.7869 ], [ -122.27027, 37.78637 ], [ -122.26871, 37.78555 ], [ -122.26782, 37.78336 ], [ -122.26629, 37.78331 ], [ -122.26542, 37.7842 ], [ -122.26203, 37.78261 ], [ -122.26085, 37.7827 ], [ -122.26039, 37.78016 ], [ -122.26045, 37.77823 ], [ -122.26014, 37.77821 ], [ -122.25948, 37.78249 ], [ -122.25746, 37.78206 ], [ -122.256, 37.78122 ], [ -122.25591, 37.78092 ], [ -122.25779, 37.77819 ], [ -122.25603, 37.77749 ], [ -122.25506, 37.77883 ], [ -122.2525, 37.77889 ], [ -122.2521, 37.77915 ], [ -122.25177, 37.77893 ], [ -122.25183, 37.77845 ], [ -122.25159, 37.7791 ], [ -122.25713, 37.7858 ], [ -122.25408, 37.78698 ], [ -122.25269, 37.78721 ], [ -122.25125, 37.7871 ], [ -122.24851, 37.78603 ], [ -122.24638, 37.78483 ], [ -122.24496, 37.78313 ], [ -122.24454, 37.77917 ], [ -122.24329, 37.7764 ], [ -122.24031, 37.7739 ], [ -122.2363, 37.77186 ], [ -122.23659, 37.77121 ], [ -122.23834, 37.77171 ], [ -122.24069, 37.77285 ], [ -122.24227, 37.77426 ], [ -122.24412, 37.77501 ], [ -122.24492, 37.77512 ], [ -122.2457, 37.77403 ], [ -122.24625, 37.77405 ], [ -122.24561, 37.77537 ], [ -122.24621, 37.77564 ], [ -122.24699, 37.77476 ], [ -122.24852, 37.77527 ], [ -122.24942, 37.77592 ], [ -122.24942, 37.77622 ], [ -122.2507, 37.77669 ], [ -122.25154, 37.7775 ], [ -122.25141, 37.77792 ], [ -122.25327, 37.7755 ], [ -122.25446, 37.77587 ], [ -122.25421, 37.77648 ], [ -122.257, 37.77717 ], [ -122.25842, 37.77717 ], [ -122.25859, 37.7761 ], [ -122.26323, 37.77657 ], [ -122.26339, 37.77759 ], [ -122.26547, 37.77768 ], [ -122.26583, 37.77673 ], [ -122.27444, 37.77691 ], [ -122.27478, 37.77794 ], [ -122.2764, 37.77797 ], [ -122.27666, 37.77701 ], [ -122.28099, 37.77713 ], [ -122.28115, 37.779 ], [ -122.28425, 37.77915 ], [ -122.28433, 37.77761 ], [ -122.28208, 37.77751 ], [ -122.28213, 37.77617 ], [ -122.28813, 37.77626 ], [ -122.28833, 37.77698 ], [ -122.29072, 37.77772 ], [ -122.29066, 37.77653 ], [ -122.29109, 37.77635 ], [ -122.29159, 37.77684 ], [ -122.29168, 37.78466 ], [ -122.29695, 37.78493 ], [ -122.29828, 37.78539 ], [ -122.29817, 37.78829 ], [ -122.30205, 37.78851 ], [ -122.30267, 37.78917 ], [ -122.3034, 37.78857 ], [ -122.30827, 37.78883 ], [ -122.30859, 37.78521 ], [ -122.3082, 37.785 ], [ -122.30832, 37.78365 ], [ -122.29794, 37.78307 ], [ -122.29755, 37.78259 ], [ -122.29775, 37.78018 ], [ -122.29584, 37.78009 ], [ -122.29436, 37.78048 ], [ -122.29308, 37.78 ], [ -122.29336, 37.77949 ], [ -122.29478, 37.77928 ], [ -122.29545, 37.77947 ], [ -122.29586, 37.77524 ], [ -122.29927, 37.7753 ], [ -122.30022, 37.77453 ], [ -122.30032, 37.77253 ], [ -122.29322, 37.77216 ], [ -122.29301, 37.77527 ], [ -122.29114, 37.77537 ], [ -122.29012, 37.7738 ], [ -122.28629, 37.77183 ], [ -122.27836, 37.77165 ], [ -122.27809, 37.77106 ], [ -122.27685, 37.77135 ], [ -122.27636, 37.77106 ], [ -122.2761, 37.77159 ], [ -122.27281, 37.77149 ], [ -122.27268, 37.76942 ], [ -122.2712, 37.76881 ], [ -122.27072, 37.76963 ], [ -122.26342, 37.76945 ], [ -122.26334, 37.76659 ], [ -122.26034, 37.7652 ], [ -122.26115, 37.76392 ], [ -122.26104, 37.76351 ], [ -122.25995, 37.76344 ], [ -122.25928, 37.76439 ], [ -122.25877, 37.76455 ], [ -122.25805, 37.76407 ], [ -122.25718, 37.76416 ], [ -122.25613, 37.76382 ], [ -122.25577, 37.76328 ], [ -122.25494, 37.76302 ], [ -122.25432, 37.76376 ], [ -122.25274, 37.76311 ], [ -122.25366, 37.76079 ], [ -122.24819, 37.75772 ], [ -122.24713, 37.75692 ], [ -122.24744, 37.75633 ], [ -122.24682, 37.75599 ], [ -122.24616, 37.75647 ], [ -122.24133, 37.75377 ], [ -122.24108, 37.754 ], [ -122.24228, 37.75493 ], [ -122.2416, 37.75568 ], [ -122.23782, 37.75328 ], [ -122.2376, 37.75348 ], [ -122.23824, 37.75411 ], [ -122.23695, 37.75528 ], [ -122.23527, 37.75435 ], [ -122.23466, 37.7548 ], [ -122.2339, 37.75435 ], [ -122.23368, 37.75455 ], [ -122.23433, 37.75514 ], [ -122.2335, 37.75589 ], [ -122.23095, 37.75423 ], [ -122.22632, 37.75846 ], [ -122.22573, 37.76187 ], [ -122.22647, 37.76335 ], [ -122.22615, 37.76379 ], [ -122.2282, 37.76639 ], [ -122.23111, 37.76809 ], [ -122.2307, 37.76877 ], [ -122.23034, 37.7688 ], [ -122.22702, 37.76676 ], [ -122.22535, 37.76456 ], [ -122.22494, 37.76482 ], [ -122.22463, 37.76461 ], [ -122.22506, 37.76408 ], [ -122.22447, 37.76154 ], [ -122.22468, 37.75698 ], [ -122.22505, 37.75579 ], [ -122.22627, 37.7546 ], [ -122.22477, 37.75339 ], [ -122.22582, 37.74958 ], [ -122.23635, 37.74833 ], [ -122.23648, 37.74959 ], [ -122.23693, 37.7495 ], [ -122.23992, 37.75058 ], [ -122.24432, 37.75151 ], [ -122.25023, 37.75362 ], [ -122.25069, 37.75343 ], [ -122.25103, 37.75372 ], [ -122.25076, 37.75429 ], [ -122.26185, 37.75841 ], [ -122.26145, 37.7595 ], [ -122.26259, 37.75993 ], [ -122.26315, 37.75905 ], [ -122.26398, 37.75921 ], [ -122.26446, 37.75875 ], [ -122.26701, 37.7596 ], [ -122.27075, 37.76102 ], [ -122.27263, 37.76221 ], [ -122.27505, 37.76494 ], [ -122.27592, 37.76641 ], [ -122.27599, 37.76753 ], [ -122.27648, 37.76794 ], [ -122.27777, 37.76831 ], [ -122.28009, 37.76617 ], [ -122.28091, 37.76613 ], [ -122.28098, 37.76657 ], [ -122.2802, 37.76703 ], [ -122.28014, 37.76798 ], [ -122.28186, 37.76822 ], [ -122.28189, 37.7709 ], [ -122.28278, 37.77074 ], [ -122.28286, 37.77 ], [ -122.28373, 37.76987 ], [ -122.28393, 37.76906 ], [ -122.28457, 37.76903 ], [ -122.28546, 37.76959 ], [ -122.28401, 37.76842 ], [ -122.28428, 37.76704 ], [ -122.28507, 37.76697 ], [ -122.28633, 37.76775 ], [ -122.28687, 37.76757 ], [ -122.28724, 37.76666 ], [ -122.2865, 37.76581 ], [ -122.28249, 37.76494 ], [ -122.28227, 37.76403 ], [ -122.2825, 37.76358 ], [ -122.2867, 37.76439 ], [ -122.28895, 37.7653 ], [ -122.28929, 37.76644 ] ], [ [ -122.28098, 37.76949 ], [ -122.28033, 37.7695 ], [ -122.28033, 37.76985 ], [ -122.28098, 37.76985 ], [ -122.28098, 37.76949 ] ], [ [ -122.28757, 37.78011 ], [ -122.27691, 37.7798 ], [ -122.27683, 37.78413 ], [ -122.27859, 37.78617 ], [ -122.27875, 37.78747 ], [ -122.27836, 37.78848 ], [ -122.28013, 37.78957 ], [ -122.28086, 37.78868 ], [ -122.28171, 37.78892 ], [ -122.28181, 37.78947 ], [ -122.28247, 37.78948 ], [ -122.28261, 37.7848 ], [ -122.28387, 37.78457 ], [ -122.28792, 37.78463 ], [ -122.28817, 37.7842 ], [ -122.29058, 37.78423 ], [ -122.29051, 37.78072 ], [ -122.29011, 37.78042 ], [ -122.28778, 37.78068 ], [ -122.28757, 37.78011 ] ], [ [ -122.29712, 37.7861 ], [ -122.29714, 37.78609 ], [ -122.2971, 37.78608 ], [ -122.29712, 37.7861 ] ], [ [ -122.28392, 37.78826 ], [ -122.28367, 37.78754 ], [ -122.28364, 37.78815 ], [ -122.28392, 37.78826 ] ], [ [ -122.26405, 37.76189 ], [ -122.26797, 37.76341 ], [ -122.26958, 37.76289 ], [ -122.27042, 37.76362 ], [ -122.2713, 37.76374 ], [ -122.27114, 37.76232 ], [ -122.26509, 37.76012 ], [ -122.26405, 37.76189 ] ], [ [ -122.26186, 37.76395 ], [ -122.262, 37.76434 ], [ -122.26218, 37.76388 ], [ -122.26186, 37.76395 ] ], [ [ -122.26355, 37.76497 ], [ -122.26372, 37.76429 ], [ -122.26363, 37.76427 ], [ -122.263, 37.76483 ], [ -122.26355, 37.76497 ] ], [ [ -122.27077, 37.76763 ], [ -122.2702, 37.76809 ], [ -122.27063, 37.76833 ], [ -122.27077, 37.76763 ] ], [ [ -122.26913, 37.76772 ], [ -122.2692, 37.76766 ], [ -122.26911, 37.76771 ], [ -122.26913, 37.76772 ] ], [ [ -122.26803, 37.76729 ], [ -122.26794, 37.76717 ], [ -122.26781, 37.7672 ], [ -122.26803, 37.76729 ] ], [ [ -122.26693, 37.76671 ], [ -122.26693, 37.76653 ], [ -122.26668, 37.76658 ], [ -122.26693, 37.76671 ] ], [ [ -122.26581, 37.76599 ], [ -122.26561, 37.76604 ], [ -122.26585, 37.76618 ], [ -122.26581, 37.76599 ] ], [ [ -122.26471, 37.76565 ], [ -122.26468, 37.76556 ], [ -122.26459, 37.7656 ], [ -122.26471, 37.76565 ] ], [ [ -122.24752, 37.75377 ], [ -122.24799, 37.7543 ], [ -122.2491, 37.75473 ], [ -122.24963, 37.75478 ], [ -122.24996, 37.75439 ], [ -122.24765, 37.75354 ], [ -122.24752, 37.75377 ] ], [ [ -122.24758, 37.77989 ], [ -122.24759, 37.78072 ], [ -122.24707, 37.78139 ], [ -122.24859, 37.78226 ], [ -122.24813, 37.783 ], [ -122.24899, 37.78248 ], [ -122.25064, 37.78341 ], [ -122.25181, 37.78215 ], [ -122.24758, 37.77989 ] ] ] } },
{ "type": "Feature", "properties": { "kind": "label", "km": 2, "city": "Alameda", "people": 5276 }, "geometry": { "type": "Point", "coordinates": [ -122.30279, 37.77251 ] } },
{ "type": "Feature", "properties": { "kind": "area", "km": 2, "city": "Alameda", "people": 4632 }, "geometry": { "type": "Polygon", "coordinates": [ [ [ -122.22924, 37.72764 ], [ -122.22838, 37.7274 ], [ -122.22879, 37.72689 ], [ -122.23596, 37.71971 ], [ -122.23632, 37.71965 ], [ -122.24525, 37.72565 ], [ -122.25021, 37.72979 ], [ -122.25739, 37.73653 ], [ -122.25807, 37.73786 ], [ -122.25994, 37.73949 ], [ -122.2613, 37.73999 ], [ -122.26128, 37.74335 ], [ -122.25268, 37.74809 ], [ -122.25095, 37.74841 ], [ -122.24727, 37.74815 ], [ -122.23968, 37.74828 ], [ -122.2377, 37.74798 ], [ -122.23686, 37.74821 ], [ -122.23635, 37.74752 ], [ -122.23511, 37.74688 ], [ -122.2269, 37.74533 ], [ -122.22652, 37.73375 ], [ -122.22913, 37.72889 ], [ -122.22924, 37.72764 ] ], [ [ -122.24816, 37.72916 ], [ -122.24366, 37.72547 ], [ -122.24243, 37.72521 ], [ -122.24013, 37.72537 ], [ -122.24057, 37.728 ], [ -122.24195, 37.72922 ], [ -122.24579, 37.73064 ], [ -122.24627, 37.73006 ], [ -122.24816, 37.72916 ] ], [ [ -122.23939, 37.72412 ], [ -122.23731, 37.72248 ], [ -122.23636, 37.72255 ], [ -122.23447, 37.72449 ], [ -122.23483, 37.72733 ], [ -122.238, 37.727 ], [ -122.23841, 37.72531 ], [ -122.23953, 37.72511 ], [ -122.23939, 37.72412 ] ], [ [ -122.25116, 37.74748 ], [ -122.25372, 37.74576 ], [ -122.25623, 37.74513 ], [ -122.25726, 37.74399 ], [ -122.2587, 37.74355 ], [ -122.25759, 37.74289 ], [ -122.25744, 37.74352 ], [ -122.25465, 37.74435 ], [ -122.25281, 37.74207 ], [ -122.2517, 37.74244 ], [ -122.25041, 37.74229 ], [ -122.25041, 37.74303 ], [ -122.25007, 37.74322 ], [ -122.24789, 37.74323 ], [ -122.24631, 37.7427 ], [ -122.24614, 37.74384 ], [ -122.24521, 37.74416 ], [ -122.24419, 37.74516 ], [ -122.24425, 37.74711 ], [ -122.24858, 37.74713 ], [ -122.25116, 37.74748 ] ], [ [ -122.25707, 37.7382 ], [ -122.25707, 37.73821 ], [ -122.25708, 37.73822 ], [ -122.25707, 37.7382 ] ], [ [ -122.25477, 37.74281 ], [ -122.25485, 37.74304 ], [ -122.25566, 37.74284 ], [ -122.25545, 37.74266 ], [ -122.25477, 37.74281 ] ], [ [ -122.23539, 37.72926 ], [ -122.23658, 37.7299 ], [ -122.23757, 37.72879 ], [ -122.23539, 37.72926 ] ], [ [ -122.23972, 37.7373 ], [ -122.24069, 37.73622 ], [ -122.24077, 37.73596 ], [ -122.23976, 37.73588 ], [ -122.2389, 37.73718 ], [ -122.23972, 37.7373 ] ], [ [ -122.24068, 37.7304 ], [ -122.23951, 37.73173 ], [ -122.24024, 37.73209 ], [ -122.24139, 37.73055 ], [ -122.24068, 37.7304 ] ] ] } },
{ "type": "Feature", "properties": { "kind": "label", "km": 2, "city": "Alameda", "people": 4632 }, "geometry": { "type": "Point", "coordinates": [ -122.24073, 37.73454 ] } },
{ "type": "Feature", "properties": { "kind": "area", "km": 2, "city": "Berkeley", "people": 105 }, "geometry": { "type": "Polygon", "coordinates": [ [ [ -122.30392, 37.86677 ], [ -122.30193, 37.86721 ], [ -122.30147, 37.86586 ], [ -122.30181, 37.86559 ], [ -122.30036, 37.86289 ], [ -122.29928, 37.86296 ], [ -122.2954, 37.85092 ], [ -122.293, 37.85139 ], [ -122.29271, 37.85123 ], [ -122.29248, 37.85029 ], [ -122.29515, 37.84914 ], [ -122.2952, 37.84844 ], [ -122.29875, 37.84781 ], [ -122.29986, 37.85225 ], [ -122.29978, 37.85086 ], [ -122.30062, 37.84727 ], [ -122.30968, 37.84533 ], [ -122.31106, 37.85376 ], [ -122.31401, 37.85338 ], [ -122.32236, 37.85338 ], [ -122.32625, 37.85433 ], [ -122.33143, 37.85702 ], [ -122.33263, 37.8592 ], [ -122.33292, 37.86269 ], [ -122.33164, 37.86648 ], [ -122.32948, 37.87137 ], [ -122.32623, 37.8744 ], [ -122.32789, 37.87726 ], [ -122.32772, 37.87757 ], [ -122.31233, 37.88158 ], [ -122.30968, 37.87794 ], [ -122.30776, 37.87807 ], [ -122.30475, 37.86939 ], [ -122.30462, 37.86853 ], [ -122.30545, 37.86709 ], [ -122.30534, 37.8664 ], [ -122.305, 37.86581 ], [ -122.30344, 37.8648 ], [ -122.30292, 37.86332 ], [ -122.30392, 37.86677 ] ] ] } },
{ "type": "Feature", "properties": { "kind": "label", "km": 2, "city": "Berkeley", "people": 105 }, "geometry": { "type": "Point", "coordinates": [ -122.31791, 37.86328 ] } },
{ "type": "Feature", "properties": { "kind": "area", "km": 2, "city": "Berkeley", "people": 3 }, "geometry": { "type": "Polygon", "coordinates": [ [ [ -122.30554, 37.87676 ], [ -122.30388, 37.87715 ], [ -122.30337, 37.87565 ], [ -122.30503, 37.87531 ], [ -122.30554, 37.87676 ] ] ] } },
{ "type": "Feature", "properties": { "kind": "label", "km": 2, "city": "Berkeley", "people": 3 }, "geometry": { "type": "Point", "coordinates": [ -122.30441, 37.87611 ] } },
{ "type": "Feature", "properties": { "kind": "area", "km": 2, "city": "Emeryville", "people": 168 }, "geometry": { "type": "Polygon", "coordinates": [ [ [ -122.3157, 37.83967 ], [ -122.31521, 37.84169 ], [ -122.31441, 37.84274 ], [ -122.31301, 37.84228 ], [ -122.31414, 37.83977 ], [ -122.31421, 37.83881 ], [ -122.31296, 37.83861 ], [ -122.3129, 37.83795 ], [ -122.31243, 37.83758 ], [ -122.30852, 37.83759 ], [ -122.30834, 37.83852 ], [ -122.30721, 37.83852 ], [ -122.30737, 37.83962 ], [ -122.30704, 37.83993 ], [ -122.30188, 37.83971 ], [ -122.30034, 37.83982 ], [ -122.29982, 37.8403 ], [ -122.29844, 37.84039 ], [ -122.2982, 37.84222 ], [ -122.29934, 37.84566 ], [ -122.30008, 37.84588 ], [ -122.3025, 37.84519 ], [ -122.30307, 37.84545 ], [ -122.30249, 37.84599 ], [ -122.30079, 37.84648 ], [ -122.30131, 37.84741 ], [ -122.30067, 37.84764 ], [ -122.29827, 37.84537 ], [ -122.29749, 37.84216 ], [ -122.2976, 37.83982 ], [ -122.29693, 37.83778 ], [ -122.29429, 37.83307 ], [ -122.29379, 37.83049 ], [ -122.29449, 37.83033 ], [ -122.29639, 37.83084 ], [ -122.29616, 37.83154 ], [ -122.2968, 37.83291 ], [ -122.29643, 37.83356 ], [ -122.29714, 37.83389 ], [ -122.29734, 37.83468 ], [ -122.29782, 37.83486 ], [ -122.29815, 37.83649 ], [ -122.29891, 37.83691 ], [ -122.30338, 37.83622 ], [ -122.30507, 37.83666 ], [ -122.31456, 37.83684 ], [ -122.31557, 37.83722 ], [ -122.3157, 37.83967 ] ] ] } },
{ "type": "Feature", "properties": { "kind": "label", "km": 2, "city": "Emeryville", "people": 168 }, "geometry": { "type": "Point", "coordinates": [ -122.30223, 37.83889 ] } },
{ "type": "Feature", "properties": { "kind": "area", "km": 2, "city": "Fremont", "people": 5 }, "geometry": { "type": "Polygon", "coordinates": [ [ [ -122.11193, 37.51021 ], [ -122.10934, 37.51318 ], [ -122.10214, 37.52277 ], [ -122.09262, 37.53072 ], [ -122.08833, 37.53257 ], [ -122.07719, 37.53462 ], [ -122.07368, 37.5361 ], [ -122.06934, 37.53874 ], [ -122.06644, 37.53888 ], [ -122.0644, 37.53468 ], [ -122.06774, 37.52435 ], [ -122.06119, 37.52346 ], [ -122.06019, 37.52163 ], [ -122.06035, 37.52109 ], [ -122.07049, 37.51887 ], [ -122.06991, 37.51788 ], [ -122.07039, 37.51734 ], [ -122.07912, 37.51462 ], [ -122.08004, 37.51458 ], [ -122.08044, 37.51486 ], [ -122.08046, 37.51551 ], [ -122.0798, 37.51634 ], [ -122.08079, 37.51638 ], [ -122.082, 37.51576 ], [ -122.08269, 37.51429 ], [ -122.0846, 37.51421 ], [ -122.08788, 37.51297 ], [ -122.08907, 37.51305 ], [ -122.08978, 37.51357 ], [ -122.0887, 37.51685 ], [ -122.09249, 37.51834 ], [ -122.09349, 37.52082 ], [ -122.09832, 37.52237 ], [ -122.10122, 37.52121 ], [ -122.101, 37.51814 ], [ -122.11063, 37.50905 ], [ -122.11113, 37.50918 ], [ -122.11132, 37.50997 ], [ -122.11193, 37.51021 ] ] ] } },
{ "type": "Feature", "properties": { "kind": "label", "km": 2, "city": "Fremont", "people": 5 }, "geometry": { "type": "Point", "coordinates": [ -122.08435, 37.52411 ] } },
{ "type": "Feature", "properties": { "kind": "area", "km": 2, "city": "Fremont", "people": 6 }, "geometry": { "type": "Polygon", "coordinates": [ [ [ -122.06946, 37.54435 ], [ -122.06448, 37.5459 ], [ -122.05967, 37.54944 ], [ -122.05969, 37.55049 ], [ -122.06148, 37.55162 ], [ -122.06036, 37.55297 ], [ -122.06181, 37.55396 ], [ -122.06263, 37.55557 ], [ -122.06105, 37.55626 ], [ -122.0594, 37.55748 ], [ -122.05691, 37.55785 ], [ -122.05656, 37.55602 ], [ -122.05786, 37.55578 ], [ -122.06063, 37.55426 ], [ -122.05963, 37.55371 ], [ -122.05979, 37.55311 ], [ -122.05945, 37.55302 ], [ -122.0557, 37.55309 ], [ -122.055, 37.54961 ], [ -122.0673, 37.54034 ], [ -122.06765, 37.54047 ], [ -122.06946, 37.54435 ] ] ] } },
{ "type": "Feature", "properties": { "kind": "label", "km": 2, "city": "Fremont", "people": 6 }, "geometry": { "type": "Point", "coordinates": [ -122.05777, 37.54918 ] } },
{ "type": "Feature", "properties": { "kind": "area", "km": 2, "city": "Fremont", "people": 141 }, "geometry": { "type": "Polygon", "coordinates": [ [ [ -122.05399, 37.56691 ], [ -122.06013, 37.56385 ], [ -122.06194, 37.56196 ], [ -122.06333, 37.56272 ], [ -122.06357, 37.56316 ], [ -122.06402, 37.56267 ], [ -122.0647, 37.56253 ], [ -122.06565, 37.56394 ], [ -122.06808, 37.56547 ], [ -122.05787, 37.57716 ], [ -122.05476, 37.57902 ], [ -122.05286, 37.58067 ], [ -122.05764, 37.58313 ], [ -122.05687, 37.58387 ], [ -122.05474, 37.58288 ], [ -122.05297, 37.58573 ], [ -122.05528, 37.58902 ], [ -122.05625, 37.58956 ], [ -122.05596, 37.59011 ], [ -122.05507, 37.59056 ], [ -122.05009, 37.58358 ], [ -122.05217, 37.58073 ], [ -122.05037, 37.57968 ], [ -122.05066, 37.57928 ], [ -122.0511, 37.5794 ], [ -122.05341, 37.57638 ], [ -122.05542, 37.57727 ], [ -122.05619, 37.57677 ], [ -122.05364, 37.57547 ], [ -122.05447, 37.57424 ], [ -122.05566, 37.5746 ], [ -122.05551, 37.57518 ], [ -122.05699, 37.5758 ], [ -122.05872, 37.57402 ], [ -122.05797, 37.57255 ], [ -122.0591, 37.57203 ], [ -122.05892, 37.57089 ], [ -122.05862, 37.57064 ], [ -122.05739, 37.57068 ], [ -122.05713, 37.56987 ], [ -122.05824, 37.56936 ], [ -122.05794, 37.56791 ], [ -122.05587, 37.56731 ], [ -122.05461, 37.56773 ], [ -122.05399, 37.56691 ] ], [ [ -122.06343, 37.56343 ], [ -122.0626, 37.56372 ], [ -122.06169, 37.56328 ], [ -122.06071, 37.56459 ], [ -122.06158, 37.56511 ], [ -122.06104, 37.56589 ], [ -122.05951, 37.56529 ], [ -122.05912, 37.56579 ], [ -122.05968, 37.56862 ], [ -122.06256, 37.56886 ], [ -122.06291, 37.56848 ], [ -122.06151, 37.56777 ], [ -122.06127, 37.56735 ], [ -122.06204, 37.56675 ], [ -122.06363, 37.56754 ], [ -122.06377, 37.56737 ], [ -122.06213, 37.56642 ], [ -122.06283, 37.56565 ], [ -122.06449, 37.56645 ], [ -122.06463, 37.56627 ], [ -122.06302, 37.56542 ], [ -122.06355, 37.56459 ], [ -122.06547, 37.56518 ], [ -122.06393, 37.56439 ], [ -122.06389, 37.56381 ], [ -122.06343, 37.56343 ] ], [ [ -122.0578, 37.56623 ], [ -122.05713, 37.56646 ], [ -122.05711, 37.56649 ], [ -122.05791, 37.56669 ], [ -122.0578, 37.56623 ] ], [ [ -122.06038, 37.57192 ], [ -122.06164, 37.57023 ], [ -122.06003, 37.57023 ], [ -122.06038, 37.57192 ] ], [ [ -122.05208, 37.58342 ], [ -122.0527, 37.58394 ], [ -122.05281, 37.58378 ], [ -122.05208, 37.58342 ] ], [ [ -122.05334, 37.58196 ], [ -122.05287, 37.58251 ], [ -122.05353, 37.58283 ], [ -122.05395, 37.58226 ], [ -122.05334, 37.58196 ] ] ] } },
{ "type": "Feature", "properties": { "kind": "label", "km": 2, "city": "Fremont", "people": 141 }, "geometry": { "type": "Point", "coordinates": [ -122.0569, 37.5761 ] } },
{ "type": "Feature", "properties": { "kind": "area", "km": 2, "city": "Fremont", "people": 8 }, "geometry": { "type": "Polygon", "coordinates": [ [ [ -121.91577, 37.46291 ], [ -121.91522, 37.46177 ], [ -121.91744, 37.46079 ], [ -121.91724, 37.46043 ], [ -121.91492, 37.46129 ], [ -121.91512, 37.46198 ], [ -121.91377, 37.46248 ], [ -121.91342, 37.46236 ], [ -121.91295, 37.46137 ], [ -121.91442, 37.46071 ], [ -121.9142, 37.46008 ], [ -121.9154, 37.45946 ], [ -121.91607, 37.46012 ], [ -121.91667, 37.45991 ], [ -121.91608, 37.45879 ], [ -121.9171, 37.45825 ], [ -121.9192, 37.46195 ], [ -121.9216, 37.46115 ], [ -121.92022, 37.45858 ], [ -121.91874, 37.4574 ], [ -121.92315, 37.45511 ], [ -121.92459, 37.45977 ], [ -121.93295, 37.47719 ], [ -121.92589, 37.47962 ], [ -121.92498, 37.47831 ], [ -121.92399, 37.47577 ], [ -121.92163, 37.47646 ], [ -121.91415, 37.46359 ], [ -121.91429, 37.4633 ], [ -121.91577, 37.46291 ] ], [ [ -121.91759, 37.46162 ], [ -121.91704, 37.46182 ], [ -121.91729, 37.46225 ], [ -121.91781, 37.46206 ], [ -121.91759, 37.46162 ] ], [ [ -121.92753, 37.4678 ], [ -121.92428, 37.46136 ], [ -121.92343, 37.46105 ], [ -121.92223, 37.46138 ], [ -121.92261, 37.46357 ], [ -121.92521, 37.46859 ], [ -121.92753, 37.4678 ] ] ] } },
{ "type": "Feature", "properties": { "kind": "label", "km": 2, "city": "Fremont", "people": 8 }, "geometry": { "type": "Point", "coordinates": [ -121.92046, 37.46738 ] } },
{ "type": "Feature", "properties": { "kind": "area", "km": 2, "city": "Fremont", "people": 4 }, "geometry": { "type": "Polygon", "coordinates": [ [ [ -122.05577, 37.49039 ], [ -122.0535, 37.49134 ], [ -122.05161, 37.49167 ], [ -122.03943, 37.49203 ], [ -122.03505, 37.49007 ], [ -122.03291, 37.48293 ], [ -122.02801, 37.47753 ], [ -122.02542, 37.47711 ], [ -122.02555, 37.47798 ], [ -122.02428, 37.47997 ], [ -122.02408, 37.48137 ], [ -122.0234, 37.48278 ], [ -122.02405, 37.48261 ], [ -122.02426, 37.48291 ], [ -122.02265, 37.48391 ], [ -122.0207, 37.48442 ], [ -122.01834, 37.48409 ], [ -122.01635, 37.48322 ], [ -122.01507, 37.48204 ], [ -122.0143, 37.48165 ], [ -122.01403, 37.4818 ], [ -122.01224, 37.48575 ], [ -122.01004, 37.489 ], [ -122.01107, 37.49234 ], [ -122.01095, 37.49296 ], [ -122.01029, 37.4936 ], [ -122.00802, 37.49405 ], [ -122.00658, 37.49482 ], [ -122.00591, 37.49484 ], [ -122.00566, 37.49448 ], [ -122.00518, 37.49444 ], [ -122.00472, 37.4947 ], [ -122.00313, 37.49469 ], [ -121.9996, 37.49358 ], [ -121.99645, 37.49847 ], [ -121.99388, 37.49876 ], [ -121.99316, 37.49812 ], [ -121.99255, 37.49821 ], [ -121.99375, 37.49938 ], [ -121.99323, 37.49967 ], [ -121.97434, 37.48156 ], [ -121.97361, 37.48025 ], [ -121.9731, 37.47813 ], [ -121.97369, 37.46986 ], [ -121.97435, 37.46985 ], [ -121.97442, 37.47044 ], [ -121.97511, 37.47019 ], [ -121.9776, 37.47082 ], [ -121.97959, 37.47051 ], [ -121.98114, 37.46968 ], [ -121.98482, 37.46636 ], [ -121.98665, 37.46563 ], [ -121.98807, 37.46571 ], [ -121.99094, 37.46731 ], [ -121.99476, 37.4689 ], [ -121.99991, 37.46965 ], [ -122.00049, 37.46904 ], [ -122.00159, 37.4687 ], [ -122.00991, 37.46833 ], [ -122.01618, 37.46757 ], [ -122.02068, 37.4678 ], [ -122.02586, 37.46881 ], [ -122.03658, 37.46927 ], [ -122.04335, 37.46808 ], [ -122.04662, 37.46729 ], [ -122.04863, 37.46632 ], [ -122.05032, 37.46612 ], [ -122.0511, 37.46673 ], [ -122.05172, 37.46822 ], [ -122.0522, 37.47133 ], [ -122.05384, 37.47296 ], [ -122.05241, 37.47595 ], [ -122.05278, 37.47661 ], [ -122.05266, 37.47818 ], [ -122.05416, 37.48233 ], [ -122.05397, 37.48357 ], [ -122.05488, 37.48657 ], [ -122.055, 37.4876 ], [ -122.05431, 37.4879 ], [ -122.05564, 37.48955 ], [ -122.05577, 37.49039 ] ] ] } },
{ "type": "Feature", "properties": { "kind": "label", "km": 2, "city": "Fremont", "people": 4 }, "geometry": { "type": "Point", "coordinates": [ -121.99459, 37.48257 ] } },
{ "type": "Feature", "properties": { "kind": "area", "km": 2, "city": "Fremont", "people": 2 }, "geometry": { "type": "Polygon", "coordinates": [ [ [ -121.97273, 37.49718 ], [ -121.96709, 37.50196 ], [ -121.97143, 37.50573 ], [ -121.96285, 37.50936 ], [ -121.96089, 37.50685 ], [ -121.95877, 37.50514 ], [ -121.96014, 37.50386 ], [ -121.95749, 37.50181 ], [ -121.95587, 37.50314 ], [ -121.95401, 37.50239 ], [ -121.95148, 37.50215 ], [ -121.95067, 37.49701 ], [ -121.94852, 37.49734 ], [ -121.94823, 37.49718 ], [ -121.94794, 37.49431 ], [ -121.94862, 37.49174 ], [ -121.94845, 37.49055 ], [ -121.95084, 37.49017 ], [ -121.95103, 37.49178 ], [ -121.95177, 37.49279 ], [ -121.95339, 37.49212 ], [ -121.9549, 37.49365 ], [ -121.95537, 37.49324 ], [ -121.95582, 37.49121 ], [ -121.9557, 37.48938 ], [ -121.95858, 37.48908 ], [ -121.96054, 37.48949 ], [ -121.9625, 37.49012 ], [ -121.96604, 37.4922 ], [ -121.97273, 37.49718 ] ] ] } },
{ "type": "Feature", "properties": { "kind": "label", "km": 2, "city": "Fremont", "people": 2 }, "geometry": { "type": "Point", "coordinates": [ -121.96071, 37.49953 ] } },
{ "type": "Feature", "properties": { "kind": "area", "km": 2, "city": "Hayward", "people": 2532 }, "geometry": { "type": "Polygon", "coordinates": [ [ [ -122.12459, 37.62713 ], [ -122.12108, 37.62825 ], [ -122.12077, 37.62812 ], [ -122.12198, 37.62539 ], [ -122.12624, 37.62554 ], [ -122.12625, 37.62382 ], [ -122.12252, 37.62369 ], [ -122.12234, 37.6231 ], [ -122.12075, 37.62362 ], [ -122.11699, 37.62332 ], [ -122.11025, 37.62119 ], [ -122.10877, 37.62111 ], [ -122.10251, 37.61925 ], [ -122.1007, 37.61999 ], [ -122.09748, 37.61725 ], [ -122.09737, 37.61909 ], [ -122.09976, 37.62072 ], [ -122.09946, 37.6211 ], [ -122.09998, 37.62427 ], [ -122.09399, 37.62441 ], [ -122.09271, 37.62467 ], [ -122.08967, 37.61978 ], [ -122.08929, 37.61992 ], [ -122.08978, 37.62098 ], [ -122.08693, 37.62197 ], [ -122.08838, 37.62467 ], [ -122.0875, 37.62496 ], [ -122.08259, 37.62495 ], [ -122.08246, 37.62388 ], [ -122.08422, 37.62379 ], [ -122.0842, 37.62287 ], [ -122.0824, 37.62277 ], [ -122.08232, 37.62183 ], [ -122.08428, 37.62171 ], [ -122.0843, 37.61982 ], [ -122.07738, 37.61962 ], [ -122.07682, 37.62013 ], [ -122.07724, 37.62094 ], [ -122.07689, 37.62116 ], [ -122.07426, 37.61753 ], [ -122.08591, 37.6177 ], [ -122.08625, 37.61877 ], [ -122.08645, 37.61765 ], [ -122.0899, 37.61651 ], [ -122.09203, 37.6164 ], [ -122.09217, 37.61568 ], [ -122.09183, 37.61508 ], [ -122.08978, 37.61442 ], [ -122.0891, 37.61371 ], [ -122.08637, 37.61437 ], [ -122.08384, 37.61026 ], [ -122.08624, 37.60912 ], [ -122.08786, 37.60909 ], [ -122.08715, 37.60814 ], [ -122.0889, 37.60633 ], [ -122.09757, 37.60161 ], [ -122.09791, 37.60182 ], [ -122.09796, 37.60537 ], [ -122.10062, 37.60522 ], [ -122.10135, 37.60481 ], [ -122.10162, 37.60406 ], [ -122.10223, 37.60021 ], [ -122.10348, 37.599 ], [ -122.10385, 37.59822 ], [ -122.10667, 37.59813 ], [ -122.1098, 37.59856 ], [ -122.11005, 37.59777 ], [ -122.11053, 37.59757 ], [ -122.11253, 37.59817 ], [ -122.1127, 37.59971 ], [ -122.11234, 37.60009 ], [ -122.11131, 37.60001 ], [ -122.11089, 37.60057 ], [ -122.10965, 37.60121 ], [ -122.10932, 37.60184 ], [ -122.11098, 37.60279 ], [ -122.11251, 37.60434 ], [ -122.11342, 37.60453 ], [ -122.11474, 37.60433 ], [ -122.11509, 37.60415 ], [ -122.11562, 37.60244 ], [ -122.11707, 37.60217 ], [ -122.11822, 37.60245 ], [ -122.1204, 37.60097 ], [ -122.12158, 37.59959 ], [ -122.12207, 37.5984 ], [ -122.12095, 37.5964 ], [ -122.12314, 37.59275 ], [ -122.12504, 37.59219 ], [ -122.12644, 37.59226 ], [ -122.12741, 37.5939 ], [ -122.12712, 37.5962 ], [ -122.12748, 37.59672 ], [ -122.12827, 37.59686 ], [ -122.12958, 37.59659 ], [ -122.13045, 37.59584 ], [ -122.13027, 37.59351 ], [ -122.13063, 37.5925 ], [ -122.13127, 37.59205 ], [ -122.1324, 37.59205 ], [ -122.13407, 37.5952 ], [ -122.13367, 37.59685 ], [ -122.13454, 37.59823 ], [ -122.13523, 37.5983 ], [ -122.13701, 37.59753 ], [ -122.13872, 37.59729 ], [ -122.14024, 37.59794 ], [ -122.14146, 37.59974 ], [ -122.14157, 37.6022 ], [ -122.14121, 37.60269 ], [ -122.13973, 37.6035 ], [ -122.13575, 37.60482 ], [ -122.13481, 37.60581 ], [ -122.13478, 37.60625 ], [ -122.13581, 37.60609 ], [ -122.13715, 37.60631 ], [ -122.1402, 37.60806 ], [ -122.14101, 37.6083 ], [ -122.14154, 37.60813 ], [ -122.14241, 37.60562 ], [ -122.14535, 37.60269 ], [ -122.14614, 37.60246 ], [ -122.1465, 37.60289 ], [ -122.1464, 37.60416 ], [ -122.14766, 37.6051 ], [ -122.14747, 37.60598 ], [ -122.1478, 37.60655 ], [ -122.14728, 37.60681 ], [ -122.14806, 37.60745 ], [ -122.14755, 37.60825 ], [ -122.14865, 37.61034 ], [ -122.1486, 37.61279 ], [ -122.14956, 37.61548 ], [ -122.15042, 37.61644 ], [ -122.15111, 37.61657 ], [ -122.15158, 37.61705 ], [ -122.15496, 37.61622 ], [ -122.1557, 37.61616 ], [ -122.15622, 37.61653 ], [ -122.1562, 37.61692 ], [ -122.15482, 37.61797 ], [ -122.151, 37.61922 ], [ -122.15177, 37.62574 ], [ -122.15159, 37.62625 ], [ -122.15078, 37.62666 ], [ -122.15159, 37.62767 ], [ -122.15144, 37.6283 ], [ -122.15182, 37.6293 ], [ -122.15338, 37.62883 ], [ -122.154, 37.62917 ], [ -122.15335, 37.63014 ], [ -122.15309, 37.6341 ], [ -122.15394, 37.64023 ], [ -122.1545, 37.64127 ], [ -122.15414, 37.64198 ], [ -122.1527, 37.64206 ], [ -122.15275, 37.64558 ], [ -122.14795, 37.64663 ], [ -122.14763, 37.64572 ], [ -122.14354, 37.64574 ], [ -122.14318, 37.64548 ], [ -122.1375, 37.6456 ], [ -122.13704, 37.64282 ], [ -122.13329, 37.63934 ], [ -122.13281, 37.6382 ], [ -122.12482, 37.63857 ], [ -122.12446, 37.636 ], [ -122.11959, 37.63596 ], [ -122.11962, 37.63311 ], [ -122.12886, 37.63308 ], [ -122.12858, 37.6305 ], [ -122.12516, 37.62793 ], [ -122.12459, 37.62713 ] ], [ [ -122.15225, 37.61783 ], [ -122.15136, 37.61813 ], [ -122.15252, 37.61776 ], [ -122.15225, 37.61783 ] ], [ [ -122.09543, 37.6207 ], [ -122.09545, 37.62046 ], [ -122.09435, 37.62032 ], [ -122.09298, 37.61949 ], [ -122.09422, 37.62053 ], [ -122.09543, 37.6207 ] ], [ [ -122.09156, 37.61953 ], [ -122.09156, 37.61832 ], [ -122.09016, 37.6185 ], [ -122.09082, 37.61961 ], [ -122.09156, 37.61953 ] ], [ [ -122.08895, 37.62 ], [ -122.08856, 37.61956 ], [ -122.08825, 37.61968 ], [ -122.08854, 37.62015 ], [ -122.08895, 37.62 ] ], [ [ -122.08566, 37.62021 ], [ -122.08579, 37.62121 ], [ -122.08753, 37.62055 ], [ -122.08733, 37.62024 ], [ -122.08566, 37.62021 ] ] ] } },
{ "type": "Feature", "properties": { "kind": "label", "km": 2, "city": "Hayward", "people": 2532 }, "geometry": { "type": "Point", "coordinates": [ -122.12801, 37.61952 ] } },
{ "type": "Feature", "properties": { "kind": "area", "km": 2, "city": "Hayward", "people": 34 }, "geometry": { "type": "Polygon", "coordinates": [ [ [ -122.12194, 37.66614 ], [ -122.11982, 37.66504 ], [ -122.11991, 37.66407 ], [ -122.11896, 37.6623 ], [ -122.12386, 37.66196 ], [ -122.1235, 37.65657 ], [ -122.12016, 37.65654 ], [ -122.11996, 37.65322 ], [ -122.12022, 37.653 ], [ -122.12461, 37.65297 ], [ -122.12494, 37.65606 ], [ -122.12555, 37.65695 ], [ -122.13149, 37.65952 ], [ -122.1346, 37.65789 ], [ -122.1335, 37.65668 ], [ -122.13355, 37.65465 ], [ -122.131, 37.65434 ], [ -122.13063, 37.65386 ], [ -122.13062, 37.65289 ], [ -122.13416, 37.65272 ], [ -122.14403, 37.66334 ], [ -122.14368, 37.66356 ], [ -122.13925, 37.66275 ], [ -122.13466, 37.663 ], [ -122.13458, 37.66478 ], [ -122.1337, 37.66506 ], [ -122.12798, 37.66539 ], [ -122.12819, 37.66785 ], [ -122.12793, 37.66809 ], [ -122.12331, 37.66828 ], [ -122.12158, 37.66687 ], [ -122.12194, 37.66614 ] ] ] } },
{ "type": "Feature", "properties": { "kind": "label", "km": 2, "city": "Hayward", "people": 34 }, "geometry": { "type": "Point", "coordinates": [ -122.13245, 37.66027 ] } },
{ "type": "Feature", "properties": { "kind": "area", "km": 2, "city": "Hayward", "people": 41 }, "geometry": { "type": "Polygon", "coordinates": [ [ [ -122.07444, 37.6193 ], [ -122.074, 37.61996 ], [ -122.07308, 37.6197 ], [ -122.07358, 37.61852 ], [ -122.07415, 37.61861 ], [ -122.07444, 37.6193 ] ] ] } },
{ "type": "Feature", "properties": { "kind": "label", "km": 2, "city": "Hayward", "people": 41 }, "geometry": { "type": "Point", "coordinates": [ -122.07384, 37.61922 ] } },
{ "type": "Feature", "properties": { "kind": "area", "km": 2, "city": "Hayward", "people": 18 }, "geometry": { "type": "Polygon", "coordinates": [ [ [ -122.07599, 37.62104 ], [ -122.07417, 37.62114 ], [ -122.07421, 37.61989 ], [ -122.07524, 37.61979 ], [ -122.07599, 37.62104 ] ] ] } },
{ "type": "Feature", "properties": { "kind": "label", "km": 2, "city": "Hayward", "people": 18 }, "geometry": { "type": "Point", "coordinates": [ -122.07493, 37.62059 ] } },
{ "type": "Feature", "properties": { "kind": "area", "km": 2, "city": "Newark", "people": 366 }, "geometry": { "type": "Polygon", "coordinates": [ [ [ -122.05349, 37.5284 ], [ -122.05006, 37.52949 ], [ -122.04471, 37.53352 ], [ -122.04166, 37.5311 ], [ -122.04213, 37.53054 ], [ -122.04419, 37.52989 ], [ -122.04474, 37.53113 ], [ -122.0452, 37.53125 ], [ -122.04925, 37.52819 ], [ -122.05304, 37.52691 ], [ -122.05346, 37.52713 ], [ -122.05577, 37.52667 ], [ -122.0561, 37.52635 ], [ -122.06222, 37.52845 ], [ -122.06337, 37.5292 ], [ -122.06398, 37.53007 ], [ -122.06442, 37.53294 ], [ -122.06242, 37.5333 ], [ -122.06135, 37.53421 ], [ -122.06018, 37.53391 ], [ -122.05952, 37.53459 ], [ -122.06106, 37.53537 ], [ -122.06079, 37.53628 ], [ -122.06098, 37.53715 ], [ -122.05957, 37.53836 ], [ -122.0574, 37.53708 ], [ -122.05639, 37.53831 ], [ -122.05498, 37.53853 ], [ -122.05466, 37.53742 ], [ -122.05566, 37.53703 ], [ -122.05614, 37.53643 ], [ -122.05596, 37.53613 ], [ -122.05517, 37.53579 ], [ -122.05345, 37.53721 ], [ -122.05012, 37.53506 ], [ -122.05219, 37.53291 ], [ -122.05342, 37.53308 ], [ -122.05362, 37.532 ], [ -122.05167, 37.52921 ], [ -122.05349, 37.5284 ] ], [ [ -122.05763, 37.53571 ], [ -122.05779, 37.53529 ], [ -122.05682, 37.53482 ], [ -122.05647, 37.53498 ], [ -122.05763, 37.53571 ] ] ] } },
{ "type": "Feature", "properties": { "kind": "label", "km": 2, "city": "Newark", "people": 366 }, "geometry": { "type": "Point", "coordinates": [ -122.05898, 37.53235 ] } },
{ "type": "Feature", "properties": { "kind": "area", "km": 2, "city": "Newark", "people": 237 }, "geometry": { "type": "Polygon", "coordinates": [ [ [ -122.06568, 37.51911 ], [ -122.05124, 37.5239 ], [ -122.05184, 37.52567 ], [ -122.05039, 37.52613 ], [ -122.04967, 37.525 ], [ -122.04663, 37.526 ], [ -122.04715, 37.52721 ], [ -122.04562, 37.52775 ], [ -122.04358, 37.52408 ], [ -122.04593, 37.52311 ], [ -122.0452, 37.52194 ], [ -122.03612, 37.52483 ], [ -122.03423, 37.52161 ], [ -122.03162, 37.52227 ], [ -122.02962, 37.52401 ], [ -122.01226, 37.51596 ], [ -122.01106, 37.51868 ], [ -122.00941, 37.51834 ], [ -122.00938, 37.51755 ], [ -122.00517, 37.51136 ], [ -122.004, 37.51219 ], [ -122.00243, 37.5178 ], [ -122.0018, 37.51787 ], [ -121.99963, 37.5166 ], [ -122.00038, 37.51537 ], [ -122.00177, 37.5157 ], [ -122.00258, 37.51299 ], [ -121.99729, 37.51171 ], [ -121.99603, 37.51165 ], [ -121.99707, 37.51195 ], [ -121.99679, 37.51263 ], [ -121.99501, 37.51239 ], [ -121.99495, 37.51134 ], [ -121.99579, 37.50941 ], [ -121.99958, 37.51033 ], [ -122.0005, 37.50812 ], [ -121.99657, 37.50701 ], [ -121.99758, 37.50419 ], [ -121.99814, 37.50369 ], [ -122.00807, 37.51307 ], [ -122.01195, 37.51529 ], [ -122.01456, 37.50969 ], [ -122.01218, 37.50699 ], [ -122.01166, 37.504 ], [ -122.01232, 37.50338 ], [ -122.01349, 37.50322 ], [ -122.01463, 37.50228 ], [ -122.01518, 37.50133 ], [ -122.01456, 37.50023 ], [ -122.01296, 37.50023 ], [ -122.01227, 37.49983 ], [ -122.01277, 37.4981 ], [ -122.01225, 37.49704 ], [ -122.01134, 37.49693 ], [ -122.00968, 37.49784 ], [ -122.00812, 37.49772 ], [ -122.00721, 37.49717 ], [ -122.0061, 37.49589 ], [ -122.00578, 37.49457 ], [ -122.00783, 37.49362 ], [ -122.00992, 37.49326 ], [ -122.01043, 37.49277 ], [ -122.00947, 37.48894 ], [ -122.01172, 37.48558 ], [ -122.0136, 37.48149 ], [ -122.01445, 37.48119 ], [ -122.01806, 37.48367 ], [ -122.01989, 37.48437 ], [ -122.02302, 37.48448 ], [ -122.0246, 37.48313 ], [ -122.025, 37.48236 ], [ -122.0256, 37.47888 ], [ -122.02713, 37.47839 ], [ -122.02769, 37.47854 ], [ -122.03053, 37.4826 ], [ -122.03046, 37.48729 ], [ -122.03023, 37.48787 ], [ -122.02956, 37.48815 ], [ -122.03052, 37.48922 ], [ -122.03177, 37.48899 ], [ -122.0324, 37.48917 ], [ -122.03546, 37.49219 ], [ -122.0367, 37.4924 ], [ -122.0384, 37.49347 ], [ -122.04123, 37.49332 ], [ -122.05093, 37.49628 ], [ -122.05112, 37.49745 ], [ -122.0577, 37.49898 ], [ -122.05782, 37.5 ], [ -122.05641, 37.50177 ], [ -122.05533, 37.50413 ], [ -122.05432, 37.50843 ], [ -122.05488, 37.50977 ], [ -122.05536, 37.50972 ], [ -122.0556, 37.5102 ], [ -122.0553, 37.51054 ], [ -122.05601, 37.51402 ], [ -122.06048, 37.51457 ], [ -122.06083, 37.51389 ], [ -122.0642, 37.51275 ], [ -122.06467, 37.51282 ], [ -122.06766, 37.51823 ], [ -122.06568, 37.51911 ] ], [ [ -122.04893, 37.5161 ], [ -122.05071, 37.51922 ], [ -122.05203, 37.51876 ], [ -122.05034, 37.51549 ], [ -122.04893, 37.5161 ] ], [ [ -122.04955, 37.52194 ], [ -122.04871, 37.52038 ], [ -122.04793, 37.52053 ], [ -122.04731, 37.51948 ], [ -122.04646, 37.51978 ], [ -122.04764, 37.52201 ], [ -122.04835, 37.52183 ], [ -122.04871, 37.52226 ], [ -122.04955, 37.52194 ] ], [ [ -122.04906, 37.5187 ], [ -122.0497, 37.51957 ], [ -122.04923, 37.51865 ], [ -122.04906, 37.5187 ] ], [ [ -122.04618, 37.51546 ], [ -122.0339, 37.51965 ], [ -122.03459, 37.52111 ], [ -122.03922, 37.51954 ], [ -122.04064, 37.5183 ], [ -122.04659, 37.51629 ], [ -122.04618, 37.51546 ] ], [ [ -122.04749, 37.52427 ], [ -122.04563, 37.52462 ], [ -122.04583, 37.52502 ], [ -122.04759, 37.52445 ], [ -122.04749, 37.52427 ] ] ] } },
{ "type": "Feature", "properties": { "kind": "label", "km": 2, "city": "Newark", "people": 237 }, "geometry": { "type": "Point", "coordinates": [ -122.03405, 37.50311 ] } },
{ "type": "Feature", "properties": { "kind": "area", "km": 2, "city": "Oakland", "people": 2 }, "geometry": { "type": "Polygon", "coordinates": [ [ [ -122.30779, 37.79604 ], [ -122.29323, 37.79876 ], [ -122.29006, 37.79906 ], [ -122.28746, 37.8003 ], [ -122.28841, 37.80065 ], [ -122.2882, 37.8011 ], [ -122.28485, 37.80031 ], [ -122.28529, 37.79861 ], [ -122.28136, 37.79715 ], [ -122.28199, 37.79612 ], [ -122.28365, 37.79459 ], [ -122.288, 37.79477 ], [ -122.28812, 37.79559 ], [ -122.28837, 37.7952 ], [ -122.28885, 37.79532 ], [ -122.28876, 37.796 ], [ -122.29005, 37.79484 ], [ -122.29132, 37.79463 ], [ -122.29179, 37.79483 ], [ -122.29259, 37.79427 ], [ -122.29353, 37.79431 ], [ -122.29376, 37.79385 ], [ -122.29602, 37.79321 ], [ -122.30557, 37.7935 ], [ -122.31349, 37.79527 ], [ -122.31326, 37.79553 ], [ -122.30779, 37.79604 ] ] ] } },
{ "type": "Feature", "properties": { "kind": "label", "km": 2, "city": "Oakland", "people": 2 }, "geometry": { "type": "Point", "coordinates": [ -122.29176, 37.7972 ] } },
{ "type": "Feature", "properties": { "kind": "area", "km": 2, "city": "Oakland", "people": 132 }, "geometry": { "type": "Polygon", "coordinates": [ [ [ -122.29382, 37.80238 ], [ -122.28967, 37.80296 ], [ -122.28842, 37.80287 ], [ -122.28952, 37.79989 ], [ -122.29011, 37.79927 ], [ -122.29318, 37.79936 ], [ -122.29848, 37.80057 ], [ -122.30254, 37.80189 ], [ -122.3045, 37.80308 ], [ -122.30825, 37.80696 ], [ -122.30883, 37.80813 ], [ -122.31077, 37.80857 ], [ -122.31227, 37.80849 ], [ -122.31295, 37.81062 ], [ -122.31499, 37.80864 ], [ -122.32042, 37.80909 ], [ -122.32348, 37.80782 ], [ -122.32777, 37.80743 ], [ -122.32867, 37.80813 ], [ -122.32896, 37.80965 ], [ -122.33404, 37.81014 ], [ -122.33414, 37.81045 ], [ -122.33308, 37.81126 ], [ -122.32779, 37.81073 ], [ -122.32754, 37.81051 ], [ -122.32636, 37.81066 ], [ -122.32311, 37.81035 ], [ -122.31349, 37.81942 ], [ -122.30892, 37.81906 ], [ -122.30868, 37.82091 ], [ -122.3125, 37.822 ], [ -122.31529, 37.82161 ], [ -122.31885, 37.81849 ], [ -122.31975, 37.81903 ], [ -122.31966, 37.8194 ], [ -122.32128, 37.82076 ], [ -122.32433, 37.82082 ], [ -122.33035, 37.82007 ], [ -122.3309, 37.82038 ], [ -122.33038, 37.82162 ], [ -122.3243, 37.82225 ], [ -122.30483, 37.82539 ], [ -122.29605, 37.8274 ], [ -122.29498, 37.82791 ], [ -122.29403, 37.8291 ], [ -122.29367, 37.82913 ], [ -122.2932, 37.8282 ], [ -122.2912, 37.8263 ], [ -122.29225, 37.82256 ], [ -122.29297, 37.82192 ], [ -122.29394, 37.82174 ], [ -122.29473, 37.82072 ], [ -122.29868, 37.81771 ], [ -122.30392, 37.81182 ], [ -122.30719, 37.80995 ], [ -122.30819, 37.80848 ], [ -122.30612, 37.80827 ], [ -122.30636, 37.8073 ], [ -122.30584, 37.80718 ], [ -122.30596, 37.80804 ], [ -122.30563, 37.80822 ], [ -122.30472, 37.80809 ], [ -122.30455, 37.80769 ], [ -122.29814, 37.80624 ], [ -122.29802, 37.80596 ], [ -122.29867, 37.80508 ], [ -122.29726, 37.80466 ], [ -122.29774, 37.80325 ], [ -122.29614, 37.80288 ], [ -122.29553, 37.8043 ], [ -122.29431, 37.80409 ], [ -122.29368, 37.80515 ], [ -122.29226, 37.80491 ], [ -122.2926, 37.80337 ], [ -122.29392, 37.80353 ], [ -122.29414, 37.80287 ], [ -122.29382, 37.80238 ] ], [ [ -122.31031, 37.81292 ], [ -122.30553, 37.8125 ], [ -122.30137, 37.81569 ], [ -122.29921, 37.81812 ], [ -122.30468, 37.81881 ], [ -122.3023, 37.82121 ], [ -122.30019, 37.8201 ], [ -122.29675, 37.82085 ], [ -122.30025, 37.82245 ], [ -122.30177, 37.82127 ], [ -122.30285, 37.82274 ], [ -122.30461, 37.82371 ], [ -122.30702, 37.82315 ], [ -122.30533, 37.82271 ], [ -122.3061, 37.82191 ], [ -122.307, 37.82154 ], [ -122.30657, 37.82082 ], [ -122.30694, 37.81879 ], [ -122.30501, 37.81861 ], [ -122.30482, 37.81833 ], [ -122.31031, 37.81292 ] ], [ [ -122.31082, 37.82266 ], [ -122.31067, 37.82269 ], [ -122.31089, 37.82266 ], [ -122.31082, 37.82266 ] ], [ [ -122.31682, 37.82197 ], [ -122.32037, 37.82144 ], [ -122.31919, 37.81994 ], [ -122.31682, 37.82197 ] ] ] } },
{ "type": "Feature", "properties": { "kind": "label", "km": 2, "city": "Oakland", "people": 132 }, "geometry": { "type": "Point", "coordinates": [ -122.31436, 37.81387 ] } },
{ "type": "Feature", "properties": { "kind": "area", "km": 2, "city": "Oakland", "people": 1019 }, "geometry": { "type": "Polygon", "coordinates": [ [ [ -122.2935, 37.81465 ], [ -122.29556, 37.81568 ], [ -122.29579, 37.81539 ], [ -122.29464, 37.81469 ], [ -122.29546, 37.81379 ], [ -122.29763, 37.81487 ], [ -122.29841, 37.81558 ], [ -122.29554, 37.81786 ], [ -122.29423, 37.81943 ], [ -122.29346, 37.81924 ], [ -122.29133, 37.82182 ], [ -122.28968, 37.82119 ], [ -122.29189, 37.81811 ], [ -122.29329, 37.8186 ], [ -122.29422, 37.81742 ], [ -122.29213, 37.81637 ], [ -122.29085, 37.81771 ], [ -122.28939, 37.81686 ], [ -122.28709, 37.81643 ], [ -122.28757, 37.81446 ], [ -122.28991, 37.81499 ], [ -122.29045, 37.81366 ], [ -122.29172, 37.81385 ], [ -122.29246, 37.81319 ], [ -122.29389, 37.81391 ], [ -122.2935, 37.81465 ] ], [ [ -122.29037, 37.81556 ], [ -122.28996, 37.81546 ], [ -122.28956, 37.81657 ], [ -122.29037, 37.81556 ] ] ] } },
{ "type": "Feature", "properties": { "kind": "label", "km": 2, "city": "Oakland", "people": 1019 }, "geometry": { "type": "Point", "coordinates": [ -122.29511, 37.81743 ] } },
{ "type": "Feature", "properties": { "kind": "area", "km": 2, "city": "Oakland", "people": 532 }, "geometry": { "type": "Polygon", "coordinates": [ [ [ -122.22327, 37.76169 ], [ -122.22129, 37.76323 ], [ -122.22375, 37.76525 ], [ -122.22474, 37.76438 ], [ -122.2251, 37.7644 ], [ -122.22475, 37.76509 ], [ -122.22615, 37.76679 ], [ -122.23015, 37.76945 ], [ -122.22946, 37.76967 ], [ -122.22706, 37.76841 ], [ -122.22246, 37.76833 ], [ -122.22168, 37.76834 ], [ -122.22204, 37.76921 ], [ -122.22154, 37.76953 ], [ -122.22375, 37.77157 ], [ -122.22815, 37.77308 ], [ -122.22796, 37.77369 ], [ -122.22351, 37.77219 ], [ -122.22239, 37.77334 ], [ -122.22128, 37.77274 ], [ -122.22181, 37.77191 ], [ -122.22046, 37.77125 ], [ -122.21941, 37.77264 ], [ -122.22017, 37.77304 ], [ -122.22003, 37.77342 ], [ -122.21738, 37.7723 ], [ -122.21733, 37.77194 ], [ -122.21989, 37.77011 ], [ -122.21876, 37.76926 ], [ -122.21963, 37.7685 ], [ -122.21863, 37.76717 ], [ -122.21593, 37.76485 ], [ -122.21462, 37.76433 ], [ -122.21305, 37.76587 ], [ -122.21229, 37.7655 ], [ -122.21147, 37.76607 ], [ -122.21081, 37.76567 ], [ -122.21003, 37.76602 ], [ -122.20911, 37.76547 ], [ -122.20987, 37.76479 ], [ -122.20076, 37.75706 ], [ -122.19837, 37.75884 ], [ -122.19513, 37.75571 ], [ -122.1971, 37.7543 ], [ -122.19829, 37.75522 ], [ -122.19851, 37.75508 ], [ -122.19727, 37.75395 ], [ -122.19755, 37.75337 ], [ -122.20096, 37.75654 ], [ -122.20807, 37.75378 ], [ -122.21252, 37.75874 ], [ -122.21182, 37.75942 ], [ -122.21301, 37.76145 ], [ -122.214, 37.7617 ], [ -122.21742, 37.7596 ], [ -122.21678, 37.75791 ], [ -122.21568, 37.75738 ], [ -122.21654, 37.75637 ], [ -122.2157, 37.75625 ], [ -122.21519, 37.75548 ], [ -122.21429, 37.75535 ], [ -122.21409, 37.75472 ], [ -122.21339, 37.75498 ], [ -122.21231, 37.75485 ], [ -122.21163, 37.75351 ], [ -122.21098, 37.75308 ], [ -122.21092, 37.75174 ], [ -122.20829, 37.75319 ], [ -122.20773, 37.75287 ], [ -122.21174, 37.75039 ], [ -122.21166, 37.7497 ], [ -122.21217, 37.74936 ], [ -122.2072, 37.74365 ], [ -122.20846, 37.74255 ], [ -122.2094, 37.74212 ], [ -122.21091, 37.742 ], [ -122.21135, 37.74251 ], [ -122.21155, 37.74371 ], [ -122.21392, 37.74575 ], [ -122.21716, 37.74776 ], [ -122.21431, 37.74276 ], [ -122.21142, 37.74098 ], [ -122.21063, 37.73997 ], [ -122.21086, 37.73736 ], [ -122.21011, 37.73657 ], [ -122.20991, 37.73601 ], [ -122.21019, 37.73574 ], [ -122.20875, 37.73264 ], [ -122.20748, 37.73156 ], [ -122.20768, 37.73118 ], [ -122.20816, 37.73119 ], [ -122.20804, 37.73062 ], [ -122.2084, 37.73028 ], [ -122.21078, 37.73157 ], [ -122.21391, 37.73841 ], [ -122.21544, 37.74088 ], [ -122.21956, 37.74449 ], [ -122.22129, 37.74556 ], [ -122.22234, 37.74584 ], [ -122.22264, 37.74548 ], [ -122.2236, 37.74542 ], [ -122.22377, 37.74754 ], [ -122.22677, 37.7478 ], [ -122.22655, 37.7483 ], [ -122.22366, 37.74826 ], [ -122.22375, 37.75477 ], [ -122.21805, 37.75996 ], [ -122.21935, 37.75984 ], [ -122.22098, 37.75861 ], [ -122.22226, 37.75849 ], [ -122.22336, 37.75988 ], [ -122.22327, 37.76169 ] ], [ [ -122.21925, 37.76641 ], [ -122.21906, 37.76588 ], [ -122.21841, 37.76537 ], [ -122.21925, 37.76641 ] ], [ [ -122.20594, 37.75526 ], [ -122.20673, 37.75607 ], [ -122.2083, 37.75546 ], [ -122.20746, 37.75481 ], [ -122.20594, 37.75526 ] ] ] } },
{ "type": "Feature", "properties": { "kind": "label", "km": 2, "city": "Oakland", "people": 532 }, "geometry": { "type": "Point", "coordinates": [ -122.21729, 37.75201 ] } },
{ "type": "Feature", "properties": { "kind": "area", "km": 2, "city": "Oakland", "people": 145 }, "geometry": { "type": "Polygon", "coordinates": [ [ [ -122.24387, 37.77847 ], [ -122.24411, 37.77967 ], [ -122.24352, 37.78018 ], [ -122.24421, 37.7802 ], [ -122.24434, 37.78072 ], [ -122.24351, 37.78096 ], [ -122.24409, 37.78121 ], [ -122.24421, 37.78232 ], [ -122.24353, 37.78274 ], [ -122.24364, 37.78352 ], [ -122.24464, 37.78351 ], [ -122.24545, 37.78458 ], [ -122.24761, 37.78618 ], [ -122.24814, 37.78593 ], [ -122.24922, 37.78664 ], [ -122.25258, 37.78758 ], [ -122.25468, 37.78726 ], [ -122.25481, 37.78689 ], [ -122.25846, 37.78556 ], [ -122.26162, 37.78689 ], [ -122.25904, 37.7892 ], [ -122.26169, 37.78749 ], [ -122.26285, 37.78741 ], [ -122.26331, 37.78766 ], [ -122.26365, 37.78949 ], [ -122.26558, 37.78836 ], [ -122.26574, 37.78876 ], [ -122.26461, 37.78959 ], [ -122.26617, 37.7886 ], [ -122.26646, 37.78893 ], [ -122.2659, 37.78941 ], [ -122.26861, 37.78771 ], [ -122.27443, 37.7911 ], [ -122.27394, 37.7923 ], [ -122.2736, 37.79243 ], [ -122.2722, 37.79182 ], [ -122.27042, 37.79059 ], [ -122.26824, 37.79034 ], [ -122.26808, 37.78974 ], [ -122.26694, 37.7895 ], [ -122.26657, 37.79009 ], [ -122.26443, 37.7913 ], [ -122.26145, 37.79086 ], [ -122.25921, 37.79002 ], [ -122.25825, 37.78981 ], [ -122.25556, 37.78931 ], [ -122.2554, 37.78904 ], [ -122.25581, 37.78856 ], [ -122.25543, 37.788 ], [ -122.25306, 37.78884 ], [ -122.25864, 37.78993 ], [ -122.26011, 37.79047 ], [ -122.26005, 37.79106 ], [ -122.25911, 37.79223 ], [ -122.25804, 37.7929 ], [ -122.257, 37.79261 ], [ -122.25542, 37.79141 ], [ -122.25119, 37.79 ], [ -122.2449, 37.78731 ], [ -122.24434, 37.78597 ], [ -122.24452, 37.78573 ], [ -122.24689, 37.7868 ], [ -122.24267, 37.7845 ], [ -122.24286, 37.78367 ], [ -122.24217, 37.7786 ], [ -122.24076, 37.77732 ], [ -122.24048, 37.776 ], [ -122.23982, 37.77545 ], [ -122.23958, 37.7744 ], [ -122.23746, 37.77329 ], [ -122.23567, 37.77297 ], [ -122.23597, 37.77204 ], [ -122.23864, 37.77306 ], [ -122.24132, 37.77495 ], [ -122.24108, 37.77537 ], [ -122.24171, 37.77575 ], [ -122.24333, 37.77824 ], [ -122.24387, 37.77847 ] ] ] } },
{ "type": "Feature", "properties": { "kind": "label", "km": 2, "city": "Oakland", "people": 145 }, "geometry": { "type": "Point", "coordinates": [ -122.24339, 37.78255 ] } },
{ "type": "Feature", "properties": { "kind": "area", "km": 2, "city": "Oakland", "people": 35 }, "geometry": { "type": "Polygon", "coordinates": [ [ [ -122.25341, 37.80273 ], [ -122.25275, 37.80212 ], [ -122.25224, 37.80082 ], [ -122.25321, 37.80072 ], [ -122.25389, 37.80022 ], [ -122.25434, 37.80032 ], [ -122.25508, 37.79979 ], [ -122.2571, 37.79973 ], [ -122.25897, 37.79841 ], [ -122.25974, 37.79843 ], [ -122.25968, 37.79898 ], [ -122.25925, 37.79898 ], [ -122.25783, 37.80015 ], [ -122.2567, 37.80047 ], [ -122.25546, 37.80044 ], [ -122.25494, 37.80075 ], [ -122.25489, 37.80221 ], [ -122.25369, 37.80404 ], [ -122.25121, 37.80507 ], [ -122.24987, 37.80824 ], [ -122.25123, 37.80792 ], [ -122.25288, 37.80689 ], [ -122.25549, 37.80686 ], [ -122.25608, 37.80627 ], [ -122.25624, 37.80528 ], [ -122.25876, 37.80445 ], [ -122.26035, 37.80599 ], [ -122.26058, 37.80663 ], [ -122.26134, 37.80672 ], [ -122.26172, 37.80716 ], [ -122.26169, 37.81027 ], [ -122.26255, 37.80732 ], [ -122.26154, 37.80541 ], [ -122.26045, 37.80465 ], [ -122.26059, 37.80436 ], [ -122.26128, 37.8043 ], [ -122.26253, 37.8051 ], [ -122.26361, 37.80743 ], [ -122.26264, 37.81112 ], [ -122.2609, 37.81095 ], [ -122.25936, 37.80999 ], [ -122.25854, 37.8082 ], [ -122.25924, 37.80643 ], [ -122.25868, 37.80566 ], [ -122.25766, 37.80589 ], [ -122.25614, 37.80766 ], [ -122.25333, 37.80797 ], [ -122.25288, 37.80886 ], [ -122.25112, 37.80879 ], [ -122.24995, 37.80927 ], [ -122.24895, 37.80855 ], [ -122.25024, 37.80536 ], [ -122.24916, 37.80501 ], [ -122.24908, 37.8047 ], [ -122.25078, 37.80395 ], [ -122.2512, 37.80414 ], [ -122.25289, 37.8038 ], [ -122.25341, 37.80273 ] ] ] } },
{ "type": "Feature", "properties": { "kind": "label", "km": 2, "city": "Oakland", "people": 35 }, "geometry": { "type": "Point", "coordinates": [ -122.25026, 37.80495 ] } },
{ "type": "Feature", "properties": { "kind": "area", "km": 2, "city": "Oakland", "people": 2 }, "geometry": { "type": "Polygon", "coordinates": [ [ [ -122.28678, 37.81784 ], [ -122.28611, 37.8196 ], [ -122.28481, 37.81935 ], [ -122.28542, 37.8175 ], [ -122.28678, 37.81784 ] ] ] } },
{ "type": "Feature", "properties": { "kind": "label", "km": 2, "city": "Oakland", "people": 2 }, "geometry": { "type": "Point", "coordinates": [ -122.28582, 37.81838 ] } },
{ "type": "Feature", "properties": { "kind": "area", "km": 2, "city": "Oakland", "people": 21 }, "geometry": { "type": "Polygon", "coordinates": [ [ [ -122.20774, 37.72943 ], [ -122.20629, 37.73204 ], [ -122.20483, 37.73284 ], [ -122.20307, 37.73106 ], [ -122.20026, 37.72996 ], [ -122.20004, 37.72955 ], [ -122.20156, 37.72638 ], [ -122.20774, 37.72943 ] ] ] } },
{ "type": "Feature", "properties": { "kind": "label", "km": 2, "city": "Oakland", "people": 21 }, "geometry": { "type": "Point", "coordinates": [ -122.20391, 37.72955 ] } },
{ "type": "Feature", "properties": { "kind": "area", "km": 2, "city": "Oakland", "people": 1 }, "geometry": { "type": "Polygon", "coordinates": [ [ [ -122.19671, 37.75104 ], [ -122.19634, 37.75101 ], [ -122.19049, 37.74594 ], [ -122.19117, 37.74385 ], [ -122.19618, 37.74796 ], [ -122.19629, 37.7499 ], [ -122.19686, 37.75057 ], [ -122.19671, 37.75104 ] ] ] } },
{ "type": "Feature", "properties": { "kind": "label", "km": 2, "city": "Oakland", "people": 1 }, "geometry": { "type": "Point", "coordinates": [ -122.19369, 37.74727 ] } },
{ "type": "Feature", "properties": { "kind": "area", "km": 2, "city": "San Leandro", "people": 3481 }, "geometry": { "type": "Polygon", "coordinates": [ [ [ -122.17311, 37.69191 ], [ -122.17266, 37.69097 ], [ -122.16738, 37.69131 ], [ -122.16215, 37.68354 ], [ -122.16121, 37.68363 ], [ -122.16017, 37.68234 ], [ -122.16058, 37.6818 ], [ -122.15955, 37.6807 ], [ -122.15886, 37.68111 ], [ -122.15852, 37.68102 ], [ -122.15756, 37.67971 ], [ -122.15827, 37.67933 ], [ -122.15421, 37.67498 ], [ -122.15428, 37.6745 ], [ -122.15526, 37.6739 ], [ -122.15484, 37.671 ], [ -122.15757, 37.66931 ], [ -122.158, 37.66942 ], [ -122.16159, 37.66754 ], [ -122.16197, 37.66767 ], [ -122.16286, 37.67006 ], [ -122.16397, 37.67157 ], [ -122.1648, 37.67201 ], [ -122.16553, 37.6719 ], [ -122.16553, 37.67277 ], [ -122.16628, 37.67244 ], [ -122.16683, 37.67273 ], [ -122.16754, 37.6751 ], [ -122.16913, 37.67728 ], [ -122.1712, 37.6781 ], [ -122.17455, 37.68122 ], [ -122.17716, 37.68157 ], [ -122.1784, 37.68234 ], [ -122.18208, 37.68849 ], [ -122.18376, 37.69026 ], [ -122.1847, 37.69017 ], [ -122.18449, 37.69079 ], [ -122.18618, 37.68994 ], [ -122.18772, 37.69003 ], [ -122.18913, 37.69098 ], [ -122.19031, 37.69304 ], [ -122.19182, 37.6938 ], [ -122.19199, 37.6943 ], [ -122.19166, 37.69466 ], [ -122.18961, 37.69501 ], [ -122.188, 37.69163 ], [ -122.187, 37.69104 ], [ -122.18582, 37.69148 ], [ -122.18811, 37.69432 ], [ -122.18791, 37.69512 ], [ -122.1871, 37.69564 ], [ -122.18886, 37.69506 ], [ -122.18973, 37.69576 ], [ -122.19145, 37.69514 ], [ -122.1925, 37.69539 ], [ -122.19222, 37.69602 ], [ -122.18933, 37.69679 ], [ -122.18966, 37.69815 ], [ -122.19264, 37.69789 ], [ -122.19318, 37.69756 ], [ -122.19316, 37.6963 ], [ -122.1927, 37.6954 ], [ -122.1929, 37.69464 ], [ -122.19342, 37.6946 ], [ -122.19443, 37.6954 ], [ -122.1944, 37.69872 ], [ -122.19136, 37.69917 ], [ -122.19133, 37.70048 ], [ -122.19009, 37.70094 ], [ -122.19085, 37.70454 ], [ -122.19103, 37.70409 ], [ -122.19301, 37.70326 ], [ -122.19491, 37.70286 ], [ -122.19682, 37.70288 ], [ -122.19983, 37.70388 ], [ -122.20125, 37.705 ], [ -122.20208, 37.70619 ], [ -122.20255, 37.70816 ], [ -122.20187, 37.71073 ], [ -122.20235, 37.71168 ], [ -122.2034, 37.71157 ], [ -122.20354, 37.71216 ], [ -122.19644, 37.7138 ], [ -122.19636, 37.71424 ], [ -122.19815, 37.71406 ], [ -122.19716, 37.71582 ], [ -122.19658, 37.71515 ], [ -122.19345, 37.71458 ], [ -122.18736, 37.71637 ], [ -122.1944, 37.72194 ], [ -122.19435, 37.72228 ], [ -122.18664, 37.71818 ], [ -122.18492, 37.71692 ], [ -122.18503, 37.71663 ], [ -122.1867, 37.71619 ], [ -122.184, 37.71091 ], [ -122.18889, 37.70873 ], [ -122.18375, 37.70096 ], [ -122.17865, 37.70289 ], [ -122.17649, 37.69958 ], [ -122.17737, 37.69901 ], [ -122.17619, 37.69917 ], [ -122.17337, 37.69493 ], [ -122.17311, 37.69191 ] ], [ [ -122.15917, 37.67645 ], [ -122.15733, 37.677 ], [ -122.15618, 37.67567 ], [ -122.1571, 37.67489 ], [ -122.15607, 37.67551 ], [ -122.15605, 37.6759 ], [ -122.15846, 37.67846 ], [ -122.15912, 37.67869 ], [ -122.16042, 37.67835 ], [ -122.15997, 37.67729 ], [ -122.15917, 37.67645 ] ], [ [ -122.16034, 37.67923 ], [ -122.15997, 37.67943 ], [ -122.1613, 37.68099 ], [ -122.16173, 37.68073 ], [ -122.16034, 37.67923 ] ] ] } },
{ "type": "Feature", "properties": { "kind": "label", "km": 2, "city": "San Leandro", "people": 3481 }, "geometry": { "type": "Point", "coordinates": [ -122.18077, 37.69487 ] } },
{ "type": "Feature", "properties": { "kind": "area", "km": 2, "city": "San Leandro", "people": 4 }, "geometry": { "type": "Polygon", "coordinates": [ [ [ -122.18563, 37.72448 ], [ -122.18465, 37.72625 ], [ -122.18417, 37.72626 ], [ -122.18308, 37.7257 ], [ -122.17951, 37.72186 ], [ -122.18528, 37.72089 ], [ -122.18585, 37.72311 ], [ -122.18563, 37.72448 ] ], [ [ -122.18451, 37.72317 ], [ -122.18351, 37.72196 ], [ -122.18151, 37.72228 ], [ -122.18395, 37.725 ], [ -122.18451, 37.72317 ] ] ] } },
{ "type": "Feature", "properties": { "kind": "label", "km": 2, "city": "San Leandro", "people": 4 }, "geometry": { "type": "Point", "coordinates": [ -122.18191, 37.72367 ] } },
{ "type": "Feature", "properties": { "kind": "area", "km": 2, "city": "San Leandro", "people": 8 }, "geometry": { "type": "Polygon", "coordinates": [ [ [ -122.16593, 37.70057 ], [ -122.16508, 37.70043 ], [ -122.16349, 37.69789 ], [ -122.16386, 37.69703 ], [ -122.16423, 37.69713 ], [ -122.16596, 37.69999 ], [ -122.16593, 37.70057 ] ] ] } },
{ "type": "Feature", "properties": { "kind": "label", "km": 2, "city": "San Leandro", "people": 8 }, "geometry": { "type": "Point", "coordinates": [ -122.16456, 37.69863 ] } },
{ "type": "Feature", "properties": { "kind": "area", "km": 2, "city": "San Lorenzo", "people": 9 }, "geometry": { "type": "Polygon", "coordinates": [ [ [ -122.14412, 37.66337 ], [ -122.14387, 37.66369 ], [ -122.13944, 37.66309 ], [ -122.1351, 37.66333 ], [ -122.13519, 37.66426 ], [ -122.1355, 37.66447 ], [ -122.1354, 37.66536 ], [ -122.13071, 37.6654 ], [ -122.13088, 37.66477 ], [ -122.13418, 37.66443 ], [ -122.13429, 37.66258 ], [ -122.1393, 37.6623 ], [ -122.14412, 37.66337 ] ] ] } },
{ "type": "Feature", "properties": { "kind": "label", "km": 2, "city": "San Lorenzo", "people": 9 }, "geometry": { "type": "Point", "coordinates": [ -122.13467, 37.6641 ] } },
{ "type": "Feature", "properties": { "kind": "area", "km": 2, "city": "San Lorenzo", "people": 43 }, "geometry": { "type": "Polygon", "coordinates": [ [ [ -122.16199, 37.66773 ], [ -122.15031, 37.67364 ], [ -122.14979, 37.67298 ], [ -122.15087, 37.6724 ], [ -122.1481, 37.67184 ], [ -122.14831, 37.67088 ], [ -122.14959, 37.67096 ], [ -122.14657, 37.66783 ], [ -122.14583, 37.66808 ], [ -122.14536, 37.66745 ], [ -122.14657, 37.66676 ], [ -122.14572, 37.66552 ], [ -122.14922, 37.66384 ], [ -122.1495, 37.66332 ], [ -122.15085, 37.66256 ], [ -122.15254, 37.66373 ], [ -122.16077, 37.66364 ], [ -122.1616, 37.66537 ], [ -122.16139, 37.66571 ], [ -122.16199, 37.66773 ] ], [ [ -122.1523, 37.66747 ], [ -122.15124, 37.66716 ], [ -122.15038, 37.66752 ], [ -122.15156, 37.66878 ], [ -122.15281, 37.66804 ], [ -122.1523, 37.66747 ] ] ] } },
{ "type": "Feature", "properties": { "kind": "label", "km": 2, "city": "San Lorenzo", "people": 43 }, "geometry": { "type": "Point", "coordinates": [ -122.15736, 37.66797 ] } },
{ "type": "Feature", "properties": { "kind": "area", "km": 2, "city": "Union City", "people": 13420 }, "geometry": { "type": "Polygon", "coordinates": [ [ [ -122.08314, 37.57467 ], [ -122.0833, 37.57573 ], [ -122.08594, 37.58202 ], [ -122.08896, 37.58844 ], [ -122.0917, 37.58889 ], [ -122.09179, 37.59139 ], [ -122.09229, 37.59161 ], [ -122.09231, 37.59259 ], [ -122.09184, 37.59309 ], [ -122.09214, 37.59359 ], [ -122.09122, 37.59451 ], [ -122.09155, 37.60003 ], [ -122.08839, 37.60696 ], [ -122.08756, 37.60784 ], [ -122.08775, 37.60826 ], [ -122.08722, 37.60835 ], [ -122.08423, 37.60571 ], [ -122.08684, 37.60393 ], [ -122.08647, 37.59856 ], [ -122.08187, 37.59878 ], [ -122.08266, 37.60559 ], [ -122.08244, 37.60583 ], [ -122.06859, 37.60585 ], [ -122.06901, 37.60435 ], [ -122.06958, 37.60436 ], [ -122.07306, 37.6023 ], [ -122.07135, 37.60159 ], [ -122.0716, 37.60049 ], [ -122.0741, 37.60101 ], [ -122.07415, 37.60077 ], [ -122.0731, 37.60056 ], [ -122.07147, 37.59969 ], [ -122.07111, 37.60066 ], [ -122.07013, 37.60051 ], [ -122.07085, 37.59724 ], [ -122.06706, 37.59823 ], [ -122.06126, 37.5989 ], [ -122.06556, 37.60497 ], [ -122.06546, 37.60527 ], [ -122.05801, 37.60384 ], [ -122.05894, 37.59987 ], [ -122.05818, 37.59965 ], [ -122.05784, 37.59868 ], [ -122.05723, 37.59821 ], [ -122.05662, 37.5987 ], [ -122.05505, 37.59805 ], [ -122.05455, 37.59703 ], [ -122.05496, 37.59635 ], [ -122.05627, 37.59662 ], [ -122.06065, 37.59858 ], [ -122.05645, 37.59261 ], [ -122.06027, 37.59161 ], [ -122.06401, 37.5867 ], [ -122.06207, 37.58379 ], [ -122.06016, 37.57496 ], [ -122.06301, 37.57155 ], [ -122.06258, 37.57104 ], [ -122.06641, 37.56642 ], [ -122.06954, 37.56348 ], [ -122.0713, 37.5628 ], [ -122.08027, 37.56117 ], [ -122.08101, 37.56131 ], [ -122.0809, 37.56212 ], [ -122.08391, 37.5623 ], [ -122.08403, 37.56533 ], [ -122.08015, 37.56505 ], [ -122.07941, 37.56619 ], [ -122.08474, 37.56613 ], [ -122.08496, 37.56643 ], [ -122.08429, 37.56693 ], [ -122.08539, 37.56717 ], [ -122.08446, 37.56784 ], [ -122.08392, 37.56966 ], [ -122.08582, 37.5734 ], [ -122.08314, 37.57467 ] ], [ [ -122.07438, 37.59922 ], [ -122.07423, 37.59703 ], [ -122.06972, 37.59243 ], [ -122.07135, 37.59169 ], [ -122.07185, 37.59115 ], [ -122.06495, 37.58734 ], [ -122.06481, 37.58799 ], [ -122.06387, 37.5883 ], [ -122.06112, 37.59213 ], [ -122.05839, 37.59305 ], [ -122.05953, 37.59491 ], [ -122.06156, 37.59565 ], [ -122.0624, 37.59665 ], [ -122.06374, 37.59701 ], [ -122.0656, 37.5967 ], [ -122.06656, 37.59737 ], [ -122.06749, 37.597 ], [ -122.06663, 37.5961 ], [ -122.06579, 37.59437 ], [ -122.0637, 37.59217 ], [ -122.06399, 37.59183 ], [ -122.06302, 37.59077 ], [ -122.06325, 37.58967 ], [ -122.06582, 37.58869 ], [ -122.06652, 37.58957 ], [ -122.0643, 37.59061 ], [ -122.06669, 37.59003 ], [ -122.06692, 37.59091 ], [ -122.0651, 37.5917 ], [ -122.06523, 37.5919 ], [ -122.06716, 37.59127 ], [ -122.06843, 37.59325 ], [ -122.06712, 37.59392 ], [ -122.06725, 37.59412 ], [ -122.06921, 37.5934 ], [ -122.06988, 37.59417 ], [ -122.06787, 37.59508 ], [ -122.068, 37.5953 ], [ -122.06997, 37.5946 ], [ -122.07064, 37.59537 ], [ -122.06851, 37.59648 ], [ -122.07069, 37.59584 ], [ -122.07121, 37.59672 ], [ -122.07273, 37.59638 ], [ -122.07316, 37.5988 ], [ -122.07438, 37.59922 ] ], [ [ -122.07863, 37.59614 ], [ -122.0788, 37.59466 ], [ -122.08071, 37.59527 ], [ -122.08088, 37.59181 ], [ -122.07961, 37.5918 ], [ -122.07938, 37.59143 ], [ -122.07802, 37.59143 ], [ -122.07772, 37.59118 ], [ -122.07771, 37.59187 ], [ -122.07598, 37.59256 ], [ -122.07442, 37.59271 ], [ -122.07494, 37.59327 ], [ -122.07566, 37.59277 ], [ -122.07732, 37.5937 ], [ -122.07729, 37.59624 ], [ -122.07863, 37.59614 ] ], [ [ -122.07043, 37.57375 ], [ -122.07169, 37.57226 ], [ -122.0706, 37.57186 ], [ -122.06959, 37.57236 ], [ -122.06997, 37.57358 ], [ -122.07043, 37.57375 ] ], [ [ -122.07266, 37.56795 ], [ -122.0737, 37.56642 ], [ -122.07486, 37.56653 ], [ -122.07628, 37.5673 ], [ -122.07703, 37.56643 ], [ -122.07605, 37.56615 ], [ -122.07343, 37.56613 ], [ -122.07341, 37.56673 ], [ -122.07298, 37.56686 ], [ -122.07149, 37.56619 ], [ -122.07077, 37.56618 ], [ -122.07063, 37.56683 ], [ -122.07266, 37.56795 ] ], [ [ -122.07692, 37.60429 ], [ -122.07727, 37.60495 ], [ -122.07805, 37.60496 ], [ -122.07775, 37.60334 ], [ -122.07662, 37.60252 ], [ -122.07687, 37.60193 ], [ -122.07537, 37.60117 ], [ -122.07528, 37.60188 ], [ -122.07445, 37.6027 ], [ -122.07068, 37.60492 ], [ -122.07219, 37.60436 ], [ -122.07293, 37.60499 ], [ -122.07538, 37.60497 ], [ -122.0755, 37.60434 ], [ -122.07692, 37.60429 ] ], [ [ -122.06326, 37.57606 ], [ -122.06447, 37.57444 ], [ -122.06276, 37.57349 ], [ -122.06109, 37.57536 ], [ -122.06138, 37.57669 ], [ -122.06239, 37.57728 ], [ -122.06255, 37.57783 ], [ -122.06382, 37.57639 ], [ -122.06326, 37.57606 ] ], [ [ -122.0643, 37.57896 ], [ -122.06363, 37.57863 ], [ -122.06203, 37.58026 ], [ -122.06294, 37.58346 ], [ -122.06423, 37.58206 ], [ -122.0629, 37.5811 ], [ -122.06396, 37.57999 ], [ -122.0643, 37.57896 ] ], [ [ -122.06503, 37.58427 ], [ -122.06516, 37.58448 ], [ -122.06561, 37.58431 ], [ -122.06548, 37.5841 ], [ -122.06503, 37.58427 ] ], [ [ -122.06289, 37.60338 ], [ -122.06227, 37.60191 ], [ -122.06086, 37.60023 ], [ -122.06009, 37.60345 ], [ -122.06318, 37.6043 ], [ -122.0634, 37.60351 ], [ -122.06289, 37.60338 ] ] ] } },
{ "type": "Feature", "properties": { "kind": "label", "km": 2, "city": "Union City", "people": 13420 }, "geometry": { "type": "Point", "coordinates": [ -122.07503, 37.58502 ] } },
{ "type": "Feature", "properties": { "kind": "area", "km": 5, "city": "Alameda", "people": 2166 }, "geometry": { "type": "Polygon", "coordinates": [ [ [ -122.26398, 37.75921 ], [ -122.26493, 37.75886 ], [ -122.27069, 37.761 ], [ -122.2726, 37.76218 ], [ -122.27505, 37.76494 ], [ -122.27592, 37.76641 ], [ -122.27599, 37.76753 ], [ -122.27648, 37.76794 ], [ -122.27777, 37.76831 ], [ -122.28009, 37.76617 ], [ -122.28091, 37.76613 ], [ -122.28098, 37.76657 ], [ -122.2802, 37.76703 ], [ -122.28017, 37.76831 ], [ -122.27877, 37.76855 ], [ -122.27858, 37.77094 ], [ -122.27685, 37.77135 ], [ -122.27636, 37.77106 ], [ -122.2761, 37.77159 ], [ -122.27276, 37.77148 ], [ -122.27268, 37.76942 ], [ -122.27048, 37.76873 ], [ -122.27077, 37.76763 ], [ -122.27003, 37.76812 ], [ -122.2692, 37.76766 ], [ -122.26835, 37.76765 ], [ -122.26802, 37.76715 ], [ -122.2671, 37.76698 ], [ -122.26693, 37.76653 ], [ -122.26626, 37.76654 ], [ -122.26581, 37.76599 ], [ -122.2651, 37.76599 ], [ -122.26468, 37.76556 ], [ -122.26379, 37.76543 ], [ -122.26372, 37.76429 ], [ -122.26316, 37.76479 ], [ -122.26247, 37.76481 ], [ -122.262, 37.76439 ], [ -122.26218, 37.76388 ], [ -122.26146, 37.76411 ], [ -122.26104, 37.76351 ], [ -122.25995, 37.76344 ], [ -122.25928, 37.76439 ], [ -122.25872, 37.76455 ], [ -122.25805, 37.76407 ], [ -122.25718, 37.76416 ], [ -122.25613, 37.76382 ], [ -122.25577, 37.76328 ], [ -122.25494, 37.76302 ], [ -122.25432, 37.76376 ], [ -122.2527, 37.76309 ], [ -122.25366, 37.76079 ], [ -122.2481, 37.7576 ], [ -122.24897, 37.75557 ], [ -122.24996, 37.75439 ], [ -122.24696, 37.75328 ], [ -122.24479, 37.75573 ], [ -122.24133, 37.75377 ], [ -122.24108, 37.754 ], [ -122.24228, 37.75493 ], [ -122.24149, 37.75567 ], [ -122.23628, 37.7522 ], [ -122.23447, 37.75373 ], [ -122.23276, 37.75263 ], [ -122.23257, 37.75281 ], [ -122.23415, 37.75398 ], [ -122.23341, 37.75477 ], [ -122.23158, 37.75368 ], [ -122.23101, 37.75413 ], [ -122.23039, 37.75384 ], [ -122.22939, 37.75452 ], [ -122.22869, 37.75413 ], [ -122.22723, 37.75516 ], [ -122.22478, 37.75343 ], [ -122.2258, 37.74963 ], [ -122.23635, 37.74833 ], [ -122.23648, 37.74959 ], [ -122.23693, 37.7495 ], [ -122.23992, 37.75058 ], [ -122.24432, 37.75151 ], [ -122.25023, 37.75362 ], [ -122.25069, 37.75343 ], [ -122.25103, 37.75372 ], [ -122.25076, 37.75429 ], [ -122.26185, 37.75841 ], [ -122.26145, 37.7595 ], [ -122.26259, 37.75993 ], [ -122.26315, 37.75905 ], [ -122.26398, 37.75921 ] ], [ [ -122.26405, 37.76189 ], [ -122.26797, 37.76341 ], [ -122.26958, 37.76289 ], [ -122.27042, 37.76362 ], [ -122.2713, 37.76374 ], [ -122.27114, 37.76232 ], [ -122.26509, 37.76012 ], [ -122.26405, 37.76189 ] ] ] } },
{ "type": "Feature", "properties": { "kind": "label", "km": 5, "city": "Alameda", "people": 2166 }, "geometry": { "type": "Point", "coordinates": [ -122.25728, 37.75994 ] } },
{ "type": "Feature", "properties": { "kind": "area", "km": 5, "city": "Alameda", "people": 1294 }, "geometry": { "type": "Polygon", "coordinates": [ [ [ -122.28929, 37.76644 ], [ -122.28812, 37.76855 ], [ -122.28854, 37.7682 ], [ -122.289, 37.76829 ], [ -122.28899, 37.76864 ], [ -122.28951, 37.76895 ], [ -122.28903, 37.76933 ], [ -122.28935, 37.76961 ], [ -122.28988, 37.7692 ], [ -122.29072, 37.76918 ], [ -122.29142, 37.76821 ], [ -122.29193, 37.76963 ], [ -122.2996, 37.77182 ], [ -122.30525, 37.77199 ], [ -122.30502, 37.77279 ], [ -122.3011, 37.77262 ], [ -122.30103, 37.77344 ], [ -122.30131, 37.77368 ], [ -122.30561, 37.77392 ], [ -122.3058, 37.77441 ], [ -122.30139, 37.77439 ], [ -122.3003, 37.77524 ], [ -122.3021, 37.77532 ], [ -122.30238, 37.77574 ], [ -122.30008, 37.77583 ], [ -122.29877, 37.77655 ], [ -122.2986, 37.7798 ], [ -122.3041, 37.78003 ], [ -122.30497, 37.77979 ], [ -122.30605, 37.78017 ], [ -122.30654, 37.77985 ], [ -122.30681, 37.78025 ], [ -122.30822, 37.78034 ], [ -122.30861, 37.77611 ], [ -122.30892, 37.7759 ], [ -122.31563, 37.77629 ], [ -122.31823, 37.77934 ], [ -122.3232, 37.77962 ], [ -122.32552, 37.78081 ], [ -122.3281, 37.78103 ], [ -122.33181, 37.78688 ], [ -122.33117, 37.79242 ], [ -122.3315, 37.7946 ], [ -122.33221, 37.79555 ], [ -122.3319, 37.7971 ], [ -122.33115, 37.79709 ], [ -122.33075, 37.79741 ], [ -122.31564, 37.79363 ], [ -122.30928, 37.79234 ], [ -122.30891, 37.7925 ], [ -122.30334, 37.79086 ], [ -122.29693, 37.79051 ], [ -122.28966, 37.79242 ], [ -122.28789, 37.79264 ], [ -122.28068, 37.79277 ], [ -122.27617, 37.79166 ], [ -122.27757, 37.78869 ], [ -122.27645, 37.78829 ], [ -122.27613, 37.78771 ], [ -122.27562, 37.7834 ], [ -122.27515, 37.78256 ], [ -122.27464, 37.77983 ], [ -122.27647, 37.77937 ], [ -122.27691, 37.77955 ], [ -122.27683, 37.78413 ], [ -122.27873, 37.78668 ], [ -122.27836, 37.78848 ], [ -122.28013, 37.78957 ], [ -122.28086, 37.78868 ], [ -122.28171, 37.78892 ], [ -122.28181, 37.78947 ], [ -122.28247, 37.78948 ], [ -122.28261, 37.7848 ], [ -122.28387, 37.78457 ], [ -122.28792, 37.78463 ], [ -122.28817, 37.7842 ], [ -122.29058, 37.78423 ], [ -122.29051, 37.78072 ], [ -122.29011, 37.78042 ], [ -122.28773, 37.78067 ], [ -122.28759, 37.77996 ], [ -122.28787, 37.77975 ], [ -122.29154, 37.77986 ], [ -122.29168, 37.78466 ], [ -122.29695, 37.78493 ], [ -122.29832, 37.78542 ], [ -122.29817, 37.78829 ], [ -122.30205, 37.78851 ], [ -122.30267, 37.78917 ], [ -122.3034, 37.78857 ], [ -122.30827, 37.78883 ], [ -122.30859, 37.78521 ], [ -122.3082, 37.785 ], [ -122.30832, 37.78365 ], [ -122.29794, 37.78307 ], [ -122.29755, 37.78259 ], [ -122.29775, 37.78018 ], [ -122.29584, 37.78009 ], [ -122.29421, 37.78047 ], [ -122.29305, 37.77995 ], [ -122.29317, 37.77957 ], [ -122.29402, 37.77936 ], [ -122.29545, 37.77947 ], [ -122.29586, 37.77524 ], [ -122.29927, 37.7753 ], [ -122.30022, 37.77453 ], [ -122.30032, 37.77253 ], [ -122.29322, 37.77216 ], [ -122.29298, 37.77531 ], [ -122.29099, 37.77533 ], [ -122.29012, 37.7738 ], [ -122.28597, 37.77175 ], [ -122.28588, 37.7698 ], [ -122.28401, 37.76842 ], [ -122.28437, 37.76699 ], [ -122.28507, 37.76697 ], [ -122.28613, 37.76775 ], [ -122.28687, 37.76757 ], [ -122.28724, 37.76666 ], [ -122.28688, 37.76606 ], [ -122.28264, 37.76503 ], [ -122.2823, 37.76468 ], [ -122.28242, 37.76363 ], [ -122.28293, 37.76353 ], [ -122.2867, 37.76439 ], [ -122.28895, 37.7653 ], [ -122.28929, 37.76644 ] ], [ [ -122.29712, 37.7861 ], [ -122.29714, 37.78609 ], [ -122.2971, 37.78608 ], [ -122.29712, 37.7861 ] ], [ [ -122.28394, 37.78757 ], [ -122.28367, 37.78754 ], [ -122.28363, 37.7879 ], [ -122.28392, 37.78826 ], [ -122.28394, 37.78757 ] ] ] } },
{ "type": "Feature", "properties": { "kind": "label", "km": 5, "city": "Alameda", "people": 1294 }, "geometry": { "type": "Point", "coordinates": [ -122.31098, 37.78039 ] } },
{ "type": "Feature", "properties": { "kind": "area", "km": 5, "city": "Alameda", "people": 6 }, "geometry": { "type": "Polygon", "coordinates": [ [ [ -122.27448, 37.77924 ], [ -122.27239, 37.7791 ], [ -122.27234, 37.77798 ], [ -122.27449, 37.77798 ], [ -122.27473, 37.77903 ], [ -122.27448, 37.77924 ] ] ] } },
{ "type": "Feature", "properties": { "kind": "label", "km": 5, "city": "Alameda", "people": 6 }, "geometry": { "type": "Point", "coordinates": [ -122.27347, 37.77856 ] } },
{ "type": "Feature", "properties": { "kind": "area", "km": 5, "city": "Alameda", "people": 4632 }, "geometry": { "type": "Polygon", "coordinates": [ [ [ -122.25801, 37.73778 ], [ -122.25994, 37.73949 ], [ -122.26136, 37.74006 ], [ -122.26131, 37.74331 ], [ -122.25225, 37.74822 ], [ -122.25083, 37.74841 ], [ -122.24727, 37.74815 ], [ -122.23968, 37.74828 ], [ -122.2377, 37.74798 ], [ -122.23686, 37.74821 ], [ -122.23635, 37.74752 ], [ -122.23526, 37.74692 ], [ -122.22678, 37.74519 ], [ -122.22651, 37.7338 ], [ -122.22923, 37.72857 ], [ -122.22924, 37.72764 ], [ -122.22855, 37.72762 ], [ -122.22838, 37.72736 ], [ -122.2361, 37.71964 ], [ -122.24525, 37.72565 ], [ -122.25021, 37.72979 ], [ -122.25739, 37.73653 ], [ -122.25801, 37.73778 ] ], [ [ -122.25116, 37.74748 ], [ -122.25372, 37.74576 ], [ -122.25623, 37.74513 ], [ -122.25726, 37.74399 ], [ -122.2587, 37.74355 ], [ -122.25759, 37.74289 ], [ -122.25744, 37.74352 ], [ -122.25465, 37.74435 ], [ -122.25281, 37.74207 ], [ -122.2517, 37.74244 ], [ -122.25041, 37.74229 ], [ -122.25041, 37.74303 ], [ -122.25007, 37.74322 ], [ -122.24789, 37.74323 ], [ -122.24631, 37.7427 ], [ -122.24614, 37.74384 ], [ -122.24521, 37.74416 ], [ -122.24419, 37.74516 ], [ -122.24425, 37.74711 ], [ -122.24858, 37.74713 ], [ -122.25116, 37.74748 ] ], [ [ -122.25707, 37.7382 ], [ -122.25707, 37.73821 ], [ -122.25708, 37.73822 ], [ -122.25707, 37.7382 ] ], [ [ -122.25477, 37.74281 ], [ -122.25485, 37.74304 ], [ -122.25566, 37.74284 ], [ -122.25545, 37.74266 ], [ -122.25477, 37.74281 ] ], [ [ -122.23974, 37.73725 ], [ -122.23997, 37.73662 ], [ -122.24077, 37.73596 ], [ -122.23976, 37.73588 ], [ -122.2389, 37.73718 ], [ -122.23974, 37.73725 ] ], [ [ -122.24011, 37.73203 ], [ -122.24139, 37.73055 ], [ -122.24079, 37.73028 ], [ -122.23951, 37.73173 ], [ -122.24011, 37.73203 ] ], [ [ -122.23539, 37.72926 ], [ -122.23658, 37.7299 ], [ -122.23757, 37.72879 ], [ -122.23539, 37.72926 ] ], [ [ -122.24507, 37.72637 ], [ -122.24303, 37.72529 ], [ -122.24013, 37.72537 ], [ -122.24048, 37.72774 ], [ -122.24104, 37.72865 ], [ -122.24579, 37.73064 ], [ -122.24627, 37.73006 ], [ -122.24816, 37.72916 ], [ -122.24507, 37.72637 ] ], [ [ -122.23922, 37.72375 ], [ -122.23716, 37.72242 ], [ -122.23625, 37.72263 ], [ -122.23447, 37.72449 ], [ -122.23483, 37.72733 ], [ -122.238, 37.727 ], [ -122.23841, 37.72531 ], [ -122.23953, 37.72511 ], [ -122.23922, 37.72375 ] ] ] } },
{ "type": "Feature", "properties": { "kind": "label", "km": 5, "city": "Alameda", "people": 4632 }, "geometry": { "type": "Point", "coordinates": [ -122.24073, 37.73454 ] } },
{ "type": "Feature", "properties": { "kind": "area", "km": 5, "city": "Alameda", "people": 20 }, "geometry": { "type": "Polygon", "coordinates": [ [ [ -122.25569, 37.77799 ], [ -122.25506, 37.77883 ], [ -122.2525, 37.77889 ], [ -122.25215, 37.77915 ], [ -122.25177, 37.77893 ], [ -122.25196, 37.77851 ], [ -122.25135, 37.77825 ], [ -122.25227, 37.77696 ], [ -122.25338, 37.77744 ], [ -122.25299, 37.77825 ], [ -122.25439, 37.77803 ], [ -122.25494, 37.77743 ], [ -122.25569, 37.77799 ] ] ] } },
{ "type": "Feature", "properties": { "kind": "label", "km": 5, "city": "Alameda", "people": 20 }, "geometry": { "type": "Point", "coordinates": [ -122.25224, 37.77806 ] } },
{ "type": "Feature", "properties": { "kind": "area", "km": 5, "city": "Berkeley", "people": 22 }, "geometry": { "type": "Polygon", "coordinates": [ [ [ -122.33292, 37.86269 ], [ -122.3295, 37.87133 ], [ -122.32623, 37.8744 ], [ -122.32785, 37.8775 ], [ -122.31228, 37.88156 ], [ -122.30968, 37.87794 ], [ -122.30778, 37.8781 ], [ -122.3057, 37.87245 ], [ -122.30462, 37.86853 ], [ -122.30545, 37.86709 ], [ -122.30538, 37.86633 ], [ -122.30662, 37.86599 ], [ -122.30621, 37.86504 ], [ -122.3071, 37.86454 ], [ -122.30648, 37.86244 ], [ -122.30626, 37.86316 ], [ -122.30441, 37.86332 ], [ -122.30345, 37.8626 ], [ -122.30244, 37.86114 ], [ -122.30024, 37.85309 ], [ -122.30014, 37.85021 ], [ -122.30078, 37.84729 ], [ -122.30973, 37.84535 ], [ -122.31106, 37.85376 ], [ -122.31401, 37.85338 ], [ -122.32236, 37.85338 ], [ -122.32632, 37.85436 ], [ -122.33147, 37.85706 ], [ -122.33265, 37.85924 ], [ -122.33292, 37.86269 ] ], [ [ -122.31139, 37.86505 ], [ -122.31235, 37.86459 ], [ -122.31625, 37.86385 ], [ -122.31689, 37.86415 ], [ -122.31765, 37.86605 ], [ -122.31768, 37.86604 ], [ -122.31764, 37.86367 ], [ -122.31621, 37.85941 ], [ -122.31578, 37.85926 ], [ -122.31619, 37.86143 ], [ -122.31551, 37.86262 ], [ -122.31151, 37.86358 ], [ -122.31176, 37.86452 ], [ -122.31145, 37.86491 ], [ -122.30714, 37.86588 ], [ -122.31139, 37.86505 ] ], [ [ -122.30639, 37.86215 ], [ -122.3063, 37.86181 ], [ -122.30578, 37.85977 ], [ -122.30568, 37.86096 ], [ -122.30639, 37.86215 ] ] ] } },
{ "type": "Feature", "properties": { "kind": "label", "km": 5, "city": "Berkeley", "people": 22 }, "geometry": { "type": "Point", "coordinates": [ -122.32514, 37.86318 ] } },
{ "type": "Feature", "properties": { "kind": "area", "km": 5, "city": "Berkeley", "people": 3 }, "geometry": { "type": "Polygon", "coordinates": [ [ [ -122.30555, 37.87672 ], [ -122.30388, 37.87715 ], [ -122.30337, 37.87565 ], [ -122.30503, 37.87531 ], [ -122.30555, 37.87672 ] ] ] } },
{ "type": "Feature", "properties": { "kind": "label", "km": 5, "city": "Berkeley", "people": 3 }, "geometry": { "type": "Point", "coordinates": [ -122.30441, 37.87611 ] } },
{ "type": "Feature", "properties": { "kind": "area", "km": 5, "city": "Fremont", "people": 4 }, "geometry": { "type": "Polygon", "coordinates": [ [ [ -122.05582, 37.49026 ], [ -122.05473, 37.49096 ], [ -122.05161, 37.49167 ], [ -122.03943, 37.49203 ], [ -122.03505, 37.49007 ], [ -122.03291, 37.48293 ], [ -122.02801, 37.47753 ], [ -122.02542, 37.47711 ], [ -122.02555, 37.47798 ], [ -122.02428, 37.47997 ], [ -122.02408, 37.48137 ], [ -122.0234, 37.48278 ], [ -122.02405, 37.48261 ], [ -122.02426, 37.48291 ], [ -122.02265, 37.48391 ], [ -122.0207, 37.48442 ], [ -122.01834, 37.48409 ], [ -122.01635, 37.48322 ], [ -122.01507, 37.48204 ], [ -122.0143, 37.48165 ], [ -122.01403, 37.4818 ], [ -122.01224, 37.48575 ], [ -122.01004, 37.489 ], [ -122.01107, 37.49234 ], [ -122.01095, 37.49296 ], [ -122.01029, 37.4936 ], [ -122.00802, 37.49405 ], [ -122.00658, 37.49482 ], [ -122.00591, 37.49484 ], [ -122.00566, 37.49448 ], [ -122.00518, 37.49444 ], [ -122.00472, 37.4947 ], [ -122.00313, 37.49469 ], [ -121.9996, 37.49358 ], [ -121.99645, 37.49847 ], [ -121.99388, 37.49876 ], [ -121.99316, 37.49812 ], [ -121.99255, 37.49821 ], [ -121.99375, 37.49938 ], [ -121.99323, 37.49967 ], [ -121.97434, 37.48156 ], [ -121.97361, 37.48025 ], [ -121.9731, 37.47813 ], [ -121.97369, 37.46986 ], [ -121.97435, 37.46985 ], [ -121.97442, 37.47044 ], [ -121.97511, 37.47019 ], [ -121.9776, 37.47082 ], [ -121.97959, 37.47051 ], [ -121.98114, 37.46968 ], [ -121.98482, 37.46636 ], [ -121.98665, 37.46563 ], [ -121.98807, 37.46571 ], [ -121.99094, 37.46731 ], [ -121.99476, 37.4689 ], [ -121.99991, 37.46965 ], [ -122.00049, 37.46904 ], [ -122.00159, 37.4687 ], [ -122.00991, 37.46833 ], [ -122.01618, 37.46757 ], [ -122.02068, 37.4678 ], [ -122.02586, 37.46881 ], [ -122.03658, 37.46927 ], [ -122.04335, 37.46808 ], [ -122.04662, 37.46729 ], [ -122.04863, 37.46632 ], [ -122.05032, 37.46612 ], [ -122.0511, 37.46673 ], [ -122.05172, 37.46822 ], [ -122.0522, 37.47133 ], [ -122.05384, 37.47296 ], [ -122.05241, 37.47595 ], [ -122.05278, 37.47661 ], [ -122.05266, 37.47818 ], [ -122.05416, 37.48233 ], [ -122.05397, 37.48357 ], [ -122.05477, 37.4859 ], [ -122.055, 37.4876 ], [ -122.05431, 37.4879 ], [ -122.05564, 37.48955 ], [ -122.05582, 37.49026 ] ] ] } },
{ "type": "Feature", "properties": { "kind": "label", "km": 5, "city": "Fremont", "people": 4 }, "geometry": { "type": "Point", "coordinates": [ -121.99459, 37.48257 ] } },
{ "type": "Feature", "properties": { "kind": "area", "km": 5, "city": "Fremont", "people": 5 }, "geometry": { "type": "Polygon", "coordinates": [ [ [ -122.11191, 37.51053 ], [ -122.10934, 37.51318 ], [ -122.10214, 37.52277 ], [ -122.09262, 37.53072 ], [ -122.08833, 37.53257 ], [ -122.07719, 37.53462 ], [ -122.07368, 37.5361 ], [ -122.06934, 37.53874 ], [ -122.06644, 37.53888 ], [ -122.0644, 37.53468 ], [ -122.06774, 37.52435 ], [ -122.06119, 37.52346 ], [ -122.06019, 37.52163 ], [ -122.06035, 37.52109 ], [ -122.07049, 37.51887 ], [ -122.06991, 37.51788 ], [ -122.07039, 37.51734 ], [ -122.07912, 37.51462 ], [ -122.08004, 37.51458 ], [ -122.08044, 37.51486 ], [ -122.08046, 37.51551 ], [ -122.0798, 37.51634 ], [ -122.08079, 37.51638 ], [ -122.082, 37.51576 ], [ -122.08269, 37.51429 ], [ -122.0846, 37.51421 ], [ -122.08788, 37.51297 ], [ -122.08907, 37.51305 ], [ -122.08978, 37.51357 ], [ -122.0887, 37.51685 ], [ -122.09249, 37.51834 ], [ -122.09349, 37.52082 ], [ -122.09832, 37.52237 ], [ -122.10122, 37.52121 ], [ -122.101, 37.51814 ], [ -122.11058, 37.50907 ], [ -122.11113, 37.50918 ], [ -122.11132, 37.50997 ], [ -122.11186, 37.51013 ], [ -122.11191, 37.51053 ] ] ] } },
{ "type": "Feature", "properties": { "kind": "label", "km": 5, "city": "Fremont", "people": 5 }, "geometry": { "type": "Point", "coordinates": [ -122.08435, 37.52411 ] } },
{ "type": "Feature", "properties": { "kind": "area", "km": 5, "city": "Fremont", "people": 11 }, "geometry": { "type": "Polygon", "coordinates": [ [ [ -122.05942, 37.57334 ], [ -122.05867, 37.57358 ], [ -122.05797, 37.5726 ], [ -122.0591, 37.57203 ], [ -122.05886, 37.57078 ], [ -122.05727, 37.57054 ], [ -122.05718, 37.5697 ], [ -122.05824, 37.56936 ], [ -122.05794, 37.56791 ], [ -122.05587, 37.56731 ], [ -122.05456, 37.56771 ], [ -122.054, 37.56686 ], [ -122.05491, 37.56638 ], [ -122.05892, 37.56738 ], [ -122.06041, 37.57356 ], [ -122.06005, 37.57372 ], [ -122.05942, 37.57334 ] ] ] } },
{ "type": "Feature", "properties": { "kind": "label", "km": 5, "city": "Fremont", "people": 11 }, "geometry": { "type": "Point", "coordinates": [ -122.05845, 37.5701 ] } },
{ "type": "Feature", "properties": { "kind": "area", "km": 5, "city": "Fremont", "people": 1 }, "geometry": { "type": "Polygon", "coordinates": [ [ [ -122.05727, 37.58366 ], [ -122.05681, 37.58386 ], [ -122.05474, 37.58288 ], [ -122.05297, 37.58573 ], [ -122.05528, 37.58902 ], [ -122.05625, 37.58956 ], [ -122.05596, 37.59011 ], [ -122.05501, 37.59055 ], [ -122.05007, 37.58345 ], [ -122.05247, 37.58052 ], [ -122.05756, 37.58302 ], [ -122.05727, 37.58366 ] ], [ [ -122.0527, 37.58394 ], [ -122.05208, 37.58342 ], [ -122.05195, 37.58357 ], [ -122.0527, 37.58394 ] ], [ [ -122.05382, 37.58219 ], [ -122.05334, 37.58196 ], [ -122.05287, 37.58251 ], [ -122.05353, 37.58283 ], [ -122.05382, 37.58219 ] ] ] } },
{ "type": "Feature", "properties": { "kind": "label", "km": 5, "city": "Fremont", "people": 1 }, "geometry": { "type": "Point", "coordinates": [ -122.05223, 37.58558 ] } },
{ "type": "Feature", "properties": { "kind": "area", "km": 5, "city": "Hayward", "people": 2172 }, "geometry": { "type": "Polygon", "coordinates": [ [ [ -122.12459, 37.62713 ], [ -122.12108, 37.62825 ], [ -122.12077, 37.62812 ], [ -122.12198, 37.62539 ], [ -122.12624, 37.62554 ], [ -122.12625, 37.62382 ], [ -122.12252, 37.62369 ], [ -122.12234, 37.6231 ], [ -122.12075, 37.62362 ], [ -122.11699, 37.62332 ], [ -122.11025, 37.62119 ], [ -122.10877, 37.62111 ], [ -122.10251, 37.61925 ], [ -122.10065, 37.61997 ], [ -122.09289, 37.61326 ], [ -122.09261, 37.61369 ], [ -122.09494, 37.61526 ], [ -122.09421, 37.61608 ], [ -122.09259, 37.61533 ], [ -122.09191, 37.61465 ], [ -122.09157, 37.61487 ], [ -122.08992, 37.61447 ], [ -122.09018, 37.61363 ], [ -122.09118, 37.61361 ], [ -122.09226, 37.61272 ], [ -122.09096, 37.61337 ], [ -122.08637, 37.61437 ], [ -122.08383, 37.61017 ], [ -122.08624, 37.60912 ], [ -122.08786, 37.60909 ], [ -122.08715, 37.60814 ], [ -122.08886, 37.60635 ], [ -122.09752, 37.60162 ], [ -122.09791, 37.60182 ], [ -122.09796, 37.60537 ], [ -122.1001, 37.60536 ], [ -122.10135, 37.60481 ], [ -122.10223, 37.60021 ], [ -122.104, 37.59815 ], [ -122.10667, 37.59813 ], [ -122.1098, 37.59856 ], [ -122.11005, 37.59777 ], [ -122.11058, 37.59757 ], [ -122.11246, 37.59811 ], [ -122.11279, 37.59864 ], [ -122.11263, 37.59989 ], [ -122.11209, 37.60013 ], [ -122.11131, 37.60001 ], [ -122.11089, 37.60057 ], [ -122.10965, 37.60121 ], [ -122.10932, 37.60184 ], [ -122.11098, 37.60279 ], [ -122.11251, 37.60434 ], [ -122.11342, 37.60453 ], [ -122.11474, 37.60433 ], [ -122.11509, 37.60415 ], [ -122.11562, 37.60244 ], [ -122.11707, 37.60217 ], [ -122.11822, 37.60245 ], [ -122.1204, 37.60097 ], [ -122.12158, 37.59959 ], [ -122.12207, 37.5984 ], [ -122.12095, 37.5964 ], [ -122.12314, 37.59275 ], [ -122.12504, 37.59219 ], [ -122.12644, 37.59226 ], [ -122.12741, 37.5939 ], [ -122.12712, 37.5962 ], [ -122.12748, 37.59672 ], [ -122.12827, 37.59686 ], [ -122.12958, 37.59659 ], [ -122.13045, 37.59584 ], [ -122.13027, 37.59351 ], [ -122.13063, 37.5925 ], [ -122.13127, 37.59205 ], [ -122.1324, 37.59205 ], [ -122.13407, 37.5952 ], [ -122.13367, 37.59685 ], [ -122.13454, 37.59823 ], [ -122.13523, 37.5983 ], [ -122.13701, 37.59753 ], [ -122.13872, 37.59729 ], [ -122.14024, 37.59794 ], [ -122.14146, 37.59974 ], [ -122.14157, 37.6022 ], [ -122.14121, 37.60269 ], [ -122.13973, 37.6035 ], [ -122.13575, 37.60482 ], [ -122.13481, 37.60581 ], [ -122.13478, 37.60625 ], [ -122.13581, 37.60609 ], [ -122.13715, 37.60631 ], [ -122.1402, 37.60806 ], [ -122.14101, 37.6083 ], [ -122.14154, 37.60813 ], [ -122.14241, 37.60562 ], [ -122.14535, 37.60269 ], [ -122.14614, 37.60246 ], [ -122.1465, 37.60289 ], [ -122.1464, 37.60416 ], [ -122.14766, 37.6051 ], [ -122.14747, 37.60598 ], [ -122.1478, 37.60655 ], [ -122.14728, 37.60681 ], [ -122.14806, 37.60745 ], [ -122.14755, 37.60825 ], [ -122.14865, 37.61034 ], [ -122.1486, 37.61279 ], [ -122.14956, 37.61548 ], [ -122.15042, 37.61644 ], [ -122.15111, 37.61657 ], [ -122.15158, 37.61705 ], [ -122.15496, 37.61622 ], [ -122.1557, 37.61616 ], [ -122.15622, 37.61653 ], [ -122.1562, 37.61692 ], [ -122.15482, 37.61797 ], [ -122.151, 37.61922 ], [ -122.15177, 37.62574 ], [ -122.15159, 37.62625 ], [ -122.15078, 37.62666 ], [ -122.15159, 37.62767 ], [ -122.15144, 37.6283 ], [ -122.15182, 37.6293 ], [ -122.15338, 37.62883 ], [ -122.154, 37.62917 ], [ -122.15335, 37.63014 ], [ -122.15309, 37.6341 ], [ -122.15394, 37.64023 ], [ -122.1545, 37.64127 ], [ -122.15414, 37.64198 ], [ -122.1527, 37.64206 ], [ -122.15275, 37.64558 ], [ -122.14795, 37.64663 ], [ -122.14763, 37.64572 ], [ -122.14354, 37.64574 ], [ -122.14318, 37.64548 ], [ -122.1375, 37.6456 ], [ -122.13704, 37.64282 ], [ -122.13329, 37.63934 ], [ -122.13281, 37.6382 ], [ -122.12482, 37.63857 ], [ -122.12446, 37.636 ], [ -122.11959, 37.63596 ], [ -122.11962, 37.63311 ], [ -122.12886, 37.63308 ], [ -122.12858, 37.6305 ], [ -122.12516, 37.62793 ], [ -122.12459, 37.62713 ] ], [ [ -122.15252, 37.61776 ], [ -122.15174, 37.618 ], [ -122.15136, 37.61813 ], [ -122.15252, 37.61776 ] ] ] } },
{ "type": "Feature", "properties": { "kind": "label", "km": 5, "city": "Hayward", "people": 2172 }, "geometry": { "type": "Point", "coordinates": [ -122.12804, 37.61957 ] } },
{ "type": "Feature", "properties": { "kind": "area", "km": 5, "city": "Hayward", "people": 19 }, "geometry": { "type": "Polygon", "coordinates": [ [ [ -122.09823, 37.6205 ], [ -122.09786, 37.62279 ], [ -122.09685, 37.62263 ], [ -122.09726, 37.62016 ], [ -122.09823, 37.6205 ] ] ] } },
{ "type": "Feature", "properties": { "kind": "label", "km": 5, "city": "Hayward", "people": 19 }, "geometry": { "type": "Point", "coordinates": [ -122.09756, 37.62137 ] } },
{ "type": "Feature", "properties": { "kind": "area", "km": 5, "city": "Hayward", "people": 13 }, "geometry": { "type": "Polygon", "coordinates": [ [ [ -122.09647, 37.62233 ], [ -122.09613, 37.62255 ], [ -122.09445, 37.62244 ], [ -122.09438, 37.62147 ], [ -122.09634, 37.62146 ], [ -122.09647, 37.62233 ] ] ] } },
{ "type": "Feature", "properties": { "kind": "label", "km": 5, "city": "Hayward", "people": 13 }, "geometry": { "type": "Point", "coordinates": [ -122.09542, 37.62196 ] } },
{ "type": "Feature", "properties": { "kind": "area", "km": 5, "city": "Hayward", "people": 41 }, "geometry": { "type": "Polygon", "coordinates": [ [ [ -122.07444, 37.6193 ], [ -122.074, 37.61996 ], [ -122.07308, 37.6197 ], [ -122.07358, 37.61852 ], [ -122.07415, 37.61861 ], [ -122.07444, 37.6193 ] ] ] } },
{ "type": "Feature", "properties": { "kind": "label", "km": 5, "city": "Hayward", "people": 41 }, "geometry": { "type": "Point", "coordinates": [ -122.07384, 37.61922 ] } },
{ "type": "Feature", "properties": { "kind": "area", "km": 5, "city": "Hayward", "people": 18 }, "geometry": { "type": "Polygon", "coordinates": [ [ [ -122.07599, 37.62104 ], [ -122.07417, 37.62114 ], [ -122.07421, 37.61989 ], [ -122.07524, 37.61979 ], [ -122.07599, 37.62104 ] ] ] } },
{ "type": "Feature", "properties": { "kind": "label", "km": 5, "city": "Hayward", "people": 18 }, "geometry": { "type": "Point", "coordinates": [ -122.07493, 37.62059 ] } },
{ "type": "Feature", "properties": { "kind": "area", "km": 5, "city": "Newark", "people": 127 }, "geometry": { "type": "Polygon", "coordinates": [ [ [ -122.06645, 37.51886 ], [ -122.05072, 37.52399 ], [ -122.04858, 37.52004 ], [ -122.05203, 37.51876 ], [ -122.04983, 37.5145 ], [ -122.04655, 37.51558 ], [ -122.04618, 37.51546 ], [ -122.0339, 37.51965 ], [ -122.03462, 37.52145 ], [ -122.03162, 37.52227 ], [ -122.02967, 37.52402 ], [ -122.01192, 37.51579 ], [ -122.01456, 37.50969 ], [ -122.01218, 37.50699 ], [ -122.01166, 37.504 ], [ -122.01232, 37.50338 ], [ -122.01349, 37.50322 ], [ -122.01463, 37.50228 ], [ -122.01518, 37.50133 ], [ -122.01456, 37.50023 ], [ -122.01296, 37.50023 ], [ -122.01227, 37.49983 ], [ -122.01277, 37.4981 ], [ -122.01225, 37.49704 ], [ -122.01134, 37.49693 ], [ -122.00968, 37.49784 ], [ -122.00817, 37.49773 ], [ -122.00718, 37.49714 ], [ -122.00568, 37.49492 ], [ -122.00586, 37.49446 ], [ -122.00682, 37.49398 ], [ -122.00931, 37.49348 ], [ -122.01043, 37.49277 ], [ -122.00947, 37.48894 ], [ -122.01172, 37.48558 ], [ -122.0136, 37.48149 ], [ -122.01445, 37.48119 ], [ -122.01806, 37.48367 ], [ -122.01989, 37.48437 ], [ -122.02302, 37.48448 ], [ -122.0246, 37.48313 ], [ -122.025, 37.48236 ], [ -122.02563, 37.47884 ], [ -122.02634, 37.47851 ], [ -122.02756, 37.47845 ], [ -122.03018, 37.48173 ], [ -122.03054, 37.48263 ], [ -122.03046, 37.48729 ], [ -122.03023, 37.48787 ], [ -122.02956, 37.48815 ], [ -122.03052, 37.48922 ], [ -122.03177, 37.48899 ], [ -122.0324, 37.48917 ], [ -122.03546, 37.49219 ], [ -122.0367, 37.4924 ], [ -122.0384, 37.49347 ], [ -122.04123, 37.49332 ], [ -122.05093, 37.49628 ], [ -122.05112, 37.49745 ], [ -122.05766, 37.49895 ], [ -122.05782, 37.5 ], [ -122.05641, 37.50177 ], [ -122.05533, 37.50413 ], [ -122.05432, 37.50843 ], [ -122.05488, 37.50977 ], [ -122.05536, 37.50972 ], [ -122.0556, 37.5102 ], [ -122.0553, 37.51054 ], [ -122.05601, 37.51402 ], [ -122.06048, 37.51457 ], [ -122.06083, 37.51389 ], [ -122.0642, 37.51275 ], [ -122.06467, 37.51282 ], [ -122.06766, 37.51823 ], [ -122.06645, 37.51886 ] ] ] } },
{ "type": "Feature", "properties": { "kind": "label", "km": 5, "city": "Newark", "people": 127 }, "geometry": { "type": "Point", "coordinates": [ -122.03609, 37.50115 ] } },
{ "type": "Feature", "properties": { "kind": "area", "km": 5, "city": "Newark", "people": 314 }, "geometry": { "type": "Polygon", "coordinates": [ [ [ -122.06441, 37.53298 ], [ -122.06242, 37.5333 ], [ -122.06135, 37.53421 ], [ -122.06018, 37.53391 ], [ -122.05952, 37.53459 ], [ -122.06103, 37.53524 ], [ -122.061, 37.53707 ], [ -122.05935, 37.53836 ], [ -122.05739, 37.53706 ], [ -122.05721, 37.53597 ], [ -122.05779, 37.53529 ], [ -122.05682, 37.53482 ], [ -122.05594, 37.53525 ], [ -122.05461, 37.53388 ], [ -122.0534, 37.53348 ], [ -122.05362, 37.532 ], [ -122.0517, 37.52913 ], [ -122.05369, 37.52838 ], [ -122.05663, 37.52784 ], [ -122.05803, 37.52697 ], [ -122.06222, 37.52845 ], [ -122.06337, 37.5292 ], [ -122.06415, 37.53049 ], [ -122.06441, 37.53298 ] ] ] } },
{ "type": "Feature", "properties": { "kind": "label", "km": 5, "city": "Newark", "people": 314 }, "geometry": { "type": "Point", "coordinates": [ -122.05897, 37.53248 ] } },
{ "type": "Feature", "properties": { "kind": "area", "km": 5, "city": "Oakland", "people": 24 }, "geometry": { "type": "Polygon", "coordinates": [ [ [ -122.22676, 37.74817 ], [ -122.22366, 37.74826 ], [ -122.22375, 37.75477 ], [ -122.21805, 37.75996 ], [ -122.21935, 37.75984 ], [ -122.22098, 37.75861 ], [ -122.22226, 37.75849 ], [ -122.22334, 37.75984 ], [ -122.2233, 37.76165 ], [ -122.22109, 37.76339 ], [ -122.22052, 37.76325 ], [ -122.21809, 37.7651 ], [ -122.21463, 37.76129 ], [ -122.21742, 37.7596 ], [ -122.21678, 37.75791 ], [ -122.21568, 37.75738 ], [ -122.21654, 37.75637 ], [ -122.2157, 37.75625 ], [ -122.21519, 37.75548 ], [ -122.21429, 37.75535 ], [ -122.21409, 37.75472 ], [ -122.21339, 37.75498 ], [ -122.21231, 37.75485 ], [ -122.21163, 37.75351 ], [ -122.21098, 37.75308 ], [ -122.21092, 37.75174 ], [ -122.20829, 37.75319 ], [ -122.20773, 37.75287 ], [ -122.21174, 37.75039 ], [ -122.21166, 37.7497 ], [ -122.21217, 37.74936 ], [ -122.2072, 37.74365 ], [ -122.20846, 37.74255 ], [ -122.2094, 37.74212 ], [ -122.21091, 37.742 ], [ -122.21135, 37.74251 ], [ -122.21155, 37.74371 ], [ -122.21392, 37.74575 ], [ -122.21716, 37.74776 ], [ -122.21431, 37.74276 ], [ -122.21142, 37.74098 ], [ -122.21063, 37.73997 ], [ -122.21086, 37.73736 ], [ -122.21011, 37.73657 ], [ -122.20991, 37.73601 ], [ -122.21019, 37.73574 ], [ -122.20875, 37.73264 ], [ -122.20748, 37.73156 ], [ -122.20768, 37.73118 ], [ -122.20816, 37.73119 ], [ -122.20831, 37.73032 ], [ -122.2089, 37.73035 ], [ -122.21078, 37.73157 ], [ -122.21391, 37.73841 ], [ -122.21544, 37.74088 ], [ -122.21956, 37.74449 ], [ -122.22129, 37.74556 ], [ -122.22234, 37.74584 ], [ -122.22264, 37.74548 ], [ -122.2236, 37.74542 ], [ -122.22377, 37.74754 ], [ -122.22651, 37.74765 ], [ -122.22676, 37.74817 ] ] ] } },
{ "type": "Feature", "properties": { "kind": "label", "km": 5, "city": "Oakland", "people": 24 }, "geometry": { "type": "Point", "coordinates": [ -122.22042, 37.74752 ] } },
{ "type": "Feature", "properties": { "kind": "area", "km": 5, "city": "Oakland", "people": 16 }, "geometry": { "type": "Polygon", "coordinates": [ [ [ -122.26836, 37.7928 ], [ -122.26757, 37.79371 ], [ -122.26219, 37.79185 ], [ -122.26303, 37.79096 ], [ -122.26838, 37.79209 ], [ -122.26836, 37.7928 ] ] ] } },
{ "type": "Feature", "properties": { "kind": "label", "km": 5, "city": "Oakland", "people": 16 }, "geometry": { "type": "Point", "coordinates": [ -122.26607, 37.79232 ] } },
{ "type": "Feature", "properties": { "kind": "area", "km": 5, "city": "Oakland", "people": 44 }, "geometry": { "type": "Polygon", "coordinates": [ [ [ -122.29864, 37.81443 ], [ -122.29945, 37.81393 ], [ -122.30006, 37.81426 ], [ -122.29817, 37.81579 ], [ -122.29646, 37.8147 ], [ -122.2978, 37.81308 ], [ -122.29838, 37.81335 ], [ -122.29801, 37.81403 ], [ -122.29864, 37.81443 ] ] ] } },
{ "type": "Feature", "properties": { "kind": "label", "km": 5, "city": "Oakland", "people": 44 }, "geometry": { "type": "Point", "coordinates": [ -122.29759, 37.81442 ] } },
{ "type": "Feature", "properties": { "kind": "area", "km": 5, "city": "Oakland", "people": 12 }, "geometry": { "type": "Polygon", "coordinates": [ [ [ -122.29111, 37.81765 ], [ -122.28939, 37.81688 ], [ -122.29071, 37.81519 ], [ -122.29232, 37.81601 ], [ -122.29111, 37.81765 ] ] ] } },
{ "type": "Feature", "properties": { "kind": "label", "km": 5, "city": "Oakland", "people": 12 }, "geometry": { "type": "Point", "coordinates": [ -122.29084, 37.81647 ] } },
{ "type": "Feature", "properties": { "kind": "area", "km": 5, "city": "San Leandro", "people": 2067 }, "geometry": { "type": "Polygon", "coordinates": [ [ [ -122.17311, 37.69191 ], [ -122.17266, 37.69097 ], [ -122.16738, 37.69131 ], [ -122.16215, 37.68354 ], [ -122.16121, 37.68363 ], [ -122.16017, 37.68234 ], [ -122.16058, 37.6818 ], [ -122.15421, 37.67498 ], [ -122.15453, 37.67458 ], [ -122.15516, 37.67469 ], [ -122.16273, 37.67028 ], [ -122.16334, 37.67055 ], [ -122.16414, 37.67168 ], [ -122.1648, 37.67201 ], [ -122.16556, 37.67193 ], [ -122.16553, 37.67277 ], [ -122.16628, 37.67244 ], [ -122.16672, 37.67259 ], [ -122.16754, 37.6751 ], [ -122.16913, 37.67728 ], [ -122.1712, 37.6781 ], [ -122.17455, 37.68122 ], [ -122.17716, 37.68157 ], [ -122.17831, 37.68226 ], [ -122.18208, 37.68849 ], [ -122.18376, 37.69026 ], [ -122.1847, 37.69017 ], [ -122.18449, 37.69079 ], [ -122.18582, 37.69005 ], [ -122.18708, 37.68986 ], [ -122.18913, 37.69098 ], [ -122.19031, 37.69304 ], [ -122.19194, 37.69397 ], [ -122.19177, 37.69458 ], [ -122.19044, 37.69504 ], [ -122.18932, 37.69484 ], [ -122.18934, 37.694 ], [ -122.188, 37.69163 ], [ -122.187, 37.69104 ], [ -122.18582, 37.69149 ], [ -122.18811, 37.69432 ], [ -122.18791, 37.69512 ], [ -122.1871, 37.69564 ], [ -122.18886, 37.69506 ], [ -122.18973, 37.69576 ], [ -122.19145, 37.69514 ], [ -122.1925, 37.69539 ], [ -122.19222, 37.69602 ], [ -122.18933, 37.69679 ], [ -122.18966, 37.69815 ], [ -122.19264, 37.69789 ], [ -122.19318, 37.69756 ], [ -122.19316, 37.6963 ], [ -122.1927, 37.6954 ], [ -122.1929, 37.69464 ], [ -122.19342, 37.6946 ], [ -122.1944, 37.69537 ], [ -122.1944, 37.69872 ], [ -122.19136, 37.69917 ], [ -122.19133, 37.70048 ], [ -122.19009, 37.70094 ], [ -122.19085, 37.70454 ], [ -122.19103, 37.70409 ], [ -122.19243, 37.70346 ], [ -122.19522, 37.70283 ], [ -122.1974, 37.70298 ], [ -122.19983, 37.70388 ], [ -122.20125, 37.705 ], [ -122.20227, 37.70655 ], [ -122.20253, 37.70847 ], [ -122.20187, 37.71073 ], [ -122.20235, 37.71168 ], [ -122.2034, 37.71157 ], [ -122.20358, 37.71212 ], [ -122.19644, 37.7138 ], [ -122.19636, 37.71424 ], [ -122.19815, 37.71406 ], [ -122.19716, 37.71582 ], [ -122.19658, 37.71515 ], [ -122.19345, 37.71458 ], [ -122.1869, 37.71639 ], [ -122.18399, 37.71095 ], [ -122.1889, 37.7088 ], [ -122.18726, 37.70606 ], [ -122.1897, 37.7049 ], [ -122.18882, 37.70104 ], [ -122.18921, 37.70046 ], [ -122.18909, 37.69961 ], [ -122.18646, 37.6959 ], [ -122.18194, 37.69788 ], [ -122.17997, 37.69526 ], [ -122.17496, 37.69723 ], [ -122.17327, 37.69472 ], [ -122.17311, 37.69191 ] ], [ [ -122.15897, 37.67652 ], [ -122.15733, 37.677 ], [ -122.15618, 37.67567 ], [ -122.1571, 37.67489 ], [ -122.15607, 37.67551 ], [ -122.15605, 37.6759 ], [ -122.1584, 37.67841 ], [ -122.15912, 37.67869 ], [ -122.16042, 37.67835 ], [ -122.15997, 37.67729 ], [ -122.15897, 37.67652 ] ], [ [ -122.1604, 37.67921 ], [ -122.15997, 37.67943 ], [ -122.1613, 37.68099 ], [ -122.16173, 37.68073 ], [ -122.1604, 37.67921 ] ] ] } },
{ "type": "Feature", "properties": { "kind": "label", "km": 5, "city": "San Leandro", "people": 2067 }, "geometry": { "type": "Point", "coordinates": [ -122.18016, 37.69325 ] } },
{ "type": "Feature", "properties": { "kind": "area", "km": 5, "city": "San Lorenzo", "people": 12 }, "geometry": { "type": "Polygon", "coordinates": [ [ [ -122.16195, 37.66764 ], [ -122.16089, 37.66849 ], [ -122.15805, 37.66993 ], [ -122.15763, 37.66982 ], [ -122.15662, 37.6703 ], [ -122.15218, 37.67269 ], [ -122.14564, 37.66564 ], [ -122.14922, 37.66384 ], [ -122.1495, 37.66332 ], [ -122.15079, 37.66257 ], [ -122.15254, 37.66373 ], [ -122.16067, 37.66361 ], [ -122.1616, 37.66537 ], [ -122.16139, 37.66571 ], [ -122.16195, 37.66764 ] ], [ [ -122.15281, 37.66804 ], [ -122.15166, 37.66718 ], [ -122.15038, 37.66752 ], [ -122.15156, 37.66878 ], [ -122.15281, 37.66804 ] ] ] } },
{ "type": "Feature", "properties": { "kind": "label", "km": 5, "city": "San Lorenzo", "people": 12 }, "geometry": { "type": "Point", "coordinates": [ -122.15716, 37.66751 ] } },
{ "type": "Feature", "properties": { "kind": "area", "km": 5, "city": "Union City", "people": 12947 }, "geometry": { "type": "Polygon", "coordinates": [ [ [ -122.08314, 37.57467 ], [ -122.0833, 37.57573 ], [ -122.08594, 37.58202 ], [ -122.08896, 37.58844 ], [ -122.0917, 37.58889 ], [ -122.09179, 37.59139 ], [ -122.09229, 37.59161 ], [ -122.09231, 37.59259 ], [ -122.09184, 37.59309 ], [ -122.09214, 37.59359 ], [ -122.09122, 37.59451 ], [ -122.09155, 37.60003 ], [ -122.08748, 37.60841 ], [ -122.08423, 37.60571 ], [ -122.08684, 37.60393 ], [ -122.08647, 37.59856 ], [ -122.08187, 37.59878 ], [ -122.08264, 37.60568 ], [ -122.0786, 37.60582 ], [ -122.07766, 37.60219 ], [ -122.07437, 37.60041 ], [ -122.07423, 37.59703 ], [ -122.06972, 37.59243 ], [ -122.07135, 37.59169 ], [ -122.07185, 37.59115 ], [ -122.06431, 37.58701 ], [ -122.06263, 37.58499 ], [ -122.0619, 37.58325 ], [ -122.06016, 37.57496 ], [ -122.06301, 37.57155 ], [ -122.06258, 37.57104 ], [ -122.06641, 37.56642 ], [ -122.06954, 37.56348 ], [ -122.0713, 37.5628 ], [ -122.08027, 37.56117 ], [ -122.08101, 37.56131 ], [ -122.0809, 37.56212 ], [ -122.08399, 37.56236 ], [ -122.08409, 37.56521 ], [ -122.08379, 37.56542 ], [ -122.08015, 37.56505 ], [ -122.07941, 37.56619 ], [ -122.08474, 37.56613 ], [ -122.08496, 37.56643 ], [ -122.08429, 37.56693 ], [ -122.0854, 37.56721 ], [ -122.08446, 37.56784 ], [ -122.08392, 37.56966 ], [ -122.08582, 37.5734 ], [ -122.08314, 37.57467 ] ], [ [ -122.07568, 37.5967 ], [ -122.07671, 37.59775 ], [ -122.07862, 37.59825 ], [ -122.07866, 37.59736 ], [ -122.07958, 37.59726 ], [ -122.07962, 37.59525 ], [ -122.08071, 37.59527 ], [ -122.08088, 37.59181 ], [ -122.07961, 37.5918 ], [ -122.07938, 37.59143 ], [ -122.07802, 37.59143 ], [ -122.07772, 37.59118 ], [ -122.07771, 37.59187 ], [ -122.07586, 37.59259 ], [ -122.0745, 37.59254 ], [ -122.07494, 37.59327 ], [ -122.07566, 37.59277 ], [ -122.0774, 37.59381 ], [ -122.07727, 37.59655 ], [ -122.07568, 37.5967 ] ], [ [ -122.0721, 37.56866 ], [ -122.0737, 37.56642 ], [ -122.07486, 37.56653 ], [ -122.07628, 37.5673 ], [ -122.07703, 37.56643 ], [ -122.07605, 37.56615 ], [ -122.07343, 37.56613 ], [ -122.07341, 37.56673 ], [ -122.07298, 37.56686 ], [ -122.07149, 37.56619 ], [ -122.07079, 37.56617 ], [ -122.07017, 37.56741 ], [ -122.06834, 37.56822 ], [ -122.06885, 37.56911 ], [ -122.0701, 37.56887 ], [ -122.07132, 37.56901 ], [ -122.07101, 37.57034 ], [ -122.07132, 37.57043 ], [ -122.07199, 37.56921 ], [ -122.0745, 37.57035 ], [ -122.07468, 37.57014 ], [ -122.0721, 37.56866 ] ], [ [ -122.08197, 37.59286 ], [ -122.08302, 37.59286 ], [ -122.08303, 37.59261 ], [ -122.08192, 37.5926 ], [ -122.08197, 37.59286 ] ], [ [ -122.0706, 37.57186 ], [ -122.06959, 37.57236 ], [ -122.06997, 37.57358 ], [ -122.07043, 37.57375 ], [ -122.07169, 37.57226 ], [ -122.0706, 37.57186 ] ], [ [ -122.06329, 37.57609 ], [ -122.06447, 37.57444 ], [ -122.06276, 37.57349 ], [ -122.06109, 37.57536 ], [ -122.06138, 37.57669 ], [ -122.06239, 37.57728 ], [ -122.06255, 37.57783 ], [ -122.06382, 37.57639 ], [ -122.06329, 37.57609 ] ], [ [ -122.06809, 37.56667 ], [ -122.06851, 37.56708 ], [ -122.06908, 37.56675 ], [ -122.06836, 37.56643 ], [ -122.06809, 37.56667 ] ], [ [ -122.0643, 37.57896 ], [ -122.06363, 37.57863 ], [ -122.06203, 37.58026 ], [ -122.06294, 37.58346 ], [ -122.06423, 37.58206 ], [ -122.0629, 37.5811 ], [ -122.06396, 37.57999 ], [ -122.0643, 37.57896 ] ], [ [ -122.06503, 37.58427 ], [ -122.06516, 37.58448 ], [ -122.06561, 37.58431 ], [ -122.06548, 37.5841 ], [ -122.06503, 37.58427 ] ] ] } },
{ "type": "Feature", "properties": { "kind": "label", "km": 5, "city": "Union City", "people": 12947 }, "geometry": { "type": "Point", "coordinates": [ -122.07503, 37.58502 ] } }
]
}
