{
"type": "FeatureCollection",
"name": "bay_4ft",
"crs": { "type": "name", "properties": { "name": "urn:ogc:def:crs:OGC:1.3:CRS84" } },
"xy_coordinate_resolution": 1e-05,
"features": [
{ "type": "Feature", "properties": { "n": "West Midway Avenue", "h": "col" }, "geometry": { "type": "LineString", "coordinates": [ [ -122.2914, 37.78489 ], [ -122.29227, 37.78492 ] ] } },
{ "type": "Feature", "properties": { "n": "Mariner Square Drive", "h": "col" }, "geometry": { "type": "LineString", "coordinates": [ [ -122.27662, 37.78813 ], [ -122.27666, 37.78853 ] ] } },
{ "type": "Feature", "properties": { "n": "Meteor Drive", "h": "col" }, "geometry": { "type": "LineString", "coordinates": [ [ -122.06848, 37.58449 ], [ -122.06735, 37.58396 ], [ -122.06587, 37.58313 ], [ -122.06556, 37.58274 ], [ -122.06551, 37.5825 ] ] } },
{ "type": "Feature", "properties": { "n": "Embarcadero West", "h": "art" }, "geometry": { "type": "LineString", "coordinates": [ [ -122.26524, 37.79125 ], [ -122.26586, 37.7914 ] ] } },
{ "type": "Feature", "properties": { "n": "Lakeside Drive", "h": "col" }, "geometry": { "type": "LineString", "coordinates": [ [ -122.26226, 37.80523 ], [ -122.26216, 37.80506 ] ] } },
{ "type": "Feature", "properties": { "n": "Webster Street", "h": "art" }, "geometry": { "type": "LineString", "coordinates": [ [ -122.27645, 37.7803 ], [ -122.27649, 37.7824 ] ] } },
{ "type": "Feature", "properties": { "n": "Ralph Appezzato Memorial Parkway", "h": "col" }, "geometry": { "type": "LineString", "coordinates": [ [ -122.27676, 37.77972 ], [ -122.27723, 37.7797 ] ] } },
{ "type": "Feature", "properties": { "n": "Horner Street", "h": "col" }, "geometry": { "type": "LineString", "coordinates": [ [ -122.07895, 37.59488 ], [ -122.08003, 37.59545 ], [ -122.08081, 37.59549 ] ] } },
{ "type": "Feature", "properties": { "n": "Harbor Bay Parkway", "h": "art" }, "geometry": { "type": "LineString", "coordinates": [ [ -122.22676, 37.74523 ], [ -122.22674, 37.74463 ] ] } },
{ "type": "Feature", "properties": { "n": "High Street", "h": "art" }, "geometry": { "type": "LineString", "coordinates": [ [ -122.23899, 37.75189 ], [ -122.23672, 37.75395 ] ] } },
{ "type": "Feature", "properties": { "n": "Kofman Parkway", "h": "col" }, "geometry": { "type": "LineString", "coordinates": [ [ -122.25356, 37.74145 ], [ -122.25409, 37.74124 ], [ -122.25461, 37.7412 ], [ -122.25523, 37.74138 ], [ -122.25605, 37.74185 ] ] } },
{ "type": "Feature", "properties": { "n": "Wicks Boulevard", "h": "col" }, "geometry": { "type": "LineString", "coordinates": [ [ -122.16501, 37.69728 ], [ -122.16365, 37.69527 ], [ -122.16348, 37.69483 ], [ -122.16337, 37.694 ] ] } },
{ "type": "Feature", "properties": { "n": "Doolittle Drive", "h": "art" }, "geometry": { "type": "LineString", "coordinates": [ [ -122.22384, 37.74549 ], [ -122.22284, 37.74554 ], [ -122.2219, 37.74546 ], [ -122.22127, 37.74531 ], [ -122.22035, 37.74494 ], [ -122.21986, 37.74464 ], [ -122.21925, 37.74411 ], [ -122.21767, 37.74221 ] ] } },
{ "type": "Feature", "properties": { "n": "Maitland Drive", "h": "col" }, "geometry": { "type": "LineString", "coordinates": [ [ -122.23425, 37.73382 ], [ -122.23434, 37.73408 ], [ -122.23809, 37.73864 ], [ -122.23823, 37.7387 ] ] } },
{ "type": "Feature", "properties": { "n": "Rocklin Drive", "h": "col" }, "geometry": { "type": "LineString", "coordinates": [ [ -122.06842, 37.5727 ], [ -122.07041, 37.57168 ], [ -122.07108, 37.5712 ], [ -122.07164, 37.5704 ], [ -122.07205, 37.56919 ], [ -122.07245, 37.5685 ] ] } },
{ "type": "Feature", "properties": { "n": "Willie Stargell Avenue", "h": "col" }, "geometry": { "type": "LineString", "coordinates": [ [ -122.29092, 37.78485 ], [ -122.29049, 37.78481 ] ] } },
{ "type": "Feature", "properties": { "n": "Saratoga Street", "h": "col" }, "geometry": { "type": "LineString", "coordinates": [ [ -122.30267, 37.7895 ], [ -122.30249, 37.7894 ], [ -122.30196, 37.78872 ] ] } },
{ "type": "Feature", "properties": { "n": "Navy Way", "h": "col" }, "geometry": { "type": "LineString", "coordinates": [ [ -122.3026, 37.78963 ], [ -122.30254, 37.78967 ], [ -122.30252, 37.78986 ], [ -122.30257, 37.78994 ] ] } },
{ "type": "Feature", "properties": { "n": "Fredi Street", "h": "col" }, "geometry": { "type": "LineString", "coordinates": [ [ -122.07729, 37.59369 ], [ -122.07759, 37.59323 ], [ -122.07783, 37.59256 ], [ -122.07784, 37.59227 ], [ -122.07768, 37.59178 ] ] } },
{ "type": "Feature", "properties": { "n": "Arden Road", "h": "col" }, "geometry": { "type": "LineString", "coordinates": [ [ -122.10222, 37.61899 ], [ -122.10264, 37.61903 ], [ -122.10363, 37.61932 ] ] } },
{ "type": "Feature", "properties": { "n": "Arden Road", "h": "col" }, "geometry": { "type": "LineString", "coordinates": [ [ -122.10381, 37.61937 ], [ -122.10892, 37.62091 ], [ -122.1093, 37.62096 ], [ -122.11011, 37.62094 ], [ -122.11127, 37.62126 ] ] } },
{ "type": "Feature", "properties": { "n": "Aughinbaugh Way", "h": "art" }, "geometry": { "type": "LineString", "coordinates": [ [ -122.25154, 37.74027 ], [ -122.25188, 37.73981 ], [ -122.25205, 37.73916 ] ] } },
{ "type": "Feature", "properties": { "n": "Fernside Boulevard", "h": "art" }, "geometry": { "type": "LineString", "coordinates": [ [ -122.23527, 37.75127 ], [ -122.23475, 37.7514 ] ] } },
{ "type": "Feature", "properties": { "n": "Jean Drive", "h": "col" }, "geometry": { "type": "LineString", "coordinates": [ [ -122.07269, 37.57549 ], [ -122.073, 37.57617 ], [ -122.07328, 37.5765 ], [ -122.07363, 37.57677 ], [ -122.07521, 37.57776 ], [ -122.07649, 37.57892 ], [ -122.07699, 37.57927 ], [ -122.07823, 37.57995 ], [ -122.08041, 37.58134 ] ] } },
{ "type": "Feature", "properties": { "n": "Grand Avenue", "h": "art" }, "geometry": { "type": "LineString", "coordinates": [ [ -122.26194, 37.81083 ], [ -122.26224, 37.81088 ] ] } },
{ "type": "Feature", "properties": { "n": "Regents Boulevard", "h": "col" }, "geometry": { "type": "LineString", "coordinates": [ [ -122.07906, 37.58758 ], [ -122.07813, 37.58708 ] ] } },
{ "type": "Feature", "properties": { "n": "Regents Boulevard", "h": "col" }, "geometry": { "type": "LineString", "coordinates": [ [ -122.0776, 37.58679 ], [ -122.07505, 37.58537 ], [ -122.07466, 37.58498 ] ] } },
{ "type": "Feature", "properties": { "n": "Delores Drive", "h": "col" }, "geometry": { "type": "LineString", "coordinates": [ [ -122.06551, 37.5825 ], [ -122.06555, 37.58229 ], [ -122.06575, 37.58199 ], [ -122.06629, 37.58167 ] ] } },
{ "type": "Feature", "properties": { "n": "Delores Drive", "h": "col" }, "geometry": { "type": "LineString", "coordinates": [ [ -122.07666, 37.57112 ], [ -122.07699, 37.57088 ] ] } },
{ "type": "Feature", "properties": { "n": "Lakeside Drive", "h": "col" }, "geometry": { "type": "LineString", "coordinates": [ [ -122.26226, 37.80523 ], [ -122.26313, 37.80654 ] ] } },
{ "type": "Feature", "properties": { "n": "Hegenberger Road", "h": "art" }, "geometry": { "type": "LineString", "coordinates": [ [ -122.20174, 37.72644 ], [ -122.20171, 37.72603 ] ] } },
{ "type": "Feature", "properties": { "n": "Bessie Coleman Drive", "h": "art" }, "geometry": { "type": "LineString", "coordinates": [ [ -122.2011, 37.72121 ], [ -122.2013, 37.72083 ] ] } },
{ "type": "Feature", "properties": { "n": "Ron Cowan Parkway", "h": "art" }, "geometry": { "type": "LineString", "coordinates": [ [ -122.20624, 37.71899 ], [ -122.20707, 37.71977 ], [ -122.20754, 37.72011 ], [ -122.20871, 37.7208 ] ] } },
{ "type": "Feature", "properties": { "n": "Doolittle Drive", "h": "art" }, "geometry": { "type": "LineString", "coordinates": [ [ -122.20761, 37.72953 ], [ -122.207, 37.7292 ] ] } },
{ "type": "Feature", "properties": { "n": "Doolittle Drive", "h": "art" }, "geometry": { "type": "LineString", "coordinates": [ [ -122.20694, 37.72917 ], [ -122.20367, 37.72749 ] ] } },
{ "type": "Feature", "properties": { "n": "Harrison Street", "h": "col" }, "geometry": { "type": "LineString", "coordinates": [ [ -122.26306, 37.80922 ], [ -122.26319, 37.80893 ] ] } },
{ "type": "Feature", "properties": { "n": "Island Drive", "h": "art" }, "geometry": { "type": "LineString", "coordinates": [ [ -122.23772, 37.74317 ], [ -122.23787, 37.74249 ], [ -122.23781, 37.7415 ], [ -122.23818, 37.74004 ] ] } },
{ "type": "Feature", "properties": { "n": "Island Drive", "h": "art" }, "geometry": { "type": "LineString", "coordinates": [ [ -122.23986, 37.7356 ], [ -122.23957, 37.73578 ], [ -122.2389, 37.73662 ], [ -122.23871, 37.73693 ] ] } },
{ "type": "Feature", "properties": { "n": "Harbor Bay Parkway", "h": "art" }, "geometry": { "type": "LineString", "coordinates": [ [ -122.22664, 37.7441 ], [ -122.22665, 37.7343 ] ] } },
{ "type": "Feature", "properties": { "n": "Harbor Bay Parkway", "h": "art" }, "geometry": { "type": "LineString", "coordinates": [ [ -122.22664, 37.7441 ], [ -122.22659, 37.74488 ] ] } },
{ "type": "Feature", "properties": { "n": "Doolittle Drive", "h": "art" }, "geometry": { "type": "LineString", "coordinates": [ [ -122.22667, 37.74537 ], [ -122.22796, 37.7454 ] ] } },
{ "type": "Feature", "properties": { "n": "Doolittle Drive", "h": "art" }, "geometry": { "type": "LineString", "coordinates": [ [ -122.22939, 37.74567 ], [ -122.2305, 37.74589 ] ] } },
{ "type": "Feature", "properties": { "n": "Doolittle Drive", "h": "art" }, "geometry": { "type": "LineString", "coordinates": [ [ -122.23197, 37.7462 ], [ -122.23298, 37.74641 ] ] } },
{ "type": "Feature", "properties": { "n": "Otis Drive", "h": "art" }, "geometry": { "type": "LineString", "coordinates": [ [ -122.23742, 37.75133 ], [ -122.23823, 37.75145 ] ] } },
{ "type": "Feature", "properties": { "n": "Otis Drive", "h": "art" }, "geometry": { "type": "LineString", "coordinates": [ [ -122.23933, 37.75213 ], [ -122.24242, 37.7543 ], [ -122.24437, 37.75533 ] ] } },
{ "type": "Feature", "properties": { "n": "Fernside Boulevard", "h": "art" }, "geometry": { "type": "LineString", "coordinates": [ [ -122.22749, 37.75709 ], [ -122.22635, 37.75815 ] ] } },
{ "type": "Feature", "properties": { "n": "Fernside Boulevard", "h": "art" }, "geometry": { "type": "LineString", "coordinates": [ [ -122.23098, 37.75399 ], [ -122.2314, 37.75361 ] ] } },
{ "type": "Feature", "properties": { "n": "Fernside Boulevard", "h": "art" }, "geometry": { "type": "LineString", "coordinates": [ [ -122.23166, 37.75338 ], [ -122.23182, 37.75323 ] ] } },
{ "type": "Feature", "properties": { "n": "Fernside Boulevard", "h": "art" }, "geometry": { "type": "LineString", "coordinates": [ [ -122.23206, 37.75301 ], [ -122.2322, 37.75289 ] ] } },
{ "type": "Feature", "properties": { "n": "Encinal Avenue", "h": "col" }, "geometry": { "type": "LineString", "coordinates": [ [ -122.23189, 37.75463 ], [ -122.23127, 37.7542 ] ] } },
{ "type": "Feature", "properties": { "n": "Encinal Avenue", "h": "col" }, "geometry": { "type": "LineString", "coordinates": [ [ -122.23084, 37.75407 ], [ -122.23171, 37.75468 ] ] } },
{ "type": "Feature", "properties": { "n": "Ron Cowan Parkway", "h": "art" }, "geometry": { "type": "LineString", "coordinates": [ [ -122.22825, 37.72733 ], [ -122.22768, 37.72709 ], [ -122.22718, 37.72677 ] ] } },
{ "type": "Feature", "properties": { "n": "Otis Drive", "h": "art" }, "geometry": { "type": "LineString", "coordinates": [ [ -122.25463, 37.76097 ], [ -122.25483, 37.76105 ] ] } },
{ "type": "Feature", "properties": { "n": "Doolittle Drive", "h": "col" }, "geometry": { "type": "LineString", "coordinates": [ [ -122.1751, 37.69706 ], [ -122.17474, 37.69651 ] ] } },
{ "type": "Feature", "properties": { "n": "98th Avenue", "h": "art" }, "geometry": { "type": "LineString", "coordinates": [ [ -122.2007, 37.72396 ], [ -122.20091, 37.7253 ], [ -122.20085, 37.72573 ], [ -122.20072, 37.72609 ], [ -122.20047, 37.72645 ], [ -122.1998, 37.72702 ] ] } },
{ "type": "Feature", "properties": { "n": "Doolittle Drive", "h": "art" }, "geometry": { "type": "LineString", "coordinates": [ [ -122.20296, 37.72725 ], [ -122.20638, 37.72903 ] ] } },
{ "type": "Feature", "properties": { "n": "Mariner Square Drive", "h": "col" }, "geometry": { "type": "LineString", "coordinates": [ [ -122.27611, 37.78548 ], [ -122.27637, 37.78601 ], [ -122.27645, 37.78631 ], [ -122.2765, 37.78714 ], [ -122.27641, 37.78767 ] ] } },
{ "type": "Feature", "properties": { "n": "Regents Boulevard", "h": "col" }, "geometry": { "type": "LineString", "coordinates": [ [ -122.06842, 37.5727 ], [ -122.06767, 37.57226 ], [ -122.06711, 37.57204 ], [ -122.06677, 37.572 ], [ -122.06499, 37.57207 ], [ -122.06446, 37.572 ] ] } },
{ "type": "Feature", "properties": { "n": "Alvarado Boulevard", "h": "art" }, "geometry": { "type": "LineString", "coordinates": [ [ -122.07771, 37.59165 ], [ -122.07718, 37.59181 ], [ -122.07602, 37.59234 ], [ -122.07576, 37.59239 ], [ -122.07495, 37.59241 ] ] } },
{ "type": "Feature", "properties": { "n": "I 80", "h": "fwy" }, "geometry": { "type": "LineString", "coordinates": [ [ -122.31748, 37.82391 ], [ -122.31869, 37.82362 ] ] } },
{ "type": "Feature", "properties": { "n": "1st Avenue", "h": "art" }, "geometry": { "type": "LineString", "coordinates": [ [ -122.25589, 37.79962 ], [ -122.25604, 37.7995 ] ] } },
{ "type": "Feature", "properties": { "n": "Embarcadero West", "h": "art" }, "geometry": { "type": "LineString", "coordinates": [ [ -122.26793, 37.79147 ], [ -122.2675, 37.79145 ] ] } },
{ "type": "Feature", "properties": { "n": "Mecartney Road", "h": "art" }, "geometry": { "type": "LineString", "coordinates": [ [ -122.23896, 37.73547 ], [ -122.23913, 37.73557 ], [ -122.23981, 37.73573 ] ] } },
{ "type": "Feature", "properties": { "n": "Mecartney Road", "h": "art" }, "geometry": { "type": "LineString", "coordinates": [ [ -122.23896, 37.73547 ], [ -122.23713, 37.73512 ], [ -122.23541, 37.73435 ] ] } },
{ "type": "Feature", "properties": { "n": "Mecartney Road", "h": "art" }, "geometry": { "type": "LineString", "coordinates": [ [ -122.24227, 37.73615 ], [ -122.24159, 37.736 ] ] } },
{ "type": "Feature", "properties": { "n": "Regents Boulevard", "h": "col" }, "geometry": { "type": "LineString", "coordinates": [ [ -122.06625, 37.57871 ], [ -122.06616, 37.57823 ], [ -122.06667, 37.57748 ] ] } },
{ "type": "Feature", "properties": { "n": "Regents Boulevard", "h": "col" }, "geometry": { "type": "LineString", "coordinates": [ [ -122.06697, 37.57698 ], [ -122.06747, 37.57538 ], [ -122.06778, 37.57476 ], [ -122.06867, 37.57386 ], [ -122.06876, 37.57357 ] ] } },
{ "type": "Feature", "properties": { "n": "Alvarado Boulevard", "h": "art" }, "geometry": { "type": "LineString", "coordinates": [ [ -122.07484, 37.59251 ], [ -122.07528, 37.59255 ], [ -122.0758, 37.5925 ], [ -122.07632, 37.59234 ], [ -122.07696, 37.59204 ] ] } },
{ "type": "Feature", "properties": { "n": "Bessie Coleman Drive", "h": "art" }, "geometry": { "type": "LineString", "coordinates": [ [ -122.20259, 37.71909 ], [ -122.20185, 37.71977 ] ] } },
{ "type": "Feature", "properties": { "n": "Harbor Bay Parkway", "h": "art" }, "geometry": { "type": "LineString", "coordinates": [ [ -122.22665, 37.7343 ], [ -122.22703, 37.73335 ], [ -122.2293, 37.72915 ] ] } },
{ "type": "Feature", "properties": { "n": "Harbor Bay Parkway", "h": "art" }, "geometry": { "type": "LineString", "coordinates": [ [ -122.22912, 37.7291 ], [ -122.22685, 37.73329 ], [ -122.22668, 37.73375 ] ] } },
{ "type": "Feature", "properties": { "n": "Robert Davey Junior Drive", "h": "art" }, "geometry": { "type": "LineString", "coordinates": [ [ -122.24309, 37.74407 ], [ -122.24279, 37.7443 ], [ -122.24237, 37.74452 ], [ -122.24191, 37.74465 ], [ -122.2414, 37.74469 ], [ -122.24064, 37.74457 ], [ -122.23979, 37.74419 ] ] } },
{ "type": "Feature", "properties": { "n": "Airport Drive", "h": "art" }, "geometry": { "type": "LineString", "coordinates": [ [ -122.20816, 37.71679 ], [ -122.20903, 37.71664 ] ] } },
{ "type": "Feature", "properties": { "n": "Island Drive", "h": "art" }, "geometry": { "type": "LineString", "coordinates": [ [ -122.23604, 37.74642 ], [ -122.23594, 37.74663 ] ] } },
{ "type": "Feature", "properties": { "n": "Maitland Drive", "h": "art" }, "geometry": { "type": "LineString", "coordinates": [ [ -122.2293, 37.72915 ], [ -122.23026, 37.72944 ], [ -122.23062, 37.72962 ], [ -122.23161, 37.73076 ] ] } },
{ "type": "Feature", "properties": { "n": "Gateway Boulevard", "h": "col" }, "geometry": { "type": "LineString", "coordinates": [ [ -121.93756, 37.47617 ], [ -121.93647, 37.47688 ] ] } },
{ "type": "Feature", "properties": { "n": "Harrison Street", "h": "col" }, "geometry": { "type": "LineString", "coordinates": [ [ -122.26288, 37.80929 ], [ -122.26275, 37.80977 ] ] } },
{ "type": "Feature", "properties": { "n": "Main Street", "h": "col" }, "geometry": { "type": "LineString", "coordinates": [ [ -122.29299, 37.78885 ], [ -122.29331, 37.78914 ], [ -122.29374, 37.78939 ] ] } },
{ "type": "Feature", "properties": { "n": "Main Street", "h": "col" }, "geometry": { "type": "LineString", "coordinates": [ [ -122.29609, 37.78973 ], [ -122.30089, 37.78999 ], [ -122.30216, 37.79015 ], [ -122.30239, 37.79013 ], [ -122.30257, 37.78994 ] ] } },
{ "type": "Feature", "properties": { "n": "Navy Way", "h": "col" }, "geometry": { "type": "LineString", "coordinates": [ [ -122.30257, 37.78994 ], [ -122.30265, 37.78968 ], [ -122.3026, 37.78963 ] ] } },
{ "type": "Feature", "properties": { "n": "Lexington Street", "h": "col" }, "geometry": { "type": "LineString", "coordinates": [ [ -122.30339, 37.78879 ], [ -122.30361, 37.78616 ] ] } },
{ "type": "Feature", "properties": { "n": "Saratoga Street", "h": "col" }, "geometry": { "type": "LineString", "coordinates": [ [ -122.30196, 37.78872 ], [ -122.30212, 37.7866 ] ] } },
{ "type": "Feature", "properties": { "n": "Marina Village Parkway", "h": "col" }, "geometry": { "type": "LineString", "coordinates": [ [ -122.27613, 37.788 ], [ -122.27561, 37.78781 ] ] } },
{ "type": "Feature", "properties": { "n": "Mariner Square Loop", "h": "col" }, "geometry": { "type": "LineString", "coordinates": [ [ -122.27729, 37.78825 ], [ -122.27719, 37.78816 ], [ -122.27695, 37.78807 ] ] } },
{ "type": "Feature", "properties": { "n": "Mariner Square Loop", "h": "col" }, "geometry": { "type": "LineString", "coordinates": [ [ -122.27662, 37.78813 ], [ -122.27703, 37.7882 ] ] } },
{ "type": "Feature", "properties": { "n": "Fremont Boulevard", "h": "art" }, "geometry": { "type": "LineString", "coordinates": [ [ -121.93705, 37.46957 ], [ -121.93401, 37.46673 ], [ -121.93139, 37.46512 ] ] } },
{ "type": "Feature", "properties": { "n": "Lakeview Boulevard", "h": "col" }, "geometry": { "type": "LineString", "coordinates": [ [ -121.93068, 37.46528 ], [ -121.92934, 37.46675 ] ] } },
{ "type": "Feature", "properties": { "n": "Bayside Parkway", "h": "col" }, "geometry": { "type": "LineString", "coordinates": [ [ -121.94136, 37.48159 ], [ -121.94047, 37.47998 ], [ -121.93992, 37.47867 ] ] } },
{ "type": "Feature", "properties": { "n": "Gateway Boulevard", "h": "col" }, "geometry": { "type": "LineString", "coordinates": [ [ -121.93586, 37.47753 ], [ -121.93717, 37.47661 ] ] } },
{ "type": "Feature", "properties": { "n": "I 580", "h": "fwy" }, "geometry": { "type": "LineString", "coordinates": [ [ -122.3118, 37.89722 ], [ -122.3117, 37.89709 ] ] } },
{ "type": "Feature", "properties": { "n": "Embarcadero West", "h": "art" }, "geometry": { "type": "LineString", "coordinates": [ [ -122.26753, 37.79157 ], [ -122.26785, 37.79158 ] ] } },
{ "type": "Feature", "properties": { "n": "West Warren Avenue", "h": "art" }, "geometry": { "type": "LineString", "coordinates": [ [ -121.94464, 37.48122 ], [ -121.94334, 37.48149 ], [ -121.94235, 37.48184 ] ] } },
{ "type": "Feature", "properties": { "n": "Harrison Street", "h": "col" }, "geometry": { "type": "LineString", "coordinates": [ [ -122.26297, 37.80904 ], [ -122.26288, 37.80929 ] ] } },
{ "type": "Feature", "properties": { "n": "Central Avenue", "h": "col" }, "geometry": { "type": "LineString", "coordinates": [ [ -122.22988, 37.75676 ], [ -122.2273, 37.75497 ] ] } },
{ "type": "Feature", "properties": { "n": "Fernside Boulevard", "h": "art" }, "geometry": { "type": "LineString", "coordinates": [ [ -122.23475, 37.7514 ], [ -122.23438, 37.75143 ] ] } },
{ "type": "Feature", "properties": { "n": "Fernside Boulevard", "h": "art" }, "geometry": { "type": "LineString", "coordinates": [ [ -122.23494, 37.75144 ], [ -122.23532, 37.75132 ] ] } },
{ "type": "Feature", "properties": { "n": "Mariner Square Loop", "h": "col" }, "geometry": { "type": "LineString", "coordinates": [ [ -122.27819, 37.78869 ], [ -122.27729, 37.78825 ] ] } },
{ "type": "Feature", "properties": { "n": "Swan Way", "h": "art" }, "geometry": { "type": "LineString", "coordinates": [ [ -122.20754, 37.72961 ], [ -122.20707, 37.73014 ] ] } },
{ "type": "Feature", "properties": { "n": "Webster Street", "h": "art" }, "geometry": { "type": "LineString", "coordinates": [ [ -122.27663, 37.78164 ], [ -122.27659, 37.78027 ] ] } },
{ "type": "Feature", "properties": { "n": "Webster Street", "h": "art" }, "geometry": { "type": "LineString", "coordinates": [ [ -122.27652, 37.78403 ], [ -122.2766, 37.78554 ] ] } },
{ "type": "Feature", "properties": { "n": "Eden Landing Road", "h": "col" }, "geometry": { "type": "LineString", "coordinates": [ [ -122.12257, 37.62377 ], [ -122.12271, 37.62291 ] ] } },
{ "type": "Feature", "properties": { "n": "Lowry Road", "h": "col" }, "geometry": { "type": "LineString", "coordinates": [ [ -122.06659, 37.5681 ], [ -122.0672, 37.56794 ], [ -122.06833, 37.56796 ], [ -122.06872, 37.56792 ], [ -122.0694, 37.56766 ], [ -122.07005, 37.5671 ] ] } },
{ "type": "Feature", "properties": { "n": "Willie Stargell Avenue", "h": "col" }, "geometry": { "type": "LineString", "coordinates": [ [ -122.2765, 37.7834 ], [ -122.27731, 37.78348 ] ] } },
{ "type": "Feature", "properties": { "n": "Main Street", "h": "col" }, "geometry": { "type": "LineString", "coordinates": [ [ -122.2914, 37.78554 ], [ -122.29143, 37.78621 ], [ -122.29163, 37.78687 ] ] } },
{ "type": "Feature", "properties": { "n": "Marina Village Parkway", "h": "col" }, "geometry": { "type": "LineString", "coordinates": [ [ -122.27533, 37.78771 ], [ -122.27584, 37.78802 ] ] } },
{ "type": "Feature", "properties": { "n": "Webster Street", "h": "art" }, "geometry": { "type": "LineString", "coordinates": [ [ -122.27691, 37.78428 ], [ -122.27668, 37.78343 ] ] } },
{ "type": "Feature", "properties": { "n": "Webster Street", "h": "art" }, "geometry": { "type": "LineString", "coordinates": [ [ -122.2766, 37.78554 ], [ -122.27662, 37.78614 ] ] } },
{ "type": "Feature", "properties": { "n": "Webster Street", "h": "art" }, "geometry": { "type": "LineString", "coordinates": [ [ -122.27658, 37.77909 ], [ -122.27655, 37.77963 ] ] } },
{ "type": "Feature", "properties": { "n": "Mariner Square Loop", "h": "col" }, "geometry": { "type": "LineString", "coordinates": [ [ -122.27859, 37.78684 ], [ -122.27859, 37.78763 ], [ -122.27837, 37.78834 ] ] } },
{ "type": "Feature", "properties": { "n": "Bessie Coleman Drive", "h": "art" }, "geometry": { "type": "LineString", "coordinates": [ [ -122.20077, 37.72279 ], [ -122.20077, 37.72264 ] ] } },
{ "type": "Feature", "properties": { "n": "Bessie Coleman Drive", "h": "art" }, "geometry": { "type": "LineString", "coordinates": [ [ -122.20077, 37.72262 ], [ -122.20078, 37.72246 ] ] } },
{ "type": "Feature", "properties": { "n": "Airport Drive", "h": "art" }, "geometry": { "type": "LineString", "coordinates": [ [ -122.20763, 37.71422 ], [ -122.20803, 37.71513 ] ] } },
{ "type": "Feature", "properties": { "n": "Airport Drive", "h": "art" }, "geometry": { "type": "LineString", "coordinates": [ [ -122.21142, 37.71643 ], [ -122.21246, 37.71574 ] ] } },
{ "type": "Feature", "properties": { "n": "Airport Drive", "h": "art" }, "geometry": { "type": "LineString", "coordinates": [ [ -122.20888, 37.71228 ], [ -122.20832, 37.71261 ] ] } },
{ "type": "Feature", "properties": { "n": "Airport Drive", "h": "art" }, "geometry": { "type": "LineString", "coordinates": [ [ -122.20826, 37.71265 ], [ -122.20789, 37.71294 ], [ -122.20766, 37.7133 ] ] } },
{ "type": "Feature", "properties": { "n": "Airport Drive", "h": "art" }, "geometry": { "type": "LineString", "coordinates": [ [ -122.21003, 37.71664 ], [ -122.21072, 37.71664 ], [ -122.21142, 37.71643 ] ] } },
{ "type": "Feature", "properties": { "n": "98th Avenue", "h": "art" }, "geometry": { "type": "LineString", "coordinates": [ [ -122.1998, 37.72702 ], [ -122.19897, 37.72741 ] ] } },
{ "type": "Feature", "properties": { "n": "Airport Drive", "h": "art" }, "geometry": { "type": "LineString", "coordinates": [ [ -122.21383, 37.71363 ], [ -122.21382, 37.71345 ] ] } },
{ "type": "Feature", "properties": { "n": "Airport Drive", "h": "art" }, "geometry": { "type": "LineString", "coordinates": [ [ -122.21328, 37.71267 ], [ -122.21295, 37.71248 ] ] } },
{ "type": "Feature", "properties": { "n": "Airport Drive", "h": "art" }, "geometry": { "type": "LineString", "coordinates": [ [ -122.2129, 37.71245 ], [ -122.21158, 37.71168 ] ] } },
{ "type": "Feature", "properties": { "n": "Ron Cowan Parkway", "h": "art" }, "geometry": { "type": "LineString", "coordinates": [ [ -122.21729, 37.72319 ], [ -122.22478, 37.72558 ], [ -122.22574, 37.72604 ], [ -122.22632, 37.72641 ] ] } },
{ "type": "Feature", "properties": { "n": "Ron Cowan Parkway", "h": "art" }, "geometry": { "type": "LineString", "coordinates": [ [ -122.22745, 37.72718 ], [ -122.22783, 37.72738 ], [ -122.22829, 37.72752 ] ] } },
{ "type": "Feature", "properties": { "n": "Ron Cowan Parkway", "h": "art" }, "geometry": { "type": "LineString", "coordinates": [ [ -122.21735, 37.72308 ], [ -122.21464, 37.72221 ], [ -122.21098, 37.72145 ], [ -122.20976, 37.72111 ], [ -122.20886, 37.72075 ], [ -122.2082, 37.72041 ], [ -122.20695, 37.71953 ] ] } },
{ "type": "Feature", "properties": { "n": "Ron Cowan Parkway", "h": "art" }, "geometry": { "type": "LineString", "coordinates": [ [ -122.22543, 37.72574 ], [ -122.22444, 37.72534 ], [ -122.21808, 37.72332 ] ] } },
{ "type": "Feature", "properties": { "n": "Airport Drive", "h": "art" }, "geometry": { "type": "LineString", "coordinates": [ [ -122.20813, 37.71608 ], [ -122.20784, 37.71655 ] ] } },
{ "type": "Feature", "properties": { "n": "Robert Davey Junior Drive", "h": "art" }, "geometry": { "type": "LineString", "coordinates": [ [ -122.23964, 37.74424 ], [ -122.24008, 37.74449 ], [ -122.24059, 37.74468 ], [ -122.2414, 37.7448 ], [ -122.2422, 37.7447 ], [ -122.24291, 37.74437 ] ] } },
{ "type": "Feature", "properties": { "n": "Mecartney Road", "h": "art" }, "geometry": { "type": "LineString", "coordinates": [ [ -122.23986, 37.7356 ], [ -122.23917, 37.73546 ], [ -122.23896, 37.73547 ] ] } },
{ "type": "Feature", "properties": { "n": "Mariner Square Drive", "h": "col" }, "geometry": { "type": "LineString", "coordinates": [ [ -122.27649, 37.78782 ], [ -122.2766, 37.78804 ] ] } },
{ "type": "Feature", "properties": { "n": "Harrison Street", "h": "col" }, "geometry": { "type": "LineString", "coordinates": [ [ -122.26413, 37.80821 ], [ -122.26441, 37.80815 ] ] } },
{ "type": "Feature", "properties": { "n": "Marina Boulevard", "h": "col" }, "geometry": { "type": "LineString", "coordinates": [ [ -122.18894, 37.70111 ], [ -122.18872, 37.70129 ] ] } },
{ "type": "Feature", "properties": { "n": "Marina Boulevard", "h": "col" }, "geometry": { "type": "LineString", "coordinates": [ [ -122.18884, 37.70127 ], [ -122.18904, 37.70115 ] ] } },
{ "type": "Feature", "properties": { "n": "Monarch Bay Drive", "h": "col" }, "geometry": { "type": "LineString", "coordinates": [ [ -122.18904, 37.70115 ], [ -122.18938, 37.70084 ], [ -122.18949, 37.70062 ], [ -122.18947, 37.70051 ] ] } },
{ "type": "Feature", "properties": { "n": "Monarch Bay Drive", "h": "col" }, "geometry": { "type": "LineString", "coordinates": [ [ -122.18947, 37.70051 ], [ -122.18894, 37.70111 ] ] } },
{ "type": "Feature", "properties": { "n": "Lakeshore Avenue", "h": "art" }, "geometry": { "type": "LineString", "coordinates": [ [ -122.2545, 37.80057 ], [ -122.25468, 37.80034 ], [ -122.25515, 37.8 ] ] } },
{ "type": "Feature", "properties": { "n": "Bessie Coleman Drive", "h": "art" }, "geometry": { "type": "LineString", "coordinates": [ [ -122.20194, 37.7199 ], [ -122.20293, 37.71898 ] ] } },
{ "type": "Feature", "properties": { "n": "Airport Drive", "h": "art" }, "geometry": { "type": "LineString", "coordinates": [ [ -122.21144, 37.71162 ], [ -122.21102, 37.71156 ], [ -122.21031, 37.71169 ] ] } },
{ "type": "Feature", "properties": { "n": "Airport Drive", "h": "art" }, "geometry": { "type": "LineString", "coordinates": [ [ -122.21246, 37.71574 ], [ -122.21315, 37.71528 ] ] } },
{ "type": "Feature", "properties": { "n": "Airport Drive", "h": "art" }, "geometry": { "type": "LineString", "coordinates": [ [ -122.21004, 37.71178 ], [ -122.20962, 37.71194 ] ] } },
{ "type": "Feature", "properties": { "n": "Wilma Chan Way", "h": "art" }, "geometry": { "type": "LineString", "coordinates": [ [ -122.27479, 37.78015 ], [ -122.27492, 37.7811 ] ] } },
{ "type": "Feature", "properties": { "n": "Wilma Chan Way", "h": "art" }, "geometry": { "type": "LineString", "coordinates": [ [ -122.27496, 37.78137 ], [ -122.27519, 37.78246 ] ] } },
{ "type": "Feature", "properties": { "n": "West Warren Avenue", "h": "art" }, "geometry": { "type": "LineString", "coordinates": [ [ -121.94195, 37.48209 ], [ -121.94355, 37.48152 ], [ -121.94435, 37.48135 ] ] } },
{ "type": "Feature", "properties": { "n": "I 880", "h": "fwy" }, "geometry": { "type": "LineString", "coordinates": [ [ -121.92596, 37.46253 ], [ -121.92446, 37.4594 ] ] } },
{ "type": "Feature", "properties": { "n": "I 880", "h": "fwy" }, "geometry": { "type": "LineString", "coordinates": [ [ -121.92434, 37.45989 ], [ -121.926, 37.46315 ] ] } },
{ "type": "Feature", "properties": { "n": "I 880", "h": "fwy" }, "geometry": { "type": "LineString", "coordinates": [ [ -121.92408, 37.45851 ], [ -121.92392, 37.45809 ] ] } },
{ "type": "Feature", "properties": { "n": "I 880", "h": "fwy" }, "geometry": { "type": "LineString", "coordinates": [ [ -121.92361, 37.45698 ], [ -121.92349, 37.45638 ] ] } },
{ "type": "Feature", "properties": { "n": "I 880", "h": "fwy" }, "geometry": { "type": "LineString", "coordinates": [ [ -122.0717, 37.61355 ], [ -122.07133, 37.61304 ] ] } },
{ "type": "Feature", "properties": { "n": "I 580", "h": "fwy" }, "geometry": { "type": "LineString", "coordinates": [ [ -122.31155, 37.89714 ], [ -122.31167, 37.89729 ] ] } },
{ "type": "Feature", "properties": { "n": "Alvarado Boulevard", "h": "art" }, "geometry": { "type": "LineString", "coordinates": [ [ -122.07828, 37.59159 ], [ -122.07771, 37.59165 ] ] } },
{ "type": "Feature", "properties": { "n": "Alvarado Boulevard", "h": "art" }, "geometry": { "type": "LineString", "coordinates": [ [ -122.07696, 37.59204 ], [ -122.07755, 37.59181 ] ] } },
{ "type": "Feature", "properties": { "n": "Alvarado Boulevard", "h": "art" }, "geometry": { "type": "LineString", "coordinates": [ [ -122.0812, 37.59161 ], [ -122.08073, 37.59159 ] ] } },
{ "type": "Feature", "properties": { "n": "Alvarado Boulevard", "h": "art" }, "geometry": { "type": "LineString", "coordinates": [ [ -122.07768, 37.59178 ], [ -122.07824, 37.59171 ], [ -122.08011, 37.5917 ] ] } },
{ "type": "Feature", "properties": { "n": "Dyer Street", "h": "art" }, "geometry": { "type": "LineString", "coordinates": [ [ -122.07864, 37.57948 ], [ -122.07946, 37.57852 ] ] } },
{ "type": "Feature", "properties": { "n": "Dyer Street", "h": "art" }, "geometry": { "type": "LineString", "coordinates": [ [ -122.07419, 37.58468 ], [ -122.07431, 37.58455 ], [ -122.0743, 37.58446 ] ] } },
{ "type": "Feature", "properties": { "n": "Dyer Street", "h": "art" }, "geometry": { "type": "LineString", "coordinates": [ [ -122.07443, 37.5843 ], [ -122.07582, 37.58272 ] ] } },
{ "type": "Feature", "properties": { "n": "98th Avenue", "h": "art" }, "geometry": { "type": "LineString", "coordinates": [ [ -122.20082, 37.72364 ], [ -122.20077, 37.72279 ] ] } },
{ "type": "Feature", "properties": { "n": "Bessie Coleman Drive", "h": "art" }, "geometry": { "type": "LineString", "coordinates": [ [ -122.20183, 37.72003 ], [ -122.20194, 37.7199 ] ] } },
{ "type": "Feature", "properties": { "n": "Bessie Coleman Drive", "h": "art" }, "geometry": { "type": "LineString", "coordinates": [ [ -122.2013, 37.72083 ], [ -122.20183, 37.72003 ] ] } },
{ "type": "Feature", "properties": { "n": "Hegenberger Road", "h": "art" }, "geometry": { "type": "LineString", "coordinates": [ [ -122.20171, 37.72603 ], [ -122.20124, 37.72477 ] ] } },
{ "type": "Feature", "properties": { "n": "Hegenberger Road", "h": "art" }, "geometry": { "type": "LineString", "coordinates": [ [ -122.20124, 37.72477 ], [ -122.20089, 37.7236 ], [ -122.20077, 37.72279 ] ] } },
{ "type": "Feature", "properties": { "n": "Hegenberger Road", "h": "art" }, "geometry": { "type": "LineString", "coordinates": [ [ -122.20174, 37.72644 ], [ -122.20155, 37.72654 ] ] } },
{ "type": "Feature", "properties": { "n": "Webster Street", "h": "art" }, "geometry": { "type": "LineString", "coordinates": [ [ -122.2765, 37.78283 ], [ -122.2765, 37.7834 ] ] } },
{ "type": "Feature", "properties": { "n": "Webster Street", "h": "art" }, "geometry": { "type": "LineString", "coordinates": [ [ -122.2765, 37.7834 ], [ -122.27651, 37.78362 ] ] } },
{ "type": "Feature", "properties": { "n": "Webster Street", "h": "art" }, "geometry": { "type": "LineString", "coordinates": [ [ -122.27649, 37.7824 ], [ -122.2765, 37.78283 ] ] } },
{ "type": "Feature", "properties": { "n": "Webster Street", "h": "art" }, "geometry": { "type": "LineString", "coordinates": [ [ -122.27647, 37.77973 ], [ -122.27645, 37.7803 ] ] } },
{ "type": "Feature", "properties": { "n": "Webster Street", "h": "art" }, "geometry": { "type": "LineString", "coordinates": [ [ -122.27659, 37.78027 ], [ -122.27661, 37.77973 ] ] } },
{ "type": "Feature", "properties": { "n": "Webster Street", "h": "art" }, "geometry": { "type": "LineString", "coordinates": [ [ -122.27668, 37.78336 ], [ -122.27663, 37.78164 ] ] } },
{ "type": "Feature", "properties": { "n": "Willie Stargell Avenue", "h": "col" }, "geometry": { "type": "LineString", "coordinates": [ [ -122.2914, 37.78489 ], [ -122.29092, 37.78485 ] ] } },
{ "type": "Feature", "properties": { "n": "Doolittle Drive", "h": "art" }, "geometry": { "type": "LineString", "coordinates": [ [ -122.22676, 37.74523 ], [ -122.22658, 37.74524 ] ] } },
{ "type": "Feature", "properties": { "n": "Doolittle Drive", "h": "art" }, "geometry": { "type": "LineString", "coordinates": [ [ -122.22552, 37.74542 ], [ -122.22667, 37.74537 ] ] } },
{ "type": "Feature", "properties": { "n": "Doolittle Drive", "h": "art" }, "geometry": { "type": "LineString", "coordinates": [ [ -122.22619, 37.74526 ], [ -122.22574, 37.74527 ] ] } },
{ "type": "Feature", "properties": { "n": "Doolittle Drive", "h": "art" }, "geometry": { "type": "LineString", "coordinates": [ [ -122.22724, 37.74522 ], [ -122.22676, 37.74523 ] ] } },
{ "type": "Feature", "properties": { "n": "Doolittle Drive", "h": "art" }, "geometry": { "type": "LineString", "coordinates": [ [ -122.21717, 37.7416 ], [ -122.21513, 37.73912 ] ] } },
{ "type": "Feature", "properties": { "n": "Doolittle Drive", "h": "art" }, "geometry": { "type": "LineString", "coordinates": [ [ -122.21413, 37.7379 ], [ -122.21399, 37.73773 ] ] } },
{ "type": "Feature", "properties": { "n": "Doolittle Drive", "h": "art" }, "geometry": { "type": "LineString", "coordinates": [ [ -122.21742, 37.7419 ], [ -122.21717, 37.7416 ] ] } },
{ "type": "Feature", "properties": { "n": "Doolittle Drive", "h": "art" }, "geometry": { "type": "LineString", "coordinates": [ [ -122.21767, 37.74221 ], [ -122.21742, 37.7419 ] ] } },
{ "type": "Feature", "properties": { "n": "Doolittle Drive", "h": "art" }, "geometry": { "type": "LineString", "coordinates": [ [ -122.22549, 37.74528 ], [ -122.22384, 37.74549 ] ] } },
{ "type": "Feature", "properties": { "n": "Doolittle Drive", "h": "art" }, "geometry": { "type": "LineString", "coordinates": [ [ -122.22384, 37.74549 ], [ -122.22512, 37.74544 ] ] } },
{ "type": "Feature", "properties": { "n": "Doolittle Drive", "h": "art" }, "geometry": { "type": "LineString", "coordinates": [ [ -122.2281, 37.74531 ], [ -122.22724, 37.74522 ] ] } },
{ "type": "Feature", "properties": { "n": "Doolittle Drive", "h": "art" }, "geometry": { "type": "LineString", "coordinates": [ [ -122.21227, 37.73507 ], [ -122.21192, 37.73431 ] ] } },
{ "type": "Feature", "properties": { "n": "Doolittle Drive", "h": "art" }, "geometry": { "type": "LineString", "coordinates": [ [ -122.21399, 37.73773 ], [ -122.21349, 37.7371 ] ] } },
{ "type": "Feature", "properties": { "n": "Doolittle Drive", "h": "art" }, "geometry": { "type": "LineString", "coordinates": [ [ -122.21245, 37.73545 ], [ -122.21227, 37.73507 ] ] } },
{ "type": "Feature", "properties": { "n": "Doolittle Drive", "h": "art" }, "geometry": { "type": "LineString", "coordinates": [ [ -122.21107, 37.73236 ], [ -122.21091, 37.73202 ] ] } },
{ "type": "Feature", "properties": { "n": "Harbor Bay Parkway", "h": "art" }, "geometry": { "type": "LineString", "coordinates": [ [ -122.22659, 37.74488 ], [ -122.22658, 37.74524 ] ] } },
{ "type": "Feature", "properties": { "n": "Harbor Bay Parkway", "h": "art" }, "geometry": { "type": "LineString", "coordinates": [ [ -122.22658, 37.74524 ], [ -122.22667, 37.74537 ] ] } },
{ "type": "Feature", "properties": { "n": "Harbor Bay Parkway", "h": "art" }, "geometry": { "type": "LineString", "coordinates": [ [ -122.22667, 37.74537 ], [ -122.22676, 37.74523 ] ] } },
{ "type": "Feature", "properties": { "n": "Harbor Bay Parkway", "h": "art" }, "geometry": { "type": "LineString", "coordinates": [ [ -122.22674, 37.74463 ], [ -122.22664, 37.7441 ] ] } },
{ "type": "Feature", "properties": { "n": "Doolittle Drive", "h": "art" }, "geometry": { "type": "LineString", "coordinates": [ [ -122.23512, 37.74685 ], [ -122.23543, 37.74696 ] ] } },
{ "type": "Feature", "properties": { "n": "Encinal Avenue", "h": "col" }, "geometry": { "type": "LineString", "coordinates": [ [ -122.23127, 37.7542 ], [ -122.23098, 37.75399 ] ] } },
{ "type": "Feature", "properties": { "n": "Fernside Boulevard", "h": "art" }, "geometry": { "type": "LineString", "coordinates": [ [ -122.23084, 37.75407 ], [ -122.23065, 37.75425 ] ] } },
{ "type": "Feature", "properties": { "n": "Fernside Boulevard", "h": "art" }, "geometry": { "type": "LineString", "coordinates": [ [ -122.23092, 37.75394 ], [ -122.23084, 37.75407 ] ] } },
{ "type": "Feature", "properties": { "n": "Fernside Boulevard", "h": "art" }, "geometry": { "type": "LineString", "coordinates": [ [ -122.23131, 37.75358 ], [ -122.23092, 37.75394 ] ] } },
{ "type": "Feature", "properties": { "n": "Broadway", "h": "art" }, "geometry": { "type": "LineString", "coordinates": [ [ -122.24484, 37.75558 ], [ -122.2447, 37.7558 ] ] } },
{ "type": "Feature", "properties": { "n": "Broadway", "h": "col" }, "geometry": { "type": "LineString", "coordinates": [ [ -122.24646, 37.75358 ], [ -122.24604, 37.75408 ] ] } },
{ "type": "Feature", "properties": { "n": "Broadway", "h": "col" }, "geometry": { "type": "LineString", "coordinates": [ [ -122.24589, 37.75426 ], [ -122.24484, 37.75558 ] ] } },
{ "type": "Feature", "properties": { "n": "Otis Drive", "h": "art" }, "geometry": { "type": "LineString", "coordinates": [ [ -122.25419, 37.76081 ], [ -122.25441, 37.76089 ] ] } },
{ "type": "Feature", "properties": { "n": "Otis Drive", "h": "art" }, "geometry": { "type": "LineString", "coordinates": [ [ -122.25441, 37.76089 ], [ -122.25463, 37.76097 ] ] } },
{ "type": "Feature", "properties": { "n": "Otis Drive", "h": "art" }, "geometry": { "type": "LineString", "coordinates": [ [ -122.25399, 37.76073 ], [ -122.25419, 37.76081 ] ] } },
{ "type": "Feature", "properties": { "n": "Otis Drive", "h": "art" }, "geometry": { "type": "LineString", "coordinates": [ [ -122.24641, 37.75639 ], [ -122.24717, 37.75679 ] ] } },
{ "type": "Feature", "properties": { "n": "Otis Drive", "h": "art" }, "geometry": { "type": "LineString", "coordinates": [ [ -122.24446, 37.75538 ], [ -122.24484, 37.75558 ] ] } },
{ "type": "Feature", "properties": { "n": "Otis Drive", "h": "art" }, "geometry": { "type": "LineString", "coordinates": [ [ -122.24625, 37.75631 ], [ -122.24641, 37.75639 ] ] } },
{ "type": "Feature", "properties": { "n": "Otis Drive", "h": "art" }, "geometry": { "type": "LineString", "coordinates": [ [ -122.2455, 37.75592 ], [ -122.24606, 37.75621 ] ] } },
{ "type": "Feature", "properties": { "n": "Otis Drive", "h": "art" }, "geometry": { "type": "LineString", "coordinates": [ [ -122.24606, 37.75621 ], [ -122.24625, 37.75631 ] ] } },
{ "type": "Feature", "properties": { "n": "Otis Drive", "h": "art" }, "geometry": { "type": "LineString", "coordinates": [ [ -122.25184, 37.75961 ], [ -122.25205, 37.75973 ] ] } },
{ "type": "Feature", "properties": { "n": "Otis Drive", "h": "art" }, "geometry": { "type": "LineString", "coordinates": [ [ -122.24534, 37.75584 ], [ -122.2455, 37.75592 ] ] } },
{ "type": "Feature", "properties": { "n": "Otis Drive", "h": "art" }, "geometry": { "type": "LineString", "coordinates": [ [ -122.24484, 37.75558 ], [ -122.24513, 37.75573 ] ] } },
{ "type": "Feature", "properties": { "n": "Otis Drive", "h": "art" }, "geometry": { "type": "LineString", "coordinates": [ [ -122.24513, 37.75573 ], [ -122.24534, 37.75584 ] ] } },
{ "type": "Feature", "properties": { "n": "Otis Drive", "h": "art" }, "geometry": { "type": "LineString", "coordinates": [ [ -122.24809, 37.75735 ], [ -122.24839, 37.75754 ] ] } },
{ "type": "Feature", "properties": { "n": "Otis Drive", "h": "art" }, "geometry": { "type": "LineString", "coordinates": [ [ -122.24754, 37.75699 ], [ -122.24804, 37.75732 ] ] } },
{ "type": "Feature", "properties": { "n": "Otis Drive", "h": "art" }, "geometry": { "type": "LineString", "coordinates": [ [ -122.24845, 37.75757 ], [ -122.24889, 37.75783 ] ] } },
{ "type": "Feature", "properties": { "n": "Park Street", "h": "col" }, "geometry": { "type": "LineString", "coordinates": [ [ -122.24867, 37.75727 ], [ -122.24845, 37.75753 ] ] } },
{ "type": "Feature", "properties": { "n": "Willow Street", "h": "col" }, "geometry": { "type": "LineString", "coordinates": [ [ -122.25463, 37.76097 ], [ -122.25481, 37.76067 ] ] } },
{ "type": "Feature", "properties": { "n": "Island Drive", "h": "art" }, "geometry": { "type": "LineString", "coordinates": [ [ -122.23981, 37.73573 ], [ -122.23986, 37.7356 ] ] } },
{ "type": "Feature", "properties": { "n": "Island Drive", "h": "art" }, "geometry": { "type": "LineString", "coordinates": [ [ -122.23943, 37.73624 ], [ -122.23981, 37.73573 ] ] } },
{ "type": "Feature", "properties": { "n": "Mecartney Road", "h": "art" }, "geometry": { "type": "LineString", "coordinates": [ [ -122.23981, 37.73573 ], [ -122.24106, 37.73602 ] ] } },
{ "type": "Feature", "properties": { "n": "Mecartney Road", "h": "art" }, "geometry": { "type": "LineString", "coordinates": [ [ -122.24159, 37.736 ], [ -122.24111, 37.73589 ] ] } },
{ "type": "Feature", "properties": { "n": "Mecartney Road", "h": "art" }, "geometry": { "type": "LineString", "coordinates": [ [ -122.24054, 37.73576 ], [ -122.23986, 37.7356 ] ] } },
{ "type": "Feature", "properties": { "n": "Mecartney Road", "h": "art" }, "geometry": { "type": "LineString", "coordinates": [ [ -122.24111, 37.73589 ], [ -122.24054, 37.73576 ] ] } },
{ "type": "Feature", "properties": { "n": "Harbor Bay Parkway", "h": "art" }, "geometry": { "type": "LineString", "coordinates": [ [ -122.22668, 37.73375 ], [ -122.22665, 37.7343 ] ] } },
{ "type": "Feature", "properties": { "n": "Harbor Bay Parkway", "h": "art" }, "geometry": { "type": "LineString", "coordinates": [ [ -122.22928, 37.72863 ], [ -122.22912, 37.7291 ] ] } },
{ "type": "Feature", "properties": { "n": "Ron Cowan Parkway", "h": "art" }, "geometry": { "type": "LineString", "coordinates": [ [ -122.21808, 37.72332 ], [ -122.21735, 37.72308 ] ] } },
{ "type": "Feature", "properties": { "n": "Ron Cowan Parkway", "h": "art" }, "geometry": { "type": "LineString", "coordinates": [ [ -122.22866, 37.72741 ], [ -122.22825, 37.72733 ] ] } },
{ "type": "Feature", "properties": { "n": "Ron Cowan Parkway", "h": "art" }, "geometry": { "type": "LineString", "coordinates": [ [ -122.22893, 37.72743 ], [ -122.22866, 37.72741 ] ] } },
{ "type": "Feature", "properties": { "n": "Airport Drive", "h": "art" }, "geometry": { "type": "LineString", "coordinates": [ [ -122.21315, 37.71528 ], [ -122.2134, 37.71509 ] ] } },
{ "type": "Feature", "properties": { "n": "Airport Drive", "h": "art" }, "geometry": { "type": "LineString", "coordinates": [ [ -122.21371, 37.71452 ], [ -122.21378, 37.71409 ] ] } },
{ "type": "Feature", "properties": { "n": "Airport Drive", "h": "art" }, "geometry": { "type": "LineString", "coordinates": [ [ -122.21358, 37.71487 ], [ -122.21371, 37.71452 ] ] } },
{ "type": "Feature", "properties": { "n": "Airport Drive", "h": "art" }, "geometry": { "type": "LineString", "coordinates": [ [ -122.20803, 37.71513 ], [ -122.20817, 37.71561 ], [ -122.20813, 37.71608 ] ] } },
{ "type": "Feature", "properties": { "n": "John Glenn Drive", "h": "col" }, "geometry": { "type": "LineString", "coordinates": [ [ -122.20784, 37.71712 ], [ -122.20812, 37.71701 ] ] } },
{ "type": "Feature", "properties": { "n": "John Glenn Drive", "h": "col" }, "geometry": { "type": "LineString", "coordinates": [ [ -122.2059, 37.71784 ], [ -122.20784, 37.71712 ] ] } },
{ "type": "Feature", "properties": { "n": "Ron Cowan Parkway", "h": "art" }, "geometry": { "type": "LineString", "coordinates": [ [ -122.20572, 37.71836 ], [ -122.20624, 37.71899 ] ] } },
{ "type": "Feature", "properties": { "n": "Ron Cowan Parkway", "h": "art" }, "geometry": { "type": "LineString", "coordinates": [ [ -122.2058, 37.71819 ], [ -122.20562, 37.71795 ] ] } },
{ "type": "Feature", "properties": { "n": "Ron Cowan Parkway", "h": "art" }, "geometry": { "type": "LineString", "coordinates": [ [ -122.20525, 37.71747 ], [ -122.2055, 37.71799 ] ] } },
{ "type": "Feature", "properties": { "n": "Ron Cowan Parkway", "h": "art" }, "geometry": { "type": "LineString", "coordinates": [ [ -122.20557, 37.71787 ], [ -122.20525, 37.71747 ] ] } },
{ "type": "Feature", "properties": { "n": "Lakeshore Avenue", "h": "art" }, "geometry": { "type": "LineString", "coordinates": [ [ -122.25432, 37.80069 ], [ -122.25428, 37.80098 ] ] } },
{ "type": "Feature", "properties": { "n": "Island Drive", "h": "art" }, "geometry": { "type": "LineString", "coordinates": [ [ -122.23808, 37.73929 ], [ -122.238, 37.73962 ] ] } },
{ "type": "Feature", "properties": { "n": "Island Drive", "h": "art" }, "geometry": { "type": "LineString", "coordinates": [ [ -122.2384, 37.73908 ], [ -122.23848, 37.73874 ] ] } },
{ "type": "Feature", "properties": { "n": "Island Drive", "h": "art" }, "geometry": { "type": "LineString", "coordinates": [ [ -122.23818, 37.74004 ], [ -122.23827, 37.73965 ] ] } },
{ "type": "Feature", "properties": { "n": "Island Drive", "h": "art" }, "geometry": { "type": "LineString", "coordinates": [ [ -122.23691, 37.74517 ], [ -122.23756, 37.74358 ] ] } },
{ "type": "Feature", "properties": { "n": "Island Drive", "h": "art" }, "geometry": { "type": "LineString", "coordinates": [ [ -122.23866, 37.73796 ], [ -122.23878, 37.73745 ] ] } },
{ "type": "Feature", "properties": { "n": "Island Drive", "h": "art" }, "geometry": { "type": "LineString", "coordinates": [ [ -122.23827, 37.73965 ], [ -122.2384, 37.73908 ] ] } },
{ "type": "Feature", "properties": { "n": "Island Drive", "h": "art" }, "geometry": { "type": "LineString", "coordinates": [ [ -122.23848, 37.73874 ], [ -122.23866, 37.73796 ] ] } },
{ "type": "Feature", "properties": { "n": "Island Drive", "h": "art" }, "geometry": { "type": "LineString", "coordinates": [ [ -122.23615, 37.74621 ], [ -122.23604, 37.74642 ] ] } },
{ "type": "Feature", "properties": { "n": "Island Drive", "h": "art" }, "geometry": { "type": "LineString", "coordinates": [ [ -122.23679, 37.74547 ], [ -122.23691, 37.74517 ] ] } },
{ "type": "Feature", "properties": { "n": "Island Drive", "h": "art" }, "geometry": { "type": "LineString", "coordinates": [ [ -122.23631, 37.74586 ], [ -122.23615, 37.74621 ] ] } },
{ "type": "Feature", "properties": { "n": "Island Drive", "h": "art" }, "geometry": { "type": "LineString", "coordinates": [ [ -122.23834, 37.73824 ], [ -122.23823, 37.7387 ] ] } },
{ "type": "Feature", "properties": { "n": "Island Drive", "h": "art" }, "geometry": { "type": "LineString", "coordinates": [ [ -122.23756, 37.74358 ], [ -122.23772, 37.74317 ] ] } },
{ "type": "Feature", "properties": { "n": "Island Drive", "h": "art" }, "geometry": { "type": "LineString", "coordinates": [ [ -122.23823, 37.7387 ], [ -122.23808, 37.73929 ] ] } },
{ "type": "Feature", "properties": { "n": "Island Drive", "h": "art" }, "geometry": { "type": "LineString", "coordinates": [ [ -122.23897, 37.73683 ], [ -122.23938, 37.73629 ] ] } },
{ "type": "Feature", "properties": { "n": "Island Drive", "h": "art" }, "geometry": { "type": "LineString", "coordinates": [ [ -122.23871, 37.73693 ], [ -122.23856, 37.73742 ] ] } },
{ "type": "Feature", "properties": { "n": "Island Drive", "h": "art" }, "geometry": { "type": "LineString", "coordinates": [ [ -122.23856, 37.73742 ], [ -122.23834, 37.73824 ] ] } },
{ "type": "Feature", "properties": { "n": "Island Drive", "h": "art" }, "geometry": { "type": "LineString", "coordinates": [ [ -122.23878, 37.73745 ], [ -122.23897, 37.73683 ] ] } },
{ "type": "Feature", "properties": { "n": "Island Drive", "h": "art" }, "geometry": { "type": "LineString", "coordinates": [ [ -122.23617, 37.74641 ], [ -122.23625, 37.74618 ], [ -122.23679, 37.74547 ] ] } },
{ "type": "Feature", "properties": { "n": "Island Drive", "h": "art" }, "geometry": { "type": "LineString", "coordinates": [ [ -122.23757, 37.74266 ], [ -122.23728, 37.74343 ] ] } },
{ "type": "Feature", "properties": { "n": "Island Drive", "h": "art" }, "geometry": { "type": "LineString", "coordinates": [ [ -122.238, 37.73962 ], [ -122.23756, 37.74155 ], [ -122.2376, 37.74241 ] ] } },
{ "type": "Feature", "properties": { "n": "Otis Drive", "h": "art" }, "geometry": { "type": "LineString", "coordinates": [ [ -122.23863, 37.75164 ], [ -122.23899, 37.75189 ] ] } },
{ "type": "Feature", "properties": { "n": "Otis Drive", "h": "art" }, "geometry": { "type": "LineString", "coordinates": [ [ -122.23899, 37.75189 ], [ -122.23933, 37.75213 ] ] } },
{ "type": "Feature", "properties": { "n": "Otis Drive", "h": "art" }, "geometry": { "type": "LineString", "coordinates": [ [ -122.2378, 37.75125 ], [ -122.23711, 37.75118 ] ] } },
{ "type": "Feature", "properties": { "n": "Mecartney Road", "h": "art" }, "geometry": { "type": "LineString", "coordinates": [ [ -122.24106, 37.73602 ], [ -122.24142, 37.7361 ] ] } },
{ "type": "Feature", "properties": { "n": "Mecartney Road", "h": "art" }, "geometry": { "type": "LineString", "coordinates": [ [ -122.24192, 37.73621 ], [ -122.24223, 37.73629 ] ] } },
{ "type": "Feature", "properties": { "n": "Robert Davey Junior Drive", "h": "art" }, "geometry": { "type": "LineString", "coordinates": [ [ -122.2436, 37.74346 ], [ -122.24333, 37.7438 ] ] } },
{ "type": "Feature", "properties": { "n": "Robert Davey Junior Drive", "h": "art" }, "geometry": { "type": "LineString", "coordinates": [ [ -122.23979, 37.74419 ], [ -122.23947, 37.74395 ] ] } },
{ "type": "Feature", "properties": { "n": "Robert Davey Junior Drive", "h": "art" }, "geometry": { "type": "LineString", "coordinates": [ [ -122.24333, 37.7438 ], [ -122.24309, 37.74407 ] ] } },
{ "type": "Feature", "properties": { "n": "Robert Davey Junior Drive", "h": "art" }, "geometry": { "type": "LineString", "coordinates": [ [ -122.23899, 37.74374 ], [ -122.23937, 37.74405 ] ] } },
{ "type": "Feature", "properties": { "n": "Robert Davey Junior Drive", "h": "art" }, "geometry": { "type": "LineString", "coordinates": [ [ -122.24291, 37.74437 ], [ -122.2432, 37.74414 ] ] } },
{ "type": "Feature", "properties": { "n": "Robert Davey Junior Drive", "h": "art" }, "geometry": { "type": "LineString", "coordinates": [ [ -122.23815, 37.74325 ], [ -122.23772, 37.74317 ] ] } },
{ "type": "Feature", "properties": { "n": "Robert Davey Junior Drive", "h": "art" }, "geometry": { "type": "LineString", "coordinates": [ [ -122.2432, 37.74414 ], [ -122.24367, 37.74359 ] ] } },
{ "type": "Feature", "properties": { "n": "Robert Davey Junior Drive", "h": "art" }, "geometry": { "type": "LineString", "coordinates": [ [ -122.23808, 37.74335 ], [ -122.23866, 37.74356 ] ] } },
{ "type": "Feature", "properties": { "n": "Robert Davey Junior Drive", "h": "art" }, "geometry": { "type": "LineString", "coordinates": [ [ -122.23938, 37.74389 ], [ -122.23899, 37.7436 ] ] } },
{ "type": "Feature", "properties": { "n": "Robert Davey Junior Drive", "h": "art" }, "geometry": { "type": "LineString", "coordinates": [ [ -122.23877, 37.74348 ], [ -122.23842, 37.74333 ] ] } },
{ "type": "Feature", "properties": { "n": "Westline Drive", "h": "art" }, "geometry": { "type": "LineString", "coordinates": [ [ -122.27159, 37.7668 ], [ -122.2716, 37.76694 ] ] } },
{ "type": "Feature", "properties": { "n": "Foothill Boulevard", "h": "art" }, "geometry": { "type": "LineString", "coordinates": [ [ -122.25493, 37.7998 ], [ -122.25515, 37.8 ] ] } },
{ "type": "Feature", "properties": { "n": "Wilma Chan Way", "h": "art" }, "geometry": { "type": "LineString", "coordinates": [ [ -122.27462, 37.77928 ], [ -122.27465, 37.77945 ] ] } },
{ "type": "Feature", "properties": { "n": "Wilma Chan Way", "h": "art" }, "geometry": { "type": "LineString", "coordinates": [ [ -122.27465, 37.77945 ], [ -122.27472, 37.77976 ] ] } },
{ "type": "Feature", "properties": { "n": "Wilma Chan Way", "h": "art" }, "geometry": { "type": "LineString", "coordinates": [ [ -122.27488, 37.77972 ], [ -122.27475, 37.77917 ] ] } },
{ "type": "Feature", "properties": { "n": "Ralph Appezzato Memorial Parkway", "h": "col" }, "geometry": { "type": "LineString", "coordinates": [ [ -122.27702, 37.7796 ], [ -122.27655, 37.77963 ] ] } },
{ "type": "Feature", "properties": { "n": "Wilma Chan Way", "h": "art" }, "geometry": { "type": "LineString", "coordinates": [ [ -122.27502, 37.78086 ], [ -122.275, 37.78058 ] ] } },
{ "type": "Feature", "properties": { "n": "Marina Village Parkway", "h": "col" }, "geometry": { "type": "LineString", "coordinates": [ [ -122.2748, 37.78262 ], [ -122.27506, 37.7826 ] ] } },
{ "type": "Feature", "properties": { "n": "Marina Village Parkway", "h": "col" }, "geometry": { "type": "LineString", "coordinates": [ [ -122.27502, 37.78247 ], [ -122.27478, 37.78249 ] ] } },
{ "type": "Feature", "properties": { "n": "Willie Stargell Avenue", "h": "col" }, "geometry": { "type": "LineString", "coordinates": [ [ -122.27668, 37.78336 ], [ -122.2765, 37.7834 ] ] } },
{ "type": "Feature", "properties": { "n": "Willie Stargell Avenue", "h": "col" }, "geometry": { "type": "LineString", "coordinates": [ [ -122.27712, 37.78336 ], [ -122.27668, 37.78336 ] ] } },
{ "type": "Feature", "properties": { "n": "Marina Village Parkway", "h": "col" }, "geometry": { "type": "LineString", "coordinates": [ [ -122.27202, 37.78536 ], [ -122.27168, 37.78498 ] ] } },
{ "type": "Feature", "properties": { "n": "Marina Village Parkway", "h": "col" }, "geometry": { "type": "LineString", "coordinates": [ [ -122.27389, 37.78628 ], [ -122.27351, 37.78614 ] ] } },
{ "type": "Feature", "properties": { "n": "Marina Village Parkway", "h": "col" }, "geometry": { "type": "LineString", "coordinates": [ [ -122.27168, 37.78513 ], [ -122.27194, 37.78541 ] ] } },
{ "type": "Feature", "properties": { "n": "Marina Village Parkway", "h": "col" }, "geometry": { "type": "LineString", "coordinates": [ [ -122.27315, 37.78609 ], [ -122.27346, 37.78621 ] ] } },
{ "type": "Feature", "properties": { "n": "Marina Village Parkway", "h": "col" }, "geometry": { "type": "LineString", "coordinates": [ [ -122.27561, 37.78781 ], [ -122.27539, 37.78764 ] ] } },
{ "type": "Feature", "properties": { "n": "Marina Village Parkway", "h": "col" }, "geometry": { "type": "LineString", "coordinates": [ [ -122.27484, 37.78701 ], [ -122.27469, 37.78678 ] ] } },
{ "type": "Feature", "properties": { "n": "Marina Village Parkway", "h": "col" }, "geometry": { "type": "LineString", "coordinates": [ [ -122.27346, 37.78621 ], [ -122.27413, 37.78646 ] ] } },
{ "type": "Feature", "properties": { "n": "Marina Village Parkway", "h": "col" }, "geometry": { "type": "LineString", "coordinates": [ [ -122.27413, 37.78646 ], [ -122.27429, 37.78654 ] ] } },
{ "type": "Feature", "properties": { "n": "Marina Village Parkway", "h": "col" }, "geometry": { "type": "LineString", "coordinates": [ [ -122.27429, 37.78654 ], [ -122.27461, 37.78682 ] ] } },
{ "type": "Feature", "properties": { "n": "Marina Village Parkway", "h": "col" }, "geometry": { "type": "LineString", "coordinates": [ [ -122.27599, 37.78807 ], [ -122.27662, 37.78813 ] ] } },
{ "type": "Feature", "properties": { "n": "Marina Village Parkway", "h": "col" }, "geometry": { "type": "LineString", "coordinates": [ [ -122.27351, 37.78614 ], [ -122.27254, 37.78577 ], [ -122.27221, 37.78555 ] ] } },
{ "type": "Feature", "properties": { "n": "Marina Village Parkway", "h": "col" }, "geometry": { "type": "LineString", "coordinates": [ [ -122.27529, 37.78757 ], [ -122.27499, 37.78727 ] ] } },
{ "type": "Feature", "properties": { "n": "Marina Village Parkway", "h": "col" }, "geometry": { "type": "LineString", "coordinates": [ [ -122.27461, 37.78682 ], [ -122.27475, 37.78705 ] ] } },
{ "type": "Feature", "properties": { "n": "Marina Village Parkway", "h": "col" }, "geometry": { "type": "LineString", "coordinates": [ [ -122.27498, 37.7874 ], [ -122.27509, 37.78751 ] ] } },
{ "type": "Feature", "properties": { "n": "Marina Village Parkway", "h": "col" }, "geometry": { "type": "LineString", "coordinates": [ [ -122.27469, 37.78678 ], [ -122.27435, 37.78648 ], [ -122.27389, 37.78628 ] ] } },
{ "type": "Feature", "properties": { "n": "Marina Village Parkway", "h": "col" }, "geometry": { "type": "LineString", "coordinates": [ [ -122.27194, 37.78541 ], [ -122.27232, 37.78576 ] ] } },
{ "type": "Feature", "properties": { "n": "Marina Village Parkway", "h": "col" }, "geometry": { "type": "LineString", "coordinates": [ [ -122.27242, 37.78581 ], [ -122.27259, 37.78589 ] ] } },
{ "type": "Feature", "properties": { "n": "Marina Village Parkway", "h": "col" }, "geometry": { "type": "LineString", "coordinates": [ [ -122.2729, 37.786 ], [ -122.27315, 37.78609 ] ] } },
{ "type": "Feature", "properties": { "n": "Mariner Square Drive", "h": "col" }, "geometry": { "type": "LineString", "coordinates": [ [ -122.27606, 37.78466 ], [ -122.27606, 37.78511 ] ] } },
{ "type": "Feature", "properties": { "n": "Mariner Square Drive", "h": "col" }, "geometry": { "type": "LineString", "coordinates": [ [ -122.27606, 37.78511 ], [ -122.27611, 37.78548 ] ] } },
{ "type": "Feature", "properties": { "n": "Ralph Appezzato Memorial Parkway", "h": "col" }, "geometry": { "type": "LineString", "coordinates": [ [ -122.29119, 37.77994 ], [ -122.28973, 37.77993 ] ] } },
{ "type": "Feature", "properties": { "n": "Embarcadero West", "h": "art" }, "geometry": { "type": "LineString", "coordinates": [ [ -122.2675, 37.79145 ], [ -122.26713, 37.79158 ] ] } },
{ "type": "Feature", "properties": { "n": "Embarcadero West", "h": "art" }, "geometry": { "type": "LineString", "coordinates": [ [ -122.26698, 37.79173 ], [ -122.26753, 37.79157 ] ] } },
{ "type": "Feature", "properties": { "n": "Embarcadero West", "h": "art" }, "geometry": { "type": "LineString", "coordinates": [ [ -122.26614, 37.79151 ], [ -122.26659, 37.79169 ], [ -122.26698, 37.79173 ] ] } },
{ "type": "Feature", "properties": { "n": "Embarcadero West", "h": "art" }, "geometry": { "type": "LineString", "coordinates": [ [ -122.26713, 37.79158 ], [ -122.26678, 37.79161 ], [ -122.26586, 37.7914 ] ] } },
{ "type": "Feature", "properties": { "n": "Mariner Square Loop", "h": "col" }, "geometry": { "type": "LineString", "coordinates": [ [ -122.27695, 37.78807 ], [ -122.2766, 37.78804 ] ] } },
{ "type": "Feature", "properties": { "n": "Mitchell Avenue", "h": "col" }, "geometry": { "type": "LineString", "coordinates": [ [ -122.27819, 37.78869 ], [ -122.27861, 37.78889 ] ] } },
{ "type": "Feature", "properties": { "n": "Doolittle Drive", "h": "art" }, "geometry": { "type": "LineString", "coordinates": [ [ -122.20673, 37.72922 ], [ -122.20702, 37.72938 ] ] } },
{ "type": "Feature", "properties": { "n": "Doolittle Drive", "h": "art" }, "geometry": { "type": "LineString", "coordinates": [ [ -122.20702, 37.72938 ], [ -122.20721, 37.72948 ] ] } },
{ "type": "Feature", "properties": { "n": "Doolittle Drive", "h": "art" }, "geometry": { "type": "LineString", "coordinates": [ [ -122.20727, 37.72952 ], [ -122.2075, 37.72964 ] ] } },
{ "type": "Feature", "properties": { "n": "Doolittle Drive", "h": "art" }, "geometry": { "type": "LineString", "coordinates": [ [ -122.2012, 37.72642 ], [ -122.20155, 37.72654 ] ] } },
{ "type": "Feature", "properties": { "n": "Doolittle Drive", "h": "art" }, "geometry": { "type": "LineString", "coordinates": [ [ -122.20774, 37.72977 ], [ -122.20818, 37.73002 ] ] } },
{ "type": "Feature", "properties": { "n": "Doolittle Drive", "h": "art" }, "geometry": { "type": "LineString", "coordinates": [ [ -122.20272, 37.72696 ], [ -122.20234, 37.72674 ] ] } },
{ "type": "Feature", "properties": { "n": "Doolittle Drive", "h": "art" }, "geometry": { "type": "LineString", "coordinates": [ [ -122.20234, 37.72674 ], [ -122.20174, 37.72644 ] ] } },
{ "type": "Feature", "properties": { "n": "Doolittle Drive", "h": "art" }, "geometry": { "type": "LineString", "coordinates": [ [ -122.20812, 37.72981 ], [ -122.20785, 37.72966 ] ] } },
{ "type": "Feature", "properties": { "n": "Doolittle Drive", "h": "art" }, "geometry": { "type": "LineString", "coordinates": [ [ -122.20174, 37.72644 ], [ -122.2015, 37.72635 ] ] } },
{ "type": "Feature", "properties": { "n": "Swan Way", "h": "art" }, "geometry": { "type": "LineString", "coordinates": [ [ -122.2072, 37.73019 ], [ -122.20762, 37.72971 ] ] } },
{ "type": "Feature", "properties": { "n": "Ron Cowan Parkway", "h": "art" }, "geometry": { "type": "LineString", "coordinates": [ [ -122.20695, 37.71953 ], [ -122.20636, 37.71894 ] ] } },
{ "type": "Feature", "properties": { "n": "Ron Cowan Parkway", "h": "art" }, "geometry": { "type": "LineString", "coordinates": [ [ -122.21031, 37.72142 ], [ -122.21131, 37.72165 ] ] } },
{ "type": "Feature", "properties": { "n": "Ron Cowan Parkway", "h": "art" }, "geometry": { "type": "LineString", "coordinates": [ [ -122.20636, 37.71894 ], [ -122.20605, 37.71857 ] ] } },
{ "type": "Feature", "properties": { "n": "Ron Cowan Parkway", "h": "art" }, "geometry": { "type": "LineString", "coordinates": [ [ -122.21131, 37.72165 ], [ -122.21422, 37.72223 ], [ -122.2161, 37.7228 ] ] } },
{ "type": "Feature", "properties": { "n": "Alvarado Boulevard", "h": "art" }, "geometry": { "type": "LineString", "coordinates": [ [ -122.08096, 37.5917 ], [ -122.08119, 37.5917 ] ] } },
{ "type": "Feature", "properties": { "n": "Alvarado Boulevard", "h": "art" }, "geometry": { "type": "LineString", "coordinates": [ [ -122.08011, 37.5917 ], [ -122.08096, 37.5917 ] ] } },
{ "type": "Feature", "properties": { "n": "Dyer Street", "h": "art" }, "geometry": { "type": "LineString", "coordinates": [ [ -122.07015, 37.58912 ], [ -122.06992, 37.58938 ] ] } },
{ "type": "Feature", "properties": { "n": "Dyer Street", "h": "art" }, "geometry": { "type": "LineString", "coordinates": [ [ -122.07788, 37.58039 ], [ -122.07823, 37.57995 ] ] } },
{ "type": "Feature", "properties": { "n": "Dyer Street", "h": "art" }, "geometry": { "type": "LineString", "coordinates": [ [ -122.07267, 37.58633 ], [ -122.07384, 37.585 ] ] } },
{ "type": "Feature", "properties": { "n": "Dyer Street", "h": "art" }, "geometry": { "type": "LineString", "coordinates": [ [ -122.07823, 37.57995 ], [ -122.07864, 37.57948 ] ] } },
{ "type": "Feature", "properties": { "n": "Dyer Street", "h": "art" }, "geometry": { "type": "LineString", "coordinates": [ [ -122.07241, 37.58673 ], [ -122.07252, 37.5866 ], [ -122.0725, 37.58651 ] ] } },
{ "type": "Feature", "properties": { "n": "Dyer Street", "h": "art" }, "geometry": { "type": "LineString", "coordinates": [ [ -122.07065, 37.58865 ], [ -122.07049, 37.58873 ] ] } },
{ "type": "Feature", "properties": { "n": "Dyer Street", "h": "art" }, "geometry": { "type": "LineString", "coordinates": [ [ -122.06999, 37.5895 ], [ -122.07065, 37.58875 ], [ -122.07065, 37.58865 ] ] } },
{ "type": "Feature", "properties": { "n": "Union City Boulevard", "h": "art" }, "geometry": { "type": "LineString", "coordinates": [ [ -122.08187, 37.59982 ], [ -122.08184, 37.59959 ] ] } },
{ "type": "Feature", "properties": { "n": "Union City Boulevard", "h": "art" }, "geometry": { "type": "LineString", "coordinates": [ [ -122.08179, 37.59905 ], [ -122.08176, 37.59879 ] ] } },
{ "type": "Feature", "properties": { "n": "Union City Boulevard", "h": "art" }, "geometry": { "type": "LineString", "coordinates": [ [ -122.08093, 37.58207 ], [ -122.08094, 37.58137 ] ] } },
{ "type": "Feature", "properties": { "n": "Union City Boulevard", "h": "art" }, "geometry": { "type": "LineString", "coordinates": [ [ -122.08099, 37.59587 ], [ -122.08099, 37.59549 ] ] } },
{ "type": "Feature", "properties": { "n": "Union City Boulevard", "h": "art" }, "geometry": { "type": "LineString", "coordinates": [ [ -122.08105, 37.59246 ], [ -122.08111, 37.59213 ] ] } },
{ "type": "Feature", "properties": { "n": "Union City Boulevard", "h": "art" }, "geometry": { "type": "LineString", "coordinates": [ [ -122.08121, 37.58837 ], [ -122.08122, 37.58766 ] ] } },
{ "type": "Feature", "properties": { "n": "Union City Boulevard", "h": "art" }, "geometry": { "type": "LineString", "coordinates": [ [ -122.08083, 37.595 ], [ -122.08081, 37.59549 ] ] } },
{ "type": "Feature", "properties": { "n": "Union City Boulevard", "h": "art" }, "geometry": { "type": "LineString", "coordinates": [ [ -122.08084, 37.59364 ], [ -122.08083, 37.595 ] ] } },
{ "type": "Feature", "properties": { "n": "Union City Boulevard", "h": "art" }, "geometry": { "type": "LineString", "coordinates": [ [ -122.08075, 37.58073 ], [ -122.08075, 37.58138 ] ] } },
{ "type": "Feature", "properties": { "n": "Union City Boulevard", "h": "art" }, "geometry": { "type": "LineString", "coordinates": [ [ -122.08081, 37.59611 ], [ -122.08081, 37.59628 ] ] } },
{ "type": "Feature", "properties": { "n": "Union City Boulevard", "h": "art" }, "geometry": { "type": "LineString", "coordinates": [ [ -122.08095, 37.58687 ], [ -122.08101, 37.58756 ] ] } },
{ "type": "Feature", "properties": { "n": "Union City Boulevard", "h": "art" }, "geometry": { "type": "LineString", "coordinates": [ [ -122.08098, 37.59091 ], [ -122.08097, 37.59159 ] ] } },
{ "type": "Feature", "properties": { "n": "Union City Boulevard", "h": "art" }, "geometry": { "type": "LineString", "coordinates": [ [ -122.08099, 37.59631 ], [ -122.08099, 37.59587 ] ] } },
{ "type": "Feature", "properties": { "n": "Union City Boulevard", "h": "art" }, "geometry": { "type": "LineString", "coordinates": [ [ -122.08081, 37.59549 ], [ -122.08081, 37.59611 ] ] } },
{ "type": "Feature", "properties": { "n": "Union City Boulevard", "h": "art" }, "geometry": { "type": "LineString", "coordinates": [ [ -122.08084, 37.59255 ], [ -122.08084, 37.59364 ] ] } },
{ "type": "Feature", "properties": { "n": "Union City Boulevard", "h": "art" }, "geometry": { "type": "LineString", "coordinates": [ [ -122.08096, 37.5917 ], [ -122.08084, 37.59255 ] ] } },
{ "type": "Feature", "properties": { "n": "Union City Boulevard", "h": "art" }, "geometry": { "type": "LineString", "coordinates": [ [ -122.08099, 37.59549 ], [ -122.08105, 37.59246 ] ] } },
{ "type": "Feature", "properties": { "n": "Union City Boulevard", "h": "art" }, "geometry": { "type": "LineString", "coordinates": [ [ -122.0812, 37.59161 ], [ -122.08122, 37.59061 ] ] } },
{ "type": "Feature", "properties": { "n": "Union City Boulevard", "h": "art" }, "geometry": { "type": "LineString", "coordinates": [ [ -122.08075, 37.58138 ], [ -122.08074, 37.58299 ] ] } },
{ "type": "Feature", "properties": { "n": "Union City Boulevard", "h": "art" }, "geometry": { "type": "LineString", "coordinates": [ [ -122.08086, 37.58496 ], [ -122.08095, 37.58687 ] ] } },
{ "type": "Feature", "properties": { "n": "Union City Boulevard", "h": "art" }, "geometry": { "type": "LineString", "coordinates": [ [ -122.08122, 37.58756 ], [ -122.08108, 37.58616 ], [ -122.08106, 37.58488 ] ] } },
{ "type": "Feature", "properties": { "n": "Union City Boulevard", "h": "art" }, "geometry": { "type": "LineString", "coordinates": [ [ -122.08094, 37.58137 ], [ -122.08095, 37.57862 ] ] } },
{ "type": "Feature", "properties": { "n": "Union City Boulevard", "h": "art" }, "geometry": { "type": "LineString", "coordinates": [ [ -122.08011, 37.57582 ], [ -122.07982, 37.57529 ] ] } },
{ "type": "Feature", "properties": { "n": "Union City Boulevard", "h": "art" }, "geometry": { "type": "LineString", "coordinates": [ [ -122.0793, 37.57463 ], [ -122.07963, 37.57529 ] ] } },
{ "type": "Feature", "properties": { "n": "Union City Boulevard", "h": "art" }, "geometry": { "type": "LineString", "coordinates": [ [ -122.07747, 37.57119 ], [ -122.07712, 37.57079 ] ] } },
{ "type": "Feature", "properties": { "n": "Union City Boulevard", "h": "art" }, "geometry": { "type": "LineString", "coordinates": [ [ -122.08069, 37.57782 ], [ -122.08075, 37.57854 ], [ -122.08075, 37.58073 ] ] } },
{ "type": "Feature", "properties": { "n": "Union City Boulevard", "h": "art" }, "geometry": { "type": "LineString", "coordinates": [ [ -122.0777, 37.57176 ], [ -122.07804, 37.57241 ] ] } },
{ "type": "Feature", "properties": { "n": "Union City Boulevard", "h": "art" }, "geometry": { "type": "LineString", "coordinates": [ [ -122.08095, 37.57862 ], [ -122.0809, 37.57783 ] ] } },
{ "type": "Feature", "properties": { "n": "Union City Boulevard", "h": "art" }, "geometry": { "type": "LineString", "coordinates": [ [ -122.08058, 37.57736 ], [ -122.08069, 37.57781 ] ] } },
{ "type": "Feature", "properties": { "n": "Union City Boulevard", "h": "art" }, "geometry": { "type": "LineString", "coordinates": [ [ -122.07963, 37.57529 ], [ -122.07974, 37.57549 ] ] } },
{ "type": "Feature", "properties": { "n": "Union City Boulevard", "h": "art" }, "geometry": { "type": "LineString", "coordinates": [ [ -122.08029, 37.5765 ], [ -122.08046, 37.57697 ] ] } },
{ "type": "Feature", "properties": { "n": "Union City Boulevard", "h": "art" }, "geometry": { "type": "LineString", "coordinates": [ [ -122.07804, 37.57241 ], [ -122.0791, 37.57431 ] ] } },
{ "type": "Feature", "properties": { "n": "Union City Boulevard", "h": "art" }, "geometry": { "type": "LineString", "coordinates": [ [ -122.0791, 37.57431 ], [ -122.0792, 37.57449 ] ] } },
{ "type": "Feature", "properties": { "n": "Union City Boulevard", "h": "art" }, "geometry": { "type": "LineString", "coordinates": [ [ -122.08089, 37.57775 ], [ -122.08065, 37.57686 ], [ -122.08034, 37.57621 ] ] } },
{ "type": "Feature", "properties": { "n": "Union City Boulevard", "h": "art" }, "geometry": { "type": "LineString", "coordinates": [ [ -122.07712, 37.57079 ], [ -122.07683, 37.57048 ] ] } },
{ "type": "Feature", "properties": { "n": "Union City Boulevard", "h": "art" }, "geometry": { "type": "LineString", "coordinates": [ [ -122.07572, 37.56968 ], [ -122.07476, 37.56915 ] ] } },
{ "type": "Feature", "properties": { "n": "Union City Boulevard", "h": "art" }, "geometry": { "type": "LineString", "coordinates": [ [ -122.0744, 37.56895 ], [ -122.07368, 37.56855 ] ] } },
{ "type": "Feature", "properties": { "n": "Union City Boulevard", "h": "art" }, "geometry": { "type": "LineString", "coordinates": [ [ -122.0733, 37.56852 ], [ -122.07583, 37.56992 ] ] } },
{ "type": "Feature", "properties": { "n": "Union City Boulevard", "h": "art" }, "geometry": { "type": "LineString", "coordinates": [ [ -122.07605, 37.57008 ], [ -122.07699, 37.57088 ] ] } },
{ "type": "Feature", "properties": { "n": "Union City Boulevard", "h": "art" }, "geometry": { "type": "LineString", "coordinates": [ [ -122.07982, 37.57529 ], [ -122.07864, 37.5731 ] ] } },
{ "type": "Feature", "properties": { "n": "Union City Boulevard", "h": "art" }, "geometry": { "type": "LineString", "coordinates": [ [ -122.07858, 37.57299 ], [ -122.07825, 37.57241 ] ] } },
{ "type": "Feature", "properties": { "n": "Dyer Street", "h": "art" }, "geometry": { "type": "LineString", "coordinates": [ [ -122.08022, 37.57793 ], [ -122.08069, 37.57781 ] ] } },
{ "type": "Feature", "properties": { "n": "Dyer Street", "h": "art" }, "geometry": { "type": "LineString", "coordinates": [ [ -122.07946, 37.57852 ], [ -122.07974, 37.57824 ] ] } },
{ "type": "Feature", "properties": { "n": "Dyer Street", "h": "art" }, "geometry": { "type": "LineString", "coordinates": [ [ -122.07974, 37.57824 ], [ -122.08006, 37.57801 ] ] } },
{ "type": "Feature", "properties": { "n": "Gateway Boulevard", "h": "col" }, "geometry": { "type": "LineString", "coordinates": [ [ -121.93956, 37.4749 ], [ -121.93864, 37.47551 ] ] } },
{ "type": "Feature", "properties": { "n": "West Warren Avenue", "h": "art" }, "geometry": { "type": "LineString", "coordinates": [ [ -121.94435, 37.48135 ], [ -121.94492, 37.48126 ] ] } },
{ "type": "Feature", "properties": { "n": "West Warren Avenue", "h": "art" }, "geometry": { "type": "LineString", "coordinates": [ [ -121.94235, 37.48184 ], [ -121.942, 37.48196 ] ] } },
{ "type": "Feature", "properties": { "n": "Fremont Boulevard", "h": "art" }, "geometry": { "type": "LineString", "coordinates": [ [ -121.94586, 37.48376 ], [ -121.94554, 37.4825 ] ] } },
{ "type": "Feature", "properties": { "n": "Doolittle Drive", "h": "col" }, "geometry": { "type": "LineString", "coordinates": [ [ -122.17348, 37.69433 ], [ -122.17346, 37.69382 ] ] } },
{ "type": "Feature", "properties": { "n": "Wicks Boulevard", "h": "col" }, "geometry": { "type": "LineString", "coordinates": [ [ -122.16333, 37.69372 ], [ -122.16328, 37.69334 ] ] } },
{ "type": "Feature", "properties": { "n": "Fernside Boulevard", "h": "art" }, "geometry": { "type": "LineString", "coordinates": [ [ -122.22769, 37.75692 ], [ -122.22749, 37.75709 ] ] } },
{ "type": "Feature", "properties": { "n": "Fernside Boulevard", "h": "art" }, "geometry": { "type": "LineString", "coordinates": [ [ -122.22786, 37.75675 ], [ -122.22769, 37.75692 ] ] } },
{ "type": "Feature", "properties": { "n": "Fernside Boulevard", "h": "art" }, "geometry": { "type": "LineString", "coordinates": [ [ -122.23065, 37.75425 ], [ -122.22786, 37.75675 ] ] } },
{ "type": "Feature", "properties": { "n": "Marina Village Parkway", "h": "col" }, "geometry": { "type": "LineString", "coordinates": [ [ -122.27221, 37.78555 ], [ -122.27202, 37.78536 ] ] } },
{ "type": "Feature", "properties": { "n": "Marina Village Parkway", "h": "col" }, "geometry": { "type": "LineString", "coordinates": [ [ -122.27506, 37.7826 ], [ -122.2752, 37.78251 ] ] } },
{ "type": "Feature", "properties": { "n": "Mariner Square Drive", "h": "col" }, "geometry": { "type": "LineString", "coordinates": [ [ -122.27641, 37.78767 ], [ -122.27649, 37.78782 ] ] } },
{ "type": "Feature", "properties": { "n": "Willie Stargell Avenue", "h": "col" }, "geometry": { "type": "LineString", "coordinates": [ [ -122.27738, 37.78342 ], [ -122.27712, 37.78336 ] ] } },
{ "type": "Feature", "properties": { "n": "Regents Boulevard", "h": "col" }, "geometry": { "type": "LineString", "coordinates": [ [ -122.07906, 37.58758 ], [ -122.07929, 37.58766 ], [ -122.08074, 37.58766 ] ] } },
{ "type": "Feature", "properties": { "n": "Regents Boulevard", "h": "col" }, "geometry": { "type": "LineString", "coordinates": [ [ -122.08122, 37.58756 ], [ -122.07906, 37.58758 ] ] } },
{ "type": "Feature", "properties": { "n": "Grand Avenue", "h": "art" }, "geometry": { "type": "LineString", "coordinates": [ [ -122.26176, 37.8108 ], [ -122.26194, 37.81083 ] ] } },
{ "type": "Feature", "properties": { "n": "Harrison Street", "h": "col" }, "geometry": { "type": "LineString", "coordinates": [ [ -122.26228, 37.81103 ], [ -122.26222, 37.81117 ] ] } },
{ "type": "Feature", "properties": { "n": "Gateway Boulevard", "h": "col" }, "geometry": { "type": "LineString", "coordinates": [ [ -121.93807, 37.47584 ], [ -121.93765, 37.47611 ] ] } },
{ "type": "Feature", "properties": { "n": "Gateway Boulevard", "h": "col" }, "geometry": { "type": "LineString", "coordinates": [ [ -121.94141, 37.47371 ], [ -121.94177, 37.47345 ] ] } },
{ "type": "Feature", "properties": { "n": "Gateway Boulevard", "h": "col" }, "geometry": { "type": "LineString", "coordinates": [ [ -121.94125, 37.47383 ], [ -121.94141, 37.47371 ] ] } },
{ "type": "Feature", "properties": { "n": "Gateway Boulevard", "h": "col" }, "geometry": { "type": "LineString", "coordinates": [ [ -121.93717, 37.47661 ], [ -121.9377, 37.47625 ] ] } },
{ "type": "Feature", "properties": { "n": "Gateway Boulevard", "h": "col" }, "geometry": { "type": "LineString", "coordinates": [ [ -121.93647, 37.47688 ], [ -121.93579, 37.47735 ] ] } },
{ "type": "Feature", "properties": { "n": "Gateway Boulevard", "h": "col" }, "geometry": { "type": "LineString", "coordinates": [ [ -121.94067, 37.47415 ], [ -121.94087, 37.47411 ], [ -121.94125, 37.47383 ] ] } },
{ "type": "Feature", "properties": { "n": "Gateway Boulevard", "h": "col" }, "geometry": { "type": "LineString", "coordinates": [ [ -121.93777, 37.4762 ], [ -121.93825, 37.47587 ] ] } },
{ "type": "Feature", "properties": { "n": "Gateway Boulevard", "h": "col" }, "geometry": { "type": "LineString", "coordinates": [ [ -121.94169, 37.47337 ], [ -121.94076, 37.47401 ], [ -121.94067, 37.47415 ] ] } },
{ "type": "Feature", "properties": { "n": "Gateway Boulevard", "h": "col" }, "geometry": { "type": "LineString", "coordinates": [ [ -121.94067, 37.47415 ], [ -121.93956, 37.4749 ] ] } },
{ "type": "Feature", "properties": { "n": "Bayside Parkway", "h": "col" }, "geometry": { "type": "LineString", "coordinates": [ [ -121.93765, 37.47611 ], [ -121.93734, 37.47583 ] ] } },
{ "type": "Feature", "properties": { "n": "Bayside Parkway", "h": "col" }, "geometry": { "type": "LineString", "coordinates": [ [ -121.93809, 37.47654 ], [ -121.93776, 37.47622 ] ] } },
{ "type": "Feature", "properties": { "n": "Bayside Parkway", "h": "col" }, "geometry": { "type": "LineString", "coordinates": [ [ -121.93555, 37.47414 ], [ -121.9353, 37.47385 ], [ -121.93513, 37.47375 ] ] } },
{ "type": "Feature", "properties": { "n": "Bayside Parkway", "h": "col" }, "geometry": { "type": "LineString", "coordinates": [ [ -121.93513, 37.47375 ], [ -121.93521, 37.47389 ], [ -121.93554, 37.47415 ] ] } },
{ "type": "Feature", "properties": { "n": "Bayside Parkway", "h": "col" }, "geometry": { "type": "LineString", "coordinates": [ [ -121.93513, 37.47375 ], [ -121.93388, 37.47258 ] ] } },
{ "type": "Feature", "properties": { "n": "Bayside Parkway", "h": "col" }, "geometry": { "type": "LineString", "coordinates": [ [ -121.93734, 37.47583 ], [ -121.93672, 37.47525 ] ] } },
{ "type": "Feature", "properties": { "n": "Fremont Boulevard", "h": "art" }, "geometry": { "type": "LineString", "coordinates": [ [ -121.93741, 37.4699 ], [ -121.93705, 37.46957 ] ] } },
{ "type": "Feature", "properties": { "n": "Fremont Boulevard", "h": "art" }, "geometry": { "type": "LineString", "coordinates": [ [ -121.94211, 37.47377 ], [ -121.94199, 37.47365 ] ] } },
{ "type": "Feature", "properties": { "n": "Fremont Boulevard", "h": "art" }, "geometry": { "type": "LineString", "coordinates": [ [ -121.94515, 37.48072 ], [ -121.94516, 37.4801 ], [ -121.94555, 37.47876 ], [ -121.94555, 37.47839 ], [ -121.94541, 37.47785 ], [ -121.94418, 37.47581 ], [ -121.94371, 37.47527 ], [ -121.94211, 37.47377 ] ] } },
{ "type": "Feature", "properties": { "n": "Union City Boulevard", "h": "art" }, "geometry": { "type": "LineString", "coordinates": [ [ -122.08217, 37.60245 ], [ -122.08216, 37.60231 ] ] } },
{ "type": "Feature", "properties": { "n": "Main Street", "h": "col" }, "geometry": { "type": "LineString", "coordinates": [ [ -122.29135, 37.7813 ], [ -122.2914, 37.78489 ] ] } },
{ "type": "Feature", "properties": { "n": "Webster Street", "h": "art" }, "geometry": { "type": "LineString", "coordinates": [ [ -122.27662, 37.78614 ], [ -122.27664, 37.78744 ] ] } },
{ "type": "Feature", "properties": { "n": "Fernside Boulevard", "h": "art" }, "geometry": { "type": "LineString", "coordinates": [ [ -122.23214, 37.75287 ], [ -122.23196, 37.75299 ] ] } },
{ "type": "Feature", "properties": { "n": "Delores Drive", "h": "col" }, "geometry": { "type": "LineString", "coordinates": [ [ -122.07699, 37.57088 ], [ -122.07712, 37.57079 ] ] } },
{ "type": "Feature", "properties": { "n": "Harrison Street", "h": "col" }, "geometry": { "type": "LineString", "coordinates": [ [ -122.26281, 37.80992 ], [ -122.26302, 37.80932 ] ] } },
{ "type": "Feature", "properties": { "n": "Coliseum Way", "h": "col" }, "geometry": { "type": "LineString", "coordinates": [ [ -122.20117, 37.74709 ], [ -122.20192, 37.74765 ], [ -122.20255, 37.74829 ] ] } },
{ "type": "Feature", "properties": { "n": "Lakeside Drive", "h": "col" }, "geometry": { "type": "LineString", "coordinates": [ [ -122.26192, 37.80495 ], [ -122.26213, 37.80516 ] ] } },
{ "type": "Feature", "properties": { "n": "Madison Street", "h": "col" }, "geometry": { "type": "LineString", "coordinates": [ [ -122.26216, 37.80506 ], [ -122.26209, 37.80487 ] ] } },
{ "type": "Feature", "properties": { "n": "Delores Drive", "h": "col" }, "geometry": { "type": "LineString", "coordinates": [ [ -122.06796, 37.57989 ], [ -122.07109, 37.57638 ], [ -122.0718, 37.57587 ], [ -122.07269, 37.57549 ] ] } },
{ "type": "Feature", "properties": { "n": "Jean Drive", "h": "col" }, "geometry": { "type": "LineString", "coordinates": [ [ -122.06876, 37.57357 ], [ -122.0701, 37.57385 ], [ -122.07117, 37.57443 ] ] } },
{ "type": "Feature", "properties": { "n": "Doolittle Drive", "h": "art" }, "geometry": { "type": "LineString", "coordinates": [ [ -122.23291, 37.74631 ], [ -122.23217, 37.74615 ] ] } },
{ "type": "Feature", "properties": { "n": "Doolittle Drive", "h": "art" }, "geometry": { "type": "LineString", "coordinates": [ [ -122.23045, 37.74579 ], [ -122.22947, 37.74559 ] ] } },
{ "type": "Feature", "properties": { "n": "Galaxy Drive", "h": "col" }, "geometry": { "type": "LineString", "coordinates": [ [ -122.0675, 37.58749 ], [ -122.06959, 37.5851 ] ] } },
{ "type": "Feature", "properties": { "n": "Webster Street", "h": "art" }, "geometry": { "type": "LineString", "coordinates": [ [ -122.27651, 37.78362 ], [ -122.27652, 37.78403 ] ] } },
{ "type": "Feature", "properties": { "n": "Doolittle Drive", "h": "col" }, "geometry": { "type": "LineString", "coordinates": [ [ -122.17498, 37.69708 ], [ -122.17531, 37.69757 ] ] } },
{ "type": "Feature", "properties": { "n": "Monarch Bay Drive", "h": "col" }, "geometry": { "type": "LineString", "coordinates": [ [ -122.18947, 37.70051 ], [ -122.18948, 37.69988 ] ] } },
{ "type": "Feature", "properties": { "n": "Monarch Bay Drive", "h": "col" }, "geometry": { "type": "LineString", "coordinates": [ [ -122.18864, 37.69866 ], [ -122.18791, 37.69721 ], [ -122.18741, 37.69656 ] ] } },
{ "type": "Feature", "properties": { "n": "Fairway Drive", "h": "col" }, "geometry": { "type": "LineString", "coordinates": [ [ -122.18412, 37.69665 ], [ -122.18333, 37.69706 ] ] } },
{ "type": "Feature", "properties": { "n": "Fairway Drive", "h": "col" }, "geometry": { "type": "LineString", "coordinates": [ [ -122.18294, 37.69733 ], [ -122.18358, 37.69707 ], [ -122.18433, 37.69666 ] ] } },
{ "type": "Feature", "properties": { "n": "Union City Boulevard", "h": "art" }, "geometry": { "type": "LineString", "coordinates": [ [ -122.08111, 37.59213 ], [ -122.08119, 37.5917 ] ] } },
{ "type": "Feature", "properties": { "n": "Farallon Drive", "h": "col" }, "geometry": { "type": "LineString", "coordinates": [ [ -122.16621, 37.69261 ], [ -122.16646, 37.69255 ] ] } },
{ "type": "Feature", "properties": { "n": "Farallon Drive", "h": "col" }, "geometry": { "type": "LineString", "coordinates": [ [ -122.16592, 37.69268 ], [ -122.16621, 37.69261 ] ] } },
{ "type": "Feature", "properties": { "n": "Farallon Drive", "h": "col" }, "geometry": { "type": "LineString", "coordinates": [ [ -122.16564, 37.69275 ], [ -122.16592, 37.69268 ] ] } },
{ "type": "Feature", "properties": { "n": "Farallon Drive", "h": "col" }, "geometry": { "type": "LineString", "coordinates": [ [ -122.16367, 37.69324 ], [ -122.16383, 37.6932 ] ] } },
{ "type": "Feature", "properties": { "n": "Farallon Drive", "h": "col" }, "geometry": { "type": "LineString", "coordinates": [ [ -122.16328, 37.69334 ], [ -122.16367, 37.69324 ] ] } },
{ "type": "Feature", "properties": { "n": "Farallon Drive", "h": "col" }, "geometry": { "type": "LineString", "coordinates": [ [ -122.17223, 37.69371 ], [ -122.17297, 37.69371 ] ] } },
{ "type": "Feature", "properties": { "n": "Farallon Drive", "h": "col" }, "geometry": { "type": "LineString", "coordinates": [ [ -122.17297, 37.69371 ], [ -122.17337, 37.69371 ] ] } },
{ "type": "Feature", "properties": { "n": "Fairway Drive", "h": "col" }, "geometry": { "type": "LineString", "coordinates": [ [ -122.17788, 37.69944 ], [ -122.17806, 37.69936 ] ] } },
{ "type": "Feature", "properties": { "n": "Fairway Drive", "h": "col" }, "geometry": { "type": "LineString", "coordinates": [ [ -122.18229, 37.6975 ], [ -122.18192, 37.69766 ] ] } },
{ "type": "Feature", "properties": { "n": "Fairway Drive", "h": "col" }, "geometry": { "type": "LineString", "coordinates": [ [ -122.18289, 37.69725 ], [ -122.18229, 37.6975 ] ] } },
{ "type": "Feature", "properties": { "n": "Fairway Drive", "h": "col" }, "geometry": { "type": "LineString", "coordinates": [ [ -122.18333, 37.69706 ], [ -122.18289, 37.69725 ] ] } },
{ "type": "Feature", "properties": { "n": "Fairway Drive", "h": "col" }, "geometry": { "type": "LineString", "coordinates": [ [ -122.18192, 37.69766 ], [ -122.17782, 37.69936 ] ] } },
{ "type": "Feature", "properties": { "n": "Fairway Drive", "h": "col" }, "geometry": { "type": "LineString", "coordinates": [ [ -122.1825, 37.69751 ], [ -122.18294, 37.69733 ] ] } },
{ "type": "Feature", "properties": { "n": "Fairway Drive", "h": "col" }, "geometry": { "type": "LineString", "coordinates": [ [ -122.18197, 37.69774 ], [ -122.1825, 37.69751 ] ] } },
{ "type": "Feature", "properties": { "n": "Willow Street", "h": "col" }, "geometry": { "type": "LineString", "coordinates": [ [ -122.25399, 37.76073 ], [ -122.2538, 37.76109 ] ] } },
{ "type": "Feature", "properties": { "n": "Atlantic Avenue", "h": "col" }, "geometry": { "type": "LineString", "coordinates": [ [ -122.27634, 37.77965 ], [ -122.27612, 37.77967 ] ] } },
{ "type": "Feature", "properties": { "n": "Atlantic Avenue", "h": "col" }, "geometry": { "type": "LineString", "coordinates": [ [ -122.27655, 37.77963 ], [ -122.27634, 37.77965 ] ] } },
{ "type": "Feature", "properties": { "n": "Mariner Square Loop", "h": "col" }, "geometry": { "type": "LineString", "coordinates": [ [ -122.27837, 37.78834 ], [ -122.27819, 37.78869 ] ] } },
{ "type": "Feature", "properties": { "n": "Bayside Parkway", "h": "col" }, "geometry": { "type": "LineString", "coordinates": [ [ -121.93964, 37.4782 ], [ -121.93992, 37.47867 ] ] } },
{ "type": "Feature", "properties": { "n": "Bayside Parkway", "h": "col" }, "geometry": { "type": "LineString", "coordinates": [ [ -121.93992, 37.47867 ], [ -121.93974, 37.47826 ], [ -121.93964, 37.4782 ] ] } },
{ "type": "Feature", "properties": { "n": "Bayside Parkway", "h": "col" }, "geometry": { "type": "LineString", "coordinates": [ [ -121.93964, 37.4782 ], [ -121.93928, 37.47772 ] ] } },
{ "type": "Feature", "properties": { "n": "Bayside Parkway", "h": "col" }, "geometry": { "type": "LineString", "coordinates": [ [ -121.93887, 37.47727 ], [ -121.93809, 37.47654 ] ] } },
{ "type": "Feature", "properties": { "n": "Robert Davey Junior Drive", "h": "art" }, "geometry": { "type": "LineString", "coordinates": [ [ -122.23772, 37.74317 ], [ -122.23808, 37.74335 ] ] } },
{ "type": "Feature", "properties": { "n": "I 80", "h": "fwy" }, "geometry": { "type": "LineString", "coordinates": [ [ -122.31617, 37.82434 ], [ -122.31805, 37.82397 ] ] } },
{ "type": "Feature", "properties": { "n": "Union City Boulevard", "h": "art" }, "geometry": { "type": "LineString", "coordinates": [ [ -122.08193, 37.60032 ], [ -122.08187, 37.59982 ] ] } },
{ "type": "Feature", "properties": { "n": "Union City Boulevard", "h": "art" }, "geometry": { "type": "LineString", "coordinates": [ [ -122.08216, 37.60231 ], [ -122.08214, 37.60213 ] ] } },
{ "type": "Feature", "properties": { "n": "Union City Boulevard", "h": "art" }, "geometry": { "type": "LineString", "coordinates": [ [ -122.08208, 37.60167 ], [ -122.08201, 37.60102 ] ] } },
{ "type": "Feature", "properties": { "n": "Union City Boulevard", "h": "art" }, "geometry": { "type": "LineString", "coordinates": [ [ -122.082, 37.60099 ], [ -122.08198, 37.60077 ] ] } },
{ "type": "Feature", "properties": { "n": "Union City Boulevard", "h": "art" }, "geometry": { "type": "LineString", "coordinates": [ [ -122.08197, 37.60072 ], [ -122.08193, 37.60032 ] ] } },
{ "type": "Feature", "properties": { "n": "Union City Boulevard", "h": "art" }, "geometry": { "type": "LineString", "coordinates": [ [ -122.0782, 37.57232 ], [ -122.07786, 37.57167 ] ] } },
{ "type": "Feature", "properties": { "n": "Fremont Boulevard", "h": "art" }, "geometry": { "type": "LineString", "coordinates": [ [ -121.94199, 37.47365 ], [ -121.94177, 37.47345 ] ] } },
{ "type": "Feature", "properties": { "n": "Fremont Boulevard", "h": "art" }, "geometry": { "type": "LineString", "coordinates": [ [ -121.94169, 37.47337 ], [ -121.94084, 37.47258 ], [ -121.93823, 37.47062 ], [ -121.93741, 37.4699 ] ] } },
{ "type": "Feature", "properties": { "n": "Otis Drive", "h": "art" }, "geometry": { "type": "LineString", "coordinates": [ [ -122.25599, 37.76149 ], [ -122.25629, 37.7616 ] ] } },
{ "type": "Feature", "properties": { "n": "Otis Drive", "h": "art" }, "geometry": { "type": "LineString", "coordinates": [ [ -122.25936, 37.76231 ], [ -122.25982, 37.7624 ] ] } },
{ "type": "Feature", "properties": { "n": "Otis Drive", "h": "art" }, "geometry": { "type": "LineString", "coordinates": [ [ -122.24889, 37.75783 ], [ -122.24912, 37.75797 ] ] } },
{ "type": "Feature", "properties": { "n": "Shore Line Drive", "h": "col" }, "geometry": { "type": "LineString", "coordinates": [ [ -122.2647, 37.75971 ], [ -122.26412, 37.75949 ] ] } },
{ "type": "Feature", "properties": { "n": "Shore Line Drive", "h": "col" }, "geometry": { "type": "LineString", "coordinates": [ [ -122.2613, 37.75846 ], [ -122.26094, 37.75832 ] ] } },
{ "type": "Feature", "properties": { "n": "Westline Drive", "h": "col" }, "geometry": { "type": "LineString", "coordinates": [ [ -122.27153, 37.76541 ], [ -122.27155, 37.76601 ] ] } },
{ "type": "Feature", "properties": { "n": "Mariner Square Drive", "h": "col" }, "geometry": { "type": "LineString", "coordinates": [ [ -122.27666, 37.78853 ], [ -122.27668, 37.7907 ] ] } },
{ "type": "Feature", "properties": { "n": "Lexington Street", "h": "col" }, "geometry": { "type": "LineString", "coordinates": [ [ -122.30267, 37.7895 ], [ -122.30339, 37.78879 ] ] } },
{ "type": "Feature", "properties": { "n": "Grand Street", "h": "col" }, "geometry": { "type": "LineString", "coordinates": [ [ -122.26205, 37.76301 ], [ -122.26188, 37.76326 ] ] } },
{ "type": "Feature", "properties": { "n": "Airport Drive", "h": "art" }, "geometry": { "type": "LineString", "coordinates": [ [ -122.20903, 37.71664 ], [ -122.21003, 37.71664 ] ] } },
{ "type": "Feature", "properties": { "n": "Harbor Bay Parkway", "h": "art" }, "geometry": { "type": "LineString", "coordinates": [ [ -122.2293, 37.72915 ], [ -122.22945, 37.72868 ] ] } },
{ "type": "Feature", "properties": { "n": "Maitland Drive", "h": "art" }, "geometry": { "type": "LineString", "coordinates": [ [ -122.22912, 37.7291 ], [ -122.2293, 37.72915 ] ] } },
{ "type": "Feature", "properties": { "n": "Island Drive", "h": "art" }, "geometry": { "type": "LineString", "coordinates": [ [ -122.23728, 37.74343 ], [ -122.23646, 37.74547 ] ] } },
{ "type": "Feature", "properties": { "n": "Willow Street", "h": "col" }, "geometry": { "type": "LineString", "coordinates": [ [ -122.25663, 37.75695 ], [ -122.25601, 37.75797 ] ] } },
{ "type": "Feature", "properties": { "n": "Shore Line Drive", "h": "col" }, "geometry": { "type": "LineString", "coordinates": [ [ -122.26094, 37.75832 ], [ -122.25971, 37.75787 ] ] } },
{ "type": "Feature", "properties": { "n": "Shore Line Drive", "h": "col" }, "geometry": { "type": "LineString", "coordinates": [ [ -122.25874, 37.75751 ], [ -122.25717, 37.75692 ] ] } },
{ "type": "Feature", "properties": { "n": "Otis Drive", "h": "art" }, "geometry": { "type": "LineString", "coordinates": [ [ -122.26205, 37.76301 ], [ -122.263, 37.76337 ] ] } },
{ "type": "Feature", "properties": { "n": "Otis Drive", "h": "art" }, "geometry": { "type": "LineString", "coordinates": [ [ -122.26359, 37.76359 ], [ -122.26524, 37.7642 ] ] } },
{ "type": "Feature", "properties": { "n": "Otis Drive", "h": "art" }, "geometry": { "type": "LineString", "coordinates": [ [ -122.26669, 37.76474 ], [ -122.26722, 37.76494 ] ] } },
{ "type": "Feature", "properties": { "n": "Doolittle Drive", "h": "col" }, "geometry": { "type": "LineString", "coordinates": [ [ -122.17541, 37.69753 ], [ -122.1751, 37.69706 ] ] } },
{ "type": "Feature", "properties": { "n": "Doolittle Drive", "h": "col" }, "geometry": { "type": "LineString", "coordinates": [ [ -122.17342, 37.69451 ], [ -122.17358, 37.69493 ] ] } },
{ "type": "Feature", "properties": { "n": "Doolittle Drive", "h": "col" }, "geometry": { "type": "LineString", "coordinates": [ [ -122.17454, 37.69642 ], [ -122.17498, 37.69708 ] ] } },
{ "type": "Feature", "properties": { "n": "Fairway Drive", "h": "col" }, "geometry": { "type": "LineString", "coordinates": [ [ -122.17806, 37.69936 ], [ -122.18197, 37.69774 ] ] } },
{ "type": "Feature", "properties": { "n": "Marina Boulevard", "h": "col" }, "geometry": { "type": "LineString", "coordinates": [ [ -122.18676, 37.7021 ], [ -122.18836, 37.70144 ] ] } },
{ "type": "Feature", "properties": { "n": "Williams Street", "h": "col" }, "geometry": { "type": "LineString", "coordinates": [ [ -122.18962, 37.70523 ], [ -122.19005, 37.70505 ] ] } },
{ "type": "Feature", "properties": { "n": "Lakeshore Avenue", "h": "art" }, "geometry": { "type": "LineString", "coordinates": [ [ -122.25515, 37.8 ], [ -122.25548, 37.79989 ] ] } },
{ "type": "Feature", "properties": { "n": "Arden Road", "h": "col" }, "geometry": { "type": "LineString", "coordinates": [ [ -122.11421, 37.6222 ], [ -122.11525, 37.62253 ] ] } },
{ "type": "Feature", "properties": { "n": "Arden Road", "h": "col" }, "geometry": { "type": "LineString", "coordinates": [ [ -122.11653, 37.62293 ], [ -122.11717, 37.62313 ], [ -122.12059, 37.62337 ], [ -122.12092, 37.62335 ], [ -122.12128, 37.62324 ], [ -122.12169, 37.62303 ], [ -122.12215, 37.62287 ], [ -122.12271, 37.62291 ] ] } },
{ "type": "Feature", "properties": { "n": "Maitland Drive", "h": "col" }, "geometry": { "type": "LineString", "coordinates": [ [ -122.23823, 37.7387 ], [ -122.23848, 37.73874 ] ] } },
{ "type": "Feature", "properties": { "n": "Otis Drive", "h": "art" }, "geometry": { "type": "LineString", "coordinates": [ [ -122.23823, 37.75145 ], [ -122.23854, 37.75158 ] ] } },
{ "type": "Feature", "properties": { "n": "Broadway", "h": "art" }, "geometry": { "type": "LineString", "coordinates": [ [ -122.2447, 37.7558 ], [ -122.24455, 37.75598 ] ] } },
{ "type": "Feature", "properties": { "n": "Broadway", "h": "col" }, "geometry": { "type": "LineString", "coordinates": [ [ -122.24604, 37.75408 ], [ -122.24589, 37.75426 ] ] } },
{ "type": "Feature", "properties": { "n": "Otis Drive", "h": "art" }, "geometry": { "type": "LineString", "coordinates": [ [ -122.25216, 37.7598 ], [ -122.25248, 37.75998 ] ] } },
{ "type": "Feature", "properties": { "n": "Grand Street", "h": "col" }, "geometry": { "type": "LineString", "coordinates": [ [ -122.26235, 37.7625 ], [ -122.26205, 37.76301 ] ] } },
{ "type": "Feature", "properties": { "n": "Harrison Street", "h": "col" }, "geometry": { "type": "LineString", "coordinates": [ [ -122.26329, 37.80876 ], [ -122.26349, 37.80851 ] ] } },
{ "type": "Feature", "properties": { "n": "Lakeside Drive", "h": "col" }, "geometry": { "type": "LineString", "coordinates": [ [ -122.2632, 37.80665 ], [ -122.26356, 37.80724 ] ] } },
{ "type": "Feature", "properties": { "n": "Webster Street", "h": "art" }, "geometry": { "type": "LineString", "coordinates": [ [ -122.27824, 37.7881 ], [ -122.27844, 37.78739 ], [ -122.27842, 37.7867 ] ] } },
{ "type": "Feature", "properties": { "n": "Regents Boulevard", "h": "col" }, "geometry": { "type": "LineString", "coordinates": [ [ -122.07314, 37.58306 ], [ -122.07291, 37.58274 ], [ -122.07245, 37.5824 ], [ -122.06767, 37.57973 ] ] } },
{ "type": "Feature", "properties": { "n": "Dyer Street", "h": "art" }, "geometry": { "type": "LineString", "coordinates": [ [ -122.07218, 37.58687 ], [ -122.0723, 37.58685 ], [ -122.07241, 37.58673 ] ] } },
{ "type": "Feature", "properties": { "n": "Dyer Street", "h": "art" }, "geometry": { "type": "LineString", "coordinates": [ [ -122.07397, 37.58484 ], [ -122.07419, 37.58468 ] ] } },
{ "type": "Feature", "properties": { "n": "Dyer Street", "h": "art" }, "geometry": { "type": "LineString", "coordinates": [ [ -122.07582, 37.58272 ], [ -122.07622, 37.58229 ] ] } },
{ "type": "Feature", "properties": { "n": "Dyer Street", "h": "art" }, "geometry": { "type": "LineString", "coordinates": [ [ -122.07667, 37.58178 ], [ -122.07788, 37.58039 ] ] } },
{ "type": "Feature", "properties": { "n": "Jean Drive", "h": "col" }, "geometry": { "type": "LineString", "coordinates": [ [ -122.08048, 37.58136 ], [ -122.08075, 37.58138 ] ] } },
{ "type": "Feature", "properties": { "n": "Harrison Street", "h": "col" }, "geometry": { "type": "LineString", "coordinates": [ [ -122.26232, 37.8112 ], [ -122.26239, 37.81105 ] ] } },
{ "type": "Feature", "properties": { "n": "Grant Avenue", "h": "art" }, "geometry": { "type": "LineString", "coordinates": [ [ -122.15658, 37.67009 ], [ -122.15703, 37.66978 ] ] } },
{ "type": "Feature", "properties": { "n": "Wicks Boulevard", "h": "col" }, "geometry": { "type": "LineString", "coordinates": [ [ -122.16336, 37.69395 ], [ -122.16333, 37.69372 ] ] } },
{ "type": "Feature", "properties": { "n": "Farallon Drive", "h": "col" }, "geometry": { "type": "LineString", "coordinates": [ [ -122.16403, 37.69315 ], [ -122.16564, 37.69275 ] ] } },
{ "type": "Feature", "properties": { "n": "Farallon Drive", "h": "col" }, "geometry": { "type": "LineString", "coordinates": [ [ -122.16403, 37.69315 ], [ -122.16383, 37.6932 ] ] } },
{ "type": "Feature", "properties": { "n": "Farallon Drive", "h": "col" }, "geometry": { "type": "LineString", "coordinates": [ [ -122.16768, 37.69315 ], [ -122.16803, 37.69364 ], [ -122.16844, 37.69389 ] ] } },
{ "type": "Feature", "properties": { "n": "Farallon Drive", "h": "col" }, "geometry": { "type": "LineString", "coordinates": [ [ -122.16646, 37.69255 ], [ -122.16682, 37.69255 ], [ -122.16714, 37.69263 ], [ -122.16741, 37.6928 ], [ -122.16768, 37.69315 ] ] } },
{ "type": "Feature", "properties": { "n": "Farallon Drive", "h": "col" }, "geometry": { "type": "LineString", "coordinates": [ [ -122.16844, 37.69389 ], [ -122.16884, 37.69393 ] ] } },
{ "type": "Feature", "properties": { "n": "Marina Boulevard", "h": "col" }, "geometry": { "type": "LineString", "coordinates": [ [ -122.18836, 37.70144 ], [ -122.18872, 37.70129 ] ] } },
{ "type": "Feature", "properties": { "n": "Shore Line Drive", "h": "col" }, "geometry": { "type": "LineString", "coordinates": [ [ -122.26412, 37.75949 ], [ -122.26348, 37.75927 ] ] } },
{ "type": "Feature", "properties": { "n": "Grand Street", "h": "col" }, "geometry": { "type": "LineString", "coordinates": [ [ -122.26412, 37.75949 ], [ -122.26385, 37.75994 ] ] } },
{ "type": "Feature", "properties": { "n": "Union City Boulevard", "h": "art" }, "geometry": { "type": "LineString", "coordinates": [ [ -122.08122, 37.59061 ], [ -122.08121, 37.58837 ] ] } },
{ "type": "Feature", "properties": { "n": "Delores Drive", "h": "col" }, "geometry": { "type": "LineString", "coordinates": [ [ -122.07222, 37.57501 ], [ -122.07429, 37.57267 ], [ -122.07483, 37.57218 ], [ -122.07666, 37.57112 ] ] } },
{ "type": "Feature", "properties": { "n": "Dyer Street", "h": "art" }, "geometry": { "type": "LineString", "coordinates": [ [ -122.07622, 37.58229 ], [ -122.07667, 37.58178 ] ] } },
{ "type": "Feature", "properties": { "n": "Atlantic Avenue", "h": "col" }, "geometry": { "type": "LineString", "coordinates": [ [ -122.27499, 37.77986 ], [ -122.27531, 37.77983 ] ] } },
{ "type": "Feature", "properties": { "n": "Atlantic Avenue", "h": "col" }, "geometry": { "type": "LineString", "coordinates": [ [ -122.27429, 37.77993 ], [ -122.27469, 37.77989 ] ] } },
{ "type": "Feature", "properties": { "n": "Dyer Street", "h": "art" }, "geometry": { "type": "LineString", "coordinates": [ [ -122.0723, 37.58667 ], [ -122.07218, 37.58687 ] ] } },
{ "type": "Feature", "properties": { "n": "Dyer Street", "h": "art" }, "geometry": { "type": "LineString", "coordinates": [ [ -122.0725, 37.58651 ], [ -122.0723, 37.58667 ] ] } },
{ "type": "Feature", "properties": { "n": "Dyer Street", "h": "art" }, "geometry": { "type": "LineString", "coordinates": [ [ -122.07206, 37.58701 ], [ -122.07218, 37.58687 ] ] } },
{ "type": "Feature", "properties": { "n": "Dyer Street", "h": "art" }, "geometry": { "type": "LineString", "coordinates": [ [ -122.0725, 37.58651 ], [ -122.07267, 37.58633 ] ] } },
{ "type": "Feature", "properties": { "n": "Dyer Street", "h": "art" }, "geometry": { "type": "LineString", "coordinates": [ [ -122.07409, 37.58462 ], [ -122.07397, 37.58484 ] ] } },
{ "type": "Feature", "properties": { "n": "Dyer Street", "h": "art" }, "geometry": { "type": "LineString", "coordinates": [ [ -122.0743, 37.58446 ], [ -122.07409, 37.58462 ] ] } },
{ "type": "Feature", "properties": { "n": "Dyer Street", "h": "art" }, "geometry": { "type": "LineString", "coordinates": [ [ -122.0743, 37.58446 ], [ -122.07443, 37.5843 ] ] } },
{ "type": "Feature", "properties": { "n": "Dyer Street", "h": "art" }, "geometry": { "type": "LineString", "coordinates": [ [ -122.07384, 37.585 ], [ -122.07397, 37.58484 ] ] } },
{ "type": "Feature", "properties": { "n": "Regents Boulevard", "h": "col" }, "geometry": { "type": "LineString", "coordinates": [ [ -122.08074, 37.58766 ], [ -122.08101, 37.58766 ] ] } },
{ "type": "Feature", "properties": { "n": "Regents Boulevard", "h": "col" }, "geometry": { "type": "LineString", "coordinates": [ [ -122.07466, 37.58498 ], [ -122.07409, 37.58462 ] ] } },
{ "type": "Feature", "properties": { "n": "Dyer Street", "h": "art" }, "geometry": { "type": "LineString", "coordinates": [ [ -122.08006, 37.57801 ], [ -122.08022, 37.57793 ] ] } },
{ "type": "Feature", "properties": { "n": "Alvarado Boulevard", "h": "art" }, "geometry": { "type": "LineString", "coordinates": [ [ -122.08073, 37.59159 ], [ -122.07828, 37.59159 ] ] } },
{ "type": "Feature", "properties": { "n": "Union City Boulevard", "h": "art" }, "geometry": { "type": "LineString", "coordinates": [ [ -122.08046, 37.57697 ], [ -122.08058, 37.57736 ] ] } },
{ "type": "Feature", "properties": { "n": "Regents Boulevard", "h": "col" }, "geometry": { "type": "LineString", "coordinates": [ [ -122.06876, 37.57357 ], [ -122.06874, 37.57311 ], [ -122.06866, 37.57292 ], [ -122.06842, 37.5727 ] ] } },
{ "type": "Feature", "properties": { "n": "Jean Drive", "h": "col" }, "geometry": { "type": "LineString", "coordinates": [ [ -122.07222, 37.57501 ], [ -122.07269, 37.57549 ] ] } },
{ "type": "Feature", "properties": { "n": "Jean Drive", "h": "col" }, "geometry": { "type": "LineString", "coordinates": [ [ -122.07206, 37.57491 ], [ -122.07222, 37.57501 ] ] } },
{ "type": "Feature", "properties": { "n": "Fredi Street", "h": "col" }, "geometry": { "type": "LineString", "coordinates": [ [ -122.07703, 37.59617 ], [ -122.07705, 37.59401 ] ] } },
{ "type": "Feature", "properties": { "n": "Horner Street", "h": "col" }, "geometry": { "type": "LineString", "coordinates": [ [ -122.08081, 37.59549 ], [ -122.08099, 37.59549 ] ] } },
{ "type": "Feature", "properties": { "n": "Jean Drive", "h": "col" }, "geometry": { "type": "LineString", "coordinates": [ [ -122.08094, 37.58137 ], [ -122.08075, 37.58138 ] ] } },
{ "type": "Feature", "properties": { "n": "Jean Drive", "h": "col" }, "geometry": { "type": "LineString", "coordinates": [ [ -122.08075, 37.58138 ], [ -122.08094, 37.58145 ] ] } },
{ "type": "Feature", "properties": { "n": "Island Drive", "h": "art" }, "geometry": { "type": "LineString", "coordinates": [ [ -122.23646, 37.74547 ], [ -122.23631, 37.74586 ] ] } },
{ "type": "Feature", "properties": { "n": "Robert Davey Junior Drive", "h": "art" }, "geometry": { "type": "LineString", "coordinates": [ [ -122.23937, 37.74405 ], [ -122.23964, 37.74424 ] ] } },
{ "type": "Feature", "properties": { "n": "Union City Boulevard", "h": "art" }, "geometry": { "type": "LineString", "coordinates": [ [ -122.08101, 37.58766 ], [ -122.08098, 37.59091 ] ] } },
{ "type": "Feature", "properties": { "n": "Regents Boulevard", "h": "col" }, "geometry": { "type": "LineString", "coordinates": [ [ -122.08101, 37.58766 ], [ -122.08122, 37.58766 ] ] } },
{ "type": "Feature", "properties": { "n": "Rocklin Drive", "h": "col" }, "geometry": { "type": "LineString", "coordinates": [ [ -122.07245, 37.5685 ], [ -122.07269, 37.56822 ] ] } },
{ "type": "Feature", "properties": { "n": "Delores Drive", "h": "col" }, "geometry": { "type": "LineString", "coordinates": [ [ -122.06721, 37.5807 ], [ -122.06796, 37.57989 ] ] } },
{ "type": "Feature", "properties": { "n": "Galaxy Drive", "h": "col" }, "geometry": { "type": "LineString", "coordinates": [ [ -122.06721, 37.58782 ], [ -122.0675, 37.58749 ] ] } },
{ "type": "Feature", "properties": { "n": "Island Drive", "h": "art" }, "geometry": { "type": "LineString", "coordinates": [ [ -122.23602, 37.74666 ], [ -122.23617, 37.74641 ] ] } },
{ "type": "Feature", "properties": { "n": "Doolittle Drive", "h": "art" }, "geometry": { "type": "LineString", "coordinates": [ [ -122.23566, 37.7471 ], [ -122.23581, 37.7472 ] ] } },
{ "type": "Feature", "properties": { "n": "Embarcadero", "h": "art" }, "geometry": { "type": "LineString", "coordinates": [ [ -122.26012, 37.79023 ], [ -122.26036, 37.79034 ] ] } },
{ "type": "Feature", "properties": { "n": "Lakeshore Avenue", "h": "art" }, "geometry": { "type": "LineString", "coordinates": [ [ -122.25438, 37.80115 ], [ -122.25441, 37.80099 ] ] } },
{ "type": "Feature", "properties": { "n": "Lakeshore Avenue", "h": "art" }, "geometry": { "type": "LineString", "coordinates": [ [ -122.25441, 37.80099 ], [ -122.2545, 37.80057 ] ] } },
{ "type": "Feature", "properties": { "n": "Lakeshore Avenue", "h": "art" }, "geometry": { "type": "LineString", "coordinates": [ [ -122.25515, 37.8 ], [ -122.25499, 37.80001 ], [ -122.25473, 37.80015 ] ] } },
{ "type": "Feature", "properties": { "n": "Lakeside Drive", "h": "col" }, "geometry": { "type": "LineString", "coordinates": [ [ -122.26367, 37.80735 ], [ -122.2632, 37.80665 ] ] } },
{ "type": "Feature", "properties": { "n": "Dyer Street", "h": "art" }, "geometry": { "type": "LineString", "coordinates": [ [ -122.07049, 37.58873 ], [ -122.07015, 37.58912 ] ] } },
{ "type": "Feature", "properties": { "n": "Dyer Street", "h": "art" }, "geometry": { "type": "LineString", "coordinates": [ [ -122.07076, 37.58853 ], [ -122.07206, 37.58701 ] ] } },
{ "type": "Feature", "properties": { "n": "Fernside Boulevard", "h": "art" }, "geometry": { "type": "LineString", "coordinates": [ [ -122.2343, 37.7515 ], [ -122.23494, 37.75144 ] ] } },
{ "type": "Feature", "properties": { "n": "Ron Cowan Parkway", "h": "art" }, "geometry": { "type": "LineString", "coordinates": [ [ -122.2055, 37.71799 ], [ -122.20572, 37.71836 ] ] } },
{ "type": "Feature", "properties": { "n": "Main Street", "h": "col" }, "geometry": { "type": "LineString", "coordinates": [ [ -122.29374, 37.78939 ], [ -122.2946, 37.78963 ] ] } },
{ "type": "Feature", "properties": { "n": "Atlantic Avenue", "h": "col" }, "geometry": { "type": "LineString", "coordinates": [ [ -122.27596, 37.77977 ], [ -122.27647, 37.77973 ] ] } },
{ "type": "Feature", "properties": { "n": "Ron Cowan Parkway", "h": "art" }, "geometry": { "type": "LineString", "coordinates": [ [ -122.20871, 37.7208 ], [ -122.20953, 37.72117 ], [ -122.21031, 37.72142 ] ] } },
{ "type": "Feature", "properties": { "n": "I 80", "h": "fwy" }, "geometry": { "type": "LineString", "coordinates": [ [ -122.31584, 37.82419 ], [ -122.31748, 37.82391 ] ] } },
{ "type": "Feature", "properties": { "n": "I 80", "h": "fwy" }, "geometry": { "type": "LineString", "coordinates": [ [ -122.31714, 37.82428 ], [ -122.31805, 37.82397 ] ] } },
{ "type": "Feature", "properties": { "n": "I 80", "h": "fwy" }, "geometry": { "type": "LineString", "coordinates": [ [ -122.31714, 37.82428 ], [ -122.31811, 37.82413 ] ] } },
{ "type": "Feature", "properties": { "n": "I 80", "h": "fwy" }, "geometry": { "type": "LineString", "coordinates": [ [ -122.31612, 37.82447 ], [ -122.31714, 37.82428 ] ] } },
{ "type": "Feature", "properties": { "n": "I 80", "h": "fwy" }, "geometry": { "type": "LineString", "coordinates": [ [ -122.31245, 37.82511 ], [ -122.3129, 37.82511 ] ] } },
{ "type": "Feature", "properties": { "n": "I 80", "h": "fwy" }, "geometry": { "type": "LineString", "coordinates": [ [ -122.31606, 37.82423 ], [ -122.31746, 37.82398 ] ] } },
{ "type": "Feature", "properties": { "n": "I 80", "h": "fwy" }, "geometry": { "type": "LineString", "coordinates": [ [ -122.31825, 37.82381 ], [ -122.31876, 37.82365 ] ] } },
{ "type": "Feature", "properties": { "n": "I 80", "h": "fwy" }, "geometry": { "type": "LineString", "coordinates": [ [ -122.30981, 37.82507 ], [ -122.31097, 37.82505 ] ] } },
{ "type": "Feature", "properties": { "n": "I 80", "h": "fwy" }, "geometry": { "type": "LineString", "coordinates": [ [ -122.31102, 37.82505 ], [ -122.3114, 37.82506 ] ] } },
{ "type": "Feature", "properties": { "n": "I 80", "h": "fwy" }, "geometry": { "type": "LineString", "coordinates": [ [ -122.31805, 37.82397 ], [ -122.3183, 37.8239 ] ] } },
{ "type": "Feature", "properties": { "n": "I 80", "h": "fwy" }, "geometry": { "type": "LineString", "coordinates": [ [ -122.31811, 37.82413 ], [ -122.3184, 37.82404 ] ] } },
{ "type": "Feature", "properties": { "n": "I 80", "h": "fwy" }, "geometry": { "type": "LineString", "coordinates": [ [ -122.3183, 37.8239 ], [ -122.31912, 37.82362 ] ] } },
{ "type": "Feature", "properties": { "n": "I 80", "h": "fwy" }, "geometry": { "type": "LineString", "coordinates": [ [ -122.3184, 37.82404 ], [ -122.31944, 37.82365 ] ] } },
{ "type": "Feature", "properties": { "n": "Wilma Chan Way", "h": "art" }, "geometry": { "type": "LineString", "coordinates": [ [ -122.27538, 37.78293 ], [ -122.27586, 37.78373 ] ] } },
{ "type": "Feature", "properties": { "n": "Doolittle Drive", "h": "art" }, "geometry": { "type": "LineString", "coordinates": [ [ -122.20183, 37.72665 ], [ -122.20219, 37.72684 ] ] } },
{ "type": "Feature", "properties": { "n": "98th Avenue", "h": "art" }, "geometry": { "type": "LineString", "coordinates": [ [ -122.19918, 37.72747 ], [ -122.19993, 37.72713 ], [ -122.20041, 37.72678 ], [ -122.20075, 37.72639 ], [ -122.20096, 37.72598 ], [ -122.20108, 37.72528 ], [ -122.20082, 37.72364 ] ] } },
{ "type": "Feature", "properties": { "n": "Wilma Chan Way", "h": "art" }, "geometry": { "type": "LineString", "coordinates": [ [ -122.275, 37.78058 ], [ -122.27494, 37.78015 ] ] } },
{ "type": "Feature", "properties": { "n": "Main Street", "h": "col" }, "geometry": { "type": "LineString", "coordinates": [ [ -122.2914, 37.78489 ], [ -122.2914, 37.78554 ] ] } },
{ "type": "Feature", "properties": { "n": "Main Street", "h": "col" }, "geometry": { "type": "LineString", "coordinates": [ [ -122.29191, 37.78734 ], [ -122.29274, 37.78854 ] ] } },
{ "type": "Feature", "properties": { "n": "Main Street", "h": "col" }, "geometry": { "type": "LineString", "coordinates": [ [ -122.29274, 37.78854 ], [ -122.29299, 37.78885 ] ] } },
{ "type": "Feature", "properties": { "n": "Main Street", "h": "col" }, "geometry": { "type": "LineString", "coordinates": [ [ -122.29163, 37.78687 ], [ -122.29191, 37.78734 ] ] } },
{ "type": "Feature", "properties": { "n": "Main Street", "h": "col" }, "geometry": { "type": "LineString", "coordinates": [ [ -122.29529, 37.78969 ], [ -122.29609, 37.78973 ] ] } },
{ "type": "Feature", "properties": { "n": "Main Street", "h": "col" }, "geometry": { "type": "LineString", "coordinates": [ [ -122.2946, 37.78963 ], [ -122.29529, 37.78969 ] ] } },
{ "type": "Feature", "properties": { "n": "Ralph Appezzato Memorial Parkway", "h": "col" }, "geometry": { "type": "LineString", "coordinates": [ [ -122.29, 37.78002 ], [ -122.29119, 37.78003 ] ] } },
{ "type": "Feature", "properties": { "n": "CA 84", "h": "fwy" }, "geometry": { "type": "LineString", "coordinates": [ [ -122.1061, 37.51736 ], [ -122.1062, 37.51721 ] ] } },
{ "type": "Feature", "properties": { "n": "CA 84", "h": "fwy" }, "geometry": { "type": "LineString", "coordinates": [ [ -122.10621, 37.5172 ], [ -122.1064, 37.51694 ] ] } },
{ "type": "Feature", "properties": { "n": "Marina Village Parkway", "h": "col" }, "geometry": { "type": "LineString", "coordinates": [ [ -122.2766, 37.78804 ], [ -122.27613, 37.788 ] ] } },
{ "type": "Feature", "properties": { "n": "Mariner Square Loop", "h": "col" }, "geometry": { "type": "LineString", "coordinates": [ [ -122.27703, 37.7882 ], [ -122.27729, 37.78825 ] ] } },
{ "type": "Feature", "properties": { "n": "Airport Drive", "h": "art" }, "geometry": { "type": "LineString", "coordinates": [ [ -122.20765, 37.71334 ], [ -122.20755, 37.71387 ], [ -122.20763, 37.71422 ] ] } },
{ "type": "Feature", "properties": { "n": "Ron Cowan Parkway", "h": "art" }, "geometry": { "type": "LineString", "coordinates": [ [ -122.2161, 37.7228 ], [ -122.21729, 37.72319 ] ] } },
{ "type": "Feature", "properties": { "n": "Doolittle Drive", "h": "art" }, "geometry": { "type": "LineString", "coordinates": [ [ -122.20219, 37.72684 ], [ -122.20255, 37.72703 ] ] } },
{ "type": "Feature", "properties": { "n": "Doolittle Drive", "h": "art" }, "geometry": { "type": "LineString", "coordinates": [ [ -122.22658, 37.74524 ], [ -122.22619, 37.74526 ] ] } },
{ "type": "Feature", "properties": { "n": "Doolittle Drive", "h": "art" }, "geometry": { "type": "LineString", "coordinates": [ [ -122.22574, 37.74527 ], [ -122.22549, 37.74528 ] ] } },
{ "type": "Feature", "properties": { "n": "Doolittle Drive", "h": "art" }, "geometry": { "type": "LineString", "coordinates": [ [ -122.21192, 37.73431 ], [ -122.21177, 37.73396 ] ] } },
{ "type": "Feature", "properties": { "n": "Doolittle Drive", "h": "art" }, "geometry": { "type": "LineString", "coordinates": [ [ -122.22512, 37.74544 ], [ -122.22552, 37.74542 ] ] } },
{ "type": "Feature", "properties": { "n": "Doolittle Drive", "h": "art" }, "geometry": { "type": "LineString", "coordinates": [ [ -122.21513, 37.73912 ], [ -122.21454, 37.7384 ] ] } },
{ "type": "Feature", "properties": { "n": "Doolittle Drive", "h": "art" }, "geometry": { "type": "LineString", "coordinates": [ [ -122.21453, 37.73838 ], [ -122.21438, 37.73821 ] ] } },
{ "type": "Feature", "properties": { "n": "Hegenberger Road", "h": "art" }, "geometry": { "type": "LineString", "coordinates": [ [ -122.20172, 37.7266 ], [ -122.20174, 37.72644 ] ] } },
{ "type": "Feature", "properties": { "n": "Doolittle Drive", "h": "art" }, "geometry": { "type": "LineString", "coordinates": [ [ -122.20367, 37.72749 ], [ -122.20272, 37.72696 ] ] } },
{ "type": "Feature", "properties": { "n": "Lakeside Drive", "h": "col" }, "geometry": { "type": "LineString", "coordinates": [ [ -122.26141, 37.80465 ], [ -122.26175, 37.80486 ] ] } },
{ "type": "Feature", "properties": { "n": "Lakeside Drive", "h": "col" }, "geometry": { "type": "LineString", "coordinates": [ [ -122.26175, 37.80486 ], [ -122.26192, 37.80495 ] ] } },
{ "type": "Feature", "properties": { "n": "Embarcadero West", "h": "art" }, "geometry": { "type": "LineString", "coordinates": [ [ -122.26586, 37.7914 ], [ -122.26614, 37.79151 ] ] } },
{ "type": "Feature", "properties": { "n": "Embarcadero", "h": "art" }, "geometry": { "type": "LineString", "coordinates": [ [ -122.26041, 37.79025 ], [ -122.26009, 37.7901 ] ] } },
{ "type": "Feature", "properties": { "n": "I 80", "h": "fwy" }, "geometry": { "type": "LineString", "coordinates": [ [ -122.31746, 37.82398 ], [ -122.31825, 37.82381 ] ] } },
{ "type": "Feature", "properties": { "n": "Ron Cowan Parkway", "h": "art" }, "geometry": { "type": "LineString", "coordinates": [ [ -122.20605, 37.71857 ], [ -122.20587, 37.71831 ] ] } },
{ "type": "Feature", "properties": { "n": "Embarcadero", "h": "art" }, "geometry": { "type": "LineString", "coordinates": [ [ -122.26056, 37.79031 ], [ -122.26041, 37.79025 ] ] } },
{ "type": "Feature", "properties": { "n": "Harrison Street", "h": "col" }, "geometry": { "type": "LineString", "coordinates": [ [ -122.26319, 37.80893 ], [ -122.26329, 37.80876 ] ] } },
{ "type": "Feature", "properties": { "n": "Union City Boulevard", "h": "art" }, "geometry": { "type": "LineString", "coordinates": [ [ -122.08176, 37.59879 ], [ -122.08174, 37.59857 ] ] } },
{ "type": "Feature", "properties": { "n": "Westline Drive", "h": "art" }, "geometry": { "type": "LineString", "coordinates": [ [ -122.27159, 37.76663 ], [ -122.27159, 37.7668 ] ] } },
{ "type": "Feature", "properties": { "n": "Maitland Drive", "h": "art" }, "geometry": { "type": "LineString", "coordinates": [ [ -122.23161, 37.73076 ], [ -122.23402, 37.73368 ], [ -122.23425, 37.73382 ] ] } },
{ "type": "Feature", "properties": { "n": "Mecartney Road", "h": "art" }, "geometry": { "type": "LineString", "coordinates": [ [ -122.23541, 37.73435 ], [ -122.23501, 37.73416 ] ] } },
{ "type": "Feature", "properties": { "n": "Mecartney Road", "h": "art" }, "geometry": { "type": "LineString", "coordinates": [ [ -122.23501, 37.73416 ], [ -122.23425, 37.73382 ] ] } },
{ "type": "Feature", "properties": { "n": "CA 92", "h": "fwy" }, "geometry": { "type": "LineString", "coordinates": [ [ -122.14251, 37.62109 ], [ -122.14273, 37.62102 ] ] } },
{ "type": "Feature", "properties": { "n": "CA 92", "h": "fwy" }, "geometry": { "type": "LineString", "coordinates": [ [ -122.14307, 37.6209 ], [ -122.14337, 37.6208 ] ] } },
{ "type": "Feature", "properties": { "n": "CA 92", "h": "fwy" }, "geometry": { "type": "LineString", "coordinates": [ [ -122.14383, 37.62065 ], [ -122.1445, 37.62042 ] ] } },
{ "type": "Feature", "properties": { "n": "CA 92", "h": "fwy" }, "geometry": { "type": "LineString", "coordinates": [ [ -122.14458, 37.6204 ], [ -122.14506, 37.62024 ] ] } },
{ "type": "Feature", "properties": { "n": "Ron Cowan Parkway", "h": "art" }, "geometry": { "type": "LineString", "coordinates": [ [ -122.2058, 37.71819 ], [ -122.2057, 37.71791 ] ] } },
{ "type": "Feature", "properties": { "n": "John Glenn Drive", "h": "col" }, "geometry": { "type": "LineString", "coordinates": [ [ -122.2057, 37.71791 ], [ -122.2059, 37.71784 ] ] } },
{ "type": "Feature", "properties": { "n": "Ron Cowan Parkway", "h": "art" }, "geometry": { "type": "LineString", "coordinates": [ [ -122.2057, 37.71791 ], [ -122.2054, 37.71742 ] ] } },
{ "type": "Feature", "properties": { "n": "Doolittle Drive", "h": "col" }, "geometry": { "type": "LineString", "coordinates": [ [ -122.17346, 37.69382 ], [ -122.17337, 37.69371 ] ] } },
{ "type": "Feature", "properties": { "n": "Union City Boulevard", "h": "art" }, "geometry": { "type": "LineString", "coordinates": [ [ -122.07699, 37.57088 ], [ -122.0777, 37.57176 ] ] } },
{ "type": "Feature", "properties": { "n": "Fernside Boulevard", "h": "art" }, "geometry": { "type": "LineString", "coordinates": [ [ -122.23084, 37.75407 ], [ -122.23098, 37.75399 ] ] } },
{ "type": "Feature", "properties": { "n": "Airport Drive", "h": "art" }, "geometry": { "type": "LineString", "coordinates": [ [ -122.21378, 37.71409 ], [ -122.21382, 37.71382 ] ] } },
{ "type": "Feature", "properties": { "n": "Airport Drive", "h": "art" }, "geometry": { "type": "LineString", "coordinates": [ [ -122.21382, 37.71378 ], [ -122.21383, 37.71363 ] ] } },
{ "type": "Feature", "properties": { "n": "Airport Drive", "h": "art" }, "geometry": { "type": "LineString", "coordinates": [ [ -122.2134, 37.71509 ], [ -122.21358, 37.71487 ] ] } },
{ "type": "Feature", "properties": { "n": "Airport Drive", "h": "art" }, "geometry": { "type": "LineString", "coordinates": [ [ -122.20962, 37.71194 ], [ -122.20888, 37.71228 ] ] } },
{ "type": "Feature", "properties": { "n": "Lakeshore Avenue", "h": "art" }, "geometry": { "type": "LineString", "coordinates": [ [ -122.25561, 37.79982 ], [ -122.25589, 37.79962 ] ] } },
{ "type": "Feature", "properties": { "n": "I 880", "h": "fwy" }, "geometry": { "type": "LineString", "coordinates": [ [ -121.92446, 37.4594 ], [ -121.92408, 37.45851 ] ] } },
{ "type": "Feature", "properties": { "n": "Lexington Street", "h": "col" }, "geometry": { "type": "LineString", "coordinates": [ [ -122.3026, 37.78963 ], [ -122.30267, 37.7895 ] ] } },
{ "type": "Feature", "properties": { "n": "Otis Drive", "h": "art" }, "geometry": { "type": "LineString", "coordinates": [ [ -122.25372, 37.76063 ], [ -122.25399, 37.76073 ] ] } },
{ "type": "Feature", "properties": { "n": "Doolittle Drive", "h": "art" }, "geometry": { "type": "LineString", "coordinates": [ [ -122.23543, 37.74696 ], [ -122.23562, 37.74707 ] ] } },
{ "type": "Feature", "properties": { "n": "Otis Drive", "h": "art" }, "geometry": { "type": "LineString", "coordinates": [ [ -122.26164, 37.76286 ], [ -122.26205, 37.76301 ] ] } },
{ "type": "Feature", "properties": { "n": "Island Drive", "h": "art" }, "geometry": { "type": "LineString", "coordinates": [ [ -122.2376, 37.74241 ], [ -122.23758, 37.74264 ] ] } },
{ "type": "Feature", "properties": { "n": "Otis Drive", "h": "art" }, "geometry": { "type": "LineString", "coordinates": [ [ -122.26722, 37.76494 ], [ -122.26771, 37.76512 ] ] } },
{ "type": "Feature", "properties": { "n": "Otis Drive", "h": "art" }, "geometry": { "type": "LineString", "coordinates": [ [ -122.26893, 37.76557 ], [ -122.27002, 37.76598 ] ] } },
{ "type": "Feature", "properties": { "n": "Doolittle Drive", "h": "col" }, "geometry": { "type": "LineString", "coordinates": [ [ -122.17337, 37.69371 ], [ -122.17342, 37.69451 ] ] } },
{ "type": "Feature", "properties": { "n": "Doolittle Drive", "h": "col" }, "geometry": { "type": "LineString", "coordinates": [ [ -122.17362, 37.69476 ], [ -122.1735, 37.69443 ] ] } },
{ "type": "Feature", "properties": { "n": "Meteor Drive", "h": "col" }, "geometry": { "type": "LineString", "coordinates": [ [ -122.0723, 37.58667 ], [ -122.06848, 37.58449 ] ] } },
{ "type": "Feature", "properties": { "n": "Regents Boulevard", "h": "col" }, "geometry": { "type": "LineString", "coordinates": [ [ -122.07409, 37.58462 ], [ -122.0737, 37.58435 ], [ -122.0735, 37.58411 ], [ -122.07314, 37.58306 ] ] } },
{ "type": "Feature", "properties": { "n": "Robert Davey Junior Drive", "h": "art" }, "geometry": { "type": "LineString", "coordinates": [ [ -122.23842, 37.74333 ], [ -122.23815, 37.74325 ] ] } },
{ "type": "Feature", "properties": { "n": "Otis Drive", "h": "art" }, "geometry": { "type": "LineString", "coordinates": [ [ -122.25017, 37.7586 ], [ -122.25079, 37.75898 ] ] } },
{ "type": "Feature", "properties": { "n": "Mecartney Road", "h": "art" }, "geometry": { "type": "LineString", "coordinates": [ [ -122.24142, 37.7361 ], [ -122.24192, 37.73621 ] ] } },
{ "type": "Feature", "properties": { "n": "I 880", "h": "fwy" }, "geometry": { "type": "LineString", "coordinates": [ [ -122.07099, 37.61304 ], [ -122.07136, 37.61355 ] ] } }
]
}
