{
"type": "FeatureCollection",
"name": "fema_500yr",
"crs": { "type": "name", "properties": { "name": "urn:ogc:def:crs:OGC:1.3:CRS84" } },
"xy_coordinate_resolution": 1e-05,
"features": [
{ "type": "Feature", "properties": { "n": "I 238", "h": "fwy" }, "geometry": { "type": "LineString", "coordinates": [ [ -122.13527, 37.69038 ], [ -122.13622, 37.69048 ] ] } },
{ "type": "Feature", "properties": { "n": "42nd Avenue", "h": "art" }, "geometry": { "type": "LineString", "coordinates": [ [ -122.21374, 37.77531 ], [ -122.21566, 37.77352 ] ] } },
{ "type": "Feature", "properties": { "n": "West Midway Avenue", "h": "col" }, "geometry": { "type": "LineString", "coordinates": [ [ -122.2914, 37.78489 ], [ -122.29485, 37.78505 ] ] } },
{ "type": "Feature", "properties": { "n": "Bernal Avenue", "h": "art" }, "geometry": { "type": "LineString", "coordinates": [ [ -121.90605, 37.65493 ], [ -121.9053, 37.65527 ] ] } },
{ "type": "Feature", "properties": { "n": "Golf Links Road", "h": "col" }, "geometry": { "type": "LineString", "coordinates": [ [ -122.15272, 37.75491 ], [ -122.15241, 37.75455 ] ] } },
{ "type": "Feature", "properties": { "n": "Bay Edge Road", "h": "art" }, "geometry": { "type": "LineString", "coordinates": [ [ -122.253, 37.7345 ], [ -122.25253, 37.73493 ], [ -122.2515, 37.73546 ] ] } },
{ "type": "Feature", "properties": { "n": "Lake Chabot Road", "h": "col" }, "geometry": { "type": "LineString", "coordinates": [ [ -122.0822, 37.68995 ], [ -122.08126, 37.68756 ], [ -122.08097, 37.68726 ], [ -122.08048, 37.68696 ] ] } },
{ "type": "Feature", "properties": { "n": "Mariner Square Drive", "h": "col" }, "geometry": { "type": "LineString", "coordinates": [ [ -122.27662, 37.78813 ], [ -122.27666, 37.78853 ] ] } },
{ "type": "Feature", "properties": { "n": "Farallon Drive", "h": "col" }, "geometry": { "type": "LineString", "coordinates": [ [ -122.16885, 37.69393 ], [ -122.16932, 37.69389 ] ] } },
{ "type": "Feature", "properties": { "n": "Southfront Road", "h": "col" }, "geometry": { "type": "LineString", "coordinates": [ [ -121.74175, 37.69958 ], [ -121.74153, 37.69947 ], [ -121.74131, 37.69946 ] ] } },
{ "type": "Feature", "properties": { "n": "Sydney Way", "h": "col" }, "geometry": { "type": "LineString", "coordinates": [ [ -122.09389, 37.70933 ], [ -122.09316, 37.70957 ] ] } },
{ "type": "Feature", "properties": { "n": "24th Street", "h": "col" }, "geometry": { "type": "LineString", "coordinates": [ [ -122.28839, 37.81835 ], [ -122.28869, 37.81822 ], [ -122.28911, 37.81823 ] ] } },
{ "type": "Feature", "properties": { "n": "Clark Avenue", "h": "col" }, "geometry": { "type": "LineString", "coordinates": [ [ -121.9211, 37.70391 ], [ -121.92079, 37.70405 ], [ -121.92064, 37.70424 ], [ -121.92025, 37.70506 ] ] } },
{ "type": "Feature", "properties": { "n": "Embarcadero West", "h": "art" }, "geometry": { "type": "LineString", "coordinates": [ [ -122.26482, 37.79115 ], [ -122.26586, 37.7914 ] ] } },
{ "type": "Feature", "properties": { "n": "Bay Street", "h": "col" }, "geometry": { "type": "LineString", "coordinates": [ [ -122.29609, 37.85049 ], [ -122.29601, 37.85032 ] ] } },
{ "type": "Feature", "properties": { "n": "West Jack London Boulevard", "h": "art" }, "geometry": { "type": "LineString", "coordinates": [ [ -121.84826, 37.69725 ], [ -121.84802, 37.69725 ] ] } },
{ "type": "Feature", "properties": { "n": "Oakport Street", "h": "art" }, "geometry": { "type": "LineString", "coordinates": [ [ -122.21482, 37.76119 ], [ -122.21398, 37.76001 ], [ -122.21174, 37.75745 ], [ -122.21126, 37.75674 ], [ -122.21024, 37.75412 ], [ -122.21027, 37.75392 ], [ -122.21077, 37.75335 ], [ -122.21076, 37.75317 ], [ -122.21057, 37.7529 ] ] } },
{ "type": "Feature", "properties": { "n": "Patrick Avenue", "h": "art" }, "geometry": { "type": "LineString", "coordinates": [ [ -122.07952, 37.63555 ], [ -122.07939, 37.63378 ], [ -122.07942, 37.63283 ] ] } },
{ "type": "Feature", "properties": { "n": "Stoneridge Drive", "h": "art" }, "geometry": { "type": "LineString", "coordinates": [ [ -121.85968, 37.6934 ], [ -121.85762, 37.69337 ] ] } },
{ "type": "Feature", "properties": { "n": "Webster Street", "h": "art" }, "geometry": { "type": "LineString", "coordinates": [ [ -122.27645, 37.7803 ], [ -122.27649, 37.7824 ] ] } },
{ "type": "Feature", "properties": { "n": "Case Avenue", "h": "col" }, "geometry": { "type": "LineString", "coordinates": [ [ -121.88519, 37.65138 ], [ -121.88598, 37.6504 ] ] } },
{ "type": "Feature", "properties": { "n": "Hegenberger Road", "h": "art" }, "geometry": { "type": "LineString", "coordinates": [ [ -122.19643, 37.74882 ], [ -122.19636, 37.74831 ] ] } },
{ "type": "Feature", "properties": { "n": "Colusa Avenue", "h": "col" }, "geometry": { "type": "LineString", "coordinates": [ [ -122.28586, 37.89881 ], [ -122.28575, 37.89864 ] ] } },
{ "type": "Feature", "properties": { "n": "Willow Road", "h": "col" }, "geometry": { "type": "LineString", "coordinates": [ [ -121.89844, 37.68605 ], [ -121.89838, 37.68612 ], [ -121.89836, 37.68715 ] ] } },
{ "type": "Feature", "properties": { "n": "Altamont Creek Drive", "h": "col" }, "geometry": { "type": "LineString", "coordinates": [ [ -121.71494, 37.72153 ], [ -121.71369, 37.72162 ] ] } },
{ "type": "Feature", "properties": { "n": "27th Street", "h": "col" }, "geometry": { "type": "LineString", "coordinates": [ [ -122.26152, 37.81289 ], [ -122.2619, 37.81332 ] ] } },
{ "type": "Feature", "properties": { "n": "Swan Way", "h": "art" }, "geometry": { "type": "LineString", "coordinates": [ [ -122.20674, 37.73066 ], [ -122.2072, 37.73019 ] ] } },
{ "type": "Feature", "properties": { "n": "Duncan Way", "h": "col" }, "geometry": { "type": "LineString", "coordinates": [ [ -122.21875, 37.83652 ], [ -122.2187, 37.83641 ], [ -122.21851, 37.83629 ] ] } },
{ "type": "Feature", "properties": { "n": "Lorraine Road", "h": "col" }, "geometry": { "type": "LineString", "coordinates": [ [ -121.75172, 37.7235 ], [ -121.75162, 37.72368 ], [ -121.75162, 37.72495 ] ] } },
{ "type": "Feature", "properties": { "n": "Lake Park Avenue", "h": "art" }, "geometry": { "type": "LineString", "coordinates": [ [ -122.2477, 37.81116 ], [ -122.24737, 37.81046 ] ] } },
{ "type": "Feature", "properties": { "n": "Sycamore Street", "h": "col" }, "geometry": { "type": "LineString", "coordinates": [ [ -122.04262, 37.53418 ], [ -122.04235, 37.53387 ], [ -122.04117, 37.53154 ], [ -122.04057, 37.53119 ] ] } },
{ "type": "Feature", "properties": { "n": "Galloway Street", "h": "col" }, "geometry": { "type": "LineString", "coordinates": [ [ -121.74791, 37.7185 ], [ -121.74782, 37.71861 ], [ -121.74725, 37.71876 ], [ -121.74592, 37.71953 ] ] } },
{ "type": "Feature", "properties": { "n": "Monterey Avenue", "h": "art" }, "geometry": { "type": "LineString", "coordinates": [ [ -122.28213, 37.88203 ], [ -122.28219, 37.88238 ], [ -122.28207, 37.88273 ] ] } },
{ "type": "Feature", "properties": { "n": "Cabot Boulevard", "h": "col" }, "geometry": { "type": "LineString", "coordinates": [ [ -122.13754, 37.6454 ], [ -122.13748, 37.64377 ], [ -122.13736, 37.64298 ], [ -122.13713, 37.64259 ], [ -122.13587, 37.64145 ] ] } },
{ "type": "Feature", "properties": { "n": "Sea View Parkway", "h": "col" }, "geometry": { "type": "LineString", "coordinates": [ [ -122.25239, 37.74709 ], [ -122.25215, 37.74731 ] ] } },
{ "type": "Feature", "properties": { "n": "Broadway", "h": "col" }, "geometry": { "type": "LineString", "coordinates": [ [ -122.24688, 37.75315 ], [ -122.24655, 37.75346 ] ] } },
{ "type": "Feature", "properties": { "n": "Fifth Street", "h": "col" }, "geometry": { "type": "LineString", "coordinates": [ [ -122.28188, 37.78382 ], [ -122.2816, 37.78438 ] ] } },
{ "type": "Feature", "properties": { "n": "May School Road", "h": "col" }, "geometry": { "type": "LineString", "coordinates": [ [ -121.7607, 37.73781 ], [ -121.75327, 37.73787 ] ] } },
{ "type": "Feature", "properties": { "n": "CA 84", "h": "fwy" }, "geometry": { "type": "LineString", "coordinates": [ [ -121.80524, 37.67833 ], [ -121.80524, 37.67863 ] ] } },
{ "type": "Feature", "properties": { "n": "Airway Boulevard", "h": "art" }, "geometry": { "type": "LineString", "coordinates": [ [ -121.80542, 37.69622 ], [ -121.80611, 37.69609 ] ] } },
{ "type": "Feature", "properties": { "n": "Ruus Road", "h": "col" }, "geometry": { "type": "LineString", "coordinates": [ [ -122.06883, 37.6314 ], [ -122.06825, 37.63044 ], [ -122.06595, 37.62543 ] ] } },
{ "type": "Feature", "properties": { "n": "Industrial Parkway", "h": "art" }, "geometry": { "type": "LineString", "coordinates": [ [ -122.05064, 37.6266 ], [ -122.04993, 37.62715 ] ] } },
{ "type": "Feature", "properties": { "n": "Cleveland Avenue", "h": "col" }, "geometry": { "type": "LineString", "coordinates": [ [ -122.30947, 37.8977 ], [ -122.30902, 37.8965 ] ] } },
{ "type": "Feature", "properties": { "n": "Ralph Appezzato Memorial Parkway", "h": "col" }, "geometry": { "type": "LineString", "coordinates": [ [ -122.27676, 37.77972 ], [ -122.27766, 37.7797 ] ] } },
{ "type": "Feature", "properties": { "n": "South Coliseum Way", "h": "col" }, "geometry": { "type": "LineString", "coordinates": [ [ -122.19715, 37.74485 ], [ -122.19798, 37.74493 ], [ -122.19854, 37.74513 ], [ -122.19953, 37.74594 ], [ -122.20071, 37.74677 ] ] } },
{ "type": "Feature", "properties": { "n": "Harbor Bay Parkway", "h": "art" }, "geometry": { "type": "LineString", "coordinates": [ [ -122.22676, 37.74523 ], [ -122.22674, 37.74463 ] ] } },
{ "type": "Feature", "properties": { "n": "High Street", "h": "art" }, "geometry": { "type": "LineString", "coordinates": [ [ -122.23899, 37.75189 ], [ -122.2358, 37.75477 ] ] } },
{ "type": "Feature", "properties": { "n": "Adeline Street", "h": "art" }, "geometry": { "type": "LineString", "coordinates": [ [ -122.28927, 37.8011 ], [ -122.28892, 37.80191 ] ] } },
{ "type": "Feature", "properties": { "n": "School Street", "h": "col" }, "geometry": { "type": "LineString", "coordinates": [ [ -122.21795, 37.79584 ], [ -122.21648, 37.79559 ] ] } },
{ "type": "Feature", "properties": { "n": "Underwood Avenue", "h": "col" }, "geometry": { "type": "LineString", "coordinates": [ [ -122.0835, 37.63666 ], [ -122.08351, 37.63578 ] ] } },
{ "type": "Feature", "properties": { "n": "Gibraltar Drive", "h": "col" }, "geometry": { "type": "LineString", "coordinates": [ [ -121.89365, 37.68725 ], [ -121.89289, 37.68757 ] ] } },
{ "type": "Feature", "properties": { "n": "Park Street", "h": "col" }, "geometry": { "type": "LineString", "coordinates": [ [ -122.24923, 37.75583 ], [ -122.249, 37.75675 ] ] } },
{ "type": "Feature", "properties": { "n": "Kofman Parkway", "h": "col" }, "geometry": { "type": "LineString", "coordinates": [ [ -122.25307, 37.74168 ], [ -122.25409, 37.74124 ], [ -122.25461, 37.7412 ], [ -122.255, 37.74129 ], [ -122.25542, 37.74147 ], [ -122.25643, 37.74215 ] ] } },
{ "type": "Feature", "properties": { "n": "Franklin Drive", "h": "col" }, "geometry": { "type": "LineString", "coordinates": [ [ -121.9061, 37.69565 ], [ -121.90916, 37.69569 ], [ -121.9094, 37.6956 ], [ -121.90944, 37.69457 ], [ -121.90902, 37.6924 ], [ -121.90901, 37.69196 ] ] } },
{ "type": "Feature", "properties": { "n": "Five Canyons Parkway", "h": "art" }, "geometry": { "type": "LineString", "coordinates": [ [ -122.04377, 37.69422 ], [ -122.0436, 37.69374 ] ] } },
{ "type": "Feature", "properties": { "n": "Polvorosa Avenue", "h": "col" }, "geometry": { "type": "LineString", "coordinates": [ [ -122.18422, 37.711 ], [ -122.18913, 37.70899 ] ] } },
{ "type": "Feature", "properties": { "n": "Stewart Avenue", "h": "col" }, "geometry": { "type": "LineString", "coordinates": [ [ -121.98348, 37.51508 ], [ -121.98607, 37.51174 ], [ -121.98822, 37.50912 ] ] } },
{ "type": "Feature", "properties": { "n": "Wicks Boulevard", "h": "col" }, "geometry": { "type": "LineString", "coordinates": [ [ -122.1649, 37.6971 ], [ -122.16365, 37.69527 ], [ -122.16348, 37.69483 ], [ -122.16337, 37.694 ] ] } },
{ "type": "Feature", "properties": { "n": "Valley Avenue", "h": "col" }, "geometry": { "type": "LineString", "coordinates": [ [ -121.88598, 37.6504 ], [ -121.88541, 37.65041 ], [ -121.88492, 37.65049 ] ] } },
{ "type": "Feature", "properties": { "n": "Doolittle Drive", "h": "art" }, "geometry": { "type": "LineString", "coordinates": [ [ -122.22384, 37.74549 ], [ -122.22284, 37.74554 ], [ -122.2219, 37.74546 ], [ -122.22127, 37.74531 ], [ -122.22035, 37.74494 ], [ -122.21986, 37.74464 ], [ -122.21925, 37.74411 ], [ -122.21767, 37.74221 ] ] } },
{ "type": "Feature", "properties": { "n": "Catalpa Way", "h": "col" }, "geometry": { "type": "LineString", "coordinates": [ [ -122.08324, 37.62191 ], [ -122.0843, 37.62194 ], [ -122.08571, 37.62208 ], [ -122.08606, 37.62205 ], [ -122.08657, 37.62187 ] ] } },
{ "type": "Feature", "properties": { "n": "Tampa Avenue", "h": "col" }, "geometry": { "type": "LineString", "coordinates": [ [ -122.0758, 37.63136 ], [ -122.07573, 37.63319 ], [ -122.07714, 37.63525 ], [ -122.07753, 37.63572 ], [ -122.07787, 37.6359 ] ] } },
{ "type": "Feature", "properties": { "n": "Gomer Street", "h": "col" }, "geometry": { "type": "LineString", "coordinates": [ [ -122.07787, 37.6359 ], [ -122.07855, 37.63601 ] ] } },
{ "type": "Feature", "properties": { "n": "Maitland Drive", "h": "col" }, "geometry": { "type": "LineString", "coordinates": [ [ -122.23425, 37.73382 ], [ -122.23434, 37.73408 ], [ -122.23809, 37.73864 ], [ -122.23823, 37.7387 ] ] } },
{ "type": "Feature", "properties": { "n": "Vallecitos Road", "h": "art" }, "geometry": { "type": "LineString", "coordinates": [ [ -121.78615, 37.64641 ], [ -121.78634, 37.6463 ] ] } },
{ "type": "Feature", "properties": { "n": "Schafer Road", "h": "col" }, "geometry": { "type": "LineString", "coordinates": [ [ -122.07684, 37.64094 ], [ -122.0812, 37.64083 ] ] } },
{ "type": "Feature", "properties": { "n": "Village Parkway", "h": "col" }, "geometry": { "type": "LineString", "coordinates": [ [ -121.92508, 37.70783 ], [ -121.9261, 37.70904 ] ] } },
{ "type": "Feature", "properties": { "n": "82nd Avenue", "h": "col" }, "geometry": { "type": "LineString", "coordinates": [ [ -122.1795, 37.75565 ], [ -122.17915, 37.75585 ] ] } },
{ "type": "Feature", "properties": { "n": "Silvergate Drive", "h": "col" }, "geometry": { "type": "LineString", "coordinates": [ [ -121.94603, 37.70447 ], [ -121.94618, 37.70503 ] ] } },
{ "type": "Feature", "properties": { "n": "66th Avenue", "h": "col" }, "geometry": { "type": "LineString", "coordinates": [ [ -122.20986, 37.75321 ], [ -122.20948, 37.75337 ] ] } },
{ "type": "Feature", "properties": { "n": "Willie Stargell Avenue", "h": "col" }, "geometry": { "type": "LineString", "coordinates": [ [ -122.28584, 37.78483 ], [ -122.28389, 37.78481 ], [ -122.28191, 37.78508 ] ] } },
{ "type": "Feature", "properties": { "n": "Willie Stargell Avenue", "h": "col" }, "geometry": { "type": "LineString", "coordinates": [ [ -122.29092, 37.78485 ], [ -122.29044, 37.78481 ] ] } },
{ "type": "Feature", "properties": { "n": "Saratoga Street", "h": "col" }, "geometry": { "type": "LineString", "coordinates": [ [ -122.30267, 37.7895 ], [ -122.30249, 37.7894 ], [ -122.30196, 37.78872 ] ] } },
{ "type": "Feature", "properties": { "n": "Navy Way", "h": "col" }, "geometry": { "type": "LineString", "coordinates": [ [ -122.3026, 37.78963 ], [ -122.30254, 37.78967 ], [ -122.30252, 37.78986 ], [ -122.30257, 37.78994 ] ] } },
{ "type": "Feature", "properties": { "n": "Gibraltar Drive", "h": "col" }, "geometry": { "type": "LineString", "coordinates": [ [ -121.90279, 37.69589 ], [ -121.90176, 37.69587 ] ] } },
{ "type": "Feature", "properties": { "n": "Kesterson Street", "h": "col" }, "geometry": { "type": "LineString", "coordinates": [ [ -122.14058, 37.6916 ], [ -122.14055, 37.68982 ] ] } },
{ "type": "Feature", "properties": { "n": "Arden Road", "h": "col" }, "geometry": { "type": "LineString", "coordinates": [ [ -122.11163, 37.62138 ], [ -122.11205, 37.62151 ] ] } },
{ "type": "Feature", "properties": { "n": "Lakeshore Avenue", "h": "col" }, "geometry": { "type": "LineString", "coordinates": [ [ -122.24608, 37.81002 ], [ -122.24578, 37.81013 ] ] } },
{ "type": "Feature", "properties": { "n": "Shore Line Drive", "h": "col" }, "geometry": { "type": "LineString", "coordinates": [ [ -122.27045, 37.76187 ], [ -122.26924, 37.76141 ] ] } },
{ "type": "Feature", "properties": { "n": "Pan Am Way", "h": "col" }, "geometry": { "type": "LineString", "coordinates": [ [ -122.2983, 37.78293 ], [ -122.29824, 37.78355 ] ] } },
{ "type": "Feature", "properties": { "n": "Mandela Parkway", "h": "col" }, "geometry": { "type": "LineString", "coordinates": [ [ -122.29419, 37.80235 ], [ -122.29438, 37.80257 ], [ -122.29443, 37.80288 ], [ -122.2941, 37.80382 ] ] } },
{ "type": "Feature", "properties": { "n": "Mandela Parkway", "h": "art" }, "geometry": { "type": "LineString", "coordinates": [ [ -122.28914, 37.8242 ], [ -122.28904, 37.82371 ], [ -122.28911, 37.82278 ] ] } },
{ "type": "Feature", "properties": { "n": "Mandela Parkway", "h": "art" }, "geometry": { "type": "LineString", "coordinates": [ [ -122.28919, 37.82172 ], [ -122.28922, 37.82137 ] ] } },
{ "type": "Feature", "properties": { "n": "Mandela Parkway", "h": "art" }, "geometry": { "type": "LineString", "coordinates": [ [ -122.28926, 37.82094 ], [ -122.2895, 37.81812 ] ] } },
{ "type": "Feature", "properties": { "n": "Hampton Road", "h": "col" }, "geometry": { "type": "LineString", "coordinates": [ [ -122.11595, 37.68364 ], [ -122.11223, 37.68386 ] ] } },
{ "type": "Feature", "properties": { "n": "Aughinbaugh Way", "h": "art" }, "geometry": { "type": "LineString", "coordinates": [ [ -122.25124, 37.74061 ], [ -122.25188, 37.73981 ], [ -122.25204, 37.73932 ], [ -122.25205, 37.73878 ] ] } },
{ "type": "Feature", "properties": { "n": "Willow Street", "h": "col" }, "geometry": { "type": "LineString", "coordinates": [ [ -122.2538, 37.76109 ], [ -122.25374, 37.76149 ] ] } },
{ "type": "Feature", "properties": { "n": "Willow Street", "h": "col" }, "geometry": { "type": "LineString", "coordinates": [ [ -122.25483, 37.76063 ], [ -122.25497, 37.7603 ], [ -122.25498, 37.75984 ], [ -122.25508, 37.75956 ] ] } },
{ "type": "Feature", "properties": { "n": "Via Alamitos", "h": "col" }, "geometry": { "type": "LineString", "coordinates": [ [ -122.13694, 37.6796 ], [ -122.13508, 37.67669 ] ] } },
{ "type": "Feature", "properties": { "n": "Kiote Drive", "h": "col" }, "geometry": { "type": "LineString", "coordinates": [ [ -122.06125, 37.53396 ], [ -122.06109, 37.53443 ] ] } },
{ "type": "Feature", "properties": { "n": "Kiote Drive", "h": "col" }, "geometry": { "type": "LineString", "coordinates": [ [ -122.0606, 37.53677 ], [ -122.06073, 37.53706 ] ] } },
{ "type": "Feature", "properties": { "n": "East Vineyard Avenue", "h": "col" }, "geometry": { "type": "LineString", "coordinates": [ [ -121.79254, 37.64614 ], [ -121.79344, 37.64678 ] ] } },
{ "type": "Feature", "properties": { "n": "East Vineyard Avenue", "h": "col" }, "geometry": { "type": "LineString", "coordinates": [ [ -121.79377, 37.64701 ], [ -121.79451, 37.6474 ], [ -121.79699, 37.64821 ], [ -121.79817, 37.64866 ], [ -121.79978, 37.64974 ] ] } },
{ "type": "Feature", "properties": { "n": "Union City Boulevard", "h": "art" }, "geometry": { "type": "LineString", "coordinates": [ [ -122.069, 37.56598 ], [ -122.06839, 37.56566 ] ] } },
{ "type": "Feature", "properties": { "n": "Industrial Parkway West", "h": "art" }, "geometry": { "type": "LineString", "coordinates": [ [ -122.06996, 37.61752 ], [ -122.0708, 37.61749 ], [ -122.07296, 37.61754 ] ] } },
{ "type": "Feature", "properties": { "n": "Murrieta Boulevard", "h": "art" }, "geometry": { "type": "LineString", "coordinates": [ [ -121.78762, 37.67799 ], [ -121.78753, 37.67778 ] ] } },
{ "type": "Feature", "properties": { "n": "Fernside Boulevard", "h": "art" }, "geometry": { "type": "LineString", "coordinates": [ [ -122.23541, 37.75121 ], [ -122.23475, 37.7514 ] ] } },
{ "type": "Feature", "properties": { "n": "Gateway Boulevard", "h": "col" }, "geometry": { "type": "LineString", "coordinates": [ [ -122.05988, 37.54304 ], [ -122.05989, 37.5432 ] ] } },
{ "type": "Feature", "properties": { "n": "Grand Avenue", "h": "art" }, "geometry": { "type": "LineString", "coordinates": [ [ -122.26194, 37.81083 ], [ -122.26232, 37.8109 ] ] } },
{ "type": "Feature", "properties": { "n": "Hassler Way", "h": "col" }, "geometry": { "type": "LineString", "coordinates": [ [ -122.20517, 37.74734 ], [ -122.20692, 37.74636 ] ] } },
{ "type": "Feature", "properties": { "n": "Bancroft Way", "h": "col" }, "geometry": { "type": "LineString", "coordinates": [ [ -122.21148, 37.77091 ], [ -122.21117, 37.77109 ] ] } },
{ "type": "Feature", "properties": { "n": "Springlake Drive", "h": "col" }, "geometry": { "type": "LineString", "coordinates": [ [ -122.13736, 37.6936 ], [ -122.13662, 37.69331 ], [ -122.13605, 37.69325 ] ] } },
{ "type": "Feature", "properties": { "n": "Roosevelt Avenue", "h": "col" }, "geometry": { "type": "LineString", "coordinates": [ [ -122.07939, 37.63356 ], [ -122.08205, 37.63357 ] ] } },
{ "type": "Feature", "properties": { "n": "Hartford Avenue", "h": "col" }, "geometry": { "type": "LineString", "coordinates": [ [ -121.75748, 37.72347 ], [ -121.7561, 37.72347 ] ] } },
{ "type": "Feature", "properties": { "n": "Hartford Avenue", "h": "col" }, "geometry": { "type": "LineString", "coordinates": [ [ -121.75448, 37.72346 ], [ -121.75194, 37.72345 ], [ -121.75172, 37.7235 ] ] } },
{ "type": "Feature", "properties": { "n": "Railroad Avenue", "h": "col" }, "geometry": { "type": "LineString", "coordinates": [ [ -122.02875, 37.60368 ], [ -122.02859, 37.60354 ] ] } },
{ "type": "Feature", "properties": { "n": "Swan Way", "h": "art" }, "geometry": { "type": "LineString", "coordinates": [ [ -122.20599, 37.73212 ], [ -122.20564, 37.73223 ], [ -122.20525, 37.73245 ] ] } },
{ "type": "Feature", "properties": { "n": "Greenville Road", "h": "art" }, "geometry": { "type": "LineString", "coordinates": [ [ -121.69679, 37.70263 ], [ -121.69666, 37.70243 ] ] } },
{ "type": "Feature", "properties": { "n": "Potter Street", "h": "col" }, "geometry": { "type": "LineString", "coordinates": [ [ -122.29609, 37.85049 ], [ -122.29772, 37.85022 ] ] } },
{ "type": "Feature", "properties": { "n": "Powell Street", "h": "col" }, "geometry": { "type": "LineString", "coordinates": [ [ -122.30608, 37.83717 ], [ -122.30695, 37.83717 ] ] } },
{ "type": "Feature", "properties": { "n": "Powell Street", "h": "col" }, "geometry": { "type": "LineString", "coordinates": [ [ -122.30722, 37.83717 ], [ -122.30778, 37.83717 ] ] } },
{ "type": "Feature", "properties": { "n": "I 580", "h": "fwy" }, "geometry": { "type": "LineString", "coordinates": [ [ -122.30994, 37.89509 ], [ -122.31061, 37.89599 ] ] } },
{ "type": "Feature", "properties": { "n": "Eastshore Highway", "h": "col" }, "geometry": { "type": "LineString", "coordinates": [ [ -122.30764, 37.88669 ], [ -122.308, 37.88627 ] ] } },
{ "type": "Feature", "properties": { "n": "Sixth Street", "h": "col" }, "geometry": { "type": "LineString", "coordinates": [ [ -122.3025, 37.88307 ], [ -122.30192, 37.88124 ] ] } },
{ "type": "Feature", "properties": { "n": "Peralta Street", "h": "col" }, "geometry": { "type": "LineString", "coordinates": [ [ -122.28909, 37.81748 ], [ -122.28839, 37.81835 ] ] } },
{ "type": "Feature", "properties": { "n": "I 880", "h": "fwy" }, "geometry": { "type": "LineString", "coordinates": [ [ -122.29958, 37.81568 ], [ -122.3009, 37.81465 ] ] } },
{ "type": "Feature", "properties": { "n": "I 580", "h": "fwy" }, "geometry": { "type": "LineString", "coordinates": [ [ -122.29303, 37.8287 ], [ -122.29329, 37.82921 ], [ -122.29339, 37.82979 ] ] } },
{ "type": "Feature", "properties": { "n": "MacArthur Boulevard", "h": "art" }, "geometry": { "type": "LineString", "coordinates": [ [ -122.24897, 37.81025 ], [ -122.24871, 37.81014 ] ] } },
{ "type": "Feature", "properties": { "n": "CA 77", "h": "fwy" }, "geometry": { "type": "LineString", "coordinates": [ [ -122.21872, 37.7711 ], [ -122.21764, 37.77185 ] ] } },
{ "type": "Feature", "properties": { "n": "Gilman Street", "h": "art" }, "geometry": { "type": "LineString", "coordinates": [ [ -122.30707, 37.87816 ], [ -122.30685, 37.87816 ] ] } },
{ "type": "Feature", "properties": { "n": "Coliseum Way", "h": "col" }, "geometry": { "type": "LineString", "coordinates": [ [ -122.21776, 37.76605 ], [ -122.2183, 37.76652 ] ] } },
{ "type": "Feature", "properties": { "n": "Coliseum Way", "h": "col" }, "geometry": { "type": "LineString", "coordinates": [ [ -122.21395, 37.76373 ], [ -122.21275, 37.76298 ], [ -122.21248, 37.76274 ], [ -122.21165, 37.76153 ], [ -122.20537, 37.75506 ] ] } },
{ "type": "Feature", "properties": { "n": "Cedar Street", "h": "col" }, "geometry": { "type": "LineString", "coordinates": [ [ -122.30527, 37.87298 ], [ -122.3031, 37.8734 ] ] } },
{ "type": "Feature", "properties": { "n": "University Avenue", "h": "col" }, "geometry": { "type": "LineString", "coordinates": [ [ -122.30584, 37.86637 ], [ -122.30633, 37.86627 ] ] } },
{ "type": "Feature", "properties": { "n": "Market Street", "h": "col" }, "geometry": { "type": "LineString", "coordinates": [ [ -122.27338, 37.83657 ], [ -122.27298, 37.83446 ] ] } },
{ "type": "Feature", "properties": { "n": "Coliseum Way", "h": "col" }, "geometry": { "type": "LineString", "coordinates": [ [ -122.20356, 37.74935 ], [ -122.20514, 37.7511 ], [ -122.20592, 37.75222 ] ] } },
{ "type": "Feature", "properties": { "n": "Hegenberger Road", "h": "art" }, "geometry": { "type": "LineString", "coordinates": [ [ -122.20174, 37.72644 ], [ -122.20171, 37.72603 ] ] } },
{ "type": "Feature", "properties": { "n": "Bessie Coleman Drive", "h": "art" }, "geometry": { "type": "LineString", "coordinates": [ [ -122.2012, 37.72102 ], [ -122.2013, 37.72083 ] ] } },
{ "type": "Feature", "properties": { "n": "Doolittle Drive", "h": "art" }, "geometry": { "type": "LineString", "coordinates": [ [ -122.20761, 37.72953 ], [ -122.20367, 37.72749 ] ] } },
{ "type": "Feature", "properties": { "n": "Harrison Street", "h": "col" }, "geometry": { "type": "LineString", "coordinates": [ [ -122.26306, 37.80922 ], [ -122.26319, 37.80893 ] ] } },
{ "type": "Feature", "properties": { "n": "Ballena Boulevard", "h": "col" }, "geometry": { "type": "LineString", "coordinates": [ [ -122.28774, 37.76808 ], [ -122.28822, 37.76749 ], [ -122.28832, 37.7671 ], [ -122.28829, 37.76663 ] ] } },
{ "type": "Feature", "properties": { "n": "Ballena Boulevard", "h": "col" }, "geometry": { "type": "LineString", "coordinates": [ [ -122.28817, 37.76629 ], [ -122.28772, 37.76554 ] ] } },
{ "type": "Feature", "properties": { "n": "I 580", "h": "fwy" }, "geometry": { "type": "LineString", "coordinates": [ [ -121.85308, 37.70142 ], [ -121.85627, 37.70146 ] ] } },
{ "type": "Feature", "properties": { "n": "Niles Canyon Road", "h": "art" }, "geometry": { "type": "LineString", "coordinates": [ [ -121.9292, 37.59649 ], [ -121.92841, 37.59685 ], [ -121.92787, 37.59728 ] ] } },
{ "type": "Feature", "properties": { "n": "Fruitvale Avenue", "h": "art" }, "geometry": { "type": "LineString", "coordinates": [ [ -122.22937, 37.77005 ], [ -122.22901, 37.77067 ], [ -122.22849, 37.77195 ] ] } },
{ "type": "Feature", "properties": { "n": "Island Drive", "h": "art" }, "geometry": { "type": "LineString", "coordinates": [ [ -122.23772, 37.74317 ], [ -122.23787, 37.74249 ], [ -122.23781, 37.7415 ], [ -122.23818, 37.74004 ] ] } },
{ "type": "Feature", "properties": { "n": "Island Drive", "h": "art" }, "geometry": { "type": "LineString", "coordinates": [ [ -122.23986, 37.7356 ], [ -122.23957, 37.73578 ], [ -122.2389, 37.73662 ], [ -122.23871, 37.73693 ] ] } },
{ "type": "Feature", "properties": { "n": "Harbor Bay Parkway", "h": "art" }, "geometry": { "type": "LineString", "coordinates": [ [ -122.22664, 37.7441 ], [ -122.22665, 37.7343 ] ] } },
{ "type": "Feature", "properties": { "n": "Harbor Bay Parkway", "h": "art" }, "geometry": { "type": "LineString", "coordinates": [ [ -122.22664, 37.7441 ], [ -122.22659, 37.74488 ] ] } },
{ "type": "Feature", "properties": { "n": "Doolittle Drive", "h": "art" }, "geometry": { "type": "LineString", "coordinates": [ [ -122.22667, 37.74537 ], [ -122.22753, 37.74536 ], [ -122.22825, 37.74543 ], [ -122.23263, 37.74634 ] ] } },
{ "type": "Feature", "properties": { "n": "Otis Drive", "h": "art" }, "geometry": { "type": "LineString", "coordinates": [ [ -122.23721, 37.75131 ], [ -122.23823, 37.75145 ] ] } },
{ "type": "Feature", "properties": { "n": "Otis Drive", "h": "art" }, "geometry": { "type": "LineString", "coordinates": [ [ -122.23933, 37.75213 ], [ -122.24242, 37.7543 ], [ -122.24437, 37.75533 ] ] } },
{ "type": "Feature", "properties": { "n": "Fernside Boulevard", "h": "art" }, "geometry": { "type": "LineString", "coordinates": [ [ -122.22749, 37.75709 ], [ -122.22626, 37.75824 ], [ -122.22587, 37.75886 ] ] } },
{ "type": "Feature", "properties": { "n": "Fernside Boulevard", "h": "art" }, "geometry": { "type": "LineString", "coordinates": [ [ -122.23098, 37.75399 ], [ -122.2322, 37.75289 ] ] } },
{ "type": "Feature", "properties": { "n": "Encinal Avenue", "h": "col" }, "geometry": { "type": "LineString", "coordinates": [ [ -122.23261, 37.75513 ], [ -122.23127, 37.7542 ] ] } },
{ "type": "Feature", "properties": { "n": "Encinal Avenue", "h": "col" }, "geometry": { "type": "LineString", "coordinates": [ [ -122.23084, 37.75407 ], [ -122.23253, 37.75525 ] ] } },
{ "type": "Feature", "properties": { "n": "North Mines Road", "h": "art" }, "geometry": { "type": "LineString", "coordinates": [ [ -121.74599, 37.6934 ], [ -121.7462, 37.6937 ] ] } },
{ "type": "Feature", "properties": { "n": "I 580", "h": "fwy" }, "geometry": { "type": "LineString", "coordinates": [ [ -121.75951, 37.70302 ], [ -121.75998, 37.703 ] ] } },
{ "type": "Feature", "properties": { "n": "Southfront Road", "h": "col" }, "geometry": { "type": "LineString", "coordinates": [ [ -121.74096, 37.69967 ], [ -121.74039, 37.70009 ] ] } },
{ "type": "Feature", "properties": { "n": "CA 84", "h": "fwy" }, "geometry": { "type": "LineString", "coordinates": [ [ -121.80567, 37.65329 ], [ -121.80566, 37.65247 ] ] } },
{ "type": "Feature", "properties": { "n": "Patterson Pass Road", "h": "art" }, "geometry": { "type": "LineString", "coordinates": [ [ -121.69694, 37.69582 ], [ -121.69709, 37.69589 ], [ -121.69923, 37.69589 ] ] } },
{ "type": "Feature", "properties": { "n": "Middle Harbor Road", "h": "art" }, "geometry": { "type": "LineString", "coordinates": [ [ -122.29257, 37.79902 ], [ -122.29368, 37.79883 ], [ -122.29399, 37.79871 ] ] } },
{ "type": "Feature", "properties": { "n": "3rd Street", "h": "col" }, "geometry": { "type": "LineString", "coordinates": [ [ -122.29419, 37.80235 ], [ -122.29383, 37.80217 ], [ -122.29141, 37.80159 ] ] } },
{ "type": "Feature", "properties": { "n": "I 880", "h": "fwy" }, "geometry": { "type": "LineString", "coordinates": [ [ -122.30022, 37.81452 ], [ -122.30003, 37.81463 ] ] } },
{ "type": "Feature", "properties": { "n": "38th Avenue", "h": "col" }, "geometry": { "type": "LineString", "coordinates": [ [ -122.22083, 37.77364 ], [ -122.21998, 37.77476 ] ] } },
{ "type": "Feature", "properties": { "n": "Golf Links Road", "h": "art" }, "geometry": { "type": "LineString", "coordinates": [ [ -122.15206, 37.75414 ], [ -122.15189, 37.75395 ] ] } },
{ "type": "Feature", "properties": { "n": "Red Oak Avenue", "h": "col" }, "geometry": { "type": "LineString", "coordinates": [ [ -122.3025, 37.88307 ], [ -122.30172, 37.88324 ] ] } },
{ "type": "Feature", "properties": { "n": "Broadway", "h": "art" }, "geometry": { "type": "LineString", "coordinates": [ [ -122.24446, 37.75609 ], [ -122.24415, 37.75646 ] ] } },
{ "type": "Feature", "properties": { "n": "Otis Drive", "h": "art" }, "geometry": { "type": "LineString", "coordinates": [ [ -122.25463, 37.76097 ], [ -122.25492, 37.76108 ] ] } },
{ "type": "Feature", "properties": { "n": "Westline Drive", "h": "art" }, "geometry": { "type": "LineString", "coordinates": [ [ -122.27158, 37.76616 ], [ -122.2716, 37.76645 ] ] } },
{ "type": "Feature", "properties": { "n": "66th Avenue", "h": "col" }, "geometry": { "type": "LineString", "coordinates": [ [ -122.20075, 37.75682 ], [ -122.20025, 37.75712 ], [ -122.19769, 37.7593 ], [ -122.19575, 37.76053 ] ] } },
{ "type": "Feature", "properties": { "n": "66th Avenue", "h": "col" }, "geometry": { "type": "LineString", "coordinates": [ [ -122.20708, 37.75425 ], [ -122.20668, 37.75438 ] ] } },
{ "type": "Feature", "properties": { "n": "66th Avenue", "h": "col" }, "geometry": { "type": "LineString", "coordinates": [ [ -122.20416, 37.75556 ], [ -122.20482, 37.75531 ] ] } },
{ "type": "Feature", "properties": { "n": "Doolittle Drive", "h": "col" }, "geometry": { "type": "LineString", "coordinates": [ [ -122.1751, 37.69706 ], [ -122.17446, 37.69609 ] ] } },
{ "type": "Feature", "properties": { "n": "Doolittle Drive", "h": "col" }, "geometry": { "type": "LineString", "coordinates": [ [ -122.17386, 37.69518 ], [ -122.17362, 37.69476 ] ] } },
{ "type": "Feature", "properties": { "n": "98th Avenue", "h": "art" }, "geometry": { "type": "LineString", "coordinates": [ [ -122.20065, 37.72365 ], [ -122.20089, 37.72505 ], [ -122.20085, 37.72573 ], [ -122.20072, 37.72609 ], [ -122.20047, 37.72645 ], [ -122.1998, 37.72702 ] ] } },
{ "type": "Feature", "properties": { "n": "Doolittle Drive", "h": "art" }, "geometry": { "type": "LineString", "coordinates": [ [ -122.19936, 37.72566 ], [ -122.1995, 37.72573 ] ] } },
{ "type": "Feature", "properties": { "n": "Doolittle Drive", "h": "art" }, "geometry": { "type": "LineString", "coordinates": [ [ -122.20264, 37.72708 ], [ -122.20657, 37.72913 ] ] } },
{ "type": "Feature", "properties": { "n": "Doolittle Drive", "h": "art" }, "geometry": { "type": "LineString", "coordinates": [ [ -122.20024, 37.72587 ], [ -122.1996, 37.72561 ] ] } },
{ "type": "Feature", "properties": { "n": "Doolittle Drive", "h": "art" }, "geometry": { "type": "LineString", "coordinates": [ [ -122.19195, 37.72027 ], [ -122.19246, 37.72068 ] ] } },
{ "type": "Feature", "properties": { "n": "Beatrice Street", "h": "col" }, "geometry": { "type": "LineString", "coordinates": [ [ -122.14001, 37.68984 ], [ -122.14055, 37.68982 ] ] } },
{ "type": "Feature", "properties": { "n": "I 880", "h": "fwy" }, "geometry": { "type": "LineString", "coordinates": [ [ -122.25464, 37.78926 ], [ -122.25282, 37.78888 ], [ -122.25166, 37.78857 ] ] } },
{ "type": "Feature", "properties": { "n": "Mariner Square Drive", "h": "col" }, "geometry": { "type": "LineString", "coordinates": [ [ -122.27611, 37.78548 ], [ -122.27637, 37.78601 ], [ -122.27645, 37.78631 ], [ -122.2765, 37.78714 ], [ -122.27641, 37.78767 ] ] } },
{ "type": "Feature", "properties": { "n": "Wilma Chan Way", "h": "art" }, "geometry": { "type": "LineString", "coordinates": [ [ -122.2762, 37.78379 ], [ -122.27555, 37.78273 ], [ -122.27523, 37.78195 ] ] } },
{ "type": "Feature", "properties": { "n": "International Boulevard", "h": "art" }, "geometry": { "type": "LineString", "coordinates": [ [ -122.22272, 37.77616 ], [ -122.22289, 37.77624 ] ] } },
{ "type": "Feature", "properties": { "n": "Grand Avenue", "h": "art" }, "geometry": { "type": "LineString", "coordinates": [ [ -122.24973, 37.80934 ], [ -122.2496, 37.80945 ] ] } },
{ "type": "Feature", "properties": { "n": "Mountain Boulevard", "h": "col" }, "geometry": { "type": "LineString", "coordinates": [ [ -122.21553, 37.8342 ], [ -122.21517, 37.8337 ] ] } },
{ "type": "Feature", "properties": { "n": "MacArthur Boulevard", "h": "art" }, "geometry": { "type": "LineString", "coordinates": [ [ -122.20271, 37.79565 ], [ -122.20221, 37.79525 ] ] } },
{ "type": "Feature", "properties": { "n": "West Street", "h": "col" }, "geometry": { "type": "LineString", "coordinates": [ [ -122.26968, 37.83553 ], [ -122.26943, 37.83651 ] ] } },
{ "type": "Feature", "properties": { "n": "Lakeshore Avenue", "h": "col" }, "geometry": { "type": "LineString", "coordinates": [ [ -122.24105, 37.81275 ], [ -122.24058, 37.81316 ], [ -122.23926, 37.81404 ] ] } },
{ "type": "Feature", "properties": { "n": "Lakeshore Avenue", "h": "col" }, "geometry": { "type": "LineString", "coordinates": [ [ -122.23923, 37.81406 ], [ -122.23897, 37.81427 ] ] } },
{ "type": "Feature", "properties": { "n": "I 880", "h": "fwy" }, "geometry": { "type": "LineString", "coordinates": [ [ -121.92314, 37.45598 ], [ -121.92351, 37.45762 ], [ -121.92405, 37.45928 ] ] } },
{ "type": "Feature", "properties": { "n": "CA 84", "h": "fwy" }, "geometry": { "type": "LineString", "coordinates": [ [ -122.06331, 37.54362 ], [ -122.06388, 37.54318 ] ] } },
{ "type": "Feature", "properties": { "n": "Industrial Parkway West", "h": "art" }, "geometry": { "type": "LineString", "coordinates": [ [ -122.08821, 37.61724 ], [ -122.08739, 37.61753 ], [ -122.08652, 37.61773 ], [ -122.08532, 37.61781 ] ] } },
{ "type": "Feature", "properties": { "n": "CA 84", "h": "fwy" }, "geometry": { "type": "LineString", "coordinates": [ [ -122.07084, 37.53761 ], [ -122.06656, 37.54085 ] ] } },
{ "type": "Feature", "properties": { "n": "Blacow Road", "h": "col" }, "geometry": { "type": "LineString", "coordinates": [ [ -121.95749, 37.52394 ], [ -121.95615, 37.52405 ] ] } },
{ "type": "Feature", "properties": { "n": "Paseo Grande", "h": "col" }, "geometry": { "type": "LineString", "coordinates": [ [ -122.13321, 37.67736 ], [ -122.13372, 37.67715 ] ] } },
{ "type": "Feature", "properties": { "n": "Paseo Grande", "h": "col" }, "geometry": { "type": "LineString", "coordinates": [ [ -122.13373, 37.67714 ], [ -122.13492, 37.67666 ] ] } },
{ "type": "Feature", "properties": { "n": "Mission Boulevard", "h": "art" }, "geometry": { "type": "LineString", "coordinates": [ [ -121.91943, 37.51275 ], [ -121.91925, 37.51357 ] ] } },
{ "type": "Feature", "properties": { "n": "Dougherty Road", "h": "art" }, "geometry": { "type": "LineString", "coordinates": [ [ -121.90963, 37.70502 ], [ -121.90992, 37.70538 ], [ -121.91017, 37.70598 ] ] } },
{ "type": "Feature", "properties": { "n": "I 880", "h": "fwy" }, "geometry": { "type": "LineString", "coordinates": [ [ -122.21071, 37.75679 ], [ -122.20828, 37.75402 ] ] } },
{ "type": "Feature", "properties": { "n": "I 80", "h": "fwy" }, "geometry": { "type": "LineString", "coordinates": [ [ -122.31748, 37.82391 ], [ -122.31854, 37.82367 ], [ -122.3192, 37.82346 ] ] } },
{ "type": "Feature", "properties": { "n": "Cherry Street", "h": "art" }, "geometry": { "type": "LineString", "coordinates": [ [ -121.99969, 37.51666 ], [ -122.00206, 37.51789 ] ] } },
{ "type": "Feature", "properties": { "n": "Five Canyons Parkway", "h": "art" }, "geometry": { "type": "LineString", "coordinates": [ [ -122.04488, 37.69647 ], [ -122.04474, 37.69634 ] ] } },
{ "type": "Feature", "properties": { "n": "Middle Harbor Road", "h": "art" }, "geometry": { "type": "LineString", "coordinates": [ [ -122.28927, 37.8011 ], [ -122.2894, 37.80096 ] ] } },
{ "type": "Feature", "properties": { "n": "Middle Harbor Road", "h": "art" }, "geometry": { "type": "LineString", "coordinates": [ [ -122.29399, 37.79871 ], [ -122.29256, 37.79894 ] ] } },
{ "type": "Feature", "properties": { "n": "Powell Street", "h": "col" }, "geometry": { "type": "LineString", "coordinates": [ [ -122.30091, 37.8371 ], [ -122.30043, 37.8372 ] ] } },
{ "type": "Feature", "properties": { "n": "Powell Street", "h": "col" }, "geometry": { "type": "LineString", "coordinates": [ [ -122.31455, 37.83803 ], [ -122.31489, 37.83841 ], [ -122.31499, 37.83874 ] ] } },
{ "type": "Feature", "properties": { "n": "Powell Street", "h": "col" }, "geometry": { "type": "LineString", "coordinates": [ [ -122.31498, 37.83904 ], [ -122.31496, 37.83944 ] ] } },
{ "type": "Feature", "properties": { "n": "I 580", "h": "fwy" }, "geometry": { "type": "LineString", "coordinates": [ [ -122.04425, 37.69597 ], [ -122.04403, 37.69617 ] ] } },
{ "type": "Feature", "properties": { "n": "Norbridge Avenue", "h": "col" }, "geometry": { "type": "LineString", "coordinates": [ [ -122.0705, 37.69263 ], [ -122.0701, 37.69275 ], [ -122.0697, 37.69298 ] ] } },
{ "type": "Feature", "properties": { "n": "West Las Positas Boulevard", "h": "art" }, "geometry": { "type": "LineString", "coordinates": [ [ -121.91412, 37.67782 ], [ -121.91579, 37.67735 ] ] } },
{ "type": "Feature", "properties": { "n": "East 12th Street", "h": "col" }, "geometry": { "type": "LineString", "coordinates": [ [ -122.21896, 37.77278 ], [ -122.21756, 37.77213 ] ] } },
{ "type": "Feature", "properties": { "n": "West Grand Avenue", "h": "art" }, "geometry": { "type": "LineString", "coordinates": [ [ -122.28381, 37.81558 ], [ -122.28505, 37.81586 ] ] } },
{ "type": "Feature", "properties": { "n": "Frontage Road", "h": "art" }, "geometry": { "type": "LineString", "coordinates": [ [ -122.29818, 37.81557 ], [ -122.29985, 37.81436 ] ] } },
{ "type": "Feature", "properties": { "n": "Peralta Street", "h": "col" }, "geometry": { "type": "LineString", "coordinates": [ [ -122.28997, 37.81639 ], [ -122.29071, 37.81543 ] ] } },
{ "type": "Feature", "properties": { "n": "Adeline Street", "h": "art" }, "geometry": { "type": "LineString", "coordinates": [ [ -122.28882, 37.80239 ], [ -122.28892, 37.80191 ] ] } },
{ "type": "Feature", "properties": { "n": "Adeline Street", "h": "art" }, "geometry": { "type": "LineString", "coordinates": [ [ -122.28879, 37.80212 ], [ -122.28864, 37.80252 ] ] } },
{ "type": "Feature", "properties": { "n": "Heyer Avenue", "h": "col" }, "geometry": { "type": "LineString", "coordinates": [ [ -122.07399, 37.70475 ], [ -122.07203, 37.70467 ] ] } },
{ "type": "Feature", "properties": { "n": "West A Street", "h": "art" }, "geometry": { "type": "LineString", "coordinates": [ [ -122.1068, 37.6664 ], [ -122.10704, 37.66638 ] ] } },
{ "type": "Feature", "properties": { "n": "West Lagoon Road", "h": "col" }, "geometry": { "type": "LineString", "coordinates": [ [ -121.89357, 37.64703 ], [ -121.89407, 37.64741 ], [ -121.89501, 37.6484 ] ] } },
{ "type": "Feature", "properties": { "n": "Bernal Avenue", "h": "art" }, "geometry": { "type": "LineString", "coordinates": [ [ -121.90491, 37.65547 ], [ -121.90434, 37.65568 ] ] } },
{ "type": "Feature", "properties": { "n": "Valley Avenue", "h": "art" }, "geometry": { "type": "LineString", "coordinates": [ [ -121.89887, 37.66974 ], [ -121.8993, 37.67121 ], [ -121.89936, 37.67202 ], [ -121.89926, 37.67277 ], [ -121.89881, 37.67384 ] ] } },
{ "type": "Feature", "properties": { "n": "I 580", "h": "fwy" }, "geometry": { "type": "LineString", "coordinates": [ [ -122.21904, 37.79871 ], [ -122.2173, 37.79828 ] ] } },
{ "type": "Feature", "properties": { "n": "Thornton Avenue", "h": "art" }, "geometry": { "type": "LineString", "coordinates": [ [ -122.06414, 37.53286 ], [ -122.06429, 37.53409 ], [ -122.06452, 37.53479 ], [ -122.0648, 37.53536 ] ] } },
{ "type": "Feature", "properties": { "n": "Paseo Padre Parkway", "h": "art" }, "geometry": { "type": "LineString", "coordinates": [ [ -122.06944, 37.54435 ], [ -122.06806, 37.54157 ] ] } },
{ "type": "Feature", "properties": { "n": "Thornton Avenue", "h": "art" }, "geometry": { "type": "LineString", "coordinates": [ [ -122.05786, 37.52712 ], [ -122.0624, 37.52875 ], [ -122.06303, 37.52916 ], [ -122.06339, 37.52951 ] ] } },
{ "type": "Feature", "properties": { "n": "Paseo Padre Parkway", "h": "art" }, "geometry": { "type": "LineString", "coordinates": [ [ -122.06767, 37.54101 ], [ -122.06797, 37.54162 ] ] } },
{ "type": "Feature", "properties": { "n": "Thornton Avenue", "h": "art" }, "geometry": { "type": "LineString", "coordinates": [ [ -122.05175, 37.52554 ], [ -122.05275, 37.52545 ], [ -122.0531, 37.5255 ], [ -122.05381, 37.52574 ] ] } },
{ "type": "Feature", "properties": { "n": "Thornton Avenue", "h": "art" }, "geometry": { "type": "LineString", "coordinates": [ [ -122.05567, 37.52626 ], [ -122.05341, 37.52545 ], [ -122.05261, 37.52532 ] ] } },
{ "type": "Feature", "properties": { "n": "I 580", "h": "fwy" }, "geometry": { "type": "LineString", "coordinates": [ [ -121.89876, 37.7019 ], [ -121.9024, 37.70191 ] ] } },
{ "type": "Feature", "properties": { "n": "Hacienda Drive", "h": "art" }, "geometry": { "type": "LineString", "coordinates": [ [ -121.88797, 37.70232 ], [ -121.88797, 37.70246 ] ] } },
{ "type": "Feature", "properties": { "n": "Owens Drive", "h": "col" }, "geometry": { "type": "LineString", "coordinates": [ [ -121.89997, 37.70002 ], [ -121.90169, 37.70001 ], [ -121.90225, 37.69986 ], [ -121.90307, 37.69944 ] ] } },
{ "type": "Feature", "properties": { "n": "Owens Drive", "h": "col" }, "geometry": { "type": "LineString", "coordinates": [ [ -121.89912, 37.69987 ], [ -121.89829, 37.69988 ] ] } },
{ "type": "Feature", "properties": { "n": "Swan Way", "h": "art" }, "geometry": { "type": "LineString", "coordinates": [ [ -122.20599, 37.73212 ], [ -122.20642, 37.73155 ], [ -122.20674, 37.73066 ] ] } },
{ "type": "Feature", "properties": { "n": "Hacienda Drive", "h": "art" }, "geometry": { "type": "LineString", "coordinates": [ [ -121.89208, 37.69662 ], [ -121.89251, 37.69647 ], [ -121.893, 37.6962 ], [ -121.89383, 37.69551 ] ] } },
{ "type": "Feature", "properties": { "n": "Owens Drive", "h": "col" }, "geometry": { "type": "LineString", "coordinates": [ [ -121.90582, 37.69811 ], [ -121.90523, 37.69838 ], [ -121.90484, 37.69844 ], [ -121.90446, 37.69857 ] ] } },
{ "type": "Feature", "properties": { "n": "Stoneridge Drive", "h": "art" }, "geometry": { "type": "LineString", "coordinates": [ [ -121.90729, 37.6911 ], [ -121.90547, 37.6914 ], [ -121.90499, 37.6914 ] ] } },
{ "type": "Feature", "properties": { "n": "Stoneridge Drive", "h": "art" }, "geometry": { "type": "LineString", "coordinates": [ [ -121.90567, 37.69157 ], [ -121.90895, 37.69093 ] ] } },
{ "type": "Feature", "properties": { "n": "Stoneridge Drive", "h": "art" }, "geometry": { "type": "LineString", "coordinates": [ [ -121.89463, 37.69134 ], [ -121.89363, 37.69153 ] ] } },
{ "type": "Feature", "properties": { "n": "Owens Drive", "h": "col" }, "geometry": { "type": "LineString", "coordinates": [ [ -121.88241, 37.69164 ], [ -121.88207, 37.69138 ] ] } },
{ "type": "Feature", "properties": { "n": "West Las Positas Boulevard", "h": "art" }, "geometry": { "type": "LineString", "coordinates": [ [ -121.88926, 37.68703 ], [ -121.88945, 37.68699 ] ] } },
{ "type": "Feature", "properties": { "n": "West Las Positas Boulevard", "h": "art" }, "geometry": { "type": "LineString", "coordinates": [ [ -121.89377, 37.6853 ], [ -121.89439, 37.68508 ] ] } },
{ "type": "Feature", "properties": { "n": "West Las Positas Boulevard", "h": "art" }, "geometry": { "type": "LineString", "coordinates": [ [ -121.90019, 37.68306 ], [ -121.90239, 37.68202 ], [ -121.90286, 37.6819 ], [ -121.90383, 37.68189 ] ] } },
{ "type": "Feature", "properties": { "n": "West Las Positas Boulevard", "h": "art" }, "geometry": { "type": "LineString", "coordinates": [ [ -121.89828, 37.68367 ], [ -121.8944, 37.68491 ] ] } },
{ "type": "Feature", "properties": { "n": "West Las Positas Boulevard", "h": "art" }, "geometry": { "type": "LineString", "coordinates": [ [ -121.91183, 37.67842 ], [ -121.91236, 37.67833 ] ] } },
{ "type": "Feature", "properties": { "n": "I 680", "h": "fwy" }, "geometry": { "type": "LineString", "coordinates": [ [ -121.87377, 37.58338 ], [ -121.87555, 37.58014 ], [ -121.87618, 37.57945 ], [ -121.87699, 37.57876 ] ] } },
{ "type": "Feature", "properties": { "n": "I 680", "h": "fwy" }, "geometry": { "type": "LineString", "coordinates": [ [ -121.87682, 37.57863 ], [ -121.87591, 37.57944 ], [ -121.87527, 37.58021 ], [ -121.87363, 37.58332 ] ] } },
{ "type": "Feature", "properties": { "n": "East 12th Street", "h": "col" }, "geometry": { "type": "LineString", "coordinates": [ [ -122.21896, 37.77278 ], [ -122.22155, 37.77402 ], [ -122.22257, 37.77524 ], [ -122.2231, 37.77559 ] ] } },
{ "type": "Feature", "properties": { "n": "East 12th Street", "h": "col" }, "geometry": { "type": "LineString", "coordinates": [ [ -122.2173, 37.772 ], [ -122.2161, 37.77142 ] ] } },
{ "type": "Feature", "properties": { "n": "San Ramon Road", "h": "art" }, "geometry": { "type": "LineString", "coordinates": [ [ -121.93559, 37.70117 ], [ -121.93568, 37.70154 ] ] } },
{ "type": "Feature", "properties": { "n": "Hopyard Road", "h": "art" }, "geometry": { "type": "LineString", "coordinates": [ [ -121.90386, 37.68146 ], [ -121.90385, 37.68174 ] ] } },
{ "type": "Feature", "properties": { "n": "Santa Rita Road", "h": "art" }, "geometry": { "type": "LineString", "coordinates": [ [ -121.87837, 37.69084 ], [ -121.87839, 37.69145 ] ] } },
{ "type": "Feature", "properties": { "n": "I 580", "h": "fwy" }, "geometry": { "type": "LineString", "coordinates": [ [ -121.87919, 37.70166 ], [ -121.8835, 37.70173 ] ] } },
{ "type": "Feature", "properties": { "n": "Dublin Boulevard", "h": "art" }, "geometry": { "type": "LineString", "coordinates": [ [ -121.8782, 37.70557 ], [ -121.87769, 37.70557 ] ] } },
{ "type": "Feature", "properties": { "n": "I 580", "h": "fwy" }, "geometry": { "type": "LineString", "coordinates": [ [ -122.20372, 37.79276 ], [ -122.20456, 37.79353 ] ] } },
{ "type": "Feature", "properties": { "n": "Embarcadero West", "h": "art" }, "geometry": { "type": "LineString", "coordinates": [ [ -122.26824, 37.79165 ], [ -122.26789, 37.79146 ], [ -122.2675, 37.79145 ] ] } },
{ "type": "Feature", "properties": { "n": "Valley Avenue", "h": "col" }, "geometry": { "type": "LineString", "coordinates": [ [ -121.88974, 37.65151 ], [ -121.88751, 37.65078 ], [ -121.88598, 37.6504 ] ] } },
{ "type": "Feature", "properties": { "n": "Mecartney Road", "h": "art" }, "geometry": { "type": "LineString", "coordinates": [ [ -122.23896, 37.73547 ], [ -122.23913, 37.73557 ], [ -122.23981, 37.73573 ] ] } },
{ "type": "Feature", "properties": { "n": "Mecartney Road", "h": "art" }, "geometry": { "type": "LineString", "coordinates": [ [ -122.23896, 37.73547 ], [ -122.23713, 37.73512 ], [ -122.23541, 37.73435 ] ] } },
{ "type": "Feature", "properties": { "n": "Mecartney Road", "h": "art" }, "geometry": { "type": "LineString", "coordinates": [ [ -122.24484, 37.73678 ], [ -122.24159, 37.736 ] ] } },
{ "type": "Feature", "properties": { "n": "Paseo Padre Parkway", "h": "art" }, "geometry": { "type": "LineString", "coordinates": [ [ -121.94815, 37.54134 ], [ -121.94951, 37.54217 ] ] } },
{ "type": "Feature", "properties": { "n": "Dublin Boulevard", "h": "art" }, "geometry": { "type": "LineString", "coordinates": [ [ -121.92955, 37.7042 ], [ -121.93094, 37.70376 ] ] } },
{ "type": "Feature", "properties": { "n": "Dublin Boulevard", "h": "art" }, "geometry": { "type": "LineString", "coordinates": [ [ -121.91623, 37.70444 ], [ -121.91409, 37.70393 ] ] } },
{ "type": "Feature", "properties": { "n": "El Charro Road", "h": "art" }, "geometry": { "type": "LineString", "coordinates": [ [ -121.84823, 37.69883 ], [ -121.84823, 37.69821 ] ] } },
{ "type": "Feature", "properties": { "n": "Fremont Boulevard", "h": "art" }, "geometry": { "type": "LineString", "coordinates": [ [ -121.95765, 37.52392 ], [ -121.95742, 37.52284 ], [ -121.95718, 37.52225 ] ] } },
{ "type": "Feature", "properties": { "n": "Blacow Road", "h": "col" }, "geometry": { "type": "LineString", "coordinates": [ [ -121.95533, 37.52427 ], [ -121.95695, 37.52413 ] ] } },
{ "type": "Feature", "properties": { "n": "Delaware Drive", "h": "col" }, "geometry": { "type": "LineString", "coordinates": [ [ -121.95319, 37.51977 ], [ -121.95345, 37.51967 ] ] } },
{ "type": "Feature", "properties": { "n": "Peralta Street", "h": "col" }, "geometry": { "type": "LineString", "coordinates": [ [ -122.28839, 37.81835 ], [ -122.28704, 37.82003 ] ] } },
{ "type": "Feature", "properties": { "n": "International Boulevard", "h": "art" }, "geometry": { "type": "LineString", "coordinates": [ [ -122.18354, 37.75752 ], [ -122.18294, 37.75722 ] ] } },
{ "type": "Feature", "properties": { "n": "35th Avenue", "h": "art" }, "geometry": { "type": "LineString", "coordinates": [ [ -122.22427, 37.77403 ], [ -122.22397, 37.77445 ] ] } },
{ "type": "Feature", "properties": { "n": "Hegenberger Road", "h": "art" }, "geometry": { "type": "LineString", "coordinates": [ [ -122.19636, 37.74971 ], [ -122.19642, 37.75016 ] ] } },
{ "type": "Feature", "properties": { "n": "Hegenberger Road", "h": "art" }, "geometry": { "type": "LineString", "coordinates": [ [ -122.19455, 37.7535 ], [ -122.19015, 37.75626 ] ] } },
{ "type": "Feature", "properties": { "n": "Pardee Drive", "h": "art" }, "geometry": { "type": "LineString", "coordinates": [ [ -122.20023, 37.72975 ], [ -122.2005, 37.72999 ], [ -122.20102, 37.73019 ] ] } },
{ "type": "Feature", "properties": { "n": "Bessie Coleman Drive", "h": "art" }, "geometry": { "type": "LineString", "coordinates": [ [ -122.20243, 37.71922 ], [ -122.20214, 37.71948 ] ] } },
{ "type": "Feature", "properties": { "n": "Harbor Bay Parkway", "h": "art" }, "geometry": { "type": "LineString", "coordinates": [ [ -122.22665, 37.7343 ], [ -122.22703, 37.73335 ], [ -122.2293, 37.72915 ] ] } },
{ "type": "Feature", "properties": { "n": "Harbor Bay Parkway", "h": "art" }, "geometry": { "type": "LineString", "coordinates": [ [ -122.22912, 37.7291 ], [ -122.22685, 37.73329 ], [ -122.22668, 37.73375 ] ] } },
{ "type": "Feature", "properties": { "n": "Robert Davey Junior Drive", "h": "art" }, "geometry": { "type": "LineString", "coordinates": [ [ -122.24309, 37.74407 ], [ -122.24279, 37.7443 ], [ -122.24237, 37.74452 ], [ -122.24191, 37.74465 ], [ -122.2414, 37.74469 ], [ -122.24064, 37.74457 ], [ -122.23979, 37.74419 ] ] } },
{ "type": "Feature", "properties": { "n": "Bay Edge Road", "h": "art" }, "geometry": { "type": "LineString", "coordinates": [ [ -122.25155, 37.73551 ], [ -122.25276, 37.73488 ], [ -122.25309, 37.73455 ] ] } },
{ "type": "Feature", "properties": { "n": "Island Drive", "h": "art" }, "geometry": { "type": "LineString", "coordinates": [ [ -122.23604, 37.74642 ], [ -122.23596, 37.74659 ] ] } },
{ "type": "Feature", "properties": { "n": "Maitland Drive", "h": "art" }, "geometry": { "type": "LineString", "coordinates": [ [ -122.2293, 37.72915 ], [ -122.23026, 37.72944 ], [ -122.23062, 37.72962 ], [ -122.23161, 37.73076 ] ] } },
{ "type": "Feature", "properties": { "n": "Embarcadero West", "h": "col" }, "geometry": { "type": "LineString", "coordinates": [ [ -122.28163, 37.79715 ], [ -122.27964, 37.79638 ] ] } },
{ "type": "Feature", "properties": { "n": "I 580", "h": "fwy" }, "geometry": { "type": "LineString", "coordinates": [ [ -122.21722, 37.79846 ], [ -122.21884, 37.79886 ] ] } },
{ "type": "Feature", "properties": { "n": "Willow Street", "h": "col" }, "geometry": { "type": "LineString", "coordinates": [ [ -122.05152, 37.52511 ], [ -122.05099, 37.52408 ] ] } },
{ "type": "Feature", "properties": { "n": "Lakeview Boulevard", "h": "col" }, "geometry": { "type": "LineString", "coordinates": [ [ -121.93364, 37.47619 ], [ -121.93391, 37.47638 ] ] } },
{ "type": "Feature", "properties": { "n": "Lakeview Boulevard", "h": "col" }, "geometry": { "type": "LineString", "coordinates": [ [ -121.93394, 37.47634 ], [ -121.93364, 37.47619 ] ] } },
{ "type": "Feature", "properties": { "n": "Union City Boulevard", "h": "art" }, "geometry": { "type": "LineString", "coordinates": [ [ -122.06826, 37.56571 ], [ -122.06892, 37.56611 ] ] } },
{ "type": "Feature", "properties": { "n": "Pleasanton Sunol Road", "h": "art" }, "geometry": { "type": "LineString", "coordinates": [ [ -121.87381, 37.60044 ], [ -121.87386, 37.60016 ] ] } },
{ "type": "Feature", "properties": { "n": "Pleasanton Sunol Road", "h": "art" }, "geometry": { "type": "LineString", "coordinates": [ [ -121.87464, 37.59903 ], [ -121.87524, 37.59876 ], [ -121.87578, 37.59868 ] ] } },
{ "type": "Feature", "properties": { "n": "I 680", "h": "fwy" }, "geometry": { "type": "LineString", "coordinates": [ [ -121.89192, 37.64768 ], [ -121.89228, 37.64803 ] ] } },
{ "type": "Feature", "properties": { "n": "Lake Park Avenue", "h": "art" }, "geometry": { "type": "LineString", "coordinates": [ [ -122.24703, 37.81034 ], [ -122.24725, 37.8105 ], [ -122.24741, 37.81087 ] ] } },
{ "type": "Feature", "properties": { "n": "Lake Park Avenue", "h": "art" }, "geometry": { "type": "LineString", "coordinates": [ [ -122.24709, 37.81026 ], [ -122.24636, 37.80997 ] ] } },
{ "type": "Feature", "properties": { "n": "I 880", "h": "fwy" }, "geometry": { "type": "LineString", "coordinates": [ [ -122.20752, 37.75342 ], [ -122.2079, 37.75386 ] ] } },
{ "type": "Feature", "properties": { "n": "San Leandro Street", "h": "art" }, "geometry": { "type": "LineString", "coordinates": [ [ -122.19684, 37.7534 ], [ -122.19775, 37.75421 ] ] } },
{ "type": "Feature", "properties": { "n": "Hegenberger Road", "h": "art" }, "geometry": { "type": "LineString", "coordinates": [ [ -122.19798, 37.73425 ], [ -122.19831, 37.73352 ] ] } },
{ "type": "Feature", "properties": { "n": "Hegenberger Road", "h": "art" }, "geometry": { "type": "LineString", "coordinates": [ [ -122.196, 37.74449 ], [ -122.19598, 37.74472 ] ] } },
{ "type": "Feature", "properties": { "n": "East Stanley Boulevard", "h": "art" }, "geometry": { "type": "LineString", "coordinates": [ [ -121.78527, 37.67841 ], [ -121.7862, 37.6783 ] ] } },
{ "type": "Feature", "properties": { "n": "North Mines Road", "h": "art" }, "geometry": { "type": "LineString", "coordinates": [ [ -121.74438, 37.69076 ], [ -121.74383, 37.69022 ], [ -121.74294, 37.68972 ] ] } },
{ "type": "Feature", "properties": { "n": "Patterson Pass Road", "h": "art" }, "geometry": { "type": "LineString", "coordinates": [ [ -121.73502, 37.69312 ], [ -121.73451, 37.69332 ] ] } },
{ "type": "Feature", "properties": { "n": "Dublin Boulevard", "h": "col" }, "geometry": { "type": "LineString", "coordinates": [ [ -121.938, 37.7014 ], [ -121.93679, 37.70176 ] ] } },
{ "type": "Feature", "properties": { "n": "Patterson Pass Road", "h": "art" }, "geometry": { "type": "LineString", "coordinates": [ [ -121.72168, 37.69489 ], [ -121.72361, 37.69535 ], [ -121.72456, 37.6954 ] ] } },
{ "type": "Feature", "properties": { "n": "Patterson Pass Road", "h": "art" }, "geometry": { "type": "LineString", "coordinates": [ [ -121.69798, 37.69578 ], [ -121.69694, 37.69582 ] ] } },
{ "type": "Feature", "properties": { "n": "Amador Valley Boulevard", "h": "col" }, "geometry": { "type": "LineString", "coordinates": [ [ -121.91308, 37.71811 ], [ -121.91263, 37.71838 ] ] } },
{ "type": "Feature", "properties": { "n": "Las Positas Road", "h": "art" }, "geometry": { "type": "LineString", "coordinates": [ [ -121.73771, 37.69635 ], [ -121.74054, 37.69511 ], [ -121.74077, 37.69508 ], [ -121.74117, 37.69513 ], [ -121.74152, 37.69529 ], [ -121.74172, 37.69549 ] ] } },
{ "type": "Feature", "properties": { "n": "Charlotte Way", "h": "col" }, "geometry": { "type": "LineString", "coordinates": [ [ -121.73286, 37.68804 ], [ -121.73198, 37.68766 ] ] } },
{ "type": "Feature", "properties": { "n": "Harrison Street", "h": "col" }, "geometry": { "type": "LineString", "coordinates": [ [ -122.26161, 37.81279 ], [ -122.2617, 37.81265 ] ] } },
{ "type": "Feature", "properties": { "n": "Harrison Street", "h": "col" }, "geometry": { "type": "LineString", "coordinates": [ [ -122.26288, 37.80929 ], [ -122.26275, 37.80977 ] ] } },
{ "type": "Feature", "properties": { "n": "Lakeshore Avenue", "h": "art" }, "geometry": { "type": "LineString", "coordinates": [ [ -122.24816, 37.80886 ], [ -122.24881, 37.80865 ] ] } },
{ "type": "Feature", "properties": { "n": "Lakeshore Avenue", "h": "art" }, "geometry": { "type": "LineString", "coordinates": [ [ -122.24912, 37.80816 ], [ -122.24888, 37.80838 ] ] } },
{ "type": "Feature", "properties": { "n": "Lakeshore Avenue", "h": "art" }, "geometry": { "type": "LineString", "coordinates": [ [ -122.24897, 37.80853 ], [ -122.2492, 37.8083 ] ] } },
{ "type": "Feature", "properties": { "n": "Pleasant Valley Avenue", "h": "art" }, "geometry": { "type": "LineString", "coordinates": [ [ -122.24692, 37.82987 ], [ -122.24705, 37.82997 ] ] } },
{ "type": "Feature", "properties": { "n": "Palomares Road", "h": "col" }, "geometry": { "type": "LineString", "coordinates": [ [ -122.00315, 37.67182 ], [ -122.00301, 37.67141 ], [ -122.00301, 37.67098 ], [ -122.00291, 37.67078 ] ] } },
{ "type": "Feature", "properties": { "n": "Palomares Road", "h": "col" }, "geometry": { "type": "LineString", "coordinates": [ [ -122.00274, 37.67059 ], [ -122.00218, 37.67015 ] ] } },
{ "type": "Feature", "properties": { "n": "CA 13", "h": "fwy" }, "geometry": { "type": "LineString", "coordinates": [ [ -122.21818, 37.83459 ], [ -122.21878, 37.83539 ] ] } },
{ "type": "Feature", "properties": { "n": "Martin Luther King Drive", "h": "col" }, "geometry": { "type": "LineString", "coordinates": [ [ -122.09742, 37.66448 ], [ -122.09759, 37.66461 ] ] } },
{ "type": "Feature", "properties": { "n": "Meekland Avenue", "h": "col" }, "geometry": { "type": "LineString", "coordinates": [ [ -122.09759, 37.66461 ], [ -122.0985, 37.66547 ], [ -122.0986, 37.66576 ], [ -122.0986, 37.66632 ] ] } },
{ "type": "Feature", "properties": { "n": "CA 84", "h": "fwy" }, "geometry": { "type": "LineString", "coordinates": [ [ -122.06388, 37.54318 ], [ -122.06827, 37.5399 ] ] } },
{ "type": "Feature", "properties": { "n": "CA 84", "h": "fwy" }, "geometry": { "type": "LineString", "coordinates": [ [ -122.10834, 37.51407 ], [ -122.10732, 37.5154 ], [ -122.10335, 37.52097 ], [ -122.10229, 37.52221 ], [ -122.1014, 37.52306 ], [ -122.09423, 37.52925 ], [ -122.09271, 37.53036 ], [ -122.09153, 37.53105 ], [ -122.09033, 37.53162 ], [ -122.08907, 37.53209 ], [ -122.08777, 37.53248 ], [ -122.08597, 37.53285 ], [ -122.07875, 37.53398 ], [ -122.07765, 37.53425 ], [ -122.07593, 37.53483 ] ] } },
{ "type": "Feature", "properties": { "n": "I 80", "h": "fwy" }, "geometry": { "type": "LineString", "coordinates": [ [ -122.30962, 37.82498 ], [ -122.31191, 37.82494 ] ] } },
{ "type": "Feature", "properties": { "n": "CA 92", "h": "fwy" }, "geometry": { "type": "LineString", "coordinates": [ [ -122.13086, 37.62501 ], [ -122.13922, 37.62219 ] ] } },
{ "type": "Feature", "properties": { "n": "Technology Drive", "h": "col" }, "geometry": { "type": "LineString", "coordinates": [ [ -121.95469, 37.51051 ], [ -121.95447, 37.50963 ], [ -121.95445, 37.50929 ], [ -121.95458, 37.50881 ], [ -121.95486, 37.50835 ], [ -121.95556, 37.50773 ], [ -121.95905, 37.50506 ] ] } },
{ "type": "Feature", "properties": { "n": "Industrial Parkway Southwest", "h": "art" }, "geometry": { "type": "LineString", "coordinates": [ [ -122.06214, 37.61828 ], [ -122.06205, 37.61791 ], [ -122.06216, 37.61759 ], [ -122.06395, 37.61617 ] ] } },
{ "type": "Feature", "properties": { "n": "Gateway Boulevard", "h": "col" }, "geometry": { "type": "LineString", "coordinates": [ [ -122.05988, 37.54304 ], [ -122.05982, 37.54221 ], [ -122.05992, 37.54176 ], [ -122.06013, 37.54134 ], [ -122.06065, 37.5408 ], [ -122.06236, 37.53967 ], [ -122.06273, 37.53934 ], [ -122.063, 37.53878 ], [ -122.06296, 37.53787 ] ] } },
{ "type": "Feature", "properties": { "n": "Dumbarton Circle", "h": "col" }, "geometry": { "type": "LineString", "coordinates": [ [ -122.06663, 37.54491 ], [ -122.06592, 37.5451 ] ] } },
{ "type": "Feature", "properties": { "n": "Vallecitos Road", "h": "art" }, "geometry": { "type": "LineString", "coordinates": [ [ -121.78634, 37.6463 ], [ -121.78612, 37.64641 ] ] } },
{ "type": "Feature", "properties": { "n": "Vallecitos Road", "h": "art" }, "geometry": { "type": "LineString", "coordinates": [ [ -121.78705, 37.64591 ], [ -121.78746, 37.64567 ] ] } },
{ "type": "Feature", "properties": { "n": "CA 84", "h": "fwy" }, "geometry": { "type": "LineString", "coordinates": [ [ -121.80518, 37.69694 ], [ -121.80495, 37.69756 ] ] } },
{ "type": "Feature", "properties": { "n": "CA 84", "h": "fwy" }, "geometry": { "type": "LineString", "coordinates": [ [ -121.80549, 37.69644 ], [ -121.80542, 37.69622 ] ] } },
{ "type": "Feature", "properties": { "n": "Springtown Boulevard", "h": "col" }, "geometry": { "type": "LineString", "coordinates": [ [ -121.74795, 37.71692 ], [ -121.74809, 37.71666 ] ] } },
{ "type": "Feature", "properties": { "n": "Springtown Boulevard", "h": "col" }, "geometry": { "type": "LineString", "coordinates": [ [ -121.74794, 37.71205 ], [ -121.74794, 37.71234 ] ] } },
{ "type": "Feature", "properties": { "n": "Las Positas Road", "h": "art" }, "geometry": { "type": "LineString", "coordinates": [ [ -121.74184, 37.69776 ], [ -121.74213, 37.69808 ], [ -121.74265, 37.69834 ] ] } },
{ "type": "Feature", "properties": { "n": "Springtown Boulevard", "h": "col" }, "geometry": { "type": "LineString", "coordinates": [ [ -121.74795, 37.71692 ], [ -121.74791, 37.7185 ] ] } },
{ "type": "Feature", "properties": { "n": "Southfront Road", "h": "col" }, "geometry": { "type": "LineString", "coordinates": [ [ -121.7405, 37.70013 ], [ -121.74106, 37.69973 ] ] } },
{ "type": "Feature", "properties": { "n": "Southfront Road", "h": "col" }, "geometry": { "type": "LineString", "coordinates": [ [ -121.74124, 37.69959 ], [ -121.74143, 37.69957 ], [ -121.74169, 37.69964 ] ] } },
{ "type": "Feature", "properties": { "n": "Murrieta Boulevard", "h": "art" }, "geometry": { "type": "LineString", "coordinates": [ [ -121.7848, 37.67587 ], [ -121.78442, 37.67587 ] ] } },
{ "type": "Feature", "properties": { "n": "Murrieta Boulevard", "h": "art" }, "geometry": { "type": "LineString", "coordinates": [ [ -121.7848, 37.67587 ], [ -121.78516, 37.67593 ] ] } },
{ "type": "Feature", "properties": { "n": "South Vasco Road", "h": "art" }, "geometry": { "type": "LineString", "coordinates": [ [ -121.71853, 37.68076 ], [ -121.71851, 37.68109 ] ] } },
{ "type": "Feature", "properties": { "n": "East Avenue", "h": "col" }, "geometry": { "type": "LineString", "coordinates": [ [ -121.71207, 37.6798 ], [ -121.71153, 37.6798 ] ] } },
{ "type": "Feature", "properties": { "n": "Greenville Road", "h": "art" }, "geometry": { "type": "LineString", "coordinates": [ [ -121.69663, 37.70221 ], [ -121.69664, 37.70172 ], [ -121.69692, 37.70034 ], [ -121.69698, 37.69888 ] ] } },
{ "type": "Feature", "properties": { "n": "Greenville Road", "h": "art" }, "geometry": { "type": "LineString", "coordinates": [ [ -121.69666, 37.70243 ], [ -121.69668, 37.70264 ] ] } },
{ "type": "Feature", "properties": { "n": "Las Positas Road", "h": "art" }, "geometry": { "type": "LineString", "coordinates": [ [ -121.73655, 37.69653 ], [ -121.73725, 37.69646 ] ] } },
{ "type": "Feature", "properties": { "n": "Greenville Road", "h": "col" }, "geometry": { "type": "LineString", "coordinates": [ [ -121.69694, 37.69582 ], [ -121.69677, 37.68734 ] ] } },
{ "type": "Feature", "properties": { "n": "Concannon Boulevard", "h": "art" }, "geometry": { "type": "LineString", "coordinates": [ [ -121.74978, 37.66735 ], [ -121.74975, 37.66917 ] ] } },
{ "type": "Feature", "properties": { "n": "Arroyo Road", "h": "col" }, "geometry": { "type": "LineString", "coordinates": [ [ -121.75566, 37.63193 ], [ -121.75562, 37.63174 ] ] } },
{ "type": "Feature", "properties": { "n": "Arroyo Road", "h": "col" }, "geometry": { "type": "LineString", "coordinates": [ [ -121.75615, 37.62848 ], [ -121.75683, 37.62443 ] ] } },
{ "type": "Feature", "properties": { "n": "Arroyo Road", "h": "col" }, "geometry": { "type": "LineString", "coordinates": [ [ -121.75885, 37.62254 ], [ -121.75926, 37.62207 ] ] } },
{ "type": "Feature", "properties": { "n": "Main Street", "h": "col" }, "geometry": { "type": "LineString", "coordinates": [ [ -122.29299, 37.78885 ], [ -122.29331, 37.78914 ], [ -122.29374, 37.78939 ] ] } },
{ "type": "Feature", "properties": { "n": "Main Street", "h": "col" }, "geometry": { "type": "LineString", "coordinates": [ [ -122.29609, 37.78973 ], [ -122.30089, 37.78999 ], [ -122.30216, 37.79015 ], [ -122.30239, 37.79013 ], [ -122.30257, 37.78994 ] ] } },
{ "type": "Feature", "properties": { "n": "Pardee Drive", "h": "art" }, "geometry": { "type": "LineString", "coordinates": [ [ -122.20494, 37.73279 ], [ -122.20484, 37.73267 ] ] } },
{ "type": "Feature", "properties": { "n": "Navy Way", "h": "col" }, "geometry": { "type": "LineString", "coordinates": [ [ -122.30257, 37.78994 ], [ -122.30265, 37.78968 ], [ -122.3026, 37.78963 ] ] } },
{ "type": "Feature", "properties": { "n": "Lexington Street", "h": "col" }, "geometry": { "type": "LineString", "coordinates": [ [ -122.30339, 37.78879 ], [ -122.30363, 37.78589 ] ] } },
{ "type": "Feature", "properties": { "n": "West Tower Avenue", "h": "col" }, "geometry": { "type": "LineString", "coordinates": [ [ -122.29897, 37.78296 ], [ -122.30182, 37.78311 ] ] } },
{ "type": "Feature", "properties": { "n": "Saratoga Street", "h": "col" }, "geometry": { "type": "LineString", "coordinates": [ [ -122.30196, 37.78872 ], [ -122.30214, 37.78638 ] ] } },
{ "type": "Feature", "properties": { "n": "West Atlantic Avenue", "h": "col" }, "geometry": { "type": "LineString", "coordinates": [ [ -122.29366, 37.77959 ], [ -122.29423, 37.77954 ] ] } },
{ "type": "Feature", "properties": { "n": "West Atlantic Avenue", "h": "col" }, "geometry": { "type": "LineString", "coordinates": [ [ -122.29596, 37.77983 ], [ -122.2974, 37.77992 ] ] } },
{ "type": "Feature", "properties": { "n": "Johnson Drive", "h": "col" }, "geometry": { "type": "LineString", "coordinates": [ [ -121.9069, 37.69745 ], [ -121.90629, 37.69661 ], [ -121.90613, 37.69627 ], [ -121.90607, 37.69468 ] ] } },
{ "type": "Feature", "properties": { "n": "Valley Avenue", "h": "art" }, "geometry": { "type": "LineString", "coordinates": [ [ -121.89694, 37.67594 ], [ -121.89659, 37.6763 ], [ -121.89631, 37.67647 ], [ -121.89574, 37.67662 ] ] } },
{ "type": "Feature", "properties": { "n": "Hopyard Road", "h": "art" }, "geometry": { "type": "LineString", "coordinates": [ [ -121.89706, 37.67601 ], [ -121.89993, 37.67782 ] ] } },
{ "type": "Feature", "properties": { "n": "Foothill Road", "h": "col" }, "geometry": { "type": "LineString", "coordinates": [ [ -121.87764, 37.60765 ], [ -121.87765, 37.60804 ], [ -121.87832, 37.60919 ], [ -121.87916, 37.61125 ], [ -121.87935, 37.6119 ], [ -121.8796, 37.61224 ], [ -121.88079, 37.61322 ], [ -121.88163, 37.6147 ] ] } },
{ "type": "Feature", "properties": { "n": "Foothill Road", "h": "col" }, "geometry": { "type": "LineString", "coordinates": [ [ -121.88194, 37.61528 ], [ -121.88216, 37.61571 ] ] } },
{ "type": "Feature", "properties": { "n": "Foothill Road", "h": "col" }, "geometry": { "type": "LineString", "coordinates": [ [ -121.88226, 37.61593 ], [ -121.88231, 37.61639 ] ] } },
{ "type": "Feature", "properties": { "n": "Foothill Road", "h": "col" }, "geometry": { "type": "LineString", "coordinates": [ [ -121.88321, 37.62001 ], [ -121.8831, 37.62208 ], [ -121.88293, 37.62365 ], [ -121.88298, 37.62467 ], [ -121.88358, 37.62588 ] ] } },
{ "type": "Feature", "properties": { "n": "35th Avenue", "h": "art" }, "geometry": { "type": "LineString", "coordinates": [ [ -122.22267, 37.77651 ], [ -122.22289, 37.77624 ] ] } },
{ "type": "Feature", "properties": { "n": "Fruitvale Avenue", "h": "art" }, "geometry": { "type": "LineString", "coordinates": [ [ -122.22228, 37.78496 ], [ -122.22158, 37.78672 ] ] } },
{ "type": "Feature", "properties": { "n": "East 12th Street", "h": "art" }, "geometry": { "type": "LineString", "coordinates": [ [ -122.22656, 37.77641 ], [ -122.22829, 37.77725 ] ] } },
{ "type": "Feature", "properties": { "n": "Marina Village Parkway", "h": "col" }, "geometry": { "type": "LineString", "coordinates": [ [ -122.27613, 37.788 ], [ -122.27561, 37.78781 ] ] } },
{ "type": "Feature", "properties": { "n": "Mariner Square Loop", "h": "col" }, "geometry": { "type": "LineString", "coordinates": [ [ -122.27729, 37.78825 ], [ -122.27719, 37.78816 ], [ -122.27695, 37.78807 ] ] } },
{ "type": "Feature", "properties": { "n": "Mariner Square Loop", "h": "col" }, "geometry": { "type": "LineString", "coordinates": [ [ -122.27662, 37.78813 ], [ -122.27703, 37.7882 ] ] } },
{ "type": "Feature", "properties": { "n": "Edgewater Drive", "h": "col" }, "geometry": { "type": "LineString", "coordinates": [ [ -122.20182, 37.74055 ], [ -122.20429, 37.74336 ] ] } },
{ "type": "Feature", "properties": { "n": "Mowry School Road", "h": "col" }, "geometry": { "type": "LineString", "coordinates": [ [ -121.99316, 37.5199 ], [ -121.99368, 37.51923 ] ] } },
{ "type": "Feature", "properties": { "n": "Cushing Parkway", "h": "art" }, "geometry": { "type": "LineString", "coordinates": [ [ -121.96056, 37.4897 ], [ -121.95892, 37.48928 ], [ -121.95781, 37.48927 ] ] } },
{ "type": "Feature", "properties": { "n": "Cushing Parkway", "h": "art" }, "geometry": { "type": "LineString", "coordinates": [ [ -121.94954, 37.49037 ], [ -121.9487, 37.49053 ] ] } },
{ "type": "Feature", "properties": { "n": "Cushing Parkway", "h": "art" }, "geometry": { "type": "LineString", "coordinates": [ [ -121.95239, 37.48996 ], [ -121.95311, 37.48986 ] ] } },
{ "type": "Feature", "properties": { "n": "Cushing Parkway", "h": "art" }, "geometry": { "type": "LineString", "coordinates": [ [ -121.94849, 37.49062 ], [ -121.94876, 37.49065 ] ] } },
{ "type": "Feature", "properties": { "n": "Cushing Parkway", "h": "art" }, "geometry": { "type": "LineString", "coordinates": [ [ -121.96629, 37.49257 ], [ -121.96596, 37.49238 ] ] } },
{ "type": "Feature", "properties": { "n": "Lakeview Boulevard", "h": "col" }, "geometry": { "type": "LineString", "coordinates": [ [ -121.93034, 37.46977 ], [ -121.93306, 37.47527 ], [ -121.93339, 37.4759 ], [ -121.93364, 37.47619 ] ] } },
{ "type": "Feature", "properties": { "n": "Old Warm Springs Boulevard", "h": "col" }, "geometry": { "type": "LineString", "coordinates": [ [ -121.94972, 37.50911 ], [ -121.9493, 37.50914 ] ] } },
{ "type": "Feature", "properties": { "n": "Cherry Street", "h": "col" }, "geometry": { "type": "LineString", "coordinates": [ [ -122.04016, 37.53624 ], [ -122.03999, 37.53615 ] ] } },
{ "type": "Feature", "properties": { "n": "Cherry Street", "h": "col" }, "geometry": { "type": "LineString", "coordinates": [ [ -122.03995, 37.53613 ], [ -122.03828, 37.53528 ] ] } },
{ "type": "Feature", "properties": { "n": "Stevenson Boulevard", "h": "art" }, "geometry": { "type": "LineString", "coordinates": [ [ -121.99679, 37.50696 ], [ -121.99665, 37.50723 ] ] } },
{ "type": "Feature", "properties": { "n": "Industrial Parkway West", "h": "art" }, "geometry": { "type": "LineString", "coordinates": [ [ -122.07299, 37.61743 ], [ -122.07241, 37.61743 ] ] } },
{ "type": "Feature", "properties": { "n": "San Leandro Street", "h": "art" }, "geometry": { "type": "LineString", "coordinates": [ [ -122.21715, 37.77062 ], [ -122.2142, 37.7682 ] ] } },
{ "type": "Feature", "properties": { "n": "San Leandro Street", "h": "art" }, "geometry": { "type": "LineString", "coordinates": [ [ -122.22702, 37.7753 ], [ -122.22682, 37.77523 ] ] } },
{ "type": "Feature", "properties": { "n": "International Boulevard", "h": "art" }, "geometry": { "type": "LineString", "coordinates": [ [ -122.21816, 37.77388 ], [ -122.21772, 37.77366 ] ] } },
{ "type": "Feature", "properties": { "n": "Bancroft Avenue", "h": "col" }, "geometry": { "type": "LineString", "coordinates": [ [ -122.21212, 37.77269 ], [ -122.21054, 37.77197 ], [ -122.20983, 37.77178 ] ] } },
{ "type": "Feature", "properties": { "n": "Fruitvale Avenue", "h": "art" }, "geometry": { "type": "LineString", "coordinates": [ [ -122.21726, 37.79758 ], [ -122.2171, 37.79793 ] ] } },
{ "type": "Feature", "properties": { "n": "Fruitvale Avenue", "h": "art" }, "geometry": { "type": "LineString", "coordinates": [ [ -122.21694, 37.79869 ], [ -122.21723, 37.79796 ] ] } },
{ "type": "Feature", "properties": { "n": "Fruitvale Avenue", "h": "art" }, "geometry": { "type": "LineString", "coordinates": [ [ -122.21628, 37.80008 ], [ -122.21668, 37.79908 ] ] } },
{ "type": "Feature", "properties": { "n": "Bancroft Avenue", "h": "art" }, "geometry": { "type": "LineString", "coordinates": [ [ -122.17097, 37.76078 ], [ -122.17214, 37.76183 ] ] } },
{ "type": "Feature", "properties": { "n": "CA 84", "h": "fwy" }, "geometry": { "type": "LineString", "coordinates": [ [ -121.80567, 37.65467 ], [ -121.80567, 37.6541 ] ] } },
{ "type": "Feature", "properties": { "n": "West Jackson Street", "h": "art" }, "geometry": { "type": "LineString", "coordinates": [ [ -122.0866, 37.65812 ], [ -122.08561, 37.65987 ] ] } },
{ "type": "Feature", "properties": { "n": "Santa Rita Road", "h": "art" }, "geometry": { "type": "LineString", "coordinates": [ [ -121.87861, 37.69168 ], [ -121.87853, 37.69045 ] ] } },
{ "type": "Feature", "properties": { "n": "I 80", "h": "fwy" }, "geometry": { "type": "LineString", "coordinates": [ [ -122.29553, 37.8273 ], [ -122.29507, 37.82753 ], [ -122.29458, 37.82789 ], [ -122.29396, 37.82867 ] ] } },
{ "type": "Feature", "properties": { "n": "I 80", "h": "fwy" }, "geometry": { "type": "LineString", "coordinates": [ [ -122.29396, 37.82867 ], [ -122.29376, 37.82904 ], [ -122.2936, 37.82958 ] ] } },
{ "type": "Feature", "properties": { "n": "I 580", "h": "fwy" }, "geometry": { "type": "LineString", "coordinates": [ [ -122.31197, 37.89742 ], [ -122.31006, 37.89498 ] ] } },
{ "type": "Feature", "properties": { "n": "I 880", "h": "fwy" }, "geometry": { "type": "LineString", "coordinates": [ [ -122.14202, 37.69361 ], [ -122.14329, 37.69449 ] ] } },
{ "type": "Feature", "properties": { "n": "I 880", "h": "fwy" }, "geometry": { "type": "LineString", "coordinates": [ [ -122.15288, 37.70112 ], [ -122.15314, 37.7013 ] ] } },
{ "type": "Feature", "properties": { "n": "Embarcadero West", "h": "art" }, "geometry": { "type": "LineString", "coordinates": [ [ -122.26753, 37.79157 ], [ -122.26785, 37.79158 ], [ -122.26804, 37.79166 ] ] } },
{ "type": "Feature", "properties": { "n": "Stevenson Boulevard", "h": "art" }, "geometry": { "type": "LineString", "coordinates": [ [ -121.95708, 37.56082 ], [ -121.95734, 37.56084 ] ] } },
{ "type": "Feature", "properties": { "n": "Fremont Boulevard", "h": "art" }, "geometry": { "type": "LineString", "coordinates": [ [ -121.95678, 37.52172 ], [ -121.95675, 37.52179 ], [ -121.95726, 37.52275 ], [ -121.95733, 37.52309 ] ] } },
{ "type": "Feature", "properties": { "n": "Driscoll Road", "h": "col" }, "geometry": { "type": "LineString", "coordinates": [ [ -121.94371, 37.54604 ], [ -121.94418, 37.54555 ] ] } },
{ "type": "Feature", "properties": { "n": "Whitman Street", "h": "col" }, "geometry": { "type": "LineString", "coordinates": [ [ -122.06963, 37.64956 ], [ -122.0686, 37.64819 ] ] } },
{ "type": "Feature", "properties": { "n": "West Tennyson Road", "h": "art" }, "geometry": { "type": "LineString", "coordinates": [ [ -122.07021, 37.63168 ], [ -122.07167, 37.63156 ] ] } },
{ "type": "Feature", "properties": { "n": "West Tennyson Road", "h": "art" }, "geometry": { "type": "LineString", "coordinates": [ [ -122.06905, 37.63167 ], [ -122.06815, 37.63205 ] ] } },
{ "type": "Feature", "properties": { "n": "Huntwood Avenue", "h": "col" }, "geometry": { "type": "LineString", "coordinates": [ [ -122.05613, 37.62108 ], [ -122.05659, 37.62143 ] ] } },
{ "type": "Feature", "properties": { "n": "CA 92", "h": "fwy" }, "geometry": { "type": "LineString", "coordinates": [ [ -122.15049, 37.61818 ], [ -122.14831, 37.61896 ] ] } },
{ "type": "Feature", "properties": { "n": "San Leandro Street", "h": "art" }, "geometry": { "type": "LineString", "coordinates": [ [ -122.19882, 37.75518 ], [ -122.19995, 37.75618 ] ] } },
{ "type": "Feature", "properties": { "n": "San Leandro Street", "h": "art" }, "geometry": { "type": "LineString", "coordinates": [ [ -122.2003, 37.75643 ], [ -122.19924, 37.75541 ] ] } },
{ "type": "Feature", "properties": { "n": "San Leandro Street", "h": "art" }, "geometry": { "type": "LineString", "coordinates": [ [ -122.19892, 37.75511 ], [ -122.19757, 37.75391 ] ] } },
{ "type": "Feature", "properties": { "n": "Dixon Landing Road", "h": "art" }, "geometry": { "type": "LineString", "coordinates": [ [ -121.92565, 37.45476 ], [ -121.92491, 37.45455 ] ] } },
{ "type": "Feature", "properties": { "n": "Dougherty Road", "h": "art" }, "geometry": { "type": "LineString", "coordinates": [ [ -121.91043, 37.70627 ], [ -121.91026, 37.7056 ] ] } },
{ "type": "Feature", "properties": { "n": "Hopyard Road", "h": "art" }, "geometry": { "type": "LineString", "coordinates": [ [ -121.90378, 37.69273 ], [ -121.9038, 37.69158 ] ] } },
{ "type": "Feature", "properties": { "n": "Hopyard Road", "h": "art" }, "geometry": { "type": "LineString", "coordinates": [ [ -121.90446, 37.69857 ], [ -121.90394, 37.69795 ], [ -121.90376, 37.69755 ], [ -121.90371, 37.69724 ] ] } },
{ "type": "Feature", "properties": { "n": "Hopyard Road", "h": "art" }, "geometry": { "type": "LineString", "coordinates": [ [ -121.90404, 37.68189 ], [ -121.90406, 37.68131 ], [ -121.90393, 37.68083 ] ] } },
{ "type": "Feature", "properties": { "n": "Hopyard Road", "h": "art" }, "geometry": { "type": "LineString", "coordinates": [ [ -121.90438, 37.69875 ], [ -121.9055, 37.70013 ] ] } },
{ "type": "Feature", "properties": { "n": "Hopyard Road", "h": "art" }, "geometry": { "type": "LineString", "coordinates": [ [ -121.90362, 37.68812 ], [ -121.90358, 37.69158 ] ] } },
{ "type": "Feature", "properties": { "n": "Hopyard Road", "h": "art" }, "geometry": { "type": "LineString", "coordinates": [ [ -121.90349, 37.69636 ], [ -121.90348, 37.69709 ], [ -121.90357, 37.69759 ], [ -121.90379, 37.69805 ] ] } },
{ "type": "Feature", "properties": { "n": "Hopyard Road", "h": "art" }, "geometry": { "type": "LineString", "coordinates": [ [ -121.90169, 37.67874 ], [ -121.90084, 37.6782 ] ] } },
{ "type": "Feature", "properties": { "n": "Owens Drive", "h": "col" }, "geometry": { "type": "LineString", "coordinates": [ [ -121.901, 37.69987 ], [ -121.90017, 37.69984 ] ] } },
{ "type": "Feature", "properties": { "n": "Owens Drive", "h": "col" }, "geometry": { "type": "LineString", "coordinates": [ [ -121.90446, 37.69857 ], [ -121.90429, 37.69865 ] ] } },
{ "type": "Feature", "properties": { "n": "Industrial Parkway", "h": "art" }, "geometry": { "type": "LineString", "coordinates": [ [ -122.05076, 37.6267 ], [ -122.05197, 37.62571 ] ] } },
{ "type": "Feature", "properties": { "n": "Paseo Padre Parkway", "h": "art" }, "geometry": { "type": "LineString", "coordinates": [ [ -121.95415, 37.54177 ], [ -121.9519, 37.54238 ], [ -121.95124, 37.54243 ], [ -121.95044, 37.54235 ] ] } },
{ "type": "Feature", "properties": { "n": "West Las Positas Boulevard", "h": "art" }, "geometry": { "type": "LineString", "coordinates": [ [ -121.88194, 37.69148 ], [ -121.88207, 37.69138 ] ] } },
{ "type": "Feature", "properties": { "n": "Dublin Canyon Road", "h": "art" }, "geometry": { "type": "LineString", "coordinates": [ [ -121.94139, 37.6978 ], [ -121.94105, 37.69781 ] ] } },
{ "type": "Feature", "properties": { "n": "Harrison Street", "h": "col" }, "geometry": { "type": "LineString", "coordinates": [ [ -122.26248, 37.81048 ], [ -122.26236, 37.81075 ] ] } },
{ "type": "Feature", "properties": { "n": "Harrison Street", "h": "col" }, "geometry": { "type": "LineString", "coordinates": [ [ -122.26304, 37.80888 ], [ -122.26288, 37.80929 ] ] } },
{ "type": "Feature", "properties": { "n": "Central Avenue", "h": "col" }, "geometry": { "type": "LineString", "coordinates": [ [ -122.2303, 37.75706 ], [ -122.2273, 37.75497 ] ] } },
{ "type": "Feature", "properties": { "n": "Fernside Boulevard", "h": "art" }, "geometry": { "type": "LineString", "coordinates": [ [ -122.23475, 37.7514 ], [ -122.23407, 37.75149 ], [ -122.2335, 37.75171 ], [ -122.23214, 37.75287 ] ] } },
{ "type": "Feature", "properties": { "n": "Fernside Boulevard", "h": "art" }, "geometry": { "type": "LineString", "coordinates": [ [ -122.23494, 37.75144 ], [ -122.23545, 37.75126 ] ] } },
{ "type": "Feature", "properties": { "n": "Fruitvale Avenue", "h": "art" }, "geometry": { "type": "LineString", "coordinates": [ [ -122.22729, 37.77476 ], [ -122.22702, 37.7753 ] ] } },
{ "type": "Feature", "properties": { "n": "CA 92", "h": "fwy" }, "geometry": { "type": "LineString", "coordinates": [ [ -122.14831, 37.61896 ], [ -122.13056, 37.6249 ] ] } },
{ "type": "Feature", "properties": { "n": "CA 92", "h": "fwy" }, "geometry": { "type": "LineString", "coordinates": [ [ -122.14905, 37.6189 ], [ -122.15061, 37.61849 ] ] } },
{ "type": "Feature", "properties": { "n": "West Jackson Street", "h": "art" }, "geometry": { "type": "LineString", "coordinates": [ [ -122.0858, 37.65994 ], [ -122.0864, 37.65881 ] ] } },
{ "type": "Feature", "properties": { "n": "San Ramon Road", "h": "art" }, "geometry": { "type": "LineString", "coordinates": [ [ -121.93683, 37.70557 ], [ -121.93638, 37.70361 ] ] } },
{ "type": "Feature", "properties": { "n": "Eastshore Highway", "h": "col" }, "geometry": { "type": "LineString", "coordinates": [ [ -122.30821, 37.88452 ], [ -122.30777, 37.88196 ] ] } },
{ "type": "Feature", "properties": { "n": "Eastshore Highway", "h": "col" }, "geometry": { "type": "LineString", "coordinates": [ [ -122.308, 37.88627 ], [ -122.30811, 37.88594 ] ] } },
{ "type": "Feature", "properties": { "n": "West Las Positas Boulevard", "h": "art" }, "geometry": { "type": "LineString", "coordinates": [ [ -121.89458, 37.68502 ], [ -121.89836, 37.68381 ] ] } },
{ "type": "Feature", "properties": { "n": "West Las Positas Boulevard", "h": "art" }, "geometry": { "type": "LineString", "coordinates": [ [ -121.8944, 37.68491 ], [ -121.89326, 37.68534 ] ] } },
{ "type": "Feature", "properties": { "n": "West Las Positas Boulevard", "h": "art" }, "geometry": { "type": "LineString", "coordinates": [ [ -121.90333, 37.68173 ], [ -121.90299, 37.68172 ], [ -121.90248, 37.68183 ], [ -121.90026, 37.68286 ] ] } },
{ "type": "Feature", "properties": { "n": "Willow Road", "h": "col" }, "geometry": { "type": "LineString", "coordinates": [ [ -121.89821, 37.69594 ], [ -121.89819, 37.69655 ], [ -121.89824, 37.6966 ] ] } },
{ "type": "Feature", "properties": { "n": "Hopyard Road", "h": "art" }, "geometry": { "type": "LineString", "coordinates": [ [ -121.90666, 37.70124 ], [ -121.90599, 37.70038 ] ] } },
{ "type": "Feature", "properties": { "n": "Oakport Street", "h": "art" }, "geometry": { "type": "LineString", "coordinates": [ [ -122.20761, 37.75266 ], [ -122.20724, 37.7523 ] ] } },
{ "type": "Feature", "properties": { "n": "Oakport Street", "h": "art" }, "geometry": { "type": "LineString", "coordinates": [ [ -122.19832, 37.74079 ], [ -122.19884, 37.74036 ] ] } },
{ "type": "Feature", "properties": { "n": "Hegenberger Road", "h": "art" }, "geometry": { "type": "LineString", "coordinates": [ [ -122.19885, 37.73235 ], [ -122.19909, 37.73184 ] ] } },
{ "type": "Feature", "properties": { "n": "Amador Plaza Road", "h": "col" }, "geometry": { "type": "LineString", "coordinates": [ [ -121.92814, 37.70572 ], [ -121.93006, 37.70801 ] ] } },
{ "type": "Feature", "properties": { "n": "Amador Plaza Road", "h": "col" }, "geometry": { "type": "LineString", "coordinates": [ [ -121.92616, 37.70338 ], [ -121.9265, 37.70377 ], [ -121.92699, 37.70415 ] ] } },
{ "type": "Feature", "properties": { "n": "I 238", "h": "fwy" }, "geometry": { "type": "LineString", "coordinates": [ [ -122.13642, 37.69 ], [ -122.13524, 37.69013 ] ] } },
{ "type": "Feature", "properties": { "n": "Dublin Boulevard", "h": "col" }, "geometry": { "type": "LineString", "coordinates": [ [ -121.93849, 37.70137 ], [ -121.93884, 37.70125 ] ] } },
{ "type": "Feature", "properties": { "n": "Fruitvale Avenue", "h": "col" }, "geometry": { "type": "LineString", "coordinates": [ [ -122.21617, 37.80036 ], [ -122.21593, 37.80093 ] ] } },
{ "type": "Feature", "properties": { "n": "Elmwood Avenue", "h": "art" }, "geometry": { "type": "LineString", "coordinates": [ [ -122.22851, 37.77311 ], [ -122.22809, 37.77296 ] ] } },
{ "type": "Feature", "properties": { "n": "5th Street", "h": "col" }, "geometry": { "type": "LineString", "coordinates": [ [ -122.2941, 37.80382 ], [ -122.29302, 37.80357 ] ] } },
{ "type": "Feature", "properties": { "n": "Old Warm Springs Boulevard", "h": "col" }, "geometry": { "type": "LineString", "coordinates": [ [ -121.9493, 37.50914 ], [ -121.9491, 37.5091 ], [ -121.94885, 37.50896 ], [ -121.94695, 37.5073 ] ] } },
{ "type": "Feature", "properties": { "n": "Warm Springs Boulevard", "h": "art" }, "geometry": { "type": "LineString", "coordinates": [ [ -121.93305, 37.49519 ], [ -121.93268, 37.49488 ] ] } },
{ "type": "Feature", "properties": { "n": "Wilma Chan Way", "h": "art" }, "geometry": { "type": "LineString", "coordinates": [ [ -122.2751, 37.78151 ], [ -122.27505, 37.78128 ] ] } },
{ "type": "Feature", "properties": { "n": "Hegenberger Road", "h": "art" }, "geometry": { "type": "LineString", "coordinates": [ [ -122.19997, 37.72987 ], [ -122.19906, 37.73151 ] ] } },
{ "type": "Feature", "properties": { "n": "Mariner Square Loop", "h": "col" }, "geometry": { "type": "LineString", "coordinates": [ [ -122.27819, 37.78869 ], [ -122.27729, 37.78825 ] ] } },
{ "type": "Feature", "properties": { "n": "Swan Way", "h": "art" }, "geometry": { "type": "LineString", "coordinates": [ [ -122.20761, 37.72953 ], [ -122.20676, 37.7305 ], [ -122.20674, 37.73066 ] ] } },
{ "type": "Feature", "properties": { "n": "Webster Street", "h": "art" }, "geometry": { "type": "LineString", "coordinates": [ [ -122.27663, 37.78164 ], [ -122.27659, 37.78027 ] ] } },
{ "type": "Feature", "properties": { "n": "Webster Street", "h": "art" }, "geometry": { "type": "LineString", "coordinates": [ [ -122.27652, 37.78403 ], [ -122.2766, 37.78554 ] ] } },
{ "type": "Feature", "properties": { "n": "International Boulevard", "h": "art" }, "geometry": { "type": "LineString", "coordinates": [ [ -122.2162, 37.77292 ], [ -122.21538, 37.77252 ] ] } },
{ "type": "Feature", "properties": { "n": "CA 84", "h": "fwy" }, "geometry": { "type": "LineString", "coordinates": [ [ -121.80542, 37.69622 ], [ -121.80529, 37.69649 ] ] } },
{ "type": "Feature", "properties": { "n": "Paseo Padre Parkway", "h": "art" }, "geometry": { "type": "LineString", "coordinates": [ [ -122.06806, 37.54157 ], [ -122.0676, 37.54066 ] ] } },
{ "type": "Feature", "properties": { "n": "Thornton Avenue", "h": "art" }, "geometry": { "type": "LineString", "coordinates": [ [ -122.06727, 37.54001 ], [ -122.06666, 37.5388 ] ] } },
{ "type": "Feature", "properties": { "n": "CA 84", "h": "fwy" }, "geometry": { "type": "LineString", "coordinates": [ [ -122.06656, 37.54085 ], [ -122.06307, 37.54349 ] ] } },
{ "type": "Feature", "properties": { "n": "University Avenue", "h": "col" }, "geometry": { "type": "LineString", "coordinates": [ [ -122.30611, 37.86613 ], [ -122.30568, 37.86624 ] ] } },
{ "type": "Feature", "properties": { "n": "West Jack London Boulevard", "h": "art" }, "geometry": { "type": "LineString", "coordinates": [ [ -121.83953, 37.69503 ], [ -121.83992, 37.69524 ] ] } },
{ "type": "Feature", "properties": { "n": "Broadway", "h": "col" }, "geometry": { "type": "LineString", "coordinates": [ [ -122.23112, 37.84865 ], [ -122.23095, 37.84866 ] ] } },
{ "type": "Feature", "properties": { "n": "West Jack London Boulevard", "h": "art" }, "geometry": { "type": "LineString", "coordinates": [ [ -121.83077, 37.69143 ], [ -121.82993, 37.69143 ], [ -121.82941, 37.69135 ], [ -121.82904, 37.69122 ], [ -121.8285, 37.69083 ], [ -121.82808, 37.69026 ], [ -121.82785, 37.69006 ], [ -121.82751, 37.68985 ], [ -121.82691, 37.68967 ], [ -121.81951, 37.68957 ] ] } },
{ "type": "Feature", "properties": { "n": "Redwood Road", "h": "art" }, "geometry": { "type": "LineString", "coordinates": [ [ -122.07357, 37.68554 ], [ -122.07365, 37.68539 ] ] } },
{ "type": "Feature", "properties": { "n": "Kato Road", "h": "col" }, "geometry": { "type": "LineString", "coordinates": [ [ -121.92453, 37.46127 ], [ -121.92791, 37.4679 ] ] } },
{ "type": "Feature", "properties": { "n": "Willie Stargell Avenue", "h": "col" }, "geometry": { "type": "LineString", "coordinates": [ [ -122.2765, 37.7834 ], [ -122.27714, 37.78345 ], [ -122.27742, 37.78353 ] ] } },
{ "type": "Feature", "properties": { "n": "West Midway Avenue", "h": "col" }, "geometry": { "type": "LineString", "coordinates": [ [ -122.30086, 37.78573 ], [ -122.29965, 37.78567 ] ] } },
{ "type": "Feature", "properties": { "n": "Fruitvale Avenue", "h": "art" }, "geometry": { "type": "LineString", "coordinates": [ [ -122.22702, 37.7753 ], [ -122.22688, 37.7756 ] ] } },
{ "type": "Feature", "properties": { "n": "San Leandro Street", "h": "art" }, "geometry": { "type": "LineString", "coordinates": [ [ -122.22526, 37.7745 ], [ -122.22427, 37.77403 ] ] } },
{ "type": "Feature", "properties": { "n": "San Leandro Street", "h": "art" }, "geometry": { "type": "LineString", "coordinates": [ [ -122.22427, 37.77403 ], [ -122.22244, 37.77315 ] ] } },
{ "type": "Feature", "properties": { "n": "Main Street", "h": "col" }, "geometry": { "type": "LineString", "coordinates": [ [ -122.2914, 37.78554 ], [ -122.29143, 37.78621 ], [ -122.29163, 37.78687 ] ] } },
{ "type": "Feature", "properties": { "n": "Mandela Parkway", "h": "art" }, "geometry": { "type": "LineString", "coordinates": [ [ -122.28909, 37.81748 ], [ -122.28906, 37.81893 ] ] } },
{ "type": "Feature", "properties": { "n": "Mandela Parkway", "h": "art" }, "geometry": { "type": "LineString", "coordinates": [ [ -122.289, 37.81958 ], [ -122.28898, 37.81983 ] ] } },
{ "type": "Feature", "properties": { "n": "Mandela Parkway", "h": "art" }, "geometry": { "type": "LineString", "coordinates": [ [ -122.28963, 37.81683 ], [ -122.28975, 37.81618 ], [ -122.29008, 37.81526 ] ] } },
{ "type": "Feature", "properties": { "n": "Mandela Parkway", "h": "art" }, "geometry": { "type": "LineString", "coordinates": [ [ -122.2895, 37.81812 ], [ -122.28962, 37.81698 ] ] } },
{ "type": "Feature", "properties": { "n": "Mandela Parkway", "h": "art" }, "geometry": { "type": "LineString", "coordinates": [ [ -122.28972, 37.81519 ], [ -122.28925, 37.81658 ], [ -122.28909, 37.81748 ] ] } },
{ "type": "Feature", "properties": { "n": "Marina Village Parkway", "h": "col" }, "geometry": { "type": "LineString", "coordinates": [ [ -122.27533, 37.78771 ], [ -122.27584, 37.78802 ] ] } },
{ "type": "Feature", "properties": { "n": "Webster Street", "h": "art" }, "geometry": { "type": "LineString", "coordinates": [ [ -122.27688, 37.78422 ], [ -122.27668, 37.78343 ] ] } },
{ "type": "Feature", "properties": { "n": "Webster Street", "h": "art" }, "geometry": { "type": "LineString", "coordinates": [ [ -122.2766, 37.78554 ], [ -122.27662, 37.78614 ] ] } },
{ "type": "Feature", "properties": { "n": "Webster Street", "h": "art" }, "geometry": { "type": "LineString", "coordinates": [ [ -122.27658, 37.77909 ], [ -122.27655, 37.77963 ] ] } },
{ "type": "Feature", "properties": { "n": "West Tower Avenue", "h": "col" }, "geometry": { "type": "LineString", "coordinates": [ [ -122.30182, 37.78311 ], [ -122.3024, 37.78314 ] ] } },
{ "type": "Feature", "properties": { "n": "West Tower Avenue", "h": "col" }, "geometry": { "type": "LineString", "coordinates": [ [ -122.3024, 37.78314 ], [ -122.30277, 37.78316 ] ] } },
{ "type": "Feature", "properties": { "n": "20th Street", "h": "col" }, "geometry": { "type": "LineString", "coordinates": [ [ -122.29071, 37.81543 ], [ -122.28972, 37.81519 ] ] } },
{ "type": "Feature", "properties": { "n": "East 12th Street", "h": "art" }, "geometry": { "type": "LineString", "coordinates": [ [ -122.22784, 37.7767 ], [ -122.22719, 37.77637 ], [ -122.22659, 37.77625 ] ] } },
{ "type": "Feature", "properties": { "n": "Fruitvale Avenue", "h": "art" }, "geometry": { "type": "LineString", "coordinates": [ [ -122.2267, 37.77595 ], [ -122.22657, 37.77621 ] ] } },
{ "type": "Feature", "properties": { "n": "Fruitvale Avenue", "h": "art" }, "geometry": { "type": "LineString", "coordinates": [ [ -122.21981, 37.79116 ], [ -122.21897, 37.79328 ] ] } },
{ "type": "Feature", "properties": { "n": "International Boulevard", "h": "art" }, "geometry": { "type": "LineString", "coordinates": [ [ -122.21554, 37.77274 ], [ -122.21609, 37.773 ] ] } },
{ "type": "Feature", "properties": { "n": "San Leandro Street", "h": "art" }, "geometry": { "type": "LineString", "coordinates": [ [ -122.22244, 37.77315 ], [ -122.21869, 37.77136 ] ] } },
{ "type": "Feature", "properties": { "n": "35th Avenue", "h": "art" }, "geometry": { "type": "LineString", "coordinates": [ [ -122.22272, 37.77616 ], [ -122.22267, 37.77651 ] ] } },
{ "type": "Feature", "properties": { "n": "Embarcadero West", "h": "col" }, "geometry": { "type": "LineString", "coordinates": [ [ -122.27131, 37.79307 ], [ -122.27205, 37.79336 ] ] } },
{ "type": "Feature", "properties": { "n": "Foothill Boulevard", "h": "art" }, "geometry": { "type": "LineString", "coordinates": [ [ -122.21099, 37.77429 ], [ -122.21083, 37.77421 ] ] } },
{ "type": "Feature", "properties": { "n": "Stoneridge Drive", "h": "art" }, "geometry": { "type": "LineString", "coordinates": [ [ -121.84826, 37.69741 ], [ -121.84914, 37.69743 ] ] } },
{ "type": "Feature", "properties": { "n": "Osgood Road", "h": "art" }, "geometry": { "type": "LineString", "coordinates": [ [ -121.94009, 37.51045 ], [ -121.9402, 37.51079 ] ] } },
{ "type": "Feature", "properties": { "n": "Osgood Road", "h": "art" }, "geometry": { "type": "LineString", "coordinates": [ [ -121.95028, 37.52699 ], [ -121.95077, 37.52781 ] ] } },
{ "type": "Feature", "properties": { "n": "Mariner Square Loop", "h": "col" }, "geometry": { "type": "LineString", "coordinates": [ [ -122.2785, 37.78638 ], [ -122.27862, 37.78737 ], [ -122.27854, 37.78788 ], [ -122.27837, 37.78834 ] ] } },
{ "type": "Feature", "properties": { "n": "24th Street", "h": "col" }, "geometry": { "type": "LineString", "coordinates": [ [ -122.28911, 37.81823 ], [ -122.2893, 37.81822 ], [ -122.2895, 37.81812 ] ] } },
{ "type": "Feature", "properties": { "n": "D Street", "h": "art" }, "geometry": { "type": "LineString", "coordinates": [ [ -122.07575, 37.67429 ], [ -122.07558, 37.67442 ] ] } },
{ "type": "Feature", "properties": { "n": "Laguna Creek Lane", "h": "col" }, "geometry": { "type": "LineString", "coordinates": [ [ -121.89062, 37.65134 ], [ -121.89123, 37.64974 ], [ -121.89247, 37.64815 ] ] } },
{ "type": "Feature", "properties": { "n": "Laguna Creek Lane", "h": "col" }, "geometry": { "type": "LineString", "coordinates": [ [ -121.89319, 37.64732 ], [ -121.89345, 37.64704 ] ] } },
{ "type": "Feature", "properties": { "n": "Hegenberger Road", "h": "art" }, "geometry": { "type": "LineString", "coordinates": [ [ -122.19657, 37.75027 ], [ -122.19657, 37.74985 ] ] } },
{ "type": "Feature", "properties": { "n": "Hegenberger Road", "h": "art" }, "geometry": { "type": "LineString", "coordinates": [ [ -122.19638, 37.75141 ], [ -122.19649, 37.75103 ] ] } },
{ "type": "Feature", "properties": { "n": "Hegenberger Road", "h": "art" }, "geometry": { "type": "LineString", "coordinates": [ [ -122.19636, 37.75091 ], [ -122.19627, 37.75127 ] ] } },
{ "type": "Feature", "properties": { "n": "Grove Way", "h": "art" }, "geometry": { "type": "LineString", "coordinates": [ [ -122.08154, 37.68432 ], [ -122.07994, 37.68428 ] ] } },
{ "type": "Feature", "properties": { "n": "Grove Way", "h": "art" }, "geometry": { "type": "LineString", "coordinates": [ [ -122.07645, 37.6842 ], [ -122.07535, 37.68417 ] ] } },
{ "type": "Feature", "properties": { "n": "East Warren Avenue", "h": "art" }, "geometry": { "type": "LineString", "coordinates": [ [ -121.9316, 37.48562 ], [ -121.93142, 37.48569 ] ] } },
{ "type": "Feature", "properties": { "n": "West A Street", "h": "art" }, "geometry": { "type": "LineString", "coordinates": [ [ -122.1133, 37.66604 ], [ -122.11521, 37.66593 ] ] } },
{ "type": "Feature", "properties": { "n": "West A Street", "h": "col" }, "geometry": { "type": "LineString", "coordinates": [ [ -122.12006, 37.66497 ], [ -122.11967, 37.66496 ], [ -122.11917, 37.66507 ] ] } },
{ "type": "Feature", "properties": { "n": "Sullivan Underpass", "h": "art" }, "geometry": { "type": "LineString", "coordinates": [ [ -121.98305, 37.57881 ], [ -121.98306, 37.57904 ] ] } },
{ "type": "Feature", "properties": { "n": "Hegenberger Road", "h": "art" }, "geometry": { "type": "LineString", "coordinates": [ [ -122.1962, 37.74475 ], [ -122.19622, 37.74441 ] ] } },
{ "type": "Feature", "properties": { "n": "Hegenberger Road", "h": "art" }, "geometry": { "type": "LineString", "coordinates": [ [ -122.19595, 37.74648 ], [ -122.19601, 37.74753 ] ] } },
{ "type": "Feature", "properties": { "n": "98th Avenue", "h": "art" }, "geometry": { "type": "LineString", "coordinates": [ [ -122.1998, 37.72702 ], [ -122.19879, 37.7275 ], [ -122.19865, 37.72763 ] ] } },
{ "type": "Feature", "properties": { "n": "Stevenson Boulevard", "h": "art" }, "geometry": { "type": "LineString", "coordinates": [ [ -121.95759, 37.56042 ], [ -121.95721, 37.56072 ] ] } },
{ "type": "Feature", "properties": { "n": "Valley Avenue", "h": "col" }, "geometry": { "type": "LineString", "coordinates": [ [ -121.89619, 37.6558 ], [ -121.89546, 37.65493 ] ] } },
{ "type": "Feature", "properties": { "n": "Laguna Creek Lane", "h": "col" }, "geometry": { "type": "LineString", "coordinates": [ [ -121.89345, 37.64704 ], [ -121.89357, 37.64703 ], [ -121.89357, 37.64695 ], [ -121.89344, 37.64695 ], [ -121.89345, 37.64704 ] ] } },
{ "type": "Feature", "properties": { "n": "Valley Avenue", "h": "col" }, "geometry": { "type": "LineString", "coordinates": [ [ -121.8953, 37.65501 ], [ -121.89592, 37.65572 ] ] } },
{ "type": "Feature", "properties": { "n": "Valley Avenue", "h": "art" }, "geometry": { "type": "LineString", "coordinates": [ [ -121.89902, 37.6697 ], [ -121.89864, 37.66873 ], [ -121.89798, 37.66746 ] ] } },
{ "type": "Feature", "properties": { "n": "Valley Avenue", "h": "col" }, "geometry": { "type": "LineString", "coordinates": [ [ -121.89387, 37.65338 ], [ -121.8934, 37.65318 ] ] } },
{ "type": "Feature", "properties": { "n": "Valley Avenue", "h": "col" }, "geometry": { "type": "LineString", "coordinates": [ [ -121.8934, 37.65318 ], [ -121.89372, 37.6535 ] ] } },
{ "type": "Feature", "properties": { "n": "Valley Avenue", "h": "col" }, "geometry": { "type": "LineString", "coordinates": [ [ -121.8934, 37.65318 ], [ -121.89215, 37.65237 ], [ -121.89109, 37.65196 ] ] } },
{ "type": "Feature", "properties": { "n": "Valley Avenue", "h": "col" }, "geometry": { "type": "LineString", "coordinates": [ [ -121.89535, 37.65475 ], [ -121.8945, 37.6539 ], [ -121.89403, 37.65353 ] ] } },
{ "type": "Feature", "properties": { "n": "Valley Avenue", "h": "col" }, "geometry": { "type": "LineString", "coordinates": [ [ -121.89388, 37.65362 ], [ -121.89438, 37.65398 ], [ -121.89513, 37.65471 ], [ -121.89517, 37.65482 ] ] } },
{ "type": "Feature", "properties": { "n": "West Lagoon Road", "h": "col" }, "geometry": { "type": "LineString", "coordinates": [ [ -121.8993, 37.65286 ], [ -121.89975, 37.65342 ], [ -121.90004, 37.65359 ], [ -121.90067, 37.65379 ], [ -121.90096, 37.65405 ] ] } },
{ "type": "Feature", "properties": { "n": "West Lagoon Road", "h": "col" }, "geometry": { "type": "LineString", "coordinates": [ [ -121.90096, 37.65405 ], [ -121.90093, 37.65413 ], [ -121.90104, 37.65415 ], [ -121.90106, 37.65407 ], [ -121.90096, 37.65405 ] ] } },
{ "type": "Feature", "properties": { "n": "West Lagoon Road", "h": "col" }, "geometry": { "type": "LineString", "coordinates": [ [ -121.90108, 37.6542 ], [ -121.90133, 37.65455 ], [ -121.90162, 37.6547 ], [ -121.9033, 37.65497 ] ] } },
{ "type": "Feature", "properties": { "n": "West Lagoon Road", "h": "col" }, "geometry": { "type": "LineString", "coordinates": [ [ -121.89626, 37.65006 ], [ -121.89633, 37.65 ], [ -121.89627, 37.64993 ] ] } },
{ "type": "Feature", "properties": { "n": "West Lagoon Road", "h": "col" }, "geometry": { "type": "LineString", "coordinates": [ [ -121.89922, 37.65285 ], [ -121.89934, 37.65284 ], [ -121.89932, 37.65275 ], [ -121.89921, 37.65276 ], [ -121.89922, 37.65285 ] ] } },
{ "type": "Feature", "properties": { "n": "West Lagoon Road", "h": "col" }, "geometry": { "type": "LineString", "coordinates": [ [ -121.89628, 37.65005 ], [ -121.89663, 37.65056 ], [ -121.89745, 37.65089 ], [ -121.89781, 37.65114 ], [ -121.89881, 37.65211 ], [ -121.89923, 37.65274 ] ] } },
{ "type": "Feature", "properties": { "n": "Cherry Street", "h": "col" }, "geometry": { "type": "LineString", "coordinates": [ [ -122.01714, 37.52433 ], [ -122.01484, 37.52314 ] ] } },
{ "type": "Feature", "properties": { "n": "Mission Boulevard", "h": "art" }, "geometry": { "type": "LineString", "coordinates": [ [ -121.91814, 37.52673 ], [ -121.91839, 37.52753 ] ] } },
{ "type": "Feature", "properties": { "n": "Mission Boulevard", "h": "art" }, "geometry": { "type": "LineString", "coordinates": [ [ -121.96063, 37.56438 ], [ -121.95963, 37.56328 ] ] } },
{ "type": "Feature", "properties": { "n": "Sullivan Underpass", "h": "art" }, "geometry": { "type": "LineString", "coordinates": [ [ -121.98232, 37.57769 ], [ -121.9823, 37.57784 ], [ -121.98268, 37.57834 ] ] } },
{ "type": "Feature", "properties": { "n": "Niles Boulevard", "h": "art" }, "geometry": { "type": "LineString", "coordinates": [ [ -121.97805, 37.57676 ], [ -121.97531, 37.57612 ], [ -121.97498, 37.57599 ] ] } },
{ "type": "Feature", "properties": { "n": "South Grimmer Boulevard", "h": "art" }, "geometry": { "type": "LineString", "coordinates": [ [ -121.95176, 37.50216 ], [ -121.95292, 37.50212 ], [ -121.9538, 37.50223 ], [ -121.95432, 37.50235 ] ] } },
{ "type": "Feature", "properties": { "n": "South Grimmer Boulevard", "h": "art" }, "geometry": { "type": "LineString", "coordinates": [ [ -121.95706, 37.50373 ], [ -121.95588, 37.50292 ] ] } },
{ "type": "Feature", "properties": { "n": "South Grimmer Boulevard", "h": "art" }, "geometry": { "type": "LineString", "coordinates": [ [ -121.96296, 37.50916 ], [ -121.96283, 37.50896 ] ] } },
{ "type": "Feature", "properties": { "n": "South Grimmer Boulevard", "h": "art" }, "geometry": { "type": "LineString", "coordinates": [ [ -121.96214, 37.50823 ], [ -121.96231, 37.5085 ] ] } },
{ "type": "Feature", "properties": { "n": "South Grimmer Boulevard", "h": "art" }, "geometry": { "type": "LineString", "coordinates": [ [ -121.96281, 37.50922 ], [ -121.9629, 37.50935 ] ] } },
{ "type": "Feature", "properties": { "n": "Auto Mall Parkway", "h": "art" }, "geometry": { "type": "LineString", "coordinates": [ [ -121.9629, 37.50935 ], [ -121.96305, 37.50929 ] ] } },
{ "type": "Feature", "properties": { "n": "Auto Mall Parkway", "h": "art" }, "geometry": { "type": "LineString", "coordinates": [ [ -121.96281, 37.50922 ], [ -121.96194, 37.50954 ] ] } },
{ "type": "Feature", "properties": { "n": "Grimmer Boulevard", "h": "art" }, "geometry": { "type": "LineString", "coordinates": [ [ -121.9629, 37.50935 ], [ -121.96345, 37.51017 ] ] } },
{ "type": "Feature", "properties": { "n": "Grimmer Boulevard", "h": "art" }, "geometry": { "type": "LineString", "coordinates": [ [ -121.96305, 37.50929 ], [ -121.96296, 37.50916 ] ] } },
{ "type": "Feature", "properties": { "n": "Cherry Street", "h": "art" }, "geometry": { "type": "LineString", "coordinates": [ [ -122.00372, 37.51848 ], [ -122.00472, 37.51883 ] ] } },
{ "type": "Feature", "properties": { "n": "Cherry Street", "h": "art" }, "geometry": { "type": "LineString", "coordinates": [ [ -122.00476, 37.51869 ], [ -122.00394, 37.51839 ] ] } },
{ "type": "Feature", "properties": { "n": "Filbert Street", "h": "col" }, "geometry": { "type": "LineString", "coordinates": [ [ -122.0345, 37.52151 ], [ -122.03441, 37.52136 ] ] } },
{ "type": "Feature", "properties": { "n": "Stoneridge Drive", "h": "art" }, "geometry": { "type": "LineString", "coordinates": [ [ -121.85717, 37.69348 ], [ -121.85968, 37.69352 ] ] } },
{ "type": "Feature", "properties": { "n": "Stoneridge Drive", "h": "art" }, "geometry": { "type": "LineString", "coordinates": [ [ -121.85464, 37.69435 ], [ -121.85359, 37.69536 ] ] } },
{ "type": "Feature", "properties": { "n": "Harrison Street", "h": "col" }, "geometry": { "type": "LineString", "coordinates": [ [ -122.26244, 37.81091 ], [ -122.26278, 37.81002 ] ] } },
{ "type": "Feature", "properties": { "n": "East 12th Street", "h": "col" }, "geometry": { "type": "LineString", "coordinates": [ [ -122.2231, 37.77559 ], [ -122.22402, 37.77603 ] ] } },
{ "type": "Feature", "properties": { "n": "Foothill Boulevard", "h": "art" }, "geometry": { "type": "LineString", "coordinates": [ [ -122.21913, 37.78221 ], [ -122.21906, 37.78201 ] ] } },
{ "type": "Feature", "properties": { "n": "Foothill Boulevard", "h": "art" }, "geometry": { "type": "LineString", "coordinates": [ [ -122.22453, 37.78428 ], [ -122.22387, 37.7841 ] ] } },
{ "type": "Feature", "properties": { "n": "Foothill Boulevard", "h": "art" }, "geometry": { "type": "LineString", "coordinates": [ [ -122.21083, 37.77421 ], [ -122.20954, 37.77361 ] ] } },
{ "type": "Feature", "properties": { "n": "High Street", "h": "art" }, "geometry": { "type": "LineString", "coordinates": [ [ -122.21889, 37.76932 ], [ -122.21715, 37.77062 ] ] } },
{ "type": "Feature", "properties": { "n": "Edgewater Drive", "h": "col" }, "geometry": { "type": "LineString", "coordinates": [ [ -122.20714, 37.74625 ], [ -122.20552, 37.74441 ] ] } },
{ "type": "Feature", "properties": { "n": "Oakport Street", "h": "art" }, "geometry": { "type": "LineString", "coordinates": [ [ -122.20213, 37.74656 ], [ -122.20186, 37.74625 ] ] } },
{ "type": "Feature", "properties": { "n": "Bluebell Drive", "h": "col" }, "geometry": { "type": "LineString", "coordinates": [ [ -121.74324, 37.71853 ], [ -121.74509, 37.71898 ], [ -121.74535, 37.71909 ], [ -121.74592, 37.71953 ] ] } },
{ "type": "Feature", "properties": { "n": "Springtown Boulevard", "h": "col" }, "geometry": { "type": "LineString", "coordinates": [ [ -121.74793, 37.71666 ], [ -121.74795, 37.71692 ] ] } },
{ "type": "Feature", "properties": { "n": "Mecartney Road", "h": "art" }, "geometry": { "type": "LineString", "coordinates": [ [ -122.24722, 37.73726 ], [ -122.24844, 37.73733 ], [ -122.25008, 37.7379 ], [ -122.251, 37.73799 ] ] } },
{ "type": "Feature", "properties": { "n": "Robert Davey Junior Drive", "h": "art" }, "geometry": { "type": "LineString", "coordinates": [ [ -122.23964, 37.74424 ], [ -122.24008, 37.74449 ], [ -122.24059, 37.74468 ], [ -122.2414, 37.7448 ], [ -122.2422, 37.7447 ], [ -122.24291, 37.74437 ] ] } },
{ "type": "Feature", "properties": { "n": "Mecartney Road", "h": "art" }, "geometry": { "type": "LineString", "coordinates": [ [ -122.23986, 37.7356 ], [ -122.23917, 37.73546 ], [ -122.23896, 37.73547 ] ] } },
{ "type": "Feature", "properties": { "n": "Freisman Road", "h": "col" }, "geometry": { "type": "LineString", "coordinates": [ [ -121.84142, 37.6997 ], [ -121.8414, 37.70063 ], [ -121.84112, 37.7007 ], [ -121.84021, 37.70069 ] ] } },
{ "type": "Feature", "properties": { "n": "Livermore Outlets Drive", "h": "col" }, "geometry": { "type": "LineString", "coordinates": [ [ -121.84271, 37.6963 ], [ -121.84262, 37.69644 ] ] } },
{ "type": "Feature", "properties": { "n": "Mission Boulevard", "h": "art" }, "geometry": { "type": "LineString", "coordinates": [ [ -121.95708, 37.56082 ], [ -121.95779, 37.56145 ], [ -121.9589, 37.56268 ] ] } },
{ "type": "Feature", "properties": { "n": "I 680", "h": "fwy" }, "geometry": { "type": "LineString", "coordinates": [ [ -121.89257, 37.64832 ], [ -121.89773, 37.65332 ] ] } },
{ "type": "Feature", "properties": { "n": "East Stanley Boulevard", "h": "art" }, "geometry": { "type": "LineString", "coordinates": [ [ -121.78766, 37.67812 ], [ -121.7888, 37.67798 ] ] } },
{ "type": "Feature", "properties": { "n": "Holmes Street", "h": "art" }, "geometry": { "type": "LineString", "coordinates": [ [ -121.7802, 37.67363 ], [ -121.78013, 37.67395 ] ] } },
{ "type": "Feature", "properties": { "n": "Altamont Creek Drive", "h": "col" }, "geometry": { "type": "LineString", "coordinates": [ [ -121.71369, 37.72162 ], [ -121.71237, 37.72186 ], [ -121.71196, 37.72187 ], [ -121.71064, 37.72173 ] ] } },
{ "type": "Feature", "properties": { "n": "Las Positas Road", "h": "art" }, "geometry": { "type": "LineString", "coordinates": [ [ -121.74188, 37.69681 ], [ -121.74185, 37.69638 ] ] } },
{ "type": "Feature", "properties": { "n": "Bluebell Drive", "h": "col" }, "geometry": { "type": "LineString", "coordinates": [ [ -121.74279, 37.71835 ], [ -121.74307, 37.71847 ] ] } },
{ "type": "Feature", "properties": { "n": "I 680", "h": "fwy" }, "geometry": { "type": "LineString", "coordinates": [ [ -121.90545, 37.66075 ], [ -121.90618, 37.6616 ] ] } },
{ "type": "Feature", "properties": { "n": "Bernal Avenue", "h": "art" }, "geometry": { "type": "LineString", "coordinates": [ [ -121.89977, 37.65734 ], [ -121.89898, 37.65763 ] ] } },
{ "type": "Feature", "properties": { "n": "Stoneridge Drive", "h": "art" }, "geometry": { "type": "LineString", "coordinates": [ [ -121.91692, 37.69042 ], [ -121.91733, 37.69045 ] ] } },
{ "type": "Feature", "properties": { "n": "I 680", "h": "fwy" }, "geometry": { "type": "LineString", "coordinates": [ [ -121.90359, 37.6589 ], [ -121.90545, 37.66075 ] ] } },
{ "type": "Feature", "properties": { "n": "Owens Drive", "h": "col" }, "geometry": { "type": "LineString", "coordinates": [ [ -121.89815, 37.69988 ], [ -121.89784, 37.69988 ] ] } },
{ "type": "Feature", "properties": { "n": "Owens Drive", "h": "col" }, "geometry": { "type": "LineString", "coordinates": [ [ -121.89139, 37.69937 ], [ -121.89211, 37.69968 ], [ -121.89268, 37.69984 ] ] } },
{ "type": "Feature", "properties": { "n": "Willow Road", "h": "col" }, "geometry": { "type": "LineString", "coordinates": [ [ -121.89815, 37.69988 ], [ -121.89815, 37.70003 ] ] } },
{ "type": "Feature", "properties": { "n": "Hacienda Drive", "h": "art" }, "geometry": { "type": "LineString", "coordinates": [ [ -121.88816, 37.70245 ], [ -121.88813, 37.70208 ] ] } },
{ "type": "Feature", "properties": { "n": "I 580", "h": "fwy" }, "geometry": { "type": "LineString", "coordinates": [ [ -121.89152, 37.70181 ], [ -121.89391, 37.70182 ] ] } },
{ "type": "Feature", "properties": { "n": "I 580", "h": "fwy" }, "geometry": { "type": "LineString", "coordinates": [ [ -121.89413, 37.70182 ], [ -121.89823, 37.7019 ] ] } },
{ "type": "Feature", "properties": { "n": "Owens Drive", "h": "col" }, "geometry": { "type": "LineString", "coordinates": [ [ -121.89829, 37.70003 ], [ -121.89977, 37.70002 ] ] } },
{ "type": "Feature", "properties": { "n": "North Mines Road", "h": "art" }, "geometry": { "type": "LineString", "coordinates": [ [ -121.74568, 37.69267 ], [ -121.7451, 37.69183 ] ] } },
{ "type": "Feature", "properties": { "n": "North Mines Road", "h": "art" }, "geometry": { "type": "LineString", "coordinates": [ [ -121.745, 37.69168 ], [ -121.74485, 37.69146 ] ] } },
{ "type": "Feature", "properties": { "n": "98th Avenue", "h": "art" }, "geometry": { "type": "LineString", "coordinates": [ [ -122.1522, 37.754 ], [ -122.15206, 37.75414 ] ] } },
{ "type": "Feature", "properties": { "n": "Redwood Road", "h": "art" }, "geometry": { "type": "LineString", "coordinates": [ [ -122.07348, 37.68527 ], [ -122.07349, 37.68547 ], [ -122.07357, 37.68554 ] ] } },
{ "type": "Feature", "properties": { "n": "Newark Boulevard", "h": "art" }, "geometry": { "type": "LineString", "coordinates": [ [ -122.02458, 37.53383 ], [ -122.02634, 37.53472 ] ] } },
{ "type": "Feature", "properties": { "n": "Maritime Street", "h": "art" }, "geometry": { "type": "LineString", "coordinates": [ [ -122.30224, 37.82103 ], [ -122.30284, 37.82046 ] ] } },
{ "type": "Feature", "properties": { "n": "Mariner Square Drive", "h": "col" }, "geometry": { "type": "LineString", "coordinates": [ [ -122.27649, 37.78782 ], [ -122.2766, 37.78804 ] ] } },
{ "type": "Feature", "properties": { "n": "Eastshore Highway", "h": "col" }, "geometry": { "type": "LineString", "coordinates": [ [ -122.30817, 37.88522 ], [ -122.3082, 37.8848 ] ] } },
{ "type": "Feature", "properties": { "n": "Farnsworth Street", "h": "col" }, "geometry": { "type": "LineString", "coordinates": [ [ -122.15113, 37.68578 ], [ -122.15126, 37.68513 ] ] } },
{ "type": "Feature", "properties": { "n": "Haley Street", "h": "col" }, "geometry": { "type": "LineString", "coordinates": [ [ -122.05213, 37.54141 ], [ -122.05144, 37.54131 ], [ -122.05121, 37.54121 ], [ -122.05099, 37.5411 ], [ -122.05029, 37.54054 ] ] } },
{ "type": "Feature", "properties": { "n": "Haley Street", "h": "col" }, "geometry": { "type": "LineString", "coordinates": [ [ -122.04997, 37.54028 ], [ -122.04958, 37.53995 ] ] } },
{ "type": "Feature", "properties": { "n": "San Ramon Road", "h": "art" }, "geometry": { "type": "LineString", "coordinates": [ [ -121.93779, 37.70937 ], [ -121.93809, 37.70998 ] ] } },
{ "type": "Feature", "properties": { "n": "San Ramon Road", "h": "art" }, "geometry": { "type": "LineString", "coordinates": [ [ -121.93587, 37.70144 ], [ -121.93571, 37.70077 ] ] } },
{ "type": "Feature", "properties": { "n": "Dublin Boulevard", "h": "art" }, "geometry": { "type": "LineString", "coordinates": [ [ -121.91189, 37.70389 ], [ -121.91266, 37.70381 ], [ -121.91351, 37.70392 ] ] } },
{ "type": "Feature", "properties": { "n": "Pierce Street", "h": "col" }, "geometry": { "type": "LineString", "coordinates": [ [ -122.3087, 37.89748 ], [ -122.30887, 37.89777 ] ] } },
{ "type": "Feature", "properties": { "n": "Grand Avenue", "h": "art" }, "geometry": { "type": "LineString", "coordinates": [ [ -122.24602, 37.81477 ], [ -122.24552, 37.81634 ] ] } },
{ "type": "Feature", "properties": { "n": "Lakeshore Avenue", "h": "col" }, "geometry": { "type": "LineString", "coordinates": [ [ -122.24324, 37.81104 ], [ -122.24272, 37.81126 ] ] } },
{ "type": "Feature", "properties": { "n": "Edgewater Drive", "h": "col" }, "geometry": { "type": "LineString", "coordinates": [ [ -122.20434, 37.74306 ], [ -122.20387, 37.74253 ] ] } },
{ "type": "Feature", "properties": { "n": "Edgewater Drive", "h": "col" }, "geometry": { "type": "LineString", "coordinates": [ [ -122.20537, 37.74459 ], [ -122.20692, 37.74636 ] ] } },
{ "type": "Feature", "properties": { "n": "Mandela Parkway", "h": "col" }, "geometry": { "type": "LineString", "coordinates": [ [ -122.2941, 37.80382 ], [ -122.29402, 37.80405 ] ] } },
{ "type": "Feature", "properties": { "n": "Marina Boulevard", "h": "col" }, "geometry": { "type": "LineString", "coordinates": [ [ -122.18894, 37.70111 ], [ -122.18872, 37.70129 ] ] } },
{ "type": "Feature", "properties": { "n": "Marina Boulevard", "h": "col" }, "geometry": { "type": "LineString", "coordinates": [ [ -122.18884, 37.70127 ], [ -122.18904, 37.70115 ] ] } },
{ "type": "Feature", "properties": { "n": "Monarch Bay Drive", "h": "col" }, "geometry": { "type": "LineString", "coordinates": [ [ -122.18904, 37.70115 ], [ -122.18938, 37.70084 ], [ -122.18949, 37.70062 ], [ -122.18947, 37.70051 ] ] } },
{ "type": "Feature", "properties": { "n": "Monarch Bay Drive", "h": "col" }, "geometry": { "type": "LineString", "coordinates": [ [ -122.18947, 37.70051 ], [ -122.18894, 37.70111 ] ] } },
{ "type": "Feature", "properties": { "n": "Bessie Coleman Drive", "h": "art" }, "geometry": { "type": "LineString", "coordinates": [ [ -122.20194, 37.7199 ], [ -122.20285, 37.71904 ] ] } },
{ "type": "Feature", "properties": { "n": "Thornton Avenue", "h": "art" }, "geometry": { "type": "LineString", "coordinates": [ [ -122.06512, 37.53599 ], [ -122.06583, 37.53742 ] ] } },
{ "type": "Feature", "properties": { "n": "Gateway Boulevard", "h": "col" }, "geometry": { "type": "LineString", "coordinates": [ [ -122.06339, 37.53651 ], [ -122.06306, 37.53689 ] ] } },
{ "type": "Feature", "properties": { "n": "Harrison Street", "h": "col" }, "geometry": { "type": "LineString", "coordinates": [ [ -122.26329, 37.80853 ], [ -122.26311, 37.80876 ] ] } },
{ "type": "Feature", "properties": { "n": "El Charro Road", "h": "art" }, "geometry": { "type": "LineString", "coordinates": [ [ -121.84802, 37.6982 ], [ -121.84802, 37.69882 ] ] } },
{ "type": "Feature", "properties": { "n": "Mission Boulevard", "h": "art" }, "geometry": { "type": "LineString", "coordinates": [ [ -121.95517, 37.55955 ], [ -121.95541, 37.5597 ] ] } },
{ "type": "Feature", "properties": { "n": "Niles Boulevard", "h": "art" }, "geometry": { "type": "LineString", "coordinates": [ [ -121.98232, 37.57769 ], [ -121.98213, 37.57765 ] ] } },
{ "type": "Feature", "properties": { "n": "Paseo Padre Parkway", "h": "art" }, "geometry": { "type": "LineString", "coordinates": [ [ -121.96087, 37.54185 ], [ -121.96101, 37.54197 ] ] } },
{ "type": "Feature", "properties": { "n": "3rd Street", "h": "col" }, "geometry": { "type": "LineString", "coordinates": [ [ -122.28914, 37.80107 ], [ -122.2878, 37.80076 ] ] } },
{ "type": "Feature", "properties": { "n": "3rd Street", "h": "col" }, "geometry": { "type": "LineString", "coordinates": [ [ -122.28548, 37.80023 ], [ -122.28445, 37.8 ] ] } },
{ "type": "Feature", "properties": { "n": "West Jack London Boulevard", "h": "art" }, "geometry": { "type": "LineString", "coordinates": [ [ -121.84262, 37.69644 ], [ -121.84413, 37.69708 ], [ -121.84484, 37.69731 ] ] } },
{ "type": "Feature", "properties": { "n": "Livermore Outlets Drive", "h": "col" }, "geometry": { "type": "LineString", "coordinates": [ [ -121.84215, 37.69678 ], [ -121.84114, 37.69725 ], [ -121.84071, 37.69752 ] ] } },
{ "type": "Feature", "properties": { "n": "Lakeshore Avenue", "h": "art" }, "geometry": { "type": "LineString", "coordinates": [ [ -122.24946, 37.8076 ], [ -122.2494, 37.80774 ] ] } },
{ "type": "Feature", "properties": { "n": "Gateway Boulevard", "h": "col" }, "geometry": { "type": "LineString", "coordinates": [ [ -122.06287, 37.53818 ], [ -122.06291, 37.53877 ], [ -122.06266, 37.5393 ], [ -122.0623, 37.53961 ], [ -122.06058, 37.54075 ], [ -122.06005, 37.5413 ], [ -122.05983, 37.54174 ], [ -122.05973, 37.5422 ], [ -122.05978, 37.54271 ], [ -122.05988, 37.54304 ] ] } },
{ "type": "Feature", "properties": { "n": "Thornton Avenue", "h": "art" }, "geometry": { "type": "LineString", "coordinates": [ [ -122.06521, 37.53585 ], [ -122.06474, 37.53491 ], [ -122.06445, 37.53414 ], [ -122.06418, 37.53226 ] ] } },
{ "type": "Feature", "properties": { "n": "Thornton Avenue", "h": "art" }, "geometry": { "type": "LineString", "coordinates": [ [ -122.06656, 37.53883 ], [ -122.06719, 37.54006 ] ] } },
{ "type": "Feature", "properties": { "n": "Thornton Avenue", "h": "art" }, "geometry": { "type": "LineString", "coordinates": [ [ -122.06666, 37.5388 ], [ -122.06597, 37.53739 ] ] } },
{ "type": "Feature", "properties": { "n": "I 880", "h": "fwy" }, "geometry": { "type": "LineString", "coordinates": [ [ -122.20811, 37.7541 ], [ -122.211, 37.75743 ] ] } },
{ "type": "Feature", "properties": { "n": "I 880", "h": "fwy" }, "geometry": { "type": "LineString", "coordinates": [ [ -122.20828, 37.75402 ], [ -122.20808, 37.75379 ] ] } },
{ "type": "Feature", "properties": { "n": "I 880", "h": "fwy" }, "geometry": { "type": "LineString", "coordinates": [ [ -122.2079, 37.75386 ], [ -122.20811, 37.7541 ] ] } },
{ "type": "Feature", "properties": { "n": "I 880", "h": "fwy" }, "geometry": { "type": "LineString", "coordinates": [ [ -122.20808, 37.75379 ], [ -122.20769, 37.75335 ] ] } },
{ "type": "Feature", "properties": { "n": "66th Avenue", "h": "col" }, "geometry": { "type": "LineString", "coordinates": [ [ -122.20528, 37.75494 ], [ -122.20416, 37.75556 ] ] } },
{ "type": "Feature", "properties": { "n": "San Leandro Street", "h": "art" }, "geometry": { "type": "LineString", "coordinates": [ [ -122.19637, 37.75285 ], [ -122.19579, 37.75238 ] ] } },
{ "type": "Feature", "properties": { "n": "Dixon Landing Road", "h": "art" }, "geometry": { "type": "LineString", "coordinates": [ [ -121.92488, 37.45464 ], [ -121.926, 37.455 ] ] } },
{ "type": "Feature", "properties": { "n": "Springlake Drive", "h": "col" }, "geometry": { "type": "LineString", "coordinates": [ [ -122.13822, 37.69377 ], [ -122.13918, 37.69377 ] ] } },
{ "type": "Feature", "properties": { "n": "Fremont Boulevard", "h": "art" }, "geometry": { "type": "LineString", "coordinates": [ [ -121.93017, 37.46384 ], [ -121.9297, 37.46311 ], [ -121.92883, 37.46206 ] ] } },
{ "type": "Feature", "properties": { "n": "Niles Canyon Road", "h": "art" }, "geometry": { "type": "LineString", "coordinates": [ [ -121.88299, 37.59282 ], [ -121.88261, 37.59287 ] ] } },
{ "type": "Feature", "properties": { "n": "Niles Canyon Road", "h": "art" }, "geometry": { "type": "LineString", "coordinates": [ [ -121.9576, 37.58988 ], [ -121.95762, 37.58961 ] ] } },
{ "type": "Feature", "properties": { "n": "Niles Canyon Road", "h": "art" }, "geometry": { "type": "LineString", "coordinates": [ [ -121.95754, 37.59013 ], [ -121.9576, 37.58988 ] ] } },
{ "type": "Feature", "properties": { "n": "Niles Canyon Road", "h": "art" }, "geometry": { "type": "LineString", "coordinates": [ [ -121.95762, 37.58961 ], [ -121.95773, 37.58937 ], [ -121.9579, 37.5892 ] ] } },
{ "type": "Feature", "properties": { "n": "Niles Canyon Road", "h": "art" }, "geometry": { "type": "LineString", "coordinates": [ [ -121.96418, 37.58587 ], [ -121.96444, 37.58562 ], [ -121.9647, 37.5852 ], [ -121.96483, 37.58475 ], [ -121.96484, 37.58441 ] ] } },
{ "type": "Feature", "properties": { "n": "Niles Canyon Road", "h": "art" }, "geometry": { "type": "LineString", "coordinates": [ [ -121.96454, 37.58303 ], [ -121.96448, 37.58268 ] ] } },
{ "type": "Feature", "properties": { "n": "Wilma Chan Way", "h": "art" }, "geometry": { "type": "LineString", "coordinates": [ [ -122.27475, 37.77988 ], [ -122.27502, 37.78181 ], [ -122.27519, 37.78246 ] ] } },
{ "type": "Feature", "properties": { "n": "West A Street", "h": "art" }, "geometry": { "type": "LineString", "coordinates": [ [ -122.11794, 37.66557 ], [ -122.11752, 37.66569 ] ] } },
{ "type": "Feature", "properties": { "n": "West A Street", "h": "art" }, "geometry": { "type": "LineString", "coordinates": [ [ -122.11776, 37.66576 ], [ -122.11801, 37.66568 ] ] } },
{ "type": "Feature", "properties": { "n": "West A Street", "h": "col" }, "geometry": { "type": "LineString", "coordinates": [ [ -122.1194, 37.66512 ], [ -122.11961, 37.66509 ] ] } },
{ "type": "Feature", "properties": { "n": "Mission Boulevard", "h": "art" }, "geometry": { "type": "LineString", "coordinates": [ [ -121.95874, 37.5623 ], [ -121.9578, 37.56127 ] ] } },
{ "type": "Feature", "properties": { "n": "I 880", "h": "fwy" }, "geometry": { "type": "LineString", "coordinates": [ [ -122.00758, 37.53284 ], [ -122.0078, 37.53296 ] ] } },
{ "type": "Feature", "properties": { "n": "Bernal Avenue", "h": "art" }, "geometry": { "type": "LineString", "coordinates": [ [ -121.89784, 37.65828 ], [ -121.89834, 37.65808 ] ] } },
{ "type": "Feature", "properties": { "n": "Cherry Street", "h": "art" }, "geometry": { "type": "LineString", "coordinates": [ [ -122.00138, 37.5174 ], [ -121.9998, 37.51653 ] ] } },
{ "type": "Feature", "properties": { "n": "Fremont Boulevard", "h": "art" }, "geometry": { "type": "LineString", "coordinates": [ [ -121.94933, 37.50683 ], [ -121.94949, 37.50842 ] ] } },
{ "type": "Feature", "properties": { "n": "Fremont Boulevard", "h": "art" }, "geometry": { "type": "LineString", "coordinates": [ [ -121.94972, 37.50911 ], [ -121.94947, 37.50681 ] ] } },
{ "type": "Feature", "properties": { "n": "Fremont Boulevard", "h": "art" }, "geometry": { "type": "LineString", "coordinates": [ [ -121.94967, 37.50952 ], [ -121.95008, 37.5105 ] ] } },
{ "type": "Feature", "properties": { "n": "Fremont Boulevard", "h": "art" }, "geometry": { "type": "LineString", "coordinates": [ [ -121.94886, 37.4909 ], [ -121.94876, 37.49065 ] ] } },
{ "type": "Feature", "properties": { "n": "Village Parkway", "h": "col" }, "geometry": { "type": "LineString", "coordinates": [ [ -121.9211, 37.70391 ], [ -121.9215, 37.70393 ], [ -121.92175, 37.70405 ], [ -121.92229, 37.7046 ] ] } },
{ "type": "Feature", "properties": { "n": "Village Parkway", "h": "col" }, "geometry": { "type": "LineString", "coordinates": [ [ -121.92631, 37.70907 ], [ -121.9252, 37.70777 ] ] } },
{ "type": "Feature", "properties": { "n": "Amador Valley Boulevard", "h": "col" }, "geometry": { "type": "LineString", "coordinates": [ [ -121.93327, 37.70776 ], [ -121.93306, 37.70806 ] ] } },
{ "type": "Feature", "properties": { "n": "Amador Valley Boulevard", "h": "col" }, "geometry": { "type": "LineString", "coordinates": [ [ -121.93424, 37.70643 ], [ -121.93408, 37.70666 ], [ -121.93411, 37.70677 ] ] } },
{ "type": "Feature", "properties": { "n": "Amador Valley Boulevard", "h": "col" }, "geometry": { "type": "LineString", "coordinates": [ [ -121.93273, 37.70839 ], [ -121.93311, 37.70817 ], [ -121.93341, 37.70784 ] ] } },
{ "type": "Feature", "properties": { "n": "Dublin Boulevard", "h": "art" }, "geometry": { "type": "LineString", "coordinates": [ [ -121.93118, 37.70368 ], [ -121.9313, 37.70358 ], [ -121.93127, 37.70352 ] ] } },
{ "type": "Feature", "properties": { "n": "Dublin Boulevard", "h": "art" }, "geometry": { "type": "LineString", "coordinates": [ [ -121.9315, 37.70344 ], [ -121.93137, 37.70362 ] ] } },
{ "type": "Feature", "properties": { "n": "Silvergate Drive", "h": "col" }, "geometry": { "type": "LineString", "coordinates": [ [ -121.93979, 37.709 ], [ -121.93916, 37.70892 ] ] } },
{ "type": "Feature", "properties": { "n": "Springlake Drive", "h": "col" }, "geometry": { "type": "LineString", "coordinates": [ [ -122.13419, 37.69291 ], [ -122.13517, 37.69329 ], [ -122.13633, 37.69334 ] ] } },
{ "type": "Feature", "properties": { "n": "Lewelling Boulevard", "h": "art" }, "geometry": { "type": "LineString", "coordinates": [ [ -122.13774, 37.68665 ], [ -122.13793, 37.68665 ] ] } },
{ "type": "Feature", "properties": { "n": "Washington Avenue", "h": "art" }, "geometry": { "type": "LineString", "coordinates": [ [ -122.13898, 37.68808 ], [ -122.13901, 37.68908 ] ] } },
{ "type": "Feature", "properties": { "n": "Washington Avenue", "h": "art" }, "geometry": { "type": "LineString", "coordinates": [ [ -122.13917, 37.68808 ], [ -122.13918, 37.68794 ] ] } },
{ "type": "Feature", "properties": { "n": "Washington Avenue", "h": "art" }, "geometry": { "type": "LineString", "coordinates": [ [ -122.13913, 37.68942 ], [ -122.13917, 37.68868 ] ] } },
{ "type": "Feature", "properties": { "n": "Washington Avenue", "h": "art" }, "geometry": { "type": "LineString", "coordinates": [ [ -122.13901, 37.68908 ], [ -122.13894, 37.68967 ] ] } },
{ "type": "Feature", "properties": { "n": "Washington Avenue", "h": "art" }, "geometry": { "type": "LineString", "coordinates": [ [ -122.13917, 37.68845 ], [ -122.13917, 37.68808 ] ] } },
{ "type": "Feature", "properties": { "n": "Hesperian Boulevard", "h": "art" }, "geometry": { "type": "LineString", "coordinates": [ [ -122.13005, 37.70066 ], [ -122.13005, 37.70042 ] ] } },
{ "type": "Feature", "properties": { "n": "Hesperian Boulevard", "h": "art" }, "geometry": { "type": "LineString", "coordinates": [ [ -122.12987, 37.69678 ], [ -122.12988, 37.69717 ] ] } },
{ "type": "Feature", "properties": { "n": "Hesperian Boulevard", "h": "art" }, "geometry": { "type": "LineString", "coordinates": [ [ -122.13003, 37.69668 ], [ -122.13003, 37.69606 ] ] } },
{ "type": "Feature", "properties": { "n": "Hesperian Boulevard", "h": "art" }, "geometry": { "type": "LineString", "coordinates": [ [ -122.13005, 37.70042 ], [ -122.13008, 37.69982 ] ] } },
{ "type": "Feature", "properties": { "n": "Hesperian Boulevard", "h": "art" }, "geometry": { "type": "LineString", "coordinates": [ [ -122.12992, 37.69961 ], [ -122.12991, 37.70001 ] ] } },
{ "type": "Feature", "properties": { "n": "Hesperian Boulevard", "h": "art" }, "geometry": { "type": "LineString", "coordinates": [ [ -122.13003, 37.69606 ], [ -122.13002, 37.69521 ] ] } },
{ "type": "Feature", "properties": { "n": "Hesperian Boulevard", "h": "art" }, "geometry": { "type": "LineString", "coordinates": [ [ -122.12985, 37.69445 ], [ -122.12986, 37.69606 ] ] } },
{ "type": "Feature", "properties": { "n": "Hesperian Boulevard", "h": "art" }, "geometry": { "type": "LineString", "coordinates": [ [ -122.12991, 37.70001 ], [ -122.12991, 37.7002 ] ] } },
{ "type": "Feature", "properties": { "n": "Hesperian Boulevard", "h": "art" }, "geometry": { "type": "LineString", "coordinates": [ [ -122.12989, 37.69808 ], [ -122.1299, 37.69828 ] ] } },
{ "type": "Feature", "properties": { "n": "Hesperian Boulevard", "h": "art" }, "geometry": { "type": "LineString", "coordinates": [ [ -122.13004, 37.69713 ], [ -122.13003, 37.69668 ] ] } },
{ "type": "Feature", "properties": { "n": "Hesperian Boulevard", "h": "art" }, "geometry": { "type": "LineString", "coordinates": [ [ -122.12988, 37.69729 ], [ -122.12989, 37.69808 ] ] } },
{ "type": "Feature", "properties": { "n": "Hesperian Boulevard", "h": "art" }, "geometry": { "type": "LineString", "coordinates": [ [ -122.1299, 37.70038 ], [ -122.1299, 37.70077 ] ] } },
{ "type": "Feature", "properties": { "n": "Lewelling Boulevard", "h": "art" }, "geometry": { "type": "LineString", "coordinates": [ [ -122.14461, 37.68414 ], [ -122.14406, 37.68441 ] ] } },
{ "type": "Feature", "properties": { "n": "Gilman Street", "h": "art" }, "geometry": { "type": "LineString", "coordinates": [ [ -122.30692, 37.87832 ], [ -122.30709, 37.87823 ] ] } },
{ "type": "Feature", "properties": { "n": "Santa Clara Street", "h": "art" }, "geometry": { "type": "LineString", "coordinates": [ [ -122.10219, 37.66307 ], [ -122.10216, 37.66292 ] ] } },
{ "type": "Feature", "properties": { "n": "West A Street", "h": "col" }, "geometry": { "type": "LineString", "coordinates": [ [ -122.11873, 37.66527 ], [ -122.11808, 37.66552 ] ] } },
{ "type": "Feature", "properties": { "n": "West A Street", "h": "col" }, "geometry": { "type": "LineString", "coordinates": [ [ -122.11815, 37.66564 ], [ -122.1194, 37.66512 ] ] } },
{ "type": "Feature", "properties": { "n": "Hesperian Boulevard", "h": "art" }, "geometry": { "type": "LineString", "coordinates": [ [ -122.08742, 37.61593 ], [ -122.08821, 37.61724 ] ] } },
{ "type": "Feature", "properties": { "n": "Hesperian Boulevard", "h": "art" }, "geometry": { "type": "LineString", "coordinates": [ [ -122.08391, 37.61015 ], [ -122.08409, 37.61045 ] ] } },
{ "type": "Feature", "properties": { "n": "Industrial Parkway West", "h": "art" }, "geometry": { "type": "LineString", "coordinates": [ [ -122.0876, 37.61761 ], [ -122.08803, 37.61745 ] ] } },
{ "type": "Feature", "properties": { "n": "Industrial Parkway Southwest", "h": "art" }, "geometry": { "type": "LineString", "coordinates": [ [ -122.062, 37.61817 ], [ -122.06214, 37.61828 ] ] } },
{ "type": "Feature", "properties": { "n": "Industrial Parkway Southwest", "h": "art" }, "geometry": { "type": "LineString", "coordinates": [ [ -122.06199, 37.6177 ], [ -122.06194, 37.61791 ], [ -122.062, 37.61817 ] ] } },
{ "type": "Feature", "properties": { "n": "Industrial Parkway West", "h": "art" }, "geometry": { "type": "LineString", "coordinates": [ [ -122.06212, 37.61814 ], [ -122.06109, 37.61852 ], [ -122.06033, 37.61896 ] ] } },
{ "type": "Feature", "properties": { "n": "Industrial Parkway West", "h": "art" }, "geometry": { "type": "LineString", "coordinates": [ [ -122.06297, 37.61798 ], [ -122.06212, 37.61814 ] ] } },
{ "type": "Feature", "properties": { "n": "West Tennyson Road", "h": "art" }, "geometry": { "type": "LineString", "coordinates": [ [ -122.07636, 37.63126 ], [ -122.0758, 37.63124 ] ] } },
{ "type": "Feature", "properties": { "n": "West Tennyson Road", "h": "art" }, "geometry": { "type": "LineString", "coordinates": [ [ -122.07246, 37.63137 ], [ -122.07164, 37.63143 ] ] } },
{ "type": "Feature", "properties": { "n": "West Tennyson Road", "h": "art" }, "geometry": { "type": "LineString", "coordinates": [ [ -122.07443, 37.63134 ], [ -122.07514, 37.63134 ] ] } },
{ "type": "Feature", "properties": { "n": "West Tennyson Road", "h": "art" }, "geometry": { "type": "LineString", "coordinates": [ [ -122.0758, 37.63124 ], [ -122.07444, 37.63121 ] ] } },
{ "type": "Feature", "properties": { "n": "Industrial Parkway West", "h": "art" }, "geometry": { "type": "LineString", "coordinates": [ [ -122.08461, 37.6179 ], [ -122.08588, 37.61792 ], [ -122.08656, 37.61786 ], [ -122.08747, 37.61765 ] ] } },
{ "type": "Feature", "properties": { "n": "Blacow Road", "h": "art" }, "geometry": { "type": "LineString", "coordinates": [ [ -121.95752, 37.52407 ], [ -121.95944, 37.52383 ] ] } },
{ "type": "Feature", "properties": { "n": "Fremont Boulevard", "h": "art" }, "geometry": { "type": "LineString", "coordinates": [ [ -121.94959, 37.50912 ], [ -121.94967, 37.50952 ] ] } },
{ "type": "Feature", "properties": { "n": "Fremont Boulevard", "h": "art" }, "geometry": { "type": "LineString", "coordinates": [ [ -121.94953, 37.50871 ], [ -121.94959, 37.50912 ] ] } },
{ "type": "Feature", "properties": { "n": "Fremont Boulevard", "h": "art" }, "geometry": { "type": "LineString", "coordinates": [ [ -121.94949, 37.50842 ], [ -121.94953, 37.50871 ] ] } },
{ "type": "Feature", "properties": { "n": "Fremont Boulevard", "h": "art" }, "geometry": { "type": "LineString", "coordinates": [ [ -121.95003, 37.51009 ], [ -121.94972, 37.50911 ] ] } },
{ "type": "Feature", "properties": { "n": "Fremont Boulevard", "h": "art" }, "geometry": { "type": "LineString", "coordinates": [ [ -121.95022, 37.51045 ], [ -121.95003, 37.51009 ] ] } },
{ "type": "Feature", "properties": { "n": "Auto Mall Parkway", "h": "art" }, "geometry": { "type": "LineString", "coordinates": [ [ -121.96179, 37.5098 ], [ -121.96232, 37.50959 ] ] } },
{ "type": "Feature", "properties": { "n": "South Grimmer Boulevard", "h": "art" }, "geometry": { "type": "LineString", "coordinates": [ [ -121.96231, 37.5085 ], [ -121.96247, 37.50873 ] ] } },
{ "type": "Feature", "properties": { "n": "South Grimmer Boulevard", "h": "art" }, "geometry": { "type": "LineString", "coordinates": [ [ -121.9617, 37.50761 ], [ -121.96189, 37.50788 ] ] } },
{ "type": "Feature", "properties": { "n": "South Grimmer Boulevard", "h": "art" }, "geometry": { "type": "LineString", "coordinates": [ [ -121.96156, 37.5072 ], [ -121.96113, 37.50672 ] ] } },
{ "type": "Feature", "properties": { "n": "South Grimmer Boulevard", "h": "art" }, "geometry": { "type": "LineString", "coordinates": [ [ -121.96081, 37.50659 ], [ -121.96101, 37.50679 ] ] } },
{ "type": "Feature", "properties": { "n": "South Grimmer Boulevard", "h": "art" }, "geometry": { "type": "LineString", "coordinates": [ [ -121.95851, 37.50486 ], [ -121.95878, 37.50505 ] ] } },
{ "type": "Feature", "properties": { "n": "South Grimmer Boulevard", "h": "art" }, "geometry": { "type": "LineString", "coordinates": [ [ -121.95983, 37.5056 ], [ -121.95957, 37.50542 ] ] } },
{ "type": "Feature", "properties": { "n": "South Grimmer Boulevard", "h": "art" }, "geometry": { "type": "LineString", "coordinates": [ [ -121.95878, 37.50505 ], [ -121.95975, 37.5057 ], [ -121.96081, 37.50659 ] ] } },
{ "type": "Feature", "properties": { "n": "South Grimmer Boulevard", "h": "art" }, "geometry": { "type": "LineString", "coordinates": [ [ -121.96101, 37.50679 ], [ -121.9617, 37.50761 ] ] } },
{ "type": "Feature", "properties": { "n": "South Grimmer Boulevard", "h": "art" }, "geometry": { "type": "LineString", "coordinates": [ [ -121.96113, 37.50672 ], [ -121.96066, 37.50626 ], [ -121.95983, 37.5056 ] ] } },
{ "type": "Feature", "properties": { "n": "Grimmer Boulevard", "h": "art" }, "geometry": { "type": "LineString", "coordinates": [ [ -121.96331, 37.50966 ], [ -121.9631, 37.50936 ] ] } },
{ "type": "Feature", "properties": { "n": "Powell Street", "h": "col" }, "geometry": { "type": "LineString", "coordinates": [ [ -122.30043, 37.8372 ], [ -122.30026, 37.83723 ] ] } },
{ "type": "Feature", "properties": { "n": "Lake Chabot Road", "h": "art" }, "geometry": { "type": "LineString", "coordinates": [ [ -122.08803, 37.70063 ], [ -122.08791, 37.70046 ] ] } },
{ "type": "Feature", "properties": { "n": "Lake Chabot Road", "h": "art" }, "geometry": { "type": "LineString", "coordinates": [ [ -122.08795, 37.7008 ], [ -122.08806, 37.7012 ] ] } },
{ "type": "Feature", "properties": { "n": "Lake Chabot Road", "h": "art" }, "geometry": { "type": "LineString", "coordinates": [ [ -122.08819, 37.70118 ], [ -122.08803, 37.70063 ] ] } },
{ "type": "Feature", "properties": { "n": "Lake Chabot Road", "h": "art" }, "geometry": { "type": "LineString", "coordinates": [ [ -122.08783, 37.70018 ], [ -122.08737, 37.69853 ] ] } },
{ "type": "Feature", "properties": { "n": "Lake Chabot Road", "h": "art" }, "geometry": { "type": "LineString", "coordinates": [ [ -122.08684, 37.69562 ], [ -122.08689, 37.69522 ] ] } },
{ "type": "Feature", "properties": { "n": "Maritime Street", "h": "art" }, "geometry": { "type": "LineString", "coordinates": [ [ -122.30541, 37.81802 ], [ -122.30586, 37.81759 ] ] } },
{ "type": "Feature", "properties": { "n": "Maritime Street", "h": "art" }, "geometry": { "type": "LineString", "coordinates": [ [ -122.30586, 37.81759 ], [ -122.30726, 37.81625 ] ] } },
{ "type": "Feature", "properties": { "n": "Maritime Street", "h": "art" }, "geometry": { "type": "LineString", "coordinates": [ [ -122.30447, 37.81891 ], [ -122.30541, 37.81802 ] ] } },
{ "type": "Feature", "properties": { "n": "Norbridge Avenue", "h": "col" }, "geometry": { "type": "LineString", "coordinates": [ [ -122.08489, 37.69113 ], [ -122.08298, 37.6911 ] ] } },
{ "type": "Feature", "properties": { "n": "Mattox Road", "h": "art" }, "geometry": { "type": "LineString", "coordinates": [ [ -122.10084, 37.68601 ], [ -122.10101, 37.68599 ] ] } },
{ "type": "Feature", "properties": { "n": "Castro Valley Boulevard", "h": "art" }, "geometry": { "type": "LineString", "coordinates": [ [ -122.0854, 37.69471 ], [ -122.08607, 37.69451 ] ] } },
{ "type": "Feature", "properties": { "n": "Castro Valley Boulevard", "h": "art" }, "geometry": { "type": "LineString", "coordinates": [ [ -122.08374, 37.69517 ], [ -122.08413, 37.69506 ] ] } },
{ "type": "Feature", "properties": { "n": "Castro Valley Boulevard", "h": "art" }, "geometry": { "type": "LineString", "coordinates": [ [ -122.08329, 37.69517 ], [ -122.08308, 37.69522 ] ] } },
{ "type": "Feature", "properties": { "n": "Castro Valley Boulevard", "h": "art" }, "geometry": { "type": "LineString", "coordinates": [ [ -122.08664, 37.6943 ], [ -122.08791, 37.6937 ], [ -122.08815, 37.69351 ] ] } },
{ "type": "Feature", "properties": { "n": "Castro Valley Boulevard", "h": "art" }, "geometry": { "type": "LineString", "coordinates": [ [ -122.08626, 37.69444 ], [ -122.08653, 37.69434 ] ] } },
{ "type": "Feature", "properties": { "n": "Castro Valley Boulevard", "h": "art" }, "geometry": { "type": "LineString", "coordinates": [ [ -122.08748, 37.69377 ], [ -122.08653, 37.69421 ] ] } },
{ "type": "Feature", "properties": { "n": "Castro Valley Boulevard", "h": "art" }, "geometry": { "type": "LineString", "coordinates": [ [ -122.08653, 37.69421 ], [ -122.08524, 37.69463 ] ] } },
{ "type": "Feature", "properties": { "n": "Norbridge Avenue", "h": "col" }, "geometry": { "type": "LineString", "coordinates": [ [ -122.07077, 37.6926 ], [ -122.0705, 37.69263 ] ] } },
{ "type": "Feature", "properties": { "n": "Norbridge Avenue", "h": "col" }, "geometry": { "type": "LineString", "coordinates": [ [ -122.06917, 37.69364 ], [ -122.06901, 37.69393 ] ] } },
{ "type": "Feature", "properties": { "n": "Redwood Road", "h": "art" }, "geometry": { "type": "LineString", "coordinates": [ [ -122.07361, 37.68724 ], [ -122.07361, 37.68685 ] ] } },
{ "type": "Feature", "properties": { "n": "Redwood Road", "h": "art" }, "geometry": { "type": "LineString", "coordinates": [ [ -122.07363, 37.68844 ], [ -122.07361, 37.68795 ] ] } },
{ "type": "Feature", "properties": { "n": "Redwood Road", "h": "art" }, "geometry": { "type": "LineString", "coordinates": [ [ -122.07361, 37.68685 ], [ -122.07359, 37.6864 ] ] } },
{ "type": "Feature", "properties": { "n": "Redwood Road", "h": "art" }, "geometry": { "type": "LineString", "coordinates": [ [ -122.07358, 37.68601 ], [ -122.07357, 37.68554 ] ] } },
{ "type": "Feature", "properties": { "n": "Redwood Road", "h": "art" }, "geometry": { "type": "LineString", "coordinates": [ [ -122.07361, 37.68724 ], [ -122.07352, 37.68735 ], [ -122.07353, 37.68785 ], [ -122.07361, 37.68795 ] ] } },
{ "type": "Feature", "properties": { "n": "Redwood Road", "h": "art" }, "geometry": { "type": "LineString", "coordinates": [ [ -122.07363, 37.68844 ], [ -122.07356, 37.68854 ], [ -122.07357, 37.68961 ] ] } },
{ "type": "Feature", "properties": { "n": "Redwood Road", "h": "art" }, "geometry": { "type": "LineString", "coordinates": [ [ -122.07361, 37.68795 ], [ -122.07369, 37.68786 ], [ -122.07368, 37.68735 ], [ -122.07361, 37.68724 ] ] } },
{ "type": "Feature", "properties": { "n": "Redwood Road", "h": "art" }, "geometry": { "type": "LineString", "coordinates": [ [ -122.07359, 37.6864 ], [ -122.07367, 37.68635 ], [ -122.07367, 37.68607 ], [ -122.07358, 37.68601 ] ] } },
{ "type": "Feature", "properties": { "n": "Redwood Road", "h": "art" }, "geometry": { "type": "LineString", "coordinates": [ [ -122.07358, 37.68601 ], [ -122.0735, 37.68609 ], [ -122.0735, 37.68624 ], [ -122.07351, 37.68634 ], [ -122.07359, 37.6864 ] ] } },
{ "type": "Feature", "properties": { "n": "Redwood Road", "h": "art" }, "geometry": { "type": "LineString", "coordinates": [ [ -122.07373, 37.68904 ], [ -122.07372, 37.68853 ], [ -122.07363, 37.68844 ] ] } },
{ "type": "Feature", "properties": { "n": "Embarcadero", "h": "art" }, "geometry": { "type": "LineString", "coordinates": [ [ -122.25316, 37.78866 ], [ -122.25332, 37.78875 ], [ -122.25439, 37.78894 ] ] } },
{ "type": "Feature", "properties": { "n": "Castro Valley Boulevard", "h": "art" }, "geometry": { "type": "LineString", "coordinates": [ [ -122.0714, 37.69475 ], [ -122.07123, 37.69469 ] ] } },
{ "type": "Feature", "properties": { "n": "Castro Valley Boulevard", "h": "art" }, "geometry": { "type": "LineString", "coordinates": [ [ -122.07117, 37.69481 ], [ -122.07193, 37.69506 ] ] } },
{ "type": "Feature", "properties": { "n": "Castro Valley Boulevard", "h": "art" }, "geometry": { "type": "LineString", "coordinates": [ [ -122.06907, 37.69408 ], [ -122.07051, 37.69458 ] ] } },
{ "type": "Feature", "properties": { "n": "Castro Valley Boulevard", "h": "art" }, "geometry": { "type": "LineString", "coordinates": [ [ -122.0698, 37.6942 ], [ -122.06913, 37.69397 ] ] } },
{ "type": "Feature", "properties": { "n": "Castro Valley Boulevard", "h": "art" }, "geometry": { "type": "LineString", "coordinates": [ [ -122.07051, 37.69458 ], [ -122.07096, 37.69473 ] ] } },
{ "type": "Feature", "properties": { "n": "San Ramon Road", "h": "art" }, "geometry": { "type": "LineString", "coordinates": [ [ -121.94193, 37.72128 ], [ -121.94183, 37.72099 ] ] } },
{ "type": "Feature", "properties": { "n": "San Ramon Road", "h": "art" }, "geometry": { "type": "LineString", "coordinates": [ [ -121.9416, 37.72079 ], [ -121.94175, 37.72125 ] ] } },
{ "type": "Feature", "properties": { "n": "San Ramon Road", "h": "art" }, "geometry": { "type": "LineString", "coordinates": [ [ -121.94151, 37.72048 ], [ -121.9416, 37.72079 ] ] } },
{ "type": "Feature", "properties": { "n": "San Ramon Road", "h": "art" }, "geometry": { "type": "LineString", "coordinates": [ [ -121.94183, 37.72099 ], [ -121.94171, 37.72062 ] ] } },
{ "type": "Feature", "properties": { "n": "27th Street", "h": "col" }, "geometry": { "type": "LineString", "coordinates": [ [ -122.262, 37.81322 ], [ -122.26177, 37.81294 ] ] } },
{ "type": "Feature", "properties": { "n": "Dublin Boulevard", "h": "art" }, "geometry": { "type": "LineString", "coordinates": [ [ -121.92385, 37.70598 ], [ -121.92462, 37.70578 ] ] } },
{ "type": "Feature", "properties": { "n": "Dublin Boulevard", "h": "art" }, "geometry": { "type": "LineString", "coordinates": [ [ -121.92742, 37.70474 ], [ -121.92553, 37.70534 ] ] } },
{ "type": "Feature", "properties": { "n": "Dublin Boulevard", "h": "art" }, "geometry": { "type": "LineString", "coordinates": [ [ -121.9263, 37.70525 ], [ -121.92748, 37.70487 ] ] } },
{ "type": "Feature", "properties": { "n": "Dublin Boulevard", "h": "art" }, "geometry": { "type": "LineString", "coordinates": [ [ -121.9246, 37.70564 ], [ -121.92379, 37.70587 ] ] } },
{ "type": "Feature", "properties": { "n": "Greenville Road", "h": "art" }, "geometry": { "type": "LineString", "coordinates": [ [ -121.69666, 37.70243 ], [ -121.69663, 37.70221 ] ] } },
{ "type": "Feature", "properties": { "n": "Greenville Road", "h": "art" }, "geometry": { "type": "LineString", "coordinates": [ [ -121.69698, 37.69888 ], [ -121.69697, 37.6981 ] ] } },
{ "type": "Feature", "properties": { "n": "Amador Valley Boulevard", "h": "col" }, "geometry": { "type": "LineString", "coordinates": [ [ -121.92819, 37.70973 ], [ -121.92791, 37.70982 ] ] } },
{ "type": "Feature", "properties": { "n": "Amador Valley Boulevard", "h": "col" }, "geometry": { "type": "LineString", "coordinates": [ [ -121.9308, 37.70901 ], [ -121.93197, 37.70864 ] ] } },
{ "type": "Feature", "properties": { "n": "Amador Valley Boulevard", "h": "col" }, "geometry": { "type": "LineString", "coordinates": [ [ -121.93266, 37.70828 ], [ -121.93131, 37.70872 ] ] } },
{ "type": "Feature", "properties": { "n": "Amador Valley Boulevard", "h": "col" }, "geometry": { "type": "LineString", "coordinates": [ [ -121.92985, 37.70919 ], [ -121.9295, 37.7093 ] ] } },
{ "type": "Feature", "properties": { "n": "Amador Valley Boulevard", "h": "col" }, "geometry": { "type": "LineString", "coordinates": [ [ -121.93197, 37.70864 ], [ -121.93273, 37.70839 ] ] } },
{ "type": "Feature", "properties": { "n": "Amador Valley Boulevard", "h": "col" }, "geometry": { "type": "LineString", "coordinates": [ [ -121.93075, 37.7089 ], [ -121.92985, 37.70919 ] ] } },
{ "type": "Feature", "properties": { "n": "Amador Valley Boulevard", "h": "col" }, "geometry": { "type": "LineString", "coordinates": [ [ -121.9295, 37.7093 ], [ -121.92931, 37.70936 ] ] } },
{ "type": "Feature", "properties": { "n": "Amador Valley Boulevard", "h": "col" }, "geometry": { "type": "LineString", "coordinates": [ [ -121.92776, 37.70986 ], [ -121.92757, 37.70992 ] ] } },
{ "type": "Feature", "properties": { "n": "Amador Valley Boulevard", "h": "col" }, "geometry": { "type": "LineString", "coordinates": [ [ -121.93131, 37.70872 ], [ -121.93075, 37.7089 ] ] } },
{ "type": "Feature", "properties": { "n": "Amador Valley Boulevard", "h": "col" }, "geometry": { "type": "LineString", "coordinates": [ [ -121.92775, 37.70998 ], [ -121.92956, 37.70941 ] ] } },
{ "type": "Feature", "properties": { "n": "Amador Valley Boulevard", "h": "col" }, "geometry": { "type": "LineString", "coordinates": [ [ -121.93017, 37.70921 ], [ -121.9304, 37.70914 ] ] } },
{ "type": "Feature", "properties": { "n": "Dublin Boulevard", "h": "art" }, "geometry": { "type": "LineString", "coordinates": [ [ -121.92942, 37.70411 ], [ -121.92826, 37.70448 ] ] } },
{ "type": "Feature", "properties": { "n": "Dublin Boulevard", "h": "art" }, "geometry": { "type": "LineString", "coordinates": [ [ -121.92748, 37.70487 ], [ -121.92863, 37.70449 ] ] } },
{ "type": "Feature", "properties": { "n": "Dublin Boulevard", "h": "art" }, "geometry": { "type": "LineString", "coordinates": [ [ -121.93038, 37.70381 ], [ -121.9295, 37.70409 ] ] } },
{ "type": "Feature", "properties": { "n": "Dublin Boulevard", "h": "art" }, "geometry": { "type": "LineString", "coordinates": [ [ -121.92826, 37.70448 ], [ -121.92742, 37.70474 ] ] } },
{ "type": "Feature", "properties": { "n": "Dublin Boulevard", "h": "art" }, "geometry": { "type": "LineString", "coordinates": [ [ -121.93385, 37.70268 ], [ -121.93363, 37.70275 ] ] } },
{ "type": "Feature", "properties": { "n": "Dublin Boulevard", "h": "art" }, "geometry": { "type": "LineString", "coordinates": [ [ -121.9328, 37.70316 ], [ -121.93369, 37.70288 ] ] } },
{ "type": "Feature", "properties": { "n": "Dublin Boulevard", "h": "art" }, "geometry": { "type": "LineString", "coordinates": [ [ -121.92863, 37.70449 ], [ -121.92947, 37.70422 ] ] } },
{ "type": "Feature", "properties": { "n": "Dublin Boulevard", "h": "art" }, "geometry": { "type": "LineString", "coordinates": [ [ -121.93363, 37.70275 ], [ -121.93173, 37.70337 ] ] } },
{ "type": "Feature", "properties": { "n": "Laughlin Road", "h": "col" }, "geometry": { "type": "LineString", "coordinates": [ [ -121.71065, 37.72205 ], [ -121.71066, 37.72236 ] ] } },
{ "type": "Feature", "properties": { "n": "Amador Valley Boulevard", "h": "col" }, "geometry": { "type": "LineString", "coordinates": [ [ -121.93306, 37.70806 ], [ -121.93266, 37.70828 ] ] } },
{ "type": "Feature", "properties": { "n": "Amador Valley Boulevard", "h": "col" }, "geometry": { "type": "LineString", "coordinates": [ [ -121.93683, 37.70557 ], [ -121.93548, 37.7058 ] ] } },
{ "type": "Feature", "properties": { "n": "San Ramon Road", "h": "col" }, "geometry": { "type": "LineString", "coordinates": [ [ -121.93585, 37.70581 ], [ -121.93594, 37.70586 ], [ -121.9365, 37.70579 ], [ -121.93669, 37.70592 ] ] } },
{ "type": "Feature", "properties": { "n": "Amador Valley Boulevard", "h": "col" }, "geometry": { "type": "LineString", "coordinates": [ [ -121.93507, 37.70609 ], [ -121.93585, 37.70581 ] ] } },
{ "type": "Feature", "properties": { "n": "Amador Valley Boulevard", "h": "col" }, "geometry": { "type": "LineString", "coordinates": [ [ -121.93585, 37.70581 ], [ -121.93664, 37.70568 ] ] } },
{ "type": "Feature", "properties": { "n": "Amador Valley Boulevard", "h": "col" }, "geometry": { "type": "LineString", "coordinates": [ [ -121.9346, 37.70633 ], [ -121.93507, 37.70609 ] ] } },
{ "type": "Feature", "properties": { "n": "Amador Valley Boulevard", "h": "col" }, "geometry": { "type": "LineString", "coordinates": [ [ -121.93346, 37.70741 ], [ -121.93327, 37.70776 ] ] } },
{ "type": "Feature", "properties": { "n": "Amador Valley Boulevard", "h": "col" }, "geometry": { "type": "LineString", "coordinates": [ [ -121.93548, 37.7058 ], [ -121.93499, 37.70598 ] ] } },
{ "type": "Feature", "properties": { "n": "Amador Valley Boulevard", "h": "col" }, "geometry": { "type": "LineString", "coordinates": [ [ -121.93499, 37.70598 ], [ -121.93424, 37.70643 ] ] } },
{ "type": "Feature", "properties": { "n": "Amador Valley Boulevard", "h": "col" }, "geometry": { "type": "LineString", "coordinates": [ [ -121.93424, 37.70643 ], [ -121.93395, 37.70669 ] ] } },
{ "type": "Feature", "properties": { "n": "San Ramon Road", "h": "art" }, "geometry": { "type": "LineString", "coordinates": [ [ -121.93709, 37.70669 ], [ -121.93702, 37.70639 ] ] } },
{ "type": "Feature", "properties": { "n": "San Ramon Road", "h": "art" }, "geometry": { "type": "LineString", "coordinates": [ [ -121.93633, 37.7044 ], [ -121.9364, 37.70472 ] ] } },
{ "type": "Feature", "properties": { "n": "San Ramon Road", "h": "art" }, "geometry": { "type": "LineString", "coordinates": [ [ -121.93669, 37.70592 ], [ -121.9368, 37.70637 ] ] } },
{ "type": "Feature", "properties": { "n": "San Ramon Road", "h": "art" }, "geometry": { "type": "LineString", "coordinates": [ [ -121.93719, 37.70708 ], [ -121.93709, 37.70669 ] ] } },
{ "type": "Feature", "properties": { "n": "San Ramon Road", "h": "art" }, "geometry": { "type": "LineString", "coordinates": [ [ -121.9368, 37.70637 ], [ -121.93706, 37.70753 ] ] } },
{ "type": "Feature", "properties": { "n": "San Ramon Road", "h": "art" }, "geometry": { "type": "LineString", "coordinates": [ [ -121.9373, 37.70755 ], [ -121.93719, 37.70708 ] ] } },
{ "type": "Feature", "properties": { "n": "San Ramon Road", "h": "art" }, "geometry": { "type": "LineString", "coordinates": [ [ -121.93625, 37.70307 ], [ -121.93617, 37.70272 ] ] } },
{ "type": "Feature", "properties": { "n": "San Ramon Road", "h": "art" }, "geometry": { "type": "LineString", "coordinates": [ [ -121.93625, 37.70405 ], [ -121.93633, 37.7044 ] ] } },
{ "type": "Feature", "properties": { "n": "San Ramon Road", "h": "art" }, "geometry": { "type": "LineString", "coordinates": [ [ -121.93664, 37.70568 ], [ -121.93669, 37.70592 ] ] } },
{ "type": "Feature", "properties": { "n": "San Ramon Road", "h": "art" }, "geometry": { "type": "LineString", "coordinates": [ [ -121.93629, 37.70323 ], [ -121.93625, 37.70307 ] ] } },
{ "type": "Feature", "properties": { "n": "San Ramon Road", "h": "art" }, "geometry": { "type": "LineString", "coordinates": [ [ -121.93702, 37.70639 ], [ -121.9369, 37.70589 ] ] } },
{ "type": "Feature", "properties": { "n": "San Ramon Road", "h": "art" }, "geometry": { "type": "LineString", "coordinates": [ [ -121.93825, 37.70995 ], [ -121.93798, 37.70938 ] ] } },
{ "type": "Feature", "properties": { "n": "San Ramon Road", "h": "art" }, "geometry": { "type": "LineString", "coordinates": [ [ -121.93645, 37.70493 ], [ -121.93662, 37.7056 ] ] } },
{ "type": "Feature", "properties": { "n": "San Ramon Road", "h": "art" }, "geometry": { "type": "LineString", "coordinates": [ [ -121.93997, 37.71539 ], [ -121.9403, 37.71651 ] ] } },
{ "type": "Feature", "properties": { "n": "San Ramon Road", "h": "art" }, "geometry": { "type": "LineString", "coordinates": [ [ -121.93617, 37.70272 ], [ -121.93612, 37.70251 ] ] } },
{ "type": "Feature", "properties": { "n": "San Ramon Road", "h": "art" }, "geometry": { "type": "LineString", "coordinates": [ [ -121.9369, 37.70589 ], [ -121.93685, 37.70566 ] ] } },
{ "type": "Feature", "properties": { "n": "San Ramon Road", "h": "art" }, "geometry": { "type": "LineString", "coordinates": [ [ -121.94043, 37.71646 ], [ -121.9401, 37.71538 ] ] } },
{ "type": "Feature", "properties": { "n": "San Ramon Road", "h": "art" }, "geometry": { "type": "LineString", "coordinates": [ [ -121.93594, 37.70267 ], [ -121.93625, 37.70405 ] ] } },
{ "type": "Feature", "properties": { "n": "I 580", "h": "fwy" }, "geometry": { "type": "LineString", "coordinates": [ [ -121.90948, 37.70196 ], [ -121.9103, 37.70197 ] ] } },
{ "type": "Feature", "properties": { "n": "I 580", "h": "fwy" }, "geometry": { "type": "LineString", "coordinates": [ [ -121.90897, 37.70196 ], [ -121.90948, 37.70196 ] ] } },
{ "type": "Feature", "properties": { "n": "I 580", "h": "fwy" }, "geometry": { "type": "LineString", "coordinates": [ [ -121.90298, 37.7019 ], [ -121.90897, 37.70196 ] ] } },
{ "type": "Feature", "properties": { "n": "I 580", "h": "fwy" }, "geometry": { "type": "LineString", "coordinates": [ [ -121.9103, 37.70197 ], [ -121.91609, 37.70202 ] ] } },
{ "type": "Feature", "properties": { "n": "I 580", "h": "fwy" }, "geometry": { "type": "LineString", "coordinates": [ [ -121.91698, 37.70202 ], [ -121.91843, 37.70193 ] ] } },
{ "type": "Feature", "properties": { "n": "Dougherty Road", "h": "art" }, "geometry": { "type": "LineString", "coordinates": [ [ -121.90739, 37.70236 ], [ -121.90801, 37.70311 ] ] } },
{ "type": "Feature", "properties": { "n": "Dougherty Road", "h": "art" }, "geometry": { "type": "LineString", "coordinates": [ [ -121.90858, 37.70344 ], [ -121.9081, 37.7029 ] ] } },
{ "type": "Feature", "properties": { "n": "Lake Park Avenue", "h": "art" }, "geometry": { "type": "LineString", "coordinates": [ [ -122.24737, 37.81046 ], [ -122.24709, 37.81026 ] ] } },
{ "type": "Feature", "properties": { "n": "MacArthur Boulevard", "h": "art" }, "geometry": { "type": "LineString", "coordinates": [ [ -122.2483, 37.81 ], [ -122.24733, 37.80973 ] ] } },
{ "type": "Feature", "properties": { "n": "MacArthur Boulevard", "h": "art" }, "geometry": { "type": "LineString", "coordinates": [ [ -122.24718, 37.80968 ], [ -122.24694, 37.80957 ] ] } },
{ "type": "Feature", "properties": { "n": "Stoneridge Drive", "h": "art" }, "geometry": { "type": "LineString", "coordinates": [ [ -121.91729, 37.69034 ], [ -121.91696, 37.69031 ] ] } },
{ "type": "Feature", "properties": { "n": "I 580", "h": "fwy" }, "geometry": { "type": "LineString", "coordinates": [ [ -121.88912, 37.70178 ], [ -121.89038, 37.7018 ] ] } },
{ "type": "Feature", "properties": { "n": "I 580", "h": "fwy" }, "geometry": { "type": "LineString", "coordinates": [ [ -121.89068, 37.70181 ], [ -121.89152, 37.70181 ] ] } },
{ "type": "Feature", "properties": { "n": "I 580", "h": "fwy" }, "geometry": { "type": "LineString", "coordinates": [ [ -121.8835, 37.70173 ], [ -121.88783, 37.70177 ] ] } },
{ "type": "Feature", "properties": { "n": "Embarcadero", "h": "art" }, "geometry": { "type": "LineString", "coordinates": [ [ -122.25141, 37.78819 ], [ -122.2528, 37.78857 ] ] } },
{ "type": "Feature", "properties": { "n": "I 580", "h": "fwy" }, "geometry": { "type": "LineString", "coordinates": [ [ -121.87547, 37.70165 ], [ -121.87628, 37.70165 ] ] } },
{ "type": "Feature", "properties": { "n": "I 580", "h": "fwy" }, "geometry": { "type": "LineString", "coordinates": [ [ -121.86767, 37.70158 ], [ -121.86971, 37.70159 ] ] } },
{ "type": "Feature", "properties": { "n": "I 580", "h": "fwy" }, "geometry": { "type": "LineString", "coordinates": [ [ -121.87238, 37.70161 ], [ -121.87324, 37.70162 ] ] } },
{ "type": "Feature", "properties": { "n": "I 580", "h": "fwy" }, "geometry": { "type": "LineString", "coordinates": [ [ -121.87324, 37.70162 ], [ -121.87547, 37.70165 ] ] } },
{ "type": "Feature", "properties": { "n": "Fruitvale Avenue", "h": "art" }, "geometry": { "type": "LineString", "coordinates": [ [ -122.2167, 37.79892 ], [ -122.21668, 37.79908 ] ] } },
{ "type": "Feature", "properties": { "n": "I 580", "h": "fwy" }, "geometry": { "type": "LineString", "coordinates": [ [ -121.85627, 37.70146 ], [ -121.86767, 37.70158 ] ] } },
{ "type": "Feature", "properties": { "n": "Hathaway Avenue", "h": "col" }, "geometry": { "type": "LineString", "coordinates": [ [ -122.1041, 37.66713 ], [ -122.10358, 37.66666 ] ] } },
{ "type": "Feature", "properties": { "n": "West A Street", "h": "art" }, "geometry": { "type": "LineString", "coordinates": [ [ -122.104, 37.66637 ], [ -122.10341, 37.66639 ] ] } },
{ "type": "Feature", "properties": { "n": "West A Street", "h": "art" }, "geometry": { "type": "LineString", "coordinates": [ [ -122.10298, 37.66651 ], [ -122.10355, 37.66653 ] ] } },
{ "type": "Feature", "properties": { "n": "Hesperian Boulevard", "h": "art" }, "geometry": { "type": "LineString", "coordinates": [ [ -122.12633, 37.67889 ], [ -122.12661, 37.67932 ] ] } },
{ "type": "Feature", "properties": { "n": "Hesperian Boulevard", "h": "art" }, "geometry": { "type": "LineString", "coordinates": [ [ -122.12634, 37.6786 ], [ -122.12622, 37.67841 ] ] } },
{ "type": "Feature", "properties": { "n": "Hesperian Boulevard", "h": "art" }, "geometry": { "type": "LineString", "coordinates": [ [ -122.1257, 37.6779 ], [ -122.12603, 37.67844 ] ] } },
{ "type": "Feature", "properties": { "n": "Hesperian Boulevard", "h": "art" }, "geometry": { "type": "LineString", "coordinates": [ [ -122.12606, 37.67848 ], [ -122.12633, 37.67889 ] ] } },
{ "type": "Feature", "properties": { "n": "Grant Avenue", "h": "art" }, "geometry": { "type": "LineString", "coordinates": [ [ -122.13351, 37.68101 ], [ -122.13369, 37.68094 ] ] } },
{ "type": "Feature", "properties": { "n": "Washington Avenue", "h": "art" }, "geometry": { "type": "LineString", "coordinates": [ [ -122.13728, 37.6804 ], [ -122.13723, 37.68024 ] ] } },
{ "type": "Feature", "properties": { "n": "Washington Avenue", "h": "art" }, "geometry": { "type": "LineString", "coordinates": [ [ -122.1381, 37.68284 ], [ -122.13805, 37.68271 ] ] } },
{ "type": "Feature", "properties": { "n": "Washington Avenue", "h": "art" }, "geometry": { "type": "LineString", "coordinates": [ [ -122.13709, 37.67985 ], [ -122.13698, 37.67964 ] ] } },
{ "type": "Feature", "properties": { "n": "Washington Avenue", "h": "art" }, "geometry": { "type": "LineString", "coordinates": [ [ -122.13781, 37.68232 ], [ -122.13795, 37.68274 ] ] } },
{ "type": "Feature", "properties": { "n": "Washington Avenue", "h": "art" }, "geometry": { "type": "LineString", "coordinates": [ [ -122.13738, 37.68074 ], [ -122.13728, 37.6804 ] ] } },
{ "type": "Feature", "properties": { "n": "Washington Avenue", "h": "art" }, "geometry": { "type": "LineString", "coordinates": [ [ -122.13805, 37.68271 ], [ -122.13738, 37.68074 ] ] } },
{ "type": "Feature", "properties": { "n": "Washington Avenue", "h": "art" }, "geometry": { "type": "LineString", "coordinates": [ [ -122.13795, 37.68274 ], [ -122.13809, 37.68322 ] ] } },
{ "type": "Feature", "properties": { "n": "Washington Avenue", "h": "art" }, "geometry": { "type": "LineString", "coordinates": [ [ -122.13811, 37.68328 ], [ -122.13834, 37.68399 ] ] } },
{ "type": "Feature", "properties": { "n": "Washington Avenue", "h": "art" }, "geometry": { "type": "LineString", "coordinates": [ [ -122.13694, 37.67961 ], [ -122.137, 37.67993 ] ] } },
{ "type": "Feature", "properties": { "n": "CA 84", "h": "fwy" }, "geometry": { "type": "LineString", "coordinates": [ [ -121.80307, 37.70001 ], [ -121.80351, 37.69964 ] ] } },
{ "type": "Feature", "properties": { "n": "CA 84", "h": "fwy" }, "geometry": { "type": "LineString", "coordinates": [ [ -121.80524, 37.69731 ], [ -121.80538, 37.69692 ] ] } },
{ "type": "Feature", "properties": { "n": "North Livermore Avenue", "h": "art" }, "geometry": { "type": "LineString", "coordinates": [ [ -121.77384, 37.70016 ], [ -121.77383, 37.69992 ] ] } },
{ "type": "Feature", "properties": { "n": "North Livermore Avenue", "h": "art" }, "geometry": { "type": "LineString", "coordinates": [ [ -121.77369, 37.70002 ], [ -121.7737, 37.70022 ] ] } },
{ "type": "Feature", "properties": { "n": "Auto Mall Parkway", "h": "art" }, "geometry": { "type": "LineString", "coordinates": [ [ -121.95137, 37.51192 ], [ -121.95111, 37.51197 ] ] } },
{ "type": "Feature", "properties": { "n": "Auto Mall Parkway", "h": "art" }, "geometry": { "type": "LineString", "coordinates": [ [ -121.95118, 37.5121 ], [ -121.95154, 37.51204 ] ] } },
{ "type": "Feature", "properties": { "n": "Auto Mall Parkway", "h": "art" }, "geometry": { "type": "LineString", "coordinates": [ [ -121.95488, 37.51123 ], [ -121.9574, 37.51079 ] ] } },
{ "type": "Feature", "properties": { "n": "Auto Mall Parkway", "h": "art" }, "geometry": { "type": "LineString", "coordinates": [ [ -121.9574, 37.51079 ], [ -121.95791, 37.5107 ] ] } },
{ "type": "Feature", "properties": { "n": "Auto Mall Parkway", "h": "art" }, "geometry": { "type": "LineString", "coordinates": [ [ -121.95394, 37.51141 ], [ -121.95488, 37.51123 ] ] } },
{ "type": "Feature", "properties": { "n": "Auto Mall Parkway", "h": "art" }, "geometry": { "type": "LineString", "coordinates": [ [ -121.95054, 37.51222 ], [ -121.95104, 37.51213 ] ] } },
{ "type": "Feature", "properties": { "n": "Auto Mall Parkway", "h": "art" }, "geometry": { "type": "LineString", "coordinates": [ [ -121.95193, 37.51182 ], [ -121.95137, 37.51192 ] ] } },
{ "type": "Feature", "properties": { "n": "Auto Mall Parkway", "h": "art" }, "geometry": { "type": "LineString", "coordinates": [ [ -121.95277, 37.51154 ], [ -121.95193, 37.51182 ] ] } },
{ "type": "Feature", "properties": { "n": "Auto Mall Parkway", "h": "art" }, "geometry": { "type": "LineString", "coordinates": [ [ -121.96194, 37.50954 ], [ -121.959, 37.51013 ] ] } },
{ "type": "Feature", "properties": { "n": "Auto Mall Parkway", "h": "art" }, "geometry": { "type": "LineString", "coordinates": [ [ -121.95826, 37.51026 ], [ -121.95724, 37.51044 ] ] } },
{ "type": "Feature", "properties": { "n": "Auto Mall Parkway", "h": "art" }, "geometry": { "type": "LineString", "coordinates": [ [ -121.95254, 37.51179 ], [ -121.95319, 37.51157 ], [ -121.95394, 37.51141 ] ] } },
{ "type": "Feature", "properties": { "n": "Auto Mall Parkway", "h": "art" }, "geometry": { "type": "LineString", "coordinates": [ [ -121.959, 37.51013 ], [ -121.95841, 37.51023 ] ] } },
{ "type": "Feature", "properties": { "n": "Auto Mall Parkway", "h": "art" }, "geometry": { "type": "LineString", "coordinates": [ [ -121.95195, 37.51196 ], [ -121.95254, 37.51179 ] ] } },
{ "type": "Feature", "properties": { "n": "Auto Mall Parkway", "h": "art" }, "geometry": { "type": "LineString", "coordinates": [ [ -121.95479, 37.51088 ], [ -121.95359, 37.51117 ], [ -121.95277, 37.51154 ] ] } },
{ "type": "Feature", "properties": { "n": "Golf Links Road", "h": "art" }, "geometry": { "type": "LineString", "coordinates": [ [ -122.15161, 37.75393 ], [ -122.15206, 37.75414 ] ] } },
{ "type": "Feature", "properties": { "n": "I 580", "h": "fwy" }, "geometry": { "type": "LineString", "coordinates": [ [ -121.74737, 37.70236 ], [ -121.74661, 37.70232 ] ] } },
{ "type": "Feature", "properties": { "n": "I 880", "h": "fwy" }, "geometry": { "type": "LineString", "coordinates": [ [ -121.92716, 37.4649 ], [ -121.92536, 37.46136 ], [ -121.92446, 37.4594 ] ] } },
{ "type": "Feature", "properties": { "n": "I 880", "h": "fwy" }, "geometry": { "type": "LineString", "coordinates": [ [ -121.92405, 37.45928 ], [ -121.92691, 37.46502 ] ] } },
{ "type": "Feature", "properties": { "n": "I 880", "h": "fwy" }, "geometry": { "type": "LineString", "coordinates": [ [ -121.92408, 37.45851 ], [ -121.92375, 37.45755 ], [ -121.92325, 37.45516 ] ] } },
{ "type": "Feature", "properties": { "n": "66th Avenue", "h": "col" }, "geometry": { "type": "LineString", "coordinates": [ [ -122.20595, 37.75482 ], [ -122.20722, 37.75431 ], [ -122.20728, 37.75424 ] ] } },
{ "type": "Feature", "properties": { "n": "Auto Mall Parkway", "h": "art" }, "geometry": { "type": "LineString", "coordinates": [ [ -121.96232, 37.50959 ], [ -121.96269, 37.50943 ] ] } },
{ "type": "Feature", "properties": { "n": "I 880", "h": "fwy" }, "geometry": { "type": "LineString", "coordinates": [ [ -121.95167, 37.49493 ], [ -121.94975, 37.49346 ] ] } },
{ "type": "Feature", "properties": { "n": "I 880", "h": "fwy" }, "geometry": { "type": "LineString", "coordinates": [ [ -121.95175, 37.49529 ], [ -121.95399, 37.49701 ] ] } },
{ "type": "Feature", "properties": { "n": "I 880", "h": "fwy" }, "geometry": { "type": "LineString", "coordinates": [ [ -121.95514, 37.4979 ], [ -121.9573, 37.49956 ] ] } },
{ "type": "Feature", "properties": { "n": "Hegenberger Road", "h": "art" }, "geometry": { "type": "LineString", "coordinates": [ [ -122.19657, 37.73811 ], [ -122.19654, 37.73845 ] ] } },
{ "type": "Feature", "properties": { "n": "South Grimmer Boulevard", "h": "art" }, "geometry": { "type": "LineString", "coordinates": [ [ -121.96247, 37.50873 ], [ -121.96277, 37.50915 ] ] } },
{ "type": "Feature", "properties": { "n": "Auto Mall Parkway", "h": "art" }, "geometry": { "type": "LineString", "coordinates": [ [ -121.95791, 37.5107 ], [ -121.95831, 37.51063 ] ] } },
{ "type": "Feature", "properties": { "n": "I 880", "h": "fwy" }, "geometry": { "type": "LineString", "coordinates": [ [ -122.07182, 37.61372 ], [ -122.07127, 37.61296 ] ] } },
{ "type": "Feature", "properties": { "n": "I 880", "h": "fwy" }, "geometry": { "type": "LineString", "coordinates": [ [ -121.94852, 37.49283 ], [ -121.95175, 37.49529 ] ] } },
{ "type": "Feature", "properties": { "n": "CA 262", "h": "fwy" }, "geometry": { "type": "LineString", "coordinates": [ [ -121.92695, 37.49175 ], [ -121.92677, 37.49193 ] ] } },
{ "type": "Feature", "properties": { "n": "I 880", "h": "fwy" }, "geometry": { "type": "LineString", "coordinates": [ [ -121.94975, 37.49346 ], [ -121.94858, 37.49257 ] ] } },
{ "type": "Feature", "properties": { "n": "I 580", "h": "fwy" }, "geometry": { "type": "LineString", "coordinates": [ [ -122.31061, 37.89599 ], [ -122.31179, 37.89744 ] ] } },
{ "type": "Feature", "properties": { "n": "66th Avenue", "h": "col" }, "geometry": { "type": "LineString", "coordinates": [ [ -122.20537, 37.75506 ], [ -122.20595, 37.75482 ] ] } },
{ "type": "Feature", "properties": { "n": "66th Avenue", "h": "col" }, "geometry": { "type": "LineString", "coordinates": [ [ -122.20626, 37.75454 ], [ -122.20609, 37.75461 ] ] } },
{ "type": "Feature", "properties": { "n": "66th Avenue", "h": "col" }, "geometry": { "type": "LineString", "coordinates": [ [ -122.20668, 37.75438 ], [ -122.20626, 37.75454 ] ] } },
{ "type": "Feature", "properties": { "n": "66th Avenue", "h": "col" }, "geometry": { "type": "LineString", "coordinates": [ [ -122.20482, 37.75531 ], [ -122.20537, 37.75506 ] ] } },
{ "type": "Feature", "properties": { "n": "Lake Park Avenue", "h": "art" }, "geometry": { "type": "LineString", "coordinates": [ [ -122.24663, 37.81018 ], [ -122.24697, 37.81032 ] ] } },
{ "type": "Feature", "properties": { "n": "Alvarado Boulevard", "h": "art" }, "geometry": { "type": "LineString", "coordinates": [ [ -122.0812, 37.59161 ], [ -122.08089, 37.59159 ] ] } },
{ "type": "Feature", "properties": { "n": "98th Avenue", "h": "art" }, "geometry": { "type": "LineString", "coordinates": [ [ -122.20059, 37.72329 ], [ -122.20065, 37.72365 ] ] } },
{ "type": "Feature", "properties": { "n": "98th Avenue", "h": "art" }, "geometry": { "type": "LineString", "coordinates": [ [ -122.20082, 37.72364 ], [ -122.20077, 37.72292 ] ] } },
{ "type": "Feature", "properties": { "n": "Bessie Coleman Drive", "h": "art" }, "geometry": { "type": "LineString", "coordinates": [ [ -122.20183, 37.72003 ], [ -122.20194, 37.7199 ] ] } },
{ "type": "Feature", "properties": { "n": "Bessie Coleman Drive", "h": "art" }, "geometry": { "type": "LineString", "coordinates": [ [ -122.2013, 37.72083 ], [ -122.20183, 37.72003 ] ] } },
{ "type": "Feature", "properties": { "n": "Hegenberger Road", "h": "art" }, "geometry": { "type": "LineString", "coordinates": [ [ -122.20171, 37.72603 ], [ -122.20124, 37.72477 ] ] } },
{ "type": "Feature", "properties": { "n": "Hegenberger Road", "h": "art" }, "geometry": { "type": "LineString", "coordinates": [ [ -122.20124, 37.72477 ], [ -122.20089, 37.7236 ], [ -122.20078, 37.7229 ] ] } },
{ "type": "Feature", "properties": { "n": "Hegenberger Road", "h": "art" }, "geometry": { "type": "LineString", "coordinates": [ [ -122.20116, 37.72774 ], [ -122.20096, 37.72811 ] ] } },
{ "type": "Feature", "properties": { "n": "Hegenberger Road", "h": "art" }, "geometry": { "type": "LineString", "coordinates": [ [ -122.20154, 37.7273 ], [ -122.20162, 37.72703 ] ] } },
{ "type": "Feature", "properties": { "n": "Hegenberger Road", "h": "art" }, "geometry": { "type": "LineString", "coordinates": [ [ -122.20104, 37.72832 ], [ -122.20112, 37.72817 ] ] } },
{ "type": "Feature", "properties": { "n": "Hegenberger Road", "h": "art" }, "geometry": { "type": "LineString", "coordinates": [ [ -122.20096, 37.72811 ], [ -122.20063, 37.72869 ] ] } },
{ "type": "Feature", "properties": { "n": "Hegenberger Road", "h": "art" }, "geometry": { "type": "LineString", "coordinates": [ [ -122.20041, 37.72909 ], [ -122.20018, 37.72949 ] ] } },
{ "type": "Feature", "properties": { "n": "Hegenberger Road", "h": "art" }, "geometry": { "type": "LineString", "coordinates": [ [ -122.20174, 37.72644 ], [ -122.20155, 37.72654 ] ] } },
{ "type": "Feature", "properties": { "n": "Hegenberger Road", "h": "art" }, "geometry": { "type": "LineString", "coordinates": [ [ -122.20162, 37.72703 ], [ -122.20172, 37.7266 ] ] } },
{ "type": "Feature", "properties": { "n": "Hegenberger Road", "h": "art" }, "geometry": { "type": "LineString", "coordinates": [ [ -122.20112, 37.72817 ], [ -122.20154, 37.7273 ] ] } },
{ "type": "Feature", "properties": { "n": "Hegenberger Road", "h": "art" }, "geometry": { "type": "LineString", "coordinates": [ [ -122.20155, 37.72654 ], [ -122.20137, 37.72725 ], [ -122.20116, 37.72774 ] ] } },
{ "type": "Feature", "properties": { "n": "Webster Street", "h": "art" }, "geometry": { "type": "LineString", "coordinates": [ [ -122.2765, 37.78283 ], [ -122.2765, 37.7834 ] ] } },
{ "type": "Feature", "properties": { "n": "Webster Street", "h": "art" }, "geometry": { "type": "LineString", "coordinates": [ [ -122.2765, 37.7834 ], [ -122.27651, 37.78362 ] ] } },
{ "type": "Feature", "properties": { "n": "Webster Street", "h": "art" }, "geometry": { "type": "LineString", "coordinates": [ [ -122.27649, 37.7824 ], [ -122.2765, 37.78283 ] ] } },
{ "type": "Feature", "properties": { "n": "Webster Street", "h": "art" }, "geometry": { "type": "LineString", "coordinates": [ [ -122.27647, 37.77973 ], [ -122.27645, 37.7803 ] ] } },
{ "type": "Feature", "properties": { "n": "Webster Street", "h": "art" }, "geometry": { "type": "LineString", "coordinates": [ [ -122.27659, 37.78027 ], [ -122.27661, 37.77973 ] ] } },
{ "type": "Feature", "properties": { "n": "El Charro Road", "h": "col" }, "geometry": { "type": "LineString", "coordinates": [ [ -121.84828, 37.69437 ], [ -121.84834, 37.6956 ] ] } },
{ "type": "Feature", "properties": { "n": "El Charro Road", "h": "art" }, "geometry": { "type": "LineString", "coordinates": [ [ -121.84826, 37.69741 ], [ -121.84826, 37.69725 ] ] } },
{ "type": "Feature", "properties": { "n": "El Charro Road", "h": "art" }, "geometry": { "type": "LineString", "coordinates": [ [ -121.84802, 37.69725 ], [ -121.84801, 37.69741 ] ] } },
{ "type": "Feature", "properties": { "n": "West Jack London Boulevard", "h": "art" }, "geometry": { "type": "LineString", "coordinates": [ [ -121.84615, 37.69743 ], [ -121.84801, 37.69741 ] ] } },
{ "type": "Feature", "properties": { "n": "West Jack London Boulevard", "h": "art" }, "geometry": { "type": "LineString", "coordinates": [ [ -121.84802, 37.69725 ], [ -121.84586, 37.69724 ], [ -121.84505, 37.69717 ], [ -121.84415, 37.69689 ], [ -121.84271, 37.6963 ] ] } },
{ "type": "Feature", "properties": { "n": "Livermore Outlets Drive", "h": "col" }, "geometry": { "type": "LineString", "coordinates": [ [ -121.84021, 37.70069 ], [ -121.84029, 37.70058 ], [ -121.84037, 37.69822 ], [ -121.84058, 37.69783 ], [ -121.8408, 37.6976 ] ] } },
{ "type": "Feature", "properties": { "n": "West Jack London Boulevard", "h": "art" }, "geometry": { "type": "LineString", "coordinates": [ [ -121.84499, 37.69734 ], [ -121.84615, 37.69743 ] ] } },
{ "type": "Feature", "properties": { "n": "West Jack London Boulevard", "h": "art" }, "geometry": { "type": "LineString", "coordinates": [ [ -121.84052, 37.69554 ], [ -121.84262, 37.69644 ] ] } },
{ "type": "Feature", "properties": { "n": "El Charro Road", "h": "col" }, "geometry": { "type": "LineString", "coordinates": [ [ -121.84834, 37.6956 ], [ -121.84805, 37.69653 ], [ -121.84802, 37.69725 ] ] } },
{ "type": "Feature", "properties": { "n": "El Charro Road", "h": "col" }, "geometry": { "type": "LineString", "coordinates": [ [ -121.84826, 37.69725 ], [ -121.84834, 37.6956 ] ] } },
{ "type": "Feature", "properties": { "n": "Stoneridge Drive", "h": "art" }, "geometry": { "type": "LineString", "coordinates": [ [ -121.84914, 37.69743 ], [ -121.85038, 37.6974 ] ] } },
{ "type": "Feature", "properties": { "n": "Freisman Road", "h": "col" }, "geometry": { "type": "LineString", "coordinates": [ [ -121.84021, 37.70069 ], [ -121.83731, 37.70065 ], [ -121.83697, 37.70074 ] ] } },
{ "type": "Feature", "properties": { "n": "El Charro Road", "h": "art" }, "geometry": { "type": "LineString", "coordinates": [ [ -121.84823, 37.69821 ], [ -121.84826, 37.69741 ] ] } },
{ "type": "Feature", "properties": { "n": "West Jack London Boulevard", "h": "art" }, "geometry": { "type": "LineString", "coordinates": [ [ -121.84801, 37.69741 ], [ -121.84826, 37.69741 ] ] } },
{ "type": "Feature", "properties": { "n": "West A Street", "h": "art" }, "geometry": { "type": "LineString", "coordinates": [ [ -122.10419, 37.66637 ], [ -122.104, 37.66637 ] ] } },
{ "type": "Feature", "properties": { "n": "West A Street", "h": "art" }, "geometry": { "type": "LineString", "coordinates": [ [ -122.10461, 37.66635 ], [ -122.10435, 37.66636 ] ] } },
{ "type": "Feature", "properties": { "n": "Webster Street", "h": "art" }, "geometry": { "type": "LineString", "coordinates": [ [ -122.27668, 37.78336 ], [ -122.27663, 37.78164 ] ] } },
{ "type": "Feature", "properties": { "n": "Hathaway Avenue", "h": "art" }, "geometry": { "type": "LineString", "coordinates": [ [ -122.10341, 37.66639 ], [ -122.1034, 37.66653 ] ] } },
{ "type": "Feature", "properties": { "n": "Cedar Boulevard", "h": "art" }, "geometry": { "type": "LineString", "coordinates": [ [ -122.0019, 37.52218 ], [ -121.99959, 37.52205 ] ] } },
{ "type": "Feature", "properties": { "n": "Cedar Boulevard", "h": "art" }, "geometry": { "type": "LineString", "coordinates": [ [ -121.99749, 37.52119 ], [ -121.99665, 37.52075 ] ] } },
{ "type": "Feature", "properties": { "n": "Cedar Boulevard", "h": "art" }, "geometry": { "type": "LineString", "coordinates": [ [ -121.9943, 37.51955 ], [ -121.99368, 37.51923 ] ] } },
{ "type": "Feature", "properties": { "n": "Cedar Boulevard", "h": "art" }, "geometry": { "type": "LineString", "coordinates": [ [ -121.99368, 37.51923 ], [ -121.99325, 37.51901 ] ] } },
{ "type": "Feature", "properties": { "n": "Cedar Boulevard", "h": "art" }, "geometry": { "type": "LineString", "coordinates": [ [ -121.99665, 37.52075 ], [ -121.9943, 37.51955 ] ] } },
{ "type": "Feature", "properties": { "n": "Cedar Boulevard", "h": "art" }, "geometry": { "type": "LineString", "coordinates": [ [ -121.9987, 37.5218 ], [ -121.99749, 37.52119 ] ] } },
{ "type": "Feature", "properties": { "n": "Cedar Boulevard", "h": "art" }, "geometry": { "type": "LineString", "coordinates": [ [ -121.99959, 37.52205 ], [ -121.9989, 37.52187 ] ] } },
{ "type": "Feature", "properties": { "n": "Hesperian Boulevard", "h": "art" }, "geometry": { "type": "LineString", "coordinates": [ [ -122.12653, 37.67889 ], [ -122.12634, 37.6786 ] ] } },
{ "type": "Feature", "properties": { "n": "West A Street", "h": "art" }, "geometry": { "type": "LineString", "coordinates": [ [ -122.11753, 37.66581 ], [ -122.11776, 37.66576 ] ] } },
{ "type": "Feature", "properties": { "n": "West A Street", "h": "art" }, "geometry": { "type": "LineString", "coordinates": [ [ -122.11702, 37.66585 ], [ -122.11753, 37.66581 ] ] } },
{ "type": "Feature", "properties": { "n": "West A Street", "h": "col" }, "geometry": { "type": "LineString", "coordinates": [ [ -122.11961, 37.66509 ], [ -122.12003, 37.66509 ] ] } },
{ "type": "Feature", "properties": { "n": "West A Street", "h": "art" }, "geometry": { "type": "LineString", "coordinates": [ [ -122.1165, 37.66588 ], [ -122.11702, 37.66585 ] ] } },
{ "type": "Feature", "properties": { "n": "South Grimmer Boulevard", "h": "art" }, "geometry": { "type": "LineString", "coordinates": [ [ -121.9617, 37.50737 ], [ -121.96156, 37.5072 ] ] } },
{ "type": "Feature", "properties": { "n": "South Grimmer Boulevard", "h": "art" }, "geometry": { "type": "LineString", "coordinates": [ [ -121.96189, 37.50788 ], [ -121.96207, 37.50812 ] ] } },
{ "type": "Feature", "properties": { "n": "South Grimmer Boulevard", "h": "art" }, "geometry": { "type": "LineString", "coordinates": [ [ -121.95957, 37.50542 ], [ -121.95915, 37.50513 ] ] } },
{ "type": "Feature", "properties": { "n": "West A Street", "h": "col" }, "geometry": { "type": "LineString", "coordinates": [ [ -122.11891, 37.66519 ], [ -122.11873, 37.66527 ] ] } },
{ "type": "Feature", "properties": { "n": "Amador Valley Boulevard", "h": "col" }, "geometry": { "type": "LineString", "coordinates": [ [ -121.93664, 37.70568 ], [ -121.93685, 37.70566 ] ] } },
{ "type": "Feature", "properties": { "n": "Grant Avenue", "h": "art" }, "geometry": { "type": "LineString", "coordinates": [ [ -122.13667, 37.67973 ], [ -122.13694, 37.6796 ] ] } },
{ "type": "Feature", "properties": { "n": "Lewelling Boulevard", "h": "art" }, "geometry": { "type": "LineString", "coordinates": [ [ -122.1383, 37.68665 ], [ -122.13847, 37.68665 ] ] } },
{ "type": "Feature", "properties": { "n": "Lewelling Boulevard", "h": "art" }, "geometry": { "type": "LineString", "coordinates": [ [ -122.13865, 37.68664 ], [ -122.13888, 37.68664 ] ] } },
{ "type": "Feature", "properties": { "n": "Main Street", "h": "col" }, "geometry": { "type": "LineString", "coordinates": [ [ -122.29135, 37.78005 ], [ -122.29136, 37.78063 ] ] } },
{ "type": "Feature", "properties": { "n": "Main Street", "h": "col" }, "geometry": { "type": "LineString", "coordinates": [ [ -122.29136, 37.78063 ], [ -122.29135, 37.78094 ] ] } },
{ "type": "Feature", "properties": { "n": "Willie Stargell Avenue", "h": "col" }, "geometry": { "type": "LineString", "coordinates": [ [ -122.2914, 37.78489 ], [ -122.29092, 37.78485 ] ] } },
{ "type": "Feature", "properties": { "n": "San Leandro Street", "h": "art" }, "geometry": { "type": "LineString", "coordinates": [ [ -122.1938, 37.75095 ], [ -122.19268, 37.75003 ] ] } },
{ "type": "Feature", "properties": { "n": "66th Avenue", "h": "col" }, "geometry": { "type": "LineString", "coordinates": [ [ -122.21057, 37.7529 ], [ -122.21034, 37.753 ] ] } },
{ "type": "Feature", "properties": { "n": "Coliseum Way", "h": "col" }, "geometry": { "type": "LineString", "coordinates": [ [ -122.20592, 37.75222 ], [ -122.20617, 37.75266 ], [ -122.20633, 37.75314 ] ] } },
{ "type": "Feature", "properties": { "n": "Edgewater Drive", "h": "art" }, "geometry": { "type": "LineString", "coordinates": [ [ -122.19748, 37.73726 ], [ -122.19784, 37.73737 ] ] } },
{ "type": "Feature", "properties": { "n": "Edgewater Drive", "h": "art" }, "geometry": { "type": "LineString", "coordinates": [ [ -122.19793, 37.73717 ], [ -122.19739, 37.73703 ] ] } },
{ "type": "Feature", "properties": { "n": "Edgewater Drive", "h": "art" }, "geometry": { "type": "LineString", "coordinates": [ [ -122.2007, 37.73891 ], [ -122.20001, 37.73813 ] ] } },
{ "type": "Feature", "properties": { "n": "Edgewater Drive", "h": "art" }, "geometry": { "type": "LineString", "coordinates": [ [ -122.19871, 37.73762 ], [ -122.19906, 37.73772 ] ] } },
{ "type": "Feature", "properties": { "n": "Edgewater Drive", "h": "art" }, "geometry": { "type": "LineString", "coordinates": [ [ -122.20016, 37.73867 ], [ -122.20048, 37.73903 ] ] } },
{ "type": "Feature", "properties": { "n": "Edgewater Drive", "h": "art" }, "geometry": { "type": "LineString", "coordinates": [ [ -122.19739, 37.73703 ], [ -122.19697, 37.73692 ] ] } },
{ "type": "Feature", "properties": { "n": "Edgewater Drive", "h": "col" }, "geometry": { "type": "LineString", "coordinates": [ [ -122.20098, 37.73924 ], [ -122.2007, 37.73891 ] ] } },
{ "type": "Feature", "properties": { "n": "Edgewater Drive", "h": "art" }, "geometry": { "type": "LineString", "coordinates": [ [ -122.19906, 37.73772 ], [ -122.19935, 37.73783 ] ] } },
{ "type": "Feature", "properties": { "n": "Edgewater Drive", "h": "art" }, "geometry": { "type": "LineString", "coordinates": [ [ -122.19697, 37.73692 ], [ -122.19677, 37.73697 ] ] } },
{ "type": "Feature", "properties": { "n": "Edgewater Drive", "h": "art" }, "geometry": { "type": "LineString", "coordinates": [ [ -122.19784, 37.73737 ], [ -122.19858, 37.73758 ] ] } },
{ "type": "Feature", "properties": { "n": "Edgewater Drive", "h": "art" }, "geometry": { "type": "LineString", "coordinates": [ [ -122.19696, 37.73711 ], [ -122.19748, 37.73726 ] ] } },
{ "type": "Feature", "properties": { "n": "Edgewater Drive", "h": "art" }, "geometry": { "type": "LineString", "coordinates": [ [ -122.19935, 37.73783 ], [ -122.19954, 37.73797 ], [ -122.20016, 37.73867 ] ] } },
{ "type": "Feature", "properties": { "n": "Edgewater Drive", "h": "art" }, "geometry": { "type": "LineString", "coordinates": [ [ -122.19895, 37.73747 ], [ -122.19793, 37.73717 ] ] } },
{ "type": "Feature", "properties": { "n": "Edgewater Drive", "h": "art" }, "geometry": { "type": "LineString", "coordinates": [ [ -122.19999, 37.73811 ], [ -122.19948, 37.73766 ] ] } },
{ "type": "Feature", "properties": { "n": "Hegenberger Road", "h": "art" }, "geometry": { "type": "LineString", "coordinates": [ [ -122.19703, 37.73655 ], [ -122.19709, 37.73633 ] ] } },
{ "type": "Feature", "properties": { "n": "Hegenberger Road", "h": "art" }, "geometry": { "type": "LineString", "coordinates": [ [ -122.19713, 37.73621 ], [ -122.1972, 37.73602 ] ] } },
{ "type": "Feature", "properties": { "n": "Oakport Street", "h": "art" }, "geometry": { "type": "LineString", "coordinates": [ [ -122.20619, 37.75112 ], [ -122.20576, 37.75063 ] ] } },
{ "type": "Feature", "properties": { "n": "Oakport Street", "h": "art" }, "geometry": { "type": "LineString", "coordinates": [ [ -122.20654, 37.75151 ], [ -122.20619, 37.75112 ] ] } },
{ "type": "Feature", "properties": { "n": "Oakport Street", "h": "art" }, "geometry": { "type": "LineString", "coordinates": [ [ -122.20487, 37.74961 ], [ -122.20449, 37.74918 ] ] } },
{ "type": "Feature", "properties": { "n": "Oakport Street", "h": "art" }, "geometry": { "type": "LineString", "coordinates": [ [ -122.20379, 37.74839 ], [ -122.20362, 37.7482 ] ] } },
{ "type": "Feature", "properties": { "n": "Oakport Street", "h": "art" }, "geometry": { "type": "LineString", "coordinates": [ [ -122.19944, 37.73986 ], [ -122.20002, 37.7394 ] ] } },
{ "type": "Feature", "properties": { "n": "Oakport Street", "h": "art" }, "geometry": { "type": "LineString", "coordinates": [ [ -122.19876, 37.74256 ], [ -122.19858, 37.74232 ] ] } },
{ "type": "Feature", "properties": { "n": "Oakport Street", "h": "art" }, "geometry": { "type": "LineString", "coordinates": [ [ -122.20686, 37.75188 ], [ -122.20654, 37.75151 ] ] } },
{ "type": "Feature", "properties": { "n": "Oakport Street", "h": "art" }, "geometry": { "type": "LineString", "coordinates": [ [ -122.20449, 37.74918 ], [ -122.20433, 37.749 ] ] } },
{ "type": "Feature", "properties": { "n": "Oakport Street", "h": "art" }, "geometry": { "type": "LineString", "coordinates": [ [ -122.20362, 37.7482 ], [ -122.2032, 37.74775 ] ] } },
{ "type": "Feature", "properties": { "n": "Oakport Street", "h": "art" }, "geometry": { "type": "LineString", "coordinates": [ [ -122.19884, 37.74036 ], [ -122.1991, 37.74014 ] ] } },
{ "type": "Feature", "properties": { "n": "Oakport Street", "h": "art" }, "geometry": { "type": "LineString", "coordinates": [ [ -122.20048, 37.73903 ], [ -122.2007, 37.73891 ] ] } },
{ "type": "Feature", "properties": { "n": "Oakport Street", "h": "art" }, "geometry": { "type": "LineString", "coordinates": [ [ -122.20556, 37.7504 ], [ -122.20512, 37.7499 ] ] } },
{ "type": "Feature", "properties": { "n": "Oakport Street", "h": "art" }, "geometry": { "type": "LineString", "coordinates": [ [ -122.20576, 37.75063 ], [ -122.20556, 37.7504 ] ] } },
{ "type": "Feature", "properties": { "n": "Oakport Street", "h": "art" }, "geometry": { "type": "LineString", "coordinates": [ [ -122.1991, 37.74014 ], [ -122.19944, 37.73986 ] ] } },
{ "type": "Feature", "properties": { "n": "Oakport Street", "h": "art" }, "geometry": { "type": "LineString", "coordinates": [ [ -122.20511, 37.74989 ], [ -122.20487, 37.74961 ] ] } },
{ "type": "Feature", "properties": { "n": "Oakport Street", "h": "art" }, "geometry": { "type": "LineString", "coordinates": [ [ -122.20933, 37.75276 ], [ -122.20911, 37.75288 ] ] } },
{ "type": "Feature", "properties": { "n": "Oakport Street", "h": "art" }, "geometry": { "type": "LineString", "coordinates": [ [ -122.20002, 37.7394 ], [ -122.20048, 37.73903 ] ] } },
{ "type": "Feature", "properties": { "n": "Oakport Street", "h": "art" }, "geometry": { "type": "LineString", "coordinates": [ [ -122.20258, 37.74708 ], [ -122.20213, 37.74656 ] ] } },
{ "type": "Feature", "properties": { "n": "Oakport Street", "h": "art" }, "geometry": { "type": "LineString", "coordinates": [ [ -122.20724, 37.7523 ], [ -122.20686, 37.75188 ] ] } },
{ "type": "Feature", "properties": { "n": "Oakport Street", "h": "art" }, "geometry": { "type": "LineString", "coordinates": [ [ -122.20433, 37.749 ], [ -122.20379, 37.74839 ] ] } },
{ "type": "Feature", "properties": { "n": "Oakport Street", "h": "art" }, "geometry": { "type": "LineString", "coordinates": [ [ -122.2032, 37.74775 ], [ -122.20258, 37.74708 ] ] } },
{ "type": "Feature", "properties": { "n": "Oakport Street", "h": "art" }, "geometry": { "type": "LineString", "coordinates": [ [ -122.20171, 37.74608 ], [ -122.19985, 37.74395 ], [ -122.19876, 37.74256 ] ] } },
{ "type": "Feature", "properties": { "n": "Oakport Street", "h": "art" }, "geometry": { "type": "LineString", "coordinates": [ [ -122.20911, 37.75288 ], [ -122.2086, 37.75315 ], [ -122.20837, 37.75317 ], [ -122.20816, 37.7531 ] ] } },
{ "type": "Feature", "properties": { "n": "San Leandro Street", "h": "art" }, "geometry": { "type": "LineString", "coordinates": [ [ -122.19268, 37.75003 ], [ -122.19237, 37.74977 ] ] } },
{ "type": "Feature", "properties": { "n": "San Leandro Street", "h": "art" }, "geometry": { "type": "LineString", "coordinates": [ [ -122.19449, 37.75147 ], [ -122.19418, 37.75123 ] ] } },
{ "type": "Feature", "properties": { "n": "San Leandro Street", "h": "art" }, "geometry": { "type": "LineString", "coordinates": [ [ -122.19237, 37.74977 ], [ -122.19215, 37.74959 ] ] } },
{ "type": "Feature", "properties": { "n": "San Leandro Street", "h": "art" }, "geometry": { "type": "LineString", "coordinates": [ [ -122.19629, 37.75296 ], [ -122.19656, 37.75317 ] ] } },
{ "type": "Feature", "properties": { "n": "San Leandro Street", "h": "art" }, "geometry": { "type": "LineString", "coordinates": [ [ -122.19215, 37.74959 ], [ -122.19024, 37.748 ] ] } },
{ "type": "Feature", "properties": { "n": "San Leandro Street", "h": "art" }, "geometry": { "type": "LineString", "coordinates": [ [ -122.19402, 37.75111 ], [ -122.1938, 37.75095 ] ] } },
{ "type": "Feature", "properties": { "n": "San Leandro Street", "h": "art" }, "geometry": { "type": "LineString", "coordinates": [ [ -122.19579, 37.75238 ], [ -122.19543, 37.75209 ] ] } },
{ "type": "Feature", "properties": { "n": "San Leandro Street", "h": "art" }, "geometry": { "type": "LineString", "coordinates": [ [ -122.19543, 37.75209 ], [ -122.19487, 37.75168 ] ] } },
{ "type": "Feature", "properties": { "n": "San Leandro Street", "h": "art" }, "geometry": { "type": "LineString", "coordinates": [ [ -122.19449, 37.75147 ], [ -122.19534, 37.7522 ] ] } },
{ "type": "Feature", "properties": { "n": "South Coliseum Way", "h": "col" }, "geometry": { "type": "LineString", "coordinates": [ [ -122.1962, 37.74475 ], [ -122.19715, 37.74485 ] ] } },
{ "type": "Feature", "properties": { "n": "Doolittle Drive", "h": "art" }, "geometry": { "type": "LineString", "coordinates": [ [ -122.21338, 37.73696 ], [ -122.21284, 37.73617 ] ] } },
{ "type": "Feature", "properties": { "n": "Doolittle Drive", "h": "art" }, "geometry": { "type": "LineString", "coordinates": [ [ -122.22676, 37.74523 ], [ -122.22658, 37.74524 ] ] } },
{ "type": "Feature", "properties": { "n": "Doolittle Drive", "h": "art" }, "geometry": { "type": "LineString", "coordinates": [ [ -122.22552, 37.74542 ], [ -122.22667, 37.74537 ] ] } },
{ "type": "Feature", "properties": { "n": "Doolittle Drive", "h": "art" }, "geometry": { "type": "LineString", "coordinates": [ [ -122.22619, 37.74526 ], [ -122.22574, 37.74527 ] ] } },
{ "type": "Feature", "properties": { "n": "Doolittle Drive", "h": "art" }, "geometry": { "type": "LineString", "coordinates": [ [ -122.22724, 37.74522 ], [ -122.22676, 37.74523 ] ] } },
{ "type": "Feature", "properties": { "n": "Doolittle Drive", "h": "art" }, "geometry": { "type": "LineString", "coordinates": [ [ -122.21717, 37.7416 ], [ -122.21513, 37.73912 ] ] } },
{ "type": "Feature", "properties": { "n": "Doolittle Drive", "h": "art" }, "geometry": { "type": "LineString", "coordinates": [ [ -122.21438, 37.73821 ], [ -122.21399, 37.73773 ] ] } },
{ "type": "Feature", "properties": { "n": "Doolittle Drive", "h": "art" }, "geometry": { "type": "LineString", "coordinates": [ [ -122.21742, 37.7419 ], [ -122.21717, 37.7416 ] ] } },
{ "type": "Feature", "properties": { "n": "Doolittle Drive", "h": "art" }, "geometry": { "type": "LineString", "coordinates": [ [ -122.21767, 37.74221 ], [ -122.21742, 37.7419 ] ] } },
{ "type": "Feature", "properties": { "n": "Doolittle Drive", "h": "art" }, "geometry": { "type": "LineString", "coordinates": [ [ -122.22549, 37.74528 ], [ -122.22384, 37.74549 ] ] } },
{ "type": "Feature", "properties": { "n": "Doolittle Drive", "h": "art" }, "geometry": { "type": "LineString", "coordinates": [ [ -122.22384, 37.74549 ], [ -122.22512, 37.74544 ] ] } },
{ "type": "Feature", "properties": { "n": "Doolittle Drive", "h": "art" }, "geometry": { "type": "LineString", "coordinates": [ [ -122.22872, 37.74543 ], [ -122.22787, 37.74527 ], [ -122.22724, 37.74522 ] ] } },
{ "type": "Feature", "properties": { "n": "Doolittle Drive", "h": "art" }, "geometry": { "type": "LineString", "coordinates": [ [ -122.21227, 37.73507 ], [ -122.21192, 37.73431 ] ] } },
{ "type": "Feature", "properties": { "n": "Doolittle Drive", "h": "art" }, "geometry": { "type": "LineString", "coordinates": [ [ -122.21399, 37.73773 ], [ -122.21338, 37.73696 ] ] } },
{ "type": "Feature", "properties": { "n": "Doolittle Drive", "h": "art" }, "geometry": { "type": "LineString", "coordinates": [ [ -122.21284, 37.73617 ], [ -122.21227, 37.73507 ] ] } },
{ "type": "Feature", "properties": { "n": "Doolittle Drive", "h": "art" }, "geometry": { "type": "LineString", "coordinates": [ [ -122.21144, 37.73321 ], [ -122.21077, 37.73176 ], [ -122.21053, 37.73145 ], [ -122.21021, 37.73116 ] ] } },
{ "type": "Feature", "properties": { "n": "Harbor Bay Parkway", "h": "art" }, "geometry": { "type": "LineString", "coordinates": [ [ -122.22659, 37.74488 ], [ -122.22658, 37.74524 ] ] } },
{ "type": "Feature", "properties": { "n": "Harbor Bay Parkway", "h": "art" }, "geometry": { "type": "LineString", "coordinates": [ [ -122.22658, 37.74524 ], [ -122.22667, 37.74537 ] ] } },
{ "type": "Feature", "properties": { "n": "Harbor Bay Parkway", "h": "art" }, "geometry": { "type": "LineString", "coordinates": [ [ -122.22667, 37.74537 ], [ -122.22676, 37.74523 ] ] } },
{ "type": "Feature", "properties": { "n": "Harbor Bay Parkway", "h": "art" }, "geometry": { "type": "LineString", "coordinates": [ [ -122.22674, 37.74463 ], [ -122.22664, 37.7441 ] ] } },
{ "type": "Feature", "properties": { "n": "Golf Links Road", "h": "col" }, "geometry": { "type": "LineString", "coordinates": [ [ -122.15229, 37.75439 ], [ -122.15206, 37.75414 ] ] } },
{ "type": "Feature", "properties": { "n": "MacArthur Boulevard", "h": "art" }, "geometry": { "type": "LineString", "coordinates": [ [ -122.16356, 37.76114 ], [ -122.16344, 37.761 ] ] } },
{ "type": "Feature", "properties": { "n": "MacArthur Boulevard", "h": "art" }, "geometry": { "type": "LineString", "coordinates": [ [ -122.16344, 37.761 ], [ -122.16328, 37.76082 ] ] } },
{ "type": "Feature", "properties": { "n": "Bancroft Avenue", "h": "art" }, "geometry": { "type": "LineString", "coordinates": [ [ -122.17116, 37.76069 ], [ -122.17081, 37.76027 ] ] } },
{ "type": "Feature", "properties": { "n": "Bancroft Avenue", "h": "art" }, "geometry": { "type": "LineString", "coordinates": [ [ -122.17081, 37.76027 ], [ -122.17059, 37.75998 ] ] } },
{ "type": "Feature", "properties": { "n": "Bancroft Avenue", "h": "art" }, "geometry": { "type": "LineString", "coordinates": [ [ -122.16957, 37.7586 ], [ -122.16941, 37.75839 ] ] } },
{ "type": "Feature", "properties": { "n": "Bancroft Avenue", "h": "art" }, "geometry": { "type": "LineString", "coordinates": [ [ -122.17136, 37.76085 ], [ -122.17116, 37.76069 ] ] } },
{ "type": "Feature", "properties": { "n": "Bancroft Avenue", "h": "art" }, "geometry": { "type": "LineString", "coordinates": [ [ -122.17059, 37.75998 ], [ -122.16957, 37.7586 ] ] } },
{ "type": "Feature", "properties": { "n": "Bancroft Avenue", "h": "art" }, "geometry": { "type": "LineString", "coordinates": [ [ -122.17249, 37.76186 ], [ -122.17136, 37.76085 ] ] } },
{ "type": "Feature", "properties": { "n": "Bancroft Avenue", "h": "art" }, "geometry": { "type": "LineString", "coordinates": [ [ -122.17082, 37.76062 ], [ -122.17097, 37.76078 ] ] } },
{ "type": "Feature", "properties": { "n": "Bancroft Avenue", "h": "art" }, "geometry": { "type": "LineString", "coordinates": [ [ -122.17058, 37.76034 ], [ -122.17082, 37.76062 ] ] } },
{ "type": "Feature", "properties": { "n": "Bancroft Avenue", "h": "art" }, "geometry": { "type": "LineString", "coordinates": [ [ -122.16921, 37.75849 ], [ -122.17019, 37.7598 ] ] } },
{ "type": "Feature", "properties": { "n": "International Boulevard", "h": "art" }, "geometry": { "type": "LineString", "coordinates": [ [ -122.18181, 37.75669 ], [ -122.18164, 37.75661 ] ] } },
{ "type": "Feature", "properties": { "n": "International Boulevard", "h": "art" }, "geometry": { "type": "LineString", "coordinates": [ [ -122.21131, 37.77061 ], [ -122.2103, 37.77014 ] ] } },
{ "type": "Feature", "properties": { "n": "International Boulevard", "h": "art" }, "geometry": { "type": "LineString", "coordinates": [ [ -122.21177, 37.77083 ], [ -122.21131, 37.77061 ] ] } },
{ "type": "Feature", "properties": { "n": "San Leandro Street", "h": "art" }, "geometry": { "type": "LineString", "coordinates": [ [ -122.19857, 37.75495 ], [ -122.19882, 37.75518 ] ] } },
{ "type": "Feature", "properties": { "n": "San Leandro Street", "h": "art" }, "geometry": { "type": "LineString", "coordinates": [ [ -122.20512, 37.7605 ], [ -122.20555, 37.76088 ] ] } },
{ "type": "Feature", "properties": { "n": "San Leandro Street", "h": "art" }, "geometry": { "type": "LineString", "coordinates": [ [ -122.20585, 37.76115 ], [ -122.20555, 37.76088 ] ] } },
{ "type": "Feature", "properties": { "n": "San Leandro Street", "h": "art" }, "geometry": { "type": "LineString", "coordinates": [ [ -122.20041, 37.75653 ], [ -122.20075, 37.75682 ] ] } },
{ "type": "Feature", "properties": { "n": "San Leandro Street", "h": "art" }, "geometry": { "type": "LineString", "coordinates": [ [ -122.19995, 37.75618 ], [ -122.2003, 37.75643 ] ] } },
{ "type": "Feature", "properties": { "n": "San Leandro Street", "h": "art" }, "geometry": { "type": "LineString", "coordinates": [ [ -122.19924, 37.75541 ], [ -122.19892, 37.75511 ] ] } },
{ "type": "Feature", "properties": { "n": "San Leandro Street", "h": "art" }, "geometry": { "type": "LineString", "coordinates": [ [ -122.20075, 37.75682 ], [ -122.20124, 37.75723 ] ] } },
{ "type": "Feature", "properties": { "n": "San Leandro Street", "h": "art" }, "geometry": { "type": "LineString", "coordinates": [ [ -122.20124, 37.75723 ], [ -122.20512, 37.7605 ] ] } },
{ "type": "Feature", "properties": { "n": "San Leandro Street", "h": "art" }, "geometry": { "type": "LineString", "coordinates": [ [ -122.21091, 37.76539 ], [ -122.21028, 37.76487 ] ] } },
{ "type": "Feature", "properties": { "n": "San Leandro Street", "h": "art" }, "geometry": { "type": "LineString", "coordinates": [ [ -122.21028, 37.76487 ], [ -122.20585, 37.76115 ] ] } },
{ "type": "Feature", "properties": { "n": "Coliseum Way", "h": "col" }, "geometry": { "type": "LineString", "coordinates": [ [ -122.20662, 37.75416 ], [ -122.20668, 37.75438 ] ] } },
{ "type": "Feature", "properties": { "n": "Coliseum Way", "h": "col" }, "geometry": { "type": "LineString", "coordinates": [ [ -122.20654, 37.75398 ], [ -122.20662, 37.75416 ] ] } },
{ "type": "Feature", "properties": { "n": "International Boulevard", "h": "art" }, "geometry": { "type": "LineString", "coordinates": [ [ -122.20111, 37.76585 ], [ -122.20039, 37.76547 ] ] } },
{ "type": "Feature", "properties": { "n": "International Boulevard", "h": "art" }, "geometry": { "type": "LineString", "coordinates": [ [ -122.20169, 37.76613 ], [ -122.20111, 37.76585 ] ] } },
{ "type": "Feature", "properties": { "n": "International Boulevard", "h": "art" }, "geometry": { "type": "LineString", "coordinates": [ [ -122.19993, 37.7653 ], [ -122.1997, 37.7652 ] ] } },
{ "type": "Feature", "properties": { "n": "Encinal Avenue", "h": "col" }, "geometry": { "type": "LineString", "coordinates": [ [ -122.23127, 37.7542 ], [ -122.23098, 37.75399 ] ] } },
{ "type": "Feature", "properties": { "n": "Fernside Boulevard", "h": "art" }, "geometry": { "type": "LineString", "coordinates": [ [ -122.23084, 37.75407 ], [ -122.23065, 37.75425 ] ] } },
{ "type": "Feature", "properties": { "n": "Fernside Boulevard", "h": "art" }, "geometry": { "type": "LineString", "coordinates": [ [ -122.23092, 37.75394 ], [ -122.23084, 37.75407 ] ] } },
{ "type": "Feature", "properties": { "n": "Fernside Boulevard", "h": "art" }, "geometry": { "type": "LineString", "coordinates": [ [ -122.23131, 37.75358 ], [ -122.23092, 37.75394 ] ] } },
{ "type": "Feature", "properties": { "n": "Fruitvale Avenue", "h": "art" }, "geometry": { "type": "LineString", "coordinates": [ [ -122.22983, 37.76944 ], [ -122.22972, 37.76955 ] ] } },
{ "type": "Feature", "properties": { "n": "Fruitvale Avenue", "h": "art" }, "geometry": { "type": "LineString", "coordinates": [ [ -122.22965, 37.76962 ], [ -122.22937, 37.76997 ], [ -122.22937, 37.77005 ] ] } },
{ "type": "Feature", "properties": { "n": "San Leandro Street", "h": "art" }, "geometry": { "type": "LineString", "coordinates": [ [ -122.2121, 37.76637 ], [ -122.21189, 37.76621 ] ] } },
{ "type": "Feature", "properties": { "n": "San Leandro Street", "h": "art" }, "geometry": { "type": "LineString", "coordinates": [ [ -122.21189, 37.76621 ], [ -122.21091, 37.76539 ] ] } },
{ "type": "Feature", "properties": { "n": "San Leandro Street", "h": "art" }, "geometry": { "type": "LineString", "coordinates": [ [ -122.21338, 37.76751 ], [ -122.21304, 37.76723 ] ] } },
{ "type": "Feature", "properties": { "n": "San Leandro Street", "h": "art" }, "geometry": { "type": "LineString", "coordinates": [ [ -122.21304, 37.76723 ], [ -122.2121, 37.76637 ] ] } },
{ "type": "Feature", "properties": { "n": "Pleasant Valley Avenue", "h": "art" }, "geometry": { "type": "LineString", "coordinates": [ [ -122.24708, 37.82991 ], [ -122.24697, 37.82977 ] ] } },
{ "type": "Feature", "properties": { "n": "West Grand Avenue", "h": "art" }, "geometry": { "type": "LineString", "coordinates": [ [ -122.28993, 37.81699 ], [ -122.28963, 37.81683 ] ] } },
{ "type": "Feature", "properties": { "n": "West Grand Avenue", "h": "art" }, "geometry": { "type": "LineString", "coordinates": [ [ -122.28878, 37.81671 ], [ -122.28906, 37.81679 ] ] } },
{ "type": "Feature", "properties": { "n": "West Grand Avenue", "h": "art" }, "geometry": { "type": "LineString", "coordinates": [ [ -122.28919, 37.81682 ], [ -122.28962, 37.81698 ] ] } },
{ "type": "Feature", "properties": { "n": "West Grand Avenue", "h": "art" }, "geometry": { "type": "LineString", "coordinates": [ [ -122.28963, 37.81683 ], [ -122.28922, 37.81669 ] ] } },
{ "type": "Feature", "properties": { "n": "West Grand Avenue", "h": "art" }, "geometry": { "type": "LineString", "coordinates": [ [ -122.29219, 37.81819 ], [ -122.2912, 37.81769 ] ] } },
{ "type": "Feature", "properties": { "n": "West Grand Avenue", "h": "art" }, "geometry": { "type": "LineString", "coordinates": [ [ -122.28962, 37.81698 ], [ -122.2908, 37.81759 ] ] } },
{ "type": "Feature", "properties": { "n": "Oxford Street", "h": "col" }, "geometry": { "type": "LineString", "coordinates": [ [ -122.2658, 37.87039 ], [ -122.26581, 37.87052 ] ] } },
{ "type": "Feature", "properties": { "n": "Broadway", "h": "art" }, "geometry": { "type": "LineString", "coordinates": [ [ -122.24484, 37.75558 ], [ -122.2447, 37.7558 ] ] } },
{ "type": "Feature", "properties": { "n": "Broadway", "h": "col" }, "geometry": { "type": "LineString", "coordinates": [ [ -122.24655, 37.75346 ], [ -122.24604, 37.75408 ] ] } },
{ "type": "Feature", "properties": { "n": "Broadway", "h": "col" }, "geometry": { "type": "LineString", "coordinates": [ [ -122.24589, 37.75426 ], [ -122.24484, 37.75558 ] ] } },
{ "type": "Feature", "properties": { "n": "Otis Drive", "h": "art" }, "geometry": { "type": "LineString", "coordinates": [ [ -122.25419, 37.76081 ], [ -122.25441, 37.76089 ] ] } },
{ "type": "Feature", "properties": { "n": "Otis Drive", "h": "art" }, "geometry": { "type": "LineString", "coordinates": [ [ -122.24717, 37.75679 ], [ -122.24735, 37.75689 ] ] } },
{ "type": "Feature", "properties": { "n": "Otis Drive", "h": "art" }, "geometry": { "type": "LineString", "coordinates": [ [ -122.25441, 37.76089 ], [ -122.25463, 37.76097 ] ] } },
{ "type": "Feature", "properties": { "n": "Otis Drive", "h": "art" }, "geometry": { "type": "LineString", "coordinates": [ [ -122.25399, 37.76073 ], [ -122.25419, 37.76081 ] ] } },
{ "type": "Feature", "properties": { "n": "Otis Drive", "h": "art" }, "geometry": { "type": "LineString", "coordinates": [ [ -122.24641, 37.75639 ], [ -122.24717, 37.75679 ] ] } },
{ "type": "Feature", "properties": { "n": "Otis Drive", "h": "art" }, "geometry": { "type": "LineString", "coordinates": [ [ -122.24446, 37.75538 ], [ -122.24484, 37.75558 ] ] } },
{ "type": "Feature", "properties": { "n": "Otis Drive", "h": "art" }, "geometry": { "type": "LineString", "coordinates": [ [ -122.24625, 37.75631 ], [ -122.24641, 37.75639 ] ] } },
{ "type": "Feature", "properties": { "n": "Otis Drive", "h": "art" }, "geometry": { "type": "LineString", "coordinates": [ [ -122.2455, 37.75592 ], [ -122.24606, 37.75621 ] ] } },
{ "type": "Feature", "properties": { "n": "Otis Drive", "h": "art" }, "geometry": { "type": "LineString", "coordinates": [ [ -122.24606, 37.75621 ], [ -122.24625, 37.75631 ] ] } },
{ "type": "Feature", "properties": { "n": "Otis Drive", "h": "art" }, "geometry": { "type": "LineString", "coordinates": [ [ -122.24735, 37.75689 ], [ -122.24754, 37.75699 ] ] } },
{ "type": "Feature", "properties": { "n": "Otis Drive", "h": "art" }, "geometry": { "type": "LineString", "coordinates": [ [ -122.25144, 37.75936 ], [ -122.25205, 37.75973 ] ] } },
{ "type": "Feature", "properties": { "n": "Otis Drive", "h": "art" }, "geometry": { "type": "LineString", "coordinates": [ [ -122.24534, 37.75584 ], [ -122.2455, 37.75592 ] ] } },
{ "type": "Feature", "properties": { "n": "Otis Drive", "h": "art" }, "geometry": { "type": "LineString", "coordinates": [ [ -122.24484, 37.75558 ], [ -122.24513, 37.75573 ] ] } },
{ "type": "Feature", "properties": { "n": "Otis Drive", "h": "art" }, "geometry": { "type": "LineString", "coordinates": [ [ -122.24513, 37.75573 ], [ -122.24534, 37.75584 ] ] } },
{ "type": "Feature", "properties": { "n": "Otis Drive", "h": "art" }, "geometry": { "type": "LineString", "coordinates": [ [ -122.24809, 37.75735 ], [ -122.24843, 37.75756 ] ] } },
{ "type": "Feature", "properties": { "n": "Otis Drive", "h": "art" }, "geometry": { "type": "LineString", "coordinates": [ [ -122.24754, 37.75699 ], [ -122.24804, 37.75732 ] ] } },
{ "type": "Feature", "properties": { "n": "Otis Drive", "h": "art" }, "geometry": { "type": "LineString", "coordinates": [ [ -122.24843, 37.75756 ], [ -122.24889, 37.75783 ] ] } },
{ "type": "Feature", "properties": { "n": "Otis Drive", "h": "art" }, "geometry": { "type": "LineString", "coordinates": [ [ -122.25248, 37.75998 ], [ -122.2532, 37.7604 ], [ -122.25372, 37.76063 ] ] } },
{ "type": "Feature", "properties": { "n": "Park Street", "h": "col" }, "geometry": { "type": "LineString", "coordinates": [ [ -122.2487, 37.75723 ], [ -122.24843, 37.75756 ] ] } },
{ "type": "Feature", "properties": { "n": "Park Street", "h": "art" }, "geometry": { "type": "LineString", "coordinates": [ [ -122.24843, 37.75756 ], [ -122.2482, 37.75782 ] ] } },
{ "type": "Feature", "properties": { "n": "Park Street", "h": "col" }, "geometry": { "type": "LineString", "coordinates": [ [ -122.24893, 37.75692 ], [ -122.2487, 37.75723 ] ] } },
{ "type": "Feature", "properties": { "n": "Willow Street", "h": "col" }, "geometry": { "type": "LineString", "coordinates": [ [ -122.25463, 37.76097 ], [ -122.25483, 37.76063 ] ] } },
{ "type": "Feature", "properties": { "n": "Harbor Bay Parkway", "h": "art" }, "geometry": { "type": "LineString", "coordinates": [ [ -122.25309, 37.73455 ], [ -122.25328, 37.73405 ] ] } },
{ "type": "Feature", "properties": { "n": "Harbor Bay Parkway", "h": "art" }, "geometry": { "type": "LineString", "coordinates": [ [ -122.25316, 37.73409 ], [ -122.253, 37.7345 ] ] } },
{ "type": "Feature", "properties": { "n": "Island Drive", "h": "art" }, "geometry": { "type": "LineString", "coordinates": [ [ -122.23981, 37.73573 ], [ -122.23986, 37.7356 ] ] } },
{ "type": "Feature", "properties": { "n": "Island Drive", "h": "art" }, "geometry": { "type": "LineString", "coordinates": [ [ -122.23943, 37.73624 ], [ -122.23981, 37.73573 ] ] } },
{ "type": "Feature", "properties": { "n": "Mecartney Road", "h": "art" }, "geometry": { "type": "LineString", "coordinates": [ [ -122.23981, 37.73573 ], [ -122.24106, 37.73602 ] ] } },
{ "type": "Feature", "properties": { "n": "Mecartney Road", "h": "art" }, "geometry": { "type": "LineString", "coordinates": [ [ -122.24159, 37.736 ], [ -122.24111, 37.73589 ] ] } },
{ "type": "Feature", "properties": { "n": "Mecartney Road", "h": "art" }, "geometry": { "type": "LineString", "coordinates": [ [ -122.24054, 37.73576 ], [ -122.23986, 37.7356 ] ] } },
{ "type": "Feature", "properties": { "n": "Mecartney Road", "h": "art" }, "geometry": { "type": "LineString", "coordinates": [ [ -122.24111, 37.73589 ], [ -122.24054, 37.73576 ] ] } },
{ "type": "Feature", "properties": { "n": "Harbor Bay Parkway", "h": "art" }, "geometry": { "type": "LineString", "coordinates": [ [ -122.22668, 37.73375 ], [ -122.22665, 37.7343 ] ] } },
{ "type": "Feature", "properties": { "n": "Harbor Bay Parkway", "h": "art" }, "geometry": { "type": "LineString", "coordinates": [ [ -122.22927, 37.72867 ], [ -122.22912, 37.7291 ] ] } },
{ "type": "Feature", "properties": { "n": "Island Drive", "h": "art" }, "geometry": { "type": "LineString", "coordinates": [ [ -122.23808, 37.73929 ], [ -122.238, 37.73962 ] ] } },
{ "type": "Feature", "properties": { "n": "Island Drive", "h": "art" }, "geometry": { "type": "LineString", "coordinates": [ [ -122.2384, 37.73908 ], [ -122.23848, 37.73874 ] ] } },
{ "type": "Feature", "properties": { "n": "Island Drive", "h": "art" }, "geometry": { "type": "LineString", "coordinates": [ [ -122.23818, 37.74004 ], [ -122.23827, 37.73965 ] ] } },
{ "type": "Feature", "properties": { "n": "Island Drive", "h": "art" }, "geometry": { "type": "LineString", "coordinates": [ [ -122.23691, 37.74517 ], [ -122.23756, 37.74358 ] ] } },
{ "type": "Feature", "properties": { "n": "Island Drive", "h": "art" }, "geometry": { "type": "LineString", "coordinates": [ [ -122.23866, 37.73796 ], [ -122.23878, 37.73745 ] ] } },
{ "type": "Feature", "properties": { "n": "Island Drive", "h": "art" }, "geometry": { "type": "LineString", "coordinates": [ [ -122.23827, 37.73965 ], [ -122.2384, 37.73908 ] ] } },
{ "type": "Feature", "properties": { "n": "Island Drive", "h": "art" }, "geometry": { "type": "LineString", "coordinates": [ [ -122.23848, 37.73874 ], [ -122.23866, 37.73796 ] ] } },
{ "type": "Feature", "properties": { "n": "Island Drive", "h": "art" }, "geometry": { "type": "LineString", "coordinates": [ [ -122.23615, 37.74621 ], [ -122.23604, 37.74642 ] ] } },
{ "type": "Feature", "properties": { "n": "Island Drive", "h": "art" }, "geometry": { "type": "LineString", "coordinates": [ [ -122.23679, 37.74547 ], [ -122.23691, 37.74517 ] ] } },
{ "type": "Feature", "properties": { "n": "Island Drive", "h": "art" }, "geometry": { "type": "LineString", "coordinates": [ [ -122.23631, 37.74586 ], [ -122.23615, 37.74621 ] ] } },
{ "type": "Feature", "properties": { "n": "Island Drive", "h": "art" }, "geometry": { "type": "LineString", "coordinates": [ [ -122.23834, 37.73824 ], [ -122.23823, 37.7387 ] ] } },
{ "type": "Feature", "properties": { "n": "Island Drive", "h": "art" }, "geometry": { "type": "LineString", "coordinates": [ [ -122.23756, 37.74358 ], [ -122.23772, 37.74317 ] ] } },
{ "type": "Feature", "properties": { "n": "Island Drive", "h": "art" }, "geometry": { "type": "LineString", "coordinates": [ [ -122.23823, 37.7387 ], [ -122.23808, 37.73929 ] ] } },
{ "type": "Feature", "properties": { "n": "Island Drive", "h": "art" }, "geometry": { "type": "LineString", "coordinates": [ [ -122.23897, 37.73683 ], [ -122.23938, 37.73629 ] ] } },
{ "type": "Feature", "properties": { "n": "Island Drive", "h": "art" }, "geometry": { "type": "LineString", "coordinates": [ [ -122.23871, 37.73693 ], [ -122.23856, 37.73742 ] ] } },
{ "type": "Feature", "properties": { "n": "Island Drive", "h": "art" }, "geometry": { "type": "LineString", "coordinates": [ [ -122.23856, 37.73742 ], [ -122.23834, 37.73824 ] ] } },
{ "type": "Feature", "properties": { "n": "Island Drive", "h": "art" }, "geometry": { "type": "LineString", "coordinates": [ [ -122.23878, 37.73745 ], [ -122.23897, 37.73683 ] ] } },
{ "type": "Feature", "properties": { "n": "Island Drive", "h": "art" }, "geometry": { "type": "LineString", "coordinates": [ [ -122.23617, 37.74641 ], [ -122.23625, 37.74618 ], [ -122.23679, 37.74547 ] ] } },
{ "type": "Feature", "properties": { "n": "Island Drive", "h": "art" }, "geometry": { "type": "LineString", "coordinates": [ [ -122.23757, 37.74266 ], [ -122.23728, 37.74343 ] ] } },
{ "type": "Feature", "properties": { "n": "Island Drive", "h": "art" }, "geometry": { "type": "LineString", "coordinates": [ [ -122.238, 37.73962 ], [ -122.23756, 37.74155 ], [ -122.2376, 37.74241 ] ] } },
{ "type": "Feature", "properties": { "n": "Otis Drive", "h": "art" }, "geometry": { "type": "LineString", "coordinates": [ [ -122.23863, 37.75164 ], [ -122.23899, 37.75189 ] ] } },
{ "type": "Feature", "properties": { "n": "Otis Drive", "h": "art" }, "geometry": { "type": "LineString", "coordinates": [ [ -122.23899, 37.75189 ], [ -122.23933, 37.75213 ] ] } },
{ "type": "Feature", "properties": { "n": "Otis Drive", "h": "art" }, "geometry": { "type": "LineString", "coordinates": [ [ -122.23711, 37.75118 ], [ -122.23687, 37.75111 ] ] } },
{ "type": "Feature", "properties": { "n": "Otis Drive", "h": "art" }, "geometry": { "type": "LineString", "coordinates": [ [ -122.23854, 37.75158 ], [ -122.23831, 37.7514 ], [ -122.23801, 37.75129 ], [ -122.23711, 37.75118 ] ] } },
{ "type": "Feature", "properties": { "n": "Mecartney Road", "h": "art" }, "geometry": { "type": "LineString", "coordinates": [ [ -122.24432, 37.73681 ], [ -122.24479, 37.73692 ] ] } },
{ "type": "Feature", "properties": { "n": "Mecartney Road", "h": "art" }, "geometry": { "type": "LineString", "coordinates": [ [ -122.24659, 37.73724 ], [ -122.24722, 37.73726 ] ] } },
{ "type": "Feature", "properties": { "n": "Mecartney Road", "h": "art" }, "geometry": { "type": "LineString", "coordinates": [ [ -122.24106, 37.73602 ], [ -122.24142, 37.7361 ] ] } },
{ "type": "Feature", "properties": { "n": "Mecartney Road", "h": "art" }, "geometry": { "type": "LineString", "coordinates": [ [ -122.24761, 37.73714 ], [ -122.24721, 37.73713 ] ] } },
{ "type": "Feature", "properties": { "n": "Mecartney Road", "h": "art" }, "geometry": { "type": "LineString", "coordinates": [ [ -122.24536, 37.73691 ], [ -122.24484, 37.73678 ] ] } },
{ "type": "Feature", "properties": { "n": "Mecartney Road", "h": "art" }, "geometry": { "type": "LineString", "coordinates": [ [ -122.24192, 37.73621 ], [ -122.24223, 37.73629 ] ] } },
{ "type": "Feature", "properties": { "n": "Mecartney Road", "h": "art" }, "geometry": { "type": "LineString", "coordinates": [ [ -122.24915, 37.73741 ], [ -122.24873, 37.73727 ] ] } },
{ "type": "Feature", "properties": { "n": "Mecartney Road", "h": "art" }, "geometry": { "type": "LineString", "coordinates": [ [ -122.24873, 37.73727 ], [ -122.24812, 37.73716 ], [ -122.24761, 37.73714 ] ] } },
{ "type": "Feature", "properties": { "n": "Mecartney Road", "h": "art" }, "geometry": { "type": "LineString", "coordinates": [ [ -122.24479, 37.73692 ], [ -122.24596, 37.73717 ], [ -122.24659, 37.73724 ] ] } },
{ "type": "Feature", "properties": { "n": "Mecartney Road", "h": "art" }, "geometry": { "type": "LineString", "coordinates": [ [ -122.24721, 37.73713 ], [ -122.24639, 37.73707 ], [ -122.24536, 37.73691 ] ] } },
{ "type": "Feature", "properties": { "n": "Mecartney Road", "h": "art" }, "geometry": { "type": "LineString", "coordinates": [ [ -122.24314, 37.7365 ], [ -122.24432, 37.73681 ] ] } },
{ "type": "Feature", "properties": { "n": "Mecartney Road", "h": "art" }, "geometry": { "type": "LineString", "coordinates": [ [ -122.25103, 37.73788 ], [ -122.25016, 37.73779 ], [ -122.24915, 37.73741 ] ] } },
{ "type": "Feature", "properties": { "n": "Robert Davey Junior Drive", "h": "art" }, "geometry": { "type": "LineString", "coordinates": [ [ -122.24404, 37.74296 ], [ -122.24333, 37.7438 ] ] } },
{ "type": "Feature", "properties": { "n": "Robert Davey Junior Drive", "h": "art" }, "geometry": { "type": "LineString", "coordinates": [ [ -122.23979, 37.74419 ], [ -122.23947, 37.74395 ] ] } },
{ "type": "Feature", "properties": { "n": "Robert Davey Junior Drive", "h": "art" }, "geometry": { "type": "LineString", "coordinates": [ [ -122.24333, 37.7438 ], [ -122.24309, 37.74407 ] ] } },
{ "type": "Feature", "properties": { "n": "Robert Davey Junior Drive", "h": "art" }, "geometry": { "type": "LineString", "coordinates": [ [ -122.23899, 37.74374 ], [ -122.23937, 37.74405 ] ] } },
{ "type": "Feature", "properties": { "n": "Robert Davey Junior Drive", "h": "art" }, "geometry": { "type": "LineString", "coordinates": [ [ -122.24291, 37.74437 ], [ -122.2432, 37.74414 ] ] } },
{ "type": "Feature", "properties": { "n": "Robert Davey Junior Drive", "h": "art" }, "geometry": { "type": "LineString", "coordinates": [ [ -122.24367, 37.74359 ], [ -122.24388, 37.74331 ] ] } },
{ "type": "Feature", "properties": { "n": "Robert Davey Junior Drive", "h": "art" }, "geometry": { "type": "LineString", "coordinates": [ [ -122.23815, 37.74325 ], [ -122.23772, 37.74317 ] ] } },
{ "type": "Feature", "properties": { "n": "Robert Davey Junior Drive", "h": "art" }, "geometry": { "type": "LineString", "coordinates": [ [ -122.2432, 37.74414 ], [ -122.24367, 37.74359 ] ] } },
{ "type": "Feature", "properties": { "n": "Robert Davey Junior Drive", "h": "art" }, "geometry": { "type": "LineString", "coordinates": [ [ -122.23808, 37.74335 ], [ -122.23851, 37.74349 ], [ -122.23899, 37.74374 ] ] } },
{ "type": "Feature", "properties": { "n": "Robert Davey Junior Drive", "h": "art" }, "geometry": { "type": "LineString", "coordinates": [ [ -122.23938, 37.74389 ], [ -122.239, 37.7436 ], [ -122.23842, 37.74333 ] ] } },
{ "type": "Feature", "properties": { "n": "Westline Drive", "h": "art" }, "geometry": { "type": "LineString", "coordinates": [ [ -122.27167, 37.76718 ], [ -122.27177, 37.76738 ] ] } },
{ "type": "Feature", "properties": { "n": "Westline Drive", "h": "art" }, "geometry": { "type": "LineString", "coordinates": [ [ -122.2716, 37.76694 ], [ -122.27167, 37.76718 ] ] } },
{ "type": "Feature", "properties": { "n": "Otis Drive", "h": "art" }, "geometry": { "type": "LineString", "coordinates": [ [ -122.27123, 37.76617 ], [ -122.27158, 37.76616 ] ] } },
{ "type": "Feature", "properties": { "n": "Westline Drive", "h": "art" }, "geometry": { "type": "LineString", "coordinates": [ [ -122.27159, 37.7668 ], [ -122.2716, 37.76694 ] ] } },
{ "type": "Feature", "properties": { "n": "Eastshore Highway", "h": "col" }, "geometry": { "type": "LineString", "coordinates": [ [ -122.30385, 37.86839 ], [ -122.30369, 37.8682 ] ] } },
{ "type": "Feature", "properties": { "n": "Wilma Chan Way", "h": "art" }, "geometry": { "type": "LineString", "coordinates": [ [ -122.27462, 37.77928 ], [ -122.27465, 37.77945 ] ] } },
{ "type": "Feature", "properties": { "n": "Wilma Chan Way", "h": "art" }, "geometry": { "type": "LineString", "coordinates": [ [ -122.27465, 37.77945 ], [ -122.27473, 37.77979 ] ] } },
{ "type": "Feature", "properties": { "n": "Wilma Chan Way", "h": "art" }, "geometry": { "type": "LineString", "coordinates": [ [ -122.27489, 37.77978 ], [ -122.27469, 37.77875 ] ] } },
{ "type": "Feature", "properties": { "n": "Ralph Appezzato Memorial Parkway", "h": "col" }, "geometry": { "type": "LineString", "coordinates": [ [ -122.27779, 37.7796 ], [ -122.2773, 37.77959 ] ] } },
{ "type": "Feature", "properties": { "n": "Ralph Appezzato Memorial Parkway", "h": "col" }, "geometry": { "type": "LineString", "coordinates": [ [ -122.27702, 37.7796 ], [ -122.27655, 37.77963 ] ] } },
{ "type": "Feature", "properties": { "n": "Webster Street", "h": "art" }, "geometry": { "type": "LineString", "coordinates": [ [ -122.27659, 37.77856 ], [ -122.27658, 37.77909 ] ] } },
{ "type": "Feature", "properties": { "n": "Eastshore Highway", "h": "col" }, "geometry": { "type": "LineString", "coordinates": [ [ -122.30593, 37.87533 ], [ -122.3048, 37.87129 ], [ -122.30387, 37.86855 ] ] } },
{ "type": "Feature", "properties": { "n": "Eastshore Highway", "h": "col" }, "geometry": { "type": "LineString", "coordinates": [ [ -122.30815, 37.88559 ], [ -122.30817, 37.88522 ] ] } },
{ "type": "Feature", "properties": { "n": "Eastshore Highway", "h": "col" }, "geometry": { "type": "LineString", "coordinates": [ [ -122.3082, 37.8848 ], [ -122.30821, 37.88452 ] ] } },
{ "type": "Feature", "properties": { "n": "Eastshore Highway", "h": "col" }, "geometry": { "type": "LineString", "coordinates": [ [ -122.30659, 37.87772 ], [ -122.30613, 37.87604 ] ] } },
{ "type": "Feature", "properties": { "n": "Wilma Chan Way", "h": "art" }, "geometry": { "type": "LineString", "coordinates": [ [ -122.27523, 37.78195 ], [ -122.27517, 37.78178 ] ] } },
{ "type": "Feature", "properties": { "n": "Wilma Chan Way", "h": "art" }, "geometry": { "type": "LineString", "coordinates": [ [ -122.27517, 37.78178 ], [ -122.27512, 37.78163 ] ] } },
{ "type": "Feature", "properties": { "n": "Wilma Chan Way", "h": "art" }, "geometry": { "type": "LineString", "coordinates": [ [ -122.27493, 37.78006 ], [ -122.27491, 37.77987 ] ] } },
{ "type": "Feature", "properties": { "n": "Wilma Chan Way", "h": "art" }, "geometry": { "type": "LineString", "coordinates": [ [ -122.27505, 37.78128 ], [ -122.275, 37.78058 ] ] } },
{ "type": "Feature", "properties": { "n": "Willie Stargell Avenue", "h": "col" }, "geometry": { "type": "LineString", "coordinates": [ [ -122.27668, 37.78336 ], [ -122.2765, 37.7834 ] ] } },
{ "type": "Feature", "properties": { "n": "Willie Stargell Avenue", "h": "col" }, "geometry": { "type": "LineString", "coordinates": [ [ -122.27712, 37.78336 ], [ -122.27668, 37.78336 ] ] } },
{ "type": "Feature", "properties": { "n": "Marina Village Parkway", "h": "col" }, "geometry": { "type": "LineString", "coordinates": [ [ -122.27202, 37.78536 ], [ -122.27148, 37.78475 ] ] } },
{ "type": "Feature", "properties": { "n": "Marina Village Parkway", "h": "col" }, "geometry": { "type": "LineString", "coordinates": [ [ -122.27389, 37.78628 ], [ -122.27351, 37.78614 ] ] } },
{ "type": "Feature", "properties": { "n": "Marina Village Parkway", "h": "col" }, "geometry": { "type": "LineString", "coordinates": [ [ -122.27168, 37.78513 ], [ -122.27194, 37.78541 ] ] } },
{ "type": "Feature", "properties": { "n": "Marina Village Parkway", "h": "col" }, "geometry": { "type": "LineString", "coordinates": [ [ -122.27315, 37.78609 ], [ -122.27346, 37.78621 ] ] } },
{ "type": "Feature", "properties": { "n": "Marina Village Parkway", "h": "col" }, "geometry": { "type": "LineString", "coordinates": [ [ -122.27509, 37.78751 ], [ -122.27533, 37.78771 ] ] } },
{ "type": "Feature", "properties": { "n": "Marina Village Parkway", "h": "col" }, "geometry": { "type": "LineString", "coordinates": [ [ -122.27561, 37.78781 ], [ -122.27539, 37.78764 ] ] } },
{ "type": "Feature", "properties": { "n": "Marina Village Parkway", "h": "col" }, "geometry": { "type": "LineString", "coordinates": [ [ -122.27484, 37.78701 ], [ -122.27469, 37.78678 ] ] } },
{ "type": "Feature", "properties": { "n": "Marina Village Parkway", "h": "col" }, "geometry": { "type": "LineString", "coordinates": [ [ -122.27346, 37.78621 ], [ -122.27429, 37.78654 ] ] } },
{ "type": "Feature", "properties": { "n": "Marina Village Parkway", "h": "col" }, "geometry": { "type": "LineString", "coordinates": [ [ -122.27429, 37.78654 ], [ -122.27461, 37.78682 ] ] } },
{ "type": "Feature", "properties": { "n": "Marina Village Parkway", "h": "col" }, "geometry": { "type": "LineString", "coordinates": [ [ -122.27599, 37.78807 ], [ -122.27662, 37.78813 ] ] } },
{ "type": "Feature", "properties": { "n": "Marina Village Parkway", "h": "col" }, "geometry": { "type": "LineString", "coordinates": [ [ -122.27351, 37.78614 ], [ -122.27254, 37.78577 ], [ -122.27221, 37.78555 ] ] } },
{ "type": "Feature", "properties": { "n": "Marina Village Parkway", "h": "col" }, "geometry": { "type": "LineString", "coordinates": [ [ -122.27539, 37.78764 ], [ -122.27505, 37.78735 ], [ -122.27484, 37.78701 ] ] } },
{ "type": "Feature", "properties": { "n": "Marina Village Parkway", "h": "col" }, "geometry": { "type": "LineString", "coordinates": [ [ -122.27461, 37.78682 ], [ -122.27509, 37.78751 ] ] } },
{ "type": "Feature", "properties": { "n": "Marina Village Parkway", "h": "col" }, "geometry": { "type": "LineString", "coordinates": [ [ -122.27469, 37.78678 ], [ -122.27435, 37.78648 ], [ -122.27389, 37.78628 ] ] } },
{ "type": "Feature", "properties": { "n": "Marina Village Parkway", "h": "col" }, "geometry": { "type": "LineString", "coordinates": [ [ -122.27194, 37.78541 ], [ -122.27234, 37.78577 ], [ -122.27315, 37.78609 ] ] } },
{ "type": "Feature", "properties": { "n": "Mariner Square Drive", "h": "col" }, "geometry": { "type": "LineString", "coordinates": [ [ -122.27606, 37.78466 ], [ -122.27606, 37.78511 ] ] } },
{ "type": "Feature", "properties": { "n": "Mariner Square Drive", "h": "col" }, "geometry": { "type": "LineString", "coordinates": [ [ -122.27606, 37.78511 ], [ -122.27611, 37.78548 ] ] } },
{ "type": "Feature", "properties": { "n": "Ralph Appezzato Memorial Parkway", "h": "col" }, "geometry": { "type": "LineString", "coordinates": [ [ -122.29135, 37.77996 ], [ -122.28918, 37.77991 ] ] } },
{ "type": "Feature", "properties": { "n": "Ralph Appezzato Memorial Parkway", "h": "col" }, "geometry": { "type": "LineString", "coordinates": [ [ -122.2893, 37.78001 ], [ -122.28984, 37.78001 ] ] } },
{ "type": "Feature", "properties": { "n": "Willie Stargell Avenue", "h": "col" }, "geometry": { "type": "LineString", "coordinates": [ [ -122.28191, 37.78508 ], [ -122.28157, 37.78509 ] ] } },
{ "type": "Feature", "properties": { "n": "Mariner Square Loop", "h": "col" }, "geometry": { "type": "LineString", "coordinates": [ [ -122.27846, 37.78623 ], [ -122.2785, 37.78638 ] ] } },
{ "type": "Feature", "properties": { "n": "42nd Avenue", "h": "art" }, "geometry": { "type": "LineString", "coordinates": [ [ -122.21592, 37.77329 ], [ -122.21622, 37.77306 ] ] } },
{ "type": "Feature", "properties": { "n": "CA 77", "h": "fwy" }, "geometry": { "type": "LineString", "coordinates": [ [ -122.21665, 37.77258 ], [ -122.2162, 37.77292 ] ] } },
{ "type": "Feature", "properties": { "n": "Fruitvale Avenue", "h": "art" }, "geometry": { "type": "LineString", "coordinates": [ [ -122.22773, 37.77378 ], [ -122.22737, 37.77458 ] ] } },
{ "type": "Feature", "properties": { "n": "Fruitvale Avenue", "h": "art" }, "geometry": { "type": "LineString", "coordinates": [ [ -122.22787, 37.77349 ], [ -122.22773, 37.77378 ] ] } },
{ "type": "Feature", "properties": { "n": "International Boulevard", "h": "art" }, "geometry": { "type": "LineString", "coordinates": [ [ -122.22275, 37.77608 ], [ -122.22221, 37.77582 ] ] } },
{ "type": "Feature", "properties": { "n": "International Boulevard", "h": "art" }, "geometry": { "type": "LineString", "coordinates": [ [ -122.21716, 37.77338 ], [ -122.21633, 37.77298 ] ] } },
{ "type": "Feature", "properties": { "n": "International Boulevard", "h": "art" }, "geometry": { "type": "LineString", "coordinates": [ [ -122.22052, 37.77502 ], [ -122.21998, 37.77476 ] ] } },
{ "type": "Feature", "properties": { "n": "International Boulevard", "h": "art" }, "geometry": { "type": "LineString", "coordinates": [ [ -122.21489, 37.77242 ], [ -122.21554, 37.77274 ] ] } },
{ "type": "Feature", "properties": { "n": "International Boulevard", "h": "art" }, "geometry": { "type": "LineString", "coordinates": [ [ -122.21622, 37.77306 ], [ -122.21719, 37.77351 ] ] } },
{ "type": "Feature", "properties": { "n": "Dixon Landing Road", "h": "art" }, "geometry": { "type": "LineString", "coordinates": [ [ -121.9264, 37.45513 ], [ -121.92688, 37.4553 ] ] } },
{ "type": "Feature", "properties": { "n": "International Boulevard", "h": "art" }, "geometry": { "type": "LineString", "coordinates": [ [ -122.21538, 37.77252 ], [ -122.21492, 37.77231 ] ] } },
{ "type": "Feature", "properties": { "n": "International Boulevard", "h": "art" }, "geometry": { "type": "LineString", "coordinates": [ [ -122.21263, 37.77125 ], [ -122.21228, 37.77108 ] ] } },
{ "type": "Feature", "properties": { "n": "International Boulevard", "h": "art" }, "geometry": { "type": "LineString", "coordinates": [ [ -122.21298, 37.77141 ], [ -122.21263, 37.77125 ] ] } },
{ "type": "Feature", "properties": { "n": "Foothill Boulevard", "h": "art" }, "geometry": { "type": "LineString", "coordinates": [ [ -122.21881, 37.78123 ], [ -122.21868, 37.78084 ] ] } },
{ "type": "Feature", "properties": { "n": "Foothill Boulevard", "h": "art" }, "geometry": { "type": "LineString", "coordinates": [ [ -122.21868, 37.78084 ], [ -122.21851, 37.78064 ] ] } },
{ "type": "Feature", "properties": { "n": "Foothill Boulevard", "h": "art" }, "geometry": { "type": "LineString", "coordinates": [ [ -122.21851, 37.78064 ], [ -122.21839, 37.78052 ] ] } },
{ "type": "Feature", "properties": { "n": "Foothill Boulevard", "h": "art" }, "geometry": { "type": "LineString", "coordinates": [ [ -122.22367, 37.78404 ], [ -122.22326, 37.7839 ] ] } },
{ "type": "Feature", "properties": { "n": "Foothill Boulevard", "h": "art" }, "geometry": { "type": "LineString", "coordinates": [ [ -122.22479, 37.7843 ], [ -122.22453, 37.78428 ] ] } },
{ "type": "Feature", "properties": { "n": "Foothill Boulevard", "h": "art" }, "geometry": { "type": "LineString", "coordinates": [ [ -122.22326, 37.7839 ], [ -122.22277, 37.78374 ] ] } },
{ "type": "Feature", "properties": { "n": "Foothill Boulevard", "h": "art" }, "geometry": { "type": "LineString", "coordinates": [ [ -122.22387, 37.7841 ], [ -122.22367, 37.78404 ] ] } },
{ "type": "Feature", "properties": { "n": "Foothill Boulevard", "h": "art" }, "geometry": { "type": "LineString", "coordinates": [ [ -122.22032, 37.78291 ], [ -122.21986, 37.78272 ] ] } },
{ "type": "Feature", "properties": { "n": "Foothill Boulevard", "h": "art" }, "geometry": { "type": "LineString", "coordinates": [ [ -122.21953, 37.78256 ], [ -122.21925, 37.78239 ], [ -122.21913, 37.78221 ] ] } },
{ "type": "Feature", "properties": { "n": "Embarcadero West", "h": "art" }, "geometry": { "type": "LineString", "coordinates": [ [ -122.2675, 37.79145 ], [ -122.26713, 37.79158 ] ] } },
{ "type": "Feature", "properties": { "n": "Embarcadero West", "h": "art" }, "geometry": { "type": "LineString", "coordinates": [ [ -122.26804, 37.79166 ], [ -122.26819, 37.7918 ], [ -122.26826, 37.79203 ] ] } },
{ "type": "Feature", "properties": { "n": "Embarcadero West", "h": "art" }, "geometry": { "type": "LineString", "coordinates": [ [ -122.26698, 37.79173 ], [ -122.26753, 37.79157 ] ] } },
{ "type": "Feature", "properties": { "n": "Embarcadero West", "h": "art" }, "geometry": { "type": "LineString", "coordinates": [ [ -122.26614, 37.79151 ], [ -122.26659, 37.79169 ], [ -122.26698, 37.79173 ] ] } },
{ "type": "Feature", "properties": { "n": "Embarcadero West", "h": "art" }, "geometry": { "type": "LineString", "coordinates": [ [ -122.26713, 37.79158 ], [ -122.26678, 37.79161 ], [ -122.26586, 37.7914 ] ] } },
{ "type": "Feature", "properties": { "n": "Mariner Square Loop", "h": "col" }, "geometry": { "type": "LineString", "coordinates": [ [ -122.27695, 37.78807 ], [ -122.2766, 37.78804 ] ] } },
{ "type": "Feature", "properties": { "n": "Mitchell Avenue", "h": "col" }, "geometry": { "type": "LineString", "coordinates": [ [ -122.27878, 37.78899 ], [ -122.27911, 37.78922 ] ] } },
{ "type": "Feature", "properties": { "n": "Mitchell Avenue", "h": "col" }, "geometry": { "type": "LineString", "coordinates": [ [ -122.27819, 37.78869 ], [ -122.27878, 37.78899 ] ] } },
{ "type": "Feature", "properties": { "n": "Airport Access Road", "h": "art" }, "geometry": { "type": "LineString", "coordinates": [ [ -122.19895, 37.72637 ], [ -122.19909, 37.72621 ] ] } },
{ "type": "Feature", "properties": { "n": "Airport Access Road", "h": "art" }, "geometry": { "type": "LineString", "coordinates": [ [ -122.19915, 37.72614 ], [ -122.1995, 37.72573 ] ] } },
{ "type": "Feature", "properties": { "n": "Airport Access Road", "h": "art" }, "geometry": { "type": "LineString", "coordinates": [ [ -122.19884, 37.72652 ], [ -122.19895, 37.72637 ] ] } },
{ "type": "Feature", "properties": { "n": "Airport Access Road", "h": "art" }, "geometry": { "type": "LineString", "coordinates": [ [ -122.1995, 37.72573 ], [ -122.1996, 37.72561 ] ] } },
{ "type": "Feature", "properties": { "n": "Airport Access Road", "h": "art" }, "geometry": { "type": "LineString", "coordinates": [ [ -122.19842, 37.72733 ], [ -122.19849, 37.72764 ] ] } },
{ "type": "Feature", "properties": { "n": "Airport Access Road", "h": "art" }, "geometry": { "type": "LineString", "coordinates": [ [ -122.19842, 37.72712 ], [ -122.19842, 37.72733 ] ] } },
{ "type": "Feature", "properties": { "n": "Airport Access Road", "h": "art" }, "geometry": { "type": "LineString", "coordinates": [ [ -122.19862, 37.72698 ], [ -122.19884, 37.72652 ] ] } },
{ "type": "Feature", "properties": { "n": "Airport Access Road", "h": "art" }, "geometry": { "type": "LineString", "coordinates": [ [ -122.19894, 37.72808 ], [ -122.19865, 37.72763 ] ] } },
{ "type": "Feature", "properties": { "n": "Airport Access Road", "h": "art" }, "geometry": { "type": "LineString", "coordinates": [ [ -122.19936, 37.72566 ], [ -122.19865, 37.72652 ], [ -122.19846, 37.72688 ], [ -122.19842, 37.72712 ] ] } },
{ "type": "Feature", "properties": { "n": "Airport Access Road", "h": "art" }, "geometry": { "type": "LineString", "coordinates": [ [ -122.20029, 37.72965 ], [ -122.19996, 37.7291 ] ] } },
{ "type": "Feature", "properties": { "n": "Airport Access Road", "h": "art" }, "geometry": { "type": "LineString", "coordinates": [ [ -122.19918, 37.72828 ], [ -122.19894, 37.72808 ] ] } },
{ "type": "Feature", "properties": { "n": "Doolittle Drive", "h": "art" }, "geometry": { "type": "LineString", "coordinates": [ [ -122.20657, 37.72913 ], [ -122.2075, 37.72964 ] ] } },
{ "type": "Feature", "properties": { "n": "Doolittle Drive", "h": "art" }, "geometry": { "type": "LineString", "coordinates": [ [ -122.19817, 37.72501 ], [ -122.19928, 37.72561 ] ] } },
{ "type": "Feature", "properties": { "n": "Doolittle Drive", "h": "art" }, "geometry": { "type": "LineString", "coordinates": [ [ -122.20111, 37.72638 ], [ -122.20155, 37.72654 ] ] } },
{ "type": "Feature", "properties": { "n": "Doolittle Drive", "h": "art" }, "geometry": { "type": "LineString", "coordinates": [ [ -122.20774, 37.72977 ], [ -122.20863, 37.73026 ] ] } },
{ "type": "Feature", "properties": { "n": "Doolittle Drive", "h": "art" }, "geometry": { "type": "LineString", "coordinates": [ [ -122.20272, 37.72696 ], [ -122.20234, 37.72674 ] ] } },
{ "type": "Feature", "properties": { "n": "Doolittle Drive", "h": "art" }, "geometry": { "type": "LineString", "coordinates": [ [ -122.19968, 37.72581 ], [ -122.20027, 37.72606 ] ] } },
{ "type": "Feature", "properties": { "n": "Doolittle Drive", "h": "art" }, "geometry": { "type": "LineString", "coordinates": [ [ -122.20234, 37.72674 ], [ -122.20174, 37.72644 ] ] } },
{ "type": "Feature", "properties": { "n": "Doolittle Drive", "h": "art" }, "geometry": { "type": "LineString", "coordinates": [ [ -122.20859, 37.73007 ], [ -122.20785, 37.72966 ] ] } },
{ "type": "Feature", "properties": { "n": "Doolittle Drive", "h": "art" }, "geometry": { "type": "LineString", "coordinates": [ [ -122.20174, 37.72644 ], [ -122.20118, 37.72622 ] ] } },
{ "type": "Feature", "properties": { "n": "Doolittle Drive", "h": "art" }, "geometry": { "type": "LineString", "coordinates": [ [ -122.19789, 37.72481 ], [ -122.19817, 37.72501 ] ] } },
{ "type": "Feature", "properties": { "n": "Doolittle Drive", "h": "art" }, "geometry": { "type": "LineString", "coordinates": [ [ -122.19936, 37.72548 ], [ -122.19805, 37.72478 ], [ -122.1979, 37.72478 ] ] } },
{ "type": "Feature", "properties": { "n": "Doolittle Drive", "h": "art" }, "geometry": { "type": "LineString", "coordinates": [ [ -122.20947, 37.73061 ], [ -122.20859, 37.73007 ] ] } },
{ "type": "Feature", "properties": { "n": "Doolittle Drive", "h": "art" }, "geometry": { "type": "LineString", "coordinates": [ [ -122.21021, 37.73116 ], [ -122.20947, 37.73061 ] ] } },
{ "type": "Feature", "properties": { "n": "Doolittle Drive", "h": "art" }, "geometry": { "type": "LineString", "coordinates": [ [ -122.20863, 37.73026 ], [ -122.21021, 37.73116 ] ] } },
{ "type": "Feature", "properties": { "n": "Doolittle Drive", "h": "art" }, "geometry": { "type": "LineString", "coordinates": [ [ -122.1963, 37.72377 ], [ -122.19691, 37.72423 ] ] } },
{ "type": "Feature", "properties": { "n": "Hegenberger Road", "h": "art" }, "geometry": { "type": "LineString", "coordinates": [ [ -122.2, 37.73016 ], [ -122.20023, 37.72975 ] ] } },
{ "type": "Feature", "properties": { "n": "Hegenberger Road", "h": "art" }, "geometry": { "type": "LineString", "coordinates": [ [ -122.20023, 37.72975 ], [ -122.20104, 37.72832 ] ] } },
{ "type": "Feature", "properties": { "n": "Pardee Drive", "h": "art" }, "geometry": { "type": "LineString", "coordinates": [ [ -122.20472, 37.73275 ], [ -122.20482, 37.73286 ] ] } },
{ "type": "Feature", "properties": { "n": "Pardee Drive", "h": "art" }, "geometry": { "type": "LineString", "coordinates": [ [ -122.20433, 37.73232 ], [ -122.20472, 37.73275 ] ] } },
{ "type": "Feature", "properties": { "n": "Swan Way", "h": "art" }, "geometry": { "type": "LineString", "coordinates": [ [ -122.20525, 37.73245 ], [ -122.20484, 37.73267 ] ] } },
{ "type": "Feature", "properties": { "n": "Swan Way", "h": "art" }, "geometry": { "type": "LineString", "coordinates": [ [ -122.20762, 37.72971 ], [ -122.20772, 37.72959 ] ] } },
{ "type": "Feature", "properties": { "n": "Swan Way", "h": "art" }, "geometry": { "type": "LineString", "coordinates": [ [ -122.2072, 37.73019 ], [ -122.20762, 37.72971 ] ] } },
{ "type": "Feature", "properties": { "n": "Market Street", "h": "col" }, "geometry": { "type": "LineString", "coordinates": [ [ -122.27363, 37.83781 ], [ -122.27356, 37.83747 ] ] } },
{ "type": "Feature", "properties": { "n": "Market Street", "h": "col" }, "geometry": { "type": "LineString", "coordinates": [ [ -122.27374, 37.83836 ], [ -122.2737, 37.83815 ] ] } },
{ "type": "Feature", "properties": { "n": "Market Street", "h": "col" }, "geometry": { "type": "LineString", "coordinates": [ [ -122.2737, 37.83815 ], [ -122.27363, 37.83781 ] ] } },
{ "type": "Feature", "properties": { "n": "Mandana Boulevard", "h": "col" }, "geometry": { "type": "LineString", "coordinates": [ [ -122.24243, 37.81163 ], [ -122.24222, 37.81156 ] ] } },
{ "type": "Feature", "properties": { "n": "Grand Avenue", "h": "art" }, "geometry": { "type": "LineString", "coordinates": [ [ -122.24944, 37.80959 ], [ -122.24929, 37.8097 ] ] } },
{ "type": "Feature", "properties": { "n": "Grand Avenue", "h": "art" }, "geometry": { "type": "LineString", "coordinates": [ [ -122.24988, 37.80921 ], [ -122.24973, 37.80934 ] ] } },
{ "type": "Feature", "properties": { "n": "Grand Avenue", "h": "art" }, "geometry": { "type": "LineString", "coordinates": [ [ -122.24804, 37.81143 ], [ -122.2483, 37.81099 ] ] } },
{ "type": "Feature", "properties": { "n": "Grand Avenue", "h": "art" }, "geometry": { "type": "LineString", "coordinates": [ [ -122.2483, 37.81099 ], [ -122.24848, 37.81069 ] ] } },
{ "type": "Feature", "properties": { "n": "Grand Avenue", "h": "art" }, "geometry": { "type": "LineString", "coordinates": [ [ -122.25032, 37.8089 ], [ -122.24988, 37.80921 ] ] } },
{ "type": "Feature", "properties": { "n": "Lake Park Avenue", "h": "art" }, "geometry": { "type": "LineString", "coordinates": [ [ -122.2476, 37.81122 ], [ -122.24794, 37.81147 ] ] } },
{ "type": "Feature", "properties": { "n": "Lake Park Avenue", "h": "art" }, "geometry": { "type": "LineString", "coordinates": [ [ -122.24741, 37.81087 ], [ -122.2476, 37.81122 ] ] } },
{ "type": "Feature", "properties": { "n": "Lakeshore Avenue", "h": "art" }, "geometry": { "type": "LineString", "coordinates": [ [ -122.24881, 37.80865 ], [ -122.24897, 37.80853 ] ] } },
{ "type": "Feature", "properties": { "n": "Lakeshore Avenue", "h": "art" }, "geometry": { "type": "LineString", "coordinates": [ [ -122.24885, 37.8084 ], [ -122.24867, 37.80855 ] ] } },
{ "type": "Feature", "properties": { "n": "Lakeshore Avenue", "h": "art" }, "geometry": { "type": "LineString", "coordinates": [ [ -122.24867, 37.80855 ], [ -122.24848, 37.80866 ] ] } },
{ "type": "Feature", "properties": { "n": "Lakeshore Avenue", "h": "art" }, "geometry": { "type": "LineString", "coordinates": [ [ -122.2492, 37.8083 ], [ -122.24941, 37.80794 ] ] } },
{ "type": "Feature", "properties": { "n": "Lakeshore Avenue", "h": "col" }, "geometry": { "type": "LineString", "coordinates": [ [ -122.24484, 37.81049 ], [ -122.24361, 37.81091 ] ] } },
{ "type": "Feature", "properties": { "n": "MacArthur Boulevard", "h": "art" }, "geometry": { "type": "LineString", "coordinates": [ [ -122.21617, 37.80036 ], [ -122.21645, 37.80043 ] ] } },
{ "type": "Feature", "properties": { "n": "MacArthur Boulevard", "h": "art" }, "geometry": { "type": "LineString", "coordinates": [ [ -122.21587, 37.80028 ], [ -122.21617, 37.80036 ] ] } },
{ "type": "Feature", "properties": { "n": "Hesperian Boulevard", "h": "art" }, "geometry": { "type": "LineString", "coordinates": [ [ -122.11751, 37.66485 ], [ -122.11794, 37.66557 ] ] } },
{ "type": "Feature", "properties": { "n": "Hesperian Boulevard", "h": "art" }, "geometry": { "type": "LineString", "coordinates": [ [ -122.11683, 37.6634 ], [ -122.11632, 37.66255 ] ] } },
{ "type": "Feature", "properties": { "n": "Hesperian Boulevard", "h": "art" }, "geometry": { "type": "LineString", "coordinates": [ [ -122.11808, 37.66552 ], [ -122.11727, 37.66414 ] ] } },
{ "type": "Feature", "properties": { "n": "Hesperian Boulevard", "h": "art" }, "geometry": { "type": "LineString", "coordinates": [ [ -122.11567, 37.66179 ], [ -122.11599, 37.66229 ] ] } },
{ "type": "Feature", "properties": { "n": "Hesperian Boulevard", "h": "art" }, "geometry": { "type": "LineString", "coordinates": [ [ -122.1171, 37.66417 ], [ -122.11751, 37.66485 ] ] } },
{ "type": "Feature", "properties": { "n": "West A Street", "h": "col" }, "geometry": { "type": "LineString", "coordinates": [ [ -122.11917, 37.66507 ], [ -122.11891, 37.66519 ] ] } },
{ "type": "Feature", "properties": { "n": "West A Street", "h": "art" }, "geometry": { "type": "LineString", "coordinates": [ [ -122.1138, 37.6659 ], [ -122.11326, 37.66593 ] ] } },
{ "type": "Feature", "properties": { "n": "West A Street", "h": "art" }, "geometry": { "type": "LineString", "coordinates": [ [ -122.11262, 37.66608 ], [ -122.1133, 37.66604 ] ] } },
{ "type": "Feature", "properties": { "n": "West A Street", "h": "art" }, "geometry": { "type": "LineString", "coordinates": [ [ -122.11049, 37.66615 ], [ -122.11083, 37.66613 ] ] } },
{ "type": "Feature", "properties": { "n": "West A Street", "h": "art" }, "geometry": { "type": "LineString", "coordinates": [ [ -122.1112, 37.66605 ], [ -122.11093, 37.66606 ], [ -122.11083, 37.66613 ] ] } },
{ "type": "Feature", "properties": { "n": "West A Street", "h": "art" }, "geometry": { "type": "LineString", "coordinates": [ [ -122.11326, 37.66593 ], [ -122.1112, 37.66605 ] ] } },
{ "type": "Feature", "properties": { "n": "West A Street", "h": "art" }, "geometry": { "type": "LineString", "coordinates": [ [ -122.11009, 37.66617 ], [ -122.11049, 37.66615 ] ] } },
{ "type": "Feature", "properties": { "n": "West A Street", "h": "art" }, "geometry": { "type": "LineString", "coordinates": [ [ -122.11083, 37.66613 ], [ -122.11094, 37.66617 ], [ -122.11262, 37.66608 ] ] } },
{ "type": "Feature", "properties": { "n": "West A Street", "h": "art" }, "geometry": { "type": "LineString", "coordinates": [ [ -122.10462, 37.66647 ], [ -122.10517, 37.66645 ] ] } },
{ "type": "Feature", "properties": { "n": "West A Street", "h": "art" }, "geometry": { "type": "LineString", "coordinates": [ [ -122.10517, 37.66645 ], [ -122.10578, 37.66644 ] ] } },
{ "type": "Feature", "properties": { "n": "West A Street", "h": "art" }, "geometry": { "type": "LineString", "coordinates": [ [ -122.10355, 37.66653 ], [ -122.10462, 37.66647 ] ] } },
{ "type": "Feature", "properties": { "n": "Grand Street", "h": "col" }, "geometry": { "type": "LineString", "coordinates": [ [ -122.08889, 37.66948 ], [ -122.08932, 37.67002 ] ] } },
{ "type": "Feature", "properties": { "n": "West Jackson Street", "h": "art" }, "geometry": { "type": "LineString", "coordinates": [ [ -122.08349, 37.66375 ], [ -122.08313, 37.66441 ] ] } },
{ "type": "Feature", "properties": { "n": "West Jackson Street", "h": "art" }, "geometry": { "type": "LineString", "coordinates": [ [ -122.08425, 37.66239 ], [ -122.08404, 37.66277 ] ] } },
{ "type": "Feature", "properties": { "n": "West Jackson Street", "h": "art" }, "geometry": { "type": "LineString", "coordinates": [ [ -122.08404, 37.66277 ], [ -122.08349, 37.66375 ] ] } },
{ "type": "Feature", "properties": { "n": "West Jackson Street", "h": "art" }, "geometry": { "type": "LineString", "coordinates": [ [ -122.08473, 37.66185 ], [ -122.08499, 37.66138 ] ] } },
{ "type": "Feature", "properties": { "n": "West Jackson Street", "h": "art" }, "geometry": { "type": "LineString", "coordinates": [ [ -122.08421, 37.66281 ], [ -122.08473, 37.66185 ] ] } },
{ "type": "Feature", "properties": { "n": "West Jackson Street", "h": "art" }, "geometry": { "type": "LineString", "coordinates": [ [ -122.08499, 37.661 ], [ -122.08481, 37.66135 ] ] } },
{ "type": "Feature", "properties": { "n": "West Jackson Street", "h": "art" }, "geometry": { "type": "LineString", "coordinates": [ [ -122.08481, 37.66135 ], [ -122.08425, 37.66239 ] ] } },
{ "type": "Feature", "properties": { "n": "West Jackson Street", "h": "art" }, "geometry": { "type": "LineString", "coordinates": [ [ -122.08499, 37.66138 ], [ -122.08526, 37.66091 ] ] } },
{ "type": "Feature", "properties": { "n": "West Jackson Street", "h": "art" }, "geometry": { "type": "LineString", "coordinates": [ [ -122.08526, 37.66091 ], [ -122.08542, 37.66061 ] ] } },
{ "type": "Feature", "properties": { "n": "West Jackson Street", "h": "art" }, "geometry": { "type": "LineString", "coordinates": [ [ -122.08541, 37.66023 ], [ -122.08525, 37.66052 ] ] } },
{ "type": "Feature", "properties": { "n": "West Jackson Street", "h": "art" }, "geometry": { "type": "LineString", "coordinates": [ [ -122.08525, 37.66052 ], [ -122.08499, 37.661 ] ] } },
{ "type": "Feature", "properties": { "n": "West Jackson Street", "h": "art" }, "geometry": { "type": "LineString", "coordinates": [ [ -122.08566, 37.66017 ], [ -122.0858, 37.65994 ] ] } },
{ "type": "Feature", "properties": { "n": "West Jackson Street", "h": "art" }, "geometry": { "type": "LineString", "coordinates": [ [ -122.08542, 37.66061 ], [ -122.08566, 37.66017 ] ] } },
{ "type": "Feature", "properties": { "n": "West Jackson Street", "h": "art" }, "geometry": { "type": "LineString", "coordinates": [ [ -122.08675, 37.65817 ], [ -122.08684, 37.65801 ] ] } },
{ "type": "Feature", "properties": { "n": "West Jackson Street", "h": "art" }, "geometry": { "type": "LineString", "coordinates": [ [ -122.0864, 37.65881 ], [ -122.08675, 37.65817 ] ] } },
{ "type": "Feature", "properties": { "n": "West Jackson Street", "h": "art" }, "geometry": { "type": "LineString", "coordinates": [ [ -122.08682, 37.65772 ], [ -122.0866, 37.65812 ] ] } },
{ "type": "Feature", "properties": { "n": "Harder Road", "h": "art" }, "geometry": { "type": "LineString", "coordinates": [ [ -122.07966, 37.64885 ], [ -122.07948, 37.64888 ] ] } },
{ "type": "Feature", "properties": { "n": "Harder Road", "h": "art" }, "geometry": { "type": "LineString", "coordinates": [ [ -122.07924, 37.64891 ], [ -122.07861, 37.64901 ] ] } },
{ "type": "Feature", "properties": { "n": "Harder Road", "h": "art" }, "geometry": { "type": "LineString", "coordinates": [ [ -122.07843, 37.64917 ], [ -122.07971, 37.64898 ] ] } },
{ "type": "Feature", "properties": { "n": "Alvarado Boulevard", "h": "art" }, "geometry": { "type": "LineString", "coordinates": [ [ -122.08096, 37.5917 ], [ -122.08119, 37.5917 ] ] } },
{ "type": "Feature", "properties": { "n": "A Street", "h": "art" }, "geometry": { "type": "LineString", "coordinates": [ [ -122.09704, 37.66794 ], [ -122.09689, 37.668 ] ] } },
{ "type": "Feature", "properties": { "n": "A Street", "h": "art" }, "geometry": { "type": "LineString", "coordinates": [ [ -122.09828, 37.66726 ], [ -122.09811, 37.66736 ] ] } },
{ "type": "Feature", "properties": { "n": "A Street", "h": "art" }, "geometry": { "type": "LineString", "coordinates": [ [ -122.09811, 37.66736 ], [ -122.09718, 37.66788 ] ] } },
{ "type": "Feature", "properties": { "n": "West Jackson Street", "h": "art" }, "geometry": { "type": "LineString", "coordinates": [ [ -122.08313, 37.66441 ], [ -122.08306, 37.66454 ] ] } },
{ "type": "Feature", "properties": { "n": "Union City Boulevard", "h": "art" }, "geometry": { "type": "LineString", "coordinates": [ [ -122.08093, 37.58207 ], [ -122.08094, 37.58137 ] ] } },
{ "type": "Feature", "properties": { "n": "Union City Boulevard", "h": "art" }, "geometry": { "type": "LineString", "coordinates": [ [ -122.08099, 37.59587 ], [ -122.08099, 37.59549 ] ] } },
{ "type": "Feature", "properties": { "n": "Union City Boulevard", "h": "art" }, "geometry": { "type": "LineString", "coordinates": [ [ -122.08105, 37.59246 ], [ -122.08111, 37.59213 ] ] } },
{ "type": "Feature", "properties": { "n": "Union City Boulevard", "h": "art" }, "geometry": { "type": "LineString", "coordinates": [ [ -122.08097, 37.59145 ], [ -122.08097, 37.59159 ] ] } },
{ "type": "Feature", "properties": { "n": "Union City Boulevard", "h": "art" }, "geometry": { "type": "LineString", "coordinates": [ [ -122.08099, 37.59608 ], [ -122.08099, 37.59587 ] ] } },
{ "type": "Feature", "properties": { "n": "Union City Boulevard", "h": "art" }, "geometry": { "type": "LineString", "coordinates": [ [ -122.08096, 37.5917 ], [ -122.08089, 37.59213 ] ] } },
{ "type": "Feature", "properties": { "n": "Union City Boulevard", "h": "art" }, "geometry": { "type": "LineString", "coordinates": [ [ -122.08099, 37.59549 ], [ -122.08105, 37.59246 ] ] } },
{ "type": "Feature", "properties": { "n": "Union City Boulevard", "h": "art" }, "geometry": { "type": "LineString", "coordinates": [ [ -122.0812, 37.59161 ], [ -122.08121, 37.59104 ] ] } },
{ "type": "Feature", "properties": { "n": "Union City Boulevard", "h": "art" }, "geometry": { "type": "LineString", "coordinates": [ [ -122.08109, 37.58622 ], [ -122.08107, 37.58512 ] ] } },
{ "type": "Feature", "properties": { "n": "Union City Boulevard", "h": "art" }, "geometry": { "type": "LineString", "coordinates": [ [ -122.08104, 37.58387 ], [ -122.08102, 37.58371 ] ] } },
{ "type": "Feature", "properties": { "n": "Union City Boulevard", "h": "art" }, "geometry": { "type": "LineString", "coordinates": [ [ -122.081, 37.58359 ], [ -122.08096, 37.58314 ] ] } },
{ "type": "Feature", "properties": { "n": "Union City Boulevard", "h": "art" }, "geometry": { "type": "LineString", "coordinates": [ [ -122.08094, 37.58137 ], [ -122.08095, 37.57862 ] ] } },
{ "type": "Feature", "properties": { "n": "Union City Boulevard", "h": "art" }, "geometry": { "type": "LineString", "coordinates": [ [ -122.07309, 37.56823 ], [ -122.07287, 37.5681 ] ] } },
{ "type": "Feature", "properties": { "n": "Union City Boulevard", "h": "art" }, "geometry": { "type": "LineString", "coordinates": [ [ -122.08011, 37.57582 ], [ -122.08003, 37.57567 ] ] } },
{ "type": "Feature", "properties": { "n": "Union City Boulevard", "h": "art" }, "geometry": { "type": "LineString", "coordinates": [ [ -122.08095, 37.57862 ], [ -122.0809, 37.57783 ] ] } },
{ "type": "Feature", "properties": { "n": "Union City Boulevard", "h": "art" }, "geometry": { "type": "LineString", "coordinates": [ [ -122.08089, 37.57775 ], [ -122.08065, 37.57686 ], [ -122.08011, 37.57582 ] ] } },
{ "type": "Feature", "properties": { "n": "Foothill Boulevard", "h": "art" }, "geometry": { "type": "LineString", "coordinates": [ [ -122.08016, 37.67264 ], [ -122.08021, 37.67287 ] ] } },
{ "type": "Feature", "properties": { "n": "Paseo Padre Parkway", "h": "art" }, "geometry": { "type": "LineString", "coordinates": [ [ -122.06995, 37.54713 ], [ -122.06987, 37.54591 ], [ -122.06965, 37.54497 ] ] } },
{ "type": "Feature", "properties": { "n": "Paseo Padre Parkway", "h": "art" }, "geometry": { "type": "LineString", "coordinates": [ [ -122.06924, 37.5443 ], [ -122.06932, 37.54447 ] ] } },
{ "type": "Feature", "properties": { "n": "Paseo Padre Parkway", "h": "art" }, "geometry": { "type": "LineString", "coordinates": [ [ -122.06965, 37.54497 ], [ -122.06961, 37.54483 ] ] } },
{ "type": "Feature", "properties": { "n": "Paseo Padre Parkway", "h": "art" }, "geometry": { "type": "LineString", "coordinates": [ [ -122.06961, 37.54483 ], [ -122.06951, 37.54452 ] ] } },
{ "type": "Feature", "properties": { "n": "Grand Street", "h": "col" }, "geometry": { "type": "LineString", "coordinates": [ [ -122.08861, 37.66913 ], [ -122.08889, 37.66948 ] ] } },
{ "type": "Feature", "properties": { "n": "Grand Street", "h": "col" }, "geometry": { "type": "LineString", "coordinates": [ [ -122.08945, 37.67021 ], [ -122.08932, 37.67002 ] ] } },
{ "type": "Feature", "properties": { "n": "Grand Street", "h": "col" }, "geometry": { "type": "LineString", "coordinates": [ [ -122.08819, 37.66852 ], [ -122.08861, 37.66913 ] ] } },
{ "type": "Feature", "properties": { "n": "Mission Boulevard", "h": "art" }, "geometry": { "type": "LineString", "coordinates": [ [ -122.08398, 37.67211 ], [ -122.08347, 37.67155 ] ] } },
{ "type": "Feature", "properties": { "n": "Cedar Boulevard", "h": "art" }, "geometry": { "type": "LineString", "coordinates": [ [ -122.02116, 37.53947 ], [ -122.02096, 37.53935 ] ] } },
{ "type": "Feature", "properties": { "n": "Cedar Boulevard", "h": "art" }, "geometry": { "type": "LineString", "coordinates": [ [ -122.02096, 37.53935 ], [ -122.02042, 37.53886 ] ] } },
{ "type": "Feature", "properties": { "n": "Hesperian Boulevard", "h": "art" }, "geometry": { "type": "LineString", "coordinates": [ [ -122.08605, 37.61367 ], [ -122.08641, 37.61428 ] ] } },
{ "type": "Feature", "properties": { "n": "Hesperian Boulevard", "h": "art" }, "geometry": { "type": "LineString", "coordinates": [ [ -122.08423, 37.6104 ], [ -122.08404, 37.61009 ] ] } },
{ "type": "Feature", "properties": { "n": "Hesperian Boulevard", "h": "art" }, "geometry": { "type": "LineString", "coordinates": [ [ -122.08544, 37.61264 ], [ -122.08605, 37.61367 ] ] } },
{ "type": "Feature", "properties": { "n": "Hesperian Boulevard", "h": "art" }, "geometry": { "type": "LineString", "coordinates": [ [ -122.08641, 37.61428 ], [ -122.08742, 37.61593 ] ] } },
{ "type": "Feature", "properties": { "n": "Hesperian Boulevard", "h": "art" }, "geometry": { "type": "LineString", "coordinates": [ [ -122.0846, 37.61098 ], [ -122.08423, 37.6104 ] ] } },
{ "type": "Feature", "properties": { "n": "Hesperian Boulevard", "h": "art" }, "geometry": { "type": "LineString", "coordinates": [ [ -122.08497, 37.61189 ], [ -122.08528, 37.61238 ] ] } },
{ "type": "Feature", "properties": { "n": "Huntwood Avenue", "h": "col" }, "geometry": { "type": "LineString", "coordinates": [ [ -122.07629, 37.64532 ], [ -122.07681, 37.64576 ] ] } },
{ "type": "Feature", "properties": { "n": "Huntwood Avenue", "h": "col" }, "geometry": { "type": "LineString", "coordinates": [ [ -122.07377, 37.6431 ], [ -122.07525, 37.6444 ] ] } },
{ "type": "Feature", "properties": { "n": "Huntwood Avenue", "h": "col" }, "geometry": { "type": "LineString", "coordinates": [ [ -122.07701, 37.64594 ], [ -122.07732, 37.64621 ] ] } },
{ "type": "Feature", "properties": { "n": "Huntwood Avenue", "h": "col" }, "geometry": { "type": "LineString", "coordinates": [ [ -122.07359, 37.64295 ], [ -122.07377, 37.6431 ] ] } },
{ "type": "Feature", "properties": { "n": "Huntwood Avenue", "h": "col" }, "geometry": { "type": "LineString", "coordinates": [ [ -122.07681, 37.64576 ], [ -122.07701, 37.64594 ] ] } },
{ "type": "Feature", "properties": { "n": "Huntwood Avenue", "h": "col" }, "geometry": { "type": "LineString", "coordinates": [ [ -122.07247, 37.64204 ], [ -122.07186, 37.64151 ] ] } },
{ "type": "Feature", "properties": { "n": "Patrick Avenue", "h": "art" }, "geometry": { "type": "LineString", "coordinates": [ [ -122.07957, 37.63642 ], [ -122.07957, 37.63622 ] ] } },
{ "type": "Feature", "properties": { "n": "Patrick Avenue", "h": "art" }, "geometry": { "type": "LineString", "coordinates": [ [ -122.07962, 37.63768 ], [ -122.07961, 37.63739 ] ] } },
{ "type": "Feature", "properties": { "n": "Patrick Avenue", "h": "art" }, "geometry": { "type": "LineString", "coordinates": [ [ -122.0796, 37.6369 ], [ -122.07959, 37.63666 ] ] } },
{ "type": "Feature", "properties": { "n": "Patrick Avenue", "h": "art" }, "geometry": { "type": "LineString", "coordinates": [ [ -122.07961, 37.63739 ], [ -122.0796, 37.6369 ] ] } },
{ "type": "Feature", "properties": { "n": "Patrick Avenue", "h": "art" }, "geometry": { "type": "LineString", "coordinates": [ [ -122.07955, 37.63596 ], [ -122.07952, 37.63555 ] ] } },
{ "type": "Feature", "properties": { "n": "Patrick Avenue", "h": "art" }, "geometry": { "type": "LineString", "coordinates": [ [ -122.07959, 37.63666 ], [ -122.07957, 37.63642 ] ] } },
{ "type": "Feature", "properties": { "n": "Patrick Avenue", "h": "art" }, "geometry": { "type": "LineString", "coordinates": [ [ -122.07957, 37.63622 ], [ -122.07955, 37.63596 ] ] } },
{ "type": "Feature", "properties": { "n": "Patrick Avenue", "h": "art" }, "geometry": { "type": "LineString", "coordinates": [ [ -122.08092, 37.64022 ], [ -122.08011, 37.63951 ], [ -122.07993, 37.63929 ], [ -122.0797, 37.63886 ], [ -122.07963, 37.63819 ] ] } },
{ "type": "Feature", "properties": { "n": "West Tennyson Road", "h": "art" }, "geometry": { "type": "LineString", "coordinates": [ [ -122.06725, 37.63259 ], [ -122.06759, 37.63243 ] ] } },
{ "type": "Feature", "properties": { "n": "West Tennyson Road", "h": "art" }, "geometry": { "type": "LineString", "coordinates": [ [ -122.06853, 37.63201 ], [ -122.06911, 37.63179 ] ] } },
{ "type": "Feature", "properties": { "n": "Cherry Street", "h": "col" }, "geometry": { "type": "LineString", "coordinates": [ [ -122.02969, 37.53075 ], [ -122.02949, 37.53065 ] ] } },
{ "type": "Feature", "properties": { "n": "Cherry Street", "h": "col" }, "geometry": { "type": "LineString", "coordinates": [ [ -122.02941, 37.53076 ], [ -122.0296, 37.53086 ] ] } },
{ "type": "Feature", "properties": { "n": "Sycamore Street", "h": "col" }, "geometry": { "type": "LineString", "coordinates": [ [ -122.03279, 37.52716 ], [ -122.03251, 37.52702 ] ] } },
{ "type": "Feature", "properties": { "n": "Whipple Road", "h": "art" }, "geometry": { "type": "LineString", "coordinates": [ [ -122.06267, 37.60684 ], [ -122.06285, 37.60689 ] ] } },
{ "type": "Feature", "properties": { "n": "Industrial Boulevard", "h": "art" }, "geometry": { "type": "LineString", "coordinates": [ [ -122.09885, 37.62019 ], [ -122.09519, 37.61799 ] ] } },
{ "type": "Feature", "properties": { "n": "Industrial Boulevard", "h": "art" }, "geometry": { "type": "LineString", "coordinates": [ [ -122.09519, 37.61799 ], [ -122.09357, 37.61698 ] ] } },
{ "type": "Feature", "properties": { "n": "Industrial Parkway West", "h": "art" }, "geometry": { "type": "LineString", "coordinates": [ [ -122.08399, 37.61788 ], [ -122.08461, 37.6179 ] ] } },
{ "type": "Feature", "properties": { "n": "Industrial Parkway West", "h": "art" }, "geometry": { "type": "LineString", "coordinates": [ [ -122.0846, 37.61778 ], [ -122.08243, 37.61772 ] ] } },
{ "type": "Feature", "properties": { "n": "Industrial Parkway West", "h": "art" }, "geometry": { "type": "LineString", "coordinates": [ [ -122.08248, 37.61783 ], [ -122.08399, 37.61788 ] ] } },
{ "type": "Feature", "properties": { "n": "Industrial Parkway West", "h": "art" }, "geometry": { "type": "LineString", "coordinates": [ [ -122.08243, 37.61772 ], [ -122.08218, 37.61772 ] ] } },
{ "type": "Feature", "properties": { "n": "Industrial Parkway West", "h": "art" }, "geometry": { "type": "LineString", "coordinates": [ [ -122.08532, 37.61781 ], [ -122.0846, 37.61778 ] ] } },
{ "type": "Feature", "properties": { "n": "Industrial Parkway West", "h": "art" }, "geometry": { "type": "LineString", "coordinates": [ [ -122.07857, 37.6176 ], [ -122.07794, 37.61758 ] ] } },
{ "type": "Feature", "properties": { "n": "Hesperian Boulevard", "h": "art" }, "geometry": { "type": "LineString", "coordinates": [ [ -122.08875, 37.6177 ], [ -122.08855, 37.61738 ] ] } },
{ "type": "Feature", "properties": { "n": "Decoto Road", "h": "art" }, "geometry": { "type": "LineString", "coordinates": [ [ -122.01633, 37.60192 ], [ -122.01653, 37.60166 ] ] } },
{ "type": "Feature", "properties": { "n": "Decoto Road", "h": "art" }, "geometry": { "type": "LineString", "coordinates": [ [ -122.01563, 37.60241 ], [ -122.0158, 37.60234 ] ] } },
{ "type": "Feature", "properties": { "n": "Decoto Road", "h": "art" }, "geometry": { "type": "LineString", "coordinates": [ [ -122.01597, 37.60206 ], [ -122.0157, 37.60225 ] ] } },
{ "type": "Feature", "properties": { "n": "Decoto Road", "h": "art" }, "geometry": { "type": "LineString", "coordinates": [ [ -122.0157, 37.60225 ], [ -122.01563, 37.60241 ] ] } },
{ "type": "Feature", "properties": { "n": "Decoto Road", "h": "art" }, "geometry": { "type": "LineString", "coordinates": [ [ -122.01618, 37.60188 ], [ -122.01597, 37.60206 ] ] } },
{ "type": "Feature", "properties": { "n": "Mission Boulevard", "h": "art" }, "geometry": { "type": "LineString", "coordinates": [ [ -122.02005, 37.60636 ], [ -122.02082, 37.607 ] ] } },
{ "type": "Feature", "properties": { "n": "Mission Boulevard", "h": "art" }, "geometry": { "type": "LineString", "coordinates": [ [ -122.01548, 37.60206 ], [ -122.01532, 37.60191 ] ] } },
{ "type": "Feature", "properties": { "n": "Mission Boulevard", "h": "art" }, "geometry": { "type": "LineString", "coordinates": [ [ -122.0209, 37.60686 ], [ -122.02076, 37.60674 ] ] } },
{ "type": "Feature", "properties": { "n": "Mission Boulevard", "h": "art" }, "geometry": { "type": "LineString", "coordinates": [ [ -122.02068, 37.60667 ], [ -122.02016, 37.60621 ] ] } },
{ "type": "Feature", "properties": { "n": "Mission Boulevard", "h": "art" }, "geometry": { "type": "LineString", "coordinates": [ [ -122.01692, 37.60333 ], [ -122.01659, 37.60304 ] ] } },
{ "type": "Feature", "properties": { "n": "Mission Boulevard", "h": "art" }, "geometry": { "type": "LineString", "coordinates": [ [ -122.01647, 37.60293 ], [ -122.0158, 37.60234 ] ] } },
{ "type": "Feature", "properties": { "n": "Mission Boulevard", "h": "art" }, "geometry": { "type": "LineString", "coordinates": [ [ -122.01444, 37.60133 ], [ -122.01563, 37.60241 ] ] } },
{ "type": "Feature", "properties": { "n": "Mission Boulevard", "h": "art" }, "geometry": { "type": "LineString", "coordinates": [ [ -122.01563, 37.60241 ], [ -122.01665, 37.60333 ] ] } },
{ "type": "Feature", "properties": { "n": "Mission Boulevard", "h": "art" }, "geometry": { "type": "LineString", "coordinates": [ [ -122.02008, 37.60614 ], [ -122.01692, 37.60333 ] ] } },
{ "type": "Feature", "properties": { "n": "Whipple Road", "h": "art" }, "geometry": { "type": "LineString", "coordinates": [ [ -122.02008, 37.60614 ], [ -122.01998, 37.60627 ] ] } },
{ "type": "Feature", "properties": { "n": "Whipple Road", "h": "art" }, "geometry": { "type": "LineString", "coordinates": [ [ -122.01999, 37.60628 ], [ -122.02016, 37.60621 ] ] } },
{ "type": "Feature", "properties": { "n": "Calaroga Avenue", "h": "col" }, "geometry": { "type": "LineString", "coordinates": [ [ -122.08667, 37.62203 ], [ -122.08657, 37.62187 ] ] } },
{ "type": "Feature", "properties": { "n": "Mission Boulevard", "h": "art" }, "geometry": { "type": "LineString", "coordinates": [ [ -122.00985, 37.59717 ], [ -122.01027, 37.59753 ] ] } },
{ "type": "Feature", "properties": { "n": "Grimmer Boulevard", "h": "col" }, "geometry": { "type": "LineString", "coordinates": [ [ -121.96099, 37.5414 ], [ -121.96082, 37.54154 ] ] } },
{ "type": "Feature", "properties": { "n": "Grimmer Boulevard", "h": "col" }, "geometry": { "type": "LineString", "coordinates": [ [ -121.96534, 37.53677 ], [ -121.96547, 37.53662 ] ] } },
{ "type": "Feature", "properties": { "n": "Driscoll Road", "h": "col" }, "geometry": { "type": "LineString", "coordinates": [ [ -121.94972, 37.53964 ], [ -121.95087, 37.53838 ] ] } },
{ "type": "Feature", "properties": { "n": "Driscoll Road", "h": "col" }, "geometry": { "type": "LineString", "coordinates": [ [ -121.94931, 37.54009 ], [ -121.94953, 37.53985 ] ] } },
{ "type": "Feature", "properties": { "n": "Driscoll Road", "h": "col" }, "geometry": { "type": "LineString", "coordinates": [ [ -121.95087, 37.53838 ], [ -121.95127, 37.53794 ] ] } },
{ "type": "Feature", "properties": { "n": "Driscoll Road", "h": "col" }, "geometry": { "type": "LineString", "coordinates": [ [ -121.95127, 37.53794 ], [ -121.95145, 37.53775 ] ] } },
{ "type": "Feature", "properties": { "n": "Paseo Padre Parkway", "h": "art" }, "geometry": { "type": "LineString", "coordinates": [ [ -121.96109, 37.54183 ], [ -121.9609, 37.54166 ] ] } },
{ "type": "Feature", "properties": { "n": "Paseo Padre Parkway", "h": "art" }, "geometry": { "type": "LineString", "coordinates": [ [ -121.94884, 37.54166 ], [ -121.94824, 37.54127 ] ] } },
{ "type": "Feature", "properties": { "n": "Blacow Road", "h": "art" }, "geometry": { "type": "LineString", "coordinates": [ [ -122.00159, 37.53793 ], [ -122.00138, 37.53782 ] ] } },
{ "type": "Feature", "properties": { "n": "Blacow Road", "h": "art" }, "geometry": { "type": "LineString", "coordinates": [ [ -122.00417, 37.53927 ], [ -122.00159, 37.53793 ] ] } },
{ "type": "Feature", "properties": { "n": "Blacow Road", "h": "art" }, "geometry": { "type": "LineString", "coordinates": [ [ -122.0016, 37.53806 ], [ -122.00465, 37.53965 ] ] } },
{ "type": "Feature", "properties": { "n": "Mission Boulevard", "h": "art" }, "geometry": { "type": "LineString", "coordinates": [ [ -121.97349, 37.57778 ], [ -121.97439, 37.57816 ], [ -121.97542, 37.57849 ] ] } },
{ "type": "Feature", "properties": { "n": "Mission Boulevard", "h": "art" }, "geometry": { "type": "LineString", "coordinates": [ [ -121.97729, 37.57882 ], [ -121.97777, 37.57886 ] ] } },
{ "type": "Feature", "properties": { "n": "Mission Boulevard", "h": "art" }, "geometry": { "type": "LineString", "coordinates": [ [ -121.98021, 37.5788 ], [ -121.97957, 37.57879 ] ] } },
{ "type": "Feature", "properties": { "n": "Mission Boulevard", "h": "art" }, "geometry": { "type": "LineString", "coordinates": [ [ -121.98257, 37.57911 ], [ -121.98304, 37.57917 ] ] } },
{ "type": "Feature", "properties": { "n": "Mission Boulevard", "h": "art" }, "geometry": { "type": "LineString", "coordinates": [ [ -121.97957, 37.57879 ], [ -121.97875, 37.57877 ] ] } },
{ "type": "Feature", "properties": { "n": "Mission Boulevard", "h": "art" }, "geometry": { "type": "LineString", "coordinates": [ [ -121.98323, 37.57906 ], [ -121.98306, 37.57904 ] ] } },
{ "type": "Feature", "properties": { "n": "Mission Boulevard", "h": "art" }, "geometry": { "type": "LineString", "coordinates": [ [ -121.97631, 37.57857 ], [ -121.97615, 37.57854 ] ] } },
{ "type": "Feature", "properties": { "n": "Mission Boulevard", "h": "art" }, "geometry": { "type": "LineString", "coordinates": [ [ -121.97682, 37.57866 ], [ -121.97631, 37.57857 ] ] } },
{ "type": "Feature", "properties": { "n": "Mission Boulevard", "h": "art" }, "geometry": { "type": "LineString", "coordinates": [ [ -121.97875, 37.57877 ], [ -121.97781, 37.57875 ] ] } },
{ "type": "Feature", "properties": { "n": "Mission Boulevard", "h": "art" }, "geometry": { "type": "LineString", "coordinates": [ [ -121.97615, 37.57854 ], [ -121.97592, 37.57849 ] ] } },
{ "type": "Feature", "properties": { "n": "Mission Boulevard", "h": "art" }, "geometry": { "type": "LineString", "coordinates": [ [ -121.97781, 37.57875 ], [ -121.97682, 37.57866 ] ] } },
{ "type": "Feature", "properties": { "n": "Mission Boulevard", "h": "art" }, "geometry": { "type": "LineString", "coordinates": [ [ -121.98306, 37.57904 ], [ -121.98129, 37.57884 ], [ -121.98021, 37.5788 ] ] } },
{ "type": "Feature", "properties": { "n": "Mission Boulevard", "h": "art" }, "geometry": { "type": "LineString", "coordinates": [ [ -121.98033, 37.57892 ], [ -121.98186, 37.57902 ] ] } },
{ "type": "Feature", "properties": { "n": "Mission Boulevard", "h": "art" }, "geometry": { "type": "LineString", "coordinates": [ [ -121.97563, 37.57842 ], [ -121.97465, 37.57813 ], [ -121.9739, 37.5778 ] ] } },
{ "type": "Feature", "properties": { "n": "Paseo Padre Parkway", "h": "art" }, "geometry": { "type": "LineString", "coordinates": [ [ -121.94951, 37.54217 ], [ -121.9499, 37.54232 ] ] } },
{ "type": "Feature", "properties": { "n": "Paseo Padre Parkway", "h": "art" }, "geometry": { "type": "LineString", "coordinates": [ [ -121.95044, 37.54235 ], [ -121.94996, 37.54223 ] ] } },
{ "type": "Feature", "properties": { "n": "Paseo Padre Parkway", "h": "art" }, "geometry": { "type": "LineString", "coordinates": [ [ -121.94996, 37.54223 ], [ -121.94938, 37.54199 ], [ -121.94884, 37.54166 ] ] } },
{ "type": "Feature", "properties": { "n": "Paseo Padre Parkway", "h": "art" }, "geometry": { "type": "LineString", "coordinates": [ [ -121.95221, 37.54244 ], [ -121.95421, 37.54187 ] ] } },
{ "type": "Feature", "properties": { "n": "Fremont Boulevard", "h": "art" }, "geometry": { "type": "LineString", "coordinates": [ [ -121.95899, 37.53211 ], [ -121.95905, 37.53246 ] ] } },
{ "type": "Feature", "properties": { "n": "Fremont Boulevard", "h": "art" }, "geometry": { "type": "LineString", "coordinates": [ [ -121.95914, 37.53301 ], [ -121.95932, 37.53311 ] ] } },
{ "type": "Feature", "properties": { "n": "Cherry Street", "h": "art" }, "geometry": { "type": "LineString", "coordinates": [ [ -121.997, 37.51519 ], [ -121.99969, 37.51666 ] ] } },
{ "type": "Feature", "properties": { "n": "Cherry Street", "h": "art" }, "geometry": { "type": "LineString", "coordinates": [ [ -122.00249, 37.51805 ], [ -122.00372, 37.51848 ] ] } },
{ "type": "Feature", "properties": { "n": "Osgood Road", "h": "art" }, "geometry": { "type": "LineString", "coordinates": [ [ -121.9509, 37.52782 ], [ -121.95075, 37.52756 ] ] } },
{ "type": "Feature", "properties": { "n": "Osgood Road", "h": "art" }, "geometry": { "type": "LineString", "coordinates": [ [ -121.95117, 37.52826 ], [ -121.9509, 37.52782 ] ] } },
{ "type": "Feature", "properties": { "n": "Osgood Road", "h": "art" }, "geometry": { "type": "LineString", "coordinates": [ [ -121.95075, 37.52756 ], [ -121.95042, 37.52698 ] ] } },
{ "type": "Feature", "properties": { "n": "Cedar Boulevard", "h": "art" }, "geometry": { "type": "LineString", "coordinates": [ [ -121.99881, 37.52198 ], [ -121.9997, 37.52219 ], [ -122.00176, 37.52229 ] ] } },
{ "type": "Feature", "properties": { "n": "Cedar Boulevard", "h": "art" }, "geometry": { "type": "LineString", "coordinates": [ [ -121.99795, 37.52156 ], [ -121.99861, 37.5219 ] ] } },
{ "type": "Feature", "properties": { "n": "Cedar Boulevard", "h": "art" }, "geometry": { "type": "LineString", "coordinates": [ [ -121.99322, 37.51913 ], [ -121.9936, 37.51933 ] ] } },
{ "type": "Feature", "properties": { "n": "Cedar Boulevard", "h": "art" }, "geometry": { "type": "LineString", "coordinates": [ [ -121.99573, 37.52043 ], [ -121.99649, 37.52081 ] ] } },
{ "type": "Feature", "properties": { "n": "Cedar Boulevard", "h": "art" }, "geometry": { "type": "LineString", "coordinates": [ [ -121.9936, 37.51933 ], [ -121.99573, 37.52043 ] ] } },
{ "type": "Feature", "properties": { "n": "Cedar Boulevard", "h": "art" }, "geometry": { "type": "LineString", "coordinates": [ [ -121.99649, 37.52081 ], [ -121.99795, 37.52156 ] ] } },
{ "type": "Feature", "properties": { "n": "Gateway Boulevard", "h": "col" }, "geometry": { "type": "LineString", "coordinates": [ [ -122.06422, 37.53627 ], [ -122.06512, 37.53599 ] ] } },
{ "type": "Feature", "properties": { "n": "Gateway Boulevard", "h": "col" }, "geometry": { "type": "LineString", "coordinates": [ [ -122.06284, 37.53735 ], [ -122.0628, 37.53767 ] ] } },
{ "type": "Feature", "properties": { "n": "Gateway Boulevard", "h": "col" }, "geometry": { "type": "LineString", "coordinates": [ [ -122.06306, 37.53689 ], [ -122.06288, 37.53724 ] ] } },
{ "type": "Feature", "properties": { "n": "Gateway Boulevard", "h": "col" }, "geometry": { "type": "LineString", "coordinates": [ [ -122.0628, 37.53767 ], [ -122.06287, 37.53818 ] ] } },
{ "type": "Feature", "properties": { "n": "Gateway Boulevard", "h": "col" }, "geometry": { "type": "LineString", "coordinates": [ [ -122.06296, 37.53787 ], [ -122.06299, 37.53738 ] ] } },
{ "type": "Feature", "properties": { "n": "Gateway Boulevard", "h": "col" }, "geometry": { "type": "LineString", "coordinates": [ [ -122.06507, 37.53589 ], [ -122.06381, 37.53627 ], [ -122.06339, 37.53651 ] ] } },
{ "type": "Feature", "properties": { "n": "Paseo Padre Parkway", "h": "art" }, "geometry": { "type": "LineString", "coordinates": [ [ -122.06841, 37.54256 ], [ -122.06857, 37.54289 ] ] } },
{ "type": "Feature", "properties": { "n": "Paseo Padre Parkway", "h": "art" }, "geometry": { "type": "LineString", "coordinates": [ [ -122.06884, 37.54347 ], [ -122.06924, 37.5443 ] ] } },
{ "type": "Feature", "properties": { "n": "Paseo Padre Parkway", "h": "art" }, "geometry": { "type": "LineString", "coordinates": [ [ -122.06817, 37.54203 ], [ -122.06829, 37.5423 ] ] } },
{ "type": "Feature", "properties": { "n": "Paseo Padre Parkway", "h": "art" }, "geometry": { "type": "LineString", "coordinates": [ [ -122.06829, 37.5423 ], [ -122.06841, 37.54256 ] ] } },
{ "type": "Feature", "properties": { "n": "Paseo Padre Parkway", "h": "art" }, "geometry": { "type": "LineString", "coordinates": [ [ -122.06752, 37.54072 ], [ -122.06767, 37.54101 ] ] } },
{ "type": "Feature", "properties": { "n": "Jarvis Avenue", "h": "art" }, "geometry": { "type": "LineString", "coordinates": [ [ -122.06178, 37.53715 ], [ -122.06284, 37.53735 ] ] } },
{ "type": "Feature", "properties": { "n": "Jarvis Avenue", "h": "art" }, "geometry": { "type": "LineString", "coordinates": [ [ -122.06038, 37.53738 ], [ -122.06079, 37.53718 ] ] } },
{ "type": "Feature", "properties": { "n": "Thornton Avenue", "h": "art" }, "geometry": { "type": "LineString", "coordinates": [ [ -122.06597, 37.53739 ], [ -122.06525, 37.53595 ] ] } },
{ "type": "Feature", "properties": { "n": "Thornton Avenue", "h": "art" }, "geometry": { "type": "LineString", "coordinates": [ [ -122.0648, 37.53536 ], [ -122.06507, 37.53589 ] ] } },
{ "type": "Feature", "properties": { "n": "Thornton Avenue", "h": "art" }, "geometry": { "type": "LineString", "coordinates": [ [ -122.06339, 37.52951 ], [ -122.06367, 37.52991 ] ] } },
{ "type": "Feature", "properties": { "n": "Thornton Avenue", "h": "art" }, "geometry": { "type": "LineString", "coordinates": [ [ -122.06583, 37.53742 ], [ -122.06656, 37.53883 ] ] } },
{ "type": "Feature", "properties": { "n": "Thornton Avenue", "h": "art" }, "geometry": { "type": "LineString", "coordinates": [ [ -122.06367, 37.52991 ], [ -122.06397, 37.53068 ], [ -122.06418, 37.53226 ] ] } },
{ "type": "Feature", "properties": { "n": "Boyce Road", "h": "art" }, "geometry": { "type": "LineString", "coordinates": [ [ -121.98902, 37.50972 ], [ -121.98937, 37.50998 ] ] } },
{ "type": "Feature", "properties": { "n": "Blacow Road", "h": "col" }, "geometry": { "type": "LineString", "coordinates": [ [ -121.95695, 37.52413 ], [ -121.95752, 37.52407 ] ] } },
{ "type": "Feature", "properties": { "n": "Delaware Drive", "h": "col" }, "geometry": { "type": "LineString", "coordinates": [ [ -121.95345, 37.51967 ], [ -121.95372, 37.51957 ] ] } },
{ "type": "Feature", "properties": { "n": "Delaware Drive", "h": "col" }, "geometry": { "type": "LineString", "coordinates": [ [ -121.95485, 37.51914 ], [ -121.95512, 37.51904 ] ] } },
{ "type": "Feature", "properties": { "n": "Delaware Drive", "h": "col" }, "geometry": { "type": "LineString", "coordinates": [ [ -121.95372, 37.51957 ], [ -121.95485, 37.51914 ] ] } },
{ "type": "Feature", "properties": { "n": "Delaware Drive", "h": "col" }, "geometry": { "type": "LineString", "coordinates": [ [ -121.95518, 37.51889 ], [ -121.95411, 37.51927 ] ] } },
{ "type": "Feature", "properties": { "n": "Fremont Boulevard", "h": "art" }, "geometry": { "type": "LineString", "coordinates": [ [ -121.95543, 37.51945 ], [ -121.95543, 37.51932 ], [ -121.95524, 37.519 ] ] } },
{ "type": "Feature", "properties": { "n": "Fremont Boulevard", "h": "art" }, "geometry": { "type": "LineString", "coordinates": [ [ -121.9579, 37.5262 ], [ -121.95795, 37.52646 ] ] } },
{ "type": "Feature", "properties": { "n": "Fremont Boulevard", "h": "art" }, "geometry": { "type": "LineString", "coordinates": [ [ -121.95781, 37.52482 ], [ -121.95767, 37.52406 ] ] } },
{ "type": "Feature", "properties": { "n": "Fremont Boulevard", "h": "art" }, "geometry": { "type": "LineString", "coordinates": [ [ -121.95795, 37.52646 ], [ -121.95807, 37.52719 ] ] } },
{ "type": "Feature", "properties": { "n": "Fremont Boulevard", "h": "art" }, "geometry": { "type": "LineString", "coordinates": [ [ -121.95518, 37.51889 ], [ -121.95501, 37.51859 ], [ -121.95493, 37.51858 ] ] } },
{ "type": "Feature", "properties": { "n": "Fremont Boulevard", "h": "art" }, "geometry": { "type": "LineString", "coordinates": [ [ -121.95733, 37.52309 ], [ -121.95749, 37.52394 ] ] } },
{ "type": "Feature", "properties": { "n": "Fremont Boulevard", "h": "art" }, "geometry": { "type": "LineString", "coordinates": [ [ -121.95289, 37.51515 ], [ -121.95291, 37.51502 ], [ -121.95269, 37.51462 ] ] } },
{ "type": "Feature", "properties": { "n": "Fremont Boulevard", "h": "art" }, "geometry": { "type": "LineString", "coordinates": [ [ -121.95639, 37.52105 ], [ -121.95606, 37.52052 ] ] } },
{ "type": "Feature", "properties": { "n": "Fremont Boulevard", "h": "art" }, "geometry": { "type": "LineString", "coordinates": [ [ -121.95174, 37.51301 ], [ -121.95161, 37.51281 ] ] } },
{ "type": "Feature", "properties": { "n": "Fremont Boulevard", "h": "art" }, "geometry": { "type": "LineString", "coordinates": [ [ -121.95135, 37.5124 ], [ -121.95118, 37.5121 ] ] } },
{ "type": "Feature", "properties": { "n": "Fremont Boulevard", "h": "art" }, "geometry": { "type": "LineString", "coordinates": [ [ -121.95777, 37.52549 ], [ -121.9579, 37.5262 ] ] } },
{ "type": "Feature", "properties": { "n": "Fremont Boulevard", "h": "art" }, "geometry": { "type": "LineString", "coordinates": [ [ -121.95819, 37.52701 ], [ -121.95815, 37.52678 ] ] } },
{ "type": "Feature", "properties": { "n": "Fremont Boulevard", "h": "art" }, "geometry": { "type": "LineString", "coordinates": [ [ -121.9577, 37.52511 ], [ -121.95777, 37.52549 ] ] } },
{ "type": "Feature", "properties": { "n": "Fremont Boulevard", "h": "art" }, "geometry": { "type": "LineString", "coordinates": [ [ -121.95749, 37.52394 ], [ -121.9577, 37.52511 ] ] } },
{ "type": "Feature", "properties": { "n": "Fremont Boulevard", "h": "art" }, "geometry": { "type": "LineString", "coordinates": [ [ -121.95269, 37.51462 ], [ -121.95174, 37.51301 ] ] } },
{ "type": "Feature", "properties": { "n": "Fremont Boulevard", "h": "art" }, "geometry": { "type": "LineString", "coordinates": [ [ -121.95318, 37.51564 ], [ -121.95481, 37.51837 ] ] } },
{ "type": "Feature", "properties": { "n": "Fremont Boulevard", "h": "art" }, "geometry": { "type": "LineString", "coordinates": [ [ -121.95815, 37.52678 ], [ -121.95809, 37.52644 ] ] } },
{ "type": "Feature", "properties": { "n": "Fremont Boulevard", "h": "art" }, "geometry": { "type": "LineString", "coordinates": [ [ -121.95809, 37.52644 ], [ -121.95781, 37.52482 ] ] } },
{ "type": "Feature", "properties": { "n": "Fremont Boulevard", "h": "art" }, "geometry": { "type": "LineString", "coordinates": [ [ -121.95597, 37.52037 ], [ -121.95548, 37.51955 ] ] } },
{ "type": "Feature", "properties": { "n": "Driscoll Road", "h": "col" }, "geometry": { "type": "LineString", "coordinates": [ [ -121.94816, 37.54135 ], [ -121.94931, 37.54009 ] ] } },
{ "type": "Feature", "properties": { "n": "Fremont Boulevard", "h": "art" }, "geometry": { "type": "LineString", "coordinates": [ [ -121.95118, 37.5121 ], [ -121.95111, 37.51197 ] ] } },
{ "type": "Feature", "properties": { "n": "Fremont Boulevard", "h": "art" }, "geometry": { "type": "LineString", "coordinates": [ [ -121.95051, 37.51096 ], [ -121.95022, 37.51045 ] ] } },
{ "type": "Feature", "properties": { "n": "Grimmer Boulevard", "h": "art" }, "geometry": { "type": "LineString", "coordinates": [ [ -121.96405, 37.51077 ], [ -121.96387, 37.51051 ] ] } },
{ "type": "Feature", "properties": { "n": "Grimmer Boulevard", "h": "art" }, "geometry": { "type": "LineString", "coordinates": [ [ -121.96372, 37.51058 ], [ -121.96383, 37.51073 ] ] } },
{ "type": "Feature", "properties": { "n": "Grimmer Boulevard", "h": "art" }, "geometry": { "type": "LineString", "coordinates": [ [ -121.96345, 37.51017 ], [ -121.96372, 37.51058 ] ] } },
{ "type": "Feature", "properties": { "n": "Grimmer Boulevard", "h": "art" }, "geometry": { "type": "LineString", "coordinates": [ [ -121.96387, 37.51051 ], [ -121.96362, 37.51013 ] ] } },
{ "type": "Feature", "properties": { "n": "Grimmer Boulevard", "h": "art" }, "geometry": { "type": "LineString", "coordinates": [ [ -121.96905, 37.52261 ], [ -121.96911, 37.52287 ] ] } },
{ "type": "Feature", "properties": { "n": "Stevenson Boulevard", "h": "art" }, "geometry": { "type": "LineString", "coordinates": [ [ -121.95721, 37.56072 ], [ -121.95708, 37.56082 ] ] } },
{ "type": "Feature", "properties": { "n": "Stevenson Boulevard", "h": "art" }, "geometry": { "type": "LineString", "coordinates": [ [ -121.95802, 37.56012 ], [ -121.95759, 37.56042 ] ] } },
{ "type": "Feature", "properties": { "n": "Boyce Road", "h": "art" }, "geometry": { "type": "LineString", "coordinates": [ [ -121.98793, 37.5089 ], [ -121.98822, 37.50912 ] ] } },
{ "type": "Feature", "properties": { "n": "Boyce Road", "h": "art" }, "geometry": { "type": "LineString", "coordinates": [ [ -121.98706, 37.50825 ], [ -121.98746, 37.50854 ] ] } },
{ "type": "Feature", "properties": { "n": "Boyce Road", "h": "art" }, "geometry": { "type": "LineString", "coordinates": [ [ -121.98493, 37.50665 ], [ -121.98534, 37.50696 ] ] } },
{ "type": "Feature", "properties": { "n": "Boyce Road", "h": "art" }, "geometry": { "type": "LineString", "coordinates": [ [ -121.98478, 37.50636 ], [ -121.98458, 37.50621 ] ] } },
{ "type": "Feature", "properties": { "n": "Boyce Road", "h": "art" }, "geometry": { "type": "LineString", "coordinates": [ [ -121.98453, 37.50635 ], [ -121.98493, 37.50665 ] ] } },
{ "type": "Feature", "properties": { "n": "Boyce Road", "h": "art" }, "geometry": { "type": "LineString", "coordinates": [ [ -121.98612, 37.50737 ], [ -121.98547, 37.50688 ] ] } },
{ "type": "Feature", "properties": { "n": "Boyce Road", "h": "art" }, "geometry": { "type": "LineString", "coordinates": [ [ -121.98653, 37.50768 ], [ -121.98612, 37.50737 ] ] } },
{ "type": "Feature", "properties": { "n": "Boyce Road", "h": "art" }, "geometry": { "type": "LineString", "coordinates": [ [ -121.98547, 37.50688 ], [ -121.98478, 37.50636 ] ] } },
{ "type": "Feature", "properties": { "n": "Boyce Road", "h": "art" }, "geometry": { "type": "LineString", "coordinates": [ [ -121.98746, 37.50854 ], [ -121.98793, 37.5089 ] ] } },
{ "type": "Feature", "properties": { "n": "Boyce Road", "h": "art" }, "geometry": { "type": "LineString", "coordinates": [ [ -121.98697, 37.50801 ], [ -121.98653, 37.50768 ] ] } },
{ "type": "Feature", "properties": { "n": "Boyce Road", "h": "art" }, "geometry": { "type": "LineString", "coordinates": [ [ -121.98534, 37.50696 ], [ -121.98706, 37.50825 ] ] } },
{ "type": "Feature", "properties": { "n": "Boyce Road", "h": "art" }, "geometry": { "type": "LineString", "coordinates": [ [ -121.98822, 37.50912 ], [ -121.98902, 37.50972 ] ] } },
{ "type": "Feature", "properties": { "n": "Boyce Road", "h": "art" }, "geometry": { "type": "LineString", "coordinates": [ [ -121.98945, 37.50988 ], [ -121.98697, 37.50801 ] ] } },
{ "type": "Feature", "properties": { "n": "Mission Boulevard", "h": "art" }, "geometry": { "type": "LineString", "coordinates": [ [ -121.91795, 37.52609 ], [ -121.91807, 37.52651 ] ] } },
{ "type": "Feature", "properties": { "n": "Mission Boulevard", "h": "art" }, "geometry": { "type": "LineString", "coordinates": [ [ -121.91807, 37.52651 ], [ -121.91814, 37.52673 ] ] } },
{ "type": "Feature", "properties": { "n": "Mission Boulevard", "h": "art" }, "geometry": { "type": "LineString", "coordinates": [ [ -121.91925, 37.51357 ], [ -121.91909, 37.5142 ] ] } },
{ "type": "Feature", "properties": { "n": "Mission Boulevard", "h": "art" }, "geometry": { "type": "LineString", "coordinates": [ [ -121.9195, 37.51229 ], [ -121.91943, 37.51275 ] ] } },
{ "type": "Feature", "properties": { "n": "Mission Boulevard", "h": "art" }, "geometry": { "type": "LineString", "coordinates": [ [ -121.91914, 37.5299 ], [ -121.9192, 37.5301 ] ] } },
{ "type": "Feature", "properties": { "n": "Mission Boulevard", "h": "art" }, "geometry": { "type": "LineString", "coordinates": [ [ -121.91853, 37.52794 ], [ -121.91914, 37.5299 ] ] } },
{ "type": "Feature", "properties": { "n": "Mission Boulevard", "h": "art" }, "geometry": { "type": "LineString", "coordinates": [ [ -121.9192, 37.5301 ], [ -121.91932, 37.53049 ] ] } },
{ "type": "Feature", "properties": { "n": "Mission Boulevard", "h": "art" }, "geometry": { "type": "LineString", "coordinates": [ [ -121.91839, 37.52753 ], [ -121.91853, 37.52794 ] ] } },
{ "type": "Feature", "properties": { "n": "Cushing Parkway", "h": "art" }, "geometry": { "type": "LineString", "coordinates": [ [ -121.95786, 37.48939 ], [ -121.9589, 37.4894 ], [ -121.96009, 37.48965 ] ] } },
{ "type": "Feature", "properties": { "n": "Cushing Parkway", "h": "art" }, "geometry": { "type": "LineString", "coordinates": [ [ -121.9549, 37.48968 ], [ -121.95581, 37.48959 ] ] } },
{ "type": "Feature", "properties": { "n": "Cushing Parkway", "h": "art" }, "geometry": { "type": "LineString", "coordinates": [ [ -121.95033, 37.49027 ], [ -121.94954, 37.49037 ] ] } },
{ "type": "Feature", "properties": { "n": "Cushing Parkway", "h": "art" }, "geometry": { "type": "LineString", "coordinates": [ [ -121.95287, 37.48975 ], [ -121.95241, 37.48982 ] ] } },
{ "type": "Feature", "properties": { "n": "Cushing Parkway", "h": "art" }, "geometry": { "type": "LineString", "coordinates": [ [ -121.95122, 37.49024 ], [ -121.95157, 37.49015 ] ] } },
{ "type": "Feature", "properties": { "n": "Cushing Parkway", "h": "art" }, "geometry": { "type": "LineString", "coordinates": [ [ -121.95087, 37.49018 ], [ -121.95033, 37.49027 ] ] } },
{ "type": "Feature", "properties": { "n": "Cushing Parkway", "h": "art" }, "geometry": { "type": "LineString", "coordinates": [ [ -121.95241, 37.48982 ], [ -121.95121, 37.4901 ] ] } },
{ "type": "Feature", "properties": { "n": "Cushing Parkway", "h": "art" }, "geometry": { "type": "LineString", "coordinates": [ [ -121.95589, 37.48945 ], [ -121.95287, 37.48975 ] ] } },
{ "type": "Feature", "properties": { "n": "Kato Road", "h": "col" }, "geometry": { "type": "LineString", "coordinates": [ [ -121.92201, 37.46121 ], [ -121.92252, 37.46105 ] ] } },
{ "type": "Feature", "properties": { "n": "Kato Road", "h": "col" }, "geometry": { "type": "LineString", "coordinates": [ [ -121.91851, 37.46236 ], [ -121.91742, 37.46271 ] ] } },
{ "type": "Feature", "properties": { "n": "Thornton Avenue", "h": "art" }, "geometry": { "type": "LineString", "coordinates": [ [ -122.05427, 37.5259 ], [ -122.05507, 37.52619 ] ] } },
{ "type": "Feature", "properties": { "n": "Thornton Avenue", "h": "art" }, "geometry": { "type": "LineString", "coordinates": [ [ -122.05507, 37.52619 ], [ -122.0556, 37.52639 ] ] } },
{ "type": "Feature", "properties": { "n": "Thornton Avenue", "h": "art" }, "geometry": { "type": "LineString", "coordinates": [ [ -122.05381, 37.52574 ], [ -122.05427, 37.5259 ] ] } },
{ "type": "Feature", "properties": { "n": "Thornton Avenue", "h": "art" }, "geometry": { "type": "LineString", "coordinates": [ [ -122.05615, 37.52659 ], [ -122.05786, 37.52712 ] ] } },
{ "type": "Feature", "properties": { "n": "Thornton Avenue", "h": "art" }, "geometry": { "type": "LineString", "coordinates": [ [ -122.05261, 37.52532 ], [ -122.05204, 37.5254 ], [ -122.05175, 37.52554 ] ] } },
{ "type": "Feature", "properties": { "n": "Central Avenue", "h": "col" }, "geometry": { "type": "LineString", "coordinates": [ [ -122.03368, 37.52157 ], [ -122.03325, 37.52166 ] ] } },
{ "type": "Feature", "properties": { "n": "Driscoll Road", "h": "col" }, "geometry": { "type": "LineString", "coordinates": [ [ -121.94418, 37.54555 ], [ -121.94444, 37.5453 ] ] } },
{ "type": "Feature", "properties": { "n": "Sycamore Street", "h": "col" }, "geometry": { "type": "LineString", "coordinates": [ [ -122.04292, 37.53441 ], [ -122.04262, 37.53418 ] ] } },
{ "type": "Feature", "properties": { "n": "Mission Boulevard", "h": "art" }, "geometry": { "type": "LineString", "coordinates": [ [ -122.01038, 37.59746 ], [ -122.00971, 37.59687 ] ] } },
{ "type": "Feature", "properties": { "n": "Mission Boulevard", "h": "art" }, "geometry": { "type": "LineString", "coordinates": [ [ -121.9589, 37.56268 ], [ -121.95925, 37.56306 ] ] } },
{ "type": "Feature", "properties": { "n": "Mission Boulevard", "h": "art" }, "geometry": { "type": "LineString", "coordinates": [ [ -121.95925, 37.56306 ], [ -121.9607, 37.56467 ] ] } },
{ "type": "Feature", "properties": { "n": "Mission Boulevard", "h": "art" }, "geometry": { "type": "LineString", "coordinates": [ [ -121.95963, 37.56328 ], [ -121.95936, 37.56298 ] ] } },
{ "type": "Feature", "properties": { "n": "Mission Boulevard", "h": "art" }, "geometry": { "type": "LineString", "coordinates": [ [ -121.95936, 37.56298 ], [ -121.95874, 37.5623 ] ] } },
{ "type": "Feature", "properties": { "n": "Mission Boulevard", "h": "art" }, "geometry": { "type": "LineString", "coordinates": [ [ -121.9607, 37.56467 ], [ -121.96138, 37.56541 ] ] } },
{ "type": "Feature", "properties": { "n": "Mission Boulevard", "h": "art" }, "geometry": { "type": "LineString", "coordinates": [ [ -121.9578, 37.56127 ], [ -121.95734, 37.56084 ] ] } },
{ "type": "Feature", "properties": { "n": "Mission Boulevard", "h": "art" }, "geometry": { "type": "LineString", "coordinates": [ [ -121.95624, 37.56022 ], [ -121.95708, 37.56082 ] ] } },
{ "type": "Feature", "properties": { "n": "Stevenson Boulevard", "h": "art" }, "geometry": { "type": "LineString", "coordinates": [ [ -121.99692, 37.5066 ], [ -121.99679, 37.50696 ] ] } },
{ "type": "Feature", "properties": { "n": "Stevenson Boulevard", "h": "art" }, "geometry": { "type": "LineString", "coordinates": [ [ -121.9972, 37.50602 ], [ -121.99692, 37.5066 ] ] } },
{ "type": "Feature", "properties": { "n": "Osgood Road", "h": "art" }, "geometry": { "type": "LineString", "coordinates": [ [ -121.93992, 37.51015 ], [ -121.94009, 37.51045 ] ] } },
{ "type": "Feature", "properties": { "n": "Osgood Road", "h": "art" }, "geometry": { "type": "LineString", "coordinates": [ [ -121.9392, 37.50877 ], [ -121.93992, 37.51015 ] ] } },
{ "type": "Feature", "properties": { "n": "Doolittle Drive", "h": "col" }, "geometry": { "type": "LineString", "coordinates": [ [ -122.17348, 37.69433 ], [ -122.17346, 37.69382 ] ] } },
{ "type": "Feature", "properties": { "n": "Lake Chabot Road", "h": "art" }, "geometry": { "type": "LineString", "coordinates": [ [ -122.0905, 37.70799 ], [ -122.09014, 37.70684 ] ] } },
{ "type": "Feature", "properties": { "n": "Lake Chabot Road", "h": "art" }, "geometry": { "type": "LineString", "coordinates": [ [ -122.09014, 37.70684 ], [ -122.09003, 37.70649 ] ] } },
{ "type": "Feature", "properties": { "n": "Lake Chabot Road", "h": "art" }, "geometry": { "type": "LineString", "coordinates": [ [ -122.08833, 37.70164 ], [ -122.08819, 37.70118 ] ] } },
{ "type": "Feature", "properties": { "n": "Lake Chabot Road", "h": "art" }, "geometry": { "type": "LineString", "coordinates": [ [ -122.09003, 37.70649 ], [ -122.08875, 37.70256 ], [ -122.08847, 37.70202 ] ] } },
{ "type": "Feature", "properties": { "n": "Huntwood Avenue", "h": "col" }, "geometry": { "type": "LineString", "coordinates": [ [ -122.0548, 37.61593 ], [ -122.0548, 37.61657 ] ] } },
{ "type": "Feature", "properties": { "n": "Huntwood Avenue", "h": "col" }, "geometry": { "type": "LineString", "coordinates": [ [ -122.05723, 37.62195 ], [ -122.05744, 37.62213 ] ] } },
{ "type": "Feature", "properties": { "n": "Huntwood Avenue", "h": "col" }, "geometry": { "type": "LineString", "coordinates": [ [ -122.0548, 37.6169 ], [ -122.05479, 37.61721 ] ] } },
{ "type": "Feature", "properties": { "n": "Huntwood Avenue", "h": "col" }, "geometry": { "type": "LineString", "coordinates": [ [ -122.05568, 37.62073 ], [ -122.05613, 37.62108 ] ] } },
{ "type": "Feature", "properties": { "n": "Huntwood Avenue", "h": "col" }, "geometry": { "type": "LineString", "coordinates": [ [ -122.05697, 37.62174 ], [ -122.05723, 37.62195 ] ] } },
{ "type": "Feature", "properties": { "n": "Huntwood Avenue", "h": "col" }, "geometry": { "type": "LineString", "coordinates": [ [ -122.0548, 37.61657 ], [ -122.0548, 37.6169 ] ] } },
{ "type": "Feature", "properties": { "n": "Huntwood Avenue", "h": "col" }, "geometry": { "type": "LineString", "coordinates": [ [ -122.05479, 37.61942 ], [ -122.05488, 37.6197 ] ] } },
{ "type": "Feature", "properties": { "n": "Huntwood Avenue", "h": "col" }, "geometry": { "type": "LineString", "coordinates": [ [ -122.05478, 37.61906 ], [ -122.05479, 37.61942 ] ] } },
{ "type": "Feature", "properties": { "n": "Huntwood Avenue", "h": "col" }, "geometry": { "type": "LineString", "coordinates": [ [ -122.05479, 37.61833 ], [ -122.05478, 37.61906 ] ] } },
{ "type": "Feature", "properties": { "n": "Industrial Parkway West", "h": "art" }, "geometry": { "type": "LineString", "coordinates": [ [ -122.05417, 37.62396 ], [ -122.05451, 37.62371 ] ] } },
{ "type": "Feature", "properties": { "n": "Industrial Parkway West", "h": "art" }, "geometry": { "type": "LineString", "coordinates": [ [ -122.055, 37.62316 ], [ -122.05441, 37.62363 ] ] } },
{ "type": "Feature", "properties": { "n": "Industrial Parkway West", "h": "art" }, "geometry": { "type": "LineString", "coordinates": [ [ -122.05622, 37.62233 ], [ -122.05697, 37.62174 ] ] } },
{ "type": "Feature", "properties": { "n": "Industrial Parkway West", "h": "art" }, "geometry": { "type": "LineString", "coordinates": [ [ -122.0576, 37.62107 ], [ -122.05687, 37.62166 ] ] } },
{ "type": "Feature", "properties": { "n": "Industrial Parkway West", "h": "art" }, "geometry": { "type": "LineString", "coordinates": [ [ -122.05451, 37.62371 ], [ -122.05622, 37.62233 ] ] } },
{ "type": "Feature", "properties": { "n": "Industrial Parkway West", "h": "art" }, "geometry": { "type": "LineString", "coordinates": [ [ -122.05687, 37.62166 ], [ -122.055, 37.62316 ] ] } },
{ "type": "Feature", "properties": { "n": "Industrial Parkway West", "h": "art" }, "geometry": { "type": "LineString", "coordinates": [ [ -122.05441, 37.62363 ], [ -122.0537, 37.62421 ] ] } },
{ "type": "Feature", "properties": { "n": "Industrial Parkway West", "h": "art" }, "geometry": { "type": "LineString", "coordinates": [ [ -122.05375, 37.6243 ], [ -122.05417, 37.62396 ] ] } },
{ "type": "Feature", "properties": { "n": "Industrial Parkway", "h": "art" }, "geometry": { "type": "LineString", "coordinates": [ [ -122.05246, 37.62516 ], [ -122.05224, 37.62533 ] ] } },
{ "type": "Feature", "properties": { "n": "Industrial Parkway", "h": "art" }, "geometry": { "type": "LineString", "coordinates": [ [ -122.05224, 37.62533 ], [ -122.05187, 37.62562 ] ] } },
{ "type": "Feature", "properties": { "n": "Industrial Parkway Southwest", "h": "art" }, "geometry": { "type": "LineString", "coordinates": [ [ -122.06353, 37.61635 ], [ -122.06302, 37.61676 ] ] } },
{ "type": "Feature", "properties": { "n": "Industrial Parkway Southwest", "h": "art" }, "geometry": { "type": "LineString", "coordinates": [ [ -122.06302, 37.61676 ], [ -122.0621, 37.61751 ] ] } },
{ "type": "Feature", "properties": { "n": "Industrial Parkway Southwest", "h": "art" }, "geometry": { "type": "LineString", "coordinates": [ [ -122.0621, 37.61751 ], [ -122.06199, 37.6177 ] ] } },
{ "type": "Feature", "properties": { "n": "Industrial Parkway West", "h": "art" }, "geometry": { "type": "LineString", "coordinates": [ [ -122.05697, 37.62174 ], [ -122.05802, 37.6209 ] ] } },
{ "type": "Feature", "properties": { "n": "Industrial Parkway West", "h": "art" }, "geometry": { "type": "LineString", "coordinates": [ [ -122.06033, 37.61896 ], [ -122.05996, 37.61922 ] ] } },
{ "type": "Feature", "properties": { "n": "Industrial Parkway West", "h": "art" }, "geometry": { "type": "LineString", "coordinates": [ [ -122.08102, 37.61768 ], [ -122.08042, 37.61766 ] ] } },
{ "type": "Feature", "properties": { "n": "Industrial Parkway West", "h": "art" }, "geometry": { "type": "LineString", "coordinates": [ [ -122.07901, 37.61762 ], [ -122.07857, 37.6176 ] ] } },
{ "type": "Feature", "properties": { "n": "Industrial Parkway West", "h": "art" }, "geometry": { "type": "LineString", "coordinates": [ [ -122.07346, 37.61745 ], [ -122.07315, 37.61744 ] ] } },
{ "type": "Feature", "properties": { "n": "Industrial Parkway West", "h": "art" }, "geometry": { "type": "LineString", "coordinates": [ [ -122.07794, 37.61758 ], [ -122.07752, 37.61757 ] ] } },
{ "type": "Feature", "properties": { "n": "Industrial Parkway West", "h": "art" }, "geometry": { "type": "LineString", "coordinates": [ [ -122.05967, 37.61959 ], [ -122.06004, 37.6193 ] ] } },
{ "type": "Feature", "properties": { "n": "Industrial Parkway West", "h": "art" }, "geometry": { "type": "LineString", "coordinates": [ [ -122.06139, 37.61853 ], [ -122.06214, 37.61828 ] ] } },
{ "type": "Feature", "properties": { "n": "Industrial Parkway West", "h": "art" }, "geometry": { "type": "LineString", "coordinates": [ [ -122.05996, 37.61922 ], [ -122.0576, 37.62107 ] ] } },
{ "type": "Feature", "properties": { "n": "Industrial Parkway West", "h": "art" }, "geometry": { "type": "LineString", "coordinates": [ [ -122.06387, 37.6179 ], [ -122.06297, 37.61798 ] ] } },
{ "type": "Feature", "properties": { "n": "Industrial Parkway West", "h": "art" }, "geometry": { "type": "LineString", "coordinates": [ [ -122.06004, 37.6193 ], [ -122.06117, 37.61862 ] ] } },
{ "type": "Feature", "properties": { "n": "Industrial Parkway West", "h": "art" }, "geometry": { "type": "LineString", "coordinates": [ [ -122.07144, 37.6174 ], [ -122.07054, 37.61738 ] ] } },
{ "type": "Feature", "properties": { "n": "West Tennyson Road", "h": "art" }, "geometry": { "type": "LineString", "coordinates": [ [ -122.07098, 37.63148 ], [ -122.07057, 37.63152 ] ] } },
{ "type": "Feature", "properties": { "n": "West Tennyson Road", "h": "art" }, "geometry": { "type": "LineString", "coordinates": [ [ -122.06911, 37.63179 ], [ -122.06973, 37.63172 ] ] } },
{ "type": "Feature", "properties": { "n": "West Tennyson Road", "h": "art" }, "geometry": { "type": "LineString", "coordinates": [ [ -122.06973, 37.63172 ], [ -122.07021, 37.63168 ] ] } },
{ "type": "Feature", "properties": { "n": "West Tennyson Road", "h": "art" }, "geometry": { "type": "LineString", "coordinates": [ [ -122.07529, 37.63134 ], [ -122.0758, 37.63136 ] ] } },
{ "type": "Feature", "properties": { "n": "West Tennyson Road", "h": "art" }, "geometry": { "type": "LineString", "coordinates": [ [ -122.07672, 37.63126 ], [ -122.07636, 37.63126 ] ] } },
{ "type": "Feature", "properties": { "n": "West Tennyson Road", "h": "art" }, "geometry": { "type": "LineString", "coordinates": [ [ -122.0758, 37.63136 ], [ -122.07671, 37.63139 ] ] } },
{ "type": "Feature", "properties": { "n": "West Tennyson Road", "h": "art" }, "geometry": { "type": "LineString", "coordinates": [ [ -122.07164, 37.63143 ], [ -122.07143, 37.63145 ] ] } },
{ "type": "Feature", "properties": { "n": "Hesperian Boulevard", "h": "art" }, "geometry": { "type": "LineString", "coordinates": [ [ -122.12622, 37.67841 ], [ -122.12611, 37.67825 ] ] } },
{ "type": "Feature", "properties": { "n": "Hesperian Boulevard", "h": "art" }, "geometry": { "type": "LineString", "coordinates": [ [ -122.12568, 37.67757 ], [ -122.12512, 37.67669 ] ] } },
{ "type": "Feature", "properties": { "n": "Meekland Avenue", "h": "art" }, "geometry": { "type": "LineString", "coordinates": [ [ -122.11564, 37.68295 ], [ -122.11546, 37.68274 ] ] } },
{ "type": "Feature", "properties": { "n": "West A Street", "h": "art" }, "geometry": { "type": "LineString", "coordinates": [ [ -122.10632, 37.66643 ], [ -122.1068, 37.6664 ] ] } },
{ "type": "Feature", "properties": { "n": "West A Street", "h": "art" }, "geometry": { "type": "LineString", "coordinates": [ [ -122.10578, 37.66644 ], [ -122.10603, 37.66644 ] ] } },
{ "type": "Feature", "properties": { "n": "Paseo Padre Parkway", "h": "art" }, "geometry": { "type": "LineString", "coordinates": [ [ -122.0555, 37.56621 ], [ -122.05488, 37.56649 ] ] } },
{ "type": "Feature", "properties": { "n": "Paseo Padre Parkway", "h": "art" }, "geometry": { "type": "LineString", "coordinates": [ [ -122.05508, 37.56655 ], [ -122.05558, 37.56632 ] ] } },
{ "type": "Feature", "properties": { "n": "Grant Avenue", "h": "art" }, "geometry": { "type": "LineString", "coordinates": [ [ -122.14995, 37.67366 ], [ -122.15034, 37.67347 ] ] } },
{ "type": "Feature", "properties": { "n": "Grant Avenue", "h": "art" }, "geometry": { "type": "LineString", "coordinates": [ [ -122.15034, 37.67347 ], [ -122.15061, 37.67333 ] ] } },
{ "type": "Feature", "properties": { "n": "Grant Avenue", "h": "art" }, "geometry": { "type": "LineString", "coordinates": [ [ -122.15061, 37.67333 ], [ -122.15192, 37.67269 ] ] } },
{ "type": "Feature", "properties": { "n": "Washington Avenue", "h": "art" }, "geometry": { "type": "LineString", "coordinates": [ [ -122.13921, 37.69515 ], [ -122.13921, 37.69498 ] ] } },
{ "type": "Feature", "properties": { "n": "Washington Avenue", "h": "art" }, "geometry": { "type": "LineString", "coordinates": [ [ -122.13921, 37.69498 ], [ -122.1392, 37.6948 ] ] } },
{ "type": "Feature", "properties": { "n": "Gading Road", "h": "art" }, "geometry": { "type": "LineString", "coordinates": [ [ -122.08122, 37.64132 ], [ -122.0812, 37.64083 ] ] } },
{ "type": "Feature", "properties": { "n": "Gading Road", "h": "art" }, "geometry": { "type": "LineString", "coordinates": [ [ -122.0811, 37.64051 ], [ -122.08092, 37.64022 ] ] } },
{ "type": "Feature", "properties": { "n": "Gading Road", "h": "art" }, "geometry": { "type": "LineString", "coordinates": [ [ -122.08124, 37.64211 ], [ -122.08122, 37.64132 ] ] } },
{ "type": "Feature", "properties": { "n": "Gading Road", "h": "art" }, "geometry": { "type": "LineString", "coordinates": [ [ -122.0812, 37.64083 ], [ -122.0811, 37.64051 ] ] } },
{ "type": "Feature", "properties": { "n": "Washington Avenue", "h": "art" }, "geometry": { "type": "LineString", "coordinates": [ [ -122.13917, 37.68868 ], [ -122.13917, 37.68845 ] ] } },
{ "type": "Feature", "properties": { "n": "Washington Avenue", "h": "art" }, "geometry": { "type": "LineString", "coordinates": [ [ -122.13916, 37.6936 ], [ -122.13916, 37.69328 ] ] } },
{ "type": "Feature", "properties": { "n": "Washington Avenue", "h": "art" }, "geometry": { "type": "LineString", "coordinates": [ [ -122.13916, 37.69328 ], [ -122.13907, 37.69275 ] ] } },
{ "type": "Feature", "properties": { "n": "Washington Avenue", "h": "art" }, "geometry": { "type": "LineString", "coordinates": [ [ -122.13918, 37.69418 ], [ -122.13918, 37.69377 ] ] } },
{ "type": "Feature", "properties": { "n": "Washington Avenue", "h": "art" }, "geometry": { "type": "LineString", "coordinates": [ [ -122.1392, 37.6948 ], [ -122.13918, 37.69418 ] ] } },
{ "type": "Feature", "properties": { "n": "Wicks Boulevard", "h": "col" }, "geometry": { "type": "LineString", "coordinates": [ [ -122.16323, 37.69291 ], [ -122.16328, 37.69334 ] ] } },
{ "type": "Feature", "properties": { "n": "Wicks Boulevard", "h": "col" }, "geometry": { "type": "LineString", "coordinates": [ [ -122.16333, 37.69372 ], [ -122.16328, 37.69334 ] ] } },
{ "type": "Feature", "properties": { "n": "Coliseum Way", "h": "col" }, "geometry": { "type": "LineString", "coordinates": [ [ -122.21445, 37.76403 ], [ -122.21395, 37.76373 ] ] } },
{ "type": "Feature", "properties": { "n": "Coliseum Way", "h": "col" }, "geometry": { "type": "LineString", "coordinates": [ [ -122.21776, 37.76605 ], [ -122.21582, 37.7645 ], [ -122.21538, 37.7643 ], [ -122.21445, 37.76403 ] ] } },
{ "type": "Feature", "properties": { "n": "Fernside Boulevard", "h": "art" }, "geometry": { "type": "LineString", "coordinates": [ [ -122.22769, 37.75692 ], [ -122.22749, 37.75709 ] ] } },
{ "type": "Feature", "properties": { "n": "Fernside Boulevard", "h": "art" }, "geometry": { "type": "LineString", "coordinates": [ [ -122.22786, 37.75675 ], [ -122.22769, 37.75692 ] ] } },
{ "type": "Feature", "properties": { "n": "Fernside Boulevard", "h": "art" }, "geometry": { "type": "LineString", "coordinates": [ [ -122.23065, 37.75425 ], [ -122.22786, 37.75675 ] ] } },
{ "type": "Feature", "properties": { "n": "West A Street", "h": "art" }, "geometry": { "type": "LineString", "coordinates": [ [ -122.11521, 37.66593 ], [ -122.11563, 37.66591 ] ] } },
{ "type": "Feature", "properties": { "n": "West A Street", "h": "art" }, "geometry": { "type": "LineString", "coordinates": [ [ -122.11563, 37.66591 ], [ -122.11611, 37.6659 ] ] } },
{ "type": "Feature", "properties": { "n": "Marina Village Parkway", "h": "col" }, "geometry": { "type": "LineString", "coordinates": [ [ -122.27221, 37.78555 ], [ -122.27202, 37.78536 ] ] } },
{ "type": "Feature", "properties": { "n": "Marina Village Parkway", "h": "col" }, "geometry": { "type": "LineString", "coordinates": [ [ -122.27506, 37.7826 ], [ -122.2752, 37.78251 ] ] } },
{ "type": "Feature", "properties": { "n": "Mariner Square Drive", "h": "col" }, "geometry": { "type": "LineString", "coordinates": [ [ -122.27641, 37.78767 ], [ -122.27649, 37.78782 ] ] } },
{ "type": "Feature", "properties": { "n": "Willie Stargell Avenue", "h": "col" }, "geometry": { "type": "LineString", "coordinates": [ [ -122.27748, 37.78346 ], [ -122.27712, 37.78336 ] ] } },
{ "type": "Feature", "properties": { "n": "Hegenberger Road", "h": "art" }, "geometry": { "type": "LineString", "coordinates": [ [ -122.1884, 37.75741 ], [ -122.18779, 37.75808 ] ] } },
{ "type": "Feature", "properties": { "n": "Stevenson Boulevard", "h": "art" }, "geometry": { "type": "LineString", "coordinates": [ [ -121.96933, 37.55362 ], [ -121.9696, 37.55351 ] ] } },
{ "type": "Feature", "properties": { "n": "Stevenson Boulevard", "h": "art" }, "geometry": { "type": "LineString", "coordinates": [ [ -121.96903, 37.55375 ], [ -121.96933, 37.55362 ] ] } },
{ "type": "Feature", "properties": { "n": "Stevenson Boulevard", "h": "art" }, "geometry": { "type": "LineString", "coordinates": [ [ -121.96948, 37.55339 ], [ -121.96883, 37.55367 ] ] } },
{ "type": "Feature", "properties": { "n": "66th Avenue", "h": "col" }, "geometry": { "type": "LineString", "coordinates": [ [ -122.20609, 37.75461 ], [ -122.20528, 37.75494 ] ] } },
{ "type": "Feature", "properties": { "n": "Stevenson Boulevard", "h": "art" }, "geometry": { "type": "LineString", "coordinates": [ [ -121.95734, 37.56084 ], [ -121.95862, 37.55989 ] ] } },
{ "type": "Feature", "properties": { "n": "35th Avenue", "h": "art" }, "geometry": { "type": "LineString", "coordinates": [ [ -122.22275, 37.77608 ], [ -122.2231, 37.77559 ] ] } },
{ "type": "Feature", "properties": { "n": "35th Avenue", "h": "art" }, "geometry": { "type": "LineString", "coordinates": [ [ -122.2231, 37.77559 ], [ -122.2239, 37.77455 ] ] } },
{ "type": "Feature", "properties": { "n": "Fruitvale Avenue", "h": "art" }, "geometry": { "type": "LineString", "coordinates": [ [ -122.22809, 37.77296 ], [ -122.22787, 37.77349 ] ] } },
{ "type": "Feature", "properties": { "n": "Bond Street", "h": "art" }, "geometry": { "type": "LineString", "coordinates": [ [ -122.21379, 37.77514 ], [ -122.21401, 37.77508 ] ] } },
{ "type": "Feature", "properties": { "n": "San Leandro Street", "h": "art" }, "geometry": { "type": "LineString", "coordinates": [ [ -122.22677, 37.77532 ], [ -122.22688, 37.7756 ] ] } },
{ "type": "Feature", "properties": { "n": "Paseo Padre Parkway", "h": "art" }, "geometry": { "type": "LineString", "coordinates": [ [ -121.95195, 37.54249 ], [ -121.95221, 37.54244 ] ] } },
{ "type": "Feature", "properties": { "n": "Paseo Padre Parkway", "h": "art" }, "geometry": { "type": "LineString", "coordinates": [ [ -121.9499, 37.54232 ], [ -121.95091, 37.54253 ], [ -121.95195, 37.54249 ] ] } },
{ "type": "Feature", "properties": { "n": "Washington Boulevard", "h": "art" }, "geometry": { "type": "LineString", "coordinates": [ [ -121.95826, 37.53272 ], [ -121.95854, 37.53276 ] ] } },
{ "type": "Feature", "properties": { "n": "Airport Access Road", "h": "art" }, "geometry": { "type": "LineString", "coordinates": [ [ -122.20012, 37.7296 ], [ -122.20023, 37.72975 ] ] } },
{ "type": "Feature", "properties": { "n": "Airport Access Road", "h": "art" }, "geometry": { "type": "LineString", "coordinates": [ [ -122.19986, 37.72911 ], [ -122.20012, 37.7296 ] ] } },
{ "type": "Feature", "properties": { "n": "Doolittle Drive", "h": "art" }, "geometry": { "type": "LineString", "coordinates": [ [ -122.19571, 37.7232 ], [ -122.1957, 37.72314 ], [ -122.19518, 37.72274 ] ] } },
{ "type": "Feature", "properties": { "n": "Doolittle Drive", "h": "art" }, "geometry": { "type": "LineString", "coordinates": [ [ -122.19518, 37.72274 ], [ -122.19439, 37.72211 ] ] } },
{ "type": "Feature", "properties": { "n": "Hegenberger Road", "h": "art" }, "geometry": { "type": "LineString", "coordinates": [ [ -122.20063, 37.72869 ], [ -122.20041, 37.72909 ] ] } },
{ "type": "Feature", "properties": { "n": "Hegenberger Road", "h": "art" }, "geometry": { "type": "LineString", "coordinates": [ [ -122.19981, 37.73051 ], [ -122.2, 37.73016 ] ] } },
{ "type": "Feature", "properties": { "n": "Fremont Boulevard", "h": "art" }, "geometry": { "type": "LineString", "coordinates": [ [ -121.94848, 37.49836 ], [ -121.94852, 37.49878 ] ] } },
{ "type": "Feature", "properties": { "n": "Fremont Boulevard", "h": "art" }, "geometry": { "type": "LineString", "coordinates": [ [ -121.94814, 37.49509 ], [ -121.94826, 37.49626 ] ] } },
{ "type": "Feature", "properties": { "n": "Fremont Boulevard", "h": "art" }, "geometry": { "type": "LineString", "coordinates": [ [ -121.94826, 37.49626 ], [ -121.94836, 37.49715 ] ] } },
{ "type": "Feature", "properties": { "n": "Fremont Boulevard", "h": "art" }, "geometry": { "type": "LineString", "coordinates": [ [ -121.94846, 37.4982 ], [ -121.94848, 37.49836 ] ] } },
{ "type": "Feature", "properties": { "n": "Fremont Boulevard", "h": "art" }, "geometry": { "type": "LineString", "coordinates": [ [ -121.94836, 37.49715 ], [ -121.94846, 37.4982 ] ] } },
{ "type": "Feature", "properties": { "n": "Fremont Boulevard", "h": "art" }, "geometry": { "type": "LineString", "coordinates": [ [ -121.94871, 37.49873 ], [ -121.94862, 37.49799 ] ] } },
{ "type": "Feature", "properties": { "n": "Fremont Boulevard", "h": "art" }, "geometry": { "type": "LineString", "coordinates": [ [ -121.94862, 37.49799 ], [ -121.94852, 37.49713 ] ] } },
{ "type": "Feature", "properties": { "n": "Fremont Boulevard", "h": "art" }, "geometry": { "type": "LineString", "coordinates": [ [ -121.94852, 37.49713 ], [ -121.94824, 37.49449 ] ] } },
{ "type": "Feature", "properties": { "n": "Fruitvale Avenue", "h": "art" }, "geometry": { "type": "LineString", "coordinates": [ [ -122.22016, 37.79031 ], [ -122.22006, 37.79054 ] ] } },
{ "type": "Feature", "properties": { "n": "South Grimmer Boulevard", "h": "art" }, "geometry": { "type": "LineString", "coordinates": [ [ -121.95577, 37.50301 ], [ -121.95696, 37.50382 ] ] } },
{ "type": "Feature", "properties": { "n": "South Grimmer Boulevard", "h": "art" }, "geometry": { "type": "LineString", "coordinates": [ [ -121.95436, 37.50223 ], [ -121.95327, 37.50203 ], [ -121.95218, 37.50201 ] ] } },
{ "type": "Feature", "properties": { "n": "South Grimmer Boulevard", "h": "art" }, "geometry": { "type": "LineString", "coordinates": [ [ -121.95218, 37.50201 ], [ -121.95175, 37.50205 ] ] } },
{ "type": "Feature", "properties": { "n": "South Grimmer Boulevard", "h": "art" }, "geometry": { "type": "LineString", "coordinates": [ [ -121.96283, 37.50896 ], [ -121.96273, 37.50881 ] ] } },
{ "type": "Feature", "properties": { "n": "South Grimmer Boulevard", "h": "art" }, "geometry": { "type": "LineString", "coordinates": [ [ -121.95742, 37.50397 ], [ -121.95706, 37.50373 ] ] } },
{ "type": "Feature", "properties": { "n": "South Grimmer Boulevard", "h": "art" }, "geometry": { "type": "LineString", "coordinates": [ [ -121.95514, 37.50267 ], [ -121.95577, 37.50301 ] ] } },
{ "type": "Feature", "properties": { "n": "South Grimmer Boulevard", "h": "art" }, "geometry": { "type": "LineString", "coordinates": [ [ -121.95489, 37.50242 ], [ -121.95436, 37.50223 ] ] } },
{ "type": "Feature", "properties": { "n": "South Grimmer Boulevard", "h": "art" }, "geometry": { "type": "LineString", "coordinates": [ [ -121.95124, 37.50225 ], [ -121.95176, 37.50216 ] ] } },
{ "type": "Feature", "properties": { "n": "South Grimmer Boulevard", "h": "art" }, "geometry": { "type": "LineString", "coordinates": [ [ -121.94975, 37.50239 ], [ -121.94934, 37.50247 ] ] } },
{ "type": "Feature", "properties": { "n": "South Grimmer Boulevard", "h": "art" }, "geometry": { "type": "LineString", "coordinates": [ [ -121.95175, 37.50205 ], [ -121.94975, 37.50239 ] ] } },
{ "type": "Feature", "properties": { "n": "South Grimmer Boulevard", "h": "art" }, "geometry": { "type": "LineString", "coordinates": [ [ -121.94925, 37.50261 ], [ -121.95124, 37.50225 ] ] } },
{ "type": "Feature", "properties": { "n": "South Grimmer Boulevard", "h": "art" }, "geometry": { "type": "LineString", "coordinates": [ [ -121.95915, 37.50513 ], [ -121.95742, 37.50397 ] ] } },
{ "type": "Feature", "properties": { "n": "Fremont Boulevard", "h": "art" }, "geometry": { "type": "LineString", "coordinates": [ [ -121.94847, 37.49064 ], [ -121.94854, 37.49079 ] ] } },
{ "type": "Feature", "properties": { "n": "Fremont Boulevard", "h": "art" }, "geometry": { "type": "LineString", "coordinates": [ [ -121.94867, 37.49118 ], [ -121.94872, 37.49138 ] ] } },
{ "type": "Feature", "properties": { "n": "Fremont Boulevard", "h": "art" }, "geometry": { "type": "LineString", "coordinates": [ [ -121.94854, 37.49079 ], [ -121.94867, 37.49118 ] ] } },
{ "type": "Feature", "properties": { "n": "Fremont Boulevard", "h": "art" }, "geometry": { "type": "LineString", "coordinates": [ [ -121.94893, 37.49122 ], [ -121.94886, 37.4909 ] ] } },
{ "type": "Feature", "properties": { "n": "Osgood Road", "h": "art" }, "geometry": { "type": "LineString", "coordinates": [ [ -121.9402, 37.51079 ], [ -121.94038, 37.51114 ] ] } },
{ "type": "Feature", "properties": { "n": "Osgood Road", "h": "art" }, "geometry": { "type": "LineString", "coordinates": [ [ -121.94038, 37.51114 ], [ -121.94048, 37.51132 ] ] } },
{ "type": "Feature", "properties": { "n": "Edes Avenue", "h": "col" }, "geometry": { "type": "LineString", "coordinates": [ [ -122.1962, 37.74475 ], [ -122.19598, 37.74472 ] ] } },
{ "type": "Feature", "properties": { "n": "Edes Avenue", "h": "col" }, "geometry": { "type": "LineString", "coordinates": [ [ -122.19598, 37.74472 ], [ -122.19564, 37.74464 ] ] } },
{ "type": "Feature", "properties": { "n": "Mission Boulevard", "h": "art" }, "geometry": { "type": "LineString", "coordinates": [ [ -121.95734, 37.56084 ], [ -121.95721, 37.56072 ] ] } },
{ "type": "Feature", "properties": { "n": "Mission Boulevard", "h": "art" }, "geometry": { "type": "LineString", "coordinates": [ [ -121.95721, 37.56072 ], [ -121.95682, 37.56045 ] ] } },
{ "type": "Feature", "properties": { "n": "Lakeshore Avenue", "h": "col" }, "geometry": { "type": "LineString", "coordinates": [ [ -122.24256, 37.81136 ], [ -122.24222, 37.81155 ] ] } },
{ "type": "Feature", "properties": { "n": "Market Street", "h": "col" }, "geometry": { "type": "LineString", "coordinates": [ [ -122.27385, 37.83884 ], [ -122.27374, 37.83836 ] ] } },
{ "type": "Feature", "properties": { "n": "Market Street", "h": "col" }, "geometry": { "type": "LineString", "coordinates": [ [ -122.27349, 37.83713 ], [ -122.27338, 37.83657 ] ] } },
{ "type": "Feature", "properties": { "n": "Market Street", "h": "col" }, "geometry": { "type": "LineString", "coordinates": [ [ -122.27356, 37.83747 ], [ -122.27349, 37.83713 ] ] } },
{ "type": "Feature", "properties": { "n": "27th Street", "h": "col" }, "geometry": { "type": "LineString", "coordinates": [ [ -122.26263, 37.81439 ], [ -122.26293, 37.81482 ] ] } },
{ "type": "Feature", "properties": { "n": "27th Street", "h": "col" }, "geometry": { "type": "LineString", "coordinates": [ [ -122.26226, 37.81358 ], [ -122.262, 37.81322 ] ] } },
{ "type": "Feature", "properties": { "n": "27th Street", "h": "col" }, "geometry": { "type": "LineString", "coordinates": [ [ -122.2631, 37.81476 ], [ -122.26226, 37.81358 ] ] } },
{ "type": "Feature", "properties": { "n": "Grand Avenue", "h": "art" }, "geometry": { "type": "LineString", "coordinates": [ [ -122.26143, 37.81075 ], [ -122.26194, 37.81083 ] ] } },
{ "type": "Feature", "properties": { "n": "Grand Avenue", "h": "art" }, "geometry": { "type": "LineString", "coordinates": [ [ -122.26115, 37.81076 ], [ -122.26143, 37.81075 ] ] } },
{ "type": "Feature", "properties": { "n": "Harrison Street", "h": "col" }, "geometry": { "type": "LineString", "coordinates": [ [ -122.26186, 37.81201 ], [ -122.26168, 37.81237 ] ] } },
{ "type": "Feature", "properties": { "n": "Harrison Street", "h": "col" }, "geometry": { "type": "LineString", "coordinates": [ [ -122.26168, 37.81237 ], [ -122.26149, 37.81271 ] ] } },
{ "type": "Feature", "properties": { "n": "Harrison Street", "h": "col" }, "geometry": { "type": "LineString", "coordinates": [ [ -122.26275, 37.80977 ], [ -122.26258, 37.81023 ] ] } },
{ "type": "Feature", "properties": { "n": "Harrison Street", "h": "col" }, "geometry": { "type": "LineString", "coordinates": [ [ -122.26228, 37.81103 ], [ -122.26212, 37.81142 ] ] } },
{ "type": "Feature", "properties": { "n": "Grant Avenue", "h": "art" }, "geometry": { "type": "LineString", "coordinates": [ [ -122.15745, 37.66949 ], [ -122.15805, 37.6691 ] ] } },
{ "type": "Feature", "properties": { "n": "Grant Avenue", "h": "art" }, "geometry": { "type": "LineString", "coordinates": [ [ -122.14381, 37.67675 ], [ -122.14415, 37.67658 ] ] } },
{ "type": "Feature", "properties": { "n": "Grant Avenue", "h": "art" }, "geometry": { "type": "LineString", "coordinates": [ [ -122.15607, 37.67044 ], [ -122.15626, 37.67031 ] ] } },
{ "type": "Feature", "properties": { "n": "Grant Avenue", "h": "art" }, "geometry": { "type": "LineString", "coordinates": [ [ -122.15626, 37.67031 ], [ -122.15658, 37.67009 ] ] } },
{ "type": "Feature", "properties": { "n": "Grant Avenue", "h": "art" }, "geometry": { "type": "LineString", "coordinates": [ [ -122.14643, 37.67544 ], [ -122.14664, 37.67533 ] ] } },
{ "type": "Feature", "properties": { "n": "Grant Avenue", "h": "art" }, "geometry": { "type": "LineString", "coordinates": [ [ -122.1467, 37.6753 ], [ -122.14995, 37.67366 ] ] } },
{ "type": "Feature", "properties": { "n": "Hesperian Boulevard", "h": "art" }, "geometry": { "type": "LineString", "coordinates": [ [ -122.12506, 37.67689 ], [ -122.1257, 37.6779 ] ] } },
{ "type": "Feature", "properties": { "n": "Bay Place", "h": "col" }, "geometry": { "type": "LineString", "coordinates": [ [ -122.26149, 37.81271 ], [ -122.26123, 37.81255 ] ] } },
{ "type": "Feature", "properties": { "n": "Peralta Street", "h": "col" }, "geometry": { "type": "LineString", "coordinates": [ [ -122.29097, 37.8151 ], [ -122.29071, 37.81543 ] ] } },
{ "type": "Feature", "properties": { "n": "Powell Street", "h": "col" }, "geometry": { "type": "LineString", "coordinates": [ [ -122.30644, 37.83708 ], [ -122.30607, 37.83708 ] ] } },
{ "type": "Feature", "properties": { "n": "Powell Street", "h": "col" }, "geometry": { "type": "LineString", "coordinates": [ [ -122.30746, 37.83708 ], [ -122.30726, 37.83708 ] ] } },
{ "type": "Feature", "properties": { "n": "Powell Street", "h": "col" }, "geometry": { "type": "LineString", "coordinates": [ [ -122.30693, 37.83708 ], [ -122.30644, 37.83708 ] ] } },
{ "type": "Feature", "properties": { "n": "Powell Street", "h": "col" }, "geometry": { "type": "LineString", "coordinates": [ [ -122.30773, 37.83708 ], [ -122.30746, 37.83708 ] ] } },
{ "type": "Feature", "properties": { "n": "Fremont Boulevard", "h": "art" }, "geometry": { "type": "LineString", "coordinates": [ [ -121.95481, 37.51837 ], [ -121.95493, 37.51858 ] ] } },
{ "type": "Feature", "properties": { "n": "Fremont Boulevard", "h": "art" }, "geometry": { "type": "LineString", "coordinates": [ [ -121.95606, 37.52052 ], [ -121.95597, 37.52037 ] ] } },
{ "type": "Feature", "properties": { "n": "Fremont Boulevard", "h": "art" }, "geometry": { "type": "LineString", "coordinates": [ [ -121.9565, 37.52123 ], [ -121.95639, 37.52105 ] ] } },
{ "type": "Feature", "properties": { "n": "Fremont Boulevard", "h": "art" }, "geometry": { "type": "LineString", "coordinates": [ [ -121.95671, 37.5216 ], [ -121.9565, 37.52123 ] ] } },
{ "type": "Feature", "properties": { "n": "Fremont Boulevard", "h": "art" }, "geometry": { "type": "LineString", "coordinates": [ [ -121.95253, 37.51466 ], [ -121.95278, 37.51507 ], [ -121.95289, 37.51515 ] ] } },
{ "type": "Feature", "properties": { "n": "Fremont Boulevard", "h": "art" }, "geometry": { "type": "LineString", "coordinates": [ [ -121.95493, 37.51858 ], [ -121.95489, 37.51863 ], [ -121.95506, 37.51894 ] ] } },
{ "type": "Feature", "properties": { "n": "Fremont Boulevard", "h": "art" }, "geometry": { "type": "LineString", "coordinates": [ [ -121.95512, 37.51904 ], [ -121.95543, 37.51945 ] ] } },
{ "type": "Feature", "properties": { "n": "Fremont Boulevard", "h": "art" }, "geometry": { "type": "LineString", "coordinates": [ [ -121.95104, 37.51213 ], [ -121.95253, 37.51466 ] ] } },
{ "type": "Feature", "properties": { "n": "Blacow Road", "h": "art" }, "geometry": { "type": "LineString", "coordinates": [ [ -122.00465, 37.53965 ], [ -122.00528, 37.53997 ] ] } },
{ "type": "Feature", "properties": { "n": "Farwell Drive", "h": "col" }, "geometry": { "type": "LineString", "coordinates": [ [ -122.0015, 37.53373 ], [ -122.00116, 37.53363 ] ] } },
{ "type": "Feature", "properties": { "n": "Auto Mall Parkway", "h": "art" }, "geometry": { "type": "LineString", "coordinates": [ [ -121.95154, 37.51204 ], [ -121.95195, 37.51196 ] ] } },
{ "type": "Feature", "properties": { "n": "Grimmer Boulevard", "h": "art" }, "geometry": { "type": "LineString", "coordinates": [ [ -121.96349, 37.50994 ], [ -121.96331, 37.50966 ] ] } },
{ "type": "Feature", "properties": { "n": "Eastshore Highway", "h": "col" }, "geometry": { "type": "LineString", "coordinates": [ [ -122.30725, 37.88007 ], [ -122.30694, 37.87891 ], [ -122.30685, 37.87878 ] ] } },
{ "type": "Feature", "properties": { "n": "Cedar Street", "h": "col" }, "geometry": { "type": "LineString", "coordinates": [ [ -122.30275, 37.87347 ], [ -122.30253, 37.87352 ] ] } },
{ "type": "Feature", "properties": { "n": "Cedar Street", "h": "col" }, "geometry": { "type": "LineString", "coordinates": [ [ -122.3031, 37.8734 ], [ -122.30275, 37.87347 ] ] } },
{ "type": "Feature", "properties": { "n": "Gilman Street", "h": "art" }, "geometry": { "type": "LineString", "coordinates": [ [ -122.30579, 37.87848 ], [ -122.30487, 37.87867 ] ] } },
{ "type": "Feature", "properties": { "n": "Hearst Avenue", "h": "col" }, "geometry": { "type": "LineString", "coordinates": [ [ -122.30154, 37.86863 ], [ -122.30124, 37.86869 ] ] } },
{ "type": "Feature", "properties": { "n": "Hearst Avenue", "h": "col" }, "geometry": { "type": "LineString", "coordinates": [ [ -122.3032, 37.86829 ], [ -122.30256, 37.86842 ] ] } },
{ "type": "Feature", "properties": { "n": "Masonic Avenue", "h": "col" }, "geometry": { "type": "LineString", "coordinates": [ [ -122.2913, 37.88346 ], [ -122.2912, 37.88315 ] ] } },
{ "type": "Feature", "properties": { "n": "Santa Fe Avenue", "h": "col" }, "geometry": { "type": "LineString", "coordinates": [ [ -122.29027, 37.88329 ], [ -122.29031, 37.88312 ] ] } },
{ "type": "Feature", "properties": { "n": "Eastshore Highway", "h": "col" }, "geometry": { "type": "LineString", "coordinates": [ [ -122.30813, 37.88583 ], [ -122.30815, 37.88559 ] ] } },
{ "type": "Feature", "properties": { "n": "Red Oak Avenue", "h": "col" }, "geometry": { "type": "LineString", "coordinates": [ [ -122.30172, 37.88324 ], [ -122.30117, 37.88337 ] ] } },
{ "type": "Feature", "properties": { "n": "Dublin Boulevard", "h": "art" }, "geometry": { "type": "LineString", "coordinates": [ [ -121.93369, 37.70288 ], [ -121.93397, 37.70279 ] ] } },
{ "type": "Feature", "properties": { "n": "Hathaway Avenue", "h": "col" }, "geometry": { "type": "LineString", "coordinates": [ [ -122.10421, 37.66734 ], [ -122.10442, 37.66748 ] ] } },
{ "type": "Feature", "properties": { "n": "West MacArthur Boulevard", "h": "art" }, "geometry": { "type": "LineString", "coordinates": [ [ -122.25551, 37.82252 ], [ -122.25564, 37.82262 ] ] } },
{ "type": "Feature", "properties": { "n": "Main Street", "h": "col" }, "geometry": { "type": "LineString", "coordinates": [ [ -122.29135, 37.7813 ], [ -122.2914, 37.78489 ] ] } },
{ "type": "Feature", "properties": { "n": "Clement Avenue", "h": "col" }, "geometry": { "type": "LineString", "coordinates": [ [ -122.25294, 37.77621 ], [ -122.24989, 37.77487 ] ] } },
{ "type": "Feature", "properties": { "n": "Grand Street", "h": "col" }, "geometry": { "type": "LineString", "coordinates": [ [ -122.25307, 37.77603 ], [ -122.25294, 37.77621 ] ] } },
{ "type": "Feature", "properties": { "n": "Main Street", "h": "col" }, "geometry": { "type": "LineString", "coordinates": [ [ -122.29131, 37.77932 ], [ -122.29133, 37.7796 ] ] } },
{ "type": "Feature", "properties": { "n": "Webster Street", "h": "art" }, "geometry": { "type": "LineString", "coordinates": [ [ -122.27662, 37.78614 ], [ -122.27664, 37.78744 ] ] } },
{ "type": "Feature", "properties": { "n": "A Street", "h": "art" }, "geometry": { "type": "LineString", "coordinates": [ [ -122.09819, 37.66746 ], [ -122.09839, 37.66733 ] ] } },
{ "type": "Feature", "properties": { "n": "A Street", "h": "art" }, "geometry": { "type": "LineString", "coordinates": [ [ -122.09799, 37.66758 ], [ -122.09819, 37.66746 ] ] } },
{ "type": "Feature", "properties": { "n": "A Street", "h": "col" }, "geometry": { "type": "LineString", "coordinates": [ [ -122.09799, 37.66758 ], [ -122.09816, 37.66764 ] ] } },
{ "type": "Feature", "properties": { "n": "A Street", "h": "col" }, "geometry": { "type": "LineString", "coordinates": [ [ -122.09824, 37.66761 ], [ -122.09819, 37.66746 ] ] } },
{ "type": "Feature", "properties": { "n": "Auto Mall Way", "h": "col" }, "geometry": { "type": "LineString", "coordinates": [ [ -121.85109, 37.69716 ], [ -121.85128, 37.6977 ], [ -121.85105, 37.69849 ], [ -121.85107, 37.6992 ] ] } },
{ "type": "Feature", "properties": { "n": "Auto Mall Way", "h": "col" }, "geometry": { "type": "LineString", "coordinates": [ [ -121.85131, 37.69812 ], [ -121.85141, 37.69775 ], [ -121.85122, 37.69713 ] ] } },
{ "type": "Feature", "properties": { "n": "Stoneridge Drive", "h": "art" }, "geometry": { "type": "LineString", "coordinates": [ [ -121.85108, 37.69732 ], [ -121.85156, 37.69719 ], [ -121.85215, 37.6969 ], [ -121.85247, 37.69667 ], [ -121.85318, 37.69594 ] ] } },
{ "type": "Feature", "properties": { "n": "Santa Rita Road", "h": "art" }, "geometry": { "type": "LineString", "coordinates": [ [ -121.87849, 37.69008 ], [ -121.87843, 37.68981 ] ] } },
{ "type": "Feature", "properties": { "n": "Santa Rita Road", "h": "art" }, "geometry": { "type": "LineString", "coordinates": [ [ -121.87824, 37.68988 ], [ -121.8783, 37.6901 ] ] } },
{ "type": "Feature", "properties": { "n": "The Uplands", "h": "col" }, "geometry": { "type": "LineString", "coordinates": [ [ -122.2482, 37.8545 ], [ -122.24793, 37.85439 ], [ -122.24726, 37.85431 ] ] } },
{ "type": "Feature", "properties": { "n": "27th Street", "h": "col" }, "geometry": { "type": "LineString", "coordinates": [ [ -122.2619, 37.81332 ], [ -122.26263, 37.81439 ] ] } },
{ "type": "Feature", "properties": { "n": "Fernside Boulevard", "h": "art" }, "geometry": { "type": "LineString", "coordinates": [ [ -122.23214, 37.75287 ], [ -122.23185, 37.75309 ] ] } },
{ "type": "Feature", "properties": { "n": "CA 77", "h": "fwy" }, "geometry": { "type": "LineString", "coordinates": [ [ -122.21787, 37.77182 ], [ -122.22008, 37.77031 ] ] } },
{ "type": "Feature", "properties": { "n": "Dublin Boulevard", "h": "art" }, "geometry": { "type": "LineString", "coordinates": [ [ -121.90458, 37.70592 ], [ -121.90706, 37.70593 ] ] } },
{ "type": "Feature", "properties": { "n": "Dublin Boulevard", "h": "art" }, "geometry": { "type": "LineString", "coordinates": [ [ -121.9095, 37.70486 ], [ -121.90906, 37.7051 ] ] } },
{ "type": "Feature", "properties": { "n": "Dougherty Road", "h": "art" }, "geometry": { "type": "LineString", "coordinates": [ [ -121.90983, 37.70491 ], [ -121.9097, 37.70475 ] ] } },
{ "type": "Feature", "properties": { "n": "Dougherty Road", "h": "art" }, "geometry": { "type": "LineString", "coordinates": [ [ -121.90816, 37.70329 ], [ -121.9084, 37.70359 ] ] } },
{ "type": "Feature", "properties": { "n": "Johnson Drive", "h": "col" }, "geometry": { "type": "LineString", "coordinates": [ [ -121.90772, 37.69966 ], [ -121.9069, 37.69745 ] ] } },
{ "type": "Feature", "properties": { "n": "Johnson Drive", "h": "col" }, "geometry": { "type": "LineString", "coordinates": [ [ -121.91702, 37.70127 ], [ -121.91385, 37.70107 ], [ -121.91161, 37.70123 ], [ -121.90991, 37.70126 ] ] } },
{ "type": "Feature", "properties": { "n": "Johnson Drive", "h": "col" }, "geometry": { "type": "LineString", "coordinates": [ [ -121.91472, 37.69012 ], [ -121.91471, 37.69028 ] ] } },
{ "type": "Feature", "properties": { "n": "Owens Drive", "h": "col" }, "geometry": { "type": "LineString", "coordinates": [ [ -121.90455, 37.69868 ], [ -121.90552, 37.69841 ] ] } },
{ "type": "Feature", "properties": { "n": "Stoneridge Drive", "h": "art" }, "geometry": { "type": "LineString", "coordinates": [ [ -121.90182, 37.69154 ], [ -121.9026, 37.69156 ] ] } },
{ "type": "Feature", "properties": { "n": "Stoneridge Drive", "h": "art" }, "geometry": { "type": "LineString", "coordinates": [ [ -121.9038, 37.6914 ], [ -121.90139, 37.69138 ] ] } },
{ "type": "Feature", "properties": { "n": "Hopyard Road", "h": "art" }, "geometry": { "type": "LineString", "coordinates": [ [ -121.90383, 37.68189 ], [ -121.90372, 37.68279 ], [ -121.90365, 37.68494 ] ] } },
{ "type": "Feature", "properties": { "n": "Hopyard Road", "h": "art" }, "geometry": { "type": "LineString", "coordinates": [ [ -121.90387, 37.68512 ], [ -121.90396, 37.68281 ] ] } },
{ "type": "Feature", "properties": { "n": "Stoneridge Drive", "h": "art" }, "geometry": { "type": "LineString", "coordinates": [ [ -121.85571, 37.69373 ], [ -121.85634, 37.69354 ], [ -121.85717, 37.69348 ] ] } },
{ "type": "Feature", "properties": { "n": "Stoneridge Drive", "h": "art" }, "geometry": { "type": "LineString", "coordinates": [ [ -121.85717, 37.69336 ], [ -121.85617, 37.69347 ], [ -121.85535, 37.69378 ] ] } },
{ "type": "Feature", "properties": { "n": "Dublin Boulevard", "h": "art" }, "geometry": { "type": "LineString", "coordinates": [ [ -121.89998, 37.70597 ], [ -121.90458, 37.70592 ] ] } },
{ "type": "Feature", "properties": { "n": "Dublin Boulevard", "h": "art" }, "geometry": { "type": "LineString", "coordinates": [ [ -121.90458, 37.70579 ], [ -121.90081, 37.70581 ] ] } },
{ "type": "Feature", "properties": { "n": "Hacienda Drive", "h": "art" }, "geometry": { "type": "LineString", "coordinates": [ [ -121.89484, 37.69132 ], [ -121.8946, 37.69023 ], [ -121.89472, 37.68703 ] ] } },
{ "type": "Feature", "properties": { "n": "Hacienda Drive", "h": "art" }, "geometry": { "type": "LineString", "coordinates": [ [ -121.8944, 37.68491 ], [ -121.89439, 37.68508 ] ] } },
{ "type": "Feature", "properties": { "n": "Owens Drive", "h": "col" }, "geometry": { "type": "LineString", "coordinates": [ [ -121.89477, 37.70001 ], [ -121.89716, 37.70002 ] ] } },
{ "type": "Feature", "properties": { "n": "Stoneridge Drive", "h": "art" }, "geometry": { "type": "LineString", "coordinates": [ [ -121.89589, 37.69133 ], [ -121.89484, 37.69132 ] ] } },
{ "type": "Feature", "properties": { "n": "Stoneridge Drive", "h": "art" }, "geometry": { "type": "LineString", "coordinates": [ [ -121.89487, 37.69149 ], [ -121.8999, 37.69152 ] ] } },
{ "type": "Feature", "properties": { "n": "Hopyard Road", "h": "art" }, "geometry": { "type": "LineString", "coordinates": [ [ -121.89742, 37.67607 ], [ -121.89717, 37.67591 ] ] } },
{ "type": "Feature", "properties": { "n": "Valley Avenue", "h": "art" }, "geometry": { "type": "LineString", "coordinates": [ [ -121.89717, 37.67591 ], [ -121.89733, 37.67576 ] ] } },
{ "type": "Feature", "properties": { "n": "Owens Drive", "h": "col" }, "geometry": { "type": "LineString", "coordinates": [ [ -121.88179, 37.69138 ], [ -121.88194, 37.69148 ] ] } },
{ "type": "Feature", "properties": { "n": "West Las Positas Boulevard", "h": "art" }, "geometry": { "type": "LineString", "coordinates": [ [ -121.88194, 37.69126 ], [ -121.88179, 37.69138 ] ] } },
{ "type": "Feature", "properties": { "n": "West Las Positas Boulevard", "h": "art" }, "geometry": { "type": "LineString", "coordinates": [ [ -121.88049, 37.69209 ], [ -121.88093, 37.69197 ], [ -121.88194, 37.69148 ] ] } },
{ "type": "Feature", "properties": { "n": "West Las Positas Boulevard", "h": "art" }, "geometry": { "type": "LineString", "coordinates": [ [ -121.90003, 37.68296 ], [ -121.89828, 37.68367 ] ] } },
{ "type": "Feature", "properties": { "n": "West Las Positas Boulevard", "h": "art" }, "geometry": { "type": "LineString", "coordinates": [ [ -121.89836, 37.68381 ], [ -121.90002, 37.68314 ] ] } },
{ "type": "Feature", "properties": { "n": "Willow Road", "h": "col" }, "geometry": { "type": "LineString", "coordinates": [ [ -121.89828, 37.68367 ], [ -121.89836, 37.68381 ] ] } },
{ "type": "Feature", "properties": { "n": "Bernal Avenue", "h": "art" }, "geometry": { "type": "LineString", "coordinates": [ [ -121.89908, 37.65778 ], [ -121.90067, 37.65715 ] ] } },
{ "type": "Feature", "properties": { "n": "Laughlin Road", "h": "col" }, "geometry": { "type": "LineString", "coordinates": [ [ -121.71062, 37.72079 ], [ -121.71065, 37.72197 ] ] } },
{ "type": "Feature", "properties": { "n": "Willow Road", "h": "col" }, "geometry": { "type": "LineString", "coordinates": [ [ -121.89846, 37.6845 ], [ -121.89853, 37.68443 ], [ -121.89853, 37.68416 ], [ -121.89847, 37.68391 ], [ -121.89836, 37.68381 ] ] } },
{ "type": "Feature", "properties": { "n": "Willow Road", "h": "col" }, "geometry": { "type": "LineString", "coordinates": [ [ -121.89836, 37.68381 ], [ -121.89846, 37.6845 ] ] } },
{ "type": "Feature", "properties": { "n": "Valley Avenue", "h": "col" }, "geometry": { "type": "LineString", "coordinates": [ [ -121.89403, 37.65353 ], [ -121.89401, 37.65344 ], [ -121.89387, 37.65338 ] ] } },
{ "type": "Feature", "properties": { "n": "Franklin Drive", "h": "col" }, "geometry": { "type": "LineString", "coordinates": [ [ -121.90895, 37.69093 ], [ -121.90891, 37.69078 ] ] } },
{ "type": "Feature", "properties": { "n": "Franklin Drive", "h": "col" }, "geometry": { "type": "LineString", "coordinates": [ [ -121.90895, 37.69093 ], [ -121.90901, 37.69196 ] ] } },
{ "type": "Feature", "properties": { "n": "Franklin Drive", "h": "col" }, "geometry": { "type": "LineString", "coordinates": [ [ -121.90901, 37.69196 ], [ -121.90914, 37.69163 ], [ -121.90905, 37.69105 ], [ -121.90895, 37.69093 ] ] } },
{ "type": "Feature", "properties": { "n": "Gibraltar Drive", "h": "col" }, "geometry": { "type": "LineString", "coordinates": [ [ -121.89833, 37.69594 ], [ -121.8998, 37.69595 ] ] } },
{ "type": "Feature", "properties": { "n": "Gibraltar Drive", "h": "col" }, "geometry": { "type": "LineString", "coordinates": [ [ -121.90004, 37.69596 ], [ -121.90131, 37.69597 ] ] } },
{ "type": "Feature", "properties": { "n": "Gibraltar Drive", "h": "col" }, "geometry": { "type": "LineString", "coordinates": [ [ -121.89821, 37.69583 ], [ -121.89679, 37.69582 ], [ -121.89659, 37.69587 ] ] } },
{ "type": "Feature", "properties": { "n": "Dublin Boulevard", "h": "art" }, "geometry": { "type": "LineString", "coordinates": [ [ -121.8994, 37.70598 ], [ -121.89984, 37.70597 ] ] } },
{ "type": "Feature", "properties": { "n": "Dublin Boulevard", "h": "art" }, "geometry": { "type": "LineString", "coordinates": [ [ -121.89984, 37.70581 ], [ -121.89918, 37.70582 ] ] } },
{ "type": "Feature", "properties": { "n": "Hacienda Drive", "h": "art" }, "geometry": { "type": "LineString", "coordinates": [ [ -121.88798, 37.70208 ], [ -121.88797, 37.70232 ] ] } },
{ "type": "Feature", "properties": { "n": "Hopyard Road", "h": "art" }, "geometry": { "type": "LineString", "coordinates": [ [ -121.90385, 37.68174 ], [ -121.90383, 37.68189 ] ] } },
{ "type": "Feature", "properties": { "n": "Hopyard Road", "h": "art" }, "geometry": { "type": "LineString", "coordinates": [ [ -121.9035, 37.69418 ], [ -121.90349, 37.69565 ] ] } },
{ "type": "Feature", "properties": { "n": "Hopyard Road", "h": "art" }, "geometry": { "type": "LineString", "coordinates": [ [ -121.90357, 37.69206 ], [ -121.9035, 37.69418 ] ] } },
{ "type": "Feature", "properties": { "n": "Stoneridge Drive", "h": "art" }, "geometry": { "type": "LineString", "coordinates": [ [ -121.90358, 37.69158 ], [ -121.9038, 37.69158 ] ] } },
{ "type": "Feature", "properties": { "n": "27th Street", "h": "col" }, "geometry": { "type": "LineString", "coordinates": [ [ -122.26293, 37.81482 ], [ -122.26308, 37.81506 ] ] } },
{ "type": "Feature", "properties": { "n": "Harrison Street", "h": "col" }, "geometry": { "type": "LineString", "coordinates": [ [ -122.26278, 37.81002 ], [ -122.26302, 37.80932 ] ] } },
{ "type": "Feature", "properties": { "n": "Grand Avenue", "h": "art" }, "geometry": { "type": "LineString", "coordinates": [ [ -122.24794, 37.81147 ], [ -122.2478, 37.81173 ] ] } },
{ "type": "Feature", "properties": { "n": "Lake Park Avenue", "h": "art" }, "geometry": { "type": "LineString", "coordinates": [ [ -122.24792, 37.81133 ], [ -122.2477, 37.81116 ] ] } },
{ "type": "Feature", "properties": { "n": "Lakeshore Avenue", "h": "col" }, "geometry": { "type": "LineString", "coordinates": [ [ -122.24571, 37.8102 ], [ -122.24484, 37.81049 ] ] } },
{ "type": "Feature", "properties": { "n": "Coliseum Way", "h": "col" }, "geometry": { "type": "LineString", "coordinates": [ [ -122.20255, 37.74829 ], [ -122.20286, 37.7486 ] ] } },
{ "type": "Feature", "properties": { "n": "Coliseum Way", "h": "col" }, "geometry": { "type": "LineString", "coordinates": [ [ -122.20096, 37.74694 ], [ -122.20192, 37.74765 ], [ -122.20255, 37.74829 ] ] } },
{ "type": "Feature", "properties": { "n": "Willow Road", "h": "col" }, "geometry": { "type": "LineString", "coordinates": [ [ -121.89822, 37.69842 ], [ -121.89816, 37.69853 ], [ -121.89815, 37.69988 ] ] } },
{ "type": "Feature", "properties": { "n": "Willow Road", "h": "col" }, "geometry": { "type": "LineString", "coordinates": [ [ -121.89829, 37.70003 ], [ -121.89829, 37.69988 ] ] } },
{ "type": "Feature", "properties": { "n": "Willow Road", "h": "col" }, "geometry": { "type": "LineString", "coordinates": [ [ -121.89824, 37.6966 ], [ -121.89832, 37.69654 ], [ -121.89833, 37.69594 ] ] } },
{ "type": "Feature", "properties": { "n": "Willow Road", "h": "col" }, "geometry": { "type": "LineString", "coordinates": [ [ -121.89828, 37.69151 ], [ -121.89827, 37.69206 ], [ -121.89833, 37.69218 ] ] } },
{ "type": "Feature", "properties": { "n": "Willow Road", "h": "col" }, "geometry": { "type": "LineString", "coordinates": [ [ -121.89824, 37.6966 ], [ -121.89822, 37.69842 ] ] } },
{ "type": "Feature", "properties": { "n": "Gibraltar Drive", "h": "col" }, "geometry": { "type": "LineString", "coordinates": [ [ -121.89836, 37.68715 ], [ -121.89753, 37.68709 ], [ -121.89745, 37.68714 ] ] } },
{ "type": "Feature", "properties": { "n": "Gibraltar Drive", "h": "col" }, "geometry": { "type": "LineString", "coordinates": [ [ -121.89745, 37.68714 ], [ -121.89753, 37.68718 ], [ -121.89822, 37.6872 ], [ -121.89836, 37.68715 ] ] } },
{ "type": "Feature", "properties": { "n": "Willow Road", "h": "col" }, "geometry": { "type": "LineString", "coordinates": [ [ -121.89833, 37.69218 ], [ -121.89827, 37.69514 ] ] } },
{ "type": "Feature", "properties": { "n": "Willow Road", "h": "col" }, "geometry": { "type": "LineString", "coordinates": [ [ -121.89838, 37.68955 ], [ -121.89836, 37.69072 ] ] } },
{ "type": "Feature", "properties": { "n": "Willow Road", "h": "col" }, "geometry": { "type": "LineString", "coordinates": [ [ -121.89846, 37.6845 ], [ -121.89844, 37.68605 ] ] } },
{ "type": "Feature", "properties": { "n": "Willow Road", "h": "col" }, "geometry": { "type": "LineString", "coordinates": [ [ -121.89833, 37.69218 ], [ -121.8984, 37.69207 ], [ -121.89841, 37.69151 ] ] } },
{ "type": "Feature", "properties": { "n": "Willow Road", "h": "col" }, "geometry": { "type": "LineString", "coordinates": [ [ -121.89841, 37.69135 ], [ -121.89842, 37.69079 ], [ -121.89836, 37.69072 ] ] } },
{ "type": "Feature", "properties": { "n": "Willow Road", "h": "col" }, "geometry": { "type": "LineString", "coordinates": [ [ -121.89836, 37.69072 ], [ -121.89829, 37.69079 ], [ -121.89828, 37.69135 ] ] } },
{ "type": "Feature", "properties": { "n": "Willow Road", "h": "col" }, "geometry": { "type": "LineString", "coordinates": [ [ -121.89838, 37.68955 ], [ -121.89844, 37.68949 ], [ -121.89845, 37.68883 ] ] } },
{ "type": "Feature", "properties": { "n": "Gibraltar Drive", "h": "col" }, "geometry": { "type": "LineString", "coordinates": [ [ -121.89659, 37.69587 ], [ -121.8959, 37.69585 ] ] } },
{ "type": "Feature", "properties": { "n": "Foothill Boulevard", "h": "art" }, "geometry": { "type": "LineString", "coordinates": [ [ -122.21891, 37.78153 ], [ -122.21881, 37.78123 ] ] } },
{ "type": "Feature", "properties": { "n": "Fruitvale Avenue", "h": "art" }, "geometry": { "type": "LineString", "coordinates": [ [ -122.2171, 37.79793 ], [ -122.21702, 37.79815 ] ] } },
{ "type": "Feature", "properties": { "n": "Fruitvale Avenue", "h": "art" }, "geometry": { "type": "LineString", "coordinates": [ [ -122.21723, 37.79796 ], [ -122.21726, 37.79758 ] ] } },
{ "type": "Feature", "properties": { "n": "West Grand Avenue", "h": "art" }, "geometry": { "type": "LineString", "coordinates": [ [ -122.2912, 37.81769 ], [ -122.29078, 37.81745 ] ] } },
{ "type": "Feature", "properties": { "n": "West Grand Avenue", "h": "art" }, "geometry": { "type": "LineString", "coordinates": [ [ -122.28505, 37.81586 ], [ -122.28612, 37.81611 ] ] } },
{ "type": "Feature", "properties": { "n": "West Grand Avenue", "h": "art" }, "geometry": { "type": "LineString", "coordinates": [ [ -122.2908, 37.81759 ], [ -122.29214, 37.81826 ] ] } },
{ "type": "Feature", "properties": { "n": "West Grand Avenue", "h": "art" }, "geometry": { "type": "LineString", "coordinates": [ [ -122.29051, 37.81731 ], [ -122.28993, 37.81699 ] ] } },
{ "type": "Feature", "properties": { "n": "West Grand Avenue", "h": "art" }, "geometry": { "type": "LineString", "coordinates": [ [ -122.28612, 37.81611 ], [ -122.28878, 37.81671 ] ] } },
{ "type": "Feature", "properties": { "n": "West Grand Avenue", "h": "art" }, "geometry": { "type": "LineString", "coordinates": [ [ -122.28922, 37.81669 ], [ -122.28714, 37.81622 ] ] } },
{ "type": "Feature", "properties": { "n": "Peralta Street", "h": "col" }, "geometry": { "type": "LineString", "coordinates": [ [ -122.29128, 37.81472 ], [ -122.29097, 37.8151 ] ] } },
{ "type": "Feature", "properties": { "n": "Peralta Street", "h": "col" }, "geometry": { "type": "LineString", "coordinates": [ [ -122.29235, 37.8134 ], [ -122.29199, 37.81383 ] ] } },
{ "type": "Feature", "properties": { "n": "Peralta Street", "h": "col" }, "geometry": { "type": "LineString", "coordinates": [ [ -122.28704, 37.82003 ], [ -122.28674, 37.82041 ] ] } },
{ "type": "Feature", "properties": { "n": "Peralta Street", "h": "col" }, "geometry": { "type": "LineString", "coordinates": [ [ -122.2918, 37.81407 ], [ -122.29128, 37.81472 ] ] } },
{ "type": "Feature", "properties": { "n": "Peralta Street", "h": "col" }, "geometry": { "type": "LineString", "coordinates": [ [ -122.28674, 37.82041 ], [ -122.28598, 37.82137 ] ] } },
{ "type": "Feature", "properties": { "n": "Hegenberger Road", "h": "art" }, "geometry": { "type": "LineString", "coordinates": [ [ -122.19601, 37.74753 ], [ -122.19603, 37.74766 ] ] } },
{ "type": "Feature", "properties": { "n": "3rd Street", "h": "col" }, "geometry": { "type": "LineString", "coordinates": [ [ -122.29141, 37.80159 ], [ -122.2903, 37.80133 ] ] } },
{ "type": "Feature", "properties": { "n": "3rd Street", "h": "col" }, "geometry": { "type": "LineString", "coordinates": [ [ -122.2903, 37.80133 ], [ -122.28927, 37.8011 ] ] } },
{ "type": "Feature", "properties": { "n": "Middle Harbor Road", "h": "art" }, "geometry": { "type": "LineString", "coordinates": [ [ -122.2949, 37.79848 ], [ -122.29623, 37.79814 ] ] } },
{ "type": "Feature", "properties": { "n": "Middle Harbor Road", "h": "art" }, "geometry": { "type": "LineString", "coordinates": [ [ -122.28934, 37.80087 ], [ -122.28927, 37.8011 ] ] } },
{ "type": "Feature", "properties": { "n": "Grand Avenue", "h": "art" }, "geometry": { "type": "LineString", "coordinates": [ [ -122.2478, 37.81173 ], [ -122.24734, 37.81247 ] ] } },
{ "type": "Feature", "properties": { "n": "Grand Avenue", "h": "art" }, "geometry": { "type": "LineString", "coordinates": [ [ -122.24867, 37.81041 ], [ -122.24884, 37.81019 ] ] } },
{ "type": "Feature", "properties": { "n": "Grand Avenue", "h": "art" }, "geometry": { "type": "LineString", "coordinates": [ [ -122.2496, 37.80945 ], [ -122.24944, 37.80959 ] ] } },
{ "type": "Feature", "properties": { "n": "Grand Avenue", "h": "art" }, "geometry": { "type": "LineString", "coordinates": [ [ -122.24884, 37.81019 ], [ -122.24929, 37.8097 ] ] } },
{ "type": "Feature", "properties": { "n": "Grand Avenue", "h": "art" }, "geometry": { "type": "LineString", "coordinates": [ [ -122.2448, 37.81859 ], [ -122.24472, 37.81883 ] ] } },
{ "type": "Feature", "properties": { "n": "7th Street", "h": "col" }, "geometry": { "type": "LineString", "coordinates": [ [ -122.01241, 37.59545 ], [ -122.01163, 37.59475 ] ] } },
{ "type": "Feature", "properties": { "n": "Lexington Street", "h": "col" }, "geometry": { "type": "LineString", "coordinates": [ [ -122.30383, 37.78344 ], [ -122.30385, 37.78321 ] ] } },
{ "type": "Feature", "properties": { "n": "Industrial Parkway West", "h": "art" }, "geometry": { "type": "LineString", "coordinates": [ [ -122.07241, 37.61743 ], [ -122.07144, 37.6174 ] ] } },
{ "type": "Feature", "properties": { "n": "Industrial Parkway West", "h": "art" }, "geometry": { "type": "LineString", "coordinates": [ [ -122.06935, 37.61757 ], [ -122.06996, 37.61752 ] ] } },
{ "type": "Feature", "properties": { "n": "Industrial Parkway West", "h": "art" }, "geometry": { "type": "LineString", "coordinates": [ [ -122.06387, 37.61802 ], [ -122.06935, 37.61757 ] ] } },
{ "type": "Feature", "properties": { "n": "Ruus Road", "h": "col" }, "geometry": { "type": "LineString", "coordinates": [ [ -122.06406, 37.62125 ], [ -122.0641, 37.62029 ], [ -122.06402, 37.61992 ], [ -122.06366, 37.61943 ], [ -122.06312, 37.61904 ] ] } },
{ "type": "Feature", "properties": { "n": "Peralta Street", "h": "col" }, "geometry": { "type": "LineString", "coordinates": [ [ -122.29291, 37.81268 ], [ -122.29235, 37.8134 ] ] } },
{ "type": "Feature", "properties": { "n": "Gibraltar Drive", "h": "col" }, "geometry": { "type": "LineString", "coordinates": [ [ -121.89365, 37.68725 ], [ -121.89438, 37.68713 ], [ -121.89556, 37.68714 ], [ -121.89561, 37.68709 ] ] } },
{ "type": "Feature", "properties": { "n": "Gibraltar Drive", "h": "col" }, "geometry": { "type": "LineString", "coordinates": [ [ -121.89745, 37.68714 ], [ -121.89561, 37.68709 ] ] } },
{ "type": "Feature", "properties": { "n": "Gibraltar Drive", "h": "col" }, "geometry": { "type": "LineString", "coordinates": [ [ -121.89472, 37.68703 ], [ -121.89419, 37.68705 ], [ -121.89378, 37.68715 ], [ -121.89365, 37.68725 ] ] } },
{ "type": "Feature", "properties": { "n": "Owens Drive", "h": "col" }, "geometry": { "type": "LineString", "coordinates": [ [ -121.90353, 37.69919 ], [ -121.90438, 37.69875 ] ] } },
{ "type": "Feature", "properties": { "n": "Willow Road", "h": "col" }, "geometry": { "type": "LineString", "coordinates": [ [ -121.89827, 37.69514 ], [ -121.89821, 37.69583 ] ] } },
{ "type": "Feature", "properties": { "n": "Willow Road", "h": "col" }, "geometry": { "type": "LineString", "coordinates": [ [ -121.89833, 37.69583 ], [ -121.89834, 37.69521 ], [ -121.89827, 37.69514 ] ] } },
{ "type": "Feature", "properties": { "n": "Hacienda Drive", "h": "art" }, "geometry": { "type": "LineString", "coordinates": [ [ -121.89477, 37.69448 ], [ -121.89497, 37.69372 ], [ -121.89499, 37.69254 ], [ -121.89487, 37.69149 ] ] } },
{ "type": "Feature", "properties": { "n": "Hacienda Drive", "h": "art" }, "geometry": { "type": "LineString", "coordinates": [ [ -121.89463, 37.69134 ], [ -121.89468, 37.6915 ] ] } },
{ "type": "Feature", "properties": { "n": "Stoneridge Drive", "h": "art" }, "geometry": { "type": "LineString", "coordinates": [ [ -121.90504, 37.69158 ], [ -121.90567, 37.69157 ] ] } },
{ "type": "Feature", "properties": { "n": "Stoneridge Drive", "h": "art" }, "geometry": { "type": "LineString", "coordinates": [ [ -121.89383, 37.69166 ], [ -121.89468, 37.6915 ] ] } },
{ "type": "Feature", "properties": { "n": "Gibraltar Drive", "h": "col" }, "geometry": { "type": "LineString", "coordinates": [ [ -121.90372, 37.6959 ], [ -121.90349, 37.6959 ] ] } },
{ "type": "Feature", "properties": { "n": "Doolittle Drive", "h": "art" }, "geometry": { "type": "LineString", "coordinates": [ [ -122.23274, 37.74627 ], [ -122.22872, 37.74543 ] ] } },
{ "type": "Feature", "properties": { "n": "Amador Plaza Road", "h": "col" }, "geometry": { "type": "LineString", "coordinates": [ [ -121.93075, 37.7089 ], [ -121.93076, 37.70877 ], [ -121.93067, 37.70865 ] ] } },
{ "type": "Feature", "properties": { "n": "Amador Plaza Road", "h": "col" }, "geometry": { "type": "LineString", "coordinates": [ [ -121.9305, 37.70852 ], [ -121.93075, 37.7089 ] ] } },
{ "type": "Feature", "properties": { "n": "Catalpa Way", "h": "col" }, "geometry": { "type": "LineString", "coordinates": [ [ -122.08657, 37.62187 ], [ -122.08699, 37.62171 ] ] } },
{ "type": "Feature", "properties": { "n": "Ruus Road", "h": "col" }, "geometry": { "type": "LineString", "coordinates": [ [ -122.0654, 37.62422 ], [ -122.06406, 37.62125 ] ] } },
{ "type": "Feature", "properties": { "n": "Ruus Road", "h": "col" }, "geometry": { "type": "LineString", "coordinates": [ [ -122.06231, 37.61847 ], [ -122.06214, 37.61828 ] ] } },
{ "type": "Feature", "properties": { "n": "Patrick Avenue", "h": "art" }, "geometry": { "type": "LineString", "coordinates": [ [ -122.07962, 37.63806 ], [ -122.07962, 37.63768 ] ] } },
{ "type": "Feature", "properties": { "n": "West A Street", "h": "art" }, "geometry": { "type": "LineString", "coordinates": [ [ -122.10658, 37.66629 ], [ -122.1058, 37.66632 ] ] } },
{ "type": "Feature", "properties": { "n": "West A Street", "h": "art" }, "geometry": { "type": "LineString", "coordinates": [ [ -122.11664, 37.66574 ], [ -122.1138, 37.6659 ] ] } },
{ "type": "Feature", "properties": { "n": "Thornhill Drive", "h": "col" }, "geometry": { "type": "LineString", "coordinates": [ [ -122.21204, 37.835 ], [ -122.21181, 37.83564 ] ] } },
{ "type": "Feature", "properties": { "n": "Thornhill Drive", "h": "col" }, "geometry": { "type": "LineString", "coordinates": [ [ -122.21177, 37.83576 ], [ -122.21151, 37.8365 ] ] } },
{ "type": "Feature", "properties": { "n": "Thornhill Drive", "h": "col" }, "geometry": { "type": "LineString", "coordinates": [ [ -122.2129, 37.83402 ], [ -122.21231, 37.83444 ], [ -122.21204, 37.835 ] ] } },
{ "type": "Feature", "properties": { "n": "Hesperian Boulevard", "h": "art" }, "geometry": { "type": "LineString", "coordinates": [ [ -122.12986, 37.69606 ], [ -122.12987, 37.69678 ] ] } },
{ "type": "Feature", "properties": { "n": "Webster Street", "h": "art" }, "geometry": { "type": "LineString", "coordinates": [ [ -122.27651, 37.78362 ], [ -122.27652, 37.78403 ] ] } },
{ "type": "Feature", "properties": { "n": "Technology Drive", "h": "col" }, "geometry": { "type": "LineString", "coordinates": [ [ -121.95479, 37.51088 ], [ -121.95469, 37.51051 ] ] } },
{ "type": "Feature", "properties": { "n": "Auto Mall Parkway", "h": "art" }, "geometry": { "type": "LineString", "coordinates": [ [ -121.95724, 37.51044 ], [ -121.95479, 37.51088 ] ] } },
{ "type": "Feature", "properties": { "n": "Paseo Grande", "h": "col" }, "geometry": { "type": "LineString", "coordinates": [ [ -122.11841, 37.68416 ], [ -122.11918, 37.68409 ], [ -122.11968, 37.68379 ] ] } },
{ "type": "Feature", "properties": { "n": "Paseo Grande", "h": "col" }, "geometry": { "type": "LineString", "coordinates": [ [ -122.12004, 37.68353 ], [ -122.12063, 37.68311 ] ] } },
{ "type": "Feature", "properties": { "n": "Paseo Grande", "h": "col" }, "geometry": { "type": "LineString", "coordinates": [ [ -122.12093, 37.6829 ], [ -122.12148, 37.6826 ] ] } },
{ "type": "Feature", "properties": { "n": "Paseo Grande", "h": "col" }, "geometry": { "type": "LineString", "coordinates": [ [ -122.12157, 37.68257 ], [ -122.12281, 37.68217 ] ] } },
{ "type": "Feature", "properties": { "n": "Livermore Outlets Drive", "h": "col" }, "geometry": { "type": "LineString", "coordinates": [ [ -121.8421, 37.69696 ], [ -121.84259, 37.69654 ], [ -121.84262, 37.69644 ] ] } },
{ "type": "Feature", "properties": { "n": "Livermore Outlets Drive", "h": "col" }, "geometry": { "type": "LineString", "coordinates": [ [ -121.84262, 37.69644 ], [ -121.84215, 37.69678 ] ] } },
{ "type": "Feature", "properties": { "n": "West Jackson Street", "h": "art" }, "geometry": { "type": "LineString", "coordinates": [ [ -122.08399, 37.6632 ], [ -122.08421, 37.66281 ] ] } },
{ "type": "Feature", "properties": { "n": "West Jackson Street", "h": "art" }, "geometry": { "type": "LineString", "coordinates": [ [ -122.08332, 37.66442 ], [ -122.08365, 37.66382 ] ] } },
{ "type": "Feature", "properties": { "n": "West Jackson Street", "h": "art" }, "geometry": { "type": "LineString", "coordinates": [ [ -122.08365, 37.66382 ], [ -122.08399, 37.6632 ] ] } },
{ "type": "Feature", "properties": { "n": "Meek Avenue", "h": "col" }, "geometry": { "type": "LineString", "coordinates": [ [ -122.08332, 37.66442 ], [ -122.08313, 37.66441 ] ] } },
{ "type": "Feature", "properties": { "n": "42nd Avenue", "h": "art" }, "geometry": { "type": "LineString", "coordinates": [ [ -122.21609, 37.773 ], [ -122.21595, 37.77311 ] ] } },
{ "type": "Feature", "properties": { "n": "High Street", "h": "art" }, "geometry": { "type": "LineString", "coordinates": [ [ -122.2161, 37.77142 ], [ -122.21492, 37.77231 ] ] } },
{ "type": "Feature", "properties": { "n": "Doolittle Drive", "h": "col" }, "geometry": { "type": "LineString", "coordinates": [ [ -122.17498, 37.69708 ], [ -122.17559, 37.69801 ] ] } },
{ "type": "Feature", "properties": { "n": "Willow Avenue", "h": "col" }, "geometry": { "type": "LineString", "coordinates": [ [ -122.16159, 37.69633 ], [ -122.16243, 37.69625 ] ] } },
{ "type": "Feature", "properties": { "n": "Juniper Street", "h": "col" }, "geometry": { "type": "LineString", "coordinates": [ [ -122.16019, 37.6941 ], [ -122.15998, 37.69267 ] ] } },
{ "type": "Feature", "properties": { "n": "Bockman Road", "h": "col" }, "geometry": { "type": "LineString", "coordinates": [ [ -122.13926, 37.67027 ], [ -122.14072, 37.67051 ] ] } },
{ "type": "Feature", "properties": { "n": "Via Alamitos", "h": "col" }, "geometry": { "type": "LineString", "coordinates": [ [ -122.1339, 37.67483 ], [ -122.13345, 37.67412 ] ] } },
{ "type": "Feature", "properties": { "n": "Via Alamitos", "h": "col" }, "geometry": { "type": "LineString", "coordinates": [ [ -122.13302, 37.67341 ], [ -122.1329, 37.67322 ] ] } },
{ "type": "Feature", "properties": { "n": "Monarch Bay Drive", "h": "col" }, "geometry": { "type": "LineString", "coordinates": [ [ -122.18947, 37.70051 ], [ -122.18952, 37.70019 ], [ -122.18946, 37.6998 ] ] } },
{ "type": "Feature", "properties": { "n": "Monarch Bay Drive", "h": "col" }, "geometry": { "type": "LineString", "coordinates": [ [ -122.18872, 37.6988 ], [ -122.18784, 37.69709 ], [ -122.1872, 37.69633 ] ] } },
{ "type": "Feature", "properties": { "n": "Fairway Drive", "h": "col" }, "geometry": { "type": "LineString", "coordinates": [ [ -122.18459, 37.69644 ], [ -122.18333, 37.69706 ] ] } },
{ "type": "Feature", "properties": { "n": "Fairway Drive", "h": "col" }, "geometry": { "type": "LineString", "coordinates": [ [ -122.18294, 37.69733 ], [ -122.18459, 37.69655 ] ] } },
{ "type": "Feature", "properties": { "n": "B Street", "h": "col" }, "geometry": { "type": "LineString", "coordinates": [ [ -122.09541, 37.66757 ], [ -122.09827, 37.6664 ], [ -122.0986, 37.66632 ] ] } },
{ "type": "Feature", "properties": { "n": "Union City Boulevard", "h": "art" }, "geometry": { "type": "LineString", "coordinates": [ [ -122.08096, 37.58314 ], [ -122.08093, 37.58207 ] ] } },
{ "type": "Feature", "properties": { "n": "Union City Boulevard", "h": "art" }, "geometry": { "type": "LineString", "coordinates": [ [ -122.08111, 37.59213 ], [ -122.08119, 37.5917 ] ] } },
{ "type": "Feature", "properties": { "n": "Industrial Boulevard", "h": "art" }, "geometry": { "type": "LineString", "coordinates": [ [ -122.09228, 37.61656 ], [ -122.09164, 37.61647 ] ] } },
{ "type": "Feature", "properties": { "n": "Hesperian Boulevard", "h": "art" }, "geometry": { "type": "LineString", "coordinates": [ [ -122.11632, 37.66255 ], [ -122.1162, 37.66235 ] ] } },
{ "type": "Feature", "properties": { "n": "Soto Road", "h": "col" }, "geometry": { "type": "LineString", "coordinates": [ [ -122.0866, 37.65812 ], [ -122.08573, 37.65781 ] ] } },
{ "type": "Feature", "properties": { "n": "Soto Road", "h": "col" }, "geometry": { "type": "LineString", "coordinates": [ [ -122.08256, 37.65617 ], [ -122.08244, 37.65602 ] ] } },
{ "type": "Feature", "properties": { "n": "Soto Road", "h": "col" }, "geometry": { "type": "LineString", "coordinates": [ [ -122.08244, 37.65602 ], [ -122.08225, 37.65576 ] ] } },
{ "type": "Feature", "properties": { "n": "Soto Road", "h": "col" }, "geometry": { "type": "LineString", "coordinates": [ [ -122.08225, 37.65576 ], [ -122.08189, 37.65532 ] ] } },
{ "type": "Feature", "properties": { "n": "Orange Avenue", "h": "col" }, "geometry": { "type": "LineString", "coordinates": [ [ -122.07994, 37.68474 ], [ -122.07996, 37.68428 ] ] } },
{ "type": "Feature", "properties": { "n": "Main Street", "h": "col" }, "geometry": { "type": "LineString", "coordinates": [ [ -122.29128, 37.77904 ], [ -122.29131, 37.77932 ] ] } },
{ "type": "Feature", "properties": { "n": "High Street", "h": "art" }, "geometry": { "type": "LineString", "coordinates": [ [ -122.2198, 37.76862 ], [ -122.21945, 37.76889 ] ] } },
{ "type": "Feature", "properties": { "n": "Doolittle Drive", "h": "art" }, "geometry": { "type": "LineString", "coordinates": [ [ -122.1995, 37.72573 ], [ -122.19968, 37.72581 ] ] } },
{ "type": "Feature", "properties": { "n": "Paseo Grande", "h": "col" }, "geometry": { "type": "LineString", "coordinates": [ [ -122.12281, 37.68217 ], [ -122.1233, 37.68196 ], [ -122.1239, 37.68146 ] ] } },
{ "type": "Feature", "properties": { "n": "West A Street", "h": "art" }, "geometry": { "type": "LineString", "coordinates": [ [ -122.10603, 37.66644 ], [ -122.10632, 37.66643 ] ] } },
{ "type": "Feature", "properties": { "n": "West A Street", "h": "art" }, "geometry": { "type": "LineString", "coordinates": [ [ -122.1058, 37.66632 ], [ -122.10461, 37.66635 ] ] } },
{ "type": "Feature", "properties": { "n": "West A Street", "h": "art" }, "geometry": { "type": "LineString", "coordinates": [ [ -122.10699, 37.66628 ], [ -122.10658, 37.66629 ] ] } },
{ "type": "Feature", "properties": { "n": "Paseo Grande", "h": "col" }, "geometry": { "type": "LineString", "coordinates": [ [ -122.12459, 37.68081 ], [ -122.12567, 37.67986 ] ] } },
{ "type": "Feature", "properties": { "n": "West Jackson Street", "h": "art" }, "geometry": { "type": "LineString", "coordinates": [ [ -122.08561, 37.65987 ], [ -122.08541, 37.66023 ] ] } },
{ "type": "Feature", "properties": { "n": "Hesperian Boulevard", "h": "art" }, "geometry": { "type": "LineString", "coordinates": [ [ -122.08546, 37.61231 ], [ -122.0853, 37.61207 ] ] } },
{ "type": "Feature", "properties": { "n": "Hesperian Boulevard", "h": "art" }, "geometry": { "type": "LineString", "coordinates": [ [ -122.08409, 37.61045 ], [ -122.08479, 37.6116 ] ] } },
{ "type": "Feature", "properties": { "n": "Hesperian Boulevard", "h": "art" }, "geometry": { "type": "LineString", "coordinates": [ [ -122.08479, 37.6116 ], [ -122.08497, 37.61189 ] ] } },
{ "type": "Feature", "properties": { "n": "Hesperian Boulevard", "h": "art" }, "geometry": { "type": "LineString", "coordinates": [ [ -122.08506, 37.61169 ], [ -122.0846, 37.61098 ] ] } },
{ "type": "Feature", "properties": { "n": "Industrial Parkway West", "h": "art" }, "geometry": { "type": "LineString", "coordinates": [ [ -122.0591, 37.62005 ], [ -122.05967, 37.61959 ] ] } },
{ "type": "Feature", "properties": { "n": "Industrial Parkway West", "h": "art" }, "geometry": { "type": "LineString", "coordinates": [ [ -122.05802, 37.6209 ], [ -122.0591, 37.62005 ] ] } },
{ "type": "Feature", "properties": { "n": "Farwell Drive", "h": "col" }, "geometry": { "type": "LineString", "coordinates": [ [ -122.00349, 37.53379 ], [ -122.00305, 37.53365 ], [ -122.00267, 37.53362 ], [ -122.00196, 37.53374 ], [ -122.0015, 37.53373 ] ] } },
{ "type": "Feature", "properties": { "n": "Somerset Avenue", "h": "col" }, "geometry": { "type": "LineString", "coordinates": [ [ -122.08806, 37.7012 ], [ -122.08774, 37.70125 ] ] } },
{ "type": "Feature", "properties": { "n": "Somerset Avenue", "h": "col" }, "geometry": { "type": "LineString", "coordinates": [ [ -122.08774, 37.70125 ], [ -122.08728, 37.70134 ] ] } },
{ "type": "Feature", "properties": { "n": "Somerset Avenue", "h": "col" }, "geometry": { "type": "LineString", "coordinates": [ [ -122.08445, 37.70168 ], [ -122.08381, 37.7017 ] ] } },
{ "type": "Feature", "properties": { "n": "Somerset Avenue", "h": "col" }, "geometry": { "type": "LineString", "coordinates": [ [ -122.08193, 37.70174 ], [ -122.08156, 37.70174 ] ] } },
{ "type": "Feature", "properties": { "n": "Hampton Road", "h": "col" }, "geometry": { "type": "LineString", "coordinates": [ [ -122.11617, 37.6836 ], [ -122.11595, 37.68364 ] ] } },
{ "type": "Feature", "properties": { "n": "Hathaway Avenue", "h": "col" }, "geometry": { "type": "LineString", "coordinates": [ [ -122.10678, 37.66954 ], [ -122.10627, 37.6691 ] ] } },
{ "type": "Feature", "properties": { "n": "Hathaway Avenue", "h": "col" }, "geometry": { "type": "LineString", "coordinates": [ [ -122.10627, 37.6691 ], [ -122.10468, 37.6677 ] ] } },
{ "type": "Feature", "properties": { "n": "Hathaway Avenue", "h": "col" }, "geometry": { "type": "LineString", "coordinates": [ [ -122.10468, 37.6677 ], [ -122.10442, 37.66748 ] ] } },
{ "type": "Feature", "properties": { "n": "Hathaway Avenue", "h": "col" }, "geometry": { "type": "LineString", "coordinates": [ [ -122.10397, 37.66713 ], [ -122.1041, 37.66724 ] ] } },
{ "type": "Feature", "properties": { "n": "Hathaway Avenue", "h": "col" }, "geometry": { "type": "LineString", "coordinates": [ [ -122.10361, 37.66681 ], [ -122.1039, 37.66707 ] ] } },
{ "type": "Feature", "properties": { "n": "Hathaway Avenue", "h": "col" }, "geometry": { "type": "LineString", "coordinates": [ [ -122.1034, 37.66653 ], [ -122.10361, 37.66681 ] ] } },
{ "type": "Feature", "properties": { "n": "Paseo Grande", "h": "col" }, "geometry": { "type": "LineString", "coordinates": [ [ -122.12633, 37.67956 ], [ -122.12653, 37.67953 ] ] } },
{ "type": "Feature", "properties": { "n": "Farallon Drive", "h": "col" }, "geometry": { "type": "LineString", "coordinates": [ [ -122.16621, 37.69261 ], [ -122.16646, 37.69255 ] ] } },
{ "type": "Feature", "properties": { "n": "Farallon Drive", "h": "col" }, "geometry": { "type": "LineString", "coordinates": [ [ -122.16592, 37.69268 ], [ -122.16621, 37.69261 ] ] } },
{ "type": "Feature", "properties": { "n": "Farallon Drive", "h": "col" }, "geometry": { "type": "LineString", "coordinates": [ [ -122.16564, 37.69275 ], [ -122.16592, 37.69268 ] ] } },
{ "type": "Feature", "properties": { "n": "Farallon Drive", "h": "col" }, "geometry": { "type": "LineString", "coordinates": [ [ -122.16367, 37.69324 ], [ -122.16383, 37.6932 ] ] } },
{ "type": "Feature", "properties": { "n": "Farallon Drive", "h": "col" }, "geometry": { "type": "LineString", "coordinates": [ [ -122.16328, 37.69334 ], [ -122.16367, 37.69324 ] ] } },
{ "type": "Feature", "properties": { "n": "Springlake Drive", "h": "col" }, "geometry": { "type": "LineString", "coordinates": [ [ -122.13469, 37.69306 ], [ -122.13437, 37.69289 ] ] } },
{ "type": "Feature", "properties": { "n": "Springlake Drive", "h": "col" }, "geometry": { "type": "LineString", "coordinates": [ [ -122.13495, 37.69316 ], [ -122.13469, 37.69306 ] ] } },
{ "type": "Feature", "properties": { "n": "Beatrice Street", "h": "art" }, "geometry": { "type": "LineString", "coordinates": [ [ -122.13967, 37.68985 ], [ -122.14001, 37.68984 ] ] } },
{ "type": "Feature", "properties": { "n": "Springlake Drive", "h": "col" }, "geometry": { "type": "LineString", "coordinates": [ [ -122.13605, 37.69325 ], [ -122.13578, 37.69327 ] ] } },
{ "type": "Feature", "properties": { "n": "Springlake Drive", "h": "col" }, "geometry": { "type": "LineString", "coordinates": [ [ -122.13578, 37.69327 ], [ -122.13495, 37.69316 ] ] } },
{ "type": "Feature", "properties": { "n": "Springlake Drive", "h": "col" }, "geometry": { "type": "LineString", "coordinates": [ [ -122.13633, 37.69334 ], [ -122.13659, 37.69337 ] ] } },
{ "type": "Feature", "properties": { "n": "Springlake Drive", "h": "col" }, "geometry": { "type": "LineString", "coordinates": [ [ -122.13659, 37.69337 ], [ -122.13736, 37.69366 ], [ -122.13793, 37.69376 ] ] } },
{ "type": "Feature", "properties": { "n": "Springlake Drive", "h": "col" }, "geometry": { "type": "LineString", "coordinates": [ [ -122.13765, 37.69367 ], [ -122.13736, 37.6936 ] ] } },
{ "type": "Feature", "properties": { "n": "Springlake Drive", "h": "col" }, "geometry": { "type": "LineString", "coordinates": [ [ -122.13917, 37.69369 ], [ -122.13765, 37.69367 ] ] } },
{ "type": "Feature", "properties": { "n": "East 14th Street", "h": "art" }, "geometry": { "type": "LineString", "coordinates": [ [ -122.12252, 37.70095 ], [ -122.12152, 37.70025 ] ] } },
{ "type": "Feature", "properties": { "n": "Farallon Drive", "h": "col" }, "geometry": { "type": "LineString", "coordinates": [ [ -122.17201, 37.69371 ], [ -122.17297, 37.69371 ] ] } },
{ "type": "Feature", "properties": { "n": "Farallon Drive", "h": "col" }, "geometry": { "type": "LineString", "coordinates": [ [ -122.17297, 37.69371 ], [ -122.17337, 37.69371 ] ] } },
{ "type": "Feature", "properties": { "n": "Fairway Drive", "h": "col" }, "geometry": { "type": "LineString", "coordinates": [ [ -122.17788, 37.69944 ], [ -122.17806, 37.69936 ] ] } },
{ "type": "Feature", "properties": { "n": "Fairway Drive", "h": "col" }, "geometry": { "type": "LineString", "coordinates": [ [ -122.17755, 37.69958 ], [ -122.17788, 37.69944 ] ] } },
{ "type": "Feature", "properties": { "n": "Fairway Drive", "h": "col" }, "geometry": { "type": "LineString", "coordinates": [ [ -122.18229, 37.6975 ], [ -122.18192, 37.69766 ] ] } },
{ "type": "Feature", "properties": { "n": "Fairway Drive", "h": "col" }, "geometry": { "type": "LineString", "coordinates": [ [ -122.18289, 37.69725 ], [ -122.18229, 37.6975 ] ] } },
{ "type": "Feature", "properties": { "n": "Fairway Drive", "h": "col" }, "geometry": { "type": "LineString", "coordinates": [ [ -122.18333, 37.69706 ], [ -122.18289, 37.69725 ] ] } },
{ "type": "Feature", "properties": { "n": "Fairway Drive", "h": "col" }, "geometry": { "type": "LineString", "coordinates": [ [ -122.18192, 37.69766 ], [ -122.1774, 37.69953 ] ] } },
{ "type": "Feature", "properties": { "n": "Fairway Drive", "h": "col" }, "geometry": { "type": "LineString", "coordinates": [ [ -122.1825, 37.69751 ], [ -122.18294, 37.69733 ] ] } },
{ "type": "Feature", "properties": { "n": "Fairway Drive", "h": "col" }, "geometry": { "type": "LineString", "coordinates": [ [ -122.18197, 37.69774 ], [ -122.1825, 37.69751 ] ] } },
{ "type": "Feature", "properties": { "n": "Willow Street", "h": "col" }, "geometry": { "type": "LineString", "coordinates": [ [ -122.25399, 37.76073 ], [ -122.2538, 37.76109 ] ] } },
{ "type": "Feature", "properties": { "n": "Foothill Boulevard", "h": "art" }, "geometry": { "type": "LineString", "coordinates": [ [ -122.21906, 37.78201 ], [ -122.21894, 37.78164 ] ] } },
{ "type": "Feature", "properties": { "n": "Cushing Parkway", "h": "art" }, "geometry": { "type": "LineString", "coordinates": [ [ -121.95311, 37.48986 ], [ -121.95329, 37.48984 ] ] } },
{ "type": "Feature", "properties": { "n": "Cushing Parkway", "h": "art" }, "geometry": { "type": "LineString", "coordinates": [ [ -121.95329, 37.48984 ], [ -121.9549, 37.48968 ] ] } },
{ "type": "Feature", "properties": { "n": "Atlantic Avenue", "h": "col" }, "geometry": { "type": "LineString", "coordinates": [ [ -122.27634, 37.77965 ], [ -122.27583, 37.7797 ] ] } },
{ "type": "Feature", "properties": { "n": "Atlantic Avenue", "h": "col" }, "geometry": { "type": "LineString", "coordinates": [ [ -122.27655, 37.77963 ], [ -122.27634, 37.77965 ] ] } },
{ "type": "Feature", "properties": { "n": "West Tower Avenue", "h": "col" }, "geometry": { "type": "LineString", "coordinates": [ [ -122.2983, 37.78293 ], [ -122.29897, 37.78296 ] ] } },
{ "type": "Feature", "properties": { "n": "Main Street", "h": "col" }, "geometry": { "type": "LineString", "coordinates": [ [ -122.29133, 37.7796 ], [ -122.29135, 37.77996 ] ] } },
{ "type": "Feature", "properties": { "n": "Fifth Street", "h": "col" }, "geometry": { "type": "LineString", "coordinates": [ [ -122.2816, 37.78438 ], [ -122.28157, 37.78509 ] ] } },
{ "type": "Feature", "properties": { "n": "Middle Harbor Road", "h": "art" }, "geometry": { "type": "LineString", "coordinates": [ [ -122.29759, 37.79778 ], [ -122.29908, 37.79749 ] ] } },
{ "type": "Feature", "properties": { "n": "Adeline Street", "h": "art" }, "geometry": { "type": "LineString", "coordinates": [ [ -122.28892, 37.80191 ], [ -122.28879, 37.80212 ] ] } },
{ "type": "Feature", "properties": { "n": "Middle Harbor Road", "h": "art" }, "geometry": { "type": "LineString", "coordinates": [ [ -122.29399, 37.79871 ], [ -122.2949, 37.79848 ] ] } },
{ "type": "Feature", "properties": { "n": "Middle Harbor Road", "h": "art" }, "geometry": { "type": "LineString", "coordinates": [ [ -122.29721, 37.79788 ], [ -122.29759, 37.79778 ] ] } },
{ "type": "Feature", "properties": { "n": "Mariner Square Loop", "h": "col" }, "geometry": { "type": "LineString", "coordinates": [ [ -122.27837, 37.78834 ], [ -122.27819, 37.78869 ] ] } },
{ "type": "Feature", "properties": { "n": "Stevenson Boulevard", "h": "art" }, "geometry": { "type": "LineString", "coordinates": [ [ -121.99688, 37.50698 ], [ -121.9972, 37.50602 ] ] } },
{ "type": "Feature", "properties": { "n": "Thornton Avenue", "h": "art" }, "geometry": { "type": "LineString", "coordinates": [ [ -122.0556, 37.52639 ], [ -122.05615, 37.52659 ] ] } },
{ "type": "Feature", "properties": { "n": "Wicks Boulevard", "h": "col" }, "geometry": { "type": "LineString", "coordinates": [ [ -122.16323, 37.69291 ], [ -122.16316, 37.69242 ] ] } },
{ "type": "Feature", "properties": { "n": "Hearst Avenue", "h": "col" }, "geometry": { "type": "LineString", "coordinates": [ [ -122.30256, 37.86842 ], [ -122.30154, 37.86863 ] ] } },
{ "type": "Feature", "properties": { "n": "Maritime Street", "h": "art" }, "geometry": { "type": "LineString", "coordinates": [ [ -122.30284, 37.82046 ], [ -122.30313, 37.82018 ] ] } },
{ "type": "Feature", "properties": { "n": "Maritime Street", "h": "art" }, "geometry": { "type": "LineString", "coordinates": [ [ -122.30313, 37.82018 ], [ -122.30346, 37.81987 ] ] } },
{ "type": "Feature", "properties": { "n": "Maritime Street", "h": "art" }, "geometry": { "type": "LineString", "coordinates": [ [ -122.30346, 37.81987 ], [ -122.30383, 37.81952 ] ] } },
{ "type": "Feature", "properties": { "n": "Maritime Street", "h": "art" }, "geometry": { "type": "LineString", "coordinates": [ [ -122.30383, 37.81952 ], [ -122.30447, 37.81891 ] ] } },
{ "type": "Feature", "properties": { "n": "Oakport Street", "h": "art" }, "geometry": { "type": "LineString", "coordinates": [ [ -122.21983, 37.76704 ], [ -122.21959, 37.7667 ] ] } },
{ "type": "Feature", "properties": { "n": "Oakport Street", "h": "art" }, "geometry": { "type": "LineString", "coordinates": [ [ -122.21057, 37.7529 ], [ -122.21032, 37.75257 ], [ -122.21009, 37.75247 ], [ -122.20984, 37.75249 ], [ -122.20933, 37.75276 ] ] } },
{ "type": "Feature", "properties": { "n": "San Leandro Street", "h": "art" }, "geometry": { "type": "LineString", "coordinates": [ [ -122.19583, 37.7526 ], [ -122.19608, 37.75279 ] ] } },
{ "type": "Feature", "properties": { "n": "San Leandro Street", "h": "art" }, "geometry": { "type": "LineString", "coordinates": [ [ -122.19608, 37.75279 ], [ -122.19629, 37.75296 ] ] } },
{ "type": "Feature", "properties": { "n": "Silvergate Drive", "h": "col" }, "geometry": { "type": "LineString", "coordinates": [ [ -121.93885, 37.70892 ], [ -121.93849, 37.70896 ], [ -121.93797, 37.70912 ] ] } },
{ "type": "Feature", "properties": { "n": "Grand Avenue", "h": "art" }, "geometry": { "type": "LineString", "coordinates": [ [ -122.24719, 37.81272 ], [ -122.24657, 37.81374 ] ] } },
{ "type": "Feature", "properties": { "n": "West A Street", "h": "art" }, "geometry": { "type": "LineString", "coordinates": [ [ -122.11752, 37.66569 ], [ -122.11664, 37.66574 ] ] } },
{ "type": "Feature", "properties": { "n": "West A Street", "h": "art" }, "geometry": { "type": "LineString", "coordinates": [ [ -122.11611, 37.6659 ], [ -122.1165, 37.66588 ] ] } },
{ "type": "Feature", "properties": { "n": "A Street", "h": "art" }, "geometry": { "type": "LineString", "coordinates": [ [ -122.09701, 37.6681 ], [ -122.09799, 37.66758 ] ] } },
{ "type": "Feature", "properties": { "n": "Robert Davey Junior Drive", "h": "art" }, "geometry": { "type": "LineString", "coordinates": [ [ -122.23772, 37.74317 ], [ -122.23808, 37.74335 ] ] } },
{ "type": "Feature", "properties": { "n": "Coliseum Way", "h": "col" }, "geometry": { "type": "LineString", "coordinates": [ [ -122.20537, 37.75506 ], [ -122.20528, 37.75494 ] ] } },
{ "type": "Feature", "properties": { "n": "66th Avenue", "h": "col" }, "geometry": { "type": "LineString", "coordinates": [ [ -122.20948, 37.75337 ], [ -122.2085, 37.75377 ] ] } },
{ "type": "Feature", "properties": { "n": "66th Avenue", "h": "col" }, "geometry": { "type": "LineString", "coordinates": [ [ -122.21034, 37.753 ], [ -122.20986, 37.75321 ] ] } },
{ "type": "Feature", "properties": { "n": "CA 77", "h": "fwy" }, "geometry": { "type": "LineString", "coordinates": [ [ -122.21997, 37.77023 ], [ -122.21872, 37.7711 ] ] } },
{ "type": "Feature", "properties": { "n": "I 238", "h": "fwy" }, "geometry": { "type": "LineString", "coordinates": [ [ -122.13818, 37.69037 ], [ -122.13799, 37.69029 ] ] } },
{ "type": "Feature", "properties": { "n": "Meekland Avenue", "h": "col" }, "geometry": { "type": "LineString", "coordinates": [ [ -122.09924, 37.66716 ], [ -122.09872, 37.66667 ], [ -122.0986, 37.66632 ] ] } },
{ "type": "Feature", "properties": { "n": "East Stanley Boulevard", "h": "art" }, "geometry": { "type": "LineString", "coordinates": [ [ -121.78665, 37.67824 ], [ -121.78752, 37.67813 ] ] } },
{ "type": "Feature", "properties": { "n": "Hopyard Road", "h": "art" }, "geometry": { "type": "LineString", "coordinates": [ [ -121.90599, 37.70038 ], [ -121.90576, 37.70011 ] ] } },
{ "type": "Feature", "properties": { "n": "Airway Boulevard", "h": "art" }, "geometry": { "type": "LineString", "coordinates": [ [ -121.80763, 37.69602 ], [ -121.81558, 37.69605 ], [ -121.81635, 37.69613 ], [ -121.81694, 37.69637 ] ] } },
{ "type": "Feature", "properties": { "n": "Beatrice Street", "h": "art" }, "geometry": { "type": "LineString", "coordinates": [ [ -122.1392, 37.68987 ], [ -122.13967, 37.68985 ] ] } },
{ "type": "Feature", "properties": { "n": "Embarcadero", "h": "art" }, "geometry": { "type": "LineString", "coordinates": [ [ -122.2528, 37.78857 ], [ -122.25316, 37.78866 ] ] } },
{ "type": "Feature", "properties": { "n": "Paseo Padre Parkway", "h": "art" }, "geometry": { "type": "LineString", "coordinates": [ [ -122.06797, 37.54162 ], [ -122.06817, 37.54203 ] ] } },
{ "type": "Feature", "properties": { "n": "Oakport Street", "h": "art" }, "geometry": { "type": "LineString", "coordinates": [ [ -122.21956, 37.7666 ], [ -122.21945, 37.76601 ] ] } },
{ "type": "Feature", "properties": { "n": "Hopyard Road", "h": "art" }, "geometry": { "type": "LineString", "coordinates": [ [ -121.90372, 37.6959 ], [ -121.90374, 37.6947 ] ] } },
{ "type": "Feature", "properties": { "n": "Hesperian Boulevard", "h": "art" }, "geometry": { "type": "LineString", "coordinates": [ [ -122.08825, 37.61689 ], [ -122.08805, 37.61655 ] ] } },
{ "type": "Feature", "properties": { "n": "Hesperian Boulevard", "h": "art" }, "geometry": { "type": "LineString", "coordinates": [ [ -122.08831, 37.6174 ], [ -122.08851, 37.61773 ] ] } },
{ "type": "Feature", "properties": { "n": "Norbridge Avenue", "h": "col" }, "geometry": { "type": "LineString", "coordinates": [ [ -122.06913, 37.69397 ], [ -122.06949, 37.69334 ], [ -122.06976, 37.69307 ] ] } },
{ "type": "Feature", "properties": { "n": "Powell Street", "h": "col" }, "geometry": { "type": "LineString", "coordinates": [ [ -122.30017, 37.83737 ], [ -122.30075, 37.83725 ] ] } },
{ "type": "Feature", "properties": { "n": "Fremont Boulevard", "h": "art" }, "geometry": { "type": "LineString", "coordinates": [ [ -121.92629, 37.4575 ], [ -121.92636, 37.45723 ] ] } },
{ "type": "Feature", "properties": { "n": "Fremont Boulevard", "h": "art" }, "geometry": { "type": "LineString", "coordinates": [ [ -121.92688, 37.4553 ], [ -121.92631, 37.45708 ], [ -121.92636, 37.45723 ] ] } },
{ "type": "Feature", "properties": { "n": "Fremont Boulevard", "h": "art" }, "geometry": { "type": "LineString", "coordinates": [ [ -121.92636, 37.45723 ], [ -121.92646, 37.45712 ], [ -121.92664, 37.45653 ] ] } },
{ "type": "Feature", "properties": { "n": "CA 84", "h": "fwy" }, "geometry": { "type": "LineString", "coordinates": [ [ -121.80567, 37.65348 ], [ -121.80567, 37.65329 ] ] } },
{ "type": "Feature", "properties": { "n": "Montana Street", "h": "col" }, "geometry": { "type": "LineString", "coordinates": [ [ -122.21543, 37.79832 ], [ -122.21666, 37.79862 ] ] } },
{ "type": "Feature", "properties": { "n": "Champion Street", "h": "col" }, "geometry": { "type": "LineString", "coordinates": [ [ -122.21543, 37.79832 ], [ -122.21523, 37.79881 ] ] } },
{ "type": "Feature", "properties": { "n": "Champion Street", "h": "col" }, "geometry": { "type": "LineString", "coordinates": [ [ -122.21572, 37.79758 ], [ -122.21543, 37.79832 ] ] } },
{ "type": "Feature", "properties": { "n": "Saratoga Street", "h": "col" }, "geometry": { "type": "LineString", "coordinates": [ [ -122.30236, 37.78368 ], [ -122.3024, 37.78314 ] ] } },
{ "type": "Feature", "properties": { "n": "I 80", "h": "fwy" }, "geometry": { "type": "LineString", "coordinates": [ [ -122.31522, 37.82453 ], [ -122.31805, 37.82397 ] ] } },
{ "type": "Feature", "properties": { "n": "Norbridge Avenue", "h": "col" }, "geometry": { "type": "LineString", "coordinates": [ [ -122.07048, 37.69273 ], [ -122.0715, 37.69269 ] ] } },
{ "type": "Feature", "properties": { "n": "North Mines Road", "h": "art" }, "geometry": { "type": "LineString", "coordinates": [ [ -121.74275, 37.68976 ], [ -121.74377, 37.69031 ], [ -121.74426, 37.69082 ] ] } },
{ "type": "Feature", "properties": { "n": "Patterson Pass Road", "h": "art" }, "geometry": { "type": "LineString", "coordinates": [ [ -121.73451, 37.69332 ], [ -121.73356, 37.69368 ] ] } },
{ "type": "Feature", "properties": { "n": "Patterson Pass Road", "h": "art" }, "geometry": { "type": "LineString", "coordinates": [ [ -121.73459, 37.69343 ], [ -121.7351, 37.69322 ] ] } },
{ "type": "Feature", "properties": { "n": "Charlotte Way", "h": "col" }, "geometry": { "type": "LineString", "coordinates": [ [ -121.73414, 37.68808 ], [ -121.7333, 37.68809 ] ] } },
{ "type": "Feature", "properties": { "n": "Patterson Pass Road", "h": "art" }, "geometry": { "type": "LineString", "coordinates": [ [ -121.73666, 37.69243 ], [ -121.73581, 37.69279 ] ] } },
{ "type": "Feature", "properties": { "n": "Patterson Pass Road", "h": "art" }, "geometry": { "type": "LineString", "coordinates": [ [ -121.73674, 37.69255 ], [ -121.7376, 37.69217 ], [ -121.73818, 37.69183 ] ] } },
{ "type": "Feature", "properties": { "n": "Patterson Pass Road", "h": "art" }, "geometry": { "type": "LineString", "coordinates": [ [ -121.7381, 37.69174 ], [ -121.73727, 37.6922 ], [ -121.73666, 37.69243 ] ] } },
{ "type": "Feature", "properties": { "n": "Patterson Pass Road", "h": "art" }, "geometry": { "type": "LineString", "coordinates": [ [ -121.73818, 37.69183 ], [ -121.7387, 37.6914 ], [ -121.7395, 37.69037 ] ] } },
{ "type": "Feature", "properties": { "n": "Patterson Pass Road", "h": "art" }, "geometry": { "type": "LineString", "coordinates": [ [ -121.73225, 37.69407 ], [ -121.73167, 37.69423 ], [ -121.72665, 37.69523 ], [ -121.72505, 37.69529 ] ] } },
{ "type": "Feature", "properties": { "n": "Patterson Pass Road", "h": "art" }, "geometry": { "type": "LineString", "coordinates": [ [ -121.73235, 37.69422 ], [ -121.73367, 37.69381 ] ] } },
{ "type": "Feature", "properties": { "n": "Patterson Pass Road", "h": "art" }, "geometry": { "type": "LineString", "coordinates": [ [ -121.73935, 37.69031 ], [ -121.73861, 37.69128 ], [ -121.7381, 37.69174 ] ] } },
{ "type": "Feature", "properties": { "n": "Patterson Pass Road", "h": "art" }, "geometry": { "type": "LineString", "coordinates": [ [ -121.7395, 37.69037 ], [ -121.73962, 37.69021 ] ] } },
{ "type": "Feature", "properties": { "n": "Dixon Landing Road", "h": "art" }, "geometry": { "type": "LineString", "coordinates": [ [ -121.92662, 37.45507 ], [ -121.92565, 37.45476 ] ] } },
{ "type": "Feature", "properties": { "n": "Patterson Pass Road", "h": "art" }, "geometry": { "type": "LineString", "coordinates": [ [ -121.73367, 37.69381 ], [ -121.73459, 37.69343 ] ] } },
{ "type": "Feature", "properties": { "n": "Patterson Pass Road", "h": "art" }, "geometry": { "type": "LineString", "coordinates": [ [ -121.73356, 37.69368 ], [ -121.73225, 37.69407 ] ] } },
{ "type": "Feature", "properties": { "n": "South Grimmer Boulevard", "h": "art" }, "geometry": { "type": "LineString", "coordinates": [ [ -121.95588, 37.50292 ], [ -121.95489, 37.50242 ] ] } },
{ "type": "Feature", "properties": { "n": "South Vasco Road", "h": "art" }, "geometry": { "type": "LineString", "coordinates": [ [ -121.71869, 37.68114 ], [ -121.71869, 37.68097 ] ] } },
{ "type": "Feature", "properties": { "n": "Otis Drive", "h": "art" }, "geometry": { "type": "LineString", "coordinates": [ [ -122.25492, 37.76108 ], [ -122.25707, 37.76186 ], [ -122.26071, 37.76258 ], [ -122.26164, 37.76286 ] ] } },
{ "type": "Feature", "properties": { "n": "Otis Drive", "h": "art" }, "geometry": { "type": "LineString", "coordinates": [ [ -122.24889, 37.75783 ], [ -122.24912, 37.75797 ] ] } },
{ "type": "Feature", "properties": { "n": "Shore Line Drive", "h": "col" }, "geometry": { "type": "LineString", "coordinates": [ [ -122.24723, 37.75321 ], [ -122.24688, 37.75315 ] ] } },
{ "type": "Feature", "properties": { "n": "West Tennyson Road", "h": "art" }, "geometry": { "type": "LineString", "coordinates": [ [ -122.07167, 37.63156 ], [ -122.0731, 37.63144 ] ] } },
{ "type": "Feature", "properties": { "n": "West Tennyson Road", "h": "art" }, "geometry": { "type": "LineString", "coordinates": [ [ -122.07143, 37.63145 ], [ -122.07098, 37.63148 ] ] } },
{ "type": "Feature", "properties": { "n": "Huntwood Avenue", "h": "col" }, "geometry": { "type": "LineString", "coordinates": [ [ -122.07272, 37.64224 ], [ -122.07341, 37.64279 ] ] } },
{ "type": "Feature", "properties": { "n": "Huntwood Avenue", "h": "col" }, "geometry": { "type": "LineString", "coordinates": [ [ -122.07347, 37.64284 ], [ -122.07359, 37.64295 ] ] } },
{ "type": "Feature", "properties": { "n": "Patterson Pass Road", "h": "art" }, "geometry": { "type": "LineString", "coordinates": [ [ -121.72505, 37.69529 ], [ -121.7238, 37.69525 ], [ -121.72244, 37.69495 ] ] } },
{ "type": "Feature", "properties": { "n": "Patterson Pass Road", "h": "art" }, "geometry": { "type": "LineString", "coordinates": [ [ -121.72505, 37.6954 ], [ -121.72618, 37.6954 ], [ -121.72676, 37.69534 ], [ -121.73235, 37.69422 ] ] } },
{ "type": "Feature", "properties": { "n": "South Grimmer Boulevard", "h": "art" }, "geometry": { "type": "LineString", "coordinates": [ [ -121.95696, 37.50382 ], [ -121.95851, 37.50486 ] ] } },
{ "type": "Feature", "properties": { "n": "Fremont Boulevard", "h": "art" }, "geometry": { "type": "LineString", "coordinates": [ [ -121.95718, 37.52225 ], [ -121.95689, 37.52173 ], [ -121.95678, 37.52172 ] ] } },
{ "type": "Feature", "properties": { "n": "Shore Line Drive", "h": "col" }, "geometry": { "type": "LineString", "coordinates": [ [ -122.26486, 37.75977 ], [ -122.26412, 37.75949 ] ] } },
{ "type": "Feature", "properties": { "n": "Shore Line Drive", "h": "col" }, "geometry": { "type": "LineString", "coordinates": [ [ -122.25674, 37.75676 ], [ -122.25506, 37.75612 ] ] } },
{ "type": "Feature", "properties": { "n": "Shore Line Drive", "h": "col" }, "geometry": { "type": "LineString", "coordinates": [ [ -122.26335, 37.75922 ], [ -122.2629, 37.75905 ] ] } },
{ "type": "Feature", "properties": { "n": "Shore Line Drive", "h": "col" }, "geometry": { "type": "LineString", "coordinates": [ [ -122.26192, 37.75869 ], [ -122.26094, 37.75832 ] ] } },
{ "type": "Feature", "properties": { "n": "Gleason Drive", "h": "art" }, "geometry": { "type": "LineString", "coordinates": [ [ -121.87773, 37.71272 ], [ -121.87791, 37.71272 ] ] } },
{ "type": "Feature", "properties": { "n": "Amador Plaza Road", "h": "col" }, "geometry": { "type": "LineString", "coordinates": [ [ -121.9273, 37.7045 ], [ -121.92742, 37.70474 ] ] } },
{ "type": "Feature", "properties": { "n": "Westline Drive", "h": "col" }, "geometry": { "type": "LineString", "coordinates": [ [ -122.27152, 37.76397 ], [ -122.27158, 37.76616 ] ] } },
{ "type": "Feature", "properties": { "n": "Amador Plaza Road", "h": "col" }, "geometry": { "type": "LineString", "coordinates": [ [ -121.92699, 37.70415 ], [ -121.9273, 37.7045 ] ] } },
{ "type": "Feature", "properties": { "n": "Amador Valley Boulevard", "h": "col" }, "geometry": { "type": "LineString", "coordinates": [ [ -121.93341, 37.70784 ], [ -121.93382, 37.70707 ], [ -121.93411, 37.70677 ] ] } },
{ "type": "Feature", "properties": { "n": "Dublin Boulevard", "h": "art" }, "geometry": { "type": "LineString", "coordinates": [ [ -121.87781, 37.70574 ], [ -121.87825, 37.70574 ] ] } },
{ "type": "Feature", "properties": { "n": "Silvergate Drive", "h": "col" }, "geometry": { "type": "LineString", "coordinates": [ [ -121.9381, 37.70918 ], [ -121.93843, 37.70909 ] ] } },
{ "type": "Feature", "properties": { "n": "West Jack London Boulevard", "h": "art" }, "geometry": { "type": "LineString", "coordinates": [ [ -121.84271, 37.6963 ], [ -121.83998, 37.69517 ] ] } },
{ "type": "Feature", "properties": { "n": "Valley Avenue", "h": "art" }, "geometry": { "type": "LineString", "coordinates": [ [ -121.8929, 37.67675 ], [ -121.89487, 37.67675 ] ] } },
{ "type": "Feature", "properties": { "n": "Johnson Drive", "h": "col" }, "geometry": { "type": "LineString", "coordinates": [ [ -121.90598, 37.69422 ], [ -121.90592, 37.69393 ], [ -121.90553, 37.69332 ], [ -121.9055, 37.69305 ], [ -121.90558, 37.69276 ], [ -121.90597, 37.69241 ], [ -121.9062, 37.69233 ], [ -121.90681, 37.69228 ] ] } },
{ "type": "Feature", "properties": { "n": "Johnson Drive", "h": "col" }, "geometry": { "type": "LineString", "coordinates": [ [ -121.91855, 37.69335 ], [ -121.91916, 37.69495 ] ] } },
{ "type": "Feature", "properties": { "n": "Hopyard Road", "h": "art" }, "geometry": { "type": "LineString", "coordinates": [ [ -121.90006, 37.6777 ], [ -121.89742, 37.67607 ] ] } },
{ "type": "Feature", "properties": { "n": "Hopyard Road", "h": "art" }, "geometry": { "type": "LineString", "coordinates": [ [ -121.89993, 37.67782 ], [ -121.90176, 37.679 ] ] } },
{ "type": "Feature", "properties": { "n": "Paseo Padre Parkway", "h": "art" }, "geometry": { "type": "LineString", "coordinates": [ [ -122.06949, 37.54499 ], [ -122.06971, 37.54592 ], [ -122.0698, 37.54707 ] ] } },
{ "type": "Feature", "properties": { "n": "Paseo Padre Parkway", "h": "art" }, "geometry": { "type": "LineString", "coordinates": [ [ -122.06951, 37.54452 ], [ -122.06944, 37.54435 ] ] } },
{ "type": "Feature", "properties": { "n": "Cushing Parkway", "h": "art" }, "geometry": { "type": "LineString", "coordinates": [ [ -121.94937, 37.49055 ], [ -121.95088, 37.49033 ] ] } },
{ "type": "Feature", "properties": { "n": "Patterson Pass Road", "h": "art" }, "geometry": { "type": "LineString", "coordinates": [ [ -121.71048, 37.69592 ], [ -121.71325, 37.69592 ] ] } },
{ "type": "Feature", "properties": { "n": "East Warren Avenue", "h": "art" }, "geometry": { "type": "LineString", "coordinates": [ [ -121.93136, 37.48581 ], [ -121.93161, 37.48572 ] ] } },
{ "type": "Feature", "properties": { "n": "Mariner Square Drive", "h": "col" }, "geometry": { "type": "LineString", "coordinates": [ [ -122.27666, 37.78853 ], [ -122.27668, 37.7907 ] ] } },
{ "type": "Feature", "properties": { "n": "Lexington Street", "h": "col" }, "geometry": { "type": "LineString", "coordinates": [ [ -122.30267, 37.7895 ], [ -122.30339, 37.78879 ] ] } },
{ "type": "Feature", "properties": { "n": "Grand Street", "h": "col" }, "geometry": { "type": "LineString", "coordinates": [ [ -122.26205, 37.76301 ], [ -122.26181, 37.76336 ] ] } },
{ "type": "Feature", "properties": { "n": "Mission Boulevard", "h": "art" }, "geometry": { "type": "LineString", "coordinates": [ [ -122.10101, 37.68599 ], [ -122.10183, 37.68657 ] ] } },
{ "type": "Feature", "properties": { "n": "Mission Boulevard", "h": "art" }, "geometry": { "type": "LineString", "coordinates": [ [ -122.10085, 37.68587 ], [ -122.10101, 37.68599 ] ] } },
{ "type": "Feature", "properties": { "n": "Mission Boulevard", "h": "art" }, "geometry": { "type": "LineString", "coordinates": [ [ -122.10232, 37.6869 ], [ -122.10255, 37.68707 ] ] } },
{ "type": "Feature", "properties": { "n": "Mission Boulevard", "h": "art" }, "geometry": { "type": "LineString", "coordinates": [ [ -122.10183, 37.68657 ], [ -122.10219, 37.68681 ] ] } },
{ "type": "Feature", "properties": { "n": "Willow Road", "h": "col" }, "geometry": { "type": "LineString", "coordinates": [ [ -121.89848, 37.68716 ], [ -121.89849, 37.68612 ], [ -121.89844, 37.68605 ] ] } },
{ "type": "Feature", "properties": { "n": "Willow Road", "h": "col" }, "geometry": { "type": "LineString", "coordinates": [ [ -121.89846, 37.68875 ], [ -121.89848, 37.68716 ] ] } },
{ "type": "Feature", "properties": { "n": "Willow Road", "h": "col" }, "geometry": { "type": "LineString", "coordinates": [ [ -121.89833, 37.68884 ], [ -121.89832, 37.68949 ], [ -121.89838, 37.68955 ] ] } },
{ "type": "Feature", "properties": { "n": "Willow Road", "h": "col" }, "geometry": { "type": "LineString", "coordinates": [ [ -121.89836, 37.68715 ], [ -121.89833, 37.68876 ] ] } },
{ "type": "Feature", "properties": { "n": "Harbor Bay Parkway", "h": "art" }, "geometry": { "type": "LineString", "coordinates": [ [ -122.2293, 37.72915 ], [ -122.22945, 37.72871 ] ] } },
{ "type": "Feature", "properties": { "n": "Maitland Drive", "h": "art" }, "geometry": { "type": "LineString", "coordinates": [ [ -122.22912, 37.7291 ], [ -122.2293, 37.72915 ] ] } },
{ "type": "Feature", "properties": { "n": "Aughinbaugh Way", "h": "art" }, "geometry": { "type": "LineString", "coordinates": [ [ -122.25206, 37.73748 ], [ -122.25202, 37.73643 ], [ -122.25185, 37.73594 ], [ -122.25155, 37.73551 ] ] } },
{ "type": "Feature", "properties": { "n": "Island Drive", "h": "art" }, "geometry": { "type": "LineString", "coordinates": [ [ -122.23728, 37.74343 ], [ -122.23646, 37.74547 ] ] } },
{ "type": "Feature", "properties": { "n": "Harold Street", "h": "col" }, "geometry": { "type": "LineString", "coordinates": [ [ -122.2171, 37.79793 ], [ -122.21572, 37.79758 ] ] } },
{ "type": "Feature", "properties": { "n": "MacArthur Boulevard", "h": "art" }, "geometry": { "type": "LineString", "coordinates": [ [ -122.21554, 37.8002 ], [ -122.21577, 37.80026 ] ] } },
{ "type": "Feature", "properties": { "n": "Park Street", "h": "col" }, "geometry": { "type": "LineString", "coordinates": [ [ -122.249, 37.75675 ], [ -122.24893, 37.75692 ] ] } },
{ "type": "Feature", "properties": { "n": "Willow Street", "h": "col" }, "geometry": { "type": "LineString", "coordinates": [ [ -122.25674, 37.75676 ], [ -122.25556, 37.75874 ] ] } },
{ "type": "Feature", "properties": { "n": "Willow Street", "h": "col" }, "geometry": { "type": "LineString", "coordinates": [ [ -122.25524, 37.75928 ], [ -122.25508, 37.75956 ] ] } },
{ "type": "Feature", "properties": { "n": "Shore Line Drive", "h": "col" }, "geometry": { "type": "LineString", "coordinates": [ [ -122.26094, 37.75832 ], [ -122.25674, 37.75676 ] ] } },
{ "type": "Feature", "properties": { "n": "Otis Drive", "h": "art" }, "geometry": { "type": "LineString", "coordinates": [ [ -122.26205, 37.76301 ], [ -122.26722, 37.76494 ] ] } },
{ "type": "Feature", "properties": { "n": "Doolittle Drive", "h": "col" }, "geometry": { "type": "LineString", "coordinates": [ [ -122.17567, 37.69793 ], [ -122.1751, 37.69706 ] ] } },
{ "type": "Feature", "properties": { "n": "Doolittle Drive", "h": "col" }, "geometry": { "type": "LineString", "coordinates": [ [ -122.17342, 37.69451 ], [ -122.17379, 37.69527 ] ] } },
{ "type": "Feature", "properties": { "n": "Doolittle Drive", "h": "col" }, "geometry": { "type": "LineString", "coordinates": [ [ -122.1742, 37.69591 ], [ -122.17498, 37.69708 ] ] } },
{ "type": "Feature", "properties": { "n": "Fairway Drive", "h": "col" }, "geometry": { "type": "LineString", "coordinates": [ [ -122.17806, 37.69936 ], [ -122.18197, 37.69774 ] ] } },
{ "type": "Feature", "properties": { "n": "Marina Boulevard", "h": "col" }, "geometry": { "type": "LineString", "coordinates": [ [ -122.18658, 37.70218 ], [ -122.18836, 37.70144 ] ] } },
{ "type": "Feature", "properties": { "n": "Williams Street", "h": "col" }, "geometry": { "type": "LineString", "coordinates": [ [ -122.18945, 37.7053 ], [ -122.19005, 37.70505 ] ] } },
{ "type": "Feature", "properties": { "n": "Farnsworth Street", "h": "col" }, "geometry": { "type": "LineString", "coordinates": [ [ -122.15117, 37.68747 ], [ -122.15113, 37.6859 ] ] } },
{ "type": "Feature", "properties": { "n": "Heyer Avenue", "h": "col" }, "geometry": { "type": "LineString", "coordinates": [ [ -122.06579, 37.7043 ], [ -122.06545, 37.70427 ] ] } },
{ "type": "Feature", "properties": { "n": "Ruus Road", "h": "col" }, "geometry": { "type": "LineString", "coordinates": [ [ -122.06595, 37.62543 ], [ -122.0654, 37.62422 ] ] } },
{ "type": "Feature", "properties": { "n": "Tampa Avenue", "h": "col" }, "geometry": { "type": "LineString", "coordinates": [ [ -122.07523, 37.62441 ], [ -122.0758, 37.63124 ] ] } },
{ "type": "Feature", "properties": { "n": "Gomer Street", "h": "col" }, "geometry": { "type": "LineString", "coordinates": [ [ -122.07855, 37.63601 ], [ -122.07955, 37.63596 ] ] } },
{ "type": "Feature", "properties": { "n": "West A Street", "h": "art" }, "geometry": { "type": "LineString", "coordinates": [ [ -122.10341, 37.66639 ], [ -122.10317, 37.66636 ] ] } },
{ "type": "Feature", "properties": { "n": "Hathaway Avenue", "h": "art" }, "geometry": { "type": "LineString", "coordinates": [ [ -122.10355, 37.66653 ], [ -122.10341, 37.66639 ] ] } },
{ "type": "Feature", "properties": { "n": "Bond Street", "h": "col" }, "geometry": { "type": "LineString", "coordinates": [ [ -122.2093, 37.77251 ], [ -122.21012, 37.77292 ] ] } },
{ "type": "Feature", "properties": { "n": "International Boulevard", "h": "art" }, "geometry": { "type": "LineString", "coordinates": [ [ -122.1795, 37.75565 ], [ -122.18021, 37.75596 ] ] } },
{ "type": "Feature", "properties": { "n": "San Leandro Street", "h": "art" }, "geometry": { "type": "LineString", "coordinates": [ [ -122.19666, 37.75311 ], [ -122.19637, 37.75285 ] ] } },
{ "type": "Feature", "properties": { "n": "San Leandro Street", "h": "art" }, "geometry": { "type": "LineString", "coordinates": [ [ -122.19534, 37.7522 ], [ -122.19583, 37.7526 ] ] } },
{ "type": "Feature", "properties": { "n": "75th Avenue", "h": "art" }, "geometry": { "type": "LineString", "coordinates": [ [ -122.19543, 37.75209 ], [ -122.19534, 37.7522 ] ] } },
{ "type": "Feature", "properties": { "n": "Schafer Road", "h": "col" }, "geometry": { "type": "LineString", "coordinates": [ [ -122.07273, 37.64186 ], [ -122.07332, 37.64143 ] ] } },
{ "type": "Feature", "properties": { "n": "Hegenberger Road", "h": "art" }, "geometry": { "type": "LineString", "coordinates": [ [ -122.19015, 37.75626 ], [ -122.1884, 37.75741 ] ] } },
{ "type": "Feature", "properties": { "n": "Hegenberger Road", "h": "art" }, "geometry": { "type": "LineString", "coordinates": [ [ -122.193, 37.75476 ], [ -122.19466, 37.7536 ] ] } },
{ "type": "Feature", "properties": { "n": "Airport Access Road", "h": "art" }, "geometry": { "type": "LineString", "coordinates": [ [ -122.19947, 37.72554 ], [ -122.19936, 37.72566 ] ] } },
{ "type": "Feature", "properties": { "n": "Hassler Way", "h": "col" }, "geometry": { "type": "LineString", "coordinates": [ [ -122.20692, 37.74636 ], [ -122.20714, 37.74625 ] ] } },
{ "type": "Feature", "properties": { "n": "66th Avenue", "h": "col" }, "geometry": { "type": "LineString", "coordinates": [ [ -122.20416, 37.75556 ], [ -122.20304, 37.75592 ] ] } },
{ "type": "Feature", "properties": { "n": "Hesperian Boulevard", "h": "art" }, "geometry": { "type": "LineString", "coordinates": [ [ -122.11801, 37.66568 ], [ -122.11809, 37.66581 ] ] } },
{ "type": "Feature", "properties": { "n": "International Boulevard", "h": "art" }, "geometry": { "type": "LineString", "coordinates": [ [ -122.17957, 37.75555 ], [ -122.17921, 37.75539 ] ] } },
{ "type": "Feature", "properties": { "n": "San Leandro Street", "h": "art" }, "geometry": { "type": "LineString", "coordinates": [ [ -122.19699, 37.75339 ], [ -122.19666, 37.75311 ] ] } },
{ "type": "Feature", "properties": { "n": "San Leandro Street", "h": "art" }, "geometry": { "type": "LineString", "coordinates": [ [ -122.19656, 37.75317 ], [ -122.19684, 37.7534 ] ] } },
{ "type": "Feature", "properties": { "n": "Baumberg Avenue", "h": "col" }, "geometry": { "type": "LineString", "coordinates": [ [ -122.09992, 37.62042 ], [ -122.10039, 37.62005 ] ] } },
{ "type": "Feature", "properties": { "n": "Arden Road", "h": "col" }, "geometry": { "type": "LineString", "coordinates": [ [ -122.11205, 37.62151 ], [ -122.11717, 37.62313 ], [ -122.12059, 37.62337 ], [ -122.12092, 37.62335 ], [ -122.12128, 37.62324 ], [ -122.12169, 37.62303 ], [ -122.12215, 37.62287 ], [ -122.12267, 37.6229 ] ] } },
{ "type": "Feature", "properties": { "n": "Kato Road", "h": "col" }, "geometry": { "type": "LineString", "coordinates": [ [ -121.93144, 37.47508 ], [ -121.93334, 37.47891 ] ] } },
{ "type": "Feature", "properties": { "n": "Cushing Parkway", "h": "art" }, "geometry": { "type": "LineString", "coordinates": [ [ -121.95157, 37.49015 ], [ -121.95239, 37.48996 ] ] } },
{ "type": "Feature", "properties": { "n": "Cushing Parkway", "h": "art" }, "geometry": { "type": "LineString", "coordinates": [ [ -121.94876, 37.49065 ], [ -121.94937, 37.49055 ] ] } },
{ "type": "Feature", "properties": { "n": "Fremont Boulevard", "h": "art" }, "geometry": { "type": "LineString", "coordinates": [ [ -121.95154, 37.5127 ], [ -121.95135, 37.5124 ] ] } },
{ "type": "Feature", "properties": { "n": "Hegenberger Road", "h": "art" }, "geometry": { "type": "LineString", "coordinates": [ [ -122.19697, 37.73692 ], [ -122.19703, 37.73655 ] ] } },
{ "type": "Feature", "properties": { "n": "Hegenberger Road", "h": "art" }, "geometry": { "type": "LineString", "coordinates": [ [ -122.19686, 37.73649 ], [ -122.19677, 37.73697 ] ] } },
{ "type": "Feature", "properties": { "n": "Doolittle Drive", "h": "art" }, "geometry": { "type": "LineString", "coordinates": [ [ -122.20155, 37.72654 ], [ -122.20172, 37.7266 ] ] } },
{ "type": "Feature", "properties": { "n": "Lakeshore Avenue", "h": "col" }, "geometry": { "type": "LineString", "coordinates": [ [ -122.24272, 37.81126 ], [ -122.24256, 37.81136 ] ] } },
{ "type": "Feature", "properties": { "n": "Maitland Drive", "h": "col" }, "geometry": { "type": "LineString", "coordinates": [ [ -122.23823, 37.7387 ], [ -122.23848, 37.73874 ] ] } },
{ "type": "Feature", "properties": { "n": "Hegenberger Road", "h": "art" }, "geometry": { "type": "LineString", "coordinates": [ [ -122.19625, 37.74897 ], [ -122.19636, 37.74971 ] ] } },
{ "type": "Feature", "properties": { "n": "Hegenberger Road", "h": "art" }, "geometry": { "type": "LineString", "coordinates": [ [ -122.19657, 37.74985 ], [ -122.19645, 37.74899 ] ] } },
{ "type": "Feature", "properties": { "n": "Otis Drive", "h": "art" }, "geometry": { "type": "LineString", "coordinates": [ [ -122.23823, 37.75145 ], [ -122.23854, 37.75158 ] ] } },
{ "type": "Feature", "properties": { "n": "Broadway", "h": "art" }, "geometry": { "type": "LineString", "coordinates": [ [ -122.2447, 37.7558 ], [ -122.24446, 37.75609 ] ] } },
{ "type": "Feature", "properties": { "n": "Broadway", "h": "col" }, "geometry": { "type": "LineString", "coordinates": [ [ -122.24604, 37.75408 ], [ -122.24589, 37.75426 ] ] } },
{ "type": "Feature", "properties": { "n": "Otis Drive", "h": "art" }, "geometry": { "type": "LineString", "coordinates": [ [ -122.25216, 37.7598 ], [ -122.25248, 37.75998 ] ] } },
{ "type": "Feature", "properties": { "n": "Grand Street", "h": "col" }, "geometry": { "type": "LineString", "coordinates": [ [ -122.26253, 37.76221 ], [ -122.26205, 37.76301 ] ] } },
{ "type": "Feature", "properties": { "n": "Wilma Chan Way", "h": "art" }, "geometry": { "type": "LineString", "coordinates": [ [ -122.27455, 37.77867 ], [ -122.27462, 37.77928 ] ] } },
{ "type": "Feature", "properties": { "n": "Strobridge Avenue", "h": "col" }, "geometry": { "type": "LineString", "coordinates": [ [ -122.08546, 37.69007 ], [ -122.08283, 37.69021 ] ] } },
{ "type": "Feature", "properties": { "n": "Patterson Pass Road", "h": "art" }, "geometry": { "type": "LineString", "coordinates": [ [ -121.71264, 37.6958 ], [ -121.71139, 37.6958 ] ] } },
{ "type": "Feature", "properties": { "n": "Patterson Pass Road", "h": "art" }, "geometry": { "type": "LineString", "coordinates": [ [ -121.70897, 37.69591 ], [ -121.71048, 37.69592 ] ] } },
{ "type": "Feature", "properties": { "n": "Patterson Pass Road", "h": "art" }, "geometry": { "type": "LineString", "coordinates": [ [ -121.70985, 37.6958 ], [ -121.70731, 37.69579 ] ] } },
{ "type": "Feature", "properties": { "n": "Lake Chabot Road", "h": "art" }, "geometry": { "type": "LineString", "coordinates": [ [ -122.08791, 37.70046 ], [ -122.08783, 37.70018 ] ] } },
{ "type": "Feature", "properties": { "n": "Lake Chabot Road", "h": "art" }, "geometry": { "type": "LineString", "coordinates": [ [ -122.08791, 37.70046 ], [ -122.08786, 37.70052 ], [ -122.08795, 37.7008 ] ] } },
{ "type": "Feature", "properties": { "n": "Lake Chabot Road", "h": "art" }, "geometry": { "type": "LineString", "coordinates": [ [ -122.08806, 37.7012 ], [ -122.08821, 37.70168 ] ] } },
{ "type": "Feature", "properties": { "n": "East 12th Street", "h": "art" }, "geometry": { "type": "LineString", "coordinates": [ [ -122.2284, 37.77704 ], [ -122.22784, 37.7767 ] ] } },
{ "type": "Feature", "properties": { "n": "27th Street", "h": "col" }, "geometry": { "type": "LineString", "coordinates": [ [ -122.26177, 37.81294 ], [ -122.26161, 37.81279 ] ] } },
{ "type": "Feature", "properties": { "n": "Harrison Street", "h": "col" }, "geometry": { "type": "LineString", "coordinates": [ [ -122.2617, 37.81265 ], [ -122.26222, 37.81146 ] ] } },
{ "type": "Feature", "properties": { "n": "Webster Street", "h": "art" }, "geometry": { "type": "LineString", "coordinates": [ [ -122.27824, 37.7881 ], [ -122.27841, 37.78757 ], [ -122.27846, 37.7871 ], [ -122.27839, 37.78658 ], [ -122.27817, 37.78602 ] ] } },
{ "type": "Feature", "properties": { "n": "Dublin Boulevard", "h": "art" }, "geometry": { "type": "LineString", "coordinates": [ [ -121.9256, 37.70547 ], [ -121.9263, 37.70525 ] ] } },
{ "type": "Feature", "properties": { "n": "Dublin Boulevard", "h": "art" }, "geometry": { "type": "LineString", "coordinates": [ [ -121.92504, 37.70549 ], [ -121.92481, 37.70557 ] ] } },
{ "type": "Feature", "properties": { "n": "CA 84", "h": "fwy" }, "geometry": { "type": "LineString", "coordinates": [ [ -121.80549, 37.65247 ], [ -121.80548, 37.65359 ] ] } },
{ "type": "Feature", "properties": { "n": "Niles Canyon Road", "h": "art" }, "geometry": { "type": "LineString", "coordinates": [ [ -121.8845, 37.59266 ], [ -121.88406, 37.59271 ] ] } },
{ "type": "Feature", "properties": { "n": "Fremont Boulevard", "h": "art" }, "geometry": { "type": "LineString", "coordinates": [ [ -121.92868, 37.46187 ], [ -121.92649, 37.45915 ], [ -121.92622, 37.45837 ], [ -121.92629, 37.4575 ] ] } },
{ "type": "Feature", "properties": { "n": "Harrison Street", "h": "col" }, "geometry": { "type": "LineString", "coordinates": [ [ -122.26222, 37.81146 ], [ -122.26239, 37.81105 ] ] } },
{ "type": "Feature", "properties": { "n": "Grant Avenue", "h": "art" }, "geometry": { "type": "LineString", "coordinates": [ [ -122.15658, 37.67009 ], [ -122.15745, 37.66949 ] ] } },
{ "type": "Feature", "properties": { "n": "Wicks Boulevard", "h": "col" }, "geometry": { "type": "LineString", "coordinates": [ [ -122.16336, 37.69395 ], [ -122.16333, 37.69372 ] ] } },
{ "type": "Feature", "properties": { "n": "Farallon Drive", "h": "col" }, "geometry": { "type": "LineString", "coordinates": [ [ -122.16403, 37.69315 ], [ -122.16564, 37.69275 ] ] } },
{ "type": "Feature", "properties": { "n": "Farallon Drive", "h": "col" }, "geometry": { "type": "LineString", "coordinates": [ [ -122.16403, 37.69315 ], [ -122.16383, 37.6932 ] ] } },
{ "type": "Feature", "properties": { "n": "CA 92", "h": "fwy" }, "geometry": { "type": "LineString", "coordinates": [ [ -122.14905, 37.6189 ], [ -122.15053, 37.61867 ] ] } },
{ "type": "Feature", "properties": { "n": "82nd Avenue", "h": "col" }, "geometry": { "type": "LineString", "coordinates": [ [ -122.17403, 37.75833 ], [ -122.17372, 37.75848 ] ] } },
{ "type": "Feature", "properties": { "n": "82nd Avenue", "h": "col" }, "geometry": { "type": "LineString", "coordinates": [ [ -122.17372, 37.75848 ], [ -122.16777, 37.76134 ] ] } },
{ "type": "Feature", "properties": { "n": "Fruitvale Avenue", "h": "art" }, "geometry": { "type": "LineString", "coordinates": [ [ -122.22977, 37.76964 ], [ -122.22991, 37.76948 ] ] } },
{ "type": "Feature", "properties": { "n": "Fruitvale Avenue", "h": "art" }, "geometry": { "type": "LineString", "coordinates": [ [ -122.22937, 37.77005 ], [ -122.22977, 37.76964 ] ] } },
{ "type": "Feature", "properties": { "n": "Alameda Avenue", "h": "col" }, "geometry": { "type": "LineString", "coordinates": [ [ -122.22942, 37.76946 ], [ -122.22965, 37.76962 ] ] } },
{ "type": "Feature", "properties": { "n": "Alameda Avenue", "h": "col" }, "geometry": { "type": "LineString", "coordinates": [ [ -122.22972, 37.76955 ], [ -122.22942, 37.76939 ] ] } },
{ "type": "Feature", "properties": { "n": "Fremont Boulevard", "h": "art" }, "geometry": { "type": "LineString", "coordinates": [ [ -121.9481, 37.49472 ], [ -121.94814, 37.49509 ] ] } },
{ "type": "Feature", "properties": { "n": "Farallon Drive", "h": "col" }, "geometry": { "type": "LineString", "coordinates": [ [ -122.16768, 37.69315 ], [ -122.16803, 37.69364 ], [ -122.16844, 37.69389 ] ] } },
{ "type": "Feature", "properties": { "n": "Farallon Drive", "h": "col" }, "geometry": { "type": "LineString", "coordinates": [ [ -122.16646, 37.69255 ], [ -122.16682, 37.69255 ], [ -122.16714, 37.69263 ], [ -122.16741, 37.6928 ], [ -122.16768, 37.69315 ] ] } },
{ "type": "Feature", "properties": { "n": "Farallon Drive", "h": "col" }, "geometry": { "type": "LineString", "coordinates": [ [ -122.16844, 37.69389 ], [ -122.16885, 37.69393 ] ] } },
{ "type": "Feature", "properties": { "n": "Doolittle Drive", "h": "art" }, "geometry": { "type": "LineString", "coordinates": [ [ -122.1842, 37.71096 ], [ -122.18433, 37.71116 ] ] } },
{ "type": "Feature", "properties": { "n": "Marina Boulevard", "h": "col" }, "geometry": { "type": "LineString", "coordinates": [ [ -122.18836, 37.70144 ], [ -122.18872, 37.70129 ] ] } },
{ "type": "Feature", "properties": { "n": "I 80", "h": "fwy" }, "geometry": { "type": "LineString", "coordinates": [ [ -122.30901, 37.89755 ], [ -122.30909, 37.89775 ] ] } },
{ "type": "Feature", "properties": { "n": "I 80", "h": "fwy" }, "geometry": { "type": "LineString", "coordinates": [ [ -122.30928, 37.89773 ], [ -122.30919, 37.89749 ] ] } },
{ "type": "Feature", "properties": { "n": "International Boulevard", "h": "art" }, "geometry": { "type": "LineString", "coordinates": [ [ -122.17851, 37.75502 ], [ -122.17829, 37.75476 ] ] } },
{ "type": "Feature", "properties": { "n": "Bancroft Avenue", "h": "art" }, "geometry": { "type": "LineString", "coordinates": [ [ -122.17039, 37.76008 ], [ -122.17058, 37.76034 ] ] } },
{ "type": "Feature", "properties": { "n": "Bancroft Avenue", "h": "art" }, "geometry": { "type": "LineString", "coordinates": [ [ -122.17019, 37.7598 ], [ -122.17039, 37.76008 ] ] } },
{ "type": "Feature", "properties": { "n": "Manor Boulevard", "h": "col" }, "geometry": { "type": "LineString", "coordinates": [ [ -122.14865, 37.69136 ], [ -122.14886, 37.69136 ] ] } },
{ "type": "Feature", "properties": { "n": "Manor Boulevard", "h": "col" }, "geometry": { "type": "LineString", "coordinates": [ [ -122.14133, 37.69157 ], [ -122.14471, 37.69146 ] ] } },
{ "type": "Feature", "properties": { "n": "98th Avenue", "h": "art" }, "geometry": { "type": "LineString", "coordinates": [ [ -122.15206, 37.75414 ], [ -122.15224, 37.75407 ] ] } },
{ "type": "Feature", "properties": { "n": "Golf Links Road", "h": "art" }, "geometry": { "type": "LineString", "coordinates": [ [ -122.15189, 37.75395 ], [ -122.15167, 37.75384 ] ] } },
{ "type": "Feature", "properties": { "n": "Fruitvale Avenue", "h": "art" }, "geometry": { "type": "LineString", "coordinates": [ [ -122.21617, 37.80036 ], [ -122.21628, 37.80008 ] ] } },
{ "type": "Feature", "properties": { "n": "Fruitvale Avenue", "h": "art" }, "geometry": { "type": "LineString", "coordinates": [ [ -122.22688, 37.7756 ], [ -122.22675, 37.77585 ] ] } },
{ "type": "Feature", "properties": { "n": "San Leandro Street", "h": "art" }, "geometry": { "type": "LineString", "coordinates": [ [ -122.19757, 37.75391 ], [ -122.19699, 37.75339 ] ] } },
{ "type": "Feature", "properties": { "n": "Shore Line Drive", "h": "col" }, "geometry": { "type": "LineString", "coordinates": [ [ -122.26412, 37.75949 ], [ -122.26335, 37.75922 ] ] } },
{ "type": "Feature", "properties": { "n": "Grand Street", "h": "col" }, "geometry": { "type": "LineString", "coordinates": [ [ -122.26412, 37.75949 ], [ -122.26375, 37.76012 ] ] } },
{ "type": "Feature", "properties": { "n": "Manor Boulevard", "h": "col" }, "geometry": { "type": "LineString", "coordinates": [ [ -122.14471, 37.69146 ], [ -122.1479, 37.69138 ] ] } },
{ "type": "Feature", "properties": { "n": "Powell Street", "h": "col" }, "geometry": { "type": "LineString", "coordinates": [ [ -122.31409, 37.83755 ], [ -122.31421, 37.83768 ] ] } },
{ "type": "Feature", "properties": { "n": "Powell Street", "h": "col" }, "geometry": { "type": "LineString", "coordinates": [ [ -122.31021, 37.83709 ], [ -122.31039, 37.83709 ] ] } },
{ "type": "Feature", "properties": { "n": "Powell Street", "h": "col" }, "geometry": { "type": "LineString", "coordinates": [ [ -122.31142, 37.83709 ], [ -122.31177, 37.8371 ] ] } },
{ "type": "Feature", "properties": { "n": "Powell Street", "h": "col" }, "geometry": { "type": "LineString", "coordinates": [ [ -122.31272, 37.83717 ], [ -122.31313, 37.83716 ] ] } },
{ "type": "Feature", "properties": { "n": "Gading Road", "h": "col" }, "geometry": { "type": "LineString", "coordinates": [ [ -122.08092, 37.64022 ], [ -122.08123, 37.64006 ], [ -122.08123, 37.63961 ] ] } },
{ "type": "Feature", "properties": { "n": "Silva Avenue", "h": "col" }, "geometry": { "type": "LineString", "coordinates": [ [ -122.08313, 37.66441 ], [ -122.08291, 37.66437 ] ] } },
{ "type": "Feature", "properties": { "n": "I 880", "h": "fwy" }, "geometry": { "type": "LineString", "coordinates": [ [ -122.14164, 37.69334 ], [ -122.14202, 37.69361 ] ] } },
{ "type": "Feature", "properties": { "n": "I 880", "h": "fwy" }, "geometry": { "type": "LineString", "coordinates": [ [ -122.12397, 37.68116 ], [ -122.12416, 37.68129 ] ] } },
{ "type": "Feature", "properties": { "n": "Springlake Drive", "h": "col" }, "geometry": { "type": "LineString", "coordinates": [ [ -122.13793, 37.69376 ], [ -122.13822, 37.69377 ] ] } },
{ "type": "Feature", "properties": { "n": "Hathaway Avenue", "h": "col" }, "geometry": { "type": "LineString", "coordinates": [ [ -122.1088, 37.67129 ], [ -122.10678, 37.66954 ] ] } },
{ "type": "Feature", "properties": { "n": "Paseo Grande", "h": "col" }, "geometry": { "type": "LineString", "coordinates": [ [ -122.12567, 37.67986 ], [ -122.12604, 37.67968 ] ] } },
{ "type": "Feature", "properties": { "n": "Lewelling Boulevard", "h": "art" }, "geometry": { "type": "LineString", "coordinates": [ [ -122.14422, 37.68446 ], [ -122.14455, 37.6843 ] ] } },
{ "type": "Feature", "properties": { "n": "Mission Boulevard", "h": "art" }, "geometry": { "type": "LineString", "coordinates": [ [ -122.08347, 37.67155 ], [ -122.08299, 37.67105 ] ] } },
{ "type": "Feature", "properties": { "n": "Atlantic Avenue", "h": "col" }, "geometry": { "type": "LineString", "coordinates": [ [ -122.27491, 37.77987 ], [ -122.27561, 37.7798 ] ] } },
{ "type": "Feature", "properties": { "n": "Atlantic Avenue", "h": "col" }, "geometry": { "type": "LineString", "coordinates": [ [ -122.27417, 37.77994 ], [ -122.27475, 37.77988 ] ] } },
{ "type": "Feature", "properties": { "n": "Hampton Road", "h": "col" }, "geometry": { "type": "LineString", "coordinates": [ [ -122.11223, 37.68386 ], [ -122.11176, 37.68389 ] ] } },
{ "type": "Feature", "properties": { "n": "Hampton Road", "h": "col" }, "geometry": { "type": "LineString", "coordinates": [ [ -122.11176, 37.68389 ], [ -122.11126, 37.68392 ], [ -122.11022, 37.68387 ] ] } },
{ "type": "Feature", "properties": { "n": "Hampton Road", "h": "col" }, "geometry": { "type": "LineString", "coordinates": [ [ -122.11014, 37.68387 ], [ -122.10971, 37.68385 ], [ -122.10929, 37.68391 ] ] } },
{ "type": "Feature", "properties": { "n": "Hesperian Boulevard", "h": "art" }, "geometry": { "type": "LineString", "coordinates": [ [ -122.0884, 37.61713 ], [ -122.08825, 37.61689 ] ] } },
{ "type": "Feature", "properties": { "n": "CA 84", "h": "fwy" }, "geometry": { "type": "LineString", "coordinates": [ [ -122.07236, 37.53658 ], [ -122.07084, 37.53761 ] ] } },
{ "type": "Feature", "properties": { "n": "West Tennyson Road", "h": "art" }, "geometry": { "type": "LineString", "coordinates": [ [ -122.07295, 37.63133 ], [ -122.07246, 37.63137 ] ] } },
{ "type": "Feature", "properties": { "n": "Industrial Boulevard", "h": "art" }, "geometry": { "type": "LineString", "coordinates": [ [ -122.0931, 37.61678 ], [ -122.09236, 37.61658 ] ] } },
{ "type": "Feature", "properties": { "n": "I 880", "h": "fwy" }, "geometry": { "type": "LineString", "coordinates": [ [ -122.25202, 37.78884 ], [ -122.25296, 37.78907 ] ] } },
{ "type": "Feature", "properties": { "n": "Santa Clara Street", "h": "art" }, "geometry": { "type": "LineString", "coordinates": [ [ -122.10226, 37.6649 ], [ -122.10228, 37.66455 ] ] } },
{ "type": "Feature", "properties": { "n": "Santa Clara Street", "h": "art" }, "geometry": { "type": "LineString", "coordinates": [ [ -122.10228, 37.66455 ], [ -122.10219, 37.66334 ] ] } },
{ "type": "Feature", "properties": { "n": "Santa Clara Street", "h": "art" }, "geometry": { "type": "LineString", "coordinates": [ [ -122.10219, 37.66334 ], [ -122.10219, 37.66307 ] ] } },
{ "type": "Feature", "properties": { "n": "Lake Chabot Road", "h": "art" }, "geometry": { "type": "LineString", "coordinates": [ [ -122.08676, 37.69461 ], [ -122.08664, 37.6943 ] ] } },
{ "type": "Feature", "properties": { "n": "Hesperian Boulevard", "h": "art" }, "geometry": { "type": "LineString", "coordinates": [ [ -122.0853, 37.61207 ], [ -122.08506, 37.61169 ] ] } },
{ "type": "Feature", "properties": { "n": "Valley Avenue", "h": "col" }, "geometry": { "type": "LineString", "coordinates": [ [ -121.89388, 37.65362 ], [ -121.89403, 37.65353 ] ] } },
{ "type": "Feature", "properties": { "n": "Valley Avenue", "h": "col" }, "geometry": { "type": "LineString", "coordinates": [ [ -121.89372, 37.6535 ], [ -121.89377, 37.65359 ], [ -121.89388, 37.65362 ] ] } },
{ "type": "Feature", "properties": { "n": "Valley Avenue", "h": "col" }, "geometry": { "type": "LineString", "coordinates": [ [ -121.89387, 37.65338 ], [ -121.89376, 37.65341 ], [ -121.89372, 37.6535 ] ] } },
{ "type": "Feature", "properties": { "n": "Gibraltar Drive", "h": "col" }, "geometry": { "type": "LineString", "coordinates": [ [ -121.90349, 37.6959 ], [ -121.90309, 37.69589 ] ] } },
{ "type": "Feature", "properties": { "n": "Hopyard Road", "h": "art" }, "geometry": { "type": "LineString", "coordinates": [ [ -121.90349, 37.69565 ], [ -121.90349, 37.6959 ] ] } },
{ "type": "Feature", "properties": { "n": "Hopyard Road", "h": "art" }, "geometry": { "type": "LineString", "coordinates": [ [ -121.90411, 37.69843 ], [ -121.90429, 37.69865 ] ] } },
{ "type": "Feature", "properties": { "n": "Owens Drive", "h": "col" }, "geometry": { "type": "LineString", "coordinates": [ [ -121.90429, 37.69865 ], [ -121.90401, 37.69879 ] ] } },
{ "type": "Feature", "properties": { "n": "Valley Avenue", "h": "art" }, "geometry": { "type": "LineString", "coordinates": [ [ -121.89706, 37.67601 ], [ -121.89717, 37.67591 ] ] } },
{ "type": "Feature", "properties": { "n": "Valley Avenue", "h": "art" }, "geometry": { "type": "LineString", "coordinates": [ [ -121.89705, 37.67584 ], [ -121.89694, 37.67594 ] ] } },
{ "type": "Feature", "properties": { "n": "Hopyard Road", "h": "art" }, "geometry": { "type": "LineString", "coordinates": [ [ -121.89579, 37.67516 ], [ -121.89657, 37.67563 ] ] } },
{ "type": "Feature", "properties": { "n": "Hopyard Road", "h": "art" }, "geometry": { "type": "LineString", "coordinates": [ [ -121.89657, 37.67563 ], [ -121.89673, 37.6758 ] ] } },
{ "type": "Feature", "properties": { "n": "Hopyard Road", "h": "art" }, "geometry": { "type": "LineString", "coordinates": [ [ -121.89685, 37.67571 ], [ -121.89657, 37.67563 ] ] } },
{ "type": "Feature", "properties": { "n": "Valley Avenue", "h": "col" }, "geometry": { "type": "LineString", "coordinates": [ [ -121.89109, 37.65196 ], [ -121.89058, 37.65172 ] ] } },
{ "type": "Feature", "properties": { "n": "Valley Avenue", "h": "col" }, "geometry": { "type": "LineString", "coordinates": [ [ -121.88974, 37.65151 ], [ -121.89026, 37.65177 ] ] } },
{ "type": "Feature", "properties": { "n": "Valley Avenue", "h": "col" }, "geometry": { "type": "LineString", "coordinates": [ [ -121.89051, 37.65186 ], [ -121.89109, 37.65196 ] ] } },
{ "type": "Feature", "properties": { "n": "Valley Avenue", "h": "col" }, "geometry": { "type": "LineString", "coordinates": [ [ -121.89033, 37.65164 ], [ -121.88974, 37.65151 ] ] } },
{ "type": "Feature", "properties": { "n": "Laguna Creek Lane", "h": "col" }, "geometry": { "type": "LineString", "coordinates": [ [ -121.89062, 37.65134 ], [ -121.89037, 37.65162 ] ] } },
{ "type": "Feature", "properties": { "n": "Laguna Creek Lane", "h": "col" }, "geometry": { "type": "LineString", "coordinates": [ [ -121.89057, 37.6517 ], [ -121.89062, 37.65134 ] ] } },
{ "type": "Feature", "properties": { "n": "Dublin Boulevard", "h": "art" }, "geometry": { "type": "LineString", "coordinates": [ [ -121.91186, 37.70377 ], [ -121.9113, 37.70393 ] ] } },
{ "type": "Feature", "properties": { "n": "Dougherty Road", "h": "art" }, "geometry": { "type": "LineString", "coordinates": [ [ -121.9095, 37.70486 ], [ -121.90963, 37.70502 ] ] } },
{ "type": "Feature", "properties": { "n": "Hopyard Road", "h": "art" }, "geometry": { "type": "LineString", "coordinates": [ [ -121.90582, 37.70048 ], [ -121.90649, 37.70129 ] ] } },
{ "type": "Feature", "properties": { "n": "Owens Drive", "h": "col" }, "geometry": { "type": "LineString", "coordinates": [ [ -121.90438, 37.69875 ], [ -121.90455, 37.69868 ] ] } },
{ "type": "Feature", "properties": { "n": "West Las Positas Boulevard", "h": "art" }, "geometry": { "type": "LineString", "coordinates": [ [ -121.90383, 37.68189 ], [ -121.90404, 37.68189 ] ] } },
{ "type": "Feature", "properties": { "n": "Hacienda Drive", "h": "art" }, "geometry": { "type": "LineString", "coordinates": [ [ -121.89458, 37.68502 ], [ -121.8944, 37.68491 ] ] } },
{ "type": "Feature", "properties": { "n": "Hacienda Drive", "h": "art" }, "geometry": { "type": "LineString", "coordinates": [ [ -121.89487, 37.69149 ], [ -121.89484, 37.69132 ] ] } },
{ "type": "Feature", "properties": { "n": "Stoneridge Drive", "h": "art" }, "geometry": { "type": "LineString", "coordinates": [ [ -121.89484, 37.69132 ], [ -121.89463, 37.69134 ] ] } },
{ "type": "Feature", "properties": { "n": "Hopyard Road", "h": "art" }, "geometry": { "type": "LineString", "coordinates": [ [ -121.9038, 37.6914 ], [ -121.90384, 37.68812 ] ] } },
{ "type": "Feature", "properties": { "n": "Hopyard Road", "h": "art" }, "geometry": { "type": "LineString", "coordinates": [ [ -121.90371, 37.6965 ], [ -121.90372, 37.69599 ] ] } },
{ "type": "Feature", "properties": { "n": "Hopyard Road", "h": "art" }, "geometry": { "type": "LineString", "coordinates": [ [ -121.90358, 37.69158 ], [ -121.90357, 37.69206 ] ] } },
{ "type": "Feature", "properties": { "n": "Stoneridge Drive", "h": "art" }, "geometry": { "type": "LineString", "coordinates": [ [ -121.90326, 37.69158 ], [ -121.90358, 37.69158 ] ] } },
{ "type": "Feature", "properties": { "n": "Stoneridge Drive", "h": "art" }, "geometry": { "type": "LineString", "coordinates": [ [ -121.89468, 37.6915 ], [ -121.89487, 37.69149 ] ] } },
{ "type": "Feature", "properties": { "n": "Dougherty Road", "h": "art" }, "geometry": { "type": "LineString", "coordinates": [ [ -121.9097, 37.70475 ], [ -121.90858, 37.70344 ] ] } },
{ "type": "Feature", "properties": { "n": "Dublin Boulevard", "h": "art" }, "geometry": { "type": "LineString", "coordinates": [ [ -121.9097, 37.70475 ], [ -121.9095, 37.70486 ] ] } },
{ "type": "Feature", "properties": { "n": "Dublin Boulevard", "h": "art" }, "geometry": { "type": "LineString", "coordinates": [ [ -121.90963, 37.70502 ], [ -121.90983, 37.70491 ] ] } },
{ "type": "Feature", "properties": { "n": "Grove Way", "h": "art" }, "geometry": { "type": "LineString", "coordinates": [ [ -122.08248, 37.68448 ], [ -122.08221, 37.68438 ], [ -122.08154, 37.68432 ] ] } },
{ "type": "Feature", "properties": { "n": "Decoto Road", "h": "art" }, "geometry": { "type": "LineString", "coordinates": [ [ -122.0158, 37.60234 ], [ -122.01633, 37.60192 ] ] } },
{ "type": "Feature", "properties": { "n": "Mission Boulevard", "h": "art" }, "geometry": { "type": "LineString", "coordinates": [ [ -122.01027, 37.59753 ], [ -122.01044, 37.59768 ] ] } },
{ "type": "Feature", "properties": { "n": "Mission Boulevard", "h": "art" }, "geometry": { "type": "LineString", "coordinates": [ [ -122.00961, 37.59695 ], [ -122.00985, 37.59717 ] ] } },
{ "type": "Feature", "properties": { "n": "Whipple Road", "h": "art" }, "geometry": { "type": "LineString", "coordinates": [ [ -122.02697, 37.60593 ], [ -122.02714, 37.60593 ] ] } },
{ "type": "Feature", "properties": { "n": "Royal Ann Drive", "h": "col" }, "geometry": { "type": "LineString", "coordinates": [ [ -122.02821, 37.58721 ], [ -122.02853, 37.58638 ], [ -122.02872, 37.58609 ] ] } },
{ "type": "Feature", "properties": { "n": "Stoneridge Drive", "h": "art" }, "geometry": { "type": "LineString", "coordinates": [ [ -121.85307, 37.69587 ], [ -121.85199, 37.69681 ], [ -121.85129, 37.69711 ] ] } },
{ "type": "Feature", "properties": { "n": "Stoneridge Drive", "h": "art" }, "geometry": { "type": "LineString", "coordinates": [ [ -121.85326, 37.69586 ], [ -121.85482, 37.69435 ] ] } },
{ "type": "Feature", "properties": { "n": "Island Drive", "h": "art" }, "geometry": { "type": "LineString", "coordinates": [ [ -122.23646, 37.74547 ], [ -122.23631, 37.74586 ] ] } },
{ "type": "Feature", "properties": { "n": "Robert Davey Junior Drive", "h": "art" }, "geometry": { "type": "LineString", "coordinates": [ [ -122.23937, 37.74405 ], [ -122.23964, 37.74424 ] ] } },
{ "type": "Feature", "properties": { "n": "San Leandro Street", "h": "art" }, "geometry": { "type": "LineString", "coordinates": [ [ -122.19775, 37.75421 ], [ -122.19857, 37.75495 ] ] } },
{ "type": "Feature", "properties": { "n": "Edgewater Drive", "h": "col" }, "geometry": { "type": "LineString", "coordinates": [ [ -122.2034, 37.74199 ], [ -122.20098, 37.73924 ] ] } },
{ "type": "Feature", "properties": { "n": "Edgewater Drive", "h": "col" }, "geometry": { "type": "LineString", "coordinates": [ [ -122.20387, 37.74253 ], [ -122.20357, 37.74218 ] ] } },
{ "type": "Feature", "properties": { "n": "Hegenberger Road", "h": "art" }, "geometry": { "type": "LineString", "coordinates": [ [ -122.19603, 37.74766 ], [ -122.19614, 37.74827 ] ] } },
{ "type": "Feature", "properties": { "n": "Fremont Boulevard", "h": "art" }, "geometry": { "type": "LineString", "coordinates": [ [ -121.95905, 37.53246 ], [ -121.9591, 37.53288 ] ] } },
{ "type": "Feature", "properties": { "n": "Washington Boulevard", "h": "art" }, "geometry": { "type": "LineString", "coordinates": [ [ -121.95865, 37.53278 ], [ -121.95899, 37.53288 ] ] } },
{ "type": "Feature", "properties": { "n": "Willow Street", "h": "col" }, "geometry": { "type": "LineString", "coordinates": [ [ -122.04825, 37.51874 ], [ -122.0481, 37.51846 ] ] } },
{ "type": "Feature", "properties": { "n": "Willow Street", "h": "col" }, "geometry": { "type": "LineString", "coordinates": [ [ -122.04806, 37.51856 ], [ -122.04819, 37.51879 ] ] } },
{ "type": "Feature", "properties": { "n": "Haley Street", "h": "col" }, "geometry": { "type": "LineString", "coordinates": [ [ -122.05358, 37.54147 ], [ -122.05213, 37.54141 ] ] } },
{ "type": "Feature", "properties": { "n": "Schafer Road", "h": "col" }, "geometry": { "type": "LineString", "coordinates": [ [ -122.07247, 37.64204 ], [ -122.07273, 37.64186 ] ] } },
{ "type": "Feature", "properties": { "n": "Huntwood Avenue", "h": "col" }, "geometry": { "type": "LineString", "coordinates": [ [ -122.07247, 37.64204 ], [ -122.07272, 37.64224 ] ] } },
{ "type": "Feature", "properties": { "n": "Dumbarton Circle", "h": "col" }, "geometry": { "type": "LineString", "coordinates": [ [ -122.06657, 37.54513 ], [ -122.06757, 37.5449 ] ] } },
{ "type": "Feature", "properties": { "n": "Dumbarton Circle", "h": "col" }, "geometry": { "type": "LineString", "coordinates": [ [ -122.06757, 37.5449 ], [ -122.06873, 37.54462 ] ] } },
{ "type": "Feature", "properties": { "n": "Dumbarton Circle", "h": "col" }, "geometry": { "type": "LineString", "coordinates": [ [ -122.06873, 37.54462 ], [ -122.06932, 37.54447 ], [ -122.06944, 37.54435 ] ] } },
{ "type": "Feature", "properties": { "n": "Paseo Padre Parkway", "h": "art" }, "geometry": { "type": "LineString", "coordinates": [ [ -122.06941, 37.54473 ], [ -122.06949, 37.54499 ] ] } },
{ "type": "Feature", "properties": { "n": "Paseo Padre Parkway", "h": "art" }, "geometry": { "type": "LineString", "coordinates": [ [ -122.06932, 37.54447 ], [ -122.06941, 37.54473 ] ] } },
{ "type": "Feature", "properties": { "n": "Dumbarton Circle", "h": "col" }, "geometry": { "type": "LineString", "coordinates": [ [ -122.06726, 37.54477 ], [ -122.06663, 37.54491 ] ] } },
{ "type": "Feature", "properties": { "n": "Dumbarton Circle", "h": "col" }, "geometry": { "type": "LineString", "coordinates": [ [ -122.06944, 37.54435 ], [ -122.06924, 37.5443 ], [ -122.06726, 37.54477 ] ] } },
{ "type": "Feature", "properties": { "n": "Campus Drive", "h": "col" }, "geometry": { "type": "LineString", "coordinates": [ [ -122.06657, 37.54513 ], [ -122.06649, 37.54494 ] ] } },
{ "type": "Feature", "properties": { "n": "Thornton Avenue", "h": "art" }, "geometry": { "type": "LineString", "coordinates": [ [ -122.06418, 37.53226 ], [ -122.06414, 37.53286 ] ] } },
{ "type": "Feature", "properties": { "n": "Campus Drive", "h": "col" }, "geometry": { "type": "LineString", "coordinates": [ [ -122.06672, 37.54552 ], [ -122.06664, 37.54529 ] ] } },
{ "type": "Feature", "properties": { "n": "Dumbarton Circle", "h": "col" }, "geometry": { "type": "LineString", "coordinates": [ [ -122.06616, 37.54523 ], [ -122.06657, 37.54513 ] ] } },
{ "type": "Feature", "properties": { "n": "Industrial Parkway West", "h": "art" }, "geometry": { "type": "LineString", "coordinates": [ [ -122.06452, 37.61785 ], [ -122.06387, 37.6179 ] ] } },
{ "type": "Feature", "properties": { "n": "Industrial Parkway West", "h": "art" }, "geometry": { "type": "LineString", "coordinates": [ [ -122.06994, 37.61741 ], [ -122.06452, 37.61785 ] ] } },
{ "type": "Feature", "properties": { "n": "Redwood Road", "h": "art" }, "geometry": { "type": "LineString", "coordinates": [ [ -122.07412, 37.70445 ], [ -122.07408, 37.70414 ] ] } },
{ "type": "Feature", "properties": { "n": "Redwood Road", "h": "art" }, "geometry": { "type": "LineString", "coordinates": [ [ -122.07412, 37.70475 ], [ -122.07412, 37.70445 ] ] } },
{ "type": "Feature", "properties": { "n": "Redwood Road", "h": "art" }, "geometry": { "type": "LineString", "coordinates": [ [ -122.07412, 37.70514 ], [ -122.07412, 37.70475 ] ] } },
{ "type": "Feature", "properties": { "n": "Ruus Road", "h": "col" }, "geometry": { "type": "LineString", "coordinates": [ [ -122.06905, 37.63167 ], [ -122.06883, 37.6314 ] ] } },
{ "type": "Feature", "properties": { "n": "West Tennyson Road", "h": "art" }, "geometry": { "type": "LineString", "coordinates": [ [ -122.06955, 37.6316 ], [ -122.06905, 37.63167 ] ] } },
{ "type": "Feature", "properties": { "n": "West Tennyson Road", "h": "art" }, "geometry": { "type": "LineString", "coordinates": [ [ -122.06815, 37.63205 ], [ -122.06782, 37.6322 ] ] } },
{ "type": "Feature", "properties": { "n": "West Tennyson Road", "h": "art" }, "geometry": { "type": "LineString", "coordinates": [ [ -122.06782, 37.6322 ], [ -122.06762, 37.63229 ] ] } },
{ "type": "Feature", "properties": { "n": "Osgood Road", "h": "art" }, "geometry": { "type": "LineString", "coordinates": [ [ -121.9504, 37.52695 ], [ -121.9503, 37.52678 ] ] } },
{ "type": "Feature", "properties": { "n": "Airport Access Road", "h": "art" }, "geometry": { "type": "LineString", "coordinates": [ [ -122.19865, 37.72763 ], [ -122.19858, 37.7273 ], [ -122.19862, 37.72698 ] ] } },
{ "type": "Feature", "properties": { "n": "Airport Access Road", "h": "art" }, "geometry": { "type": "LineString", "coordinates": [ [ -122.19851, 37.72769 ], [ -122.19868, 37.728 ], [ -122.19898, 37.72831 ] ] } },
{ "type": "Feature", "properties": { "n": "Central Avenue", "h": "col" }, "geometry": { "type": "LineString", "coordinates": [ [ -122.04245, 37.51783 ], [ -122.04225, 37.5179 ] ] } },
{ "type": "Feature", "properties": { "n": "Central Avenue", "h": "col" }, "geometry": { "type": "LineString", "coordinates": [ [ -122.03672, 37.52055 ], [ -122.03466, 37.52123 ], [ -122.03441, 37.52136 ] ] } },
{ "type": "Feature", "properties": { "n": "Central Avenue", "h": "col" }, "geometry": { "type": "LineString", "coordinates": [ [ -122.03441, 37.52136 ], [ -122.03407, 37.52146 ] ] } },
{ "type": "Feature", "properties": { "n": "Central Avenue", "h": "col" }, "geometry": { "type": "LineString", "coordinates": [ [ -122.03407, 37.52146 ], [ -122.03368, 37.52157 ] ] } },
{ "type": "Feature", "properties": { "n": "Industrial Parkway West", "h": "art" }, "geometry": { "type": "LineString", "coordinates": [ [ -122.06317, 37.61809 ], [ -122.06387, 37.61802 ] ] } },
{ "type": "Feature", "properties": { "n": "Industrial Parkway West", "h": "art" }, "geometry": { "type": "LineString", "coordinates": [ [ -122.06214, 37.61828 ], [ -122.06317, 37.61809 ] ] } },
{ "type": "Feature", "properties": { "n": "Industrial Parkway West", "h": "art" }, "geometry": { "type": "LineString", "coordinates": [ [ -122.06117, 37.61862 ], [ -122.06139, 37.61853 ] ] } },
{ "type": "Feature", "properties": { "n": "Ruus Road", "h": "col" }, "geometry": { "type": "LineString", "coordinates": [ [ -122.06312, 37.61904 ], [ -122.06255, 37.61864 ] ] } },
{ "type": "Feature", "properties": { "n": "Embarcadero", "h": "art" }, "geometry": { "type": "LineString", "coordinates": [ [ -122.26009, 37.7901 ], [ -122.25904, 37.78971 ] ] } },
{ "type": "Feature", "properties": { "n": "Island Drive", "h": "art" }, "geometry": { "type": "LineString", "coordinates": [ [ -122.23604, 37.74663 ], [ -122.23617, 37.74641 ] ] } },
{ "type": "Feature", "properties": { "n": "Embarcadero", "h": "art" }, "geometry": { "type": "LineString", "coordinates": [ [ -122.26006, 37.7902 ], [ -122.26085, 37.79053 ], [ -122.26144, 37.79064 ] ] } },
{ "type": "Feature", "properties": { "n": "Embarcadero", "h": "art" }, "geometry": { "type": "LineString", "coordinates": [ [ -122.26215, 37.79069 ], [ -122.26192, 37.79061 ] ] } },
{ "type": "Feature", "properties": { "n": "Embarcadero", "h": "art" }, "geometry": { "type": "LineString", "coordinates": [ [ -122.26183, 37.79059 ], [ -122.26086, 37.79043 ] ] } },
{ "type": "Feature", "properties": { "n": "Grant Avenue", "h": "art" }, "geometry": { "type": "LineString", "coordinates": [ [ -122.13755, 37.67935 ], [ -122.13789, 37.67921 ] ] } },
{ "type": "Feature", "properties": { "n": "Lakeshore Avenue", "h": "col" }, "geometry": { "type": "LineString", "coordinates": [ [ -122.24571, 37.8102 ], [ -122.24625, 37.81005 ] ] } },
{ "type": "Feature", "properties": { "n": "Lakeshore Avenue", "h": "art" }, "geometry": { "type": "LineString", "coordinates": [ [ -122.24694, 37.80957 ], [ -122.2474, 37.80922 ] ] } },
{ "type": "Feature", "properties": { "n": "Grand Avenue", "h": "art" }, "geometry": { "type": "LineString", "coordinates": [ [ -122.24921, 37.80972 ], [ -122.24871, 37.81014 ] ] } },
{ "type": "Feature", "properties": { "n": "Grand Avenue", "h": "art" }, "geometry": { "type": "LineString", "coordinates": [ [ -122.24871, 37.81014 ], [ -122.24853, 37.81035 ] ] } },
{ "type": "Feature", "properties": { "n": "Grand Avenue", "h": "art" }, "geometry": { "type": "LineString", "coordinates": [ [ -122.24853, 37.81035 ], [ -122.24815, 37.81094 ] ] } },
{ "type": "Feature", "properties": { "n": "Grand Avenue", "h": "art" }, "geometry": { "type": "LineString", "coordinates": [ [ -122.24815, 37.81094 ], [ -122.24792, 37.81133 ] ] } },
{ "type": "Feature", "properties": { "n": "Grand Avenue", "h": "art" }, "geometry": { "type": "LineString", "coordinates": [ [ -122.24792, 37.81133 ], [ -122.24794, 37.81147 ] ] } },
{ "type": "Feature", "properties": { "n": "Lake Chabot Road", "h": "art" }, "geometry": { "type": "LineString", "coordinates": [ [ -122.08653, 37.69434 ], [ -122.08668, 37.69457 ] ] } },
{ "type": "Feature", "properties": { "n": "Castro Valley Boulevard", "h": "art" }, "geometry": { "type": "LineString", "coordinates": [ [ -122.08815, 37.69351 ], [ -122.08783, 37.69359 ], [ -122.08748, 37.69377 ] ] } },
{ "type": "Feature", "properties": { "n": "Lake Chabot Road", "h": "art" }, "geometry": { "type": "LineString", "coordinates": [ [ -122.08821, 37.70168 ], [ -122.08847, 37.70202 ] ] } },
{ "type": "Feature", "properties": { "n": "Lake Chabot Road", "h": "art" }, "geometry": { "type": "LineString", "coordinates": [ [ -122.08847, 37.70202 ], [ -122.08833, 37.70164 ] ] } },
{ "type": "Feature", "properties": { "n": "Hesperian Boulevard", "h": "art" }, "geometry": { "type": "LineString", "coordinates": [ [ -122.11599, 37.66229 ], [ -122.1171, 37.66417 ] ] } },
{ "type": "Feature", "properties": { "n": "Lewelling Boulevard", "h": "art" }, "geometry": { "type": "LineString", "coordinates": [ [ -122.14406, 37.68441 ], [ -122.14334, 37.68476 ], [ -122.14328, 37.68485 ] ] } },
{ "type": "Feature", "properties": { "n": "Lewelling Boulevard", "h": "art" }, "geometry": { "type": "LineString", "coordinates": [ [ -122.14345, 37.68484 ], [ -122.14373, 37.6847 ] ] } },
{ "type": "Feature", "properties": { "n": "Lakeshore Avenue", "h": "art" }, "geometry": { "type": "LineString", "coordinates": [ [ -122.24948, 37.80776 ], [ -122.24956, 37.80758 ] ] } },
{ "type": "Feature", "properties": { "n": "Fremont Boulevard", "h": "art" }, "geometry": { "type": "LineString", "coordinates": [ [ -121.95932, 37.53311 ], [ -121.95957, 37.53324 ] ] } },
{ "type": "Feature", "properties": { "n": "Grimmer Boulevard", "h": "col" }, "geometry": { "type": "LineString", "coordinates": [ [ -121.96084, 37.54157 ], [ -121.96101, 37.54148 ] ] } },
{ "type": "Feature", "properties": { "n": "Isabel Avenue", "h": "fwy" }, "geometry": { "type": "LineString", "coordinates": [ [ -121.80547, 37.67954 ], [ -121.80544, 37.67673 ] ] } },
{ "type": "Feature", "properties": { "n": "Osgood Road", "h": "art" }, "geometry": { "type": "LineString", "coordinates": [ [ -121.94071, 37.5115 ], [ -121.94058, 37.51129 ] ] } },
{ "type": "Feature", "properties": { "n": "Osgood Road", "h": "art" }, "geometry": { "type": "LineString", "coordinates": [ [ -121.94058, 37.51129 ], [ -121.94049, 37.51111 ] ] } },
{ "type": "Feature", "properties": { "n": "Osgood Road", "h": "art" }, "geometry": { "type": "LineString", "coordinates": [ [ -121.94045, 37.51102 ], [ -121.94036, 37.51085 ] ] } },
{ "type": "Feature", "properties": { "n": "Osgood Road", "h": "art" }, "geometry": { "type": "LineString", "coordinates": [ [ -121.94032, 37.51076 ], [ -121.94018, 37.51047 ], [ -121.94009, 37.51045 ] ] } },
{ "type": "Feature", "properties": { "n": "Paseo Grande", "h": "col" }, "geometry": { "type": "LineString", "coordinates": [ [ -122.12658, 37.67942 ], [ -122.12633, 37.67956 ] ] } },
{ "type": "Feature", "properties": { "n": "Paseo Grande", "h": "col" }, "geometry": { "type": "LineString", "coordinates": [ [ -122.12604, 37.67968 ], [ -122.12633, 37.67956 ] ] } },
{ "type": "Feature", "properties": { "n": "Redwood Road", "h": "art" }, "geometry": { "type": "LineString", "coordinates": [ [ -122.07399, 37.70475 ], [ -122.07399, 37.70514 ] ] } },
{ "type": "Feature", "properties": { "n": "Redwood Road", "h": "art" }, "geometry": { "type": "LineString", "coordinates": [ [ -122.07399, 37.70445 ], [ -122.07399, 37.70475 ] ] } },
{ "type": "Feature", "properties": { "n": "Redwood Road", "h": "art" }, "geometry": { "type": "LineString", "coordinates": [ [ -122.07403, 37.70413 ], [ -122.07399, 37.70445 ] ] } },
{ "type": "Feature", "properties": { "n": "International Boulevard", "h": "art" }, "geometry": { "type": "LineString", "coordinates": [ [ -122.18354, 37.75752 ], [ -122.18379, 37.75769 ], [ -122.18551, 37.75849 ] ] } },
{ "type": "Feature", "properties": { "n": "International Boulevard", "h": "art" }, "geometry": { "type": "LineString", "coordinates": [ [ -122.21168, 37.7709 ], [ -122.2129, 37.77148 ] ] } },
{ "type": "Feature", "properties": { "n": "International Boulevard", "h": "art" }, "geometry": { "type": "LineString", "coordinates": [ [ -122.21079, 37.77048 ], [ -122.2116, 37.77086 ] ] } },
{ "type": "Feature", "properties": { "n": "International Boulevard", "h": "art" }, "geometry": { "type": "LineString", "coordinates": [ [ -122.19993, 37.7653 ], [ -122.20066, 37.7657 ], [ -122.20111, 37.76585 ] ] } },
{ "type": "Feature", "properties": { "n": "International Boulevard", "h": "art" }, "geometry": { "type": "LineString", "coordinates": [ [ -122.21062, 37.7704 ], [ -122.21079, 37.77048 ] ] } },
{ "type": "Feature", "properties": { "n": "International Boulevard", "h": "art" }, "geometry": { "type": "LineString", "coordinates": [ [ -122.21838, 37.77408 ], [ -122.21897, 37.77436 ] ] } },
{ "type": "Feature", "properties": { "n": "International Boulevard", "h": "art" }, "geometry": { "type": "LineString", "coordinates": [ [ -122.22085, 37.77527 ], [ -122.2221, 37.77585 ] ] } },
{ "type": "Feature", "properties": { "n": "International Boulevard", "h": "art" }, "geometry": { "type": "LineString", "coordinates": [ [ -122.18063, 37.75612 ], [ -122.18034, 37.75599 ] ] } },
{ "type": "Feature", "properties": { "n": "International Boulevard", "h": "art" }, "geometry": { "type": "LineString", "coordinates": [ [ -122.18626, 37.75881 ], [ -122.18605, 37.75871 ] ] } },
{ "type": "Feature", "properties": { "n": "International Boulevard", "h": "art" }, "geometry": { "type": "LineString", "coordinates": [ [ -122.18585, 37.75856 ], [ -122.18411, 37.75773 ] ] } },
{ "type": "Feature", "properties": { "n": "Harrison Street", "h": "col" }, "geometry": { "type": "LineString", "coordinates": [ [ -122.26258, 37.81023 ], [ -122.26248, 37.81048 ] ] } },
{ "type": "Feature", "properties": { "n": "Dublin Boulevard", "h": "art" }, "geometry": { "type": "LineString", "coordinates": [ [ -121.91107, 37.70419 ], [ -121.91189, 37.70389 ] ] } },
{ "type": "Feature", "properties": { "n": "Dublin Boulevard", "h": "art" }, "geometry": { "type": "LineString", "coordinates": [ [ -121.91067, 37.70426 ], [ -121.9097, 37.70475 ] ] } },
{ "type": "Feature", "properties": { "n": "Dublin Boulevard", "h": "art" }, "geometry": { "type": "LineString", "coordinates": [ [ -121.9113, 37.70393 ], [ -121.91067, 37.70426 ] ] } },
{ "type": "Feature", "properties": { "n": "Dougherty Road", "h": "art" }, "geometry": { "type": "LineString", "coordinates": [ [ -121.9084, 37.70359 ], [ -121.9095, 37.70486 ] ] } },
{ "type": "Feature", "properties": { "n": "Dublin Boulevard", "h": "art" }, "geometry": { "type": "LineString", "coordinates": [ [ -121.90774, 37.70583 ], [ -121.90812, 37.70573 ] ] } },
{ "type": "Feature", "properties": { "n": "Dublin Boulevard", "h": "art" }, "geometry": { "type": "LineString", "coordinates": [ [ -121.9086, 37.70555 ], [ -121.90963, 37.70502 ] ] } },
{ "type": "Feature", "properties": { "n": "Dublin Boulevard", "h": "art" }, "geometry": { "type": "LineString", "coordinates": [ [ -121.90706, 37.70593 ], [ -121.90774, 37.70583 ] ] } },
{ "type": "Feature", "properties": { "n": "Dublin Boulevard", "h": "art" }, "geometry": { "type": "LineString", "coordinates": [ [ -121.90561, 37.70578 ], [ -121.90523, 37.70578 ] ] } },
{ "type": "Feature", "properties": { "n": "Dublin Boulevard", "h": "art" }, "geometry": { "type": "LineString", "coordinates": [ [ -121.90523, 37.70578 ], [ -121.90458, 37.70579 ] ] } },
{ "type": "Feature", "properties": { "n": "Dublin Boulevard", "h": "art" }, "geometry": { "type": "LineString", "coordinates": [ [ -121.90751, 37.70571 ], [ -121.90714, 37.70578 ] ] } },
{ "type": "Feature", "properties": { "n": "Dublin Boulevard", "h": "art" }, "geometry": { "type": "LineString", "coordinates": [ [ -121.90714, 37.70578 ], [ -121.90561, 37.70578 ] ] } },
{ "type": "Feature", "properties": { "n": "Dougherty Road", "h": "art" }, "geometry": { "type": "LineString", "coordinates": [ [ -121.91026, 37.7056 ], [ -121.90983, 37.70491 ] ] } },
{ "type": "Feature", "properties": { "n": "Hegenberger Road", "h": "art" }, "geometry": { "type": "LineString", "coordinates": [ [ -122.19711, 37.73577 ], [ -122.19695, 37.73617 ] ] } },
{ "type": "Feature", "properties": { "n": "Hegenberger Road", "h": "art" }, "geometry": { "type": "LineString", "coordinates": [ [ -122.19818, 37.73338 ], [ -122.19793, 37.73391 ] ] } },
{ "type": "Feature", "properties": { "n": "Fernside Boulevard", "h": "art" }, "geometry": { "type": "LineString", "coordinates": [ [ -122.2322, 37.75289 ], [ -122.23315, 37.75203 ], [ -122.23355, 37.75175 ], [ -122.23408, 37.75155 ], [ -122.23494, 37.75144 ] ] } },
{ "type": "Feature", "properties": { "n": "Fernside Boulevard", "h": "art" }, "geometry": { "type": "LineString", "coordinates": [ [ -122.23185, 37.75309 ], [ -122.23131, 37.75358 ] ] } },
{ "type": "Feature", "properties": { "n": "Innovation Way", "h": "col" }, "geometry": { "type": "LineString", "coordinates": [ [ -121.94804, 37.49894 ], [ -121.94714, 37.49913 ], [ -121.94664, 37.49933 ] ] } },
{ "type": "Feature", "properties": { "n": "Dublin Boulevard", "h": "art" }, "geometry": { "type": "LineString", "coordinates": [ [ -121.90983, 37.70491 ], [ -121.91107, 37.70419 ] ] } },
{ "type": "Feature", "properties": { "n": "Castro Valley Boulevard", "h": "art" }, "geometry": { "type": "LineString", "coordinates": [ [ -122.08488, 37.69485 ], [ -122.08512, 37.69479 ] ] } },
{ "type": "Feature", "properties": { "n": "Castro Valley Boulevard", "h": "art" }, "geometry": { "type": "LineString", "coordinates": [ [ -122.08512, 37.69479 ], [ -122.0854, 37.69471 ] ] } },
{ "type": "Feature", "properties": { "n": "Castro Valley Boulevard", "h": "art" }, "geometry": { "type": "LineString", "coordinates": [ [ -122.08457, 37.69481 ], [ -122.08431, 37.69489 ] ] } },
{ "type": "Feature", "properties": { "n": "Castro Valley Boulevard", "h": "art" }, "geometry": { "type": "LineString", "coordinates": [ [ -122.08482, 37.69474 ], [ -122.08457, 37.69481 ] ] } },
{ "type": "Feature", "properties": { "n": "Castro Valley Boulevard", "h": "art" }, "geometry": { "type": "LineString", "coordinates": [ [ -122.08508, 37.69467 ], [ -122.08489, 37.69473 ] ] } },
{ "type": "Feature", "properties": { "n": "Main Street", "h": "col" }, "geometry": { "type": "LineString", "coordinates": [ [ -122.29374, 37.78939 ], [ -122.2946, 37.78963 ] ] } },
{ "type": "Feature", "properties": { "n": "Industrial Parkway West", "h": "art" }, "geometry": { "type": "LineString", "coordinates": [ [ -122.07296, 37.61754 ], [ -122.07354, 37.61756 ] ] } },
{ "type": "Feature", "properties": { "n": "18th Street", "h": "col" }, "geometry": { "type": "LineString", "coordinates": [ [ -122.29092, 37.81386 ], [ -122.2918, 37.81407 ] ] } },
{ "type": "Feature", "properties": { "n": "International Boulevard", "h": "art" }, "geometry": { "type": "LineString", "coordinates": [ [ -122.17921, 37.75539 ], [ -122.17851, 37.75502 ] ] } },
{ "type": "Feature", "properties": { "n": "82nd Avenue", "h": "col" }, "geometry": { "type": "LineString", "coordinates": [ [ -122.17915, 37.75585 ], [ -122.17403, 37.75833 ] ] } },
{ "type": "Feature", "properties": { "n": "Hesperian Boulevard", "h": "art" }, "geometry": { "type": "LineString", "coordinates": [ [ -122.11727, 37.66414 ], [ -122.11683, 37.6634 ] ] } },
{ "type": "Feature", "properties": { "n": "Castro Valley Boulevard", "h": "art" }, "geometry": { "type": "LineString", "coordinates": [ [ -122.08301, 37.69536 ], [ -122.08374, 37.69517 ] ] } },
{ "type": "Feature", "properties": { "n": "Embarcadero", "h": "art" }, "geometry": { "type": "LineString", "coordinates": [ [ -122.25848, 37.78967 ], [ -122.25938, 37.78993 ] ] } },
{ "type": "Feature", "properties": { "n": "Embarcadero", "h": "art" }, "geometry": { "type": "LineString", "coordinates": [ [ -122.25853, 37.78957 ], [ -122.2575, 37.78938 ] ] } },
{ "type": "Feature", "properties": { "n": "West Tennyson Road", "h": "art" }, "geometry": { "type": "LineString", "coordinates": [ [ -122.06789, 37.6323 ], [ -122.06853, 37.63201 ] ] } },
{ "type": "Feature", "properties": { "n": "West Tennyson Road", "h": "art" }, "geometry": { "type": "LineString", "coordinates": [ [ -122.06759, 37.63243 ], [ -122.06789, 37.6323 ] ] } },
{ "type": "Feature", "properties": { "n": "West Tennyson Road", "h": "art" }, "geometry": { "type": "LineString", "coordinates": [ [ -122.06762, 37.63229 ], [ -122.06733, 37.63242 ] ] } },
{ "type": "Feature", "properties": { "n": "Atlantic Avenue", "h": "col" }, "geometry": { "type": "LineString", "coordinates": [ [ -122.27562, 37.77972 ], [ -122.27489, 37.77978 ] ] } },
{ "type": "Feature", "properties": { "n": "Atlantic Avenue", "h": "col" }, "geometry": { "type": "LineString", "coordinates": [ [ -122.27584, 37.77979 ], [ -122.27647, 37.77973 ] ] } },
{ "type": "Feature", "properties": { "n": "Atlantic Avenue", "h": "col" }, "geometry": { "type": "LineString", "coordinates": [ [ -122.27561, 37.7798 ], [ -122.27584, 37.77979 ] ] } },
{ "type": "Feature", "properties": { "n": "West Atlantic Avenue", "h": "col" }, "geometry": { "type": "LineString", "coordinates": [ [ -122.29135, 37.78005 ], [ -122.292, 37.78009 ] ] } },
{ "type": "Feature", "properties": { "n": "West Atlantic Avenue", "h": "col" }, "geometry": { "type": "LineString", "coordinates": [ [ -122.29233, 37.78011 ], [ -122.29266, 37.78013 ] ] } },
{ "type": "Feature", "properties": { "n": "West Atlantic Avenue", "h": "col" }, "geometry": { "type": "LineString", "coordinates": [ [ -122.29288, 37.78014 ], [ -122.29346, 37.78017 ] ] } },
{ "type": "Feature", "properties": { "n": "Hegenberger Road", "h": "art" }, "geometry": { "type": "LineString", "coordinates": [ [ -122.20012, 37.7296 ], [ -122.19997, 37.72987 ] ] } },
{ "type": "Feature", "properties": { "n": "I 880", "h": "fwy" }, "geometry": { "type": "LineString", "coordinates": [ [ -122.20455, 37.74976 ], [ -122.2016, 37.7464 ] ] } },
{ "type": "Feature", "properties": { "n": "I 880", "h": "fwy" }, "geometry": { "type": "LineString", "coordinates": [ [ -122.20735, 37.75295 ], [ -122.20455, 37.74976 ] ] } },
{ "type": "Feature", "properties": { "n": "Dublin Boulevard", "h": "art" }, "geometry": { "type": "LineString", "coordinates": [ [ -121.93127, 37.70352 ], [ -121.93038, 37.70381 ] ] } },
{ "type": "Feature", "properties": { "n": "Dublin Boulevard", "h": "art" }, "geometry": { "type": "LineString", "coordinates": [ [ -121.9315, 37.70344 ], [ -121.93127, 37.70352 ] ] } },
{ "type": "Feature", "properties": { "n": "Dublin Boulevard", "h": "art" }, "geometry": { "type": "LineString", "coordinates": [ [ -121.93137, 37.70362 ], [ -121.9328, 37.70316 ] ] } },
{ "type": "Feature", "properties": { "n": "Dublin Boulevard", "h": "art" }, "geometry": { "type": "LineString", "coordinates": [ [ -121.93118, 37.70368 ], [ -121.93137, 37.70362 ] ] } },
{ "type": "Feature", "properties": { "n": "Harrison Street", "h": "col" }, "geometry": { "type": "LineString", "coordinates": [ [ -122.26212, 37.81142 ], [ -122.26186, 37.81201 ] ] } },
{ "type": "Feature", "properties": { "n": "Norbridge Avenue", "h": "col" }, "geometry": { "type": "LineString", "coordinates": [ [ -122.07178, 37.69259 ], [ -122.07077, 37.6926 ] ] } },
{ "type": "Feature", "properties": { "n": "Hegenberger Road", "h": "art" }, "geometry": { "type": "LineString", "coordinates": [ [ -122.19906, 37.73151 ], [ -122.19868, 37.73229 ] ] } },
{ "type": "Feature", "properties": { "n": "Hegenberger Road", "h": "art" }, "geometry": { "type": "LineString", "coordinates": [ [ -122.19922, 37.73157 ], [ -122.19981, 37.73051 ] ] } },
{ "type": "Feature", "properties": { "n": "I 80", "h": "fwy" }, "geometry": { "type": "LineString", "coordinates": [ [ -122.31478, 37.82434 ], [ -122.31748, 37.82391 ] ] } },
{ "type": "Feature", "properties": { "n": "I 80", "h": "fwy" }, "geometry": { "type": "LineString", "coordinates": [ [ -122.31465, 37.82447 ], [ -122.31494, 37.82442 ] ] } },
{ "type": "Feature", "properties": { "n": "I 80", "h": "fwy" }, "geometry": { "type": "LineString", "coordinates": [ [ -122.3144, 37.82491 ], [ -122.31487, 37.8248 ] ] } },
{ "type": "Feature", "properties": { "n": "I 80", "h": "fwy" }, "geometry": { "type": "LineString", "coordinates": [ [ -122.31714, 37.82428 ], [ -122.31805, 37.82397 ] ] } },
{ "type": "Feature", "properties": { "n": "I 80", "h": "fwy" }, "geometry": { "type": "LineString", "coordinates": [ [ -122.31714, 37.82428 ], [ -122.31811, 37.82413 ] ] } },
{ "type": "Feature", "properties": { "n": "I 80", "h": "fwy" }, "geometry": { "type": "LineString", "coordinates": [ [ -122.31487, 37.8248 ], [ -122.31546, 37.82463 ] ] } },
{ "type": "Feature", "properties": { "n": "I 80", "h": "fwy" }, "geometry": { "type": "LineString", "coordinates": [ [ -122.31546, 37.82463 ], [ -122.31714, 37.82428 ] ] } },
{ "type": "Feature", "properties": { "n": "I 80", "h": "fwy" }, "geometry": { "type": "LineString", "coordinates": [ [ -122.31245, 37.82511 ], [ -122.31334, 37.82507 ] ] } },
{ "type": "Feature", "properties": { "n": "I 80", "h": "fwy" }, "geometry": { "type": "LineString", "coordinates": [ [ -122.31124, 37.8248 ], [ -122.31196, 37.82471 ] ] } },
{ "type": "Feature", "properties": { "n": "I 80", "h": "fwy" }, "geometry": { "type": "LineString", "coordinates": [ [ -122.31196, 37.82471 ], [ -122.31281, 37.82463 ] ] } },
{ "type": "Feature", "properties": { "n": "I 80", "h": "fwy" }, "geometry": { "type": "LineString", "coordinates": [ [ -122.3112, 37.82483 ], [ -122.31193, 37.82481 ] ] } },
{ "type": "Feature", "properties": { "n": "I 80", "h": "fwy" }, "geometry": { "type": "LineString", "coordinates": [ [ -122.31494, 37.82442 ], [ -122.31746, 37.82398 ] ] } },
{ "type": "Feature", "properties": { "n": "I 80", "h": "fwy" }, "geometry": { "type": "LineString", "coordinates": [ [ -122.31825, 37.82381 ], [ -122.31963, 37.82343 ] ] } },
{ "type": "Feature", "properties": { "n": "I 80", "h": "fwy" }, "geometry": { "type": "LineString", "coordinates": [ [ -122.30938, 37.82508 ], [ -122.31202, 37.82509 ] ] } },
{ "type": "Feature", "properties": { "n": "I 80", "h": "fwy" }, "geometry": { "type": "LineString", "coordinates": [ [ -122.31228, 37.8251 ], [ -122.31245, 37.82511 ] ] } },
{ "type": "Feature", "properties": { "n": "I 80", "h": "fwy" }, "geometry": { "type": "LineString", "coordinates": [ [ -122.31805, 37.82397 ], [ -122.3183, 37.8239 ] ] } },
{ "type": "Feature", "properties": { "n": "I 80", "h": "fwy" }, "geometry": { "type": "LineString", "coordinates": [ [ -122.31811, 37.82413 ], [ -122.3184, 37.82404 ] ] } },
{ "type": "Feature", "properties": { "n": "I 80", "h": "fwy" }, "geometry": { "type": "LineString", "coordinates": [ [ -122.3183, 37.8239 ], [ -122.31963, 37.82343 ] ] } },
{ "type": "Feature", "properties": { "n": "I 80", "h": "fwy" }, "geometry": { "type": "LineString", "coordinates": [ [ -122.3184, 37.82404 ], [ -122.31996, 37.82342 ] ] } },
{ "type": "Feature", "properties": { "n": "Claremont Avenue", "h": "art" }, "geometry": { "type": "LineString", "coordinates": [ [ -122.24673, 37.85632 ], [ -122.24777, 37.85504 ] ] } },
{ "type": "Feature", "properties": { "n": "Claremont Avenue", "h": "art" }, "geometry": { "type": "LineString", "coordinates": [ [ -122.24781, 37.855 ], [ -122.24837, 37.85428 ] ] } },
{ "type": "Feature", "properties": { "n": "Claremont Avenue", "h": "art" }, "geometry": { "type": "LineString", "coordinates": [ [ -122.24958, 37.8528 ], [ -122.25068, 37.85143 ] ] } },
{ "type": "Feature", "properties": { "n": "Central Avenue", "h": "col" }, "geometry": { "type": "LineString", "coordinates": [ [ -122.03441, 37.52136 ], [ -122.03472, 37.52129 ] ] } },
{ "type": "Feature", "properties": { "n": "Fruitvale Avenue", "h": "art" }, "geometry": { "type": "LineString", "coordinates": [ [ -122.22158, 37.78672 ], [ -122.22153, 37.78685 ] ] } },
{ "type": "Feature", "properties": { "n": "Fruitvale Avenue", "h": "art" }, "geometry": { "type": "LineString", "coordinates": [ [ -122.22153, 37.78685 ], [ -122.22054, 37.78933 ] ] } },
{ "type": "Feature", "properties": { "n": "Fruitvale Avenue", "h": "art" }, "geometry": { "type": "LineString", "coordinates": [ [ -122.22475, 37.7798 ], [ -122.22323, 37.78283 ] ] } },
{ "type": "Feature", "properties": { "n": "International Boulevard", "h": "art" }, "geometry": { "type": "LineString", "coordinates": [ [ -122.22587, 37.77762 ], [ -122.22721, 37.77831 ] ] } },
{ "type": "Feature", "properties": { "n": "International Boulevard", "h": "art" }, "geometry": { "type": "LineString", "coordinates": [ [ -122.21772, 37.77366 ], [ -122.21716, 37.77338 ] ] } },
{ "type": "Feature", "properties": { "n": "Livermore Outlets Drive", "h": "col" }, "geometry": { "type": "LineString", "coordinates": [ [ -121.84071, 37.69752 ], [ -121.84035, 37.69793 ], [ -121.84018, 37.69846 ], [ -121.84016, 37.70057 ], [ -121.84021, 37.70069 ] ] } },
{ "type": "Feature", "properties": { "n": "Livermore Outlets Drive", "h": "col" }, "geometry": { "type": "LineString", "coordinates": [ [ -121.8408, 37.6976 ], [ -121.84116, 37.69737 ], [ -121.8421, 37.69696 ] ] } },
{ "type": "Feature", "properties": { "n": "El Charro Road", "h": "art" }, "geometry": { "type": "LineString", "coordinates": [ [ -121.84801, 37.69741 ], [ -121.84802, 37.6982 ] ] } },
{ "type": "Feature", "properties": { "n": "East Stanley Boulevard", "h": "art" }, "geometry": { "type": "LineString", "coordinates": [ [ -121.7835, 37.67859 ], [ -121.78269, 37.67876 ] ] } },
{ "type": "Feature", "properties": { "n": "South Grimmer Boulevard", "h": "art" }, "geometry": { "type": "LineString", "coordinates": [ [ -121.95432, 37.50235 ], [ -121.95514, 37.50267 ] ] } },
{ "type": "Feature", "properties": { "n": "I 880", "h": "fwy" }, "geometry": { "type": "LineString", "coordinates": [ [ -122.00794, 37.53278 ], [ -122.00779, 37.5327 ] ] } },
{ "type": "Feature", "properties": { "n": "I 880", "h": "fwy" }, "geometry": { "type": "LineString", "coordinates": [ [ -122.20144, 37.7465 ], [ -122.20717, 37.75303 ] ] } },
{ "type": "Feature", "properties": { "n": "I 880", "h": "fwy" }, "geometry": { "type": "LineString", "coordinates": [ [ -122.19944, 37.74422 ], [ -122.20129, 37.74633 ] ] } },
{ "type": "Feature", "properties": { "n": "I 880", "h": "fwy" }, "geometry": { "type": "LineString", "coordinates": [ [ -122.25601, 37.78967 ], [ -122.25647, 37.78975 ] ] } },
{ "type": "Feature", "properties": { "n": "West Atlantic Avenue", "h": "col" }, "geometry": { "type": "LineString", "coordinates": [ [ -122.29353, 37.78008 ], [ -122.2918, 37.77999 ] ] } },
{ "type": "Feature", "properties": { "n": "Atlantic Avenue", "h": "col" }, "geometry": { "type": "LineString", "coordinates": [ [ -122.27462, 37.77979 ], [ -122.27411, 37.77983 ] ] } },
{ "type": "Feature", "properties": { "n": "I 880", "h": "fwy" }, "geometry": { "type": "LineString", "coordinates": [ [ -122.21201, 37.75819 ], [ -122.21071, 37.75679 ] ] } },
{ "type": "Feature", "properties": { "n": "I 880", "h": "fwy" }, "geometry": { "type": "LineString", "coordinates": [ [ -122.21391, 37.76042 ], [ -122.21235, 37.7586 ] ] } },
{ "type": "Feature", "properties": { "n": "Embarcadero", "h": "art" }, "geometry": { "type": "LineString", "coordinates": [ [ -122.2574, 37.78947 ], [ -122.25848, 37.78967 ] ] } },
{ "type": "Feature", "properties": { "n": "Embarcadero", "h": "art" }, "geometry": { "type": "LineString", "coordinates": [ [ -122.25546, 37.78912 ], [ -122.2574, 37.78947 ] ] } },
{ "type": "Feature", "properties": { "n": "Embarcadero", "h": "art" }, "geometry": { "type": "LineString", "coordinates": [ [ -122.25439, 37.78894 ], [ -122.25546, 37.78912 ] ] } },
{ "type": "Feature", "properties": { "n": "I 80", "h": "fwy" }, "geometry": { "type": "LineString", "coordinates": [ [ -122.31443, 37.82439 ], [ -122.31478, 37.82434 ] ] } },
{ "type": "Feature", "properties": { "n": "Patterson Pass Road", "h": "art" }, "geometry": { "type": "LineString", "coordinates": [ [ -121.69694, 37.69582 ], [ -121.69594, 37.69573 ], [ -121.69527, 37.69558 ], [ -121.69469, 37.69533 ], [ -121.69352, 37.69464 ], [ -121.69292, 37.69443 ], [ -121.69251, 37.69436 ], [ -121.68502, 37.69433 ] ] } },
{ "type": "Feature", "properties": { "n": "Patterson Pass Road", "h": "art" }, "geometry": { "type": "LineString", "coordinates": [ [ -121.68003, 37.69434 ], [ -121.67838, 37.69434 ] ] } },
{ "type": "Feature", "properties": { "n": "Patterson Pass Road", "h": "art" }, "geometry": { "type": "LineString", "coordinates": [ [ -121.67675, 37.6943 ], [ -121.67566, 37.69414 ] ] } },
{ "type": "Feature", "properties": { "n": "I 880", "h": "fwy" }, "geometry": { "type": "LineString", "coordinates": [ [ -122.20119, 37.74594 ], [ -122.19964, 37.74415 ] ] } },
{ "type": "Feature", "properties": { "n": "Oakport Street", "h": "art" }, "geometry": { "type": "LineString", "coordinates": [ [ -122.21797, 37.76468 ], [ -122.21751, 37.76419 ] ] } },
{ "type": "Feature", "properties": { "n": "Oakport Street", "h": "art" }, "geometry": { "type": "LineString", "coordinates": [ [ -122.21605, 37.76258 ], [ -122.21501, 37.7614 ] ] } },
{ "type": "Feature", "properties": { "n": "I 80", "h": "fwy" }, "geometry": { "type": "LineString", "coordinates": [ [ -122.31239, 37.82407 ], [ -122.31136, 37.82424 ] ] } },
{ "type": "Feature", "properties": { "n": "Pan Am Way", "h": "col" }, "geometry": { "type": "LineString", "coordinates": [ [ -122.2985, 37.78058 ], [ -122.2983, 37.78293 ] ] } },
{ "type": "Feature", "properties": { "n": "I 880", "h": "fwy" }, "geometry": { "type": "LineString", "coordinates": [ [ -122.20145, 37.74624 ], [ -122.20119, 37.74594 ] ] } },
{ "type": "Feature", "properties": { "n": "I 580", "h": "fwy" }, "geometry": { "type": "LineString", "coordinates": [ [ -121.74692, 37.70261 ], [ -121.74776, 37.70264 ] ] } },
{ "type": "Feature", "properties": { "n": "I 580", "h": "fwy" }, "geometry": { "type": "LineString", "coordinates": [ [ -121.75731, 37.70302 ], [ -121.75902, 37.70302 ] ] } },
{ "type": "Feature", "properties": { "n": "CA 84", "h": "fwy" }, "geometry": { "type": "LineString", "coordinates": [ [ -122.07003, 37.53857 ], [ -122.07121, 37.53764 ], [ -122.0726, 37.53673 ] ] } },
{ "type": "Feature", "properties": { "n": "I 880", "h": "fwy" }, "geometry": { "type": "LineString", "coordinates": [ [ -122.12436, 37.6811 ], [ -122.12404, 37.68087 ] ] } },
{ "type": "Feature", "properties": { "n": "I 580", "h": "fwy" }, "geometry": { "type": "LineString", "coordinates": [ [ -122.20472, 37.79339 ], [ -122.2039, 37.79264 ] ] } },
{ "type": "Feature", "properties": { "n": "Embarcadero", "h": "art" }, "geometry": { "type": "LineString", "coordinates": [ [ -122.2575, 37.78938 ], [ -122.25681, 37.78926 ] ] } },
{ "type": "Feature", "properties": { "n": "Embarcadero", "h": "art" }, "geometry": { "type": "LineString", "coordinates": [ [ -122.25681, 37.78926 ], [ -122.25603, 37.78912 ] ] } },
{ "type": "Feature", "properties": { "n": "Embarcadero", "h": "art" }, "geometry": { "type": "LineString", "coordinates": [ [ -122.25603, 37.78912 ], [ -122.25549, 37.78903 ] ] } },
{ "type": "Feature", "properties": { "n": "Embarcadero", "h": "art" }, "geometry": { "type": "LineString", "coordinates": [ [ -122.2553, 37.789 ], [ -122.25458, 37.78887 ] ] } },
{ "type": "Feature", "properties": { "n": "Embarcadero", "h": "art" }, "geometry": { "type": "LineString", "coordinates": [ [ -122.25458, 37.78887 ], [ -122.25316, 37.78866 ] ] } },
{ "type": "Feature", "properties": { "n": "International Boulevard", "h": "art" }, "geometry": { "type": "LineString", "coordinates": [ [ -122.21897, 37.77436 ], [ -122.21993, 37.77483 ] ] } },
{ "type": "Feature", "properties": { "n": "International Boulevard", "h": "art" }, "geometry": { "type": "LineString", "coordinates": [ [ -122.21905, 37.7743 ], [ -122.21816, 37.77388 ] ] } },
{ "type": "Feature", "properties": { "n": "International Boulevard", "h": "art" }, "geometry": { "type": "LineString", "coordinates": [ [ -122.22379, 37.77656 ], [ -122.22323, 37.7763 ] ] } },
{ "type": "Feature", "properties": { "n": "International Boulevard", "h": "art" }, "geometry": { "type": "LineString", "coordinates": [ [ -122.22206, 37.77574 ], [ -122.22091, 37.77519 ] ] } },
{ "type": "Feature", "properties": { "n": "International Boulevard", "h": "art" }, "geometry": { "type": "LineString", "coordinates": [ [ -122.22221, 37.77582 ], [ -122.22206, 37.77574 ] ] } },
{ "type": "Feature", "properties": { "n": "International Boulevard", "h": "art" }, "geometry": { "type": "LineString", "coordinates": [ [ -122.2221, 37.77585 ], [ -122.22272, 37.77616 ] ] } },
{ "type": "Feature", "properties": { "n": "MacArthur Boulevard", "h": "art" }, "geometry": { "type": "LineString", "coordinates": [ [ -122.24871, 37.81014 ], [ -122.2483, 37.81 ] ] } },
{ "type": "Feature", "properties": { "n": "38th Avenue", "h": "col" }, "geometry": { "type": "LineString", "coordinates": [ [ -122.21993, 37.77483 ], [ -122.21977, 37.77505 ] ] } },
{ "type": "Feature", "properties": { "n": "International Boulevard", "h": "art" }, "geometry": { "type": "LineString", "coordinates": [ [ -122.21993, 37.77483 ], [ -122.22008, 37.7749 ] ] } },
{ "type": "Feature", "properties": { "n": "International Boulevard", "h": "art" }, "geometry": { "type": "LineString", "coordinates": [ [ -122.22008, 37.7749 ], [ -122.22085, 37.77527 ] ] } },
{ "type": "Feature", "properties": { "n": "38th Avenue", "h": "col" }, "geometry": { "type": "LineString", "coordinates": [ [ -122.21977, 37.77505 ], [ -122.21796, 37.77739 ] ] } },
{ "type": "Feature", "properties": { "n": "38th Avenue", "h": "col" }, "geometry": { "type": "LineString", "coordinates": [ [ -122.21796, 37.77739 ], [ -122.21713, 37.77849 ] ] } },
{ "type": "Feature", "properties": { "n": "International Boulevard", "h": "art" }, "geometry": { "type": "LineString", "coordinates": [ [ -122.21998, 37.77476 ], [ -122.21905, 37.7743 ] ] } },
{ "type": "Feature", "properties": { "n": "Hegenberger Road", "h": "art" }, "geometry": { "type": "LineString", "coordinates": [ [ -122.19636, 37.74831 ], [ -122.19631, 37.74799 ] ] } },
{ "type": "Feature", "properties": { "n": "Hegenberger Road", "h": "art" }, "geometry": { "type": "LineString", "coordinates": [ [ -122.19631, 37.74799 ], [ -122.19624, 37.74753 ] ] } },
{ "type": "Feature", "properties": { "n": "Hegenberger Road", "h": "art" }, "geometry": { "type": "LineString", "coordinates": [ [ -122.19624, 37.74753 ], [ -122.19617, 37.74543 ] ] } },
{ "type": "Feature", "properties": { "n": "Hegenberger Road", "h": "art" }, "geometry": { "type": "LineString", "coordinates": [ [ -122.19617, 37.74543 ], [ -122.19618, 37.74513 ] ] } },
{ "type": "Feature", "properties": { "n": "Hegenberger Road", "h": "art" }, "geometry": { "type": "LineString", "coordinates": [ [ -122.19618, 37.74513 ], [ -122.1962, 37.74475 ] ] } },
{ "type": "Feature", "properties": { "n": "International Boulevard", "h": "art" }, "geometry": { "type": "LineString", "coordinates": [ [ -122.22721, 37.77831 ], [ -122.22737, 37.7784 ] ] } },
{ "type": "Feature", "properties": { "n": "International Boulevard", "h": "art" }, "geometry": { "type": "LineString", "coordinates": [ [ -122.22728, 37.77824 ], [ -122.22706, 37.77813 ] ] } },
{ "type": "Feature", "properties": { "n": "Wilma Chan Way", "h": "art" }, "geometry": { "type": "LineString", "coordinates": [ [ -122.2752, 37.78251 ], [ -122.2755, 37.78318 ], [ -122.27586, 37.78373 ] ] } },
{ "type": "Feature", "properties": { "n": "Fifth Street", "h": "col" }, "geometry": { "type": "LineString", "coordinates": [ [ -122.28015, 37.79007 ], [ -122.27999, 37.79033 ] ] } },
{ "type": "Feature", "properties": { "n": "International Boulevard", "h": "art" }, "geometry": { "type": "LineString", "coordinates": [ [ -122.18294, 37.75722 ], [ -122.18277, 37.75715 ] ] } },
{ "type": "Feature", "properties": { "n": "Patterson Pass Road", "h": "art" }, "geometry": { "type": "LineString", "coordinates": [ [ -121.71646, 37.69521 ], [ -121.716, 37.69557 ] ] } },
{ "type": "Feature", "properties": { "n": "Patterson Pass Road", "h": "art" }, "geometry": { "type": "LineString", "coordinates": [ [ -121.71542, 37.69577 ], [ -121.71384, 37.6958 ] ] } },
{ "type": "Feature", "properties": { "n": "Patterson Pass Road", "h": "art" }, "geometry": { "type": "LineString", "coordinates": [ [ -121.716, 37.69557 ], [ -121.71542, 37.69577 ] ] } },
{ "type": "Feature", "properties": { "n": "Patterson Pass Road", "h": "art" }, "geometry": { "type": "LineString", "coordinates": [ [ -121.71384, 37.6958 ], [ -121.71325, 37.6958 ] ] } },
{ "type": "Feature", "properties": { "n": "Patterson Pass Road", "h": "art" }, "geometry": { "type": "LineString", "coordinates": [ [ -121.71325, 37.6958 ], [ -121.71264, 37.6958 ] ] } },
{ "type": "Feature", "properties": { "n": "Patterson Pass Road", "h": "art" }, "geometry": { "type": "LineString", "coordinates": [ [ -121.71139, 37.6958 ], [ -121.71048, 37.6958 ] ] } },
{ "type": "Feature", "properties": { "n": "Patterson Pass Road", "h": "art" }, "geometry": { "type": "LineString", "coordinates": [ [ -121.71048, 37.6958 ], [ -121.70985, 37.6958 ] ] } },
{ "type": "Feature", "properties": { "n": "Patterson Pass Road", "h": "art" }, "geometry": { "type": "LineString", "coordinates": [ [ -121.70731, 37.69579 ], [ -121.70671, 37.69579 ] ] } },
{ "type": "Feature", "properties": { "n": "Patterson Pass Road", "h": "art" }, "geometry": { "type": "LineString", "coordinates": [ [ -121.70671, 37.69579 ], [ -121.70612, 37.69579 ] ] } },
{ "type": "Feature", "properties": { "n": "Patterson Pass Road", "h": "art" }, "geometry": { "type": "LineString", "coordinates": [ [ -121.70612, 37.69579 ], [ -121.70481, 37.69579 ] ] } },
{ "type": "Feature", "properties": { "n": "Patterson Pass Road", "h": "art" }, "geometry": { "type": "LineString", "coordinates": [ [ -121.70481, 37.69579 ], [ -121.70422, 37.69579 ] ] } },
{ "type": "Feature", "properties": { "n": "Patterson Pass Road", "h": "art" }, "geometry": { "type": "LineString", "coordinates": [ [ -121.70422, 37.69579 ], [ -121.70362, 37.69579 ] ] } },
{ "type": "Feature", "properties": { "n": "Patterson Pass Road", "h": "art" }, "geometry": { "type": "LineString", "coordinates": [ [ -121.70362, 37.69579 ], [ -121.70258, 37.69578 ] ] } },
{ "type": "Feature", "properties": { "n": "Patterson Pass Road", "h": "art" }, "geometry": { "type": "LineString", "coordinates": [ [ -121.70258, 37.69578 ], [ -121.70149, 37.69578 ] ] } },
{ "type": "Feature", "properties": { "n": "Patterson Pass Road", "h": "art" }, "geometry": { "type": "LineString", "coordinates": [ [ -121.70149, 37.69578 ], [ -121.70086, 37.69578 ] ] } },
{ "type": "Feature", "properties": { "n": "Patterson Pass Road", "h": "art" }, "geometry": { "type": "LineString", "coordinates": [ [ -121.70086, 37.69578 ], [ -121.69977, 37.69578 ] ] } },
{ "type": "Feature", "properties": { "n": "Patterson Pass Road", "h": "art" }, "geometry": { "type": "LineString", "coordinates": [ [ -121.69977, 37.69578 ], [ -121.69923, 37.69578 ] ] } },
{ "type": "Feature", "properties": { "n": "Patterson Pass Road", "h": "art" }, "geometry": { "type": "LineString", "coordinates": [ [ -121.69923, 37.69578 ], [ -121.69858, 37.69578 ] ] } },
{ "type": "Feature", "properties": { "n": "Patterson Pass Road", "h": "art" }, "geometry": { "type": "LineString", "coordinates": [ [ -121.69858, 37.69578 ], [ -121.69835, 37.69578 ] ] } },
{ "type": "Feature", "properties": { "n": "Patterson Pass Road", "h": "art" }, "geometry": { "type": "LineString", "coordinates": [ [ -121.71325, 37.69592 ], [ -121.71531, 37.69591 ], [ -121.71571, 37.69583 ], [ -121.71608, 37.69567 ] ] } },
{ "type": "Feature", "properties": { "n": "Patterson Pass Road", "h": "art" }, "geometry": { "type": "LineString", "coordinates": [ [ -121.71811, 37.69444 ], [ -121.7176, 37.69449 ], [ -121.71722, 37.69462 ], [ -121.71688, 37.69483 ], [ -121.71646, 37.69521 ] ] } },
{ "type": "Feature", "properties": { "n": "South Vasco Road", "h": "art" }, "geometry": { "type": "LineString", "coordinates": [ [ -121.71814, 37.69652 ], [ -121.71837, 37.69551 ] ] } },
{ "type": "Feature", "properties": { "n": "South Vasco Road", "h": "art" }, "geometry": { "type": "LineString", "coordinates": [ [ -121.71836, 37.69463 ], [ -121.71802, 37.69653 ] ] } },
{ "type": "Feature", "properties": { "n": "Patterson Pass Road", "h": "art" }, "geometry": { "type": "LineString", "coordinates": [ [ -121.71783, 37.69457 ], [ -121.71831, 37.69455 ] ] } },
{ "type": "Feature", "properties": { "n": "Doolittle Drive", "h": "art" }, "geometry": { "type": "LineString", "coordinates": [ [ -122.20183, 37.72665 ], [ -122.20219, 37.72684 ] ] } },
{ "type": "Feature", "properties": { "n": "Patterson Pass Road", "h": "art" }, "geometry": { "type": "LineString", "coordinates": [ [ -121.71608, 37.69567 ], [ -121.717, 37.6949 ], [ -121.71734, 37.69471 ] ] } },
{ "type": "Feature", "properties": { "n": "Patterson Pass Road", "h": "art" }, "geometry": { "type": "LineString", "coordinates": [ [ -121.70671, 37.69591 ], [ -121.70897, 37.69591 ] ] } },
{ "type": "Feature", "properties": { "n": "Patterson Pass Road", "h": "art" }, "geometry": { "type": "LineString", "coordinates": [ [ -121.70422, 37.6959 ], [ -121.70671, 37.69591 ] ] } },
{ "type": "Feature", "properties": { "n": "Patterson Pass Road", "h": "art" }, "geometry": { "type": "LineString", "coordinates": [ [ -121.70149, 37.6959 ], [ -121.70422, 37.6959 ] ] } },
{ "type": "Feature", "properties": { "n": "Patterson Pass Road", "h": "art" }, "geometry": { "type": "LineString", "coordinates": [ [ -121.69923, 37.69589 ], [ -121.70149, 37.6959 ] ] } },
{ "type": "Feature", "properties": { "n": "Patterson Pass Road", "h": "art" }, "geometry": { "type": "LineString", "coordinates": [ [ -121.72135, 37.69481 ], [ -121.72168, 37.69489 ] ] } },
{ "type": "Feature", "properties": { "n": "Patterson Pass Road", "h": "art" }, "geometry": { "type": "LineString", "coordinates": [ [ -121.72244, 37.69495 ], [ -121.72172, 37.69478 ] ] } },
{ "type": "Feature", "properties": { "n": "Patterson Pass Road", "h": "art" }, "geometry": { "type": "LineString", "coordinates": [ [ -121.72456, 37.6954 ], [ -121.72505, 37.6954 ] ] } },
{ "type": "Feature", "properties": { "n": "Mission Boulevard", "h": "art" }, "geometry": { "type": "LineString", "coordinates": [ [ -121.97542, 37.57849 ], [ -121.97628, 37.57869 ] ] } },
{ "type": "Feature", "properties": { "n": "Mission Boulevard", "h": "art" }, "geometry": { "type": "LineString", "coordinates": [ [ -121.97592, 37.57849 ], [ -121.97563, 37.57842 ] ] } },
{ "type": "Feature", "properties": { "n": "Mission Boulevard", "h": "art" }, "geometry": { "type": "LineString", "coordinates": [ [ -121.97657, 37.57874 ], [ -121.97729, 37.57882 ] ] } },
{ "type": "Feature", "properties": { "n": "Hopyard Road", "h": "art" }, "geometry": { "type": "LineString", "coordinates": [ [ -121.9055, 37.70013 ], [ -121.90582, 37.70048 ] ] } },
{ "type": "Feature", "properties": { "n": "Dublin Boulevard", "h": "col" }, "geometry": { "type": "LineString", "coordinates": [ [ -121.93844, 37.70127 ], [ -121.938, 37.7014 ] ] } },
{ "type": "Feature", "properties": { "n": "West Las Positas Boulevard", "h": "art" }, "geometry": { "type": "LineString", "coordinates": [ [ -121.90539, 37.68131 ], [ -121.90488, 37.68163 ], [ -121.90466, 37.6817 ], [ -121.90385, 37.68174 ] ] } },
{ "type": "Feature", "properties": { "n": "West Las Positas Boulevard", "h": "art" }, "geometry": { "type": "LineString", "coordinates": [ [ -121.90404, 37.68189 ], [ -121.90499, 37.68173 ], [ -121.90551, 37.68139 ] ] } },
{ "type": "Feature", "properties": { "n": "98th Avenue", "h": "art" }, "geometry": { "type": "LineString", "coordinates": [ [ -122.19639, 37.72857 ], [ -122.196, 37.72873 ] ] } },
{ "type": "Feature", "properties": { "n": "98th Avenue", "h": "art" }, "geometry": { "type": "LineString", "coordinates": [ [ -122.19754, 37.7281 ], [ -122.19639, 37.72857 ] ] } },
{ "type": "Feature", "properties": { "n": "98th Avenue", "h": "art" }, "geometry": { "type": "LineString", "coordinates": [ [ -122.19793, 37.72794 ], [ -122.19754, 37.7281 ] ] } },
{ "type": "Feature", "properties": { "n": "98th Avenue", "h": "art" }, "geometry": { "type": "LineString", "coordinates": [ [ -122.19865, 37.72763 ], [ -122.19888, 37.7276 ], [ -122.19965, 37.72727 ], [ -122.20018, 37.72697 ], [ -122.2006, 37.72658 ], [ -122.20086, 37.72619 ], [ -122.20103, 37.72576 ], [ -122.20108, 37.72528 ], [ -122.20082, 37.72364 ] ] } },
{ "type": "Feature", "properties": { "n": "98th Avenue", "h": "art" }, "geometry": { "type": "LineString", "coordinates": [ [ -122.19851, 37.72769 ], [ -122.19801, 37.7279 ] ] } },
{ "type": "Feature", "properties": { "n": "Wilma Chan Way", "h": "art" }, "geometry": { "type": "LineString", "coordinates": [ [ -122.275, 37.78058 ], [ -122.27493, 37.78006 ] ] } },
{ "type": "Feature", "properties": { "n": "Atlantic Avenue", "h": "col" }, "geometry": { "type": "LineString", "coordinates": [ [ -122.27583, 37.7797 ], [ -122.27562, 37.77972 ] ] } },
{ "type": "Feature", "properties": { "n": "Ralph Appezzato Memorial Parkway", "h": "col" }, "geometry": { "type": "LineString", "coordinates": [ [ -122.2773, 37.77959 ], [ -122.27702, 37.7796 ] ] } },
{ "type": "Feature", "properties": { "n": "Main Street", "h": "col" }, "geometry": { "type": "LineString", "coordinates": [ [ -122.2914, 37.78489 ], [ -122.2914, 37.78554 ] ] } },
{ "type": "Feature", "properties": { "n": "Main Street", "h": "col" }, "geometry": { "type": "LineString", "coordinates": [ [ -122.29191, 37.78734 ], [ -122.29274, 37.78854 ] ] } },
{ "type": "Feature", "properties": { "n": "Main Street", "h": "col" }, "geometry": { "type": "LineString", "coordinates": [ [ -122.29274, 37.78854 ], [ -122.29299, 37.78885 ] ] } },
{ "type": "Feature", "properties": { "n": "Main Street", "h": "col" }, "geometry": { "type": "LineString", "coordinates": [ [ -122.29163, 37.78687 ], [ -122.29191, 37.78734 ] ] } },
{ "type": "Feature", "properties": { "n": "Main Street", "h": "col" }, "geometry": { "type": "LineString", "coordinates": [ [ -122.29529, 37.78969 ], [ -122.29609, 37.78973 ] ] } },
{ "type": "Feature", "properties": { "n": "Main Street", "h": "col" }, "geometry": { "type": "LineString", "coordinates": [ [ -122.2946, 37.78963 ], [ -122.29529, 37.78969 ] ] } },
{ "type": "Feature", "properties": { "n": "Main Street", "h": "col" }, "geometry": { "type": "LineString", "coordinates": [ [ -122.29135, 37.78094 ], [ -122.29135, 37.7813 ] ] } },
{ "type": "Feature", "properties": { "n": "West Atlantic Avenue", "h": "col" }, "geometry": { "type": "LineString", "coordinates": [ [ -122.2918, 37.77999 ], [ -122.29135, 37.77996 ] ] } },
{ "type": "Feature", "properties": { "n": "Ralph Appezzato Memorial Parkway", "h": "col" }, "geometry": { "type": "LineString", "coordinates": [ [ -122.28984, 37.78001 ], [ -122.29135, 37.78005 ] ] } },
{ "type": "Feature", "properties": { "n": "Owens Drive", "h": "col" }, "geometry": { "type": "LineString", "coordinates": [ [ -121.88207, 37.69138 ], [ -121.88194, 37.69126 ] ] } },
{ "type": "Feature", "properties": { "n": "West Las Positas Boulevard", "h": "art" }, "geometry": { "type": "LineString", "coordinates": [ [ -121.88207, 37.69138 ], [ -121.8823, 37.69118 ] ] } },
{ "type": "Feature", "properties": { "n": "West Las Positas Boulevard", "h": "art" }, "geometry": { "type": "LineString", "coordinates": [ [ -121.88179, 37.69138 ], [ -121.8814, 37.69159 ], [ -121.88061, 37.6919 ], [ -121.88002, 37.69198 ] ] } },
{ "type": "Feature", "properties": { "n": "Mission Boulevard", "h": "art" }, "geometry": { "type": "LineString", "coordinates": [ [ -122.01291, 37.59993 ], [ -122.01444, 37.60133 ] ] } },
{ "type": "Feature", "properties": { "n": "I 880", "h": "fwy" }, "geometry": { "type": "LineString", "coordinates": [ [ -121.95407, 37.49681 ], [ -121.95167, 37.49493 ] ] } },
{ "type": "Feature", "properties": { "n": "Gibraltar Drive", "h": "col" }, "geometry": { "type": "LineString", "coordinates": [ [ -121.90223, 37.69598 ], [ -121.90349, 37.69599 ] ] } },
{ "type": "Feature", "properties": { "n": "Gibraltar Drive", "h": "col" }, "geometry": { "type": "LineString", "coordinates": [ [ -121.8959, 37.69585 ], [ -121.89552, 37.69584 ] ] } },
{ "type": "Feature", "properties": { "n": "Hacienda Drive", "h": "art" }, "geometry": { "type": "LineString", "coordinates": [ [ -121.89472, 37.68703 ], [ -121.89476, 37.68548 ], [ -121.89458, 37.68502 ] ] } },
{ "type": "Feature", "properties": { "n": "Gibraltar Drive", "h": "col" }, "geometry": { "type": "LineString", "coordinates": [ [ -121.89561, 37.68709 ], [ -121.89557, 37.68704 ], [ -121.89472, 37.68703 ] ] } },
{ "type": "Feature", "properties": { "n": "Johnson Drive", "h": "col" }, "geometry": { "type": "LineString", "coordinates": [ [ -121.9173, 37.70128 ], [ -121.91702, 37.70127 ] ] } },
{ "type": "Feature", "properties": { "n": "Johnson Drive", "h": "col" }, "geometry": { "type": "LineString", "coordinates": [ [ -121.91462, 37.69098 ], [ -121.91469, 37.6912 ], [ -121.91491, 37.6914 ] ] } },
{ "type": "Feature", "properties": { "n": "Amador Plaza Road", "h": "col" }, "geometry": { "type": "LineString", "coordinates": [ [ -121.93067, 37.70865 ], [ -121.9305, 37.70852 ] ] } },
{ "type": "Feature", "properties": { "n": "Amador Valley Boulevard", "h": "col" }, "geometry": { "type": "LineString", "coordinates": [ [ -121.9304, 37.70914 ], [ -121.9308, 37.70901 ] ] } },
{ "type": "Feature", "properties": { "n": "Amador Plaza Road", "h": "col" }, "geometry": { "type": "LineString", "coordinates": [ [ -121.92748, 37.70487 ], [ -121.92772, 37.70524 ] ] } },
{ "type": "Feature", "properties": { "n": "Amador Plaza Road", "h": "col" }, "geometry": { "type": "LineString", "coordinates": [ [ -121.928, 37.70548 ], [ -121.92788, 37.70534 ] ] } },
{ "type": "Feature", "properties": { "n": "Amador Plaza Road", "h": "col" }, "geometry": { "type": "LineString", "coordinates": [ [ -121.92772, 37.70524 ], [ -121.92789, 37.7055 ], [ -121.92814, 37.70572 ] ] } },
{ "type": "Feature", "properties": { "n": "Patrick Avenue", "h": "art" }, "geometry": { "type": "LineString", "coordinates": [ [ -122.07943, 37.63248 ], [ -122.07946, 37.6318 ] ] } },
{ "type": "Feature", "properties": { "n": "Fruitvale Avenue", "h": "art" }, "geometry": { "type": "LineString", "coordinates": [ [ -122.22277, 37.78374 ], [ -122.22268, 37.78397 ] ] } },
{ "type": "Feature", "properties": { "n": "Fruitvale Avenue", "h": "art" }, "geometry": { "type": "LineString", "coordinates": [ [ -122.22032, 37.78988 ], [ -122.22016, 37.79031 ] ] } },
{ "type": "Feature", "properties": { "n": "Fruitvale Avenue", "h": "art" }, "geometry": { "type": "LineString", "coordinates": [ [ -122.2226, 37.78416 ], [ -122.22228, 37.78496 ] ] } },
{ "type": "Feature", "properties": { "n": "Embarcadero", "h": "art" }, "geometry": { "type": "LineString", "coordinates": [ [ -122.25549, 37.78903 ], [ -122.2553, 37.789 ] ] } },
{ "type": "Feature", "properties": { "n": "CA 84", "h": "fwy" }, "geometry": { "type": "LineString", "coordinates": [ [ -122.07815, 37.53432 ], [ -122.07971, 37.53393 ], [ -122.08602, 37.53296 ], [ -122.08782, 37.5326 ], [ -122.08913, 37.53221 ], [ -122.0904, 37.53172 ], [ -122.09161, 37.53115 ], [ -122.0928, 37.53046 ], [ -122.09434, 37.52934 ], [ -122.10151, 37.52314 ], [ -122.10242, 37.52228 ], [ -122.10348, 37.52103 ], [ -122.10844, 37.51413 ] ] } },
{ "type": "Feature", "properties": { "n": "Marina Village Parkway", "h": "col" }, "geometry": { "type": "LineString", "coordinates": [ [ -122.2766, 37.78804 ], [ -122.27613, 37.788 ] ] } },
{ "type": "Feature", "properties": { "n": "Fruitvale Avenue", "h": "art" }, "geometry": { "type": "LineString", "coordinates": [ [ -122.22641, 37.77652 ], [ -122.22587, 37.77762 ] ] } },
{ "type": "Feature", "properties": { "n": "Embarcadero", "h": "art" }, "geometry": { "type": "LineString", "coordinates": [ [ -122.25035, 37.78786 ], [ -122.25141, 37.78819 ] ] } },
{ "type": "Feature", "properties": { "n": "International Boulevard", "h": "art" }, "geometry": { "type": "LineString", "coordinates": [ [ -122.22289, 37.77624 ], [ -122.22376, 37.77666 ] ] } },
{ "type": "Feature", "properties": { "n": "35th Avenue", "h": "art" }, "geometry": { "type": "LineString", "coordinates": [ [ -122.22267, 37.77651 ], [ -122.22114, 37.77901 ] ] } },
{ "type": "Feature", "properties": { "n": "Lake Park Avenue", "h": "art" }, "geometry": { "type": "LineString", "coordinates": [ [ -122.24625, 37.81005 ], [ -122.24663, 37.81018 ] ] } },
{ "type": "Feature", "properties": { "n": "Lake Park Avenue", "h": "art" }, "geometry": { "type": "LineString", "coordinates": [ [ -122.24636, 37.80997 ], [ -122.24608, 37.81002 ] ] } },
{ "type": "Feature", "properties": { "n": "Lakeshore Avenue", "h": "art" }, "geometry": { "type": "LineString", "coordinates": [ [ -122.24636, 37.80997 ], [ -122.24694, 37.80957 ] ] } },
{ "type": "Feature", "properties": { "n": "Mariner Square Loop", "h": "col" }, "geometry": { "type": "LineString", "coordinates": [ [ -122.27703, 37.7882 ], [ -122.27729, 37.78825 ] ] } },
{ "type": "Feature", "properties": { "n": "CA 84", "h": "fwy" }, "geometry": { "type": "LineString", "coordinates": [ [ -121.80549, 37.65408 ], [ -121.80549, 37.65471 ] ] } },
{ "type": "Feature", "properties": { "n": "Johnson Drive", "h": "col" }, "geometry": { "type": "LineString", "coordinates": [ [ -121.90681, 37.69228 ], [ -121.90901, 37.69196 ] ] } },
{ "type": "Feature", "properties": { "n": "Coliseum Way", "h": "col" }, "geometry": { "type": "LineString", "coordinates": [ [ -122.20286, 37.7486 ], [ -122.20309, 37.74884 ] ] } },
{ "type": "Feature", "properties": { "n": "Coliseum Way", "h": "col" }, "geometry": { "type": "LineString", "coordinates": [ [ -122.20309, 37.74884 ], [ -122.20327, 37.74903 ] ] } },
{ "type": "Feature", "properties": { "n": "Coliseum Way", "h": "col" }, "geometry": { "type": "LineString", "coordinates": [ [ -122.20327, 37.74903 ], [ -122.20356, 37.74935 ] ] } },
{ "type": "Feature", "properties": { "n": "Fremont Boulevard", "h": "art" }, "geometry": { "type": "LineString", "coordinates": [ [ -121.95008, 37.5105 ], [ -121.9504, 37.51104 ] ] } },
{ "type": "Feature", "properties": { "n": "Frontage Road", "h": "art" }, "geometry": { "type": "LineString", "coordinates": [ [ -122.2972, 37.81628 ], [ -122.29818, 37.81557 ] ] } },
{ "type": "Feature", "properties": { "n": "International Boulevard", "h": "art" }, "geometry": { "type": "LineString", "coordinates": [ [ -122.18124, 37.75642 ], [ -122.18098, 37.75629 ] ] } },
{ "type": "Feature", "properties": { "n": "35th Avenue", "h": "art" }, "geometry": { "type": "LineString", "coordinates": [ [ -122.21939, 37.78187 ], [ -122.21913, 37.78221 ] ] } },
{ "type": "Feature", "properties": { "n": "Thornton Avenue", "h": "art" }, "geometry": { "type": "LineString", "coordinates": [ [ -122.05786, 37.52712 ], [ -122.05567, 37.52626 ] ] } },
{ "type": "Feature", "properties": { "n": "Cherry Street", "h": "art" }, "geometry": { "type": "LineString", "coordinates": [ [ -122.00206, 37.51789 ], [ -122.00249, 37.51805 ] ] } },
{ "type": "Feature", "properties": { "n": "Cherry Street", "h": "art" }, "geometry": { "type": "LineString", "coordinates": [ [ -122.00394, 37.51839 ], [ -122.0021, 37.51774 ], [ -122.00138, 37.5174 ] ] } },
{ "type": "Feature", "properties": { "n": "Dublin Boulevard", "h": "art" }, "geometry": { "type": "LineString", "coordinates": [ [ -121.91642, 37.70448 ], [ -121.91623, 37.70444 ] ] } },
{ "type": "Feature", "properties": { "n": "Fruitvale Avenue", "h": "art" }, "geometry": { "type": "LineString", "coordinates": [ [ -122.21892, 37.7934 ], [ -122.21795, 37.79584 ] ] } },
{ "type": "Feature", "properties": { "n": "Doolittle Drive", "h": "art" }, "geometry": { "type": "LineString", "coordinates": [ [ -122.20219, 37.72684 ], [ -122.20264, 37.72708 ] ] } },
{ "type": "Feature", "properties": { "n": "Doolittle Drive", "h": "art" }, "geometry": { "type": "LineString", "coordinates": [ [ -122.22658, 37.74524 ], [ -122.22619, 37.74526 ] ] } },
{ "type": "Feature", "properties": { "n": "Doolittle Drive", "h": "art" }, "geometry": { "type": "LineString", "coordinates": [ [ -122.22574, 37.74527 ], [ -122.22549, 37.74528 ] ] } },
{ "type": "Feature", "properties": { "n": "Hegenberger Road", "h": "art" }, "geometry": { "type": "LineString", "coordinates": [ [ -122.19909, 37.73184 ], [ -122.19922, 37.73157 ] ] } },
{ "type": "Feature", "properties": { "n": "Gateway Boulevard", "h": "col" }, "geometry": { "type": "LineString", "coordinates": [ [ -122.06302, 37.53727 ], [ -122.06329, 37.53683 ], [ -122.06356, 37.5366 ], [ -122.06422, 37.53627 ] ] } },
{ "type": "Feature", "properties": { "n": "Jarvis Avenue", "h": "art" }, "geometry": { "type": "LineString", "coordinates": [ [ -122.06288, 37.53724 ], [ -122.06162, 37.53699 ], [ -122.06083, 37.53704 ] ] } },
{ "type": "Feature", "properties": { "n": "Bernal Avenue", "h": "art" }, "geometry": { "type": "LineString", "coordinates": [ [ -121.89793, 37.65804 ], [ -121.89777, 37.6581 ] ] } },
{ "type": "Feature", "properties": { "n": "Doolittle Drive", "h": "art" }, "geometry": { "type": "LineString", "coordinates": [ [ -122.21192, 37.73431 ], [ -122.21144, 37.73321 ] ] } },
{ "type": "Feature", "properties": { "n": "Doolittle Drive", "h": "art" }, "geometry": { "type": "LineString", "coordinates": [ [ -122.22512, 37.74544 ], [ -122.22552, 37.74542 ] ] } },
{ "type": "Feature", "properties": { "n": "Doolittle Drive", "h": "art" }, "geometry": { "type": "LineString", "coordinates": [ [ -122.21513, 37.73912 ], [ -122.21438, 37.73821 ] ] } },
{ "type": "Feature", "properties": { "n": "Eastshore Highway", "h": "col" }, "geometry": { "type": "LineString", "coordinates": [ [ -122.30387, 37.86855 ], [ -122.30385, 37.86839 ] ] } },
{ "type": "Feature", "properties": { "n": "Eastshore Highway", "h": "col" }, "geometry": { "type": "LineString", "coordinates": [ [ -122.30777, 37.88196 ], [ -122.30725, 37.88007 ] ] } },
{ "type": "Feature", "properties": { "n": "Hearst Avenue", "h": "col" }, "geometry": { "type": "LineString", "coordinates": [ [ -122.30342, 37.86825 ], [ -122.3032, 37.86829 ] ] } },
{ "type": "Feature", "properties": { "n": "Hearst Avenue", "h": "col" }, "geometry": { "type": "LineString", "coordinates": [ [ -122.3037, 37.86827 ], [ -122.30387, 37.86855 ] ] } },
{ "type": "Feature", "properties": { "n": "Hearst Avenue", "h": "col" }, "geometry": { "type": "LineString", "coordinates": [ [ -122.30342, 37.86825 ], [ -122.3037, 37.86827 ] ] } },
{ "type": "Feature", "properties": { "n": "Hearst Avenue", "h": "col" }, "geometry": { "type": "LineString", "coordinates": [ [ -122.30369, 37.8682 ], [ -122.30342, 37.86825 ] ] } },
{ "type": "Feature", "properties": { "n": "Newark Boulevard", "h": "art" }, "geometry": { "type": "LineString", "coordinates": [ [ -122.0264, 37.53465 ], [ -122.02469, 37.53374 ] ] } },
{ "type": "Feature", "properties": { "n": "Embarcadero", "h": "art" }, "geometry": { "type": "LineString", "coordinates": [ [ -122.26144, 37.79064 ], [ -122.26202, 37.79071 ] ] } },
{ "type": "Feature", "properties": { "n": "Hegenberger Road", "h": "art" }, "geometry": { "type": "LineString", "coordinates": [ [ -122.19694, 37.73708 ], [ -122.19697, 37.73692 ] ] } },
{ "type": "Feature", "properties": { "n": "Bernal Avenue", "h": "art" }, "geometry": { "type": "LineString", "coordinates": [ [ -121.90037, 37.65711 ], [ -121.90009, 37.65722 ] ] } },
{ "type": "Feature", "properties": { "n": "Bernal Avenue", "h": "art" }, "geometry": { "type": "LineString", "coordinates": [ [ -121.9, 37.65725 ], [ -121.89977, 37.65734 ] ] } },
{ "type": "Feature", "properties": { "n": "International Boulevard", "h": "art" }, "geometry": { "type": "LineString", "coordinates": [ [ -122.22649, 37.77786 ], [ -122.226, 37.77763 ], [ -122.22587, 37.77762 ] ] } },
{ "type": "Feature", "properties": { "n": "International Boulevard", "h": "art" }, "geometry": { "type": "LineString", "coordinates": [ [ -122.22091, 37.77519 ], [ -122.22052, 37.77502 ] ] } },
{ "type": "Feature", "properties": { "n": "Grand Avenue", "h": "art" }, "geometry": { "type": "LineString", "coordinates": [ [ -122.24848, 37.81069 ], [ -122.24867, 37.81041 ] ] } },
{ "type": "Feature", "properties": { "n": "Hegenberger Road", "h": "art" }, "geometry": { "type": "LineString", "coordinates": [ [ -122.20172, 37.7266 ], [ -122.20174, 37.72644 ] ] } },
{ "type": "Feature", "properties": { "n": "Hegenberger Road", "h": "art" }, "geometry": { "type": "LineString", "coordinates": [ [ -122.19775, 37.73432 ], [ -122.19767, 37.7345 ] ] } },
{ "type": "Feature", "properties": { "n": "Hegenberger Road", "h": "art" }, "geometry": { "type": "LineString", "coordinates": [ [ -122.19793, 37.73391 ], [ -122.19775, 37.73432 ] ] } },
{ "type": "Feature", "properties": { "n": "Hegenberger Road", "h": "art" }, "geometry": { "type": "LineString", "coordinates": [ [ -122.19695, 37.73617 ], [ -122.19686, 37.73649 ] ] } },
{ "type": "Feature", "properties": { "n": "Hegenberger Road", "h": "art" }, "geometry": { "type": "LineString", "coordinates": [ [ -122.19598, 37.74472 ], [ -122.19596, 37.74527 ] ] } },
{ "type": "Feature", "properties": { "n": "Hegenberger Road", "h": "art" }, "geometry": { "type": "LineString", "coordinates": [ [ -122.19596, 37.74527 ], [ -122.19596, 37.74547 ] ] } },
{ "type": "Feature", "properties": { "n": "Hegenberger Road", "h": "art" }, "geometry": { "type": "LineString", "coordinates": [ [ -122.19596, 37.74547 ], [ -122.19595, 37.74648 ] ] } },
{ "type": "Feature", "properties": { "n": "Industrial Boulevard", "h": "art" }, "geometry": { "type": "LineString", "coordinates": [ [ -122.09233, 37.6167 ], [ -122.09321, 37.61696 ], [ -122.09491, 37.61789 ], [ -122.09519, 37.61799 ] ] } },
{ "type": "Feature", "properties": { "n": "Doolittle Drive", "h": "art" }, "geometry": { "type": "LineString", "coordinates": [ [ -122.20367, 37.72749 ], [ -122.20272, 37.72696 ] ] } },
{ "type": "Feature", "properties": { "n": "Fruitvale Avenue", "h": "art" }, "geometry": { "type": "LineString", "coordinates": [ [ -122.21668, 37.79908 ], [ -122.21683, 37.79889 ] ] } },
{ "type": "Feature", "properties": { "n": "Mandela Parkway", "h": "art" }, "geometry": { "type": "LineString", "coordinates": [ [ -122.28962, 37.81698 ], [ -122.28963, 37.81683 ] ] } },
{ "type": "Feature", "properties": { "n": "Silvergate Drive", "h": "col" }, "geometry": { "type": "LineString", "coordinates": [ [ -121.93916, 37.70892 ], [ -121.93885, 37.70892 ] ] } },
{ "type": "Feature", "properties": { "n": "Mandela Parkway", "h": "art" }, "geometry": { "type": "LineString", "coordinates": [ [ -122.28898, 37.81983 ], [ -122.28886, 37.82141 ] ] } },
{ "type": "Feature", "properties": { "n": "Mandela Parkway", "h": "art" }, "geometry": { "type": "LineString", "coordinates": [ [ -122.2888, 37.82226 ], [ -122.28878, 37.82339 ], [ -122.28905, 37.82418 ] ] } },
{ "type": "Feature", "properties": { "n": "Dublin Boulevard", "h": "art" }, "geometry": { "type": "LineString", "coordinates": [ [ -121.91351, 37.70392 ], [ -121.91392, 37.70402 ] ] } },
{ "type": "Feature", "properties": { "n": "Dublin Boulevard", "h": "art" }, "geometry": { "type": "LineString", "coordinates": [ [ -121.91288, 37.70369 ], [ -121.91186, 37.70377 ] ] } },
{ "type": "Feature", "properties": { "n": "Dublin Boulevard", "h": "art" }, "geometry": { "type": "LineString", "coordinates": [ [ -121.91392, 37.70402 ], [ -121.91618, 37.70454 ] ] } },
{ "type": "Feature", "properties": { "n": "Embarcadero", "h": "art" }, "geometry": { "type": "LineString", "coordinates": [ [ -122.25959, 37.79 ], [ -122.26006, 37.7902 ] ] } },
{ "type": "Feature", "properties": { "n": "Embarcadero", "h": "art" }, "geometry": { "type": "LineString", "coordinates": [ [ -122.25938, 37.78993 ], [ -122.25959, 37.79 ] ] } },
{ "type": "Feature", "properties": { "n": "Embarcadero West", "h": "art" }, "geometry": { "type": "LineString", "coordinates": [ [ -122.26586, 37.7914 ], [ -122.26614, 37.79151 ] ] } },
{ "type": "Feature", "properties": { "n": "International Boulevard", "h": "art" }, "geometry": { "type": "LineString", "coordinates": [ [ -122.20026, 37.76541 ], [ -122.19993, 37.7653 ] ] } },
{ "type": "Feature", "properties": { "n": "Willow Road", "h": "col" }, "geometry": { "type": "LineString", "coordinates": [ [ -121.89829, 37.69988 ], [ -121.89829, 37.69853 ], [ -121.89822, 37.69842 ] ] } },
{ "type": "Feature", "properties": { "n": "Grand Avenue", "h": "art" }, "geometry": { "type": "LineString", "coordinates": [ [ -122.24734, 37.81247 ], [ -122.24725, 37.81262 ] ] } },
{ "type": "Feature", "properties": { "n": "Embarcadero", "h": "art" }, "geometry": { "type": "LineString", "coordinates": [ [ -122.26041, 37.79025 ], [ -122.26009, 37.7901 ] ] } },
{ "type": "Feature", "properties": { "n": "Santa Rita Road", "h": "art" }, "geometry": { "type": "LineString", "coordinates": [ [ -121.8783, 37.6901 ], [ -121.87837, 37.69068 ] ] } },
{ "type": "Feature", "properties": { "n": "Santa Rita Road", "h": "art" }, "geometry": { "type": "LineString", "coordinates": [ [ -121.87837, 37.69068 ], [ -121.87837, 37.69084 ] ] } },
{ "type": "Feature", "properties": { "n": "Santa Rita Road", "h": "art" }, "geometry": { "type": "LineString", "coordinates": [ [ -121.87839, 37.69145 ], [ -121.87839, 37.69178 ] ] } },
{ "type": "Feature", "properties": { "n": "Blacow Road", "h": "art" }, "geometry": { "type": "LineString", "coordinates": [ [ -121.95964, 37.52368 ], [ -121.95843, 37.52383 ] ] } },
{ "type": "Feature", "properties": { "n": "Blacow Road", "h": "art" }, "geometry": { "type": "LineString", "coordinates": [ [ -121.95843, 37.52383 ], [ -121.95765, 37.52392 ] ] } },
{ "type": "Feature", "properties": { "n": "Fremont Boulevard", "h": "art" }, "geometry": { "type": "LineString", "coordinates": [ [ -121.95767, 37.52406 ], [ -121.95765, 37.52392 ] ] } },
{ "type": "Feature", "properties": { "n": "Coliseum Way", "h": "col" }, "geometry": { "type": "LineString", "coordinates": [ [ -122.2065, 37.75384 ], [ -122.20654, 37.75398 ] ] } },
{ "type": "Feature", "properties": { "n": "Coliseum Way", "h": "col" }, "geometry": { "type": "LineString", "coordinates": [ [ -122.20633, 37.75314 ], [ -122.20638, 37.75335 ] ] } },
{ "type": "Feature", "properties": { "n": "Dublin Boulevard", "h": "art" }, "geometry": { "type": "LineString", "coordinates": [ [ -121.90081, 37.70581 ], [ -121.89998, 37.70581 ] ] } },
{ "type": "Feature", "properties": { "n": "Hopyard Road", "h": "art" }, "geometry": { "type": "LineString", "coordinates": [ [ -121.90513, 37.69936 ], [ -121.90455, 37.69868 ] ] } },
{ "type": "Feature", "properties": { "n": "Dougherty Road", "h": "art" }, "geometry": { "type": "LineString", "coordinates": [ [ -121.91017, 37.70598 ], [ -121.91019, 37.70617 ] ] } },
{ "type": "Feature", "properties": { "n": "Concannon Boulevard", "h": "art" }, "geometry": { "type": "LineString", "coordinates": [ [ -121.74975, 37.66917 ], [ -121.7495, 37.6696 ] ] } },
{ "type": "Feature", "properties": { "n": "Concannon Boulevard", "h": "art" }, "geometry": { "type": "LineString", "coordinates": [ [ -121.74978, 37.66668 ], [ -121.74978, 37.66698 ] ] } },
{ "type": "Feature", "properties": { "n": "Arroyo Road", "h": "col" }, "geometry": { "type": "LineString", "coordinates": [ [ -121.76828, 37.67188 ], [ -121.76818, 37.67168 ] ] } },
{ "type": "Feature", "properties": { "n": "North Mines Road", "h": "art" }, "geometry": { "type": "LineString", "coordinates": [ [ -121.74633, 37.6936 ], [ -121.74613, 37.69333 ] ] } },
{ "type": "Feature", "properties": { "n": "North Mines Road", "h": "art" }, "geometry": { "type": "LineString", "coordinates": [ [ -121.74613, 37.69333 ], [ -121.74568, 37.69267 ] ] } },
{ "type": "Feature", "properties": { "n": "North Mines Road", "h": "art" }, "geometry": { "type": "LineString", "coordinates": [ [ -121.74472, 37.6915 ], [ -121.74488, 37.69174 ] ] } },
{ "type": "Feature", "properties": { "n": "North Mines Road", "h": "art" }, "geometry": { "type": "LineString", "coordinates": [ [ -121.74498, 37.69189 ], [ -121.74514, 37.69214 ] ] } },
{ "type": "Feature", "properties": { "n": "North Mines Road", "h": "art" }, "geometry": { "type": "LineString", "coordinates": [ [ -121.74514, 37.69214 ], [ -121.74554, 37.69273 ] ] } },
{ "type": "Feature", "properties": { "n": "North Mines Road", "h": "art" }, "geometry": { "type": "LineString", "coordinates": [ [ -121.74554, 37.69273 ], [ -121.74585, 37.69319 ] ] } },
{ "type": "Feature", "properties": { "n": "East Stanley Boulevard", "h": "art" }, "geometry": { "type": "LineString", "coordinates": [ [ -121.78249, 37.67893 ], [ -121.78299, 37.67883 ] ] } },
{ "type": "Feature", "properties": { "n": "East Stanley Boulevard", "h": "art" }, "geometry": { "type": "LineString", "coordinates": [ [ -121.78299, 37.67883 ], [ -121.7835, 37.67873 ] ] } },
{ "type": "Feature", "properties": { "n": "East Stanley Boulevard", "h": "art" }, "geometry": { "type": "LineString", "coordinates": [ [ -121.7835, 37.67873 ], [ -121.78451, 37.67854 ] ] } },
{ "type": "Feature", "properties": { "n": "East Stanley Boulevard", "h": "art" }, "geometry": { "type": "LineString", "coordinates": [ [ -121.78451, 37.67854 ], [ -121.78527, 37.67841 ] ] } },
{ "type": "Feature", "properties": { "n": "East Stanley Boulevard", "h": "art" }, "geometry": { "type": "LineString", "coordinates": [ [ -121.7862, 37.6783 ], [ -121.78665, 37.67824 ] ] } },
{ "type": "Feature", "properties": { "n": "East Stanley Boulevard", "h": "art" }, "geometry": { "type": "LineString", "coordinates": [ [ -121.78525, 37.67829 ], [ -121.78396, 37.6785 ] ] } },
{ "type": "Feature", "properties": { "n": "East Stanley Boulevard", "h": "art" }, "geometry": { "type": "LineString", "coordinates": [ [ -121.78396, 37.6785 ], [ -121.7835, 37.67859 ] ] } },
{ "type": "Feature", "properties": { "n": "Murrieta Boulevard", "h": "art" }, "geometry": { "type": "LineString", "coordinates": [ [ -121.78773, 37.67829 ], [ -121.78766, 37.67812 ] ] } },
{ "type": "Feature", "properties": { "n": "Murrieta Boulevard", "h": "art" }, "geometry": { "type": "LineString", "coordinates": [ [ -121.78579, 37.67603 ], [ -121.78524, 37.67585 ] ] } },
{ "type": "Feature", "properties": { "n": "South Vasco Road", "h": "art" }, "geometry": { "type": "LineString", "coordinates": [ [ -121.71869, 37.68097 ], [ -121.7187, 37.68084 ] ] } },
{ "type": "Feature", "properties": { "n": "I 80", "h": "fwy" }, "geometry": { "type": "LineString", "coordinates": [ [ -122.31746, 37.82398 ], [ -122.31825, 37.82381 ] ] } },
{ "type": "Feature", "properties": { "n": "Santa Rita Road", "h": "art" }, "geometry": { "type": "LineString", "coordinates": [ [ -121.87853, 37.69045 ], [ -121.87849, 37.69008 ] ] } },
{ "type": "Feature", "properties": { "n": "Hopyard Road", "h": "art" }, "geometry": { "type": "LineString", "coordinates": [ [ -121.90371, 37.69724 ], [ -121.9037, 37.69701 ] ] } },
{ "type": "Feature", "properties": { "n": "Hopyard Road", "h": "art" }, "geometry": { "type": "LineString", "coordinates": [ [ -121.9037, 37.69701 ], [ -121.9037, 37.69684 ] ] } },
{ "type": "Feature", "properties": { "n": "Hopyard Road", "h": "art" }, "geometry": { "type": "LineString", "coordinates": [ [ -121.9037, 37.69684 ], [ -121.90371, 37.6965 ] ] } },
{ "type": "Feature", "properties": { "n": "Grimmer Boulevard", "h": "art" }, "geometry": { "type": "LineString", "coordinates": [ [ -121.96362, 37.51013 ], [ -121.96352, 37.50999 ] ] } },
{ "type": "Feature", "properties": { "n": "El Charro Road", "h": "art" }, "geometry": { "type": "LineString", "coordinates": [ [ -121.84826, 37.69914 ], [ -121.84823, 37.69883 ] ] } },
{ "type": "Feature", "properties": { "n": "Decoto Road", "h": "art" }, "geometry": { "type": "LineString", "coordinates": [ [ -122.01645, 37.6015 ], [ -122.01618, 37.60188 ] ] } },
{ "type": "Feature", "properties": { "n": "Hopyard Road", "h": "art" }, "geometry": { "type": "LineString", "coordinates": [ [ -121.90379, 37.69805 ], [ -121.90411, 37.69843 ] ] } },
{ "type": "Feature", "properties": { "n": "Gibraltar Drive", "h": "col" }, "geometry": { "type": "LineString", "coordinates": [ [ -121.90349, 37.69599 ], [ -121.90372, 37.69599 ] ] } },
{ "type": "Feature", "properties": { "n": "Hopyard Road", "h": "art" }, "geometry": { "type": "LineString", "coordinates": [ [ -121.90349, 37.69599 ], [ -121.90349, 37.69636 ] ] } },
{ "type": "Feature", "properties": { "n": "Hopyard Road", "h": "art" }, "geometry": { "type": "LineString", "coordinates": [ [ -121.90374, 37.6947 ], [ -121.90375, 37.69428 ] ] } },
{ "type": "Feature", "properties": { "n": "Dublin Boulevard", "h": "art" }, "geometry": { "type": "LineString", "coordinates": [ [ -121.91409, 37.70393 ], [ -121.91355, 37.70381 ] ] } },
{ "type": "Feature", "properties": { "n": "Las Positas Road", "h": "art" }, "geometry": { "type": "LineString", "coordinates": [ [ -121.74271, 37.69824 ], [ -121.7422, 37.69795 ], [ -121.74204, 37.69774 ] ] } },
{ "type": "Feature", "properties": { "n": "Las Positas Road", "h": "art" }, "geometry": { "type": "LineString", "coordinates": [ [ -121.74193, 37.69753 ], [ -121.7419, 37.69718 ] ] } },
{ "type": "Feature", "properties": { "n": "Las Positas Road", "h": "art" }, "geometry": { "type": "LineString", "coordinates": [ [ -121.7419, 37.69718 ], [ -121.74188, 37.69681 ] ] } },
{ "type": "Feature", "properties": { "n": "Las Positas Road", "h": "art" }, "geometry": { "type": "LineString", "coordinates": [ [ -121.74185, 37.69638 ], [ -121.74171, 37.69684 ], [ -121.74171, 37.69718 ] ] } },
{ "type": "Feature", "properties": { "n": "Las Positas Road", "h": "art" }, "geometry": { "type": "LineString", "coordinates": [ [ -121.74171, 37.69718 ], [ -121.74173, 37.69748 ], [ -121.74184, 37.69776 ] ] } },
{ "type": "Feature", "properties": { "n": "Dublin Boulevard", "h": "art" }, "geometry": { "type": "LineString", "coordinates": [ [ -121.91809, 37.70485 ], [ -121.91774, 37.70477 ] ] } },
{ "type": "Feature", "properties": { "n": "Mission Boulevard", "h": "art" }, "geometry": { "type": "LineString", "coordinates": [ [ -121.9739, 37.5778 ], [ -121.97371, 37.57771 ] ] } },
{ "type": "Feature", "properties": { "n": "66th Avenue", "h": "col" }, "geometry": { "type": "LineString", "coordinates": [ [ -122.20728, 37.75424 ], [ -122.20708, 37.75425 ] ] } },
{ "type": "Feature", "properties": { "n": "Grand Avenue", "h": "art" }, "geometry": { "type": "LineString", "coordinates": [ [ -122.26143, 37.81075 ], [ -122.26112, 37.81064 ] ] } },
{ "type": "Feature", "properties": { "n": "Fremont Boulevard", "h": "art" }, "geometry": { "type": "LineString", "coordinates": [ [ -121.92664, 37.45653 ], [ -121.927, 37.45533 ] ] } },
{ "type": "Feature", "properties": { "n": "Lakeshore Avenue", "h": "art" }, "geometry": { "type": "LineString", "coordinates": [ [ -122.24941, 37.80794 ], [ -122.24948, 37.80776 ] ] } },
{ "type": "Feature", "properties": { "n": "Fruitvale Avenue", "h": "art" }, "geometry": { "type": "LineString", "coordinates": [ [ -122.21676, 37.79878 ], [ -122.2167, 37.79892 ] ] } },
{ "type": "Feature", "properties": { "n": "Fruitvale Avenue", "h": "art" }, "geometry": { "type": "LineString", "coordinates": [ [ -122.21702, 37.79815 ], [ -122.21681, 37.79866 ] ] } },
{ "type": "Feature", "properties": { "n": "International Boulevard", "h": "art" }, "geometry": { "type": "LineString", "coordinates": [ [ -122.18411, 37.75773 ], [ -122.1837, 37.75753 ], [ -122.18354, 37.75752 ] ] } },
{ "type": "Feature", "properties": { "n": "International Boulevard", "h": "art" }, "geometry": { "type": "LineString", "coordinates": [ [ -122.18164, 37.75661 ], [ -122.18124, 37.75642 ] ] } },
{ "type": "Feature", "properties": { "n": "International Boulevard", "h": "art" }, "geometry": { "type": "LineString", "coordinates": [ [ -122.18034, 37.75599 ], [ -122.18022, 37.75587 ], [ -122.17957, 37.75555 ] ] } },
{ "type": "Feature", "properties": { "n": "Washington Avenue", "h": "art" }, "geometry": { "type": "LineString", "coordinates": [ [ -122.13718, 37.68007 ], [ -122.13709, 37.67985 ] ] } },
{ "type": "Feature", "properties": { "n": "Dixon Landing Road", "h": "art" }, "geometry": { "type": "LineString", "coordinates": [ [ -121.92443, 37.45452 ], [ -121.92488, 37.45464 ] ] } },
{ "type": "Feature", "properties": { "n": "Lakeshore Avenue", "h": "art" }, "geometry": { "type": "LineString", "coordinates": [ [ -122.24935, 37.80785 ], [ -122.24922, 37.80806 ] ] } },
{ "type": "Feature", "properties": { "n": "Castro Valley Boulevard", "h": "art" }, "geometry": { "type": "LineString", "coordinates": [ [ -122.0841, 37.69495 ], [ -122.08329, 37.69517 ] ] } },
{ "type": "Feature", "properties": { "n": "Castro Valley Boulevard", "h": "art" }, "geometry": { "type": "LineString", "coordinates": [ [ -122.08431, 37.69489 ], [ -122.0841, 37.69495 ] ] } },
{ "type": "Feature", "properties": { "n": "Castro Valley Boulevard", "h": "art" }, "geometry": { "type": "LineString", "coordinates": [ [ -122.08429, 37.69502 ], [ -122.08488, 37.69485 ] ] } },
{ "type": "Feature", "properties": { "n": "Embarcadero", "h": "art" }, "geometry": { "type": "LineString", "coordinates": [ [ -122.26086, 37.79043 ], [ -122.26041, 37.79025 ] ] } },
{ "type": "Feature", "properties": { "n": "Bancroft Way", "h": "col" }, "geometry": { "type": "LineString", "coordinates": [ [ -122.21088, 37.77126 ], [ -122.21025, 37.77154 ] ] } },
{ "type": "Feature", "properties": { "n": "Industrial Parkway West", "h": "art" }, "geometry": { "type": "LineString", "coordinates": [ [ -122.07054, 37.61738 ], [ -122.06994, 37.61741 ] ] } },
{ "type": "Feature", "properties": { "n": "Bernal Avenue", "h": "art" }, "geometry": { "type": "LineString", "coordinates": [ [ -121.89834, 37.65808 ], [ -121.89908, 37.65778 ] ] } },
{ "type": "Feature", "properties": { "n": "Harrison Street", "h": "col" }, "geometry": { "type": "LineString", "coordinates": [ [ -122.26319, 37.80893 ], [ -122.26329, 37.80876 ] ] } },
{ "type": "Feature", "properties": { "n": "International Boulevard", "h": "art" }, "geometry": { "type": "LineString", "coordinates": [ [ -122.21797, 37.77389 ], [ -122.21838, 37.77408 ] ] } },
{ "type": "Feature", "properties": { "n": "Stoneridge Drive", "h": "art" }, "geometry": { "type": "LineString", "coordinates": [ [ -121.9038, 37.69158 ], [ -121.90436, 37.69158 ] ] } },
{ "type": "Feature", "properties": { "n": "Stoneridge Drive", "h": "art" }, "geometry": { "type": "LineString", "coordinates": [ [ -121.90458, 37.69158 ], [ -121.90504, 37.69158 ] ] } },
{ "type": "Feature", "properties": { "n": "Stoneridge Drive", "h": "art" }, "geometry": { "type": "LineString", "coordinates": [ [ -121.90436, 37.69158 ], [ -121.90458, 37.69158 ] ] } },
{ "type": "Feature", "properties": { "n": "Stoneridge Drive", "h": "art" }, "geometry": { "type": "LineString", "coordinates": [ [ -121.91472, 37.69012 ], [ -121.9129, 37.69 ], [ -121.91244, 37.69004 ], [ -121.91003, 37.69056 ] ] } },
{ "type": "Feature", "properties": { "n": "Stoneridge Drive", "h": "art" }, "geometry": { "type": "LineString", "coordinates": [ [ -121.91003, 37.69056 ], [ -121.90983, 37.6906 ] ] } },
{ "type": "Feature", "properties": { "n": "Stoneridge Drive", "h": "art" }, "geometry": { "type": "LineString", "coordinates": [ [ -121.90983, 37.6906 ], [ -121.90891, 37.69078 ] ] } },
{ "type": "Feature", "properties": { "n": "Stoneridge Drive", "h": "art" }, "geometry": { "type": "LineString", "coordinates": [ [ -121.90455, 37.6914 ], [ -121.9038, 37.6914 ] ] } },
{ "type": "Feature", "properties": { "n": "Stoneridge Drive", "h": "art" }, "geometry": { "type": "LineString", "coordinates": [ [ -121.90499, 37.6914 ], [ -121.90455, 37.6914 ] ] } },
{ "type": "Feature", "properties": { "n": "Fremont Boulevard", "h": "art" }, "geometry": { "type": "LineString", "coordinates": [ [ -121.95097, 37.512 ], [ -121.95104, 37.51213 ] ] } },
{ "type": "Feature", "properties": { "n": "Owens Drive", "h": "col" }, "geometry": { "type": "LineString", "coordinates": [ [ -121.90401, 37.69879 ], [ -121.90353, 37.69903 ] ] } },
{ "type": "Feature", "properties": { "n": "Owens Drive", "h": "col" }, "geometry": { "type": "LineString", "coordinates": [ [ -121.90353, 37.69903 ], [ -121.90298, 37.69931 ] ] } },
{ "type": "Feature", "properties": { "n": "Owens Drive", "h": "col" }, "geometry": { "type": "LineString", "coordinates": [ [ -121.90285, 37.69938 ], [ -121.90213, 37.69972 ], [ -121.90157, 37.69986 ] ] } },
{ "type": "Feature", "properties": { "n": "Owens Drive", "h": "col" }, "geometry": { "type": "LineString", "coordinates": [ [ -121.90157, 37.69986 ], [ -121.901, 37.69987 ] ] } },
{ "type": "Feature", "properties": { "n": "Owens Drive", "h": "col" }, "geometry": { "type": "LineString", "coordinates": [ [ -121.90017, 37.69984 ], [ -121.89998, 37.69984 ] ] } },
{ "type": "Feature", "properties": { "n": "Hopyard Road", "h": "art" }, "geometry": { "type": "LineString", "coordinates": [ [ -121.90396, 37.68281 ], [ -121.90404, 37.68189 ] ] } },
{ "type": "Feature", "properties": { "n": "University Avenue", "h": "col" }, "geometry": { "type": "LineString", "coordinates": [ [ -122.3113, 37.86491 ], [ -122.31112, 37.865 ] ] } },
{ "type": "Feature", "properties": { "n": "Stoneridge Drive", "h": "art" }, "geometry": { "type": "LineString", "coordinates": [ [ -121.90011, 37.69152 ], [ -121.90068, 37.69152 ] ] } },
{ "type": "Feature", "properties": { "n": "Stoneridge Drive", "h": "art" }, "geometry": { "type": "LineString", "coordinates": [ [ -121.90068, 37.69152 ], [ -121.90127, 37.69153 ] ] } },
{ "type": "Feature", "properties": { "n": "Stoneridge Drive", "h": "art" }, "geometry": { "type": "LineString", "coordinates": [ [ -121.90139, 37.69153 ], [ -121.90182, 37.69154 ] ] } },
{ "type": "Feature", "properties": { "n": "Stoneridge Drive", "h": "art" }, "geometry": { "type": "LineString", "coordinates": [ [ -121.9026, 37.69156 ], [ -121.90326, 37.69158 ] ] } },
{ "type": "Feature", "properties": { "n": "International Boulevard", "h": "art" }, "geometry": { "type": "LineString", "coordinates": [ [ -122.22323, 37.7763 ], [ -122.22275, 37.77608 ] ] } },
{ "type": "Feature", "properties": { "n": "International Boulevard", "h": "art" }, "geometry": { "type": "LineString", "coordinates": [ [ -122.22784, 37.77852 ], [ -122.22728, 37.77824 ] ] } },
{ "type": "Feature", "properties": { "n": "International Boulevard", "h": "art" }, "geometry": { "type": "LineString", "coordinates": [ [ -122.22737, 37.7784 ], [ -122.22781, 37.77861 ] ] } },
{ "type": "Feature", "properties": { "n": "International Boulevard", "h": "art" }, "geometry": { "type": "LineString", "coordinates": [ [ -122.21719, 37.77351 ], [ -122.21797, 37.77389 ] ] } },
{ "type": "Feature", "properties": { "n": "Marina Village Parkway", "h": "col" }, "geometry": { "type": "LineString", "coordinates": [ [ -122.27524, 37.78247 ], [ -122.27529, 37.78231 ], [ -122.27523, 37.78195 ] ] } },
{ "type": "Feature", "properties": { "n": "CA 84", "h": "fwy" }, "geometry": { "type": "LineString", "coordinates": [ [ -121.80369, 37.69928 ], [ -121.80271, 37.70013 ] ] } },
{ "type": "Feature", "properties": { "n": "Stevenson Boulevard", "h": "art" }, "geometry": { "type": "LineString", "coordinates": [ [ -121.96883, 37.55367 ], [ -121.96808, 37.55398 ] ] } },
{ "type": "Feature", "properties": { "n": "Dublin Boulevard", "h": "art" }, "geometry": { "type": "LineString", "coordinates": [ [ -121.90812, 37.70573 ], [ -121.9086, 37.70555 ] ] } },
{ "type": "Feature", "properties": { "n": "International Boulevard", "h": "art" }, "geometry": { "type": "LineString", "coordinates": [ [ -122.17899, 37.75539 ], [ -122.1795, 37.75565 ] ] } },
{ "type": "Feature", "properties": { "n": "Lake Chabot Road", "h": "art" }, "geometry": { "type": "LineString", "coordinates": [ [ -122.08701, 37.69723 ], [ -122.08696, 37.69708 ] ] } },
{ "type": "Feature", "properties": { "n": "Lake Chabot Road", "h": "art" }, "geometry": { "type": "LineString", "coordinates": [ [ -122.08694, 37.69702 ], [ -122.08678, 37.69653 ] ] } },
{ "type": "Feature", "properties": { "n": "Meekland Avenue", "h": "art" }, "geometry": { "type": "LineString", "coordinates": [ [ -122.1151, 37.68231 ], [ -122.11496, 37.68217 ] ] } },
{ "type": "Feature", "properties": { "n": "Meekland Avenue", "h": "art" }, "geometry": { "type": "LineString", "coordinates": [ [ -122.11486, 37.68205 ], [ -122.1142, 37.68133 ] ] } },
{ "type": "Feature", "properties": { "n": "Meekland Avenue", "h": "art" }, "geometry": { "type": "LineString", "coordinates": [ [ -122.11417, 37.6813 ], [ -122.1139, 37.68098 ] ] } },
{ "type": "Feature", "properties": { "n": "Meekland Avenue", "h": "art" }, "geometry": { "type": "LineString", "coordinates": [ [ -122.11496, 37.68217 ], [ -122.11486, 37.68205 ] ] } },
{ "type": "Feature", "properties": { "n": "Meekland Avenue", "h": "art" }, "geometry": { "type": "LineString", "coordinates": [ [ -122.11522, 37.68244 ], [ -122.1151, 37.68231 ] ] } },
{ "type": "Feature", "properties": { "n": "Dublin Boulevard", "h": "col" }, "geometry": { "type": "LineString", "coordinates": [ [ -121.93895, 37.70111 ], [ -121.93844, 37.70127 ] ] } },
{ "type": "Feature", "properties": { "n": "International Boulevard", "h": "art" }, "geometry": { "type": "LineString", "coordinates": [ [ -122.21228, 37.77108 ], [ -122.21177, 37.77083 ] ] } },
{ "type": "Feature", "properties": { "n": "Cushing Parkway", "h": "art" }, "geometry": { "type": "LineString", "coordinates": [ [ -121.9659, 37.49244 ], [ -121.96619, 37.49262 ] ] } },
{ "type": "Feature", "properties": { "n": "Owens Drive", "h": "col" }, "geometry": { "type": "LineString", "coordinates": [ [ -121.89448, 37.69986 ], [ -121.89336, 37.69977 ] ] } },
{ "type": "Feature", "properties": { "n": "Owens Drive", "h": "col" }, "geometry": { "type": "LineString", "coordinates": [ [ -121.89553, 37.69989 ], [ -121.89514, 37.69988 ] ] } },
{ "type": "Feature", "properties": { "n": "Owens Drive", "h": "col" }, "geometry": { "type": "LineString", "coordinates": [ [ -121.89514, 37.69988 ], [ -121.89448, 37.69986 ] ] } },
{ "type": "Feature", "properties": { "n": "Owens Drive", "h": "col" }, "geometry": { "type": "LineString", "coordinates": [ [ -121.89332, 37.69996 ], [ -121.89477, 37.70001 ] ] } },
{ "type": "Feature", "properties": { "n": "Owens Drive", "h": "col" }, "geometry": { "type": "LineString", "coordinates": [ [ -121.89716, 37.70002 ], [ -121.89815, 37.70003 ] ] } },
{ "type": "Feature", "properties": { "n": "West Las Positas Boulevard", "h": "art" }, "geometry": { "type": "LineString", "coordinates": [ [ -121.88018, 37.69213 ], [ -121.88049, 37.69209 ] ] } },
{ "type": "Feature", "properties": { "n": "Owens Drive", "h": "col" }, "geometry": { "type": "LineString", "coordinates": [ [ -121.89336, 37.69977 ], [ -121.89248, 37.69959 ] ] } },
{ "type": "Feature", "properties": { "n": "Owens Drive", "h": "col" }, "geometry": { "type": "LineString", "coordinates": [ [ -121.89248, 37.69959 ], [ -121.89134, 37.69911 ] ] } },
{ "type": "Feature", "properties": { "n": "Owens Drive", "h": "col" }, "geometry": { "type": "LineString", "coordinates": [ [ -121.89268, 37.69984 ], [ -121.89332, 37.69996 ] ] } },
{ "type": "Feature", "properties": { "n": "Westline Drive", "h": "art" }, "geometry": { "type": "LineString", "coordinates": [ [ -122.27177, 37.76738 ], [ -122.27186, 37.76755 ] ] } },
{ "type": "Feature", "properties": { "n": "Eighth Street", "h": "art" }, "geometry": { "type": "LineString", "coordinates": [ [ -122.27262, 37.76835 ], [ -122.27279, 37.76861 ] ] } },
{ "type": "Feature", "properties": { "n": "Eighth Street", "h": "art" }, "geometry": { "type": "LineString", "coordinates": [ [ -122.27279, 37.76861 ], [ -122.27286, 37.7688 ] ] } },
{ "type": "Feature", "properties": { "n": "Eighth Street", "h": "art" }, "geometry": { "type": "LineString", "coordinates": [ [ -122.27195, 37.76766 ], [ -122.27262, 37.76835 ] ] } },
{ "type": "Feature", "properties": { "n": "Otis Drive", "h": "art" }, "geometry": { "type": "LineString", "coordinates": [ [ -122.27099, 37.76616 ], [ -122.27123, 37.76617 ] ] } },
{ "type": "Feature", "properties": { "n": "Westline Drive", "h": "art" }, "geometry": { "type": "LineString", "coordinates": [ [ -122.27159, 37.76654 ], [ -122.27159, 37.7668 ] ] } },
{ "type": "Feature", "properties": { "n": "International Boulevard", "h": "art" }, "geometry": { "type": "LineString", "coordinates": [ [ -122.18253, 37.75703 ], [ -122.18181, 37.75669 ] ] } },
{ "type": "Feature", "properties": { "n": "International Boulevard", "h": "art" }, "geometry": { "type": "LineString", "coordinates": [ [ -122.18277, 37.75715 ], [ -122.18253, 37.75703 ] ] } },
{ "type": "Feature", "properties": { "n": "International Boulevard", "h": "art" }, "geometry": { "type": "LineString", "coordinates": [ [ -122.18551, 37.75849 ], [ -122.18585, 37.75864 ] ] } },
{ "type": "Feature", "properties": { "n": "International Boulevard", "h": "art" }, "geometry": { "type": "LineString", "coordinates": [ [ -122.18599, 37.75868 ], [ -122.18585, 37.75856 ] ] } },
{ "type": "Feature", "properties": { "n": "Jarvis Avenue", "h": "art" }, "geometry": { "type": "LineString", "coordinates": [ [ -122.06073, 37.53706 ], [ -122.06042, 37.5372 ] ] } },
{ "type": "Feature", "properties": { "n": "Kiote Drive", "h": "col" }, "geometry": { "type": "LineString", "coordinates": [ [ -122.06083, 37.53704 ], [ -122.06065, 37.5366 ] ] } },
{ "type": "Feature", "properties": { "n": "Kiote Drive", "h": "col" }, "geometry": { "type": "LineString", "coordinates": [ [ -122.06062, 37.53643 ], [ -122.06066, 37.53602 ], [ -122.0613, 37.53409 ], [ -122.06125, 37.53396 ] ] } },
{ "type": "Feature", "properties": { "n": "Jarvis Avenue", "h": "art" }, "geometry": { "type": "LineString", "coordinates": [ [ -122.06088, 37.53715 ], [ -122.06135, 37.5371 ], [ -122.06178, 37.53715 ] ] } },
{ "type": "Feature", "properties": { "n": "Dixon Landing Road", "h": "art" }, "geometry": { "type": "LineString", "coordinates": [ [ -121.926, 37.455 ], [ -121.9264, 37.45513 ] ] } },
{ "type": "Feature", "properties": { "n": "International Boulevard", "h": "art" }, "geometry": { "type": "LineString", "coordinates": [ [ -122.17884, 37.75532 ], [ -122.17899, 37.75539 ] ] } },
{ "type": "Feature", "properties": { "n": "International Boulevard", "h": "art" }, "geometry": { "type": "LineString", "coordinates": [ [ -122.17855, 37.75516 ], [ -122.17884, 37.75532 ] ] } },
{ "type": "Feature", "properties": { "n": "International Boulevard", "h": "art" }, "geometry": { "type": "LineString", "coordinates": [ [ -122.17836, 37.75502 ], [ -122.17855, 37.75516 ] ] } },
{ "type": "Feature", "properties": { "n": "International Boulevard", "h": "art" }, "geometry": { "type": "LineString", "coordinates": [ [ -122.17792, 37.75448 ], [ -122.17836, 37.75502 ] ] } },
{ "type": "Feature", "properties": { "n": "Embarcadero", "h": "art" }, "geometry": { "type": "LineString", "coordinates": [ [ -122.25904, 37.78971 ], [ -122.25853, 37.78957 ] ] } },
{ "type": "Feature", "properties": { "n": "Dublin Boulevard", "h": "art" }, "geometry": { "type": "LineString", "coordinates": [ [ -121.91355, 37.70381 ], [ -121.91288, 37.70369 ] ] } },
{ "type": "Feature", "properties": { "n": "Valley Avenue", "h": "art" }, "geometry": { "type": "LineString", "coordinates": [ [ -121.89712, 37.66535 ], [ -121.89717, 37.66594 ], [ -121.89751, 37.66684 ] ] } },
{ "type": "Feature", "properties": { "n": "Valley Avenue", "h": "art" }, "geometry": { "type": "LineString", "coordinates": [ [ -121.89751, 37.66684 ], [ -121.89766, 37.66719 ] ] } },
{ "type": "Feature", "properties": { "n": "Valley Avenue", "h": "art" }, "geometry": { "type": "LineString", "coordinates": [ [ -121.89766, 37.66719 ], [ -121.89833, 37.66842 ], [ -121.89873, 37.66933 ] ] } },
{ "type": "Feature", "properties": { "n": "Valley Avenue", "h": "art" }, "geometry": { "type": "LineString", "coordinates": [ [ -121.89873, 37.66933 ], [ -121.89887, 37.66974 ] ] } },
{ "type": "Feature", "properties": { "n": "Valley Avenue", "h": "art" }, "geometry": { "type": "LineString", "coordinates": [ [ -121.89859, 37.67418 ], [ -121.89746, 37.67542 ] ] } },
{ "type": "Feature", "properties": { "n": "Valley Avenue", "h": "art" }, "geometry": { "type": "LineString", "coordinates": [ [ -121.89881, 37.67384 ], [ -121.89859, 37.67418 ] ] } },
{ "type": "Feature", "properties": { "n": "Valley Avenue", "h": "art" }, "geometry": { "type": "LineString", "coordinates": [ [ -121.89746, 37.67542 ], [ -121.89705, 37.67584 ] ] } },
{ "type": "Feature", "properties": { "n": "West Jack London Boulevard", "h": "art" }, "geometry": { "type": "LineString", "coordinates": [ [ -121.84012, 37.69534 ], [ -121.84052, 37.69554 ] ] } },
{ "type": "Feature", "properties": { "n": "Gibraltar Drive", "h": "col" }, "geometry": { "type": "LineString", "coordinates": [ [ -121.8998, 37.69585 ], [ -121.89902, 37.69584 ] ] } },
{ "type": "Feature", "properties": { "n": "Gibraltar Drive", "h": "col" }, "geometry": { "type": "LineString", "coordinates": [ [ -121.89902, 37.69584 ], [ -121.89833, 37.69583 ] ] } },
{ "type": "Feature", "properties": { "n": "West Jack London Boulevard", "h": "art" }, "geometry": { "type": "LineString", "coordinates": [ [ -121.83928, 37.69487 ], [ -121.83953, 37.69503 ] ] } },
{ "type": "Feature", "properties": { "n": "West Jack London Boulevard", "h": "art" }, "geometry": { "type": "LineString", "coordinates": [ [ -121.83992, 37.69524 ], [ -121.84012, 37.69534 ] ] } },
{ "type": "Feature", "properties": { "n": "Dublin Boulevard", "h": "col" }, "geometry": { "type": "LineString", "coordinates": [ [ -121.93659, 37.70198 ], [ -121.93766, 37.70164 ] ] } },
{ "type": "Feature", "properties": { "n": "Dublin Boulevard", "h": "col" }, "geometry": { "type": "LineString", "coordinates": [ [ -121.93766, 37.70164 ], [ -121.93849, 37.70137 ] ] } },
{ "type": "Feature", "properties": { "n": "Gibraltar Drive", "h": "col" }, "geometry": { "type": "LineString", "coordinates": [ [ -121.90131, 37.69597 ], [ -121.90223, 37.69598 ] ] } },
{ "type": "Feature", "properties": { "n": "Gibraltar Drive", "h": "col" }, "geometry": { "type": "LineString", "coordinates": [ [ -121.9012, 37.69586 ], [ -121.90005, 37.69585 ] ] } },
{ "type": "Feature", "properties": { "n": "Gibraltar Drive", "h": "col" }, "geometry": { "type": "LineString", "coordinates": [ [ -121.90309, 37.69589 ], [ -121.90279, 37.69589 ] ] } },
{ "type": "Feature", "properties": { "n": "Gibraltar Drive", "h": "col" }, "geometry": { "type": "LineString", "coordinates": [ [ -121.90176, 37.69587 ], [ -121.90131, 37.69587 ] ] } },
{ "type": "Feature", "properties": { "n": "Stoneridge Drive", "h": "art" }, "geometry": { "type": "LineString", "coordinates": [ [ -121.85341, 37.69554 ], [ -121.85314, 37.6958 ] ] } },
{ "type": "Feature", "properties": { "n": "Stoneridge Drive", "h": "art" }, "geometry": { "type": "LineString", "coordinates": [ [ -121.85359, 37.69536 ], [ -121.85341, 37.69554 ] ] } },
{ "type": "Feature", "properties": { "n": "Stoneridge Drive", "h": "art" }, "geometry": { "type": "LineString", "coordinates": [ [ -121.85762, 37.69337 ], [ -121.85717, 37.69336 ] ] } },
{ "type": "Feature", "properties": { "n": "University Avenue", "h": "col" }, "geometry": { "type": "LineString", "coordinates": [ [ -122.31112, 37.865 ], [ -122.3109, 37.8651 ] ] } },
{ "type": "Feature", "properties": { "n": "Hopyard Road", "h": "art" }, "geometry": { "type": "LineString", "coordinates": [ [ -121.90375, 37.69418 ], [ -121.90377, 37.69328 ] ] } },
{ "type": "Feature", "properties": { "n": "Hopyard Road", "h": "art" }, "geometry": { "type": "LineString", "coordinates": [ [ -121.90377, 37.69328 ], [ -121.90377, 37.69301 ] ] } },
{ "type": "Feature", "properties": { "n": "Hopyard Road", "h": "art" }, "geometry": { "type": "LineString", "coordinates": [ [ -121.90377, 37.69301 ], [ -121.90378, 37.69273 ] ] } },
{ "type": "Feature", "properties": { "n": "Hopyard Road", "h": "art" }, "geometry": { "type": "LineString", "coordinates": [ [ -121.9038, 37.69158 ], [ -121.9038, 37.6914 ] ] } },
{ "type": "Feature", "properties": { "n": "Hesperian Boulevard", "h": "art" }, "geometry": { "type": "LineString", "coordinates": [ [ -122.12991, 37.7002 ], [ -122.1299, 37.70038 ] ] } },
{ "type": "Feature", "properties": { "n": "Dougherty Road", "h": "art" }, "geometry": { "type": "LineString", "coordinates": [ [ -121.90801, 37.70311 ], [ -121.90816, 37.70329 ] ] } },
{ "type": "Feature", "properties": { "n": "Dougherty Road", "h": "art" }, "geometry": { "type": "LineString", "coordinates": [ [ -121.9081, 37.7029 ], [ -121.90762, 37.70237 ] ] } },
{ "type": "Feature", "properties": { "n": "Hopyard Road", "h": "art" }, "geometry": { "type": "LineString", "coordinates": [ [ -121.90378, 37.681 ], [ -121.90384, 37.68128 ] ] } },
{ "type": "Feature", "properties": { "n": "Hopyard Road", "h": "art" }, "geometry": { "type": "LineString", "coordinates": [ [ -121.90384, 37.68128 ], [ -121.90386, 37.68146 ] ] } },
{ "type": "Feature", "properties": { "n": "Amador Valley Boulevard", "h": "col" }, "geometry": { "type": "LineString", "coordinates": [ [ -121.93411, 37.70677 ], [ -121.9346, 37.70633 ] ] } },
{ "type": "Feature", "properties": { "n": "Amador Valley Boulevard", "h": "col" }, "geometry": { "type": "LineString", "coordinates": [ [ -121.93395, 37.70669 ], [ -121.93346, 37.70741 ] ] } },
{ "type": "Feature", "properties": { "n": "Amador Valley Boulevard", "h": "col" }, "geometry": { "type": "LineString", "coordinates": [ [ -121.91269, 37.71846 ], [ -121.91313, 37.7182 ] ] } },
{ "type": "Feature", "properties": { "n": "Castro Valley Boulevard", "h": "art" }, "geometry": { "type": "LineString", "coordinates": [ [ -122.07096, 37.69473 ], [ -122.07117, 37.69481 ] ] } },
{ "type": "Feature", "properties": { "n": "Castro Valley Boulevard", "h": "art" }, "geometry": { "type": "LineString", "coordinates": [ [ -122.07123, 37.69469 ], [ -122.0698, 37.6942 ] ] } },
{ "type": "Feature", "properties": { "n": "Hopyard Road", "h": "art" }, "geometry": { "type": "LineString", "coordinates": [ [ -121.90047, 37.67796 ], [ -121.90006, 37.6777 ] ] } },
{ "type": "Feature", "properties": { "n": "Hopyard Road", "h": "art" }, "geometry": { "type": "LineString", "coordinates": [ [ -121.90084, 37.6782 ], [ -121.90047, 37.67796 ] ] } },
{ "type": "Feature", "properties": { "n": "San Leandro Street", "h": "art" }, "geometry": { "type": "LineString", "coordinates": [ [ -122.21841, 37.77122 ], [ -122.21715, 37.77062 ] ] } },
{ "type": "Feature", "properties": { "n": "High Street", "h": "art" }, "geometry": { "type": "LineString", "coordinates": [ [ -122.21715, 37.77062 ], [ -122.2161, 37.77142 ] ] } },
{ "type": "Feature", "properties": { "n": "Fruitvale Avenue", "h": "art" }, "geometry": { "type": "LineString", "coordinates": [ [ -122.21795, 37.79584 ], [ -122.21726, 37.79758 ] ] } },
{ "type": "Feature", "properties": { "n": "Grand Street", "h": "col" }, "geometry": { "type": "LineString", "coordinates": [ [ -122.08803, 37.66827 ], [ -122.08812, 37.66841 ] ] } },
{ "type": "Feature", "properties": { "n": "Washington Avenue", "h": "art" }, "geometry": { "type": "LineString", "coordinates": [ [ -122.13726, 37.68069 ], [ -122.13781, 37.68232 ] ] } },
{ "type": "Feature", "properties": { "n": "Washington Avenue", "h": "art" }, "geometry": { "type": "LineString", "coordinates": [ [ -122.13723, 37.68024 ], [ -122.13718, 37.68007 ] ] } },
{ "type": "Feature", "properties": { "n": "Las Positas Road", "h": "art" }, "geometry": { "type": "LineString", "coordinates": [ [ -121.74172, 37.69549 ], [ -121.74185, 37.69575 ], [ -121.74185, 37.69638 ] ] } },
{ "type": "Feature", "properties": { "n": "San Ramon Road", "h": "art" }, "geometry": { "type": "LineString", "coordinates": [ [ -121.93638, 37.70361 ], [ -121.93629, 37.70323 ] ] } },
{ "type": "Feature", "properties": { "n": "San Ramon Road", "h": "art" }, "geometry": { "type": "LineString", "coordinates": [ [ -121.9364, 37.70472 ], [ -121.93645, 37.70493 ] ] } },
{ "type": "Feature", "properties": { "n": "Amador Plaza Road", "h": "col" }, "geometry": { "type": "LineString", "coordinates": [ [ -121.92814, 37.70572 ], [ -121.928, 37.70548 ] ] } },
{ "type": "Feature", "properties": { "n": "San Ramon Road", "h": "art" }, "geometry": { "type": "LineString", "coordinates": [ [ -121.93571, 37.70077 ], [ -121.93565, 37.70054 ] ] } },
{ "type": "Feature", "properties": { "n": "Amador Plaza Road", "h": "col" }, "geometry": { "type": "LineString", "coordinates": [ [ -121.92787, 37.70533 ], [ -121.92772, 37.70524 ] ] } },
{ "type": "Feature", "properties": { "n": "North Mines Road", "h": "art" }, "geometry": { "type": "LineString", "coordinates": [ [ -121.74585, 37.69319 ], [ -121.74599, 37.6934 ] ] } },
{ "type": "Feature", "properties": { "n": "Las Positas Road", "h": "art" }, "geometry": { "type": "LineString", "coordinates": [ [ -121.74204, 37.69774 ], [ -121.74193, 37.69753 ] ] } },
{ "type": "Feature", "properties": { "n": "Greenville Road", "h": "art" }, "geometry": { "type": "LineString", "coordinates": [ [ -121.69696, 37.6971 ], [ -121.69694, 37.69582 ] ] } },
{ "type": "Feature", "properties": { "n": "Patterson Pass Road", "h": "art" }, "geometry": { "type": "LineString", "coordinates": [ [ -121.69824, 37.69578 ], [ -121.69798, 37.69578 ] ] } },
{ "type": "Feature", "properties": { "n": "Patterson Pass Road", "h": "art" }, "geometry": { "type": "LineString", "coordinates": [ [ -121.71734, 37.69471 ], [ -121.71783, 37.69457 ] ] } },
{ "type": "Feature", "properties": { "n": "Campus Drive", "h": "col" }, "geometry": { "type": "LineString", "coordinates": [ [ -122.06664, 37.54529 ], [ -122.06657, 37.54513 ] ] } },
{ "type": "Feature", "properties": { "n": "Owens Drive", "h": "col" }, "geometry": { "type": "LineString", "coordinates": [ [ -121.89977, 37.69983 ], [ -121.89943, 37.69985 ] ] } },
{ "type": "Feature", "properties": { "n": "Owens Drive", "h": "col" }, "geometry": { "type": "LineString", "coordinates": [ [ -121.89943, 37.69985 ], [ -121.89912, 37.69987 ] ] } },
{ "type": "Feature", "properties": { "n": "East Stanley Boulevard", "h": "art" }, "geometry": { "type": "LineString", "coordinates": [ [ -121.78749, 37.678 ], [ -121.7872, 37.67804 ] ] } },
{ "type": "Feature", "properties": { "n": "East Stanley Boulevard", "h": "art" }, "geometry": { "type": "LineString", "coordinates": [ [ -121.7872, 37.67804 ], [ -121.78525, 37.67829 ] ] } },
{ "type": "Feature", "properties": { "n": "Murrieta Boulevard", "h": "art" }, "geometry": { "type": "LineString", "coordinates": [ [ -121.78752, 37.67813 ], [ -121.7876, 37.67831 ] ] } },
{ "type": "Feature", "properties": { "n": "Murrieta Boulevard", "h": "art" }, "geometry": { "type": "LineString", "coordinates": [ [ -121.78753, 37.67778 ], [ -121.78729, 37.67742 ], [ -121.78626, 37.67636 ], [ -121.78579, 37.67603 ] ] } },
{ "type": "Feature", "properties": { "n": "East Stanley Boulevard", "h": "art" }, "geometry": { "type": "LineString", "coordinates": [ [ -121.78785, 37.67796 ], [ -121.78762, 37.67799 ] ] } },
{ "type": "Feature", "properties": { "n": "Murrieta Boulevard", "h": "art" }, "geometry": { "type": "LineString", "coordinates": [ [ -121.78737, 37.67775 ], [ -121.78749, 37.678 ] ] } },
{ "type": "Feature", "properties": { "n": "Maitland Drive", "h": "art" }, "geometry": { "type": "LineString", "coordinates": [ [ -122.23161, 37.73076 ], [ -122.23402, 37.73368 ], [ -122.23425, 37.73382 ] ] } },
{ "type": "Feature", "properties": { "n": "Mecartney Road", "h": "art" }, "geometry": { "type": "LineString", "coordinates": [ [ -122.23541, 37.73435 ], [ -122.23501, 37.73416 ] ] } },
{ "type": "Feature", "properties": { "n": "Mecartney Road", "h": "art" }, "geometry": { "type": "LineString", "coordinates": [ [ -122.23501, 37.73416 ], [ -122.23425, 37.73382 ] ] } },
{ "type": "Feature", "properties": { "n": "Stoneridge Drive", "h": "art" }, "geometry": { "type": "LineString", "coordinates": [ [ -121.90128, 37.69138 ], [ -121.90012, 37.69136 ] ] } },
{ "type": "Feature", "properties": { "n": "Lakeshore Avenue", "h": "art" }, "geometry": { "type": "LineString", "coordinates": [ [ -122.24848, 37.80866 ], [ -122.24816, 37.80886 ] ] } },
{ "type": "Feature", "properties": { "n": "Mission Boulevard", "h": "art" }, "geometry": { "type": "LineString", "coordinates": [ [ -121.97628, 37.57869 ], [ -121.97657, 37.57874 ] ] } },
{ "type": "Feature", "properties": { "n": "Mission Boulevard", "h": "art" }, "geometry": { "type": "LineString", "coordinates": [ [ -121.97777, 37.57886 ], [ -121.9792, 37.5789 ] ] } },
{ "type": "Feature", "properties": { "n": "Mission Boulevard", "h": "art" }, "geometry": { "type": "LineString", "coordinates": [ [ -121.9792, 37.5789 ], [ -121.98033, 37.57892 ] ] } },
{ "type": "Feature", "properties": { "n": "Sullivan Underpass", "h": "art" }, "geometry": { "type": "LineString", "coordinates": [ [ -121.98275, 37.57843 ], [ -121.98305, 37.57881 ] ] } },
{ "type": "Feature", "properties": { "n": "Niles Boulevard", "h": "art" }, "geometry": { "type": "LineString", "coordinates": [ [ -121.98213, 37.57765 ], [ -121.97936, 37.57705 ] ] } },
{ "type": "Feature", "properties": { "n": "Niles Boulevard", "h": "art" }, "geometry": { "type": "LineString", "coordinates": [ [ -121.97936, 37.57705 ], [ -121.97805, 37.57676 ] ] } },
{ "type": "Feature", "properties": { "n": "Niles Boulevard", "h": "art" }, "geometry": { "type": "LineString", "coordinates": [ [ -121.97498, 37.57599 ], [ -121.97484, 37.57591 ] ] } },
{ "type": "Feature", "properties": { "n": "West Lagoon Road", "h": "col" }, "geometry": { "type": "LineString", "coordinates": [ [ -121.9033, 37.65497 ], [ -121.90359, 37.65507 ], [ -121.9039, 37.65533 ] ] } },
{ "type": "Feature", "properties": { "n": "CA 77", "h": "fwy" }, "geometry": { "type": "LineString", "coordinates": [ [ -122.21633, 37.77298 ], [ -122.21729, 37.77225 ] ] } },
{ "type": "Feature", "properties": { "n": "CA 77", "h": "fwy" }, "geometry": { "type": "LineString", "coordinates": [ [ -122.21721, 37.77216 ], [ -122.21665, 37.77258 ] ] } },
{ "type": "Feature", "properties": { "n": "Fruitvale Avenue", "h": "art" }, "geometry": { "type": "LineString", "coordinates": [ [ -122.21683, 37.79889 ], [ -122.21694, 37.79869 ] ] } },
{ "type": "Feature", "properties": { "n": "Juniper Street", "h": "col" }, "geometry": { "type": "LineString", "coordinates": [ [ -122.16046, 37.69594 ], [ -122.16019, 37.6941 ] ] } },
{ "type": "Feature", "properties": { "n": "I 880", "h": "fwy" }, "geometry": { "type": "LineString", "coordinates": [ [ -122.25652, 37.78956 ], [ -122.25615, 37.7895 ] ] } },
{ "type": "Feature", "properties": { "n": "CA 92", "h": "fwy" }, "geometry": { "type": "LineString", "coordinates": [ [ -122.13922, 37.62219 ], [ -122.14905, 37.6189 ] ] } },
{ "type": "Feature", "properties": { "n": "Grand Avenue", "h": "art" }, "geometry": { "type": "LineString", "coordinates": [ [ -122.24472, 37.81883 ], [ -122.24467, 37.81899 ] ] } },
{ "type": "Feature", "properties": { "n": "Grand Avenue", "h": "art" }, "geometry": { "type": "LineString", "coordinates": [ [ -122.24486, 37.81839 ], [ -122.2448, 37.81859 ] ] } },
{ "type": "Feature", "properties": { "n": "Grand Avenue", "h": "art" }, "geometry": { "type": "LineString", "coordinates": [ [ -122.24499, 37.81799 ], [ -122.24486, 37.81839 ] ] } },
{ "type": "Feature", "properties": { "n": "Grand Avenue", "h": "art" }, "geometry": { "type": "LineString", "coordinates": [ [ -122.24508, 37.81773 ], [ -122.24499, 37.81799 ] ] } },
{ "type": "Feature", "properties": { "n": "Grand Avenue", "h": "art" }, "geometry": { "type": "LineString", "coordinates": [ [ -122.24545, 37.81656 ], [ -122.24508, 37.81773 ] ] } },
{ "type": "Feature", "properties": { "n": "Grand Avenue", "h": "art" }, "geometry": { "type": "LineString", "coordinates": [ [ -122.24552, 37.81634 ], [ -122.24545, 37.81656 ] ] } },
{ "type": "Feature", "properties": { "n": "Grand Avenue", "h": "art" }, "geometry": { "type": "LineString", "coordinates": [ [ -122.24657, 37.81374 ], [ -122.24639, 37.81402 ] ] } },
{ "type": "Feature", "properties": { "n": "Grand Avenue", "h": "art" }, "geometry": { "type": "LineString", "coordinates": [ [ -122.24626, 37.81425 ], [ -122.24602, 37.81477 ] ] } },
{ "type": "Feature", "properties": { "n": "Grand Avenue", "h": "art" }, "geometry": { "type": "LineString", "coordinates": [ [ -122.24639, 37.81402 ], [ -122.24626, 37.81425 ] ] } },
{ "type": "Feature", "properties": { "n": "Lewelling Boulevard", "h": "art" }, "geometry": { "type": "LineString", "coordinates": [ [ -122.13795, 37.68665 ], [ -122.1383, 37.68665 ] ] } },
{ "type": "Feature", "properties": { "n": "Doolittle Drive", "h": "col" }, "geometry": { "type": "LineString", "coordinates": [ [ -122.17346, 37.69382 ], [ -122.17337, 37.69371 ] ] } },
{ "type": "Feature", "properties": { "n": "Dublin Boulevard", "h": "art" }, "geometry": { "type": "LineString", "coordinates": [ [ -121.90906, 37.7051 ], [ -121.90829, 37.70546 ], [ -121.90751, 37.70571 ] ] } },
{ "type": "Feature", "properties": { "n": "CA 77", "h": "fwy" }, "geometry": { "type": "LineString", "coordinates": [ [ -122.21764, 37.77185 ], [ -122.21721, 37.77216 ] ] } },
{ "type": "Feature", "properties": { "n": "CA 77", "h": "fwy" }, "geometry": { "type": "LineString", "coordinates": [ [ -122.21729, 37.77225 ], [ -122.21787, 37.77182 ] ] } },
{ "type": "Feature", "properties": { "n": "San Leandro Street", "h": "art" }, "geometry": { "type": "LineString", "coordinates": [ [ -122.2142, 37.7682 ], [ -122.21338, 37.76751 ] ] } },
{ "type": "Feature", "properties": { "n": "San Leandro Street", "h": "art" }, "geometry": { "type": "LineString", "coordinates": [ [ -122.19418, 37.75123 ], [ -122.19402, 37.75111 ] ] } },
{ "type": "Feature", "properties": { "n": "I 880", "h": "fwy" }, "geometry": { "type": "LineString", "coordinates": [ [ -122.21466, 37.76128 ], [ -122.21391, 37.76042 ] ] } },
{ "type": "Feature", "properties": { "n": "I 880", "h": "fwy" }, "geometry": { "type": "LineString", "coordinates": [ [ -122.211, 37.75743 ], [ -122.2145, 37.76138 ] ] } },
{ "type": "Feature", "properties": { "n": "Fernside Boulevard", "h": "art" }, "geometry": { "type": "LineString", "coordinates": [ [ -122.23084, 37.75407 ], [ -122.23098, 37.75399 ] ] } },
{ "type": "Feature", "properties": { "n": "West Jack London Boulevard", "h": "art" }, "geometry": { "type": "LineString", "coordinates": [ [ -121.83998, 37.69517 ], [ -121.83928, 37.69487 ] ] } },
{ "type": "Feature", "properties": { "n": "Bernal Avenue", "h": "art" }, "geometry": { "type": "LineString", "coordinates": [ [ -121.89898, 37.65763 ], [ -121.89846, 37.65784 ] ] } },
{ "type": "Feature", "properties": { "n": "Bernal Avenue", "h": "art" }, "geometry": { "type": "LineString", "coordinates": [ [ -121.89846, 37.65784 ], [ -121.89793, 37.65804 ] ] } },
{ "type": "Feature", "properties": { "n": "Valley Avenue", "h": "art" }, "geometry": { "type": "LineString", "coordinates": [ [ -121.89733, 37.67576 ], [ -121.89758, 37.67551 ] ] } },
{ "type": "Feature", "properties": { "n": "Valley Avenue", "h": "art" }, "geometry": { "type": "LineString", "coordinates": [ [ -121.89758, 37.67551 ], [ -121.89847, 37.67457 ] ] } },
{ "type": "Feature", "properties": { "n": "Valley Avenue", "h": "art" }, "geometry": { "type": "LineString", "coordinates": [ [ -121.89847, 37.67457 ], [ -121.89873, 37.67424 ] ] } },
{ "type": "Feature", "properties": { "n": "Valley Avenue", "h": "art" }, "geometry": { "type": "LineString", "coordinates": [ [ -121.89873, 37.67424 ], [ -121.89924, 37.6733 ], [ -121.89947, 37.67252 ], [ -121.89952, 37.67173 ], [ -121.89946, 37.67119 ], [ -121.89916, 37.67009 ] ] } },
{ "type": "Feature", "properties": { "n": "Valley Avenue", "h": "art" }, "geometry": { "type": "LineString", "coordinates": [ [ -121.89916, 37.67009 ], [ -121.89902, 37.6697 ] ] } },
{ "type": "Feature", "properties": { "n": "Valley Avenue", "h": "art" }, "geometry": { "type": "LineString", "coordinates": [ [ -121.89781, 37.66715 ], [ -121.89733, 37.66592 ], [ -121.89723, 37.6653 ] ] } },
{ "type": "Feature", "properties": { "n": "Valley Avenue", "h": "art" }, "geometry": { "type": "LineString", "coordinates": [ [ -121.89798, 37.66746 ], [ -121.89781, 37.66715 ] ] } },
{ "type": "Feature", "properties": { "n": "Kato Road", "h": "col" }, "geometry": { "type": "LineString", "coordinates": [ [ -121.92252, 37.46105 ], [ -121.92332, 37.46084 ], [ -121.92378, 37.46085 ], [ -121.9242, 37.46102 ], [ -121.92453, 37.46127 ] ] } },
{ "type": "Feature", "properties": { "n": "Driscoll Road", "h": "col" }, "geometry": { "type": "LineString", "coordinates": [ [ -121.94953, 37.53985 ], [ -121.94972, 37.53964 ] ] } },
{ "type": "Feature", "properties": { "n": "Driscoll Road", "h": "col" }, "geometry": { "type": "LineString", "coordinates": [ [ -121.94798, 37.54154 ], [ -121.94816, 37.54135 ] ] } },
{ "type": "Feature", "properties": { "n": "Driscoll Road", "h": "col" }, "geometry": { "type": "LineString", "coordinates": [ [ -121.94598, 37.54374 ], [ -121.94609, 37.54362 ] ] } },
{ "type": "Feature", "properties": { "n": "Driscoll Road", "h": "col" }, "geometry": { "type": "LineString", "coordinates": [ [ -121.94481, 37.54494 ], [ -121.94523, 37.54451 ] ] } },
{ "type": "Feature", "properties": { "n": "Driscoll Road", "h": "col" }, "geometry": { "type": "LineString", "coordinates": [ [ -121.94466, 37.54509 ], [ -121.94481, 37.54494 ] ] } },
{ "type": "Feature", "properties": { "n": "Driscoll Road", "h": "col" }, "geometry": { "type": "LineString", "coordinates": [ [ -121.94444, 37.5453 ], [ -121.94466, 37.54509 ] ] } },
{ "type": "Feature", "properties": { "n": "Harrison Street", "h": "col" }, "geometry": { "type": "LineString", "coordinates": [ [ -122.26239, 37.81105 ], [ -122.26244, 37.81091 ] ] } },
{ "type": "Feature", "properties": { "n": "Harrison Street", "h": "col" }, "geometry": { "type": "LineString", "coordinates": [ [ -122.26232, 37.8109 ], [ -122.26228, 37.81103 ] ] } },
{ "type": "Feature", "properties": { "n": "West Las Positas Boulevard", "h": "art" }, "geometry": { "type": "LineString", "coordinates": [ [ -121.90385, 37.68174 ], [ -121.90333, 37.68173 ] ] } },
{ "type": "Feature", "properties": { "n": "West Las Positas Boulevard", "h": "art" }, "geometry": { "type": "LineString", "coordinates": [ [ -121.90551, 37.68139 ], [ -121.90658, 37.68002 ] ] } },
{ "type": "Feature", "properties": { "n": "International Boulevard", "h": "art" }, "geometry": { "type": "LineString", "coordinates": [ [ -122.22706, 37.77813 ], [ -122.22649, 37.77786 ] ] } },
{ "type": "Feature", "properties": { "n": "Amador Plaza Road", "h": "col" }, "geometry": { "type": "LineString", "coordinates": [ [ -121.93025, 37.70824 ], [ -121.93041, 37.70842 ] ] } },
{ "type": "Feature", "properties": { "n": "Owens Drive", "h": "col" }, "geometry": { "type": "LineString", "coordinates": [ [ -121.89784, 37.69988 ], [ -121.89553, 37.69989 ] ] } },
{ "type": "Feature", "properties": { "n": "Gilman Street", "h": "art" }, "geometry": { "type": "LineString", "coordinates": [ [ -122.30455, 37.87874 ], [ -122.30354, 37.87893 ] ] } },
{ "type": "Feature", "properties": { "n": "Stoneridge Drive", "h": "art" }, "geometry": { "type": "LineString", "coordinates": [ [ -121.89991, 37.69136 ], [ -121.89956, 37.69136 ] ] } },
{ "type": "Feature", "properties": { "n": "Stoneridge Drive", "h": "art" }, "geometry": { "type": "LineString", "coordinates": [ [ -121.89956, 37.69136 ], [ -121.89922, 37.69135 ] ] } },
{ "type": "Feature", "properties": { "n": "Stoneridge Drive", "h": "art" }, "geometry": { "type": "LineString", "coordinates": [ [ -121.89922, 37.69135 ], [ -121.89841, 37.69135 ] ] } },
{ "type": "Feature", "properties": { "n": "Willow Road", "h": "col" }, "geometry": { "type": "LineString", "coordinates": [ [ -121.89841, 37.69151 ], [ -121.89841, 37.69135 ] ] } },
{ "type": "Feature", "properties": { "n": "Willow Road", "h": "col" }, "geometry": { "type": "LineString", "coordinates": [ [ -121.89828, 37.69135 ], [ -121.89828, 37.69151 ] ] } },
{ "type": "Feature", "properties": { "n": "Stoneridge Drive", "h": "art" }, "geometry": { "type": "LineString", "coordinates": [ [ -121.89828, 37.69135 ], [ -121.89711, 37.69134 ] ] } },
{ "type": "Feature", "properties": { "n": "Stoneridge Drive", "h": "art" }, "geometry": { "type": "LineString", "coordinates": [ [ -121.89711, 37.69134 ], [ -121.8966, 37.69133 ] ] } },
{ "type": "Feature", "properties": { "n": "Stoneridge Drive", "h": "art" }, "geometry": { "type": "LineString", "coordinates": [ [ -121.8966, 37.69133 ], [ -121.89589, 37.69133 ] ] } },
{ "type": "Feature", "properties": { "n": "West Lagoon Road", "h": "col" }, "geometry": { "type": "LineString", "coordinates": [ [ -121.9039, 37.65533 ], [ -121.90411, 37.6556 ] ] } },
{ "type": "Feature", "properties": { "n": "Stoneridge Drive", "h": "art" }, "geometry": { "type": "LineString", "coordinates": [ [ -121.85038, 37.6974 ], [ -121.85108, 37.69732 ] ] } },
{ "type": "Feature", "properties": { "n": "Hacienda Drive", "h": "art" }, "geometry": { "type": "LineString", "coordinates": [ [ -121.89468, 37.6915 ], [ -121.8948, 37.6924 ] ] } },
{ "type": "Feature", "properties": { "n": "Hacienda Drive", "h": "art" }, "geometry": { "type": "LineString", "coordinates": [ [ -121.8948, 37.6924 ], [ -121.8948, 37.69276 ] ] } },
{ "type": "Feature", "properties": { "n": "Hacienda Drive", "h": "art" }, "geometry": { "type": "LineString", "coordinates": [ [ -121.8948, 37.69276 ], [ -121.89479, 37.69334 ] ] } },
{ "type": "Feature", "properties": { "n": "Gibraltar Drive", "h": "col" }, "geometry": { "type": "LineString", "coordinates": [ [ -121.89659, 37.69587 ], [ -121.8974, 37.69592 ] ] } },
{ "type": "Feature", "properties": { "n": "Gibraltar Drive", "h": "col" }, "geometry": { "type": "LineString", "coordinates": [ [ -121.8974, 37.69592 ], [ -121.89821, 37.69594 ] ] } },
{ "type": "Feature", "properties": { "n": "Amador Plaza Road", "h": "col" }, "geometry": { "type": "LineString", "coordinates": [ [ -121.93006, 37.70801 ], [ -121.93025, 37.70824 ] ] } },
{ "type": "Feature", "properties": { "n": "Lakeshore Avenue", "h": "col" }, "geometry": { "type": "LineString", "coordinates": [ [ -122.24158, 37.81219 ], [ -122.24105, 37.81275 ] ] } },
{ "type": "Feature", "properties": { "n": "Lakeshore Avenue", "h": "col" }, "geometry": { "type": "LineString", "coordinates": [ [ -122.24168, 37.81207 ], [ -122.24158, 37.81219 ] ] } },
{ "type": "Feature", "properties": { "n": "Lakeshore Avenue", "h": "col" }, "geometry": { "type": "LineString", "coordinates": [ [ -122.24361, 37.81091 ], [ -122.24324, 37.81104 ] ] } },
{ "type": "Feature", "properties": { "n": "Red Oak Avenue", "h": "col" }, "geometry": { "type": "LineString", "coordinates": [ [ -122.30048, 37.88325 ], [ -122.30029, 37.88324 ] ] } },
{ "type": "Feature", "properties": { "n": "Pardee Drive", "h": "art" }, "geometry": { "type": "LineString", "coordinates": [ [ -122.20484, 37.73267 ], [ -122.20355, 37.73121 ], [ -122.20324, 37.73095 ], [ -122.20274, 37.7307 ], [ -122.20184, 37.73038 ] ] } },
{ "type": "Feature", "properties": { "n": "Swan Way", "h": "art" }, "geometry": { "type": "LineString", "coordinates": [ [ -122.20494, 37.73279 ], [ -122.20574, 37.73235 ], [ -122.20599, 37.73212 ] ] } },
{ "type": "Feature", "properties": { "n": "Pardee Drive", "h": "art" }, "geometry": { "type": "LineString", "coordinates": [ [ -122.20173, 37.73044 ], [ -122.20258, 37.73074 ], [ -122.20314, 37.73103 ], [ -122.20433, 37.73232 ] ] } },
{ "type": "Feature", "properties": { "n": "Pardee Drive", "h": "art" }, "geometry": { "type": "LineString", "coordinates": [ [ -122.20109, 37.73012 ], [ -122.20052, 37.72991 ], [ -122.20029, 37.72965 ] ] } },
{ "type": "Feature", "properties": { "n": "Industrial Parkway", "h": "art" }, "geometry": { "type": "LineString", "coordinates": [ [ -122.05197, 37.62571 ], [ -122.05242, 37.62535 ] ] } },
{ "type": "Feature", "properties": { "n": "East Stanley Boulevard", "h": "art" }, "geometry": { "type": "LineString", "coordinates": [ [ -121.7882, 37.67792 ], [ -121.78785, 37.67796 ] ] } },
{ "type": "Feature", "properties": { "n": "East Stanley Boulevard", "h": "art" }, "geometry": { "type": "LineString", "coordinates": [ [ -121.78876, 37.67786 ], [ -121.7882, 37.67792 ] ] } },
{ "type": "Feature", "properties": { "n": "Marina Village Parkway", "h": "col" }, "geometry": { "type": "LineString", "coordinates": [ [ -122.27156, 37.78502 ], [ -122.27168, 37.78513 ] ] } },
{ "type": "Feature", "properties": { "n": "Bockman Road", "h": "col" }, "geometry": { "type": "LineString", "coordinates": [ [ -122.14924, 37.67187 ], [ -122.14953, 37.67202 ], [ -122.15012, 37.67319 ] ] } },
{ "type": "Feature", "properties": { "n": "Bockman Road", "h": "col" }, "geometry": { "type": "LineString", "coordinates": [ [ -122.15024, 37.67334 ], [ -122.15034, 37.67347 ] ] } },
{ "type": "Feature", "properties": { "n": "Valley Avenue", "h": "art" }, "geometry": { "type": "LineString", "coordinates": [ [ -121.89574, 37.67662 ], [ -121.89487, 37.67663 ] ] } },
{ "type": "Feature", "properties": { "n": "Valley Avenue", "h": "art" }, "geometry": { "type": "LineString", "coordinates": [ [ -121.89575, 37.67673 ], [ -121.89642, 37.67655 ], [ -121.89671, 37.67636 ], [ -121.89706, 37.67601 ] ] } },
{ "type": "Feature", "properties": { "n": "Valley Avenue", "h": "art" }, "geometry": { "type": "LineString", "coordinates": [ [ -121.89487, 37.67663 ], [ -121.89289, 37.67664 ] ] } },
{ "type": "Feature", "properties": { "n": "Valley Avenue", "h": "art" }, "geometry": { "type": "LineString", "coordinates": [ [ -121.89487, 37.67675 ], [ -121.89575, 37.67673 ] ] } },
{ "type": "Feature", "properties": { "n": "Murrieta Boulevard", "h": "art" }, "geometry": { "type": "LineString", "coordinates": [ [ -121.78516, 37.67593 ], [ -121.78557, 37.67604 ], [ -121.78599, 37.67627 ], [ -121.78737, 37.67775 ] ] } },
{ "type": "Feature", "properties": { "n": "Auto Mall Parkway", "h": "art" }, "geometry": { "type": "LineString", "coordinates": [ [ -121.96133, 37.50996 ], [ -121.96179, 37.5098 ] ] } },
{ "type": "Feature", "properties": { "n": "Osgood Road", "h": "art" }, "geometry": { "type": "LineString", "coordinates": [ [ -121.95085, 37.52794 ], [ -121.95105, 37.52827 ] ] } },
{ "type": "Feature", "properties": { "n": "Springtown Boulevard", "h": "col" }, "geometry": { "type": "LineString", "coordinates": [ [ -121.74793, 37.71573 ], [ -121.74793, 37.7164 ] ] } },
{ "type": "Feature", "properties": { "n": "Lewelling Boulevard", "h": "art" }, "geometry": { "type": "LineString", "coordinates": [ [ -122.13847, 37.68665 ], [ -122.13865, 37.68664 ] ] } },
{ "type": "Feature", "properties": { "n": "MacArthur Boulevard", "h": "art" }, "geometry": { "type": "LineString", "coordinates": [ [ -122.21645, 37.80043 ], [ -122.21842, 37.80092 ] ] } },
{ "type": "Feature", "properties": { "n": "Fruitvale Avenue", "h": "art" }, "geometry": { "type": "LineString", "coordinates": [ [ -122.22323, 37.78283 ], [ -122.22277, 37.78374 ] ] } },
{ "type": "Feature", "properties": { "n": "Fruitvale Avenue", "h": "art" }, "geometry": { "type": "LineString", "coordinates": [ [ -122.22587, 37.77762 ], [ -122.22527, 37.77876 ] ] } },
{ "type": "Feature", "properties": { "n": "Fruitvale Avenue", "h": "art" }, "geometry": { "type": "LineString", "coordinates": [ [ -122.22006, 37.79054 ], [ -122.21981, 37.79116 ] ] } },
{ "type": "Feature", "properties": { "n": "Fruitvale Avenue", "h": "art" }, "geometry": { "type": "LineString", "coordinates": [ [ -122.22054, 37.78933 ], [ -122.22032, 37.78988 ] ] } },
{ "type": "Feature", "properties": { "n": "Lake Chabot Road", "h": "art" }, "geometry": { "type": "LineString", "coordinates": [ [ -122.08673, 37.69625 ], [ -122.08675, 37.69602 ] ] } },
{ "type": "Feature", "properties": { "n": "Lake Chabot Road", "h": "art" }, "geometry": { "type": "LineString", "coordinates": [ [ -122.08675, 37.69602 ], [ -122.08684, 37.69562 ] ] } },
{ "type": "Feature", "properties": { "n": "Lake Chabot Road", "h": "art" }, "geometry": { "type": "LineString", "coordinates": [ [ -122.08678, 37.69653 ], [ -122.08673, 37.69625 ] ] } },
{ "type": "Feature", "properties": { "n": "Powell Street", "h": "col" }, "geometry": { "type": "LineString", "coordinates": [ [ -122.30876, 37.83708 ], [ -122.30844, 37.83707 ] ] } },
{ "type": "Feature", "properties": { "n": "Mission Boulevard", "h": "art" }, "geometry": { "type": "LineString", "coordinates": [ [ -122.0157, 37.60225 ], [ -122.01548, 37.60206 ] ] } },
{ "type": "Feature", "properties": { "n": "West Las Positas Boulevard", "h": "art" }, "geometry": { "type": "LineString", "coordinates": [ [ -121.90633, 37.68009 ], [ -121.90539, 37.68131 ] ] } },
{ "type": "Feature", "properties": { "n": "Auto Mall Parkway", "h": "art" }, "geometry": { "type": "LineString", "coordinates": [ [ -121.95846, 37.5106 ], [ -121.9587, 37.51055 ] ] } },
{ "type": "Feature", "properties": { "n": "Auto Mall Parkway", "h": "art" }, "geometry": { "type": "LineString", "coordinates": [ [ -121.9587, 37.51055 ], [ -121.96054, 37.5102 ], [ -121.96133, 37.50996 ] ] } },
{ "type": "Feature", "properties": { "n": "Coliseum Way", "h": "col" }, "geometry": { "type": "LineString", "coordinates": [ [ -122.21811, 37.76627 ], [ -122.21793, 37.76615 ] ] } },
{ "type": "Feature", "properties": { "n": "Coliseum Way", "h": "col" }, "geometry": { "type": "LineString", "coordinates": [ [ -122.21793, 37.76615 ], [ -122.21776, 37.76605 ] ] } },
{ "type": "Feature", "properties": { "n": "Eastshore Highway", "h": "col" }, "geometry": { "type": "LineString", "coordinates": [ [ -122.30659, 37.87772 ], [ -122.30655, 37.87816 ] ] } },
{ "type": "Feature", "properties": { "n": "Eastshore Highway", "h": "col" }, "geometry": { "type": "LineString", "coordinates": [ [ -122.30677, 37.87867 ], [ -122.30671, 37.87857 ], [ -122.30675, 37.87844 ] ] } },
{ "type": "Feature", "properties": { "n": "Gilman Street", "h": "art" }, "geometry": { "type": "LineString", "coordinates": [ [ -122.30613, 37.87845 ], [ -122.30658, 37.8784 ] ] } },
{ "type": "Feature", "properties": { "n": "Edgewater Drive", "h": "col" }, "geometry": { "type": "LineString", "coordinates": [ [ -122.20048, 37.73903 ], [ -122.20182, 37.74055 ] ] } },
{ "type": "Feature", "properties": { "n": "Edgewater Drive", "h": "art" }, "geometry": { "type": "LineString", "coordinates": [ [ -122.19948, 37.73766 ], [ -122.19924, 37.73756 ] ] } },
{ "type": "Feature", "properties": { "n": "Edgewater Drive", "h": "art" }, "geometry": { "type": "LineString", "coordinates": [ [ -122.19924, 37.73756 ], [ -122.19895, 37.73747 ] ] } },
{ "type": "Feature", "properties": { "n": "Edgewater Drive", "h": "col" }, "geometry": { "type": "LineString", "coordinates": [ [ -122.20445, 37.74355 ], [ -122.20493, 37.74409 ] ] } },
{ "type": "Feature", "properties": { "n": "Edgewater Drive", "h": "col" }, "geometry": { "type": "LineString", "coordinates": [ [ -122.20429, 37.74336 ], [ -122.20445, 37.74355 ] ] } },
{ "type": "Feature", "properties": { "n": "Edgewater Drive", "h": "col" }, "geometry": { "type": "LineString", "coordinates": [ [ -122.20522, 37.74442 ], [ -122.20537, 37.74459 ] ] } },
{ "type": "Feature", "properties": { "n": "Oakport Street", "h": "art" }, "geometry": { "type": "LineString", "coordinates": [ [ -122.20777, 37.7528 ], [ -122.20761, 37.75266 ] ] } },
{ "type": "Feature", "properties": { "n": "Hassler Way", "h": "col" }, "geometry": { "type": "LineString", "coordinates": [ [ -122.20362, 37.7482 ], [ -122.20517, 37.74734 ] ] } },
{ "type": "Feature", "properties": { "n": "Oakport Street", "h": "art" }, "geometry": { "type": "LineString", "coordinates": [ [ -122.19858, 37.74232 ], [ -122.19814, 37.74173 ] ] } },
{ "type": "Feature", "properties": { "n": "Edgewater Drive", "h": "col" }, "geometry": { "type": "LineString", "coordinates": [ [ -122.20516, 37.74401 ], [ -122.20489, 37.74369 ] ] } },
{ "type": "Feature", "properties": { "n": "Edgewater Drive", "h": "col" }, "geometry": { "type": "LineString", "coordinates": [ [ -122.20489, 37.74369 ], [ -122.20451, 37.74326 ] ] } },
{ "type": "Feature", "properties": { "n": "66th Avenue", "h": "col" }, "geometry": { "type": "LineString", "coordinates": [ [ -122.20757, 37.75413 ], [ -122.20728, 37.75424 ] ] } },
{ "type": "Feature", "properties": { "n": "Stoneridge Drive", "h": "art" }, "geometry": { "type": "LineString", "coordinates": [ [ -121.85129, 37.69711 ], [ -121.85061, 37.69724 ], [ -121.84826, 37.69725 ] ] } },
{ "type": "Feature", "properties": { "n": "66th Avenue", "h": "col" }, "geometry": { "type": "LineString", "coordinates": [ [ -122.20222, 37.75622 ], [ -122.20075, 37.75682 ] ] } },
{ "type": "Feature", "properties": { "n": "66th Avenue", "h": "col" }, "geometry": { "type": "LineString", "coordinates": [ [ -122.20304, 37.75592 ], [ -122.20222, 37.75622 ] ] } },
{ "type": "Feature", "properties": { "n": "66th Avenue", "h": "col" }, "geometry": { "type": "LineString", "coordinates": [ [ -122.20222, 37.75622 ], [ -122.20231, 37.75624 ], [ -122.20304, 37.75592 ] ] } },
{ "type": "Feature", "properties": { "n": "Gilman Street", "h": "art" }, "geometry": { "type": "LineString", "coordinates": [ [ -122.30472, 37.8787 ], [ -122.30455, 37.87874 ] ] } },
{ "type": "Feature", "properties": { "n": "San Leandro Street", "h": "art" }, "geometry": { "type": "LineString", "coordinates": [ [ -122.19487, 37.75168 ], [ -122.19449, 37.75147 ] ] } },
{ "type": "Feature", "properties": { "n": "West Grand Avenue", "h": "art" }, "geometry": { "type": "LineString", "coordinates": [ [ -122.29078, 37.81745 ], [ -122.29051, 37.81731 ] ] } },
{ "type": "Feature", "properties": { "n": "Peralta Street", "h": "col" }, "geometry": { "type": "LineString", "coordinates": [ [ -122.28963, 37.81683 ], [ -122.28997, 37.81639 ] ] } },
{ "type": "Feature", "properties": { "n": "I 580", "h": "fwy" }, "geometry": { "type": "LineString", "coordinates": [ [ -121.87628, 37.70165 ], [ -121.87891, 37.70165 ] ] } },
{ "type": "Feature", "properties": { "n": "I 580", "h": "fwy" }, "geometry": { "type": "LineString", "coordinates": [ [ -121.9024, 37.70191 ], [ -121.90298, 37.7019 ] ] } },
{ "type": "Feature", "properties": { "n": "I 880", "h": "fwy" }, "geometry": { "type": "LineString", "coordinates": [ [ -121.92446, 37.4594 ], [ -121.92408, 37.45851 ] ] } },
{ "type": "Feature", "properties": { "n": "I 880", "h": "fwy" }, "geometry": { "type": "LineString", "coordinates": [ [ -122.21235, 37.7586 ], [ -122.21201, 37.75819 ] ] } },
{ "type": "Feature", "properties": { "n": "Fremont Boulevard", "h": "art" }, "geometry": { "type": "LineString", "coordinates": [ [ -121.95289, 37.51515 ], [ -121.95318, 37.51564 ] ] } },
{ "type": "Feature", "properties": { "n": "Gilman Street", "h": "art" }, "geometry": { "type": "LineString", "coordinates": [ [ -122.30692, 37.87832 ], [ -122.30688, 37.87819 ], [ -122.3067, 37.87809 ] ] } },
{ "type": "Feature", "properties": { "n": "Gilman Street", "h": "art" }, "geometry": { "type": "LineString", "coordinates": [ [ -122.30658, 37.8784 ], [ -122.30675, 37.87844 ] ] } },
{ "type": "Feature", "properties": { "n": "Gilman Street", "h": "art" }, "geometry": { "type": "LineString", "coordinates": [ [ -122.30675, 37.87844 ], [ -122.30692, 37.87832 ] ] } },
{ "type": "Feature", "properties": { "n": "Dublin Boulevard", "h": "art" }, "geometry": { "type": "LineString", "coordinates": [ [ -121.93094, 37.70376 ], [ -121.93115, 37.70369 ] ] } },
{ "type": "Feature", "properties": { "n": "Dublin Boulevard", "h": "art" }, "geometry": { "type": "LineString", "coordinates": [ [ -121.93173, 37.70337 ], [ -121.9315, 37.70344 ] ] } },
{ "type": "Feature", "properties": { "n": "East Stanley Boulevard", "h": "art" }, "geometry": { "type": "LineString", "coordinates": [ [ -121.78269, 37.67876 ], [ -121.78246, 37.6788 ] ] } },
{ "type": "Feature", "properties": { "n": "Hegenberger Road", "h": "art" }, "geometry": { "type": "LineString", "coordinates": [ [ -122.19614, 37.74827 ], [ -122.19623, 37.74881 ] ] } },
{ "type": "Feature", "properties": { "n": "Castro Valley Boulevard", "h": "art" }, "geometry": { "type": "LineString", "coordinates": [ [ -122.08607, 37.69451 ], [ -122.08626, 37.69444 ] ] } },
{ "type": "Feature", "properties": { "n": "Johnson Drive", "h": "col" }, "geometry": { "type": "LineString", "coordinates": [ [ -121.91947, 37.69571 ], [ -121.91952, 37.69585 ] ] } },
{ "type": "Feature", "properties": { "n": "Johnson Drive", "h": "col" }, "geometry": { "type": "LineString", "coordinates": [ [ -121.92063, 37.69884 ], [ -121.92072, 37.69923 ], [ -121.9206, 37.69948 ] ] } },
{ "type": "Feature", "properties": { "n": "Johnson Drive", "h": "col" }, "geometry": { "type": "LineString", "coordinates": [ [ -121.91987, 37.70033 ], [ -121.91945, 37.70081 ], [ -121.91918, 37.70102 ], [ -121.91886, 37.70115 ], [ -121.91814, 37.70124 ] ] } },
{ "type": "Feature", "properties": { "n": "Johnson Drive", "h": "col" }, "geometry": { "type": "LineString", "coordinates": [ [ -121.91952, 37.69585 ], [ -121.91993, 37.69695 ] ] } },
{ "type": "Feature", "properties": { "n": "Lake Chabot Road", "h": "art" }, "geometry": { "type": "LineString", "coordinates": [ [ -122.08684, 37.69479 ], [ -122.08676, 37.69461 ] ] } },
{ "type": "Feature", "properties": { "n": "Otis Drive", "h": "art" }, "geometry": { "type": "LineString", "coordinates": [ [ -122.27068, 37.76614 ], [ -122.27099, 37.76616 ] ] } },
{ "type": "Feature", "properties": { "n": "West Las Positas Boulevard", "h": "art" }, "geometry": { "type": "LineString", "coordinates": [ [ -121.89439, 37.68508 ], [ -121.89458, 37.68502 ] ] } },
{ "type": "Feature", "properties": { "n": "Hacienda Drive", "h": "art" }, "geometry": { "type": "LineString", "coordinates": [ [ -121.89439, 37.68508 ], [ -121.89459, 37.68549 ], [ -121.89459, 37.68567 ], [ -121.89441, 37.6904 ], [ -121.89463, 37.69134 ] ] } },
{ "type": "Feature", "properties": { "n": "35th Avenue", "h": "art" }, "geometry": { "type": "LineString", "coordinates": [ [ -122.21913, 37.78221 ], [ -122.21892, 37.78239 ] ] } },
{ "type": "Feature", "properties": { "n": "35th Avenue", "h": "art" }, "geometry": { "type": "LineString", "coordinates": [ [ -122.21887, 37.78244 ], [ -122.21875, 37.78255 ] ] } },
{ "type": "Feature", "properties": { "n": "West Tennyson Road", "h": "art" }, "geometry": { "type": "LineString", "coordinates": [ [ -122.0702, 37.63155 ], [ -122.06955, 37.6316 ] ] } },
{ "type": "Feature", "properties": { "n": "Lexington Street", "h": "col" }, "geometry": { "type": "LineString", "coordinates": [ [ -122.3026, 37.78963 ], [ -122.30267, 37.7895 ] ] } },
{ "type": "Feature", "properties": { "n": "Mandela Parkway", "h": "art" }, "geometry": { "type": "LineString", "coordinates": [ [ -122.2902, 37.81491 ], [ -122.2904, 37.81435 ] ] } },
{ "type": "Feature", "properties": { "n": "Gilman Street", "h": "art" }, "geometry": { "type": "LineString", "coordinates": [ [ -122.30651, 37.87822 ], [ -122.30658, 37.8784 ] ] } },
{ "type": "Feature", "properties": { "n": "Gilman Street", "h": "art" }, "geometry": { "type": "LineString", "coordinates": [ [ -122.30651, 37.87822 ], [ -122.30591, 37.87843 ] ] } },
{ "type": "Feature", "properties": { "n": "West Grand Avenue", "h": "art" }, "geometry": { "type": "LineString", "coordinates": [ [ -122.28714, 37.81622 ], [ -122.28586, 37.81593 ] ] } },
{ "type": "Feature", "properties": { "n": "West Grand Avenue", "h": "art" }, "geometry": { "type": "LineString", "coordinates": [ [ -122.28562, 37.81587 ], [ -122.284, 37.81551 ] ] } },
{ "type": "Feature", "properties": { "n": "Adeline Street", "h": "art" }, "geometry": { "type": "LineString", "coordinates": [ [ -122.28387, 37.81588 ], [ -122.284, 37.81551 ] ] } },
{ "type": "Feature", "properties": { "n": "Patterson Pass Road", "h": "art" }, "geometry": { "type": "LineString", "coordinates": [ [ -121.73589, 37.6929 ], [ -121.73674, 37.69255 ] ] } },
{ "type": "Feature", "properties": { "n": "Patterson Pass Road", "h": "art" }, "geometry": { "type": "LineString", "coordinates": [ [ -121.73547, 37.69307 ], [ -121.73589, 37.6929 ] ] } },
{ "type": "Feature", "properties": { "n": "Patterson Pass Road", "h": "art" }, "geometry": { "type": "LineString", "coordinates": [ [ -121.73581, 37.69279 ], [ -121.73541, 37.69295 ] ] } },
{ "type": "Feature", "properties": { "n": "Otis Drive", "h": "art" }, "geometry": { "type": "LineString", "coordinates": [ [ -122.25372, 37.76063 ], [ -122.25399, 37.76073 ] ] } },
{ "type": "Feature", "properties": { "n": "Fruitvale Avenue", "h": "art" }, "geometry": { "type": "LineString", "coordinates": [ [ -122.22527, 37.77876 ], [ -122.22486, 37.77958 ] ] } },
{ "type": "Feature", "properties": { "n": "Fruitvale Avenue", "h": "art" }, "geometry": { "type": "LineString", "coordinates": [ [ -122.22486, 37.77958 ], [ -122.22475, 37.7798 ] ] } },
{ "type": "Feature", "properties": { "n": "West Tennyson Road", "h": "art" }, "geometry": { "type": "LineString", "coordinates": [ [ -122.07057, 37.63152 ], [ -122.0702, 37.63155 ] ] } },
{ "type": "Feature", "properties": { "n": "Lake Chabot Road", "h": "art" }, "geometry": { "type": "LineString", "coordinates": [ [ -122.08689, 37.69522 ], [ -122.08688, 37.69499 ] ] } },
{ "type": "Feature", "properties": { "n": "Cedar Street", "h": "col" }, "geometry": { "type": "LineString", "coordinates": [ [ -122.30253, 37.87352 ], [ -122.30177, 37.87368 ] ] } },
{ "type": "Feature", "properties": { "n": "Dixon Landing Road", "h": "art" }, "geometry": { "type": "LineString", "coordinates": [ [ -121.92491, 37.45455 ], [ -121.92455, 37.45445 ] ] } },
{ "type": "Feature", "properties": { "n": "Otis Drive", "h": "art" }, "geometry": { "type": "LineString", "coordinates": [ [ -122.26164, 37.76286 ], [ -122.26205, 37.76301 ] ] } },
{ "type": "Feature", "properties": { "n": "East Airway Boulevard", "h": "art" }, "geometry": { "type": "LineString", "coordinates": [ [ -121.79825, 37.69944 ], [ -121.79718, 37.70015 ] ] } },
{ "type": "Feature", "properties": { "n": "East Airway Boulevard", "h": "art" }, "geometry": { "type": "LineString", "coordinates": [ [ -121.80542, 37.69622 ], [ -121.80472, 37.69635 ] ] } },
{ "type": "Feature", "properties": { "n": "Airway Boulevard", "h": "art" }, "geometry": { "type": "LineString", "coordinates": [ [ -121.80673, 37.69602 ], [ -121.80763, 37.69602 ] ] } },
{ "type": "Feature", "properties": { "n": "Airway Boulevard", "h": "art" }, "geometry": { "type": "LineString", "coordinates": [ [ -121.81791, 37.69745 ], [ -121.818, 37.69799 ], [ -121.81799, 37.69849 ] ] } },
{ "type": "Feature", "properties": { "n": "Paseo Padre Parkway", "h": "art" }, "geometry": { "type": "LineString", "coordinates": [ [ -122.06857, 37.54289 ], [ -122.06884, 37.54347 ] ] } },
{ "type": "Feature", "properties": { "n": "Silvergate Drive", "h": "col" }, "geometry": { "type": "LineString", "coordinates": [ [ -121.93843, 37.70909 ], [ -121.93887, 37.70903 ] ] } },
{ "type": "Feature", "properties": { "n": "Silvergate Drive", "h": "col" }, "geometry": { "type": "LineString", "coordinates": [ [ -121.93887, 37.70903 ], [ -121.9393, 37.70903 ] ] } },
{ "type": "Feature", "properties": { "n": "Silvergate Drive", "h": "col" }, "geometry": { "type": "LineString", "coordinates": [ [ -121.9393, 37.70903 ], [ -121.93982, 37.70912 ] ] } },
{ "type": "Feature", "properties": { "n": "Grimmer Boulevard", "h": "col" }, "geometry": { "type": "LineString", "coordinates": [ [ -121.96521, 37.53693 ], [ -121.96534, 37.53677 ] ] } },
{ "type": "Feature", "properties": { "n": "Holmes Street", "h": "art" }, "geometry": { "type": "LineString", "coordinates": [ [ -121.78023, 37.67396 ], [ -121.78031, 37.67365 ] ] } },
{ "type": "Feature", "properties": { "n": "Stoneridge Drive", "h": "art" }, "geometry": { "type": "LineString", "coordinates": [ [ -121.91088, 37.69055 ], [ -121.91292, 37.69017 ], [ -121.91471, 37.69028 ] ] } },
{ "type": "Feature", "properties": { "n": "Johnson Drive", "h": "col" }, "geometry": { "type": "LineString", "coordinates": [ [ -121.91471, 37.69028 ], [ -121.91462, 37.69098 ] ] } },
{ "type": "Feature", "properties": { "n": "Johnson Drive", "h": "col" }, "geometry": { "type": "LineString", "coordinates": [ [ -121.91993, 37.69695 ], [ -121.92063, 37.69884 ] ] } },
{ "type": "Feature", "properties": { "n": "Johnson Drive", "h": "col" }, "geometry": { "type": "LineString", "coordinates": [ [ -121.91916, 37.69495 ], [ -121.91933, 37.69537 ] ] } },
{ "type": "Feature", "properties": { "n": "Johnson Drive", "h": "col" }, "geometry": { "type": "LineString", "coordinates": [ [ -121.91933, 37.69537 ], [ -121.91947, 37.69571 ] ] } },
{ "type": "Feature", "properties": { "n": "Auto Mall Way", "h": "col" }, "geometry": { "type": "LineString", "coordinates": [ [ -121.85107, 37.6992 ], [ -121.8512, 37.6992 ], [ -121.85117, 37.69856 ], [ -121.85131, 37.69812 ] ] } },
{ "type": "Feature", "properties": { "n": "Airway Boulevard", "h": "art" }, "geometry": { "type": "LineString", "coordinates": [ [ -121.81776, 37.69715 ], [ -121.81791, 37.69745 ] ] } },
{ "type": "Feature", "properties": { "n": "Airway Boulevard", "h": "art" }, "geometry": { "type": "LineString", "coordinates": [ [ -121.81726, 37.69658 ], [ -121.81776, 37.69715 ] ] } },
{ "type": "Feature", "properties": { "n": "Airway Boulevard", "h": "art" }, "geometry": { "type": "LineString", "coordinates": [ [ -121.81694, 37.69637 ], [ -121.81726, 37.69658 ] ] } },
{ "type": "Feature", "properties": { "n": "Hopyard Road", "h": "art" }, "geometry": { "type": "LineString", "coordinates": [ [ -121.90554, 37.69985 ], [ -121.90513, 37.69936 ] ] } },
{ "type": "Feature", "properties": { "n": "Hopyard Road", "h": "art" }, "geometry": { "type": "LineString", "coordinates": [ [ -121.90576, 37.70011 ], [ -121.90554, 37.69985 ] ] } },
{ "type": "Feature", "properties": { "n": "Harrison Street", "h": "col" }, "geometry": { "type": "LineString", "coordinates": [ [ -122.26236, 37.81075 ], [ -122.26232, 37.8109 ] ] } },
{ "type": "Feature", "properties": { "n": "Greenville Road", "h": "art" }, "geometry": { "type": "LineString", "coordinates": [ [ -121.69696, 37.6975 ], [ -121.69696, 37.6971 ] ] } },
{ "type": "Feature", "properties": { "n": "Greenville Road", "h": "art" }, "geometry": { "type": "LineString", "coordinates": [ [ -121.69697, 37.6981 ], [ -121.69696, 37.6975 ] ] } },
{ "type": "Feature", "properties": { "n": "Eastshore Highway", "h": "col" }, "geometry": { "type": "LineString", "coordinates": [ [ -122.30613, 37.87604 ], [ -122.30593, 37.87533 ] ] } },
{ "type": "Feature", "properties": { "n": "Manor Boulevard", "h": "col" }, "geometry": { "type": "LineString", "coordinates": [ [ -122.14058, 37.6916 ], [ -122.14133, 37.69157 ] ] } },
{ "type": "Feature", "properties": { "n": "High Street", "h": "art" }, "geometry": { "type": "LineString", "coordinates": [ [ -122.21945, 37.76889 ], [ -122.21889, 37.76932 ] ] } },
{ "type": "Feature", "properties": { "n": "Johnson Drive", "h": "col" }, "geometry": { "type": "LineString", "coordinates": [ [ -121.90991, 37.70126 ], [ -121.90918, 37.70116 ], [ -121.90861, 37.70097 ], [ -121.90819, 37.70067 ], [ -121.90791, 37.70017 ] ] } },
{ "type": "Feature", "properties": { "n": "Johnson Drive", "h": "col" }, "geometry": { "type": "LineString", "coordinates": [ [ -121.90791, 37.70017 ], [ -121.90772, 37.69966 ] ] } },
{ "type": "Feature", "properties": { "n": "Island Drive", "h": "art" }, "geometry": { "type": "LineString", "coordinates": [ [ -122.2376, 37.74241 ], [ -122.23758, 37.74264 ] ] } },
{ "type": "Feature", "properties": { "n": "Cherry Street", "h": "art" }, "geometry": { "type": "LineString", "coordinates": [ [ -121.9998, 37.51653 ], [ -121.99705, 37.51502 ] ] } },
{ "type": "Feature", "properties": { "n": "Amador Valley Boulevard", "h": "col" }, "geometry": { "type": "LineString", "coordinates": [ [ -121.92956, 37.70941 ], [ -121.92986, 37.70932 ] ] } },
{ "type": "Feature", "properties": { "n": "Amador Valley Boulevard", "h": "col" }, "geometry": { "type": "LineString", "coordinates": [ [ -121.92986, 37.70932 ], [ -121.93017, 37.70921 ] ] } },
{ "type": "Feature", "properties": { "n": "Amador Valley Boulevard", "h": "col" }, "geometry": { "type": "LineString", "coordinates": [ [ -121.92931, 37.70936 ], [ -121.92819, 37.70973 ] ] } },
{ "type": "Feature", "properties": { "n": "Stoneridge Drive", "h": "art" }, "geometry": { "type": "LineString", "coordinates": [ [ -121.90895, 37.69093 ], [ -121.91088, 37.69055 ] ] } },
{ "type": "Feature", "properties": { "n": "Hopyard Road", "h": "art" }, "geometry": { "type": "LineString", "coordinates": [ [ -121.90384, 37.68812 ], [ -121.90387, 37.68512 ] ] } },
{ "type": "Feature", "properties": { "n": "Hopyard Road", "h": "art" }, "geometry": { "type": "LineString", "coordinates": [ [ -121.90365, 37.68494 ], [ -121.90362, 37.68812 ] ] } },
{ "type": "Feature", "properties": { "n": "Stoneridge Drive", "h": "art" }, "geometry": { "type": "LineString", "coordinates": [ [ -121.90891, 37.69078 ], [ -121.90729, 37.6911 ] ] } },
{ "type": "Feature", "properties": { "n": "Owens Drive", "h": "col" }, "geometry": { "type": "LineString", "coordinates": [ [ -121.90307, 37.69944 ], [ -121.90353, 37.69919 ] ] } },
{ "type": "Feature", "properties": { "n": "West Las Positas Boulevard", "h": "art" }, "geometry": { "type": "LineString", "coordinates": [ [ -121.88221, 37.69104 ], [ -121.88194, 37.69126 ] ] } },
{ "type": "Feature", "properties": { "n": "Grant Avenue", "h": "art" }, "geometry": { "type": "LineString", "coordinates": [ [ -122.13369, 37.68094 ], [ -122.13587, 37.68005 ] ] } },
{ "type": "Feature", "properties": { "n": "Hopyard Road", "h": "art" }, "geometry": { "type": "LineString", "coordinates": [ [ -121.89705, 37.67584 ], [ -121.89685, 37.67571 ] ] } },
{ "type": "Feature", "properties": { "n": "Hopyard Road", "h": "art" }, "geometry": { "type": "LineString", "coordinates": [ [ -121.89673, 37.6758 ], [ -121.89694, 37.67594 ] ] } },
{ "type": "Feature", "properties": { "n": "Roberts Avenue", "h": "col" }, "geometry": { "type": "LineString", "coordinates": [ [ -121.95597, 37.52927 ], [ -121.95579, 37.52816 ] ] } },
{ "type": "Feature", "properties": { "n": "Cedar Boulevard", "h": "art" }, "geometry": { "type": "LineString", "coordinates": [ [ -122.02185, 37.53982 ], [ -122.02157, 37.53968 ] ] } },
{ "type": "Feature", "properties": { "n": "Patrick Avenue", "h": "art" }, "geometry": { "type": "LineString", "coordinates": [ [ -122.07942, 37.63283 ], [ -122.07943, 37.63248 ] ] } },
{ "type": "Feature", "properties": { "n": "Bancroft Way", "h": "col" }, "geometry": { "type": "LineString", "coordinates": [ [ -122.21025, 37.77154 ], [ -122.20994, 37.77163 ] ] } },
{ "type": "Feature", "properties": { "n": "Bond Street", "h": "col" }, "geometry": { "type": "LineString", "coordinates": [ [ -122.21012, 37.77292 ], [ -122.21138, 37.7735 ] ] } },
{ "type": "Feature", "properties": { "n": "Bancroft Way", "h": "col" }, "geometry": { "type": "LineString", "coordinates": [ [ -122.21117, 37.77109 ], [ -122.21088, 37.77126 ] ] } },
{ "type": "Feature", "properties": { "n": "Otis Drive", "h": "art" }, "geometry": { "type": "LineString", "coordinates": [ [ -122.26722, 37.76494 ], [ -122.27009, 37.76601 ], [ -122.27068, 37.76614 ] ] } },
{ "type": "Feature", "properties": { "n": "Mission Boulevard", "h": "art" }, "geometry": { "type": "LineString", "coordinates": [ [ -121.96151, 37.56536 ], [ -121.96063, 37.56438 ] ] } },
{ "type": "Feature", "properties": { "n": "East 9th Street", "h": "art" }, "geometry": { "type": "LineString", "coordinates": [ [ -122.22815, 37.77357 ], [ -122.22787, 37.77349 ] ] } },
{ "type": "Feature", "properties": { "n": "I 580", "h": "fwy" }, "geometry": { "type": "LineString", "coordinates": [ [ -121.88783, 37.70177 ], [ -121.88912, 37.70178 ] ] } },
{ "type": "Feature", "properties": { "n": "CA 84", "h": "fwy" }, "geometry": { "type": "LineString", "coordinates": [ [ -122.07661, 37.53488 ], [ -122.07815, 37.53432 ] ] } },
{ "type": "Feature", "properties": { "n": "CA 84", "h": "fwy" }, "geometry": { "type": "LineString", "coordinates": [ [ -122.07611, 37.53509 ], [ -122.07661, 37.53488 ] ] } },
{ "type": "Feature", "properties": { "n": "CA 84", "h": "fwy" }, "geometry": { "type": "LineString", "coordinates": [ [ -122.06954, 37.53895 ], [ -122.07003, 37.53857 ] ] } },
{ "type": "Feature", "properties": { "n": "CA 84", "h": "fwy" }, "geometry": { "type": "LineString", "coordinates": [ [ -122.06827, 37.5399 ], [ -122.06954, 37.53895 ] ] } },
{ "type": "Feature", "properties": { "n": "Castro Valley Boulevard", "h": "art" }, "geometry": { "type": "LineString", "coordinates": [ [ -122.08844, 37.69337 ], [ -122.08815, 37.69351 ] ] } },
{ "type": "Feature", "properties": { "n": "Golf Links Road", "h": "col" }, "geometry": { "type": "LineString", "coordinates": [ [ -122.15241, 37.75455 ], [ -122.15229, 37.75439 ] ] } },
{ "type": "Feature", "properties": { "n": "West Jack London Boulevard", "h": "art" }, "geometry": { "type": "LineString", "coordinates": [ [ -121.83892, 37.69464 ], [ -121.83813, 37.69407 ], [ -121.83756, 37.69353 ] ] } },
{ "type": "Feature", "properties": { "n": "Peralta Street", "h": "col" }, "geometry": { "type": "LineString", "coordinates": [ [ -122.29199, 37.81383 ], [ -122.2918, 37.81407 ] ] } },
{ "type": "Feature", "properties": { "n": "Adeline Street", "h": "art" }, "geometry": { "type": "LineString", "coordinates": [ [ -122.284, 37.81551 ], [ -122.28461, 37.81381 ] ] } },
{ "type": "Feature", "properties": { "n": "Adeline Street", "h": "art" }, "geometry": { "type": "LineString", "coordinates": [ [ -122.28376, 37.81617 ], [ -122.28387, 37.81588 ] ] } },
{ "type": "Feature", "properties": { "n": "Isherwood Way", "h": "col" }, "geometry": { "type": "LineString", "coordinates": [ [ -122.01385, 37.57239 ], [ -122.01397, 37.57226 ] ] } },
{ "type": "Feature", "properties": { "n": "Gilman Street", "h": "art" }, "geometry": { "type": "LineString", "coordinates": [ [ -122.30579, 37.87848 ], [ -122.30613, 37.87845 ] ] } },
{ "type": "Feature", "properties": { "n": "Fruitvale Avenue", "h": "art" }, "geometry": { "type": "LineString", "coordinates": [ [ -122.22737, 37.77458 ], [ -122.22729, 37.77476 ] ] } },
{ "type": "Feature", "properties": { "n": "Mecartney Road", "h": "art" }, "geometry": { "type": "LineString", "coordinates": [ [ -122.24223, 37.73629 ], [ -122.2429, 37.73644 ] ] } },
{ "type": "Feature", "properties": { "n": "Mecartney Road", "h": "art" }, "geometry": { "type": "LineString", "coordinates": [ [ -122.2429, 37.73644 ], [ -122.24314, 37.7365 ] ] } },
{ "type": "Feature", "properties": { "n": "Doolittle Drive", "h": "col" }, "geometry": { "type": "LineString", "coordinates": [ [ -122.17337, 37.69371 ], [ -122.17342, 37.69451 ] ] } },
{ "type": "Feature", "properties": { "n": "Doolittle Drive", "h": "col" }, "geometry": { "type": "LineString", "coordinates": [ [ -122.17362, 37.69476 ], [ -122.1735, 37.69443 ] ] } },
{ "type": "Feature", "properties": { "n": "Owens Drive", "h": "col" }, "geometry": { "type": "LineString", "coordinates": [ [ -121.9069, 37.69745 ], [ -121.90668, 37.69747 ], [ -121.90639, 37.6976 ], [ -121.9061, 37.6979 ] ] } },
{ "type": "Feature", "properties": { "n": "Owens Drive", "h": "col" }, "geometry": { "type": "LineString", "coordinates": [ [ -121.9061, 37.6979 ], [ -121.90596, 37.698 ] ] } },
{ "type": "Feature", "properties": { "n": "Owens Drive", "h": "col" }, "geometry": { "type": "LineString", "coordinates": [ [ -121.90596, 37.698 ], [ -121.90582, 37.69811 ] ] } },
{ "type": "Feature", "properties": { "n": "Owens Drive", "h": "col" }, "geometry": { "type": "LineString", "coordinates": [ [ -121.90592, 37.69819 ], [ -121.9069, 37.69745 ] ] } },
{ "type": "Feature", "properties": { "n": "Owens Drive", "h": "col" }, "geometry": { "type": "LineString", "coordinates": [ [ -121.90552, 37.69841 ], [ -121.90573, 37.6983 ] ] } },
{ "type": "Feature", "properties": { "n": "Owens Drive", "h": "col" }, "geometry": { "type": "LineString", "coordinates": [ [ -121.90573, 37.6983 ], [ -121.90592, 37.69819 ] ] } },
{ "type": "Feature", "properties": { "n": "Haley Street", "h": "col" }, "geometry": { "type": "LineString", "coordinates": [ [ -122.04958, 37.53995 ], [ -122.04899, 37.53946 ] ] } },
{ "type": "Feature", "properties": { "n": "Johnson Drive", "h": "col" }, "geometry": { "type": "LineString", "coordinates": [ [ -121.90607, 37.69468 ], [ -121.90598, 37.69422 ] ] } },
{ "type": "Feature", "properties": { "n": "Willow Street", "h": "col" }, "geometry": { "type": "LineString", "coordinates": [ [ -122.05175, 37.52554 ], [ -122.05152, 37.52511 ] ] } },
{ "type": "Feature", "properties": { "n": "Robert Davey Junior Drive", "h": "art" }, "geometry": { "type": "LineString", "coordinates": [ [ -122.23842, 37.74333 ], [ -122.23815, 37.74325 ] ] } },
{ "type": "Feature", "properties": { "n": "Otis Drive", "h": "art" }, "geometry": { "type": "LineString", "coordinates": [ [ -122.24914, 37.75798 ], [ -122.25144, 37.75936 ] ] } },
{ "type": "Feature", "properties": { "n": "I 880", "h": "fwy" }, "geometry": { "type": "LineString", "coordinates": [ [ -121.9573, 37.49956 ], [ -121.95886, 37.50077 ] ] } },
{ "type": "Feature", "properties": { "n": "Mecartney Road", "h": "art" }, "geometry": { "type": "LineString", "coordinates": [ [ -122.24142, 37.7361 ], [ -122.24192, 37.73621 ] ] } },
{ "type": "Feature", "properties": { "n": "Fruitvale Avenue", "h": "art" }, "geometry": { "type": "LineString", "coordinates": [ [ -122.22839, 37.77221 ], [ -122.22809, 37.77296 ] ] } },
{ "type": "Feature", "properties": { "n": "Fruitvale Avenue", "h": "art" }, "geometry": { "type": "LineString", "coordinates": [ [ -122.22849, 37.77195 ], [ -122.22839, 37.77221 ] ] } },
{ "type": "Feature", "properties": { "n": "Fruitvale Avenue", "h": "art" }, "geometry": { "type": "LineString", "coordinates": [ [ -122.22266, 37.78402 ], [ -122.2226, 37.78416 ] ] } },
{ "type": "Feature", "properties": { "n": "Ruus Road", "h": "col" }, "geometry": { "type": "LineString", "coordinates": [ [ -122.06255, 37.61864 ], [ -122.06231, 37.61847 ] ] } },
{ "type": "Feature", "properties": { "n": "Norbridge Avenue", "h": "col" }, "geometry": { "type": "LineString", "coordinates": [ [ -122.0697, 37.69298 ], [ -122.06944, 37.69323 ], [ -122.06917, 37.69364 ] ] } },
{ "type": "Feature", "properties": { "n": "Norbridge Avenue", "h": "col" }, "geometry": { "type": "LineString", "coordinates": [ [ -122.06976, 37.69307 ], [ -122.0701, 37.69286 ], [ -122.07048, 37.69273 ] ] } },
{ "type": "Feature", "properties": { "n": "Cherry Street", "h": "col" }, "geometry": { "type": "LineString", "coordinates": [ [ -122.01484, 37.52314 ], [ -122.01411, 37.52276 ] ] } },
{ "type": "Feature", "properties": { "n": "Industrial Parkway", "h": "art" }, "geometry": { "type": "LineString", "coordinates": [ [ -122.05159, 37.62585 ], [ -122.05064, 37.6266 ] ] } },
{ "type": "Feature", "properties": { "n": "Industrial Parkway", "h": "art" }, "geometry": { "type": "LineString", "coordinates": [ [ -122.05005, 37.62729 ], [ -122.05076, 37.6267 ] ] } },
{ "type": "Feature", "properties": { "n": "Osgood Road", "h": "art" }, "geometry": { "type": "LineString", "coordinates": [ [ -121.95105, 37.52827 ], [ -121.95113, 37.52841 ] ] } },
{ "type": "Feature", "properties": { "n": "Osgood Road", "h": "art" }, "geometry": { "type": "LineString", "coordinates": [ [ -121.9513, 37.52848 ], [ -121.95121, 37.52833 ] ] } },
{ "type": "Feature", "properties": { "n": "I 580", "h": "fwy" }, "geometry": { "type": "LineString", "coordinates": [ [ -121.91609, 37.70202 ], [ -121.91698, 37.70202 ] ] } },
{ "type": "Feature", "properties": { "n": "I 580", "h": "fwy" }, "geometry": { "type": "LineString", "coordinates": [ [ -121.89038, 37.7018 ], [ -121.89068, 37.70181 ] ] } },
{ "type": "Feature", "properties": { "n": "Stevenson Boulevard", "h": "art" }, "geometry": { "type": "LineString", "coordinates": [ [ -121.95857, 37.55971 ], [ -121.95802, 37.56012 ] ] } },
{ "type": "Feature", "properties": { "n": "Mission Boulevard", "h": "art" }, "geometry": { "type": "LineString", "coordinates": [ [ -121.95682, 37.56045 ], [ -121.95583, 37.55983 ] ] } },
{ "type": "Feature", "properties": { "n": "Mission Boulevard", "h": "art" }, "geometry": { "type": "LineString", "coordinates": [ [ -121.95578, 37.55992 ], [ -121.95624, 37.56022 ] ] } },
{ "type": "Feature", "properties": { "n": "I 880", "h": "fwy" }, "geometry": { "type": "LineString", "coordinates": [ [ -122.07096, 37.61299 ], [ -122.07141, 37.61363 ] ] } },
{ "type": "Feature", "properties": { "n": "Shore Line Drive", "h": "col" }, "geometry": { "type": "LineString", "coordinates": [ [ -122.26924, 37.76141 ], [ -122.26897, 37.7613 ] ] } },
{ "type": "Feature", "properties": { "n": "Springtown Boulevard", "h": "col" }, "geometry": { "type": "LineString", "coordinates": [ [ -121.74809, 37.7164 ], [ -121.74808, 37.71573 ] ] } },
{ "type": "Feature", "properties": { "n": "Springtown Boulevard", "h": "col" }, "geometry": { "type": "LineString", "coordinates": [ [ -121.74794, 37.71234 ], [ -121.74793, 37.71573 ] ] } },
{ "type": "Feature", "properties": { "n": "Springtown Boulevard", "h": "col" }, "geometry": { "type": "LineString", "coordinates": [ [ -121.74808, 37.71573 ], [ -121.74809, 37.71211 ] ] } }
]
}
