{
"type": "FeatureCollection",
"name": "low_2.5ft",
"crs": { "type": "name", "properties": { "name": "urn:ogc:def:crs:OGC:1.3:CRS84" } },
"xy_coordinate_resolution": 1e-05,
"features": [
{ "type": "Feature", "properties": { }, "geometry": { "type": "MultiPolygon", "coordinates": [ [ [ [ -122.25117, 37.73437 ], [ -122.25133, 37.73421 ], [ -122.25025, 37.73361 ], [ -122.2495, 37.73353 ], [ -122.24934, 37.73305 ], [ -122.24837, 37.73256 ], [ -122.24696, 37.73154 ], [ -122.24699, 37.73116 ], [ -122.24737, 37.73119 ], [ -122.24756, 37.73148 ], [ -122.24863, 37.73224 ], [ -122.24944, 37.73262 ], [ -122.25074, 37.7335 ], [ -122.25155, 37.73375 ], [ -122.25216, 37.73423 ], [ -122.25249, 37.73434 ], [ -122.2526, 37.73453 ], [ -122.25233, 37.73472 ], [ -122.25187, 37.73453 ], [ -122.25128, 37.73456 ], [ -122.25136, 37.73493 ], [ -122.25165, 37.73493 ], [ -122.25144, 37.73509 ], [ -122.25149, 37.73534 ], [ -122.25181, 37.73528 ], [ -122.25171, 37.73539 ], [ -122.25184, 37.73536 ], [ -122.25163, 37.73561 ], [ -122.2513, 37.73534 ], [ -122.25095, 37.73442 ], [ -122.25074, 37.73437 ], [ -122.25049, 37.73458 ], [ -122.25036, 37.73458 ], [ -122.25057, 37.73431 ], [ -122.25052, 37.73415 ], [ -122.25117, 37.73437 ] ], [ [ -122.25165, 37.73545 ], [ -122.25168, 37.73539 ], [ -122.25163, 37.73545 ], [ -122.25165, 37.73545 ] ], [ [ -122.25144, 37.73434 ], [ -122.25144, 37.73431 ], [ -122.25141, 37.73434 ], [ -122.25144, 37.73434 ] ] ], [ [ [ -122.24804, 37.73677 ], [ -122.24737, 37.7365 ], [ -122.24737, 37.73701 ], [ -122.24758, 37.7369 ], [ -122.24758, 37.73704 ], [ -122.24831, 37.73709 ], [ -122.24837, 37.73717 ], [ -122.24772, 37.7372 ], [ -122.24831, 37.73733 ], [ -122.24704, 37.73741 ], [ -122.24664, 37.73733 ], [ -122.24656, 37.73725 ], [ -122.2468, 37.73714 ], [ -122.24656, 37.73704 ], [ -122.24707, 37.73698 ], [ -122.24734, 37.73631 ], [ -122.24745, 37.73631 ], [ -122.24748, 37.7365 ], [ -122.24823, 37.73671 ], [ -122.24839, 37.73668 ], [ -122.24861, 37.73639 ], [ -122.24858, 37.73593 ], [ -122.24823, 37.73585 ], [ -122.2481, 37.73601 ], [ -122.24818, 37.7358 ], [ -122.24801, 37.73569 ], [ -122.24788, 37.73569 ], [ -122.24764, 37.73601 ], [ -122.24756, 37.73588 ], [ -122.24831, 37.73456 ], [ -122.24866, 37.73423 ], [ -122.24804, 37.73367 ], [ -122.24885, 37.73407 ], [ -122.24882, 37.73399 ], [ -122.2489, 37.73391 ], [ -122.24923, 37.73372 ], [ -122.24901, 37.7334 ], [ -122.24915, 37.73337 ], [ -122.2496, 37.7338 ], [ -122.24934, 37.73377 ], [ -122.24901, 37.73407 ], [ -122.24888, 37.73399 ], [ -122.24885, 37.73466 ], [ -122.24855, 37.73464 ], [ -122.24799, 37.73563 ], [ -122.24874, 37.73593 ], [ -122.24869, 37.73652 ], [ -122.24855, 37.73666 ], [ -122.24869, 37.73677 ], [ -122.24869, 37.73687 ], [ -122.24863, 37.73677 ], [ -122.24804, 37.73677 ] ] ], [ [ [ -122.25295, 37.73491 ], [ -122.25305, 37.73469 ], [ -122.25332, 37.73472 ], [ -122.25332, 37.73464 ], [ -122.25375, 37.73477 ], [ -122.25467, 37.73534 ], [ -122.25491, 37.73593 ], [ -122.25545, 37.7365 ], [ -122.25524, 37.73636 ], [ -122.25505, 37.7365 ], [ -122.25462, 37.73642 ], [ -122.25416, 37.73569 ], [ -122.25295, 37.73491 ] ] ], [ [ [ -122.25734, 37.74132 ], [ -122.25844, 37.74105 ], [ -122.25877, 37.74054 ], [ -122.25879, 37.74003 ], [ -122.25898, 37.73986 ], [ -122.25923, 37.73986 ], [ -122.25939, 37.74 ], [ -122.25928, 37.74065 ], [ -122.25944, 37.74073 ], [ -122.25963, 37.74043 ], [ -122.25974, 37.74046 ], [ -122.25974, 37.74086 ], [ -122.25952, 37.74135 ], [ -122.25936, 37.74129 ], [ -122.25925, 37.74089 ], [ -122.25877, 37.74143 ], [ -122.25785, 37.74172 ], [ -122.25675, 37.74178 ], [ -122.25548, 37.74105 ], [ -122.25489, 37.74089 ], [ -122.25437, 37.74038 ], [ -122.25375, 37.74016 ], [ -122.25367, 37.74 ], [ -122.25349, 37.74 ], [ -122.25308, 37.73968 ], [ -122.25276, 37.73981 ], [ -122.25252, 37.7403 ], [ -122.25233, 37.7404 ], [ -122.25233, 37.74084 ], [ -122.25181, 37.74075 ], [ -122.25155, 37.74057 ], [ -122.25157, 37.74035 ], [ -122.25192, 37.74011 ], [ -122.25225, 37.73925 ], [ -122.25327, 37.73911 ], [ -122.25386, 37.73951 ], [ -122.25416, 37.73951 ], [ -122.25454, 37.73992 ], [ -122.25475, 37.73995 ], [ -122.25483, 37.74019 ], [ -122.25613, 37.74081 ], [ -122.25677, 37.74129 ], [ -122.25734, 37.74132 ] ], [ [ -122.25669, 37.74145 ], [ -122.25677, 37.74145 ], [ -122.25669, 37.7414 ], [ -122.25669, 37.74145 ] ], [ [ -122.25933, 37.74086 ], [ -122.25939, 37.74086 ], [ -122.25933, 37.74078 ], [ -122.25933, 37.74086 ] ] ], [ [ [ -122.25327, 37.76142 ], [ -122.25327, 37.76207 ], [ -122.253, 37.76245 ], [ -122.25265, 37.76234 ], [ -122.25184, 37.76164 ], [ -122.25184, 37.76145 ], [ -122.2516, 37.76134 ], [ -122.25049, 37.76021 ], [ -122.25009, 37.75943 ], [ -122.24963, 37.75908 ], [ -122.24896, 37.75816 ], [ -122.24931, 37.75824 ], [ -122.25047, 37.75897 ], [ -122.25036, 37.75924 ], [ -122.25079, 37.75959 ], [ -122.2509, 37.75994 ], [ -122.25184, 37.76099 ], [ -122.25222, 37.76107 ], [ -122.25214, 37.76126 ], [ -122.25225, 37.76137 ], [ -122.25241, 37.76142 ], [ -122.25284, 37.76118 ], [ -122.25327, 37.76142 ] ], [ [ -122.25057, 37.75946 ], [ -122.25057, 37.75943 ], [ -122.25055, 37.75946 ], [ -122.25057, 37.75946 ] ] ], [ [ [ -122.2568, 37.76358 ], [ -122.25737, 37.76272 ], [ -122.25745, 37.76237 ], [ -122.25766, 37.76231 ], [ -122.25785, 37.76239 ], [ -122.25777, 37.76272 ], [ -122.25712, 37.76377 ], [ -122.25723, 37.76393 ], [ -122.25774, 37.76398 ], [ -122.25817, 37.76355 ], [ -122.25863, 37.76261 ], [ -122.25885, 37.76253 ], [ -122.25901, 37.76264 ], [ -122.25896, 37.76293 ], [ -122.25834, 37.76396 ], [ -122.25855, 37.76431 ], [ -122.25888, 37.76436 ], [ -122.25914, 37.76423 ], [ -122.25963, 37.76345 ], [ -122.25985, 37.7628 ], [ -122.26001, 37.76277 ], [ -122.2602, 37.76285 ], [ -122.26009, 37.76315 ], [ -122.26017, 37.76336 ], [ -122.26076, 37.76342 ], [ -122.26095, 37.7631 ], [ -122.26114, 37.76304 ], [ -122.26135, 37.76315 ], [ -122.26144, 37.76361 ], [ -122.2616, 37.76369 ], [ -122.26203, 37.7638 ], [ -122.26219, 37.76353 ], [ -122.26254, 37.76358 ], [ -122.26262, 37.7638 ], [ -122.2623, 37.76436 ], [ -122.26262, 37.7646 ], [ -122.26303, 37.76458 ], [ -122.26343, 37.76396 ], [ -122.2641, 37.76417 ], [ -122.26383, 37.76495 ], [ -122.26386, 37.76514 ], [ -122.26413, 37.76533 ], [ -122.2644, 37.76536 ], [ -122.26459, 37.76522 ], [ -122.26489, 37.76452 ], [ -122.26532, 37.76463 ], [ -122.26499, 37.76549 ], [ -122.26515, 37.76574 ], [ -122.26572, 37.76576 ], [ -122.2661, 37.76498 ], [ -122.26658, 37.76512 ], [ -122.2661, 37.76603 ], [ -122.26631, 37.7663 ], [ -122.26677, 37.76636 ], [ -122.26736, 37.76544 ], [ -122.26771, 37.76552 ], [ -122.26777, 37.76568 ], [ -122.2672, 37.76657 ], [ -122.26736, 37.7669 ], [ -122.2679, 37.76692 ], [ -122.2685, 37.7659 ], [ -122.26882, 37.76593 ], [ -122.26895, 37.76609 ], [ -122.26831, 37.76716 ], [ -122.26852, 37.76749 ], [ -122.26898, 37.76752 ], [ -122.2696, 37.76646 ], [ -122.26982, 37.7663 ], [ -122.27011, 37.76641 ], [ -122.27014, 37.76654 ], [ -122.26952, 37.76768 ], [ -122.26984, 37.76789 ], [ -122.27019, 37.76789 ], [ -122.27084, 37.76684 ], [ -122.27103, 37.76676 ], [ -122.27114, 37.7676 ], [ -122.27092, 37.76857 ], [ -122.27052, 37.76862 ], [ -122.26966, 37.76811 ], [ -122.26855, 37.76784 ], [ -122.26753, 37.76743 ], [ -122.26661, 37.76684 ], [ -122.26588, 37.7666 ], [ -122.26524, 37.76611 ], [ -122.26486, 37.76603 ], [ -122.26176, 37.76455 ], [ -122.26138, 37.76431 ], [ -122.26165, 37.76388 ], [ -122.26135, 37.76374 ], [ -122.26103, 37.76369 ], [ -122.26087, 37.76388 ], [ -122.2606, 37.76374 ], [ -122.26038, 37.76385 ], [ -122.25995, 37.76382 ], [ -122.2595, 37.76423 ], [ -122.25931, 37.76466 ], [ -122.25912, 37.76474 ], [ -122.25863, 37.76469 ], [ -122.25791, 37.76431 ], [ -122.25745, 37.76428 ], [ -122.25691, 37.76444 ], [ -122.25588, 37.76396 ], [ -122.25572, 37.76374 ], [ -122.25462, 37.76312 ], [ -122.25473, 37.76288 ], [ -122.25464, 37.76264 ], [ -122.25529, 37.76167 ], [ -122.25556, 37.76172 ], [ -122.25559, 37.76188 ], [ -122.2551, 37.76275 ], [ -122.25561, 37.76307 ], [ -122.25596, 37.7628 ], [ -122.25642, 37.76204 ], [ -122.25669, 37.76213 ], [ -122.25605, 37.76331 ], [ -122.25637, 37.76372 ], [ -122.2568, 37.76358 ] ] ], [ [ [ -122.27488, 37.76792 ], [ -122.2751, 37.7684 ], [ -122.27499, 37.76835 ], [ -122.27478, 37.76849 ], [ -122.27429, 37.76805 ], [ -122.27472, 37.76805 ], [ -122.27475, 37.76789 ], [ -122.27437, 37.76776 ], [ -122.27502, 37.76746 ], [ -122.27534, 37.7676 ], [ -122.27537, 37.76778 ], [ -122.27488, 37.76792 ] ] ], [ [ [ -122.27518, 37.76897 ], [ -122.27488, 37.76851 ], [ -122.27507, 37.76851 ], [ -122.2751, 37.7684 ], [ -122.27542, 37.76846 ], [ -122.27564, 37.76873 ], [ -122.27599, 37.76873 ], [ -122.27596, 37.76884 ], [ -122.27577, 37.76889 ], [ -122.27577, 37.76878 ], [ -122.2755, 37.76878 ], [ -122.27542, 37.769 ], [ -122.27518, 37.76897 ] ] ], [ [ [ -122.31986, 37.78007 ], [ -122.31816, 37.78015 ], [ -122.31798, 37.77991 ], [ -122.31836, 37.77978 ], [ -122.31986, 37.78007 ] ], [ [ -122.3183, 37.78005 ], [ -122.31833, 37.78005 ], [ -122.3183, 37.77999 ], [ -122.3183, 37.78005 ] ], [ [ -122.31825, 37.77999 ], [ -122.31827, 37.77999 ], [ -122.31825, 37.77997 ], [ -122.31825, 37.77999 ] ] ], [ [ [ -122.32428, 37.78107 ], [ -122.32302, 37.78096 ], [ -122.32312, 37.78086 ], [ -122.32266, 37.78077 ], [ -122.32266, 37.78061 ], [ -122.32277, 37.78069 ], [ -122.32407, 37.78072 ], [ -122.32447, 37.78099 ], [ -122.32428, 37.78107 ] ], [ [ -122.32417, 37.78102 ], [ -122.32434, 37.78094 ], [ -122.3242, 37.78088 ], [ -122.32417, 37.78102 ] ] ], [ [ [ -122.32717, 37.78158 ], [ -122.32819, 37.78164 ], [ -122.33061, 37.78563 ], [ -122.32973, 37.78557 ], [ -122.32924, 37.78492 ], [ -122.3287, 37.78457 ], [ -122.32846, 37.78398 ], [ -122.32752, 37.78304 ], [ -122.32714, 37.78231 ], [ -122.32706, 37.78196 ], [ -122.32717, 37.78158 ] ] ], [ [ [ -122.33107, 37.78676 ], [ -122.33107, 37.78621 ], [ -122.33115, 37.78673 ], [ -122.33107, 37.78676 ] ] ], [ [ [ -122.30763, 37.78751 ], [ -122.30736, 37.78773 ], [ -122.30714, 37.78743 ], [ -122.30763, 37.78751 ] ] ], [ [ [ -122.26114, 37.78897 ], [ -122.26071, 37.7891 ], [ -122.26098, 37.78886 ], [ -122.26084, 37.78864 ], [ -122.26119, 37.78867 ], [ -122.26117, 37.78886 ], [ -122.2613, 37.78894 ], [ -122.2616, 37.78894 ], [ -122.261, 37.78948 ], [ -122.2609, 37.78978 ], [ -122.26071, 37.78967 ], [ -122.26036, 37.78983 ], [ -122.2609, 37.78943 ], [ -122.2609, 37.78926 ], [ -122.26122, 37.78916 ], [ -122.26114, 37.78897 ] ], [ [ -122.2609, 37.78959 ], [ -122.2609, 37.78956 ], [ -122.26087, 37.78959 ], [ -122.2609, 37.78959 ] ], [ [ -122.26098, 37.78951 ], [ -122.26098, 37.78948 ], [ -122.26095, 37.78951 ], [ -122.26098, 37.78951 ] ] ], [ [ [ -122.32199, 37.78894 ], [ -122.32186, 37.78821 ], [ -122.32218, 37.78802 ], [ -122.32231, 37.78805 ], [ -122.32234, 37.78819 ], [ -122.32248, 37.7881 ], [ -122.32151, 37.78676 ], [ -122.32204, 37.78695 ], [ -122.32353, 37.78829 ], [ -122.32423, 37.78959 ], [ -122.32415, 37.78994 ], [ -122.32366, 37.79004 ], [ -122.32264, 37.79004 ], [ -122.32248, 37.78994 ], [ -122.32229, 37.78932 ], [ -122.32199, 37.78894 ] ], [ [ -122.32231, 37.7881 ], [ -122.32231, 37.78808 ], [ -122.32229, 37.7881 ], [ -122.32231, 37.7881 ] ], [ [ -122.32202, 37.78697 ], [ -122.32199, 37.78697 ], [ -122.32202, 37.787 ], [ -122.32202, 37.78697 ] ], [ [ -122.32215, 37.78829 ], [ -122.32215, 37.78832 ], [ -122.32218, 37.78829 ], [ -122.32215, 37.78829 ] ], [ [ -122.32215, 37.78808 ], [ -122.32215, 37.78813 ], [ -122.32218, 37.78808 ], [ -122.32215, 37.78808 ] ], [ [ -122.32207, 37.78819 ], [ -122.3221, 37.78824 ], [ -122.32215, 37.78819 ], [ -122.32207, 37.78819 ] ], [ [ -122.32226, 37.78848 ], [ -122.32223, 37.78843 ], [ -122.32218, 37.78848 ], [ -122.32226, 37.78848 ] ], [ [ -122.32242, 37.78835 ], [ -122.32226, 37.78827 ], [ -122.32231, 37.78845 ], [ -122.32258, 37.78843 ], [ -122.32258, 37.78824 ], [ -122.32242, 37.78835 ] ] ], [ [ [ -122.3152, 37.78708 ], [ -122.31525, 37.78722 ], [ -122.31512, 37.78732 ], [ -122.31501, 37.78719 ], [ -122.31485, 37.78722 ], [ -122.31482, 37.78743 ], [ -122.31469, 37.78735 ], [ -122.31466, 37.78748 ], [ -122.31482, 37.78757 ], [ -122.31453, 37.78819 ], [ -122.31401, 37.78843 ], [ -122.31337, 37.7891 ], [ -122.3128, 37.78932 ], [ -122.31256, 37.78961 ], [ -122.31205, 37.78983 ], [ -122.31172, 37.7898 ], [ -122.31199, 37.78991 ], [ -122.31102, 37.79026 ], [ -122.31078, 37.79026 ], [ -122.31073, 37.79002 ], [ -122.31051, 37.78996 ], [ -122.31038, 37.79023 ], [ -122.31011, 37.79029 ], [ -122.30992, 37.79048 ], [ -122.30809, 37.79037 ], [ -122.30768, 37.79015 ], [ -122.30765, 37.79007 ], [ -122.30782, 37.79004 ], [ -122.30941, 37.78994 ], [ -122.30892, 37.78983 ], [ -122.30782, 37.78983 ], [ -122.30798, 37.78916 ], [ -122.30755, 37.7891 ], [ -122.30765, 37.78899 ], [ -122.30749, 37.78897 ], [ -122.30803, 37.78891 ], [ -122.30803, 37.78816 ], [ -122.30747, 37.78775 ], [ -122.30763, 37.78767 ], [ -122.308, 37.78781 ], [ -122.30803, 37.78727 ], [ -122.30784, 37.7874 ], [ -122.30776, 37.78724 ], [ -122.30854, 37.78697 ], [ -122.30881, 37.78705 ], [ -122.30889, 37.78727 ], [ -122.30895, 37.78713 ], [ -122.31027, 37.78705 ], [ -122.31065, 37.78732 ], [ -122.31086, 37.78783 ], [ -122.311, 37.7877 ], [ -122.31118, 37.78789 ], [ -122.31159, 37.78754 ], [ -122.31215, 37.78759 ], [ -122.31269, 37.78692 ], [ -122.31326, 37.78684 ], [ -122.31337, 37.78703 ], [ -122.31356, 37.78703 ], [ -122.31358, 37.78716 ], [ -122.31396, 37.78711 ], [ -122.31415, 37.78719 ], [ -122.31353, 37.78767 ], [ -122.31369, 37.78767 ], [ -122.31369, 37.78757 ], [ -122.31401, 37.78759 ], [ -122.31412, 37.78738 ], [ -122.31523, 37.78684 ], [ -122.31544, 37.787 ], [ -122.31542, 37.78713 ], [ -122.3152, 37.78708 ] ], [ [ -122.3135, 37.7877 ], [ -122.31353, 37.7877 ], [ -122.31353, 37.78767 ], [ -122.3135, 37.7877 ] ], [ [ -122.31377, 37.78762 ], [ -122.3138, 37.78767 ], [ -122.3138, 37.78762 ], [ -122.31377, 37.78762 ] ], [ [ -122.31326, 37.78695 ], [ -122.31323, 37.78697 ], [ -122.31326, 37.78697 ], [ -122.31326, 37.78695 ] ], [ [ -122.31345, 37.78705 ], [ -122.31339, 37.78708 ], [ -122.31345, 37.78708 ], [ -122.31345, 37.78705 ] ], [ [ -122.31356, 37.78708 ], [ -122.3135, 37.78711 ], [ -122.31356, 37.78711 ], [ -122.31356, 37.78708 ] ], [ [ -122.31377, 37.78719 ], [ -122.3138, 37.78722 ], [ -122.3138, 37.78719 ], [ -122.31377, 37.78719 ] ], [ [ -122.31396, 37.78716 ], [ -122.31388, 37.78722 ], [ -122.31396, 37.78719 ], [ -122.31396, 37.78716 ] ], [ [ -122.3118, 37.78991 ], [ -122.31178, 37.78988 ], [ -122.31178, 37.78991 ], [ -122.3118, 37.78991 ] ], [ [ -122.30803, 37.78943 ], [ -122.308, 37.7894 ], [ -122.308, 37.78943 ], [ -122.30803, 37.78943 ] ], [ [ -122.31377, 37.7873 ], [ -122.31374, 37.78727 ], [ -122.31374, 37.7873 ], [ -122.31377, 37.7873 ] ], [ [ -122.31377, 37.78735 ], [ -122.31374, 37.78732 ], [ -122.31374, 37.78735 ], [ -122.31377, 37.78735 ] ], [ [ -122.30846, 37.78945 ], [ -122.30844, 37.78943 ], [ -122.30844, 37.78945 ], [ -122.30846, 37.78945 ] ], [ [ -122.30876, 37.78953 ], [ -122.30873, 37.78951 ], [ -122.30873, 37.78953 ], [ -122.30876, 37.78953 ] ], [ [ -122.30792, 37.78956 ], [ -122.3079, 37.78953 ], [ -122.3079, 37.78956 ], [ -122.30792, 37.78956 ] ], [ [ -122.30892, 37.78961 ], [ -122.30889, 37.78959 ], [ -122.30889, 37.78961 ], [ -122.30892, 37.78961 ] ], [ [ -122.31428, 37.7874 ], [ -122.31426, 37.78738 ], [ -122.31426, 37.7874 ], [ -122.31428, 37.7874 ] ], [ [ -122.30803, 37.78929 ], [ -122.308, 37.78926 ], [ -122.308, 37.78929 ], [ -122.30803, 37.78929 ] ], [ [ -122.31436, 37.78738 ], [ -122.31431, 37.78735 ], [ -122.31431, 37.78738 ], [ -122.31436, 37.78738 ] ], [ [ -122.31356, 37.78797 ], [ -122.31353, 37.78792 ], [ -122.31353, 37.78797 ], [ -122.31356, 37.78797 ] ], [ [ -122.30846, 37.78711 ], [ -122.30841, 37.78708 ], [ -122.30841, 37.78711 ], [ -122.30846, 37.78711 ] ], [ [ -122.30852, 37.78951 ], [ -122.30854, 37.78948 ], [ -122.30849, 37.78948 ], [ -122.30852, 37.78951 ] ], [ [ -122.30852, 37.78953 ], [ -122.30849, 37.78956 ], [ -122.30852, 37.78956 ], [ -122.30852, 37.78953 ] ], [ [ -122.30827, 37.78883 ], [ -122.30825, 37.78872 ], [ -122.30825, 37.78883 ], [ -122.30827, 37.78883 ] ], [ [ -122.31086, 37.78824 ], [ -122.31081, 37.78819 ], [ -122.31081, 37.78827 ], [ -122.31086, 37.78824 ] ], [ [ -122.30841, 37.78945 ], [ -122.30833, 37.7894 ], [ -122.30833, 37.78943 ], [ -122.30841, 37.78945 ] ], [ [ -122.31364, 37.78743 ], [ -122.31369, 37.78732 ], [ -122.31358, 37.7874 ], [ -122.31364, 37.78743 ] ], [ [ -122.31288, 37.78727 ], [ -122.31315, 37.78719 ], [ -122.31302, 37.78713 ], [ -122.31288, 37.78727 ] ], [ [ -122.30876, 37.7884 ], [ -122.3086, 37.78889 ], [ -122.30865, 37.78929 ], [ -122.30892, 37.78934 ], [ -122.30876, 37.78926 ], [ -122.30887, 37.78913 ], [ -122.30879, 37.78902 ], [ -122.30949, 37.78902 ], [ -122.30959, 37.78883 ], [ -122.30908, 37.78872 ], [ -122.30876, 37.7884 ] ], [ [ -122.30906, 37.7873 ], [ -122.30876, 37.78732 ], [ -122.30879, 37.78805 ], [ -122.30889, 37.78794 ], [ -122.30973, 37.78789 ], [ -122.30978, 37.78751 ], [ -122.30968, 37.78743 ], [ -122.30919, 37.78748 ], [ -122.30906, 37.7873 ] ] ], [ [ [ -122.28418, 37.78964 ], [ -122.28405, 37.78991 ], [ -122.28316, 37.78986 ], [ -122.28326, 37.78948 ], [ -122.28297, 37.7894 ], [ -122.28297, 37.78929 ], [ -122.2841, 37.78929 ], [ -122.28418, 37.78964 ] ] ], [ [ [ -122.29033, 37.78902 ], [ -122.29054, 37.78932 ], [ -122.29081, 37.7894 ], [ -122.29049, 37.78967 ], [ -122.29016, 37.78967 ], [ -122.28884, 37.79013 ], [ -122.28914, 37.78983 ], [ -122.29014, 37.7894 ], [ -122.29016, 37.78913 ], [ -122.29033, 37.78902 ] ] ], [ [ [ -122.28801, 37.79015 ], [ -122.28615, 37.79018 ], [ -122.28644, 37.79004 ], [ -122.28661, 37.79007 ], [ -122.28871, 37.78999 ], [ -122.28801, 37.79015 ] ], [ [ -122.28822, 37.79007 ], [ -122.28825, 37.79007 ], [ -122.28822, 37.79004 ], [ -122.28822, 37.79007 ] ] ], [ [ [ -122.28415, 37.79102 ], [ -122.28378, 37.79096 ], [ -122.28348, 37.79048 ], [ -122.28316, 37.79053 ], [ -122.28281, 37.79034 ], [ -122.2813, 37.79031 ], [ -122.28173, 37.79021 ], [ -122.28248, 37.79026 ], [ -122.28251, 37.79018 ], [ -122.28262, 37.79029 ], [ -122.28326, 37.79026 ], [ -122.28335, 37.79013 ], [ -122.28612, 37.7901 ], [ -122.28601, 37.79023 ], [ -122.28677, 37.79023 ], [ -122.28688, 37.79034 ], [ -122.2868, 37.79042 ], [ -122.28569, 37.7904 ], [ -122.28564, 37.79083 ], [ -122.28556, 37.79075 ], [ -122.28485, 37.79083 ], [ -122.28483, 37.79069 ], [ -122.28477, 37.79091 ], [ -122.28432, 37.7908 ], [ -122.28415, 37.79102 ] ], [ [ -122.28343, 37.79018 ], [ -122.28356, 37.79026 ], [ -122.2837, 37.79021 ], [ -122.2837, 37.79018 ], [ -122.28343, 37.79018 ] ], [ [ -122.28599, 37.79023 ], [ -122.28599, 37.79021 ], [ -122.28596, 37.79023 ], [ -122.28599, 37.79023 ] ], [ [ -122.2855, 37.79021 ], [ -122.2855, 37.79018 ], [ -122.28542, 37.79021 ], [ -122.2855, 37.79021 ] ], [ [ -122.28531, 37.79021 ], [ -122.28531, 37.79018 ], [ -122.28515, 37.79021 ], [ -122.28531, 37.79021 ] ], [ [ -122.2841, 37.79021 ], [ -122.2841, 37.79018 ], [ -122.28405, 37.79021 ], [ -122.2841, 37.79021 ] ], [ [ -122.28399, 37.79021 ], [ -122.28399, 37.79018 ], [ -122.28397, 37.79021 ], [ -122.28399, 37.79021 ] ], [ [ -122.28394, 37.79021 ], [ -122.28394, 37.79018 ], [ -122.28375, 37.79021 ], [ -122.28394, 37.79021 ] ] ], [ [ [ -122.26637, 37.79296 ], [ -122.26639, 37.79279 ], [ -122.26615, 37.79285 ], [ -122.26591, 37.79274 ], [ -122.26637, 37.79258 ], [ -122.2661, 37.79242 ], [ -122.26634, 37.79236 ], [ -122.26596, 37.79217 ], [ -122.26631, 37.79209 ], [ -122.26596, 37.79196 ], [ -122.26612, 37.7919 ], [ -122.26556, 37.7918 ], [ -122.26515, 37.79158 ], [ -122.26731, 37.79209 ], [ -122.26712, 37.79212 ], [ -122.26718, 37.79239 ], [ -122.26664, 37.79293 ], [ -122.26637, 37.79296 ] ], [ [ -122.26685, 37.79258 ], [ -122.26685, 37.79263 ], [ -122.26688, 37.79258 ], [ -122.26685, 37.79258 ] ], [ [ -122.26691, 37.79252 ], [ -122.26688, 37.79252 ], [ -122.26688, 37.79258 ], [ -122.26691, 37.79252 ] ], [ [ -122.26637, 37.79215 ], [ -122.26631, 37.79215 ], [ -122.26637, 37.79217 ], [ -122.26637, 37.79215 ] ], [ [ -122.26691, 37.7925 ], [ -122.26693, 37.7925 ], [ -122.26691, 37.79247 ], [ -122.26691, 37.7925 ] ], [ [ -122.26618, 37.79196 ], [ -122.26626, 37.79196 ], [ -122.26618, 37.79193 ], [ -122.26618, 37.79196 ] ], [ [ -122.2665, 37.79263 ], [ -122.26656, 37.79261 ], [ -122.2665, 37.79255 ], [ -122.2665, 37.79263 ] ] ], [ [ [ -122.31377, 37.79147 ], [ -122.31407, 37.79155 ], [ -122.31498, 37.7915 ], [ -122.31498, 37.79158 ], [ -122.31531, 37.7915 ], [ -122.3155, 37.79163 ], [ -122.31563, 37.79155 ], [ -122.31563, 37.79169 ], [ -122.31579, 37.79169 ], [ -122.31598, 37.79185 ], [ -122.31612, 37.79177 ], [ -122.31622, 37.79185 ], [ -122.31612, 37.79212 ], [ -122.31574, 37.79212 ], [ -122.31606, 37.7922 ], [ -122.31447, 37.79215 ], [ -122.31485, 37.79225 ], [ -122.31453, 37.79236 ], [ -122.31318, 37.7922 ], [ -122.31272, 37.79234 ], [ -122.31188, 37.79201 ], [ -122.31151, 37.79207 ], [ -122.31188, 37.79182 ], [ -122.31148, 37.79185 ], [ -122.31145, 37.79169 ], [ -122.31172, 37.79166 ], [ -122.31205, 37.79145 ], [ -122.31312, 37.79147 ], [ -122.3135, 37.79158 ], [ -122.31377, 37.79147 ] ], [ [ -122.31544, 37.79166 ], [ -122.3155, 37.79166 ], [ -122.3155, 37.79163 ], [ -122.31544, 37.79166 ] ], [ [ -122.3121, 37.79201 ], [ -122.3121, 37.79207 ], [ -122.31215, 37.79201 ], [ -122.3121, 37.79201 ] ], [ [ -122.3152, 37.79166 ], [ -122.31523, 37.79166 ], [ -122.3152, 37.79163 ], [ -122.3152, 37.79166 ] ], [ [ -122.31568, 37.79174 ], [ -122.31571, 37.79174 ], [ -122.31568, 37.79172 ], [ -122.31568, 37.79174 ] ], [ [ -122.31542, 37.79172 ], [ -122.31544, 37.79172 ], [ -122.31542, 37.79169 ], [ -122.31542, 37.79172 ] ], [ [ -122.31267, 37.79209 ], [ -122.31269, 37.79209 ], [ -122.31267, 37.79207 ], [ -122.31267, 37.79209 ] ], [ [ -122.31453, 37.79163 ], [ -122.31455, 37.79163 ], [ -122.31453, 37.79161 ], [ -122.31453, 37.79163 ] ], [ [ -122.31164, 37.7918 ], [ -122.3117, 37.7918 ], [ -122.31164, 37.79177 ], [ -122.31164, 37.7918 ] ], [ [ -122.31531, 37.79163 ], [ -122.31536, 37.79163 ], [ -122.31531, 37.79161 ], [ -122.31531, 37.79163 ] ], [ [ -122.31218, 37.79172 ], [ -122.31221, 37.79172 ], [ -122.31218, 37.79166 ], [ -122.31218, 37.79172 ] ], [ [ -122.31498, 37.79163 ], [ -122.31504, 37.79163 ], [ -122.31498, 37.79161 ], [ -122.31498, 37.79163 ] ], [ [ -122.31224, 37.79207 ], [ -122.31226, 37.79207 ], [ -122.31224, 37.79201 ], [ -122.31224, 37.79207 ] ], [ [ -122.31458, 37.79163 ], [ -122.31463, 37.79163 ], [ -122.31458, 37.79161 ], [ -122.31458, 37.79163 ] ], [ [ -122.31194, 37.79201 ], [ -122.31202, 37.79201 ], [ -122.31194, 37.79196 ], [ -122.31194, 37.79201 ] ], [ [ -122.31229, 37.79196 ], [ -122.31229, 37.79199 ], [ -122.31245, 37.79199 ], [ -122.31229, 37.79196 ] ] ], [ [ [ -122.31975, 37.79177 ], [ -122.31994, 37.7919 ], [ -122.32118, 37.79207 ], [ -122.32137, 37.7922 ], [ -122.32107, 37.79212 ], [ -122.32099, 37.79217 ], [ -122.3214, 37.79236 ], [ -122.32075, 37.79223 ], [ -122.32067, 37.79231 ], [ -122.31957, 37.79234 ], [ -122.31919, 37.79223 ], [ -122.31908, 37.79234 ], [ -122.31911, 37.79223 ], [ -122.31892, 37.7922 ], [ -122.31916, 37.79196 ], [ -122.31916, 37.79209 ], [ -122.31946, 37.79217 ], [ -122.31959, 37.79204 ], [ -122.31962, 37.7922 ], [ -122.31967, 37.79188 ], [ -122.31978, 37.79182 ], [ -122.31965, 37.79177 ], [ -122.31938, 37.79193 ], [ -122.31932, 37.79182 ], [ -122.31951, 37.79163 ], [ -122.31935, 37.7915 ], [ -122.31946, 37.79139 ], [ -122.32008, 37.79163 ], [ -122.32002, 37.79177 ], [ -122.31975, 37.79177 ] ], [ [ -122.32021, 37.79201 ], [ -122.32021, 37.79199 ], [ -122.32019, 37.79201 ], [ -122.32021, 37.79201 ] ], [ [ -122.31981, 37.79188 ], [ -122.31973, 37.79188 ], [ -122.31981, 37.7919 ], [ -122.31981, 37.79188 ] ], [ [ -122.31986, 37.79196 ], [ -122.31986, 37.7919 ], [ -122.31981, 37.7919 ], [ -122.31986, 37.79196 ] ], [ [ -122.31967, 37.79172 ], [ -122.3197, 37.79172 ], [ -122.31967, 37.79169 ], [ -122.31967, 37.79172 ] ], [ [ -122.31973, 37.79172 ], [ -122.31975, 37.79172 ], [ -122.31973, 37.79169 ], [ -122.31973, 37.79172 ] ], [ [ -122.31946, 37.79228 ], [ -122.31948, 37.79228 ], [ -122.31946, 37.79225 ], [ -122.31946, 37.79228 ] ], [ [ -122.31916, 37.79217 ], [ -122.31919, 37.79217 ], [ -122.31916, 37.79215 ], [ -122.31916, 37.79217 ] ], [ [ -122.31994, 37.79204 ], [ -122.31997, 37.79204 ], [ -122.31994, 37.79201 ], [ -122.31994, 37.79204 ] ], [ [ -122.31946, 37.79182 ], [ -122.31948, 37.79182 ], [ -122.31946, 37.7918 ], [ -122.31946, 37.79182 ] ], [ [ -122.31908, 37.79209 ], [ -122.31911, 37.79209 ], [ -122.31908, 37.79204 ], [ -122.31908, 37.79209 ] ], [ [ -122.31986, 37.79209 ], [ -122.31992, 37.79209 ], [ -122.31986, 37.79207 ], [ -122.31986, 37.79209 ] ], [ [ -122.31946, 37.79223 ], [ -122.31951, 37.79223 ], [ -122.31946, 37.7922 ], [ -122.31946, 37.79223 ] ], [ [ -122.32002, 37.79199 ], [ -122.32002, 37.79196 ], [ -122.31994, 37.79199 ], [ -122.32002, 37.79199 ] ], [ [ -122.32016, 37.79215 ], [ -122.32013, 37.79207 ], [ -122.32005, 37.79212 ], [ -122.32016, 37.79215 ] ] ], [ [ [ -122.33083, 37.79199 ], [ -122.33043, 37.79196 ], [ -122.33061, 37.79166 ], [ -122.33083, 37.79166 ], [ -122.33097, 37.79139 ], [ -122.33083, 37.79199 ] ], [ [ -122.3307, 37.7918 ], [ -122.3307, 37.79177 ], [ -122.33067, 37.7918 ], [ -122.3307, 37.7918 ] ] ], [ [ [ -122.319, 37.79193 ], [ -122.31878, 37.79196 ], [ -122.31897, 37.79207 ], [ -122.31868, 37.79225 ], [ -122.31798, 37.79228 ], [ -122.318, 37.79217 ], [ -122.31768, 37.79217 ], [ -122.31835, 37.79212 ], [ -122.318, 37.79204 ], [ -122.31833, 37.79196 ], [ -122.31854, 37.79212 ], [ -122.31865, 37.79185 ], [ -122.319, 37.79193 ] ], [ [ -122.3186, 37.79215 ], [ -122.31857, 37.79212 ], [ -122.31857, 37.79215 ], [ -122.3186, 37.79215 ] ] ], [ [ [ -122.33048, 37.79163 ], [ -122.3304, 37.79196 ], [ -122.33008, 37.79196 ], [ -122.33002, 37.79188 ], [ -122.33021, 37.7918 ], [ -122.33024, 37.79169 ], [ -122.33008, 37.79161 ], [ -122.33018, 37.79177 ], [ -122.33005, 37.79177 ], [ -122.33002, 37.79163 ], [ -122.32989, 37.79163 ], [ -122.32978, 37.7919 ], [ -122.32954, 37.79207 ], [ -122.32954, 37.79247 ], [ -122.32873, 37.7929 ], [ -122.32835, 37.79271 ], [ -122.32805, 37.79231 ], [ -122.32808, 37.7922 ], [ -122.32819, 37.79223 ], [ -122.32803, 37.79204 ], [ -122.32808, 37.79193 ], [ -122.32784, 37.7919 ], [ -122.32779, 37.79169 ], [ -122.32819, 37.79182 ], [ -122.32819, 37.79128 ], [ -122.33086, 37.79107 ], [ -122.3307, 37.79137 ], [ -122.33056, 37.79131 ], [ -122.33018, 37.79153 ], [ -122.33048, 37.79163 ] ], [ [ -122.32808, 37.79201 ], [ -122.32811, 37.79204 ], [ -122.32811, 37.79201 ], [ -122.32808, 37.79201 ] ], [ [ -122.32819, 37.79199 ], [ -122.32811, 37.79199 ], [ -122.32811, 37.79201 ], [ -122.32819, 37.79199 ] ], [ [ -122.32832, 37.79201 ], [ -122.32835, 37.79199 ], [ -122.32832, 37.79199 ], [ -122.32832, 37.79201 ] ], [ [ -122.32919, 37.79153 ], [ -122.32921, 37.7915 ], [ -122.32919, 37.7915 ], [ -122.32919, 37.79153 ] ], [ [ -122.32822, 37.79204 ], [ -122.32824, 37.79201 ], [ -122.32822, 37.79201 ], [ -122.32822, 37.79204 ] ], [ [ -122.33016, 37.79188 ], [ -122.33018, 37.79185 ], [ -122.33016, 37.79185 ], [ -122.33016, 37.79188 ] ], [ [ -122.32822, 37.79217 ], [ -122.32824, 37.79215 ], [ -122.32822, 37.79215 ], [ -122.32822, 37.79217 ] ], [ [ -122.3284, 37.79269 ], [ -122.32843, 37.79266 ], [ -122.3284, 37.79266 ], [ -122.3284, 37.79269 ] ], [ [ -122.32811, 37.79193 ], [ -122.32816, 37.7919 ], [ -122.32811, 37.7919 ], [ -122.32811, 37.79193 ] ], [ [ -122.3283, 37.79196 ], [ -122.32824, 37.79199 ], [ -122.3283, 37.79199 ], [ -122.3283, 37.79196 ] ], [ [ -122.32824, 37.79193 ], [ -122.32822, 37.7919 ], [ -122.32822, 37.79193 ], [ -122.32824, 37.79193 ] ] ], [ [ [ -122.32299, 37.79225 ], [ -122.32312, 37.79225 ], [ -122.3231, 37.79217 ], [ -122.32337, 37.79223 ], [ -122.32347, 37.79196 ], [ -122.32369, 37.79185 ], [ -122.32355, 37.79223 ], [ -122.32377, 37.79209 ], [ -122.32382, 37.79225 ], [ -122.32407, 37.79225 ], [ -122.32347, 37.79239 ], [ -122.32307, 37.79234 ], [ -122.32299, 37.7925 ], [ -122.32264, 37.79236 ], [ -122.32215, 37.79244 ], [ -122.32204, 37.79231 ], [ -122.32221, 37.79223 ], [ -122.32199, 37.7922 ], [ -122.32285, 37.79209 ], [ -122.32299, 37.79225 ] ], [ [ -122.32296, 37.79244 ], [ -122.32296, 37.79242 ], [ -122.32293, 37.79244 ], [ -122.32296, 37.79244 ] ], [ [ -122.32258, 37.79215 ], [ -122.3225, 37.79228 ], [ -122.32283, 37.79228 ], [ -122.32258, 37.79215 ] ], [ [ -122.32358, 37.79228 ], [ -122.32358, 37.79225 ], [ -122.32355, 37.79228 ], [ -122.32358, 37.79228 ] ], [ [ -122.32283, 37.79217 ], [ -122.32283, 37.79225 ], [ -122.32291, 37.7922 ], [ -122.32283, 37.79217 ] ], [ [ -122.32245, 37.79228 ], [ -122.32245, 37.79225 ], [ -122.32242, 37.79228 ], [ -122.32245, 37.79228 ] ] ], [ [ [ -122.32574, 37.79352 ], [ -122.32601, 37.79358 ], [ -122.3262, 37.79382 ], [ -122.32617, 37.79398 ], [ -122.3259, 37.79414 ], [ -122.32576, 37.79409 ], [ -122.32566, 37.79428 ], [ -122.3256, 37.79425 ], [ -122.32574, 37.79449 ], [ -122.32555, 37.79446 ], [ -122.32555, 37.79428 ], [ -122.32547, 37.79449 ], [ -122.32517, 37.7943 ], [ -122.32547, 37.79422 ], [ -122.32563, 37.79387 ], [ -122.32528, 37.79341 ], [ -122.32531, 37.79328 ], [ -122.32493, 37.7929 ], [ -122.32544, 37.79304 ], [ -122.32574, 37.79352 ] ], [ [ -122.32555, 37.79425 ], [ -122.32558, 37.79425 ], [ -122.32555, 37.79417 ], [ -122.32555, 37.79425 ] ], [ [ -122.3256, 37.7942 ], [ -122.32566, 37.7942 ], [ -122.3256, 37.79417 ], [ -122.3256, 37.7942 ] ], [ [ -122.32558, 37.79411 ], [ -122.3256, 37.79411 ], [ -122.32558, 37.79409 ], [ -122.32558, 37.79411 ] ] ], [ [ [ -122.32768, 37.79476 ], [ -122.32773, 37.79492 ], [ -122.3273, 37.79519 ], [ -122.32641, 37.79519 ], [ -122.3263, 37.79511 ], [ -122.32655, 37.79508 ], [ -122.3266, 37.795 ], [ -122.32646, 37.79495 ], [ -122.32663, 37.79492 ], [ -122.32574, 37.7946 ], [ -122.32568, 37.79452 ], [ -122.32644, 37.79473 ], [ -122.32665, 37.79417 ], [ -122.32657, 37.79463 ], [ -122.32687, 37.79446 ], [ -122.32708, 37.79446 ], [ -122.32708, 37.7946 ], [ -122.32676, 37.79487 ], [ -122.32708, 37.79495 ], [ -122.32698, 37.79479 ], [ -122.32706, 37.79473 ], [ -122.32717, 37.79484 ], [ -122.3273, 37.79457 ], [ -122.32735, 37.79473 ], [ -122.3276, 37.79465 ], [ -122.32757, 37.79484 ], [ -122.32768, 37.79476 ] ], [ [ -122.32762, 37.79484 ], [ -122.3276, 37.79484 ], [ -122.32765, 37.7949 ], [ -122.32762, 37.79484 ] ], [ [ -122.32681, 37.79452 ], [ -122.32679, 37.79452 ], [ -122.32681, 37.79455 ], [ -122.32681, 37.79452 ] ], [ [ -122.32663, 37.79479 ], [ -122.32668, 37.79484 ], [ -122.32671, 37.79479 ], [ -122.32663, 37.79479 ] ], [ [ -122.32676, 37.79463 ], [ -122.32676, 37.79465 ], [ -122.32679, 37.79463 ], [ -122.32676, 37.79463 ] ], [ [ -122.32665, 37.79492 ], [ -122.32665, 37.79495 ], [ -122.32671, 37.79492 ], [ -122.32665, 37.79492 ] ], [ [ -122.32673, 37.79495 ], [ -122.32673, 37.79498 ], [ -122.32679, 37.79495 ], [ -122.32673, 37.79495 ] ], [ [ -122.32681, 37.79465 ], [ -122.32681, 37.79468 ], [ -122.32687, 37.79465 ], [ -122.32681, 37.79465 ] ], [ [ -122.32735, 37.79479 ], [ -122.32735, 37.79484 ], [ -122.32741, 37.79479 ], [ -122.32735, 37.79479 ] ], [ [ -122.32679, 37.79508 ], [ -122.32681, 37.79508 ], [ -122.32679, 37.79506 ], [ -122.32679, 37.79508 ] ], [ [ -122.32673, 37.795 ], [ -122.32676, 37.79506 ], [ -122.32679, 37.79506 ], [ -122.32673, 37.795 ] ], [ [ -122.32692, 37.79503 ], [ -122.327, 37.79503 ], [ -122.32692, 37.795 ], [ -122.32692, 37.79503 ] ], [ [ -122.32687, 37.79498 ], [ -122.32687, 37.795 ], [ -122.32692, 37.795 ], [ -122.32687, 37.79498 ] ], [ [ -122.3266, 37.79479 ], [ -122.32655, 37.79473 ], [ -122.32649, 37.79479 ], [ -122.3266, 37.79479 ] ] ], [ [ [ -122.32603, 37.79503 ], [ -122.32601, 37.7949 ], [ -122.32628, 37.79484 ], [ -122.32646, 37.795 ], [ -122.32625, 37.79511 ], [ -122.32603, 37.79503 ] ], [ [ -122.32603, 37.79492 ], [ -122.32603, 37.79495 ], [ -122.32611, 37.79492 ], [ -122.32603, 37.79492 ] ], [ [ -122.32625, 37.795 ], [ -122.32633, 37.795 ], [ -122.32625, 37.79495 ], [ -122.32625, 37.795 ] ] ], [ [ [ -122.29173, 37.79937 ], [ -122.29148, 37.79905 ], [ -122.2914, 37.79915 ], [ -122.2913, 37.79905 ], [ -122.29194, 37.79897 ], [ -122.29192, 37.79886 ], [ -122.29124, 37.79897 ], [ -122.29119, 37.79888 ], [ -122.29178, 37.79872 ], [ -122.29148, 37.79861 ], [ -122.29178, 37.79856 ], [ -122.29194, 37.79867 ], [ -122.29197, 37.79856 ], [ -122.29235, 37.79853 ], [ -122.29294, 37.79856 ], [ -122.29254, 37.79864 ], [ -122.29243, 37.79891 ], [ -122.29202, 37.79897 ], [ -122.29208, 37.79915 ], [ -122.29439, 37.7988 ], [ -122.29442, 37.79891 ], [ -122.29413, 37.79902 ], [ -122.29437, 37.79907 ], [ -122.29448, 37.79897 ], [ -122.29445, 37.79907 ], [ -122.29475, 37.79907 ], [ -122.29456, 37.79932 ], [ -122.29477, 37.79929 ], [ -122.29466, 37.79937 ], [ -122.29515, 37.79969 ], [ -122.29421, 37.79964 ], [ -122.29488, 37.79985 ], [ -122.29415, 37.79983 ], [ -122.29404, 37.80015 ], [ -122.29388, 37.80007 ], [ -122.29372, 37.8001 ], [ -122.29299, 37.79972 ], [ -122.29307, 37.79967 ], [ -122.29251, 37.79953 ], [ -122.29286, 37.79948 ], [ -122.29224, 37.79945 ], [ -122.29286, 37.79937 ], [ -122.29291, 37.79926 ], [ -122.29173, 37.79937 ] ], [ [ -122.29399, 37.8001 ], [ -122.29399, 37.80012 ], [ -122.29402, 37.8001 ], [ -122.29399, 37.8001 ] ], [ [ -122.29372, 37.80004 ], [ -122.29372, 37.80007 ], [ -122.29375, 37.80004 ], [ -122.29372, 37.80004 ] ], [ [ -122.29394, 37.80002 ], [ -122.29394, 37.80004 ], [ -122.29396, 37.80002 ], [ -122.29394, 37.80002 ] ], [ [ -122.29369, 37.79996 ], [ -122.29369, 37.79999 ], [ -122.29372, 37.79996 ], [ -122.29369, 37.79996 ] ], [ [ -122.29197, 37.79897 ], [ -122.29197, 37.79899 ], [ -122.292, 37.79897 ], [ -122.29197, 37.79897 ] ], [ [ -122.29289, 37.79921 ], [ -122.29289, 37.79923 ], [ -122.29297, 37.79921 ], [ -122.29289, 37.79921 ] ], [ [ -122.29208, 37.79921 ], [ -122.29208, 37.79918 ], [ -122.292, 37.79921 ], [ -122.29208, 37.79921 ] ], [ [ -122.29421, 37.79913 ], [ -122.29418, 37.79907 ], [ -122.29407, 37.79913 ], [ -122.29421, 37.79913 ] ] ], [ [ [ -122.29127, 37.80209 ], [ -122.29119, 37.80201 ], [ -122.29097, 37.80212 ], [ -122.29065, 37.80185 ], [ -122.2907, 37.80174 ], [ -122.29097, 37.80185 ], [ -122.29105, 37.80177 ], [ -122.29116, 37.80193 ], [ -122.29111, 37.80169 ], [ -122.29127, 37.80155 ], [ -122.29148, 37.80163 ], [ -122.2913, 37.80147 ], [ -122.29178, 37.80134 ], [ -122.29192, 37.80147 ], [ -122.29178, 37.80179 ], [ -122.29194, 37.8019 ], [ -122.29146, 37.80171 ], [ -122.29127, 37.80209 ] ], [ [ -122.29181, 37.80144 ], [ -122.29181, 37.80142 ], [ -122.29178, 37.80144 ], [ -122.29181, 37.80144 ] ] ], [ [ [ -122.30542, 37.80783 ], [ -122.30784, 37.80807 ], [ -122.30984, 37.80853 ], [ -122.30989, 37.80869 ], [ -122.30749, 37.80824 ], [ -122.30639, 37.80821 ], [ -122.30614, 37.80877 ], [ -122.30601, 37.80821 ], [ -122.30439, 37.80799 ], [ -122.30429, 37.80805 ], [ -122.30431, 37.80915 ], [ -122.30402, 37.80934 ], [ -122.30391, 37.80789 ], [ -122.3031, 37.80756 ], [ -122.30321, 37.80737 ], [ -122.30391, 37.8074 ], [ -122.30385, 37.80656 ], [ -122.30369, 37.80621 ], [ -122.30393, 37.8064 ], [ -122.30423, 37.80759 ], [ -122.30493, 37.80778 ], [ -122.30515, 37.80772 ], [ -122.30488, 37.80665 ], [ -122.30461, 37.80613 ], [ -122.30477, 37.80605 ], [ -122.30523, 37.80697 ], [ -122.30542, 37.80783 ] ] ], [ [ [ -122.29593, 37.81629 ], [ -122.29577, 37.81643 ], [ -122.29582, 37.81654 ], [ -122.29558, 37.81648 ], [ -122.29569, 37.81629 ], [ -122.29555, 37.81627 ], [ -122.29545, 37.8164 ], [ -122.29553, 37.81651 ], [ -122.29531, 37.81662 ], [ -122.29539, 37.81672 ], [ -122.2952, 37.81675 ], [ -122.29464, 37.81745 ], [ -122.29472, 37.8181 ], [ -122.29453, 37.81845 ], [ -122.29423, 37.81869 ], [ -122.29458, 37.81818 ], [ -122.29453, 37.81783 ], [ -122.29439, 37.81775 ], [ -122.29388, 37.81837 ], [ -122.29402, 37.81802 ], [ -122.29361, 37.81845 ], [ -122.29359, 37.81829 ], [ -122.29324, 37.81823 ], [ -122.29326, 37.81831 ], [ -122.29313, 37.81831 ], [ -122.29318, 37.81821 ], [ -122.29372, 37.81818 ], [ -122.29402, 37.81783 ], [ -122.29386, 37.81748 ], [ -122.2941, 37.81751 ], [ -122.29402, 37.81761 ], [ -122.2941, 37.81772 ], [ -122.29418, 37.81743 ], [ -122.29264, 37.81643 ], [ -122.29278, 37.81637 ], [ -122.29348, 37.81667 ], [ -122.29386, 37.81629 ], [ -122.29394, 37.81643 ], [ -122.29426, 37.81648 ], [ -122.29421, 37.81664 ], [ -122.29437, 37.81659 ], [ -122.29485, 37.81672 ], [ -122.29461, 37.81716 ], [ -122.29477, 37.81713 ], [ -122.29572, 37.81589 ], [ -122.29555, 37.81605 ], [ -122.29536, 37.81605 ], [ -122.29429, 37.8154 ], [ -122.2955, 37.81597 ], [ -122.2952, 37.81573 ], [ -122.29572, 37.81584 ], [ -122.29601, 37.81532 ], [ -122.29577, 37.81538 ], [ -122.2958, 37.81519 ], [ -122.29534, 37.81495 ], [ -122.29566, 37.81511 ], [ -122.29574, 37.81508 ], [ -122.29539, 37.81487 ], [ -122.29612, 37.81522 ], [ -122.29628, 37.81513 ], [ -122.29609, 37.8153 ], [ -122.29609, 37.81546 ], [ -122.29625, 37.8154 ], [ -122.29625, 37.81549 ], [ -122.29582, 37.81608 ], [ -122.29593, 37.81629 ] ], [ [ -122.29574, 37.8164 ], [ -122.29574, 37.81643 ], [ -122.29577, 37.81643 ], [ -122.29574, 37.8164 ] ], [ [ -122.29534, 37.81659 ], [ -122.29531, 37.81656 ], [ -122.29531, 37.81659 ], [ -122.29534, 37.81659 ] ], [ [ -122.29272, 37.81643 ], [ -122.29278, 37.81646 ], [ -122.29278, 37.81643 ], [ -122.29272, 37.81643 ] ], [ [ -122.2928, 37.81648 ], [ -122.2928, 37.81646 ], [ -122.29278, 37.81646 ], [ -122.2928, 37.81648 ] ], [ [ -122.29574, 37.81511 ], [ -122.2958, 37.81513 ], [ -122.2958, 37.81511 ], [ -122.29574, 37.81511 ] ], [ [ -122.29472, 37.81681 ], [ -122.29469, 37.81678 ], [ -122.29469, 37.81681 ], [ -122.29472, 37.81681 ] ], [ [ -122.2959, 37.81519 ], [ -122.29588, 37.81516 ], [ -122.29588, 37.81519 ], [ -122.2959, 37.81519 ] ], [ [ -122.2945, 37.81775 ], [ -122.29448, 37.81772 ], [ -122.29448, 37.81775 ], [ -122.2945, 37.81775 ] ], [ [ -122.29585, 37.81516 ], [ -122.29582, 37.81513 ], [ -122.29582, 37.81516 ], [ -122.29585, 37.81516 ] ] ], [ [ [ -122.29307, 37.81907 ], [ -122.29299, 37.81939 ], [ -122.29232, 37.82012 ], [ -122.29243, 37.82012 ], [ -122.2924, 37.82026 ], [ -122.29227, 37.82023 ], [ -122.29186, 37.82066 ], [ -122.2921, 37.82026 ], [ -122.29159, 37.82001 ], [ -122.29146, 37.82007 ], [ -122.29146, 37.81993 ], [ -122.29086, 37.81964 ], [ -122.29095, 37.8195 ], [ -122.29124, 37.81974 ], [ -122.29229, 37.82001 ], [ -122.29307, 37.81907 ] ] ], [ [ [ -122.29477, 37.8229 ], [ -122.29423, 37.82241 ], [ -122.29407, 37.82182 ], [ -122.29353, 37.82249 ], [ -122.29332, 37.82233 ], [ -122.29359, 37.82195 ], [ -122.29404, 37.82174 ], [ -122.29413, 37.82114 ], [ -122.29434, 37.82101 ], [ -122.29415, 37.82147 ], [ -122.29434, 37.82168 ], [ -122.29442, 37.8222 ], [ -122.29485, 37.82271 ], [ -122.29477, 37.82276 ], [ -122.29515, 37.82298 ], [ -122.29477, 37.8229 ] ], [ [ -122.29421, 37.82114 ], [ -122.29421, 37.82117 ], [ -122.29423, 37.82114 ], [ -122.29421, 37.82114 ] ], [ [ -122.29418, 37.8222 ], [ -122.29423, 37.8222 ], [ -122.29418, 37.82214 ], [ -122.29418, 37.8222 ] ], [ [ -122.29421, 37.8219 ], [ -122.29421, 37.82201 ], [ -122.29426, 37.82193 ], [ -122.29421, 37.8219 ] ], [ [ -122.29418, 37.82187 ], [ -122.29421, 37.82187 ], [ -122.29413, 37.82152 ], [ -122.29418, 37.82187 ] ] ], [ [ [ -122.29251, 37.82338 ], [ -122.29286, 37.82282 ], [ -122.2927, 37.82276 ], [ -122.29348, 37.82155 ], [ -122.29324, 37.82195 ], [ -122.29337, 37.82209 ], [ -122.29313, 37.82273 ], [ -122.29227, 37.82416 ], [ -122.29256, 37.82357 ], [ -122.29243, 37.82362 ], [ -122.29251, 37.82338 ] ], [ [ -122.29256, 37.82349 ], [ -122.29256, 37.82354 ], [ -122.29259, 37.82349 ], [ -122.29256, 37.82349 ] ], [ [ -122.2931, 37.82228 ], [ -122.29316, 37.82228 ], [ -122.2931, 37.82225 ], [ -122.2931, 37.82228 ] ], [ [ -122.29321, 37.82214 ], [ -122.29324, 37.82214 ], [ -122.29321, 37.82206 ], [ -122.29321, 37.82214 ] ], [ [ -122.29302, 37.82252 ], [ -122.29297, 37.82252 ], [ -122.29299, 37.8226 ], [ -122.29302, 37.82252 ] ], [ [ -122.29313, 37.8223 ], [ -122.29307, 37.8223 ], [ -122.2931, 37.82238 ], [ -122.29313, 37.8223 ] ] ], [ [ [ -122.29402, 37.8237 ], [ -122.29372, 37.82365 ], [ -122.29356, 37.82335 ], [ -122.29369, 37.82308 ], [ -122.29394, 37.82298 ], [ -122.29472, 37.82338 ], [ -122.29402, 37.8237 ] ] ], [ [ [ -122.30418, 37.82387 ], [ -122.30418, 37.82368 ], [ -122.30429, 37.82395 ], [ -122.30464, 37.82395 ], [ -122.30453, 37.82414 ], [ -122.30407, 37.82422 ], [ -122.30396, 37.82414 ], [ -122.30375, 37.82427 ], [ -122.30377, 37.82416 ], [ -122.30358, 37.82416 ], [ -122.30372, 37.82389 ], [ -122.30369, 37.82381 ], [ -122.30307, 37.82403 ], [ -122.30321, 37.82424 ], [ -122.30337, 37.82416 ], [ -122.30334, 37.82427 ], [ -122.30253, 37.82427 ], [ -122.30294, 37.82414 ], [ -122.30294, 37.82379 ], [ -122.3031, 37.82365 ], [ -122.30358, 37.8237 ], [ -122.30375, 37.82379 ], [ -122.3038, 37.824 ], [ -122.30418, 37.82387 ] ] ], [ [ [ -122.29439, 37.82613 ], [ -122.2945, 37.8267 ], [ -122.29391, 37.82678 ], [ -122.29372, 37.82626 ], [ -122.29439, 37.82613 ] ] ], [ [ [ -122.2948, 37.82764 ], [ -122.29536, 37.82745 ], [ -122.29483, 37.8278 ], [ -122.29477, 37.82802 ], [ -122.2945, 37.82818 ], [ -122.29394, 37.82907 ], [ -122.2938, 37.82909 ], [ -122.29402, 37.82847 ], [ -122.29453, 37.82788 ], [ -122.2948, 37.82764 ] ] ], [ [ [ -122.29623, 37.84952 ], [ -122.29625, 37.84936 ], [ -122.2958, 37.8495 ], [ -122.29582, 37.84936 ], [ -122.29623, 37.84906 ], [ -122.29666, 37.84893 ], [ -122.29709, 37.84896 ], [ -122.29725, 37.84917 ], [ -122.29763, 37.84928 ], [ -122.29803, 37.8492 ], [ -122.2986, 37.84968 ], [ -122.29863, 37.8499 ], [ -122.29728, 37.85025 ], [ -122.29615, 37.85036 ], [ -122.29588, 37.84976 ], [ -122.29623, 37.84952 ] ] ], [ [ [ -122.29752, 37.85144 ], [ -122.29763, 37.85146 ], [ -122.2989, 37.85127 ], [ -122.29919, 37.85154 ], [ -122.29949, 37.8527 ], [ -122.2993, 37.85233 ], [ -122.29919, 37.85243 ], [ -122.29919, 37.85187 ], [ -122.29892, 37.8523 ], [ -122.29895, 37.85254 ], [ -122.29906, 37.85278 ], [ -122.29919, 37.85273 ], [ -122.29927, 37.85278 ], [ -122.29914, 37.85286 ], [ -122.29938, 37.85381 ], [ -122.29976, 37.85394 ], [ -122.29978, 37.85378 ], [ -122.29981, 37.85432 ], [ -122.30013, 37.85534 ], [ -122.29995, 37.85591 ], [ -122.30027, 37.85612 ], [ -122.30008, 37.85615 ], [ -122.30019, 37.85642 ], [ -122.3004, 37.85642 ], [ -122.30032, 37.85653 ], [ -122.30059, 37.85677 ], [ -122.30137, 37.85976 ], [ -122.30132, 37.86052 ], [ -122.30151, 37.86103 ], [ -122.30164, 37.861 ], [ -122.30167, 37.86084 ], [ -122.30173, 37.86111 ], [ -122.30162, 37.86103 ], [ -122.30159, 37.86119 ], [ -122.30186, 37.86154 ], [ -122.30197, 37.86203 ], [ -122.3021, 37.86205 ], [ -122.30213, 37.86265 ], [ -122.30272, 37.86453 ], [ -122.30286, 37.86561 ], [ -122.3027, 37.86585 ], [ -122.30243, 37.86588 ], [ -122.30253, 37.86604 ], [ -122.30202, 37.86577 ], [ -122.30154, 37.86483 ], [ -122.30124, 37.86456 ], [ -122.30116, 37.86434 ], [ -122.30137, 37.86448 ], [ -122.30132, 37.86429 ], [ -122.30116, 37.86418 ], [ -122.3, 37.86151 ], [ -122.29978, 37.86138 ], [ -122.29987, 37.86125 ], [ -122.29968, 37.86098 ], [ -122.29984, 37.86076 ], [ -122.2997, 37.86071 ], [ -122.29968, 37.86036 ], [ -122.29933, 37.8599 ], [ -122.29927, 37.85947 ], [ -122.29903, 37.85922 ], [ -122.299, 37.85882 ], [ -122.29881, 37.85866 ], [ -122.29876, 37.85823 ], [ -122.29817, 37.85699 ], [ -122.29806, 37.85634 ], [ -122.29755, 37.85575 ], [ -122.29755, 37.85542 ], [ -122.29704, 37.85421 ], [ -122.29712, 37.854 ], [ -122.29695, 37.85362 ], [ -122.2972, 37.85321 ], [ -122.29709, 37.85313 ], [ -122.29693, 37.8533 ], [ -122.2969, 37.85292 ], [ -122.29671, 37.85281 ], [ -122.29706, 37.85273 ], [ -122.29717, 37.85281 ], [ -122.29717, 37.85268 ], [ -122.29701, 37.85254 ], [ -122.29674, 37.85259 ], [ -122.29679, 37.85243 ], [ -122.29655, 37.85227 ], [ -122.29674, 37.85219 ], [ -122.29631, 37.85206 ], [ -122.29639, 37.85179 ], [ -122.2962, 37.85181 ], [ -122.2962, 37.85149 ], [ -122.29601, 37.85144 ], [ -122.2959, 37.85098 ], [ -122.29601, 37.85084 ], [ -122.29588, 37.85063 ], [ -122.29607, 37.85084 ], [ -122.29604, 37.85063 ], [ -122.2966, 37.85041 ], [ -122.29722, 37.85047 ], [ -122.29863, 37.85014 ], [ -122.29884, 37.8503 ], [ -122.29898, 37.85106 ], [ -122.29731, 37.85135 ], [ -122.29766, 37.85133 ], [ -122.29768, 37.85141 ], [ -122.29752, 37.85144 ] ], [ [ -122.29612, 37.85095 ], [ -122.29609, 37.85084 ], [ -122.29607, 37.85084 ], [ -122.29612, 37.85095 ] ], [ [ -122.2962, 37.85084 ], [ -122.29617, 37.85082 ], [ -122.29617, 37.85084 ], [ -122.2962, 37.85084 ] ], [ [ -122.29609, 37.85138 ], [ -122.29607, 37.85135 ], [ -122.29607, 37.85138 ], [ -122.29609, 37.85138 ] ], [ [ -122.29976, 37.86052 ], [ -122.29973, 37.86049 ], [ -122.29973, 37.86052 ], [ -122.29976, 37.86052 ] ], [ [ -122.29949, 37.85998 ], [ -122.29946, 37.85995 ], [ -122.29946, 37.85998 ], [ -122.29949, 37.85998 ] ], [ [ -122.29722, 37.85138 ], [ -122.2972, 37.85135 ], [ -122.2972, 37.85138 ], [ -122.29722, 37.85138 ] ], [ [ -122.29677, 37.85146 ], [ -122.29674, 37.85144 ], [ -122.29674, 37.85146 ], [ -122.29677, 37.85146 ] ], [ [ -122.29687, 37.85144 ], [ -122.29682, 37.85141 ], [ -122.29682, 37.85144 ], [ -122.29687, 37.85144 ] ], [ [ -122.301, 37.85869 ], [ -122.30097, 37.85871 ], [ -122.301, 37.85871 ], [ -122.301, 37.85869 ] ], [ [ -122.30097, 37.85869 ], [ -122.30094, 37.85866 ], [ -122.30094, 37.85869 ], [ -122.30097, 37.85869 ] ], [ [ -122.30127, 37.86057 ], [ -122.30121, 37.86054 ], [ -122.30121, 37.86057 ], [ -122.30127, 37.86057 ] ], [ [ -122.30243, 37.86372 ], [ -122.30237, 37.86367 ], [ -122.30237, 37.86375 ], [ -122.3024, 37.86383 ], [ -122.30243, 37.86372 ] ], [ [ -122.29631, 37.8516 ], [ -122.29639, 37.85165 ], [ -122.29636, 37.85157 ], [ -122.29631, 37.8516 ] ], [ [ -122.30124, 37.86046 ], [ -122.30113, 37.86038 ], [ -122.30119, 37.86049 ], [ -122.30124, 37.86046 ] ], [ [ -122.29623, 37.85127 ], [ -122.2962, 37.85133 ], [ -122.29623, 37.85133 ], [ -122.29623, 37.85127 ] ], [ [ -122.29617, 37.85127 ], [ -122.29617, 37.85103 ], [ -122.29607, 37.85098 ], [ -122.29617, 37.85127 ] ], [ [ -122.29709, 37.85233 ], [ -122.29685, 37.85219 ], [ -122.29685, 37.8523 ], [ -122.29704, 37.85243 ], [ -122.29709, 37.85233 ] ] ], [ [ [ -122.30935, 37.86602 ], [ -122.30943, 37.86628 ], [ -122.30919, 37.86653 ], [ -122.30865, 37.86645 ], [ -122.3086, 37.86672 ], [ -122.30841, 37.86674 ], [ -122.30844, 37.86634 ], [ -122.30817, 37.86615 ], [ -122.30862, 37.86593 ], [ -122.30949, 37.86591 ], [ -122.30935, 37.86602 ] ], [ [ -122.30849, 37.86631 ], [ -122.30854, 37.86639 ], [ -122.30854, 37.86631 ], [ -122.30849, 37.86631 ] ], [ [ -122.30846, 37.86615 ], [ -122.30854, 37.86618 ], [ -122.30854, 37.86615 ], [ -122.30846, 37.86615 ] ], [ [ -122.30932, 37.86602 ], [ -122.3093, 37.86599 ], [ -122.3093, 37.86602 ], [ -122.30932, 37.86602 ] ] ], [ [ [ -122.31186, 37.86849 ], [ -122.3118, 37.86831 ], [ -122.31156, 37.86831 ], [ -122.31135, 37.86804 ], [ -122.31105, 37.86814 ], [ -122.31078, 37.86793 ], [ -122.31059, 37.86796 ], [ -122.31065, 37.86812 ], [ -122.31048, 37.86812 ], [ -122.31046, 37.86785 ], [ -122.31013, 37.86761 ], [ -122.31029, 37.86731 ], [ -122.31105, 37.86715 ], [ -122.31081, 37.86739 ], [ -122.31091, 37.86769 ], [ -122.3111, 37.86766 ], [ -122.31121, 37.8679 ], [ -122.31137, 37.8679 ], [ -122.3117, 37.86758 ], [ -122.31194, 37.86763 ], [ -122.31197, 37.86777 ], [ -122.31199, 37.86763 ], [ -122.3121, 37.86766 ], [ -122.31205, 37.86825 ], [ -122.31221, 37.86806 ], [ -122.31259, 37.86831 ], [ -122.31186, 37.86849 ] ], [ [ -122.31194, 37.86779 ], [ -122.31197, 37.86779 ], [ -122.31197, 37.86777 ], [ -122.31194, 37.86779 ] ], [ [ -122.31188, 37.86841 ], [ -122.31191, 37.86847 ], [ -122.31197, 37.86841 ], [ -122.31188, 37.86841 ] ], [ [ -122.31162, 37.86771 ], [ -122.31159, 37.86771 ], [ -122.31162, 37.86774 ], [ -122.31162, 37.86771 ] ], [ [ -122.31167, 37.86769 ], [ -122.31162, 37.86769 ], [ -122.31162, 37.86771 ], [ -122.31167, 37.86769 ] ], [ [ -122.31054, 37.86739 ], [ -122.31054, 37.86742 ], [ -122.31056, 37.86739 ], [ -122.31054, 37.86739 ] ], [ [ -122.31218, 37.86817 ], [ -122.31218, 37.8682 ], [ -122.31221, 37.86817 ], [ -122.31218, 37.86817 ] ], [ [ -122.31188, 37.86777 ], [ -122.31188, 37.86779 ], [ -122.31191, 37.86777 ], [ -122.31188, 37.86777 ] ], [ [ -122.31051, 37.86763 ], [ -122.31051, 37.86769 ], [ -122.31054, 37.86763 ], [ -122.31051, 37.86763 ] ], [ [ -122.31051, 37.86785 ], [ -122.31051, 37.8679 ], [ -122.31054, 37.86785 ], [ -122.31051, 37.86785 ] ], [ [ -122.31086, 37.86777 ], [ -122.31086, 37.86779 ], [ -122.31091, 37.86777 ], [ -122.31086, 37.86777 ] ], [ [ -122.31021, 37.86755 ], [ -122.31021, 37.86761 ], [ -122.31024, 37.86755 ], [ -122.31021, 37.86755 ] ], [ [ -122.31075, 37.86736 ], [ -122.31075, 37.86742 ], [ -122.31078, 37.86736 ], [ -122.31075, 37.86736 ] ], [ [ -122.31186, 37.86785 ], [ -122.31183, 37.86779 ], [ -122.3118, 37.86779 ], [ -122.3118, 37.86785 ], [ -122.31186, 37.86785 ] ], [ [ -122.31191, 37.8679 ], [ -122.31191, 37.86796 ], [ -122.31197, 37.8679 ], [ -122.31191, 37.8679 ] ], [ [ -122.31186, 37.86833 ], [ -122.31186, 37.86839 ], [ -122.31194, 37.86833 ], [ -122.31186, 37.86833 ] ], [ [ -122.3121, 37.86833 ], [ -122.31202, 37.86833 ], [ -122.31207, 37.86841 ], [ -122.3121, 37.86833 ] ], [ [ -122.31186, 37.8682 ], [ -122.31202, 37.86831 ], [ -122.31199, 37.86823 ], [ -122.31186, 37.8682 ] ], [ [ -122.31062, 37.86758 ], [ -122.31067, 37.86755 ], [ -122.31062, 37.8675 ], [ -122.31062, 37.86758 ] ], [ [ -122.31067, 37.86742 ], [ -122.31059, 37.8675 ], [ -122.31067, 37.86747 ], [ -122.31067, 37.86742 ] ], [ [ -122.31097, 37.86785 ], [ -122.31097, 37.86798 ], [ -122.31108, 37.86785 ], [ -122.31097, 37.86785 ] ] ], [ [ [ -122.31013, 37.88348 ], [ -122.30992, 37.88345 ], [ -122.30984, 37.88305 ], [ -122.31005, 37.88272 ], [ -122.3104, 37.88259 ], [ -122.31062, 37.88329 ], [ -122.31013, 37.88348 ] ] ], [ [ [ -122.31307, 37.88943 ], [ -122.31299, 37.88933 ], [ -122.31291, 37.88938 ], [ -122.31153, 37.88938 ], [ -122.31073, 37.889 ], [ -122.31019, 37.88841 ], [ -122.30984, 37.88744 ], [ -122.30884, 37.88307 ], [ -122.30873, 37.88305 ], [ -122.30868, 37.88224 ], [ -122.31003, 37.88755 ], [ -122.31035, 37.8879 ], [ -122.311, 37.88822 ], [ -122.3118, 37.88828 ], [ -122.3124, 37.88814 ], [ -122.31234, 37.88825 ], [ -122.31162, 37.88833 ], [ -122.31151, 37.88841 ], [ -122.31156, 37.88868 ], [ -122.31143, 37.88863 ], [ -122.31132, 37.88892 ], [ -122.31186, 37.88916 ], [ -122.31221, 37.88895 ], [ -122.31269, 37.88887 ], [ -122.31275, 37.889 ], [ -122.31331, 37.88914 ], [ -122.31353, 37.88935 ], [ -122.31345, 37.88943 ], [ -122.31307, 37.88943 ] ], [ [ -122.31143, 37.88846 ], [ -122.31118, 37.88844 ], [ -122.31113, 37.88852 ], [ -122.3114, 37.88865 ], [ -122.31143, 37.88846 ] ], [ [ -122.31178, 37.88935 ], [ -122.31178, 37.88938 ], [ -122.3118, 37.88935 ], [ -122.31178, 37.88935 ] ], [ [ -122.31113, 37.88876 ], [ -122.31113, 37.88879 ], [ -122.31116, 37.88876 ], [ -122.31113, 37.88876 ] ], [ [ -122.31202, 37.88911 ], [ -122.31202, 37.88914 ], [ -122.31207, 37.88911 ], [ -122.31202, 37.88911 ] ], [ [ -122.31127, 37.88871 ], [ -122.31127, 37.88873 ], [ -122.31132, 37.88871 ], [ -122.31127, 37.88871 ] ], [ [ -122.3111, 37.88833 ], [ -122.311, 37.88841 ], [ -122.31108, 37.8886 ], [ -122.3111, 37.88833 ] ] ], [ [ [ -122.31065, 37.89755 ], [ -122.31108, 37.89741 ], [ -122.311, 37.89725 ], [ -122.31127, 37.89749 ], [ -122.31065, 37.89755 ] ] ], [ [ [ -122.16021, 37.66918 ], [ -122.16038, 37.66915 ], [ -122.16024, 37.66866 ], [ -122.15924, 37.66912 ], [ -122.15919, 37.6691 ], [ -122.16137, 37.66799 ], [ -122.16213, 37.67015 ], [ -122.16191, 37.67031 ], [ -122.16191, 37.6706 ], [ -122.16108, 37.67109 ], [ -122.16121, 37.67093 ], [ -122.16105, 37.67098 ], [ -122.1611, 37.67074 ], [ -122.16089, 37.67031 ], [ -122.16102, 37.67012 ], [ -122.16043, 37.66885 ], [ -122.16073, 37.66966 ], [ -122.16064, 37.66988 ], [ -122.16056, 37.66966 ], [ -122.16019, 37.66939 ], [ -122.16021, 37.66918 ] ], [ [ -122.16129, 37.67087 ], [ -122.16124, 37.67087 ], [ -122.16121, 37.67093 ], [ -122.16129, 37.67087 ] ], [ [ -122.16156, 37.67071 ], [ -122.16167, 37.67071 ], [ -122.16164, 37.67063 ], [ -122.16156, 37.67071 ] ], [ [ -122.16116, 37.67079 ], [ -122.1611, 37.67079 ], [ -122.16116, 37.67082 ], [ -122.16116, 37.67079 ] ], [ [ -122.16118, 37.67085 ], [ -122.16118, 37.67082 ], [ -122.16116, 37.67082 ], [ -122.16118, 37.67085 ] ], [ [ -122.16027, 37.66875 ], [ -122.16029, 37.66875 ], [ -122.16027, 37.66872 ], [ -122.16027, 37.66875 ] ], [ [ -122.16046, 37.66872 ], [ -122.1604, 37.66872 ], [ -122.16043, 37.66877 ], [ -122.16046, 37.66872 ] ] ], [ [ [ -122.16073, 37.68195 ], [ -122.16075, 37.68184 ], [ -122.16089, 37.68192 ], [ -122.16091, 37.68184 ], [ -122.16229, 37.68332 ], [ -122.16315, 37.68446 ], [ -122.16727, 37.69076 ], [ -122.16329, 37.68475 ], [ -122.16304, 37.68473 ], [ -122.16091, 37.68578 ], [ -122.16091, 37.6857 ], [ -122.1607, 37.68572 ], [ -122.16038, 37.685 ], [ -122.16083, 37.68535 ], [ -122.16108, 37.68532 ], [ -122.16105, 37.6851 ], [ -122.1604, 37.68411 ], [ -122.16, 37.68427 ], [ -122.15986, 37.68421 ], [ -122.16024, 37.684 ], [ -122.1593, 37.68276 ], [ -122.15984, 37.68268 ], [ -122.16043, 37.68211 ], [ -122.16032, 37.68198 ], [ -122.15973, 37.68206 ], [ -122.15967, 37.68203 ], [ -122.16027, 37.68187 ], [ -122.16073, 37.68195 ] ], [ [ -122.16113, 37.68559 ], [ -122.16102, 37.68559 ], [ -122.16094, 37.68564 ], [ -122.16105, 37.68567 ], [ -122.16113, 37.68559 ] ], [ [ -122.16008, 37.68349 ], [ -122.16038, 37.68389 ], [ -122.16059, 37.68386 ], [ -122.16062, 37.68349 ], [ -122.15997, 37.68276 ], [ -122.15962, 37.68287 ], [ -122.15989, 37.68338 ], [ -122.16008, 37.68349 ] ], [ [ -122.16002, 37.68349 ], [ -122.16, 37.68349 ], [ -122.16002, 37.68354 ], [ -122.16002, 37.68349 ] ], [ [ -122.16191, 37.68311 ], [ -122.16194, 37.68311 ], [ -122.16191, 37.68308 ], [ -122.16191, 37.68311 ] ], [ [ -122.16116, 37.68287 ], [ -122.16118, 37.68287 ], [ -122.16116, 37.68284 ], [ -122.16116, 37.68287 ] ], [ [ -122.16221, 37.68405 ], [ -122.16223, 37.68405 ], [ -122.16221, 37.68403 ], [ -122.16221, 37.68405 ] ], [ [ -122.16067, 37.6844 ], [ -122.1607, 37.6844 ], [ -122.16067, 37.68438 ], [ -122.16067, 37.6844 ] ], [ [ -122.16137, 37.68545 ], [ -122.1614, 37.68545 ], [ -122.16137, 37.68543 ], [ -122.16137, 37.68545 ] ], [ [ -122.16137, 37.68295 ], [ -122.1614, 37.68295 ], [ -122.16137, 37.68292 ], [ -122.16137, 37.68295 ] ], [ [ -122.16124, 37.68289 ], [ -122.16126, 37.68289 ], [ -122.16124, 37.68287 ], [ -122.16124, 37.68289 ] ], [ [ -122.16202, 37.68322 ], [ -122.16207, 37.68322 ], [ -122.16202, 37.68319 ], [ -122.16202, 37.68322 ] ], [ [ -122.16097, 37.682 ], [ -122.16097, 37.68198 ], [ -122.16094, 37.682 ], [ -122.16097, 37.682 ] ], [ [ -122.16091, 37.68198 ], [ -122.16094, 37.68198 ], [ -122.16091, 37.68195 ], [ -122.16091, 37.68198 ] ], [ [ -122.16164, 37.6833 ], [ -122.1617, 37.6833 ], [ -122.16164, 37.68327 ], [ -122.16164, 37.6833 ] ], [ [ -122.16078, 37.68241 ], [ -122.16086, 37.68241 ], [ -122.16078, 37.68235 ], [ -122.16078, 37.68241 ] ], [ [ -122.16178, 37.68362 ], [ -122.16186, 37.68365 ], [ -122.16178, 37.68359 ], [ -122.16178, 37.68362 ] ], [ [ -122.16108, 37.68273 ], [ -122.16108, 37.68281 ], [ -122.16118, 37.68276 ], [ -122.16108, 37.68273 ] ], [ [ -122.16116, 37.68556 ], [ -122.16129, 37.68556 ], [ -122.16116, 37.68551 ], [ -122.16116, 37.68556 ] ], [ [ -122.16108, 37.6826 ], [ -122.16097, 37.68244 ], [ -122.16086, 37.68244 ], [ -122.16097, 37.68268 ], [ -122.16108, 37.6826 ] ], [ [ -122.16202, 37.68378 ], [ -122.16188, 37.6837 ], [ -122.16218, 37.68403 ], [ -122.16202, 37.68378 ] ], [ [ -122.16148, 37.68386 ], [ -122.16145, 37.68386 ], [ -122.16148, 37.68389 ], [ -122.16148, 37.68386 ] ], [ [ -122.16175, 37.68443 ], [ -122.1618, 37.68432 ], [ -122.16132, 37.68378 ], [ -122.16124, 37.68378 ], [ -122.16126, 37.68408 ], [ -122.1617, 37.68435 ], [ -122.16164, 37.68448 ], [ -122.16188, 37.6847 ], [ -122.16186, 37.6844 ], [ -122.16175, 37.68443 ] ], [ [ -122.16108, 37.6833 ], [ -122.16043, 37.68257 ], [ -122.16024, 37.68268 ], [ -122.1607, 37.68335 ], [ -122.1611, 37.68354 ], [ -122.16108, 37.6833 ] ], [ [ -122.16151, 37.68502 ], [ -122.16148, 37.6847 ], [ -122.16097, 37.68403 ], [ -122.1607, 37.68392 ], [ -122.16054, 37.68411 ], [ -122.16118, 37.68489 ], [ -122.16151, 37.68502 ] ] ], [ [ [ -122.17164, 37.69076 ], [ -122.17148, 37.69063 ], [ -122.17021, 37.68661 ], [ -122.17137, 37.69068 ], [ -122.17129, 37.69076 ], [ -122.16859, 37.69071 ], [ -122.16857, 37.68572 ], [ -122.16868, 37.68562 ], [ -122.17078, 37.68562 ], [ -122.17256, 37.68745 ], [ -122.1732, 37.68855 ], [ -122.17355, 37.68987 ], [ -122.17355, 37.69068 ], [ -122.17345, 37.69076 ], [ -122.17323, 37.69068 ], [ -122.1732, 37.69076 ], [ -122.17164, 37.69076 ] ] ], [ [ [ -122.1714, 37.68559 ], [ -122.17326, 37.68564 ], [ -122.17533, 37.68729 ], [ -122.17886, 37.69071 ], [ -122.1738, 37.69074 ], [ -122.17366, 37.68944 ], [ -122.17315, 37.68807 ], [ -122.17239, 37.68702 ], [ -122.17115, 37.68572 ], [ -122.17118, 37.68562 ], [ -122.1714, 37.68559 ] ], [ [ -122.17436, 37.68866 ], [ -122.17433, 37.68869 ], [ -122.17436, 37.68869 ], [ -122.17436, 37.68866 ] ] ], [ [ [ -122.17016, 37.69184 ], [ -122.17035, 37.69203 ], [ -122.17035, 37.69152 ], [ -122.17067, 37.6916 ], [ -122.17086, 37.69152 ], [ -122.17099, 37.69168 ], [ -122.17083, 37.69195 ], [ -122.17059, 37.69189 ], [ -122.17048, 37.69206 ], [ -122.17126, 37.69206 ], [ -122.17129, 37.6916 ], [ -122.17145, 37.69171 ], [ -122.17188, 37.69171 ], [ -122.17172, 37.69346 ], [ -122.17167, 37.69284 ], [ -122.17161, 37.69311 ], [ -122.17151, 37.693 ], [ -122.17142, 37.69313 ], [ -122.1714, 37.69251 ], [ -122.17132, 37.69281 ], [ -122.17121, 37.69233 ], [ -122.17051, 37.69235 ], [ -122.17024, 37.69265 ], [ -122.17021, 37.69246 ], [ -122.17, 37.69243 ], [ -122.17013, 37.69278 ], [ -122.17, 37.69265 ], [ -122.1697, 37.69265 ], [ -122.16989, 37.69251 ], [ -122.16986, 37.6923 ], [ -122.16962, 37.69214 ], [ -122.16973, 37.69203 ], [ -122.17002, 37.69203 ], [ -122.17016, 37.69184 ] ], [ [ -122.17024, 37.69243 ], [ -122.17021, 37.69243 ], [ -122.17021, 37.69246 ], [ -122.17024, 37.69243 ] ], [ [ -122.17137, 37.69179 ], [ -122.1714, 37.69176 ], [ -122.17137, 37.69176 ], [ -122.17137, 37.69179 ] ], [ [ -122.17043, 37.6923 ], [ -122.17045, 37.69227 ], [ -122.17043, 37.69227 ], [ -122.17043, 37.6923 ] ], [ [ -122.17161, 37.69281 ], [ -122.17167, 37.69265 ], [ -122.17164, 37.69265 ], [ -122.17161, 37.69281 ] ], [ [ -122.17161, 37.69257 ], [ -122.17167, 37.69235 ], [ -122.17161, 37.69235 ], [ -122.17161, 37.69257 ] ], [ [ -122.1714, 37.69243 ], [ -122.17129, 37.6923 ], [ -122.17132, 37.69243 ], [ -122.1714, 37.69243 ] ], [ [ -122.17126, 37.69233 ], [ -122.17121, 37.69227 ], [ -122.17121, 37.6923 ], [ -122.17126, 37.69233 ] ], [ [ -122.17064, 37.69222 ], [ -122.17048, 37.69227 ], [ -122.17121, 37.69227 ], [ -122.17064, 37.69222 ] ], [ [ -122.17175, 37.69176 ], [ -122.17145, 37.69173 ], [ -122.17145, 37.69206 ], [ -122.17167, 37.69222 ], [ -122.17175, 37.69176 ] ] ], [ [ [ -122.18172, 37.69149 ], [ -122.18218, 37.69208 ], [ -122.1825, 37.69233 ], [ -122.18269, 37.6923 ], [ -122.18285, 37.69249 ], [ -122.18309, 37.69319 ], [ -122.1825, 37.69284 ], [ -122.1815, 37.69146 ], [ -122.18172, 37.69149 ] ] ], [ [ [ -122.1687, 37.69241 ], [ -122.16916, 37.69227 ], [ -122.16927, 37.69265 ], [ -122.16962, 37.69287 ], [ -122.16965, 37.69303 ], [ -122.16994, 37.69292 ], [ -122.17013, 37.693 ], [ -122.16983, 37.69308 ], [ -122.16965, 37.69332 ], [ -122.1694, 37.69332 ], [ -122.1687, 37.69241 ] ] ], [ [ [ -122.17762, 37.69332 ], [ -122.17765, 37.69384 ], [ -122.17784, 37.69413 ], [ -122.17773, 37.6941 ], [ -122.17773, 37.69421 ], [ -122.17738, 37.69375 ], [ -122.17735, 37.69322 ], [ -122.17716, 37.69313 ], [ -122.177, 37.69278 ], [ -122.17671, 37.69386 ], [ -122.1766, 37.69281 ], [ -122.17606, 37.69278 ], [ -122.17598, 37.69392 ], [ -122.17595, 37.69373 ], [ -122.17587, 37.69384 ], [ -122.17582, 37.69278 ], [ -122.17525, 37.69276 ], [ -122.17522, 37.69424 ], [ -122.17512, 37.69408 ], [ -122.17509, 37.69427 ], [ -122.17493, 37.69332 ], [ -122.17504, 37.69281 ], [ -122.17444, 37.69281 ], [ -122.17442, 37.69365 ], [ -122.17433, 37.69351 ], [ -122.17428, 37.69375 ], [ -122.17412, 37.69254 ], [ -122.1742, 37.69216 ], [ -122.17374, 37.692 ], [ -122.1739, 37.69192 ], [ -122.1739, 37.69171 ], [ -122.17401, 37.69189 ], [ -122.1745, 37.69189 ], [ -122.1746, 37.69146 ], [ -122.17474, 37.69146 ], [ -122.1749, 37.69189 ], [ -122.1752, 37.69189 ], [ -122.17533, 37.69149 ], [ -122.17552, 37.69146 ], [ -122.17552, 37.69173 ], [ -122.17571, 37.69173 ], [ -122.17579, 37.69157 ], [ -122.17606, 37.69176 ], [ -122.17606, 37.69146 ], [ -122.17628, 37.69146 ], [ -122.17622, 37.69192 ], [ -122.17649, 37.69189 ], [ -122.17649, 37.69163 ], [ -122.1766, 37.69165 ], [ -122.17652, 37.69184 ], [ -122.17687, 37.69189 ], [ -122.17692, 37.69146 ], [ -122.17703, 37.69192 ], [ -122.17751, 37.69192 ], [ -122.17762, 37.69146 ], [ -122.17778, 37.69152 ], [ -122.17773, 37.69168 ], [ -122.17789, 37.69189 ], [ -122.17797, 37.69168 ], [ -122.17808, 37.69168 ], [ -122.17803, 37.69187 ], [ -122.17824, 37.69187 ], [ -122.1783, 37.6916 ], [ -122.17854, 37.6916 ], [ -122.17857, 37.69146 ], [ -122.17916, 37.69154 ], [ -122.179, 37.6916 ], [ -122.17913, 37.69206 ], [ -122.179, 37.69206 ], [ -122.17897, 37.69233 ], [ -122.17921, 37.69238 ], [ -122.17897, 37.69243 ], [ -122.17889, 37.69262 ], [ -122.17875, 37.69214 ], [ -122.17873, 37.69243 ], [ -122.17862, 37.69265 ], [ -122.17849, 37.69268 ], [ -122.17849, 37.69397 ], [ -122.17819, 37.6934 ], [ -122.17819, 37.69281 ], [ -122.17776, 37.693 ], [ -122.17787, 37.69311 ], [ -122.1777, 37.69313 ], [ -122.17768, 37.69327 ], [ -122.17787, 37.6933 ], [ -122.17762, 37.69332 ] ], [ [ -122.1784, 37.69375 ], [ -122.17843, 37.69375 ], [ -122.1784, 37.69373 ], [ -122.1784, 37.69375 ] ], [ [ -122.1777, 37.693 ], [ -122.1777, 37.69303 ], [ -122.17773, 37.693 ], [ -122.1777, 37.693 ] ], [ [ -122.17676, 37.69238 ], [ -122.17676, 37.69241 ], [ -122.17679, 37.69238 ], [ -122.17676, 37.69238 ] ], [ [ -122.17528, 37.69227 ], [ -122.17528, 37.6923 ], [ -122.17531, 37.69227 ], [ -122.17528, 37.69227 ] ], [ [ -122.17601, 37.69216 ], [ -122.17601, 37.69219 ], [ -122.17603, 37.69216 ], [ -122.17601, 37.69216 ] ], [ [ -122.17776, 37.69287 ], [ -122.17776, 37.69292 ], [ -122.17778, 37.69287 ], [ -122.17776, 37.69287 ] ], [ [ -122.17865, 37.69154 ], [ -122.17865, 37.69157 ], [ -122.17873, 37.69154 ], [ -122.17865, 37.69154 ] ], [ [ -122.17506, 37.69235 ], [ -122.17506, 37.69238 ], [ -122.17514, 37.69235 ], [ -122.17506, 37.69235 ] ], [ [ -122.17859, 37.69233 ], [ -122.17859, 37.69235 ], [ -122.17867, 37.69233 ], [ -122.17859, 37.69233 ] ], [ [ -122.17557, 37.69243 ], [ -122.17557, 37.69249 ], [ -122.17563, 37.69243 ], [ -122.17557, 37.69243 ] ], [ [ -122.17695, 37.69287 ], [ -122.17687, 37.69281 ], [ -122.1769, 37.69287 ], [ -122.17695, 37.69287 ] ], [ [ -122.17566, 37.69179 ], [ -122.17566, 37.69184 ], [ -122.17571, 37.69179 ], [ -122.17566, 37.69179 ] ], [ [ -122.17851, 37.69257 ], [ -122.17851, 37.69262 ], [ -122.17857, 37.69257 ], [ -122.17851, 37.69257 ] ], [ [ -122.1745, 37.69246 ], [ -122.1745, 37.69251 ], [ -122.17455, 37.69246 ], [ -122.1745, 37.69246 ] ], [ [ -122.17536, 37.69238 ], [ -122.17528, 37.69233 ], [ -122.17522, 37.69238 ], [ -122.17536, 37.69238 ] ], [ [ -122.17557, 37.69179 ], [ -122.17557, 37.69187 ], [ -122.17563, 37.69179 ], [ -122.17557, 37.69179 ] ], [ [ -122.17725, 37.69305 ], [ -122.17725, 37.69295 ], [ -122.17719, 37.69303 ], [ -122.17725, 37.69305 ] ], [ [ -122.17636, 37.69238 ], [ -122.17636, 37.69243 ], [ -122.17644, 37.69238 ], [ -122.17636, 37.69238 ] ], [ [ -122.17865, 37.69187 ], [ -122.17862, 37.69179 ], [ -122.17851, 37.69189 ], [ -122.17865, 37.69187 ] ], [ [ -122.17584, 37.69184 ], [ -122.17584, 37.69165 ], [ -122.17576, 37.69184 ], [ -122.17584, 37.69184 ] ], [ [ -122.17657, 37.69235 ], [ -122.17695, 37.69235 ], [ -122.17657, 37.6923 ], [ -122.17657, 37.69235 ] ], [ [ -122.1749, 37.69249 ], [ -122.17504, 37.6923 ], [ -122.17485, 37.69227 ], [ -122.17479, 37.69241 ], [ -122.1749, 37.69249 ] ], [ [ -122.17638, 37.69222 ], [ -122.17584, 37.69233 ], [ -122.17584, 37.69219 ], [ -122.17566, 37.69227 ], [ -122.17557, 37.69216 ], [ -122.17544, 37.69243 ], [ -122.17563, 37.69235 ], [ -122.17571, 37.69249 ], [ -122.17584, 37.69241 ], [ -122.17619, 37.69246 ], [ -122.1763, 37.69235 ], [ -122.17654, 37.69235 ], [ -122.17638, 37.69222 ] ] ], [ [ [ -122.1739, 37.69305 ], [ -122.17358, 37.69311 ], [ -122.17355, 37.694 ], [ -122.1735, 37.69362 ], [ -122.17342, 37.69348 ], [ -122.17326, 37.69357 ], [ -122.17326, 37.69313 ], [ -122.17296, 37.69276 ], [ -122.17299, 37.6926 ], [ -122.17323, 37.69254 ], [ -122.17326, 37.69243 ], [ -122.17293, 37.69235 ], [ -122.17258, 37.69198 ], [ -122.17315, 37.69192 ], [ -122.17323, 37.69233 ], [ -122.17328, 37.69216 ], [ -122.17355, 37.69214 ], [ -122.17374, 37.69227 ], [ -122.17361, 37.69233 ], [ -122.17361, 37.69265 ], [ -122.1739, 37.69268 ], [ -122.17361, 37.69273 ], [ -122.17361, 37.69303 ], [ -122.1739, 37.69305 ] ], [ [ -122.17323, 37.69305 ], [ -122.17326, 37.69305 ], [ -122.17323, 37.69297 ], [ -122.17323, 37.69305 ] ] ], [ [ [ -122.18215, 37.69521 ], [ -122.18177, 37.69448 ], [ -122.18167, 37.69464 ], [ -122.18134, 37.69432 ], [ -122.18115, 37.69384 ], [ -122.18137, 37.69389 ], [ -122.1814, 37.69405 ], [ -122.18148, 37.69397 ], [ -122.18113, 37.6933 ], [ -122.18105, 37.69362 ], [ -122.18069, 37.69319 ], [ -122.18067, 37.69292 ], [ -122.18099, 37.69313 ], [ -122.18096, 37.69292 ], [ -122.18123, 37.69297 ], [ -122.18142, 37.6934 ], [ -122.18172, 37.6934 ], [ -122.18188, 37.69359 ], [ -122.18185, 37.694 ], [ -122.18212, 37.69435 ], [ -122.1821, 37.6947 ], [ -122.18242, 37.69537 ], [ -122.18215, 37.69521 ] ], [ [ -122.18172, 37.69448 ], [ -122.18175, 37.69448 ], [ -122.18172, 37.69443 ], [ -122.18172, 37.69448 ] ], [ [ -122.18148, 37.69405 ], [ -122.18145, 37.69405 ], [ -122.18148, 37.69408 ], [ -122.18148, 37.69405 ] ], [ [ -122.18105, 37.69313 ], [ -122.18102, 37.69313 ], [ -122.18105, 37.69316 ], [ -122.18105, 37.69313 ] ], [ [ -122.18156, 37.69416 ], [ -122.18156, 37.69419 ], [ -122.18158, 37.69416 ], [ -122.18156, 37.69416 ] ], [ [ -122.18105, 37.69319 ], [ -122.18105, 37.69324 ], [ -122.18107, 37.69319 ], [ -122.18105, 37.69319 ] ], [ [ -122.18161, 37.69437 ], [ -122.18164, 37.69443 ], [ -122.18167, 37.69437 ], [ -122.18161, 37.69437 ] ], [ [ -122.18158, 37.69421 ], [ -122.18158, 37.69429 ], [ -122.18164, 37.69424 ], [ -122.18158, 37.69421 ] ] ], [ [ [ -122.16992, 37.69416 ], [ -122.17027, 37.69419 ], [ -122.17043, 37.69446 ], [ -122.17089, 37.69424 ], [ -122.17059, 37.69408 ], [ -122.17056, 37.69394 ], [ -122.17129, 37.69435 ], [ -122.17064, 37.69464 ], [ -122.1707, 37.69475 ], [ -122.17132, 37.69454 ], [ -122.1714, 37.69467 ], [ -122.17072, 37.69481 ], [ -122.17059, 37.69507 ], [ -122.16992, 37.69416 ] ] ], [ [ [ -122.16744, 37.69327 ], [ -122.16738, 37.69295 ], [ -122.16692, 37.69268 ], [ -122.16644, 37.69268 ], [ -122.1659, 37.69292 ], [ -122.16539, 37.69292 ], [ -122.16479, 37.69308 ], [ -122.16479, 37.69335 ], [ -122.16515, 37.69397 ], [ -122.16501, 37.69378 ], [ -122.16469, 37.69389 ], [ -122.16442, 37.6937 ], [ -122.16458, 37.69394 ], [ -122.16453, 37.694 ], [ -122.16374, 37.69343 ], [ -122.16347, 37.69354 ], [ -122.1635, 37.69413 ], [ -122.16329, 37.69365 ], [ -122.16326, 37.69413 ], [ -122.16312, 37.69335 ], [ -122.16331, 37.69343 ], [ -122.16372, 37.69324 ], [ -122.1635, 37.69316 ], [ -122.16426, 37.69295 ], [ -122.16442, 37.69278 ], [ -122.16474, 37.69281 ], [ -122.16498, 37.69265 ], [ -122.16501, 37.69254 ], [ -122.16482, 37.69249 ], [ -122.16493, 37.6923 ], [ -122.16515, 37.69233 ], [ -122.16531, 37.69265 ], [ -122.16541, 37.69246 ], [ -122.16531, 37.69216 ], [ -122.16541, 37.69211 ], [ -122.16563, 37.69216 ], [ -122.16571, 37.69249 ], [ -122.1662, 37.69246 ], [ -122.16633, 37.69233 ], [ -122.16625, 37.69189 ], [ -122.16647, 37.69216 ], [ -122.16663, 37.69206 ], [ -122.16695, 37.69214 ], [ -122.16692, 37.69173 ], [ -122.16741, 37.6916 ], [ -122.16749, 37.69173 ], [ -122.16787, 37.69168 ], [ -122.16792, 37.69179 ], [ -122.16779, 37.69203 ], [ -122.16746, 37.692 ], [ -122.16719, 37.69219 ], [ -122.1673, 37.69243 ], [ -122.16754, 37.69241 ], [ -122.16746, 37.69265 ], [ -122.16768, 37.69265 ], [ -122.16757, 37.69278 ], [ -122.16779, 37.69311 ], [ -122.16792, 37.69319 ], [ -122.16814, 37.69308 ], [ -122.16789, 37.69297 ], [ -122.16808, 37.69273 ], [ -122.16787, 37.69257 ], [ -122.16816, 37.69246 ], [ -122.16884, 37.69338 ], [ -122.16876, 37.69354 ], [ -122.16843, 37.69357 ], [ -122.16835, 37.69367 ], [ -122.16862, 37.69381 ], [ -122.16846, 37.69392 ], [ -122.16862, 37.69405 ], [ -122.16857, 37.69416 ], [ -122.16916, 37.69408 ], [ -122.16948, 37.69429 ], [ -122.16954, 37.69456 ], [ -122.16911, 37.69483 ], [ -122.16919, 37.69499 ], [ -122.16959, 37.69472 ], [ -122.16973, 37.69486 ], [ -122.1697, 37.69516 ], [ -122.16938, 37.69521 ], [ -122.16938, 37.69556 ], [ -122.16954, 37.69567 ], [ -122.16981, 37.69513 ], [ -122.16967, 37.69569 ], [ -122.16992, 37.69551 ], [ -122.17018, 37.69556 ], [ -122.16965, 37.69586 ], [ -122.16973, 37.69613 ], [ -122.16994, 37.69613 ], [ -122.16978, 37.69621 ], [ -122.16983, 37.69634 ], [ -122.16962, 37.69615 ], [ -122.16975, 37.69648 ], [ -122.16938, 37.69602 ], [ -122.16908, 37.69642 ], [ -122.16878, 37.69645 ], [ -122.16558, 37.69777 ], [ -122.1655, 37.69769 ], [ -122.1656, 37.69761 ], [ -122.16628, 37.69745 ], [ -122.16897, 37.69629 ], [ -122.16927, 37.69599 ], [ -122.16876, 37.69543 ], [ -122.16824, 37.69561 ], [ -122.1683, 37.69599 ], [ -122.16789, 37.69575 ], [ -122.16736, 37.69599 ], [ -122.16746, 37.6961 ], [ -122.16706, 37.69688 ], [ -122.16684, 37.69691 ], [ -122.16679, 37.69664 ], [ -122.16655, 37.69642 ], [ -122.16587, 37.69661 ], [ -122.16579, 37.6968 ], [ -122.16568, 37.69669 ], [ -122.16531, 37.69677 ], [ -122.16547, 37.69664 ], [ -122.1652, 37.69672 ], [ -122.16617, 37.69626 ], [ -122.16598, 37.69623 ], [ -122.16603, 37.69607 ], [ -122.16641, 37.6961 ], [ -122.16668, 37.69583 ], [ -122.16738, 37.69553 ], [ -122.16781, 37.69545 ], [ -122.16792, 37.69553 ], [ -122.168, 37.69534 ], [ -122.16854, 37.69505 ], [ -122.16771, 37.69381 ], [ -122.1655, 37.69464 ], [ -122.16665, 37.6941 ], [ -122.16655, 37.69373 ], [ -122.16684, 37.694 ], [ -122.16679, 37.6933 ], [ -122.1662, 37.69305 ], [ -122.16711, 37.69338 ], [ -122.16744, 37.69327 ] ], [ [ -122.16965, 37.69572 ], [ -122.16967, 37.69572 ], [ -122.16967, 37.69569 ], [ -122.16965, 37.69572 ] ], [ [ -122.169, 37.69637 ], [ -122.169, 37.6964 ], [ -122.16903, 37.69637 ], [ -122.169, 37.69637 ] ], [ [ -122.16924, 37.69583 ], [ -122.16924, 37.69588 ], [ -122.1693, 37.69583 ], [ -122.16924, 37.69583 ] ], [ [ -122.16824, 37.69567 ], [ -122.16824, 37.69564 ], [ -122.16822, 37.69567 ], [ -122.16824, 37.69567 ] ], [ [ -122.16762, 37.69381 ], [ -122.16768, 37.69381 ], [ -122.16762, 37.69378 ], [ -122.16762, 37.69381 ] ], [ [ -122.16768, 37.69375 ], [ -122.16768, 37.69378 ], [ -122.16771, 37.69375 ], [ -122.16768, 37.69375 ] ], [ [ -122.16749, 37.69384 ], [ -122.16749, 37.69386 ], [ -122.16752, 37.69384 ], [ -122.16749, 37.69384 ] ], [ [ -122.16655, 37.6923 ], [ -122.16655, 37.69233 ], [ -122.16657, 37.6923 ], [ -122.16655, 37.6923 ] ], [ [ -122.16391, 37.6933 ], [ -122.16391, 37.69332 ], [ -122.16393, 37.6933 ], [ -122.16391, 37.6933 ] ], [ [ -122.16795, 37.6933 ], [ -122.16795, 37.69332 ], [ -122.16797, 37.6933 ], [ -122.16795, 37.6933 ] ], [ [ -122.1673, 37.69332 ], [ -122.1673, 37.69335 ], [ -122.16733, 37.69332 ], [ -122.1673, 37.69332 ] ], [ [ -122.16776, 37.69179 ], [ -122.16776, 37.69181 ], [ -122.16779, 37.69179 ], [ -122.16776, 37.69179 ] ], [ [ -122.16752, 37.69322 ], [ -122.16752, 37.69324 ], [ -122.16754, 37.69322 ], [ -122.16752, 37.69322 ] ], [ [ -122.16417, 37.69338 ], [ -122.16417, 37.6934 ], [ -122.1642, 37.69338 ], [ -122.16417, 37.69338 ] ], [ [ -122.17005, 37.69559 ], [ -122.17005, 37.69561 ], [ -122.17008, 37.69559 ], [ -122.17005, 37.69559 ] ], [ [ -122.16741, 37.69386 ], [ -122.16741, 37.69389 ], [ -122.16744, 37.69386 ], [ -122.16741, 37.69386 ] ], [ [ -122.16865, 37.69491 ], [ -122.16865, 37.69494 ], [ -122.16868, 37.69491 ], [ -122.16865, 37.69491 ] ], [ [ -122.16754, 37.69381 ], [ -122.16754, 37.69384 ], [ -122.16757, 37.69381 ], [ -122.16754, 37.69381 ] ], [ [ -122.16725, 37.69335 ], [ -122.16725, 37.69338 ], [ -122.16727, 37.69335 ], [ -122.16725, 37.69335 ] ], [ [ -122.16781, 37.69179 ], [ -122.16781, 37.69181 ], [ -122.16787, 37.69179 ], [ -122.16781, 37.69179 ] ], [ [ -122.16717, 37.69338 ], [ -122.16717, 37.6934 ], [ -122.16722, 37.69338 ], [ -122.16717, 37.69338 ] ], [ [ -122.16797, 37.69389 ], [ -122.168, 37.69389 ], [ -122.16797, 37.69386 ], [ -122.16797, 37.69389 ] ], [ [ -122.16795, 37.69384 ], [ -122.16795, 37.69386 ], [ -122.16797, 37.69386 ], [ -122.16795, 37.69384 ] ], [ [ -122.16469, 37.69311 ], [ -122.16469, 37.69313 ], [ -122.16474, 37.69311 ], [ -122.16469, 37.69311 ] ], [ [ -122.16453, 37.69287 ], [ -122.16453, 37.69284 ], [ -122.16444, 37.69287 ], [ -122.16453, 37.69287 ] ], [ [ -122.16442, 37.69289 ], [ -122.16444, 37.69289 ], [ -122.16444, 37.69287 ], [ -122.16442, 37.69289 ] ], [ [ -122.1687, 37.69505 ], [ -122.1687, 37.69518 ], [ -122.16876, 37.69507 ], [ -122.1687, 37.69505 ] ], [ [ -122.16385, 37.69335 ], [ -122.16385, 37.69332 ], [ -122.16366, 37.69335 ], [ -122.16385, 37.69335 ] ], [ [ -122.16345, 37.69351 ], [ -122.16366, 37.69338 ], [ -122.16345, 37.69338 ], [ -122.16345, 37.69351 ] ], [ [ -122.16444, 37.69365 ], [ -122.1645, 37.69348 ], [ -122.1642, 37.69343 ], [ -122.16439, 37.69354 ], [ -122.16444, 37.69365 ] ], [ [ -122.16722, 37.69386 ], [ -122.16722, 37.69365 ], [ -122.16698, 37.69392 ], [ -122.16722, 37.69386 ] ] ], [ [ [ -122.16663, 37.69454 ], [ -122.16703, 37.69435 ], [ -122.16749, 37.69437 ], [ -122.1676, 37.69448 ], [ -122.16752, 37.69486 ], [ -122.16709, 37.69507 ], [ -122.16663, 37.69454 ] ] ], [ [ [ -122.16388, 37.69534 ], [ -122.16423, 37.69521 ], [ -122.16409, 37.69521 ], [ -122.16409, 37.69494 ], [ -122.16428, 37.69491 ], [ -122.16431, 37.69518 ], [ -122.16463, 37.6951 ], [ -122.16439, 37.69532 ], [ -122.16442, 37.69545 ], [ -122.16466, 37.69529 ], [ -122.16477, 37.69537 ], [ -122.16458, 37.69575 ], [ -122.1645, 37.69564 ], [ -122.1645, 37.69553 ], [ -122.16434, 37.69575 ], [ -122.16401, 37.69545 ], [ -122.16477, 37.69677 ], [ -122.16444, 37.69642 ], [ -122.16455, 37.69677 ], [ -122.16372, 37.69569 ], [ -122.16358, 37.69567 ], [ -122.16334, 37.69505 ], [ -122.16329, 37.69424 ], [ -122.16353, 37.69489 ], [ -122.16347, 37.69421 ], [ -122.16353, 37.69421 ], [ -122.16364, 37.69489 ], [ -122.16388, 37.69534 ] ], [ [ -122.16455, 37.69556 ], [ -122.16453, 37.69561 ], [ -122.16455, 37.69561 ], [ -122.16455, 37.69556 ] ], [ [ -122.16428, 37.69516 ], [ -122.16426, 37.69518 ], [ -122.16428, 37.69518 ], [ -122.16428, 37.69516 ] ] ], [ [ [ -122.18207, 37.69629 ], [ -122.18242, 37.69656 ], [ -122.18239, 37.69669 ], [ -122.18212, 37.69642 ], [ -122.18202, 37.69645 ], [ -122.18207, 37.69629 ] ] ], [ [ [ -122.18964, 37.70084 ], [ -122.18972, 37.70149 ], [ -122.18929, 37.7016 ], [ -122.18924, 37.7017 ], [ -122.18894, 37.7017 ], [ -122.18913, 37.7016 ], [ -122.18902, 37.70146 ], [ -122.18859, 37.70165 ], [ -122.18865, 37.70187 ], [ -122.18854, 37.70192 ], [ -122.18821, 37.70181 ], [ -122.18808, 37.702 ], [ -122.18759, 37.70189 ], [ -122.18716, 37.702 ], [ -122.18743, 37.70184 ], [ -122.18708, 37.70189 ], [ -122.18749, 37.70165 ], [ -122.18735, 37.70146 ], [ -122.18754, 37.70122 ], [ -122.18746, 37.70098 ], [ -122.18719, 37.701 ], [ -122.18724, 37.70127 ], [ -122.18676, 37.70135 ], [ -122.18649, 37.70095 ], [ -122.18633, 37.701 ], [ -122.18641, 37.70092 ], [ -122.1863, 37.70092 ], [ -122.18676, 37.70063 ], [ -122.18668, 37.70049 ], [ -122.18681, 37.70046 ], [ -122.18662, 37.70038 ], [ -122.18662, 37.70011 ], [ -122.18687, 37.70006 ], [ -122.18684, 37.69982 ], [ -122.1867, 37.69979 ], [ -122.1867, 37.69995 ], [ -122.1866, 37.69995 ], [ -122.18638, 37.69966 ], [ -122.18641, 37.69979 ], [ -122.18598, 37.69982 ], [ -122.18611, 37.69952 ], [ -122.18595, 37.69949 ], [ -122.18592, 37.6996 ], [ -122.18568, 37.69925 ], [ -122.1853, 37.69939 ], [ -122.18498, 37.69933 ], [ -122.18506, 37.69941 ], [ -122.18485, 37.69955 ], [ -122.18444, 37.6992 ], [ -122.18423, 37.69923 ], [ -122.18414, 37.69896 ], [ -122.18396, 37.69904 ], [ -122.18417, 37.69931 ], [ -122.18388, 37.69931 ], [ -122.18396, 37.69909 ], [ -122.18377, 37.69909 ], [ -122.18388, 37.69898 ], [ -122.18369, 37.69893 ], [ -122.18339, 37.69914 ], [ -122.18301, 37.69914 ], [ -122.18304, 37.69947 ], [ -122.18272, 37.69909 ], [ -122.1825, 37.69904 ], [ -122.18215, 37.69914 ], [ -122.18202, 37.69904 ], [ -122.18188, 37.69909 ], [ -122.18191, 37.69923 ], [ -122.18169, 37.69909 ], [ -122.18121, 37.69923 ], [ -122.18107, 37.6992 ], [ -122.18129, 37.69909 ], [ -122.18105, 37.69866 ], [ -122.18115, 37.6985 ], [ -122.18096, 37.69855 ], [ -122.18083, 37.69834 ], [ -122.17913, 37.69896 ], [ -122.18016, 37.69847 ], [ -122.17905, 37.69882 ], [ -122.17981, 37.69847 ], [ -122.17989, 37.69828 ], [ -122.18008, 37.69834 ], [ -122.18037, 37.69817 ], [ -122.18032, 37.69793 ], [ -122.18053, 37.69815 ], [ -122.18051, 37.69782 ], [ -122.18072, 37.69774 ], [ -122.18086, 37.69793 ], [ -122.18096, 37.6978 ], [ -122.18123, 37.69785 ], [ -122.18118, 37.69755 ], [ -122.18134, 37.69747 ], [ -122.18145, 37.69766 ], [ -122.18156, 37.69769 ], [ -122.18153, 37.69742 ], [ -122.18121, 37.69726 ], [ -122.17994, 37.69777 ], [ -122.18008, 37.69755 ], [ -122.18061, 37.69731 ], [ -122.1804, 37.69688 ], [ -122.18053, 37.69688 ], [ -122.18078, 37.69723 ], [ -122.18129, 37.69702 ], [ -122.18105, 37.6965 ], [ -122.18067, 37.69621 ], [ -122.18069, 37.69607 ], [ -122.1804, 37.69607 ], [ -122.18021, 37.69583 ], [ -122.18002, 37.6958 ], [ -122.17994, 37.69591 ], [ -122.18013, 37.69607 ], [ -122.18032, 37.69669 ], [ -122.17981, 37.6961 ], [ -122.17954, 37.69615 ], [ -122.1797, 37.69661 ], [ -122.17962, 37.69672 ], [ -122.17999, 37.69737 ], [ -122.17991, 37.69753 ], [ -122.1794, 37.69685 ], [ -122.17921, 37.6968 ], [ -122.17924, 37.69664 ], [ -122.17905, 37.69664 ], [ -122.17889, 37.69648 ], [ -122.17862, 37.69653 ], [ -122.17886, 37.6971 ], [ -122.17878, 37.69702 ], [ -122.17873, 37.6971 ], [ -122.17832, 37.69658 ], [ -122.17773, 37.69677 ], [ -122.17749, 37.69648 ], [ -122.17768, 37.69677 ], [ -122.17765, 37.69683 ], [ -122.17719, 37.69626 ], [ -122.17646, 37.6965 ], [ -122.1766, 37.69629 ], [ -122.17711, 37.69607 ], [ -122.17679, 37.69545 ], [ -122.17703, 37.69559 ], [ -122.1773, 37.69599 ], [ -122.17778, 37.69578 ], [ -122.17751, 37.69507 ], [ -122.17797, 37.69567 ], [ -122.1784, 37.69545 ], [ -122.17813, 37.69537 ], [ -122.17827, 37.69516 ], [ -122.17776, 37.69421 ], [ -122.17787, 37.69435 ], [ -122.17792, 37.69424 ], [ -122.17859, 37.69505 ], [ -122.17897, 37.69491 ], [ -122.17857, 37.6941 ], [ -122.17867, 37.69413 ], [ -122.17865, 37.69402 ], [ -122.17913, 37.69464 ], [ -122.1794, 37.69472 ], [ -122.1794, 37.69491 ], [ -122.17956, 37.69486 ], [ -122.17905, 37.69392 ], [ -122.17929, 37.69381 ], [ -122.17919, 37.69367 ], [ -122.17954, 37.69354 ], [ -122.17935, 37.6934 ], [ -122.17946, 37.69324 ], [ -122.17927, 37.69305 ], [ -122.17935, 37.69289 ], [ -122.17954, 37.693 ], [ -122.17951, 37.69335 ], [ -122.17975, 37.69332 ], [ -122.17962, 37.69295 ], [ -122.17972, 37.69292 ], [ -122.17983, 37.69316 ], [ -122.17991, 37.69308 ], [ -122.18005, 37.69308 ], [ -122.17997, 37.69278 ], [ -122.17981, 37.69284 ], [ -122.17975, 37.69276 ], [ -122.17991, 37.69262 ], [ -122.18024, 37.693 ], [ -122.18024, 37.69338 ], [ -122.18053, 37.6937 ], [ -122.18056, 37.69351 ], [ -122.18064, 37.69354 ], [ -122.18067, 37.69394 ], [ -122.18051, 37.69389 ], [ -122.18043, 37.69362 ], [ -122.18026, 37.6937 ], [ -122.18016, 37.69362 ], [ -122.18018, 37.69384 ], [ -122.18013, 37.694 ], [ -122.18029, 37.69424 ], [ -122.18043, 37.69413 ], [ -122.18056, 37.69435 ], [ -122.18078, 37.6944 ], [ -122.18099, 37.69459 ], [ -122.18083, 37.69507 ], [ -122.18072, 37.69483 ], [ -122.18061, 37.69494 ], [ -122.18088, 37.69543 ], [ -122.18099, 37.69526 ], [ -122.18137, 37.69559 ], [ -122.18148, 37.69553 ], [ -122.18158, 37.69521 ], [ -122.18142, 37.6951 ], [ -122.18134, 37.69489 ], [ -122.1815, 37.69481 ], [ -122.18161, 37.69481 ], [ -122.18148, 37.69497 ], [ -122.18169, 37.69526 ], [ -122.18164, 37.69537 ], [ -122.18193, 37.69526 ], [ -122.18199, 37.69507 ], [ -122.18212, 37.69521 ], [ -122.18191, 37.69543 ], [ -122.18207, 37.69591 ], [ -122.18185, 37.69575 ], [ -122.18185, 37.69594 ], [ -122.18167, 37.69594 ], [ -122.18167, 37.69564 ], [ -122.1815, 37.69569 ], [ -122.18156, 37.69586 ], [ -122.18145, 37.6958 ], [ -122.1815, 37.69613 ], [ -122.18121, 37.69572 ], [ -122.18099, 37.69586 ], [ -122.18121, 37.69591 ], [ -122.18105, 37.69605 ], [ -122.1811, 37.69623 ], [ -122.18137, 37.69615 ], [ -122.1815, 37.69634 ], [ -122.18129, 37.6965 ], [ -122.18156, 37.69666 ], [ -122.18145, 37.69677 ], [ -122.18185, 37.69688 ], [ -122.18167, 37.69704 ], [ -122.18202, 37.69699 ], [ -122.18161, 37.69631 ], [ -122.1821, 37.69661 ], [ -122.1822, 37.69712 ], [ -122.18207, 37.6972 ], [ -122.18218, 37.69728 ], [ -122.18231, 37.69728 ], [ -122.18229, 37.69718 ], [ -122.18247, 37.69731 ], [ -122.18272, 37.69723 ], [ -122.18255, 37.69715 ], [ -122.18258, 37.69685 ], [ -122.18239, 37.69648 ], [ -122.18282, 37.69704 ], [ -122.18344, 37.69696 ], [ -122.18326, 37.69718 ], [ -122.18509, 37.69648 ], [ -122.18495, 37.69664 ], [ -122.18533, 37.69661 ], [ -122.18547, 37.69688 ], [ -122.18592, 37.69683 ], [ -122.18582, 37.69707 ], [ -122.1863, 37.69737 ], [ -122.18679, 37.6972 ], [ -122.18684, 37.69699 ], [ -122.18711, 37.69704 ], [ -122.187, 37.69723 ], [ -122.18759, 37.69718 ], [ -122.18754, 37.6971 ], [ -122.18757, 37.69702 ], [ -122.18797, 37.69737 ], [ -122.18789, 37.6971 ], [ -122.18805, 37.69699 ], [ -122.18819, 37.69731 ], [ -122.18881, 37.69785 ], [ -122.18886, 37.69807 ], [ -122.18883, 37.69844 ], [ -122.18878, 37.69863 ], [ -122.1884, 37.69825 ], [ -122.18856, 37.6989 ], [ -122.18937, 37.70025 ], [ -122.18943, 37.70055 ], [ -122.18953, 37.70041 ], [ -122.18937, 37.70095 ], [ -122.18964, 37.70084 ] ], [ [ -122.1787, 37.69416 ], [ -122.1787, 37.69413 ], [ -122.17867, 37.69413 ], [ -122.1787, 37.69416 ] ], [ [ -122.1801, 37.69357 ], [ -122.1801, 37.69362 ], [ -122.18016, 37.69362 ], [ -122.1801, 37.69357 ] ], [ [ -122.18935, 37.70098 ], [ -122.18937, 37.70098 ], [ -122.18937, 37.70095 ], [ -122.18935, 37.70098 ] ], [ [ -122.18123, 37.69914 ], [ -122.18123, 37.69917 ], [ -122.18129, 37.69914 ], [ -122.18123, 37.69914 ] ], [ [ -122.18102, 37.69782 ], [ -122.18096, 37.69782 ], [ -122.18102, 37.69785 ], [ -122.18102, 37.69782 ] ], [ [ -122.18148, 37.69726 ], [ -122.18129, 37.69723 ], [ -122.18145, 37.69731 ], [ -122.18148, 37.69726 ] ], [ [ -122.17959, 37.69658 ], [ -122.17959, 37.69656 ], [ -122.17954, 37.69658 ], [ -122.17959, 37.69658 ] ], [ [ -122.17865, 37.6965 ], [ -122.17873, 37.6965 ], [ -122.17867, 37.69642 ], [ -122.17865, 37.6965 ] ], [ [ -122.17924, 37.6937 ], [ -122.17924, 37.69373 ], [ -122.17929, 37.6937 ], [ -122.17924, 37.6937 ] ], [ [ -122.17999, 37.69313 ], [ -122.17999, 37.69311 ], [ -122.17997, 37.69313 ], [ -122.17999, 37.69313 ] ], [ [ -122.18013, 37.69305 ], [ -122.18016, 37.69305 ], [ -122.18013, 37.69303 ], [ -122.18013, 37.69305 ] ], [ [ -122.18013, 37.69384 ], [ -122.18016, 37.69384 ], [ -122.18013, 37.69381 ], [ -122.18013, 37.69384 ] ], [ [ -122.18005, 37.69386 ], [ -122.18013, 37.69386 ], [ -122.18008, 37.69381 ], [ -122.18005, 37.69386 ] ], [ [ -122.18037, 37.69424 ], [ -122.18034, 37.69424 ], [ -122.18037, 37.69429 ], [ -122.18037, 37.69424 ] ], [ [ -122.18067, 37.69483 ], [ -122.18069, 37.69483 ], [ -122.18067, 37.69481 ], [ -122.18067, 37.69483 ] ], [ [ -122.18064, 37.69478 ], [ -122.18064, 37.69481 ], [ -122.18067, 37.69481 ], [ -122.18064, 37.69478 ] ], [ [ -122.18096, 37.69543 ], [ -122.18094, 37.69543 ], [ -122.18099, 37.69556 ], [ -122.18096, 37.69543 ] ], [ [ -122.18102, 37.69559 ], [ -122.18102, 37.69556 ], [ -122.18099, 37.69556 ], [ -122.18102, 37.69559 ] ], [ [ -122.1815, 37.69505 ], [ -122.18148, 37.69505 ], [ -122.1815, 37.69507 ], [ -122.1815, 37.69505 ] ], [ [ -122.18202, 37.69583 ], [ -122.18202, 37.6958 ], [ -122.18199, 37.69583 ], [ -122.18202, 37.69583 ] ], [ [ -122.18299, 37.6971 ], [ -122.18299, 37.69707 ], [ -122.18296, 37.6971 ], [ -122.18299, 37.6971 ] ], [ [ -122.18293, 37.69712 ], [ -122.18296, 37.69712 ], [ -122.18296, 37.6971 ], [ -122.18293, 37.69712 ] ], [ [ -122.18881, 37.69812 ], [ -122.18883, 37.69812 ], [ -122.18881, 37.69809 ], [ -122.18881, 37.69812 ] ], [ [ -122.187, 37.70052 ], [ -122.18703, 37.70052 ], [ -122.187, 37.70049 ], [ -122.187, 37.70052 ] ], [ [ -122.18312, 37.6972 ], [ -122.18315, 37.6972 ], [ -122.18312, 37.69718 ], [ -122.18312, 37.6972 ] ], [ [ -122.18043, 37.69834 ], [ -122.18045, 37.69834 ], [ -122.18043, 37.69831 ], [ -122.18043, 37.69834 ] ], [ [ -122.18924, 37.70122 ], [ -122.18926, 37.70122 ], [ -122.18924, 37.70119 ], [ -122.18924, 37.70122 ] ], [ [ -122.18441, 37.69909 ], [ -122.18444, 37.69909 ], [ -122.18441, 37.69906 ], [ -122.18441, 37.69909 ] ], [ [ -122.18226, 37.69904 ], [ -122.18229, 37.69904 ], [ -122.18226, 37.69901 ], [ -122.18226, 37.69904 ] ], [ [ -122.18296, 37.69909 ], [ -122.18299, 37.69909 ], [ -122.18296, 37.69906 ], [ -122.18296, 37.69909 ] ], [ [ -122.18409, 37.69885 ], [ -122.18412, 37.69885 ], [ -122.18409, 37.69882 ], [ -122.18409, 37.69885 ] ], [ [ -122.18331, 37.69874 ], [ -122.18334, 37.69874 ], [ -122.18331, 37.69871 ], [ -122.18331, 37.69874 ] ], [ [ -122.18172, 37.69847 ], [ -122.18175, 37.69847 ], [ -122.18172, 37.69844 ], [ -122.18172, 37.69847 ] ], [ [ -122.18897, 37.70055 ], [ -122.189, 37.70055 ], [ -122.18897, 37.70052 ], [ -122.18897, 37.70055 ] ], [ [ -122.1808, 37.69799 ], [ -122.18083, 37.69799 ], [ -122.1808, 37.69796 ], [ -122.1808, 37.69799 ] ], [ [ -122.18679, 37.7006 ], [ -122.18681, 37.7006 ], [ -122.18679, 37.70057 ], [ -122.18679, 37.7006 ] ], [ [ -122.1821, 37.6968 ], [ -122.18212, 37.6968 ], [ -122.1821, 37.69677 ], [ -122.1821, 37.6968 ] ], [ [ -122.18414, 37.6989 ], [ -122.18417, 37.6989 ], [ -122.18414, 37.69887 ], [ -122.18414, 37.6989 ] ], [ [ -122.18161, 37.69761 ], [ -122.18164, 37.69761 ], [ -122.18161, 37.69758 ], [ -122.18161, 37.69761 ] ], [ [ -122.18126, 37.69648 ], [ -122.18129, 37.69648 ], [ -122.18126, 37.69645 ], [ -122.18126, 37.69648 ] ], [ [ -122.1814, 37.69898 ], [ -122.18142, 37.69898 ], [ -122.1814, 37.69896 ], [ -122.1814, 37.69898 ] ], [ [ -122.18493, 37.69726 ], [ -122.18495, 37.69726 ], [ -122.18493, 37.69723 ], [ -122.18493, 37.69726 ] ], [ [ -122.1804, 37.6982 ], [ -122.18043, 37.6982 ], [ -122.1804, 37.69817 ], [ -122.1804, 37.6982 ] ], [ [ -122.18423, 37.69728 ], [ -122.18425, 37.69728 ], [ -122.18423, 37.69726 ], [ -122.18423, 37.69728 ] ], [ [ -122.18665, 37.701 ], [ -122.18668, 37.701 ], [ -122.18665, 37.70098 ], [ -122.18665, 37.701 ] ], [ [ -122.18926, 37.7013 ], [ -122.18929, 37.7013 ], [ -122.18926, 37.70127 ], [ -122.18926, 37.7013 ] ], [ [ -122.18439, 37.69901 ], [ -122.18441, 37.69901 ], [ -122.18439, 37.69898 ], [ -122.18439, 37.69901 ] ], [ [ -122.18827, 37.70076 ], [ -122.18829, 37.70076 ], [ -122.18827, 37.70073 ], [ -122.18827, 37.70076 ] ], [ [ -122.17916, 37.69578 ], [ -122.17919, 37.69578 ], [ -122.17916, 37.69575 ], [ -122.17916, 37.69578 ] ], [ [ -122.1887, 37.69836 ], [ -122.18873, 37.69836 ], [ -122.1887, 37.69834 ], [ -122.1887, 37.69836 ] ], [ [ -122.18234, 37.69737 ], [ -122.18237, 37.69737 ], [ -122.18234, 37.69734 ], [ -122.18234, 37.69737 ] ], [ [ -122.18433, 37.69912 ], [ -122.18436, 37.69912 ], [ -122.18433, 37.69909 ], [ -122.18433, 37.69912 ] ], [ [ -122.18398, 37.69877 ], [ -122.18401, 37.69877 ], [ -122.18398, 37.69874 ], [ -122.18398, 37.69877 ] ], [ [ -122.18396, 37.69923 ], [ -122.18398, 37.69923 ], [ -122.18396, 37.69917 ], [ -122.18396, 37.69923 ] ], [ [ -122.17884, 37.6951 ], [ -122.17889, 37.6951 ], [ -122.17884, 37.69507 ], [ -122.17884, 37.6951 ] ], [ [ -122.1839, 37.69869 ], [ -122.18396, 37.69869 ], [ -122.1839, 37.69866 ], [ -122.1839, 37.69869 ] ], [ [ -122.17902, 37.69521 ], [ -122.17908, 37.69521 ], [ -122.17902, 37.69518 ], [ -122.17902, 37.69521 ] ], [ [ -122.17983, 37.69278 ], [ -122.17989, 37.69278 ], [ -122.17983, 37.69276 ], [ -122.17983, 37.69278 ] ], [ [ -122.18177, 37.69799 ], [ -122.18177, 37.69796 ], [ -122.18175, 37.69799 ], [ -122.18177, 37.69799 ] ], [ [ -122.18172, 37.69796 ], [ -122.18175, 37.69796 ], [ -122.18172, 37.69793 ], [ -122.18172, 37.69796 ] ], [ [ -122.18177, 37.69877 ], [ -122.18183, 37.69877 ], [ -122.18177, 37.69874 ], [ -122.18177, 37.69877 ] ], [ [ -122.18137, 37.69723 ], [ -122.18142, 37.69723 ], [ -122.18137, 37.6972 ], [ -122.18137, 37.69723 ] ], [ [ -122.18137, 37.69825 ], [ -122.18142, 37.69825 ], [ -122.18137, 37.69823 ], [ -122.18137, 37.69825 ] ], [ [ -122.189, 37.70065 ], [ -122.18905, 37.70065 ], [ -122.189, 37.70063 ], [ -122.189, 37.70065 ] ], [ [ -122.18317, 37.69718 ], [ -122.18323, 37.69718 ], [ -122.18317, 37.69715 ], [ -122.18317, 37.69718 ] ], [ [ -122.18005, 37.69378 ], [ -122.18005, 37.69375 ], [ -122.18002, 37.69378 ], [ -122.18005, 37.69378 ] ], [ [ -122.17997, 37.69375 ], [ -122.18002, 37.69375 ], [ -122.17997, 37.69373 ], [ -122.17997, 37.69375 ] ], [ [ -122.18501, 37.69742 ], [ -122.18506, 37.69739 ], [ -122.18501, 37.69737 ], [ -122.18501, 37.69742 ] ], [ [ -122.18703, 37.69777 ], [ -122.18706, 37.69777 ], [ -122.18703, 37.69769 ], [ -122.18703, 37.69777 ] ], [ [ -122.17983, 37.69359 ], [ -122.17989, 37.69359 ], [ -122.17983, 37.69357 ], [ -122.17983, 37.69359 ] ], [ [ -122.18603, 37.69928 ], [ -122.18608, 37.69928 ], [ -122.18606, 37.69923 ], [ -122.18603, 37.69928 ] ], [ [ -122.18078, 37.69448 ], [ -122.18078, 37.69446 ], [ -122.18072, 37.69448 ], [ -122.18078, 37.69448 ] ], [ [ -122.17889, 37.6958 ], [ -122.17892, 37.6958 ], [ -122.17886, 37.69575 ], [ -122.17889, 37.6958 ] ], [ [ -122.18873, 37.69844 ], [ -122.18875, 37.69844 ], [ -122.1887, 37.69839 ], [ -122.18873, 37.69844 ] ], [ [ -122.18838, 37.69761 ], [ -122.18843, 37.69761 ], [ -122.1884, 37.69755 ], [ -122.18838, 37.69761 ] ], [ [ -122.18188, 37.6985 ], [ -122.18193, 37.69847 ], [ -122.18188, 37.69844 ], [ -122.18188, 37.6985 ] ], [ [ -122.18123, 37.69556 ], [ -122.18126, 37.69556 ], [ -122.18121, 37.69551 ], [ -122.18123, 37.69556 ] ], [ [ -122.18835, 37.70084 ], [ -122.18843, 37.70084 ], [ -122.18835, 37.70082 ], [ -122.18835, 37.70084 ] ], [ [ -122.18606, 37.69944 ], [ -122.18611, 37.69944 ], [ -122.18606, 37.69939 ], [ -122.18606, 37.69944 ] ], [ [ -122.18778, 37.70184 ], [ -122.18784, 37.70184 ], [ -122.18778, 37.70179 ], [ -122.18778, 37.70184 ] ], [ [ -122.18309, 37.69815 ], [ -122.18304, 37.69815 ], [ -122.18307, 37.6982 ], [ -122.18309, 37.69815 ] ], [ [ -122.18156, 37.69688 ], [ -122.18161, 37.69688 ], [ -122.18156, 37.69683 ], [ -122.18156, 37.69688 ] ], [ [ -122.18245, 37.69896 ], [ -122.18245, 37.69893 ], [ -122.18242, 37.69896 ], [ -122.18245, 37.69896 ] ], [ [ -122.18239, 37.69893 ], [ -122.18242, 37.69893 ], [ -122.18237, 37.69887 ], [ -122.18239, 37.69893 ] ], [ [ -122.18687, 37.70119 ], [ -122.18687, 37.70122 ], [ -122.18692, 37.70117 ], [ -122.18687, 37.70119 ] ], [ [ -122.18687, 37.70117 ], [ -122.18689, 37.70117 ], [ -122.18687, 37.70114 ], [ -122.18687, 37.70117 ] ], [ [ -122.18595, 37.69812 ], [ -122.18603, 37.69812 ], [ -122.18598, 37.69807 ], [ -122.18595, 37.69812 ] ], [ [ -122.1877, 37.70154 ], [ -122.18757, 37.70154 ], [ -122.1877, 37.70157 ], [ -122.1877, 37.70154 ] ], [ [ -122.18142, 37.69629 ], [ -122.18134, 37.69631 ], [ -122.18142, 37.69634 ], [ -122.18142, 37.69629 ] ], [ [ -122.18134, 37.69637 ], [ -122.18134, 37.69634 ], [ -122.18129, 37.69637 ], [ -122.18134, 37.69637 ] ], [ [ -122.18043, 37.69432 ], [ -122.18037, 37.69432 ], [ -122.18045, 37.6944 ], [ -122.18043, 37.69432 ] ], [ [ -122.1859, 37.69901 ], [ -122.18584, 37.69904 ], [ -122.18592, 37.69909 ], [ -122.1859, 37.69901 ] ], [ [ -122.18743, 37.69982 ], [ -122.18751, 37.69976 ], [ -122.18741, 37.69976 ], [ -122.18743, 37.69982 ] ], [ [ -122.18096, 37.69599 ], [ -122.18107, 37.69599 ], [ -122.18096, 37.69594 ], [ -122.18096, 37.69599 ] ], [ [ -122.18334, 37.69785 ], [ -122.18323, 37.69785 ], [ -122.18331, 37.6979 ], [ -122.18334, 37.69785 ] ], [ [ -122.18145, 37.69847 ], [ -122.18142, 37.69839 ], [ -122.18134, 37.69844 ], [ -122.18145, 37.69847 ] ], [ [ -122.17886, 37.69586 ], [ -122.17878, 37.69586 ], [ -122.17884, 37.69594 ], [ -122.17886, 37.69586 ] ], [ [ -122.18619, 37.69939 ], [ -122.18619, 37.69947 ], [ -122.18627, 37.69941 ], [ -122.18619, 37.69939 ] ], [ [ -122.18026, 37.69359 ], [ -122.18026, 37.69357 ], [ -122.18024, 37.69359 ], [ -122.18026, 37.69359 ] ], [ [ -122.18021, 37.69357 ], [ -122.18024, 37.69357 ], [ -122.18021, 37.69354 ], [ -122.18021, 37.69357 ] ], [ [ -122.18016, 37.69343 ], [ -122.18018, 37.69354 ], [ -122.18021, 37.69354 ], [ -122.18016, 37.69343 ] ], [ [ -122.18169, 37.69852 ], [ -122.18167, 37.69842 ], [ -122.18161, 37.69852 ], [ -122.18169, 37.69852 ] ], [ [ -122.18517, 37.69928 ], [ -122.18528, 37.69925 ], [ -122.18517, 37.6992 ], [ -122.18517, 37.69928 ] ], [ [ -122.18514, 37.69931 ], [ -122.18517, 37.69931 ], [ -122.18517, 37.69928 ], [ -122.18514, 37.69931 ] ], [ [ -122.18059, 37.69462 ], [ -122.18056, 37.69456 ], [ -122.18053, 37.69462 ], [ -122.18059, 37.69462 ] ], [ [ -122.18045, 37.69446 ], [ -122.18051, 37.69456 ], [ -122.18051, 37.69446 ], [ -122.18045, 37.69446 ] ], [ [ -122.18622, 37.69799 ], [ -122.18633, 37.69799 ], [ -122.18638, 37.69801 ], [ -122.1863, 37.69793 ], [ -122.18622, 37.69799 ] ], [ [ -122.18293, 37.69852 ], [ -122.18301, 37.6985 ], [ -122.18288, 37.69844 ], [ -122.18293, 37.69852 ] ], [ [ -122.17867, 37.69591 ], [ -122.17849, 37.69596 ], [ -122.17849, 37.69599 ], [ -122.17867, 37.69599 ], [ -122.17867, 37.69591 ] ], [ [ -122.18902, 37.70084 ], [ -122.18913, 37.70082 ], [ -122.18905, 37.70076 ], [ -122.18902, 37.70084 ] ], [ [ -122.18013, 37.69343 ], [ -122.18013, 37.69332 ], [ -122.18008, 37.69343 ], [ -122.18013, 37.69343 ] ], [ [ -122.18792, 37.6999 ], [ -122.18789, 37.69982 ], [ -122.18781, 37.69985 ], [ -122.18792, 37.6999 ] ], [ [ -122.18776, 37.69979 ], [ -122.18781, 37.69979 ], [ -122.18776, 37.69976 ], [ -122.18776, 37.69979 ] ], [ [ -122.18932, 37.70082 ], [ -122.18945, 37.70065 ], [ -122.1894, 37.70057 ], [ -122.18932, 37.70082 ] ], [ [ -122.18929, 37.70084 ], [ -122.18932, 37.70084 ], [ -122.18932, 37.70082 ], [ -122.18929, 37.70084 ] ], [ [ -122.18396, 37.69796 ], [ -122.18401, 37.69793 ], [ -122.18388, 37.69782 ], [ -122.18396, 37.69796 ] ], [ [ -122.18385, 37.69742 ], [ -122.18401, 37.69739 ], [ -122.1839, 37.69731 ], [ -122.18385, 37.69742 ] ], [ [ -122.18563, 37.69766 ], [ -122.18557, 37.69777 ], [ -122.18573, 37.69761 ], [ -122.18563, 37.69766 ] ], [ [ -122.18557, 37.69769 ], [ -122.1856, 37.69769 ], [ -122.18557, 37.69766 ], [ -122.18557, 37.69769 ] ], [ [ -122.18916, 37.70049 ], [ -122.18916, 37.7006 ], [ -122.18929, 37.70049 ], [ -122.18916, 37.70049 ] ], [ [ -122.17935, 37.69626 ], [ -122.17946, 37.69621 ], [ -122.17935, 37.6961 ], [ -122.17935, 37.69626 ] ], [ [ -122.18673, 37.70028 ], [ -122.18689, 37.70017 ], [ -122.18673, 37.7002 ], [ -122.18673, 37.70028 ] ], [ [ -122.18398, 37.69723 ], [ -122.18414, 37.6972 ], [ -122.18406, 37.6971 ], [ -122.18398, 37.69723 ] ], [ [ -122.18711, 37.69817 ], [ -122.18716, 37.69817 ], [ -122.18703, 37.69793 ], [ -122.18711, 37.69817 ] ], [ [ -122.18587, 37.69799 ], [ -122.18598, 37.69799 ], [ -122.18608, 37.6978 ], [ -122.18595, 37.6978 ], [ -122.18587, 37.69799 ] ], [ [ -122.18824, 37.69933 ], [ -122.18819, 37.69917 ], [ -122.18808, 37.69914 ], [ -122.18813, 37.69939 ], [ -122.18824, 37.69933 ] ], [ [ -122.18183, 37.69545 ], [ -122.18164, 37.69545 ], [ -122.18161, 37.69556 ], [ -122.1818, 37.69559 ], [ -122.18183, 37.69545 ] ], [ [ -122.18307, 37.69885 ], [ -122.18328, 37.69879 ], [ -122.18328, 37.69863 ], [ -122.18304, 37.69869 ], [ -122.18307, 37.69885 ] ], [ [ -122.18142, 37.69877 ], [ -122.18161, 37.69871 ], [ -122.18158, 37.69855 ], [ -122.18134, 37.69861 ], [ -122.18142, 37.69877 ] ], [ [ -122.18676, 37.69968 ], [ -122.18673, 37.69944 ], [ -122.18657, 37.69941 ], [ -122.1866, 37.69968 ], [ -122.18676, 37.69968 ] ], [ [ -122.18369, 37.69817 ], [ -122.18358, 37.69815 ], [ -122.18312, 37.69844 ], [ -122.18369, 37.69817 ] ], [ [ -122.18371, 37.69834 ], [ -122.18339, 37.69861 ], [ -122.18352, 37.69866 ], [ -122.1839, 37.69847 ], [ -122.18371, 37.69834 ] ], [ [ -122.1853, 37.69885 ], [ -122.18533, 37.69928 ], [ -122.18552, 37.69928 ], [ -122.18568, 37.69906 ], [ -122.1853, 37.69885 ] ], [ [ -122.1856, 37.69861 ], [ -122.1856, 37.69877 ], [ -122.18544, 37.69871 ], [ -122.18544, 37.69885 ], [ -122.18571, 37.69896 ], [ -122.18595, 37.6989 ], [ -122.18592, 37.69844 ], [ -122.1859, 37.69858 ], [ -122.1856, 37.69861 ] ], [ [ -122.18829, 37.70046 ], [ -122.18832, 37.70068 ], [ -122.18862, 37.70071 ], [ -122.18881, 37.70036 ], [ -122.18851, 37.70025 ], [ -122.18829, 37.70046 ] ], [ [ -122.18835, 37.70076 ], [ -122.18835, 37.70071 ], [ -122.18832, 37.70076 ], [ -122.18835, 37.70076 ] ], [ [ -122.17935, 37.69556 ], [ -122.1791, 37.69548 ], [ -122.17916, 37.69561 ], [ -122.17902, 37.69575 ], [ -122.17972, 37.69569 ], [ -122.17989, 37.69548 ], [ -122.17983, 37.69534 ], [ -122.17935, 37.69556 ] ], [ [ -122.17948, 37.69424 ], [ -122.17978, 37.69475 ], [ -122.18008, 37.69472 ], [ -122.17975, 37.69413 ], [ -122.17948, 37.69424 ] ], [ [ -122.17765, 37.69658 ], [ -122.17822, 37.69631 ], [ -122.1784, 37.69602 ], [ -122.178, 37.69591 ], [ -122.17797, 37.69605 ], [ -122.17743, 37.69615 ], [ -122.17765, 37.69658 ] ], [ [ -122.18792, 37.69863 ], [ -122.18781, 37.69863 ], [ -122.18786, 37.69874 ], [ -122.18754, 37.69871 ], [ -122.18738, 37.69855 ], [ -122.18732, 37.69877 ], [ -122.18695, 37.69879 ], [ -122.18681, 37.69898 ], [ -122.18703, 37.69923 ], [ -122.18724, 37.6992 ], [ -122.18727, 37.69909 ], [ -122.18781, 37.6992 ], [ -122.18808, 37.69904 ], [ -122.18792, 37.69863 ] ] ], [ [ [ -122.18676, 37.70141 ], [ -122.18708, 37.70187 ], [ -122.1867, 37.7016 ], [ -122.18676, 37.70141 ] ] ], [ [ [ -122.19196, 37.71009 ], [ -122.19188, 37.71025 ], [ -122.19123, 37.71049 ], [ -122.19158, 37.71181 ], [ -122.19107, 37.71213 ], [ -122.19156, 37.71329 ], [ -122.19161, 37.71359 ], [ -122.19091, 37.71205 ], [ -122.1911, 37.71181 ], [ -122.19088, 37.71141 ], [ -122.19094, 37.71089 ], [ -122.1908, 37.71054 ], [ -122.19064, 37.71044 ], [ -122.1898, 37.71065 ], [ -122.19045, 37.71033 ], [ -122.19072, 37.71036 ], [ -122.19145, 37.71014 ], [ -122.1918, 37.70979 ], [ -122.19191, 37.70979 ], [ -122.1918, 37.70998 ], [ -122.19191, 37.71003 ], [ -122.19282, 37.7096 ], [ -122.19269, 37.70987 ], [ -122.19196, 37.71009 ] ], [ [ -122.19061, 37.71038 ], [ -122.19061, 37.71036 ], [ -122.19048, 37.71041 ], [ -122.19061, 37.71038 ] ], [ [ -122.19115, 37.71033 ], [ -122.19121, 37.71033 ], [ -122.19115, 37.7103 ], [ -122.19115, 37.71033 ] ], [ [ -122.19123, 37.7103 ], [ -122.19131, 37.7103 ], [ -122.19123, 37.71027 ], [ -122.19123, 37.7103 ] ] ], [ [ [ -122.19738, 37.71531 ], [ -122.19738, 37.71461 ], [ -122.19767, 37.71424 ], [ -122.20061, 37.71356 ], [ -122.20064, 37.71375 ], [ -122.19775, 37.71537 ], [ -122.19738, 37.71531 ] ] ], [ [ [ -122.19301, 37.71469 ], [ -122.19385, 37.71464 ], [ -122.19422, 37.71531 ], [ -122.19417, 37.71566 ], [ -122.19393, 37.71564 ], [ -122.19412, 37.71548 ], [ -122.19401, 37.71548 ], [ -122.19409, 37.71539 ], [ -122.19382, 37.71483 ], [ -122.19366, 37.71486 ], [ -122.19363, 37.71499 ], [ -122.19352, 37.71488 ], [ -122.19344, 37.71504 ], [ -122.19374, 37.7151 ], [ -122.19358, 37.71529 ], [ -122.1939, 37.71545 ], [ -122.19387, 37.71564 ], [ -122.19401, 37.71572 ], [ -122.1939, 37.71593 ], [ -122.1935, 37.71531 ], [ -122.19333, 37.71556 ], [ -122.19298, 37.71529 ], [ -122.19285, 37.71537 ], [ -122.19288, 37.7151 ], [ -122.19255, 37.71526 ], [ -122.19253, 37.71539 ], [ -122.19226, 37.71534 ], [ -122.19244, 37.71561 ], [ -122.19236, 37.71572 ], [ -122.1922, 37.71575 ], [ -122.19209, 37.71556 ], [ -122.19193, 37.71558 ], [ -122.19215, 37.7155 ], [ -122.19209, 37.71526 ], [ -122.1925, 37.71515 ], [ -122.19239, 37.71494 ], [ -122.19226, 37.71507 ], [ -122.1922, 37.71491 ], [ -122.19293, 37.71475 ], [ -122.19304, 37.71523 ], [ -122.19323, 37.71537 ], [ -122.19339, 37.71515 ], [ -122.19301, 37.71469 ] ], [ [ -122.19223, 37.71566 ], [ -122.19223, 37.71564 ], [ -122.1922, 37.71566 ], [ -122.19223, 37.71566 ] ], [ [ -122.19344, 37.71523 ], [ -122.19344, 37.71521 ], [ -122.19339, 37.71523 ], [ -122.19344, 37.71523 ] ], [ [ -122.19368, 37.71513 ], [ -122.19368, 37.7151 ], [ -122.1936, 37.71513 ], [ -122.19368, 37.71513 ] ], [ [ -122.1928, 37.71496 ], [ -122.1928, 37.71494 ], [ -122.19271, 37.71499 ], [ -122.1928, 37.71496 ] ], [ [ -122.19255, 37.71496 ], [ -122.19258, 37.71488 ], [ -122.19253, 37.71496 ], [ -122.19255, 37.71496 ] ], [ [ -122.19355, 37.7148 ], [ -122.19355, 37.71483 ], [ -122.19363, 37.71478 ], [ -122.19355, 37.7148 ] ] ], [ [ [ -122.19751, 37.71739 ], [ -122.19757, 37.71709 ], [ -122.19722, 37.71601 ], [ -122.1974, 37.7161 ], [ -122.19792, 37.71758 ], [ -122.19881, 37.71857 ], [ -122.19856, 37.71857 ], [ -122.19773, 37.7176 ], [ -122.19762, 37.71731 ], [ -122.19751, 37.71739 ] ], [ [ -122.19759, 37.7172 ], [ -122.19757, 37.7172 ], [ -122.19759, 37.71728 ], [ -122.19759, 37.7172 ] ], [ [ -122.19856, 37.71852 ], [ -122.19859, 37.71852 ], [ -122.19856, 37.71849 ], [ -122.19856, 37.71852 ] ] ], [ [ [ -122.19999, 37.72356 ], [ -122.19978, 37.72364 ], [ -122.19932, 37.72348 ], [ -122.19945, 37.72391 ], [ -122.19959, 37.72394 ], [ -122.19956, 37.72415 ], [ -122.19983, 37.72437 ], [ -122.19975, 37.72464 ], [ -122.19899, 37.72442 ], [ -122.19934, 37.72475 ], [ -122.19972, 37.72488 ], [ -122.19967, 37.72499 ], [ -122.19509, 37.72254 ], [ -122.19425, 37.72189 ], [ -122.19414, 37.72154 ], [ -122.19395, 37.72149 ], [ -122.19406, 37.72119 ], [ -122.19468, 37.72143 ], [ -122.19598, 37.72167 ], [ -122.19603, 37.72194 ], [ -122.19633, 37.72197 ], [ -122.19649, 37.72227 ], [ -122.19595, 37.72254 ], [ -122.19595, 37.72283 ], [ -122.1966, 37.72313 ], [ -122.19676, 37.7231 ], [ -122.1973, 37.72351 ], [ -122.19783, 37.72361 ], [ -122.19759, 37.72372 ], [ -122.19862, 37.72429 ], [ -122.19872, 37.72418 ], [ -122.19856, 37.72413 ], [ -122.19832, 37.72364 ], [ -122.19867, 37.72367 ], [ -122.19886, 37.72356 ], [ -122.19913, 37.72364 ], [ -122.19929, 37.72345 ], [ -122.19843, 37.72321 ], [ -122.19727, 37.72264 ], [ -122.19673, 37.72254 ], [ -122.19649, 37.72229 ], [ -122.19673, 37.72211 ], [ -122.19916, 37.72278 ], [ -122.19932, 37.72299 ], [ -122.19961, 37.7231 ], [ -122.2001, 37.72313 ], [ -122.20002, 37.72351 ], [ -122.20015, 37.72353 ], [ -122.20021, 37.72337 ], [ -122.20021, 37.72364 ], [ -122.19999, 37.72356 ] ], [ [ -122.19872, 37.72388 ], [ -122.19867, 37.72383 ], [ -122.19867, 37.72388 ], [ -122.19872, 37.72388 ] ] ], [ [ [ -122.24316, 37.72213 ], [ -122.24333, 37.72224 ], [ -122.24362, 37.72186 ], [ -122.24376, 37.72189 ], [ -122.24376, 37.72202 ], [ -122.24386, 37.72194 ], [ -122.24397, 37.72175 ], [ -122.24376, 37.72175 ], [ -122.24386, 37.72143 ], [ -122.24408, 37.72135 ], [ -122.24419, 37.72108 ], [ -122.24443, 37.721 ], [ -122.24475, 37.72057 ], [ -122.24475, 37.72014 ], [ -122.245, 37.72 ], [ -122.24874, 37.72254 ], [ -122.24893, 37.72291 ], [ -122.24939, 37.72299 ], [ -122.25004, 37.72353 ], [ -122.25095, 37.72458 ], [ -122.25098, 37.7252 ], [ -122.24998, 37.72615 ], [ -122.24888, 37.72615 ], [ -122.24839, 37.72679 ], [ -122.24761, 37.72747 ], [ -122.2471, 37.72768 ], [ -122.24519, 37.72585 ], [ -122.24192, 37.72386 ], [ -122.24101, 37.7231 ], [ -122.24082, 37.72313 ], [ -122.24033, 37.72267 ], [ -122.23953, 37.72227 ], [ -122.23899, 37.72178 ], [ -122.23872, 37.7217 ], [ -122.23667, 37.72025 ], [ -122.23626, 37.72014 ], [ -122.23605, 37.72022 ], [ -122.23597, 37.72011 ], [ -122.23626, 37.72 ], [ -122.23629, 37.71979 ], [ -122.23656, 37.71957 ], [ -122.23683, 37.71957 ], [ -122.23893, 37.7206 ], [ -122.23947, 37.72114 ], [ -122.23961, 37.72114 ], [ -122.23985, 37.72132 ], [ -122.23974, 37.721 ], [ -122.24055, 37.72151 ], [ -122.24165, 37.72192 ], [ -122.24171, 37.72208 ], [ -122.24184, 37.72205 ], [ -122.24195, 37.72219 ], [ -122.24246, 37.72221 ], [ -122.24292, 37.7224 ], [ -122.24316, 37.72213 ] ], [ [ -122.2436, 37.72208 ], [ -122.24376, 37.72221 ], [ -122.24376, 37.72202 ], [ -122.2436, 37.72208 ] ], [ [ -122.23961, 37.72116 ], [ -122.23958, 37.72119 ], [ -122.23961, 37.72119 ], [ -122.23961, 37.72116 ] ], [ [ -122.24149, 37.72197 ], [ -122.24152, 37.72194 ], [ -122.24149, 37.72194 ], [ -122.24149, 37.72197 ] ], [ [ -122.24349, 37.72229 ], [ -122.24351, 37.72227 ], [ -122.24349, 37.72227 ], [ -122.24349, 37.72229 ] ], [ [ -122.24559, 37.72388 ], [ -122.24562, 37.72386 ], [ -122.24559, 37.72386 ], [ -122.24559, 37.72388 ] ], [ [ -122.24338, 37.72224 ], [ -122.24343, 37.72221 ], [ -122.24338, 37.72221 ], [ -122.24338, 37.72224 ] ], [ [ -122.24465, 37.72211 ], [ -122.24459, 37.72205 ], [ -122.24459, 37.72211 ], [ -122.24465, 37.72211 ] ], [ [ -122.24362, 37.72197 ], [ -122.24368, 37.72192 ], [ -122.24362, 37.72192 ], [ -122.24362, 37.72197 ] ], [ [ -122.24478, 37.72221 ], [ -122.2447, 37.72216 ], [ -122.2447, 37.72221 ], [ -122.24478, 37.72221 ] ], [ [ -122.24545, 37.72324 ], [ -122.24537, 37.72326 ], [ -122.24545, 37.72329 ], [ -122.24545, 37.72324 ] ], [ [ -122.24678, 37.72278 ], [ -122.24686, 37.72273 ], [ -122.24678, 37.72273 ], [ -122.24678, 37.72278 ] ], [ [ -122.24516, 37.72262 ], [ -122.2451, 37.72246 ], [ -122.24505, 37.72246 ], [ -122.24516, 37.72262 ] ], [ [ -122.24575, 37.7238 ], [ -122.24575, 37.72386 ], [ -122.24591, 37.72383 ], [ -122.24575, 37.7238 ] ], [ [ -122.24378, 37.72213 ], [ -122.24397, 37.722 ], [ -122.24386, 37.72197 ], [ -122.24378, 37.72213 ] ], [ [ -122.24634, 37.72383 ], [ -122.24645, 37.72386 ], [ -122.24648, 37.72372 ], [ -122.24634, 37.7237 ], [ -122.24634, 37.72383 ] ], [ [ -122.24661, 37.72326 ], [ -122.24653, 37.72326 ], [ -122.24651, 37.72334 ], [ -122.24669, 37.72343 ], [ -122.24661, 37.72326 ] ], [ [ -122.24289, 37.72256 ], [ -122.24279, 37.72248 ], [ -122.24271, 37.72259 ], [ -122.24287, 37.72267 ], [ -122.24289, 37.72256 ] ], [ [ -122.24397, 37.72243 ], [ -122.24403, 37.72262 ], [ -122.24411, 37.72243 ], [ -122.24397, 37.72243 ] ], [ [ -122.24537, 37.72264 ], [ -122.24532, 37.7227 ], [ -122.2457, 37.72305 ], [ -122.24554, 37.72324 ], [ -122.24564, 37.72359 ], [ -122.24586, 37.72364 ], [ -122.24594, 37.72356 ], [ -122.24578, 37.72337 ], [ -122.24586, 37.72332 ], [ -122.2461, 37.72345 ], [ -122.24607, 37.72375 ], [ -122.24621, 37.72378 ], [ -122.24629, 37.72316 ], [ -122.24675, 37.72318 ], [ -122.24721, 37.72345 ], [ -122.24675, 37.72286 ], [ -122.24672, 37.72264 ], [ -122.2451, 37.72154 ], [ -122.24494, 37.72149 ], [ -122.24481, 37.7217 ], [ -122.24454, 37.72159 ], [ -122.24451, 37.72175 ], [ -122.2447, 37.72184 ], [ -122.24481, 37.72213 ], [ -122.24505, 37.72213 ], [ -122.24524, 37.72248 ], [ -122.24556, 37.72264 ], [ -122.24554, 37.72275 ], [ -122.24537, 37.72264 ] ], [ [ -122.24354, 37.72302 ], [ -122.24351, 37.72316 ], [ -122.2433, 37.72308 ], [ -122.24311, 37.72329 ], [ -122.24281, 37.72334 ], [ -122.24281, 37.72294 ], [ -122.24308, 37.72286 ], [ -122.24271, 37.72281 ], [ -122.24233, 37.72291 ], [ -122.24244, 37.72305 ], [ -122.24227, 37.72321 ], [ -122.24257, 37.72343 ], [ -122.24271, 37.72332 ], [ -122.24271, 37.72351 ], [ -122.243, 37.72356 ], [ -122.243, 37.72372 ], [ -122.24338, 37.72396 ], [ -122.24354, 37.72391 ], [ -122.24443, 37.72453 ], [ -122.24532, 37.72493 ], [ -122.24605, 37.72496 ], [ -122.24672, 37.72472 ], [ -122.24667, 37.72453 ], [ -122.24678, 37.72453 ], [ -122.24672, 37.72434 ], [ -122.24696, 37.72421 ], [ -122.24691, 37.72405 ], [ -122.24661, 37.72399 ], [ -122.24621, 37.72423 ], [ -122.24621, 37.72399 ], [ -122.24607, 37.72394 ], [ -122.24572, 37.72418 ], [ -122.24551, 37.72394 ], [ -122.24529, 37.72399 ], [ -122.24532, 37.72383 ], [ -122.24516, 37.72383 ], [ -122.24535, 37.72359 ], [ -122.24524, 37.72345 ], [ -122.24508, 37.72348 ], [ -122.24508, 37.72326 ], [ -122.24532, 37.7231 ], [ -122.24481, 37.72278 ], [ -122.24483, 37.72224 ], [ -122.24454, 37.72224 ], [ -122.24435, 37.72237 ], [ -122.24438, 37.72264 ], [ -122.24416, 37.72262 ], [ -122.24416, 37.72283 ], [ -122.244, 37.72283 ], [ -122.24416, 37.72291 ], [ -122.2444, 37.72278 ], [ -122.2443, 37.72305 ], [ -122.24384, 37.72313 ], [ -122.24354, 37.72302 ] ] ], [ [ [ -122.20018, 37.72367 ], [ -122.20029, 37.72386 ], [ -122.20037, 37.72343 ], [ -122.20034, 37.72429 ], [ -122.19972, 37.7252 ], [ -122.19945, 37.72539 ], [ -122.2001, 37.72437 ], [ -122.20018, 37.72367 ] ], [ [ -122.2001, 37.7244 ], [ -122.2001, 37.72442 ], [ -122.20013, 37.7244 ], [ -122.2001, 37.7244 ] ], [ [ -122.20018, 37.72426 ], [ -122.20021, 37.72426 ], [ -122.20018, 37.72423 ], [ -122.20018, 37.72426 ] ] ], [ [ [ -122.19983, 37.72731 ], [ -122.19918, 37.72733 ], [ -122.19918, 37.72723 ], [ -122.19988, 37.72682 ], [ -122.2005, 37.7258 ], [ -122.20048, 37.72569 ], [ -122.19991, 37.72547 ], [ -122.19991, 37.72518 ], [ -122.20053, 37.72467 ], [ -122.20066, 37.72421 ], [ -122.20104, 37.72437 ], [ -122.20112, 37.72461 ], [ -122.2012, 37.7244 ], [ -122.20153, 37.72529 ], [ -122.20128, 37.72504 ], [ -122.20139, 37.72585 ], [ -122.20088, 37.72652 ], [ -122.20093, 37.72661 ], [ -122.19983, 37.72731 ] ] ], [ [ [ -122.24678, 37.73321 ], [ -122.24683, 37.73305 ], [ -122.24642, 37.73262 ], [ -122.24651, 37.73256 ], [ -122.24801, 37.73364 ], [ -122.24713, 37.73326 ], [ -122.24653, 37.73399 ], [ -122.24661, 37.73375 ], [ -122.24645, 37.73391 ], [ -122.2464, 37.73383 ], [ -122.24659, 37.73334 ], [ -122.24578, 37.73299 ], [ -122.24661, 37.73326 ], [ -122.24678, 37.73321 ] ] ], [ [ [ -122.24742, 37.73391 ], [ -122.24691, 37.73372 ], [ -122.24713, 37.73372 ], [ -122.24731, 37.7334 ], [ -122.24748, 37.73342 ], [ -122.24723, 37.7338 ], [ -122.24742, 37.73391 ] ] ], [ [ [ -122.20732, 37.73464 ], [ -122.20878, 37.7338 ], [ -122.20894, 37.73402 ], [ -122.2081, 37.73434 ], [ -122.207, 37.73499 ], [ -122.20732, 37.73464 ] ] ], [ [ [ -122.20802, 37.73628 ], [ -122.20781, 37.73547 ], [ -122.2081, 37.73528 ], [ -122.20808, 37.73547 ], [ -122.20824, 37.73536 ], [ -122.20848, 37.73539 ], [ -122.20864, 37.73574 ], [ -122.20905, 37.73598 ], [ -122.20864, 37.73639 ], [ -122.2087, 37.7366 ], [ -122.20837, 37.73658 ], [ -122.20802, 37.73628 ] ], [ [ -122.20786, 37.73563 ], [ -122.20789, 37.73563 ], [ -122.20786, 37.73561 ], [ -122.20786, 37.73563 ] ], [ [ -122.20824, 37.73574 ], [ -122.20826, 37.73574 ], [ -122.20824, 37.73569 ], [ -122.20824, 37.73574 ] ], [ [ -122.20861, 37.73652 ], [ -122.20861, 37.7365 ], [ -122.20859, 37.73652 ], [ -122.20861, 37.73652 ] ], [ [ -122.20853, 37.7365 ], [ -122.20859, 37.7365 ], [ -122.20853, 37.73644 ], [ -122.20853, 37.7365 ] ], [ [ -122.20835, 37.73566 ], [ -122.2084, 37.73566 ], [ -122.20835, 37.73561 ], [ -122.20835, 37.73566 ] ], [ [ -122.20791, 37.73574 ], [ -122.20797, 37.73574 ], [ -122.20791, 37.73569 ], [ -122.20791, 37.73574 ] ] ], [ [ [ -122.20654, 37.7369 ], [ -122.206, 37.73682 ], [ -122.20614, 37.73633 ], [ -122.20684, 37.73636 ], [ -122.20676, 37.73677 ], [ -122.20654, 37.7369 ] ] ], [ [ [ -122.23977, 37.73631 ], [ -122.23998, 37.73609 ], [ -122.24039, 37.73612 ], [ -122.24068, 37.73647 ], [ -122.24009, 37.73674 ], [ -122.23977, 37.73631 ] ] ], [ [ [ -122.20476, 37.73722 ], [ -122.20484, 37.73757 ], [ -122.20473, 37.73776 ], [ -122.20449, 37.73782 ], [ -122.20414, 37.73752 ], [ -122.20403, 37.73725 ], [ -122.20433, 37.73704 ], [ -122.20476, 37.73722 ] ] ], [ [ [ -122.24621, 37.74084 ], [ -122.24591, 37.74092 ], [ -122.24602, 37.7407 ], [ -122.24545, 37.74038 ], [ -122.24508, 37.74054 ], [ -122.24502, 37.74081 ], [ -122.24475, 37.74078 ], [ -122.24454, 37.74094 ], [ -122.2444, 37.74089 ], [ -122.24478, 37.74046 ], [ -122.24548, 37.74024 ], [ -122.24624, 37.74057 ], [ -122.24661, 37.74092 ], [ -122.24664, 37.7411 ], [ -122.24621, 37.74084 ] ] ], [ [ [ -122.23974, 37.73933 ], [ -122.23977, 37.73925 ], [ -122.23961, 37.73898 ], [ -122.23982, 37.73879 ], [ -122.23988, 37.73833 ], [ -122.24012, 37.73814 ], [ -122.24004, 37.73792 ], [ -122.24052, 37.73779 ], [ -122.24063, 37.73755 ], [ -122.24147, 37.73827 ], [ -122.24265, 37.7383 ], [ -122.24262, 37.73871 ], [ -122.24298, 37.73898 ], [ -122.24319, 37.73895 ], [ -122.24284, 37.73925 ], [ -122.24287, 37.73941 ], [ -122.24306, 37.73951 ], [ -122.24306, 37.73978 ], [ -122.24341, 37.74 ], [ -122.24405, 37.74003 ], [ -122.2443, 37.73973 ], [ -122.24475, 37.73973 ], [ -122.24481, 37.73957 ], [ -122.24513, 37.73957 ], [ -122.24535, 37.73935 ], [ -122.24543, 37.73951 ], [ -122.24602, 37.7396 ], [ -122.24618, 37.7393 ], [ -122.24599, 37.73908 ], [ -122.24616, 37.73906 ], [ -122.24661, 37.73927 ], [ -122.24661, 37.73995 ], [ -122.24734, 37.74013 ], [ -122.24818, 37.73995 ], [ -122.24828, 37.73962 ], [ -122.24888, 37.73973 ], [ -122.24952, 37.74003 ], [ -122.24977, 37.73995 ], [ -122.25006, 37.7396 ], [ -122.25025, 37.73968 ], [ -122.25039, 37.74008 ], [ -122.25114, 37.73995 ], [ -122.25144, 37.74005 ], [ -122.25144, 37.74019 ], [ -122.25114, 37.7404 ], [ -122.25039, 37.7404 ], [ -122.25009, 37.7403 ], [ -122.24996, 37.74046 ], [ -122.24828, 37.7404 ], [ -122.24788, 37.74075 ], [ -122.24696, 37.741 ], [ -122.24661, 37.74086 ], [ -122.24645, 37.74046 ], [ -122.24599, 37.74011 ], [ -122.24532, 37.73997 ], [ -122.245, 37.74008 ], [ -122.24489, 37.74027 ], [ -122.24475, 37.74019 ], [ -122.24448, 37.7404 ], [ -122.24427, 37.74038 ], [ -122.244, 37.74051 ], [ -122.24403, 37.741 ], [ -122.24373, 37.74086 ], [ -122.24376, 37.7407 ], [ -122.24357, 37.74078 ], [ -122.24335, 37.74057 ], [ -122.24314, 37.74067 ], [ -122.24311, 37.74075 ], [ -122.24333, 37.74073 ], [ -122.24389, 37.74127 ], [ -122.24378, 37.7414 ], [ -122.24335, 37.7411 ], [ -122.24319, 37.74113 ], [ -122.24314, 37.74094 ], [ -122.24281, 37.7407 ], [ -122.2426, 37.74075 ], [ -122.2426, 37.74051 ], [ -122.2423, 37.74027 ], [ -122.24209, 37.74035 ], [ -122.24217, 37.73997 ], [ -122.24203, 37.73984 ], [ -122.24174, 37.73984 ], [ -122.24195, 37.73962 ], [ -122.24179, 37.73914 ], [ -122.24141, 37.73914 ], [ -122.24144, 37.73933 ], [ -122.24125, 37.73941 ], [ -122.24112, 37.73884 ], [ -122.24066, 37.73881 ], [ -122.2405, 37.73889 ], [ -122.24041, 37.73887 ], [ -122.24044, 37.73906 ], [ -122.24074, 37.73908 ], [ -122.24068, 37.7396 ], [ -122.24079, 37.73984 ], [ -122.24106, 37.74 ], [ -122.24093, 37.74005 ], [ -122.24095, 37.74038 ], [ -122.24074, 37.7403 ], [ -122.24052, 37.74051 ], [ -122.24079, 37.74081 ], [ -122.2409, 37.74075 ], [ -122.24074, 37.74065 ], [ -122.2409, 37.74062 ], [ -122.24082, 37.74046 ], [ -122.24106, 37.74043 ], [ -122.24093, 37.74075 ], [ -122.24122, 37.74073 ], [ -122.24114, 37.74108 ], [ -122.24128, 37.74097 ], [ -122.24144, 37.74102 ], [ -122.24147, 37.74116 ], [ -122.24133, 37.7411 ], [ -122.24133, 37.74121 ], [ -122.24109, 37.74119 ], [ -122.24095, 37.74105 ], [ -122.24101, 37.74135 ], [ -122.24114, 37.74145 ], [ -122.24117, 37.74127 ], [ -122.24139, 37.74132 ], [ -122.24144, 37.74124 ], [ -122.24155, 37.74178 ], [ -122.24141, 37.74189 ], [ -122.2413, 37.74159 ], [ -122.2412, 37.74162 ], [ -122.24128, 37.74197 ], [ -122.24206, 37.74224 ], [ -122.24217, 37.74267 ], [ -122.24203, 37.74288 ], [ -122.24179, 37.74296 ], [ -122.24182, 37.74323 ], [ -122.24225, 37.74337 ], [ -122.24179, 37.74377 ], [ -122.24182, 37.74415 ], [ -122.2416, 37.74385 ], [ -122.2412, 37.74396 ], [ -122.24128, 37.74412 ], [ -122.24163, 37.74423 ], [ -122.24152, 37.74426 ], [ -122.24163, 37.74434 ], [ -122.24109, 37.74434 ], [ -122.24109, 37.74418 ], [ -122.24103, 37.74415 ], [ -122.24101, 37.74423 ], [ -122.24095, 37.7442 ], [ -122.24114, 37.74407 ], [ -122.24112, 37.74396 ], [ -122.2409, 37.74412 ], [ -122.24085, 37.74437 ], [ -122.2405, 37.74447 ], [ -122.24036, 37.74407 ], [ -122.2405, 37.74388 ], [ -122.24033, 37.74377 ], [ -122.24055, 37.74385 ], [ -122.24079, 37.74353 ], [ -122.24074, 37.74342 ], [ -122.24087, 37.74342 ], [ -122.24128, 37.74299 ], [ -122.24079, 37.74243 ], [ -122.24066, 37.74151 ], [ -122.2405, 37.74156 ], [ -122.24012, 37.7414 ], [ -122.2398, 37.74075 ], [ -122.2392, 37.74054 ], [ -122.23936, 37.74046 ], [ -122.23971, 37.74051 ], [ -122.24028, 37.74105 ], [ -122.24033, 37.74092 ], [ -122.24012, 37.74073 ], [ -122.24006, 37.7404 ], [ -122.23982, 37.74027 ], [ -122.2398, 37.74005 ], [ -122.23893, 37.73984 ], [ -122.23944, 37.73973 ], [ -122.23971, 37.73981 ], [ -122.23974, 37.73941 ], [ -122.2395, 37.73941 ], [ -122.23961, 37.73938 ], [ -122.23955, 37.73927 ], [ -122.23974, 37.73933 ] ], [ [ -122.24044, 37.73881 ], [ -122.24044, 37.73887 ], [ -122.24047, 37.73881 ], [ -122.24044, 37.73881 ] ], [ [ -122.23971, 37.74003 ], [ -122.23974, 37.74003 ], [ -122.23971, 37.74 ], [ -122.23971, 37.74003 ] ], [ [ -122.24109, 37.7411 ], [ -122.24109, 37.74113 ], [ -122.24112, 37.7411 ], [ -122.24109, 37.7411 ] ], [ [ -122.24163, 37.74334 ], [ -122.24163, 37.74337 ], [ -122.24165, 37.74334 ], [ -122.24163, 37.74334 ] ], [ [ -122.2405, 37.73962 ], [ -122.2405, 37.73965 ], [ -122.24052, 37.73962 ], [ -122.2405, 37.73962 ] ], [ [ -122.24246, 37.73981 ], [ -122.24246, 37.73984 ], [ -122.24249, 37.73981 ], [ -122.24246, 37.73981 ] ], [ [ -122.24106, 37.74097 ], [ -122.24106, 37.741 ], [ -122.24109, 37.74097 ], [ -122.24106, 37.74097 ] ], [ [ -122.23969, 37.73995 ], [ -122.23969, 37.73997 ], [ -122.23971, 37.73995 ], [ -122.23969, 37.73995 ] ], [ [ -122.24227, 37.73925 ], [ -122.24227, 37.73927 ], [ -122.2423, 37.73925 ], [ -122.24227, 37.73925 ] ], [ [ -122.2413, 37.74145 ], [ -122.2413, 37.74148 ], [ -122.24133, 37.74145 ], [ -122.2413, 37.74145 ] ], [ [ -122.24351, 37.74067 ], [ -122.24351, 37.7407 ], [ -122.24357, 37.74067 ], [ -122.24351, 37.74067 ] ], [ [ -122.24219, 37.73898 ], [ -122.24219, 37.739 ], [ -122.24225, 37.73898 ], [ -122.24219, 37.73898 ] ], [ [ -122.24319, 37.74048 ], [ -122.24319, 37.74051 ], [ -122.24324, 37.74048 ], [ -122.24319, 37.74048 ] ], [ [ -122.24311, 37.74059 ], [ -122.24311, 37.74062 ], [ -122.24316, 37.74059 ], [ -122.24311, 37.74059 ] ], [ [ -122.24249, 37.73989 ], [ -122.24249, 37.73992 ], [ -122.24254, 37.73989 ], [ -122.24249, 37.73989 ] ], [ [ -122.24033, 37.73992 ], [ -122.24036, 37.73989 ], [ -122.24033, 37.73986 ], [ -122.24033, 37.73992 ] ], [ [ -122.24028, 37.73898 ], [ -122.24036, 37.73898 ], [ -122.24028, 37.73892 ], [ -122.24028, 37.73898 ] ], [ [ -122.23998, 37.74092 ], [ -122.24001, 37.74092 ], [ -122.23998, 37.74089 ], [ -122.23998, 37.74092 ] ], [ [ -122.2399, 37.74081 ], [ -122.23996, 37.74089 ], [ -122.23996, 37.74081 ], [ -122.2399, 37.74081 ] ], [ [ -122.24139, 37.74164 ], [ -122.24141, 37.74156 ], [ -122.24133, 37.74162 ], [ -122.24139, 37.74164 ] ], [ [ -122.2405, 37.73957 ], [ -122.2405, 37.73949 ], [ -122.24047, 37.73957 ], [ -122.2405, 37.73957 ] ], [ [ -122.24041, 37.7396 ], [ -122.24047, 37.73962 ], [ -122.24047, 37.73957 ], [ -122.24041, 37.7396 ] ], [ [ -122.24265, 37.74019 ], [ -122.24265, 37.74022 ], [ -122.24276, 37.74016 ], [ -122.24265, 37.74019 ] ], [ [ -122.24184, 37.73876 ], [ -122.24184, 37.73879 ], [ -122.24201, 37.73876 ], [ -122.24184, 37.73876 ] ], [ [ -122.24063, 37.74038 ], [ -122.2406, 37.7403 ], [ -122.24058, 37.74038 ], [ -122.24063, 37.74038 ] ], [ [ -122.24125, 37.73927 ], [ -122.24125, 37.73935 ], [ -122.24133, 37.73927 ], [ -122.24125, 37.73927 ] ], [ [ -122.24025, 37.73922 ], [ -122.24031, 37.73922 ], [ -122.24025, 37.73916 ], [ -122.24025, 37.73922 ] ], [ [ -122.2402, 37.73911 ], [ -122.24028, 37.73914 ], [ -122.2402, 37.73908 ], [ -122.2402, 37.73911 ] ], [ [ -122.24201, 37.73898 ], [ -122.24209, 37.73898 ], [ -122.24201, 37.73895 ], [ -122.24201, 37.73898 ] ], [ [ -122.24192, 37.73889 ], [ -122.24195, 37.73898 ], [ -122.24201, 37.73895 ], [ -122.24192, 37.73889 ] ], [ [ -122.24168, 37.73876 ], [ -122.24171, 37.73892 ], [ -122.24174, 37.73892 ], [ -122.24179, 37.73881 ], [ -122.24168, 37.73876 ] ], [ [ -122.24133, 37.74286 ], [ -122.24136, 37.74296 ], [ -122.24144, 37.74283 ], [ -122.24133, 37.74286 ] ], [ [ -122.24298, 37.74027 ], [ -122.24289, 37.74016 ], [ -122.24281, 37.74022 ], [ -122.24281, 37.74032 ], [ -122.24298, 37.74027 ] ], [ [ -122.24033, 37.73981 ], [ -122.24047, 37.73981 ], [ -122.24039, 37.73968 ], [ -122.24033, 37.73981 ] ], [ [ -122.24028, 37.7397 ], [ -122.24036, 37.7397 ], [ -122.24028, 37.73962 ], [ -122.24028, 37.7397 ] ], [ [ -122.24117, 37.74084 ], [ -122.24093, 37.74086 ], [ -122.24101, 37.741 ], [ -122.24117, 37.74084 ] ], [ [ -122.24033, 37.73925 ], [ -122.24025, 37.73927 ], [ -122.24028, 37.7396 ], [ -122.2405, 37.73946 ], [ -122.24041, 37.73908 ], [ -122.24033, 37.73925 ] ] ], [ [ [ -122.23904, 37.74439 ], [ -122.23907, 37.74385 ], [ -122.23934, 37.74391 ], [ -122.23918, 37.74366 ], [ -122.23918, 37.74358 ], [ -122.23936, 37.74369 ], [ -122.23966, 37.74361 ], [ -122.23961, 37.74377 ], [ -122.23982, 37.74369 ], [ -122.23969, 37.74399 ], [ -122.23988, 37.74418 ], [ -122.23961, 37.74402 ], [ -122.23944, 37.74404 ], [ -122.23974, 37.74437 ], [ -122.23926, 37.74426 ], [ -122.23931, 37.74445 ], [ -122.23904, 37.74439 ] ], [ [ -122.23958, 37.7438 ], [ -122.23961, 37.7438 ], [ -122.23961, 37.74377 ], [ -122.23958, 37.7438 ] ], [ [ -122.23963, 37.74431 ], [ -122.23963, 37.74428 ], [ -122.23961, 37.74431 ], [ -122.23963, 37.74431 ] ], [ [ -122.23966, 37.74434 ], [ -122.23966, 37.74431 ], [ -122.23963, 37.74431 ], [ -122.23966, 37.74434 ] ], [ [ -122.23912, 37.74415 ], [ -122.23912, 37.74418 ], [ -122.23915, 37.74415 ], [ -122.23912, 37.74415 ] ], [ [ -122.2392, 37.74364 ], [ -122.2392, 37.74366 ], [ -122.23923, 37.74364 ], [ -122.2392, 37.74364 ] ] ], [ [ [ -122.24273, 37.74612 ], [ -122.24238, 37.74585 ], [ -122.24244, 37.74547 ], [ -122.24227, 37.74531 ], [ -122.24211, 37.74539 ], [ -122.24238, 37.74628 ], [ -122.24192, 37.7466 ], [ -122.24209, 37.74682 ], [ -122.24195, 37.74733 ], [ -122.24217, 37.74733 ], [ -122.24217, 37.74671 ], [ -122.24241, 37.74649 ], [ -122.24273, 37.74666 ], [ -122.24249, 37.74674 ], [ -122.24241, 37.74693 ], [ -122.24241, 37.74714 ], [ -122.24273, 37.74706 ], [ -122.24273, 37.74733 ], [ -122.24262, 37.74757 ], [ -122.24238, 37.74749 ], [ -122.24236, 37.7476 ], [ -122.24254, 37.74765 ], [ -122.24249, 37.74776 ], [ -122.24222, 37.74779 ], [ -122.24214, 37.7476 ], [ -122.24206, 37.74779 ], [ -122.24179, 37.74782 ], [ -122.24098, 37.74755 ], [ -122.24109, 37.74703 ], [ -122.24095, 37.74703 ], [ -122.24087, 37.7472 ], [ -122.24074, 37.74666 ], [ -122.24095, 37.74687 ], [ -122.24101, 37.74684 ], [ -122.24079, 37.74652 ], [ -122.24068, 37.74658 ], [ -122.24087, 37.74631 ], [ -122.24077, 37.74614 ], [ -122.24055, 37.74623 ], [ -122.24047, 37.74614 ], [ -122.24071, 37.74596 ], [ -122.24058, 37.74582 ], [ -122.24028, 37.74587 ], [ -122.23969, 37.74493 ], [ -122.23944, 37.74485 ], [ -122.23958, 37.74474 ], [ -122.23939, 37.74469 ], [ -122.23966, 37.74469 ], [ -122.2402, 37.74534 ], [ -122.24047, 37.74539 ], [ -122.24077, 37.74585 ], [ -122.24101, 37.74582 ], [ -122.24103, 37.74563 ], [ -122.24025, 37.74509 ], [ -122.24025, 37.74474 ], [ -122.24047, 37.74472 ], [ -122.24079, 37.74496 ], [ -122.24149, 37.74496 ], [ -122.24179, 37.74528 ], [ -122.24179, 37.7449 ], [ -122.24222, 37.74507 ], [ -122.24246, 37.74499 ], [ -122.24257, 37.74536 ], [ -122.24287, 37.74544 ], [ -122.24265, 37.74558 ], [ -122.24265, 37.74593 ], [ -122.24281, 37.74604 ], [ -122.24273, 37.74612 ] ], [ [ -122.24201, 37.7469 ], [ -122.24203, 37.7469 ], [ -122.24201, 37.74687 ], [ -122.24201, 37.7469 ] ], [ [ -122.24187, 37.74528 ], [ -122.24184, 37.74528 ], [ -122.24187, 37.74531 ], [ -122.24187, 37.74528 ] ], [ [ -122.24227, 37.74757 ], [ -122.24227, 37.7476 ], [ -122.2423, 37.74757 ], [ -122.24227, 37.74757 ] ], [ [ -122.24222, 37.7476 ], [ -122.24222, 37.74763 ], [ -122.24225, 37.7476 ], [ -122.24222, 37.7476 ] ], [ [ -122.24112, 37.74566 ], [ -122.24112, 37.74569 ], [ -122.24117, 37.74566 ], [ -122.24112, 37.74566 ] ], [ [ -122.24101, 37.74601 ], [ -122.24101, 37.74604 ], [ -122.24109, 37.74601 ], [ -122.24101, 37.74601 ] ], [ [ -122.24033, 37.74566 ], [ -122.24033, 37.74563 ], [ -122.24023, 37.74558 ], [ -122.24033, 37.74566 ] ], [ [ -122.24036, 37.74566 ], [ -122.24036, 37.74577 ], [ -122.24041, 37.74566 ], [ -122.24036, 37.74566 ] ], [ [ -122.24257, 37.74741 ], [ -122.24257, 37.7473 ], [ -122.24246, 37.7473 ], [ -122.24246, 37.74736 ], [ -122.24257, 37.74741 ] ], [ [ -122.24093, 37.74617 ], [ -122.24109, 37.74609 ], [ -122.24095, 37.74612 ], [ -122.24085, 37.74598 ], [ -122.24093, 37.74617 ] ], [ [ -122.24152, 37.7462 ], [ -122.24171, 37.74606 ], [ -122.24152, 37.74579 ], [ -122.2416, 37.74612 ], [ -122.24144, 37.74609 ], [ -122.24152, 37.7462 ] ], [ [ -122.24098, 37.74631 ], [ -122.24125, 37.74693 ], [ -122.24125, 37.74746 ], [ -122.24141, 37.74749 ], [ -122.24149, 37.74701 ], [ -122.24122, 37.74658 ], [ -122.24133, 37.74625 ], [ -122.24147, 37.74631 ], [ -122.24133, 37.74617 ], [ -122.24098, 37.74631 ] ] ], [ [ [ -122.20128, 37.74752 ], [ -122.20029, 37.74798 ], [ -122.2001, 37.74784 ], [ -122.2001, 37.74771 ], [ -122.20045, 37.74763 ], [ -122.20088, 37.74728 ], [ -122.20142, 37.74736 ], [ -122.20166, 37.74752 ], [ -122.20128, 37.74752 ] ] ], [ [ [ -122.20153, 37.7497 ], [ -122.20177, 37.75 ], [ -122.20177, 37.75032 ], [ -122.20163, 37.7504 ], [ -122.20096, 37.75008 ], [ -122.20107, 37.74984 ], [ -122.20123, 37.74984 ], [ -122.20131, 37.7497 ], [ -122.20153, 37.7497 ] ] ], [ [ [ -122.20234, 37.75151 ], [ -122.20234, 37.75121 ], [ -122.2025, 37.75113 ], [ -122.20282, 37.75121 ], [ -122.20309, 37.75156 ], [ -122.20258, 37.7518 ], [ -122.20234, 37.75151 ] ] ], [ [ [ -122.19916, 37.75199 ], [ -122.19902, 37.75148 ], [ -122.1994, 37.75105 ], [ -122.19942, 37.75078 ], [ -122.19967, 37.75062 ], [ -122.20004, 37.75048 ], [ -122.20056, 37.75048 ], [ -122.20142, 37.75089 ], [ -122.20204, 37.75156 ], [ -122.20172, 37.75234 ], [ -122.20147, 37.75256 ], [ -122.2012, 37.75269 ], [ -122.20064, 37.75267 ], [ -122.20015, 37.7528 ], [ -122.19945, 37.7524 ], [ -122.19916, 37.75199 ] ] ], [ [ [ -122.20481, 37.75329 ], [ -122.20463, 37.75288 ], [ -122.20514, 37.75288 ], [ -122.20552, 37.75272 ], [ -122.20538, 37.75296 ], [ -122.20552, 37.7532 ], [ -122.20498, 37.75342 ], [ -122.20473, 37.75337 ], [ -122.20481, 37.75329 ] ] ], [ [ [ -122.24066, 37.75382 ], [ -122.24093, 37.75358 ], [ -122.24047, 37.75307 ], [ -122.24071, 37.75312 ], [ -122.2406, 37.75291 ], [ -122.24136, 37.75329 ], [ -122.24171, 37.75302 ], [ -122.24165, 37.75294 ], [ -122.24168, 37.75288 ], [ -122.24176, 37.75294 ], [ -122.24174, 37.75304 ], [ -122.2416, 37.75315 ], [ -122.24174, 37.75315 ], [ -122.24168, 37.75331 ], [ -122.24195, 37.75334 ], [ -122.24244, 37.75369 ], [ -122.24268, 37.75356 ], [ -122.24271, 37.75326 ], [ -122.24257, 37.75323 ], [ -122.24271, 37.75302 ], [ -122.2426, 37.75294 ], [ -122.24198, 37.7528 ], [ -122.24179, 37.75288 ], [ -122.24125, 37.75253 ], [ -122.24136, 37.75237 ], [ -122.24206, 37.75232 ], [ -122.24349, 37.75277 ], [ -122.24343, 37.75315 ], [ -122.24354, 37.75329 ], [ -122.24343, 37.75339 ], [ -122.2436, 37.75342 ], [ -122.24349, 37.75356 ], [ -122.24389, 37.75374 ], [ -122.2443, 37.75415 ], [ -122.24473, 37.75418 ], [ -122.24502, 37.75391 ], [ -122.24529, 37.75385 ], [ -122.24575, 37.75401 ], [ -122.24578, 37.75412 ], [ -122.24602, 37.75396 ], [ -122.24591, 37.7542 ], [ -122.24618, 37.75407 ], [ -122.24613, 37.75418 ], [ -122.24659, 37.75423 ], [ -122.24675, 37.75442 ], [ -122.24731, 37.7545 ], [ -122.24737, 37.75463 ], [ -122.24828, 37.75509 ], [ -122.24885, 37.75571 ], [ -122.2489, 37.75603 ], [ -122.24858, 37.7563 ], [ -122.24796, 37.75603 ], [ -122.24799, 37.75595 ], [ -122.24783, 37.75598 ], [ -122.2478, 37.75622 ], [ -122.24807, 37.75638 ], [ -122.24772, 37.75625 ], [ -122.24772, 37.75638 ], [ -122.24764, 37.75647 ], [ -122.24769, 37.75628 ], [ -122.24715, 37.75603 ], [ -122.24691, 37.75606 ], [ -122.24659, 37.7563 ], [ -122.24675, 37.75649 ], [ -122.24651, 37.75644 ], [ -122.24667, 37.75657 ], [ -122.24661, 37.75663 ], [ -122.24621, 37.75644 ], [ -122.24637, 37.75638 ], [ -122.24632, 37.75622 ], [ -122.24597, 37.75614 ], [ -122.24486, 37.7555 ], [ -122.2447, 37.7555 ], [ -122.24473, 37.75566 ], [ -122.24443, 37.75558 ], [ -122.24443, 37.75547 ], [ -122.24362, 37.75512 ], [ -122.24343, 37.75496 ], [ -122.24405, 37.75517 ], [ -122.24354, 37.75479 ], [ -122.24324, 37.75474 ], [ -122.24335, 37.75496 ], [ -122.243, 37.75493 ], [ -122.24295, 37.75482 ], [ -122.24284, 37.75498 ], [ -122.24292, 37.75474 ], [ -122.24257, 37.75477 ], [ -122.24254, 37.75455 ], [ -122.24222, 37.75474 ], [ -122.24238, 37.7545 ], [ -122.24209, 37.75477 ], [ -122.24211, 37.75463 ], [ -122.24219, 37.75458 ], [ -122.24219, 37.75447 ], [ -122.24227, 37.75439 ], [ -122.24201, 37.75423 ], [ -122.24184, 37.75436 ], [ -122.24168, 37.75428 ], [ -122.24174, 37.75439 ], [ -122.24155, 37.7545 ], [ -122.24168, 37.75469 ], [ -122.24112, 37.75455 ], [ -122.24098, 37.75479 ], [ -122.2406, 37.75471 ], [ -122.24058, 37.75434 ], [ -122.24036, 37.75439 ], [ -122.24041, 37.75428 ], [ -122.2402, 37.75442 ], [ -122.24017, 37.75434 ], [ -122.24039, 37.75418 ], [ -122.24036, 37.7538 ], [ -122.24066, 37.75382 ] ], [ [ -122.24411, 37.7552 ], [ -122.24411, 37.75517 ], [ -122.24405, 37.75517 ], [ -122.24411, 37.7552 ] ], [ [ -122.24421, 37.75525 ], [ -122.24419, 37.7552 ], [ -122.24416, 37.75523 ], [ -122.24421, 37.75525 ] ], [ [ -122.24424, 37.75528 ], [ -122.24424, 37.75525 ], [ -122.24421, 37.75525 ], [ -122.24424, 37.75528 ] ], [ [ -122.24225, 37.75447 ], [ -122.24222, 37.75447 ], [ -122.24225, 37.7545 ], [ -122.24225, 37.75447 ] ], [ [ -122.24141, 37.75458 ], [ -122.24144, 37.75458 ], [ -122.24141, 37.75455 ], [ -122.24141, 37.75458 ] ], [ [ -122.24093, 37.75471 ], [ -122.24093, 37.75474 ], [ -122.24095, 37.75471 ], [ -122.24093, 37.75471 ] ], [ [ -122.2409, 37.75469 ], [ -122.2409, 37.75471 ], [ -122.24093, 37.75471 ], [ -122.2409, 37.75469 ] ], [ [ -122.24066, 37.75453 ], [ -122.24066, 37.75455 ], [ -122.24068, 37.75453 ], [ -122.24066, 37.75453 ] ], [ [ -122.24214, 37.75277 ], [ -122.24214, 37.7528 ], [ -122.24217, 37.75277 ], [ -122.24214, 37.75277 ] ], [ [ -122.24192, 37.7542 ], [ -122.24192, 37.75423 ], [ -122.24195, 37.7542 ], [ -122.24192, 37.7542 ] ], [ [ -122.24683, 37.75603 ], [ -122.24683, 37.75606 ], [ -122.24686, 37.75603 ], [ -122.24683, 37.75603 ] ], [ [ -122.24179, 37.75334 ], [ -122.24179, 37.75337 ], [ -122.24182, 37.75334 ], [ -122.24179, 37.75334 ] ], [ [ -122.24575, 37.75418 ], [ -122.24575, 37.7542 ], [ -122.24578, 37.75418 ], [ -122.24575, 37.75418 ] ], [ [ -122.24217, 37.75272 ], [ -122.24217, 37.75275 ], [ -122.24222, 37.75272 ], [ -122.24217, 37.75272 ] ], [ [ -122.24427, 37.75528 ], [ -122.24427, 37.75531 ], [ -122.24432, 37.75528 ], [ -122.24427, 37.75528 ] ], [ [ -122.24775, 37.7559 ], [ -122.24775, 37.75593 ], [ -122.24783, 37.7559 ], [ -122.24775, 37.7559 ] ], [ [ -122.24279, 37.75342 ], [ -122.24281, 37.75339 ], [ -122.24279, 37.75337 ], [ -122.24279, 37.75342 ] ], [ [ -122.24427, 37.75498 ], [ -122.24427, 37.75501 ], [ -122.24432, 37.75498 ], [ -122.24427, 37.75498 ] ], [ [ -122.24713, 37.75515 ], [ -122.24713, 37.7552 ], [ -122.24718, 37.75515 ], [ -122.24713, 37.75515 ] ], [ [ -122.24537, 37.75453 ], [ -122.24529, 37.75447 ], [ -122.24532, 37.75453 ], [ -122.24537, 37.75453 ] ], [ [ -122.24055, 37.75426 ], [ -122.24055, 37.75428 ], [ -122.24063, 37.75423 ], [ -122.24055, 37.75426 ] ], [ [ -122.24642, 37.75477 ], [ -122.2464, 37.75479 ], [ -122.24637, 37.75485 ], [ -122.24642, 37.75477 ] ], [ [ -122.24607, 37.75458 ], [ -122.24602, 37.75458 ], [ -122.24605, 37.75466 ], [ -122.24607, 37.75458 ] ], [ [ -122.24737, 37.75539 ], [ -122.24713, 37.75547 ], [ -122.24742, 37.7555 ], [ -122.24737, 37.75539 ] ], [ [ -122.24739, 37.7559 ], [ -122.2475, 37.75606 ], [ -122.24769, 37.75614 ], [ -122.24775, 37.75595 ], [ -122.24739, 37.7559 ] ], [ [ -122.24265, 37.75361 ], [ -122.24284, 37.75382 ], [ -122.24303, 37.75369 ], [ -122.24284, 37.75347 ], [ -122.24265, 37.75361 ] ], [ [ -122.24713, 37.75533 ], [ -122.24704, 37.75533 ], [ -122.24713, 37.75544 ], [ -122.24713, 37.75533 ] ], [ [ -122.24704, 37.7552 ], [ -122.24669, 37.75501 ], [ -122.24661, 37.75525 ], [ -122.24686, 37.75539 ], [ -122.24691, 37.75531 ], [ -122.24704, 37.75533 ], [ -122.24704, 37.7552 ] ], [ [ -122.24413, 37.75444 ], [ -122.24389, 37.75453 ], [ -122.2443, 37.75479 ], [ -122.2447, 37.75482 ], [ -122.24413, 37.75444 ] ], [ [ -122.24459, 37.75498 ], [ -122.24448, 37.75525 ], [ -122.24481, 37.75541 ], [ -122.24505, 37.75485 ], [ -122.24473, 37.75488 ], [ -122.24481, 37.75504 ], [ -122.24459, 37.75498 ] ], [ [ -122.24545, 37.75517 ], [ -122.245, 37.75552 ], [ -122.24551, 37.75577 ], [ -122.2457, 37.75531 ], [ -122.24545, 37.75517 ] ], [ [ -122.24316, 37.75377 ], [ -122.24306, 37.75409 ], [ -122.24319, 37.75404 ], [ -122.24333, 37.75436 ], [ -122.24341, 37.75431 ], [ -122.24362, 37.7545 ], [ -122.24386, 37.75442 ], [ -122.24384, 37.75426 ], [ -122.24316, 37.75377 ] ], [ [ -122.24613, 37.75544 ], [ -122.24567, 37.7559 ], [ -122.24624, 37.75617 ], [ -122.24629, 37.75585 ], [ -122.24642, 37.75587 ], [ -122.24626, 37.75579 ], [ -122.24626, 37.75555 ], [ -122.24637, 37.75552 ], [ -122.24613, 37.75544 ] ] ], [ [ [ -122.23098, 37.75407 ], [ -122.23112, 37.75434 ], [ -122.23079, 37.75426 ], [ -122.23066, 37.75436 ], [ -122.23093, 37.75453 ], [ -122.23061, 37.75442 ], [ -122.23028, 37.75471 ], [ -122.23028, 37.75479 ], [ -122.23034, 37.75471 ], [ -122.23044, 37.75471 ], [ -122.23036, 37.75482 ], [ -122.23052, 37.75493 ], [ -122.23036, 37.75498 ], [ -122.23061, 37.75523 ], [ -122.23042, 37.75515 ], [ -122.23055, 37.75531 ], [ -122.23012, 37.75555 ], [ -122.23015, 37.75563 ], [ -122.23007, 37.75568 ], [ -122.23009, 37.75577 ], [ -122.22969, 37.7556 ], [ -122.22964, 37.75539 ], [ -122.2295, 37.75555 ], [ -122.22966, 37.75563 ], [ -122.22966, 37.75582 ], [ -122.22945, 37.75568 ], [ -122.22923, 37.75574 ], [ -122.22937, 37.75577 ], [ -122.22923, 37.75612 ], [ -122.22945, 37.75606 ], [ -122.22931, 37.75622 ], [ -122.22953, 37.75644 ], [ -122.22918, 37.75628 ], [ -122.22942, 37.75649 ], [ -122.22928, 37.7569 ], [ -122.22899, 37.75695 ], [ -122.22893, 37.75682 ], [ -122.22872, 37.75679 ], [ -122.22869, 37.75655 ], [ -122.22842, 37.75644 ], [ -122.22759, 37.75711 ], [ -122.22875, 37.75601 ], [ -122.22869, 37.75595 ], [ -122.22637, 37.75797 ], [ -122.22651, 37.75779 ], [ -122.22589, 37.75733 ], [ -122.22594, 37.75711 ], [ -122.22602, 37.7573 ], [ -122.22632, 37.75738 ], [ -122.22667, 37.75768 ], [ -122.22718, 37.75722 ], [ -122.22667, 37.75692 ], [ -122.2267, 37.75674 ], [ -122.22732, 37.75711 ], [ -122.22767, 37.75679 ], [ -122.22769, 37.7566 ], [ -122.2278, 37.75663 ], [ -122.22791, 37.7563 ], [ -122.22807, 37.75636 ], [ -122.22818, 37.75614 ], [ -122.2285, 37.75598 ], [ -122.22818, 37.75566 ], [ -122.22837, 37.7556 ], [ -122.22872, 37.75579 ], [ -122.22902, 37.7555 ], [ -122.22896, 37.75539 ], [ -122.22875, 37.75539 ], [ -122.2288, 37.75525 ], [ -122.22904, 37.7552 ], [ -122.22923, 37.75533 ], [ -122.2295, 37.75509 ], [ -122.22947, 37.75493 ], [ -122.22958, 37.75488 ], [ -122.22961, 37.75496 ], [ -122.22972, 37.75482 ], [ -122.22955, 37.75463 ], [ -122.23017, 37.75415 ], [ -122.23039, 37.75409 ], [ -122.23042, 37.75423 ], [ -122.23066, 37.75401 ], [ -122.23061, 37.75393 ], [ -122.23082, 37.75409 ], [ -122.23098, 37.75407 ] ], [ [ -122.23031, 37.75488 ], [ -122.23039, 37.75488 ], [ -122.23036, 37.75482 ], [ -122.23031, 37.75488 ] ], [ [ -122.22996, 37.7556 ], [ -122.23004, 37.75563 ], [ -122.22999, 37.75552 ], [ -122.22996, 37.7556 ] ], [ [ -122.22955, 37.75571 ], [ -122.22958, 37.75571 ], [ -122.22955, 37.75568 ], [ -122.22955, 37.75571 ] ], [ [ -122.22597, 37.75727 ], [ -122.22594, 37.75727 ], [ -122.22597, 37.7573 ], [ -122.22597, 37.75727 ] ], [ [ -122.226, 37.75733 ], [ -122.226, 37.7573 ], [ -122.22597, 37.7573 ], [ -122.226, 37.75733 ] ], [ [ -122.22958, 37.75498 ], [ -122.22958, 37.75496 ], [ -122.22955, 37.75498 ], [ -122.22958, 37.75498 ] ], [ [ -122.22969, 37.75509 ], [ -122.22969, 37.75512 ], [ -122.22972, 37.75509 ], [ -122.22969, 37.75509 ] ], [ [ -122.22861, 37.75625 ], [ -122.22861, 37.75628 ], [ -122.22864, 37.75625 ], [ -122.22861, 37.75625 ] ], [ [ -122.22899, 37.75633 ], [ -122.22899, 37.75636 ], [ -122.22902, 37.75633 ], [ -122.22899, 37.75633 ] ], [ [ -122.22694, 37.75695 ], [ -122.22694, 37.75698 ], [ -122.22697, 37.75695 ], [ -122.22694, 37.75695 ] ], [ [ -122.22877, 37.7559 ], [ -122.22877, 37.75593 ], [ -122.2288, 37.7559 ], [ -122.22877, 37.7559 ] ], [ [ -122.22912, 37.75625 ], [ -122.22912, 37.75628 ], [ -122.22915, 37.75625 ], [ -122.22912, 37.75625 ] ], [ [ -122.22699, 37.75698 ], [ -122.22699, 37.757 ], [ -122.22702, 37.75698 ], [ -122.22699, 37.75698 ] ], [ [ -122.23017, 37.75482 ], [ -122.23017, 37.75485 ], [ -122.2302, 37.75482 ], [ -122.23017, 37.75482 ] ], [ [ -122.22947, 37.75528 ], [ -122.22947, 37.75531 ], [ -122.2295, 37.75528 ], [ -122.22947, 37.75528 ] ], [ [ -122.23009, 37.75434 ], [ -122.23009, 37.75436 ], [ -122.23015, 37.75434 ], [ -122.23009, 37.75434 ] ], [ [ -122.2295, 37.75523 ], [ -122.2295, 37.75525 ], [ -122.22955, 37.75523 ], [ -122.2295, 37.75523 ] ], [ [ -122.22915, 37.75539 ], [ -122.22918, 37.75533 ], [ -122.22912, 37.75539 ], [ -122.22915, 37.75539 ] ], [ [ -122.2291, 37.75541 ], [ -122.22912, 37.75541 ], [ -122.22912, 37.75539 ], [ -122.2291, 37.75541 ] ], [ [ -122.22923, 37.75585 ], [ -122.22923, 37.75582 ], [ -122.22918, 37.75585 ], [ -122.22923, 37.75585 ] ], [ [ -122.22912, 37.75585 ], [ -122.2291, 37.75593 ], [ -122.22899, 37.75595 ], [ -122.22918, 37.75598 ], [ -122.22912, 37.75585 ] ], [ [ -122.22888, 37.75663 ], [ -122.22915, 37.75684 ], [ -122.2292, 37.75684 ], [ -122.22885, 37.75641 ], [ -122.22888, 37.75663 ] ], [ [ -122.2299, 37.75531 ], [ -122.22982, 37.75528 ], [ -122.22974, 37.75531 ], [ -122.23001, 37.7555 ], [ -122.23017, 37.75512 ], [ -122.22999, 37.75498 ], [ -122.22982, 37.75515 ], [ -122.2299, 37.75531 ] ], [ [ -122.23007, 37.7549 ], [ -122.23012, 37.75474 ], [ -122.23077, 37.75415 ], [ -122.22974, 37.75504 ], [ -122.23007, 37.7549 ] ], [ [ -122.22972, 37.75506 ], [ -122.22974, 37.75506 ], [ -122.22974, 37.75504 ], [ -122.22972, 37.75506 ] ] ], [ [ [ -122.198, 37.75814 ], [ -122.19794, 37.75797 ], [ -122.19854, 37.75738 ], [ -122.19864, 37.75652 ], [ -122.19889, 37.75668 ], [ -122.19886, 37.75757 ], [ -122.198, 37.75814 ] ], [ [ -122.19881, 37.75709 ], [ -122.19881, 37.75711 ], [ -122.19883, 37.75709 ], [ -122.19881, 37.75709 ] ], [ [ -122.19878, 37.75752 ], [ -122.19878, 37.75749 ], [ -122.19875, 37.75752 ], [ -122.19878, 37.75752 ] ], [ [ -122.19872, 37.75754 ], [ -122.19875, 37.75754 ], [ -122.19875, 37.75752 ], [ -122.19872, 37.75754 ] ], [ [ -122.1987, 37.75757 ], [ -122.19872, 37.75757 ], [ -122.19872, 37.75754 ], [ -122.1987, 37.75757 ] ], [ [ -122.19881, 37.75698 ], [ -122.19881, 37.75706 ], [ -122.19883, 37.75698 ], [ -122.19881, 37.75698 ] ] ], [ [ [ -122.20678, 37.75994 ], [ -122.20638, 37.75975 ], [ -122.20446, 37.75797 ], [ -122.20341, 37.75717 ], [ -122.20255, 37.75622 ], [ -122.20622, 37.75935 ], [ -122.20678, 37.75994 ] ] ], [ [ [ -122.21506, 37.76045 ], [ -122.21514, 37.76064 ], [ -122.21492, 37.76072 ], [ -122.21444, 37.7601 ], [ -122.21503, 37.75978 ], [ -122.21554, 37.76032 ], [ -122.21506, 37.76045 ] ] ], [ [ [ -122.22071, 37.76951 ], [ -122.22098, 37.76948 ], [ -122.22112, 37.76964 ], [ -122.22098, 37.77016 ], [ -122.22055, 37.77013 ], [ -122.22026, 37.76994 ], [ -122.22053, 37.76964 ], [ -122.22045, 37.76937 ], [ -122.22063, 37.76937 ], [ -122.22071, 37.76951 ] ] ], [ [ [ -122.21837, 37.77129 ], [ -122.21988, 37.77018 ], [ -122.22015, 37.77029 ], [ -122.21864, 37.77134 ], [ -122.21805, 37.77191 ], [ -122.21794, 37.77183 ], [ -122.21802, 37.77164 ], [ -122.21759, 37.77172 ], [ -122.21837, 37.77129 ] ], [ [ -122.21802, 37.77161 ], [ -122.21815, 37.77158 ], [ -122.21815, 37.77156 ], [ -122.21802, 37.77161 ] ], [ [ -122.21818, 37.77153 ], [ -122.21815, 37.77153 ], [ -122.21815, 37.77156 ], [ -122.21818, 37.77153 ] ], [ [ -122.21824, 37.7715 ], [ -122.21818, 37.7715 ], [ -122.21818, 37.77153 ], [ -122.21824, 37.7715 ] ] ], [ [ [ -122.12979, 37.61078 ], [ -122.13305, 37.60989 ], [ -122.13326, 37.60991 ], [ -122.13302, 37.61083 ], [ -122.13324, 37.61169 ], [ -122.1344, 37.6125 ], [ -122.13534, 37.61288 ], [ -122.13531, 37.61339 ], [ -122.13488, 37.61377 ], [ -122.1338, 37.61417 ], [ -122.13219, 37.61444 ], [ -122.13043, 37.61433 ], [ -122.13016, 37.61444 ], [ -122.12941, 37.61444 ], [ -122.12895, 37.61463 ], [ -122.12822, 37.61514 ], [ -122.12831, 37.61617 ], [ -122.12814, 37.61722 ], [ -122.12734, 37.61778 ], [ -122.12569, 37.6183 ], [ -122.12469, 37.61838 ], [ -122.12372, 37.61832 ], [ -122.12305, 37.61813 ], [ -122.12254, 37.61819 ], [ -122.12141, 37.6176 ], [ -122.12081, 37.61706 ], [ -122.12, 37.61679 ], [ -122.11925, 37.61679 ], [ -122.11823, 37.61698 ], [ -122.11777, 37.61676 ], [ -122.11742, 37.61603 ], [ -122.11718, 37.61366 ], [ -122.11674, 37.61253 ], [ -122.11669, 37.6121 ], [ -122.11688, 37.61207 ], [ -122.11701, 37.61169 ], [ -122.12046, 37.61153 ], [ -122.12057, 37.61067 ], [ -122.12073, 37.61043 ], [ -122.12316, 37.60954 ], [ -122.12429, 37.60948 ], [ -122.12469, 37.60965 ], [ -122.12521, 37.6101 ], [ -122.12561, 37.61099 ], [ -122.12583, 37.6111 ], [ -122.12623, 37.61107 ], [ -122.12685, 37.61067 ], [ -122.1276, 37.6104 ], [ -122.12831, 37.61037 ], [ -122.1289, 37.61064 ], [ -122.12979, 37.61078 ] ], [ [ -122.11809, 37.61309 ], [ -122.11806, 37.61307 ], [ -122.11806, 37.61309 ], [ -122.11809, 37.61309 ] ], [ [ -122.11742, 37.61258 ], [ -122.11739, 37.61256 ], [ -122.11739, 37.61258 ], [ -122.11742, 37.61258 ] ], [ [ -122.11755, 37.61266 ], [ -122.11753, 37.61269 ], [ -122.11755, 37.61269 ], [ -122.11755, 37.61266 ] ], [ [ -122.11753, 37.61266 ], [ -122.1175, 37.61264 ], [ -122.1175, 37.61266 ], [ -122.11753, 37.61266 ] ], [ [ -122.11825, 37.6132 ], [ -122.11823, 37.61323 ], [ -122.11825, 37.61323 ], [ -122.11825, 37.6132 ] ], [ [ -122.11823, 37.6132 ], [ -122.1182, 37.61318 ], [ -122.1182, 37.6132 ], [ -122.11823, 37.6132 ] ], [ [ -122.11763, 37.61272 ], [ -122.11761, 37.61274 ], [ -122.11763, 37.61274 ], [ -122.11763, 37.61272 ] ], [ [ -122.11761, 37.61272 ], [ -122.11758, 37.61269 ], [ -122.11758, 37.61272 ], [ -122.11761, 37.61272 ] ], [ [ -122.11839, 37.61331 ], [ -122.11836, 37.61334 ], [ -122.11839, 37.61334 ], [ -122.11839, 37.61331 ] ], [ [ -122.11836, 37.61331 ], [ -122.11833, 37.61328 ], [ -122.11833, 37.61331 ], [ -122.11836, 37.61331 ] ], [ [ -122.11831, 37.61326 ], [ -122.11831, 37.61328 ], [ -122.11833, 37.61328 ], [ -122.11831, 37.61326 ] ], [ [ -122.1296, 37.6142 ], [ -122.12952, 37.61415 ], [ -122.12952, 37.61423 ], [ -122.1296, 37.6142 ] ], [ [ -122.11723, 37.61239 ], [ -122.11731, 37.61247 ], [ -122.11731, 37.61242 ], [ -122.11726, 37.61231 ], [ -122.11723, 37.61239 ] ], [ [ -122.11801, 37.61301 ], [ -122.11798, 37.61304 ], [ -122.11801, 37.61304 ], [ -122.11801, 37.61301 ] ], [ [ -122.11798, 37.61301 ], [ -122.11796, 37.61299 ], [ -122.11796, 37.61301 ], [ -122.11798, 37.61301 ] ], [ [ -122.11793, 37.61296 ], [ -122.11793, 37.61299 ], [ -122.11796, 37.61299 ], [ -122.11793, 37.61296 ] ], [ [ -122.11788, 37.61293 ], [ -122.11788, 37.61296 ], [ -122.11793, 37.61296 ], [ -122.11788, 37.61293 ] ], [ [ -122.11785, 37.61291 ], [ -122.11785, 37.61293 ], [ -122.11788, 37.61293 ], [ -122.11785, 37.61291 ] ], [ [ -122.11782, 37.61288 ], [ -122.11782, 37.61291 ], [ -122.11785, 37.61291 ], [ -122.11782, 37.61288 ] ], [ [ -122.11779, 37.61285 ], [ -122.11779, 37.61288 ], [ -122.11782, 37.61288 ], [ -122.11779, 37.61285 ] ], [ [ -122.11774, 37.61283 ], [ -122.11774, 37.61285 ], [ -122.11779, 37.61285 ], [ -122.11774, 37.61283 ] ], [ [ -122.11771, 37.6128 ], [ -122.11771, 37.61283 ], [ -122.11774, 37.61283 ], [ -122.11771, 37.6128 ] ], [ [ -122.11769, 37.61277 ], [ -122.11769, 37.6128 ], [ -122.11771, 37.6128 ], [ -122.11769, 37.61277 ] ], [ [ -122.11766, 37.61274 ], [ -122.11766, 37.61277 ], [ -122.11769, 37.61277 ], [ -122.11766, 37.61274 ] ], [ [ -122.11863, 37.61355 ], [ -122.11855, 37.61342 ], [ -122.1185, 37.61342 ], [ -122.11863, 37.61355 ] ], [ [ -122.11844, 37.61342 ], [ -122.11847, 37.61336 ], [ -122.11844, 37.61336 ], [ -122.11844, 37.61342 ] ] ], [ [ [ -122.1051, 37.62002 ], [ -122.10526, 37.61999 ], [ -122.10532, 37.62026 ], [ -122.10548, 37.62021 ], [ -122.10591, 37.62045 ], [ -122.10621, 37.62042 ], [ -122.10677, 37.6208 ], [ -122.10707, 37.62072 ], [ -122.10707, 37.62102 ], [ -122.10685, 37.62121 ], [ -122.10661, 37.62121 ], [ -122.10631, 37.62099 ], [ -122.1058, 37.6211 ], [ -122.10586, 37.62126 ], [ -122.10623, 37.62145 ], [ -122.10661, 37.62148 ], [ -122.10669, 37.62183 ], [ -122.10615, 37.62188 ], [ -122.10553, 37.62153 ], [ -122.10516, 37.62183 ], [ -122.10475, 37.62193 ], [ -122.10448, 37.62164 ], [ -122.1047, 37.62145 ], [ -122.10443, 37.62102 ], [ -122.10459, 37.62083 ], [ -122.10486, 37.62096 ], [ -122.10502, 37.62075 ], [ -122.10475, 37.62051 ], [ -122.1051, 37.62002 ] ], [ [ -122.10518, 37.62169 ], [ -122.10505, 37.62166 ], [ -122.1051, 37.6218 ], [ -122.10518, 37.62169 ] ], [ [ -122.10499, 37.62164 ], [ -122.10491, 37.62153 ], [ -122.10483, 37.62158 ], [ -122.10499, 37.62164 ] ], [ [ -122.10494, 37.62166 ], [ -122.10494, 37.62164 ], [ -122.10491, 37.62166 ], [ -122.10494, 37.62166 ] ] ], [ [ [ -122.11011, 37.62242 ], [ -122.11017, 37.62293 ], [ -122.10949, 37.62296 ], [ -122.10949, 37.62255 ], [ -122.1092, 37.62253 ], [ -122.10923, 37.62293 ], [ -122.10882, 37.62296 ], [ -122.10885, 37.62255 ], [ -122.10861, 37.6225 ], [ -122.1085, 37.62255 ], [ -122.10855, 37.62293 ], [ -122.10785, 37.62296 ], [ -122.10796, 37.62234 ], [ -122.10772, 37.62218 ], [ -122.10788, 37.62218 ], [ -122.1079, 37.62207 ], [ -122.1075, 37.62199 ], [ -122.10753, 37.62153 ], [ -122.1082, 37.62156 ], [ -122.10844, 37.62169 ], [ -122.10874, 37.6215 ], [ -122.10858, 37.62137 ], [ -122.10858, 37.62113 ], [ -122.10879, 37.62104 ], [ -122.11049, 37.62118 ], [ -122.11044, 37.62137 ], [ -122.11017, 37.6214 ], [ -122.11025, 37.62158 ], [ -122.11011, 37.62164 ], [ -122.11017, 37.62196 ], [ -122.11041, 37.62215 ], [ -122.11011, 37.62242 ] ], [ [ -122.10952, 37.62134 ], [ -122.10931, 37.62142 ], [ -122.10939, 37.62161 ], [ -122.10966, 37.62166 ], [ -122.10966, 37.62142 ], [ -122.10952, 37.62134 ] ] ], [ [ [ -122.11098, 37.62231 ], [ -122.11103, 37.62293 ], [ -122.11095, 37.62304 ], [ -122.11055, 37.62309 ], [ -122.11044, 37.62255 ], [ -122.11052, 37.62142 ], [ -122.1106, 37.62137 ], [ -122.11068, 37.62161 ], [ -122.11095, 37.62161 ], [ -122.11095, 37.62177 ], [ -122.11114, 37.62183 ], [ -122.111, 37.62196 ], [ -122.11108, 37.62212 ], [ -122.11095, 37.6222 ], [ -122.11071, 37.6221 ], [ -122.11055, 37.6222 ], [ -122.11098, 37.62231 ] ], [ [ -122.11079, 37.62261 ], [ -122.11057, 37.62272 ], [ -122.11082, 37.62282 ], [ -122.11079, 37.62261 ] ] ], [ [ [ -122.10672, 37.62223 ], [ -122.10661, 37.62266 ], [ -122.10623, 37.62266 ], [ -122.1061, 37.6222 ], [ -122.10454, 37.6221 ], [ -122.10702, 37.6221 ], [ -122.10707, 37.62228 ], [ -122.10672, 37.62223 ] ] ], [ [ [ -122.12343, 37.62277 ], [ -122.12278, 37.62253 ], [ -122.12289, 37.6218 ], [ -122.12316, 37.62175 ], [ -122.12375, 37.62274 ], [ -122.12407, 37.6228 ], [ -122.12545, 37.62296 ], [ -122.12666, 37.62258 ], [ -122.1275, 37.62263 ], [ -122.12647, 37.62269 ], [ -122.12534, 37.62304 ], [ -122.12343, 37.62277 ] ] ], [ [ [ -122.1196, 37.62234 ], [ -122.11979, 37.62223 ], [ -122.11987, 37.6225 ], [ -122.11976, 37.62309 ], [ -122.11895, 37.62312 ], [ -122.11877, 37.6229 ], [ -122.11882, 37.62245 ], [ -122.11936, 37.6222 ], [ -122.11957, 37.62223 ], [ -122.1196, 37.62234 ] ] ], [ [ [ -122.12041, 37.62312 ], [ -122.1203, 37.6232 ], [ -122.11995, 37.62315 ], [ -122.11998, 37.62228 ], [ -122.1203, 37.62226 ], [ -122.12052, 37.6225 ], [ -122.12041, 37.62312 ] ] ], [ [ [ -122.10518, 37.6228 ], [ -122.10553, 37.62245 ], [ -122.10578, 37.62253 ], [ -122.10575, 37.62266 ], [ -122.10516, 37.62309 ], [ -122.1054, 37.62328 ], [ -122.10575, 37.62309 ], [ -122.1054, 37.62347 ], [ -122.10567, 37.62374 ], [ -122.1044, 37.62274 ], [ -122.10475, 37.62277 ], [ -122.10467, 37.62231 ], [ -122.10486, 37.62228 ], [ -122.10497, 37.62245 ], [ -122.10486, 37.62288 ], [ -122.10518, 37.6228 ] ] ], [ [ [ -122.10737, 37.62385 ], [ -122.10761, 37.62387 ], [ -122.10769, 37.62339 ], [ -122.10801, 37.62339 ], [ -122.10804, 37.62382 ], [ -122.10817, 37.6239 ], [ -122.10831, 37.62387 ], [ -122.10836, 37.62339 ], [ -122.10866, 37.62339 ], [ -122.10869, 37.62385 ], [ -122.10896, 37.62387 ], [ -122.10901, 37.62336 ], [ -122.10933, 37.62336 ], [ -122.10939, 37.62385 ], [ -122.10963, 37.62382 ], [ -122.10968, 37.62336 ], [ -122.11011, 37.62336 ], [ -122.11009, 37.6239 ], [ -122.11036, 37.62401 ], [ -122.10661, 37.62406 ], [ -122.10696, 37.62393 ], [ -122.10688, 37.62339 ], [ -122.10731, 37.62339 ], [ -122.10737, 37.62385 ] ] ], [ [ [ -122.11381, 37.62466 ], [ -122.11362, 37.62476 ], [ -122.11383, 37.62401 ], [ -122.11351, 37.62379 ], [ -122.11356, 37.62347 ], [ -122.11343, 37.62336 ], [ -122.11362, 37.62269 ], [ -122.11373, 37.62272 ], [ -122.11367, 37.62296 ], [ -122.11475, 37.62312 ], [ -122.11491, 37.62312 ], [ -122.11497, 37.6229 ], [ -122.1151, 37.62299 ], [ -122.11483, 37.62396 ], [ -122.11389, 37.62404 ], [ -122.11381, 37.62466 ] ] ], [ [ [ -122.13483, 37.62765 ], [ -122.13493, 37.62886 ], [ -122.13464, 37.62905 ], [ -122.13461, 37.62749 ], [ -122.13483, 37.62765 ] ] ], [ [ [ -122.13919, 37.63091 ], [ -122.14687, 37.63094 ], [ -122.14779, 37.63067 ], [ -122.14801, 37.63034 ], [ -122.14857, 37.6304 ], [ -122.1507, 37.62975 ], [ -122.15073, 37.62991 ], [ -122.14714, 37.63107 ], [ -122.13906, 37.63104 ], [ -122.13822, 37.63091 ], [ -122.13793, 37.63072 ], [ -122.13798, 37.63053 ], [ -122.13814, 37.63053 ], [ -122.1386, 37.63085 ], [ -122.13919, 37.63091 ] ] ], [ [ [ -122.13329, 37.63374 ], [ -122.13211, 37.63376 ], [ -122.13205, 37.63336 ], [ -122.13332, 37.63336 ], [ -122.13329, 37.63374 ] ] ], [ [ [ -122.13652, 37.63331 ], [ -122.13545, 37.63376 ], [ -122.13639, 37.63328 ], [ -122.13652, 37.63331 ] ] ], [ [ [ -122.14105, 37.6332 ], [ -122.14167, 37.63279 ], [ -122.14189, 37.63279 ], [ -122.14208, 37.63298 ], [ -122.14197, 37.63309 ], [ -122.14213, 37.63304 ], [ -122.14208, 37.63323 ], [ -122.14148, 37.6335 ], [ -122.14135, 37.63379 ], [ -122.14094, 37.63376 ], [ -122.14032, 37.63401 ], [ -122.13935, 37.63425 ], [ -122.13919, 37.63422 ], [ -122.13952, 37.63385 ], [ -122.14105, 37.6332 ] ], [ [ -122.13927, 37.6342 ], [ -122.13938, 37.6342 ], [ -122.13927, 37.63417 ], [ -122.13927, 37.6342 ] ], [ [ -122.14129, 37.63355 ], [ -122.1414, 37.63355 ], [ -122.14132, 37.6335 ], [ -122.14129, 37.63355 ] ] ], [ [ [ -122.1355, 37.63376 ], [ -122.1365, 37.63339 ], [ -122.13661, 37.63344 ], [ -122.1355, 37.6339 ], [ -122.1355, 37.63376 ] ] ], [ [ [ -122.13652, 37.63352 ], [ -122.13669, 37.63358 ], [ -122.13574, 37.63398 ], [ -122.13555, 37.63398 ], [ -122.13652, 37.63352 ] ] ], [ [ [ -122.13572, 37.63414 ], [ -122.13561, 37.63414 ], [ -122.13569, 37.63401 ], [ -122.13671, 37.63366 ], [ -122.13572, 37.63414 ] ] ], [ [ [ -122.13623, 37.63395 ], [ -122.13682, 37.63382 ], [ -122.13566, 37.63425 ], [ -122.13623, 37.63395 ] ] ], [ [ [ -122.1369, 37.63395 ], [ -122.1359, 37.63438 ], [ -122.13574, 37.63438 ], [ -122.13671, 37.63393 ], [ -122.1369, 37.63395 ] ] ], [ [ [ -122.13599, 37.63455 ], [ -122.13723, 37.63398 ], [ -122.13758, 37.63412 ], [ -122.13828, 37.63541 ], [ -122.13852, 37.63546 ], [ -122.13688, 37.63608 ], [ -122.13642, 37.63552 ], [ -122.13636, 37.63533 ], [ -122.1365, 37.63522 ], [ -122.13634, 37.63519 ], [ -122.13599, 37.63455 ] ] ], [ [ [ -122.14361, 37.6353 ], [ -122.14353, 37.63544 ], [ -122.14167, 37.63616 ], [ -122.14073, 37.63622 ], [ -122.14065, 37.636 ], [ -122.14078, 37.6356 ], [ -122.14318, 37.6346 ], [ -122.14361, 37.6353 ] ] ], [ [ [ -122.13604, 37.63608 ], [ -122.13553, 37.63455 ], [ -122.13599, 37.63541 ], [ -122.13652, 37.63765 ], [ -122.13642, 37.63765 ], [ -122.13609, 37.63619 ], [ -122.13469, 37.63627 ], [ -122.13472, 37.63606 ], [ -122.13604, 37.63608 ] ] ], [ [ [ -122.13836, 37.63948 ], [ -122.13806, 37.63937 ], [ -122.13717, 37.63781 ], [ -122.13836, 37.63759 ], [ -122.14356, 37.63557 ], [ -122.14377, 37.63557 ], [ -122.14461, 37.63692 ], [ -122.14291, 37.63773 ], [ -122.1445, 37.63719 ], [ -122.1448, 37.63719 ], [ -122.14558, 37.63859 ], [ -122.13935, 37.64099 ], [ -122.13828, 37.63967 ], [ -122.13836, 37.63948 ] ] ], [ [ [ -122.14291, 37.64503 ], [ -122.1431, 37.64495 ], [ -122.14286, 37.64503 ], [ -122.14272, 37.6449 ], [ -122.14275, 37.64473 ], [ -122.14251, 37.64465 ], [ -122.14213, 37.64401 ], [ -122.14148, 37.64336 ], [ -122.14151, 37.6432 ], [ -122.14135, 37.64317 ], [ -122.14092, 37.64266 ], [ -122.14094, 37.64247 ], [ -122.14073, 37.64242 ], [ -122.14027, 37.64185 ], [ -122.1403, 37.64169 ], [ -122.14003, 37.64155 ], [ -122.14006, 37.64085 ], [ -122.14547, 37.63875 ], [ -122.14569, 37.63872 ], [ -122.14658, 37.64023 ], [ -122.14749, 37.64153 ], [ -122.14763, 37.64355 ], [ -122.14698, 37.64406 ], [ -122.14458, 37.64498 ], [ -122.14396, 37.64516 ], [ -122.14297, 37.64516 ], [ -122.14291, 37.64503 ] ] ], [ [ [ -122.13962, 37.64145 ], [ -122.14248, 37.64492 ], [ -122.14251, 37.64503 ], [ -122.13962, 37.64145 ] ] ], [ [ [ -122.14695, 37.64441 ], [ -122.14712, 37.64471 ], [ -122.14784, 37.64465 ], [ -122.14787, 37.64506 ], [ -122.14798, 37.64508 ], [ -122.1479, 37.64549 ], [ -122.14523, 37.64549 ], [ -122.14534, 37.64541 ], [ -122.14472, 37.64549 ], [ -122.1445, 37.64535 ], [ -122.14415, 37.64538 ], [ -122.14415, 37.64527 ], [ -122.14671, 37.64428 ], [ -122.14682, 37.64444 ], [ -122.14695, 37.64441 ] ], [ [ -122.14771, 37.64549 ], [ -122.14768, 37.64546 ], [ -122.14768, 37.64549 ], [ -122.14771, 37.64549 ] ], [ [ -122.14555, 37.64546 ], [ -122.14553, 37.64543 ], [ -122.14553, 37.64546 ], [ -122.14555, 37.64546 ] ], [ [ -122.14539, 37.64546 ], [ -122.14536, 37.64543 ], [ -122.14536, 37.64546 ], [ -122.14539, 37.64546 ] ] ], [ [ [ -122.14334, 37.64813 ], [ -122.14361, 37.64816 ], [ -122.14359, 37.64837 ], [ -122.14372, 37.64843 ], [ -122.14372, 37.64861 ], [ -122.14353, 37.64869 ], [ -122.14224, 37.64872 ], [ -122.14208, 37.64864 ], [ -122.14221, 37.64843 ], [ -122.1434, 37.64843 ], [ -122.14334, 37.64813 ] ] ], [ [ [ -122.1435, 37.64937 ], [ -122.14227, 37.64937 ], [ -122.14205, 37.64913 ], [ -122.14227, 37.64888 ], [ -122.14353, 37.64886 ], [ -122.14375, 37.64918 ], [ -122.1435, 37.64937 ] ] ], [ [ [ -122.14375, 37.64961 ], [ -122.14356, 37.64983 ], [ -122.1435, 37.64964 ], [ -122.14251, 37.64972 ], [ -122.14243, 37.65002 ], [ -122.14208, 37.64985 ], [ -122.14208, 37.64967 ], [ -122.14237, 37.64953 ], [ -122.14375, 37.64961 ] ] ], [ [ [ -122.14251, 37.65654 ], [ -122.142, 37.65651 ], [ -122.14251, 37.65624 ], [ -122.14248, 37.65589 ], [ -122.14262, 37.656 ], [ -122.14264, 37.65643 ], [ -122.14267, 37.65632 ], [ -122.14348, 37.65627 ], [ -122.1434, 37.65616 ], [ -122.14321, 37.65621 ], [ -122.14334, 37.656 ], [ -122.14302, 37.65597 ], [ -122.14299, 37.65576 ], [ -122.14324, 37.65573 ], [ -122.14337, 37.65549 ], [ -122.14356, 37.65559 ], [ -122.14372, 37.65541 ], [ -122.14375, 37.65554 ], [ -122.14394, 37.65554 ], [ -122.14402, 37.65603 ], [ -122.14372, 37.65605 ], [ -122.14377, 37.65581 ], [ -122.14356, 37.65584 ], [ -122.14369, 37.65613 ], [ -122.14353, 37.65624 ], [ -122.14369, 37.65632 ], [ -122.14251, 37.65654 ] ], [ [ -122.14324, 37.65584 ], [ -122.14326, 37.65584 ], [ -122.14324, 37.65581 ], [ -122.14324, 37.65584 ] ] ], [ [ [ -122.1448, 37.6646 ], [ -122.14439, 37.6643 ], [ -122.14439, 37.66416 ], [ -122.14361, 37.66333 ], [ -122.14022, 37.66268 ], [ -122.1414, 37.66284 ], [ -122.14116, 37.66271 ], [ -122.14121, 37.6626 ], [ -122.14111, 37.66257 ], [ -122.141, 37.66247 ], [ -122.14094, 37.6623 ], [ -122.14113, 37.66239 ], [ -122.14129, 37.66236 ], [ -122.14094, 37.66203 ], [ -122.14054, 37.6619 ], [ -122.14062, 37.66177 ], [ -122.14094, 37.66168 ], [ -122.14116, 37.66195 ], [ -122.14154, 37.66209 ], [ -122.14078, 37.66147 ], [ -122.14097, 37.66136 ], [ -122.14073, 37.66123 ], [ -122.14092, 37.66104 ], [ -122.14073, 37.66096 ], [ -122.14086, 37.66074 ], [ -122.14081, 37.66042 ], [ -122.14148, 37.66106 ], [ -122.14132, 37.66088 ], [ -122.14138, 37.66082 ], [ -122.14477, 37.66446 ], [ -122.14585, 37.6657 ], [ -122.14528, 37.66516 ], [ -122.14523, 37.66535 ], [ -122.1448, 37.6646 ] ], [ [ -122.14151, 37.66109 ], [ -122.14151, 37.66106 ], [ -122.14148, 37.66106 ], [ -122.14151, 37.66109 ] ], [ [ -122.14154, 37.66112 ], [ -122.14154, 37.66109 ], [ -122.14151, 37.66109 ], [ -122.14154, 37.66112 ] ], [ [ -122.14156, 37.66117 ], [ -122.14156, 37.66112 ], [ -122.14154, 37.66112 ], [ -122.14156, 37.66117 ] ], [ [ -122.14189, 37.6615 ], [ -122.14162, 37.66117 ], [ -122.14183, 37.6615 ], [ -122.14189, 37.6615 ] ], [ [ -122.14191, 37.66152 ], [ -122.14191, 37.6615 ], [ -122.14189, 37.6615 ], [ -122.14191, 37.66152 ] ], [ [ -122.14197, 37.6616 ], [ -122.14194, 37.66152 ], [ -122.14191, 37.66152 ], [ -122.14197, 37.6616 ] ], [ [ -122.142, 37.66163 ], [ -122.142, 37.6616 ], [ -122.14197, 37.6616 ], [ -122.142, 37.66163 ] ], [ [ -122.14116, 37.66255 ], [ -122.14116, 37.66257 ], [ -122.14119, 37.66255 ], [ -122.14116, 37.66255 ] ], [ [ -122.14154, 37.66212 ], [ -122.14178, 37.66225 ], [ -122.14202, 37.66265 ], [ -122.14232, 37.66265 ], [ -122.14248, 37.66252 ], [ -122.14232, 37.6622 ], [ -122.14194, 37.66225 ], [ -122.14183, 37.66209 ], [ -122.14154, 37.66212 ] ], [ [ -122.14089, 37.66058 ], [ -122.14086, 37.66058 ], [ -122.14092, 37.66063 ], [ -122.14089, 37.66058 ] ], [ [ -122.14097, 37.66069 ], [ -122.14097, 37.66063 ], [ -122.14094, 37.66066 ], [ -122.14097, 37.66069 ] ], [ [ -122.14103, 37.66074 ], [ -122.14103, 37.66069 ], [ -122.141, 37.66071 ], [ -122.14103, 37.66074 ] ], [ [ -122.14262, 37.6623 ], [ -122.14264, 37.6623 ], [ -122.14262, 37.66228 ], [ -122.14262, 37.6623 ] ], [ [ -122.14272, 37.66244 ], [ -122.14275, 37.66244 ], [ -122.14272, 37.66241 ], [ -122.14272, 37.66244 ] ], [ [ -122.14105, 37.66082 ], [ -122.14108, 37.66082 ], [ -122.14105, 37.66077 ], [ -122.14105, 37.66082 ] ], [ [ -122.14248, 37.66214 ], [ -122.14248, 37.66212 ], [ -122.14245, 37.66214 ], [ -122.14248, 37.66214 ] ], [ [ -122.14243, 37.66212 ], [ -122.14245, 37.66212 ], [ -122.1424, 37.66203 ], [ -122.14243, 37.66212 ] ], [ [ -122.14237, 37.66201 ], [ -122.14235, 37.66195 ], [ -122.14232, 37.66201 ], [ -122.14237, 37.66201 ] ], [ [ -122.14229, 37.66195 ], [ -122.14232, 37.66195 ], [ -122.14229, 37.66193 ], [ -122.14229, 37.66195 ] ], [ [ -122.14227, 37.6619 ], [ -122.14227, 37.66193 ], [ -122.14229, 37.66193 ], [ -122.14227, 37.6619 ] ], [ [ -122.14216, 37.66177 ], [ -122.14216, 37.66174 ], [ -122.1421, 37.66177 ], [ -122.14216, 37.66177 ] ], [ [ -122.14202, 37.66166 ], [ -122.14208, 37.66174 ], [ -122.14208, 37.66166 ], [ -122.14202, 37.66166 ] ], [ [ -122.14205, 37.66185 ], [ -122.14194, 37.66182 ], [ -122.14205, 37.6619 ], [ -122.14205, 37.66185 ] ], [ [ -122.14165, 37.66271 ], [ -122.14165, 37.66268 ], [ -122.14162, 37.66271 ], [ -122.14165, 37.66271 ] ], [ [ -122.14156, 37.66268 ], [ -122.14162, 37.66268 ], [ -122.14156, 37.66265 ], [ -122.14156, 37.66268 ] ], [ [ -122.14148, 37.66252 ], [ -122.14151, 37.66265 ], [ -122.14154, 37.66252 ], [ -122.14148, 37.66252 ] ], [ [ -122.14208, 37.66268 ], [ -122.14221, 37.66292 ], [ -122.14256, 37.66301 ], [ -122.14253, 37.66287 ], [ -122.14208, 37.66268 ] ] ], [ [ [ -122.14146, 37.66082 ], [ -122.14116, 37.66031 ], [ -122.14477, 37.664 ], [ -122.14679, 37.66621 ], [ -122.14701, 37.66659 ], [ -122.14687, 37.66662 ], [ -122.14429, 37.66376 ], [ -122.14412, 37.66373 ], [ -122.14146, 37.66082 ] ], [ [ -122.14154, 37.66077 ], [ -122.14151, 37.66077 ], [ -122.14154, 37.6608 ], [ -122.14154, 37.66077 ] ], [ [ -122.14156, 37.66082 ], [ -122.14156, 37.6608 ], [ -122.14154, 37.6608 ], [ -122.14156, 37.66082 ] ], [ [ -122.14165, 37.6609 ], [ -122.14159, 37.66082 ], [ -122.14159, 37.6609 ], [ -122.14165, 37.6609 ] ], [ [ -122.14173, 37.66098 ], [ -122.14167, 37.6609 ], [ -122.14167, 37.66098 ], [ -122.14173, 37.66098 ] ], [ [ -122.14178, 37.66109 ], [ -122.14181, 37.66109 ], [ -122.14178, 37.66106 ], [ -122.14178, 37.66109 ] ], [ [ -122.14175, 37.66101 ], [ -122.14175, 37.66106 ], [ -122.14178, 37.66106 ], [ -122.14175, 37.66101 ] ] ], [ [ [ -122.14243, 37.66416 ], [ -122.1427, 37.66381 ], [ -122.14235, 37.6636 ], [ -122.14232, 37.66341 ], [ -122.14256, 37.66336 ], [ -122.14275, 37.66352 ], [ -122.14321, 37.66352 ], [ -122.14332, 37.66373 ], [ -122.14367, 37.66379 ], [ -122.14367, 37.66392 ], [ -122.14305, 37.66414 ], [ -122.14294, 37.66435 ], [ -122.14251, 37.66438 ], [ -122.14243, 37.66416 ] ] ], [ [ [ -122.15437, 37.66395 ], [ -122.15666, 37.66389 ], [ -122.1572, 37.66535 ], [ -122.15709, 37.66543 ], [ -122.1552, 37.66538 ], [ -122.15437, 37.66395 ] ], [ [ -122.15474, 37.66433 ], [ -122.15463, 37.66438 ], [ -122.15496, 37.66438 ], [ -122.15525, 37.66433 ], [ -122.15474, 37.66433 ] ], [ [ -122.15598, 37.66435 ], [ -122.15596, 37.66433 ], [ -122.15596, 37.66435 ], [ -122.15598, 37.66435 ] ], [ [ -122.15544, 37.66435 ], [ -122.15542, 37.66433 ], [ -122.15542, 37.66435 ], [ -122.15544, 37.66435 ] ], [ [ -122.15617, 37.66433 ], [ -122.15614, 37.6643 ], [ -122.15614, 37.66433 ], [ -122.15617, 37.66433 ] ], [ [ -122.15587, 37.66433 ], [ -122.15563, 37.6643 ], [ -122.15563, 37.66433 ], [ -122.15587, 37.66433 ] ], [ [ -122.15633, 37.6643 ], [ -122.15628, 37.66427 ], [ -122.15628, 37.6643 ], [ -122.15633, 37.6643 ] ], [ [ -122.15649, 37.66427 ], [ -122.15639, 37.66424 ], [ -122.15639, 37.66427 ], [ -122.15649, 37.66427 ] ], [ [ -122.15674, 37.66424 ], [ -122.15674, 37.66422 ], [ -122.15666, 37.66419 ], [ -122.15655, 37.66424 ], [ -122.15674, 37.66424 ] ] ], [ [ [ -122.15706, 37.66465 ], [ -122.15684, 37.664 ], [ -122.15741, 37.66403 ], [ -122.15744, 37.66395 ], [ -122.15787, 37.66403 ], [ -122.15811, 37.66508 ], [ -122.158, 37.66535 ], [ -122.15776, 37.66524 ], [ -122.15733, 37.66532 ], [ -122.15725, 37.66521 ], [ -122.15709, 37.66476 ], [ -122.15717, 37.66465 ], [ -122.15706, 37.66465 ] ] ], [ [ [ -122.15798, 37.66398 ], [ -122.15865, 37.66398 ], [ -122.1587, 37.66408 ], [ -122.15876, 37.664 ], [ -122.15981, 37.66406 ], [ -122.16, 37.66422 ], [ -122.16027, 37.66532 ], [ -122.15892, 37.66535 ], [ -122.15873, 37.66422 ], [ -122.15884, 37.66532 ], [ -122.15876, 37.6654 ], [ -122.15827, 37.66538 ], [ -122.15798, 37.66398 ] ] ], [ [ [ -122.1421, 37.66645 ], [ -122.142, 37.66594 ], [ -122.14208, 37.66557 ], [ -122.14191, 37.66532 ], [ -122.14321, 37.66527 ], [ -122.14324, 37.66567 ], [ -122.14342, 37.66578 ], [ -122.14369, 37.66575 ], [ -122.14394, 37.666 ], [ -122.14369, 37.66635 ], [ -122.14288, 37.6664 ], [ -122.14253, 37.66632 ], [ -122.1421, 37.66645 ] ], [ [ -122.14213, 37.6664 ], [ -122.14216, 37.6664 ], [ -122.14213, 37.66637 ], [ -122.14213, 37.6664 ] ] ], [ [ [ -122.15857, 37.66619 ], [ -122.15889, 37.6661 ], [ -122.15897, 37.66635 ], [ -122.15868, 37.66643 ], [ -122.15857, 37.66619 ] ] ], [ [ [ -122.1576, 37.66778 ], [ -122.15736, 37.66783 ], [ -122.15674, 37.66759 ], [ -122.1562, 37.6668 ], [ -122.15787, 37.6668 ], [ -122.15746, 37.66734 ], [ -122.1576, 37.66778 ] ] ], [ [ [ -122.1607, 37.6681 ], [ -122.15997, 37.66848 ], [ -122.15989, 37.66831 ], [ -122.15965, 37.66834 ], [ -122.15986, 37.66804 ], [ -122.15962, 37.66807 ], [ -122.15965, 37.6678 ], [ -122.15949, 37.66778 ], [ -122.15924, 37.66794 ], [ -122.1594, 37.66807 ], [ -122.15932, 37.66818 ], [ -122.15873, 37.66769 ], [ -122.15887, 37.66753 ], [ -122.15873, 37.66748 ], [ -122.15887, 37.6674 ], [ -122.15852, 37.66724 ], [ -122.15822, 37.66616 ], [ -122.15854, 37.66613 ], [ -122.15854, 37.66635 ], [ -122.1587, 37.66648 ], [ -122.15897, 37.66643 ], [ -122.15889, 37.66654 ], [ -122.15905, 37.66667 ], [ -122.15914, 37.66654 ], [ -122.15938, 37.66662 ], [ -122.15959, 37.66648 ], [ -122.1597, 37.6661 ], [ -122.16, 37.66616 ], [ -122.16046, 37.66659 ], [ -122.16016, 37.66613 ], [ -122.16032, 37.66613 ], [ -122.16078, 37.66648 ], [ -122.1611, 37.6671 ], [ -122.16091, 37.66702 ], [ -122.1607, 37.66732 ], [ -122.16027, 37.66742 ], [ -122.1607, 37.6681 ] ], [ [ -122.16048, 37.66662 ], [ -122.16048, 37.66659 ], [ -122.16046, 37.66659 ], [ -122.16048, 37.66662 ] ], [ [ -122.15916, 37.66778 ], [ -122.15916, 37.6678 ], [ -122.15922, 37.66778 ], [ -122.15916, 37.66778 ] ], [ [ -122.15997, 37.66823 ], [ -122.16, 37.66823 ], [ -122.15997, 37.66815 ], [ -122.15997, 37.66823 ] ], [ [ -122.15994, 37.66813 ], [ -122.15994, 37.66815 ], [ -122.15997, 37.66815 ], [ -122.15994, 37.66813 ] ], [ [ -122.15897, 37.66772 ], [ -122.15897, 37.66767 ], [ -122.15892, 37.66772 ], [ -122.15897, 37.66772 ] ], [ [ -122.16021, 37.66643 ], [ -122.16016, 37.6664 ], [ -122.16005, 37.66659 ], [ -122.16021, 37.66643 ] ], [ [ -122.15892, 37.66694 ], [ -122.15903, 37.66678 ], [ -122.15887, 37.66656 ], [ -122.15868, 37.66656 ], [ -122.15852, 37.66672 ], [ -122.1587, 37.66697 ], [ -122.15892, 37.66694 ] ], [ [ -122.1594, 37.66729 ], [ -122.15943, 37.66699 ], [ -122.15924, 37.66713 ], [ -122.15943, 37.66756 ], [ -122.15927, 37.66748 ], [ -122.15916, 37.66764 ], [ -122.15946, 37.66759 ], [ -122.16, 37.66788 ], [ -122.16005, 37.66756 ], [ -122.15954, 37.66745 ], [ -122.1594, 37.66729 ] ] ], [ [ [ -122.15563, 37.66761 ], [ -122.15534, 37.66751 ], [ -122.15536, 37.66737 ], [ -122.15509, 37.66713 ], [ -122.15509, 37.66702 ], [ -122.15531, 37.66697 ], [ -122.15515, 37.66694 ], [ -122.15512, 37.66672 ], [ -122.15493, 37.66672 ], [ -122.15488, 37.66645 ], [ -122.15461, 37.66643 ], [ -122.15455, 37.66619 ], [ -122.15418, 37.66619 ], [ -122.15437, 37.66627 ], [ -122.15434, 37.66643 ], [ -122.15447, 37.6664 ], [ -122.15445, 37.66659 ], [ -122.1542, 37.6664 ], [ -122.15399, 37.66645 ], [ -122.15385, 37.66635 ], [ -122.15393, 37.66616 ], [ -122.15442, 37.6661 ], [ -122.1535, 37.6661 ], [ -122.15342, 37.66597 ], [ -122.15806, 37.6661 ], [ -122.15817, 37.66667 ], [ -122.15614, 37.66654 ], [ -122.15606, 37.66667 ], [ -122.15593, 37.66664 ], [ -122.1566, 37.66767 ], [ -122.15744, 37.66794 ], [ -122.15701, 37.66799 ], [ -122.15698, 37.6681 ], [ -122.15768, 37.6692 ], [ -122.15736, 37.66901 ], [ -122.15733, 37.66923 ], [ -122.15722, 37.66931 ], [ -122.15714, 37.66918 ], [ -122.15722, 37.66912 ], [ -122.15703, 37.6691 ], [ -122.15698, 37.66888 ], [ -122.15652, 37.66845 ], [ -122.15649, 37.66815 ], [ -122.15622, 37.66807 ], [ -122.1562, 37.66783 ], [ -122.15601, 37.66778 ], [ -122.15601, 37.66802 ], [ -122.15569, 37.66807 ], [ -122.1559, 37.66794 ], [ -122.15571, 37.66751 ], [ -122.1555, 37.66734 ], [ -122.15563, 37.66761 ] ], [ [ -122.15663, 37.66831 ], [ -122.15663, 37.66826 ], [ -122.15658, 37.66831 ], [ -122.15663, 37.66831 ] ], [ [ -122.15412, 37.66629 ], [ -122.15412, 37.66632 ], [ -122.15415, 37.66629 ], [ -122.15412, 37.66629 ] ], [ [ -122.15631, 37.66802 ], [ -122.15631, 37.66804 ], [ -122.15633, 37.66802 ], [ -122.15631, 37.66802 ] ], [ [ -122.15722, 37.66918 ], [ -122.15722, 37.6692 ], [ -122.15728, 37.66918 ], [ -122.15722, 37.66918 ] ], [ [ -122.15517, 37.66667 ], [ -122.1552, 37.66672 ], [ -122.15523, 37.66667 ], [ -122.15517, 37.66667 ] ], [ [ -122.15536, 37.66721 ], [ -122.15536, 37.66726 ], [ -122.15542, 37.66721 ], [ -122.15536, 37.66721 ] ], [ [ -122.15676, 37.66858 ], [ -122.15679, 37.66858 ], [ -122.15676, 37.66853 ], [ -122.15676, 37.66858 ] ], [ [ -122.15674, 37.66848 ], [ -122.15674, 37.66853 ], [ -122.15676, 37.66853 ], [ -122.15674, 37.66848 ] ], [ [ -122.1573, 37.66899 ], [ -122.15733, 37.66899 ], [ -122.1573, 37.66891 ], [ -122.1573, 37.66899 ] ], [ [ -122.15725, 37.66888 ], [ -122.15725, 37.66891 ], [ -122.1573, 37.66891 ], [ -122.15725, 37.66888 ] ], [ [ -122.15528, 37.66691 ], [ -122.15531, 37.6668 ], [ -122.15523, 37.66689 ], [ -122.15528, 37.66691 ] ], [ [ -122.15534, 37.66721 ], [ -122.15534, 37.66707 ], [ -122.1552, 37.66718 ], [ -122.15534, 37.66721 ] ] ], [ [ [ -122.1427, 37.66883 ], [ -122.1455, 37.66751 ], [ -122.14563, 37.66753 ], [ -122.1428, 37.66893 ], [ -122.1424, 37.66907 ], [ -122.1427, 37.66883 ] ] ], [ [ [ -122.15981, 37.66853 ], [ -122.15943, 37.66872 ], [ -122.15935, 37.66848 ], [ -122.15959, 37.66831 ], [ -122.15981, 37.66853 ] ], [ [ -122.1594, 37.66853 ], [ -122.15943, 37.6685 ], [ -122.1594, 37.6685 ], [ -122.1594, 37.66853 ] ], [ [ -122.15951, 37.6685 ], [ -122.15949, 37.66848 ], [ -122.15949, 37.6685 ], [ -122.15951, 37.6685 ] ] ], [ [ [ -122.14693, 37.66705 ], [ -122.1504, 37.67069 ], [ -122.15051, 37.67087 ], [ -122.14693, 37.66705 ] ] ], [ [ [ -122.15976, 37.67562 ], [ -122.15994, 37.6754 ], [ -122.16032, 37.6754 ], [ -122.16064, 37.67519 ], [ -122.16083, 37.67548 ], [ -122.16019, 37.67581 ], [ -122.15976, 37.67562 ] ] ], [ [ [ -122.15703, 37.68629 ], [ -122.15806, 37.68656 ], [ -122.15803, 37.68769 ], [ -122.158, 37.68726 ], [ -122.15703, 37.68629 ] ] ], [ [ [ -122.06681, 37.51702 ], [ -122.06662, 37.51672 ], [ -122.06667, 37.51648 ], [ -122.06648, 37.51645 ], [ -122.06576, 37.515 ], [ -122.06581, 37.51489 ], [ -122.06551, 37.51457 ], [ -122.06465, 37.51287 ], [ -122.06328, 37.51322 ], [ -122.06314, 37.51303 ], [ -122.06322, 37.51279 ], [ -122.06263, 37.51268 ], [ -122.06252, 37.51247 ], [ -122.06228, 37.51244 ], [ -122.06201, 37.51249 ], [ -122.06231, 37.51282 ], [ -122.06193, 37.51311 ], [ -122.06142, 37.51263 ], [ -122.06117, 37.51257 ], [ -122.06112, 37.51241 ], [ -122.06096, 37.51241 ], [ -122.06125, 37.51268 ], [ -122.06112, 37.51276 ], [ -122.06088, 37.51252 ], [ -122.0609, 37.5123 ], [ -122.05977, 37.51203 ], [ -122.05937, 37.51214 ], [ -122.05915, 37.51247 ], [ -122.05961, 37.51354 ], [ -122.05945, 37.51357 ], [ -122.05923, 37.51338 ], [ -122.05878, 37.5136 ], [ -122.05921, 37.51384 ], [ -122.05913, 37.51427 ], [ -122.05807, 37.51438 ], [ -122.05619, 37.51414 ], [ -122.05587, 37.51344 ], [ -122.05514, 37.50988 ], [ -122.05525, 37.50883 ], [ -122.05592, 37.50721 ], [ -122.0612, 37.50543 ], [ -122.06155, 37.50557 ], [ -122.06266, 37.50648 ], [ -122.06802, 37.50848 ], [ -122.06832, 37.50875 ], [ -122.06834, 37.50947 ], [ -122.06918, 37.50988 ], [ -122.0695, 37.50982 ], [ -122.07036, 37.50931 ], [ -122.07066, 37.50931 ], [ -122.07069, 37.50945 ], [ -122.07071, 37.50937 ], [ -122.07093, 37.50939 ], [ -122.0709, 37.50947 ], [ -122.07115, 37.50947 ], [ -122.07117, 37.50961 ], [ -122.07141, 37.50958 ], [ -122.07174, 37.50966 ], [ -122.07166, 37.50977 ], [ -122.07182, 37.50966 ], [ -122.07298, 37.51004 ], [ -122.07309, 37.51009 ], [ -122.07306, 37.51023 ], [ -122.07319, 37.5102 ], [ -122.07314, 37.51012 ], [ -122.07344, 37.51015 ], [ -122.07352, 37.51044 ], [ -122.074, 37.51028 ], [ -122.07422, 37.51028 ], [ -122.07538, 37.51044 ], [ -122.07654, 37.51044 ], [ -122.08241, 37.50869 ], [ -122.08325, 37.50818 ], [ -122.08352, 37.50832 ], [ -122.08384, 37.50815 ], [ -122.08373, 37.50823 ], [ -122.08381, 37.50837 ], [ -122.08419, 37.50842 ], [ -122.08422, 37.50853 ], [ -122.0844, 37.50848 ], [ -122.08446, 37.50861 ], [ -122.08435, 37.50869 ], [ -122.08459, 37.5088 ], [ -122.08373, 37.51007 ], [ -122.08322, 37.51061 ], [ -122.08257, 37.51104 ], [ -122.07478, 37.51449 ], [ -122.06705, 37.5171 ], [ -122.06681, 37.51702 ] ], [ [ -122.07066, 37.50947 ], [ -122.07069, 37.50947 ], [ -122.07069, 37.50945 ], [ -122.07066, 37.50947 ] ], [ [ -122.08438, 37.50856 ], [ -122.08438, 37.50861 ], [ -122.0844, 37.50856 ], [ -122.08438, 37.50856 ] ], [ [ -122.06322, 37.51295 ], [ -122.06317, 37.51295 ], [ -122.06322, 37.51298 ], [ -122.06322, 37.51295 ] ], [ [ -122.073, 37.51017 ], [ -122.07303, 37.51017 ], [ -122.073, 37.51015 ], [ -122.073, 37.51017 ] ], [ [ -122.08405, 37.50845 ], [ -122.08389, 37.50864 ], [ -122.08416, 37.50883 ], [ -122.0843, 37.50872 ], [ -122.08405, 37.50845 ] ], [ [ -122.08432, 37.50853 ], [ -122.0843, 37.50853 ], [ -122.08432, 37.50856 ], [ -122.08432, 37.50853 ] ], [ [ -122.07168, 37.51047 ], [ -122.07168, 37.5105 ], [ -122.07171, 37.51047 ], [ -122.07168, 37.51047 ] ], [ [ -122.07511, 37.51287 ], [ -122.07511, 37.5129 ], [ -122.07513, 37.51287 ], [ -122.07511, 37.51287 ] ], [ [ -122.07217, 37.51039 ], [ -122.07217, 37.51042 ], [ -122.0722, 37.51039 ], [ -122.07217, 37.51039 ] ], [ [ -122.07524, 37.51093 ], [ -122.07524, 37.51096 ], [ -122.07527, 37.51093 ], [ -122.07524, 37.51093 ] ], [ [ -122.07535, 37.51263 ], [ -122.07535, 37.51265 ], [ -122.07538, 37.51263 ], [ -122.07535, 37.51263 ] ], [ [ -122.07535, 37.51098 ], [ -122.07535, 37.51101 ], [ -122.07538, 37.51098 ], [ -122.07535, 37.51098 ] ], [ [ -122.07206, 37.51139 ], [ -122.07206, 37.51141 ], [ -122.07209, 37.51139 ], [ -122.07206, 37.51139 ] ], [ [ -122.08397, 37.50899 ], [ -122.08397, 37.50902 ], [ -122.084, 37.50899 ], [ -122.08397, 37.50899 ] ], [ [ -122.07476, 37.51198 ], [ -122.07476, 37.51201 ], [ -122.07478, 37.51198 ], [ -122.07476, 37.51198 ] ], [ [ -122.08387, 37.50883 ], [ -122.08387, 37.50885 ], [ -122.08389, 37.50883 ], [ -122.08387, 37.50883 ] ], [ [ -122.07012, 37.50958 ], [ -122.07012, 37.50961 ], [ -122.07015, 37.50958 ], [ -122.07012, 37.50958 ] ], [ [ -122.07476, 37.51206 ], [ -122.07476, 37.51209 ], [ -122.07478, 37.51206 ], [ -122.07476, 37.51206 ] ], [ [ -122.0837, 37.50845 ], [ -122.0837, 37.50848 ], [ -122.08373, 37.50845 ], [ -122.0837, 37.50845 ] ], [ [ -122.0754, 37.51206 ], [ -122.0754, 37.51209 ], [ -122.07543, 37.51206 ], [ -122.0754, 37.51206 ] ], [ [ -122.07152, 37.51034 ], [ -122.07152, 37.51036 ], [ -122.07155, 37.51034 ], [ -122.07152, 37.51034 ] ], [ [ -122.07217, 37.51187 ], [ -122.07217, 37.5119 ], [ -122.0722, 37.51187 ], [ -122.07217, 37.51187 ] ], [ [ -122.08362, 37.50858 ], [ -122.08362, 37.50861 ], [ -122.08365, 37.50858 ], [ -122.08362, 37.50858 ] ], [ [ -122.07336, 37.51128 ], [ -122.07336, 37.51131 ], [ -122.07338, 37.51128 ], [ -122.07336, 37.51128 ] ], [ [ -122.07341, 37.51112 ], [ -122.07341, 37.51114 ], [ -122.07344, 37.51112 ], [ -122.07341, 37.51112 ] ], [ [ -122.0757, 37.51271 ], [ -122.0757, 37.51273 ], [ -122.07573, 37.51271 ], [ -122.0757, 37.51271 ] ], [ [ -122.07247, 37.51017 ], [ -122.07247, 37.5102 ], [ -122.07249, 37.51017 ], [ -122.07247, 37.51017 ] ], [ [ -122.07212, 37.51088 ], [ -122.07212, 37.5109 ], [ -122.07214, 37.51088 ], [ -122.07212, 37.51088 ] ], [ [ -122.07252, 37.51411 ], [ -122.07252, 37.51414 ], [ -122.07255, 37.51411 ], [ -122.07252, 37.51411 ] ], [ [ -122.07222, 37.51028 ], [ -122.07222, 37.51031 ], [ -122.07225, 37.51028 ], [ -122.07222, 37.51028 ] ], [ [ -122.07236, 37.51077 ], [ -122.07236, 37.51079 ], [ -122.07239, 37.51077 ], [ -122.07236, 37.51077 ] ], [ [ -122.07236, 37.51082 ], [ -122.07236, 37.51085 ], [ -122.07239, 37.51082 ], [ -122.07236, 37.51082 ] ], [ [ -122.07252, 37.51406 ], [ -122.07252, 37.51408 ], [ -122.07255, 37.51406 ], [ -122.07252, 37.51406 ] ], [ [ -122.07759, 37.51082 ], [ -122.07759, 37.51085 ], [ -122.07761, 37.51082 ], [ -122.07759, 37.51082 ] ], [ [ -122.07071, 37.51465 ], [ -122.07071, 37.51468 ], [ -122.07074, 37.51465 ], [ -122.07071, 37.51465 ] ], [ [ -122.07182, 37.51117 ], [ -122.07182, 37.5112 ], [ -122.07185, 37.51117 ], [ -122.07182, 37.51117 ] ], [ [ -122.07457, 37.51333 ], [ -122.07457, 37.51335 ], [ -122.07459, 37.51333 ], [ -122.07457, 37.51333 ] ], [ [ -122.07271, 37.51047 ], [ -122.07271, 37.5105 ], [ -122.07274, 37.51047 ], [ -122.07271, 37.51047 ] ], [ [ -122.07788, 37.51128 ], [ -122.07788, 37.51131 ], [ -122.07791, 37.51128 ], [ -122.07788, 37.51128 ] ], [ [ -122.07815, 37.51152 ], [ -122.07815, 37.51155 ], [ -122.07818, 37.51152 ], [ -122.07815, 37.51152 ] ], [ [ -122.07823, 37.51168 ], [ -122.07823, 37.51171 ], [ -122.07826, 37.51168 ], [ -122.07823, 37.51168 ] ], [ [ -122.07823, 37.51017 ], [ -122.07823, 37.5102 ], [ -122.07826, 37.51017 ], [ -122.07823, 37.51017 ] ], [ [ -122.07435, 37.51047 ], [ -122.07435, 37.5105 ], [ -122.07438, 37.51047 ], [ -122.07435, 37.51047 ] ], [ [ -122.08276, 37.50958 ], [ -122.08276, 37.50961 ], [ -122.08279, 37.50958 ], [ -122.08276, 37.50958 ] ], [ [ -122.08276, 37.50977 ], [ -122.08276, 37.5098 ], [ -122.08279, 37.50977 ], [ -122.08276, 37.50977 ] ], [ [ -122.07864, 37.51171 ], [ -122.07864, 37.51174 ], [ -122.07866, 37.51171 ], [ -122.07864, 37.51171 ] ], [ [ -122.07427, 37.51042 ], [ -122.07427, 37.51044 ], [ -122.0743, 37.51042 ], [ -122.07427, 37.51042 ] ], [ [ -122.07233, 37.51047 ], [ -122.07233, 37.5105 ], [ -122.07236, 37.51047 ], [ -122.07233, 37.51047 ] ], [ [ -122.08198, 37.50934 ], [ -122.08198, 37.50937 ], [ -122.08201, 37.50934 ], [ -122.08198, 37.50934 ] ], [ [ -122.07133, 37.51117 ], [ -122.07133, 37.5112 ], [ -122.07136, 37.51117 ], [ -122.07133, 37.51117 ] ], [ [ -122.07395, 37.51387 ], [ -122.07395, 37.51389 ], [ -122.07398, 37.51387 ], [ -122.07395, 37.51387 ] ], [ [ -122.07257, 37.51047 ], [ -122.07257, 37.5105 ], [ -122.0726, 37.51047 ], [ -122.07257, 37.51047 ] ], [ [ -122.07168, 37.51171 ], [ -122.07168, 37.51174 ], [ -122.07171, 37.51171 ], [ -122.07168, 37.51171 ] ], [ [ -122.07311, 37.51416 ], [ -122.07311, 37.51419 ], [ -122.07314, 37.51416 ], [ -122.07311, 37.51416 ] ], [ [ -122.0723, 37.51427 ], [ -122.0723, 37.5143 ], [ -122.07233, 37.51427 ], [ -122.0723, 37.51427 ] ], [ [ -122.07185, 37.51104 ], [ -122.07185, 37.51106 ], [ -122.07187, 37.51104 ], [ -122.07185, 37.51104 ] ], [ [ -122.07096, 37.50953 ], [ -122.07096, 37.50955 ], [ -122.07098, 37.50953 ], [ -122.07096, 37.50953 ] ], [ [ -122.08252, 37.5095 ], [ -122.08252, 37.50953 ], [ -122.08255, 37.5095 ], [ -122.08252, 37.5095 ] ], [ [ -122.07414, 37.51039 ], [ -122.07414, 37.51042 ], [ -122.07416, 37.51039 ], [ -122.07414, 37.51039 ] ], [ [ -122.08265, 37.50923 ], [ -122.08265, 37.50926 ], [ -122.08268, 37.50923 ], [ -122.08265, 37.50923 ] ], [ [ -122.07376, 37.51044 ], [ -122.07376, 37.51047 ], [ -122.07379, 37.51044 ], [ -122.07376, 37.51044 ] ], [ [ -122.07883, 37.51166 ], [ -122.07883, 37.51168 ], [ -122.07885, 37.51166 ], [ -122.07883, 37.51166 ] ], [ [ -122.07435, 37.51349 ], [ -122.07435, 37.51352 ], [ -122.07438, 37.51349 ], [ -122.07435, 37.51349 ] ], [ [ -122.07085, 37.50953 ], [ -122.07085, 37.50955 ], [ -122.07088, 37.50953 ], [ -122.07085, 37.50953 ] ], [ [ -122.08276, 37.5095 ], [ -122.08276, 37.50953 ], [ -122.08279, 37.5095 ], [ -122.08276, 37.5095 ] ], [ [ -122.07446, 37.51349 ], [ -122.07446, 37.51352 ], [ -122.07449, 37.51349 ], [ -122.07446, 37.51349 ] ], [ [ -122.07829, 37.51174 ], [ -122.07829, 37.51176 ], [ -122.07831, 37.51174 ], [ -122.07829, 37.51174 ] ], [ [ -122.07826, 37.51133 ], [ -122.07826, 37.51136 ], [ -122.07829, 37.51133 ], [ -122.07826, 37.51133 ] ], [ [ -122.07373, 37.51268 ], [ -122.07373, 37.51271 ], [ -122.07376, 37.51268 ], [ -122.07373, 37.51268 ] ], [ [ -122.08279, 37.50993 ], [ -122.08279, 37.50996 ], [ -122.08281, 37.50993 ], [ -122.08279, 37.50993 ] ], [ [ -122.07185, 37.51141 ], [ -122.07185, 37.51144 ], [ -122.07187, 37.51141 ], [ -122.07185, 37.51141 ] ], [ [ -122.0736, 37.51198 ], [ -122.0736, 37.51201 ], [ -122.07362, 37.51198 ], [ -122.0736, 37.51198 ] ], [ [ -122.07449, 37.51047 ], [ -122.07449, 37.5105 ], [ -122.07451, 37.51047 ], [ -122.07449, 37.51047 ] ], [ [ -122.07454, 37.51139 ], [ -122.07454, 37.51141 ], [ -122.07457, 37.51139 ], [ -122.07454, 37.51139 ] ], [ [ -122.08287, 37.50942 ], [ -122.08287, 37.50945 ], [ -122.0829, 37.50942 ], [ -122.08287, 37.50942 ] ], [ [ -122.07783, 37.51088 ], [ -122.07783, 37.5109 ], [ -122.07786, 37.51088 ], [ -122.07783, 37.51088 ] ], [ [ -122.08287, 37.50856 ], [ -122.08287, 37.50858 ], [ -122.0829, 37.50856 ], [ -122.08287, 37.50856 ] ], [ [ -122.07354, 37.51093 ], [ -122.07354, 37.51096 ], [ -122.07357, 37.51093 ], [ -122.07354, 37.51093 ] ], [ [ -122.07772, 37.51104 ], [ -122.07772, 37.51106 ], [ -122.07775, 37.51104 ], [ -122.07772, 37.51104 ] ], [ [ -122.07769, 37.51036 ], [ -122.07769, 37.51039 ], [ -122.07772, 37.51036 ], [ -122.07769, 37.51036 ] ], [ [ -122.07354, 37.51139 ], [ -122.07354, 37.51141 ], [ -122.07357, 37.51139 ], [ -122.07354, 37.51139 ] ], [ [ -122.083, 37.50953 ], [ -122.083, 37.50955 ], [ -122.08303, 37.50953 ], [ -122.083, 37.50953 ] ], [ [ -122.07457, 37.51071 ], [ -122.07457, 37.51074 ], [ -122.07459, 37.51071 ], [ -122.07457, 37.51071 ] ], [ [ -122.07702, 37.51058 ], [ -122.07702, 37.51061 ], [ -122.07705, 37.51058 ], [ -122.07702, 37.51058 ] ], [ [ -122.07263, 37.5112 ], [ -122.07263, 37.51123 ], [ -122.07265, 37.5112 ], [ -122.07263, 37.5112 ] ], [ [ -122.07637, 37.51271 ], [ -122.07637, 37.51273 ], [ -122.0764, 37.51271 ], [ -122.07637, 37.51271 ] ], [ [ -122.07344, 37.51387 ], [ -122.07344, 37.51389 ], [ -122.07346, 37.51387 ], [ -122.07344, 37.51387 ] ], [ [ -122.07217, 37.51001 ], [ -122.07217, 37.51004 ], [ -122.0722, 37.51001 ], [ -122.07217, 37.51001 ] ], [ [ -122.08316, 37.5092 ], [ -122.08316, 37.50923 ], [ -122.08319, 37.5092 ], [ -122.08316, 37.5092 ] ], [ [ -122.07179, 37.51163 ], [ -122.07179, 37.51166 ], [ -122.07182, 37.51163 ], [ -122.07179, 37.51163 ] ], [ [ -122.07271, 37.51071 ], [ -122.07271, 37.51074 ], [ -122.07274, 37.51071 ], [ -122.07271, 37.51071 ] ], [ [ -122.07594, 37.51101 ], [ -122.07594, 37.51104 ], [ -122.07597, 37.51101 ], [ -122.07594, 37.51101 ] ], [ [ -122.07222, 37.51036 ], [ -122.07222, 37.51039 ], [ -122.07225, 37.51036 ], [ -122.07222, 37.51036 ] ], [ [ -122.08349, 37.50834 ], [ -122.08349, 37.50837 ], [ -122.08352, 37.50834 ], [ -122.08349, 37.50834 ] ], [ [ -122.07139, 37.51104 ], [ -122.07139, 37.51106 ], [ -122.07141, 37.51104 ], [ -122.07139, 37.51104 ] ], [ [ -122.07468, 37.51063 ], [ -122.07468, 37.51066 ], [ -122.0747, 37.51063 ], [ -122.07468, 37.51063 ] ], [ [ -122.08365, 37.50888 ], [ -122.08365, 37.50891 ], [ -122.08368, 37.50888 ], [ -122.08365, 37.50888 ] ], [ [ -122.07557, 37.51244 ], [ -122.07557, 37.51247 ], [ -122.07559, 37.51244 ], [ -122.07557, 37.51244 ] ], [ [ -122.07276, 37.51114 ], [ -122.07276, 37.51117 ], [ -122.07279, 37.51114 ], [ -122.07276, 37.51114 ] ], [ [ -122.07548, 37.51098 ], [ -122.07548, 37.51101 ], [ -122.07551, 37.51098 ], [ -122.07548, 37.51098 ] ], [ [ -122.07276, 37.51096 ], [ -122.07276, 37.51098 ], [ -122.07279, 37.51096 ], [ -122.07276, 37.51096 ] ], [ [ -122.07548, 37.51292 ], [ -122.07548, 37.51295 ], [ -122.07551, 37.51292 ], [ -122.07548, 37.51292 ] ], [ [ -122.0747, 37.51279 ], [ -122.0747, 37.51282 ], [ -122.07473, 37.51279 ], [ -122.0747, 37.51279 ] ], [ [ -122.07473, 37.51371 ], [ -122.07473, 37.51373 ], [ -122.07476, 37.51371 ], [ -122.07473, 37.51371 ] ], [ [ -122.08368, 37.50837 ], [ -122.08368, 37.5084 ], [ -122.0837, 37.50837 ], [ -122.08368, 37.50837 ] ], [ [ -122.07034, 37.51538 ], [ -122.07034, 37.5154 ], [ -122.07036, 37.51538 ], [ -122.07034, 37.51538 ] ], [ [ -122.08376, 37.50842 ], [ -122.08376, 37.50845 ], [ -122.08378, 37.50842 ], [ -122.08376, 37.50842 ] ], [ [ -122.06921, 37.51017 ], [ -122.06921, 37.5102 ], [ -122.06923, 37.51017 ], [ -122.06921, 37.51017 ] ], [ [ -122.084, 37.50904 ], [ -122.084, 37.50907 ], [ -122.08403, 37.50904 ], [ -122.084, 37.50904 ] ], [ [ -122.07209, 37.51292 ], [ -122.07209, 37.51295 ], [ -122.07212, 37.51292 ], [ -122.07209, 37.51292 ] ], [ [ -122.07292, 37.51179 ], [ -122.07292, 37.51182 ], [ -122.07295, 37.51179 ], [ -122.07292, 37.51179 ] ], [ [ -122.07476, 37.51066 ], [ -122.07476, 37.51069 ], [ -122.07478, 37.51066 ], [ -122.07476, 37.51066 ] ], [ [ -122.07247, 37.5126 ], [ -122.07247, 37.51263 ], [ -122.07249, 37.5126 ], [ -122.07247, 37.5126 ] ], [ [ -122.07478, 37.51171 ], [ -122.07478, 37.51174 ], [ -122.07481, 37.51171 ], [ -122.07478, 37.51171 ] ], [ [ -122.07284, 37.51009 ], [ -122.07284, 37.51012 ], [ -122.07287, 37.51009 ], [ -122.07284, 37.51009 ] ], [ [ -122.07527, 37.51203 ], [ -122.07527, 37.51206 ], [ -122.0753, 37.51203 ], [ -122.07527, 37.51203 ] ], [ [ -122.08432, 37.50907 ], [ -122.08432, 37.5091 ], [ -122.08435, 37.50907 ], [ -122.08432, 37.50907 ] ], [ [ -122.07484, 37.51222 ], [ -122.07484, 37.51225 ], [ -122.07486, 37.51222 ], [ -122.07484, 37.51222 ] ], [ [ -122.0729, 37.51063 ], [ -122.0729, 37.51066 ], [ -122.07292, 37.51063 ], [ -122.0729, 37.51063 ] ], [ [ -122.07484, 37.51206 ], [ -122.07484, 37.51209 ], [ -122.07486, 37.51206 ], [ -122.07484, 37.51206 ] ], [ [ -122.07484, 37.51128 ], [ -122.07484, 37.51131 ], [ -122.07486, 37.51128 ], [ -122.07484, 37.51128 ] ], [ [ -122.07486, 37.51354 ], [ -122.07486, 37.51357 ], [ -122.07489, 37.51354 ], [ -122.07486, 37.51354 ] ], [ [ -122.0716, 37.51168 ], [ -122.0716, 37.51171 ], [ -122.07163, 37.51168 ], [ -122.0716, 37.51168 ] ], [ [ -122.07486, 37.5115 ], [ -122.07486, 37.51152 ], [ -122.07489, 37.5115 ], [ -122.07486, 37.5115 ] ], [ [ -122.07486, 37.5112 ], [ -122.07486, 37.51123 ], [ -122.07489, 37.5112 ], [ -122.07486, 37.5112 ] ], [ [ -122.0722, 37.51017 ], [ -122.0722, 37.5102 ], [ -122.07222, 37.51017 ], [ -122.0722, 37.51017 ] ], [ [ -122.0633, 37.51314 ], [ -122.0633, 37.51317 ], [ -122.06333, 37.51314 ], [ -122.0633, 37.51314 ] ], [ [ -122.07244, 37.51069 ], [ -122.07244, 37.51071 ], [ -122.07247, 37.51069 ], [ -122.07244, 37.51069 ] ], [ [ -122.07492, 37.51265 ], [ -122.07492, 37.51268 ], [ -122.07495, 37.51265 ], [ -122.07492, 37.51265 ] ], [ [ -122.0733, 37.51403 ], [ -122.0733, 37.51406 ], [ -122.07333, 37.51403 ], [ -122.0733, 37.51403 ] ], [ [ -122.07495, 37.51319 ], [ -122.07495, 37.51322 ], [ -122.07497, 37.51319 ], [ -122.07495, 37.51319 ] ], [ [ -122.0723, 37.51263 ], [ -122.0723, 37.51265 ], [ -122.07233, 37.51263 ], [ -122.0723, 37.51263 ] ], [ [ -122.07166, 37.51104 ], [ -122.07166, 37.51106 ], [ -122.07168, 37.51104 ], [ -122.07166, 37.51104 ] ], [ [ -122.07503, 37.51236 ], [ -122.07503, 37.51238 ], [ -122.07505, 37.51236 ], [ -122.07503, 37.51236 ] ], [ [ -122.07497, 37.51365 ], [ -122.07497, 37.51368 ], [ -122.075, 37.51365 ], [ -122.07497, 37.51365 ] ], [ [ -122.07462, 37.51357 ], [ -122.07462, 37.5136 ], [ -122.07465, 37.51357 ], [ -122.07462, 37.51357 ] ], [ [ -122.08225, 37.5091 ], [ -122.08225, 37.50912 ], [ -122.08228, 37.5091 ], [ -122.08225, 37.5091 ] ], [ [ -122.06061, 37.5119 ], [ -122.06061, 37.51193 ], [ -122.06064, 37.5119 ], [ -122.06061, 37.5119 ] ], [ [ -122.08279, 37.5102 ], [ -122.08279, 37.51023 ], [ -122.08281, 37.5102 ], [ -122.08279, 37.5102 ] ], [ [ -122.07373, 37.51185 ], [ -122.07373, 37.51187 ], [ -122.07376, 37.51185 ], [ -122.07373, 37.51185 ] ], [ [ -122.07195, 37.5129 ], [ -122.07195, 37.51292 ], [ -122.07198, 37.5129 ], [ -122.07195, 37.5129 ] ], [ [ -122.07489, 37.51155 ], [ -122.07489, 37.51158 ], [ -122.07492, 37.51155 ], [ -122.07489, 37.51155 ] ], [ [ -122.07885, 37.50991 ], [ -122.07885, 37.50993 ], [ -122.07888, 37.50991 ], [ -122.07885, 37.50991 ] ], [ [ -122.07856, 37.51166 ], [ -122.07856, 37.51168 ], [ -122.07858, 37.51166 ], [ -122.07856, 37.51166 ] ], [ [ -122.07268, 37.51101 ], [ -122.07268, 37.51104 ], [ -122.07271, 37.51101 ], [ -122.07268, 37.51101 ] ], [ [ -122.07842, 37.51144 ], [ -122.07842, 37.51147 ], [ -122.07845, 37.51144 ], [ -122.07842, 37.51144 ] ], [ [ -122.0716, 37.5116 ], [ -122.0716, 37.51163 ], [ -122.07163, 37.5116 ], [ -122.0716, 37.5116 ] ], [ [ -122.07449, 37.51179 ], [ -122.07449, 37.51182 ], [ -122.07451, 37.51179 ], [ -122.07449, 37.51179 ] ], [ [ -122.07449, 37.51174 ], [ -122.07449, 37.51176 ], [ -122.07451, 37.51174 ], [ -122.07449, 37.51174 ] ], [ [ -122.07155, 37.51109 ], [ -122.07155, 37.51112 ], [ -122.07158, 37.51109 ], [ -122.07155, 37.51109 ] ], [ [ -122.07484, 37.5116 ], [ -122.07484, 37.51163 ], [ -122.07486, 37.5116 ], [ -122.07484, 37.5116 ] ], [ [ -122.07497, 37.51066 ], [ -122.07497, 37.51069 ], [ -122.075, 37.51066 ], [ -122.07497, 37.51066 ] ], [ [ -122.07155, 37.51131 ], [ -122.07155, 37.51133 ], [ -122.07158, 37.51131 ], [ -122.07155, 37.51131 ] ], [ [ -122.07796, 37.51109 ], [ -122.07796, 37.51112 ], [ -122.07799, 37.51109 ], [ -122.07796, 37.51109 ] ], [ [ -122.07478, 37.51225 ], [ -122.07478, 37.51228 ], [ -122.07481, 37.51225 ], [ -122.07478, 37.51225 ] ], [ [ -122.07274, 37.51036 ], [ -122.07274, 37.51039 ], [ -122.07276, 37.51036 ], [ -122.07274, 37.51036 ] ], [ [ -122.07532, 37.51303 ], [ -122.07532, 37.51306 ], [ -122.07535, 37.51303 ], [ -122.07532, 37.51303 ] ], [ [ -122.07567, 37.51109 ], [ -122.07567, 37.51112 ], [ -122.0757, 37.51109 ], [ -122.07567, 37.51109 ] ], [ [ -122.07538, 37.51244 ], [ -122.07538, 37.51247 ], [ -122.0754, 37.51244 ], [ -122.07538, 37.51244 ] ], [ [ -122.07239, 37.51066 ], [ -122.07239, 37.51069 ], [ -122.07241, 37.51066 ], [ -122.07239, 37.51066 ] ], [ [ -122.07209, 37.51131 ], [ -122.07209, 37.51133 ], [ -122.07212, 37.51131 ], [ -122.07209, 37.51131 ] ], [ [ -122.07398, 37.51106 ], [ -122.07398, 37.51104 ], [ -122.07395, 37.51106 ], [ -122.07398, 37.51106 ] ], [ [ -122.07392, 37.51109 ], [ -122.07395, 37.51109 ], [ -122.07395, 37.51106 ], [ -122.07392, 37.51109 ] ], [ [ -122.07133, 37.50999 ], [ -122.07133, 37.51001 ], [ -122.07139, 37.50999 ], [ -122.07133, 37.50999 ] ], [ [ -122.07233, 37.51397 ], [ -122.07233, 37.514 ], [ -122.07239, 37.51397 ], [ -122.07233, 37.51397 ] ], [ [ -122.0733, 37.51104 ], [ -122.0733, 37.51106 ], [ -122.07336, 37.51104 ], [ -122.0733, 37.51104 ] ], [ [ -122.07527, 37.51287 ], [ -122.07527, 37.5129 ], [ -122.07532, 37.51287 ], [ -122.07527, 37.51287 ] ], [ [ -122.08357, 37.50869 ], [ -122.08357, 37.50872 ], [ -122.08362, 37.50869 ], [ -122.08357, 37.50869 ] ], [ [ -122.07605, 37.51104 ], [ -122.07605, 37.51106 ], [ -122.0761, 37.51104 ], [ -122.07605, 37.51104 ] ], [ [ -122.0722, 37.51074 ], [ -122.0722, 37.51077 ], [ -122.07225, 37.51074 ], [ -122.0722, 37.51074 ] ], [ [ -122.08395, 37.50848 ], [ -122.08395, 37.5085 ], [ -122.084, 37.50848 ], [ -122.08395, 37.50848 ] ], [ [ -122.0753, 37.51093 ], [ -122.0753, 37.51096 ], [ -122.07535, 37.51093 ], [ -122.0753, 37.51093 ] ], [ [ -122.07459, 37.5115 ], [ -122.07459, 37.51155 ], [ -122.07462, 37.5115 ], [ -122.07459, 37.5115 ] ], [ [ -122.07225, 37.51098 ], [ -122.07225, 37.51101 ], [ -122.0723, 37.51098 ], [ -122.07225, 37.51098 ] ], [ [ -122.07756, 37.51093 ], [ -122.07756, 37.51096 ], [ -122.07761, 37.51093 ], [ -122.07756, 37.51093 ] ], [ [ -122.07131, 37.51034 ], [ -122.07131, 37.51036 ], [ -122.07136, 37.51034 ], [ -122.07131, 37.51034 ] ], [ [ -122.07298, 37.51408 ], [ -122.07298, 37.51414 ], [ -122.073, 37.51408 ], [ -122.07298, 37.51408 ] ], [ [ -122.07341, 37.51042 ], [ -122.07341, 37.51044 ], [ -122.07346, 37.51042 ], [ -122.07341, 37.51042 ] ], [ [ -122.07327, 37.51387 ], [ -122.07327, 37.51392 ], [ -122.0733, 37.51387 ], [ -122.07327, 37.51387 ] ], [ [ -122.08279, 37.50923 ], [ -122.08279, 37.50926 ], [ -122.08284, 37.50923 ], [ -122.08279, 37.50923 ] ], [ [ -122.07503, 37.51198 ], [ -122.07503, 37.51201 ], [ -122.07508, 37.51198 ], [ -122.07503, 37.51198 ] ], [ [ -122.07519, 37.51298 ], [ -122.07519, 37.513 ], [ -122.07524, 37.51298 ], [ -122.07519, 37.51298 ] ], [ [ -122.07492, 37.51209 ], [ -122.07492, 37.51214 ], [ -122.07495, 37.51209 ], [ -122.07492, 37.51209 ] ], [ [ -122.08273, 37.50931 ], [ -122.08273, 37.50937 ], [ -122.08276, 37.50931 ], [ -122.08273, 37.50931 ] ], [ [ -122.07815, 37.51141 ], [ -122.07815, 37.51147 ], [ -122.07818, 37.51141 ], [ -122.07815, 37.51141 ] ], [ [ -122.07241, 37.51411 ], [ -122.07241, 37.51414 ], [ -122.07247, 37.51411 ], [ -122.07241, 37.51411 ] ], [ [ -122.07486, 37.51217 ], [ -122.07486, 37.5122 ], [ -122.07492, 37.51217 ], [ -122.07486, 37.51217 ] ], [ [ -122.07306, 37.51408 ], [ -122.07306, 37.51414 ], [ -122.07309, 37.51408 ], [ -122.07306, 37.51408 ] ], [ [ -122.07163, 37.50982 ], [ -122.07163, 37.50988 ], [ -122.07166, 37.50982 ], [ -122.07163, 37.50982 ] ], [ [ -122.07387, 37.51112 ], [ -122.07387, 37.51114 ], [ -122.07392, 37.51112 ], [ -122.07387, 37.51112 ] ], [ [ -122.07233, 37.51387 ], [ -122.07233, 37.51392 ], [ -122.07236, 37.51387 ], [ -122.07233, 37.51387 ] ], [ [ -122.07408, 37.51357 ], [ -122.07408, 37.5136 ], [ -122.07414, 37.51357 ], [ -122.07408, 37.51357 ] ], [ [ -122.07392, 37.51365 ], [ -122.07392, 37.51371 ], [ -122.07395, 37.51365 ], [ -122.07392, 37.51365 ] ], [ [ -122.07311, 37.51063 ], [ -122.07311, 37.51066 ], [ -122.07317, 37.51063 ], [ -122.07311, 37.51063 ] ], [ [ -122.08287, 37.50912 ], [ -122.08287, 37.50915 ], [ -122.08292, 37.50912 ], [ -122.08287, 37.50912 ] ], [ [ -122.07503, 37.51292 ], [ -122.07503, 37.51295 ], [ -122.07508, 37.51292 ], [ -122.07503, 37.51292 ] ], [ [ -122.07557, 37.5109 ], [ -122.07557, 37.51093 ], [ -122.07562, 37.5109 ], [ -122.07557, 37.5109 ] ], [ [ -122.07314, 37.51028 ], [ -122.07314, 37.51026 ], [ -122.07311, 37.51028 ], [ -122.07314, 37.51028 ] ], [ [ -122.07309, 37.51031 ], [ -122.07311, 37.51031 ], [ -122.07311, 37.51028 ], [ -122.07309, 37.51031 ] ], [ [ -122.0722, 37.51147 ], [ -122.0722, 37.51144 ], [ -122.07217, 37.51147 ], [ -122.0722, 37.51147 ] ], [ [ -122.07214, 37.5115 ], [ -122.07217, 37.5115 ], [ -122.07217, 37.51147 ], [ -122.07214, 37.5115 ] ], [ [ -122.07778, 37.51093 ], [ -122.07778, 37.5109 ], [ -122.07775, 37.51093 ], [ -122.07778, 37.51093 ] ], [ [ -122.07772, 37.51096 ], [ -122.07775, 37.51096 ], [ -122.07775, 37.51093 ], [ -122.07772, 37.51096 ] ], [ [ -122.07618, 37.51079 ], [ -122.07618, 37.51077 ], [ -122.07616, 37.51079 ], [ -122.07618, 37.51079 ] ], [ [ -122.07613, 37.51082 ], [ -122.07616, 37.51082 ], [ -122.07616, 37.51079 ], [ -122.07613, 37.51082 ] ], [ [ -122.07519, 37.51311 ], [ -122.07521, 37.51311 ], [ -122.07519, 37.51309 ], [ -122.07519, 37.51311 ] ], [ [ -122.07516, 37.51306 ], [ -122.07516, 37.51309 ], [ -122.07519, 37.51309 ], [ -122.07516, 37.51306 ] ], [ [ -122.07875, 37.51001 ], [ -122.07875, 37.51004 ], [ -122.0788, 37.51001 ], [ -122.07875, 37.51001 ] ], [ [ -122.07508, 37.51225 ], [ -122.07508, 37.51228 ], [ -122.07513, 37.51225 ], [ -122.07508, 37.51225 ] ], [ [ -122.07239, 37.5143 ], [ -122.07239, 37.51432 ], [ -122.07244, 37.5143 ], [ -122.07239, 37.5143 ] ], [ [ -122.08219, 37.5092 ], [ -122.08219, 37.50926 ], [ -122.08222, 37.5092 ], [ -122.08219, 37.5092 ] ], [ [ -122.07449, 37.51338 ], [ -122.07449, 37.51341 ], [ -122.07454, 37.51338 ], [ -122.07449, 37.51338 ] ], [ [ -122.07209, 37.51036 ], [ -122.07209, 37.51042 ], [ -122.07212, 37.51036 ], [ -122.07209, 37.51036 ] ], [ [ -122.07451, 37.51125 ], [ -122.07451, 37.51128 ], [ -122.07457, 37.51125 ], [ -122.07451, 37.51125 ] ], [ [ -122.07354, 37.51112 ], [ -122.07354, 37.51117 ], [ -122.07357, 37.51112 ], [ -122.07354, 37.51112 ] ], [ [ -122.08292, 37.50942 ], [ -122.08292, 37.50945 ], [ -122.08298, 37.50942 ], [ -122.08292, 37.50942 ] ], [ [ -122.083, 37.50939 ], [ -122.083, 37.50945 ], [ -122.08303, 37.50939 ], [ -122.083, 37.50939 ] ], [ [ -122.07398, 37.51187 ], [ -122.07398, 37.51193 ], [ -122.074, 37.51187 ], [ -122.07398, 37.51187 ] ], [ [ -122.07249, 37.51026 ], [ -122.07249, 37.51028 ], [ -122.07255, 37.51026 ], [ -122.07249, 37.51026 ] ], [ [ -122.07527, 37.51325 ], [ -122.07527, 37.51327 ], [ -122.07532, 37.51325 ], [ -122.07527, 37.51325 ] ], [ [ -122.07255, 37.51187 ], [ -122.07255, 37.51193 ], [ -122.07257, 37.51187 ], [ -122.07255, 37.51187 ] ], [ [ -122.07265, 37.51125 ], [ -122.07265, 37.51128 ], [ -122.07271, 37.51125 ], [ -122.07265, 37.51125 ] ], [ [ -122.07573, 37.51287 ], [ -122.07573, 37.51292 ], [ -122.07575, 37.51287 ], [ -122.07573, 37.51287 ] ], [ [ -122.07398, 37.51179 ], [ -122.07398, 37.51185 ], [ -122.074, 37.51179 ], [ -122.07398, 37.51179 ] ], [ [ -122.06632, 37.51473 ], [ -122.06632, 37.51478 ], [ -122.06635, 37.51473 ], [ -122.06632, 37.51473 ] ], [ [ -122.0754, 37.51201 ], [ -122.0754, 37.51203 ], [ -122.07546, 37.51201 ], [ -122.0754, 37.51201 ] ], [ [ -122.07538, 37.51279 ], [ -122.07538, 37.51282 ], [ -122.07543, 37.51279 ], [ -122.07538, 37.51279 ] ], [ [ -122.07206, 37.5119 ], [ -122.07206, 37.51193 ], [ -122.07212, 37.5119 ], [ -122.07206, 37.5119 ] ], [ [ -122.07503, 37.51309 ], [ -122.07503, 37.51311 ], [ -122.07508, 37.51309 ], [ -122.07503, 37.51309 ] ], [ [ -122.07228, 37.51036 ], [ -122.07228, 37.51039 ], [ -122.07233, 37.51036 ], [ -122.07228, 37.51036 ] ], [ [ -122.0747, 37.51214 ], [ -122.0747, 37.51217 ], [ -122.07476, 37.51214 ], [ -122.0747, 37.51214 ] ], [ [ -122.07265, 37.51031 ], [ -122.07265, 37.51034 ], [ -122.07271, 37.51031 ], [ -122.07265, 37.51031 ] ], [ [ -122.08236, 37.50937 ], [ -122.08236, 37.50939 ], [ -122.08241, 37.50937 ], [ -122.08236, 37.50937 ] ], [ [ -122.07395, 37.51034 ], [ -122.07395, 37.51036 ], [ -122.07403, 37.51034 ], [ -122.07395, 37.51034 ] ], [ [ -122.07451, 37.51168 ], [ -122.07451, 37.51171 ], [ -122.07459, 37.51168 ], [ -122.07451, 37.51168 ] ], [ [ -122.07465, 37.51209 ], [ -122.0747, 37.51209 ], [ -122.07465, 37.51203 ], [ -122.07465, 37.51209 ] ], [ [ -122.07233, 37.51093 ], [ -122.07233, 37.51096 ], [ -122.07241, 37.51093 ], [ -122.07233, 37.51093 ] ], [ [ -122.07187, 37.51187 ], [ -122.07187, 37.5119 ], [ -122.07195, 37.51187 ], [ -122.07187, 37.51187 ] ], [ [ -122.0723, 37.51023 ], [ -122.0723, 37.51026 ], [ -122.07239, 37.51023 ], [ -122.0723, 37.51023 ] ], [ [ -122.07198, 37.51112 ], [ -122.07201, 37.51109 ], [ -122.07198, 37.51106 ], [ -122.07198, 37.51112 ] ], [ [ -122.07521, 37.51098 ], [ -122.07521, 37.51101 ], [ -122.0753, 37.51098 ], [ -122.07521, 37.51098 ] ], [ [ -122.07171, 37.51141 ], [ -122.07171, 37.51144 ], [ -122.07179, 37.51141 ], [ -122.07171, 37.51141 ] ], [ [ -122.07306, 37.51395 ], [ -122.07303, 37.514 ], [ -122.07309, 37.51395 ], [ -122.07306, 37.51395 ] ], [ [ -122.07602, 37.51093 ], [ -122.07602, 37.51096 ], [ -122.07608, 37.51093 ], [ -122.07602, 37.51093 ] ], [ [ -122.07775, 37.51085 ], [ -122.07778, 37.51085 ], [ -122.07775, 37.51079 ], [ -122.07775, 37.51085 ] ], [ [ -122.07772, 37.51077 ], [ -122.07772, 37.51079 ], [ -122.07775, 37.51079 ], [ -122.07772, 37.51077 ] ], [ [ -122.07039, 37.51306 ], [ -122.07042, 37.51306 ], [ -122.07039, 37.51303 ], [ -122.07039, 37.51306 ] ], [ [ -122.07034, 37.513 ], [ -122.07034, 37.51303 ], [ -122.07039, 37.51303 ], [ -122.07034, 37.513 ] ], [ [ -122.07489, 37.51233 ], [ -122.07489, 37.51238 ], [ -122.07492, 37.51233 ], [ -122.07489, 37.51233 ] ], [ [ -122.07521, 37.51303 ], [ -122.07521, 37.51306 ], [ -122.07527, 37.51303 ], [ -122.07521, 37.51303 ] ], [ [ -122.07177, 37.5098 ], [ -122.07174, 37.50985 ], [ -122.07179, 37.5098 ], [ -122.07177, 37.5098 ] ], [ [ -122.08432, 37.50894 ], [ -122.08435, 37.50894 ], [ -122.08432, 37.50891 ], [ -122.08432, 37.50894 ] ], [ [ -122.0843, 37.50888 ], [ -122.0843, 37.50891 ], [ -122.08432, 37.50891 ], [ -122.0843, 37.50888 ] ], [ [ -122.08427, 37.50894 ], [ -122.0843, 37.50894 ], [ -122.0843, 37.50891 ], [ -122.08427, 37.50894 ] ], [ [ -122.07225, 37.51079 ], [ -122.07222, 37.51079 ], [ -122.07225, 37.51082 ], [ -122.07225, 37.51079 ] ], [ [ -122.07228, 37.51085 ], [ -122.07228, 37.51082 ], [ -122.07225, 37.51082 ], [ -122.07228, 37.51085 ] ], [ [ -122.07225, 37.51088 ], [ -122.07225, 37.51085 ], [ -122.07222, 37.51088 ], [ -122.07225, 37.51088 ] ], [ [ -122.07802, 37.51147 ], [ -122.07804, 37.51147 ], [ -122.07802, 37.51141 ], [ -122.07802, 37.51147 ] ], [ [ -122.07252, 37.51144 ], [ -122.07252, 37.51141 ], [ -122.07247, 37.51144 ], [ -122.07252, 37.51144 ] ], [ [ -122.07244, 37.51147 ], [ -122.07247, 37.51147 ], [ -122.07247, 37.51144 ], [ -122.07244, 37.51147 ] ], [ [ -122.07292, 37.51017 ], [ -122.07295, 37.51023 ], [ -122.07298, 37.51017 ], [ -122.07292, 37.51017 ] ], [ [ -122.07225, 37.51096 ], [ -122.07225, 37.51093 ], [ -122.07222, 37.51096 ], [ -122.07225, 37.51096 ] ], [ [ -122.0722, 37.51101 ], [ -122.07222, 37.51101 ], [ -122.07222, 37.51096 ], [ -122.0722, 37.51101 ] ], [ [ -122.07257, 37.51098 ], [ -122.07255, 37.51104 ], [ -122.0726, 37.51098 ], [ -122.07257, 37.51098 ] ], [ [ -122.07389, 37.51379 ], [ -122.07387, 37.51384 ], [ -122.07392, 37.51379 ], [ -122.07389, 37.51379 ] ], [ [ -122.07214, 37.51031 ], [ -122.07214, 37.51034 ], [ -122.0722, 37.51031 ], [ -122.07214, 37.51031 ] ], [ [ -122.07465, 37.51174 ], [ -122.07465, 37.51179 ], [ -122.0747, 37.51174 ], [ -122.07465, 37.51174 ] ], [ [ -122.07476, 37.5123 ], [ -122.07476, 37.51236 ], [ -122.07481, 37.5123 ], [ -122.07476, 37.5123 ] ], [ [ -122.07239, 37.51389 ], [ -122.07239, 37.51395 ], [ -122.07241, 37.51389 ], [ -122.07239, 37.51389 ] ], [ [ -122.07618, 37.51082 ], [ -122.07616, 37.51088 ], [ -122.07621, 37.51082 ], [ -122.07618, 37.51082 ] ], [ [ -122.07419, 37.51047 ], [ -122.07424, 37.51047 ], [ -122.07419, 37.51042 ], [ -122.07419, 37.51047 ] ], [ [ -122.07163, 37.51131 ], [ -122.07163, 37.51133 ], [ -122.07168, 37.51131 ], [ -122.07163, 37.51131 ] ], [ [ -122.07236, 37.51419 ], [ -122.07236, 37.51422 ], [ -122.07244, 37.51419 ], [ -122.07236, 37.51419 ] ], [ [ -122.08241, 37.5092 ], [ -122.08241, 37.50923 ], [ -122.08249, 37.5092 ], [ -122.08241, 37.5092 ] ], [ [ -122.0761, 37.51109 ], [ -122.0761, 37.51112 ], [ -122.07618, 37.51109 ], [ -122.0761, 37.51109 ] ], [ [ -122.08182, 37.50931 ], [ -122.08182, 37.50934 ], [ -122.0819, 37.50931 ], [ -122.08182, 37.50931 ] ], [ [ -122.07489, 37.51247 ], [ -122.07486, 37.51252 ], [ -122.07492, 37.51247 ], [ -122.07489, 37.51247 ] ], [ [ -122.07554, 37.51096 ], [ -122.07554, 37.51104 ], [ -122.07557, 37.51096 ], [ -122.07554, 37.51096 ] ], [ [ -122.07462, 37.51055 ], [ -122.07462, 37.51058 ], [ -122.0747, 37.51055 ], [ -122.07462, 37.51055 ] ], [ [ -122.07217, 37.51133 ], [ -122.07217, 37.51136 ], [ -122.07225, 37.51131 ], [ -122.07217, 37.51133 ] ], [ [ -122.07489, 37.51201 ], [ -122.07492, 37.51201 ], [ -122.07489, 37.51198 ], [ -122.07489, 37.51201 ] ], [ [ -122.07486, 37.51195 ], [ -122.07486, 37.51198 ], [ -122.07489, 37.51198 ], [ -122.07486, 37.51195 ] ], [ [ -122.07481, 37.51201 ], [ -122.07486, 37.51201 ], [ -122.07486, 37.51198 ], [ -122.07481, 37.51201 ] ], [ [ -122.08252, 37.50947 ], [ -122.08249, 37.50942 ], [ -122.08244, 37.50947 ], [ -122.08252, 37.50947 ] ], [ [ -122.07039, 37.51317 ], [ -122.07042, 37.51317 ], [ -122.07036, 37.51311 ], [ -122.07039, 37.51317 ] ], [ [ -122.07034, 37.51309 ], [ -122.07034, 37.51311 ], [ -122.07036, 37.51311 ], [ -122.07034, 37.51309 ] ], [ [ -122.07292, 37.51397 ], [ -122.07292, 37.51403 ], [ -122.07298, 37.51406 ], [ -122.07292, 37.51397 ] ], [ [ -122.07346, 37.51395 ], [ -122.07346, 37.514 ], [ -122.07352, 37.51395 ], [ -122.07346, 37.51395 ] ], [ [ -122.07538, 37.5109 ], [ -122.07543, 37.5109 ], [ -122.07538, 37.51088 ], [ -122.07538, 37.5109 ] ], [ [ -122.07532, 37.51085 ], [ -122.07532, 37.51088 ], [ -122.07538, 37.51088 ], [ -122.07532, 37.51085 ] ], [ [ -122.07521, 37.51295 ], [ -122.07521, 37.51292 ], [ -122.07516, 37.51295 ], [ -122.07521, 37.51295 ] ], [ [ -122.07511, 37.51298 ], [ -122.07516, 37.51298 ], [ -122.07516, 37.51295 ], [ -122.07511, 37.51298 ] ], [ [ -122.08362, 37.50926 ], [ -122.08357, 37.50926 ], [ -122.0836, 37.50931 ], [ -122.08362, 37.50926 ] ], [ [ -122.07139, 37.51128 ], [ -122.07144, 37.51128 ], [ -122.07139, 37.51125 ], [ -122.07139, 37.51128 ] ], [ [ -122.07136, 37.51123 ], [ -122.07136, 37.51125 ], [ -122.07139, 37.51125 ], [ -122.07136, 37.51123 ] ], [ [ -122.07133, 37.51128 ], [ -122.07136, 37.51128 ], [ -122.07136, 37.51125 ], [ -122.07133, 37.51128 ] ], [ [ -122.08303, 37.50915 ], [ -122.083, 37.50923 ], [ -122.08306, 37.50915 ], [ -122.08303, 37.50915 ] ], [ [ -122.08314, 37.50867 ], [ -122.08306, 37.50861 ], [ -122.08308, 37.50867 ], [ -122.08314, 37.50867 ] ], [ [ -122.07465, 37.51228 ], [ -122.07465, 37.5122 ], [ -122.07462, 37.51228 ], [ -122.07465, 37.51228 ] ], [ [ -122.083, 37.50934 ], [ -122.08303, 37.50934 ], [ -122.083, 37.50931 ], [ -122.083, 37.50934 ] ], [ [ -122.08298, 37.50929 ], [ -122.08298, 37.50931 ], [ -122.083, 37.50931 ], [ -122.08298, 37.50929 ] ], [ [ -122.08292, 37.50926 ], [ -122.08292, 37.50929 ], [ -122.08298, 37.50929 ], [ -122.08292, 37.50926 ] ], [ [ -122.08214, 37.50926 ], [ -122.08214, 37.50934 ], [ -122.08219, 37.50929 ], [ -122.08214, 37.50926 ] ], [ [ -122.07408, 37.51166 ], [ -122.07408, 37.51176 ], [ -122.07411, 37.51166 ], [ -122.07408, 37.51166 ] ], [ [ -122.08198, 37.50912 ], [ -122.08187, 37.50912 ], [ -122.08195, 37.50918 ], [ -122.08198, 37.50912 ] ], [ [ -122.06045, 37.51187 ], [ -122.06045, 37.5119 ], [ -122.06058, 37.51187 ], [ -122.06045, 37.51187 ] ], [ [ -122.07457, 37.51055 ], [ -122.07457, 37.51069 ], [ -122.07459, 37.51055 ], [ -122.07457, 37.51055 ] ], [ [ -122.07527, 37.51222 ], [ -122.07527, 37.5122 ], [ -122.07521, 37.51222 ], [ -122.07527, 37.51222 ] ], [ [ -122.07521, 37.51225 ], [ -122.07519, 37.5122 ], [ -122.07516, 37.5122 ], [ -122.07516, 37.51225 ], [ -122.07521, 37.51225 ] ], [ [ -122.07484, 37.51158 ], [ -122.07484, 37.51152 ], [ -122.07478, 37.51158 ], [ -122.07484, 37.51158 ] ], [ [ -122.07476, 37.5116 ], [ -122.07478, 37.5116 ], [ -122.07478, 37.51158 ], [ -122.07476, 37.5116 ] ], [ [ -122.08432, 37.50904 ], [ -122.08435, 37.50904 ], [ -122.08432, 37.50899 ], [ -122.08432, 37.50904 ] ], [ [ -122.08427, 37.50896 ], [ -122.08427, 37.50899 ], [ -122.08432, 37.50899 ], [ -122.08427, 37.50896 ] ], [ [ -122.0719, 37.51139 ], [ -122.0719, 37.51133 ], [ -122.07182, 37.51136 ], [ -122.0719, 37.51139 ] ], [ [ -122.07384, 37.51053 ], [ -122.07387, 37.51044 ], [ -122.07381, 37.51053 ], [ -122.07384, 37.51053 ] ], [ [ -122.07379, 37.51055 ], [ -122.07381, 37.51055 ], [ -122.07381, 37.51053 ], [ -122.07379, 37.51055 ] ], [ [ -122.07317, 37.51384 ], [ -122.07319, 37.51384 ], [ -122.07317, 37.51379 ], [ -122.07317, 37.51384 ] ], [ [ -122.07314, 37.51376 ], [ -122.07314, 37.51379 ], [ -122.07317, 37.51379 ], [ -122.07314, 37.51376 ] ], [ [ -122.07309, 37.51381 ], [ -122.07314, 37.51381 ], [ -122.07314, 37.51379 ], [ -122.07309, 37.51381 ] ], [ [ -122.07548, 37.51284 ], [ -122.07554, 37.51284 ], [ -122.07557, 37.51279 ], [ -122.07548, 37.51284 ] ], [ [ -122.07546, 37.51282 ], [ -122.07548, 37.51282 ], [ -122.07546, 37.51279 ], [ -122.07546, 37.51282 ] ], [ [ -122.08381, 37.50902 ], [ -122.08381, 37.50904 ], [ -122.08395, 37.50902 ], [ -122.08381, 37.50902 ] ], [ [ -122.08292, 37.5088 ], [ -122.08292, 37.50885 ], [ -122.083, 37.5088 ], [ -122.08292, 37.5088 ] ], [ [ -122.07346, 37.51147 ], [ -122.07349, 37.51141 ], [ -122.07338, 37.51144 ], [ -122.07346, 37.51147 ] ], [ [ -122.07454, 37.51123 ], [ -122.07462, 37.5112 ], [ -122.07454, 37.51117 ], [ -122.07454, 37.51123 ] ], [ [ -122.06161, 37.51247 ], [ -122.06171, 37.51247 ], [ -122.06161, 37.51241 ], [ -122.06161, 37.51247 ] ], [ [ -122.07252, 37.51104 ], [ -122.07249, 37.51098 ], [ -122.07239, 37.51104 ], [ -122.07252, 37.51104 ] ], [ [ -122.07535, 37.51109 ], [ -122.07546, 37.51106 ], [ -122.07535, 37.51104 ], [ -122.07535, 37.51109 ] ], [ [ -122.08373, 37.50875 ], [ -122.08368, 37.50875 ], [ -122.08376, 37.50883 ], [ -122.08373, 37.50875 ] ], [ [ -122.08276, 37.50915 ], [ -122.08279, 37.5092 ], [ -122.08284, 37.50915 ], [ -122.08276, 37.50915 ] ], [ [ -122.08276, 37.5092 ], [ -122.08276, 37.50918 ], [ -122.08273, 37.5092 ], [ -122.08276, 37.5092 ] ], [ [ -122.07519, 37.51238 ], [ -122.07519, 37.51236 ], [ -122.07511, 37.51238 ], [ -122.07519, 37.51238 ] ], [ [ -122.07508, 37.51244 ], [ -122.07511, 37.51244 ], [ -122.07511, 37.51238 ], [ -122.07508, 37.51244 ] ], [ [ -122.07505, 37.51247 ], [ -122.07508, 37.51247 ], [ -122.07508, 37.51244 ], [ -122.07505, 37.51247 ] ], [ [ -122.07503, 37.51244 ], [ -122.07505, 37.51244 ], [ -122.07503, 37.51241 ], [ -122.07503, 37.51244 ] ], [ [ -122.07228, 37.51403 ], [ -122.07228, 37.51411 ], [ -122.07233, 37.51403 ], [ -122.07228, 37.51403 ] ], [ [ -122.07311, 37.514 ], [ -122.07311, 37.51408 ], [ -122.07319, 37.514 ], [ -122.07311, 37.514 ] ], [ [ -122.07239, 37.51276 ], [ -122.07239, 37.51271 ], [ -122.07225, 37.51276 ], [ -122.07239, 37.51276 ] ], [ [ -122.07336, 37.51061 ], [ -122.07336, 37.51055 ], [ -122.07325, 37.51058 ], [ -122.07336, 37.51061 ] ], [ [ -122.07306, 37.51389 ], [ -122.07306, 37.51387 ], [ -122.07303, 37.51389 ], [ -122.07306, 37.51389 ] ], [ [ -122.07292, 37.51387 ], [ -122.07298, 37.51395 ], [ -122.073, 37.51387 ], [ -122.07292, 37.51387 ] ], [ [ -122.07449, 37.51085 ], [ -122.07449, 37.51077 ], [ -122.07443, 37.51085 ], [ -122.07449, 37.51085 ] ], [ [ -122.07521, 37.51206 ], [ -122.07521, 37.51203 ], [ -122.07519, 37.51206 ], [ -122.07521, 37.51206 ] ], [ [ -122.075, 37.51212 ], [ -122.07519, 37.51209 ], [ -122.07519, 37.51206 ], [ -122.075, 37.51212 ] ], [ [ -122.07141, 37.50969 ], [ -122.07131, 37.50969 ], [ -122.07139, 37.50974 ], [ -122.07141, 37.50969 ] ], [ [ -122.07128, 37.50966 ], [ -122.07128, 37.50969 ], [ -122.07131, 37.50969 ], [ -122.07128, 37.50966 ] ], [ [ -122.07125, 37.50961 ], [ -122.07125, 37.50966 ], [ -122.07128, 37.50966 ], [ -122.07125, 37.50961 ] ], [ [ -122.07573, 37.51284 ], [ -122.07573, 37.51276 ], [ -122.07559, 37.51282 ], [ -122.07573, 37.51284 ] ], [ [ -122.07236, 37.51031 ], [ -122.07239, 37.51036 ], [ -122.07247, 37.51028 ], [ -122.07236, 37.51031 ] ], [ [ -122.0747, 37.51185 ], [ -122.07465, 37.51187 ], [ -122.07473, 37.51193 ], [ -122.0747, 37.51185 ] ], [ [ -122.07465, 37.51198 ], [ -122.07465, 37.51195 ], [ -122.07462, 37.51198 ], [ -122.07465, 37.51198 ] ], [ [ -122.08422, 37.50894 ], [ -122.08422, 37.50891 ], [ -122.08419, 37.50894 ], [ -122.08422, 37.50894 ] ], [ [ -122.08422, 37.50904 ], [ -122.08427, 37.50904 ], [ -122.08419, 37.50894 ], [ -122.08422, 37.50904 ] ], [ [ -122.08389, 37.50853 ], [ -122.08389, 37.50848 ], [ -122.08378, 37.50853 ], [ -122.08389, 37.50853 ] ], [ [ -122.07505, 37.51123 ], [ -122.07508, 37.51117 ], [ -122.07495, 37.51112 ], [ -122.07505, 37.51123 ] ], [ [ -122.07492, 37.51109 ], [ -122.07492, 37.51112 ], [ -122.07495, 37.51112 ], [ -122.07492, 37.51109 ] ], [ [ -122.07511, 37.51166 ], [ -122.07511, 37.51163 ], [ -122.07508, 37.51166 ], [ -122.07511, 37.51166 ] ], [ [ -122.07503, 37.51168 ], [ -122.07505, 37.51176 ], [ -122.07508, 37.51166 ], [ -122.07503, 37.51168 ] ], [ [ -122.07333, 37.51376 ], [ -122.07333, 37.51384 ], [ -122.07341, 37.51379 ], [ -122.07333, 37.51376 ] ], [ [ -122.07473, 37.51058 ], [ -122.07473, 37.51061 ], [ -122.07495, 37.51058 ], [ -122.07473, 37.51058 ] ], [ [ -122.07478, 37.51123 ], [ -122.07478, 37.51117 ], [ -122.07468, 37.51123 ], [ -122.07478, 37.51123 ] ], [ [ -122.07462, 37.51128 ], [ -122.07468, 37.51128 ], [ -122.07468, 37.51123 ], [ -122.07462, 37.51128 ] ], [ [ -122.07508, 37.51155 ], [ -122.07513, 37.51155 ], [ -122.07508, 37.51152 ], [ -122.07508, 37.51155 ] ], [ [ -122.07495, 37.51147 ], [ -122.075, 37.51152 ], [ -122.07503, 37.51144 ], [ -122.07495, 37.51147 ] ], [ [ -122.07489, 37.51141 ], [ -122.07492, 37.51147 ], [ -122.07495, 37.51147 ], [ -122.07489, 37.51141 ] ], [ [ -122.08446, 37.50888 ], [ -122.08446, 37.5088 ], [ -122.0843, 37.50885 ], [ -122.08446, 37.50888 ] ], [ [ -122.07209, 37.51403 ], [ -122.07212, 37.51411 ], [ -122.07222, 37.51403 ], [ -122.07209, 37.51403 ] ], [ [ -122.08265, 37.50904 ], [ -122.08263, 37.50896 ], [ -122.08252, 37.50907 ], [ -122.08265, 37.50904 ] ], [ [ -122.08246, 37.5091 ], [ -122.08252, 37.5091 ], [ -122.08252, 37.50907 ], [ -122.08246, 37.5091 ] ], [ [ -122.08244, 37.50912 ], [ -122.08246, 37.50912 ], [ -122.08246, 37.5091 ], [ -122.08244, 37.50912 ] ], [ [ -122.06762, 37.51457 ], [ -122.06764, 37.51449 ], [ -122.06745, 37.51457 ], [ -122.06762, 37.51457 ] ], [ [ -122.06198, 37.51255 ], [ -122.06198, 37.51249 ], [ -122.06187, 37.51255 ], [ -122.06198, 37.51255 ] ], [ [ -122.06174, 37.51247 ], [ -122.06187, 37.51247 ], [ -122.06174, 37.51241 ], [ -122.06174, 37.51247 ] ], [ [ -122.07263, 37.51392 ], [ -122.07263, 37.51387 ], [ -122.07257, 37.51392 ], [ -122.07263, 37.51392 ] ], [ [ -122.07241, 37.51406 ], [ -122.0726, 37.514 ], [ -122.07252, 37.51384 ], [ -122.07241, 37.51406 ] ], [ [ -122.07247, 37.51387 ], [ -122.07249, 37.51387 ], [ -122.07247, 37.51384 ], [ -122.07247, 37.51387 ] ], [ [ -122.07392, 37.51047 ], [ -122.07406, 37.51055 ], [ -122.07416, 37.51044 ], [ -122.074, 37.51039 ], [ -122.07392, 37.51047 ] ], [ [ -122.08327, 37.50845 ], [ -122.0833, 37.50826 ], [ -122.08316, 37.50832 ], [ -122.08325, 37.5084 ], [ -122.08311, 37.50837 ], [ -122.08308, 37.50848 ], [ -122.08327, 37.50845 ] ], [ [ -122.07508, 37.5119 ], [ -122.07508, 37.51187 ], [ -122.07505, 37.5119 ], [ -122.07508, 37.5119 ] ], [ [ -122.07473, 37.51176 ], [ -122.07476, 37.5119 ], [ -122.07503, 37.5119 ], [ -122.07497, 37.51176 ], [ -122.07492, 37.51187 ], [ -122.07473, 37.51176 ] ], [ [ -122.07527, 37.51185 ], [ -122.07532, 37.51182 ], [ -122.0753, 37.51179 ], [ -122.07527, 37.51185 ] ], [ [ -122.07519, 37.5119 ], [ -122.07535, 37.51201 ], [ -122.07521, 37.51185 ], [ -122.07511, 37.5119 ], [ -122.07511, 37.51203 ], [ -122.07519, 37.5119 ] ], [ [ -122.0729, 37.5105 ], [ -122.07295, 37.5105 ], [ -122.0729, 37.51047 ], [ -122.0729, 37.5105 ] ], [ [ -122.07284, 37.51042 ], [ -122.07284, 37.51047 ], [ -122.0729, 37.51047 ], [ -122.07284, 37.51042 ] ], [ [ -122.07276, 37.51017 ], [ -122.0726, 37.5102 ], [ -122.07263, 37.51028 ], [ -122.07276, 37.51023 ], [ -122.07284, 37.51039 ], [ -122.07287, 37.51026 ], [ -122.07276, 37.51017 ] ], [ [ -122.07257, 37.51017 ], [ -122.07257, 37.5102 ], [ -122.0726, 37.5102 ], [ -122.07257, 37.51017 ] ], [ [ -122.07255, 37.51036 ], [ -122.07263, 37.51034 ], [ -122.07255, 37.51031 ], [ -122.07255, 37.51036 ] ], [ [ -122.07279, 37.51034 ], [ -122.07279, 37.51031 ], [ -122.07276, 37.51034 ], [ -122.07279, 37.51034 ] ], [ [ -122.07381, 37.51381 ], [ -122.07384, 37.51381 ], [ -122.07381, 37.51376 ], [ -122.07381, 37.51381 ] ], [ [ -122.07389, 37.51397 ], [ -122.07373, 37.51387 ], [ -122.07381, 37.51373 ], [ -122.07352, 37.51376 ], [ -122.07362, 37.51406 ], [ -122.07389, 37.51397 ] ], [ [ -122.07384, 37.51371 ], [ -122.07381, 37.51371 ], [ -122.07381, 37.51373 ], [ -122.07384, 37.51371 ] ], [ [ -122.07742, 37.51074 ], [ -122.07756, 37.51074 ], [ -122.07769, 37.5109 ], [ -122.07767, 37.51066 ], [ -122.07748, 37.51061 ], [ -122.07761, 37.51039 ], [ -122.07734, 37.51053 ], [ -122.07721, 37.51047 ], [ -122.07705, 37.51074 ], [ -122.07732, 37.51058 ], [ -122.07732, 37.51074 ], [ -122.07745, 37.51069 ], [ -122.07742, 37.51074 ] ], [ [ -122.08308, 37.50912 ], [ -122.08311, 37.50918 ], [ -122.08365, 37.5088 ], [ -122.08341, 37.50869 ], [ -122.08327, 37.50869 ], [ -122.08333, 37.50891 ], [ -122.08306, 37.50899 ], [ -122.08287, 37.50891 ], [ -122.08295, 37.50912 ], [ -122.08308, 37.50912 ] ], [ [ -122.08206, 37.50915 ], [ -122.08209, 37.50915 ], [ -122.08206, 37.50912 ], [ -122.08206, 37.50915 ] ], [ [ -122.08176, 37.50902 ], [ -122.08246, 37.50904 ], [ -122.08255, 37.50894 ], [ -122.08228, 37.50888 ], [ -122.08273, 37.50883 ], [ -122.08279, 37.50864 ], [ -122.08166, 37.50899 ], [ -122.08171, 37.50912 ], [ -122.08176, 37.50902 ] ], [ [ -122.07659, 37.51063 ], [ -122.07683, 37.51063 ], [ -122.07659, 37.51058 ], [ -122.07659, 37.51063 ] ], [ [ -122.07519, 37.51077 ], [ -122.07484, 37.51093 ], [ -122.07484, 37.51106 ], [ -122.07511, 37.51112 ], [ -122.07516, 37.51085 ], [ -122.07551, 37.51082 ], [ -122.07546, 37.51071 ], [ -122.07557, 37.51069 ], [ -122.07589, 37.51077 ], [ -122.07562, 37.51104 ], [ -122.07592, 37.51117 ], [ -122.07592, 37.51069 ], [ -122.07654, 37.51063 ], [ -122.07648, 37.51055 ], [ -122.07578, 37.51055 ], [ -122.07562, 37.51066 ], [ -122.07538, 37.51058 ], [ -122.07505, 37.51066 ], [ -122.07497, 37.51079 ], [ -122.07508, 37.51071 ], [ -122.07519, 37.51077 ] ], [ [ -122.07492, 37.51085 ], [ -122.07497, 37.51085 ], [ -122.07497, 37.51079 ], [ -122.07492, 37.51085 ] ], [ [ -122.076, 37.51088 ], [ -122.07594, 37.51088 ], [ -122.076, 37.5109 ], [ -122.076, 37.51088 ] ] ], [ [ [ -122.07516, 37.51926 ], [ -122.07513, 37.51907 ], [ -122.07963, 37.51802 ], [ -122.08085, 37.51786 ], [ -122.08586, 37.51678 ], [ -122.08637, 37.5168 ], [ -122.08656, 37.51697 ], [ -122.08643, 37.51764 ], [ -122.08314, 37.52303 ], [ -122.08306, 37.52459 ], [ -122.08387, 37.52532 ], [ -122.08457, 37.52559 ], [ -122.08861, 37.52607 ], [ -122.08988, 37.52729 ], [ -122.09014, 37.52769 ], [ -122.09068, 37.52909 ], [ -122.0905, 37.52996 ], [ -122.09001, 37.53025 ], [ -122.08896, 37.53033 ], [ -122.0882, 37.5302 ], [ -122.08589, 37.53012 ], [ -122.08314, 37.52928 ], [ -122.0788, 37.52944 ], [ -122.07818, 37.52993 ], [ -122.07697, 37.53128 ], [ -122.07691, 37.53176 ], [ -122.0764, 37.5319 ], [ -122.0761, 37.53168 ], [ -122.07562, 37.53041 ], [ -122.0747, 37.52952 ], [ -122.07201, 37.52861 ], [ -122.07141, 37.5282 ], [ -122.07133, 37.52775 ], [ -122.07158, 37.5264 ], [ -122.0726, 37.52599 ], [ -122.07263, 37.5257 ], [ -122.07233, 37.52554 ], [ -122.07168, 37.5257 ], [ -122.0715, 37.52543 ], [ -122.07174, 37.52527 ], [ -122.07139, 37.5254 ], [ -122.07128, 37.52521 ], [ -122.07009, 37.5244 ], [ -122.06759, 37.52537 ], [ -122.06551, 37.52648 ], [ -122.06408, 37.52745 ], [ -122.06368, 37.52745 ], [ -122.06134, 37.52303 ], [ -122.06085, 37.52176 ], [ -122.06088, 37.52168 ], [ -122.06972, 37.52025 ], [ -122.07325, 37.51942 ], [ -122.07497, 37.51915 ], [ -122.07554, 37.51985 ], [ -122.07893, 37.52233 ], [ -122.07901, 37.52249 ], [ -122.0785, 37.52265 ], [ -122.07422, 37.52454 ], [ -122.07915, 37.52254 ], [ -122.08012, 37.52308 ], [ -122.08333, 37.52548 ], [ -122.08236, 37.52462 ], [ -122.08044, 37.52322 ], [ -122.07945, 37.52265 ], [ -122.07581, 37.51996 ], [ -122.07516, 37.51926 ] ], [ [ -122.07414, 37.52454 ], [ -122.07414, 37.52457 ], [ -122.07384, 37.5247 ], [ -122.07422, 37.52457 ], [ -122.07422, 37.52454 ], [ -122.07414, 37.52454 ] ], [ [ -122.07969, 37.51804 ], [ -122.07963, 37.51804 ], [ -122.07969, 37.51807 ], [ -122.07969, 37.51804 ] ], [ [ -122.07384, 37.52475 ], [ -122.07185, 37.52519 ], [ -122.07177, 37.52527 ], [ -122.07354, 37.52486 ], [ -122.07384, 37.52475 ] ] ], [ [ [ -122.0716, 37.5261 ], [ -122.07168, 37.52578 ], [ -122.0723, 37.52562 ], [ -122.07252, 37.52567 ], [ -122.07249, 37.52594 ], [ -122.07182, 37.52621 ], [ -122.0716, 37.5261 ] ] ], [ [ [ -122.07713, 37.53405 ], [ -122.0757, 37.53446 ], [ -122.07519, 37.53362 ], [ -122.0757, 37.53392 ], [ -122.07565, 37.53376 ], [ -122.07713, 37.53405 ] ] ], [ [ [ -122.0781, 37.5378 ], [ -122.07829, 37.5378 ], [ -122.07918, 37.53828 ], [ -122.0792, 37.53812 ], [ -122.07961, 37.53801 ], [ -122.07958, 37.53785 ], [ -122.07977, 37.53772 ], [ -122.07972, 37.53745 ], [ -122.08017, 37.53799 ], [ -122.08023, 37.53874 ], [ -122.07972, 37.53915 ], [ -122.07923, 37.53844 ], [ -122.07872, 37.53831 ], [ -122.07826, 37.53796 ], [ -122.07802, 37.53796 ], [ -122.0781, 37.5378 ] ] ], [ [ [ -122.06894, 37.53995 ], [ -122.07195, 37.53758 ], [ -122.07268, 37.53721 ], [ -122.07292, 37.53753 ], [ -122.07271, 37.53764 ], [ -122.07268, 37.5378 ], [ -122.07295, 37.53777 ], [ -122.07311, 37.53791 ], [ -122.07338, 37.53853 ], [ -122.07411, 37.53936 ], [ -122.0754, 37.54141 ], [ -122.07408, 37.54187 ], [ -122.07228, 37.54109 ], [ -122.07125, 37.54079 ], [ -122.06958, 37.54001 ], [ -122.06931, 37.54012 ], [ -122.06896, 37.54136 ], [ -122.06947, 37.54012 ], [ -122.07373, 37.54187 ], [ -122.07141, 37.54278 ], [ -122.07093, 37.54286 ], [ -122.06926, 37.54222 ], [ -122.06859, 37.54084 ], [ -122.06861, 37.54039 ], [ -122.06894, 37.53995 ] ], [ [ -122.06894, 37.54136 ], [ -122.06894, 37.54141 ], [ -122.06896, 37.54141 ], [ -122.06896, 37.54136 ], [ -122.06894, 37.54136 ] ], [ [ -122.07109, 37.53912 ], [ -122.07109, 37.53915 ], [ -122.07112, 37.53912 ], [ -122.07109, 37.53912 ] ], [ [ -122.07133, 37.53925 ], [ -122.07133, 37.53928 ], [ -122.07139, 37.53925 ], [ -122.07133, 37.53925 ] ], [ [ -122.0726, 37.53756 ], [ -122.0726, 37.53761 ], [ -122.07263, 37.53756 ], [ -122.0726, 37.53756 ] ], [ [ -122.07387, 37.5402 ], [ -122.07387, 37.54022 ], [ -122.07395, 37.5402 ], [ -122.07387, 37.5402 ] ], [ [ -122.07257, 37.53766 ], [ -122.07247, 37.53761 ], [ -122.07249, 37.53766 ], [ -122.07257, 37.53766 ] ], [ [ -122.07381, 37.5402 ], [ -122.07376, 37.54014 ], [ -122.07357, 37.54017 ], [ -122.07381, 37.5402 ] ], [ [ -122.07352, 37.54012 ], [ -122.07276, 37.53979 ], [ -122.07338, 37.54012 ], [ -122.07352, 37.54012 ] ] ], [ [ [ -122.07004, 37.54402 ], [ -122.06953, 37.54402 ], [ -122.06899, 37.54303 ], [ -122.06904, 37.54286 ], [ -122.06942, 37.5427 ], [ -122.06937, 37.54235 ], [ -122.07106, 37.54297 ], [ -122.07387, 37.54192 ], [ -122.07419, 37.54198 ], [ -122.07535, 37.54152 ], [ -122.07567, 37.54162 ], [ -122.07279, 37.53707 ], [ -122.07583, 37.5416 ], [ -122.07575, 37.54184 ], [ -122.07618, 37.54214 ], [ -122.07664, 37.54289 ], [ -122.06993, 37.54534 ], [ -122.06972, 37.54443 ], [ -122.06999, 37.54432 ], [ -122.07004, 37.54402 ] ], [ [ -122.07117, 37.54324 ], [ -122.0712, 37.54324 ], [ -122.07117, 37.54321 ], [ -122.07117, 37.54324 ] ], [ [ -122.07257, 37.5427 ], [ -122.0726, 37.5427 ], [ -122.07257, 37.54268 ], [ -122.07257, 37.5427 ] ], [ [ -122.07004, 37.544 ], [ -122.07007, 37.544 ], [ -122.07004, 37.54397 ], [ -122.07004, 37.544 ] ], [ [ -122.07125, 37.54321 ], [ -122.07128, 37.54321 ], [ -122.07125, 37.54319 ], [ -122.07125, 37.54321 ] ], [ [ -122.07317, 37.54249 ], [ -122.07319, 37.54249 ], [ -122.07317, 37.54246 ], [ -122.07317, 37.54249 ] ], [ [ -122.07166, 37.54305 ], [ -122.07168, 37.54305 ], [ -122.07166, 37.54303 ], [ -122.07166, 37.54305 ] ], [ [ -122.07179, 37.543 ], [ -122.07182, 37.543 ], [ -122.07179, 37.54297 ], [ -122.07179, 37.543 ] ], [ [ -122.07133, 37.54319 ], [ -122.07136, 37.54319 ], [ -122.07133, 37.54316 ], [ -122.07133, 37.54319 ] ], [ [ -122.07346, 37.54238 ], [ -122.07349, 37.54238 ], [ -122.07346, 37.54235 ], [ -122.07346, 37.54238 ] ], [ [ -122.07203, 37.54292 ], [ -122.07206, 37.54292 ], [ -122.07203, 37.54289 ], [ -122.07203, 37.54292 ] ], [ [ -122.076, 37.54214 ], [ -122.07602, 37.54214 ], [ -122.076, 37.54211 ], [ -122.076, 37.54214 ] ], [ [ -122.07338, 37.54241 ], [ -122.07341, 37.54241 ], [ -122.07338, 37.54238 ], [ -122.07338, 37.54241 ] ], [ [ -122.07139, 37.54313 ], [ -122.07141, 37.54313 ], [ -122.07139, 37.54311 ], [ -122.07139, 37.54313 ] ], [ [ -122.07592, 37.54216 ], [ -122.07597, 37.54216 ], [ -122.07592, 37.54214 ], [ -122.07592, 37.54216 ] ], [ [ -122.07061, 37.54464 ], [ -122.07066, 37.54464 ], [ -122.07061, 37.54462 ], [ -122.07061, 37.54464 ] ], [ [ -122.07306, 37.54251 ], [ -122.07311, 37.54251 ], [ -122.07306, 37.54249 ], [ -122.07306, 37.54251 ] ], [ [ -122.07171, 37.54303 ], [ -122.07177, 37.54303 ], [ -122.07171, 37.543 ], [ -122.07171, 37.54303 ] ], [ [ -122.07247, 37.54273 ], [ -122.07252, 37.54273 ], [ -122.07247, 37.5427 ], [ -122.07247, 37.54273 ] ], [ [ -122.07012, 37.54459 ], [ -122.07009, 37.54451 ], [ -122.07004, 37.54456 ], [ -122.07012, 37.54459 ] ], [ [ -122.07336, 37.54241 ], [ -122.07327, 37.54241 ], [ -122.07336, 37.54243 ], [ -122.07336, 37.54241 ] ], [ [ -122.07327, 37.54246 ], [ -122.07327, 37.54243 ], [ -122.07322, 37.54246 ], [ -122.07327, 37.54246 ] ], [ [ -122.07362, 37.54227 ], [ -122.07354, 37.5423 ], [ -122.07362, 37.54233 ], [ -122.07362, 37.54227 ] ], [ [ -122.07354, 37.54235 ], [ -122.07354, 37.54233 ], [ -122.07352, 37.54235 ], [ -122.07354, 37.54235 ] ], [ [ -122.0716, 37.54305 ], [ -122.07158, 37.54305 ], [ -122.0716, 37.54308 ], [ -122.0716, 37.54305 ] ], [ [ -122.07158, 37.54311 ], [ -122.07158, 37.54308 ], [ -122.07147, 37.54313 ], [ -122.07158, 37.54311 ] ], [ [ -122.07031, 37.54467 ], [ -122.07053, 37.5448 ], [ -122.07044, 37.54467 ], [ -122.07031, 37.54467 ] ] ], [ [ [ -122.07689, 37.54136 ], [ -122.07761, 37.5413 ], [ -122.07845, 37.54152 ], [ -122.07829, 37.54176 ], [ -122.07707, 37.5423 ], [ -122.07672, 37.54233 ], [ -122.07648, 37.54208 ], [ -122.07645, 37.54189 ], [ -122.07667, 37.54179 ], [ -122.07689, 37.54136 ] ] ], [ [ [ -122.07707, 37.54238 ], [ -122.07818, 37.54192 ], [ -122.07856, 37.54157 ], [ -122.07877, 37.5416 ], [ -122.07893, 37.54198 ], [ -122.07872, 37.54211 ], [ -122.07718, 37.5427 ], [ -122.07699, 37.54276 ], [ -122.07699, 37.54262 ], [ -122.07678, 37.54251 ], [ -122.07675, 37.54241 ], [ -122.07707, 37.54238 ] ], [ [ -122.07877, 37.54187 ], [ -122.0788, 37.54187 ], [ -122.07877, 37.54184 ], [ -122.07877, 37.54187 ] ] ], [ [ [ -122.08971, 37.54869 ], [ -122.08915, 37.5492 ], [ -122.08645, 37.54963 ], [ -122.08532, 37.55009 ], [ -122.08513, 37.55071 ], [ -122.08521, 37.5513 ], [ -122.08508, 37.55152 ], [ -122.0847, 37.55168 ], [ -122.084, 37.5517 ], [ -122.0826, 37.55138 ], [ -122.08244, 37.55135 ], [ -122.08228, 37.55138 ], [ -122.08405, 37.55176 ], [ -122.08605, 37.55192 ], [ -122.08656, 37.55219 ], [ -122.08707, 37.55227 ], [ -122.08788, 37.55273 ], [ -122.08869, 37.55351 ], [ -122.08899, 37.55364 ], [ -122.09141, 37.55408 ], [ -122.09163, 37.55434 ], [ -122.09182, 37.55437 ], [ -122.09222, 37.55515 ], [ -122.09332, 37.5562 ], [ -122.09343, 37.55661 ], [ -122.0937, 37.55666 ], [ -122.09319, 37.55669 ], [ -122.09314, 37.55723 ], [ -122.09192, 37.55655 ], [ -122.0906, 37.55637 ], [ -122.09028, 37.55685 ], [ -122.0885, 37.55691 ], [ -122.08877, 37.55691 ], [ -122.08869, 37.55704 ], [ -122.0892, 37.5575 ], [ -122.08966, 37.5575 ], [ -122.08966, 37.55742 ], [ -122.08917, 37.55691 ], [ -122.09036, 37.55696 ], [ -122.09068, 37.55788 ], [ -122.09106, 37.55839 ], [ -122.09152, 37.5586 ], [ -122.09246, 37.55874 ], [ -122.09287, 37.55898 ], [ -122.09332, 37.56019 ], [ -122.09362, 37.56046 ], [ -122.09359, 37.56065 ], [ -122.09373, 37.56057 ], [ -122.09489, 37.56132 ], [ -122.09527, 37.56176 ], [ -122.09513, 37.56235 ], [ -122.09532, 37.56251 ], [ -122.09583, 37.56256 ], [ -122.09602, 37.56278 ], [ -122.09262, 37.56173 ], [ -122.08934, 37.56132 ], [ -122.08909, 37.56116 ], [ -122.08874, 37.56127 ], [ -122.08659, 37.56103 ], [ -122.08664, 37.56092 ], [ -122.08651, 37.56089 ], [ -122.08634, 37.561 ], [ -122.08478, 37.56084 ], [ -122.08424, 37.56076 ], [ -122.08419, 37.56062 ], [ -122.0836, 37.56068 ], [ -122.08343, 37.56052 ], [ -122.0806, 37.56049 ], [ -122.07742, 37.56089 ], [ -122.07637, 37.56116 ], [ -122.07597, 37.56108 ], [ -122.07594, 37.56124 ], [ -122.07548, 37.56116 ], [ -122.07484, 37.56146 ], [ -122.06993, 37.56275 ], [ -122.06823, 37.56353 ], [ -122.06683, 37.56459 ], [ -122.06683, 37.56442 ], [ -122.06721, 37.56402 ], [ -122.0684, 37.56316 ], [ -122.06923, 37.56273 ], [ -122.0743, 37.56122 ], [ -122.07548, 37.56097 ], [ -122.07535, 37.56087 ], [ -122.07505, 37.56089 ], [ -122.07505, 37.56097 ], [ -122.07492, 37.56089 ], [ -122.07457, 37.56111 ], [ -122.07322, 37.56141 ], [ -122.06907, 37.5627 ], [ -122.06875, 37.56267 ], [ -122.06877, 37.56278 ], [ -122.06837, 37.56302 ], [ -122.06778, 37.56324 ], [ -122.06818, 37.56278 ], [ -122.06829, 37.56278 ], [ -122.06815, 37.56265 ], [ -122.06821, 37.56243 ], [ -122.06856, 37.56259 ], [ -122.06829, 37.56238 ], [ -122.06848, 37.56243 ], [ -122.06861, 37.56194 ], [ -122.06883, 37.56189 ], [ -122.06883, 37.56181 ], [ -122.06867, 37.56184 ], [ -122.06864, 37.56168 ], [ -122.0688, 37.56168 ], [ -122.06883, 37.56154 ], [ -122.06896, 37.56162 ], [ -122.06885, 37.56146 ], [ -122.06902, 37.56143 ], [ -122.06891, 37.56135 ], [ -122.06902, 37.56127 ], [ -122.06918, 37.56127 ], [ -122.06912, 37.56106 ], [ -122.06937, 37.56106 ], [ -122.06926, 37.56084 ], [ -122.06947, 37.56089 ], [ -122.06947, 37.56062 ], [ -122.06969, 37.56068 ], [ -122.06974, 37.5606 ], [ -122.06958, 37.56049 ], [ -122.06964, 37.56035 ], [ -122.06991, 37.56035 ], [ -122.06993, 37.56003 ], [ -122.07009, 37.56011 ], [ -122.07001, 37.55995 ], [ -122.07028, 37.5599 ], [ -122.06856, 37.56238 ], [ -122.06853, 37.56248 ], [ -122.06883, 37.56267 ], [ -122.06894, 37.56262 ], [ -122.06869, 37.56254 ], [ -122.06869, 37.5624 ], [ -122.06891, 37.56197 ], [ -122.06902, 37.562 ], [ -122.0695, 37.56127 ], [ -122.06964, 37.56124 ], [ -122.06964, 37.56108 ], [ -122.06974, 37.56111 ], [ -122.06974, 37.56089 ], [ -122.07023, 37.56022 ], [ -122.07058, 37.56011 ], [ -122.06991, 37.55955 ], [ -122.06907, 37.55922 ], [ -122.06894, 37.55898 ], [ -122.06953, 37.55909 ], [ -122.06958, 37.55885 ], [ -122.0698, 37.55876 ], [ -122.06972, 37.55858 ], [ -122.06996, 37.5586 ], [ -122.06988, 37.55841 ], [ -122.07012, 37.55841 ], [ -122.07007, 37.55839 ], [ -122.07001, 37.55823 ], [ -122.0702, 37.55817 ], [ -122.07015, 37.55796 ], [ -122.07039, 37.55779 ], [ -122.07028, 37.55771 ], [ -122.0705, 37.55763 ], [ -122.07039, 37.55739 ], [ -122.07071, 37.55747 ], [ -122.07034, 37.55817 ], [ -122.07044, 37.55817 ], [ -122.0705, 37.55788 ], [ -122.07088, 37.5575 ], [ -122.07077, 37.55731 ], [ -122.0702, 37.55704 ], [ -122.06915, 37.55704 ], [ -122.06829, 37.55782 ], [ -122.06788, 37.55777 ], [ -122.06786, 37.55763 ], [ -122.06834, 37.55758 ], [ -122.0685, 37.55723 ], [ -122.06896, 37.55685 ], [ -122.07009, 37.55685 ], [ -122.07061, 37.55696 ], [ -122.07123, 37.55744 ], [ -122.07115, 37.55777 ], [ -122.0709, 37.55798 ], [ -122.07136, 37.55812 ], [ -122.07163, 37.55788 ], [ -122.07193, 37.55796 ], [ -122.07222, 37.55763 ], [ -122.07249, 37.55758 ], [ -122.07233, 37.55736 ], [ -122.07249, 37.55734 ], [ -122.07255, 37.55723 ], [ -122.07236, 37.55726 ], [ -122.07236, 37.55715 ], [ -122.07255, 37.55707 ], [ -122.07249, 37.55696 ], [ -122.0726, 37.55688 ], [ -122.07252, 37.55658 ], [ -122.07268, 37.55664 ], [ -122.07263, 37.55645 ], [ -122.07274, 37.55647 ], [ -122.07263, 37.55618 ], [ -122.07279, 37.55607 ], [ -122.0726, 37.55593 ], [ -122.07263, 37.55583 ], [ -122.07274, 37.55585 ], [ -122.0726, 37.55569 ], [ -122.07271, 37.5554 ], [ -122.07244, 37.55534 ], [ -122.07265, 37.55515 ], [ -122.07249, 37.55507 ], [ -122.073, 37.55486 ], [ -122.07309, 37.55505 ], [ -122.07314, 37.5548 ], [ -122.0733, 37.55483 ], [ -122.07408, 37.55443 ], [ -122.07691, 37.55343 ], [ -122.0768, 37.55324 ], [ -122.07648, 37.55324 ], [ -122.07629, 37.55343 ], [ -122.0754, 37.55378 ], [ -122.07379, 37.55434 ], [ -122.07368, 37.55429 ], [ -122.07352, 37.55448 ], [ -122.07336, 37.55443 ], [ -122.073, 37.55459 ], [ -122.07279, 37.55456 ], [ -122.07279, 37.55464 ], [ -122.07265, 37.55459 ], [ -122.07271, 37.55421 ], [ -122.07233, 37.55394 ], [ -122.0726, 37.55373 ], [ -122.07244, 37.55327 ], [ -122.07228, 37.55327 ], [ -122.07241, 37.55321 ], [ -122.07228, 37.55302 ], [ -122.07236, 37.55292 ], [ -122.0722, 37.55284 ], [ -122.07239, 37.55278 ], [ -122.07268, 37.55346 ], [ -122.07284, 37.55367 ], [ -122.07295, 37.55359 ], [ -122.07255, 37.55286 ], [ -122.07236, 37.55214 ], [ -122.0722, 37.55208 ], [ -122.07228, 37.55187 ], [ -122.07195, 37.55187 ], [ -122.07193, 37.552 ], [ -122.07155, 37.55205 ], [ -122.07112, 37.55192 ], [ -122.07131, 37.55184 ], [ -122.07093, 37.55173 ], [ -122.0709, 37.55157 ], [ -122.07098, 37.55152 ], [ -122.07082, 37.55157 ], [ -122.0709, 37.55138 ], [ -122.07066, 37.55138 ], [ -122.07085, 37.5513 ], [ -122.07088, 37.55114 ], [ -122.07074, 37.55119 ], [ -122.07069, 37.55092 ], [ -122.07047, 37.55098 ], [ -122.07028, 37.55073 ], [ -122.07098, 37.55044 ], [ -122.07112, 37.55049 ], [ -122.0719, 37.55017 ], [ -122.07303, 37.55055 ], [ -122.07403, 37.55046 ], [ -122.075, 37.54984 ], [ -122.07562, 37.54879 ], [ -122.07654, 37.54836 ], [ -122.07567, 37.54863 ], [ -122.07505, 37.54963 ], [ -122.07408, 37.55036 ], [ -122.07306, 37.55046 ], [ -122.07177, 37.55006 ], [ -122.0702, 37.55063 ], [ -122.06974, 37.55068 ], [ -122.0698, 37.55052 ], [ -122.07039, 37.55017 ], [ -122.07618, 37.54798 ], [ -122.07616, 37.54788 ], [ -122.07594, 37.54785 ], [ -122.07586, 37.54807 ], [ -122.07559, 37.54817 ], [ -122.07007, 37.55011 ], [ -122.07015, 37.54993 ], [ -122.06999, 37.54979 ], [ -122.06999, 37.54947 ], [ -122.07012, 37.54825 ], [ -122.07028, 37.54812 ], [ -122.0705, 37.54807 ], [ -122.07044, 37.54793 ], [ -122.07023, 37.54809 ], [ -122.07012, 37.54804 ], [ -122.07009, 37.54553 ], [ -122.07926, 37.54211 ], [ -122.07993, 37.54246 ], [ -122.08052, 37.54295 ], [ -122.08104, 37.54305 ], [ -122.08147, 37.543 ], [ -122.08268, 37.54335 ], [ -122.08303, 37.54373 ], [ -122.08298, 37.54386 ], [ -122.08322, 37.544 ], [ -122.08349, 37.54472 ], [ -122.08389, 37.54497 ], [ -122.08462, 37.54516 ], [ -122.08478, 37.54545 ], [ -122.08481, 37.54569 ], [ -122.08475, 37.54567 ], [ -122.0847, 37.54569 ], [ -122.08484, 37.5461 ], [ -122.08532, 37.5465 ], [ -122.08529, 37.54661 ], [ -122.08575, 37.54677 ], [ -122.08578, 37.54688 ], [ -122.08602, 37.54685 ], [ -122.08723, 37.54718 ], [ -122.08839, 37.54704 ], [ -122.0895, 37.54734 ], [ -122.0895, 37.54753 ], [ -122.08979, 37.5478 ], [ -122.08971, 37.54869 ] ], [ [ -122.06985, 37.55879 ], [ -122.06985, 37.55876 ], [ -122.0698, 37.55876 ], [ -122.06985, 37.55879 ] ], [ [ -122.08513, 37.55119 ], [ -122.08519, 37.55119 ], [ -122.08513, 37.55116 ], [ -122.08513, 37.55119 ] ], [ [ -122.07287, 37.56149 ], [ -122.07298, 37.56143 ], [ -122.07295, 37.56138 ], [ -122.0729, 37.56138 ], [ -122.07287, 37.56149 ] ], [ [ -122.06902, 37.56135 ], [ -122.06902, 37.56138 ], [ -122.06907, 37.56135 ], [ -122.06902, 37.56135 ] ], [ [ -122.06964, 37.56068 ], [ -122.06961, 37.56068 ], [ -122.06964, 37.56073 ], [ -122.06964, 37.56068 ] ], [ [ -122.06977, 37.56054 ], [ -122.06977, 37.56044 ], [ -122.06966, 37.56041 ], [ -122.06974, 37.56046 ], [ -122.06977, 37.56054 ] ], [ [ -122.07004, 37.55825 ], [ -122.07004, 37.55828 ], [ -122.07009, 37.55825 ], [ -122.07004, 37.55825 ] ], [ [ -122.07082, 37.55812 ], [ -122.0709, 37.55804 ], [ -122.07082, 37.55801 ], [ -122.07082, 37.55812 ] ], [ [ -122.0726, 37.55693 ], [ -122.07257, 37.55693 ], [ -122.0726, 37.55696 ], [ -122.0726, 37.55693 ] ], [ [ -122.07295, 37.55502 ], [ -122.073, 37.55502 ], [ -122.07295, 37.55499 ], [ -122.07295, 37.55502 ] ], [ [ -122.07276, 37.55426 ], [ -122.07271, 37.55426 ], [ -122.07274, 37.55429 ], [ -122.07276, 37.55426 ] ], [ [ -122.07279, 37.55429 ], [ -122.07276, 37.55429 ], [ -122.07279, 37.55432 ], [ -122.07279, 37.55429 ] ], [ [ -122.07303, 37.55394 ], [ -122.073, 37.5537 ], [ -122.07292, 37.55386 ], [ -122.07303, 37.55394 ] ], [ [ -122.07098, 37.55173 ], [ -122.07104, 37.55173 ], [ -122.07098, 37.5517 ], [ -122.07098, 37.55173 ] ], [ [ -122.07096, 37.55122 ], [ -122.07088, 37.55108 ], [ -122.0709, 37.55122 ], [ -122.07096, 37.55122 ] ], [ [ -122.07088, 37.55125 ], [ -122.0709, 37.55125 ], [ -122.0709, 37.55122 ], [ -122.07088, 37.55125 ] ], [ [ -122.07044, 37.55081 ], [ -122.07044, 37.55084 ], [ -122.07047, 37.55081 ], [ -122.07044, 37.55081 ] ], [ [ -122.0705, 37.55084 ], [ -122.07047, 37.55084 ], [ -122.0705, 37.55087 ], [ -122.0705, 37.55084 ] ], [ [ -122.07093, 37.55052 ], [ -122.07085, 37.55052 ], [ -122.07093, 37.55057 ], [ -122.07093, 37.55052 ] ], [ [ -122.07174, 37.54909 ], [ -122.07179, 37.54895 ], [ -122.07106, 37.54906 ], [ -122.07069, 37.54847 ], [ -122.07069, 37.54825 ], [ -122.07082, 37.54823 ], [ -122.07069, 37.54809 ], [ -122.07077, 37.54801 ], [ -122.07044, 37.54812 ], [ -122.07112, 37.54947 ], [ -122.07104, 37.54955 ], [ -122.07123, 37.54966 ], [ -122.07144, 37.5496 ], [ -122.07182, 37.54922 ], [ -122.07193, 37.54925 ], [ -122.07193, 37.54909 ], [ -122.07174, 37.54909 ] ], [ [ -122.07106, 37.54966 ], [ -122.07106, 37.54957 ], [ -122.07101, 37.54963 ], [ -122.07106, 37.54966 ] ], [ [ -122.07023, 37.54772 ], [ -122.0702, 37.54772 ], [ -122.07023, 37.54774 ], [ -122.07023, 37.54772 ] ], [ [ -122.08513, 37.54639 ], [ -122.08513, 37.54637 ], [ -122.08511, 37.54639 ], [ -122.08513, 37.54639 ] ], [ [ -122.08376, 37.5562 ], [ -122.08378, 37.5562 ], [ -122.08376, 37.55618 ], [ -122.08376, 37.5562 ] ], [ [ -122.06982, 37.56046 ], [ -122.06985, 37.56046 ], [ -122.06982, 37.56044 ], [ -122.06982, 37.56046 ] ], [ [ -122.08257, 37.55798 ], [ -122.0826, 37.55798 ], [ -122.08257, 37.55796 ], [ -122.08257, 37.55798 ] ], [ [ -122.0743, 37.55728 ], [ -122.07433, 37.55728 ], [ -122.0743, 37.55726 ], [ -122.0743, 37.55728 ] ], [ [ -122.07392, 37.5551 ], [ -122.07395, 37.5551 ], [ -122.07392, 37.55507 ], [ -122.07392, 37.5551 ] ], [ [ -122.08112, 37.55529 ], [ -122.08114, 37.55529 ], [ -122.08112, 37.55526 ], [ -122.08112, 37.55529 ] ], [ [ -122.09244, 37.56038 ], [ -122.09246, 37.56038 ], [ -122.09244, 37.56035 ], [ -122.09244, 37.56038 ] ], [ [ -122.08052, 37.55461 ], [ -122.08055, 37.55461 ], [ -122.08052, 37.55459 ], [ -122.08052, 37.55461 ] ], [ [ -122.07063, 37.55087 ], [ -122.07066, 37.55087 ], [ -122.07063, 37.55084 ], [ -122.07063, 37.55087 ] ], [ [ -122.0761, 37.55914 ], [ -122.07613, 37.55914 ], [ -122.0761, 37.55911 ], [ -122.0761, 37.55914 ] ], [ [ -122.07376, 37.55634 ], [ -122.07379, 37.55634 ], [ -122.07376, 37.55631 ], [ -122.07376, 37.55634 ] ], [ [ -122.08556, 37.55973 ], [ -122.08559, 37.55973 ], [ -122.08556, 37.55971 ], [ -122.08556, 37.55973 ] ], [ [ -122.07362, 37.55591 ], [ -122.07365, 37.55591 ], [ -122.07362, 37.55588 ], [ -122.07362, 37.55591 ] ], [ [ -122.08562, 37.55922 ], [ -122.08564, 37.55922 ], [ -122.08562, 37.5592 ], [ -122.08562, 37.55922 ] ], [ [ -122.08715, 37.55863 ], [ -122.08718, 37.55863 ], [ -122.08715, 37.5586 ], [ -122.08715, 37.55863 ] ], [ [ -122.07362, 37.55639 ], [ -122.07365, 37.55639 ], [ -122.07362, 37.55637 ], [ -122.07362, 37.55639 ] ], [ [ -122.07171, 37.56017 ], [ -122.07174, 37.56017 ], [ -122.07171, 37.56014 ], [ -122.07171, 37.56017 ] ], [ [ -122.08198, 37.55133 ], [ -122.08201, 37.55133 ], [ -122.08198, 37.5513 ], [ -122.08198, 37.55133 ] ], [ [ -122.08122, 37.55475 ], [ -122.08125, 37.55475 ], [ -122.08122, 37.55472 ], [ -122.08122, 37.55475 ] ], [ [ -122.07357, 37.5554 ], [ -122.0736, 37.5554 ], [ -122.07357, 37.55537 ], [ -122.07357, 37.5554 ] ], [ [ -122.08591, 37.55987 ], [ -122.08594, 37.55987 ], [ -122.08591, 37.55984 ], [ -122.08591, 37.55987 ] ], [ [ -122.08661, 37.56038 ], [ -122.08664, 37.56038 ], [ -122.08661, 37.56035 ], [ -122.08661, 37.56038 ] ], [ [ -122.08597, 37.55885 ], [ -122.08599, 37.55885 ], [ -122.08597, 37.55882 ], [ -122.08597, 37.55885 ] ], [ [ -122.08597, 37.54693 ], [ -122.08599, 37.54693 ], [ -122.08597, 37.54691 ], [ -122.08597, 37.54693 ] ], [ [ -122.08163, 37.55828 ], [ -122.08166, 37.55828 ], [ -122.08163, 37.55825 ], [ -122.08163, 37.55828 ] ], [ [ -122.08144, 37.54516 ], [ -122.08147, 37.54516 ], [ -122.08144, 37.54513 ], [ -122.08144, 37.54516 ] ], [ [ -122.08616, 37.56009 ], [ -122.08618, 37.56009 ], [ -122.08616, 37.56006 ], [ -122.08616, 37.56009 ] ], [ [ -122.08004, 37.55491 ], [ -122.08007, 37.55491 ], [ -122.08004, 37.55488 ], [ -122.08004, 37.55491 ] ], [ [ -122.0754, 37.55833 ], [ -122.07543, 37.55833 ], [ -122.0754, 37.55831 ], [ -122.0754, 37.55833 ] ], [ [ -122.07371, 37.55599 ], [ -122.07373, 37.55599 ], [ -122.07371, 37.55596 ], [ -122.07371, 37.55599 ] ], [ [ -122.08629, 37.5599 ], [ -122.08632, 37.5599 ], [ -122.08629, 37.55987 ], [ -122.08629, 37.5599 ] ], [ [ -122.08643, 37.56017 ], [ -122.08645, 37.56017 ], [ -122.08643, 37.56014 ], [ -122.08643, 37.56017 ] ], [ [ -122.07282, 37.55631 ], [ -122.07284, 37.55631 ], [ -122.07282, 37.55629 ], [ -122.07282, 37.55631 ] ], [ [ -122.08605, 37.56041 ], [ -122.08608, 37.56041 ], [ -122.08605, 37.56038 ], [ -122.08605, 37.56041 ] ], [ [ -122.08602, 37.55938 ], [ -122.08605, 37.55938 ], [ -122.08602, 37.55936 ], [ -122.08602, 37.55938 ] ], [ [ -122.07268, 37.55591 ], [ -122.07271, 37.55591 ], [ -122.07268, 37.55588 ], [ -122.07268, 37.55591 ] ], [ [ -122.08144, 37.55642 ], [ -122.08147, 37.55642 ], [ -122.08144, 37.55639 ], [ -122.08144, 37.55642 ] ], [ [ -122.08034, 37.55532 ], [ -122.08036, 37.55532 ], [ -122.08034, 37.55529 ], [ -122.08034, 37.55532 ] ], [ [ -122.07287, 37.55672 ], [ -122.0729, 37.55672 ], [ -122.07287, 37.55669 ], [ -122.07287, 37.55672 ] ], [ [ -122.07998, 37.55567 ], [ -122.08001, 37.55567 ], [ -122.07998, 37.55564 ], [ -122.07998, 37.55567 ] ], [ [ -122.07327, 37.55502 ], [ -122.0733, 37.55502 ], [ -122.07327, 37.55499 ], [ -122.07327, 37.55502 ] ], [ [ -122.07945, 37.55567 ], [ -122.07947, 37.55567 ], [ -122.07945, 37.55564 ], [ -122.07945, 37.55567 ] ], [ [ -122.08133, 37.55642 ], [ -122.08136, 37.55642 ], [ -122.08133, 37.55639 ], [ -122.08133, 37.55642 ] ], [ [ -122.07357, 37.55523 ], [ -122.0736, 37.55523 ], [ -122.07357, 37.55521 ], [ -122.07357, 37.55523 ] ], [ [ -122.08039, 37.55513 ], [ -122.08042, 37.55513 ], [ -122.08039, 37.5551 ], [ -122.08039, 37.55513 ] ], [ [ -122.08715, 37.55871 ], [ -122.08718, 37.55871 ], [ -122.08715, 37.55868 ], [ -122.08715, 37.55871 ] ], [ [ -122.07117, 37.55173 ], [ -122.0712, 37.55173 ], [ -122.07117, 37.5517 ], [ -122.07117, 37.55173 ] ], [ [ -122.08562, 37.5593 ], [ -122.08564, 37.5593 ], [ -122.08562, 37.55928 ], [ -122.08562, 37.5593 ] ], [ [ -122.07112, 37.55149 ], [ -122.07115, 37.55149 ], [ -122.07112, 37.55146 ], [ -122.07112, 37.55149 ] ], [ [ -122.07085, 37.54798 ], [ -122.07088, 37.54798 ], [ -122.07085, 37.54796 ], [ -122.07085, 37.54798 ] ], [ [ -122.06821, 37.56286 ], [ -122.06823, 37.56286 ], [ -122.06821, 37.56283 ], [ -122.06821, 37.56286 ] ], [ [ -122.07775, 37.55488 ], [ -122.07778, 37.55488 ], [ -122.07775, 37.55486 ], [ -122.07775, 37.55488 ] ], [ [ -122.07371, 37.55518 ], [ -122.07373, 37.55518 ], [ -122.07371, 37.55515 ], [ -122.07371, 37.55518 ] ], [ [ -122.07742, 37.55434 ], [ -122.07745, 37.55434 ], [ -122.07742, 37.55432 ], [ -122.07742, 37.55434 ] ], [ [ -122.07066, 37.55868 ], [ -122.07069, 37.55868 ], [ -122.07066, 37.55866 ], [ -122.07066, 37.55868 ] ], [ [ -122.08866, 37.55715 ], [ -122.08869, 37.55715 ], [ -122.08866, 37.55712 ], [ -122.08866, 37.55715 ] ], [ [ -122.07608, 37.55909 ], [ -122.0761, 37.55909 ], [ -122.07608, 37.55906 ], [ -122.07608, 37.55909 ] ], [ [ -122.0705, 37.56017 ], [ -122.07053, 37.56017 ], [ -122.0705, 37.56014 ], [ -122.0705, 37.56017 ] ], [ [ -122.07398, 37.55658 ], [ -122.074, 37.55658 ], [ -122.07398, 37.55655 ], [ -122.07398, 37.55658 ] ], [ [ -122.07031, 37.55839 ], [ -122.07034, 37.55839 ], [ -122.07031, 37.55836 ], [ -122.07031, 37.55839 ] ], [ [ -122.09314, 37.55637 ], [ -122.09316, 37.55637 ], [ -122.09314, 37.55634 ], [ -122.09314, 37.55637 ] ], [ [ -122.07602, 37.55723 ], [ -122.07605, 37.55723 ], [ -122.07602, 37.5572 ], [ -122.07602, 37.55723 ] ], [ [ -122.09354, 37.56079 ], [ -122.09357, 37.56079 ], [ -122.09354, 37.56076 ], [ -122.09354, 37.56079 ] ], [ [ -122.08015, 37.54634 ], [ -122.08017, 37.54634 ], [ -122.08015, 37.54631 ], [ -122.08015, 37.54634 ] ], [ [ -122.07602, 37.55903 ], [ -122.07605, 37.55903 ], [ -122.07602, 37.55901 ], [ -122.07602, 37.55903 ] ], [ [ -122.08314, 37.55839 ], [ -122.08316, 37.55839 ], [ -122.08314, 37.55836 ], [ -122.08314, 37.55839 ] ], [ [ -122.08346, 37.55796 ], [ -122.08349, 37.55796 ], [ -122.08346, 37.55793 ], [ -122.08346, 37.55796 ] ], [ [ -122.07592, 37.55847 ], [ -122.07594, 37.55847 ], [ -122.07592, 37.55844 ], [ -122.07592, 37.55847 ] ], [ [ -122.07282, 37.55647 ], [ -122.07284, 37.55647 ], [ -122.07282, 37.55645 ], [ -122.07282, 37.55647 ] ], [ [ -122.08349, 37.5579 ], [ -122.08352, 37.5579 ], [ -122.08349, 37.55788 ], [ -122.08349, 37.5579 ] ], [ [ -122.0705, 37.54796 ], [ -122.07053, 37.54796 ], [ -122.0705, 37.54793 ], [ -122.0705, 37.54796 ] ], [ [ -122.08042, 37.55537 ], [ -122.08044, 37.55537 ], [ -122.08042, 37.55534 ], [ -122.08042, 37.55537 ] ], [ [ -122.08683, 37.56025 ], [ -122.08686, 37.56025 ], [ -122.08683, 37.56022 ], [ -122.08683, 37.56025 ] ], [ [ -122.08036, 37.55518 ], [ -122.08039, 37.55518 ], [ -122.08036, 37.55515 ], [ -122.08036, 37.55518 ] ], [ [ -122.08335, 37.55623 ], [ -122.08338, 37.55623 ], [ -122.08335, 37.5562 ], [ -122.08335, 37.55623 ] ], [ [ -122.07268, 37.55682 ], [ -122.07271, 37.55682 ], [ -122.07268, 37.5568 ], [ -122.07268, 37.55682 ] ], [ [ -122.07268, 37.55413 ], [ -122.07271, 37.55413 ], [ -122.07268, 37.5541 ], [ -122.07268, 37.55413 ] ], [ [ -122.08096, 37.55537 ], [ -122.08098, 37.55537 ], [ -122.08096, 37.55534 ], [ -122.08096, 37.55537 ] ], [ [ -122.08155, 37.55596 ], [ -122.08157, 37.55596 ], [ -122.08155, 37.55593 ], [ -122.08155, 37.55596 ] ], [ [ -122.08613, 37.5586 ], [ -122.08616, 37.5586 ], [ -122.08613, 37.55858 ], [ -122.08613, 37.5586 ] ], [ [ -122.07791, 37.55672 ], [ -122.07794, 37.55672 ], [ -122.07791, 37.55669 ], [ -122.07791, 37.55672 ] ], [ [ -122.0729, 37.55602 ], [ -122.07292, 37.55602 ], [ -122.0729, 37.55599 ], [ -122.0729, 37.55602 ] ], [ [ -122.07608, 37.5592 ], [ -122.0761, 37.5592 ], [ -122.07608, 37.55917 ], [ -122.07608, 37.5592 ] ], [ [ -122.07592, 37.55868 ], [ -122.07597, 37.55868 ], [ -122.07592, 37.55866 ], [ -122.07592, 37.55868 ] ], [ [ -122.08532, 37.55909 ], [ -122.08537, 37.55909 ], [ -122.08532, 37.55906 ], [ -122.08532, 37.55909 ] ], [ [ -122.07357, 37.55529 ], [ -122.07362, 37.55529 ], [ -122.07357, 37.55526 ], [ -122.07357, 37.55529 ] ], [ [ -122.07274, 37.55674 ], [ -122.07279, 37.55674 ], [ -122.07274, 37.55672 ], [ -122.07274, 37.55674 ] ], [ [ -122.08624, 37.55968 ], [ -122.08629, 37.55968 ], [ -122.08624, 37.55965 ], [ -122.08624, 37.55968 ] ], [ [ -122.07381, 37.55629 ], [ -122.07387, 37.55629 ], [ -122.07381, 37.55626 ], [ -122.07381, 37.55629 ] ], [ [ -122.08551, 37.55963 ], [ -122.08556, 37.55963 ], [ -122.08551, 37.5596 ], [ -122.08551, 37.55963 ] ], [ [ -122.07387, 37.55685 ], [ -122.07389, 37.55685 ], [ -122.07387, 37.5568 ], [ -122.07387, 37.55685 ] ], [ [ -122.08136, 37.55505 ], [ -122.08141, 37.55505 ], [ -122.08136, 37.55502 ], [ -122.08136, 37.55505 ] ], [ [ -122.08457, 37.54529 ], [ -122.08459, 37.54529 ], [ -122.08457, 37.54524 ], [ -122.08457, 37.54529 ] ], [ [ -122.0753, 37.55944 ], [ -122.07532, 37.55944 ], [ -122.0753, 37.55938 ], [ -122.0753, 37.55944 ] ], [ [ -122.08656, 37.56027 ], [ -122.08661, 37.56027 ], [ -122.08656, 37.56025 ], [ -122.08656, 37.56027 ] ], [ [ -122.08036, 37.55526 ], [ -122.08042, 37.55526 ], [ -122.08036, 37.55523 ], [ -122.08036, 37.55526 ] ], [ [ -122.0723, 37.55211 ], [ -122.07236, 37.55211 ], [ -122.0723, 37.55208 ], [ -122.0723, 37.55211 ] ], [ [ -122.08357, 37.55798 ], [ -122.0836, 37.55798 ], [ -122.08357, 37.55793 ], [ -122.08357, 37.55798 ] ], [ [ -122.07063, 37.55876 ], [ -122.07066, 37.55876 ], [ -122.07063, 37.55871 ], [ -122.07063, 37.55876 ] ], [ [ -122.07352, 37.5562 ], [ -122.07357, 37.5562 ], [ -122.07352, 37.55618 ], [ -122.07352, 37.5562 ] ], [ [ -122.08055, 37.55604 ], [ -122.0806, 37.55604 ], [ -122.08055, 37.55602 ], [ -122.08055, 37.55604 ] ], [ [ -122.09362, 37.56146 ], [ -122.09368, 37.56146 ], [ -122.09362, 37.56143 ], [ -122.09362, 37.56146 ] ], [ [ -122.08686, 37.56054 ], [ -122.08688, 37.56054 ], [ -122.08686, 37.56049 ], [ -122.08686, 37.56054 ] ], [ [ -122.08597, 37.5599 ], [ -122.08594, 37.5599 ], [ -122.08597, 37.55992 ], [ -122.08597, 37.5599 ] ], [ [ -122.08594, 37.55995 ], [ -122.08594, 37.55992 ], [ -122.08591, 37.55995 ], [ -122.08594, 37.55995 ] ], [ [ -122.0753, 37.55806 ], [ -122.0753, 37.55804 ], [ -122.07527, 37.55806 ], [ -122.0753, 37.55806 ] ], [ [ -122.07524, 37.55804 ], [ -122.07527, 37.55804 ], [ -122.07524, 37.55801 ], [ -122.07524, 37.55804 ] ], [ [ -122.0715, 37.55992 ], [ -122.0715, 37.5599 ], [ -122.07147, 37.55992 ], [ -122.0715, 37.55992 ] ], [ [ -122.07144, 37.5599 ], [ -122.07147, 37.5599 ], [ -122.07144, 37.55987 ], [ -122.07144, 37.5599 ] ], [ [ -122.08074, 37.5458 ], [ -122.08071, 37.5458 ], [ -122.08074, 37.54583 ], [ -122.08074, 37.5458 ] ], [ [ -122.08071, 37.54586 ], [ -122.08071, 37.54583 ], [ -122.08069, 37.54586 ], [ -122.08071, 37.54586 ] ], [ [ -122.08516, 37.56006 ], [ -122.08516, 37.56003 ], [ -122.08513, 37.56006 ], [ -122.08516, 37.56006 ] ], [ [ -122.08511, 37.56003 ], [ -122.08513, 37.56003 ], [ -122.08511, 37.56 ], [ -122.08511, 37.56003 ] ], [ [ -122.08527, 37.56 ], [ -122.08532, 37.56 ], [ -122.08527, 37.55998 ], [ -122.08527, 37.56 ] ], [ [ -122.07381, 37.55623 ], [ -122.07387, 37.55623 ], [ -122.07381, 37.5562 ], [ -122.07381, 37.55623 ] ], [ [ -122.08112, 37.55478 ], [ -122.08117, 37.55478 ], [ -122.08112, 37.55475 ], [ -122.08112, 37.55478 ] ], [ [ -122.07718, 37.55833 ], [ -122.07721, 37.55833 ], [ -122.07718, 37.55828 ], [ -122.07718, 37.55833 ] ], [ [ -122.07389, 37.55674 ], [ -122.07392, 37.55674 ], [ -122.07389, 37.55669 ], [ -122.07389, 37.55674 ] ], [ [ -122.08567, 37.5593 ], [ -122.08573, 37.5593 ], [ -122.08567, 37.55928 ], [ -122.08567, 37.5593 ] ], [ [ -122.0736, 37.55615 ], [ -122.07362, 37.55615 ], [ -122.0736, 37.5561 ], [ -122.0736, 37.55615 ] ], [ [ -122.07387, 37.55666 ], [ -122.07392, 37.55666 ], [ -122.07387, 37.55664 ], [ -122.07387, 37.55666 ] ], [ [ -122.08007, 37.55173 ], [ -122.08012, 37.55173 ], [ -122.08007, 37.5517 ], [ -122.08007, 37.55173 ] ], [ [ -122.07166, 37.55812 ], [ -122.07168, 37.55812 ], [ -122.07166, 37.55806 ], [ -122.07166, 37.55812 ] ], [ [ -122.06953, 37.55925 ], [ -122.06958, 37.55925 ], [ -122.06953, 37.55922 ], [ -122.06953, 37.55925 ] ], [ [ -122.0816, 37.55596 ], [ -122.08166, 37.55596 ], [ -122.0816, 37.55593 ], [ -122.0816, 37.55596 ] ], [ [ -122.06985, 37.55866 ], [ -122.06991, 37.55866 ], [ -122.06985, 37.55863 ], [ -122.06985, 37.55866 ] ], [ [ -122.08718, 37.55841 ], [ -122.08723, 37.55841 ], [ -122.08718, 37.55839 ], [ -122.08718, 37.55841 ] ], [ [ -122.08543, 37.56025 ], [ -122.08548, 37.56025 ], [ -122.08543, 37.56022 ], [ -122.08543, 37.56025 ] ], [ [ -122.08152, 37.55661 ], [ -122.08157, 37.55661 ], [ -122.08152, 37.55658 ], [ -122.08152, 37.55661 ] ], [ [ -122.07106, 37.55154 ], [ -122.07109, 37.55154 ], [ -122.07104, 37.55149 ], [ -122.07106, 37.55154 ] ], [ [ -122.06934, 37.55914 ], [ -122.06942, 37.55914 ], [ -122.06934, 37.55911 ], [ -122.06934, 37.55914 ] ], [ [ -122.0806, 37.54594 ], [ -122.08058, 37.54594 ], [ -122.0806, 37.54596 ], [ -122.0806, 37.54594 ] ], [ [ -122.08058, 37.54599 ], [ -122.08058, 37.54596 ], [ -122.08052, 37.54599 ], [ -122.08058, 37.54599 ] ], [ [ -122.08643, 37.56027 ], [ -122.08651, 37.56027 ], [ -122.08643, 37.56025 ], [ -122.08643, 37.56027 ] ], [ [ -122.07096, 37.55162 ], [ -122.07104, 37.55162 ], [ -122.07096, 37.5516 ], [ -122.07096, 37.55162 ] ], [ [ -122.08139, 37.54521 ], [ -122.08136, 37.54521 ], [ -122.08139, 37.54524 ], [ -122.08139, 37.54521 ] ], [ [ -122.08136, 37.54526 ], [ -122.08136, 37.54524 ], [ -122.08133, 37.54526 ], [ -122.08136, 37.54526 ] ], [ [ -122.08131, 37.54529 ], [ -122.08133, 37.54529 ], [ -122.08133, 37.54526 ], [ -122.08131, 37.54529 ] ], [ [ -122.07406, 37.55672 ], [ -122.07403, 37.55672 ], [ -122.07406, 37.55674 ], [ -122.07406, 37.55672 ] ], [ [ -122.07403, 37.55677 ], [ -122.07403, 37.55674 ], [ -122.074, 37.55677 ], [ -122.07403, 37.55677 ] ], [ [ -122.07398, 37.5568 ], [ -122.074, 37.5568 ], [ -122.074, 37.55677 ], [ -122.07398, 37.5568 ] ], [ [ -122.08047, 37.54604 ], [ -122.08044, 37.54604 ], [ -122.08047, 37.54607 ], [ -122.08047, 37.54604 ] ], [ [ -122.08044, 37.5461 ], [ -122.08044, 37.54607 ], [ -122.08042, 37.5461 ], [ -122.08044, 37.5461 ] ], [ [ -122.08039, 37.54613 ], [ -122.08042, 37.54613 ], [ -122.08042, 37.5461 ], [ -122.08039, 37.54613 ] ], [ [ -122.08589, 37.55911 ], [ -122.08589, 37.55914 ], [ -122.08591, 37.55911 ], [ -122.08589, 37.55911 ] ], [ [ -122.08594, 37.55914 ], [ -122.08591, 37.55914 ], [ -122.08594, 37.55917 ], [ -122.08594, 37.55914 ] ], [ [ -122.08591, 37.5592 ], [ -122.08591, 37.55917 ], [ -122.08589, 37.5592 ], [ -122.08591, 37.5592 ] ], [ [ -122.07044, 37.55955 ], [ -122.0705, 37.55955 ], [ -122.07044, 37.55952 ], [ -122.07044, 37.55955 ] ], [ [ -122.07069, 37.55965 ], [ -122.07069, 37.55963 ], [ -122.07063, 37.55965 ], [ -122.07069, 37.55965 ] ], [ [ -122.08672, 37.56052 ], [ -122.08678, 37.56052 ], [ -122.08672, 37.56046 ], [ -122.08672, 37.56052 ] ], [ [ -122.06953, 37.56079 ], [ -122.06956, 37.56079 ], [ -122.0695, 37.56073 ], [ -122.06953, 37.56079 ] ], [ [ -122.07373, 37.5562 ], [ -122.07368, 37.5562 ], [ -122.07373, 37.55623 ], [ -122.07373, 37.5562 ] ], [ [ -122.07368, 37.55626 ], [ -122.07368, 37.55623 ], [ -122.07365, 37.55626 ], [ -122.07368, 37.55626 ] ], [ [ -122.07368, 37.55653 ], [ -122.07373, 37.55653 ], [ -122.07368, 37.5565 ], [ -122.07368, 37.55653 ] ], [ [ -122.08562, 37.56054 ], [ -122.08562, 37.56052 ], [ -122.08556, 37.56054 ], [ -122.08562, 37.56054 ] ], [ [ -122.06945, 37.55922 ], [ -122.0695, 37.55922 ], [ -122.06945, 37.55917 ], [ -122.06945, 37.55922 ] ], [ [ -122.07306, 37.55402 ], [ -122.07311, 37.55402 ], [ -122.07309, 37.55397 ], [ -122.07306, 37.55402 ] ], [ [ -122.08225, 37.55561 ], [ -122.0823, 37.55558 ], [ -122.08225, 37.55556 ], [ -122.08225, 37.55561 ] ], [ [ -122.08696, 37.56019 ], [ -122.08702, 37.56019 ], [ -122.08696, 37.56014 ], [ -122.08696, 37.56019 ] ], [ [ -122.08556, 37.55968 ], [ -122.08567, 37.55968 ], [ -122.08556, 37.55965 ], [ -122.08556, 37.55968 ] ], [ [ -122.07721, 37.55405 ], [ -122.07726, 37.55405 ], [ -122.07721, 37.55399 ], [ -122.07721, 37.55405 ] ], [ [ -122.0926, 37.55992 ], [ -122.09271, 37.55992 ], [ -122.0926, 37.5599 ], [ -122.0926, 37.55992 ] ], [ [ -122.0809, 37.55526 ], [ -122.08082, 37.55526 ], [ -122.08087, 37.55532 ], [ -122.0809, 37.55526 ] ], [ [ -122.08613, 37.56084 ], [ -122.08608, 37.56081 ], [ -122.08613, 37.56087 ], [ -122.08613, 37.56084 ] ], [ [ -122.07381, 37.55709 ], [ -122.07387, 37.55709 ], [ -122.07381, 37.55704 ], [ -122.07381, 37.55709 ] ], [ [ -122.07368, 37.55634 ], [ -122.07373, 37.55634 ], [ -122.07368, 37.55629 ], [ -122.07368, 37.55634 ] ], [ [ -122.07325, 37.56084 ], [ -122.0733, 37.56084 ], [ -122.07325, 37.56079 ], [ -122.07325, 37.56084 ] ], [ [ -122.07276, 37.55629 ], [ -122.07276, 37.55626 ], [ -122.07274, 37.55629 ], [ -122.07276, 37.55629 ] ], [ [ -122.07271, 37.55626 ], [ -122.07274, 37.55626 ], [ -122.07268, 37.5562 ], [ -122.07271, 37.55626 ] ], [ [ -122.08136, 37.55146 ], [ -122.08141, 37.55146 ], [ -122.08136, 37.55141 ], [ -122.08136, 37.55146 ] ], [ [ -122.07058, 37.5596 ], [ -122.07061, 37.5596 ], [ -122.07055, 37.55952 ], [ -122.07058, 37.5596 ] ], [ [ -122.08308, 37.55833 ], [ -122.08314, 37.55833 ], [ -122.08308, 37.55828 ], [ -122.08308, 37.55833 ] ], [ [ -122.07524, 37.55453 ], [ -122.07524, 37.55451 ], [ -122.07516, 37.55453 ], [ -122.07524, 37.55453 ] ], [ [ -122.07513, 37.55451 ], [ -122.07516, 37.55451 ], [ -122.07513, 37.55448 ], [ -122.07513, 37.55451 ] ], [ [ -122.09281, 37.55987 ], [ -122.09273, 37.55987 ], [ -122.09281, 37.5599 ], [ -122.09281, 37.55987 ] ], [ [ -122.07322, 37.55424 ], [ -122.07322, 37.55418 ], [ -122.07319, 37.55424 ], [ -122.07322, 37.55424 ] ], [ [ -122.07314, 37.55418 ], [ -122.07317, 37.55418 ], [ -122.07314, 37.55416 ], [ -122.07314, 37.55418 ] ], [ [ -122.08554, 37.55901 ], [ -122.08562, 37.55901 ], [ -122.08554, 37.55898 ], [ -122.08554, 37.55901 ] ], [ [ -122.07031, 37.55833 ], [ -122.07034, 37.55833 ], [ -122.07031, 37.55823 ], [ -122.07031, 37.55833 ] ], [ [ -122.07349, 37.55626 ], [ -122.07362, 37.55626 ], [ -122.07349, 37.55623 ], [ -122.07349, 37.55626 ] ], [ [ -122.07061, 37.55887 ], [ -122.07066, 37.55887 ], [ -122.07061, 37.55882 ], [ -122.07061, 37.55887 ] ], [ [ -122.07309, 37.55413 ], [ -122.07314, 37.55413 ], [ -122.07309, 37.55408 ], [ -122.07309, 37.55413 ] ], [ [ -122.08648, 37.56038 ], [ -122.08645, 37.5603 ], [ -122.0864, 37.56035 ], [ -122.08648, 37.56038 ] ], [ [ -122.07344, 37.56084 ], [ -122.07349, 37.56084 ], [ -122.07344, 37.56079 ], [ -122.07344, 37.56084 ] ], [ [ -122.08252, 37.55583 ], [ -122.0826, 37.55583 ], [ -122.08252, 37.55577 ], [ -122.08252, 37.55583 ] ], [ [ -122.08721, 37.55874 ], [ -122.08715, 37.55874 ], [ -122.08721, 37.55876 ], [ -122.08721, 37.55874 ] ], [ [ -122.08715, 37.55882 ], [ -122.08715, 37.55879 ], [ -122.0871, 37.55882 ], [ -122.08715, 37.55882 ] ], [ [ -122.08613, 37.55971 ], [ -122.08621, 37.55973 ], [ -122.08613, 37.55968 ], [ -122.08613, 37.55971 ] ], [ [ -122.09354, 37.56103 ], [ -122.09357, 37.56103 ], [ -122.09354, 37.56089 ], [ -122.09354, 37.56103 ] ], [ [ -122.07815, 37.55529 ], [ -122.07826, 37.55526 ], [ -122.07815, 37.55523 ], [ -122.07815, 37.55529 ] ], [ [ -122.06904, 37.56157 ], [ -122.06904, 37.56154 ], [ -122.06902, 37.56157 ], [ -122.06904, 37.56157 ] ], [ [ -122.06894, 37.56151 ], [ -122.06902, 37.56154 ], [ -122.06896, 37.56146 ], [ -122.06894, 37.56151 ] ], [ [ -122.07201, 37.56035 ], [ -122.07193, 37.56033 ], [ -122.07201, 37.56038 ], [ -122.07201, 37.56035 ] ], [ [ -122.08325, 37.5582 ], [ -122.08316, 37.55823 ], [ -122.08325, 37.55828 ], [ -122.08325, 37.5582 ] ], [ [ -122.07193, 37.56073 ], [ -122.07195, 37.56068 ], [ -122.07187, 37.56073 ], [ -122.07193, 37.56073 ] ], [ [ -122.07074, 37.55833 ], [ -122.07071, 37.55833 ], [ -122.07074, 37.55847 ], [ -122.07074, 37.55833 ] ], [ [ -122.07131, 37.56033 ], [ -122.07131, 37.5603 ], [ -122.07117, 37.56027 ], [ -122.07131, 37.56033 ] ], [ [ -122.08624, 37.56084 ], [ -122.08624, 37.56095 ], [ -122.08632, 37.56087 ], [ -122.08624, 37.56084 ] ], [ [ -122.08581, 37.55882 ], [ -122.08567, 37.55882 ], [ -122.08578, 37.55887 ], [ -122.08581, 37.55882 ] ], [ [ -122.07702, 37.55364 ], [ -122.07702, 37.55359 ], [ -122.07691, 37.55356 ], [ -122.07702, 37.55364 ] ], [ [ -122.07977, 37.55585 ], [ -122.0799, 37.55585 ], [ -122.07977, 37.5558 ], [ -122.07977, 37.55585 ] ], [ [ -122.08257, 37.55588 ], [ -122.08255, 37.55588 ], [ -122.08257, 37.55591 ], [ -122.08257, 37.55588 ] ], [ [ -122.08252, 37.55596 ], [ -122.08255, 37.55591 ], [ -122.08244, 37.55588 ], [ -122.08252, 37.55596 ] ], [ [ -122.08276, 37.55793 ], [ -122.08271, 37.55798 ], [ -122.08271, 37.55804 ], [ -122.08279, 37.55801 ], [ -122.08276, 37.55793 ] ], [ [ -122.07618, 37.55925 ], [ -122.07624, 37.55925 ], [ -122.07613, 37.55917 ], [ -122.07618, 37.55925 ] ], [ [ -122.0857, 37.55941 ], [ -122.0857, 37.55936 ], [ -122.08562, 37.55944 ], [ -122.0857, 37.55941 ] ], [ [ -122.08166, 37.55515 ], [ -122.08176, 37.55515 ], [ -122.08166, 37.5551 ], [ -122.08166, 37.55515 ] ], [ [ -122.07373, 37.55615 ], [ -122.07373, 37.5561 ], [ -122.07368, 37.55612 ], [ -122.07373, 37.55615 ] ], [ [ -122.07354, 37.55607 ], [ -122.07368, 37.5561 ], [ -122.07354, 37.55604 ], [ -122.07354, 37.55607 ] ], [ [ -122.07597, 37.55863 ], [ -122.07594, 37.55852 ], [ -122.07586, 37.55863 ], [ -122.07597, 37.55863 ] ], [ [ -122.08362, 37.5579 ], [ -122.08373, 37.55788 ], [ -122.08368, 37.55779 ], [ -122.08362, 37.5579 ] ], [ [ -122.07093, 37.56003 ], [ -122.07104, 37.56003 ], [ -122.07096, 37.5599 ], [ -122.07093, 37.5599 ], [ -122.07093, 37.56003 ] ], [ [ -122.08122, 37.54534 ], [ -122.0812, 37.54534 ], [ -122.08122, 37.54537 ], [ -122.08122, 37.54534 ] ], [ [ -122.0812, 37.54542 ], [ -122.0812, 37.54537 ], [ -122.08117, 37.54542 ], [ -122.0812, 37.54542 ] ], [ [ -122.08112, 37.54545 ], [ -122.08117, 37.54545 ], [ -122.08117, 37.54542 ], [ -122.08112, 37.54545 ] ], [ [ -122.08109, 37.54548 ], [ -122.08112, 37.54548 ], [ -122.08112, 37.54545 ], [ -122.08109, 37.54548 ] ], [ [ -122.08106, 37.54551 ], [ -122.08109, 37.54551 ], [ -122.08109, 37.54548 ], [ -122.08106, 37.54551 ] ], [ [ -122.08104, 37.54553 ], [ -122.08106, 37.54553 ], [ -122.08106, 37.54551 ], [ -122.08104, 37.54553 ] ], [ [ -122.08101, 37.54556 ], [ -122.08104, 37.54556 ], [ -122.08104, 37.54553 ], [ -122.08101, 37.54556 ] ], [ [ -122.08098, 37.54559 ], [ -122.08101, 37.54559 ], [ -122.08101, 37.54556 ], [ -122.08098, 37.54559 ] ], [ [ -122.08096, 37.54561 ], [ -122.08098, 37.54561 ], [ -122.08098, 37.54559 ], [ -122.08096, 37.54561 ] ], [ [ -122.08093, 37.54564 ], [ -122.08096, 37.54564 ], [ -122.08096, 37.54561 ], [ -122.08093, 37.54564 ] ], [ [ -122.0809, 37.54567 ], [ -122.08093, 37.54567 ], [ -122.08093, 37.54564 ], [ -122.0809, 37.54567 ] ], [ [ -122.0798, 37.55184 ], [ -122.07988, 37.55184 ], [ -122.08004, 37.55173 ], [ -122.0798, 37.55184 ] ], [ [ -122.08144, 37.55615 ], [ -122.08155, 37.55612 ], [ -122.08144, 37.55604 ], [ -122.08144, 37.55615 ] ], [ [ -122.09314, 37.55987 ], [ -122.09292, 37.55987 ], [ -122.09311, 37.55995 ], [ -122.09314, 37.55987 ] ], [ [ -122.08184, 37.55569 ], [ -122.08174, 37.55577 ], [ -122.0819, 37.55583 ], [ -122.08184, 37.55577 ], [ -122.08184, 37.55569 ] ], [ [ -122.07147, 37.5606 ], [ -122.07163, 37.56065 ], [ -122.07147, 37.56054 ], [ -122.07147, 37.5606 ] ], [ [ -122.07694, 37.55399 ], [ -122.07697, 37.55391 ], [ -122.07683, 37.55381 ], [ -122.07694, 37.55399 ] ], [ [ -122.08114, 37.55634 ], [ -122.08122, 37.55645 ], [ -122.08122, 37.55631 ], [ -122.08114, 37.55634 ] ], [ [ -122.07945, 37.55205 ], [ -122.07934, 37.55211 ], [ -122.0792, 37.55227 ], [ -122.07931, 37.55224 ], [ -122.07945, 37.55205 ] ], [ [ -122.07918, 37.5523 ], [ -122.0792, 37.5523 ], [ -122.0792, 37.55227 ], [ -122.07918, 37.5523 ] ], [ [ -122.07915, 37.55232 ], [ -122.07918, 37.55232 ], [ -122.07918, 37.5523 ], [ -122.07915, 37.55232 ] ], [ [ -122.07018, 37.55914 ], [ -122.07028, 37.55914 ], [ -122.07018, 37.55901 ], [ -122.07018, 37.55914 ] ], [ [ -122.07389, 37.55634 ], [ -122.07376, 37.55637 ], [ -122.07389, 37.55647 ], [ -122.07389, 37.55634 ] ], [ [ -122.07635, 37.5592 ], [ -122.07629, 37.55925 ], [ -122.07627, 37.55944 ], [ -122.07632, 37.55947 ], [ -122.07635, 37.5592 ] ], [ [ -122.07624, 37.55941 ], [ -122.07627, 37.55941 ], [ -122.07624, 37.55938 ], [ -122.07624, 37.55941 ] ], [ [ -122.07618, 37.55944 ], [ -122.07624, 37.55944 ], [ -122.07624, 37.55941 ], [ -122.07618, 37.55944 ] ], [ [ -122.07074, 37.55963 ], [ -122.07071, 37.55968 ], [ -122.07093, 37.55987 ], [ -122.07074, 37.55963 ] ], [ [ -122.08551, 37.56035 ], [ -122.08532, 37.5603 ], [ -122.08554, 37.56044 ], [ -122.08551, 37.56035 ] ], [ [ -122.07578, 37.56044 ], [ -122.07578, 37.56057 ], [ -122.07586, 37.5606 ], [ -122.07592, 37.56046 ], [ -122.07578, 37.56044 ] ], [ [ -122.07718, 37.55324 ], [ -122.07702, 37.55327 ], [ -122.07699, 37.55337 ], [ -122.07718, 37.55324 ] ], [ [ -122.07694, 37.5534 ], [ -122.07699, 37.5534 ], [ -122.07699, 37.55337 ], [ -122.07694, 37.5534 ] ], [ [ -122.08438, 37.55761 ], [ -122.08449, 37.55761 ], [ -122.08457, 37.55752 ], [ -122.08443, 37.5575 ], [ -122.08438, 37.55761 ] ], [ [ -122.08432, 37.55761 ], [ -122.08435, 37.55766 ], [ -122.08438, 37.55766 ], [ -122.08438, 37.55761 ], [ -122.08432, 37.55761 ] ], [ [ -122.0712, 37.55947 ], [ -122.07109, 37.55944 ], [ -122.07128, 37.5596 ], [ -122.0712, 37.55947 ] ], [ [ -122.083, 37.55836 ], [ -122.083, 37.55855 ], [ -122.08314, 37.55844 ], [ -122.083, 37.55836 ] ], [ [ -122.08149, 37.55502 ], [ -122.08166, 37.55494 ], [ -122.08152, 37.5548 ], [ -122.08144, 37.55488 ], [ -122.08149, 37.55502 ] ], [ [ -122.08497, 37.55763 ], [ -122.08505, 37.55771 ], [ -122.08519, 37.55758 ], [ -122.08497, 37.55763 ] ], [ [ -122.08079, 37.55585 ], [ -122.08096, 37.55575 ], [ -122.08087, 37.55567 ], [ -122.08071, 37.55575 ], [ -122.08079, 37.55585 ] ], [ [ -122.08077, 37.55567 ], [ -122.08082, 37.55567 ], [ -122.08077, 37.55564 ], [ -122.08077, 37.55567 ] ], [ [ -122.08128, 37.55529 ], [ -122.08128, 37.55521 ], [ -122.08122, 37.55523 ], [ -122.08128, 37.55529 ] ], [ [ -122.08144, 37.55532 ], [ -122.08122, 37.55537 ], [ -122.08117, 37.55529 ], [ -122.08117, 37.5554 ], [ -122.08128, 37.55545 ], [ -122.08144, 37.55532 ] ], [ [ -122.07403, 37.55699 ], [ -122.07422, 37.55699 ], [ -122.07414, 37.55688 ], [ -122.07403, 37.55699 ] ], [ [ -122.07406, 37.55685 ], [ -122.07406, 37.55688 ], [ -122.07414, 37.55688 ], [ -122.07406, 37.55685 ] ], [ [ -122.07403, 37.55682 ], [ -122.07403, 37.55685 ], [ -122.07406, 37.55685 ], [ -122.07403, 37.55682 ] ], [ [ -122.074, 37.55691 ], [ -122.07403, 37.55691 ], [ -122.07403, 37.55685 ], [ -122.074, 37.55691 ] ], [ [ -122.07861, 37.55257 ], [ -122.07856, 37.55257 ], [ -122.07861, 37.55259 ], [ -122.07861, 37.55257 ] ], [ [ -122.07802, 37.55281 ], [ -122.07856, 37.55262 ], [ -122.07813, 37.55273 ], [ -122.07802, 37.55281 ] ], [ [ -122.07796, 37.55284 ], [ -122.07802, 37.55284 ], [ -122.07802, 37.55281 ], [ -122.07796, 37.55284 ] ], [ [ -122.08812, 37.55699 ], [ -122.0881, 37.55699 ], [ -122.08812, 37.55701 ], [ -122.08812, 37.55699 ] ], [ [ -122.08729, 37.55736 ], [ -122.0881, 37.55704 ], [ -122.08775, 37.55717 ], [ -122.08729, 37.55736 ] ], [ [ -122.07028, 37.55841 ], [ -122.07023, 37.55844 ], [ -122.07026, 37.55893 ], [ -122.07028, 37.55841 ] ], [ [ -122.07042, 37.55949 ], [ -122.07042, 37.55947 ], [ -122.07039, 37.55949 ], [ -122.07042, 37.55949 ] ], [ [ -122.07036, 37.55949 ], [ -122.07026, 37.5592 ], [ -122.07015, 37.5592 ], [ -122.0702, 37.55944 ], [ -122.07036, 37.55949 ] ], [ [ -122.08101, 37.55558 ], [ -122.08133, 37.55561 ], [ -122.08112, 37.5554 ], [ -122.08096, 37.55542 ], [ -122.08101, 37.55558 ] ], [ [ -122.07185, 37.54863 ], [ -122.07193, 37.5489 ], [ -122.07212, 37.54871 ], [ -122.07206, 37.54858 ], [ -122.07185, 37.54863 ] ], [ [ -122.07888, 37.55693 ], [ -122.0785, 37.55664 ], [ -122.07883, 37.55701 ], [ -122.07888, 37.55693 ] ], [ [ -122.08233, 37.55777 ], [ -122.08263, 37.55788 ], [ -122.08271, 37.55777 ], [ -122.08241, 37.55755 ], [ -122.08233, 37.55777 ] ], [ [ -122.0864, 37.5606 ], [ -122.08594, 37.56035 ], [ -122.0857, 37.56046 ], [ -122.08583, 37.56057 ], [ -122.0864, 37.5606 ] ], [ [ -122.08567, 37.56044 ], [ -122.08567, 37.56046 ], [ -122.0857, 37.56046 ], [ -122.08567, 37.56044 ] ], [ [ -122.0854, 37.55971 ], [ -122.08537, 37.55971 ], [ -122.0854, 37.55973 ], [ -122.0854, 37.55971 ] ], [ [ -122.08589, 37.55998 ], [ -122.08581, 37.55976 ], [ -122.08543, 37.55987 ], [ -122.08548, 37.55976 ], [ -122.08535, 37.55973 ], [ -122.08535, 37.55992 ], [ -122.08589, 37.55998 ] ], [ [ -122.08554, 37.56006 ], [ -122.08535, 37.56011 ], [ -122.0857, 37.56022 ], [ -122.08637, 37.56027 ], [ -122.08554, 37.56006 ] ], [ [ -122.07581, 37.56081 ], [ -122.07554, 37.56097 ], [ -122.07645, 37.5607 ], [ -122.07573, 37.56073 ], [ -122.07581, 37.56081 ] ], [ [ -122.0802, 37.55168 ], [ -122.08117, 37.55135 ], [ -122.08193, 37.55127 ], [ -122.08128, 37.55125 ], [ -122.0802, 37.55168 ] ], [ [ -122.08015, 37.55168 ], [ -122.08015, 37.5517 ], [ -122.0802, 37.5517 ], [ -122.0802, 37.55168 ], [ -122.08015, 37.55168 ] ], [ [ -122.0906, 37.55906 ], [ -122.09085, 37.55887 ], [ -122.09039, 37.5586 ], [ -122.09041, 37.55887 ], [ -122.0906, 37.55906 ] ], [ [ -122.07772, 37.5586 ], [ -122.07772, 37.55858 ], [ -122.07767, 37.5586 ], [ -122.07772, 37.5586 ] ], [ [ -122.07686, 37.55871 ], [ -122.07713, 37.55855 ], [ -122.07767, 37.55855 ], [ -122.07707, 37.5585 ], [ -122.0767, 37.55882 ], [ -122.07651, 37.55925 ], [ -122.07656, 37.56011 ], [ -122.07643, 37.56025 ], [ -122.07662, 37.56019 ], [ -122.07656, 37.55936 ], [ -122.07686, 37.55871 ] ], [ [ -122.07737, 37.55982 ], [ -122.07794, 37.55971 ], [ -122.07818, 37.55914 ], [ -122.07748, 37.5596 ], [ -122.07689, 37.56025 ], [ -122.07737, 37.55982 ] ], [ [ -122.08907, 37.56025 ], [ -122.08888, 37.55998 ], [ -122.08874, 37.56006 ], [ -122.08885, 37.56076 ], [ -122.08907, 37.56079 ], [ -122.08907, 37.56025 ] ], [ [ -122.08228, 37.55758 ], [ -122.08179, 37.55774 ], [ -122.08157, 37.55806 ], [ -122.08174, 37.55817 ], [ -122.08176, 37.55841 ], [ -122.08203, 37.55852 ], [ -122.08233, 37.55833 ], [ -122.08249, 37.55793 ], [ -122.08222, 37.55785 ], [ -122.08228, 37.55758 ] ], [ [ -122.07201, 37.54995 ], [ -122.07295, 37.54993 ], [ -122.07387, 37.54939 ], [ -122.07492, 37.54917 ], [ -122.07524, 37.54874 ], [ -122.07314, 37.54947 ], [ -122.07201, 37.54995 ] ], [ [ -122.07769, 37.55728 ], [ -122.07759, 37.55682 ], [ -122.07769, 37.55677 ], [ -122.07753, 37.55674 ], [ -122.07745, 37.55634 ], [ -122.07726, 37.55626 ], [ -122.07705, 37.55634 ], [ -122.07705, 37.55647 ], [ -122.07664, 37.5565 ], [ -122.07635, 37.55677 ], [ -122.0767, 37.55715 ], [ -122.0767, 37.55728 ], [ -122.07662, 37.55726 ], [ -122.07654, 37.55728 ], [ -122.07675, 37.55731 ], [ -122.07694, 37.5575 ], [ -122.07729, 37.5575 ], [ -122.07769, 37.55728 ] ], [ [ -122.07648, 37.55661 ], [ -122.07651, 37.55661 ], [ -122.07648, 37.55658 ], [ -122.07648, 37.55661 ] ], [ [ -122.08793, 37.5589 ], [ -122.08785, 37.55898 ], [ -122.08737, 37.55911 ], [ -122.08721, 37.5593 ], [ -122.08678, 37.55928 ], [ -122.08651, 37.55882 ], [ -122.08624, 37.55882 ], [ -122.0861, 37.55941 ], [ -122.08645, 37.55973 ], [ -122.0867, 37.55982 ], [ -122.08696, 37.55973 ], [ -122.08723, 37.55987 ], [ -122.08769, 37.55965 ], [ -122.08802, 37.5592 ], [ -122.08793, 37.5589 ] ], [ [ -122.08783, 37.55895 ], [ -122.08785, 37.55895 ], [ -122.08783, 37.55893 ], [ -122.08783, 37.55895 ] ], [ [ -122.08637, 37.55882 ], [ -122.0864, 37.55882 ], [ -122.08637, 37.55876 ], [ -122.08637, 37.55882 ] ], [ [ -122.07473, 37.55588 ], [ -122.07481, 37.55583 ], [ -122.07481, 37.5558 ], [ -122.07476, 37.5558 ], [ -122.07473, 37.55588 ] ], [ [ -122.07462, 37.55569 ], [ -122.07451, 37.55583 ], [ -122.07443, 37.55572 ], [ -122.07457, 37.5555 ], [ -122.07511, 37.55532 ], [ -122.07503, 37.55505 ], [ -122.07414, 37.55518 ], [ -122.07414, 37.55523 ], [ -122.07371, 37.55537 ], [ -122.07362, 37.55556 ], [ -122.07354, 37.55545 ], [ -122.07354, 37.55523 ], [ -122.0733, 37.55534 ], [ -122.07314, 37.55521 ], [ -122.07349, 37.55596 ], [ -122.0736, 37.55602 ], [ -122.07352, 37.55583 ], [ -122.07365, 37.5558 ], [ -122.07427, 37.55688 ], [ -122.07548, 37.55744 ], [ -122.07592, 37.5575 ], [ -122.07592, 37.55723 ], [ -122.07473, 37.55661 ], [ -122.07454, 37.55639 ], [ -122.07462, 37.55615 ], [ -122.07484, 37.55615 ], [ -122.07481, 37.55604 ], [ -122.07478, 37.55604 ], [ -122.07478, 37.55599 ], [ -122.07473, 37.55596 ], [ -122.07473, 37.55588 ], [ -122.07462, 37.55569 ] ], [ [ -122.07411, 37.55515 ], [ -122.07411, 37.55518 ], [ -122.07414, 37.55518 ], [ -122.07411, 37.55515 ] ], [ [ -122.074, 37.55523 ], [ -122.07406, 37.55523 ], [ -122.074, 37.55518 ], [ -122.074, 37.55523 ] ], [ [ -122.08721, 37.55739 ], [ -122.08718, 37.55739 ], [ -122.08721, 37.55742 ], [ -122.08721, 37.55739 ] ], [ [ -122.08378, 37.56025 ], [ -122.08478, 37.56025 ], [ -122.08478, 37.55987 ], [ -122.08527, 37.55963 ], [ -122.08546, 37.55933 ], [ -122.08516, 37.55901 ], [ -122.08486, 37.55922 ], [ -122.08449, 37.55917 ], [ -122.08346, 37.55965 ], [ -122.08263, 37.55973 ], [ -122.08182, 37.56003 ], [ -122.08157, 37.56003 ], [ -122.08157, 37.55995 ], [ -122.08524, 37.55823 ], [ -122.08702, 37.55747 ], [ -122.08721, 37.55752 ], [ -122.08713, 37.55742 ], [ -122.08368, 37.55882 ], [ -122.08122, 37.56003 ], [ -122.08015, 37.56009 ], [ -122.07697, 37.56062 ], [ -122.08101, 37.56009 ], [ -122.08338, 37.56027 ], [ -122.08362, 37.56006 ], [ -122.08378, 37.56025 ] ], [ [ -122.07694, 37.5606 ], [ -122.07697, 37.5606 ], [ -122.07694, 37.56057 ], [ -122.07694, 37.5606 ] ] ], [ [ [ -122.07589, 37.57006 ], [ -122.07198, 37.57458 ], [ -122.07182, 37.57466 ], [ -122.07554, 37.5703 ], [ -122.07589, 37.57006 ] ] ], [ [ [ -122.07888, 37.57981 ], [ -122.07888, 37.5797 ], [ -122.07953, 37.57908 ], [ -122.0791, 37.57973 ], [ -122.07939, 37.57995 ], [ -122.07955, 37.57981 ], [ -122.07977, 37.57984 ], [ -122.07969, 37.58014 ], [ -122.0802, 37.58041 ], [ -122.08025, 37.57957 ], [ -122.08004, 37.57957 ], [ -122.07993, 37.57941 ], [ -122.08001, 37.5793 ], [ -122.08025, 37.5793 ], [ -122.08025, 37.57884 ], [ -122.07996, 37.57873 ], [ -122.08023, 37.57871 ], [ -122.08028, 37.57857 ], [ -122.08012, 37.57836 ], [ -122.08039, 37.5783 ], [ -122.08044, 37.58027 ], [ -122.08028, 37.58059 ], [ -122.08066, 37.58084 ], [ -122.08071, 37.58019 ], [ -122.08071, 37.58226 ], [ -122.08066, 37.58162 ], [ -122.07988, 37.58113 ], [ -122.07947, 37.58146 ], [ -122.07937, 37.58213 ], [ -122.07942, 37.58283 ], [ -122.07998, 37.58288 ], [ -122.07998, 37.58183 ], [ -122.08009, 37.58167 ], [ -122.08031, 37.58173 ], [ -122.0802, 37.58348 ], [ -122.07705, 37.58722 ], [ -122.0768, 37.58725 ], [ -122.07675, 37.58703 ], [ -122.07716, 37.58666 ], [ -122.0767, 37.58641 ], [ -122.07586, 37.5872 ], [ -122.076, 37.58741 ], [ -122.07659, 37.5876 ], [ -122.07659, 37.58787 ], [ -122.07635, 37.58784 ], [ -122.07578, 37.58741 ], [ -122.07535, 37.58771 ], [ -122.07565, 37.58792 ], [ -122.07557, 37.58814 ], [ -122.0753, 37.58811 ], [ -122.07519, 37.58779 ], [ -122.07462, 37.58795 ], [ -122.07438, 37.58784 ], [ -122.07422, 37.58811 ], [ -122.07473, 37.5883 ], [ -122.07481, 37.58849 ], [ -122.07457, 37.5886 ], [ -122.07406, 37.58825 ], [ -122.07352, 37.58943 ], [ -122.073, 37.58984 ], [ -122.07327, 37.58995 ], [ -122.07327, 37.59013 ], [ -122.073, 37.59019 ], [ -122.07287, 37.59008 ], [ -122.07274, 37.59032 ], [ -122.07265, 37.59056 ], [ -122.073, 37.5907 ], [ -122.07298, 37.59086 ], [ -122.07279, 37.59089 ], [ -122.07287, 37.59073 ], [ -122.0726, 37.59067 ], [ -122.07249, 37.59043 ], [ -122.07298, 37.58951 ], [ -122.07257, 37.58949 ], [ -122.07255, 37.58935 ], [ -122.07239, 37.58957 ], [ -122.07239, 37.58927 ], [ -122.07217, 37.58924 ], [ -122.0726, 37.58908 ], [ -122.07263, 37.5893 ], [ -122.07322, 37.58941 ], [ -122.07365, 37.58844 ], [ -122.07414, 37.58782 ], [ -122.07379, 37.58768 ], [ -122.07346, 37.58819 ], [ -122.07325, 37.58817 ], [ -122.07309, 37.58784 ], [ -122.07325, 37.5879 ], [ -122.07325, 37.58763 ], [ -122.07368, 37.5876 ], [ -122.07298, 37.58722 ], [ -122.0729, 37.58701 ], [ -122.07271, 37.58695 ], [ -122.07282, 37.58703 ], [ -122.07279, 37.58709 ], [ -122.07249, 37.58698 ], [ -122.0712, 37.58822 ], [ -122.07195, 37.58841 ], [ -122.07201, 37.58852 ], [ -122.07225, 37.58833 ], [ -122.07271, 37.58865 ], [ -122.07265, 37.58876 ], [ -122.07282, 37.58871 ], [ -122.07309, 37.58892 ], [ -122.07279, 37.589 ], [ -122.07274, 37.58887 ], [ -122.07265, 37.58884 ], [ -122.07263, 37.58906 ], [ -122.07252, 37.58889 ], [ -122.07239, 37.58892 ], [ -122.07241, 37.58906 ], [ -122.07228, 37.58903 ], [ -122.07187, 37.58862 ], [ -122.07171, 37.58868 ], [ -122.07171, 37.58854 ], [ -122.0715, 37.58865 ], [ -122.07155, 37.58849 ], [ -122.07136, 37.58846 ], [ -122.07128, 37.58862 ], [ -122.07123, 37.5883 ], [ -122.07085, 37.58857 ], [ -122.07101, 37.58822 ], [ -122.0705, 37.58865 ], [ -122.07128, 37.5876 ], [ -122.07085, 37.58736 ], [ -122.07112, 37.5873 ], [ -122.07101, 37.58717 ], [ -122.07047, 37.58701 ], [ -122.07044, 37.58671 ], [ -122.07071, 37.58671 ], [ -122.07158, 37.5872 ], [ -122.07158, 37.58701 ], [ -122.0712, 37.58685 ], [ -122.07104, 37.58663 ], [ -122.07077, 37.58658 ], [ -122.07074, 37.58641 ], [ -122.07098, 37.58641 ], [ -122.07131, 37.5866 ], [ -122.07125, 37.58647 ], [ -122.0715, 37.58636 ], [ -122.07141, 37.5866 ], [ -122.07168, 37.58647 ], [ -122.07177, 37.58668 ], [ -122.07209, 37.58677 ], [ -122.07187, 37.5865 ], [ -122.07209, 37.58655 ], [ -122.07195, 37.58644 ], [ -122.07201, 37.58641 ], [ -122.07222, 37.58655 ], [ -122.07239, 37.5865 ], [ -122.07314, 37.58558 ], [ -122.07295, 37.58598 ], [ -122.07325, 37.58577 ], [ -122.07365, 37.5852 ], [ -122.07325, 37.58555 ], [ -122.07319, 37.58553 ], [ -122.07389, 37.58464 ], [ -122.07365, 37.58447 ], [ -122.07333, 37.58466 ], [ -122.07352, 37.58429 ], [ -122.07325, 37.58388 ], [ -122.073, 37.58391 ], [ -122.07298, 37.5838 ], [ -122.07319, 37.58372 ], [ -122.07306, 37.58321 ], [ -122.07228, 37.58345 ], [ -122.0716, 37.58396 ], [ -122.07171, 37.58372 ], [ -122.0716, 37.58369 ], [ -122.07214, 37.58326 ], [ -122.07139, 37.58275 ], [ -122.07163, 37.58272 ], [ -122.07239, 37.58323 ], [ -122.0729, 37.58305 ], [ -122.0729, 37.58286 ], [ -122.0723, 37.5824 ], [ -122.07034, 37.58132 ], [ -122.06982, 37.58167 ], [ -122.07026, 37.58197 ], [ -122.07015, 37.582 ], [ -122.07026, 37.5821 ], [ -122.06961, 37.58183 ], [ -122.06972, 37.58164 ], [ -122.06956, 37.58175 ], [ -122.06953, 37.5817 ], [ -122.07007, 37.58119 ], [ -122.06788, 37.58003 ], [ -122.0678, 37.57987 ], [ -122.06982, 37.5776 ], [ -122.06985, 37.57739 ], [ -122.07023, 37.57717 ], [ -122.07104, 37.57623 ], [ -122.07158, 37.57588 ], [ -122.07155, 37.57561 ], [ -122.07171, 37.57555 ], [ -122.07193, 37.57572 ], [ -122.07244, 37.57547 ], [ -122.07214, 37.57507 ], [ -122.07233, 37.5751 ], [ -122.07233, 37.57469 ], [ -122.07451, 37.57224 ], [ -122.07538, 37.57173 ], [ -122.07521, 37.5714 ], [ -122.07551, 37.5713 ], [ -122.07565, 37.57159 ], [ -122.07621, 37.57127 ], [ -122.07583, 37.5707 ], [ -122.07594, 37.5706 ], [ -122.07618, 37.57062 ], [ -122.07624, 37.57092 ], [ -122.07643, 37.57108 ], [ -122.0768, 37.57084 ], [ -122.0764, 37.57041 ], [ -122.07645, 37.57038 ], [ -122.07724, 37.57122 ], [ -122.07697, 37.57103 ], [ -122.07578, 37.57178 ], [ -122.07581, 37.57189 ], [ -122.0761, 37.57221 ], [ -122.07694, 37.57173 ], [ -122.07718, 37.57181 ], [ -122.07713, 37.572 ], [ -122.07689, 37.57202 ], [ -122.07616, 37.57245 ], [ -122.07651, 37.57297 ], [ -122.07683, 37.57289 ], [ -122.07732, 37.57243 ], [ -122.07764, 37.57251 ], [ -122.07759, 37.57272 ], [ -122.07734, 37.57275 ], [ -122.0767, 37.57316 ], [ -122.07678, 37.57343 ], [ -122.07705, 37.57361 ], [ -122.07769, 37.57318 ], [ -122.07796, 37.57318 ], [ -122.07799, 37.57343 ], [ -122.0771, 37.57378 ], [ -122.0771, 37.57394 ], [ -122.07732, 37.57426 ], [ -122.07745, 37.57426 ], [ -122.07815, 37.57388 ], [ -122.07837, 37.57391 ], [ -122.07839, 37.57415 ], [ -122.07751, 37.57442 ], [ -122.07753, 37.57461 ], [ -122.07778, 37.57491 ], [ -122.07853, 37.57464 ], [ -122.07875, 37.57466 ], [ -122.07875, 37.57488 ], [ -122.07839, 37.57488 ], [ -122.07794, 37.5751 ], [ -122.07829, 37.57555 ], [ -122.07953, 37.5752 ], [ -122.07961, 37.57542 ], [ -122.07923, 37.5755 ], [ -122.07923, 37.57563 ], [ -122.07963, 37.57644 ], [ -122.0799, 37.57666 ], [ -122.08017, 37.57666 ], [ -122.08023, 37.57685 ], [ -122.07998, 37.5769 ], [ -122.0795, 37.57663 ], [ -122.07893, 37.57558 ], [ -122.07856, 37.57566 ], [ -122.07769, 37.57623 ], [ -122.07775, 37.57639 ], [ -122.07818, 37.57661 ], [ -122.07842, 37.57636 ], [ -122.07864, 37.57644 ], [ -122.07864, 37.57663 ], [ -122.07845, 37.57674 ], [ -122.07961, 37.57733 ], [ -122.07969, 37.57758 ], [ -122.07826, 37.57919 ], [ -122.07726, 37.57868 ], [ -122.07678, 37.57822 ], [ -122.07627, 37.57852 ], [ -122.07672, 37.57898 ], [ -122.07818, 37.57981 ], [ -122.07772, 37.58051 ], [ -122.07721, 37.58094 ], [ -122.07802, 37.57997 ], [ -122.07769, 37.57984 ], [ -122.07689, 37.58073 ], [ -122.07686, 37.58057 ], [ -122.0767, 37.58057 ], [ -122.07748, 37.57976 ], [ -122.07742, 37.57962 ], [ -122.07697, 37.57941 ], [ -122.07645, 37.58005 ], [ -122.07565, 37.58062 ], [ -122.07597, 37.58108 ], [ -122.07635, 37.58124 ], [ -122.07627, 37.58143 ], [ -122.07602, 37.58138 ], [ -122.07546, 37.58078 ], [ -122.07486, 37.581 ], [ -122.0754, 37.58167 ], [ -122.07618, 37.58213 ], [ -122.07594, 37.58256 ], [ -122.07635, 37.58232 ], [ -122.07651, 37.58191 ], [ -122.07627, 37.582 ], [ -122.07707, 37.58108 ], [ -122.07686, 37.58151 ], [ -122.0771, 37.58135 ], [ -122.07775, 37.58049 ], [ -122.07837, 37.57992 ], [ -122.07985, 37.58081 ], [ -122.08001, 37.58057 ], [ -122.07888, 37.57981 ] ], [ [ -122.07212, 37.58658 ], [ -122.07212, 37.58655 ], [ -122.07209, 37.58655 ], [ -122.07212, 37.58658 ] ], [ [ -122.07592, 37.58259 ], [ -122.07594, 37.58259 ], [ -122.07594, 37.58256 ], [ -122.07592, 37.58259 ] ], [ [ -122.07654, 37.58189 ], [ -122.07651, 37.58189 ], [ -122.07651, 37.58191 ], [ -122.07654, 37.58189 ] ], [ [ -122.07955, 37.58094 ], [ -122.07823, 37.58011 ], [ -122.0764, 37.58221 ], [ -122.07654, 37.58237 ], [ -122.07672, 37.5824 ], [ -122.07694, 37.58218 ], [ -122.07831, 37.58051 ], [ -122.07931, 37.58116 ], [ -122.07947, 37.58113 ], [ -122.07955, 37.58094 ] ], [ [ -122.07306, 37.58714 ], [ -122.07303, 37.58714 ], [ -122.07306, 37.58717 ], [ -122.07306, 37.58714 ] ], [ [ -122.07212, 37.58879 ], [ -122.07217, 37.58887 ], [ -122.07228, 37.58879 ], [ -122.07212, 37.58879 ] ], [ [ -122.07077, 37.58652 ], [ -122.07077, 37.58655 ], [ -122.0708, 37.58652 ], [ -122.07077, 37.58652 ] ], [ [ -122.07616, 37.58135 ], [ -122.07629, 37.58135 ], [ -122.07616, 37.58129 ], [ -122.07616, 37.58135 ] ], [ [ -122.07104, 37.57903 ], [ -122.07106, 37.57903 ], [ -122.07104, 37.579 ], [ -122.07104, 37.57903 ] ], [ [ -122.07338, 37.588 ], [ -122.07341, 37.588 ], [ -122.07338, 37.58798 ], [ -122.07338, 37.588 ] ], [ [ -122.07115, 37.58736 ], [ -122.07117, 37.58736 ], [ -122.07115, 37.58733 ], [ -122.07115, 37.58736 ] ], [ [ -122.07465, 37.58404 ], [ -122.07468, 37.58404 ], [ -122.07465, 37.58399 ], [ -122.07465, 37.58404 ] ], [ [ -122.07618, 37.58318 ], [ -122.07621, 37.58318 ], [ -122.07618, 37.58313 ], [ -122.07618, 37.58318 ] ], [ [ -122.07662, 37.58361 ], [ -122.0767, 37.58364 ], [ -122.07662, 37.58359 ], [ -122.07662, 37.58361 ] ], [ [ -122.08004, 37.57679 ], [ -122.08009, 37.57679 ], [ -122.08004, 37.57674 ], [ -122.08004, 37.57679 ] ], [ [ -122.0716, 37.58668 ], [ -122.07158, 37.58668 ], [ -122.07163, 37.58677 ], [ -122.0716, 37.58668 ] ], [ [ -122.07158, 37.58105 ], [ -122.0715, 37.58108 ], [ -122.0716, 37.58113 ], [ -122.07158, 37.58105 ] ], [ [ -122.07131, 37.58671 ], [ -122.07144, 37.58668 ], [ -122.07136, 37.5866 ], [ -122.07131, 37.58671 ] ], [ [ -122.07309, 37.57731 ], [ -122.07295, 37.57731 ], [ -122.07295, 37.57739 ], [ -122.07306, 37.57739 ], [ -122.07309, 37.57731 ] ], [ [ -122.07575, 37.58722 ], [ -122.07567, 37.58725 ], [ -122.07575, 37.58736 ], [ -122.07575, 37.58722 ] ], [ [ -122.0719, 37.58687 ], [ -122.07177, 37.58679 ], [ -122.07182, 37.58687 ], [ -122.0719, 37.58687 ] ], [ [ -122.07166, 37.58674 ], [ -122.07166, 37.58679 ], [ -122.07174, 37.58674 ], [ -122.07166, 37.58674 ] ], [ [ -122.07166, 37.57577 ], [ -122.07174, 37.57577 ], [ -122.0716, 37.57566 ], [ -122.07166, 37.57577 ] ], [ [ -122.07212, 37.58183 ], [ -122.07214, 37.58173 ], [ -122.07203, 37.58183 ], [ -122.07212, 37.58183 ] ], [ [ -122.07667, 37.58307 ], [ -122.07643, 37.58302 ], [ -122.07637, 37.58318 ], [ -122.07659, 37.58318 ], [ -122.07667, 37.58307 ] ], [ [ -122.07131, 37.58717 ], [ -122.07131, 37.58728 ], [ -122.07139, 37.58728 ], [ -122.07141, 37.5872 ], [ -122.07131, 37.58717 ] ], [ [ -122.07131, 37.58714 ], [ -122.07112, 37.58701 ], [ -122.07101, 37.58701 ], [ -122.07104, 37.58717 ], [ -122.07131, 37.58714 ] ], [ [ -122.07117, 37.58803 ], [ -122.07155, 37.5876 ], [ -122.07125, 37.58784 ], [ -122.07117, 37.58803 ] ], [ [ -122.07651, 37.58356 ], [ -122.07627, 37.58323 ], [ -122.07605, 37.5834 ], [ -122.07635, 37.5834 ], [ -122.07637, 37.58356 ], [ -122.07651, 37.58356 ] ], [ [ -122.07635, 37.58356 ], [ -122.07635, 37.58353 ], [ -122.07629, 37.58356 ], [ -122.07635, 37.58356 ] ], [ [ -122.07621, 37.58323 ], [ -122.07624, 37.58323 ], [ -122.07621, 37.58321 ], [ -122.07621, 37.58323 ] ], [ [ -122.07408, 37.58469 ], [ -122.07462, 37.58407 ], [ -122.07408, 37.58458 ], [ -122.07408, 37.58469 ] ], [ [ -122.07274, 37.58623 ], [ -122.07271, 37.58623 ], [ -122.07274, 37.58628 ], [ -122.07274, 37.58623 ] ], [ [ -122.07228, 37.58674 ], [ -122.07252, 37.58658 ], [ -122.07265, 37.58628 ], [ -122.07233, 37.5866 ], [ -122.0722, 37.5866 ], [ -122.07228, 37.58674 ] ], [ [ -122.07678, 37.58307 ], [ -122.07694, 37.5828 ], [ -122.07664, 37.58267 ], [ -122.07672, 37.58299 ], [ -122.07678, 37.58307 ] ], [ [ -122.08042, 37.58121 ], [ -122.08066, 37.58113 ], [ -122.08063, 37.58094 ], [ -122.08036, 37.581 ], [ -122.08025, 37.58073 ], [ -122.08012, 37.58073 ], [ -122.07996, 37.58094 ], [ -122.08042, 37.58121 ] ], [ [ -122.07637, 37.58297 ], [ -122.07627, 37.5827 ], [ -122.07651, 37.58256 ], [ -122.07621, 37.58245 ], [ -122.07578, 37.58299 ], [ -122.07627, 37.58291 ], [ -122.07618, 37.58297 ], [ -122.07627, 37.5831 ], [ -122.07637, 37.58297 ] ], [ [ -122.07618, 37.5831 ], [ -122.07618, 37.58299 ], [ -122.07613, 37.58305 ], [ -122.07618, 37.5831 ] ], [ [ -122.07713, 37.58442 ], [ -122.07724, 37.58429 ], [ -122.07716, 37.58407 ], [ -122.07691, 37.5838 ], [ -122.0767, 37.58377 ], [ -122.07662, 37.58402 ], [ -122.07683, 37.5841 ], [ -122.07667, 37.58429 ], [ -122.07713, 37.58442 ] ], [ [ -122.07664, 37.58423 ], [ -122.07667, 37.58423 ], [ -122.07664, 37.58418 ], [ -122.07664, 37.58423 ] ], [ [ -122.07662, 37.58415 ], [ -122.07662, 37.58418 ], [ -122.07664, 37.58418 ], [ -122.07662, 37.58415 ] ], [ [ -122.07508, 37.58453 ], [ -122.07532, 37.58426 ], [ -122.07527, 37.58415 ], [ -122.07524, 37.58423 ], [ -122.07495, 37.58418 ], [ -122.075, 37.58391 ], [ -122.07441, 37.58456 ], [ -122.07462, 37.58447 ], [ -122.07459, 37.58477 ], [ -122.07497, 37.58488 ], [ -122.07495, 37.58466 ], [ -122.07473, 37.58466 ], [ -122.07473, 37.58458 ], [ -122.07486, 37.58439 ], [ -122.07495, 37.58458 ], [ -122.07508, 37.58453 ] ], [ [ -122.07438, 37.58458 ], [ -122.07441, 37.58458 ], [ -122.07441, 37.58456 ], [ -122.07438, 37.58458 ] ], [ [ -122.07559, 37.58375 ], [ -122.07551, 37.58375 ], [ -122.07559, 37.5838 ], [ -122.07559, 37.58375 ] ], [ [ -122.0753, 37.58415 ], [ -122.07548, 37.58407 ], [ -122.07546, 37.58394 ], [ -122.07565, 37.58391 ], [ -122.07548, 37.5838 ], [ -122.07503, 37.58383 ], [ -122.0753, 37.58415 ] ], [ [ -122.07516, 37.58369 ], [ -122.07516, 37.58377 ], [ -122.07519, 37.58369 ], [ -122.07516, 37.58369 ] ], [ [ -122.07521, 37.58369 ], [ -122.07565, 37.58356 ], [ -122.07592, 37.58383 ], [ -122.07616, 37.5838 ], [ -122.07608, 37.58348 ], [ -122.07589, 37.5834 ], [ -122.07575, 37.5831 ], [ -122.0754, 37.58334 ], [ -122.07521, 37.58369 ] ], [ [ -122.07988, 37.58353 ], [ -122.08007, 37.58307 ], [ -122.07942, 37.58305 ], [ -122.07829, 37.58442 ], [ -122.07872, 37.58474 ], [ -122.07988, 37.58353 ] ], [ [ -122.07239, 37.57504 ], [ -122.07284, 37.57539 ], [ -122.07327, 37.57634 ], [ -122.0736, 37.57658 ], [ -122.07398, 37.57617 ], [ -122.073, 37.57475 ], [ -122.07279, 37.57458 ], [ -122.07239, 37.57504 ] ], [ [ -122.07821, 37.58464 ], [ -122.0768, 37.58615 ], [ -122.07724, 37.5865 ], [ -122.07864, 37.58496 ], [ -122.07821, 37.58464 ] ], [ [ -122.07424, 37.58579 ], [ -122.07602, 37.58671 ], [ -122.07637, 37.58623 ], [ -122.07503, 37.58553 ], [ -122.0747, 37.5852 ], [ -122.07419, 37.58566 ], [ -122.07424, 37.58579 ] ], [ [ -122.07764, 37.58345 ], [ -122.07796, 37.58321 ], [ -122.07794, 37.58307 ], [ -122.07718, 37.58294 ], [ -122.07699, 37.58321 ], [ -122.07707, 37.58372 ], [ -122.07804, 37.58434 ], [ -122.07888, 37.5834 ], [ -122.07901, 37.58307 ], [ -122.07837, 37.58305 ], [ -122.07786, 37.58361 ], [ -122.07764, 37.58356 ], [ -122.07764, 37.58345 ] ], [ [ -122.07082, 37.57771 ], [ -122.07179, 37.57666 ], [ -122.07284, 37.57607 ], [ -122.07257, 37.57566 ], [ -122.07155, 37.57615 ], [ -122.07034, 37.57733 ], [ -122.07082, 37.57771 ] ], [ [ -122.07376, 37.57547 ], [ -122.07414, 37.57599 ], [ -122.07495, 37.57502 ], [ -122.07336, 37.57402 ], [ -122.07295, 37.57445 ], [ -122.0736, 37.57512 ], [ -122.07376, 37.57499 ], [ -122.07398, 37.57499 ], [ -122.07411, 37.57512 ], [ -122.07403, 37.57528 ], [ -122.07376, 37.57531 ], [ -122.07376, 37.57547 ] ], [ [ -122.07403, 37.57779 ], [ -122.07511, 37.57855 ], [ -122.07602, 37.57949 ], [ -122.07648, 37.57968 ], [ -122.07678, 37.57925 ], [ -122.07476, 37.57755 ], [ -122.07443, 37.57736 ], [ -122.07403, 37.57779 ] ], [ [ -122.07645, 37.57326 ], [ -122.07562, 37.57367 ], [ -122.07511, 37.57413 ], [ -122.07387, 37.57343 ], [ -122.07346, 37.57383 ], [ -122.07513, 37.57483 ], [ -122.07567, 37.57426 ], [ -122.0767, 37.57369 ], [ -122.07645, 37.57326 ] ], [ [ -122.07562, 37.57272 ], [ -122.07557, 37.57286 ], [ -122.0753, 37.57294 ], [ -122.07508, 37.57318 ], [ -122.0743, 37.57286 ], [ -122.07398, 37.57318 ], [ -122.07497, 37.57383 ], [ -122.07627, 37.57313 ], [ -122.07578, 37.57219 ], [ -122.07551, 37.57192 ], [ -122.07481, 37.57235 ], [ -122.07454, 37.5727 ], [ -122.07505, 37.57297 ], [ -122.07535, 37.57267 ], [ -122.07557, 37.57264 ], [ -122.0754, 37.57272 ], [ -122.0754, 37.57281 ], [ -122.07562, 37.57272 ] ], [ [ -122.07352, 37.58046 ], [ -122.07381, 37.58127 ], [ -122.07389, 37.58119 ], [ -122.07449, 37.58186 ], [ -122.07492, 37.58148 ], [ -122.07392, 37.58003 ], [ -122.07306, 37.57933 ], [ -122.0723, 37.579 ], [ -122.07203, 37.57938 ], [ -122.07271, 37.57976 ], [ -122.07352, 37.58046 ] ], [ [ -122.07691, 37.58472 ], [ -122.07637, 37.58528 ], [ -122.07627, 37.58523 ], [ -122.07672, 37.58456 ], [ -122.07608, 37.58426 ], [ -122.07511, 37.58528 ], [ -122.07659, 37.58604 ], [ -122.07786, 37.5845 ], [ -122.07753, 37.58437 ], [ -122.07726, 37.58469 ], [ -122.07691, 37.58472 ] ], [ [ -122.07726, 37.57458 ], [ -122.07675, 37.57477 ], [ -122.07662, 37.57502 ], [ -122.07635, 37.57493 ], [ -122.0764, 37.57472 ], [ -122.0771, 37.57434 ], [ -122.07691, 37.57396 ], [ -122.07678, 37.57396 ], [ -122.07675, 37.5741 ], [ -122.07659, 37.57404 ], [ -122.07654, 37.57418 ], [ -122.0761, 37.57434 ], [ -122.07605, 37.5745 ], [ -122.07562, 37.57466 ], [ -122.07535, 37.57502 ], [ -122.07637, 37.57553 ], [ -122.07748, 37.57615 ], [ -122.07799, 37.57555 ], [ -122.07769, 37.57526 ], [ -122.0774, 37.57547 ], [ -122.07705, 37.57531 ], [ -122.07732, 37.57504 ], [ -122.07751, 37.57502 ], [ -122.07726, 37.57458 ] ], [ [ -122.07699, 37.57593 ], [ -122.07699, 37.5759 ], [ -122.07697, 37.57593 ], [ -122.07699, 37.57593 ] ], [ [ -122.07565, 37.5755 ], [ -122.07527, 37.57518 ], [ -122.07384, 37.57677 ], [ -122.07449, 37.57706 ], [ -122.07616, 37.57836 ], [ -122.07656, 37.57798 ], [ -122.07524, 37.57693 ], [ -122.07476, 37.57674 ], [ -122.07478, 37.57644 ], [ -122.07565, 37.5755 ] ], [ [ -122.07799, 37.5779 ], [ -122.07813, 37.5776 ], [ -122.07823, 37.57758 ], [ -122.07818, 37.57776 ], [ -122.07837, 37.57768 ], [ -122.07839, 37.57774 ], [ -122.07764, 37.5786 ], [ -122.07813, 37.57892 ], [ -122.07939, 37.57749 ], [ -122.07794, 37.57669 ], [ -122.07778, 37.57712 ], [ -122.07694, 37.57811 ], [ -122.07742, 37.57844 ], [ -122.07799, 37.5779 ] ], [ [ -122.07786, 37.58216 ], [ -122.07853, 37.58216 ], [ -122.07856, 37.58235 ], [ -122.07769, 37.58232 ], [ -122.07726, 37.58216 ], [ -122.07691, 37.58256 ], [ -122.07761, 37.58288 ], [ -122.0791, 37.58286 ], [ -122.0791, 37.58167 ], [ -122.07923, 37.58132 ], [ -122.07848, 37.58084 ], [ -122.07804, 37.58127 ], [ -122.07839, 37.5814 ], [ -122.07842, 37.58164 ], [ -122.07818, 37.58167 ], [ -122.0781, 37.58148 ], [ -122.07788, 37.5814 ], [ -122.07742, 37.58197 ], [ -122.07786, 37.58216 ] ], [ [ -122.07718, 37.57725 ], [ -122.07748, 37.57704 ], [ -122.07769, 37.57658 ], [ -122.07589, 37.57561 ], [ -122.07559, 37.57604 ], [ -122.0768, 37.57671 ], [ -122.07659, 37.57671 ], [ -122.07656, 37.5769 ], [ -122.07643, 37.57666 ], [ -122.07548, 37.5762 ], [ -122.07535, 37.5762 ], [ -122.07508, 37.5765 ], [ -122.07508, 37.57661 ], [ -122.07583, 37.57704 ], [ -122.07678, 37.57787 ], [ -122.07718, 37.57725 ] ], [ [ -122.075, 37.58288 ], [ -122.07486, 37.58283 ], [ -122.07551, 37.58202 ], [ -122.07511, 37.58164 ], [ -122.07406, 37.5827 ], [ -122.0733, 37.58307 ], [ -122.07341, 37.58361 ], [ -122.07389, 37.58348 ], [ -122.0743, 37.58359 ], [ -122.0743, 37.58372 ], [ -122.07422, 37.58377 ], [ -122.07387, 37.58364 ], [ -122.07346, 37.58383 ], [ -122.07381, 37.58431 ], [ -122.07411, 37.58447 ], [ -122.07594, 37.5824 ], [ -122.07594, 37.58224 ], [ -122.07567, 37.58213 ], [ -122.075, 37.58288 ] ], [ [ -122.07567, 37.58286 ], [ -122.07527, 37.58321 ], [ -122.075, 37.58364 ], [ -122.07567, 37.58286 ] ], [ [ -122.07497, 37.58367 ], [ -122.075, 37.58367 ], [ -122.075, 37.58364 ], [ -122.07497, 37.58367 ] ], [ [ -122.07427, 37.58367 ], [ -122.07419, 37.58356 ], [ -122.074, 37.58356 ], [ -122.07411, 37.58372 ], [ -122.07427, 37.58367 ] ], [ [ -122.07446, 37.58501 ], [ -122.07422, 37.58482 ], [ -122.07257, 37.5866 ], [ -122.07263, 37.58677 ], [ -122.07284, 37.58685 ], [ -122.07346, 37.58625 ], [ -122.07349, 37.58639 ], [ -122.073, 37.58703 ], [ -122.07354, 37.58728 ], [ -122.07414, 37.58663 ], [ -122.07427, 37.5866 ], [ -122.07419, 37.58671 ], [ -122.07438, 37.58674 ], [ -122.07373, 37.58738 ], [ -122.07427, 37.58765 ], [ -122.07521, 37.58755 ], [ -122.07583, 37.58695 ], [ -122.07465, 37.5862 ], [ -122.07406, 37.5859 ], [ -122.07373, 37.5859 ], [ -122.07446, 37.58501 ] ], [ [ -122.07136, 37.581 ], [ -122.0716, 37.58097 ], [ -122.07166, 37.58119 ], [ -122.07141, 37.58127 ], [ -122.0712, 37.58159 ], [ -122.07174, 37.58191 ], [ -122.0719, 37.58186 ], [ -122.07195, 37.58167 ], [ -122.07217, 37.5817 ], [ -122.07222, 37.58183 ], [ -122.07201, 37.58202 ], [ -122.07282, 37.58251 ], [ -122.07325, 37.58294 ], [ -122.07384, 37.58256 ], [ -122.0733, 37.58213 ], [ -122.07311, 37.58186 ], [ -122.07317, 37.58173 ], [ -122.07392, 37.58243 ], [ -122.07438, 37.582 ], [ -122.074, 37.5817 ], [ -122.07309, 37.58035 ], [ -122.07252, 37.58 ], [ -122.0722, 37.58043 ], [ -122.07279, 37.58097 ], [ -122.07284, 37.58135 ], [ -122.07195, 37.58046 ], [ -122.07239, 37.57984 ], [ -122.07195, 37.57957 ], [ -122.07171, 37.57968 ], [ -122.07047, 37.58111 ], [ -122.07058, 37.58127 ], [ -122.07104, 37.58143 ], [ -122.07136, 37.581 ] ], [ [ -122.07028, 37.58102 ], [ -122.07214, 37.57881 ], [ -122.0716, 37.57852 ], [ -122.07109, 37.57908 ], [ -122.0709, 37.57911 ], [ -122.07144, 37.57838 ], [ -122.07109, 37.57806 ], [ -122.07085, 37.57801 ], [ -122.07047, 37.57846 ], [ -122.07026, 37.57846 ], [ -122.07069, 37.57782 ], [ -122.07015, 37.5776 ], [ -122.06867, 37.5793 ], [ -122.06923, 37.57957 ], [ -122.06974, 37.579 ], [ -122.06977, 37.57911 ], [ -122.06991, 37.57903 ], [ -122.06945, 37.57965 ], [ -122.06945, 37.57976 ], [ -122.06982, 37.57997 ], [ -122.06974, 37.58005 ], [ -122.06859, 37.57943 ], [ -122.06823, 37.57968 ], [ -122.06815, 37.57989 ], [ -122.07028, 37.58102 ] ], [ [ -122.06974, 37.57914 ], [ -122.06977, 37.57914 ], [ -122.06977, 37.57911 ], [ -122.06974, 37.57914 ] ], [ [ -122.07459, 37.57935 ], [ -122.07449, 37.57922 ], [ -122.07521, 37.57981 ], [ -122.07508, 37.58008 ], [ -122.07446, 37.58038 ], [ -122.07473, 37.58084 ], [ -122.07527, 37.58065 ], [ -122.07624, 37.57989 ], [ -122.0753, 37.57914 ], [ -122.07459, 37.57838 ], [ -122.07398, 37.57798 ], [ -122.07384, 37.57803 ], [ -122.07362, 37.57793 ], [ -122.07414, 37.57725 ], [ -122.07408, 37.57714 ], [ -122.07362, 37.57693 ], [ -122.07314, 37.57747 ], [ -122.0729, 37.57744 ], [ -122.07287, 37.57725 ], [ -122.07314, 37.57717 ], [ -122.07344, 37.57682 ], [ -122.07292, 37.57631 ], [ -122.07236, 37.57658 ], [ -122.07252, 37.57674 ], [ -122.07244, 37.57693 ], [ -122.07201, 37.57679 ], [ -122.07158, 37.57725 ], [ -122.07249, 37.57793 ], [ -122.0733, 37.5783 ], [ -122.07395, 37.57873 ], [ -122.07403, 37.57884 ], [ -122.07379, 37.57873 ], [ -122.07387, 37.57881 ], [ -122.07381, 37.57884 ], [ -122.07298, 37.57838 ], [ -122.07255, 37.57811 ], [ -122.07263, 37.57803 ], [ -122.07244, 37.5779 ], [ -122.07214, 37.57787 ], [ -122.0715, 37.57739 ], [ -122.07106, 37.57779 ], [ -122.07185, 37.57844 ], [ -122.0736, 37.57941 ], [ -122.07433, 37.58022 ], [ -122.07495, 37.57997 ], [ -122.07449, 37.57941 ], [ -122.07459, 37.57935 ] ], [ [ -122.07268, 37.57806 ], [ -122.07263, 37.57806 ], [ -122.07268, 37.57809 ], [ -122.07268, 37.57806 ] ], [ [ -122.07271, 37.57811 ], [ -122.07271, 37.57809 ], [ -122.07268, 37.57809 ], [ -122.07271, 37.57811 ] ], [ [ -122.07228, 37.57787 ], [ -122.0723, 37.57787 ], [ -122.07228, 37.57784 ], [ -122.07228, 37.57787 ] ] ], [ [ [ -122.0802, 37.58396 ], [ -122.0805, 37.5838 ], [ -122.08042, 37.58404 ], [ -122.07807, 37.58677 ], [ -122.07783, 37.58682 ], [ -122.0802, 37.58396 ] ] ], [ [ [ -122.08093, 37.58747 ], [ -122.08093, 37.58695 ], [ -122.08112, 37.58749 ], [ -122.08101, 37.58558 ], [ -122.08112, 37.58539 ], [ -122.0812, 37.58628 ], [ -122.08117, 37.58674 ], [ -122.08136, 37.58757 ], [ -122.08077, 37.58749 ], [ -122.08093, 37.58747 ] ], [ [ -122.08117, 37.58647 ], [ -122.08114, 37.58644 ], [ -122.08114, 37.58647 ], [ -122.08117, 37.58647 ] ] ], [ [ [ -122.07489, 37.58698 ], [ -122.07465, 37.58709 ], [ -122.07438, 37.58674 ], [ -122.07451, 37.58668 ], [ -122.07489, 37.58698 ] ], [ [ -122.07473, 37.5869 ], [ -122.07462, 37.58693 ], [ -122.07473, 37.58698 ], [ -122.07473, 37.5869 ] ] ], [ [ [ -122.07772, 37.58717 ], [ -122.0767, 37.58833 ], [ -122.0743, 37.58889 ], [ -122.07336, 37.59137 ], [ -122.07319, 37.59137 ], [ -122.07344, 37.59038 ], [ -122.0736, 37.59024 ], [ -122.07392, 37.58911 ], [ -122.07424, 37.58873 ], [ -122.0761, 37.58819 ], [ -122.07662, 37.58817 ], [ -122.07745, 37.58717 ], [ -122.07775, 37.58698 ], [ -122.07772, 37.58717 ] ], [ [ -122.07344, 37.59056 ], [ -122.07338, 37.59065 ], [ -122.07344, 37.59067 ], [ -122.07344, 37.59056 ] ], [ [ -122.07346, 37.59048 ], [ -122.07344, 37.59048 ], [ -122.07344, 37.59056 ], [ -122.07346, 37.59048 ] ], [ [ -122.07349, 37.59043 ], [ -122.07346, 37.59043 ], [ -122.07346, 37.59048 ], [ -122.07349, 37.59043 ] ] ], [ [ [ -122.07705, 37.5886 ], [ -122.07942, 37.58571 ], [ -122.07945, 37.5859 ], [ -122.07961, 37.58588 ], [ -122.07963, 37.58574 ], [ -122.07966, 37.58588 ], [ -122.0785, 37.58717 ], [ -122.07899, 37.58744 ], [ -122.07972, 37.58749 ], [ -122.07974, 37.58733 ], [ -122.07912, 37.58725 ], [ -122.07896, 37.58709 ], [ -122.07977, 37.58709 ], [ -122.07974, 37.58671 ], [ -122.07945, 37.58652 ], [ -122.07985, 37.58604 ], [ -122.07993, 37.58612 ], [ -122.07963, 37.58655 ], [ -122.0799, 37.5866 ], [ -122.08023, 37.58633 ], [ -122.08023, 37.58663 ], [ -122.07998, 37.58666 ], [ -122.07993, 37.58709 ], [ -122.0805, 37.58714 ], [ -122.08039, 37.58693 ], [ -122.08052, 37.58609 ], [ -122.08015, 37.58609 ], [ -122.0802, 37.58558 ], [ -122.07953, 37.58526 ], [ -122.07996, 37.58544 ], [ -122.08015, 37.58542 ], [ -122.0802, 37.5845 ], [ -122.08034, 37.58434 ], [ -122.08034, 37.58544 ], [ -122.08063, 37.58547 ], [ -122.08071, 37.58504 ], [ -122.08077, 37.58582 ], [ -122.08085, 37.58569 ], [ -122.0809, 37.58593 ], [ -122.0809, 37.5866 ], [ -122.08077, 37.58609 ], [ -122.08071, 37.58671 ], [ -122.08077, 37.59145 ], [ -122.08087, 37.59145 ], [ -122.0809, 37.59094 ], [ -122.08106, 37.59145 ], [ -122.08114, 37.59127 ], [ -122.08109, 37.58779 ], [ -122.08131, 37.58771 ], [ -122.08131, 37.58908 ], [ -122.08122, 37.58946 ], [ -122.08136, 37.59156 ], [ -122.08109, 37.59251 ], [ -122.08101, 37.59186 ], [ -122.08085, 37.59183 ], [ -122.08082, 37.59194 ], [ -122.08085, 37.59485 ], [ -122.08077, 37.5952 ], [ -122.08052, 37.59512 ], [ -122.08044, 37.59539 ], [ -122.08007, 37.59542 ], [ -122.07985, 37.59531 ], [ -122.08028, 37.59509 ], [ -122.08025, 37.59407 ], [ -122.08007, 37.59407 ], [ -122.07996, 37.59388 ], [ -122.08001, 37.59377 ], [ -122.08039, 37.59396 ], [ -122.08044, 37.59445 ], [ -122.08055, 37.59447 ], [ -122.08071, 37.59321 ], [ -122.07993, 37.59321 ], [ -122.07974, 37.59331 ], [ -122.07961, 37.59321 ], [ -122.07982, 37.59348 ], [ -122.07945, 37.59366 ], [ -122.07945, 37.5938 ], [ -122.0791, 37.59337 ], [ -122.07915, 37.59304 ], [ -122.07947, 37.59267 ], [ -122.0792, 37.59253 ], [ -122.0788, 37.59294 ], [ -122.0785, 37.59356 ], [ -122.07853, 37.59366 ], [ -122.07883, 37.59366 ], [ -122.07896, 37.5938 ], [ -122.07891, 37.59396 ], [ -122.07864, 37.59401 ], [ -122.07772, 37.59339 ], [ -122.07751, 37.59345 ], [ -122.07745, 37.59334 ], [ -122.07737, 37.59342 ], [ -122.07761, 37.59267 ], [ -122.07751, 37.59253 ], [ -122.07705, 37.5928 ], [ -122.07672, 37.59286 ], [ -122.07656, 37.59275 ], [ -122.07683, 37.59248 ], [ -122.07769, 37.59232 ], [ -122.07753, 37.59189 ], [ -122.07651, 37.59229 ], [ -122.07705, 37.59191 ], [ -122.07656, 37.59207 ], [ -122.07645, 37.59205 ], [ -122.07745, 37.59159 ], [ -122.07737, 37.59116 ], [ -122.07751, 37.59132 ], [ -122.07759, 37.59113 ], [ -122.07775, 37.59154 ], [ -122.07807, 37.59151 ], [ -122.07791, 37.59102 ], [ -122.07761, 37.59102 ], [ -122.07786, 37.59083 ], [ -122.07759, 37.59011 ], [ -122.07732, 37.59021 ], [ -122.07748, 37.59089 ], [ -122.07726, 37.59051 ], [ -122.07724, 37.59086 ], [ -122.07694, 37.59027 ], [ -122.07524, 37.59054 ], [ -122.07495, 37.59127 ], [ -122.07492, 37.5911 ], [ -122.07481, 37.59116 ], [ -122.0754, 37.58973 ], [ -122.07675, 37.58941 ], [ -122.07659, 37.58889 ], [ -122.0761, 37.589 ], [ -122.07581, 37.58897 ], [ -122.07484, 37.5893 ], [ -122.07468, 37.58959 ], [ -122.07468, 37.58943 ], [ -122.07454, 37.58954 ], [ -122.07465, 37.58927 ], [ -122.075, 37.589 ], [ -122.07589, 37.58892 ], [ -122.07705, 37.5886 ] ], [ [ -122.0771, 37.59189 ], [ -122.07705, 37.59189 ], [ -122.07705, 37.59191 ], [ -122.0771, 37.59189 ] ], [ [ -122.08074, 37.59512 ], [ -122.08077, 37.59512 ], [ -122.08074, 37.59507 ], [ -122.08074, 37.59512 ] ], [ [ -122.07586, 37.58897 ], [ -122.07594, 37.58897 ], [ -122.07586, 37.58895 ], [ -122.07586, 37.58897 ] ], [ [ -122.07969, 37.58776 ], [ -122.07969, 37.58779 ], [ -122.07972, 37.58776 ], [ -122.07969, 37.58776 ] ], [ [ -122.07963, 37.5911 ], [ -122.07963, 37.59113 ], [ -122.07966, 37.5911 ], [ -122.07963, 37.5911 ] ], [ [ -122.07753, 37.59329 ], [ -122.07753, 37.59331 ], [ -122.07756, 37.59329 ], [ -122.07753, 37.59329 ] ], [ [ -122.07945, 37.59162 ], [ -122.07945, 37.59164 ], [ -122.07947, 37.59162 ], [ -122.07945, 37.59162 ] ], [ [ -122.08063, 37.58658 ], [ -122.08063, 37.5866 ], [ -122.08066, 37.58658 ], [ -122.08063, 37.58658 ] ], [ [ -122.0798, 37.59162 ], [ -122.0798, 37.59164 ], [ -122.07982, 37.59162 ], [ -122.0798, 37.59162 ] ], [ [ -122.07974, 37.58962 ], [ -122.07974, 37.58965 ], [ -122.07977, 37.58962 ], [ -122.07974, 37.58962 ] ], [ [ -122.07928, 37.59059 ], [ -122.07928, 37.59062 ], [ -122.07931, 37.59059 ], [ -122.07928, 37.59059 ] ], [ [ -122.07885, 37.58747 ], [ -122.07885, 37.58749 ], [ -122.07888, 37.58747 ], [ -122.07885, 37.58747 ] ], [ [ -122.07945, 37.59113 ], [ -122.07945, 37.59116 ], [ -122.07947, 37.59113 ], [ -122.07945, 37.59113 ] ], [ [ -122.07947, 37.5893 ], [ -122.07947, 37.58933 ], [ -122.0795, 37.5893 ], [ -122.07947, 37.5893 ] ], [ [ -122.08052, 37.58844 ], [ -122.08052, 37.58846 ], [ -122.08055, 37.58844 ], [ -122.08052, 37.58844 ] ], [ [ -122.08077, 37.58585 ], [ -122.08077, 37.58588 ], [ -122.08079, 37.58585 ], [ -122.08077, 37.58585 ] ], [ [ -122.07969, 37.59059 ], [ -122.07969, 37.59062 ], [ -122.07972, 37.59059 ], [ -122.07969, 37.59059 ] ], [ [ -122.07713, 37.59186 ], [ -122.07713, 37.59189 ], [ -122.07716, 37.59186 ], [ -122.07713, 37.59186 ] ], [ [ -122.08047, 37.5869 ], [ -122.08047, 37.58693 ], [ -122.0805, 37.5869 ], [ -122.08047, 37.5869 ] ], [ [ -122.08125, 37.58892 ], [ -122.08125, 37.58895 ], [ -122.08128, 37.58892 ], [ -122.08125, 37.58892 ] ], [ [ -122.07907, 37.58897 ], [ -122.07907, 37.589 ], [ -122.0791, 37.58897 ], [ -122.07907, 37.58897 ] ], [ [ -122.07988, 37.59102 ], [ -122.07988, 37.59105 ], [ -122.0799, 37.59102 ], [ -122.07988, 37.59102 ] ], [ [ -122.07993, 37.59102 ], [ -122.07993, 37.59105 ], [ -122.07996, 37.59102 ], [ -122.07993, 37.59102 ] ], [ [ -122.08012, 37.59102 ], [ -122.08012, 37.59105 ], [ -122.08015, 37.59102 ], [ -122.08012, 37.59102 ] ], [ [ -122.08017, 37.5876 ], [ -122.08017, 37.58763 ], [ -122.0802, 37.5876 ], [ -122.08017, 37.5876 ] ], [ [ -122.07912, 37.58906 ], [ -122.07912, 37.58908 ], [ -122.07915, 37.58906 ], [ -122.07912, 37.58906 ] ], [ [ -122.07937, 37.58978 ], [ -122.07937, 37.58981 ], [ -122.07939, 37.58978 ], [ -122.07937, 37.58978 ] ], [ [ -122.08058, 37.58916 ], [ -122.08058, 37.58919 ], [ -122.08063, 37.58916 ], [ -122.08058, 37.58916 ] ], [ [ -122.07928, 37.59051 ], [ -122.07928, 37.59054 ], [ -122.07934, 37.59051 ], [ -122.07928, 37.59051 ] ], [ [ -122.07918, 37.5907 ], [ -122.07918, 37.59073 ], [ -122.07923, 37.5907 ], [ -122.07918, 37.5907 ] ], [ [ -122.08058, 37.58819 ], [ -122.08058, 37.58825 ], [ -122.0806, 37.58819 ], [ -122.08058, 37.58819 ] ], [ [ -122.08063, 37.59391 ], [ -122.08063, 37.59393 ], [ -122.08069, 37.59391 ], [ -122.08063, 37.59391 ] ], [ [ -122.07829, 37.59164 ], [ -122.07829, 37.59167 ], [ -122.07834, 37.59164 ], [ -122.07829, 37.59164 ] ], [ [ -122.07716, 37.5886 ], [ -122.07716, 37.58857 ], [ -122.07713, 37.5886 ], [ -122.07716, 37.5886 ] ], [ [ -122.0771, 37.58862 ], [ -122.07713, 37.58862 ], [ -122.07713, 37.5886 ], [ -122.0771, 37.58862 ] ], [ [ -122.08001, 37.59083 ], [ -122.08001, 37.59089 ], [ -122.08004, 37.59083 ], [ -122.08001, 37.59083 ] ], [ [ -122.08001, 37.59102 ], [ -122.08001, 37.59105 ], [ -122.08007, 37.59102 ], [ -122.08001, 37.59102 ] ], [ [ -122.07928, 37.59043 ], [ -122.07928, 37.59046 ], [ -122.07934, 37.59043 ], [ -122.07928, 37.59043 ] ], [ [ -122.08025, 37.5876 ], [ -122.08025, 37.58763 ], [ -122.08031, 37.5876 ], [ -122.08025, 37.5876 ] ], [ [ -122.0798, 37.59075 ], [ -122.07982, 37.59081 ], [ -122.07985, 37.59075 ], [ -122.0798, 37.59075 ] ], [ [ -122.07856, 37.59162 ], [ -122.07856, 37.59164 ], [ -122.07864, 37.59162 ], [ -122.07856, 37.59162 ] ], [ [ -122.08063, 37.5948 ], [ -122.08066, 37.59477 ], [ -122.08063, 37.59474 ], [ -122.08063, 37.5948 ] ], [ [ -122.0788, 37.58889 ], [ -122.07877, 37.58895 ], [ -122.07883, 37.58889 ], [ -122.0788, 37.58889 ] ], [ [ -122.07998, 37.58989 ], [ -122.07996, 37.58995 ], [ -122.08001, 37.58989 ], [ -122.07998, 37.58989 ] ], [ [ -122.08044, 37.58881 ], [ -122.0805, 37.58881 ], [ -122.08044, 37.58879 ], [ -122.08044, 37.58881 ] ], [ [ -122.08042, 37.58876 ], [ -122.08042, 37.58879 ], [ -122.08044, 37.58879 ], [ -122.08042, 37.58876 ] ], [ [ -122.07939, 37.59027 ], [ -122.07942, 37.59027 ], [ -122.07939, 37.59021 ], [ -122.07939, 37.59027 ] ], [ [ -122.07937, 37.59019 ], [ -122.07937, 37.59021 ], [ -122.07939, 37.59021 ], [ -122.07937, 37.59019 ] ], [ [ -122.07974, 37.59059 ], [ -122.07977, 37.59059 ], [ -122.07974, 37.59056 ], [ -122.07974, 37.59059 ] ], [ [ -122.07969, 37.59054 ], [ -122.07969, 37.59056 ], [ -122.07974, 37.59056 ], [ -122.07969, 37.59054 ] ], [ [ -122.07974, 37.59062 ], [ -122.07974, 37.59065 ], [ -122.07985, 37.59062 ], [ -122.07974, 37.59062 ] ], [ [ -122.07877, 37.59162 ], [ -122.07877, 37.59164 ], [ -122.07888, 37.59162 ], [ -122.07877, 37.59162 ] ], [ [ -122.08055, 37.58806 ], [ -122.08055, 37.58809 ], [ -122.08063, 37.58803 ], [ -122.08055, 37.58806 ] ], [ [ -122.07998, 37.59003 ], [ -122.07998, 37.59005 ], [ -122.08007, 37.59003 ], [ -122.07998, 37.59003 ] ], [ [ -122.07899, 37.58849 ], [ -122.07899, 37.58854 ], [ -122.07904, 37.58849 ], [ -122.07899, 37.58849 ] ], [ [ -122.07839, 37.59162 ], [ -122.07839, 37.59167 ], [ -122.07845, 37.59162 ], [ -122.07839, 37.59162 ] ], [ [ -122.07923, 37.58995 ], [ -122.07923, 37.59 ], [ -122.07928, 37.58995 ], [ -122.07923, 37.58995 ] ], [ [ -122.08034, 37.5876 ], [ -122.08034, 37.58763 ], [ -122.08047, 37.5876 ], [ -122.08034, 37.5876 ] ], [ [ -122.07928, 37.58959 ], [ -122.07928, 37.58968 ], [ -122.07937, 37.58965 ], [ -122.07928, 37.58959 ] ], [ [ -122.07915, 37.5886 ], [ -122.07915, 37.58854 ], [ -122.07907, 37.5886 ], [ -122.07915, 37.5886 ] ], [ [ -122.07891, 37.59162 ], [ -122.07891, 37.59164 ], [ -122.07918, 37.59162 ], [ -122.07891, 37.59162 ] ], [ [ -122.07993, 37.58984 ], [ -122.08012, 37.58978 ], [ -122.07993, 37.58978 ], [ -122.07993, 37.58984 ] ], [ [ -122.08012, 37.59145 ], [ -122.08012, 37.59135 ], [ -122.08004, 37.59143 ], [ -122.08012, 37.59145 ] ], [ [ -122.07998, 37.58895 ], [ -122.08009, 37.58895 ], [ -122.07998, 37.58884 ], [ -122.07998, 37.58895 ] ], [ [ -122.08055, 37.58903 ], [ -122.08052, 37.58884 ], [ -122.08044, 37.589 ], [ -122.08055, 37.58903 ] ], [ [ -122.08034, 37.59531 ], [ -122.08036, 37.5952 ], [ -122.08031, 37.59517 ], [ -122.08023, 37.59528 ], [ -122.08034, 37.59531 ] ], [ [ -122.07904, 37.59051 ], [ -122.07891, 37.59065 ], [ -122.0791, 37.59062 ], [ -122.07904, 37.59051 ] ], [ [ -122.07961, 37.58763 ], [ -122.07961, 37.5876 ], [ -122.07918, 37.58763 ], [ -122.07961, 37.58763 ] ], [ [ -122.08098, 37.59156 ], [ -122.08096, 37.5917 ], [ -122.08109, 37.59159 ], [ -122.08098, 37.59156 ] ], [ [ -122.0805, 37.59145 ], [ -122.0805, 37.59137 ], [ -122.08025, 37.59143 ], [ -122.0805, 37.59145 ] ], [ [ -122.08023, 37.5914 ], [ -122.08025, 37.5914 ], [ -122.08023, 37.59132 ], [ -122.08023, 37.5914 ] ], [ [ -122.07985, 37.59129 ], [ -122.07982, 37.59145 ], [ -122.07998, 37.59145 ], [ -122.07998, 37.59137 ], [ -122.07985, 37.59129 ] ], [ [ -122.07942, 37.58933 ], [ -122.0795, 37.58922 ], [ -122.0795, 37.58911 ], [ -122.07931, 37.58916 ], [ -122.07942, 37.58933 ] ], [ [ -122.08058, 37.58973 ], [ -122.08042, 37.59005 ], [ -122.08047, 37.59011 ], [ -122.08058, 37.59008 ], [ -122.08058, 37.58973 ] ], [ [ -122.0806, 37.58954 ], [ -122.08063, 37.58954 ], [ -122.0806, 37.58951 ], [ -122.0806, 37.58954 ] ], [ [ -122.0806, 37.58946 ], [ -122.08047, 37.58938 ], [ -122.08028, 37.58951 ], [ -122.08052, 37.58954 ], [ -122.0806, 37.58946 ] ], [ [ -122.0798, 37.58954 ], [ -122.08017, 37.58951 ], [ -122.08025, 37.58943 ], [ -122.07977, 37.58941 ], [ -122.0798, 37.58954 ] ], [ [ -122.0805, 37.58919 ], [ -122.08031, 37.58919 ], [ -122.08028, 37.58935 ], [ -122.08063, 37.58935 ], [ -122.0805, 37.58919 ] ], [ [ -122.07945, 37.58846 ], [ -122.07912, 37.58827 ], [ -122.07904, 37.58841 ], [ -122.07942, 37.58862 ], [ -122.0795, 37.58862 ], [ -122.07945, 37.58846 ] ], [ [ -122.07937, 37.58927 ], [ -122.07891, 37.58962 ], [ -122.07901, 37.58976 ], [ -122.0792, 37.5897 ], [ -122.07937, 37.58927 ] ], [ [ -122.08001, 37.58749 ], [ -122.0806, 37.58749 ], [ -122.08066, 37.58733 ], [ -122.07998, 37.5873 ], [ -122.08001, 37.58749 ] ], [ [ -122.08034, 37.58558 ], [ -122.08034, 37.58601 ], [ -122.08063, 37.58606 ], [ -122.08063, 37.58555 ], [ -122.08034, 37.58558 ] ], [ [ -122.08063, 37.588 ], [ -122.08055, 37.58774 ], [ -122.07985, 37.58776 ], [ -122.0799, 37.58795 ], [ -122.08063, 37.588 ] ], [ [ -122.07961, 37.59127 ], [ -122.07961, 37.59124 ], [ -122.0795, 37.59127 ], [ -122.07961, 37.59127 ] ], [ [ -122.07955, 37.59132 ], [ -122.07815, 37.59127 ], [ -122.0781, 37.59148 ], [ -122.0795, 37.59145 ], [ -122.07955, 37.59132 ] ], [ [ -122.07891, 37.58984 ], [ -122.07891, 37.58981 ], [ -122.07885, 37.58984 ], [ -122.07891, 37.58984 ] ], [ [ -122.07885, 37.59024 ], [ -122.0791, 37.5903 ], [ -122.07883, 37.58984 ], [ -122.07837, 37.58997 ], [ -122.07853, 37.59043 ], [ -122.07885, 37.59024 ] ], [ [ -122.0768, 37.58957 ], [ -122.07554, 37.58986 ], [ -122.07538, 37.59038 ], [ -122.07694, 37.59008 ], [ -122.0768, 37.58957 ] ], [ [ -122.08063, 37.59186 ], [ -122.08052, 37.59178 ], [ -122.07961, 37.59178 ], [ -122.07939, 37.59234 ], [ -122.08007, 37.59275 ], [ -122.08042, 37.59277 ], [ -122.08044, 37.59237 ], [ -122.08023, 37.59215 ], [ -122.08034, 37.59202 ], [ -122.0806, 37.59205 ], [ -122.08063, 37.59186 ] ], [ [ -122.07912, 37.59092 ], [ -122.07845, 37.59089 ], [ -122.07888, 37.5907 ], [ -122.07888, 37.59059 ], [ -122.07818, 37.59065 ], [ -122.07815, 37.59051 ], [ -122.07839, 37.59046 ], [ -122.07826, 37.59 ], [ -122.07778, 37.59008 ], [ -122.07778, 37.59024 ], [ -122.0781, 37.59113 ], [ -122.0792, 37.59105 ], [ -122.07923, 37.59116 ], [ -122.07942, 37.59113 ], [ -122.07942, 37.59062 ], [ -122.07912, 37.59092 ] ], [ [ -122.07866, 37.5921 ], [ -122.07896, 37.59202 ], [ -122.07918, 37.59213 ], [ -122.07926, 37.59191 ], [ -122.07937, 37.59197 ], [ -122.07937, 37.59178 ], [ -122.07807, 37.59178 ], [ -122.07783, 37.59186 ], [ -122.07796, 37.59256 ], [ -122.07772, 37.59321 ], [ -122.07826, 37.59345 ], [ -122.07853, 37.59288 ], [ -122.07888, 37.59251 ], [ -122.07888, 37.5924 ], [ -122.07866, 37.59232 ], [ -122.07866, 37.5921 ] ], [ [ -122.07686, 37.58881 ], [ -122.07699, 37.58935 ], [ -122.07761, 37.58911 ], [ -122.07888, 37.58765 ], [ -122.07845, 37.58736 ], [ -122.07724, 37.58862 ], [ -122.07686, 37.58881 ] ], [ [ -122.0788, 37.58884 ], [ -122.0788, 37.58881 ], [ -122.07875, 37.58884 ], [ -122.0788, 37.58884 ] ], [ [ -122.08012, 37.58809 ], [ -122.07977, 37.58819 ], [ -122.07963, 37.58811 ], [ -122.07963, 37.58776 ], [ -122.07907, 37.58771 ], [ -122.07786, 37.58914 ], [ -122.07705, 37.58951 ], [ -122.07724, 37.59 ], [ -122.07745, 37.58997 ], [ -122.07745, 37.58968 ], [ -122.07764, 37.58995 ], [ -122.07815, 37.58984 ], [ -122.07807, 37.58946 ], [ -122.07823, 37.58951 ], [ -122.07829, 37.58978 ], [ -122.07853, 37.58976 ], [ -122.07885, 37.58941 ], [ -122.07831, 37.58911 ], [ -122.07856, 37.58908 ], [ -122.07888, 37.58933 ], [ -122.07904, 37.58922 ], [ -122.07856, 37.58889 ], [ -122.07856, 37.58881 ], [ -122.07872, 37.58884 ], [ -122.07869, 37.58862 ], [ -122.0791, 37.58814 ], [ -122.0795, 37.58825 ], [ -122.07972, 37.58844 ], [ -122.07996, 37.58836 ], [ -122.08001, 37.58849 ], [ -122.08017, 37.58846 ], [ -122.08012, 37.58809 ] ] ], [ [ [ -122.07675, 37.59067 ], [ -122.07616, 37.59078 ], [ -122.07629, 37.59132 ], [ -122.07613, 37.59121 ], [ -122.07605, 37.59081 ], [ -122.07559, 37.59092 ], [ -122.07543, 37.5911 ], [ -122.07562, 37.59081 ], [ -122.0767, 37.59059 ], [ -122.0768, 37.59062 ], [ -122.07694, 37.59105 ], [ -122.07713, 37.59108 ], [ -122.07699, 37.59116 ], [ -122.07713, 37.59164 ], [ -122.07694, 37.59148 ], [ -122.07616, 37.59186 ], [ -122.07697, 37.59143 ], [ -122.07675, 37.59067 ] ] ], [ [ [ -122.07535, 37.5924 ], [ -122.07635, 37.59213 ], [ -122.07575, 37.59242 ], [ -122.07535, 37.5924 ] ] ], [ [ [ -122.07521, 37.59261 ], [ -122.07645, 37.59232 ], [ -122.07581, 37.59259 ], [ -122.07521, 37.59261 ] ] ], [ [ [ -122.08023, 37.59606 ], [ -122.08028, 37.59609 ], [ -122.07982, 37.59628 ], [ -122.07977, 37.59598 ], [ -122.07945, 37.59587 ], [ -122.07939, 37.59569 ], [ -122.07904, 37.59574 ], [ -122.07899, 37.59601 ], [ -122.07883, 37.59595 ], [ -122.07883, 37.59566 ], [ -122.07858, 37.59569 ], [ -122.0785, 37.59609 ], [ -122.07815, 37.59598 ], [ -122.07813, 37.5956 ], [ -122.0788, 37.59558 ], [ -122.07858, 37.59523 ], [ -122.07883, 37.59507 ], [ -122.07901, 37.59512 ], [ -122.07901, 37.59542 ], [ -122.07937, 37.59542 ], [ -122.07966, 37.59571 ], [ -122.07977, 37.59555 ], [ -122.07996, 37.59552 ], [ -122.08001, 37.59587 ], [ -122.08047, 37.59593 ], [ -122.07998, 37.59595 ], [ -122.08004, 37.59612 ], [ -122.08023, 37.59606 ] ] ], [ [ [ -122.07899, 37.59684 ], [ -122.07901, 37.59736 ], [ -122.07985, 37.59736 ], [ -122.07993, 37.59757 ], [ -122.07904, 37.59757 ], [ -122.07896, 37.59833 ], [ -122.07866, 37.59754 ], [ -122.07883, 37.59736 ], [ -122.07885, 37.59682 ], [ -122.07899, 37.59684 ] ] ], [ [ [ -122.0826, 37.59857 ], [ -122.08303, 37.59849 ], [ -122.08271, 37.59841 ], [ -122.08521, 37.59827 ], [ -122.08486, 37.59833 ], [ -122.08511, 37.59838 ], [ -122.08481, 37.59841 ], [ -122.0826, 37.59857 ] ] ], [ [ [ -122.09095, 37.60048 ], [ -122.09101, 37.60064 ], [ -122.09058, 37.6014 ], [ -122.09044, 37.60137 ], [ -122.09033, 37.60153 ], [ -122.09009, 37.60148 ], [ -122.09001, 37.60218 ], [ -122.08969, 37.60285 ], [ -122.08958, 37.60364 ], [ -122.08928, 37.60439 ], [ -122.08888, 37.60482 ], [ -122.08882, 37.60509 ], [ -122.08823, 37.60512 ], [ -122.08812, 37.60485 ], [ -122.08891, 37.6024 ], [ -122.0895, 37.59992 ], [ -122.08926, 37.59973 ], [ -122.08853, 37.59967 ], [ -122.08742, 37.59938 ], [ -122.08742, 37.59636 ], [ -122.08775, 37.59628 ], [ -122.09052, 37.59631 ], [ -122.09058, 37.59649 ], [ -122.09041, 37.59668 ], [ -122.0899, 37.59663 ], [ -122.09001, 37.59684 ], [ -122.08977, 37.59698 ], [ -122.09006, 37.59768 ], [ -122.09017, 37.59771 ], [ -122.0902, 37.59787 ], [ -122.09041, 37.59781 ], [ -122.09041, 37.59795 ], [ -122.09063, 37.59806 ], [ -122.09066, 37.5983 ], [ -122.09085, 37.59806 ], [ -122.09101, 37.60008 ], [ -122.08979, 37.59994 ], [ -122.08966, 37.59994 ], [ -122.08966, 37.60008 ], [ -122.09025, 37.6004 ], [ -122.09095, 37.60048 ] ], [ [ -122.09014, 37.59771 ], [ -122.09012, 37.59773 ], [ -122.09014, 37.59773 ], [ -122.09014, 37.59771 ] ], [ [ -122.0902, 37.60089 ], [ -122.09023, 37.60086 ], [ -122.0902, 37.60086 ], [ -122.0902, 37.60089 ] ], [ [ -122.09044, 37.59854 ], [ -122.09047, 37.59852 ], [ -122.09044, 37.59852 ], [ -122.09044, 37.59854 ] ], [ [ -122.0902, 37.59814 ], [ -122.09023, 37.59811 ], [ -122.0902, 37.59811 ], [ -122.0902, 37.59814 ] ], [ [ -122.09052, 37.59827 ], [ -122.09055, 37.59825 ], [ -122.09052, 37.59825 ], [ -122.09052, 37.59827 ] ], [ [ -122.0905, 37.59857 ], [ -122.09052, 37.59854 ], [ -122.0905, 37.59854 ], [ -122.0905, 37.59857 ] ], [ [ -122.09012, 37.59657 ], [ -122.09014, 37.59655 ], [ -122.09012, 37.59655 ], [ -122.09012, 37.59657 ] ], [ [ -122.09025, 37.60137 ], [ -122.09023, 37.6014 ], [ -122.09025, 37.6014 ], [ -122.09025, 37.60137 ] ], [ [ -122.0902, 37.60143 ], [ -122.09023, 37.60143 ], [ -122.09023, 37.6014 ], [ -122.0902, 37.60143 ] ], [ [ -122.08993, 37.60091 ], [ -122.08998, 37.60089 ], [ -122.08993, 37.60089 ], [ -122.08993, 37.60091 ] ], [ [ -122.09076, 37.59868 ], [ -122.09079, 37.59862 ], [ -122.09076, 37.59862 ], [ -122.09076, 37.59868 ] ], [ [ -122.09023, 37.5966 ], [ -122.09031, 37.59657 ], [ -122.09023, 37.59657 ], [ -122.09023, 37.5966 ] ], [ [ -122.09044, 37.60089 ], [ -122.0905, 37.60083 ], [ -122.09044, 37.60081 ], [ -122.09044, 37.60089 ] ], [ [ -122.09014, 37.59827 ], [ -122.0902, 37.5983 ], [ -122.09014, 37.59822 ], [ -122.09014, 37.59827 ] ], [ [ -122.09058, 37.60091 ], [ -122.0905, 37.60091 ], [ -122.0905, 37.60094 ], [ -122.09058, 37.60091 ] ], [ [ -122.09044, 37.59835 ], [ -122.09052, 37.59841 ], [ -122.0905, 37.59835 ], [ -122.09044, 37.59835 ] ], [ [ -122.08974, 37.59657 ], [ -122.08996, 37.59655 ], [ -122.08974, 37.59655 ], [ -122.08974, 37.59657 ] ], [ [ -122.09068, 37.59833 ], [ -122.09063, 37.59843 ], [ -122.09068, 37.59843 ], [ -122.09068, 37.59833 ] ], [ [ -122.0905, 37.59849 ], [ -122.09058, 37.59852 ], [ -122.09063, 37.59843 ], [ -122.0905, 37.59849 ] ], [ [ -122.09079, 37.59895 ], [ -122.09074, 37.5986 ], [ -122.09044, 37.59865 ], [ -122.09058, 37.59868 ], [ -122.09055, 37.59889 ], [ -122.09079, 37.59895 ] ] ], [ [ [ -122.08122, 37.60072 ], [ -122.07993, 37.60072 ], [ -122.08001, 37.60086 ], [ -122.08047, 37.60097 ], [ -122.08047, 37.60156 ], [ -122.08028, 37.60161 ], [ -122.08052, 37.60172 ], [ -122.08052, 37.60194 ], [ -122.07977, 37.60121 ], [ -122.07918, 37.60091 ], [ -122.07928, 37.60083 ], [ -122.07877, 37.6004 ], [ -122.07885, 37.60029 ], [ -122.07937, 37.60029 ], [ -122.0798, 37.60064 ], [ -122.07988, 37.60064 ], [ -122.07963, 37.60037 ], [ -122.0798, 37.60035 ], [ -122.07993, 37.60037 ], [ -122.07993, 37.60029 ], [ -122.08001, 37.60037 ], [ -122.08001, 37.60024 ], [ -122.08017, 37.60024 ], [ -122.08017, 37.60035 ], [ -122.08025, 37.60024 ], [ -122.08036, 37.60035 ], [ -122.08036, 37.60011 ], [ -122.08055, 37.60019 ], [ -122.08079, 37.60002 ], [ -122.08128, 37.60054 ], [ -122.08122, 37.60072 ] ], [ [ -122.07977, 37.60037 ], [ -122.07974, 37.60037 ], [ -122.07977, 37.6004 ], [ -122.07977, 37.60037 ] ], [ [ -122.08012, 37.60035 ], [ -122.08009, 37.60035 ], [ -122.08012, 37.60037 ], [ -122.08012, 37.60035 ] ], [ [ -122.08009, 37.60027 ], [ -122.08009, 37.60032 ], [ -122.08012, 37.60027 ], [ -122.08009, 37.60027 ] ], [ [ -122.07988, 37.60067 ], [ -122.07988, 37.6007 ], [ -122.07993, 37.60067 ], [ -122.07988, 37.60067 ] ], [ [ -122.07993, 37.6004 ], [ -122.07993, 37.60043 ], [ -122.07998, 37.6004 ], [ -122.07993, 37.6004 ] ], [ [ -122.08069, 37.60048 ], [ -122.08069, 37.60054 ], [ -122.08074, 37.60048 ], [ -122.08069, 37.60048 ] ], [ [ -122.08066, 37.60032 ], [ -122.08063, 37.60021 ], [ -122.08055, 37.60032 ], [ -122.08066, 37.60032 ] ] ], [ [ [ -122.07888, 37.60541 ], [ -122.07877, 37.60558 ], [ -122.07861, 37.60549 ], [ -122.07842, 37.60364 ], [ -122.07772, 37.60191 ], [ -122.07521, 37.60051 ], [ -122.07457, 37.6004 ], [ -122.0723, 37.59951 ], [ -122.0719, 37.59911 ], [ -122.07177, 37.59862 ], [ -122.07187, 37.59682 ], [ -122.07201, 37.59701 ], [ -122.0719, 37.59873 ], [ -122.07225, 37.59932 ], [ -122.07306, 37.59973 ], [ -122.07538, 37.6004 ], [ -122.07705, 37.60126 ], [ -122.07796, 37.60196 ], [ -122.07861, 37.6035 ], [ -122.07888, 37.60541 ] ] ], [ [ [ -122.08327, 37.60215 ], [ -122.08411, 37.60205 ], [ -122.08403, 37.60242 ], [ -122.08451, 37.60267 ], [ -122.08467, 37.60258 ], [ -122.08475, 37.60277 ], [ -122.08435, 37.60323 ], [ -122.08362, 37.60296 ], [ -122.08341, 37.60323 ], [ -122.08381, 37.60326 ], [ -122.08419, 37.60345 ], [ -122.08378, 37.60393 ], [ -122.08311, 37.60364 ], [ -122.08303, 37.6039 ], [ -122.08319, 37.6042 ], [ -122.08303, 37.60412 ], [ -122.08298, 37.60417 ], [ -122.08319, 37.60444 ], [ -122.083, 37.60426 ], [ -122.08281, 37.60393 ], [ -122.08284, 37.60364 ], [ -122.08357, 37.60264 ], [ -122.0833, 37.60275 ], [ -122.08284, 37.60267 ], [ -122.08354, 37.6025 ], [ -122.08362, 37.60218 ], [ -122.08327, 37.60215 ] ] ], [ [ [ -122.08613, 37.6045 ], [ -122.08591, 37.60474 ], [ -122.08548, 37.60493 ], [ -122.08537, 37.60471 ], [ -122.08508, 37.60463 ], [ -122.085, 37.60442 ], [ -122.08556, 37.60447 ], [ -122.08597, 37.60436 ], [ -122.08613, 37.6045 ] ] ], [ [ [ -122.09397, 37.60816 ], [ -122.09403, 37.60803 ], [ -122.09448, 37.60797 ], [ -122.09443, 37.60768 ], [ -122.09324, 37.60765 ], [ -122.0937, 37.60752 ], [ -122.09448, 37.60754 ], [ -122.09462, 37.60725 ], [ -122.09467, 37.60754 ], [ -122.09532, 37.60754 ], [ -122.09535, 37.6069 ], [ -122.09551, 37.60692 ], [ -122.09553, 37.60752 ], [ -122.09594, 37.60757 ], [ -122.09594, 37.60768 ], [ -122.09467, 37.6077 ], [ -122.09467, 37.608 ], [ -122.0954, 37.60816 ], [ -122.09516, 37.60816 ], [ -122.09527, 37.60827 ], [ -122.09491, 37.60816 ], [ -122.09397, 37.60816 ] ] ], [ [ [ -122.08769, 37.60878 ], [ -122.08812, 37.60919 ], [ -122.08718, 37.60911 ], [ -122.08691, 37.60927 ], [ -122.08667, 37.60924 ], [ -122.08713, 37.60897 ], [ -122.08718, 37.60881 ], [ -122.08756, 37.60886 ], [ -122.08769, 37.60878 ] ] ], [ [ [ -122.08928, 37.61048 ], [ -122.08877, 37.61091 ], [ -122.08872, 37.61072 ], [ -122.08807, 37.61075 ], [ -122.08764, 37.61124 ], [ -122.08772, 37.61132 ], [ -122.0875, 37.61142 ], [ -122.08748, 37.61132 ], [ -122.08732, 37.61134 ], [ -122.08732, 37.61148 ], [ -122.08748, 37.6115 ], [ -122.08721, 37.61161 ], [ -122.08753, 37.61153 ], [ -122.08753, 37.61161 ], [ -122.08777, 37.61161 ], [ -122.08788, 37.61153 ], [ -122.08775, 37.61145 ], [ -122.08869, 37.61099 ], [ -122.0892, 37.61088 ], [ -122.08926, 37.61105 ], [ -122.08882, 37.61129 ], [ -122.08899, 37.61137 ], [ -122.08923, 37.61191 ], [ -122.0895, 37.61186 ], [ -122.08952, 37.61161 ], [ -122.08966, 37.6118 ], [ -122.08955, 37.61194 ], [ -122.08974, 37.61194 ], [ -122.08974, 37.61218 ], [ -122.08963, 37.61202 ], [ -122.0892, 37.61212 ], [ -122.08912, 37.61202 ], [ -122.08909, 37.61215 ], [ -122.08872, 37.61215 ], [ -122.08888, 37.61194 ], [ -122.08847, 37.61142 ], [ -122.08629, 37.61226 ], [ -122.08624, 37.61212 ], [ -122.08605, 37.61215 ], [ -122.08645, 37.61194 ], [ -122.08643, 37.61183 ], [ -122.08629, 37.61186 ], [ -122.08637, 37.61161 ], [ -122.08672, 37.6118 ], [ -122.08713, 37.61169 ], [ -122.0868, 37.61121 ], [ -122.08707, 37.6111 ], [ -122.08705, 37.61064 ], [ -122.08634, 37.61032 ], [ -122.08629, 37.6104 ], [ -122.08613, 37.61005 ], [ -122.08632, 37.60981 ], [ -122.08726, 37.60975 ], [ -122.08748, 37.60927 ], [ -122.08796, 37.60929 ], [ -122.08823, 37.6094 ], [ -122.08826, 37.60989 ], [ -122.0888, 37.61021 ], [ -122.08899, 37.61013 ], [ -122.08928, 37.61048 ] ], [ [ -122.08912, 37.61188 ], [ -122.08915, 37.61188 ], [ -122.08909, 37.6118 ], [ -122.08912, 37.61188 ] ], [ [ -122.08758, 37.61167 ], [ -122.08761, 37.61167 ], [ -122.08758, 37.61164 ], [ -122.08758, 37.61167 ] ], [ [ -122.08793, 37.61153 ], [ -122.08796, 37.61153 ], [ -122.08793, 37.6115 ], [ -122.08793, 37.61153 ] ] ], [ [ [ -122.09281, 37.61291 ], [ -122.09306, 37.61318 ], [ -122.09262, 37.61293 ], [ -122.08996, 37.61051 ], [ -122.09281, 37.61291 ] ] ], [ [ [ -122.0906, 37.6146 ], [ -122.09082, 37.61452 ], [ -122.09111, 37.6146 ], [ -122.09095, 37.61455 ], [ -122.09109, 37.6145 ], [ -122.09098, 37.61444 ], [ -122.09106, 37.61439 ], [ -122.09093, 37.61442 ], [ -122.09093, 37.61431 ], [ -122.09149, 37.61447 ], [ -122.09173, 37.61439 ], [ -122.09184, 37.61471 ], [ -122.09098, 37.61493 ], [ -122.09093, 37.61474 ], [ -122.0906, 37.6146 ] ], [ [ -122.09114, 37.61463 ], [ -122.09114, 37.6146 ], [ -122.09111, 37.6146 ], [ -122.09114, 37.61463 ] ] ], [ [ [ -122.08467, 37.61479 ], [ -122.08451, 37.61506 ], [ -122.08416, 37.61493 ], [ -122.08414, 37.61468 ], [ -122.08424, 37.61463 ], [ -122.0847, 37.61468 ], [ -122.08505, 37.61458 ], [ -122.08548, 37.61458 ], [ -122.08519, 37.61463 ], [ -122.08556, 37.61477 ], [ -122.08559, 37.61487 ], [ -122.08527, 37.61477 ], [ -122.08529, 37.61495 ], [ -122.08508, 37.61506 ], [ -122.08484, 37.61495 ], [ -122.08492, 37.61477 ], [ -122.08467, 37.61479 ] ] ], [ [ [ -122.09066, 37.61563 ], [ -122.09076, 37.61533 ], [ -122.0905, 37.61522 ], [ -122.09047, 37.61501 ], [ -122.08952, 37.61471 ], [ -122.08947, 37.61487 ], [ -122.08904, 37.61474 ], [ -122.08896, 37.61501 ], [ -122.08858, 37.61485 ], [ -122.08847, 37.61509 ], [ -122.08834, 37.61495 ], [ -122.08818, 37.61506 ], [ -122.08769, 37.61504 ], [ -122.08866, 37.6145 ], [ -122.08944, 37.61433 ], [ -122.08955, 37.61409 ], [ -122.08944, 37.61393 ], [ -122.0899, 37.6142 ], [ -122.08971, 37.61371 ], [ -122.08996, 37.61385 ], [ -122.09001, 37.61409 ], [ -122.0899, 37.61412 ], [ -122.09001, 37.61417 ], [ -122.09012, 37.61401 ], [ -122.09036, 37.61396 ], [ -122.09017, 37.61393 ], [ -122.09014, 37.61366 ], [ -122.09033, 37.6138 ], [ -122.09036, 37.61369 ], [ -122.0905, 37.61363 ], [ -122.0906, 37.6138 ], [ -122.09041, 37.61393 ], [ -122.0906, 37.61404 ], [ -122.09052, 37.61428 ], [ -122.09039, 37.61431 ], [ -122.0906, 37.61436 ], [ -122.09033, 37.61439 ], [ -122.0906, 37.6145 ], [ -122.0902, 37.61442 ], [ -122.09006, 37.61444 ], [ -122.09041, 37.61455 ], [ -122.09041, 37.61468 ], [ -122.09058, 37.6146 ], [ -122.09085, 37.61522 ], [ -122.09079, 37.61536 ], [ -122.09114, 37.61539 ], [ -122.09122, 37.61549 ], [ -122.09117, 37.61603 ], [ -122.09111, 37.61582 ], [ -122.09087, 37.61579 ], [ -122.09066, 37.61563 ] ], [ [ -122.09066, 37.61501 ], [ -122.09066, 37.61498 ], [ -122.0906, 37.61501 ], [ -122.09066, 37.61501 ] ], [ [ -122.09047, 37.61369 ], [ -122.09041, 37.61369 ], [ -122.09047, 37.61371 ], [ -122.09047, 37.61369 ] ], [ [ -122.09047, 37.61409 ], [ -122.09052, 37.61409 ], [ -122.09047, 37.61406 ], [ -122.09047, 37.61409 ] ], [ [ -122.09047, 37.61468 ], [ -122.09044, 37.61468 ], [ -122.09047, 37.61471 ], [ -122.09047, 37.61468 ] ], [ [ -122.08899, 37.61471 ], [ -122.08899, 37.61474 ], [ -122.08901, 37.61471 ], [ -122.08899, 37.61471 ] ], [ [ -122.08891, 37.6146 ], [ -122.08891, 37.61463 ], [ -122.08893, 37.6146 ], [ -122.08891, 37.6146 ] ], [ [ -122.09017, 37.61468 ], [ -122.09017, 37.61471 ], [ -122.0902, 37.61468 ], [ -122.09017, 37.61468 ] ], [ [ -122.08926, 37.6146 ], [ -122.08926, 37.61463 ], [ -122.08931, 37.6146 ], [ -122.08926, 37.6146 ] ], [ [ -122.08847, 37.61471 ], [ -122.08847, 37.61477 ], [ -122.0885, 37.61471 ], [ -122.08847, 37.61471 ] ], [ [ -122.0899, 37.61455 ], [ -122.0899, 37.6146 ], [ -122.08993, 37.61455 ], [ -122.0899, 37.61455 ] ], [ [ -122.09052, 37.61498 ], [ -122.09052, 37.61501 ], [ -122.09058, 37.61498 ], [ -122.09052, 37.61498 ] ], [ [ -122.0909, 37.61574 ], [ -122.09093, 37.61574 ], [ -122.0909, 37.61568 ], [ -122.0909, 37.61574 ] ], [ [ -122.08826, 37.61482 ], [ -122.08826, 37.61485 ], [ -122.08834, 37.61482 ], [ -122.08826, 37.61482 ] ], [ [ -122.09047, 37.6142 ], [ -122.09041, 37.61404 ], [ -122.09039, 37.61404 ], [ -122.09033, 37.6142 ], [ -122.09047, 37.6142 ] ], [ [ -122.08977, 37.61423 ], [ -122.08961, 37.61428 ], [ -122.09004, 37.61442 ], [ -122.08977, 37.61423 ] ] ], [ [ [ -122.07344, 37.61495 ], [ -122.07357, 37.61487 ], [ -122.07395, 37.61501 ], [ -122.07408, 37.61539 ], [ -122.07435, 37.61555 ], [ -122.07433, 37.61568 ], [ -122.07408, 37.61579 ], [ -122.07389, 37.61571 ], [ -122.07349, 37.61522 ], [ -122.07344, 37.61495 ] ], [ [ -122.07354, 37.61501 ], [ -122.07354, 37.61504 ], [ -122.07357, 37.61501 ], [ -122.07354, 37.61501 ] ] ], [ [ [ -122.0971, 37.619 ], [ -122.09712, 37.61733 ], [ -122.09696, 37.6176 ], [ -122.09683, 37.61703 ], [ -122.0961, 37.617 ], [ -122.09602, 37.61676 ], [ -122.09618, 37.61665 ], [ -122.09599, 37.61654 ], [ -122.09605, 37.61633 ], [ -122.09707, 37.61716 ], [ -122.09712, 37.61732 ], [ -122.09712, 37.61708 ], [ -122.09306, 37.61361 ], [ -122.093, 37.61334 ], [ -122.09322, 37.61309 ], [ -122.09009, 37.61032 ], [ -122.09025, 37.61024 ], [ -122.09373, 37.61326 ], [ -122.09378, 37.61347 ], [ -122.09354, 37.61377 ], [ -122.09381, 37.61406 ], [ -122.10025, 37.61959 ], [ -122.10049, 37.61989 ], [ -122.09734, 37.61724 ], [ -122.0971, 37.619 ] ] ], [ [ [ -122.07645, 37.61447 ], [ -122.07662, 37.61458 ], [ -122.07664, 37.61506 ], [ -122.07656, 37.61563 ], [ -122.0764, 37.61571 ], [ -122.07621, 37.61563 ], [ -122.07635, 37.61479 ], [ -122.07621, 37.61458 ], [ -122.07643, 37.61452 ], [ -122.07635, 37.61404 ], [ -122.07627, 37.61417 ], [ -122.07581, 37.61425 ], [ -122.07535, 37.61423 ], [ -122.0753, 37.61412 ], [ -122.07508, 37.61417 ], [ -122.07484, 37.61398 ], [ -122.07505, 37.6138 ], [ -122.07505, 37.61393 ], [ -122.07543, 37.6139 ], [ -122.07562, 37.61377 ], [ -122.07632, 37.6138 ], [ -122.07632, 37.6139 ], [ -122.07643, 37.6138 ], [ -122.0778, 37.6138 ], [ -122.07802, 37.6139 ], [ -122.07807, 37.61377 ], [ -122.07829, 37.61374 ], [ -122.07848, 37.61382 ], [ -122.07853, 37.61425 ], [ -122.07885, 37.61428 ], [ -122.07907, 37.61415 ], [ -122.07899, 37.61382 ], [ -122.07931, 37.61361 ], [ -122.08063, 37.61361 ], [ -122.08101, 37.61366 ], [ -122.08101, 37.61401 ], [ -122.08114, 37.61366 ], [ -122.08147, 37.61371 ], [ -122.08131, 37.6139 ], [ -122.08157, 37.61401 ], [ -122.08136, 37.61401 ], [ -122.08131, 37.61412 ], [ -122.08157, 37.6142 ], [ -122.08128, 37.61423 ], [ -122.08117, 37.61436 ], [ -122.08155, 37.61444 ], [ -122.08112, 37.6145 ], [ -122.08187, 37.61452 ], [ -122.08198, 37.61463 ], [ -122.0826, 37.61455 ], [ -122.08381, 37.61466 ], [ -122.08362, 37.61504 ], [ -122.08325, 37.61493 ], [ -122.08333, 37.61468 ], [ -122.08308, 37.61471 ], [ -122.08311, 37.61487 ], [ -122.08287, 37.61501 ], [ -122.08265, 37.61493 ], [ -122.08268, 37.61474 ], [ -122.08257, 37.61474 ], [ -122.08263, 37.61509 ], [ -122.08322, 37.61501 ], [ -122.0837, 37.61514 ], [ -122.08333, 37.61522 ], [ -122.08357, 37.61525 ], [ -122.0836, 37.6153 ], [ -122.083, 37.61528 ], [ -122.08322, 37.61522 ], [ -122.08276, 37.61514 ], [ -122.08187, 37.61522 ], [ -122.08182, 37.61498 ], [ -122.08122, 37.61506 ], [ -122.08082, 37.61493 ], [ -122.08042, 37.61495 ], [ -122.08039, 37.61522 ], [ -122.08149, 37.6152 ], [ -122.08176, 37.61528 ], [ -122.08182, 37.61547 ], [ -122.08166, 37.61614 ], [ -122.08152, 37.61619 ], [ -122.08104, 37.61619 ], [ -122.08104, 37.61565 ], [ -122.08042, 37.61565 ], [ -122.08044, 37.61584 ], [ -122.08047, 37.61574 ], [ -122.0806, 37.61584 ], [ -122.08063, 37.61574 ], [ -122.08069, 37.61595 ], [ -122.08023, 37.61622 ], [ -122.08031, 37.61708 ], [ -122.08063, 37.61727 ], [ -122.08131, 37.61735 ], [ -122.08052, 37.61746 ], [ -122.08004, 37.61738 ], [ -122.07998, 37.61751 ], [ -122.07901, 37.61749 ], [ -122.07877, 37.61735 ], [ -122.07883, 37.617 ], [ -122.07953, 37.61698 ], [ -122.07961, 37.61687 ], [ -122.07969, 37.61536 ], [ -122.07942, 37.61479 ], [ -122.07869, 37.61482 ], [ -122.07813, 37.61493 ], [ -122.07796, 37.61479 ], [ -122.07799, 37.61417 ], [ -122.07791, 37.61431 ], [ -122.07675, 37.61423 ], [ -122.07645, 37.61447 ] ], [ [ -122.07966, 37.61512 ], [ -122.07966, 37.61514 ], [ -122.07969, 37.61512 ], [ -122.07966, 37.61512 ] ], [ [ -122.0753, 37.61404 ], [ -122.0753, 37.61406 ], [ -122.07532, 37.61404 ], [ -122.0753, 37.61404 ] ], [ [ -122.08052, 37.61398 ], [ -122.08052, 37.61401 ], [ -122.08055, 37.61398 ], [ -122.08052, 37.61398 ] ], [ [ -122.07637, 37.61396 ], [ -122.07637, 37.61398 ], [ -122.0764, 37.61396 ], [ -122.07637, 37.61396 ] ], [ [ -122.08025, 37.61428 ], [ -122.08025, 37.61431 ], [ -122.08028, 37.61428 ], [ -122.08025, 37.61428 ] ], [ [ -122.08211, 37.61498 ], [ -122.08211, 37.61504 ], [ -122.08214, 37.61498 ], [ -122.08211, 37.61498 ] ], [ [ -122.07654, 37.61433 ], [ -122.07654, 37.61431 ], [ -122.07651, 37.61433 ], [ -122.07654, 37.61433 ] ], [ [ -122.07648, 37.61436 ], [ -122.07651, 37.61436 ], [ -122.07651, 37.61433 ], [ -122.07648, 37.61436 ] ], [ [ -122.07632, 37.61393 ], [ -122.07632, 37.61398 ], [ -122.07635, 37.61393 ], [ -122.07632, 37.61393 ] ], [ [ -122.08233, 37.61463 ], [ -122.08233, 37.61466 ], [ -122.08238, 37.61463 ], [ -122.08233, 37.61463 ] ], [ [ -122.08238, 37.61474 ], [ -122.08241, 37.61474 ], [ -122.08238, 37.61471 ], [ -122.08238, 37.61474 ] ], [ [ -122.08233, 37.61468 ], [ -122.08233, 37.61471 ], [ -122.08238, 37.61471 ], [ -122.08233, 37.61468 ] ], [ [ -122.08023, 37.61363 ], [ -122.08023, 37.61371 ], [ -122.08031, 37.61366 ], [ -122.08023, 37.61363 ] ], [ [ -122.07796, 37.61415 ], [ -122.07804, 37.61409 ], [ -122.07796, 37.61401 ], [ -122.07796, 37.61415 ] ], [ [ -122.08023, 37.61406 ], [ -122.08023, 37.61409 ], [ -122.08055, 37.61406 ], [ -122.08023, 37.61406 ] ], [ [ -122.08031, 37.61374 ], [ -122.08055, 37.61382 ], [ -122.0805, 37.61374 ], [ -122.08031, 37.61374 ] ], [ [ -122.08238, 37.61498 ], [ -122.08246, 37.61482 ], [ -122.08217, 37.61504 ], [ -122.08238, 37.61498 ] ], [ [ -122.0802, 37.61415 ], [ -122.0802, 37.6142 ], [ -122.08055, 37.61425 ], [ -122.0802, 37.61415 ] ] ], [ [ [ -122.0923, 37.61603 ], [ -122.0923, 37.61539 ], [ -122.09211, 37.61506 ], [ -122.09241, 37.61504 ], [ -122.0926, 37.61544 ], [ -122.09297, 37.61547 ], [ -122.09297, 37.61555 ], [ -122.09327, 37.61547 ], [ -122.09322, 37.61557 ], [ -122.09295, 37.61557 ], [ -122.09295, 37.61579 ], [ -122.09324, 37.61571 ], [ -122.09376, 37.61603 ], [ -122.09384, 37.61617 ], [ -122.0937, 37.6163 ], [ -122.09316, 37.6159 ], [ -122.09268, 37.61587 ], [ -122.09262, 37.61565 ], [ -122.09244, 37.61557 ], [ -122.0923, 37.61603 ] ], [ [ -122.09368, 37.61606 ], [ -122.0937, 37.61606 ], [ -122.09368, 37.61603 ], [ -122.09368, 37.61606 ] ], [ [ -122.09235, 37.61509 ], [ -122.09233, 37.61509 ], [ -122.09235, 37.61512 ], [ -122.09235, 37.61509 ] ], [ [ -122.09284, 37.61565 ], [ -122.09289, 37.61565 ], [ -122.09284, 37.61563 ], [ -122.09284, 37.61565 ] ], [ [ -122.09351, 37.6159 ], [ -122.09349, 37.6159 ], [ -122.09351, 37.61592 ], [ -122.09351, 37.6159 ] ] ], [ [ [ -122.08257, 37.61576 ], [ -122.08279, 37.61552 ], [ -122.08287, 37.61654 ], [ -122.08273, 37.61698 ], [ -122.0826, 37.61689 ], [ -122.08257, 37.6163 ], [ -122.08209, 37.61627 ], [ -122.08201, 37.61681 ], [ -122.08187, 37.61679 ], [ -122.08195, 37.61614 ], [ -122.08228, 37.61601 ], [ -122.0826, 37.61609 ], [ -122.08257, 37.61576 ] ], [ [ -122.08271, 37.61692 ], [ -122.08273, 37.61692 ], [ -122.08271, 37.61689 ], [ -122.08271, 37.61692 ] ], [ [ -122.08201, 37.61627 ], [ -122.08206, 37.61627 ], [ -122.08201, 37.61625 ], [ -122.08201, 37.61627 ] ] ], [ [ [ -122.09381, 37.61401 ], [ -122.09365, 37.61369 ], [ -122.09933, 37.61859 ], [ -122.09904, 37.61846 ], [ -122.09381, 37.61401 ] ] ], [ [ [ -122.08376, 37.61627 ], [ -122.08384, 37.61547 ], [ -122.08392, 37.61565 ], [ -122.08403, 37.61555 ], [ -122.08408, 37.61587 ], [ -122.08424, 37.61536 ], [ -122.08481, 37.61544 ], [ -122.08478, 37.6153 ], [ -122.08543, 37.61533 ], [ -122.0854, 37.61541 ], [ -122.08519, 37.61549 ], [ -122.08475, 37.61547 ], [ -122.08467, 37.61568 ], [ -122.08419, 37.61584 ], [ -122.08422, 37.61595 ], [ -122.08467, 37.61603 ], [ -122.08492, 37.61627 ], [ -122.08564, 37.61603 ], [ -122.08626, 37.61619 ], [ -122.08723, 37.61598 ], [ -122.0875, 37.6166 ], [ -122.08721, 37.61673 ], [ -122.08702, 37.61663 ], [ -122.08667, 37.61665 ], [ -122.0861, 37.61687 ], [ -122.08594, 37.61751 ], [ -122.08573, 37.61754 ], [ -122.08546, 37.61695 ], [ -122.08502, 37.61703 ], [ -122.08505, 37.61711 ], [ -122.08484, 37.61716 ], [ -122.08497, 37.61724 ], [ -122.0847, 37.61727 ], [ -122.08459, 37.61716 ], [ -122.08451, 37.61724 ], [ -122.08419, 37.61687 ], [ -122.08362, 37.61698 ], [ -122.08327, 37.61687 ], [ -122.08392, 37.61684 ], [ -122.08408, 37.61673 ], [ -122.08389, 37.6163 ], [ -122.08376, 37.61627 ] ], [ [ -122.08529, 37.61544 ], [ -122.08527, 37.61541 ], [ -122.08527, 37.61544 ], [ -122.08529, 37.61544 ] ], [ [ -122.0847, 37.61708 ], [ -122.08459, 37.61695 ], [ -122.08473, 37.61714 ], [ -122.08494, 37.61706 ], [ -122.0847, 37.61708 ] ], [ [ -122.08457, 37.61689 ], [ -122.08457, 37.61695 ], [ -122.08459, 37.61695 ], [ -122.08457, 37.61689 ] ], [ [ -122.08403, 37.61601 ], [ -122.08411, 37.61638 ], [ -122.084, 37.6163 ], [ -122.084, 37.61641 ], [ -122.08457, 37.61687 ], [ -122.08465, 37.6166 ], [ -122.08403, 37.61601 ] ] ], [ [ [ -122.08163, 37.61719 ], [ -122.08098, 37.61711 ], [ -122.08106, 37.61649 ], [ -122.08141, 37.61644 ], [ -122.08144, 37.61676 ], [ -122.08166, 37.61681 ], [ -122.08163, 37.61719 ] ] ], [ [ [ -122.1009, 37.61617 ], [ -122.10101, 37.61603 ], [ -122.10149, 37.61595 ], [ -122.10144, 37.61622 ], [ -122.1013, 37.61622 ], [ -122.10141, 37.6166 ], [ -122.10125, 37.61657 ], [ -122.10133, 37.61711 ], [ -122.10082, 37.61711 ], [ -122.10076, 37.61727 ], [ -122.10106, 37.61746 ], [ -122.10095, 37.61762 ], [ -122.10114, 37.61776 ], [ -122.10063, 37.61792 ], [ -122.10066, 37.61803 ], [ -122.10052, 37.61803 ], [ -122.10055, 37.61811 ], [ -122.10039, 37.61797 ], [ -122.10025, 37.61824 ], [ -122.1003, 37.61757 ], [ -122.1002, 37.61733 ], [ -122.1006, 37.61733 ], [ -122.10057, 37.61754 ], [ -122.10044, 37.61757 ], [ -122.10057, 37.6176 ], [ -122.1009, 37.61617 ] ], [ [ -122.10057, 37.618 ], [ -122.10057, 37.61803 ], [ -122.1006, 37.618 ], [ -122.10057, 37.618 ] ], [ [ -122.10082, 37.61757 ], [ -122.10084, 37.61757 ], [ -122.10082, 37.61754 ], [ -122.10082, 37.61757 ] ], [ [ -122.10101, 37.61668 ], [ -122.10103, 37.61668 ], [ -122.10101, 37.61665 ], [ -122.10101, 37.61668 ] ], [ [ -122.10057, 37.61792 ], [ -122.1006, 37.61792 ], [ -122.10057, 37.61789 ], [ -122.10057, 37.61792 ] ], [ [ -122.10133, 37.61654 ], [ -122.10136, 37.61654 ], [ -122.10133, 37.61649 ], [ -122.10133, 37.61654 ] ], [ [ -122.10052, 37.61786 ], [ -122.10055, 37.61786 ], [ -122.10052, 37.61781 ], [ -122.10052, 37.61786 ] ], [ [ -122.10074, 37.61749 ], [ -122.10074, 37.61746 ], [ -122.10068, 37.61749 ], [ -122.10074, 37.61749 ] ], [ [ -122.10119, 37.61671 ], [ -122.10117, 37.61663 ], [ -122.10109, 37.61671 ], [ -122.10119, 37.61671 ] ] ], [ [ [ -122.10424, 37.61986 ], [ -122.10424, 37.61967 ], [ -122.10445, 37.61972 ], [ -122.1044, 37.61983 ], [ -122.10464, 37.61999 ], [ -122.1047, 37.62021 ], [ -122.10448, 37.62013 ], [ -122.10443, 37.62037 ], [ -122.10462, 37.62045 ], [ -122.10472, 37.62032 ], [ -122.10432, 37.62091 ], [ -122.10397, 37.62061 ], [ -122.10429, 37.61991 ], [ -122.1037, 37.62016 ], [ -122.10332, 37.62013 ], [ -122.10322, 37.61997 ], [ -122.10367, 37.61962 ], [ -122.10424, 37.61986 ] ] ], [ [ [ -122.10335, 37.62183 ], [ -122.10206, 37.62075 ], [ -122.10246, 37.62083 ], [ -122.10286, 37.62045 ], [ -122.10324, 37.62037 ], [ -122.10365, 37.62091 ], [ -122.10384, 37.62088 ], [ -122.10413, 37.62113 ], [ -122.104, 37.62129 ], [ -122.10416, 37.62164 ], [ -122.10437, 37.62175 ], [ -122.10427, 37.62196 ], [ -122.10335, 37.62183 ] ], [ [ -122.10402, 37.6218 ], [ -122.10397, 37.6218 ], [ -122.104, 37.62185 ], [ -122.10402, 37.6218 ] ] ], [ [ [ -122.08586, 37.62258 ], [ -122.08594, 37.62307 ], [ -122.08511, 37.62309 ], [ -122.08505, 37.62247 ], [ -122.08586, 37.62258 ] ] ], [ [ [ -122.05258, 37.4901 ], [ -122.05217, 37.49023 ], [ -122.04441, 37.49112 ], [ -122.04328, 37.49118 ], [ -122.04177, 37.49091 ], [ -122.04034, 37.49053 ], [ -122.03935, 37.4901 ], [ -122.03792, 37.4891 ], [ -122.03735, 37.48853 ], [ -122.03557, 37.48632 ], [ -122.03498, 37.48533 ], [ -122.03336, 37.48142 ], [ -122.03002, 37.47751 ], [ -122.02967, 37.47722 ], [ -122.02857, 37.47678 ], [ -122.02681, 37.47651 ], [ -122.02668, 37.47627 ], [ -122.02671, 37.47654 ], [ -122.02657, 37.4766 ], [ -122.02619, 37.47662 ], [ -122.02598, 37.47651 ], [ -122.02652, 37.47592 ], [ -122.02662, 37.47358 ], [ -122.02786, 37.47377 ], [ -122.02668, 37.47342 ], [ -122.02668, 37.47131 ], [ -122.02698, 37.47067 ], [ -122.02724, 37.47042 ], [ -122.02762, 37.47032 ], [ -122.03169, 37.47118 ], [ -122.03576, 37.47139 ], [ -122.03851, 37.47123 ], [ -122.04104, 37.47059 ], [ -122.04786, 37.46816 ], [ -122.04853, 37.46797 ], [ -122.0494, 37.4684 ], [ -122.04951, 37.46865 ], [ -122.05314, 37.48614 ], [ -122.05298, 37.48686 ], [ -122.05242, 37.48756 ], [ -122.05282, 37.48929 ], [ -122.05279, 37.4898 ], [ -122.05258, 37.4901 ] ], [ [ -122.04525, 37.48174 ], [ -122.04527, 37.48174 ], [ -122.04525, 37.48172 ], [ -122.04525, 37.48174 ] ], [ [ -122.03913, 37.47641 ], [ -122.03916, 37.47641 ], [ -122.03913, 37.47638 ], [ -122.03913, 37.47641 ] ], [ [ -122.04126, 37.47727 ], [ -122.04129, 37.47727 ], [ -122.04126, 37.47724 ], [ -122.04126, 37.47727 ] ], [ [ -122.0446, 37.48085 ], [ -122.04463, 37.48085 ], [ -122.0446, 37.48083 ], [ -122.0446, 37.48085 ] ], [ [ -122.03902, 37.47635 ], [ -122.03905, 37.47635 ], [ -122.03902, 37.47633 ], [ -122.03902, 37.47635 ] ], [ [ -122.03926, 37.47646 ], [ -122.03929, 37.47646 ], [ -122.03926, 37.47643 ], [ -122.03926, 37.47646 ] ], [ [ -122.03727, 37.47563 ], [ -122.0373, 37.47563 ], [ -122.03727, 37.4756 ], [ -122.03727, 37.47563 ] ], [ [ -122.04818, 37.4856 ], [ -122.04821, 37.4856 ], [ -122.04818, 37.48557 ], [ -122.04818, 37.4856 ] ], [ [ -122.04813, 37.48554 ], [ -122.04816, 37.48554 ], [ -122.04813, 37.48552 ], [ -122.04813, 37.48554 ] ], [ [ -122.03948, 37.47654 ], [ -122.03951, 37.47654 ], [ -122.03948, 37.47651 ], [ -122.03948, 37.47654 ] ], [ [ -122.048, 37.48544 ], [ -122.04802, 37.48544 ], [ -122.048, 37.48541 ], [ -122.048, 37.48544 ] ], [ [ -122.04789, 37.48535 ], [ -122.04792, 37.48535 ], [ -122.04789, 37.48533 ], [ -122.04789, 37.48535 ] ], [ [ -122.04783, 37.4853 ], [ -122.04786, 37.4853 ], [ -122.04783, 37.48527 ], [ -122.04783, 37.4853 ] ], [ [ -122.0443, 37.48042 ], [ -122.04433, 37.48042 ], [ -122.0443, 37.4804 ], [ -122.0443, 37.48042 ] ], [ [ -122.05083, 37.48729 ], [ -122.05085, 37.48729 ], [ -122.05083, 37.48727 ], [ -122.05083, 37.48729 ] ], [ [ -122.05107, 37.48743 ], [ -122.0511, 37.48743 ], [ -122.05107, 37.4874 ], [ -122.05107, 37.48743 ] ], [ [ -122.04088, 37.47711 ], [ -122.04091, 37.47711 ], [ -122.04088, 37.47708 ], [ -122.04088, 37.47711 ] ], [ [ -122.0453, 37.48182 ], [ -122.04533, 37.48182 ], [ -122.0453, 37.4818 ], [ -122.0453, 37.48182 ] ], [ [ -122.03921, 37.47643 ], [ -122.03924, 37.47643 ], [ -122.03921, 37.47641 ], [ -122.03921, 37.47643 ] ], [ [ -122.03846, 37.47611 ], [ -122.03848, 37.47611 ], [ -122.03846, 37.47608 ], [ -122.03846, 37.47611 ] ], [ [ -122.0463, 37.4832 ], [ -122.04632, 37.4832 ], [ -122.0463, 37.48317 ], [ -122.0463, 37.4832 ] ], [ [ -122.03988, 37.4767 ], [ -122.03991, 37.4767 ], [ -122.03988, 37.47668 ], [ -122.03988, 37.4767 ] ], [ [ -122.0374, 37.47568 ], [ -122.03743, 37.47568 ], [ -122.0374, 37.47565 ], [ -122.0374, 37.47568 ] ], [ [ -122.02972, 37.47409 ], [ -122.02975, 37.47409 ], [ -122.02972, 37.47406 ], [ -122.02972, 37.47409 ] ], [ [ -122.04646, 37.48341 ], [ -122.04649, 37.48341 ], [ -122.04646, 37.48339 ], [ -122.04646, 37.48341 ] ], [ [ -122.04905, 37.4863 ], [ -122.04907, 37.4863 ], [ -122.04905, 37.48627 ], [ -122.04905, 37.4863 ] ], [ [ -122.05093, 37.48735 ], [ -122.05096, 37.48735 ], [ -122.05093, 37.48732 ], [ -122.05093, 37.48735 ] ], [ [ -122.04002, 37.47676 ], [ -122.04007, 37.47676 ], [ -122.04002, 37.47673 ], [ -122.04002, 37.47676 ] ], [ [ -122.04217, 37.47792 ], [ -122.04217, 37.47789 ], [ -122.04215, 37.47792 ], [ -122.04217, 37.47792 ] ], [ [ -122.04212, 37.47789 ], [ -122.04215, 37.47789 ], [ -122.04212, 37.47786 ], [ -122.04212, 37.47789 ] ], [ [ -122.03571, 37.47522 ], [ -122.03576, 37.47522 ], [ -122.03571, 37.47519 ], [ -122.03571, 37.47522 ] ], [ [ -122.04476, 37.48104 ], [ -122.04476, 37.48102 ], [ -122.04473, 37.48104 ], [ -122.04476, 37.48104 ] ], [ [ -122.04471, 37.48102 ], [ -122.04473, 37.48102 ], [ -122.04471, 37.48099 ], [ -122.04471, 37.48102 ] ], [ [ -122.03253, 37.47463 ], [ -122.03258, 37.47463 ], [ -122.03253, 37.4746 ], [ -122.03253, 37.47463 ] ], [ [ -122.04296, 37.47875 ], [ -122.04296, 37.47872 ], [ -122.04293, 37.47875 ], [ -122.04296, 37.47875 ] ], [ [ -122.0429, 37.47872 ], [ -122.04293, 37.47872 ], [ -122.0429, 37.4787 ], [ -122.0429, 37.47872 ] ], [ [ -122.04487, 37.48118 ], [ -122.04487, 37.48115 ], [ -122.04484, 37.48118 ], [ -122.04487, 37.48118 ] ], [ [ -122.04482, 37.48115 ], [ -122.04484, 37.48115 ], [ -122.04482, 37.48112 ], [ -122.04482, 37.48115 ] ], [ [ -122.0463, 37.48314 ], [ -122.0463, 37.48312 ], [ -122.04627, 37.48314 ], [ -122.0463, 37.48314 ] ], [ [ -122.04624, 37.48312 ], [ -122.04627, 37.48312 ], [ -122.04624, 37.48309 ], [ -122.04624, 37.48312 ] ], [ [ -122.0481, 37.48552 ], [ -122.0481, 37.48549 ], [ -122.04808, 37.48552 ], [ -122.0481, 37.48552 ] ], [ [ -122.04805, 37.48549 ], [ -122.04808, 37.48549 ], [ -122.04805, 37.48546 ], [ -122.04805, 37.48549 ] ], [ [ -122.04657, 37.4836 ], [ -122.04659, 37.4836 ], [ -122.04657, 37.48355 ], [ -122.04657, 37.4836 ] ], [ [ -122.04118, 37.47724 ], [ -122.04123, 37.47724 ], [ -122.04118, 37.47722 ], [ -122.04118, 37.47724 ] ], [ [ -122.03994, 37.47673 ], [ -122.03999, 37.47673 ], [ -122.03994, 37.4767 ], [ -122.03994, 37.47673 ] ], [ [ -122.03678, 37.47544 ], [ -122.03684, 37.47544 ], [ -122.03678, 37.47541 ], [ -122.03678, 37.47544 ] ], [ [ -122.0398, 37.47668 ], [ -122.03986, 37.47668 ], [ -122.0398, 37.47665 ], [ -122.0398, 37.47668 ] ], [ [ -122.02908, 37.47398 ], [ -122.02916, 37.47398 ], [ -122.02908, 37.47395 ], [ -122.02908, 37.47398 ] ], [ [ -122.03937, 37.47651 ], [ -122.03945, 37.47651 ], [ -122.03937, 37.47649 ], [ -122.03937, 37.47651 ] ], [ [ -122.04773, 37.48514 ], [ -122.04773, 37.48511 ], [ -122.0477, 37.48514 ], [ -122.04773, 37.48514 ] ], [ [ -122.04767, 37.48511 ], [ -122.0477, 37.48511 ], [ -122.04767, 37.48508 ], [ -122.04767, 37.48511 ] ], [ [ -122.04765, 37.48506 ], [ -122.04765, 37.48508 ], [ -122.04767, 37.48508 ], [ -122.04765, 37.48506 ] ], [ [ -122.04657, 37.48352 ], [ -122.04657, 37.48349 ], [ -122.04654, 37.48352 ], [ -122.04657, 37.48352 ] ], [ [ -122.04651, 37.48349 ], [ -122.04654, 37.48349 ], [ -122.04651, 37.48347 ], [ -122.04651, 37.48349 ] ], [ [ -122.04649, 37.48344 ], [ -122.04649, 37.48347 ], [ -122.04651, 37.48347 ], [ -122.04649, 37.48344 ] ], [ [ -122.04495, 37.48128 ], [ -122.04495, 37.48126 ], [ -122.04492, 37.48128 ], [ -122.04495, 37.48128 ] ], [ [ -122.0449, 37.48126 ], [ -122.04492, 37.48126 ], [ -122.0449, 37.48123 ], [ -122.0449, 37.48126 ] ], [ [ -122.04487, 37.4812 ], [ -122.04487, 37.48123 ], [ -122.0449, 37.48123 ], [ -122.04487, 37.4812 ] ], [ [ -122.04703, 37.4842 ], [ -122.04703, 37.48414 ], [ -122.047, 37.4842 ], [ -122.04703, 37.4842 ] ], [ [ -122.04697, 37.48414 ], [ -122.047, 37.48414 ], [ -122.04697, 37.48411 ], [ -122.04697, 37.48414 ] ], [ [ -122.05153, 37.48767 ], [ -122.05153, 37.48764 ], [ -122.05147, 37.48767 ], [ -122.05153, 37.48767 ] ], [ [ -122.05145, 37.48764 ], [ -122.05147, 37.48764 ], [ -122.05145, 37.48762 ], [ -122.05145, 37.48764 ] ], [ [ -122.02962, 37.47409 ], [ -122.0297, 37.47409 ], [ -122.02962, 37.47406 ], [ -122.02962, 37.47409 ] ], [ [ -122.02875, 37.47393 ], [ -122.02886, 37.47393 ], [ -122.02875, 37.4739 ], [ -122.02875, 37.47393 ] ], [ [ -122.04622, 37.48304 ], [ -122.04622, 37.48301 ], [ -122.04619, 37.48304 ], [ -122.04622, 37.48304 ] ], [ [ -122.04616, 37.48301 ], [ -122.04619, 37.48301 ], [ -122.04616, 37.48298 ], [ -122.04616, 37.48301 ] ], [ [ -122.04614, 37.48293 ], [ -122.04614, 37.48298 ], [ -122.04616, 37.48298 ], [ -122.04614, 37.48293 ] ], [ [ -122.02889, 37.47395 ], [ -122.029, 37.47395 ], [ -122.02889, 37.47393 ], [ -122.02889, 37.47395 ] ], [ [ -122.04606, 37.48282 ], [ -122.04606, 37.48279 ], [ -122.04603, 37.48282 ], [ -122.04606, 37.48282 ] ], [ [ -122.046, 37.48279 ], [ -122.04603, 37.48279 ], [ -122.046, 37.48274 ], [ -122.046, 37.48279 ] ], [ [ -122.04597, 37.48271 ], [ -122.04597, 37.48274 ], [ -122.046, 37.48274 ], [ -122.04597, 37.48271 ] ], [ [ -122.04595, 37.48269 ], [ -122.04595, 37.48271 ], [ -122.04597, 37.48271 ], [ -122.04595, 37.48269 ] ], [ [ -122.04288, 37.47867 ], [ -122.04288, 37.47864 ], [ -122.04285, 37.47867 ], [ -122.04288, 37.47867 ] ], [ [ -122.04282, 37.47864 ], [ -122.04285, 37.47864 ], [ -122.04282, 37.47862 ], [ -122.04282, 37.47864 ] ], [ [ -122.04277, 37.47856 ], [ -122.04279, 37.47862 ], [ -122.04282, 37.47862 ], [ -122.04277, 37.47856 ] ], [ [ -122.04592, 37.48263 ], [ -122.04592, 37.48261 ], [ -122.04589, 37.48263 ], [ -122.04592, 37.48263 ] ], [ [ -122.04587, 37.48261 ], [ -122.04589, 37.48261 ], [ -122.04584, 37.48252 ], [ -122.04587, 37.48261 ] ], [ [ -122.04576, 37.48242 ], [ -122.04576, 37.48239 ], [ -122.04573, 37.48242 ], [ -122.04576, 37.48242 ] ], [ [ -122.04571, 37.48239 ], [ -122.04573, 37.48239 ], [ -122.04571, 37.48234 ], [ -122.04571, 37.48239 ] ], [ [ -122.04568, 37.48231 ], [ -122.04568, 37.48234 ], [ -122.04571, 37.48234 ], [ -122.04568, 37.48231 ] ], [ [ -122.04565, 37.48228 ], [ -122.04565, 37.48231 ], [ -122.04568, 37.48231 ], [ -122.04565, 37.48228 ] ], [ [ -122.03247, 37.4746 ], [ -122.03247, 37.47457 ], [ -122.03237, 37.4746 ], [ -122.03247, 37.4746 ] ], [ [ -122.04719, 37.48441 ], [ -122.04719, 37.48438 ], [ -122.04716, 37.48441 ], [ -122.04719, 37.48441 ] ], [ [ -122.04713, 37.48438 ], [ -122.04716, 37.48438 ], [ -122.04713, 37.48433 ], [ -122.04713, 37.48438 ] ], [ [ -122.04711, 37.4843 ], [ -122.04711, 37.48433 ], [ -122.04713, 37.48433 ], [ -122.04711, 37.4843 ] ], [ [ -122.04708, 37.48428 ], [ -122.04708, 37.4843 ], [ -122.04711, 37.4843 ], [ -122.04708, 37.48428 ] ], [ [ -122.04115, 37.47722 ], [ -122.04115, 37.47719 ], [ -122.04112, 37.47722 ], [ -122.04115, 37.47722 ] ], [ [ -122.04104, 37.47719 ], [ -122.04112, 37.47719 ], [ -122.04104, 37.47716 ], [ -122.04104, 37.47719 ] ], [ [ -122.04099, 37.47713 ], [ -122.04099, 37.47716 ], [ -122.04104, 37.47716 ], [ -122.04099, 37.47713 ] ], [ [ -122.03228, 37.47457 ], [ -122.03228, 37.47455 ], [ -122.0322, 37.47457 ], [ -122.03228, 37.47457 ] ], [ [ -122.0321, 37.47455 ], [ -122.0322, 37.47455 ], [ -122.0321, 37.47452 ], [ -122.0321, 37.47455 ] ], [ [ -122.03719, 37.47557 ], [ -122.03719, 37.47554 ], [ -122.03714, 37.47557 ], [ -122.03719, 37.47557 ] ], [ [ -122.03705, 37.47554 ], [ -122.03714, 37.47554 ], [ -122.03705, 37.47552 ], [ -122.03705, 37.47554 ] ], [ [ -122.037, 37.47549 ], [ -122.037, 37.47552 ], [ -122.03705, 37.47552 ], [ -122.037, 37.47549 ] ], [ [ -122.05142, 37.48762 ], [ -122.05142, 37.48759 ], [ -122.05139, 37.48762 ], [ -122.05142, 37.48762 ] ], [ [ -122.05134, 37.48759 ], [ -122.05139, 37.48759 ], [ -122.05134, 37.48756 ], [ -122.05134, 37.48759 ] ], [ [ -122.05128, 37.48754 ], [ -122.05128, 37.48756 ], [ -122.05134, 37.48756 ], [ -122.05128, 37.48754 ] ], [ [ -122.05123, 37.48751 ], [ -122.05123, 37.48754 ], [ -122.05128, 37.48754 ], [ -122.05123, 37.48751 ] ], [ [ -122.0512, 37.48748 ], [ -122.0512, 37.48751 ], [ -122.05123, 37.48751 ], [ -122.0512, 37.48748 ] ], [ [ -122.03191, 37.47449 ], [ -122.03191, 37.47447 ], [ -122.03177, 37.47449 ], [ -122.03191, 37.47449 ] ], [ [ -122.03164, 37.47447 ], [ -122.03177, 37.47447 ], [ -122.03164, 37.47444 ], [ -122.03164, 37.47447 ] ], [ [ -122.03042, 37.47422 ], [ -122.03021, 37.47414 ], [ -122.03024, 37.47422 ], [ -122.03042, 37.47422 ] ], [ [ -122.04519, 37.48166 ], [ -122.04519, 37.48161 ], [ -122.04517, 37.48166 ], [ -122.04519, 37.48166 ] ], [ [ -122.04514, 37.48161 ], [ -122.04517, 37.48161 ], [ -122.04514, 37.48155 ], [ -122.04514, 37.48161 ] ], [ [ -122.04511, 37.48153 ], [ -122.04511, 37.48155 ], [ -122.04514, 37.48155 ], [ -122.04511, 37.48153 ] ], [ [ -122.04509, 37.48147 ], [ -122.04509, 37.48153 ], [ -122.04511, 37.48153 ], [ -122.04509, 37.48147 ] ], [ [ -122.04506, 37.48145 ], [ -122.04506, 37.48147 ], [ -122.04509, 37.48147 ], [ -122.04506, 37.48145 ] ], [ [ -122.04498, 37.48134 ], [ -122.04503, 37.48145 ], [ -122.045, 37.48134 ], [ -122.04498, 37.48134 ] ], [ [ -122.04495, 37.48131 ], [ -122.04495, 37.48134 ], [ -122.04498, 37.48134 ], [ -122.04495, 37.48131 ] ], [ [ -122.04565, 37.48226 ], [ -122.0456, 37.48215 ], [ -122.04552, 37.48209 ], [ -122.04557, 37.48223 ], [ -122.04565, 37.48226 ] ], [ [ -122.04549, 37.48207 ], [ -122.04549, 37.48209 ], [ -122.04552, 37.48209 ], [ -122.04549, 37.48207 ] ], [ [ -122.04546, 37.48201 ], [ -122.04546, 37.48207 ], [ -122.04549, 37.48207 ], [ -122.04546, 37.48201 ] ], [ [ -122.04544, 37.48199 ], [ -122.04544, 37.48201 ], [ -122.04546, 37.48201 ], [ -122.04544, 37.48199 ] ], [ [ -122.04538, 37.48193 ], [ -122.04541, 37.48199 ], [ -122.04544, 37.48199 ], [ -122.04538, 37.48193 ] ], [ [ -122.02978, 37.47409 ], [ -122.03007, 37.4742 ], [ -122.02991, 37.47409 ], [ -122.02978, 37.47409 ] ], [ [ -122.04762, 37.485 ], [ -122.04762, 37.48498 ], [ -122.04759, 37.485 ], [ -122.04762, 37.485 ] ], [ [ -122.04756, 37.48498 ], [ -122.04759, 37.48498 ], [ -122.04756, 37.48492 ], [ -122.04756, 37.48498 ] ], [ [ -122.04751, 37.48484 ], [ -122.04754, 37.48492 ], [ -122.04756, 37.48492 ], [ -122.04751, 37.48484 ] ], [ [ -122.04748, 37.48482 ], [ -122.04748, 37.48484 ], [ -122.04751, 37.48484 ], [ -122.04748, 37.48482 ] ], [ [ -122.04743, 37.48473 ], [ -122.04746, 37.48482 ], [ -122.04748, 37.48482 ], [ -122.04743, 37.48473 ] ], [ [ -122.04735, 37.48463 ], [ -122.0474, 37.48473 ], [ -122.04738, 37.48463 ], [ -122.04735, 37.48463 ] ], [ [ -122.04732, 37.4846 ], [ -122.04732, 37.48463 ], [ -122.04735, 37.48463 ], [ -122.04732, 37.4846 ] ], [ [ -122.04727, 37.48452 ], [ -122.0473, 37.4846 ], [ -122.04732, 37.4846 ], [ -122.04727, 37.48452 ] ], [ [ -122.04724, 37.48449 ], [ -122.04724, 37.48452 ], [ -122.04727, 37.48452 ], [ -122.04724, 37.48449 ] ], [ [ -122.04269, 37.47848 ], [ -122.04269, 37.47843 ], [ -122.04266, 37.47848 ], [ -122.04269, 37.47848 ] ], [ [ -122.04263, 37.47843 ], [ -122.04266, 37.47843 ], [ -122.04263, 37.4784 ], [ -122.04263, 37.47843 ] ], [ [ -122.04261, 37.47837 ], [ -122.04261, 37.4784 ], [ -122.04263, 37.4784 ], [ -122.04261, 37.47837 ] ], [ [ -122.04258, 37.47835 ], [ -122.04258, 37.47837 ], [ -122.04261, 37.47837 ], [ -122.04258, 37.47835 ] ], [ [ -122.04255, 37.47832 ], [ -122.04255, 37.47835 ], [ -122.04258, 37.47835 ], [ -122.04255, 37.47832 ] ], [ [ -122.04253, 37.47829 ], [ -122.04253, 37.47832 ], [ -122.04255, 37.47832 ], [ -122.04253, 37.47829 ] ], [ [ -122.0425, 37.47827 ], [ -122.0425, 37.47829 ], [ -122.04253, 37.47829 ], [ -122.0425, 37.47827 ] ], [ [ -122.04247, 37.47824 ], [ -122.04247, 37.47827 ], [ -122.0425, 37.47827 ], [ -122.04247, 37.47824 ] ], [ [ -122.04244, 37.47821 ], [ -122.04244, 37.47824 ], [ -122.04247, 37.47824 ], [ -122.04244, 37.47821 ] ], [ [ -122.04242, 37.47819 ], [ -122.04242, 37.47821 ], [ -122.04244, 37.47821 ], [ -122.04242, 37.47819 ] ], [ [ -122.04231, 37.47808 ], [ -122.04239, 37.47819 ], [ -122.04236, 37.47808 ], [ -122.04231, 37.47808 ] ], [ [ -122.04226, 37.47802 ], [ -122.04228, 37.47808 ], [ -122.04231, 37.47808 ], [ -122.04226, 37.47802 ] ], [ [ -122.04223, 37.47797 ], [ -122.04223, 37.47802 ], [ -122.04226, 37.47802 ], [ -122.04223, 37.47797 ] ], [ [ -122.0422, 37.47794 ], [ -122.0422, 37.47797 ], [ -122.04223, 37.47797 ], [ -122.0422, 37.47794 ] ], [ [ -122.0311, 37.47436 ], [ -122.0311, 37.47433 ], [ -122.03102, 37.47436 ], [ -122.0311, 37.47436 ] ], [ [ -122.03088, 37.47433 ], [ -122.03102, 37.47433 ], [ -122.03088, 37.4743 ], [ -122.03088, 37.47433 ] ], [ [ -122.03088, 37.47428 ], [ -122.03056, 37.4742 ], [ -122.03051, 37.47422 ], [ -122.03072, 37.4743 ], [ -122.03088, 37.47428 ] ], [ [ -122.04212, 37.47784 ], [ -122.04212, 37.47781 ], [ -122.04207, 37.47784 ], [ -122.04212, 37.47784 ] ], [ [ -122.04204, 37.47778 ], [ -122.04207, 37.47778 ], [ -122.04204, 37.47775 ], [ -122.04204, 37.47778 ] ], [ [ -122.04201, 37.47773 ], [ -122.04201, 37.47775 ], [ -122.04204, 37.47775 ], [ -122.04201, 37.47773 ] ], [ [ -122.04199, 37.4777 ], [ -122.04199, 37.47773 ], [ -122.04201, 37.47773 ], [ -122.04199, 37.4777 ] ], [ [ -122.04185, 37.47757 ], [ -122.04196, 37.4777 ], [ -122.04191, 37.47757 ], [ -122.04185, 37.47757 ] ], [ [ -122.0418, 37.47751 ], [ -122.04182, 37.47757 ], [ -122.04185, 37.47757 ], [ -122.0418, 37.47751 ] ], [ [ -122.04172, 37.47746 ], [ -122.04174, 37.47751 ], [ -122.04177, 37.47746 ], [ -122.04172, 37.47746 ] ], [ [ -122.04166, 37.47743 ], [ -122.04166, 37.47746 ], [ -122.04172, 37.47746 ], [ -122.04166, 37.47743 ] ], [ [ -122.04161, 37.4774 ], [ -122.04161, 37.47743 ], [ -122.04166, 37.47743 ], [ -122.04161, 37.4774 ] ], [ [ -122.04155, 37.47738 ], [ -122.04155, 37.4774 ], [ -122.04161, 37.4774 ], [ -122.04155, 37.47738 ] ], [ [ -122.0415, 37.47735 ], [ -122.0415, 37.47738 ], [ -122.04155, 37.47738 ], [ -122.0415, 37.47735 ] ], [ [ -122.04145, 37.47732 ], [ -122.04145, 37.47735 ], [ -122.0415, 37.47735 ], [ -122.04145, 37.47732 ] ], [ [ -122.0443, 37.48037 ], [ -122.0443, 37.48034 ], [ -122.04428, 37.48037 ], [ -122.0443, 37.48037 ] ], [ [ -122.04425, 37.48034 ], [ -122.04428, 37.48034 ], [ -122.04425, 37.48031 ], [ -122.04425, 37.48034 ] ], [ [ -122.04414, 37.48018 ], [ -122.04422, 37.48031 ], [ -122.04422, 37.48026 ], [ -122.04414, 37.48018 ] ], [ [ -122.04409, 37.4801 ], [ -122.04412, 37.48018 ], [ -122.04414, 37.48018 ], [ -122.04409, 37.4801 ] ], [ [ -122.04406, 37.48007 ], [ -122.04406, 37.4801 ], [ -122.04409, 37.4801 ], [ -122.04406, 37.48007 ] ], [ [ -122.04403, 37.48002 ], [ -122.04403, 37.48007 ], [ -122.04406, 37.48007 ], [ -122.04403, 37.48002 ] ], [ [ -122.04401, 37.47999 ], [ -122.04401, 37.48002 ], [ -122.04403, 37.48002 ], [ -122.04401, 37.47999 ] ], [ [ -122.04398, 37.47996 ], [ -122.04398, 37.47999 ], [ -122.04401, 37.47999 ], [ -122.04398, 37.47996 ] ], [ [ -122.04395, 37.47991 ], [ -122.04395, 37.47996 ], [ -122.04398, 37.47996 ], [ -122.04395, 37.47991 ] ], [ [ -122.04393, 37.47988 ], [ -122.04393, 37.47991 ], [ -122.04395, 37.47991 ], [ -122.04393, 37.47988 ] ], [ [ -122.0439, 37.47983 ], [ -122.0439, 37.47988 ], [ -122.04393, 37.47988 ], [ -122.0439, 37.47983 ] ], [ [ -122.04385, 37.47975 ], [ -122.04387, 37.47983 ], [ -122.0439, 37.47983 ], [ -122.04385, 37.47975 ] ], [ [ -122.04376, 37.47967 ], [ -122.04379, 37.47975 ], [ -122.04379, 37.47967 ], [ -122.04376, 37.47967 ] ], [ [ -122.04374, 37.47964 ], [ -122.04374, 37.47967 ], [ -122.04376, 37.47967 ], [ -122.04374, 37.47964 ] ], [ [ -122.04371, 37.47961 ], [ -122.04371, 37.47964 ], [ -122.04374, 37.47964 ], [ -122.04371, 37.47961 ] ], [ [ -122.04366, 37.47956 ], [ -122.04366, 37.47951 ], [ -122.04363, 37.47956 ], [ -122.04366, 37.47956 ] ], [ [ -122.04352, 37.47937 ], [ -122.0436, 37.47951 ], [ -122.04355, 37.47937 ], [ -122.04352, 37.47937 ] ], [ [ -122.0435, 37.47934 ], [ -122.0435, 37.47937 ], [ -122.04352, 37.47937 ], [ -122.0435, 37.47934 ] ], [ [ -122.04347, 37.47932 ], [ -122.04347, 37.47934 ], [ -122.0435, 37.47934 ], [ -122.04347, 37.47932 ] ], [ [ -122.04341, 37.47926 ], [ -122.04341, 37.47932 ], [ -122.04347, 37.47932 ], [ -122.04341, 37.47926 ] ], [ [ -122.04339, 37.47924 ], [ -122.04339, 37.47926 ], [ -122.04341, 37.47926 ], [ -122.04339, 37.47924 ] ], [ [ -122.04336, 37.47921 ], [ -122.04336, 37.47924 ], [ -122.04339, 37.47924 ], [ -122.04336, 37.47921 ] ], [ [ -122.04333, 37.47918 ], [ -122.04333, 37.47921 ], [ -122.04336, 37.47921 ], [ -122.04333, 37.47918 ] ], [ [ -122.04331, 37.47916 ], [ -122.04331, 37.47918 ], [ -122.04333, 37.47918 ], [ -122.04331, 37.47916 ] ], [ [ -122.04328, 37.47913 ], [ -122.04328, 37.47916 ], [ -122.04331, 37.47916 ], [ -122.04328, 37.47913 ] ], [ [ -122.04323, 37.47908 ], [ -122.04325, 37.47913 ], [ -122.04328, 37.47913 ], [ -122.04323, 37.47908 ] ], [ [ -122.04317, 37.47899 ], [ -122.0432, 37.47908 ], [ -122.04323, 37.47908 ], [ -122.04317, 37.47899 ] ], [ [ -122.04314, 37.47897 ], [ -122.04314, 37.47899 ], [ -122.04317, 37.47899 ], [ -122.04314, 37.47897 ] ], [ [ -122.04312, 37.47894 ], [ -122.04312, 37.47897 ], [ -122.04314, 37.47897 ], [ -122.04312, 37.47894 ] ], [ [ -122.04309, 37.47891 ], [ -122.04309, 37.47894 ], [ -122.04312, 37.47894 ], [ -122.04309, 37.47891 ] ], [ [ -122.04304, 37.47883 ], [ -122.04306, 37.47891 ], [ -122.04309, 37.47891 ], [ -122.04304, 37.47883 ] ], [ [ -122.04301, 37.47881 ], [ -122.04301, 37.47883 ], [ -122.04304, 37.47883 ], [ -122.04301, 37.47881 ] ], [ [ -122.04894, 37.48622 ], [ -122.04894, 37.48619 ], [ -122.04891, 37.48622 ], [ -122.04894, 37.48622 ] ], [ [ -122.04889, 37.48619 ], [ -122.04891, 37.48619 ], [ -122.04889, 37.48616 ], [ -122.04889, 37.48619 ] ], [ [ -122.04875, 37.48605 ], [ -122.04883, 37.48616 ], [ -122.0488, 37.48605 ], [ -122.04875, 37.48605 ] ], [ [ -122.04872, 37.48603 ], [ -122.04872, 37.48605 ], [ -122.04875, 37.48605 ], [ -122.04872, 37.48603 ] ], [ [ -122.04867, 37.48597 ], [ -122.04867, 37.48603 ], [ -122.0487, 37.486 ], [ -122.04867, 37.48597 ] ], [ [ -122.04864, 37.48595 ], [ -122.04864, 37.48597 ], [ -122.04867, 37.48597 ], [ -122.04864, 37.48595 ] ], [ [ -122.04853, 37.48587 ], [ -122.04859, 37.48595 ], [ -122.04859, 37.48587 ], [ -122.04853, 37.48587 ] ], [ [ -122.04832, 37.48568 ], [ -122.04851, 37.48587 ], [ -122.04837, 37.48568 ], [ -122.04832, 37.48568 ] ], [ [ -122.04829, 37.48565 ], [ -122.04829, 37.48568 ], [ -122.04832, 37.48568 ], [ -122.04829, 37.48565 ] ] ], [ [ [ -122.04568, 37.49737 ], [ -122.04527, 37.49775 ], [ -122.03422, 37.50433 ], [ -122.03404, 37.50427 ], [ -122.03409, 37.504 ], [ -122.03393, 37.504 ], [ -122.03369, 37.50341 ], [ -122.03175, 37.49716 ], [ -122.03115, 37.49012 ], [ -122.03137, 37.48988 ], [ -122.0318, 37.48975 ], [ -122.03218, 37.48975 ], [ -122.03239, 37.48988 ], [ -122.03282, 37.49066 ], [ -122.03501, 37.4933 ], [ -122.03533, 37.49392 ], [ -122.0404, 37.49468 ], [ -122.04412, 37.49449 ], [ -122.0449, 37.49454 ], [ -122.04517, 37.49468 ], [ -122.04576, 37.49673 ], [ -122.04568, 37.49737 ] ] ], [ [ [ -122.05786, 37.50112 ], [ -122.05764, 37.50123 ], [ -122.04781, 37.5012 ], [ -122.04767, 37.50107 ], [ -122.0477, 37.49964 ], [ -122.04355, 37.49964 ], [ -122.03991, 37.50182 ], [ -122.03983, 37.50452 ], [ -122.03555, 37.50406 ], [ -122.03529, 37.50409 ], [ -122.03975, 37.50457 ], [ -122.03988, 37.50462 ], [ -122.03986, 37.50492 ], [ -122.03452, 37.50435 ], [ -122.03455, 37.50425 ], [ -122.03505, 37.50413 ], [ -122.03476, 37.50416 ], [ -122.03509, 37.50387 ], [ -122.038, 37.50225 ], [ -122.04546, 37.49775 ], [ -122.04581, 37.49735 ], [ -122.04587, 37.4967 ], [ -122.0453, 37.495 ], [ -122.04538, 37.49462 ], [ -122.04603, 37.49409 ], [ -122.047, 37.49387 ], [ -122.04759, 37.49403 ], [ -122.04983, 37.49541 ], [ -122.05031, 37.49584 ], [ -122.05123, 37.49702 ], [ -122.05252, 37.49805 ], [ -122.05479, 37.49926 ], [ -122.05775, 37.50007 ], [ -122.05797, 37.50034 ], [ -122.05799, 37.50093 ], [ -122.05786, 37.50112 ] ] ], [ [ [ -122.01576, 37.50457 ], [ -122.01641, 37.50433 ], [ -122.01641, 37.50489 ], [ -122.01563, 37.50503 ], [ -122.01552, 37.50478 ], [ -122.01576, 37.50457 ] ] ], [ [ [ -122.0166, 37.50629 ], [ -122.0166, 37.50266 ], [ -122.01673, 37.50231 ], [ -122.02512, 37.50255 ], [ -122.02501, 37.50344 ], [ -122.02487, 37.50373 ], [ -122.02067, 37.50788 ], [ -122.01946, 37.50805 ], [ -122.01741, 37.50691 ], [ -122.01671, 37.50667 ], [ -122.0166, 37.50629 ] ] ], [ [ [ -122.05112, 37.51007 ], [ -122.05039, 37.50999 ], [ -122.04792, 37.50872 ], [ -122.04778, 37.5085 ], [ -122.04579, 37.50764 ], [ -122.04339, 37.50637 ], [ -122.04191, 37.50553 ], [ -122.04382, 37.5067 ], [ -122.04557, 37.50759 ], [ -122.04562, 37.50772 ], [ -122.04721, 37.50834 ], [ -122.04975, 37.50982 ], [ -122.05061, 37.5102 ], [ -122.05128, 37.5102 ], [ -122.05112, 37.51061 ], [ -122.05034, 37.51039 ], [ -122.05096, 37.51071 ], [ -122.05104, 37.51096 ], [ -122.04983, 37.51238 ], [ -122.04988, 37.51222 ], [ -122.04942, 37.51244 ], [ -122.04945, 37.5126 ], [ -122.04829, 37.514 ], [ -122.04786, 37.51403 ], [ -122.04794, 37.51414 ], [ -122.0481, 37.51411 ], [ -122.04797, 37.51427 ], [ -122.04571, 37.51494 ], [ -122.04328, 37.51583 ], [ -122.04285, 37.51575 ], [ -122.03498, 37.51163 ], [ -122.03506, 37.51106 ], [ -122.037, 37.50877 ], [ -122.03754, 37.50875 ], [ -122.03899, 37.50947 ], [ -122.03711, 37.50848 ], [ -122.03727, 37.50842 ], [ -122.03778, 37.50759 ], [ -122.03862, 37.50667 ], [ -122.03859, 37.50648 ], [ -122.03735, 37.50796 ], [ -122.03711, 37.50799 ], [ -122.03714, 37.50823 ], [ -122.03687, 37.5084 ], [ -122.03684, 37.50858 ], [ -122.03598, 37.50964 ], [ -122.03579, 37.50966 ], [ -122.03584, 37.5098 ], [ -122.03563, 37.50982 ], [ -122.03573, 37.50993 ], [ -122.03557, 37.50996 ], [ -122.03555, 37.51017 ], [ -122.03476, 37.51112 ], [ -122.03449, 37.51117 ], [ -122.03458, 37.51136 ], [ -122.03431, 37.51133 ], [ -122.03436, 37.5116 ], [ -122.03344, 37.51271 ], [ -122.03323, 37.51273 ], [ -122.03317, 37.51292 ], [ -122.02908, 37.51082 ], [ -122.02892, 37.51061 ], [ -122.03007, 37.5091 ], [ -122.03021, 37.50918 ], [ -122.03013, 37.50896 ], [ -122.03029, 37.50875 ], [ -122.03352, 37.50481 ], [ -122.0339, 37.5047 ], [ -122.03511, 37.50484 ], [ -122.03519, 37.50465 ], [ -122.03509, 37.5046 ], [ -122.03482, 37.50476 ], [ -122.03377, 37.50465 ], [ -122.03385, 37.50441 ], [ -122.03431, 37.50438 ], [ -122.03501, 37.50454 ], [ -122.0353, 37.50449 ], [ -122.03978, 37.50497 ], [ -122.04153, 37.5053 ], [ -122.04188, 37.50551 ], [ -122.04169, 37.50522 ], [ -122.03999, 37.50495 ], [ -122.03994, 37.50198 ], [ -122.04005, 37.50182 ], [ -122.04363, 37.49972 ], [ -122.04751, 37.49972 ], [ -122.04762, 37.49983 ], [ -122.04759, 37.5012 ], [ -122.04821, 37.50134 ], [ -122.04848, 37.50125 ], [ -122.05756, 37.50131 ], [ -122.05595, 37.50557 ], [ -122.05438, 37.50907 ], [ -122.05446, 37.5095 ], [ -122.05433, 37.5098 ], [ -122.0539, 37.51004 ], [ -122.0532, 37.51009 ], [ -122.05287, 37.50993 ], [ -122.05295, 37.50958 ], [ -122.0522, 37.50961 ], [ -122.05193, 37.5095 ], [ -122.05161, 37.50966 ], [ -122.05171, 37.50974 ], [ -122.05163, 37.51004 ], [ -122.05142, 37.50985 ], [ -122.0512, 37.50926 ], [ -122.05085, 37.50915 ], [ -122.05021, 37.50961 ], [ -122.05021, 37.50982 ], [ -122.05048, 37.50996 ], [ -122.05058, 37.50988 ], [ -122.0511, 37.50993 ], [ -122.05112, 37.51007 ] ], [ [ -122.05031, 37.51036 ], [ -122.05031, 37.51039 ], [ -122.05034, 37.51039 ], [ -122.05031, 37.51036 ] ], [ [ -122.04991, 37.5122 ], [ -122.04988, 37.5122 ], [ -122.04988, 37.51222 ], [ -122.04991, 37.5122 ] ], [ [ -122.04994, 37.51217 ], [ -122.04991, 37.51217 ], [ -122.04991, 37.5122 ], [ -122.04994, 37.51217 ] ], [ [ -122.04996, 37.51214 ], [ -122.04994, 37.51214 ], [ -122.04994, 37.51217 ], [ -122.04996, 37.51214 ] ], [ [ -122.03908, 37.50947 ], [ -122.03905, 37.5095 ], [ -122.03999, 37.50999 ], [ -122.03908, 37.50947 ] ], [ [ -122.04005, 37.51001 ], [ -122.04005, 37.50999 ], [ -122.03999, 37.50999 ], [ -122.04005, 37.51001 ] ], [ [ -122.0401, 37.51004 ], [ -122.0401, 37.51001 ], [ -122.04005, 37.51001 ], [ -122.0401, 37.51004 ] ], [ [ -122.04015, 37.51007 ], [ -122.04015, 37.51004 ], [ -122.0401, 37.51004 ], [ -122.04015, 37.51007 ] ], [ [ -122.04021, 37.51007 ], [ -122.0405, 37.51028 ], [ -122.04056, 37.51028 ], [ -122.04021, 37.51007 ] ], [ [ -122.04061, 37.51031 ], [ -122.04061, 37.51028 ], [ -122.04056, 37.51028 ], [ -122.04061, 37.51031 ] ], [ [ -122.04067, 37.51034 ], [ -122.04067, 37.51031 ], [ -122.04061, 37.51031 ], [ -122.04067, 37.51034 ] ], [ [ -122.04072, 37.51036 ], [ -122.04072, 37.51034 ], [ -122.04067, 37.51034 ], [ -122.04072, 37.51036 ] ], [ [ -122.04077, 37.51039 ], [ -122.04077, 37.51036 ], [ -122.04072, 37.51036 ], [ -122.04077, 37.51039 ] ], [ [ -122.04083, 37.51042 ], [ -122.04083, 37.51039 ], [ -122.04077, 37.51039 ], [ -122.04083, 37.51042 ] ], [ [ -122.04088, 37.51044 ], [ -122.04088, 37.51042 ], [ -122.04083, 37.51042 ], [ -122.04088, 37.51044 ] ], [ [ -122.04094, 37.51047 ], [ -122.04094, 37.51044 ], [ -122.04088, 37.51044 ], [ -122.04094, 37.51047 ] ], [ [ -122.04099, 37.5105 ], [ -122.04099, 37.51047 ], [ -122.04094, 37.51047 ], [ -122.04099, 37.5105 ] ], [ [ -122.04102, 37.51053 ], [ -122.04102, 37.5105 ], [ -122.04099, 37.5105 ], [ -122.04102, 37.51053 ] ], [ [ -122.03859, 37.50646 ], [ -122.03867, 37.50646 ], [ -122.03867, 37.5064 ], [ -122.03859, 37.50646 ] ], [ [ -122.0387, 37.50635 ], [ -122.03867, 37.50635 ], [ -122.03867, 37.5064 ], [ -122.0387, 37.50635 ] ], [ [ -122.04622, 37.50826 ], [ -122.04619, 37.50823 ], [ -122.04619, 37.50826 ], [ -122.04622, 37.50826 ] ], [ [ -122.05056, 37.51144 ], [ -122.05053, 37.51141 ], [ -122.05053, 37.51144 ], [ -122.05056, 37.51144 ] ], [ [ -122.04646, 37.5109 ], [ -122.04643, 37.51088 ], [ -122.04643, 37.5109 ], [ -122.04646, 37.5109 ] ], [ [ -122.04681, 37.51109 ], [ -122.04678, 37.51106 ], [ -122.04678, 37.51109 ], [ -122.04681, 37.51109 ] ], [ [ -122.04438, 37.50732 ], [ -122.04436, 37.50729 ], [ -122.04436, 37.50732 ], [ -122.04438, 37.50732 ] ], [ [ -122.04382, 37.51195 ], [ -122.04379, 37.51193 ], [ -122.04379, 37.51195 ], [ -122.04382, 37.51195 ] ], [ [ -122.05029, 37.51036 ], [ -122.05026, 37.51034 ], [ -122.05026, 37.51036 ], [ -122.05029, 37.51036 ] ], [ [ -122.04781, 37.514 ], [ -122.04778, 37.51397 ], [ -122.04778, 37.514 ], [ -122.04781, 37.514 ] ], [ [ -122.04597, 37.51066 ], [ -122.04595, 37.51063 ], [ -122.04595, 37.51066 ], [ -122.04597, 37.51066 ] ], [ [ -122.04258, 37.50891 ], [ -122.04255, 37.50888 ], [ -122.04255, 37.50891 ], [ -122.04258, 37.50891 ] ], [ [ -122.04182, 37.51085 ], [ -122.0418, 37.51082 ], [ -122.0418, 37.51085 ], [ -122.04182, 37.51085 ] ], [ [ -122.04204, 37.51096 ], [ -122.04201, 37.51093 ], [ -122.04201, 37.51096 ], [ -122.04204, 37.51096 ] ], [ [ -122.04193, 37.5109 ], [ -122.04191, 37.51088 ], [ -122.04191, 37.5109 ], [ -122.04193, 37.5109 ] ], [ [ -122.04905, 37.50985 ], [ -122.04902, 37.50982 ], [ -122.04902, 37.50985 ], [ -122.04905, 37.50985 ] ], [ [ -122.05099, 37.51085 ], [ -122.05096, 37.51082 ], [ -122.05096, 37.51085 ], [ -122.05099, 37.51085 ] ], [ [ -122.04918, 37.5098 ], [ -122.04915, 37.50977 ], [ -122.04915, 37.5098 ], [ -122.04918, 37.5098 ] ], [ [ -122.0491, 37.50988 ], [ -122.04907, 37.50985 ], [ -122.04907, 37.50988 ], [ -122.0491, 37.50988 ] ], [ [ -122.04199, 37.51093 ], [ -122.04196, 37.5109 ], [ -122.04196, 37.51093 ], [ -122.04199, 37.51093 ] ], [ [ -122.04188, 37.51088 ], [ -122.04185, 37.51085 ], [ -122.04185, 37.51088 ], [ -122.04188, 37.51088 ] ], [ [ -122.04231, 37.51109 ], [ -122.04228, 37.51106 ], [ -122.04228, 37.51109 ], [ -122.04231, 37.51109 ] ], [ [ -122.04253, 37.50888 ], [ -122.0425, 37.50885 ], [ -122.0425, 37.50888 ], [ -122.04253, 37.50888 ] ], [ [ -122.04972, 37.51007 ], [ -122.04969, 37.51004 ], [ -122.04969, 37.51007 ], [ -122.04972, 37.51007 ] ], [ [ -122.04269, 37.51128 ], [ -122.04266, 37.51125 ], [ -122.04266, 37.51128 ], [ -122.04269, 37.51128 ] ], [ [ -122.04172, 37.51079 ], [ -122.04169, 37.51077 ], [ -122.04169, 37.51079 ], [ -122.04172, 37.51079 ] ], [ [ -122.03428, 37.51133 ], [ -122.03425, 37.51131 ], [ -122.03425, 37.51133 ], [ -122.03428, 37.51133 ] ], [ [ -122.05031, 37.51174 ], [ -122.05029, 37.51171 ], [ -122.05029, 37.51174 ], [ -122.05031, 37.51174 ] ], [ [ -122.04387, 37.51198 ], [ -122.04385, 37.51195 ], [ -122.04385, 37.51198 ], [ -122.04387, 37.51198 ] ], [ [ -122.04433, 37.50729 ], [ -122.0443, 37.50726 ], [ -122.0443, 37.50729 ], [ -122.04433, 37.50729 ] ], [ [ -122.05034, 37.51168 ], [ -122.05031, 37.51166 ], [ -122.05031, 37.51168 ], [ -122.05034, 37.51168 ] ], [ [ -122.04449, 37.50737 ], [ -122.04447, 37.50735 ], [ -122.04447, 37.50737 ], [ -122.04449, 37.50737 ] ], [ [ -122.04471, 37.51001 ], [ -122.04468, 37.50999 ], [ -122.04468, 37.51001 ], [ -122.04471, 37.51001 ] ], [ [ -122.04743, 37.51141 ], [ -122.0474, 37.51139 ], [ -122.0474, 37.51141 ], [ -122.04743, 37.51141 ] ], [ [ -122.04689, 37.51354 ], [ -122.04686, 37.51352 ], [ -122.04686, 37.51354 ], [ -122.04689, 37.51354 ] ], [ [ -122.03231, 37.51031 ], [ -122.03228, 37.51028 ], [ -122.03228, 37.51031 ], [ -122.03231, 37.51031 ] ], [ [ -122.04476, 37.51004 ], [ -122.04473, 37.51001 ], [ -122.04473, 37.51004 ], [ -122.04476, 37.51004 ] ], [ [ -122.04662, 37.51098 ], [ -122.04659, 37.51096 ], [ -122.04659, 37.51098 ], [ -122.04662, 37.51098 ] ], [ [ -122.04662, 37.51341 ], [ -122.04659, 37.51338 ], [ -122.04659, 37.51341 ], [ -122.04662, 37.51341 ] ], [ [ -122.0322, 37.51026 ], [ -122.03218, 37.51023 ], [ -122.03218, 37.51026 ], [ -122.0322, 37.51026 ] ], [ [ -122.04635, 37.51085 ], [ -122.04632, 37.51082 ], [ -122.04632, 37.51085 ], [ -122.04635, 37.51085 ] ], [ [ -122.04487, 37.51009 ], [ -122.04484, 37.51007 ], [ -122.04484, 37.51009 ], [ -122.04487, 37.51009 ] ], [ [ -122.04503, 37.51017 ], [ -122.045, 37.51015 ], [ -122.045, 37.51017 ], [ -122.04503, 37.51017 ] ], [ [ -122.04624, 37.51079 ], [ -122.04622, 37.51077 ], [ -122.04622, 37.51079 ], [ -122.04624, 37.51079 ] ], [ [ -122.0321, 37.5102 ], [ -122.03207, 37.51017 ], [ -122.03207, 37.5102 ], [ -122.0321, 37.5102 ] ], [ [ -122.04533, 37.51034 ], [ -122.0453, 37.51031 ], [ -122.0453, 37.51034 ], [ -122.04533, 37.51034 ] ], [ [ -122.04608, 37.51071 ], [ -122.04606, 37.51069 ], [ -122.04606, 37.51071 ], [ -122.04608, 37.51071 ] ], [ [ -122.04603, 37.51069 ], [ -122.046, 37.51066 ], [ -122.046, 37.51069 ], [ -122.04603, 37.51069 ] ], [ [ -122.04376, 37.51193 ], [ -122.04374, 37.5119 ], [ -122.04374, 37.51193 ], [ -122.04376, 37.51193 ] ], [ [ -122.04921, 37.50993 ], [ -122.04918, 37.50991 ], [ -122.04918, 37.50993 ], [ -122.04921, 37.50993 ] ], [ [ -122.04878, 37.50958 ], [ -122.04875, 37.50955 ], [ -122.04875, 37.50958 ], [ -122.04878, 37.50958 ] ], [ [ -122.03215, 37.51023 ], [ -122.03212, 37.5102 ], [ -122.03212, 37.51023 ], [ -122.03215, 37.51023 ] ], [ [ -122.04366, 37.51187 ], [ -122.04363, 37.51185 ], [ -122.04363, 37.51187 ], [ -122.04366, 37.51187 ] ], [ [ -122.03226, 37.51028 ], [ -122.03223, 37.51026 ], [ -122.03223, 37.51028 ], [ -122.03226, 37.51028 ] ], [ [ -122.05096, 37.51093 ], [ -122.05093, 37.5109 ], [ -122.05093, 37.51093 ], [ -122.05096, 37.51093 ] ], [ [ -122.04444, 37.50735 ], [ -122.04441, 37.50732 ], [ -122.04441, 37.50735 ], [ -122.04444, 37.50735 ] ], [ [ -122.04525, 37.51028 ], [ -122.04522, 37.51026 ], [ -122.04522, 37.51028 ], [ -122.04525, 37.51028 ] ], [ [ -122.04924, 37.50982 ], [ -122.04921, 37.5098 ], [ -122.04921, 37.50982 ], [ -122.04924, 37.50982 ] ], [ [ -122.04932, 37.50999 ], [ -122.04929, 37.50996 ], [ -122.04929, 37.50999 ], [ -122.04932, 37.50999 ] ], [ [ -122.04765, 37.51152 ], [ -122.04762, 37.5115 ], [ -122.04762, 37.51152 ], [ -122.04765, 37.51152 ] ], [ [ -122.04635, 37.51327 ], [ -122.04632, 37.51325 ], [ -122.04632, 37.51327 ], [ -122.04635, 37.51327 ] ], [ [ -122.05007, 37.51203 ], [ -122.05004, 37.51201 ], [ -122.05004, 37.51203 ], [ -122.05007, 37.51203 ] ], [ [ -122.04177, 37.51082 ], [ -122.04174, 37.51079 ], [ -122.04174, 37.51082 ], [ -122.04177, 37.51082 ] ], [ [ -122.04967, 37.51004 ], [ -122.04964, 37.51001 ], [ -122.04964, 37.51004 ], [ -122.04967, 37.51004 ] ], [ [ -122.04236, 37.5088 ], [ -122.04234, 37.50877 ], [ -122.04234, 37.5088 ], [ -122.04236, 37.5088 ] ], [ [ -122.04614, 37.51074 ], [ -122.04611, 37.51071 ], [ -122.04611, 37.51074 ], [ -122.04614, 37.51074 ] ], [ [ -122.04247, 37.51125 ], [ -122.04242, 37.51123 ], [ -122.04242, 37.51125 ], [ -122.04247, 37.51125 ] ], [ [ -122.04894, 37.50977 ], [ -122.04891, 37.5098 ], [ -122.04894, 37.5098 ], [ -122.04894, 37.50977 ] ], [ [ -122.04891, 37.50977 ], [ -122.04889, 37.50974 ], [ -122.04889, 37.50977 ], [ -122.04891, 37.50977 ] ], [ [ -122.05045, 37.51158 ], [ -122.05042, 37.51152 ], [ -122.05042, 37.51158 ], [ -122.05045, 37.51158 ] ], [ [ -122.04212, 37.51106 ], [ -122.04209, 37.51109 ], [ -122.04212, 37.51109 ], [ -122.04212, 37.51106 ] ], [ [ -122.04209, 37.51106 ], [ -122.04207, 37.51104 ], [ -122.04207, 37.51106 ], [ -122.04209, 37.51106 ] ], [ [ -122.03988, 37.50982 ], [ -122.03983, 37.5098 ], [ -122.03983, 37.50982 ], [ -122.03988, 37.50982 ] ], [ [ -122.04783, 37.5116 ], [ -122.04781, 37.51163 ], [ -122.04783, 37.51163 ], [ -122.04783, 37.5116 ] ], [ [ -122.04781, 37.5116 ], [ -122.04778, 37.51158 ], [ -122.04778, 37.5116 ], [ -122.04781, 37.5116 ] ], [ [ -122.04773, 37.51155 ], [ -122.0477, 37.51158 ], [ -122.04773, 37.51158 ], [ -122.04773, 37.51155 ] ], [ [ -122.0477, 37.51155 ], [ -122.04767, 37.51152 ], [ -122.04767, 37.51155 ], [ -122.0477, 37.51155 ] ], [ [ -122.04773, 37.51395 ], [ -122.0477, 37.51397 ], [ -122.04773, 37.51397 ], [ -122.04773, 37.51395 ] ], [ [ -122.0477, 37.51395 ], [ -122.04767, 37.51392 ], [ -122.04767, 37.51395 ], [ -122.0477, 37.51395 ] ], [ [ -122.04223, 37.51112 ], [ -122.0422, 37.51114 ], [ -122.04223, 37.51114 ], [ -122.04223, 37.51112 ] ], [ [ -122.0422, 37.51112 ], [ -122.04217, 37.51109 ], [ -122.04217, 37.51112 ], [ -122.0422, 37.51112 ] ], [ [ -122.04517, 37.51023 ], [ -122.04514, 37.51026 ], [ -122.04517, 37.51026 ], [ -122.04517, 37.51023 ] ], [ [ -122.04514, 37.51023 ], [ -122.04511, 37.5102 ], [ -122.04511, 37.51023 ], [ -122.04514, 37.51023 ] ], [ [ -122.03789, 37.505 ], [ -122.03784, 37.50497 ], [ -122.03784, 37.505 ], [ -122.03789, 37.505 ] ], [ [ -122.04765, 37.51392 ], [ -122.04759, 37.51389 ], [ -122.04759, 37.51392 ], [ -122.04765, 37.51392 ] ], [ [ -122.04333, 37.51168 ], [ -122.04328, 37.51166 ], [ -122.04328, 37.51168 ], [ -122.04333, 37.51168 ] ], [ [ -122.04247, 37.50883 ], [ -122.04244, 37.50885 ], [ -122.04247, 37.50885 ], [ -122.04247, 37.50883 ] ], [ [ -122.04244, 37.50883 ], [ -122.04239, 37.5088 ], [ -122.04239, 37.50883 ], [ -122.04244, 37.50883 ] ], [ [ -122.04592, 37.51061 ], [ -122.04589, 37.51063 ], [ -122.04592, 37.51063 ], [ -122.04592, 37.51061 ] ], [ [ -122.04589, 37.51061 ], [ -122.04584, 37.51058 ], [ -122.04584, 37.51061 ], [ -122.04589, 37.51061 ] ], [ [ -122.0481, 37.51174 ], [ -122.04808, 37.51176 ], [ -122.0481, 37.51176 ], [ -122.0481, 37.51174 ] ], [ [ -122.04808, 37.51174 ], [ -122.04802, 37.51171 ], [ -122.04802, 37.51174 ], [ -122.04808, 37.51174 ] ], [ [ -122.04581, 37.51055 ], [ -122.04579, 37.51058 ], [ -122.04581, 37.51058 ], [ -122.04581, 37.51055 ] ], [ [ -122.04579, 37.51055 ], [ -122.04573, 37.51053 ], [ -122.04573, 37.51055 ], [ -122.04579, 37.51055 ] ], [ [ -122.04544, 37.51036 ], [ -122.04541, 37.51039 ], [ -122.04544, 37.51039 ], [ -122.04544, 37.51036 ] ], [ [ -122.04541, 37.51036 ], [ -122.04535, 37.51034 ], [ -122.04535, 37.51036 ], [ -122.04541, 37.51036 ] ], [ [ -122.04155, 37.51069 ], [ -122.04153, 37.51071 ], [ -122.04155, 37.51071 ], [ -122.04155, 37.51069 ] ], [ [ -122.04153, 37.51069 ], [ -122.04147, 37.51066 ], [ -122.04147, 37.51069 ], [ -122.04153, 37.51069 ] ], [ [ -122.0432, 37.5116 ], [ -122.04314, 37.51163 ], [ -122.0432, 37.51163 ], [ -122.0432, 37.5116 ] ], [ [ -122.04759, 37.51147 ], [ -122.04754, 37.5115 ], [ -122.04759, 37.5115 ], [ -122.04759, 37.51147 ] ], [ [ -122.04754, 37.51147 ], [ -122.04751, 37.51144 ], [ -122.04751, 37.51147 ], [ -122.04754, 37.51147 ] ], [ [ -122.04166, 37.51074 ], [ -122.04164, 37.51077 ], [ -122.04166, 37.51077 ], [ -122.04166, 37.51074 ] ], [ [ -122.04164, 37.51074 ], [ -122.04158, 37.51071 ], [ -122.04158, 37.51074 ], [ -122.04164, 37.51074 ] ], [ [ -122.04584, 37.51298 ], [ -122.04592, 37.51303 ], [ -122.04589, 37.51298 ], [ -122.04584, 37.51298 ] ], [ [ -122.03773, 37.50497 ], [ -122.03762, 37.50495 ], [ -122.03762, 37.50497 ], [ -122.03773, 37.50497 ] ], [ [ -122.03129, 37.50775 ], [ -122.03131, 37.50778 ], [ -122.03131, 37.50775 ], [ -122.03129, 37.50775 ] ], [ [ -122.03129, 37.50783 ], [ -122.03126, 37.5078 ], [ -122.03123, 37.50783 ], [ -122.03129, 37.50783 ] ], [ [ -122.05021, 37.51179 ], [ -122.05023, 37.51182 ], [ -122.05023, 37.51179 ], [ -122.05021, 37.51179 ] ], [ [ -122.05021, 37.51182 ], [ -122.05018, 37.51187 ], [ -122.05021, 37.51187 ], [ -122.05021, 37.51182 ] ], [ [ -122.05015, 37.5119 ], [ -122.05018, 37.5119 ], [ -122.05018, 37.51187 ], [ -122.05015, 37.5119 ] ], [ [ -122.0439, 37.51198 ], [ -122.04398, 37.51203 ], [ -122.04395, 37.51198 ], [ -122.0439, 37.51198 ] ], [ [ -122.04668, 37.51101 ], [ -122.04676, 37.51106 ], [ -122.04673, 37.51101 ], [ -122.04668, 37.51101 ] ], [ [ -122.048, 37.51168 ], [ -122.04797, 37.51171 ], [ -122.048, 37.51171 ], [ -122.048, 37.51168 ] ], [ [ -122.04797, 37.51168 ], [ -122.04792, 37.51166 ], [ -122.04792, 37.51168 ], [ -122.04797, 37.51168 ] ], [ [ -122.04786, 37.51163 ], [ -122.04786, 37.51166 ], [ -122.04792, 37.51166 ], [ -122.04786, 37.51163 ] ], [ [ -122.04312, 37.51155 ], [ -122.04306, 37.51158 ], [ -122.04312, 37.5116 ], [ -122.04312, 37.51155 ] ], [ [ -122.04306, 37.51155 ], [ -122.04301, 37.51152 ], [ -122.04301, 37.51155 ], [ -122.04306, 37.51155 ] ], [ [ -122.04298, 37.5115 ], [ -122.04298, 37.51152 ], [ -122.04301, 37.51152 ], [ -122.04298, 37.5115 ] ], [ [ -122.04571, 37.5105 ], [ -122.04568, 37.51053 ], [ -122.04571, 37.51053 ], [ -122.04571, 37.5105 ] ], [ [ -122.04568, 37.5105 ], [ -122.04562, 37.51047 ], [ -122.04562, 37.5105 ], [ -122.04568, 37.5105 ] ], [ [ -122.04557, 37.51044 ], [ -122.04557, 37.51047 ], [ -122.04562, 37.51047 ], [ -122.04557, 37.51044 ] ], [ [ -122.04552, 37.51042 ], [ -122.04552, 37.51044 ], [ -122.04557, 37.51044 ], [ -122.04552, 37.51042 ] ], [ [ -122.04546, 37.51039 ], [ -122.04546, 37.51042 ], [ -122.04552, 37.51042 ], [ -122.04546, 37.51039 ] ], [ [ -122.04425, 37.51214 ], [ -122.0442, 37.51217 ], [ -122.04425, 37.51217 ], [ -122.04425, 37.51214 ] ], [ [ -122.0442, 37.51214 ], [ -122.04414, 37.51212 ], [ -122.04414, 37.51214 ], [ -122.0442, 37.51214 ] ], [ [ -122.04409, 37.51209 ], [ -122.04409, 37.51212 ], [ -122.04414, 37.51212 ], [ -122.04409, 37.51209 ] ], [ [ -122.04403, 37.51206 ], [ -122.04403, 37.51209 ], [ -122.04409, 37.51209 ], [ -122.04403, 37.51206 ] ], [ [ -122.04401, 37.51203 ], [ -122.04401, 37.51206 ], [ -122.04403, 37.51206 ], [ -122.04401, 37.51203 ] ], [ [ -122.04358, 37.51182 ], [ -122.0435, 37.51174 ], [ -122.04339, 37.51171 ], [ -122.04358, 37.51182 ] ], [ [ -122.04336, 37.51168 ], [ -122.04336, 37.51171 ], [ -122.04339, 37.51171 ], [ -122.04336, 37.51168 ] ], [ [ -122.04872, 37.50953 ], [ -122.0487, 37.50955 ], [ -122.04872, 37.50955 ], [ -122.04872, 37.50953 ] ], [ [ -122.0487, 37.50953 ], [ -122.04864, 37.5095 ], [ -122.04864, 37.50953 ], [ -122.0487, 37.50953 ] ], [ [ -122.04859, 37.50947 ], [ -122.04859, 37.5095 ], [ -122.04864, 37.5095 ], [ -122.04859, 37.50947 ] ], [ [ -122.04853, 37.50945 ], [ -122.04853, 37.50947 ], [ -122.04859, 37.50947 ], [ -122.04853, 37.50945 ] ], [ [ -122.04848, 37.50942 ], [ -122.04848, 37.50945 ], [ -122.04853, 37.50945 ], [ -122.04848, 37.50942 ] ], [ [ -122.04843, 37.50939 ], [ -122.04843, 37.50942 ], [ -122.04848, 37.50942 ], [ -122.04843, 37.50939 ] ], [ [ -122.0484, 37.50937 ], [ -122.0484, 37.50939 ], [ -122.04843, 37.50939 ], [ -122.0484, 37.50937 ] ], [ [ -122.04627, 37.50832 ], [ -122.04651, 37.50837 ], [ -122.04624, 37.50826 ], [ -122.04627, 37.50832 ] ], [ [ -122.04951, 37.50999 ], [ -122.04959, 37.50996 ], [ -122.04951, 37.50996 ], [ -122.04951, 37.50999 ] ], [ [ -122.04945, 37.50996 ], [ -122.04942, 37.50988 ], [ -122.04934, 37.50988 ], [ -122.04945, 37.50996 ] ], [ [ -122.04929, 37.50985 ], [ -122.04929, 37.50988 ], [ -122.04934, 37.50988 ], [ -122.04929, 37.50985 ] ], [ [ -122.04926, 37.50982 ], [ -122.04926, 37.50985 ], [ -122.04929, 37.50985 ], [ -122.04926, 37.50982 ] ], [ [ -122.04266, 37.51136 ], [ -122.04296, 37.51147 ], [ -122.04293, 37.51144 ], [ -122.04266, 37.51136 ] ], [ [ -122.04756, 37.51387 ], [ -122.04754, 37.51389 ], [ -122.04756, 37.51389 ], [ -122.04756, 37.51387 ] ], [ [ -122.04754, 37.51387 ], [ -122.04748, 37.51384 ], [ -122.04748, 37.51387 ], [ -122.04754, 37.51387 ] ], [ [ -122.04743, 37.51381 ], [ -122.04743, 37.51384 ], [ -122.04748, 37.51384 ], [ -122.04743, 37.51381 ] ], [ [ -122.04738, 37.51379 ], [ -122.04738, 37.51381 ], [ -122.04743, 37.51381 ], [ -122.04738, 37.51379 ] ], [ [ -122.04732, 37.51376 ], [ -122.04732, 37.51379 ], [ -122.04738, 37.51379 ], [ -122.04732, 37.51376 ] ], [ [ -122.04727, 37.51373 ], [ -122.04727, 37.51376 ], [ -122.04732, 37.51376 ], [ -122.04727, 37.51373 ] ], [ [ -122.04721, 37.51371 ], [ -122.04721, 37.51373 ], [ -122.04727, 37.51373 ], [ -122.04721, 37.51371 ] ], [ [ -122.04716, 37.51368 ], [ -122.04716, 37.51371 ], [ -122.04721, 37.51371 ], [ -122.04716, 37.51368 ] ], [ [ -122.04711, 37.51365 ], [ -122.04711, 37.51368 ], [ -122.04716, 37.51368 ], [ -122.04711, 37.51365 ] ], [ [ -122.04705, 37.51362 ], [ -122.04705, 37.51365 ], [ -122.04711, 37.51365 ], [ -122.04705, 37.51362 ] ], [ [ -122.047, 37.5136 ], [ -122.047, 37.51362 ], [ -122.04705, 37.51362 ], [ -122.047, 37.5136 ] ], [ [ -122.04694, 37.51357 ], [ -122.04694, 37.5136 ], [ -122.047, 37.5136 ], [ -122.04694, 37.51357 ] ], [ [ -122.03007, 37.50923 ], [ -122.02994, 37.50942 ], [ -122.03024, 37.5092 ], [ -122.03007, 37.50923 ] ], [ [ -122.04498, 37.51252 ], [ -122.04495, 37.51255 ], [ -122.04498, 37.51255 ], [ -122.04498, 37.51252 ] ], [ [ -122.04495, 37.51252 ], [ -122.0449, 37.51249 ], [ -122.0449, 37.51252 ], [ -122.04495, 37.51252 ] ], [ [ -122.04482, 37.51249 ], [ -122.04479, 37.51241 ], [ -122.04473, 37.51241 ], [ -122.04482, 37.51249 ] ], [ [ -122.04468, 37.51238 ], [ -122.04468, 37.51241 ], [ -122.04473, 37.51241 ], [ -122.04468, 37.51238 ] ], [ [ -122.04463, 37.51236 ], [ -122.04463, 37.51238 ], [ -122.04468, 37.51238 ], [ -122.04463, 37.51236 ] ], [ [ -122.04457, 37.51233 ], [ -122.04457, 37.51236 ], [ -122.04463, 37.51236 ], [ -122.04457, 37.51233 ] ], [ [ -122.04452, 37.5123 ], [ -122.04452, 37.51233 ], [ -122.04457, 37.51233 ], [ -122.04452, 37.5123 ] ], [ [ -122.04447, 37.51228 ], [ -122.04447, 37.5123 ], [ -122.04452, 37.5123 ], [ -122.04447, 37.51228 ] ], [ [ -122.04441, 37.51225 ], [ -122.04441, 37.51228 ], [ -122.04447, 37.51228 ], [ -122.04441, 37.51225 ] ], [ [ -122.04436, 37.51222 ], [ -122.04436, 37.51225 ], [ -122.04441, 37.51225 ], [ -122.04436, 37.51222 ] ], [ [ -122.0443, 37.5122 ], [ -122.0443, 37.51222 ], [ -122.04436, 37.51222 ], [ -122.0443, 37.5122 ] ], [ [ -122.04428, 37.51217 ], [ -122.04428, 37.5122 ], [ -122.0443, 37.5122 ], [ -122.04428, 37.51217 ] ], [ [ -122.04581, 37.51295 ], [ -122.04579, 37.51298 ], [ -122.04581, 37.51298 ], [ -122.04581, 37.51295 ] ], [ [ -122.04579, 37.51295 ], [ -122.04571, 37.51292 ], [ -122.04571, 37.51295 ], [ -122.04579, 37.51295 ] ], [ [ -122.04568, 37.5129 ], [ -122.04568, 37.51292 ], [ -122.04571, 37.51292 ], [ -122.04568, 37.5129 ] ], [ [ -122.0456, 37.5129 ], [ -122.04562, 37.51284 ], [ -122.04557, 37.51284 ], [ -122.0456, 37.5129 ] ], [ [ -122.04552, 37.51282 ], [ -122.04552, 37.51284 ], [ -122.04557, 37.51284 ], [ -122.04552, 37.51282 ] ], [ [ -122.04546, 37.51279 ], [ -122.04546, 37.51282 ], [ -122.04552, 37.51282 ], [ -122.04546, 37.51279 ] ], [ [ -122.04541, 37.51276 ], [ -122.04541, 37.51279 ], [ -122.04546, 37.51279 ], [ -122.04541, 37.51276 ] ], [ [ -122.04535, 37.51273 ], [ -122.04535, 37.51276 ], [ -122.04541, 37.51276 ], [ -122.04535, 37.51273 ] ], [ [ -122.0453, 37.51271 ], [ -122.0453, 37.51273 ], [ -122.04535, 37.51273 ], [ -122.0453, 37.51271 ] ], [ [ -122.04525, 37.51268 ], [ -122.04525, 37.51271 ], [ -122.0453, 37.51271 ], [ -122.04525, 37.51268 ] ], [ [ -122.04519, 37.51265 ], [ -122.04519, 37.51268 ], [ -122.04525, 37.51268 ], [ -122.04519, 37.51265 ] ], [ [ -122.04514, 37.51263 ], [ -122.04514, 37.51265 ], [ -122.04519, 37.51265 ], [ -122.04514, 37.51263 ] ], [ [ -122.04509, 37.5126 ], [ -122.04509, 37.51263 ], [ -122.04514, 37.51263 ], [ -122.04509, 37.5126 ] ], [ [ -122.04503, 37.51257 ], [ -122.04503, 37.5126 ], [ -122.04509, 37.5126 ], [ -122.04503, 37.51257 ] ], [ [ -122.045, 37.51255 ], [ -122.045, 37.51257 ], [ -122.04503, 37.51257 ], [ -122.045, 37.51255 ] ], [ [ -122.04204, 37.51101 ], [ -122.04199, 37.51104 ], [ -122.04204, 37.51104 ], [ -122.04204, 37.51101 ] ], [ [ -122.04199, 37.51101 ], [ -122.04193, 37.51098 ], [ -122.04193, 37.51101 ], [ -122.04199, 37.51101 ] ], [ [ -122.04191, 37.51096 ], [ -122.04191, 37.51098 ], [ -122.04193, 37.51098 ], [ -122.04191, 37.51096 ] ], [ [ -122.04182, 37.51093 ], [ -122.04182, 37.51096 ], [ -122.04191, 37.51096 ], [ -122.04182, 37.51093 ] ], [ [ -122.0418, 37.5109 ], [ -122.0418, 37.51093 ], [ -122.04182, 37.51093 ], [ -122.0418, 37.5109 ] ], [ [ -122.04172, 37.5109 ], [ -122.04174, 37.51085 ], [ -122.04169, 37.51085 ], [ -122.04172, 37.5109 ] ], [ [ -122.04164, 37.51082 ], [ -122.04164, 37.51085 ], [ -122.04169, 37.51085 ], [ -122.04164, 37.51082 ] ], [ [ -122.04158, 37.51079 ], [ -122.04158, 37.51082 ], [ -122.04164, 37.51082 ], [ -122.04158, 37.51079 ] ], [ [ -122.04153, 37.51077 ], [ -122.04153, 37.51079 ], [ -122.04158, 37.51079 ], [ -122.04153, 37.51077 ] ], [ [ -122.04147, 37.51074 ], [ -122.04147, 37.51077 ], [ -122.04153, 37.51077 ], [ -122.04147, 37.51074 ] ], [ [ -122.04142, 37.51071 ], [ -122.04142, 37.51074 ], [ -122.04147, 37.51074 ], [ -122.04142, 37.51071 ] ], [ [ -122.04137, 37.51069 ], [ -122.04137, 37.51071 ], [ -122.04142, 37.51071 ], [ -122.04137, 37.51069 ] ], [ [ -122.04131, 37.51066 ], [ -122.04131, 37.51069 ], [ -122.04137, 37.51069 ], [ -122.04131, 37.51066 ] ], [ [ -122.04126, 37.51063 ], [ -122.04126, 37.51066 ], [ -122.04131, 37.51066 ], [ -122.04126, 37.51063 ] ], [ [ -122.0412, 37.51061 ], [ -122.0412, 37.51063 ], [ -122.04126, 37.51063 ], [ -122.0412, 37.51061 ] ], [ [ -122.04115, 37.51058 ], [ -122.04115, 37.51061 ], [ -122.0412, 37.51061 ], [ -122.04115, 37.51058 ] ], [ [ -122.0411, 37.51055 ], [ -122.0411, 37.51058 ], [ -122.04115, 37.51058 ], [ -122.0411, 37.51055 ] ], [ [ -122.04104, 37.51053 ], [ -122.04104, 37.51055 ], [ -122.0411, 37.51055 ], [ -122.04104, 37.51053 ] ], [ [ -122.03948, 37.50538 ], [ -122.03964, 37.50532 ], [ -122.03956, 37.50514 ], [ -122.03932, 37.50514 ], [ -122.03953, 37.50519 ], [ -122.03948, 37.50538 ] ], [ [ -122.03945, 37.5054 ], [ -122.03948, 37.5054 ], [ -122.03948, 37.50538 ], [ -122.03945, 37.5054 ] ], [ [ -122.03929, 37.50554 ], [ -122.03924, 37.50567 ], [ -122.0394, 37.50559 ], [ -122.03943, 37.5054 ], [ -122.03929, 37.50554 ] ] ], [ [ [ -122.05608, 37.50538 ], [ -122.05764, 37.5015 ], [ -122.05805, 37.5012 ], [ -122.05786, 37.50123 ], [ -122.05799, 37.50101 ], [ -122.0581, 37.50109 ], [ -122.05807, 37.50072 ], [ -122.05848, 37.50058 ], [ -122.07853, 37.50589 ], [ -122.07885, 37.50592 ], [ -122.08206, 37.50527 ], [ -122.08287, 37.50557 ], [ -122.08335, 37.50616 ], [ -122.08338, 37.50637 ], [ -122.083, 37.50689 ], [ -122.08179, 37.50783 ], [ -122.07888, 37.5084 ], [ -122.07694, 37.5092 ], [ -122.07551, 37.50926 ], [ -122.07365, 37.50904 ], [ -122.07098, 37.50791 ], [ -122.06931, 37.50794 ], [ -122.06724, 37.50737 ], [ -122.06567, 37.5067 ], [ -122.06325, 37.50597 ], [ -122.06152, 37.50468 ], [ -122.06082, 37.50481 ], [ -122.06047, 37.50514 ], [ -122.05826, 37.50589 ], [ -122.05786, 37.5057 ], [ -122.05756, 37.50581 ], [ -122.05716, 37.50621 ], [ -122.05554, 37.50675 ], [ -122.05565, 37.50648 ], [ -122.05562, 37.50643 ], [ -122.05543, 37.50673 ], [ -122.05595, 37.5057 ], [ -122.05613, 37.50554 ], [ -122.05608, 37.50538 ] ], [ [ -122.05565, 37.5064 ], [ -122.05568, 37.5064 ], [ -122.05565, 37.50635 ], [ -122.05565, 37.5064 ] ], [ [ -122.05568, 37.50632 ], [ -122.0557, 37.50632 ], [ -122.05568, 37.50629 ], [ -122.05568, 37.50632 ] ], [ [ -122.08141, 37.50783 ], [ -122.0816, 37.50783 ], [ -122.08141, 37.5078 ], [ -122.08141, 37.50783 ] ], [ [ -122.08112, 37.5078 ], [ -122.08128, 37.5078 ], [ -122.08112, 37.50778 ], [ -122.08112, 37.5078 ] ], [ [ -122.08085, 37.50778 ], [ -122.08101, 37.50778 ], [ -122.08085, 37.50775 ], [ -122.08085, 37.50778 ] ], [ [ -122.08055, 37.50775 ], [ -122.08071, 37.50775 ], [ -122.08055, 37.50772 ], [ -122.08055, 37.50775 ] ], [ [ -122.08025, 37.50772 ], [ -122.08039, 37.50772 ], [ -122.08025, 37.5077 ], [ -122.08025, 37.50772 ] ], [ [ -122.08001, 37.5077 ], [ -122.08009, 37.5077 ], [ -122.08001, 37.50767 ], [ -122.08001, 37.5077 ] ], [ [ -122.07988, 37.50767 ], [ -122.07993, 37.50767 ], [ -122.07988, 37.50764 ], [ -122.07988, 37.50767 ] ], [ [ -122.07972, 37.50764 ], [ -122.07977, 37.50764 ], [ -122.07972, 37.50761 ], [ -122.07972, 37.50764 ] ], [ [ -122.07942, 37.50759 ], [ -122.07947, 37.50759 ], [ -122.07942, 37.50756 ], [ -122.07942, 37.50759 ] ], [ [ -122.07915, 37.50753 ], [ -122.07918, 37.50753 ], [ -122.07915, 37.50751 ], [ -122.07915, 37.50753 ] ], [ [ -122.07883, 37.50748 ], [ -122.07888, 37.50745 ], [ -122.07883, 37.50743 ], [ -122.07883, 37.50748 ] ], [ [ -122.07866, 37.50743 ], [ -122.07872, 37.50743 ], [ -122.07866, 37.5074 ], [ -122.07866, 37.50743 ] ], [ [ -122.07853, 37.5074 ], [ -122.07856, 37.5074 ], [ -122.07853, 37.50737 ], [ -122.07853, 37.5074 ] ], [ [ -122.07837, 37.50737 ], [ -122.07842, 37.50737 ], [ -122.07837, 37.50735 ], [ -122.07837, 37.50737 ] ], [ [ -122.07821, 37.50735 ], [ -122.07823, 37.50735 ], [ -122.07821, 37.50732 ], [ -122.07821, 37.50735 ] ], [ [ -122.0781, 37.50732 ], [ -122.07813, 37.50732 ], [ -122.0781, 37.50729 ], [ -122.0781, 37.50732 ] ], [ [ -122.07794, 37.50729 ], [ -122.07799, 37.50729 ], [ -122.07794, 37.50726 ], [ -122.07794, 37.50729 ] ], [ [ -122.07778, 37.50726 ], [ -122.07786, 37.50726 ], [ -122.07778, 37.50724 ], [ -122.07778, 37.50726 ] ], [ [ -122.07761, 37.50724 ], [ -122.07769, 37.50724 ], [ -122.07761, 37.50721 ], [ -122.07761, 37.50724 ] ], [ [ -122.07745, 37.50721 ], [ -122.07753, 37.50721 ], [ -122.07745, 37.50718 ], [ -122.07745, 37.50721 ] ], [ [ -122.07732, 37.50718 ], [ -122.0774, 37.50718 ], [ -122.07732, 37.50716 ], [ -122.07732, 37.50718 ] ], [ [ -122.07718, 37.50716 ], [ -122.07724, 37.50716 ], [ -122.07718, 37.50713 ], [ -122.07718, 37.50716 ] ], [ [ -122.07702, 37.50713 ], [ -122.0771, 37.50713 ], [ -122.07702, 37.5071 ], [ -122.07702, 37.50713 ] ], [ [ -122.07686, 37.5071 ], [ -122.07694, 37.5071 ], [ -122.07686, 37.50708 ], [ -122.07686, 37.5071 ] ], [ [ -122.07672, 37.50708 ], [ -122.07678, 37.50708 ], [ -122.07672, 37.50705 ], [ -122.07672, 37.50708 ] ], [ [ -122.07659, 37.50705 ], [ -122.07664, 37.50705 ], [ -122.07659, 37.50702 ], [ -122.07659, 37.50705 ] ], [ [ -122.07643, 37.50702 ], [ -122.07648, 37.50702 ], [ -122.07643, 37.50699 ], [ -122.07643, 37.50702 ] ], [ [ -122.07627, 37.50699 ], [ -122.07635, 37.50699 ], [ -122.07627, 37.50697 ], [ -122.07627, 37.50699 ] ], [ [ -122.07613, 37.50697 ], [ -122.07616, 37.50697 ], [ -122.07613, 37.50694 ], [ -122.07613, 37.50697 ] ], [ [ -122.07597, 37.50694 ], [ -122.07602, 37.50694 ], [ -122.07597, 37.50691 ], [ -122.07597, 37.50694 ] ], [ [ -122.07583, 37.50691 ], [ -122.07586, 37.50691 ], [ -122.07583, 37.50686 ], [ -122.07583, 37.50691 ] ], [ [ -122.0757, 37.50686 ], [ -122.07573, 37.50686 ], [ -122.0757, 37.50683 ], [ -122.0757, 37.50686 ] ], [ [ -122.07554, 37.50683 ], [ -122.07557, 37.50683 ], [ -122.07554, 37.50681 ], [ -122.07554, 37.50683 ] ], [ [ -122.0754, 37.50681 ], [ -122.07543, 37.50681 ], [ -122.0754, 37.50678 ], [ -122.0754, 37.50681 ] ], [ [ -122.07524, 37.50678 ], [ -122.07527, 37.50678 ], [ -122.07524, 37.50675 ], [ -122.07524, 37.50678 ] ] ], [ [ [ -122.05748, 37.50602 ], [ -122.05756, 37.50584 ], [ -122.05783, 37.50573 ], [ -122.05799, 37.50578 ], [ -122.05799, 37.50597 ], [ -122.0577, 37.50608 ], [ -122.05748, 37.50602 ] ] ], [ [ [ -122.01646, 37.50721 ], [ -122.01655, 37.5067 ], [ -122.01698, 37.50694 ], [ -122.01676, 37.50716 ], [ -122.01687, 37.50721 ], [ -122.01682, 37.50748 ], [ -122.01523, 37.50953 ], [ -122.01506, 37.50964 ], [ -122.01609, 37.50826 ], [ -122.01533, 37.5091 ], [ -122.01628, 37.50772 ], [ -122.01614, 37.50751 ], [ -122.01628, 37.50721 ], [ -122.01601, 37.50751 ], [ -122.01544, 37.50708 ], [ -122.01633, 37.5071 ], [ -122.01646, 37.50721 ] ], [ [ -122.01611, 37.50826 ], [ -122.01614, 37.50818 ], [ -122.0162, 37.50813 ], [ -122.01611, 37.50815 ], [ -122.01611, 37.50826 ] ], [ [ -122.01671, 37.50724 ], [ -122.01673, 37.50724 ], [ -122.01671, 37.50721 ], [ -122.01671, 37.50724 ] ] ], [ [ [ -122.02409, 37.51055 ], [ -122.02463, 37.5109 ], [ -122.02377, 37.51055 ], [ -122.02137, 37.50923 ], [ -122.02409, 37.51055 ] ] ], [ [ [ -122.0518, 37.51061 ], [ -122.05255, 37.51044 ], [ -122.05147, 37.51042 ], [ -122.05147, 37.51023 ], [ -122.05379, 37.51015 ], [ -122.05444, 37.50991 ], [ -122.05436, 37.51063 ], [ -122.05287, 37.51198 ], [ -122.05255, 37.51295 ], [ -122.0522, 37.51317 ], [ -122.05204, 37.5129 ], [ -122.05233, 37.51292 ], [ -122.05233, 37.51279 ], [ -122.05215, 37.51271 ], [ -122.05201, 37.51284 ], [ -122.05198, 37.51265 ], [ -122.05223, 37.51244 ], [ -122.05223, 37.51214 ], [ -122.05274, 37.51185 ], [ -122.05285, 37.51144 ], [ -122.05255, 37.51187 ], [ -122.0522, 37.51201 ], [ -122.05207, 37.51195 ], [ -122.05204, 37.51222 ], [ -122.05193, 37.51195 ], [ -122.05169, 37.5119 ], [ -122.05163, 37.5123 ], [ -122.0515, 37.51131 ], [ -122.05163, 37.51077 ], [ -122.05293, 37.51069 ], [ -122.05304, 37.51082 ], [ -122.05304, 37.51069 ], [ -122.0518, 37.51061 ] ], [ [ -122.05233, 37.51298 ], [ -122.05236, 37.51298 ], [ -122.05233, 37.51295 ], [ -122.05233, 37.51298 ] ], [ [ -122.05293, 37.51112 ], [ -122.05295, 37.51112 ], [ -122.05293, 37.51109 ], [ -122.05293, 37.51112 ] ], [ [ -122.0529, 37.51125 ], [ -122.05293, 37.51125 ], [ -122.0529, 37.51117 ], [ -122.0529, 37.51125 ] ], [ [ -122.05287, 37.51136 ], [ -122.0529, 37.51136 ], [ -122.05287, 37.51128 ], [ -122.05287, 37.51136 ] ], [ [ -122.05204, 37.5119 ], [ -122.05198, 37.5119 ], [ -122.05204, 37.51195 ], [ -122.05204, 37.5119 ] ], [ [ -122.05198, 37.51195 ], [ -122.05198, 37.51193 ], [ -122.05196, 37.51195 ], [ -122.05198, 37.51195 ] ], [ [ -122.0526, 37.5105 ], [ -122.05333, 37.5105 ], [ -122.05279, 37.51044 ], [ -122.0526, 37.5105 ] ] ], [ [ [ -122.05961, 37.51222 ], [ -122.05977, 37.5122 ], [ -122.05972, 37.5123 ], [ -122.0605, 37.51222 ], [ -122.06053, 37.51236 ], [ -122.05999, 37.51238 ], [ -122.05991, 37.51257 ], [ -122.05964, 37.51255 ], [ -122.05956, 37.51265 ], [ -122.05964, 37.51295 ], [ -122.0594, 37.51287 ], [ -122.05926, 37.51252 ], [ -122.05961, 37.51222 ] ] ], [ [ [ -122.04832, 37.51408 ], [ -122.04956, 37.51252 ], [ -122.04948, 37.51244 ], [ -122.04972, 37.51241 ], [ -122.04832, 37.51408 ] ] ], [ [ [ -122.06069, 37.51492 ], [ -122.06042, 37.51503 ], [ -122.05592, 37.51443 ], [ -122.05592, 37.51435 ], [ -122.05616, 37.51427 ], [ -122.06053, 37.51478 ], [ -122.06069, 37.51492 ] ] ], [ [ [ -122.03253, 37.51519 ], [ -122.03188, 37.51602 ], [ -122.03131, 37.51583 ], [ -122.03129, 37.51567 ], [ -122.03196, 37.51486 ], [ -122.03212, 37.51481 ], [ -122.03239, 37.51494 ], [ -122.03253, 37.51519 ] ] ], [ [ [ -122.03501, 37.51627 ], [ -122.0346, 37.51672 ], [ -122.03371, 37.51629 ], [ -122.03266, 37.51556 ], [ -122.03282, 37.5154 ], [ -122.03274, 37.51527 ], [ -122.03309, 37.51524 ], [ -122.03501, 37.51627 ] ], [ [ -122.03449, 37.51637 ], [ -122.03449, 37.51643 ], [ -122.03463, 37.5164 ], [ -122.03449, 37.51637 ] ] ], [ [ [ -122.05735, 37.51473 ], [ -122.05746, 37.51484 ], [ -122.0564, 37.51737 ], [ -122.05592, 37.51721 ], [ -122.05525, 37.51672 ], [ -122.0557, 37.51454 ], [ -122.05592, 37.51457 ], [ -122.05589, 37.51492 ], [ -122.05708, 37.51492 ], [ -122.05694, 37.51503 ], [ -122.05694, 37.51511 ], [ -122.05708, 37.51503 ], [ -122.05697, 37.51535 ], [ -122.05702, 37.5154 ], [ -122.05719, 37.51492 ], [ -122.05735, 37.51473 ] ], [ [ -122.05622, 37.51543 ], [ -122.05622, 37.5154 ], [ -122.05605, 37.5154 ], [ -122.05622, 37.51543 ] ] ], [ [ [ -122.05382, 37.51465 ], [ -122.05519, 37.51481 ], [ -122.0553, 37.51443 ], [ -122.05554, 37.51449 ], [ -122.05506, 37.51678 ], [ -122.0563, 37.51761 ], [ -122.05592, 37.51748 ], [ -122.05495, 37.5168 ], [ -122.0546, 37.51718 ], [ -122.05436, 37.51724 ], [ -122.05433, 37.51705 ], [ -122.05425, 37.51724 ], [ -122.05374, 37.51737 ], [ -122.05371, 37.51705 ], [ -122.05347, 37.51683 ], [ -122.05349, 37.5167 ], [ -122.05325, 37.51643 ], [ -122.05298, 37.51648 ], [ -122.05225, 37.515 ], [ -122.05242, 37.51508 ], [ -122.05244, 37.51494 ], [ -122.0526, 37.51503 ], [ -122.05263, 37.51489 ], [ -122.05382, 37.51465 ] ], [ [ -122.05357, 37.51686 ], [ -122.05355, 37.5168 ], [ -122.05355, 37.51686 ], [ -122.05357, 37.51686 ] ], [ [ -122.05498, 37.51629 ], [ -122.05495, 37.51627 ], [ -122.05495, 37.51629 ], [ -122.05498, 37.51629 ] ], [ [ -122.05487, 37.51618 ], [ -122.05484, 37.51616 ], [ -122.05484, 37.51618 ], [ -122.05487, 37.51618 ] ], [ [ -122.05514, 37.51578 ], [ -122.05511, 37.51575 ], [ -122.05511, 37.51578 ], [ -122.05514, 37.51578 ] ], [ [ -122.05487, 37.51648 ], [ -122.05484, 37.51645 ], [ -122.05484, 37.51648 ], [ -122.05487, 37.51648 ] ], [ [ -122.05333, 37.5164 ], [ -122.0533, 37.51637 ], [ -122.0533, 37.5164 ], [ -122.05333, 37.5164 ] ], [ [ -122.05457, 37.51659 ], [ -122.05463, 37.51664 ], [ -122.0546, 37.51659 ], [ -122.05457, 37.51659 ] ], [ [ -122.05457, 37.51664 ], [ -122.05454, 37.51667 ], [ -122.05457, 37.51667 ], [ -122.05457, 37.51664 ] ], [ [ -122.05498, 37.5167 ], [ -122.05503, 37.51672 ], [ -122.05503, 37.51667 ], [ -122.05498, 37.5167 ] ], [ [ -122.05438, 37.51705 ], [ -122.05454, 37.5168 ], [ -122.05454, 37.51672 ], [ -122.05438, 37.51705 ] ], [ [ -122.05457, 37.51694 ], [ -122.05457, 37.51702 ], [ -122.05495, 37.5167 ], [ -122.05487, 37.51651 ], [ -122.05457, 37.51694 ] ] ], [ [ [ -122.04627, 37.51532 ], [ -122.04597, 37.51551 ], [ -122.03705, 37.51848 ], [ -122.03695, 37.51845 ], [ -122.03711, 37.51831 ], [ -122.04627, 37.51532 ] ] ], [ [ [ -122.05223, 37.51953 ], [ -122.05217, 37.51945 ], [ -122.05215, 37.51963 ], [ -122.0522, 37.51982 ], [ -122.0525, 37.51988 ], [ -122.0522, 37.51996 ], [ -122.05198, 37.51974 ], [ -122.05153, 37.51988 ], [ -122.05147, 37.51974 ], [ -122.05145, 37.51985 ], [ -122.05153, 37.51936 ], [ -122.05161, 37.51969 ], [ -122.05171, 37.51936 ], [ -122.0522, 37.51918 ], [ -122.05239, 37.5192 ], [ -122.05244, 37.51947 ], [ -122.05223, 37.51953 ] ], [ [ -122.05215, 37.51928 ], [ -122.05215, 37.51926 ], [ -122.05212, 37.51928 ], [ -122.05215, 37.51928 ] ], [ [ -122.05231, 37.51926 ], [ -122.05231, 37.51923 ], [ -122.05223, 37.51926 ], [ -122.05231, 37.51926 ] ] ], [ [ [ -122.03751, 37.5198 ], [ -122.0374, 37.52017 ], [ -122.03363, 37.52144 ], [ -122.03422, 37.52114 ], [ -122.03735, 37.52012 ], [ -122.03743, 37.51982 ], [ -122.03687, 37.51869 ], [ -122.03751, 37.5198 ] ] ], [ [ [ -122.05821, 37.52104 ], [ -122.05913, 37.52085 ], [ -122.05961, 37.5206 ], [ -122.05972, 37.52069 ], [ -122.0605, 37.52047 ], [ -122.05867, 37.52117 ], [ -122.05754, 37.52144 ], [ -122.05821, 37.52104 ] ], [ [ -122.05797, 37.5213 ], [ -122.05797, 37.52128 ], [ -122.05786, 37.5213 ], [ -122.05797, 37.5213 ] ], [ [ -122.05816, 37.52117 ], [ -122.05816, 37.5212 ], [ -122.05834, 37.52114 ], [ -122.05816, 37.52117 ] ], [ [ -122.0584, 37.52114 ], [ -122.0584, 37.52112 ], [ -122.05837, 37.52114 ], [ -122.0584, 37.52114 ] ], [ [ -122.05848, 37.52112 ], [ -122.05848, 37.52109 ], [ -122.05843, 37.52112 ], [ -122.05848, 37.52112 ] ], [ [ -122.05851, 37.52106 ], [ -122.05851, 37.52109 ], [ -122.05861, 37.52104 ], [ -122.05851, 37.52106 ] ], [ [ -122.05913, 37.5209 ], [ -122.05913, 37.52087 ], [ -122.0591, 37.5209 ], [ -122.05913, 37.5209 ] ] ], [ [ [ -122.05689, 37.52327 ], [ -122.05684, 37.52303 ], [ -122.057, 37.52287 ], [ -122.05743, 37.52335 ], [ -122.05759, 37.52397 ], [ -122.05729, 37.52397 ], [ -122.0571, 37.52373 ], [ -122.05578, 37.52422 ], [ -122.05549, 37.52343 ], [ -122.05584, 37.52373 ], [ -122.05689, 37.52327 ] ], [ [ -122.05729, 37.52341 ], [ -122.05729, 37.52349 ], [ -122.05735, 37.52346 ], [ -122.05729, 37.52341 ] ], [ [ -122.05721, 37.5233 ], [ -122.05721, 37.52327 ], [ -122.05716, 37.5233 ], [ -122.05721, 37.5233 ] ], [ [ -122.05719, 37.52322 ], [ -122.05719, 37.52319 ], [ -122.05716, 37.52322 ], [ -122.05719, 37.52322 ] ] ], [ [ [ -122.05465, 37.52333 ], [ -122.0515, 37.52438 ], [ -122.05136, 37.5243 ], [ -122.05126, 37.52397 ], [ -122.05169, 37.52378 ], [ -122.05444, 37.52287 ], [ -122.05463, 37.52314 ], [ -122.05465, 37.52333 ] ], [ [ -122.05304, 37.52373 ], [ -122.05304, 37.5237 ], [ -122.05301, 37.52373 ], [ -122.05304, 37.52373 ] ], [ [ -122.05314, 37.52368 ], [ -122.05314, 37.52365 ], [ -122.05309, 37.52368 ], [ -122.05314, 37.52368 ] ], [ [ -122.05452, 37.52308 ], [ -122.05452, 37.52303 ], [ -122.05449, 37.52308 ], [ -122.05452, 37.52308 ] ] ], [ [ [ -122.05611, 37.52737 ], [ -122.05325, 37.52793 ], [ -122.05312, 37.52788 ], [ -122.05616, 37.52726 ], [ -122.05667, 37.52683 ], [ -122.05646, 37.52723 ], [ -122.05611, 37.52737 ] ] ], [ [ [ -122.04754, 37.53049 ], [ -122.04743, 37.53044 ], [ -122.04972, 37.52872 ], [ -122.05279, 37.52772 ], [ -122.05244, 37.52793 ], [ -122.04964, 37.52885 ], [ -122.04754, 37.53049 ] ] ], [ [ [ -122.06322, 37.52909 ], [ -122.06363, 37.52904 ], [ -122.06444, 37.52917 ], [ -122.06489, 37.52944 ], [ -122.06373, 37.52971 ], [ -122.06322, 37.52909 ] ] ], [ [ [ -122.05506, 37.53095 ], [ -122.05503, 37.53068 ], [ -122.05473, 37.53098 ], [ -122.05465, 37.53165 ], [ -122.05444, 37.53138 ], [ -122.05446, 37.53093 ], [ -122.05422, 37.53149 ], [ -122.05422, 37.53103 ], [ -122.05406, 37.53095 ], [ -122.05392, 37.53103 ], [ -122.05366, 37.53068 ], [ -122.05417, 37.53049 ], [ -122.05417, 37.53039 ], [ -122.05395, 37.53041 ], [ -122.05379, 37.53025 ], [ -122.05339, 37.53033 ], [ -122.05317, 37.53009 ], [ -122.05314, 37.52987 ], [ -122.05355, 37.52987 ], [ -122.05401, 37.52942 ], [ -122.05446, 37.5292 ], [ -122.05489, 37.52917 ], [ -122.05463, 37.52899 ], [ -122.05401, 37.52901 ], [ -122.05352, 37.52934 ], [ -122.05341, 37.5289 ], [ -122.05357, 37.52877 ], [ -122.05457, 37.52858 ], [ -122.05487, 37.52861 ], [ -122.05506, 37.5288 ], [ -122.0553, 37.52877 ], [ -122.05527, 37.52853 ], [ -122.05557, 37.52864 ], [ -122.05581, 37.52853 ], [ -122.05581, 37.52828 ], [ -122.05684, 37.52815 ], [ -122.05764, 37.52745 ], [ -122.05802, 37.52734 ], [ -122.05783, 37.52745 ], [ -122.05802, 37.52761 ], [ -122.05824, 37.52764 ], [ -122.05829, 37.5274 ], [ -122.05856, 37.52745 ], [ -122.05996, 37.52793 ], [ -122.06012, 37.52812 ], [ -122.06034, 37.52807 ], [ -122.06182, 37.52861 ], [ -122.06279, 37.52915 ], [ -122.06263, 37.52987 ], [ -122.06166, 37.5326 ], [ -122.06163, 37.53241 ], [ -122.0615, 37.53238 ], [ -122.06163, 37.53222 ], [ -122.06152, 37.53227 ], [ -122.06158, 37.53214 ], [ -122.06139, 37.53198 ], [ -122.06123, 37.53235 ], [ -122.06082, 37.53243 ], [ -122.06077, 37.53254 ], [ -122.06064, 37.53246 ], [ -122.06023, 37.53279 ], [ -122.06012, 37.53303 ], [ -122.05999, 37.533 ], [ -122.05975, 37.53322 ], [ -122.0595, 37.53319 ], [ -122.05975, 37.53343 ], [ -122.05942, 37.53357 ], [ -122.05945, 37.53373 ], [ -122.05843, 37.53473 ], [ -122.05805, 37.5347 ], [ -122.05748, 37.53443 ], [ -122.05791, 37.53402 ], [ -122.05807, 37.53402 ], [ -122.05813, 37.53386 ], [ -122.05797, 37.53365 ], [ -122.05813, 37.53362 ], [ -122.0581, 37.53357 ], [ -122.0556, 37.53456 ], [ -122.05587, 37.53432 ], [ -122.05751, 37.53351 ], [ -122.05762, 37.53327 ], [ -122.05781, 37.53324 ], [ -122.05832, 37.53268 ], [ -122.05794, 37.5323 ], [ -122.05789, 37.53206 ], [ -122.0577, 37.53233 ], [ -122.05756, 37.53225 ], [ -122.05756, 37.53262 ], [ -122.05735, 37.53287 ], [ -122.05702, 37.53284 ], [ -122.05694, 37.53292 ], [ -122.05713, 37.53292 ], [ -122.05713, 37.533 ], [ -122.05681, 37.53295 ], [ -122.05673, 37.53305 ], [ -122.05619, 37.53268 ], [ -122.0567, 37.53276 ], [ -122.05684, 37.53252 ], [ -122.05667, 37.53233 ], [ -122.0564, 37.53227 ], [ -122.05643, 37.53217 ], [ -122.05613, 37.53214 ], [ -122.05608, 37.53192 ], [ -122.05627, 37.53192 ], [ -122.05632, 37.53173 ], [ -122.05557, 37.53155 ], [ -122.05551, 37.53146 ], [ -122.05578, 37.53141 ], [ -122.05576, 37.53125 ], [ -122.05551, 37.53111 ], [ -122.05546, 37.53146 ], [ -122.05519, 37.53136 ], [ -122.05525, 37.53103 ], [ -122.05506, 37.53095 ] ], [ [ -122.06236, 37.53041 ], [ -122.06239, 37.53041 ], [ -122.06236, 37.53039 ], [ -122.06236, 37.53041 ] ], [ [ -122.06185, 37.5312 ], [ -122.06152, 37.53111 ], [ -122.06158, 37.53125 ], [ -122.06185, 37.5313 ], [ -122.06174, 37.53136 ], [ -122.06179, 37.53155 ], [ -122.06198, 37.53163 ], [ -122.06185, 37.5312 ] ], [ [ -122.05767, 37.53448 ], [ -122.05767, 37.53451 ], [ -122.05772, 37.53448 ], [ -122.05767, 37.53448 ] ], [ [ -122.05875, 37.53367 ], [ -122.05883, 37.53324 ], [ -122.05875, 37.53327 ], [ -122.05861, 37.53322 ], [ -122.05837, 37.53303 ], [ -122.05802, 37.53343 ], [ -122.05816, 37.53357 ], [ -122.05875, 37.53367 ] ], [ [ -122.05875, 37.53322 ], [ -122.05875, 37.53324 ], [ -122.05878, 37.53322 ], [ -122.05875, 37.53322 ] ], [ [ -122.05748, 37.53254 ], [ -122.05754, 37.53252 ], [ -122.05748, 37.53249 ], [ -122.05748, 37.53254 ] ], [ [ -122.05613, 37.53198 ], [ -122.05613, 37.532 ], [ -122.05616, 37.53198 ], [ -122.05613, 37.53198 ] ], [ [ -122.05581, 37.5316 ], [ -122.05584, 37.5316 ], [ -122.05581, 37.53157 ], [ -122.05581, 37.5316 ] ], [ [ -122.05837, 37.53413 ], [ -122.05837, 37.53416 ], [ -122.0584, 37.53413 ], [ -122.05837, 37.53413 ] ], [ [ -122.05737, 37.52815 ], [ -122.05737, 37.52818 ], [ -122.0574, 37.52815 ], [ -122.05737, 37.52815 ] ], [ [ -122.05743, 37.52939 ], [ -122.05743, 37.52942 ], [ -122.05746, 37.52939 ], [ -122.05743, 37.52939 ] ], [ [ -122.06217, 37.53079 ], [ -122.06217, 37.53082 ], [ -122.0622, 37.53079 ], [ -122.06217, 37.53079 ] ], [ [ -122.0577, 37.53427 ], [ -122.0577, 37.53429 ], [ -122.05772, 37.53427 ], [ -122.0577, 37.53427 ] ], [ [ -122.05818, 37.53392 ], [ -122.05818, 37.53394 ], [ -122.05821, 37.53392 ], [ -122.05818, 37.53392 ] ], [ [ -122.05759, 37.52966 ], [ -122.05759, 37.52969 ], [ -122.05762, 37.52966 ], [ -122.05759, 37.52966 ] ], [ [ -122.05778, 37.53165 ], [ -122.05778, 37.53168 ], [ -122.05781, 37.53165 ], [ -122.05778, 37.53165 ] ], [ [ -122.05781, 37.53152 ], [ -122.05781, 37.53155 ], [ -122.05783, 37.53152 ], [ -122.05781, 37.53152 ] ], [ [ -122.05767, 37.52963 ], [ -122.05767, 37.52966 ], [ -122.0577, 37.52963 ], [ -122.05767, 37.52963 ] ], [ [ -122.05778, 37.53117 ], [ -122.05778, 37.5312 ], [ -122.05781, 37.53117 ], [ -122.05778, 37.53117 ] ], [ [ -122.0622, 37.53087 ], [ -122.0622, 37.5309 ], [ -122.06223, 37.53087 ], [ -122.0622, 37.53087 ] ], [ [ -122.05772, 37.52966 ], [ -122.05772, 37.52969 ], [ -122.05775, 37.52966 ], [ -122.05772, 37.52966 ] ], [ [ -122.06026, 37.53084 ], [ -122.06026, 37.53087 ], [ -122.06028, 37.53084 ], [ -122.06026, 37.53084 ] ], [ [ -122.05775, 37.53068 ], [ -122.05775, 37.53071 ], [ -122.05778, 37.53068 ], [ -122.05775, 37.53068 ] ], [ [ -122.05794, 37.52942 ], [ -122.05794, 37.52944 ], [ -122.05797, 37.52942 ], [ -122.05794, 37.52942 ] ], [ [ -122.05886, 37.53322 ], [ -122.05886, 37.53324 ], [ -122.05888, 37.53322 ], [ -122.05886, 37.53322 ] ], [ [ -122.05883, 37.53411 ], [ -122.05883, 37.53413 ], [ -122.05886, 37.53411 ], [ -122.05883, 37.53411 ] ], [ [ -122.05622, 37.53206 ], [ -122.05622, 37.53208 ], [ -122.05624, 37.53206 ], [ -122.05622, 37.53206 ] ], [ [ -122.06074, 37.53041 ], [ -122.06074, 37.53044 ], [ -122.06077, 37.53041 ], [ -122.06074, 37.53041 ] ], [ [ -122.05791, 37.52947 ], [ -122.05791, 37.5295 ], [ -122.05794, 37.52947 ], [ -122.05791, 37.52947 ] ], [ [ -122.05632, 37.53195 ], [ -122.05632, 37.53198 ], [ -122.05635, 37.53195 ], [ -122.05632, 37.53195 ] ], [ [ -122.0588, 37.53341 ], [ -122.0588, 37.53343 ], [ -122.05883, 37.53341 ], [ -122.0588, 37.53341 ] ], [ [ -122.05861, 37.53017 ], [ -122.05861, 37.5302 ], [ -122.05864, 37.53017 ], [ -122.05861, 37.53017 ] ], [ [ -122.05756, 37.52942 ], [ -122.05756, 37.52944 ], [ -122.05759, 37.52942 ], [ -122.05756, 37.52942 ] ], [ [ -122.06055, 37.5306 ], [ -122.06055, 37.53063 ], [ -122.06058, 37.5306 ], [ -122.06055, 37.5306 ] ], [ [ -122.06034, 37.53163 ], [ -122.06034, 37.53165 ], [ -122.06039, 37.53163 ], [ -122.06034, 37.53163 ] ], [ [ -122.06228, 37.53033 ], [ -122.06228, 37.53036 ], [ -122.06233, 37.53033 ], [ -122.06228, 37.53033 ] ], [ [ -122.05832, 37.53392 ], [ -122.05832, 37.53394 ], [ -122.05837, 37.53392 ], [ -122.05832, 37.53392 ] ], [ [ -122.06093, 37.52874 ], [ -122.06093, 37.5288 ], [ -122.06096, 37.52874 ], [ -122.06093, 37.52874 ] ], [ [ -122.05775, 37.52925 ], [ -122.05775, 37.52928 ], [ -122.05781, 37.52925 ], [ -122.05775, 37.52925 ] ], [ [ -122.06174, 37.53187 ], [ -122.06174, 37.5319 ], [ -122.06179, 37.53187 ], [ -122.06174, 37.53187 ] ], [ [ -122.06007, 37.5312 ], [ -122.06007, 37.53122 ], [ -122.06012, 37.5312 ], [ -122.06007, 37.5312 ] ], [ [ -122.05786, 37.53098 ], [ -122.05786, 37.53103 ], [ -122.05789, 37.53098 ], [ -122.05786, 37.53098 ] ], [ [ -122.05754, 37.52931 ], [ -122.05754, 37.52934 ], [ -122.05759, 37.52931 ], [ -122.05754, 37.52931 ] ], [ [ -122.06163, 37.53101 ], [ -122.06163, 37.53103 ], [ -122.06169, 37.53101 ], [ -122.06163, 37.53101 ] ], [ [ -122.05783, 37.52923 ], [ -122.05783, 37.52925 ], [ -122.05789, 37.52923 ], [ -122.05783, 37.52923 ] ], [ [ -122.0602, 37.5309 ], [ -122.0602, 37.53093 ], [ -122.06026, 37.5309 ], [ -122.0602, 37.5309 ] ], [ [ -122.05775, 37.52917 ], [ -122.05775, 37.5292 ], [ -122.05781, 37.52917 ], [ -122.05775, 37.52917 ] ], [ [ -122.05719, 37.5327 ], [ -122.05719, 37.53273 ], [ -122.05724, 37.5327 ], [ -122.05719, 37.5327 ] ], [ [ -122.05751, 37.52961 ], [ -122.05751, 37.52963 ], [ -122.05756, 37.52961 ], [ -122.05751, 37.52961 ] ], [ [ -122.05608, 37.53149 ], [ -122.05608, 37.53155 ], [ -122.05613, 37.53149 ], [ -122.05608, 37.53149 ] ], [ [ -122.05961, 37.53227 ], [ -122.05961, 37.5323 ], [ -122.05969, 37.53227 ], [ -122.05961, 37.53227 ] ], [ [ -122.05837, 37.53381 ], [ -122.05837, 37.53378 ], [ -122.05834, 37.53381 ], [ -122.05837, 37.53381 ] ], [ [ -122.05829, 37.53384 ], [ -122.05834, 37.53384 ], [ -122.05834, 37.53381 ], [ -122.05829, 37.53384 ] ], [ [ -122.06031, 37.53076 ], [ -122.06037, 37.53076 ], [ -122.06031, 37.53074 ], [ -122.06031, 37.53076 ] ], [ [ -122.06028, 37.53071 ], [ -122.06028, 37.53074 ], [ -122.06031, 37.53074 ], [ -122.06028, 37.53071 ] ], [ [ -122.05659, 37.52837 ], [ -122.05657, 37.52842 ], [ -122.05662, 37.52837 ], [ -122.05659, 37.52837 ] ], [ [ -122.05762, 37.52942 ], [ -122.05762, 37.52944 ], [ -122.05767, 37.52942 ], [ -122.05762, 37.52942 ] ], [ [ -122.05719, 37.52987 ], [ -122.05721, 37.52987 ], [ -122.05719, 37.52985 ], [ -122.05719, 37.52987 ] ], [ [ -122.05713, 37.52982 ], [ -122.05713, 37.52985 ], [ -122.05719, 37.52985 ], [ -122.05713, 37.52982 ] ], [ [ -122.05759, 37.5295 ], [ -122.05759, 37.52947 ], [ -122.05754, 37.5295 ], [ -122.05759, 37.5295 ] ], [ [ -122.05751, 37.52952 ], [ -122.05754, 37.52952 ], [ -122.05754, 37.5295 ], [ -122.05751, 37.52952 ] ], [ [ -122.05756, 37.53211 ], [ -122.05756, 37.53219 ], [ -122.05759, 37.53211 ], [ -122.05756, 37.53211 ] ], [ [ -122.05896, 37.53184 ], [ -122.05899, 37.53192 ], [ -122.05902, 37.53184 ], [ -122.05896, 37.53184 ] ], [ [ -122.05829, 37.532 ], [ -122.05829, 37.53198 ], [ -122.05826, 37.532 ], [ -122.05829, 37.532 ] ], [ [ -122.05821, 37.53206 ], [ -122.05826, 37.53206 ], [ -122.05824, 37.53203 ], [ -122.05821, 37.53206 ] ], [ [ -122.06223, 37.53082 ], [ -122.06225, 37.53082 ], [ -122.06223, 37.53074 ], [ -122.06223, 37.53082 ] ], [ [ -122.0622, 37.53071 ], [ -122.0622, 37.53074 ], [ -122.06223, 37.53074 ], [ -122.0622, 37.53071 ] ], [ [ -122.06074, 37.53106 ], [ -122.06074, 37.53109 ], [ -122.06082, 37.53103 ], [ -122.06074, 37.53106 ] ], [ [ -122.05899, 37.53138 ], [ -122.05907, 37.53138 ], [ -122.05899, 37.53133 ], [ -122.05899, 37.53138 ] ], [ [ -122.05853, 37.53014 ], [ -122.05853, 37.5302 ], [ -122.05859, 37.53014 ], [ -122.05853, 37.53014 ] ], [ [ -122.05896, 37.53305 ], [ -122.05896, 37.53311 ], [ -122.05905, 37.53305 ], [ -122.05896, 37.53305 ] ], [ [ -122.06228, 37.53009 ], [ -122.06236, 37.53009 ], [ -122.06228, 37.53004 ], [ -122.06228, 37.53009 ] ], [ [ -122.06212, 37.52998 ], [ -122.06212, 37.53006 ], [ -122.06217, 37.52998 ], [ -122.06212, 37.52998 ] ], [ [ -122.05665, 37.53028 ], [ -122.05665, 37.53025 ], [ -122.05654, 37.53025 ], [ -122.05665, 37.53028 ] ], [ [ -122.0601, 37.53208 ], [ -122.0601, 37.53206 ], [ -122.05999, 37.53211 ], [ -122.0601, 37.53208 ] ], [ [ -122.05913, 37.5309 ], [ -122.05915, 37.53101 ], [ -122.05918, 37.5309 ], [ -122.05913, 37.5309 ] ], [ [ -122.06131, 37.53082 ], [ -122.06131, 37.53084 ], [ -122.06142, 37.53079 ], [ -122.06131, 37.53082 ] ], [ [ -122.0612, 37.53055 ], [ -122.0612, 37.5306 ], [ -122.06128, 37.53055 ], [ -122.0612, 37.53055 ] ], [ [ -122.05915, 37.52869 ], [ -122.05915, 37.52861 ], [ -122.0591, 37.52869 ], [ -122.05915, 37.52869 ] ], [ [ -122.05848, 37.53378 ], [ -122.05843, 37.53378 ], [ -122.05845, 37.53389 ], [ -122.05848, 37.53378 ] ], [ [ -122.06142, 37.5306 ], [ -122.06142, 37.53068 ], [ -122.06147, 37.5306 ], [ -122.06142, 37.5306 ] ], [ [ -122.05794, 37.52864 ], [ -122.05802, 37.52866 ], [ -122.05802, 37.52855 ], [ -122.05794, 37.52864 ] ], [ [ -122.05403, 37.52987 ], [ -122.05406, 37.52982 ], [ -122.05395, 37.52985 ], [ -122.05403, 37.52987 ] ], [ [ -122.0577, 37.52942 ], [ -122.05772, 37.52942 ], [ -122.0577, 37.52939 ], [ -122.0577, 37.52942 ] ], [ [ -122.05764, 37.52936 ], [ -122.05764, 37.52939 ], [ -122.0577, 37.52939 ], [ -122.05764, 37.52936 ] ], [ [ -122.0577, 37.52934 ], [ -122.0577, 37.52936 ], [ -122.05772, 37.52934 ], [ -122.0577, 37.52934 ] ], [ [ -122.05764, 37.52925 ], [ -122.05767, 37.52934 ], [ -122.0577, 37.52925 ], [ -122.05764, 37.52925 ] ], [ [ -122.05702, 37.52847 ], [ -122.05702, 37.52845 ], [ -122.057, 37.52847 ], [ -122.05702, 37.52847 ] ], [ [ -122.05692, 37.52853 ], [ -122.057, 37.5285 ], [ -122.057, 37.52847 ], [ -122.05692, 37.52853 ] ], [ [ -122.05826, 37.53405 ], [ -122.05834, 37.53405 ], [ -122.05826, 37.53397 ], [ -122.05826, 37.53405 ] ], [ [ -122.06109, 37.53079 ], [ -122.0612, 37.53074 ], [ -122.06109, 37.53071 ], [ -122.06109, 37.53079 ] ], [ [ -122.05355, 37.53028 ], [ -122.05355, 37.5302 ], [ -122.05344, 37.53025 ], [ -122.05355, 37.53028 ] ], [ [ -122.06031, 37.53006 ], [ -122.06028, 37.52996 ], [ -122.0602, 37.53004 ], [ -122.06031, 37.53006 ] ], [ [ -122.05937, 37.53179 ], [ -122.0594, 37.53165 ], [ -122.05929, 37.53179 ], [ -122.05937, 37.53179 ] ], [ [ -122.0567, 37.53289 ], [ -122.05684, 37.53289 ], [ -122.0567, 37.53279 ], [ -122.0567, 37.53289 ] ], [ [ -122.0605, 37.53141 ], [ -122.06061, 37.53133 ], [ -122.06055, 37.53125 ], [ -122.06042, 37.53133 ], [ -122.0605, 37.53141 ] ], [ [ -122.05956, 37.53093 ], [ -122.05948, 37.53079 ], [ -122.05931, 37.53082 ], [ -122.0594, 37.53093 ], [ -122.05956, 37.53093 ] ], [ [ -122.05921, 37.53098 ], [ -122.05915, 37.53114 ], [ -122.05934, 37.53103 ], [ -122.05921, 37.53098 ] ], [ [ -122.05851, 37.5299 ], [ -122.05872, 37.52987 ], [ -122.05872, 37.52974 ], [ -122.05859, 37.52971 ], [ -122.05851, 37.5299 ] ], [ [ -122.0584, 37.52969 ], [ -122.05834, 37.52955 ], [ -122.05813, 37.52952 ], [ -122.05826, 37.52969 ], [ -122.0584, 37.52969 ] ], [ [ -122.05988, 37.53252 ], [ -122.05996, 37.53241 ], [ -122.05993, 37.5323 ], [ -122.05975, 37.53238 ], [ -122.05988, 37.53252 ] ], [ [ -122.05929, 37.53044 ], [ -122.05929, 37.53041 ], [ -122.05923, 37.53044 ], [ -122.05929, 37.53044 ] ], [ [ -122.05921, 37.53049 ], [ -122.05934, 37.53055 ], [ -122.05921, 37.53044 ], [ -122.05899, 37.53047 ], [ -122.05918, 37.53063 ], [ -122.05921, 37.53049 ] ], [ [ -122.05441, 37.52969 ], [ -122.05465, 37.52958 ], [ -122.0546, 37.52947 ], [ -122.05438, 37.52955 ], [ -122.05441, 37.52969 ] ], [ [ -122.05708, 37.53222 ], [ -122.05719, 37.53214 ], [ -122.05713, 37.53198 ], [ -122.05697, 37.53203 ], [ -122.05708, 37.53222 ] ], [ [ -122.05705, 37.5285 ], [ -122.0574, 37.52845 ], [ -122.05737, 37.52828 ], [ -122.05721, 37.52845 ], [ -122.05713, 37.52839 ], [ -122.05705, 37.5285 ] ], [ [ -122.05961, 37.52974 ], [ -122.05958, 37.5295 ], [ -122.05945, 37.5295 ], [ -122.05945, 37.52969 ], [ -122.05961, 37.52974 ] ], [ [ -122.06007, 37.53098 ], [ -122.06007, 37.53114 ], [ -122.06034, 37.53111 ], [ -122.06007, 37.53098 ] ], [ [ -122.05851, 37.52912 ], [ -122.05843, 37.52928 ], [ -122.05869, 37.52931 ], [ -122.05851, 37.52912 ] ], [ [ -122.05886, 37.53173 ], [ -122.05883, 37.5316 ], [ -122.05856, 37.53163 ], [ -122.05859, 37.53176 ], [ -122.05886, 37.53173 ] ], [ [ -122.06117, 37.52885 ], [ -122.06115, 37.52864 ], [ -122.06101, 37.52858 ], [ -122.06099, 37.5289 ], [ -122.06117, 37.52885 ] ], [ [ -122.0605, 37.53063 ], [ -122.06039, 37.53084 ], [ -122.06053, 37.53084 ], [ -122.06082, 37.53063 ], [ -122.0605, 37.53063 ] ], [ [ -122.05864, 37.53063 ], [ -122.05894, 37.5306 ], [ -122.05894, 37.53047 ], [ -122.05856, 37.53047 ], [ -122.05864, 37.53063 ] ], [ [ -122.05727, 37.52904 ], [ -122.05762, 37.5292 ], [ -122.0577, 37.52907 ], [ -122.05743, 37.52896 ], [ -122.05727, 37.52904 ] ], [ [ -122.05888, 37.53004 ], [ -122.05867, 37.53014 ], [ -122.05875, 37.53023 ], [ -122.05921, 37.5302 ], [ -122.05926, 37.53006 ], [ -122.05888, 37.53004 ] ], [ [ -122.0563, 37.52958 ], [ -122.05581, 37.5292 ], [ -122.05613, 37.52961 ], [ -122.0563, 37.52958 ] ], [ [ -122.05853, 37.53211 ], [ -122.05824, 37.53208 ], [ -122.05813, 37.53225 ], [ -122.05837, 37.53249 ], [ -122.05856, 37.53246 ], [ -122.05853, 37.53211 ] ], [ [ -122.05648, 37.52901 ], [ -122.0563, 37.52901 ], [ -122.0563, 37.52885 ], [ -122.05592, 37.52915 ], [ -122.05632, 37.52936 ], [ -122.05648, 37.52901 ] ], [ [ -122.05627, 37.53001 ], [ -122.05662, 37.53014 ], [ -122.05673, 37.52982 ], [ -122.05635, 37.52969 ], [ -122.05627, 37.53001 ] ], [ [ -122.05538, 37.52952 ], [ -122.05519, 37.53004 ], [ -122.05541, 37.53012 ], [ -122.05587, 37.52993 ], [ -122.05584, 37.52982 ], [ -122.0557, 37.52993 ], [ -122.05557, 37.52987 ], [ -122.05535, 37.52966 ], [ -122.05538, 37.52952 ] ], [ [ -122.05818, 37.52877 ], [ -122.05772, 37.52872 ], [ -122.05759, 37.5288 ], [ -122.05783, 37.5292 ], [ -122.05805, 37.5292 ], [ -122.05818, 37.52877 ] ], [ [ -122.05915, 37.53141 ], [ -122.05915, 37.53152 ], [ -122.05942, 37.53152 ], [ -122.05972, 37.53171 ], [ -122.06004, 37.53114 ], [ -122.05956, 37.5312 ], [ -122.05915, 37.53141 ] ], [ [ -122.05915, 37.53295 ], [ -122.05918, 37.53295 ], [ -122.05915, 37.53292 ], [ -122.05915, 37.53295 ] ], [ [ -122.05915, 37.53289 ], [ -122.05945, 37.53297 ], [ -122.05956, 37.53281 ], [ -122.05937, 37.53217 ], [ -122.05899, 37.53219 ], [ -122.05888, 37.53252 ], [ -122.05869, 37.5326 ], [ -122.05875, 37.53305 ], [ -122.05915, 37.53289 ] ], [ [ -122.05894, 37.53305 ], [ -122.05891, 37.53305 ], [ -122.05894, 37.53308 ], [ -122.05894, 37.53305 ] ], [ [ -122.05783, 37.53063 ], [ -122.05767, 37.53106 ], [ -122.05743, 37.53117 ], [ -122.05748, 37.5313 ], [ -122.05764, 37.5313 ], [ -122.05781, 37.53095 ], [ -122.05794, 37.53095 ], [ -122.05802, 37.53103 ], [ -122.05791, 37.53109 ], [ -122.05797, 37.53165 ], [ -122.05783, 37.53168 ], [ -122.05802, 37.53208 ], [ -122.05824, 37.53182 ], [ -122.05818, 37.53157 ], [ -122.05845, 37.53149 ], [ -122.05859, 37.53128 ], [ -122.05859, 37.53106 ], [ -122.0581, 37.53041 ], [ -122.05783, 37.53063 ] ], [ [ -122.05791, 37.53152 ], [ -122.05791, 37.53144 ], [ -122.05786, 37.53149 ], [ -122.05791, 37.53152 ] ], [ [ -122.0571, 37.53098 ], [ -122.05708, 37.53071 ], [ -122.05735, 37.53074 ], [ -122.05783, 37.5302 ], [ -122.05759, 37.53012 ], [ -122.05754, 37.53031 ], [ -122.0567, 37.53044 ], [ -122.05673, 37.53031 ], [ -122.0563, 37.5302 ], [ -122.05622, 37.53039 ], [ -122.05662, 37.53052 ], [ -122.05657, 37.53066 ], [ -122.05597, 37.53044 ], [ -122.05581, 37.53076 ], [ -122.05616, 37.53082 ], [ -122.05605, 37.53098 ], [ -122.05619, 37.53106 ], [ -122.05638, 37.53098 ], [ -122.05692, 37.53106 ], [ -122.0571, 37.53098 ] ] ], [ [ [ -122.06532, 37.52966 ], [ -122.06603, 37.5299 ], [ -122.06597, 37.53014 ], [ -122.06462, 37.53252 ], [ -122.06435, 37.53276 ], [ -122.06411, 37.53066 ], [ -122.06387, 37.52996 ], [ -122.06481, 37.52963 ], [ -122.06532, 37.52966 ] ], [ [ -122.06597, 37.53001 ], [ -122.06597, 37.52998 ], [ -122.06594, 37.53001 ], [ -122.06597, 37.53001 ] ] ], [ [ [ -122.06298, 37.52931 ], [ -122.06293, 37.52955 ], [ -122.06303, 37.52947 ], [ -122.0633, 37.52958 ], [ -122.06384, 37.53055 ], [ -122.06403, 37.53268 ], [ -122.06285, 37.53284 ], [ -122.06285, 37.53292 ], [ -122.0629, 37.533 ], [ -122.064, 37.53297 ], [ -122.06398, 37.53381 ], [ -122.0647, 37.5357 ], [ -122.06468, 37.53586 ], [ -122.06411, 37.53597 ], [ -122.06379, 37.53618 ], [ -122.06379, 37.53607 ], [ -122.06346, 37.53602 ], [ -122.06352, 37.53594 ], [ -122.06142, 37.53505 ], [ -122.06109, 37.53524 ], [ -122.06158, 37.53343 ], [ -122.06225, 37.53305 ], [ -122.06268, 37.53303 ], [ -122.06258, 37.53281 ], [ -122.06161, 37.53332 ], [ -122.06206, 37.532 ], [ -122.06231, 37.53249 ], [ -122.06223, 37.53257 ], [ -122.06239, 37.53262 ], [ -122.06236, 37.53254 ], [ -122.06247, 37.53249 ], [ -122.06233, 37.53222 ], [ -122.06241, 37.53155 ], [ -122.0622, 37.53157 ], [ -122.06223, 37.53138 ], [ -122.06252, 37.53047 ], [ -122.06263, 37.53044 ], [ -122.0626, 37.53023 ], [ -122.06285, 37.52947 ], [ -122.06298, 37.52931 ] ], [ [ -122.06244, 37.5326 ], [ -122.06244, 37.53257 ], [ -122.06241, 37.5326 ], [ -122.06244, 37.5326 ] ], [ [ -122.06249, 37.53257 ], [ -122.06247, 37.53257 ], [ -122.06249, 37.5326 ], [ -122.06249, 37.53257 ] ], [ [ -122.06268, 37.53017 ], [ -122.06271, 37.53017 ], [ -122.06268, 37.53014 ], [ -122.06268, 37.53017 ] ], [ [ -122.06249, 37.53195 ], [ -122.06252, 37.53195 ], [ -122.06249, 37.53192 ], [ -122.06249, 37.53195 ] ], [ [ -122.06279, 37.52985 ], [ -122.06282, 37.52985 ], [ -122.06279, 37.52982 ], [ -122.06279, 37.52985 ] ], [ [ -122.06293, 37.53308 ], [ -122.06295, 37.53308 ], [ -122.06293, 37.53305 ], [ -122.06293, 37.53308 ] ], [ [ -122.06271, 37.53009 ], [ -122.06274, 37.53009 ], [ -122.06271, 37.53004 ], [ -122.06271, 37.53009 ] ], [ [ -122.06282, 37.53165 ], [ -122.06285, 37.53165 ], [ -122.06282, 37.5316 ], [ -122.06282, 37.53165 ] ], [ [ -122.06247, 37.53082 ], [ -122.06249, 37.53082 ], [ -122.06247, 37.53076 ], [ -122.06247, 37.53082 ] ], [ [ -122.06268, 37.53249 ], [ -122.06268, 37.53246 ], [ -122.06266, 37.53249 ], [ -122.06268, 37.53249 ] ], [ [ -122.06263, 37.53246 ], [ -122.06266, 37.53246 ], [ -122.06263, 37.53243 ], [ -122.06263, 37.53246 ] ], [ [ -122.06306, 37.52974 ], [ -122.06309, 37.52974 ], [ -122.06306, 37.52963 ], [ -122.06306, 37.52974 ] ], [ [ -122.06228, 37.53273 ], [ -122.06233, 37.53273 ], [ -122.06228, 37.53268 ], [ -122.06228, 37.53273 ] ], [ [ -122.06198, 37.5327 ], [ -122.0619, 37.53276 ], [ -122.0619, 37.53279 ], [ -122.06196, 37.53279 ], [ -122.06198, 37.5327 ] ], [ [ -122.06255, 37.53214 ], [ -122.0626, 37.53211 ], [ -122.06255, 37.53206 ], [ -122.06255, 37.53214 ] ], [ [ -122.06247, 37.53203 ], [ -122.06255, 37.53233 ], [ -122.06252, 37.53217 ], [ -122.06247, 37.53203 ] ], [ [ -122.0636, 37.53491 ], [ -122.06357, 37.53475 ], [ -122.06344, 37.53473 ], [ -122.06346, 37.53491 ], [ -122.0636, 37.53491 ] ] ], [ [ [ -122.06786, 37.5388 ], [ -122.06869, 37.5388 ], [ -122.06929, 37.53863 ], [ -122.0684, 37.53933 ], [ -122.06813, 37.53893 ], [ -122.06786, 37.5388 ] ] ], [ [ [ -122.06764, 37.53982 ], [ -122.06748, 37.53982 ], [ -122.06718, 37.53912 ], [ -122.06753, 37.53888 ], [ -122.06799, 37.53901 ], [ -122.0681, 37.53941 ], [ -122.06764, 37.53982 ] ] ], [ [ [ -122.06837, 37.54017 ], [ -122.07112, 37.53785 ], [ -122.07212, 37.53721 ], [ -122.0685, 37.54006 ], [ -122.06834, 37.54039 ], [ -122.06834, 37.54092 ], [ -122.06877, 37.54179 ], [ -122.06867, 37.54203 ], [ -122.06853, 37.54203 ], [ -122.06818, 37.54114 ], [ -122.06837, 37.54017 ] ] ], [ [ [ -122.06638, 37.53968 ], [ -122.06608, 37.53853 ], [ -122.06554, 37.53723 ], [ -122.06608, 37.5382 ], [ -122.06643, 37.53944 ], [ -122.06646, 37.54028 ], [ -122.06605, 37.54092 ], [ -122.0643, 37.5423 ], [ -122.06586, 37.54098 ], [ -122.06635, 37.5403 ], [ -122.06638, 37.53968 ] ] ], [ [ [ -122.06656, 37.54127 ], [ -122.06691, 37.54181 ], [ -122.06565, 37.54203 ], [ -122.06656, 37.54127 ] ] ], [ [ [ -122.06912, 37.55081 ], [ -122.06896, 37.551 ], [ -122.06775, 37.55157 ], [ -122.06721, 37.55168 ], [ -122.06562, 37.55235 ], [ -122.06497, 37.55249 ], [ -122.06236, 37.55386 ], [ -122.06196, 37.55397 ], [ -122.06193, 37.55389 ], [ -122.06481, 37.55238 ], [ -122.06912, 37.55081 ] ] ], [ [ [ -122.06155, 37.55429 ], [ -122.05767, 37.55645 ], [ -122.05719, 37.55664 ], [ -122.0615, 37.55421 ], [ -122.06155, 37.55429 ] ] ], [ [ [ -122.06586, 37.56491 ], [ -122.06441, 37.56424 ], [ -122.06427, 37.56337 ], [ -122.0646, 37.5634 ], [ -122.065, 37.56413 ], [ -122.06549, 37.56456 ], [ -122.06541, 37.56461 ], [ -122.06586, 37.56491 ] ], [ [ -122.06532, 37.56453 ], [ -122.06535, 37.56459 ], [ -122.06538, 37.56453 ], [ -122.06532, 37.56453 ] ] ], [ [ [ -122.0633, 37.56892 ], [ -122.06576, 37.56564 ], [ -122.06651, 37.56496 ], [ -122.06635, 37.56526 ], [ -122.06651, 37.56548 ], [ -122.066, 37.56572 ], [ -122.0633, 37.56922 ], [ -122.06263, 37.56957 ], [ -122.06093, 37.56944 ], [ -122.05907, 37.56952 ], [ -122.05894, 37.56938 ], [ -122.05864, 37.56766 ], [ -122.05848, 37.56747 ], [ -122.05589, 37.56682 ], [ -122.05568, 37.56669 ], [ -122.05789, 37.56723 ], [ -122.05848, 37.56742 ], [ -122.05872, 37.5676 ], [ -122.05913, 37.56946 ], [ -122.05975, 37.56936 ], [ -122.06249, 37.56941 ], [ -122.06303, 37.56919 ], [ -122.0633, 37.56892 ] ], [ [ -122.06365, 37.5686 ], [ -122.06349, 37.56882 ], [ -122.06365, 37.56866 ], [ -122.06365, 37.5686 ] ], [ [ -122.06346, 37.56882 ], [ -122.06344, 37.56884 ], [ -122.06344, 37.5689 ], [ -122.06349, 37.56887 ], [ -122.06349, 37.56882 ], [ -122.06346, 37.56882 ] ], [ [ -122.06338, 37.56895 ], [ -122.06341, 37.56895 ], [ -122.06344, 37.5689 ], [ -122.06338, 37.56895 ] ], [ [ -122.06336, 37.56898 ], [ -122.06338, 37.56898 ], [ -122.06338, 37.56895 ], [ -122.06336, 37.56898 ] ], [ [ -122.06371, 37.56855 ], [ -122.06365, 37.56855 ], [ -122.06371, 37.56857 ], [ -122.06371, 37.56855 ] ], [ [ -122.06373, 37.56852 ], [ -122.06371, 37.56852 ], [ -122.06371, 37.56855 ], [ -122.06373, 37.56852 ] ], [ [ -122.06233, 37.56949 ], [ -122.06233, 37.56954 ], [ -122.06247, 37.56949 ], [ -122.06233, 37.56949 ] ], [ [ -122.06166, 37.56946 ], [ -122.06166, 37.56949 ], [ -122.06169, 37.56946 ], [ -122.06166, 37.56946 ] ], [ [ -122.06411, 37.56798 ], [ -122.06414, 37.56798 ], [ -122.06411, 37.56795 ], [ -122.06411, 37.56798 ] ], [ [ -122.06594, 37.56556 ], [ -122.06597, 37.56556 ], [ -122.06594, 37.56553 ], [ -122.06594, 37.56556 ] ], [ [ -122.06376, 37.56844 ], [ -122.06379, 37.56844 ], [ -122.06376, 37.56841 ], [ -122.06376, 37.56844 ] ], [ [ -122.06449, 37.5675 ], [ -122.06452, 37.5675 ], [ -122.06449, 37.56747 ], [ -122.06449, 37.5675 ] ], [ [ -122.0657, 37.56588 ], [ -122.06573, 37.56588 ], [ -122.0657, 37.56585 ], [ -122.0657, 37.56588 ] ], [ [ -122.06473, 37.56715 ], [ -122.06476, 37.56715 ], [ -122.06473, 37.56712 ], [ -122.06473, 37.56715 ] ], [ [ -122.06387, 37.5683 ], [ -122.0639, 37.5683 ], [ -122.06387, 37.56828 ], [ -122.06387, 37.5683 ] ], [ [ -122.06419, 37.56787 ], [ -122.06422, 37.56787 ], [ -122.06419, 37.56785 ], [ -122.06419, 37.56787 ] ], [ [ -122.06567, 37.56593 ], [ -122.0657, 37.56593 ], [ -122.06567, 37.56591 ], [ -122.06567, 37.56593 ] ], [ [ -122.06263, 37.56946 ], [ -122.06266, 37.56946 ], [ -122.06263, 37.56944 ], [ -122.06263, 37.56946 ] ], [ [ -122.06452, 37.56744 ], [ -122.06457, 37.56744 ], [ -122.06452, 37.56742 ], [ -122.06452, 37.56744 ] ], [ [ -122.06249, 37.56949 ], [ -122.06258, 37.56949 ], [ -122.06249, 37.56946 ], [ -122.06249, 37.56949 ] ], [ [ -122.06635, 37.56539 ], [ -122.06635, 37.56542 ], [ -122.06638, 37.56539 ], [ -122.06635, 37.56539 ] ], [ [ -122.0664, 37.56542 ], [ -122.06638, 37.56542 ], [ -122.0664, 37.56545 ], [ -122.0664, 37.56542 ] ], [ [ -122.06638, 37.56548 ], [ -122.06638, 37.56545 ], [ -122.06635, 37.56548 ], [ -122.06638, 37.56548 ] ], [ [ -122.06311, 37.56925 ], [ -122.06317, 37.56922 ], [ -122.06311, 37.56919 ], [ -122.06311, 37.56925 ] ], [ [ -122.06333, 37.56903 ], [ -122.06328, 37.56903 ], [ -122.0633, 37.56911 ], [ -122.06333, 37.56903 ] ], [ [ -122.06611, 37.56542 ], [ -122.06621, 37.56542 ], [ -122.06611, 37.56539 ], [ -122.06611, 37.56542 ] ], [ [ -122.06608, 37.56545 ], [ -122.06611, 37.56545 ], [ -122.06611, 37.56542 ], [ -122.06608, 37.56545 ] ] ], [ [ [ -122.06877, 37.56806 ], [ -122.06859, 37.56798 ], [ -122.06813, 37.56806 ], [ -122.06815, 37.56852 ], [ -122.06794, 37.56804 ], [ -122.06726, 37.5679 ], [ -122.06791, 37.56787 ], [ -122.06794, 37.5675 ], [ -122.06813, 37.56787 ], [ -122.06885, 37.56782 ], [ -122.06947, 37.56755 ], [ -122.06982, 37.56715 ], [ -122.07009, 37.56717 ], [ -122.07106, 37.56777 ], [ -122.07141, 37.5683 ], [ -122.07187, 37.56828 ], [ -122.07222, 37.56844 ], [ -122.07265, 37.56839 ], [ -122.07257, 37.56863 ], [ -122.07422, 37.56957 ], [ -122.07406, 37.56952 ], [ -122.07419, 37.56963 ], [ -122.07414, 37.56965 ], [ -122.07247, 37.56876 ], [ -122.07217, 37.56936 ], [ -122.07322, 37.56973 ], [ -122.07319, 37.56981 ], [ -122.07449, 37.57051 ], [ -122.07465, 37.57049 ], [ -122.07495, 37.57008 ], [ -122.07508, 37.57016 ], [ -122.07519, 37.57006 ], [ -122.0747, 37.57076 ], [ -122.07457, 37.57078 ], [ -122.07268, 37.56973 ], [ -122.07217, 37.56957 ], [ -122.07201, 37.56963 ], [ -122.07193, 37.57003 ], [ -122.07298, 37.57043 ], [ -122.07333, 37.57073 ], [ -122.07419, 37.57111 ], [ -122.07424, 37.57124 ], [ -122.07365, 37.57194 ], [ -122.07346, 37.57194 ], [ -122.0715, 37.57086 ], [ -122.07088, 37.57154 ], [ -122.07093, 37.5717 ], [ -122.0715, 37.57194 ], [ -122.0716, 37.57165 ], [ -122.07171, 37.57162 ], [ -122.07166, 37.57184 ], [ -122.07187, 37.57167 ], [ -122.07182, 37.57197 ], [ -122.0726, 37.57202 ], [ -122.07322, 37.57235 ], [ -122.07193, 37.57386 ], [ -122.07168, 37.57396 ], [ -122.07101, 37.57361 ], [ -122.07066, 37.57399 ], [ -122.07074, 37.57413 ], [ -122.07053, 37.57404 ], [ -122.07069, 37.57421 ], [ -122.07063, 37.57423 ], [ -122.06999, 37.57391 ], [ -122.06883, 37.57372 ], [ -122.06859, 37.57421 ], [ -122.06974, 37.57442 ], [ -122.07066, 37.57493 ], [ -122.07098, 37.57483 ], [ -122.06969, 37.57636 ], [ -122.06861, 37.57582 ], [ -122.06869, 37.57572 ], [ -122.06966, 37.57615 ], [ -122.06999, 37.57572 ], [ -122.06942, 37.57542 ], [ -122.06942, 37.57526 ], [ -122.06958, 37.57539 ], [ -122.06953, 37.5752 ], [ -122.06964, 37.5752 ], [ -122.06982, 37.57545 ], [ -122.07018, 37.57555 ], [ -122.07044, 37.57526 ], [ -122.07053, 37.57504 ], [ -122.06961, 37.57453 ], [ -122.06921, 37.57448 ], [ -122.06845, 37.57547 ], [ -122.06845, 37.5752 ], [ -122.06896, 37.57445 ], [ -122.06837, 37.57429 ], [ -122.06778, 37.57504 ], [ -122.06743, 37.57585 ], [ -122.06737, 37.57561 ], [ -122.06726, 37.5759 ], [ -122.06732, 37.57545 ], [ -122.06648, 37.57523 ], [ -122.06656, 37.57512 ], [ -122.06743, 37.57526 ], [ -122.06759, 37.57477 ], [ -122.06643, 37.57448 ], [ -122.06619, 37.57431 ], [ -122.06624, 37.57415 ], [ -122.06691, 37.57445 ], [ -122.06778, 37.5734 ], [ -122.0678, 37.57364 ], [ -122.06718, 37.5744 ], [ -122.06729, 37.57456 ], [ -122.06775, 37.57464 ], [ -122.06867, 37.57364 ], [ -122.06867, 37.57318 ], [ -122.06837, 37.57281 ], [ -122.06724, 37.57219 ], [ -122.06624, 37.5721 ], [ -122.06619, 37.57283 ], [ -122.06603, 37.5731 ], [ -122.06597, 37.57213 ], [ -122.06541, 37.57213 ], [ -122.06567, 37.57205 ], [ -122.06546, 37.57197 ], [ -122.06605, 37.57194 ], [ -122.06608, 37.57184 ], [ -122.06613, 37.57192 ], [ -122.06705, 37.57189 ], [ -122.06748, 37.5713 ], [ -122.067, 37.571 ], [ -122.06673, 37.57116 ], [ -122.06673, 37.57105 ], [ -122.06662, 37.57111 ], [ -122.06675, 37.57089 ], [ -122.06678, 37.57097 ], [ -122.067, 37.57095 ], [ -122.06689, 37.57084 ], [ -122.06859, 37.57165 ], [ -122.06859, 37.57186 ], [ -122.06834, 37.57192 ], [ -122.06767, 37.57143 ], [ -122.06726, 37.57186 ], [ -122.06726, 37.57197 ], [ -122.06837, 37.57254 ], [ -122.06969, 37.57194 ], [ -122.06958, 37.57167 ], [ -122.06923, 37.5714 ], [ -122.06907, 37.57146 ], [ -122.0691, 37.57135 ], [ -122.06891, 37.57124 ], [ -122.06864, 37.57135 ], [ -122.06872, 37.57116 ], [ -122.06853, 37.57103 ], [ -122.06805, 37.57086 ], [ -122.06783, 37.57062 ], [ -122.06721, 37.57041 ], [ -122.06713, 37.57027 ], [ -122.067, 37.57035 ], [ -122.06708, 37.57025 ], [ -122.06697, 37.57016 ], [ -122.06686, 37.57025 ], [ -122.06689, 37.57011 ], [ -122.06646, 37.56987 ], [ -122.06624, 37.56957 ], [ -122.06586, 37.56954 ], [ -122.06589, 37.56936 ], [ -122.06611, 37.56927 ], [ -122.06621, 37.56938 ], [ -122.06629, 37.56927 ], [ -122.06678, 37.56984 ], [ -122.06718, 37.57006 ], [ -122.06745, 37.57006 ], [ -122.06853, 37.56938 ], [ -122.06829, 37.5689 ], [ -122.06756, 37.56919 ], [ -122.06743, 37.56914 ], [ -122.06818, 37.56874 ], [ -122.06826, 37.56857 ], [ -122.06877, 37.56925 ], [ -122.06899, 37.56922 ], [ -122.06899, 37.56911 ], [ -122.06912, 37.56919 ], [ -122.07004, 37.56901 ], [ -122.07109, 37.56898 ], [ -122.07117, 37.56844 ], [ -122.07106, 37.56812 ], [ -122.07042, 37.56755 ], [ -122.06993, 37.56736 ], [ -122.06956, 37.56766 ], [ -122.06961, 37.56777 ], [ -122.06937, 37.56763 ], [ -122.0691, 37.56779 ], [ -122.06934, 37.56771 ], [ -122.0695, 37.56777 ], [ -122.06896, 37.5679 ], [ -122.06885, 37.56804 ], [ -122.06885, 37.56787 ], [ -122.06848, 37.56793 ], [ -122.06869, 37.56795 ], [ -122.06877, 37.56806 ] ], [ [ -122.06947, 37.5676 ], [ -122.06947, 37.56763 ], [ -122.0695, 37.5676 ], [ -122.06947, 37.5676 ] ], [ [ -122.06848, 37.57534 ], [ -122.0685, 37.57534 ], [ -122.06848, 37.57531 ], [ -122.06848, 37.57534 ] ], [ [ -122.07244, 37.5731 ], [ -122.07247, 37.5731 ], [ -122.07244, 37.57307 ], [ -122.07244, 37.5731 ] ], [ [ -122.07101, 37.57329 ], [ -122.07096, 37.57329 ], [ -122.07093, 37.5734 ], [ -122.07101, 37.57329 ] ], [ [ -122.07077, 37.57356 ], [ -122.07082, 37.57356 ], [ -122.0708, 37.57348 ], [ -122.07077, 37.57356 ] ], [ [ -122.06605, 37.56941 ], [ -122.06594, 37.56941 ], [ -122.06603, 37.56949 ], [ -122.06605, 37.56941 ] ], [ [ -122.0705, 37.56758 ], [ -122.07053, 37.5675 ], [ -122.07031, 37.56742 ], [ -122.07036, 37.5675 ], [ -122.0705, 37.56758 ] ], [ [ -122.06883, 37.57345 ], [ -122.06872, 37.57375 ], [ -122.06894, 37.57364 ], [ -122.06883, 37.57345 ] ], [ [ -122.07058, 37.5717 ], [ -122.07053, 37.57178 ], [ -122.07085, 37.57189 ], [ -122.07058, 37.5717 ] ], [ [ -122.06864, 37.57275 ], [ -122.06891, 37.57316 ], [ -122.06888, 37.57351 ], [ -122.06956, 37.57361 ], [ -122.06956, 37.57307 ], [ -122.06923, 37.57248 ], [ -122.06907, 37.57245 ], [ -122.06864, 37.57275 ] ], [ [ -122.07123, 37.5734 ], [ -122.07163, 37.57375 ], [ -122.07241, 37.57307 ], [ -122.07287, 37.57243 ], [ -122.07265, 37.57227 ], [ -122.07214, 37.57216 ], [ -122.07201, 37.57251 ], [ -122.07123, 37.5734 ] ], [ [ -122.07174, 37.57073 ], [ -122.0733, 37.57157 ], [ -122.07357, 37.57167 ], [ -122.07376, 37.57148 ], [ -122.07379, 37.57122 ], [ -122.07241, 37.57043 ], [ -122.07185, 37.57025 ], [ -122.07174, 37.57073 ] ], [ [ -122.06891, 37.57078 ], [ -122.06945, 37.57057 ], [ -122.07058, 37.57038 ], [ -122.07074, 37.56998 ], [ -122.07001, 37.56989 ], [ -122.06945, 37.56998 ], [ -122.06867, 37.57035 ], [ -122.06837, 37.57068 ], [ -122.06885, 37.57092 ], [ -122.06891, 37.57078 ] ], [ [ -122.07141, 37.57054 ], [ -122.0719, 37.56911 ], [ -122.0722, 37.56868 ], [ -122.07203, 37.56852 ], [ -122.07144, 37.56849 ], [ -122.07139, 37.56857 ], [ -122.07085, 37.57038 ], [ -122.07141, 37.57054 ] ], [ [ -122.07123, 37.57076 ], [ -122.07023, 37.57057 ], [ -122.07012, 37.5706 ], [ -122.07015, 37.57081 ], [ -122.07004, 37.57078 ], [ -122.06999, 37.57097 ], [ -122.06996, 37.5707 ], [ -122.06977, 37.57065 ], [ -122.0691, 37.571 ], [ -122.06993, 37.57178 ], [ -122.07071, 37.57138 ], [ -122.07123, 37.57076 ] ], [ [ -122.07096, 37.56927 ], [ -122.06999, 37.56917 ], [ -122.06832, 37.56968 ], [ -122.06764, 37.5703 ], [ -122.0681, 37.57051 ], [ -122.06848, 37.57022 ], [ -122.06931, 37.56987 ], [ -122.07018, 37.56968 ], [ -122.0708, 37.56968 ], [ -122.07096, 37.56927 ] ], [ [ -122.07066, 37.57378 ], [ -122.0708, 37.57343 ], [ -122.07077, 37.57329 ], [ -122.07047, 37.57321 ], [ -122.0705, 37.57297 ], [ -122.07093, 37.57318 ], [ -122.07117, 37.57318 ], [ -122.0719, 37.57221 ], [ -122.07171, 37.5721 ], [ -122.07117, 37.57213 ], [ -122.07101, 37.57192 ], [ -122.07104, 37.57205 ], [ -122.07042, 37.57194 ], [ -122.06991, 37.57216 ], [ -122.06991, 37.57229 ], [ -122.06939, 37.57229 ], [ -122.0698, 37.57305 ], [ -122.0698, 37.57364 ], [ -122.07039, 37.57391 ], [ -122.07066, 37.57378 ] ] ], [ [ [ -122.06697, 37.57275 ], [ -122.06718, 37.57275 ], [ -122.0678, 37.57316 ], [ -122.0677, 37.57326 ], [ -122.06716, 37.57302 ], [ -122.06683, 37.57353 ], [ -122.06635, 37.57399 ], [ -122.06697, 37.57275 ] ] ], [ [ [ -122.07171, 37.5748 ], [ -122.06969, 37.5772 ], [ -122.06751, 37.57954 ], [ -122.07131, 37.57512 ], [ -122.07171, 37.5748 ] ] ], [ [ [ -122.06743, 37.57968 ], [ -122.06398, 37.58359 ], [ -122.06732, 37.5797 ], [ -122.06743, 37.57968 ] ] ], [ [ [ -122.06686, 37.61137 ], [ -122.06662, 37.61194 ], [ -122.06643, 37.61177 ], [ -122.06667, 37.6107 ], [ -122.06621, 37.60994 ], [ -122.06638, 37.60994 ], [ -122.06686, 37.61091 ], [ -122.06686, 37.61137 ] ] ], [ [ [ -122.06328, 37.61137 ], [ -122.06231, 37.61121 ], [ -122.06241, 37.61083 ], [ -122.0633, 37.61099 ], [ -122.06341, 37.6111 ], [ -122.06328, 37.61156 ], [ -122.06328, 37.61137 ] ] ], [ [ [ -122.05948, 37.61501 ], [ -122.06072, 37.61498 ], [ -122.06077, 37.61563 ], [ -122.06064, 37.61555 ], [ -122.05942, 37.6156 ], [ -122.05931, 37.61622 ], [ -122.05921, 37.61625 ], [ -122.05918, 37.61326 ], [ -122.05929, 37.61326 ], [ -122.05937, 37.61358 ], [ -122.06061, 37.61358 ], [ -122.06082, 37.61345 ], [ -122.06077, 37.61401 ], [ -122.05958, 37.61401 ], [ -122.05942, 37.61442 ], [ -122.06072, 37.61452 ], [ -122.06072, 37.61477 ], [ -122.05975, 37.61485 ], [ -122.05948, 37.61501 ] ] ], [ [ [ -121.93068, 37.4576 ], [ -121.93015, 37.45687 ], [ -121.93117, 37.45636 ], [ -121.93176, 37.4563 ], [ -121.93203, 37.45646 ], [ -121.93203, 37.45711 ], [ -121.93113, 37.45739 ], [ -121.93117, 37.45787 ], [ -121.93068, 37.4576 ] ], [ [ -121.93044, 37.45719 ], [ -121.93044, 37.45717 ], [ -121.93042, 37.45719 ], [ -121.93044, 37.45719 ] ], [ [ -121.93052, 37.45708 ], [ -121.93052, 37.45706 ], [ -121.9305, 37.45708 ], [ -121.93052, 37.45708 ] ], [ [ -121.93077, 37.45698 ], [ -121.93077, 37.45695 ], [ -121.93074, 37.45698 ], [ -121.93077, 37.45698 ] ], [ [ -121.93074, 37.45673 ], [ -121.93074, 37.45671 ], [ -121.93068, 37.45673 ], [ -121.93074, 37.45673 ] ] ], [ [ [ -121.92319, 37.45838 ], [ -121.92335, 37.45835 ], [ -121.92365, 37.45921 ], [ -121.92432, 37.46026 ], [ -121.9247, 37.46048 ], [ -121.92492, 37.46086 ], [ -121.92554, 37.46258 ], [ -121.92481, 37.46118 ], [ -121.92451, 37.46091 ], [ -121.92438, 37.46056 ], [ -121.92314, 37.45924 ], [ -121.92311, 37.45902 ], [ -121.92341, 37.459 ], [ -121.92338, 37.45892 ], [ -121.92322, 37.45884 ], [ -121.923, 37.459 ], [ -121.92117, 37.45954 ], [ -121.92284, 37.45894 ], [ -121.92284, 37.45881 ], [ -121.9229, 37.45878 ], [ -121.92287, 37.45867 ], [ -121.92268, 37.4587 ], [ -121.92222, 37.45819 ], [ -121.92093, 37.45644 ], [ -121.92101, 37.45638 ], [ -121.92123, 37.4566 ], [ -121.9212, 37.45673 ], [ -121.92141, 37.45679 ], [ -121.92131, 37.45665 ], [ -121.92144, 37.45663 ], [ -121.92123, 37.45655 ], [ -121.9212, 37.45636 ], [ -121.92152, 37.45657 ], [ -121.92125, 37.45628 ], [ -121.92136, 37.4563 ], [ -121.92129, 37.45622 ], [ -121.92193, 37.4559 ], [ -121.92252, 37.45601 ], [ -121.92257, 37.45593 ], [ -121.92233, 37.45576 ], [ -121.92265, 37.4559 ], [ -121.92311, 37.45773 ], [ -121.92303, 37.45781 ], [ -121.9233, 37.4583 ], [ -121.92319, 37.45838 ] ], [ [ -121.9229, 37.45884 ], [ -121.92303, 37.45892 ], [ -121.92327, 37.45873 ], [ -121.92314, 37.4587 ], [ -121.9229, 37.45884 ] ], [ [ -121.92144, 37.45628 ], [ -121.92141, 37.45619 ], [ -121.92139, 37.45622 ], [ -121.92144, 37.45628 ] ], [ [ -121.92317, 37.45913 ], [ -121.92317, 37.45916 ], [ -121.92319, 37.45913 ], [ -121.92317, 37.45913 ] ], [ [ -121.9229, 37.45865 ], [ -121.9229, 37.45867 ], [ -121.92292, 37.45865 ], [ -121.9229, 37.45865 ] ], [ [ -121.92233, 37.45708 ], [ -121.92233, 37.45711 ], [ -121.92236, 37.45708 ], [ -121.92233, 37.45708 ] ], [ [ -121.92349, 37.459 ], [ -121.92349, 37.45902 ], [ -121.92352, 37.459 ], [ -121.92349, 37.459 ] ], [ [ -121.92319, 37.45824 ], [ -121.92319, 37.45827 ], [ -121.92322, 37.45824 ], [ -121.92319, 37.45824 ] ], [ [ -121.92457, 37.46088 ], [ -121.92457, 37.46091 ], [ -121.92459, 37.46088 ], [ -121.92457, 37.46088 ] ], [ [ -121.92201, 37.45706 ], [ -121.92201, 37.45711 ], [ -121.92203, 37.45706 ], [ -121.92201, 37.45706 ] ], [ [ -121.92193, 37.457 ], [ -121.92193, 37.45703 ], [ -121.92198, 37.457 ], [ -121.92193, 37.457 ] ], [ [ -121.92176, 37.457 ], [ -121.92176, 37.45703 ], [ -121.92182, 37.457 ], [ -121.92176, 37.457 ] ], [ [ -121.92295, 37.4584 ], [ -121.92295, 37.45843 ], [ -121.923, 37.4584 ], [ -121.92295, 37.4584 ] ], [ [ -121.9223, 37.45725 ], [ -121.9223, 37.45727 ], [ -121.92236, 37.45725 ], [ -121.9223, 37.45725 ] ], [ [ -121.92325, 37.45911 ], [ -121.92322, 37.45916 ], [ -121.92327, 37.45911 ], [ -121.92325, 37.45911 ] ], [ [ -121.92228, 37.45738 ], [ -121.92228, 37.45741 ], [ -121.92236, 37.45738 ], [ -121.92228, 37.45738 ] ], [ [ -121.92185, 37.457 ], [ -121.92185, 37.45703 ], [ -121.9219, 37.457 ], [ -121.92185, 37.457 ] ], [ [ -121.92225, 37.45692 ], [ -121.92228, 37.45692 ], [ -121.92225, 37.4569 ], [ -121.92225, 37.45692 ] ], [ [ -121.92217, 37.45687 ], [ -121.92217, 37.4569 ], [ -121.92225, 37.4569 ], [ -121.92217, 37.45687 ] ], [ [ -121.92241, 37.45781 ], [ -121.92241, 37.45787 ], [ -121.92247, 37.45781 ], [ -121.92241, 37.45781 ] ], [ [ -121.92193, 37.45679 ], [ -121.92195, 37.45684 ], [ -121.92201, 37.45679 ], [ -121.92193, 37.45679 ] ], [ [ -121.92238, 37.4573 ], [ -121.92233, 37.4573 ], [ -121.92236, 37.45735 ], [ -121.92238, 37.4573 ] ], [ [ -121.92152, 37.45633 ], [ -121.92152, 37.4563 ], [ -121.92147, 37.45633 ], [ -121.92152, 37.45633 ] ], [ [ -121.92139, 37.4563 ], [ -121.92144, 37.45638 ], [ -121.92147, 37.45633 ], [ -121.92139, 37.4563 ] ], [ [ -121.9215, 37.45673 ], [ -121.92158, 37.45673 ], [ -121.9215, 37.45665 ], [ -121.9215, 37.45673 ] ], [ [ -121.92344, 37.45884 ], [ -121.92344, 37.45878 ], [ -121.92333, 37.45881 ], [ -121.92344, 37.45884 ] ], [ [ -121.92247, 37.45754 ], [ -121.92247, 37.45749 ], [ -121.92233, 37.45752 ], [ -121.92247, 37.45754 ] ], [ [ -121.92295, 37.45797 ], [ -121.92295, 37.45795 ], [ -121.92292, 37.45797 ], [ -121.92295, 37.45797 ] ], [ [ -121.923, 37.45816 ], [ -121.92298, 37.458 ], [ -121.92284, 37.45803 ], [ -121.923, 37.45816 ] ], [ [ -121.92211, 37.45757 ], [ -121.92214, 37.45773 ], [ -121.92228, 37.45762 ], [ -121.92211, 37.45757 ] ], [ [ -121.92152, 37.45703 ], [ -121.92171, 37.45708 ], [ -121.92176, 37.45687 ], [ -121.92147, 37.45681 ], [ -121.92152, 37.45703 ] ], [ [ -121.92244, 37.45733 ], [ -121.92273, 37.45784 ], [ -121.92282, 37.45787 ], [ -121.92276, 37.45743 ], [ -121.92244, 37.45733 ] ] ], [ [ [ -121.92001, 37.46196 ], [ -121.91834, 37.46253 ], [ -121.91821, 37.46239 ], [ -121.91993, 37.4618 ], [ -121.92001, 37.46196 ] ] ], [ [ [ -121.93219, 37.46479 ], [ -121.93214, 37.46493 ], [ -121.93244, 37.46506 ], [ -121.93244, 37.46522 ], [ -121.93211, 37.46503 ], [ -121.93206, 37.46482 ], [ -121.93219, 37.46479 ] ] ], [ [ [ -121.92945, 37.46633 ], [ -121.92904, 37.46708 ], [ -121.92877, 37.46673 ], [ -121.92891, 37.46638 ], [ -121.9285, 37.46619 ], [ -121.92796, 37.46493 ], [ -121.9281, 37.4649 ], [ -121.92945, 37.46633 ] ] ], [ [ [ -121.93626, 37.46735 ], [ -121.93634, 37.46708 ], [ -121.93678, 37.46749 ], [ -121.93643, 37.46751 ], [ -121.93626, 37.46792 ], [ -121.93602, 37.46792 ], [ -121.93572, 37.46768 ], [ -121.93578, 37.46746 ], [ -121.9361, 37.46749 ], [ -121.93626, 37.46735 ] ] ], [ [ [ -121.93723, 37.46617 ], [ -121.9374, 37.46692 ], [ -121.93777, 37.46695 ], [ -121.93812, 37.46722 ], [ -121.93855, 37.46805 ], [ -121.93923, 37.4684 ], [ -121.93963, 37.46916 ], [ -121.94033, 37.46953 ], [ -121.94114, 37.47042 ], [ -121.94198, 37.47083 ], [ -121.94249, 37.47153 ], [ -121.94297, 37.4718 ], [ -121.94483, 37.4721 ], [ -121.94561, 37.47317 ], [ -121.94578, 37.47471 ], [ -121.9475, 37.47649 ], [ -121.94777, 37.47673 ], [ -121.94982, 37.47754 ], [ -121.95076, 37.47813 ], [ -121.95065, 37.47864 ], [ -121.9503, 37.4791 ], [ -121.94968, 37.47924 ], [ -121.94906, 37.47856 ], [ -121.94912, 37.47846 ], [ -121.94836, 37.47824 ], [ -121.94791, 37.47832 ], [ -121.94793, 37.47846 ], [ -121.9478, 37.47851 ], [ -121.94777, 37.47827 ], [ -121.94753, 37.47824 ], [ -121.94739, 37.4784 ], [ -121.94734, 37.47816 ], [ -121.9464, 37.47835 ], [ -121.9457, 37.47829 ], [ -121.94556, 37.47926 ], [ -121.9457, 37.47943 ], [ -121.94626, 37.47951 ], [ -121.94626, 37.47943 ], [ -121.94675, 37.47934 ], [ -121.9464, 37.47951 ], [ -121.94675, 37.47948 ], [ -121.94729, 37.47913 ], [ -121.94734, 37.47891 ], [ -121.9472, 37.47905 ], [ -121.94718, 37.47891 ], [ -121.94737, 37.47872 ], [ -121.94777, 37.47886 ], [ -121.94788, 37.47926 ], [ -121.9478, 37.47934 ], [ -121.94737, 37.47945 ], [ -121.94731, 37.4794 ], [ -121.94758, 37.47934 ], [ -121.94761, 37.47926 ], [ -121.94734, 37.47929 ], [ -121.9468, 37.47961 ], [ -121.94712, 37.47953 ], [ -121.94688, 37.47972 ], [ -121.94548, 37.47959 ], [ -121.94529, 37.48007 ], [ -121.94526, 37.47978 ], [ -121.94508, 37.47996 ], [ -121.94543, 37.47859 ], [ -121.94537, 37.47848 ], [ -121.94526, 37.47854 ], [ -121.94529, 37.47897 ], [ -121.94521, 37.47856 ], [ -121.94478, 37.47864 ], [ -121.94518, 37.47848 ], [ -121.94494, 37.47773 ], [ -121.94459, 37.47786 ], [ -121.94481, 37.47802 ], [ -121.94459, 37.4781 ], [ -121.94456, 37.47835 ], [ -121.9447, 37.47829 ], [ -121.94483, 37.47851 ], [ -121.94462, 37.47867 ], [ -121.94402, 37.47872 ], [ -121.94435, 37.47843 ], [ -121.94405, 37.47843 ], [ -121.94424, 37.47829 ], [ -121.94421, 37.47816 ], [ -121.94392, 37.47821 ], [ -121.94416, 37.47789 ], [ -121.94373, 37.47808 ], [ -121.94362, 37.47802 ], [ -121.94362, 37.47792 ], [ -121.94405, 37.47781 ], [ -121.94394, 37.4777 ], [ -121.94384, 37.47781 ], [ -121.94365, 37.47773 ], [ -121.94386, 37.47762 ], [ -121.94376, 37.47722 ], [ -121.94319, 37.47738 ], [ -121.94354, 37.47786 ], [ -121.94351, 37.47805 ], [ -121.94327, 37.478 ], [ -121.9433, 37.47792 ], [ -121.94297, 37.47781 ], [ -121.94276, 37.47762 ], [ -121.94295, 37.47767 ], [ -121.94305, 37.4773 ], [ -121.94443, 37.47676 ], [ -121.94459, 37.47681 ], [ -121.94489, 37.4773 ], [ -121.94486, 37.47713 ], [ -121.94456, 37.47673 ], [ -121.94435, 37.47673 ], [ -121.94362, 37.477 ], [ -121.94376, 37.47689 ], [ -121.94359, 37.47687 ], [ -121.9444, 37.47654 ], [ -121.94435, 37.47627 ], [ -121.94411, 37.47595 ], [ -121.94432, 37.47638 ], [ -121.94424, 37.47657 ], [ -121.94287, 37.477 ], [ -121.94297, 37.47687 ], [ -121.94332, 37.47681 ], [ -121.94327, 37.47657 ], [ -121.94354, 37.47673 ], [ -121.94416, 37.47649 ], [ -121.94386, 37.47587 ], [ -121.94341, 37.47549 ], [ -121.94327, 37.47522 ], [ -121.94362, 37.47546 ], [ -121.94389, 37.4759 ], [ -121.944, 37.47579 ], [ -121.94273, 37.47452 ], [ -121.94246, 37.47457 ], [ -121.94257, 37.47436 ], [ -121.94181, 37.47369 ], [ -121.94157, 37.47369 ], [ -121.94103, 37.47404 ], [ -121.94087, 37.4742 ], [ -121.94093, 37.4743 ], [ -121.94049, 37.4746 ], [ -121.94039, 37.47457 ], [ -121.94084, 37.47425 ], [ -121.9402, 37.4746 ], [ -121.94014, 37.47474 ], [ -121.94004, 37.47463 ], [ -121.94022, 37.47444 ], [ -121.94006, 37.47449 ], [ -121.93993, 37.47463 ], [ -121.94004, 37.47484 ], [ -121.93977, 37.4749 ], [ -121.93896, 37.47544 ], [ -121.93928, 37.47506 ], [ -121.9389, 37.47525 ], [ -121.93882, 37.47522 ], [ -121.93939, 37.47484 ], [ -121.93931, 37.47474 ], [ -121.93952, 37.47468 ], [ -121.93917, 37.47441 ], [ -121.93907, 37.47447 ], [ -121.93901, 37.47412 ], [ -121.93863, 37.47404 ], [ -121.93872, 37.47366 ], [ -121.93893, 37.47374 ], [ -121.9389, 37.47366 ], [ -121.93904, 37.47366 ], [ -121.93987, 37.47447 ], [ -121.94028, 37.47425 ], [ -121.94004, 37.47379 ], [ -121.93947, 37.47333 ], [ -121.93958, 37.47315 ], [ -121.93928, 37.47317 ], [ -121.93912, 37.47304 ], [ -121.93915, 37.47288 ], [ -121.93936, 37.47285 ], [ -121.9395, 37.47266 ], [ -121.93971, 37.47285 ], [ -121.9395, 37.47293 ], [ -121.93963, 37.47307 ], [ -121.94025, 37.47253 ], [ -121.93963, 37.4721 ], [ -121.93966, 37.47196 ], [ -121.93987, 37.47204 ], [ -121.93985, 37.47196 ], [ -121.93931, 37.47161 ], [ -121.93909, 37.47164 ], [ -121.93896, 37.4718 ], [ -121.93917, 37.47172 ], [ -121.9392, 37.47183 ], [ -121.93858, 37.47236 ], [ -121.93888, 37.47253 ], [ -121.93931, 37.47247 ], [ -121.93936, 37.47269 ], [ -121.93899, 37.4729 ], [ -121.93818, 37.47245 ], [ -121.93788, 37.4728 ], [ -121.93788, 37.47317 ], [ -121.93764, 37.47312 ], [ -121.93758, 37.47298 ], [ -121.93785, 37.47282 ], [ -121.93761, 37.47271 ], [ -121.93764, 37.4725 ], [ -121.93799, 37.47239 ], [ -121.93823, 37.47207 ], [ -121.93858, 37.47191 ], [ -121.93901, 37.4715 ], [ -121.93901, 37.47137 ], [ -121.93815, 37.47072 ], [ -121.9378, 37.47077 ], [ -121.93785, 37.47048 ], [ -121.93704, 37.46978 ], [ -121.93667, 37.46991 ], [ -121.93643, 37.47032 ], [ -121.93667, 37.47026 ], [ -121.93667, 37.47051 ], [ -121.93691, 37.47045 ], [ -121.9368, 37.47056 ], [ -121.93688, 37.47069 ], [ -121.93718, 37.47056 ], [ -121.93699, 37.4708 ], [ -121.93726, 37.47083 ], [ -121.93726, 37.47102 ], [ -121.93758, 37.47088 ], [ -121.93726, 37.47118 ], [ -121.93694, 37.47115 ], [ -121.93694, 37.47104 ], [ -121.93656, 37.47115 ], [ -121.93678, 37.47094 ], [ -121.93669, 37.47083 ], [ -121.93645, 37.47096 ], [ -121.93632, 37.47091 ], [ -121.93653, 37.47072 ], [ -121.93648, 37.47061 ], [ -121.93618, 37.47061 ], [ -121.9364, 37.47042 ], [ -121.93634, 37.47026 ], [ -121.93597, 37.47037 ], [ -121.93513, 37.47091 ], [ -121.93521, 37.47077 ], [ -121.93505, 37.47083 ], [ -121.9351, 37.47075 ], [ -121.93661, 37.46975 ], [ -121.93678, 37.46953 ], [ -121.93564, 37.46846 ], [ -121.93667, 37.46945 ], [ -121.93656, 37.4697 ], [ -121.93637, 37.46964 ], [ -121.93637, 37.46943 ], [ -121.93597, 37.46894 ], [ -121.93583, 37.46892 ], [ -121.9354, 37.46856 ], [ -121.93532, 37.4684 ], [ -121.93516, 37.46838 ], [ -121.93516, 37.46808 ], [ -121.93527, 37.46816 ], [ -121.93532, 37.46813 ], [ -121.93505, 37.46786 ], [ -121.93451, 37.46805 ], [ -121.93427, 37.46803 ], [ -121.93392, 37.4683 ], [ -121.93373, 37.46824 ], [ -121.93376, 37.46856 ], [ -121.93346, 37.46854 ], [ -121.93395, 37.46894 ], [ -121.93395, 37.46964 ], [ -121.93475, 37.47032 ], [ -121.9347, 37.47086 ], [ -121.93454, 37.47104 ], [ -121.93432, 37.47104 ], [ -121.93389, 37.47056 ], [ -121.93373, 37.47061 ], [ -121.9336, 37.47051 ], [ -121.93289, 37.46986 ], [ -121.93295, 37.4697 ], [ -121.93219, 37.46918 ], [ -121.93225, 37.46902 ], [ -121.93182, 37.46851 ], [ -121.93217, 37.46878 ], [ -121.93238, 37.46867 ], [ -121.93236, 37.46851 ], [ -121.93201, 37.46846 ], [ -121.93195, 37.46811 ], [ -121.93206, 37.46813 ], [ -121.93268, 37.46768 ], [ -121.93308, 37.46805 ], [ -121.93319, 37.46803 ], [ -121.93325, 37.46794 ], [ -121.93287, 37.46754 ], [ -121.93346, 37.46714 ], [ -121.93389, 37.46716 ], [ -121.93395, 37.46746 ], [ -121.93411, 37.46749 ], [ -121.93416, 37.46738 ], [ -121.93443, 37.46746 ], [ -121.93448, 37.46735 ], [ -121.93397, 37.46684 ], [ -121.93362, 37.46668 ], [ -121.93209, 37.46778 ], [ -121.93147, 37.46808 ], [ -121.93362, 37.46662 ], [ -121.93236, 37.46584 ], [ -121.93222, 37.46584 ], [ -121.93222, 37.466 ], [ -121.93209, 37.466 ], [ -121.9319, 37.46627 ], [ -121.93227, 37.46689 ], [ -121.93144, 37.46738 ], [ -121.93114, 37.46749 ], [ -121.93095, 37.46741 ], [ -121.9309, 37.46757 ], [ -121.93071, 37.46751 ], [ -121.93079, 37.46724 ], [ -121.93052, 37.4673 ], [ -121.93055, 37.46692 ], [ -121.93101, 37.46635 ], [ -121.93141, 37.46603 ], [ -121.93176, 37.46603 ], [ -121.93163, 37.46576 ], [ -121.93184, 37.46552 ], [ -121.93168, 37.46541 ], [ -121.93198, 37.46549 ], [ -121.93184, 37.46533 ], [ -121.9319, 37.4653 ], [ -121.93227, 37.46549 ], [ -121.93182, 37.46514 ], [ -121.9323, 37.46522 ], [ -121.93257, 37.46547 ], [ -121.93279, 37.46549 ], [ -121.93268, 37.46533 ], [ -121.93311, 37.46544 ], [ -121.93346, 37.46512 ], [ -121.93351, 37.46495 ], [ -121.93298, 37.46474 ], [ -121.93298, 37.46458 ], [ -121.93268, 37.4646 ], [ -121.93265, 37.46431 ], [ -121.93289, 37.46433 ], [ -121.93346, 37.46476 ], [ -121.93384, 37.46485 ], [ -121.93362, 37.46525 ], [ -121.93308, 37.46565 ], [ -121.933, 37.46595 ], [ -121.93325, 37.46582 ], [ -121.93389, 37.46625 ], [ -121.93478, 37.46533 ], [ -121.93473, 37.46512 ], [ -121.9344, 37.46501 ], [ -121.934, 37.46538 ], [ -121.93413, 37.46555 ], [ -121.93395, 37.46547 ], [ -121.93378, 37.46565 ], [ -121.93357, 37.46555 ], [ -121.93338, 37.46568 ], [ -121.93346, 37.46547 ], [ -121.93435, 37.46463 ], [ -121.93333, 37.46444 ], [ -121.93354, 37.4646 ], [ -121.934, 37.46468 ], [ -121.93384, 37.46479 ], [ -121.9333, 37.46458 ], [ -121.93281, 37.46415 ], [ -121.93322, 37.46425 ], [ -121.93263, 37.46379 ], [ -121.93252, 37.46342 ], [ -121.93484, 37.46264 ], [ -121.93525, 37.46258 ], [ -121.93603, 37.46293 ], [ -121.93756, 37.46266 ], [ -121.93753, 37.46544 ], [ -121.93742, 37.46595 ], [ -121.93723, 37.46617 ] ], [ [ -121.94025, 37.47441 ], [ -121.94022, 37.47441 ], [ -121.94022, 37.47444 ], [ -121.94025, 37.47441 ] ], [ [ -121.93896, 37.47377 ], [ -121.93896, 37.47374 ], [ -121.93893, 37.47374 ], [ -121.93896, 37.47377 ] ], [ [ -121.93899, 37.47379 ], [ -121.93899, 37.47377 ], [ -121.93896, 37.47377 ], [ -121.93899, 37.47379 ] ], [ [ -121.93413, 37.46751 ], [ -121.93413, 37.46749 ], [ -121.93411, 37.46749 ], [ -121.93413, 37.46751 ] ], [ [ -121.93203, 37.46552 ], [ -121.93203, 37.46549 ], [ -121.93198, 37.46549 ], [ -121.93203, 37.46552 ] ], [ [ -121.9333, 37.46428 ], [ -121.9333, 37.46425 ], [ -121.93322, 37.46425 ], [ -121.9333, 37.46428 ] ], [ [ -121.93335, 37.46431 ], [ -121.93335, 37.46428 ], [ -121.9333, 37.46428 ], [ -121.93335, 37.46431 ] ], [ [ -121.94734, 37.47889 ], [ -121.94756, 37.47889 ], [ -121.94758, 37.47883 ], [ -121.94734, 37.47889 ] ], [ [ -121.9447, 37.47854 ], [ -121.94467, 37.47851 ], [ -121.94467, 37.47854 ], [ -121.9447, 37.47854 ] ], [ [ -121.94308, 37.47784 ], [ -121.94308, 37.47775 ], [ -121.94303, 37.47775 ], [ -121.94308, 37.47784 ] ], [ [ -121.94402, 37.47598 ], [ -121.944, 37.476 ], [ -121.94402, 37.476 ], [ -121.94402, 37.47598 ] ], [ [ -121.93955, 37.47323 ], [ -121.93958, 37.47325 ], [ -121.93958, 37.47323 ], [ -121.93955, 37.47323 ] ], [ [ -121.93775, 37.47312 ], [ -121.9378, 37.47307 ], [ -121.93777, 37.47307 ], [ -121.93775, 37.47312 ] ], [ [ -121.93785, 37.47069 ], [ -121.93788, 37.47067 ], [ -121.93785, 37.47067 ], [ -121.93785, 37.47069 ] ], [ [ -121.93559, 37.46846 ], [ -121.93562, 37.46843 ], [ -121.93559, 37.4684 ], [ -121.93559, 37.46846 ] ], [ [ -121.93589, 37.46892 ], [ -121.93591, 37.46886 ], [ -121.93589, 37.46886 ], [ -121.93589, 37.46892 ] ], [ [ -121.93532, 37.46816 ], [ -121.93535, 37.46819 ], [ -121.93535, 37.46816 ], [ -121.93532, 37.46816 ] ], [ [ -121.93537, 37.46819 ], [ -121.93545, 37.46835 ], [ -121.93554, 37.46838 ], [ -121.93537, 37.46819 ] ], [ [ -121.93203, 37.46563 ], [ -121.93192, 37.4656 ], [ -121.93192, 37.46571 ], [ -121.93222, 37.46579 ], [ -121.93203, 37.46563 ] ], [ [ -121.93325, 37.46584 ], [ -121.93322, 37.46587 ], [ -121.93325, 37.46587 ], [ -121.93325, 37.46584 ] ], [ [ -121.9451, 37.47471 ], [ -121.94513, 37.47468 ], [ -121.9451, 37.47468 ], [ -121.9451, 37.47471 ] ], [ [ -121.93281, 37.46552 ], [ -121.93284, 37.46549 ], [ -121.93281, 37.46549 ], [ -121.93281, 37.46552 ] ], [ [ -121.94645, 37.47681 ], [ -121.94648, 37.47678 ], [ -121.94645, 37.47678 ], [ -121.94645, 37.47681 ] ], [ [ -121.94238, 37.47277 ], [ -121.94241, 37.47274 ], [ -121.94238, 37.47274 ], [ -121.94238, 37.47277 ] ], [ [ -121.94252, 37.47269 ], [ -121.94254, 37.47266 ], [ -121.94252, 37.47266 ], [ -121.94252, 37.47269 ] ], [ [ -121.93311, 37.46557 ], [ -121.93314, 37.46555 ], [ -121.93311, 37.46555 ], [ -121.93311, 37.46557 ] ], [ [ -121.93904, 37.47412 ], [ -121.93907, 37.47409 ], [ -121.93904, 37.47409 ], [ -121.93904, 37.47412 ] ], [ [ -121.9427, 37.47228 ], [ -121.94273, 37.47226 ], [ -121.9427, 37.47226 ], [ -121.9427, 37.47228 ] ], [ [ -121.944, 37.4774 ], [ -121.94402, 37.47738 ], [ -121.944, 37.47738 ], [ -121.944, 37.4774 ] ], [ [ -121.94262, 37.47261 ], [ -121.94265, 37.47258 ], [ -121.94262, 37.47258 ], [ -121.94262, 37.47261 ] ], [ [ -121.942, 37.47304 ], [ -121.94203, 37.47301 ], [ -121.942, 37.47301 ], [ -121.942, 37.47304 ] ], [ [ -121.94394, 37.47263 ], [ -121.94397, 37.47261 ], [ -121.94394, 37.47261 ], [ -121.94394, 37.47263 ] ], [ [ -121.94497, 37.47678 ], [ -121.945, 37.47676 ], [ -121.94497, 37.47676 ], [ -121.94497, 37.47678 ] ], [ [ -121.93993, 37.4736 ], [ -121.93996, 37.47358 ], [ -121.93993, 37.47358 ], [ -121.93993, 37.4736 ] ], [ [ -121.93519, 37.46835 ], [ -121.93521, 37.46832 ], [ -121.93519, 37.46832 ], [ -121.93519, 37.46835 ] ], [ [ -121.93564, 37.46609 ], [ -121.93567, 37.46606 ], [ -121.93564, 37.46606 ], [ -121.93564, 37.46609 ] ], [ [ -121.93448, 37.46498 ], [ -121.93451, 37.46495 ], [ -121.93448, 37.46495 ], [ -121.93448, 37.46498 ] ], [ [ -121.94772, 37.47932 ], [ -121.94774, 37.47929 ], [ -121.94772, 37.47929 ], [ -121.94772, 37.47932 ] ], [ [ -121.94483, 37.47436 ], [ -121.94486, 37.47433 ], [ -121.94483, 37.47433 ], [ -121.94483, 37.47436 ] ], [ [ -121.93454, 37.467 ], [ -121.93459, 37.46697 ], [ -121.93454, 37.46697 ], [ -121.93454, 37.467 ] ], [ [ -121.94526, 37.47969 ], [ -121.94529, 37.47964 ], [ -121.94526, 37.47964 ], [ -121.94526, 37.47969 ] ], [ [ -121.94198, 37.47309 ], [ -121.94203, 37.47307 ], [ -121.94198, 37.47307 ], [ -121.94198, 37.47309 ] ], [ [ -121.94618, 37.47649 ], [ -121.94615, 37.47646 ], [ -121.94615, 37.47649 ], [ -121.94618, 37.47649 ] ], [ [ -121.94613, 37.47643 ], [ -121.94613, 37.47646 ], [ -121.94615, 37.47646 ], [ -121.94613, 37.47643 ] ], [ [ -121.93796, 37.47067 ], [ -121.93799, 37.47061 ], [ -121.93796, 37.47061 ], [ -121.93796, 37.47067 ] ], [ [ -121.93599, 37.46838 ], [ -121.93605, 37.46835 ], [ -121.93599, 37.46835 ], [ -121.93599, 37.46838 ] ], [ [ -121.94502, 37.47689 ], [ -121.94508, 37.47687 ], [ -121.94502, 37.47687 ], [ -121.94502, 37.47689 ] ], [ [ -121.93066, 37.46719 ], [ -121.93071, 37.46716 ], [ -121.93066, 37.46716 ], [ -121.93066, 37.46719 ] ], [ [ -121.9419, 37.47312 ], [ -121.94187, 37.47312 ], [ -121.94187, 37.47317 ], [ -121.94192, 37.47317 ], [ -121.9419, 37.47312 ] ], [ [ -121.93632, 37.46641 ], [ -121.93629, 37.46641 ], [ -121.93629, 37.46646 ], [ -121.93634, 37.46646 ], [ -121.93632, 37.46641 ] ], [ [ -121.93494, 37.46533 ], [ -121.93492, 37.46536 ], [ -121.93494, 37.46536 ], [ -121.93494, 37.46533 ] ], [ [ -121.93489, 37.46541 ], [ -121.93492, 37.46541 ], [ -121.93492, 37.46536 ], [ -121.93489, 37.46541 ] ], [ [ -121.93678, 37.46908 ], [ -121.93672, 37.46902 ], [ -121.93672, 37.46908 ], [ -121.93678, 37.46908 ] ], [ [ -121.94446, 37.47794 ], [ -121.94438, 37.47789 ], [ -121.94438, 37.47794 ], [ -121.94446, 37.47794 ] ], [ [ -121.93502, 37.46557 ], [ -121.93497, 37.46563 ], [ -121.93502, 37.46563 ], [ -121.93502, 37.46557 ] ], [ [ -121.93494, 37.46565 ], [ -121.93497, 37.46565 ], [ -121.93497, 37.46563 ], [ -121.93494, 37.46565 ] ], [ [ -121.93586, 37.46824 ], [ -121.93583, 37.46821 ], [ -121.93583, 37.46824 ], [ -121.93586, 37.46824 ] ], [ [ -121.93581, 37.46819 ], [ -121.93581, 37.46821 ], [ -121.93583, 37.46821 ], [ -121.93581, 37.46819 ] ], [ [ -121.93578, 37.46816 ], [ -121.93578, 37.46819 ], [ -121.93581, 37.46819 ], [ -121.93578, 37.46816 ] ], [ [ -121.93575, 37.46813 ], [ -121.93575, 37.46816 ], [ -121.93578, 37.46816 ], [ -121.93575, 37.46813 ] ], [ [ -121.93058, 37.46708 ], [ -121.93063, 37.46703 ], [ -121.93058, 37.46703 ], [ -121.93058, 37.46708 ] ], [ [ -121.933, 37.46568 ], [ -121.93306, 37.46563 ], [ -121.933, 37.46563 ], [ -121.933, 37.46568 ] ], [ [ -121.94734, 37.47797 ], [ -121.94739, 37.47789 ], [ -121.94737, 37.47789 ], [ -121.94734, 37.47797 ] ], [ [ -121.93443, 37.46595 ], [ -121.93435, 37.46595 ], [ -121.93435, 37.466 ], [ -121.93443, 37.46595 ] ], [ [ -121.93484, 37.46576 ], [ -121.93481, 37.46579 ], [ -121.93484, 37.46579 ], [ -121.93484, 37.46576 ] ], [ [ -121.93478, 37.46582 ], [ -121.93481, 37.46582 ], [ -121.93481, 37.46579 ], [ -121.93478, 37.46582 ] ], [ [ -121.93475, 37.46584 ], [ -121.93478, 37.46584 ], [ -121.93478, 37.46582 ], [ -121.93475, 37.46584 ] ], [ [ -121.93473, 37.46587 ], [ -121.93475, 37.46587 ], [ -121.93475, 37.46584 ], [ -121.93473, 37.46587 ] ], [ [ -121.9347, 37.4659 ], [ -121.93473, 37.4659 ], [ -121.93473, 37.46587 ], [ -121.9347, 37.4659 ] ], [ [ -121.94346, 37.47506 ], [ -121.94354, 37.47511 ], [ -121.94351, 37.47506 ], [ -121.94346, 37.47506 ] ], [ [ -121.94343, 37.47503 ], [ -121.94343, 37.47506 ], [ -121.94346, 37.47506 ], [ -121.94343, 37.47503 ] ], [ [ -121.94039, 37.47239 ], [ -121.94036, 37.47245 ], [ -121.94044, 37.47247 ], [ -121.94039, 37.47239 ] ], [ [ -121.93432, 37.46627 ], [ -121.93427, 37.46633 ], [ -121.9343, 37.46633 ], [ -121.93432, 37.46627 ] ], [ [ -121.93422, 37.46635 ], [ -121.93427, 37.46635 ], [ -121.93427, 37.46633 ], [ -121.93422, 37.46635 ] ], [ [ -121.93419, 37.46638 ], [ -121.93422, 37.46638 ], [ -121.93422, 37.46635 ], [ -121.93419, 37.46638 ] ], [ [ -121.93457, 37.46603 ], [ -121.93454, 37.46606 ], [ -121.93457, 37.46606 ], [ -121.93457, 37.46603 ] ], [ [ -121.93451, 37.46609 ], [ -121.93454, 37.46609 ], [ -121.93454, 37.46606 ], [ -121.93451, 37.46609 ] ], [ [ -121.93446, 37.46614 ], [ -121.93448, 37.46614 ], [ -121.93451, 37.46609 ], [ -121.93446, 37.46614 ] ], [ [ -121.93443, 37.46617 ], [ -121.93446, 37.46617 ], [ -121.93446, 37.46614 ], [ -121.93443, 37.46617 ] ], [ [ -121.93834, 37.47231 ], [ -121.93828, 37.47242 ], [ -121.93831, 37.47242 ], [ -121.93834, 37.47231 ] ], [ [ -121.94017, 37.47226 ], [ -121.94025, 37.47234 ], [ -121.94022, 37.47226 ], [ -121.94017, 37.47226 ] ], [ [ -121.94454, 37.47792 ], [ -121.94454, 37.47797 ], [ -121.94456, 37.47789 ], [ -121.94454, 37.47792 ] ], [ [ -121.93467, 37.46568 ], [ -121.93465, 37.46571 ], [ -121.93467, 37.46571 ], [ -121.93467, 37.46568 ] ], [ [ -121.93465, 37.46576 ], [ -121.93457, 37.46574 ], [ -121.93457, 37.46579 ], [ -121.93465, 37.46576 ] ], [ [ -121.93454, 37.46582 ], [ -121.93457, 37.46582 ], [ -121.93457, 37.46579 ], [ -121.93454, 37.46582 ] ], [ [ -121.93486, 37.46555 ], [ -121.93484, 37.46547 ], [ -121.93481, 37.46555 ], [ -121.93486, 37.46555 ] ], [ [ -121.93478, 37.46557 ], [ -121.93481, 37.46557 ], [ -121.93481, 37.46555 ], [ -121.93478, 37.46557 ] ], [ [ -121.94572, 37.47571 ], [ -121.94561, 37.47576 ], [ -121.9457, 37.47576 ], [ -121.94572, 37.47571 ] ], [ [ -121.93508, 37.46757 ], [ -121.93516, 37.46751 ], [ -121.93508, 37.46749 ], [ -121.93508, 37.46757 ] ], [ [ -121.94405, 37.47549 ], [ -121.94416, 37.47549 ], [ -121.94413, 37.47544 ], [ -121.94402, 37.47541 ], [ -121.94405, 37.47549 ] ], [ [ -121.93405, 37.46625 ], [ -121.93419, 37.46619 ], [ -121.93419, 37.46614 ], [ -121.93405, 37.46625 ] ], [ [ -121.94001, 37.47196 ], [ -121.93998, 37.47193 ], [ -121.93998, 37.47196 ], [ -121.94001, 37.47196 ] ], [ [ -121.93993, 37.47193 ], [ -121.9399, 37.47183 ], [ -121.93985, 37.47183 ], [ -121.93993, 37.47193 ] ], [ [ -121.94322, 37.47767 ], [ -121.94319, 37.47767 ], [ -121.94319, 37.47775 ], [ -121.94332, 37.47778 ], [ -121.94322, 37.47767 ] ], [ [ -121.94014, 37.47226 ], [ -121.94009, 37.47215 ], [ -121.94001, 37.47212 ], [ -121.94014, 37.47226 ] ], [ [ -121.93532, 37.46762 ], [ -121.93529, 37.46765 ], [ -121.93532, 37.46765 ], [ -121.93532, 37.46762 ] ], [ [ -121.93527, 37.46773 ], [ -121.93535, 37.46776 ], [ -121.93529, 37.46765 ], [ -121.93527, 37.46773 ] ], [ [ -121.94491, 37.47452 ], [ -121.94489, 37.47466 ], [ -121.94494, 37.47466 ], [ -121.94491, 37.47452 ] ], [ [ -121.935, 37.46547 ], [ -121.9351, 37.46547 ], [ -121.9351, 37.46541 ], [ -121.93502, 37.46536 ], [ -121.935, 37.46547 ] ], [ [ -121.93637, 37.47013 ], [ -121.93656, 37.47007 ], [ -121.93653, 37.47002 ], [ -121.93637, 37.47013 ] ], [ [ -121.94036, 37.47414 ], [ -121.94047, 37.47398 ], [ -121.94039, 37.47398 ], [ -121.94036, 37.47414 ] ], [ [ -121.93392, 37.46441 ], [ -121.9336, 37.46439 ], [ -121.93392, 37.46444 ], [ -121.93392, 37.46441 ] ], [ [ -121.9336, 37.46436 ], [ -121.93351, 37.46433 ], [ -121.93351, 37.46436 ], [ -121.9336, 37.46436 ] ], [ [ -121.94491, 37.4774 ], [ -121.94505, 37.47749 ], [ -121.94491, 37.47732 ], [ -121.94491, 37.4774 ] ], [ [ -121.93392, 37.46649 ], [ -121.93378, 37.46635 ], [ -121.9337, 37.46635 ], [ -121.93392, 37.46649 ] ], [ [ -121.943, 37.47754 ], [ -121.94319, 37.47765 ], [ -121.94314, 37.47746 ], [ -121.943, 37.47754 ] ], [ [ -121.94055, 37.47255 ], [ -121.94084, 37.47282 ], [ -121.94082, 37.47271 ], [ -121.94055, 37.47255 ] ], [ [ -121.93942, 37.47417 ], [ -121.93936, 37.47414 ], [ -121.93936, 37.47417 ], [ -121.93942, 37.47417 ] ], [ [ -121.93934, 37.47412 ], [ -121.93934, 37.47414 ], [ -121.93936, 37.47414 ], [ -121.93934, 37.47412 ] ], [ [ -121.93915, 37.4739 ], [ -121.93909, 37.4739 ], [ -121.93917, 37.47404 ], [ -121.93934, 37.47409 ], [ -121.93915, 37.4739 ] ], [ [ -121.93907, 37.47387 ], [ -121.93907, 37.4739 ], [ -121.93909, 37.4739 ], [ -121.93907, 37.47387 ] ], [ [ -121.93904, 37.47385 ], [ -121.93904, 37.47387 ], [ -121.93907, 37.47387 ], [ -121.93904, 37.47385 ] ], [ [ -121.93901, 37.47382 ], [ -121.93901, 37.47385 ], [ -121.93904, 37.47385 ], [ -121.93901, 37.47382 ] ], [ [ -121.94087, 37.47282 ], [ -121.94111, 37.47307 ], [ -121.94111, 37.47298 ], [ -121.94087, 37.47282 ] ], [ [ -121.93597, 37.47032 ], [ -121.93594, 37.47026 ], [ -121.93591, 37.47032 ], [ -121.93597, 37.47032 ] ], [ [ -121.93559, 37.47048 ], [ -121.93551, 37.47059 ], [ -121.93581, 37.47045 ], [ -121.93586, 37.47032 ], [ -121.93559, 37.47048 ] ], [ [ -121.94217, 37.47336 ], [ -121.94206, 37.47331 ], [ -121.942, 37.4735 ], [ -121.94214, 37.47355 ], [ -121.94217, 37.47336 ] ], [ [ -121.93465, 37.46751 ], [ -121.93486, 37.46784 ], [ -121.93489, 37.4677 ], [ -121.93465, 37.46751 ] ], [ [ -121.93397, 37.46671 ], [ -121.93392, 37.46668 ], [ -121.93392, 37.46671 ], [ -121.93397, 37.46671 ] ], [ [ -121.93389, 37.46665 ], [ -121.93389, 37.46668 ], [ -121.93392, 37.46668 ], [ -121.93389, 37.46665 ] ], [ [ -121.93384, 37.46665 ], [ -121.93386, 37.4666 ], [ -121.93378, 37.4666 ], [ -121.93384, 37.46665 ] ], [ [ -121.9337, 37.46646 ], [ -121.93346, 37.46638 ], [ -121.93357, 37.46652 ], [ -121.93378, 37.46657 ], [ -121.9337, 37.46646 ] ], [ [ -121.94588, 37.47603 ], [ -121.94615, 37.47614 ], [ -121.94586, 37.47587 ], [ -121.94588, 37.47603 ] ], [ [ -121.93233, 37.46555 ], [ -121.93273, 37.46582 ], [ -121.93284, 37.46584 ], [ -121.93233, 37.46555 ] ], [ [ -121.93955, 37.47468 ], [ -121.93977, 37.4746 ], [ -121.93985, 37.47447 ], [ -121.93963, 37.47441 ], [ -121.93955, 37.47468 ] ], [ [ -121.93961, 37.47439 ], [ -121.93961, 37.47441 ], [ -121.93963, 37.47441 ], [ -121.93961, 37.47439 ] ], [ [ -121.93958, 37.47433 ], [ -121.93958, 37.47439 ], [ -121.93961, 37.47439 ], [ -121.93958, 37.47433 ] ], [ [ -121.93952, 37.4743 ], [ -121.93952, 37.47433 ], [ -121.93958, 37.47433 ], [ -121.93952, 37.4743 ] ], [ [ -121.9395, 37.47428 ], [ -121.9395, 37.4743 ], [ -121.93952, 37.4743 ], [ -121.9395, 37.47428 ] ], [ [ -121.93947, 37.47425 ], [ -121.93947, 37.47428 ], [ -121.9395, 37.47428 ], [ -121.93947, 37.47425 ] ], [ [ -121.93944, 37.47422 ], [ -121.93944, 37.47425 ], [ -121.93947, 37.47425 ], [ -121.93944, 37.47422 ] ], [ [ -121.94103, 37.47369 ], [ -121.94055, 37.47393 ], [ -121.94055, 37.47401 ], [ -121.94103, 37.47369 ] ], [ [ -121.9389, 37.47185 ], [ -121.93845, 37.47218 ], [ -121.93845, 37.47226 ], [ -121.9389, 37.47185 ] ], [ [ -121.93311, 37.466 ], [ -121.93354, 37.46633 ], [ -121.93368, 37.46635 ], [ -121.93311, 37.466 ] ], [ [ -121.94103, 37.47382 ], [ -121.94071, 37.47412 ], [ -121.94114, 37.47382 ], [ -121.94103, 37.47382 ] ], [ [ -121.94211, 37.47358 ], [ -121.94225, 37.47377 ], [ -121.94276, 37.4742 ], [ -121.94211, 37.47358 ] ], [ [ -121.94532, 37.47843 ], [ -121.94537, 37.47843 ], [ -121.94535, 37.47805 ], [ -121.94508, 37.47765 ], [ -121.94532, 37.47843 ] ], [ [ -121.94292, 37.47428 ], [ -121.94362, 37.47506 ], [ -121.94397, 37.47533 ], [ -121.94292, 37.47428 ] ], [ [ -121.93252, 37.46873 ], [ -121.9326, 37.46886 ], [ -121.93432, 37.4677 ], [ -121.93392, 37.46781 ], [ -121.93252, 37.46873 ] ], [ [ -121.94432, 37.47754 ], [ -121.94464, 37.47746 ], [ -121.94451, 37.47767 ], [ -121.94478, 37.47762 ], [ -121.94443, 37.47697 ], [ -121.94381, 37.47716 ], [ -121.94432, 37.47754 ] ], [ [ -121.94443, 37.47773 ], [ -121.94451, 37.4777 ], [ -121.94451, 37.47767 ], [ -121.94443, 37.47773 ] ], [ [ -121.93562, 37.46609 ], [ -121.93559, 37.46606 ], [ -121.93559, 37.46609 ], [ -121.93562, 37.46609 ] ], [ [ -121.93446, 37.46692 ], [ -121.93559, 37.46603 ], [ -121.93516, 37.46565 ], [ -121.93438, 37.46652 ], [ -121.93454, 37.46681 ], [ -121.9343, 37.46673 ], [ -121.93435, 37.4666 ], [ -121.93422, 37.46668 ], [ -121.93397, 37.46652 ], [ -121.934, 37.4666 ], [ -121.93446, 37.46692 ] ], [ [ -121.93395, 37.46646 ], [ -121.93395, 37.46652 ], [ -121.93397, 37.46652 ], [ -121.93395, 37.46646 ] ], [ [ -121.94125, 37.47312 ], [ -121.94098, 37.47323 ], [ -121.94044, 37.47271 ], [ -121.94022, 37.4729 ], [ -121.94017, 37.47339 ], [ -121.94004, 37.47336 ], [ -121.94001, 37.4732 ], [ -121.93987, 37.47331 ], [ -121.94044, 37.47385 ], [ -121.94098, 37.4735 ], [ -121.9412, 37.47363 ], [ -121.94144, 37.47344 ], [ -121.94125, 37.47312 ] ], [ [ -121.93591, 37.466 ], [ -121.93467, 37.46692 ], [ -121.93475, 37.46703 ], [ -121.93465, 37.46716 ], [ -121.93494, 37.46743 ], [ -121.93559, 37.46714 ], [ -121.93626, 37.46662 ], [ -121.93624, 37.46652 ], [ -121.93591, 37.46646 ], [ -121.93591, 37.466 ] ], [ [ -121.94575, 37.47616 ], [ -121.94572, 37.47603 ], [ -121.94548, 37.47592 ], [ -121.94497, 37.47608 ], [ -121.9447, 37.47638 ], [ -121.94491, 37.47673 ], [ -121.94481, 37.47641 ], [ -121.94502, 37.47643 ], [ -121.94518, 37.47673 ], [ -121.94583, 37.47649 ], [ -121.94572, 37.47633 ], [ -121.94535, 37.47641 ], [ -121.94575, 37.47616 ] ], [ [ -121.94435, 37.47549 ], [ -121.94467, 37.4759 ], [ -121.94467, 37.47611 ], [ -121.94421, 37.4756 ], [ -121.94459, 37.47619 ], [ -121.94551, 37.47581 ], [ -121.94529, 37.47579 ], [ -121.94524, 37.47557 ], [ -121.9451, 37.47573 ], [ -121.94481, 37.47568 ], [ -121.94486, 37.47538 ], [ -121.9451, 37.47541 ], [ -121.94508, 37.47511 ], [ -121.94435, 37.47549 ] ], [ [ -121.94634, 37.47827 ], [ -121.9465, 37.47827 ], [ -121.94685, 37.47794 ], [ -121.94642, 37.47797 ], [ -121.94642, 37.47784 ], [ -121.94667, 37.47786 ], [ -121.94669, 37.47762 ], [ -121.94699, 37.47786 ], [ -121.94694, 37.47746 ], [ -121.94648, 37.477 ], [ -121.9464, 37.47673 ], [ -121.94645, 37.47646 ], [ -121.94632, 37.47627 ], [ -121.94618, 37.47654 ], [ -121.94564, 37.47665 ], [ -121.94508, 37.47697 ], [ -121.94537, 37.47754 ], [ -121.94561, 37.47757 ], [ -121.94553, 37.47786 ], [ -121.94567, 37.47824 ], [ -121.94561, 37.47778 ], [ -121.94586, 37.47821 ], [ -121.94634, 37.47827 ] ], [ [ -121.94629, 37.47627 ], [ -121.94626, 37.47625 ], [ -121.94626, 37.47627 ], [ -121.94629, 37.47627 ] ], [ [ -121.9382, 37.46878 ], [ -121.93818, 37.46875 ], [ -121.93818, 37.46878 ], [ -121.9382, 37.46878 ] ], [ [ -121.9354, 37.46781 ], [ -121.93559, 37.46803 ], [ -121.93572, 37.46794 ], [ -121.93602, 37.46816 ], [ -121.93632, 37.46813 ], [ -121.93613, 37.46854 ], [ -121.93659, 37.46897 ], [ -121.93772, 37.46843 ], [ -121.93785, 37.46843 ], [ -121.93807, 37.46873 ], [ -121.93818, 37.4687 ], [ -121.93726, 37.46754 ], [ -121.93713, 37.46757 ], [ -121.93659, 37.46676 ], [ -121.93626, 37.46676 ], [ -121.93626, 37.46695 ], [ -121.93535, 37.46754 ], [ -121.93564, 37.46778 ], [ -121.93564, 37.46792 ], [ -121.9354, 37.46781 ] ], [ [ -121.93537, 37.46778 ], [ -121.93537, 37.46781 ], [ -121.9354, 37.46781 ], [ -121.93537, 37.46778 ] ], [ [ -121.93567, 37.46805 ], [ -121.9357, 37.46808 ], [ -121.9357, 37.46805 ], [ -121.93567, 37.46805 ] ], [ [ -121.93572, 37.46811 ], [ -121.93572, 37.46808 ], [ -121.9357, 37.46808 ], [ -121.93572, 37.46811 ] ], [ [ -121.94486, 37.4743 ], [ -121.94481, 37.47425 ], [ -121.94483, 37.4743 ], [ -121.94486, 37.4743 ] ], [ [ -121.94502, 37.47366 ], [ -121.94473, 37.4736 ], [ -121.94467, 37.47379 ], [ -121.94438, 37.47377 ], [ -121.94429, 37.47347 ], [ -121.94454, 37.47347 ], [ -121.94462, 37.47309 ], [ -121.94413, 37.47304 ], [ -121.94405, 37.47325 ], [ -121.94376, 37.4732 ], [ -121.9437, 37.47293 ], [ -121.94394, 37.47288 ], [ -121.94386, 37.47269 ], [ -121.94346, 37.47269 ], [ -121.94316, 37.47253 ], [ -121.94338, 37.47274 ], [ -121.94335, 37.4729 ], [ -121.94319, 37.47293 ], [ -121.94276, 37.47261 ], [ -121.94206, 37.47307 ], [ -121.94233, 37.4736 ], [ -121.94427, 37.47544 ], [ -121.94505, 37.47498 ], [ -121.9447, 37.47506 ], [ -121.94464, 37.47474 ], [ -121.94419, 37.47463 ], [ -121.94424, 37.47439 ], [ -121.94413, 37.47452 ], [ -121.94384, 37.47452 ], [ -121.94416, 37.47414 ], [ -121.94381, 37.47379 ], [ -121.9444, 37.4742 ], [ -121.94459, 37.47414 ], [ -121.94481, 37.47425 ], [ -121.94502, 37.47366 ] ], [ [ -121.94168, 37.47134 ], [ -121.9416, 37.47129 ], [ -121.9416, 37.47131 ], [ -121.94168, 37.47134 ] ], [ [ -121.94076, 37.47099 ], [ -121.94084, 37.47115 ], [ -121.94111, 37.47123 ], [ -121.9412, 37.47107 ], [ -121.94049, 37.47067 ], [ -121.94047, 37.4704 ], [ -121.94025, 37.47021 ], [ -121.93993, 37.47002 ], [ -121.93996, 37.47026 ], [ -121.94014, 37.47032 ], [ -121.94009, 37.47051 ], [ -121.93979, 37.47034 ], [ -121.93958, 37.4704 ], [ -121.93955, 37.47061 ], [ -121.93928, 37.47059 ], [ -121.93936, 37.47029 ], [ -121.9392, 37.47026 ], [ -121.9392, 37.47013 ], [ -121.93952, 37.47021 ], [ -121.93963, 37.4701 ], [ -121.93947, 37.46986 ], [ -121.93996, 37.46994 ], [ -121.93974, 37.46962 ], [ -121.93866, 37.46916 ], [ -121.93847, 37.46943 ], [ -121.93863, 37.46967 ], [ -121.93826, 37.46953 ], [ -121.93826, 37.4697 ], [ -121.93802, 37.4698 ], [ -121.93815, 37.46943 ], [ -121.93839, 37.46932 ], [ -121.93828, 37.46927 ], [ -121.93804, 37.46943 ], [ -121.93799, 37.4694 ], [ -121.9385, 37.469 ], [ -121.93831, 37.46889 ], [ -121.93839, 37.46905 ], [ -121.93802, 37.46905 ], [ -121.93791, 37.46921 ], [ -121.93791, 37.46886 ], [ -121.93777, 37.46875 ], [ -121.93756, 37.46878 ], [ -121.93758, 37.46859 ], [ -121.93699, 37.46892 ], [ -121.93696, 37.46913 ], [ -121.93715, 37.46929 ], [ -121.93696, 37.46927 ], [ -121.93694, 37.46913 ], [ -121.93683, 37.46918 ], [ -121.93745, 37.46975 ], [ -121.93745, 37.46959 ], [ -121.93777, 37.46956 ], [ -121.93772, 37.46975 ], [ -121.93756, 37.46975 ], [ -121.93758, 37.46991 ], [ -121.93812, 37.4704 ], [ -121.93823, 37.47042 ], [ -121.9382, 37.47029 ], [ -121.93863, 37.46999 ], [ -121.9388, 37.47005 ], [ -121.9385, 37.47037 ], [ -121.93853, 37.47051 ], [ -121.93834, 37.47045 ], [ -121.93831, 37.47053 ], [ -121.93917, 37.47121 ], [ -121.93955, 37.47139 ], [ -121.93944, 37.47118 ], [ -121.93961, 37.47123 ], [ -121.93985, 37.47104 ], [ -121.94006, 37.47107 ], [ -121.93987, 37.47148 ], [ -121.93966, 37.47142 ], [ -121.93958, 37.47148 ], [ -121.9402, 37.47193 ], [ -121.94063, 37.47172 ], [ -121.94052, 37.47201 ], [ -121.94036, 37.47196 ], [ -121.94033, 37.47204 ], [ -121.94111, 37.47255 ], [ -121.94114, 37.47271 ], [ -121.94173, 37.47317 ], [ -121.94181, 37.47298 ], [ -121.94219, 37.47293 ], [ -121.94203, 37.47263 ], [ -121.94227, 37.47258 ], [ -121.9423, 37.47247 ], [ -121.94211, 37.47231 ], [ -121.94235, 37.47226 ], [ -121.94241, 37.47242 ], [ -121.94257, 37.47245 ], [ -121.94252, 37.47223 ], [ -121.94265, 37.4722 ], [ -121.9423, 37.47204 ], [ -121.94179, 37.47142 ], [ -121.94179, 37.47153 ], [ -121.94152, 37.47145 ], [ -121.94144, 37.47134 ], [ -121.9416, 37.47123 ], [ -121.94138, 37.4711 ], [ -121.94144, 37.47126 ], [ -121.94117, 37.47126 ], [ -121.94074, 37.47164 ], [ -121.94055, 37.47139 ], [ -121.94076, 37.47121 ], [ -121.94055, 37.47112 ], [ -121.94058, 37.47102 ], [ -121.94076, 37.47099 ] ], [ [ -121.93828, 37.46886 ], [ -121.93828, 37.46889 ], [ -121.93831, 37.46889 ], [ -121.93828, 37.46886 ] ], [ [ -121.93826, 37.46883 ], [ -121.93826, 37.46886 ], [ -121.93828, 37.46886 ], [ -121.93826, 37.46883 ] ], [ [ -121.93823, 37.46881 ], [ -121.93823, 37.46883 ], [ -121.93826, 37.46883 ], [ -121.93823, 37.46881 ] ], [ [ -121.94136, 37.47107 ], [ -121.94136, 37.4711 ], [ -121.94138, 37.4711 ], [ -121.94136, 37.47107 ] ], [ [ -121.94063, 37.47072 ], [ -121.94066, 37.47069 ], [ -121.94063, 37.47069 ], [ -121.94063, 37.47072 ] ] ], [ [ [ -121.93753, 37.47369 ], [ -121.93734, 37.47374 ], [ -121.9374, 37.4739 ], [ -121.93718, 37.47385 ], [ -121.93618, 37.47282 ], [ -121.93661, 37.47271 ], [ -121.93672, 37.47277 ], [ -121.93651, 37.47301 ], [ -121.93683, 37.47307 ], [ -121.93669, 37.47317 ], [ -121.93686, 37.47336 ], [ -121.93726, 37.47333 ], [ -121.93707, 37.4735 ], [ -121.93713, 37.4736 ], [ -121.93748, 37.47347 ], [ -121.93753, 37.47369 ] ] ], [ [ [ -121.94268, 37.47511 ], [ -121.94243, 37.47536 ], [ -121.94273, 37.47571 ], [ -121.94292, 37.47576 ], [ -121.94319, 37.4756 ], [ -121.943, 37.4759 ], [ -121.94316, 37.47595 ], [ -121.94332, 37.47581 ], [ -121.94327, 37.47608 ], [ -121.94346, 37.47616 ], [ -121.94357, 37.47646 ], [ -121.94338, 37.47638 ], [ -121.94295, 37.47643 ], [ -121.94284, 37.47627 ], [ -121.94257, 37.47641 ], [ -121.94257, 37.47622 ], [ -121.9427, 37.47616 ], [ -121.94262, 37.47587 ], [ -121.94235, 37.47576 ], [ -121.94203, 37.47592 ], [ -121.94225, 37.47563 ], [ -121.94173, 37.47573 ], [ -121.94198, 37.47549 ], [ -121.94181, 37.47538 ], [ -121.94155, 37.47554 ], [ -121.94176, 37.4753 ], [ -121.94171, 37.47514 ], [ -121.94146, 37.47528 ], [ -121.94152, 37.47511 ], [ -121.94117, 37.47519 ], [ -121.94093, 37.47501 ], [ -121.94106, 37.47468 ], [ -121.94125, 37.47468 ], [ -121.94133, 37.4749 ], [ -121.94163, 37.47506 ], [ -121.9419, 37.4749 ], [ -121.94176, 37.47484 ], [ -121.94184, 37.47466 ], [ -121.94152, 37.47449 ], [ -121.94163, 37.4743 ], [ -121.94198, 37.4743 ], [ -121.94217, 37.47466 ], [ -121.94241, 37.4746 ], [ -121.94241, 37.47468 ], [ -121.942, 37.47495 ], [ -121.94243, 37.47498 ], [ -121.94227, 37.47509 ], [ -121.94233, 37.47525 ], [ -121.94268, 37.47511 ] ] ], [ [ [ -121.93556, 37.47563 ], [ -121.93613, 37.47584 ], [ -121.93597, 37.47592 ], [ -121.93656, 37.47649 ], [ -121.93659, 37.4767 ], [ -121.93672, 37.47668 ], [ -121.93626, 37.47697 ], [ -121.93648, 37.47673 ], [ -121.93626, 37.4767 ], [ -121.93467, 37.47519 ], [ -121.9344, 37.47487 ], [ -121.93448, 37.47474 ], [ -121.93484, 37.47484 ], [ -121.93556, 37.47563 ] ] ], [ [ [ -121.94181, 37.4763 ], [ -121.94203, 37.47657 ], [ -121.9419, 37.47651 ], [ -121.94187, 37.4766 ], [ -121.94163, 37.47643 ], [ -121.94117, 37.47592 ], [ -121.94125, 37.47584 ], [ -121.94181, 37.4763 ] ], [ [ -121.9413, 37.47592 ], [ -121.94128, 37.47592 ], [ -121.9413, 37.47595 ], [ -121.9413, 37.47592 ] ] ], [ [ [ -121.94041, 37.47641 ], [ -121.94049, 37.47633 ], [ -121.94044, 37.47654 ], [ -121.94058, 37.47662 ], [ -121.94087, 37.47643 ], [ -121.94101, 37.47649 ], [ -121.94101, 37.4767 ], [ -121.94082, 37.47678 ], [ -121.94087, 37.47695 ], [ -121.94109, 37.47695 ], [ -121.94103, 37.47711 ], [ -121.94141, 37.47727 ], [ -121.94146, 37.47743 ], [ -121.94173, 37.47722 ], [ -121.94184, 37.47754 ], [ -121.94168, 37.47759 ], [ -121.94195, 37.47767 ], [ -121.94181, 37.47778 ], [ -121.94171, 37.4777 ], [ -121.94138, 37.47775 ], [ -121.94012, 37.47662 ], [ -121.94014, 37.47641 ], [ -121.93977, 37.47616 ], [ -121.93969, 37.47568 ], [ -121.93998, 37.47595 ], [ -121.94039, 37.47587 ], [ -121.9402, 37.47635 ], [ -121.94041, 37.47641 ] ], [ [ -121.9409, 37.47719 ], [ -121.94087, 37.47724 ], [ -121.94095, 37.47719 ], [ -121.9409, 37.47719 ] ] ], [ [ [ -121.94203, 37.4767 ], [ -121.94214, 37.47665 ], [ -121.94265, 37.47711 ], [ -121.94308, 37.47708 ], [ -121.94314, 37.47719 ], [ -121.94287, 37.47746 ], [ -121.94227, 37.47746 ], [ -121.94246, 37.4774 ], [ -121.94246, 37.47716 ], [ -121.94203, 37.4767 ] ], [ [ -121.94265, 37.4773 ], [ -121.94279, 37.4773 ], [ -121.94281, 37.47722 ], [ -121.94268, 37.47722 ], [ -121.94265, 37.4773 ] ] ], [ [ [ -121.93818, 37.47808 ], [ -121.93845, 37.47821 ], [ -121.93888, 37.47905 ], [ -121.93901, 37.47983 ], [ -121.93969, 37.48107 ], [ -121.94052, 37.48072 ], [ -121.94063, 37.48075 ], [ -121.94049, 37.4808 ], [ -121.94076, 37.48077 ], [ -121.94068, 37.48053 ], [ -121.9409, 37.48075 ], [ -121.94082, 37.48058 ], [ -121.94084, 37.4805 ], [ -121.94103, 37.48077 ], [ -121.94106, 37.48056 ], [ -121.94125, 37.48048 ], [ -121.94111, 37.48048 ], [ -121.94114, 37.48034 ], [ -121.94138, 37.48045 ], [ -121.94219, 37.48018 ], [ -121.94241, 37.47994 ], [ -121.94273, 37.47988 ], [ -121.94308, 37.48002 ], [ -121.94281, 37.48018 ], [ -121.94335, 37.48112 ], [ -121.94335, 37.48139 ], [ -121.94357, 37.48134 ], [ -121.94365, 37.48137 ], [ -121.94295, 37.48158 ], [ -121.94319, 37.48139 ], [ -121.94252, 37.4805 ], [ -121.94198, 37.48083 ], [ -121.94208, 37.48126 ], [ -121.94179, 37.48118 ], [ -121.94179, 37.48088 ], [ -121.94117, 37.48091 ], [ -121.9412, 37.48083 ], [ -121.94103, 37.4808 ], [ -121.94117, 37.48104 ], [ -121.94103, 37.48099 ], [ -121.94103, 37.48115 ], [ -121.94079, 37.48083 ], [ -121.94036, 37.4811 ], [ -121.93944, 37.48128 ], [ -121.93847, 37.47937 ], [ -121.93826, 37.47921 ], [ -121.93812, 37.4784 ], [ -121.93756, 37.47781 ], [ -121.93731, 37.47786 ], [ -121.93737, 37.47767 ], [ -121.93678, 37.47703 ], [ -121.93645, 37.47716 ], [ -121.93702, 37.47673 ], [ -121.93683, 37.47697 ], [ -121.93718, 37.47705 ], [ -121.93756, 37.47743 ], [ -121.93783, 37.47751 ], [ -121.93818, 37.47808 ] ], [ [ -121.94101, 37.48096 ], [ -121.94101, 37.48099 ], [ -121.94103, 37.48099 ], [ -121.94101, 37.48096 ] ], [ [ -121.94243, 37.48045 ], [ -121.94246, 37.48045 ], [ -121.94243, 37.48042 ], [ -121.94243, 37.48045 ] ], [ [ -121.9378, 37.47767 ], [ -121.93783, 37.47767 ], [ -121.9378, 37.47765 ], [ -121.9378, 37.47767 ] ], [ [ -121.93764, 37.47757 ], [ -121.93766, 37.47757 ], [ -121.93764, 37.47751 ], [ -121.93764, 37.47757 ] ], [ [ -121.93869, 37.47905 ], [ -121.93872, 37.47905 ], [ -121.93869, 37.47899 ], [ -121.93869, 37.47905 ] ], [ [ -121.93772, 37.47765 ], [ -121.93777, 37.47765 ], [ -121.93772, 37.47762 ], [ -121.93772, 37.47765 ] ], [ [ -121.93866, 37.47894 ], [ -121.93869, 37.47894 ], [ -121.93866, 37.47889 ], [ -121.93866, 37.47894 ] ] ], [ [ [ -121.95025, 37.48096 ], [ -121.95044, 37.48077 ], [ -121.95057, 37.48013 ], [ -121.95095, 37.48007 ], [ -121.95106, 37.48018 ], [ -121.95119, 37.48085 ], [ -121.95103, 37.48107 ], [ -121.94823, 37.48301 ], [ -121.94702, 37.48317 ], [ -121.94694, 37.48252 ], [ -121.94618, 37.48261 ], [ -121.94691, 37.48242 ], [ -121.94764, 37.48261 ], [ -121.94729, 37.48172 ], [ -121.94707, 37.48166 ], [ -121.94707, 37.48155 ], [ -121.94734, 37.4815 ], [ -121.94742, 37.48137 ], [ -121.94729, 37.48142 ], [ -121.9472, 37.48131 ], [ -121.94607, 37.4818 ], [ -121.94602, 37.48231 ], [ -121.9457, 37.48247 ], [ -121.94605, 37.48166 ], [ -121.94807, 37.48069 ], [ -121.94882, 37.48056 ], [ -121.94925, 37.48104 ], [ -121.95025, 37.48096 ] ], [ [ -121.94729, 37.48128 ], [ -121.94729, 37.48131 ], [ -121.94734, 37.48128 ], [ -121.94729, 37.48128 ] ], [ [ -121.94793, 37.48102 ], [ -121.94793, 37.48104 ], [ -121.94799, 37.48102 ], [ -121.94793, 37.48102 ] ] ], [ [ [ -121.94516, 37.48261 ], [ -121.94405, 37.48282 ], [ -121.94432, 37.4836 ], [ -121.94424, 37.48393 ], [ -121.94402, 37.48387 ], [ -121.94386, 37.48312 ], [ -121.94322, 37.48193 ], [ -121.94319, 37.48177 ], [ -121.94332, 37.48185 ], [ -121.94335, 37.48169 ], [ -121.94303, 37.48169 ], [ -121.94376, 37.48147 ], [ -121.94351, 37.48166 ], [ -121.94376, 37.48169 ], [ -121.94402, 37.48239 ], [ -121.94413, 37.48212 ], [ -121.94435, 37.48226 ], [ -121.94427, 37.48242 ], [ -121.94475, 37.48242 ], [ -121.94505, 37.48228 ], [ -121.94537, 37.48242 ], [ -121.94537, 37.48252 ], [ -121.94516, 37.48261 ] ], [ [ -121.94365, 37.48174 ], [ -121.94367, 37.4818 ], [ -121.94367, 37.48174 ], [ -121.94365, 37.48174 ] ] ], [ [ [ -121.95044, 37.48711 ], [ -121.9502, 37.48676 ], [ -121.94993, 37.48681 ], [ -121.95012, 37.48721 ], [ -121.9503, 37.48727 ], [ -121.95025, 37.48738 ], [ -121.95022, 37.48729 ], [ -121.95017, 37.48729 ], [ -121.9502, 37.4874 ], [ -121.95063, 37.48732 ], [ -121.95068, 37.48738 ], [ -121.95022, 37.48748 ], [ -121.95036, 37.48773 ], [ -121.95025, 37.48762 ], [ -121.94974, 37.48762 ], [ -121.94939, 37.48748 ], [ -121.94917, 37.48721 ], [ -121.94944, 37.48705 ], [ -121.94939, 37.48686 ], [ -121.9492, 37.48684 ], [ -121.94936, 37.48676 ], [ -121.94931, 37.48654 ], [ -121.94915, 37.48643 ], [ -121.94871, 37.48678 ], [ -121.94842, 37.48673 ], [ -121.94826, 37.48686 ], [ -121.94793, 37.48576 ], [ -121.94774, 37.48576 ], [ -121.94869, 37.48533 ], [ -121.94906, 37.48533 ], [ -121.94966, 37.48579 ], [ -121.95036, 37.48667 ], [ -121.95044, 37.48711 ] ], [ [ -121.94947, 37.48708 ], [ -121.94947, 37.48705 ], [ -121.94944, 37.48705 ], [ -121.94947, 37.48708 ] ], [ [ -121.9489, 37.48662 ], [ -121.94888, 37.48659 ], [ -121.94888, 37.48662 ], [ -121.9489, 37.48662 ] ], [ [ -121.94952, 37.48692 ], [ -121.9495, 37.48689 ], [ -121.9495, 37.48692 ], [ -121.94952, 37.48692 ] ], [ [ -121.94952, 37.48611 ], [ -121.9495, 37.48608 ], [ -121.9495, 37.48611 ], [ -121.94952, 37.48611 ] ], [ [ -121.94955, 37.48616 ], [ -121.94952, 37.48614 ], [ -121.94952, 37.48616 ], [ -121.94955, 37.48616 ] ], [ [ -121.94944, 37.48686 ], [ -121.94941, 37.48684 ], [ -121.94941, 37.48686 ], [ -121.94944, 37.48686 ] ], [ [ -121.94979, 37.48641 ], [ -121.94977, 37.48638 ], [ -121.94977, 37.48641 ], [ -121.94979, 37.48641 ] ], [ [ -121.94955, 37.48719 ], [ -121.9495, 37.48721 ], [ -121.94955, 37.48721 ], [ -121.94955, 37.48719 ] ], [ [ -121.9495, 37.48719 ], [ -121.94947, 37.48716 ], [ -121.94947, 37.48719 ], [ -121.9495, 37.48719 ] ], [ [ -121.94944, 37.48713 ], [ -121.94944, 37.48716 ], [ -121.94947, 37.48716 ], [ -121.94944, 37.48713 ] ], [ [ -121.94955, 37.48589 ], [ -121.94947, 37.48581 ], [ -121.94947, 37.48589 ], [ -121.94955, 37.48589 ] ], [ [ -121.94939, 37.48597 ], [ -121.94941, 37.48597 ], [ -121.94947, 37.48589 ], [ -121.94939, 37.48597 ] ], [ [ -121.94944, 37.486 ], [ -121.94944, 37.48597 ], [ -121.94941, 37.48597 ], [ -121.94944, 37.486 ] ], [ [ -121.94939, 37.48589 ], [ -121.94936, 37.48587 ], [ -121.94936, 37.48589 ], [ -121.94939, 37.48589 ] ], [ [ -121.94971, 37.48632 ], [ -121.94963, 37.48622 ], [ -121.9496, 37.4863 ], [ -121.94971, 37.48638 ], [ -121.94971, 37.48632 ] ] ], [ [ [ -121.98534, 37.48775 ], [ -121.98526, 37.48762 ], [ -121.98485, 37.48759 ], [ -121.98493, 37.48808 ], [ -121.98431, 37.48835 ], [ -121.98426, 37.48818 ], [ -121.98448, 37.48802 ], [ -121.98396, 37.48802 ], [ -121.98386, 37.48783 ], [ -121.98356, 37.48781 ], [ -121.98359, 37.48764 ], [ -121.98329, 37.4874 ], [ -121.98329, 37.48719 ], [ -121.98307, 37.48711 ], [ -121.98334, 37.48692 ], [ -121.98334, 37.4867 ], [ -121.98351, 37.48678 ], [ -121.98359, 37.48665 ], [ -121.98407, 37.48649 ], [ -121.98399, 37.48635 ], [ -121.98582, 37.4867 ], [ -121.98623, 37.48732 ], [ -121.98615, 37.48743 ], [ -121.9858, 37.48727 ], [ -121.98563, 37.48732 ], [ -121.98547, 37.48748 ], [ -121.98555, 37.48762 ], [ -121.98534, 37.48775 ] ], [ [ -121.98429, 37.48756 ], [ -121.98429, 37.4877 ], [ -121.98458, 37.48802 ], [ -121.98429, 37.48756 ] ], [ [ -121.98353, 37.48721 ], [ -121.98361, 37.48721 ], [ -121.98353, 37.48719 ], [ -121.98353, 37.48721 ] ], [ [ -121.98351, 37.48716 ], [ -121.98353, 37.48716 ], [ -121.98351, 37.48713 ], [ -121.98351, 37.48716 ] ] ], [ [ [ -121.96168, 37.48945 ], [ -121.96173, 37.48964 ], [ -121.96122, 37.48969 ], [ -121.96111, 37.48948 ], [ -121.96149, 37.48948 ], [ -121.96135, 37.48934 ], [ -121.96092, 37.48942 ], [ -121.96087, 37.48929 ], [ -121.96068, 37.48937 ], [ -121.96011, 37.48932 ], [ -121.96019, 37.48913 ], [ -121.96049, 37.48915 ], [ -121.96063, 37.48899 ], [ -121.96098, 37.48891 ], [ -121.96106, 37.4891 ], [ -121.96125, 37.48899 ], [ -121.96149, 37.48899 ], [ -121.96184, 37.4891 ], [ -121.96116, 37.48918 ], [ -121.96125, 37.48932 ], [ -121.96192, 37.48926 ], [ -121.96181, 37.48945 ], [ -121.96168, 37.48945 ] ] ], [ [ [ -121.96308, 37.48988 ], [ -121.96313, 37.48967 ], [ -121.96292, 37.48964 ], [ -121.96294, 37.48948 ], [ -121.96281, 37.48942 ], [ -121.96262, 37.48945 ], [ -121.96262, 37.48956 ], [ -121.96284, 37.48969 ], [ -121.96246, 37.48994 ], [ -121.96192, 37.48988 ], [ -121.96184, 37.48972 ], [ -121.96195, 37.48948 ], [ -121.96227, 37.48929 ], [ -121.96286, 37.48937 ], [ -121.96302, 37.48929 ], [ -121.96329, 37.48961 ], [ -121.96359, 37.4895 ], [ -121.96327, 37.48945 ], [ -121.96356, 37.48926 ], [ -121.96424, 37.48934 ], [ -121.96429, 37.48921 ], [ -121.96416, 37.4891 ], [ -121.96359, 37.48915 ], [ -121.96354, 37.48894 ], [ -121.9637, 37.48886 ], [ -121.96499, 37.48915 ], [ -121.9651, 37.4894 ], [ -121.96558, 37.48953 ], [ -121.96564, 37.48969 ], [ -121.96537, 37.4898 ], [ -121.96523, 37.48964 ], [ -121.96496, 37.48959 ], [ -121.96491, 37.48972 ], [ -121.96507, 37.48985 ], [ -121.96478, 37.48983 ], [ -121.96459, 37.48996 ], [ -121.96434, 37.48983 ], [ -121.96467, 37.48964 ], [ -121.96445, 37.48934 ], [ -121.96432, 37.48934 ], [ -121.96418, 37.48961 ], [ -121.96394, 37.48945 ], [ -121.96364, 37.48945 ], [ -121.9637, 37.48969 ], [ -121.96402, 37.48972 ], [ -121.96372, 37.48994 ], [ -121.96308, 37.48988 ] ], [ [ -121.96488, 37.48926 ], [ -121.96483, 37.48915 ], [ -121.9648, 37.48923 ], [ -121.96488, 37.48926 ] ], [ [ -121.96496, 37.48945 ], [ -121.96467, 37.48945 ], [ -121.96488, 37.48953 ], [ -121.96496, 37.48945 ] ], [ [ -121.96461, 37.48948 ], [ -121.96464, 37.48948 ], [ -121.96461, 37.48945 ], [ -121.96461, 37.48948 ] ] ], [ [ [ -121.96222, 37.49058 ], [ -121.9617, 37.49091 ], [ -121.96154, 37.49066 ], [ -121.96119, 37.4905 ], [ -121.96063, 37.49047 ], [ -121.96065, 37.49018 ], [ -121.96009, 37.49018 ], [ -121.9599, 37.49029 ], [ -121.95963, 37.4901 ], [ -121.95928, 37.4901 ], [ -121.95936, 37.48969 ], [ -121.96001, 37.48985 ], [ -121.95993, 37.49002 ], [ -121.96022, 37.48991 ], [ -121.96052, 37.49004 ], [ -121.96108, 37.49007 ], [ -121.96111, 37.49029 ], [ -121.9617, 37.49026 ], [ -121.96222, 37.49058 ] ], [ [ -121.96168, 37.4905 ], [ -121.96168, 37.49042 ], [ -121.9616, 37.4905 ], [ -121.96168, 37.4905 ] ] ], [ [ [ -121.9478, 37.49153 ], [ -121.94729, 37.49104 ], [ -121.94796, 37.49104 ], [ -121.94826, 37.49091 ], [ -121.94828, 37.49139 ], [ -121.9485, 37.49147 ], [ -121.94812, 37.49171 ], [ -121.94839, 37.49163 ], [ -121.94826, 37.49196 ], [ -121.94812, 37.49177 ], [ -121.94793, 37.49177 ], [ -121.94809, 37.49161 ], [ -121.9478, 37.49153 ] ] ], [ [ [ -121.95844, 37.4901 ], [ -121.9585, 37.49021 ], [ -121.95869, 37.49021 ], [ -121.95871, 37.49034 ], [ -121.95831, 37.49061 ], [ -121.95922, 37.49074 ], [ -121.95879, 37.49042 ], [ -121.95925, 37.49018 ], [ -121.95968, 37.49037 ], [ -121.96036, 37.49029 ], [ -121.96054, 37.49045 ], [ -121.96028, 37.49069 ], [ -121.96046, 37.49069 ], [ -121.9606, 37.49085 ], [ -121.96068, 37.49069 ], [ -121.96057, 37.49056 ], [ -121.96135, 37.49066 ], [ -121.96157, 37.49088 ], [ -121.96154, 37.49101 ], [ -121.96116, 37.49109 ], [ -121.96098, 37.49085 ], [ -121.96076, 37.49099 ], [ -121.96168, 37.49139 ], [ -121.96165, 37.49109 ], [ -121.96189, 37.49115 ], [ -121.96205, 37.49096 ], [ -121.96222, 37.49096 ], [ -121.96243, 37.49128 ], [ -121.96181, 37.49144 ], [ -121.96219, 37.49163 ], [ -121.96254, 37.49142 ], [ -121.96275, 37.4915 ], [ -121.96238, 37.49169 ], [ -121.96254, 37.49198 ], [ -121.9627, 37.49193 ], [ -121.96273, 37.49177 ], [ -121.96367, 37.49201 ], [ -121.96383, 37.4919 ], [ -121.9637, 37.49223 ], [ -121.96402, 37.49231 ], [ -121.96408, 37.49258 ], [ -121.96437, 37.49252 ], [ -121.9644, 37.49274 ], [ -121.96405, 37.49287 ], [ -121.96408, 37.49277 ], [ -121.96335, 37.49201 ], [ -121.96275, 37.49198 ], [ -121.96327, 37.49247 ], [ -121.96281, 37.49225 ], [ -121.9623, 37.49228 ], [ -121.96222, 37.49217 ], [ -121.96178, 37.49212 ], [ -121.9617, 37.4922 ], [ -121.96168, 37.49209 ], [ -121.96154, 37.4922 ], [ -121.96143, 37.49206 ], [ -121.96135, 37.4922 ], [ -121.96122, 37.49204 ], [ -121.96111, 37.49212 ], [ -121.96116, 37.49182 ], [ -121.96071, 37.49161 ], [ -121.96106, 37.49206 ], [ -121.9609, 37.49223 ], [ -121.9606, 37.4922 ], [ -121.96063, 37.4925 ], [ -121.96081, 37.49255 ], [ -121.96079, 37.4929 ], [ -121.96033, 37.49287 ], [ -121.96006, 37.49258 ], [ -121.96038, 37.49242 ], [ -121.96052, 37.49217 ], [ -121.96079, 37.49209 ], [ -121.96057, 37.49196 ], [ -121.9603, 37.49201 ], [ -121.96022, 37.49196 ], [ -121.96019, 37.49204 ], [ -121.96017, 37.49193 ], [ -121.96001, 37.49196 ], [ -121.95998, 37.49174 ], [ -121.95968, 37.4918 ], [ -121.95976, 37.49163 ], [ -121.95963, 37.49153 ], [ -121.95944, 37.49161 ], [ -121.95898, 37.49155 ], [ -121.95879, 37.49144 ], [ -121.95885, 37.49134 ], [ -121.95871, 37.49144 ], [ -121.95877, 37.49128 ], [ -121.9586, 37.49128 ], [ -121.95866, 37.49118 ], [ -121.95812, 37.49136 ], [ -121.95801, 37.49112 ], [ -121.95798, 37.49155 ], [ -121.9585, 37.49204 ], [ -121.9582, 37.49212 ], [ -121.95823, 37.49236 ], [ -121.95801, 37.4922 ], [ -121.95772, 37.4922 ], [ -121.95774, 37.49193 ], [ -121.95739, 37.49198 ], [ -121.95774, 37.49185 ], [ -121.95788, 37.49166 ], [ -121.95763, 37.49147 ], [ -121.95758, 37.49093 ], [ -121.95772, 37.49056 ], [ -121.95823, 37.49058 ], [ -121.95834, 37.49031 ], [ -121.95788, 37.49042 ], [ -121.95785, 37.49018 ], [ -121.95804, 37.48983 ], [ -121.95847, 37.48985 ], [ -121.95852, 37.48961 ], [ -121.95904, 37.48964 ], [ -121.95906, 37.49012 ], [ -121.95844, 37.4901 ] ], [ [ -121.96019, 37.49188 ], [ -121.96017, 37.49188 ], [ -121.96017, 37.49193 ], [ -121.96019, 37.49188 ] ], [ [ -121.95828, 37.49061 ], [ -121.95828, 37.49058 ], [ -121.95823, 37.49058 ], [ -121.95828, 37.49061 ] ], [ [ -121.96286, 37.49225 ], [ -121.96262, 37.49212 ], [ -121.96165, 37.49196 ], [ -121.9617, 37.49201 ], [ -121.96286, 37.49225 ] ], [ [ -121.96057, 37.4919 ], [ -121.9606, 37.4919 ], [ -121.96057, 37.49188 ], [ -121.96057, 37.4919 ] ], [ [ -121.95839, 37.4912 ], [ -121.95842, 37.4912 ], [ -121.95839, 37.49118 ], [ -121.95839, 37.4912 ] ], [ [ -121.95766, 37.49118 ], [ -121.95769, 37.49118 ], [ -121.95766, 37.49115 ], [ -121.95766, 37.49118 ] ], [ [ -121.95914, 37.49147 ], [ -121.95917, 37.49147 ], [ -121.95914, 37.49144 ], [ -121.95914, 37.49147 ] ], [ [ -121.96095, 37.49201 ], [ -121.96098, 37.49201 ], [ -121.96095, 37.49198 ], [ -121.96095, 37.49201 ] ], [ [ -121.96025, 37.49255 ], [ -121.9603, 37.49255 ], [ -121.96025, 37.49252 ], [ -121.96025, 37.49255 ] ], [ [ -121.95901, 37.49144 ], [ -121.95906, 37.49144 ], [ -121.95901, 37.49142 ], [ -121.95901, 37.49144 ] ], [ [ -121.96033, 37.49198 ], [ -121.96038, 37.49198 ], [ -121.96033, 37.49196 ], [ -121.96033, 37.49198 ] ], [ [ -121.9589, 37.49142 ], [ -121.95895, 37.49142 ], [ -121.9589, 37.49139 ], [ -121.9589, 37.49142 ] ], [ [ -121.96108, 37.49177 ], [ -121.96114, 37.49177 ], [ -121.96108, 37.49174 ], [ -121.96108, 37.49177 ] ], [ [ -121.95922, 37.49093 ], [ -121.95928, 37.49093 ], [ -121.95922, 37.49091 ], [ -121.95922, 37.49093 ] ], [ [ -121.95866, 37.49126 ], [ -121.95871, 37.49126 ], [ -121.95869, 37.4912 ], [ -121.95866, 37.49126 ] ], [ [ -121.95812, 37.4918 ], [ -121.95815, 37.4918 ], [ -121.95809, 37.49174 ], [ -121.95812, 37.4918 ] ], [ [ -121.9609, 37.49201 ], [ -121.9609, 37.49198 ], [ -121.96084, 37.49201 ], [ -121.9609, 37.49201 ] ], [ [ -121.96079, 37.49198 ], [ -121.96084, 37.49198 ], [ -121.96079, 37.49196 ], [ -121.96079, 37.49198 ] ], [ [ -121.9609, 37.49161 ], [ -121.9609, 37.49158 ], [ -121.96087, 37.49161 ], [ -121.9609, 37.49161 ] ], [ [ -121.96081, 37.49158 ], [ -121.96087, 37.49158 ], [ -121.96081, 37.49153 ], [ -121.96081, 37.49158 ] ], [ [ -121.96073, 37.49139 ], [ -121.96071, 37.49139 ], [ -121.96073, 37.49147 ], [ -121.96073, 37.49139 ] ], [ [ -121.96038, 37.49274 ], [ -121.96036, 37.49266 ], [ -121.9603, 37.49271 ], [ -121.96038, 37.49274 ] ], [ [ -121.95793, 37.49212 ], [ -121.9579, 37.49204 ], [ -121.95782, 37.49212 ], [ -121.95793, 37.49212 ] ], [ [ -121.9606, 37.49258 ], [ -121.96054, 37.49258 ], [ -121.96063, 37.49268 ], [ -121.9606, 37.49258 ] ], [ [ -121.95858, 37.48999 ], [ -121.95869, 37.48996 ], [ -121.95855, 37.48991 ], [ -121.95858, 37.48999 ] ], [ [ -121.96138, 37.49147 ], [ -121.96133, 37.49147 ], [ -121.96138, 37.4915 ], [ -121.96138, 37.49147 ] ], [ [ -121.96133, 37.49174 ], [ -121.96135, 37.49158 ], [ -121.96127, 37.49174 ], [ -121.96133, 37.49174 ] ], [ [ -121.96157, 37.49196 ], [ -121.96135, 37.49188 ], [ -121.96135, 37.49196 ], [ -121.96157, 37.49196 ] ], [ [ -121.95925, 37.49123 ], [ -121.95931, 37.49134 ], [ -121.95944, 37.49118 ], [ -121.95925, 37.49123 ] ], [ [ -121.95987, 37.49155 ], [ -121.95998, 37.49155 ], [ -121.95982, 37.49144 ], [ -121.95987, 37.49155 ] ], [ [ -121.9603, 37.49169 ], [ -121.96049, 37.49174 ], [ -121.9603, 37.49163 ], [ -121.9603, 37.49169 ] ], [ [ -121.95815, 37.49002 ], [ -121.95809, 37.49015 ], [ -121.95825, 37.49004 ], [ -121.95815, 37.49002 ] ], [ [ -121.95895, 37.49101 ], [ -121.95885, 37.49107 ], [ -121.95904, 37.49126 ], [ -121.95895, 37.49101 ] ], [ [ -121.95984, 37.49093 ], [ -121.95979, 37.49093 ], [ -121.95984, 37.49096 ], [ -121.95984, 37.49093 ] ], [ [ -121.95976, 37.49099 ], [ -121.95968, 37.4912 ], [ -121.95987, 37.49131 ], [ -121.95974, 37.49112 ], [ -121.95976, 37.49099 ] ], [ [ -121.95823, 37.49109 ], [ -121.95844, 37.49112 ], [ -121.95847, 37.49101 ], [ -121.95828, 37.49093 ], [ -121.95823, 37.49109 ] ], [ [ -121.95936, 37.49058 ], [ -121.95925, 37.49074 ], [ -121.96063, 37.49096 ], [ -121.96001, 37.49072 ], [ -121.95952, 37.49072 ], [ -121.95963, 37.49058 ], [ -121.9599, 37.49056 ], [ -121.95993, 37.49042 ], [ -121.95936, 37.49058 ] ] ], [ [ [ -121.98267, 37.49107 ], [ -121.98251, 37.49155 ], [ -121.98262, 37.49193 ], [ -121.98216, 37.49201 ], [ -121.98219, 37.49171 ], [ -121.98181, 37.49158 ], [ -121.98183, 37.49142 ], [ -121.98248, 37.49096 ], [ -121.98267, 37.49107 ] ], [ [ -121.98237, 37.49147 ], [ -121.98243, 37.49128 ], [ -121.98227, 37.49126 ], [ -121.98221, 37.49144 ], [ -121.98237, 37.49147 ] ] ], [ [ [ -121.98356, 37.49206 ], [ -121.98361, 37.49182 ], [ -121.98378, 37.49182 ], [ -121.98404, 37.49217 ], [ -121.98423, 37.49206 ], [ -121.98367, 37.4915 ], [ -121.9834, 37.49147 ], [ -121.98334, 37.49158 ], [ -121.98294, 37.49136 ], [ -121.98307, 37.49118 ], [ -121.98286, 37.49099 ], [ -121.98291, 37.49069 ], [ -121.98275, 37.49064 ], [ -121.98289, 37.49047 ], [ -121.98305, 37.49047 ], [ -121.98297, 37.49069 ], [ -121.98313, 37.49091 ], [ -121.98351, 37.49093 ], [ -121.98353, 37.49109 ], [ -121.9841, 37.49144 ], [ -121.98582, 37.49314 ], [ -121.9869, 37.49401 ], [ -121.98634, 37.49419 ], [ -121.98663, 37.4946 ], [ -121.98585, 37.49392 ], [ -121.98585, 37.49374 ], [ -121.98558, 37.4936 ], [ -121.98531, 37.49317 ], [ -121.98501, 37.49303 ], [ -121.98504, 37.4929 ], [ -121.98485, 37.49303 ], [ -121.98448, 37.49285 ], [ -121.98475, 37.49268 ], [ -121.98472, 37.49242 ], [ -121.98458, 37.49242 ], [ -121.9845, 37.49228 ], [ -121.98426, 37.49228 ], [ -121.98423, 37.49247 ], [ -121.98448, 37.49252 ], [ -121.9844, 37.49282 ], [ -121.98421, 37.49279 ], [ -121.98413, 37.49263 ], [ -121.98396, 37.49271 ], [ -121.98372, 37.49258 ], [ -121.98351, 37.49263 ], [ -121.98372, 37.49242 ], [ -121.98356, 37.49206 ] ], [ [ -121.98458, 37.49239 ], [ -121.98461, 37.49236 ], [ -121.98458, 37.49236 ], [ -121.98458, 37.49239 ] ] ], [ [ [ -121.98167, 37.49255 ], [ -121.98175, 37.49312 ], [ -121.98143, 37.49333 ], [ -121.98138, 37.49317 ], [ -121.98151, 37.49303 ], [ -121.98132, 37.49271 ], [ -121.982, 37.4922 ], [ -121.98221, 37.4922 ], [ -121.9824, 37.4926 ], [ -121.9827, 37.49274 ], [ -121.98256, 37.49301 ], [ -121.98205, 37.4933 ], [ -121.98194, 37.49301 ], [ -121.98208, 37.49287 ], [ -121.98232, 37.4929 ], [ -121.98232, 37.49279 ], [ -121.98167, 37.49255 ] ] ], [ [ [ -121.98108, 37.49401 ], [ -121.98086, 37.49392 ], [ -121.98084, 37.49414 ], [ -121.9806, 37.49406 ], [ -121.98057, 37.4943 ], [ -121.98043, 37.49427 ], [ -121.98043, 37.49398 ], [ -121.98065, 37.49395 ], [ -121.98065, 37.49384 ], [ -121.98035, 37.49382 ], [ -121.98033, 37.49371 ], [ -121.97992, 37.49379 ], [ -121.97976, 37.49365 ], [ -121.97984, 37.49349 ], [ -121.98003, 37.49363 ], [ -121.98041, 37.49363 ], [ -121.98014, 37.4933 ], [ -121.97984, 37.49341 ], [ -121.97989, 37.49317 ], [ -121.98016, 37.49312 ], [ -121.98014, 37.49328 ], [ -121.98054, 37.49344 ], [ -121.98049, 37.49365 ], [ -121.98062, 37.49374 ], [ -121.98089, 37.49379 ], [ -121.981, 37.49368 ], [ -121.98097, 37.49384 ], [ -121.98111, 37.49392 ], [ -121.98108, 37.49401 ] ] ], [ [ [ -121.98674, 37.49303 ], [ -121.9869, 37.49306 ], [ -121.98714, 37.49341 ], [ -121.9893, 37.49533 ], [ -121.98898, 37.49519 ], [ -121.98766, 37.49398 ], [ -121.98674, 37.49303 ] ] ], [ [ [ -121.98213, 37.49514 ], [ -121.98189, 37.49519 ], [ -121.98181, 37.49498 ], [ -121.98151, 37.49492 ], [ -121.98146, 37.49503 ], [ -121.98173, 37.49538 ], [ -121.98124, 37.49573 ], [ -121.98019, 37.4953 ], [ -121.98011, 37.49506 ], [ -121.98043, 37.49479 ], [ -121.98127, 37.49436 ], [ -121.98148, 37.49411 ], [ -121.9817, 37.49422 ], [ -121.98186, 37.49384 ], [ -121.98221, 37.49371 ], [ -121.98281, 37.4932 ], [ -121.98334, 37.49301 ], [ -121.98388, 37.49298 ], [ -121.98364, 37.49309 ], [ -121.98367, 37.49328 ], [ -121.98404, 37.4933 ], [ -121.98386, 37.49314 ], [ -121.98418, 37.49309 ], [ -121.98472, 37.49322 ], [ -121.98464, 37.49341 ], [ -121.9827, 37.49462 ], [ -121.98267, 37.49479 ], [ -121.98213, 37.49514 ] ], [ [ -121.98084, 37.49551 ], [ -121.98084, 37.49546 ], [ -121.98076, 37.49551 ], [ -121.98084, 37.49551 ] ] ], [ [ [ -121.9869, 37.49406 ], [ -121.98706, 37.49438 ], [ -121.98666, 37.4946 ], [ -121.98639, 37.49422 ], [ -121.9869, 37.49406 ] ] ], [ [ [ -121.99197, 37.49411 ], [ -121.99124, 37.49419 ], [ -121.99, 37.49503 ], [ -121.99073, 37.49438 ], [ -121.99076, 37.49419 ], [ -121.99124, 37.49403 ], [ -121.99143, 37.49374 ], [ -121.99189, 37.49357 ], [ -121.99186, 37.49374 ], [ -121.99216, 37.49384 ], [ -121.99197, 37.49411 ] ] ], [ [ [ -121.99253, 37.49824 ], [ -121.99224, 37.49813 ], [ -121.99229, 37.49837 ], [ -121.99208, 37.49824 ], [ -121.98941, 37.49562 ], [ -121.98989, 37.49578 ], [ -121.98989, 37.49524 ], [ -121.99127, 37.49427 ], [ -121.99183, 37.4943 ], [ -121.99631, 37.49837 ], [ -121.99631, 37.49845 ], [ -121.99558, 37.49869 ], [ -121.99429, 37.49872 ], [ -121.99383, 37.49859 ], [ -121.99315, 37.49813 ], [ -121.99245, 37.49805 ], [ -121.99253, 37.49824 ] ], [ [ -121.99132, 37.49479 ], [ -121.99135, 37.49479 ], [ -121.99132, 37.49476 ], [ -121.99132, 37.49479 ] ], [ [ -121.99159, 37.49584 ], [ -121.99162, 37.49584 ], [ -121.99159, 37.49581 ], [ -121.99159, 37.49584 ] ], [ [ -121.99146, 37.49511 ], [ -121.99148, 37.49511 ], [ -121.99146, 37.49508 ], [ -121.99146, 37.49511 ] ], [ [ -121.99116, 37.49489 ], [ -121.99119, 37.49489 ], [ -121.99116, 37.49487 ], [ -121.99116, 37.49489 ] ], [ [ -121.99124, 37.49524 ], [ -121.99129, 37.49524 ], [ -121.99127, 37.49519 ], [ -121.99124, 37.49524 ] ], [ [ -121.99129, 37.49479 ], [ -121.99127, 37.49479 ], [ -121.99129, 37.49481 ], [ -121.99129, 37.49479 ] ], [ [ -121.99124, 37.49487 ], [ -121.99127, 37.49481 ], [ -121.99121, 37.49487 ], [ -121.99124, 37.49487 ] ], [ [ -121.99167, 37.49503 ], [ -121.99162, 37.49503 ], [ -121.99164, 37.49508 ], [ -121.99167, 37.49503 ] ], [ [ -121.99143, 37.49522 ], [ -121.99154, 37.49519 ], [ -121.99156, 37.49511 ], [ -121.99143, 37.49522 ] ], [ [ -121.99156, 37.49481 ], [ -121.99151, 37.49498 ], [ -121.99167, 37.49487 ], [ -121.99156, 37.49481 ] ], [ [ -121.99151, 37.49473 ], [ -121.99148, 37.49473 ], [ -121.99151, 37.49479 ], [ -121.99151, 37.49473 ] ], [ [ -121.9914, 37.49479 ], [ -121.99108, 37.495 ], [ -121.99108, 37.49506 ], [ -121.99135, 37.49492 ], [ -121.9914, 37.49479 ] ], [ [ -121.99113, 37.49522 ], [ -121.99135, 37.49514 ], [ -121.99143, 37.49498 ], [ -121.99113, 37.49514 ], [ -121.99113, 37.49522 ] ], [ [ -121.99073, 37.49586 ], [ -121.99097, 37.49576 ], [ -121.99073, 37.49581 ], [ -121.99073, 37.49586 ] ], [ [ -121.99081, 37.49568 ], [ -121.99062, 37.49573 ], [ -121.99084, 37.49573 ], [ -121.99081, 37.49568 ] ] ], [ [ [ -121.99005, 37.49638 ], [ -121.99194, 37.49816 ], [ -121.99216, 37.49848 ], [ -121.98981, 37.4963 ], [ -121.99005, 37.49638 ] ] ], [ [ [ -121.98898, 37.49589 ], [ -121.98849, 37.49603 ], [ -121.98283, 37.49942 ], [ -121.98846, 37.49595 ], [ -121.98892, 37.49581 ], [ -121.98892, 37.49568 ], [ -121.98933, 37.49603 ], [ -121.98898, 37.49589 ] ] ], [ [ [ -121.9537, 37.50177 ], [ -121.95451, 37.5001 ], [ -121.9548, 37.49883 ], [ -121.95464, 37.49813 ], [ -121.95375, 37.49732 ], [ -121.95375, 37.49702 ], [ -121.95392, 37.49729 ], [ -121.95462, 37.49783 ], [ -121.95491, 37.49837 ], [ -121.95602, 37.49921 ], [ -121.95604, 37.49993 ], [ -121.95637, 37.50023 ], [ -121.95755, 37.50107 ], [ -121.95836, 37.50088 ], [ -121.9586, 37.5009 ], [ -121.9575, 37.50109 ], [ -121.95736, 37.50104 ], [ -121.95621, 37.50018 ], [ -121.95596, 37.49991 ], [ -121.95594, 37.49921 ], [ -121.95486, 37.4984 ], [ -121.95489, 37.49886 ], [ -121.95459, 37.50007 ], [ -121.9537, 37.50177 ] ] ], [ [ [ -121.9904, 37.50026 ], [ -121.99046, 37.50018 ], [ -121.9903, 37.50007 ], [ -121.99024, 37.50018 ], [ -121.98995, 37.5002 ], [ -121.98987, 37.50045 ], [ -121.98965, 37.50058 ], [ -121.98925, 37.50039 ], [ -121.98943, 37.50015 ], [ -121.98919, 37.5001 ], [ -121.98919, 37.49999 ], [ -121.98898, 37.50004 ], [ -121.98881, 37.49969 ], [ -121.98941, 37.49904 ], [ -121.98844, 37.49996 ], [ -121.98833, 37.49988 ], [ -121.98801, 37.50001 ], [ -121.98849, 37.4998 ], [ -121.98946, 37.49878 ], [ -121.98911, 37.4991 ], [ -121.98881, 37.49918 ], [ -121.98879, 37.49937 ], [ -121.98846, 37.49937 ], [ -121.98828, 37.49969 ], [ -121.98784, 37.49985 ], [ -121.98768, 37.4998 ], [ -121.98779, 37.49977 ], [ -121.98771, 37.49969 ], [ -121.98744, 37.49977 ], [ -121.98736, 37.49961 ], [ -121.98736, 37.4998 ], [ -121.98714, 37.49983 ], [ -121.98714, 37.49956 ], [ -121.98674, 37.4995 ], [ -121.98682, 37.49961 ], [ -121.98674, 37.49966 ], [ -121.98604, 37.4995 ], [ -121.98623, 37.49942 ], [ -121.98607, 37.49937 ], [ -121.98607, 37.49915 ], [ -121.98631, 37.49886 ], [ -121.98612, 37.49872 ], [ -121.98628, 37.49864 ], [ -121.98628, 37.49875 ], [ -121.98642, 37.49875 ], [ -121.98634, 37.49859 ], [ -121.98652, 37.49826 ], [ -121.98663, 37.49829 ], [ -121.98652, 37.49802 ], [ -121.98666, 37.49794 ], [ -121.9865, 37.49789 ], [ -121.98693, 37.49767 ], [ -121.9869, 37.49756 ], [ -121.98758, 37.49716 ], [ -121.9876, 37.49702 ], [ -121.98803, 37.49689 ], [ -121.98803, 37.49675 ], [ -121.98863, 37.49646 ], [ -121.98852, 37.49638 ], [ -121.98787, 37.4967 ], [ -121.98876, 37.496 ], [ -121.989, 37.496 ], [ -121.98884, 37.49611 ], [ -121.98919, 37.49613 ], [ -121.99191, 37.49869 ], [ -121.99081, 37.5008 ], [ -121.98981, 37.50257 ], [ -121.9897, 37.50268 ], [ -121.9904, 37.50136 ], [ -121.99038, 37.50115 ], [ -121.99022, 37.50115 ], [ -121.99102, 37.50012 ], [ -121.99089, 37.50018 ], [ -121.99073, 37.49993 ], [ -121.99051, 37.50004 ], [ -121.99054, 37.50023 ], [ -121.99032, 37.50037 ], [ -121.99022, 37.5002 ], [ -121.9904, 37.50026 ] ], [ [ -121.98992, 37.50018 ], [ -121.98992, 37.5002 ], [ -121.98995, 37.5002 ], [ -121.98992, 37.50018 ] ], [ [ -121.98949, 37.49899 ], [ -121.98943, 37.49899 ], [ -121.98941, 37.49904 ], [ -121.98949, 37.49899 ] ], [ [ -121.98952, 37.49896 ], [ -121.98949, 37.49896 ], [ -121.98949, 37.49899 ], [ -121.98952, 37.49896 ] ], [ [ -121.99105, 37.50001 ], [ -121.991, 37.50001 ], [ -121.99102, 37.50012 ], [ -121.99105, 37.50001 ] ], [ [ -121.99046, 37.49999 ], [ -121.99032, 37.50001 ], [ -121.99046, 37.5001 ], [ -121.99046, 37.49999 ] ], [ [ -121.98898, 37.49993 ], [ -121.98898, 37.49996 ], [ -121.989, 37.49993 ], [ -121.98898, 37.49993 ] ], [ [ -121.9886, 37.49929 ], [ -121.9886, 37.49931 ], [ -121.98863, 37.49929 ], [ -121.9886, 37.49929 ] ], [ [ -121.98677, 37.49783 ], [ -121.98666, 37.49783 ], [ -121.98677, 37.49786 ], [ -121.98677, 37.49783 ] ], [ [ -121.9904, 37.50123 ], [ -121.9904, 37.50128 ], [ -121.99043, 37.50123 ], [ -121.9904, 37.50123 ] ], [ [ -121.99078, 37.50053 ], [ -121.99078, 37.50055 ], [ -121.99081, 37.50053 ], [ -121.99078, 37.50053 ] ], [ [ -121.99129, 37.49888 ], [ -121.99129, 37.49891 ], [ -121.99132, 37.49888 ], [ -121.99129, 37.49888 ] ], [ [ -121.99076, 37.50058 ], [ -121.99076, 37.50061 ], [ -121.99078, 37.50058 ], [ -121.99076, 37.50058 ] ], [ [ -121.98995, 37.49829 ], [ -121.98995, 37.49832 ], [ -121.98997, 37.49829 ], [ -121.98995, 37.49829 ] ], [ [ -121.98806, 37.49964 ], [ -121.98806, 37.49966 ], [ -121.98809, 37.49964 ], [ -121.98806, 37.49964 ] ], [ [ -121.98949, 37.5002 ], [ -121.98949, 37.50023 ], [ -121.98952, 37.5002 ], [ -121.98949, 37.5002 ] ], [ [ -121.99164, 37.49891 ], [ -121.99164, 37.49894 ], [ -121.99167, 37.49891 ], [ -121.99164, 37.49891 ] ], [ [ -121.99105, 37.49891 ], [ -121.99105, 37.49894 ], [ -121.99108, 37.49891 ], [ -121.99105, 37.49891 ] ], [ [ -121.99032, 37.49794 ], [ -121.99032, 37.49797 ], [ -121.99035, 37.49794 ], [ -121.99032, 37.49794 ] ], [ [ -121.99062, 37.49764 ], [ -121.99062, 37.49767 ], [ -121.99065, 37.49764 ], [ -121.99062, 37.49764 ] ], [ [ -121.99084, 37.49996 ], [ -121.99084, 37.49999 ], [ -121.99086, 37.49996 ], [ -121.99084, 37.49996 ] ], [ [ -121.99113, 37.49921 ], [ -121.99113, 37.49923 ], [ -121.99116, 37.49921 ], [ -121.99113, 37.49921 ] ], [ [ -121.99116, 37.49875 ], [ -121.99116, 37.49878 ], [ -121.99119, 37.49875 ], [ -121.99116, 37.49875 ] ], [ [ -121.98868, 37.49632 ], [ -121.98868, 37.49635 ], [ -121.98871, 37.49632 ], [ -121.98868, 37.49632 ] ], [ [ -121.99051, 37.50096 ], [ -121.99051, 37.50098 ], [ -121.99054, 37.50096 ], [ -121.99051, 37.50096 ] ], [ [ -121.98809, 37.49958 ], [ -121.98809, 37.49961 ], [ -121.98814, 37.49958 ], [ -121.98809, 37.49958 ] ], [ [ -121.9862, 37.49929 ], [ -121.9862, 37.49926 ], [ -121.98617, 37.49929 ], [ -121.9862, 37.49929 ] ], [ [ -121.98615, 37.49931 ], [ -121.98617, 37.49931 ], [ -121.98617, 37.49929 ], [ -121.98615, 37.49931 ] ], [ [ -121.99092, 37.49891 ], [ -121.99092, 37.49894 ], [ -121.99097, 37.49891 ], [ -121.99092, 37.49891 ] ], [ [ -121.99014, 37.49816 ], [ -121.99014, 37.49813 ], [ -121.99011, 37.49816 ], [ -121.99014, 37.49816 ] ], [ [ -121.99008, 37.49818 ], [ -121.99011, 37.49818 ], [ -121.99011, 37.49816 ], [ -121.99008, 37.49818 ] ], [ [ -121.99005, 37.49821 ], [ -121.99008, 37.49821 ], [ -121.99008, 37.49818 ], [ -121.99005, 37.49821 ] ], [ [ -121.99151, 37.49886 ], [ -121.99151, 37.49891 ], [ -121.99154, 37.49886 ], [ -121.99151, 37.49886 ] ], [ [ -121.99105, 37.49929 ], [ -121.99102, 37.49934 ], [ -121.99108, 37.49929 ], [ -121.99105, 37.49929 ] ], [ [ -121.98655, 37.49902 ], [ -121.98647, 37.49902 ], [ -121.98652, 37.49907 ], [ -121.98655, 37.49902 ] ], [ [ -121.99073, 37.49783 ], [ -121.99073, 37.49778 ], [ -121.99067, 37.49783 ], [ -121.99073, 37.49783 ] ], [ [ -121.99065, 37.49786 ], [ -121.99067, 37.49786 ], [ -121.99067, 37.49783 ], [ -121.99065, 37.49786 ] ], [ [ -121.99062, 37.49789 ], [ -121.99065, 37.49789 ], [ -121.99065, 37.49786 ], [ -121.99062, 37.49789 ] ], [ [ -121.98933, 37.4998 ], [ -121.98935, 37.49975 ], [ -121.98927, 37.49977 ], [ -121.98933, 37.4998 ] ], [ [ -121.99097, 37.4995 ], [ -121.99105, 37.49948 ], [ -121.99097, 37.49945 ], [ -121.99097, 37.4995 ] ], [ [ -121.9907, 37.49969 ], [ -121.9907, 37.49961 ], [ -121.99062, 37.49966 ], [ -121.9907, 37.49969 ] ], [ [ -121.9866, 37.49891 ], [ -121.9865, 37.49891 ], [ -121.98652, 37.49896 ], [ -121.9866, 37.49891 ] ], [ [ -121.98747, 37.49956 ], [ -121.98747, 37.49961 ], [ -121.98758, 37.49956 ], [ -121.98747, 37.49956 ] ], [ [ -121.99108, 37.4991 ], [ -121.99105, 37.49918 ], [ -121.99113, 37.4991 ], [ -121.99108, 37.4991 ] ], [ [ -121.98766, 37.49945 ], [ -121.98763, 37.49937 ], [ -121.98755, 37.49945 ], [ -121.98766, 37.49945 ] ], [ [ -121.98685, 37.49797 ], [ -121.98693, 37.49794 ], [ -121.98682, 37.49789 ], [ -121.98685, 37.49797 ] ], [ [ -121.99032, 37.49961 ], [ -121.99032, 37.49969 ], [ -121.99043, 37.49961 ], [ -121.99032, 37.49961 ] ], [ [ -121.98946, 37.49996 ], [ -121.98965, 37.49996 ], [ -121.98949, 37.49988 ], [ -121.98946, 37.49996 ] ], [ [ -121.98962, 37.49886 ], [ -121.98968, 37.49886 ], [ -121.98992, 37.49856 ], [ -121.98962, 37.49886 ] ], [ [ -121.9896, 37.49888 ], [ -121.98962, 37.49888 ], [ -121.98962, 37.49886 ], [ -121.9896, 37.49888 ] ], [ [ -121.98782, 37.49953 ], [ -121.98795, 37.49972 ], [ -121.98795, 37.49953 ], [ -121.98782, 37.49953 ] ], [ [ -121.99092, 37.49904 ], [ -121.99092, 37.49902 ], [ -121.99089, 37.49904 ], [ -121.99092, 37.49904 ] ], [ [ -121.99102, 37.49902 ], [ -121.99092, 37.49913 ], [ -121.99084, 37.49904 ], [ -121.99084, 37.49918 ], [ -121.99094, 37.49921 ], [ -121.99102, 37.49902 ] ], [ [ -121.98989, 37.4984 ], [ -121.98989, 37.49837 ], [ -121.98987, 37.4984 ], [ -121.98989, 37.4984 ] ], [ [ -121.98984, 37.49842 ], [ -121.98987, 37.49842 ], [ -121.98987, 37.4984 ], [ -121.98984, 37.49842 ] ], [ [ -121.9897, 37.49856 ], [ -121.98984, 37.49845 ], [ -121.9897, 37.49851 ], [ -121.9897, 37.49856 ] ], [ [ -121.98949, 37.49875 ], [ -121.9897, 37.49859 ], [ -121.98949, 37.49869 ], [ -121.98949, 37.49875 ] ], [ [ -121.98908, 37.49654 ], [ -121.98908, 37.49651 ], [ -121.98906, 37.49654 ], [ -121.98908, 37.49654 ] ], [ [ -121.98914, 37.49667 ], [ -121.98914, 37.49657 ], [ -121.98887, 37.49662 ], [ -121.98914, 37.49667 ] ], [ [ -121.9914, 37.49861 ], [ -121.99146, 37.49878 ], [ -121.99167, 37.49878 ], [ -121.9914, 37.49861 ] ], [ [ -121.99129, 37.49878 ], [ -121.99129, 37.49864 ], [ -121.99108, 37.49856 ], [ -121.99111, 37.49867 ], [ -121.99129, 37.49878 ] ], [ [ -121.99105, 37.49853 ], [ -121.99105, 37.49856 ], [ -121.99108, 37.49856 ], [ -121.99105, 37.49853 ] ], [ [ -121.99108, 37.49869 ], [ -121.99111, 37.49869 ], [ -121.99111, 37.49867 ], [ -121.99108, 37.49869 ] ], [ [ -121.98876, 37.49646 ], [ -121.989, 37.49651 ], [ -121.98911, 37.4964 ], [ -121.98876, 37.4963 ], [ -121.98876, 37.49646 ] ], [ [ -121.99089, 37.49956 ], [ -121.99076, 37.4998 ], [ -121.99089, 37.49985 ], [ -121.99081, 37.49972 ], [ -121.99092, 37.49972 ], [ -121.99092, 37.49988 ], [ -121.99113, 37.49999 ], [ -121.99105, 37.49961 ], [ -121.99089, 37.49956 ] ] ], [ [ [ -121.99022, 37.50045 ], [ -121.99035, 37.50037 ], [ -121.99038, 37.50045 ], [ -121.99, 37.50055 ], [ -121.99003, 37.50034 ], [ -121.99019, 37.50028 ], [ -121.99022, 37.50045 ] ], [ [ -121.99008, 37.50045 ], [ -121.99008, 37.50047 ], [ -121.99011, 37.50045 ], [ -121.99008, 37.50045 ] ], [ [ -121.99011, 37.50039 ], [ -121.99014, 37.50039 ], [ -121.99011, 37.50037 ], [ -121.99011, 37.50039 ] ] ], [ [ [ -121.99032, 37.50244 ], [ -121.9907, 37.50169 ], [ -121.991, 37.50182 ], [ -121.99167, 37.50247 ], [ -121.9917, 37.50257 ], [ -121.99032, 37.50244 ] ] ], [ [ [ -121.99706, 37.4981 ], [ -121.99941, 37.4943 ], [ -121.99976, 37.49403 ], [ -122.0003, 37.49395 ], [ -122.00321, 37.49484 ], [ -122.00547, 37.49524 ], [ -122.00566, 37.49578 ], [ -122.00679, 37.4971 ], [ -122.00725, 37.49754 ], [ -122.00787, 37.49786 ], [ -122.00865, 37.49807 ], [ -122.00938, 37.49813 ], [ -122.01118, 37.49743 ], [ -122.01151, 37.49743 ], [ -122.01205, 37.49764 ], [ -122.01226, 37.49799 ], [ -122.01226, 37.49853 ], [ -122.01191, 37.49937 ], [ -122.01213, 37.50007 ], [ -122.01269, 37.50042 ], [ -122.01315, 37.50053 ], [ -122.01444, 37.50034 ], [ -122.01463, 37.50063 ], [ -122.01479, 37.50163 ], [ -122.01355, 37.50314 ], [ -122.01264, 37.50325 ], [ -122.01175, 37.50381 ], [ -122.01167, 37.50406 ], [ -122.01221, 37.50581 ], [ -122.01215, 37.50678 ], [ -122.01019, 37.50753 ], [ -122.00622, 37.51012 ], [ -122.00536, 37.51055 ], [ -122.00485, 37.51007 ], [ -122.00474, 37.50961 ], [ -122.0049, 37.50929 ], [ -122.00445, 37.5088 ], [ -122.00445, 37.50867 ], [ -122.00434, 37.50869 ], [ -122.00426, 37.50853 ], [ -122.0041, 37.50856 ], [ -122.00391, 37.50837 ], [ -122.00315, 37.50823 ], [ -122.00313, 37.50799 ], [ -122.00253, 37.50767 ], [ -122.00207, 37.50713 ], [ -122.00172, 37.50697 ], [ -122.00164, 37.50662 ], [ -122.00127, 37.50654 ], [ -122.00124, 37.50635 ], [ -122.00127, 37.50632 ], [ -122.0011, 37.50635 ], [ -122.00102, 37.50627 ], [ -122.00121, 37.50476 ], [ -122.00092, 37.5047 ], [ -122.00081, 37.50489 ], [ -122.00035, 37.50468 ], [ -122.00032, 37.50452 ], [ -122.00008, 37.50457 ], [ -121.99981, 37.50433 ], [ -121.99951, 37.5043 ], [ -121.99946, 37.50411 ], [ -121.99924, 37.504 ], [ -121.99924, 37.50392 ], [ -121.99989, 37.50392 ], [ -121.99992, 37.50373 ], [ -121.99959, 37.50357 ], [ -122.0, 37.50341 ], [ -121.99978, 37.50298 ], [ -122.00013, 37.50282 ], [ -122.00005, 37.50268 ], [ -121.99906, 37.50252 ], [ -121.99916, 37.50257 ], [ -121.99908, 37.50268 ], [ -121.99865, 37.50279 ], [ -121.99844, 37.50301 ], [ -121.99819, 37.50371 ], [ -121.99868, 37.50433 ], [ -122.00062, 37.50611 ], [ -122.00075, 37.50637 ], [ -121.99477, 37.5008 ], [ -121.99256, 37.49856 ], [ -121.99275, 37.49861 ], [ -121.99272, 37.49848 ], [ -121.99305, 37.4984 ], [ -121.99399, 37.49899 ], [ -121.99571, 37.49899 ], [ -121.9965, 37.49872 ], [ -121.99706, 37.4981 ] ], [ [ -122.00436, 37.50867 ], [ -122.00439, 37.50867 ], [ -122.00436, 37.50864 ], [ -122.00436, 37.50867 ] ], [ [ -122.00129, 37.5064 ], [ -122.00127, 37.5064 ], [ -122.00129, 37.50643 ], [ -122.00129, 37.5064 ] ], [ [ -122.00116, 37.50363 ], [ -122.00118, 37.50363 ], [ -122.00116, 37.5036 ], [ -122.00116, 37.50363 ] ], [ [ -122.00116, 37.50468 ], [ -122.00118, 37.50468 ], [ -122.00116, 37.50465 ], [ -122.00116, 37.50468 ] ], [ [ -122.00485, 37.5092 ], [ -122.00488, 37.5092 ], [ -122.00485, 37.50918 ], [ -122.00485, 37.5092 ] ], [ [ -122.01083, 37.50678 ], [ -122.01086, 37.50678 ], [ -122.01083, 37.50675 ], [ -122.01083, 37.50678 ] ], [ [ -121.99617, 37.50182 ], [ -121.9962, 37.50182 ], [ -121.99617, 37.50179 ], [ -121.99617, 37.50182 ] ], [ [ -122.00121, 37.50627 ], [ -122.00124, 37.50627 ], [ -122.00121, 37.50624 ], [ -122.00121, 37.50627 ] ], [ [ -122.00315, 37.50796 ], [ -122.00318, 37.50796 ], [ -122.00315, 37.50794 ], [ -122.00315, 37.50796 ] ], [ [ -122.00097, 37.50349 ], [ -122.001, 37.50349 ], [ -122.00097, 37.50346 ], [ -122.00097, 37.50349 ] ], [ [ -122.00167, 37.50673 ], [ -122.0017, 37.50673 ], [ -122.00167, 37.5067 ], [ -122.00167, 37.50673 ] ], [ [ -122.0014, 37.50651 ], [ -122.00143, 37.50651 ], [ -122.0014, 37.50648 ], [ -122.0014, 37.50651 ] ], [ [ -122.00453, 37.5088 ], [ -122.00455, 37.5088 ], [ -122.00453, 37.50877 ], [ -122.00453, 37.5088 ] ], [ [ -122.00113, 37.50629 ], [ -122.00116, 37.50629 ], [ -122.00113, 37.50627 ], [ -122.00113, 37.50629 ] ], [ [ -122.0045, 37.50875 ], [ -122.00453, 37.50875 ], [ -122.0045, 37.50872 ], [ -122.0045, 37.50875 ] ], [ [ -122.0038, 37.50834 ], [ -122.00383, 37.50834 ], [ -122.0038, 37.50832 ], [ -122.0038, 37.50834 ] ], [ [ -122.00887, 37.50702 ], [ -122.00892, 37.50702 ], [ -122.00887, 37.50699 ], [ -122.00887, 37.50702 ] ], [ [ -122.00175, 37.50325 ], [ -122.00178, 37.50325 ], [ -122.00175, 37.50319 ], [ -122.00175, 37.50325 ] ], [ [ -121.99973, 37.50363 ], [ -121.99978, 37.50363 ], [ -121.99973, 37.5036 ], [ -121.99973, 37.50363 ] ], [ [ -122.0011, 37.50355 ], [ -122.00113, 37.50355 ], [ -122.0011, 37.50349 ], [ -122.0011, 37.50355 ] ], [ [ -122.00129, 37.50648 ], [ -122.00135, 37.50648 ], [ -122.00129, 37.50646 ], [ -122.00129, 37.50648 ] ], [ [ -121.99606, 37.50177 ], [ -121.99606, 37.50174 ], [ -121.99604, 37.50177 ], [ -121.99606, 37.50177 ] ], [ [ -121.99601, 37.50174 ], [ -121.99604, 37.50174 ], [ -121.99601, 37.50171 ], [ -121.99601, 37.50174 ] ], [ [ -121.9962, 37.5019 ], [ -121.9962, 37.50187 ], [ -121.99617, 37.5019 ], [ -121.9962, 37.5019 ] ], [ [ -121.99615, 37.50187 ], [ -121.99617, 37.50187 ], [ -121.99615, 37.50185 ], [ -121.99615, 37.50187 ] ], [ [ -121.99992, 37.50392 ], [ -121.99997, 37.50392 ], [ -121.99992, 37.5039 ], [ -121.99992, 37.50392 ] ], [ [ -122.00145, 37.50301 ], [ -122.00151, 37.50301 ], [ -122.00145, 37.50298 ], [ -122.00145, 37.50301 ] ], [ [ -121.9965, 37.50206 ], [ -121.9965, 37.50204 ], [ -121.99644, 37.50206 ], [ -121.9965, 37.50206 ] ], [ [ -121.99641, 37.50204 ], [ -121.99644, 37.50204 ], [ -121.99641, 37.50201 ], [ -121.99641, 37.50204 ] ], [ [ -122.00094, 37.50284 ], [ -122.00097, 37.50284 ], [ -122.00092, 37.50279 ], [ -122.00094, 37.50284 ] ], [ [ -122.00056, 37.50462 ], [ -122.00054, 37.50454 ], [ -122.00048, 37.5046 ], [ -122.00056, 37.50462 ] ], [ [ -122.00113, 37.50454 ], [ -122.00105, 37.50457 ], [ -122.00113, 37.50462 ], [ -122.00113, 37.50454 ] ], [ [ -121.99865, 37.50263 ], [ -121.99871, 37.50257 ], [ -121.99865, 37.50252 ], [ -121.99865, 37.50263 ] ], [ [ -121.99876, 37.50252 ], [ -121.99876, 37.5026 ], [ -121.99887, 37.50252 ], [ -121.99876, 37.50252 ] ], [ [ -121.99873, 37.50249 ], [ -121.99873, 37.50252 ], [ -121.99876, 37.50252 ], [ -121.99873, 37.50249 ] ], [ [ -122.00032, 37.50395 ], [ -122.00032, 37.50403 ], [ -122.0004, 37.504 ], [ -122.00032, 37.50395 ] ], [ [ -122.00056, 37.504 ], [ -122.00065, 37.504 ], [ -122.00062, 37.50384 ], [ -122.00056, 37.504 ] ], [ [ -122.00105, 37.50257 ], [ -122.00089, 37.50255 ], [ -122.00075, 37.5026 ], [ -122.001, 37.50266 ], [ -122.00105, 37.50257 ] ], [ [ -122.00089, 37.50368 ], [ -122.00054, 37.50373 ], [ -122.00086, 37.50379 ], [ -122.00089, 37.50368 ] ], [ [ -122.00135, 37.50274 ], [ -122.0014, 37.50257 ], [ -122.00108, 37.5026 ], [ -122.0011, 37.50271 ], [ -122.00135, 37.50274 ] ], [ [ -122.00075, 37.50357 ], [ -122.00083, 37.50346 ], [ -122.00067, 37.50341 ], [ -122.00065, 37.50363 ], [ -122.00048, 37.50368 ], [ -122.00075, 37.50368 ], [ -122.00094, 37.50355 ], [ -122.00075, 37.50357 ] ], [ [ -122.00024, 37.50381 ], [ -122.00054, 37.5039 ], [ -122.0004, 37.50379 ], [ -122.00048, 37.50368 ], [ -122.00024, 37.50381 ] ], [ [ -121.99717, 37.50241 ], [ -121.99747, 37.50252 ], [ -121.99738, 37.50244 ], [ -121.99717, 37.50241 ] ], [ [ -121.99717, 37.50239 ], [ -121.99703, 37.50222 ], [ -121.99644, 37.50209 ], [ -121.99682, 37.50233 ], [ -121.99717, 37.50239 ] ], [ [ -122.00113, 37.50411 ], [ -122.00102, 37.50411 ], [ -122.00113, 37.50414 ], [ -122.00113, 37.50411 ] ], [ [ -122.00067, 37.504 ], [ -122.00092, 37.50446 ], [ -122.00143, 37.50422 ], [ -122.00116, 37.50425 ], [ -122.001, 37.50414 ], [ -122.001, 37.50392 ], [ -122.00067, 37.504 ] ], [ [ -122.00059, 37.50336 ], [ -122.0011, 37.50336 ], [ -122.0011, 37.50325 ], [ -122.00121, 37.50319 ], [ -122.0011, 37.50314 ], [ -122.00137, 37.50314 ], [ -122.00143, 37.50301 ], [ -122.00065, 37.50295 ], [ -122.00054, 37.50276 ], [ -122.00019, 37.50306 ], [ -122.00024, 37.50322 ], [ -122.00008, 37.50325 ], [ -122.00035, 37.50328 ], [ -122.00048, 37.50344 ], [ -122.00059, 37.50336 ] ], [ [ -122.0014, 37.50319 ], [ -122.0014, 37.50314 ], [ -122.00137, 37.50314 ], [ -122.0014, 37.50319 ] ], [ [ -122.00135, 37.50341 ], [ -122.00137, 37.50319 ], [ -122.00124, 37.50319 ], [ -122.00129, 37.5033 ], [ -122.00113, 37.50333 ], [ -122.00135, 37.50341 ] ] ], [ [ [ -121.99997, 37.50643 ], [ -121.99986, 37.50619 ], [ -121.99976, 37.50637 ], [ -121.99768, 37.50584 ], [ -121.99784, 37.50535 ], [ -121.9983, 37.50487 ], [ -121.99884, 37.50497 ], [ -121.99865, 37.50487 ], [ -121.99868, 37.50473 ], [ -121.99833, 37.50473 ], [ -121.99849, 37.50452 ], [ -121.99817, 37.50435 ], [ -121.9979, 37.50446 ], [ -121.99771, 37.50489 ], [ -121.99771, 37.50465 ], [ -121.9976, 37.50465 ], [ -121.9973, 37.50543 ], [ -121.99698, 37.50567 ], [ -121.99671, 37.50554 ], [ -121.99652, 37.50559 ], [ -121.9966, 37.50567 ], [ -121.99633, 37.50586 ], [ -121.99609, 37.50565 ], [ -121.99569, 37.50581 ], [ -121.99544, 37.50578 ], [ -121.9955, 37.50565 ], [ -121.99517, 37.50559 ], [ -121.9934, 37.5039 ], [ -121.99337, 37.50379 ], [ -121.99377, 37.5039 ], [ -121.99348, 37.50368 ], [ -121.99358, 37.50341 ], [ -121.99334, 37.50373 ], [ -121.99326, 37.50373 ], [ -121.99429, 37.50214 ], [ -121.99302, 37.50352 ], [ -121.99078, 37.50131 ], [ -121.99202, 37.49902 ], [ -121.99235, 37.49875 ], [ -121.99253, 37.49875 ], [ -121.9928, 37.49896 ], [ -121.99458, 37.5008 ], [ -121.99466, 37.50072 ], [ -121.99803, 37.50392 ], [ -121.99792, 37.50411 ], [ -121.99811, 37.504 ], [ -122.00056, 37.5064 ], [ -122.00021, 37.50613 ], [ -122.0, 37.50616 ], [ -122.00013, 37.5064 ], [ -121.99997, 37.50643 ] ], [ [ -121.99431, 37.50212 ], [ -121.99429, 37.50212 ], [ -121.99429, 37.50214 ], [ -121.99431, 37.50212 ] ], [ [ -121.99439, 37.50201 ], [ -121.99431, 37.50206 ], [ -121.99439, 37.50206 ], [ -121.99439, 37.50201 ] ], [ [ -121.99442, 37.50198 ], [ -121.99439, 37.50198 ], [ -121.99439, 37.50201 ], [ -121.99442, 37.50198 ] ], [ [ -121.9945, 37.50187 ], [ -121.99442, 37.50193 ], [ -121.9945, 37.50193 ], [ -121.9945, 37.50187 ] ], [ [ -121.99453, 37.50185 ], [ -121.9945, 37.50185 ], [ -121.9945, 37.50187 ], [ -121.99453, 37.50185 ] ], [ [ -121.99456, 37.50182 ], [ -121.99453, 37.50182 ], [ -121.99453, 37.50185 ], [ -121.99456, 37.50182 ] ], [ [ -121.99466, 37.5016 ], [ -121.99456, 37.50177 ], [ -121.99466, 37.50169 ], [ -121.99466, 37.5016 ] ], [ [ -121.99472, 37.50098 ], [ -121.99461, 37.50085 ], [ -121.99466, 37.5016 ], [ -121.99472, 37.50098 ] ], [ [ -121.99464, 37.5008 ], [ -121.99461, 37.5008 ], [ -121.99464, 37.50082 ], [ -121.99464, 37.5008 ] ], [ [ -121.99895, 37.50497 ], [ -121.99897, 37.50497 ], [ -121.99895, 37.50495 ], [ -121.99895, 37.50497 ] ], [ [ -121.99941, 37.5054 ], [ -121.99943, 37.5054 ], [ -121.99941, 37.50538 ], [ -121.99941, 37.5054 ] ], [ [ -121.99992, 37.50592 ], [ -121.99994, 37.50592 ], [ -121.99992, 37.50589 ], [ -121.99992, 37.50592 ] ], [ [ -121.99337, 37.50266 ], [ -121.9934, 37.50266 ], [ -121.99337, 37.50263 ], [ -121.99337, 37.50266 ] ], [ [ -121.9928, 37.50303 ], [ -121.99283, 37.50303 ], [ -121.9928, 37.50301 ], [ -121.9928, 37.50303 ] ], [ [ -121.99784, 37.50406 ], [ -121.99787, 37.50406 ], [ -121.99784, 37.50403 ], [ -121.99784, 37.50406 ] ], [ [ -121.99924, 37.50524 ], [ -121.99924, 37.50522 ], [ -121.99922, 37.50524 ], [ -121.99924, 37.50524 ] ], [ [ -121.99919, 37.50522 ], [ -121.99922, 37.50522 ], [ -121.99919, 37.50519 ], [ -121.99919, 37.50522 ] ], [ [ -121.99784, 37.50425 ], [ -121.9979, 37.50425 ], [ -121.99787, 37.50419 ], [ -121.99784, 37.50425 ] ], [ [ -121.99968, 37.50565 ], [ -121.99968, 37.50562 ], [ -121.99965, 37.50565 ], [ -121.99968, 37.50565 ] ], [ [ -121.99962, 37.50562 ], [ -121.99965, 37.50562 ], [ -121.99962, 37.50559 ], [ -121.99962, 37.50562 ] ], [ [ -121.99957, 37.50557 ], [ -121.99957, 37.50559 ], [ -121.99962, 37.50559 ], [ -121.99957, 37.50557 ] ], [ [ -121.99394, 37.50363 ], [ -121.99388, 37.50363 ], [ -121.99396, 37.50368 ], [ -121.99394, 37.50363 ] ], [ [ -121.99183, 37.50179 ], [ -121.99183, 37.50177 ], [ -121.99178, 37.50179 ], [ -121.99183, 37.50179 ] ], [ [ -121.99173, 37.50177 ], [ -121.99178, 37.50177 ], [ -121.99173, 37.50174 ], [ -121.99173, 37.50177 ] ], [ [ -121.9917, 37.50171 ], [ -121.9917, 37.50174 ], [ -121.99173, 37.50174 ], [ -121.9917, 37.50171 ] ], [ [ -121.99553, 37.50543 ], [ -121.99553, 37.50535 ], [ -121.99547, 37.50543 ], [ -121.99553, 37.50543 ] ], [ [ -122.00005, 37.50602 ], [ -122.00005, 37.506 ], [ -122.00003, 37.50602 ], [ -122.00005, 37.50602 ] ], [ [ -122.0, 37.506 ], [ -122.00003, 37.506 ], [ -122.0, 37.50597 ], [ -122.0, 37.506 ] ], [ [ -122.00016, 37.50611 ], [ -122.00011, 37.50602 ], [ -122.00008, 37.50611 ], [ -122.00016, 37.50611 ] ], [ [ -122.00005, 37.50611 ], [ -122.00005, 37.50605 ], [ -122.0, 37.50611 ], [ -122.00005, 37.50611 ] ], [ [ -121.99297, 37.50276 ], [ -121.99321, 37.50276 ], [ -121.99305, 37.50271 ], [ -121.99297, 37.50276 ] ], [ [ -121.99593, 37.50438 ], [ -121.99609, 37.5043 ], [ -121.99609, 37.50422 ], [ -121.99596, 37.50427 ], [ -121.99593, 37.50438 ] ], [ [ -121.9921, 37.50255 ], [ -121.99218, 37.50263 ], [ -121.99235, 37.50252 ], [ -121.9921, 37.50255 ] ], [ [ -121.99485, 37.50481 ], [ -121.99485, 37.50492 ], [ -121.99504, 37.505 ], [ -121.99485, 37.50481 ] ], [ [ -121.99671, 37.50457 ], [ -121.99647, 37.50446 ], [ -121.99631, 37.50446 ], [ -121.99639, 37.50457 ], [ -121.99671, 37.50457 ] ], [ [ -121.99491, 37.504 ], [ -121.99474, 37.5039 ], [ -121.99461, 37.50387 ], [ -121.99469, 37.50406 ], [ -121.99491, 37.504 ] ], [ [ -121.99302, 37.50249 ], [ -121.99291, 37.50244 ], [ -121.99248, 37.50247 ], [ -121.99294, 37.50257 ], [ -121.99302, 37.50249 ] ], [ [ -121.99741, 37.50438 ], [ -121.99693, 37.50454 ], [ -121.99703, 37.50462 ], [ -121.99733, 37.50462 ], [ -121.99741, 37.50438 ] ], [ [ -121.99119, 37.50142 ], [ -121.99129, 37.50169 ], [ -121.99162, 37.50169 ], [ -121.99119, 37.50142 ] ], [ [ -121.99113, 37.50139 ], [ -121.99113, 37.50142 ], [ -121.99119, 37.50142 ], [ -121.99113, 37.50139 ] ], [ [ -121.99094, 37.50134 ], [ -121.99092, 37.50139 ], [ -121.99113, 37.50139 ], [ -121.99094, 37.50134 ] ], [ [ -121.99679, 37.50514 ], [ -121.99701, 37.50527 ], [ -121.99674, 37.50543 ], [ -121.99685, 37.50546 ], [ -121.99709, 37.50527 ], [ -121.99687, 37.50514 ], [ -121.99706, 37.50492 ], [ -121.99676, 37.50492 ], [ -121.99679, 37.50514 ] ], [ [ -121.99623, 37.50557 ], [ -121.99636, 37.50554 ], [ -121.99593, 37.50519 ], [ -121.99571, 37.50522 ], [ -121.99571, 37.50538 ], [ -121.99606, 37.50535 ], [ -121.99623, 37.50557 ] ], [ [ -121.99641, 37.50484 ], [ -121.99596, 37.50481 ], [ -121.99625, 37.50484 ], [ -121.99628, 37.50524 ], [ -121.99655, 37.50522 ], [ -121.99641, 37.50484 ] ], [ [ -121.99173, 37.50214 ], [ -121.99283, 37.50233 ], [ -121.99302, 37.50228 ], [ -121.99226, 37.50212 ], [ -121.99173, 37.50214 ] ], [ [ -121.99404, 37.50414 ], [ -121.99423, 37.50452 ], [ -121.99439, 37.50381 ], [ -121.99429, 37.5036 ], [ -121.99429, 37.50387 ], [ -121.99402, 37.50379 ], [ -121.99404, 37.50414 ] ], [ [ -121.99625, 37.50395 ], [ -121.99515, 37.50419 ], [ -121.99509, 37.50441 ], [ -121.99464, 37.50438 ], [ -121.99464, 37.50454 ], [ -121.99526, 37.50443 ], [ -121.99563, 37.50414 ], [ -121.99617, 37.50406 ], [ -121.99625, 37.50395 ] ] ], [ [ [ -122.00552, 37.51082 ], [ -122.00536, 37.51077 ], [ -122.01019, 37.50761 ], [ -122.01221, 37.50683 ], [ -122.01229, 37.50699 ], [ -122.01037, 37.50767 ], [ -122.00552, 37.51082 ] ] ], [ [ [ -122.01401, 37.50891 ], [ -122.01345, 37.50845 ], [ -122.01302, 37.50858 ], [ -122.0128, 37.50853 ], [ -122.01194, 37.50775 ], [ -122.01169, 37.50775 ], [ -122.01199, 37.50853 ], [ -122.01269, 37.50931 ], [ -122.01253, 37.50929 ], [ -122.01242, 37.5095 ], [ -122.0125, 37.50964 ], [ -122.01205, 37.50955 ], [ -122.01172, 37.50966 ], [ -122.01169, 37.50993 ], [ -122.01226, 37.51042 ], [ -122.01199, 37.51058 ], [ -122.0121, 37.51074 ], [ -122.01175, 37.51079 ], [ -122.01175, 37.51098 ], [ -122.01161, 37.51093 ], [ -122.01169, 37.51082 ], [ -122.01156, 37.51088 ], [ -122.01167, 37.51112 ], [ -122.01153, 37.51128 ], [ -122.01126, 37.51117 ], [ -122.01116, 37.5112 ], [ -122.01124, 37.51136 ], [ -122.01086, 37.51144 ], [ -122.01078, 37.51139 ], [ -122.01094, 37.51131 ], [ -122.01072, 37.51114 ], [ -122.01, 37.51101 ], [ -122.0101, 37.51179 ], [ -122.00997, 37.5119 ], [ -122.00946, 37.51193 ], [ -122.00949, 37.51201 ], [ -122.00922, 37.51195 ], [ -122.00878, 37.51209 ], [ -122.00876, 37.5122 ], [ -122.00835, 37.51198 ], [ -122.00811, 37.51206 ], [ -122.00819, 37.51217 ], [ -122.00808, 37.51222 ], [ -122.00795, 37.51214 ], [ -122.00792, 37.51222 ], [ -122.00784, 37.51217 ], [ -122.00765, 37.5123 ], [ -122.0073, 37.51228 ], [ -122.00671, 37.5119 ], [ -122.00582, 37.51104 ], [ -122.00574, 37.51085 ], [ -122.0059, 37.51066 ], [ -122.01037, 37.50775 ], [ -122.01207, 37.5071 ], [ -122.01248, 37.50713 ], [ -122.01401, 37.50891 ] ], [ [ -122.0079, 37.51214 ], [ -122.0079, 37.51217 ], [ -122.00792, 37.51214 ], [ -122.0079, 37.51214 ] ], [ [ -122.00846, 37.51195 ], [ -122.00846, 37.51198 ], [ -122.00849, 37.51195 ], [ -122.00846, 37.51195 ] ], [ [ -122.01091, 37.50912 ], [ -122.01091, 37.50918 ], [ -122.01094, 37.50912 ], [ -122.01091, 37.50912 ] ], [ [ -122.0104, 37.51098 ], [ -122.0104, 37.51096 ], [ -122.01037, 37.51098 ], [ -122.0104, 37.51098 ] ], [ [ -122.01032, 37.51101 ], [ -122.01037, 37.51101 ], [ -122.01037, 37.51098 ], [ -122.01032, 37.51101 ] ], [ [ -122.01075, 37.50945 ], [ -122.01078, 37.5095 ], [ -122.01083, 37.50945 ], [ -122.01075, 37.50945 ] ], [ [ -122.01167, 37.51077 ], [ -122.01167, 37.51074 ], [ -122.01156, 37.51079 ], [ -122.01167, 37.51077 ] ], [ [ -122.0111, 37.50969 ], [ -122.01118, 37.50974 ], [ -122.01124, 37.50974 ], [ -122.01124, 37.50969 ], [ -122.0111, 37.50969 ] ], [ [ -122.01108, 37.50966 ], [ -122.0111, 37.50966 ], [ -122.01108, 37.50964 ], [ -122.01108, 37.50966 ] ], [ [ -122.01105, 37.50961 ], [ -122.01105, 37.50964 ], [ -122.01108, 37.50964 ], [ -122.01105, 37.50961 ] ], [ [ -122.01143, 37.50991 ], [ -122.0114, 37.50977 ], [ -122.01126, 37.50974 ], [ -122.01129, 37.50982 ], [ -122.01143, 37.50991 ] ], [ [ -122.01129, 37.50999 ], [ -122.01116, 37.51012 ], [ -122.01102, 37.51028 ], [ -122.01129, 37.50999 ] ], [ [ -122.0111, 37.51098 ], [ -122.01102, 37.51061 ], [ -122.01097, 37.5112 ], [ -122.0111, 37.51098 ] ], [ [ -122.01083, 37.51085 ], [ -122.01091, 37.51079 ], [ -122.01081, 37.51012 ], [ -122.01083, 37.51085 ] ] ], [ [ [ -122.00269, 37.51535 ], [ -122.00364, 37.51193 ], [ -122.00528, 37.51085 ], [ -122.00533, 37.51096 ], [ -122.00372, 37.51198 ], [ -122.00288, 37.51497 ], [ -122.00269, 37.51535 ] ] ], [ [ [ -122.01272, 37.51575 ], [ -122.01231, 37.51548 ], [ -122.01452, 37.51028 ], [ -122.01493, 37.50969 ], [ -122.01501, 37.50977 ], [ -122.01455, 37.51044 ], [ -122.0124, 37.51551 ], [ -122.01628, 37.51734 ], [ -122.01272, 37.51575 ] ] ] ] } }
]
}
