{
"type": "FeatureCollection",
"name": "low_2ft",
"crs": { "type": "name", "properties": { "name": "urn:ogc:def:crs:OGC:1.3:CRS84" } },
"xy_coordinate_resolution": 1e-05,
"features": [
{ "type": "Feature", "properties": { }, "geometry": { "type": "MultiPolygon", "coordinates": [ [ [ [ -122.24513, 37.7224 ], [ -122.24502, 37.7224 ], [ -122.24505, 37.72254 ], [ -122.24567, 37.72305 ], [ -122.24554, 37.72321 ], [ -122.24486, 37.72281 ], [ -122.24481, 37.72216 ], [ -122.24505, 37.72216 ], [ -122.24513, 37.7224 ] ] ], [ [ [ -122.23777, 37.73364 ], [ -122.23723, 37.73448 ], [ -122.23726, 37.73499 ], [ -122.23759, 37.73488 ], [ -122.2381, 37.73434 ], [ -122.23815, 37.7345 ], [ -122.23791, 37.73477 ], [ -122.23799, 37.73485 ], [ -122.23785, 37.73509 ], [ -122.23826, 37.73518 ], [ -122.23839, 37.73493 ], [ -122.23877, 37.73474 ], [ -122.23856, 37.73512 ], [ -122.23866, 37.73526 ], [ -122.23901, 37.73531 ], [ -122.23936, 37.73496 ], [ -122.2392, 37.73539 ], [ -122.23953, 37.73539 ], [ -122.23985, 37.73534 ], [ -122.24023, 37.73499 ], [ -122.24001, 37.73536 ], [ -122.24033, 37.73509 ], [ -122.24036, 37.73515 ], [ -122.24009, 37.73555 ], [ -122.24074, 37.73571 ], [ -122.24139, 37.73504 ], [ -122.24109, 37.73574 ], [ -122.24182, 37.73598 ], [ -122.24106, 37.73593 ], [ -122.23988, 37.73563 ], [ -122.24149, 37.73617 ], [ -122.23993, 37.73588 ], [ -122.23963, 37.73607 ], [ -122.23985, 37.73561 ], [ -122.23966, 37.73561 ], [ -122.23939, 37.73596 ], [ -122.23942, 37.73574 ], [ -122.23882, 37.73563 ], [ -122.23893, 37.73631 ], [ -122.23877, 37.73647 ], [ -122.23885, 37.73663 ], [ -122.23869, 37.7369 ], [ -122.23869, 37.73736 ], [ -122.23907, 37.73658 ], [ -122.23947, 37.73623 ], [ -122.2395, 37.73631 ], [ -122.23907, 37.73698 ], [ -122.23874, 37.73798 ], [ -122.23869, 37.73873 ], [ -122.2388, 37.73879 ], [ -122.23842, 37.73938 ], [ -122.23839, 37.73954 ], [ -122.23874, 37.73968 ], [ -122.23874, 37.73986 ], [ -122.23839, 37.73978 ], [ -122.23815, 37.74038 ], [ -122.23823, 37.74051 ], [ -122.23796, 37.74145 ], [ -122.23796, 37.74304 ], [ -122.23829, 37.74323 ], [ -122.23794, 37.74323 ], [ -122.23812, 37.7434 ], [ -122.23785, 37.7434 ], [ -122.23761, 37.7438 ], [ -122.2371, 37.74528 ], [ -122.23664, 37.74596 ], [ -122.2371, 37.74784 ], [ -122.23694, 37.7479 ], [ -122.23648, 37.74671 ], [ -122.2361, 37.74663 ], [ -122.23602, 37.74649 ], [ -122.23559, 37.74663 ], [ -122.23497, 37.74658 ], [ -122.23368, 37.74614 ], [ -122.23352, 37.74617 ], [ -122.23368, 37.74633 ], [ -122.23335, 37.74631 ], [ -122.22869, 37.74528 ], [ -122.22891, 37.74512 ], [ -122.22888, 37.74477 ], [ -122.22902, 37.7448 ], [ -122.2292, 37.74458 ], [ -122.22934, 37.74466 ], [ -122.22942, 37.7445 ], [ -122.22934, 37.74423 ], [ -122.22907, 37.74426 ], [ -122.22902, 37.74415 ], [ -122.22899, 37.74313 ], [ -122.22872, 37.74283 ], [ -122.22831, 37.74267 ], [ -122.22815, 37.74272 ], [ -122.22818, 37.74288 ], [ -122.22805, 37.74288 ], [ -122.22759, 37.74256 ], [ -122.22751, 37.74286 ], [ -122.22732, 37.74245 ], [ -122.22743, 37.74213 ], [ -122.22694, 37.74145 ], [ -122.22689, 37.74269 ], [ -122.22675, 37.74304 ], [ -122.22662, 37.74296 ], [ -122.22654, 37.7431 ], [ -122.2264, 37.74283 ], [ -122.2243, 37.74261 ], [ -122.22274, 37.74321 ], [ -122.22317, 37.74364 ], [ -122.22274, 37.74402 ], [ -122.22295, 37.74434 ], [ -122.22317, 37.74426 ], [ -122.22319, 37.74445 ], [ -122.22346, 37.74437 ], [ -122.22349, 37.74461 ], [ -122.22379, 37.74469 ], [ -122.22411, 37.74501 ], [ -122.22581, 37.74499 ], [ -122.2261, 37.74509 ], [ -122.22627, 37.74469 ], [ -122.22632, 37.74366 ], [ -122.22651, 37.74366 ], [ -122.22656, 37.74345 ], [ -122.22662, 37.74364 ], [ -122.22675, 37.74358 ], [ -122.22686, 37.74391 ], [ -122.22697, 37.74391 ], [ -122.22691, 37.74496 ], [ -122.22751, 37.74512 ], [ -122.22745, 37.74523 ], [ -122.22257, 37.74552 ], [ -122.22152, 37.74539 ], [ -122.22036, 37.74496 ], [ -122.21969, 37.7445 ], [ -122.21592, 37.73995 ], [ -122.21603, 37.73976 ], [ -122.21651, 37.74046 ], [ -122.21702, 37.74065 ], [ -122.21673, 37.7407 ], [ -122.21683, 37.74092 ], [ -122.21697, 37.74097 ], [ -122.21692, 37.74075 ], [ -122.21748, 37.74046 ], [ -122.21735, 37.74005 ], [ -122.21756, 37.73997 ], [ -122.21778, 37.74016 ], [ -122.21797, 37.74016 ], [ -122.21832, 37.73997 ], [ -122.21832, 37.73968 ], [ -122.21786, 37.73976 ], [ -122.21789, 37.73968 ], [ -122.21753, 37.73965 ], [ -122.21697, 37.73903 ], [ -122.2163, 37.73925 ], [ -122.21613, 37.73919 ], [ -122.21718, 37.73849 ], [ -122.21689, 37.73787 ], [ -122.21662, 37.73774 ], [ -122.2164, 37.73744 ], [ -122.21667, 37.73768 ], [ -122.21681, 37.73768 ], [ -122.21675, 37.73749 ], [ -122.21686, 37.7376 ], [ -122.21689, 37.73755 ], [ -122.21646, 37.73701 ], [ -122.21646, 37.73714 ], [ -122.2163, 37.73704 ], [ -122.21627, 37.73733 ], [ -122.21581, 37.73674 ], [ -122.21562, 37.73679 ], [ -122.21568, 37.7365 ], [ -122.21533, 37.73658 ], [ -122.21538, 37.73647 ], [ -122.21471, 37.73574 ], [ -122.21446, 37.73574 ], [ -122.21452, 37.73555 ], [ -122.21438, 37.73542 ], [ -122.21454, 37.73531 ], [ -122.21449, 37.73515 ], [ -122.21419, 37.73518 ], [ -122.21392, 37.73464 ], [ -122.21357, 37.73461 ], [ -122.21341, 37.73421 ], [ -122.21355, 37.73399 ], [ -122.21295, 37.7335 ], [ -122.21298, 37.73334 ], [ -122.21266, 37.73305 ], [ -122.21263, 37.73286 ], [ -122.21193, 37.73291 ], [ -122.21201, 37.73321 ], [ -122.21185, 37.73353 ], [ -122.21198, 37.73356 ], [ -122.21231, 37.73445 ], [ -122.21209, 37.73437 ], [ -122.21147, 37.73297 ], [ -122.21252, 37.73267 ], [ -122.21266, 37.73272 ], [ -122.2126, 37.73227 ], [ -122.21231, 37.73213 ], [ -122.21236, 37.73224 ], [ -122.21201, 37.73229 ], [ -122.21163, 37.7317 ], [ -122.21126, 37.73173 ], [ -122.21115, 37.73181 ], [ -122.2112, 37.73208 ], [ -122.21153, 37.73262 ], [ -122.21215, 37.73248 ], [ -122.21223, 37.73264 ], [ -122.21136, 37.73275 ], [ -122.21085, 37.73162 ], [ -122.20983, 37.7307 ], [ -122.20802, 37.72971 ], [ -122.20786, 37.72941 ], [ -122.20713, 37.72922 ], [ -122.20209, 37.72647 ], [ -122.20207, 37.72604 ], [ -122.2022, 37.72593 ], [ -122.20193, 37.72577 ], [ -122.20204, 37.72564 ], [ -122.20193, 37.72553 ], [ -122.20215, 37.72564 ], [ -122.2022, 37.72542 ], [ -122.20209, 37.72539 ], [ -122.20207, 37.72553 ], [ -122.20185, 37.72545 ], [ -122.20131, 37.72367 ], [ -122.20139, 37.72318 ], [ -122.20182, 37.72297 ], [ -122.20209, 37.72232 ], [ -122.20185, 37.72224 ], [ -122.20126, 37.72313 ], [ -122.20131, 37.72273 ], [ -122.20169, 37.722 ], [ -122.20147, 37.72175 ], [ -122.20161, 37.72167 ], [ -122.20163, 37.72092 ], [ -122.20131, 37.72122 ], [ -122.20126, 37.72119 ], [ -122.20155, 37.72052 ], [ -122.20162, 37.72046 ], [ -122.20201, 37.71979 ], [ -122.20247, 37.7193 ], [ -122.20309, 37.71909 ], [ -122.20282, 37.71936 ], [ -122.20304, 37.71944 ], [ -122.20304, 37.71933 ], [ -122.20322, 37.71938 ], [ -122.20368, 37.71919 ], [ -122.20384, 37.71952 ], [ -122.20325, 37.71949 ], [ -122.20314, 37.71968 ], [ -122.20252, 37.71968 ], [ -122.20172, 37.72039 ], [ -122.20223, 37.72 ], [ -122.20309, 37.71979 ], [ -122.20358, 37.71979 ], [ -122.20503, 37.72 ], [ -122.20584, 37.72035 ], [ -122.20676, 37.72038 ], [ -122.2074, 37.72014 ], [ -122.20684, 37.71965 ], [ -122.20697, 37.71965 ], [ -122.20694, 37.71944 ], [ -122.20697, 37.71944 ], [ -122.20886, 37.72065 ], [ -122.21007, 37.72114 ], [ -122.21144, 37.72143 ], [ -122.21196, 37.72078 ], [ -122.21268, 37.72016 ], [ -122.21384, 37.72019 ], [ -122.21454, 37.71984 ], [ -122.21484, 37.71995 ], [ -122.21573, 37.71887 ], [ -122.21573, 37.71812 ], [ -122.21589, 37.71777 ], [ -122.21667, 37.71728 ], [ -122.21853, 37.71572 ], [ -122.21745, 37.71628 ], [ -122.21481, 37.71809 ], [ -122.21433, 37.71822 ], [ -122.21406, 37.7186 ], [ -122.21271, 37.71946 ], [ -122.21223, 37.71936 ], [ -122.21153, 37.71893 ], [ -122.21179, 37.71944 ], [ -122.21206, 37.71946 ], [ -122.2122, 37.71973 ], [ -122.21023, 37.72033 ], [ -122.21007, 37.72025 ], [ -122.2105, 37.72011 ], [ -122.2105, 37.72 ], [ -122.20934, 37.72016 ], [ -122.2087, 37.72038 ], [ -122.2081, 37.71981 ], [ -122.20762, 37.71963 ], [ -122.2064, 37.71852 ], [ -122.20622, 37.71857 ], [ -122.20619, 37.71871 ], [ -122.20573, 37.7182 ], [ -122.20568, 37.7182 ], [ -122.20597, 37.71871 ], [ -122.20592, 37.71876 ], [ -122.20549, 37.7182 ], [ -122.20511, 37.7182 ], [ -122.20527, 37.71793 ], [ -122.20519, 37.7176 ], [ -122.20538, 37.71769 ], [ -122.20546, 37.71747 ], [ -122.20587, 37.71777 ], [ -122.20767, 37.71709 ], [ -122.20746, 37.71731 ], [ -122.20786, 37.71731 ], [ -122.20789, 37.71717 ], [ -122.20821, 37.71709 ], [ -122.20791, 37.71734 ], [ -122.20783, 37.71766 ], [ -122.20797, 37.71774 ], [ -122.20764, 37.7182 ], [ -122.2081, 37.71833 ], [ -122.2084, 37.71866 ], [ -122.20905, 37.71903 ], [ -122.20915, 37.71884 ], [ -122.20945, 37.71895 ], [ -122.21045, 37.71887 ], [ -122.21077, 37.71871 ], [ -122.21115, 37.71828 ], [ -122.21117, 37.71769 ], [ -122.21074, 37.71747 ], [ -122.2102, 37.71693 ], [ -122.21109, 37.71685 ], [ -122.21045, 37.7168 ], [ -122.21123, 37.71669 ], [ -122.21204, 37.71631 ], [ -122.21206, 37.71615 ], [ -122.21233, 37.71599 ], [ -122.21314, 37.71588 ], [ -122.21392, 37.71537 ], [ -122.21446, 37.71483 ], [ -122.21446, 37.71472 ], [ -122.21403, 37.71453 ], [ -122.21398, 37.71421 ], [ -122.21422, 37.71405 ], [ -122.21419, 37.71378 ], [ -122.21462, 37.71386 ], [ -122.21479, 37.71397 ], [ -122.21476, 37.71413 ], [ -122.21495, 37.71418 ], [ -122.21476, 37.71424 ], [ -122.21489, 37.71434 ], [ -122.21479, 37.71475 ], [ -122.21457, 37.71467 ], [ -122.21449, 37.71491 ], [ -122.21454, 37.7148 ], [ -122.21484, 37.71491 ], [ -122.21533, 37.71486 ], [ -122.21549, 37.71518 ], [ -122.21611, 37.71545 ], [ -122.21646, 37.71577 ], [ -122.21659, 37.71618 ], [ -122.2164, 37.71645 ], [ -122.21681, 37.71626 ], [ -122.21681, 37.7161 ], [ -122.21632, 37.7155 ], [ -122.21557, 37.71502 ], [ -122.21546, 37.71478 ], [ -122.21508, 37.71456 ], [ -122.21511, 37.7141 ], [ -122.21495, 37.71405 ], [ -122.21508, 37.71397 ], [ -122.21476, 37.71389 ], [ -122.21489, 37.71383 ], [ -122.21495, 37.71343 ], [ -122.21514, 37.71351 ], [ -122.21484, 37.71318 ], [ -122.21543, 37.71302 ], [ -122.21549, 37.7127 ], [ -122.21519, 37.71246 ], [ -122.21487, 37.7124 ], [ -122.21444, 37.71278 ], [ -122.21419, 37.71265 ], [ -122.21392, 37.71267 ], [ -122.21347, 37.71227 ], [ -122.21312, 37.71227 ], [ -122.21303, 37.71178 ], [ -122.21312, 37.71173 ], [ -122.21328, 37.71211 ], [ -122.21338, 37.71211 ], [ -122.21371, 37.71165 ], [ -122.21174, 37.71065 ], [ -122.21193, 37.71019 ], [ -122.21233, 37.71009 ], [ -122.21241, 37.70992 ], [ -122.21258, 37.71003 ], [ -122.21244, 37.7099 ], [ -122.2125, 37.70976 ], [ -122.21374, 37.7085 ], [ -122.21365, 37.70841 ], [ -122.21274, 37.70866 ], [ -122.21247, 37.70885 ], [ -122.21177, 37.70201 ], [ -122.21445, 37.69952 ], [ -122.21545, 37.69968 ], [ -122.22389, 37.70491 ], [ -122.22538, 37.70596 ], [ -122.22559, 37.70626 ], [ -122.22608, 37.70647 ], [ -122.23015, 37.70936 ], [ -122.23238, 37.71106 ], [ -122.23953, 37.71604 ], [ -122.23971, 37.71628 ], [ -122.24028, 37.71658 ], [ -122.24432, 37.7196 ], [ -122.24459, 37.71995 ], [ -122.24462, 37.72052 ], [ -122.2444, 37.72076 ], [ -122.24368, 37.72095 ], [ -122.24327, 37.72127 ], [ -122.24333, 37.72167 ], [ -122.24319, 37.72181 ], [ -122.24252, 37.72197 ], [ -122.24203, 37.72194 ], [ -122.23662, 37.71936 ], [ -122.2285, 37.72709 ], [ -122.22858, 37.72725 ], [ -122.22883, 37.7272 ], [ -122.22867, 37.72741 ], [ -122.22813, 37.72741 ], [ -122.22778, 37.72728 ], [ -122.22751, 37.72698 ], [ -122.22756, 37.72682 ], [ -122.22705, 37.72652 ], [ -122.22708, 37.72636 ], [ -122.22678, 37.72628 ], [ -122.22664, 37.72609 ], [ -122.22683, 37.72599 ], [ -122.22691, 37.72547 ], [ -122.22646, 37.72445 ], [ -122.22635, 37.72386 ], [ -122.22651, 37.72394 ], [ -122.22662, 37.72361 ], [ -122.22694, 37.72356 ], [ -122.22694, 37.72391 ], [ -122.22705, 37.72405 ], [ -122.22718, 37.72396 ], [ -122.22708, 37.72383 ], [ -122.22724, 37.72367 ], [ -122.22729, 37.72324 ], [ -122.22716, 37.72313 ], [ -122.22734, 37.7231 ], [ -122.22732, 37.72294 ], [ -122.22748, 37.72308 ], [ -122.22734, 37.72351 ], [ -122.22745, 37.72394 ], [ -122.22764, 37.72391 ], [ -122.22743, 37.72375 ], [ -122.22751, 37.72361 ], [ -122.22764, 37.72378 ], [ -122.22767, 37.72367 ], [ -122.22788, 37.72367 ], [ -122.22791, 37.72353 ], [ -122.22799, 37.72367 ], [ -122.22826, 37.72356 ], [ -122.22842, 37.72313 ], [ -122.22796, 37.72262 ], [ -122.22697, 37.72227 ], [ -122.22629, 37.72224 ], [ -122.22581, 37.72297 ], [ -122.22592, 37.72386 ], [ -122.2257, 37.72429 ], [ -122.22605, 37.72523 ], [ -122.22592, 37.72564 ], [ -122.22619, 37.72585 ], [ -122.22543, 37.72545 ], [ -122.22451, 37.72529 ], [ -122.22584, 37.72609 ], [ -122.22662, 37.72674 ], [ -122.22667, 37.72679 ], [ -122.22662, 37.72682 ], [ -122.22589, 37.7265 ], [ -122.22446, 37.72612 ], [ -122.22363, 37.72572 ], [ -122.22268, 37.72555 ], [ -122.21716, 37.72375 ], [ -122.21724, 37.72348 ], [ -122.21713, 37.72343 ], [ -122.21678, 37.72364 ], [ -122.21236, 37.72219 ], [ -122.21139, 37.72175 ], [ -122.20983, 37.7214 ], [ -122.20802, 37.72062 ], [ -122.20697, 37.72054 ], [ -122.207, 37.72073 ], [ -122.20797, 37.72097 ], [ -122.20743, 37.7214 ], [ -122.20743, 37.72154 ], [ -122.2081, 37.72184 ], [ -122.2084, 37.72165 ], [ -122.20888, 37.72162 ], [ -122.21047, 37.72173 ], [ -122.21047, 37.72192 ], [ -122.2125, 37.72237 ], [ -122.2129, 37.72264 ], [ -122.21328, 37.7227 ], [ -122.21344, 37.72289 ], [ -122.21686, 37.72388 ], [ -122.21686, 37.72405 ], [ -122.21705, 37.72396 ], [ -122.21737, 37.72405 ], [ -122.2184, 37.72448 ], [ -122.21867, 37.72434 ], [ -122.21931, 37.72458 ], [ -122.21937, 37.72477 ], [ -122.22077, 37.72531 ], [ -122.22166, 37.72558 ], [ -122.22179, 37.72553 ], [ -122.2222, 37.7258 ], [ -122.22233, 37.72564 ], [ -122.22497, 37.7265 ], [ -122.2233, 37.72612 ], [ -122.22398, 37.72639 ], [ -122.22487, 37.72666 ], [ -122.22519, 37.72658 ], [ -122.22584, 37.72685 ], [ -122.226, 37.72677 ], [ -122.22629, 37.72696 ], [ -122.22662, 37.72698 ], [ -122.22686, 37.72714 ], [ -122.22678, 37.7276 ], [ -122.22691, 37.72817 ], [ -122.22751, 37.72841 ], [ -122.22678, 37.729 ], [ -122.22705, 37.72941 ], [ -122.22753, 37.72971 ], [ -122.22818, 37.73006 ], [ -122.22837, 37.72997 ], [ -122.22834, 37.73024 ], [ -122.22902, 37.72911 ], [ -122.22907, 37.72865 ], [ -122.22926, 37.72903 ], [ -122.22942, 37.72892 ], [ -122.22964, 37.72914 ], [ -122.23015, 37.72925 ], [ -122.2298, 37.72865 ], [ -122.22982, 37.72836 ], [ -122.22993, 37.72836 ], [ -122.22993, 37.7286 ], [ -122.23052, 37.72935 ], [ -122.23101, 37.72987 ], [ -122.2312, 37.72987 ], [ -122.23117, 37.73003 ], [ -122.23136, 37.73022 ], [ -122.23158, 37.73011 ], [ -122.23195, 37.73024 ], [ -122.23185, 37.72997 ], [ -122.23225, 37.7293 ], [ -122.2322, 37.72917 ], [ -122.23236, 37.72922 ], [ -122.23233, 37.72909 ], [ -122.23298, 37.72873 ], [ -122.23311, 37.7289 ], [ -122.2329, 37.72919 ], [ -122.2337, 37.72965 ], [ -122.23349, 37.7296 ], [ -122.2336, 37.72968 ], [ -122.23354, 37.72971 ], [ -122.23265, 37.72938 ], [ -122.23268, 37.72952 ], [ -122.23257, 37.72946 ], [ -122.23228, 37.72968 ], [ -122.2322, 37.72992 ], [ -122.23236, 37.73014 ], [ -122.23241, 37.73003 ], [ -122.23257, 37.73008 ], [ -122.23282, 37.72995 ], [ -122.23303, 37.73006 ], [ -122.23298, 37.73024 ], [ -122.2326, 37.73035 ], [ -122.23298, 37.73092 ], [ -122.23354, 37.73065 ], [ -122.23384, 37.73027 ], [ -122.23384, 37.73041 ], [ -122.23397, 37.73035 ], [ -122.23341, 37.731 ], [ -122.23365, 37.73132 ], [ -122.23349, 37.73159 ], [ -122.23384, 37.73183 ], [ -122.23379, 37.73197 ], [ -122.23397, 37.73218 ], [ -122.23465, 37.73262 ], [ -122.23454, 37.73264 ], [ -122.23465, 37.73278 ], [ -122.23395, 37.73237 ], [ -122.23338, 37.73178 ], [ -122.23303, 37.73178 ], [ -122.23314, 37.73162 ], [ -122.23298, 37.73151 ], [ -122.23282, 37.73167 ], [ -122.23295, 37.73173 ], [ -122.23295, 37.73202 ], [ -122.23327, 37.73181 ], [ -122.23308, 37.73213 ], [ -122.23462, 37.73321 ], [ -122.23486, 37.73302 ], [ -122.23476, 37.73283 ], [ -122.23505, 37.73286 ], [ -122.2354, 37.73253 ], [ -122.2354, 37.73262 ], [ -122.23554, 37.73256 ], [ -122.23492, 37.73334 ], [ -122.23524, 37.7335 ], [ -122.2354, 37.73334 ], [ -122.23529, 37.73359 ], [ -122.2357, 37.73394 ], [ -122.23513, 37.73369 ], [ -122.23508, 37.73402 ], [ -122.23597, 37.73442 ], [ -122.23613, 37.73421 ], [ -122.23589, 37.73402 ], [ -122.2361, 37.7341 ], [ -122.23624, 37.73396 ], [ -122.23621, 37.73402 ], [ -122.23624, 37.73407 ], [ -122.23664, 37.73356 ], [ -122.23732, 37.73388 ], [ -122.23777, 37.73364 ] ], [ [ -122.22686, 37.74501 ], [ -122.22691, 37.74501 ], [ -122.22691, 37.74496 ], [ -122.22686, 37.74501 ] ], [ [ -122.217, 37.741 ], [ -122.217, 37.74097 ], [ -122.21697, 37.74097 ], [ -122.217, 37.741 ] ], [ [ -122.207, 37.71968 ], [ -122.207, 37.71965 ], [ -122.20697, 37.71965 ], [ -122.207, 37.71968 ] ], [ [ -122.20541, 37.71771 ], [ -122.20541, 37.71769 ], [ -122.20538, 37.71769 ], [ -122.20541, 37.71771 ] ], [ [ -122.2074, 37.71734 ], [ -122.20746, 37.71734 ], [ -122.20746, 37.71731 ], [ -122.2074, 37.71734 ] ], [ [ -122.23346, 37.72957 ], [ -122.23346, 37.7296 ], [ -122.23349, 37.7296 ], [ -122.23346, 37.72957 ] ], [ [ -122.23877, 37.73663 ], [ -122.23877, 37.7366 ], [ -122.23874, 37.73663 ], [ -122.23877, 37.73663 ] ], [ [ -122.23864, 37.73671 ], [ -122.23872, 37.73671 ], [ -122.23874, 37.73663 ], [ -122.23864, 37.73671 ] ], [ [ -122.22365, 37.74283 ], [ -122.22368, 37.74283 ], [ -122.22365, 37.7428 ], [ -122.22365, 37.74283 ] ], [ [ -122.21692, 37.7376 ], [ -122.21689, 37.7376 ], [ -122.21692, 37.73763 ], [ -122.21692, 37.7376 ] ], [ [ -122.21694, 37.73766 ], [ -122.21694, 37.73763 ], [ -122.21692, 37.73763 ], [ -122.21694, 37.73766 ] ], [ [ -122.21638, 37.73701 ], [ -122.2164, 37.73701 ], [ -122.21638, 37.73698 ], [ -122.21638, 37.73701 ] ], [ [ -122.21619, 37.73706 ], [ -122.21621, 37.73712 ], [ -122.21624, 37.73706 ], [ -122.21619, 37.73706 ] ], [ [ -122.20158, 37.72054 ], [ -122.20158, 37.72057 ], [ -122.20161, 37.72054 ], [ -122.20158, 37.72054 ] ], [ [ -122.2157, 37.71504 ], [ -122.2157, 37.71507 ], [ -122.21573, 37.71504 ], [ -122.2157, 37.71504 ] ], [ [ -122.21503, 37.71356 ], [ -122.21497, 37.71356 ], [ -122.21511, 37.71383 ], [ -122.21503, 37.71356 ] ], [ [ -122.23344, 37.73116 ], [ -122.23344, 37.73113 ], [ -122.23341, 37.73116 ], [ -122.23344, 37.73116 ] ], [ [ -122.23349, 37.73121 ], [ -122.23349, 37.73116 ], [ -122.23344, 37.73116 ], [ -122.23349, 37.73121 ] ], [ [ -122.2361, 37.73415 ], [ -122.2361, 37.73418 ], [ -122.23616, 37.73415 ], [ -122.2361, 37.73415 ] ], [ [ -122.23618, 37.73412 ], [ -122.23616, 37.73412 ], [ -122.23616, 37.73415 ], [ -122.23618, 37.73412 ] ], [ [ -122.23516, 37.73361 ], [ -122.23516, 37.73364 ], [ -122.23519, 37.73361 ], [ -122.23516, 37.73361 ] ], [ [ -122.22904, 37.73426 ], [ -122.22904, 37.73429 ], [ -122.22907, 37.73426 ], [ -122.22904, 37.73426 ] ], [ [ -122.21875, 37.72006 ], [ -122.21875, 37.72008 ], [ -122.21877, 37.72006 ], [ -122.21875, 37.72006 ] ], [ [ -122.21969, 37.7442 ], [ -122.21969, 37.74423 ], [ -122.21972, 37.7442 ], [ -122.21969, 37.7442 ] ], [ [ -122.21689, 37.71898 ], [ -122.21689, 37.71901 ], [ -122.21692, 37.71898 ], [ -122.21689, 37.71898 ] ], [ [ -122.23352, 37.73121 ], [ -122.23352, 37.73124 ], [ -122.23354, 37.73121 ], [ -122.23352, 37.73121 ] ], [ [ -122.22152, 37.74369 ], [ -122.22152, 37.74372 ], [ -122.22155, 37.74369 ], [ -122.22152, 37.74369 ] ], [ [ -122.23298, 37.73981 ], [ -122.23298, 37.73984 ], [ -122.233, 37.73981 ], [ -122.23298, 37.73981 ] ], [ [ -122.23785, 37.74186 ], [ -122.23785, 37.74189 ], [ -122.23788, 37.74186 ], [ -122.23785, 37.74186 ] ], [ [ -122.22198, 37.74331 ], [ -122.22198, 37.74334 ], [ -122.22201, 37.74331 ], [ -122.22198, 37.74331 ] ], [ [ -122.22204, 37.74369 ], [ -122.22204, 37.74372 ], [ -122.22206, 37.74369 ], [ -122.22204, 37.74369 ] ], [ [ -122.21859, 37.74116 ], [ -122.21859, 37.74119 ], [ -122.21861, 37.74116 ], [ -122.21859, 37.74116 ] ], [ [ -122.21188, 37.73181 ], [ -122.21188, 37.73183 ], [ -122.2119, 37.73181 ], [ -122.21188, 37.73181 ] ], [ [ -122.23093, 37.73639 ], [ -122.23093, 37.73642 ], [ -122.23096, 37.73639 ], [ -122.23093, 37.73639 ] ], [ [ -122.22716, 37.72399 ], [ -122.22716, 37.72402 ], [ -122.22718, 37.72399 ], [ -122.22716, 37.72399 ] ], [ [ -122.23087, 37.7362 ], [ -122.23087, 37.73623 ], [ -122.2309, 37.7362 ], [ -122.23087, 37.7362 ] ], [ [ -122.22705, 37.7241 ], [ -122.22705, 37.72413 ], [ -122.22708, 37.7241 ], [ -122.22705, 37.7241 ] ], [ [ -122.2374, 37.74426 ], [ -122.2374, 37.74428 ], [ -122.23742, 37.74426 ], [ -122.2374, 37.74426 ] ], [ [ -122.22376, 37.74531 ], [ -122.22376, 37.74534 ], [ -122.22379, 37.74531 ], [ -122.22376, 37.74531 ] ], [ [ -122.21198, 37.73186 ], [ -122.21198, 37.73189 ], [ -122.21201, 37.73186 ], [ -122.21198, 37.73186 ] ], [ [ -122.21206, 37.73415 ], [ -122.21206, 37.73418 ], [ -122.21209, 37.73415 ], [ -122.21206, 37.73415 ] ], [ [ -122.22532, 37.70887 ], [ -122.22532, 37.7089 ], [ -122.22535, 37.70887 ], [ -122.22532, 37.70887 ] ], [ [ -122.23715, 37.74086 ], [ -122.23715, 37.74089 ], [ -122.23718, 37.74086 ], [ -122.23715, 37.74086 ] ], [ [ -122.23543, 37.74321 ], [ -122.23543, 37.74323 ], [ -122.23546, 37.74321 ], [ -122.23543, 37.74321 ] ], [ [ -122.21228, 37.73208 ], [ -122.21228, 37.7321 ], [ -122.21231, 37.73208 ], [ -122.21228, 37.73208 ] ], [ [ -122.22691, 37.72407 ], [ -122.22691, 37.7241 ], [ -122.22694, 37.72407 ], [ -122.22691, 37.72407 ] ], [ [ -122.21241, 37.7206 ], [ -122.21241, 37.72062 ], [ -122.21244, 37.7206 ], [ -122.21241, 37.7206 ] ], [ [ -122.22713, 37.72634 ], [ -122.22713, 37.72636 ], [ -122.22716, 37.72634 ], [ -122.22713, 37.72634 ] ], [ [ -122.23753, 37.73849 ], [ -122.23753, 37.73852 ], [ -122.23756, 37.73849 ], [ -122.23753, 37.73849 ] ], [ [ -122.22357, 37.70769 ], [ -122.22357, 37.70771 ], [ -122.2236, 37.70769 ], [ -122.22357, 37.70769 ] ], [ [ -122.22309, 37.74442 ], [ -122.22309, 37.74445 ], [ -122.22311, 37.74442 ], [ -122.22309, 37.74442 ] ], [ [ -122.23007, 37.73229 ], [ -122.23007, 37.73232 ], [ -122.23009, 37.73229 ], [ -122.23007, 37.73229 ] ], [ [ -122.23241, 37.73898 ], [ -122.23241, 37.739 ], [ -122.23244, 37.73898 ], [ -122.23241, 37.73898 ] ], [ [ -122.22249, 37.71693 ], [ -122.22249, 37.71696 ], [ -122.22252, 37.71693 ], [ -122.22249, 37.71693 ] ], [ [ -122.22214, 37.71653 ], [ -122.22214, 37.71655 ], [ -122.22217, 37.71653 ], [ -122.22214, 37.71653 ] ], [ [ -122.21328, 37.72043 ], [ -122.21328, 37.72046 ], [ -122.2133, 37.72043 ], [ -122.21328, 37.72043 ] ], [ [ -122.22716, 37.72383 ], [ -122.22716, 37.72386 ], [ -122.22718, 37.72383 ], [ -122.22716, 37.72383 ] ], [ [ -122.22743, 37.72639 ], [ -122.22743, 37.72642 ], [ -122.22745, 37.72639 ], [ -122.22743, 37.72639 ] ], [ [ -122.22751, 37.73784 ], [ -122.22751, 37.73787 ], [ -122.22753, 37.73784 ], [ -122.22751, 37.73784 ] ], [ [ -122.2295, 37.73065 ], [ -122.2295, 37.73068 ], [ -122.22953, 37.73065 ], [ -122.2295, 37.73065 ] ], [ [ -122.22042, 37.74216 ], [ -122.22042, 37.74218 ], [ -122.22045, 37.74216 ], [ -122.22042, 37.74216 ] ], [ [ -122.23653, 37.74027 ], [ -122.23653, 37.7403 ], [ -122.23656, 37.74027 ], [ -122.23653, 37.74027 ] ], [ [ -122.21433, 37.7151 ], [ -122.21433, 37.71513 ], [ -122.21435, 37.7151 ], [ -122.21433, 37.7151 ] ], [ [ -122.22023, 37.74437 ], [ -122.22023, 37.74439 ], [ -122.22026, 37.74437 ], [ -122.22023, 37.74437 ] ], [ [ -122.21568, 37.73668 ], [ -122.21568, 37.73671 ], [ -122.2157, 37.73668 ], [ -122.21568, 37.73668 ] ], [ [ -122.21594, 37.71103 ], [ -122.21594, 37.71106 ], [ -122.21597, 37.71103 ], [ -122.21594, 37.71103 ] ], [ [ -122.23624, 37.73803 ], [ -122.23624, 37.73806 ], [ -122.23626, 37.73803 ], [ -122.23624, 37.73803 ] ], [ [ -122.2201, 37.72402 ], [ -122.2201, 37.72405 ], [ -122.22012, 37.72402 ], [ -122.2201, 37.72402 ] ], [ [ -122.21991, 37.7424 ], [ -122.21991, 37.74243 ], [ -122.21993, 37.7424 ], [ -122.21991, 37.7424 ] ], [ [ -122.22818, 37.73509 ], [ -122.22818, 37.73512 ], [ -122.22821, 37.73509 ], [ -122.22818, 37.73509 ] ], [ [ -122.21632, 37.73693 ], [ -122.21632, 37.73695 ], [ -122.21635, 37.73693 ], [ -122.21632, 37.73693 ] ], [ [ -122.22904, 37.73094 ], [ -122.22904, 37.73097 ], [ -122.22907, 37.73094 ], [ -122.22904, 37.73094 ] ], [ [ -122.23397, 37.73289 ], [ -122.23397, 37.73291 ], [ -122.234, 37.73289 ], [ -122.23397, 37.73289 ] ], [ [ -122.21064, 37.72003 ], [ -122.21064, 37.72006 ], [ -122.21066, 37.72003 ], [ -122.21064, 37.72003 ] ], [ [ -122.21705, 37.72302 ], [ -122.21705, 37.72305 ], [ -122.21708, 37.72302 ], [ -122.21705, 37.72302 ] ], [ [ -122.22899, 37.72949 ], [ -122.22899, 37.72952 ], [ -122.22902, 37.72949 ], [ -122.22899, 37.72949 ] ], [ [ -122.21945, 37.74393 ], [ -122.21945, 37.74396 ], [ -122.21948, 37.74393 ], [ -122.21945, 37.74393 ] ], [ [ -122.21718, 37.71882 ], [ -122.21718, 37.71884 ], [ -122.21721, 37.71882 ], [ -122.21718, 37.71882 ] ], [ [ -122.21915, 37.71108 ], [ -122.21915, 37.71111 ], [ -122.21918, 37.71108 ], [ -122.21915, 37.71108 ] ], [ [ -122.21883, 37.74321 ], [ -122.21883, 37.74323 ], [ -122.21886, 37.74321 ], [ -122.21883, 37.74321 ] ], [ [ -122.21055, 37.72006 ], [ -122.21055, 37.72008 ], [ -122.21058, 37.72006 ], [ -122.21055, 37.72006 ] ], [ [ -122.20727, 37.71736 ], [ -122.20727, 37.71739 ], [ -122.20729, 37.71736 ], [ -122.20727, 37.71736 ] ], [ [ -122.21859, 37.71561 ], [ -122.21859, 37.71564 ], [ -122.21861, 37.71561 ], [ -122.21859, 37.71561 ] ], [ [ -122.22263, 37.74407 ], [ -122.22263, 37.7441 ], [ -122.22266, 37.74407 ], [ -122.22263, 37.74407 ] ], [ [ -122.21815, 37.74119 ], [ -122.21815, 37.74121 ], [ -122.21818, 37.74119 ], [ -122.21815, 37.74119 ] ], [ [ -122.23966, 37.73539 ], [ -122.23966, 37.73542 ], [ -122.23969, 37.73539 ], [ -122.23966, 37.73539 ] ], [ [ -122.22468, 37.70844 ], [ -122.22468, 37.70847 ], [ -122.2247, 37.70844 ], [ -122.22468, 37.70844 ] ], [ [ -122.22279, 37.70715 ], [ -122.22279, 37.70718 ], [ -122.22282, 37.70715 ], [ -122.22279, 37.70715 ] ], [ [ -122.21678, 37.72413 ], [ -122.21678, 37.72415 ], [ -122.21681, 37.72413 ], [ -122.21678, 37.72413 ] ], [ [ -122.21274, 37.73243 ], [ -122.21274, 37.73245 ], [ -122.21276, 37.73243 ], [ -122.21274, 37.73243 ] ], [ [ -122.22443, 37.74243 ], [ -122.22443, 37.74245 ], [ -122.22446, 37.74243 ], [ -122.22443, 37.74243 ] ], [ [ -122.21225, 37.71615 ], [ -122.21225, 37.71618 ], [ -122.21228, 37.71615 ], [ -122.21225, 37.71615 ] ], [ [ -122.21215, 37.73431 ], [ -122.21215, 37.73434 ], [ -122.21217, 37.73431 ], [ -122.21215, 37.73431 ] ], [ [ -122.22683, 37.74183 ], [ -122.22683, 37.74186 ], [ -122.22686, 37.74183 ], [ -122.22683, 37.74183 ] ], [ [ -122.22883, 37.71122 ], [ -122.22883, 37.71124 ], [ -122.22885, 37.71122 ], [ -122.22883, 37.71122 ] ], [ [ -122.23276, 37.7386 ], [ -122.23276, 37.73863 ], [ -122.23279, 37.7386 ], [ -122.23276, 37.7386 ] ], [ [ -122.22689, 37.74393 ], [ -122.22689, 37.74396 ], [ -122.22691, 37.74393 ], [ -122.22689, 37.74393 ] ], [ [ -122.233, 37.73776 ], [ -122.233, 37.73779 ], [ -122.23303, 37.73776 ], [ -122.233, 37.73776 ] ], [ [ -122.22753, 37.72372 ], [ -122.22753, 37.72375 ], [ -122.22756, 37.72372 ], [ -122.22753, 37.72372 ] ], [ [ -122.21196, 37.73396 ], [ -122.21196, 37.73399 ], [ -122.21198, 37.73396 ], [ -122.21196, 37.73396 ] ], [ [ -122.21748, 37.71804 ], [ -122.21748, 37.71806 ], [ -122.21751, 37.71804 ], [ -122.21748, 37.71804 ] ], [ [ -122.22042, 37.74428 ], [ -122.22042, 37.74431 ], [ -122.22045, 37.74428 ], [ -122.22042, 37.74428 ] ], [ [ -122.23812, 37.74054 ], [ -122.23812, 37.74057 ], [ -122.23815, 37.74054 ], [ -122.23812, 37.74054 ] ], [ [ -122.21891, 37.74329 ], [ -122.21891, 37.74331 ], [ -122.21894, 37.74329 ], [ -122.21891, 37.74329 ] ], [ [ -122.21126, 37.72396 ], [ -122.21126, 37.72399 ], [ -122.21128, 37.72396 ], [ -122.21126, 37.72396 ] ], [ [ -122.21454, 37.71451 ], [ -122.21454, 37.71453 ], [ -122.21457, 37.71451 ], [ -122.21454, 37.71451 ] ], [ [ -122.22772, 37.7366 ], [ -122.22772, 37.73663 ], [ -122.22775, 37.7366 ], [ -122.22772, 37.7366 ] ], [ [ -122.21985, 37.74442 ], [ -122.21985, 37.74445 ], [ -122.21988, 37.74442 ], [ -122.21985, 37.74442 ] ], [ [ -122.21258, 37.70987 ], [ -122.21258, 37.70992 ], [ -122.2126, 37.70987 ], [ -122.21258, 37.70987 ] ], [ [ -122.23737, 37.73943 ], [ -122.23737, 37.73946 ], [ -122.23742, 37.73943 ], [ -122.23737, 37.73943 ] ], [ [ -122.2126, 37.71936 ], [ -122.2126, 37.71938 ], [ -122.21266, 37.71936 ], [ -122.2126, 37.71936 ] ], [ [ -122.22891, 37.73464 ], [ -122.22891, 37.73469 ], [ -122.22893, 37.73464 ], [ -122.22891, 37.73464 ] ], [ [ -122.22317, 37.72609 ], [ -122.22317, 37.72612 ], [ -122.22322, 37.72609 ], [ -122.22317, 37.72609 ] ], [ [ -122.21276, 37.7193 ], [ -122.21276, 37.71928 ], [ -122.21274, 37.7193 ], [ -122.21276, 37.7193 ] ], [ [ -122.21271, 37.71933 ], [ -122.21274, 37.71933 ], [ -122.21274, 37.7193 ], [ -122.21271, 37.71933 ] ], [ [ -122.20732, 37.71734 ], [ -122.20732, 37.71736 ], [ -122.20737, 37.71734 ], [ -122.20732, 37.71734 ] ], [ [ -122.22255, 37.74402 ], [ -122.22257, 37.74402 ], [ -122.22255, 37.74399 ], [ -122.22255, 37.74402 ] ], [ [ -122.22252, 37.74396 ], [ -122.22252, 37.74399 ], [ -122.22255, 37.74399 ], [ -122.22252, 37.74396 ] ], [ [ -122.23257, 37.73121 ], [ -122.23257, 37.73124 ], [ -122.23263, 37.73121 ], [ -122.23257, 37.73121 ] ], [ [ -122.22222, 37.74321 ], [ -122.22222, 37.74323 ], [ -122.22228, 37.74321 ], [ -122.22222, 37.74321 ] ], [ [ -122.2385, 37.73515 ], [ -122.2385, 37.7352 ], [ -122.23853, 37.73515 ], [ -122.2385, 37.73515 ] ], [ [ -122.23101, 37.7321 ], [ -122.23101, 37.73213 ], [ -122.23106, 37.7321 ], [ -122.23101, 37.7321 ] ], [ [ -122.23564, 37.73833 ], [ -122.23564, 37.73836 ], [ -122.2357, 37.73833 ], [ -122.23564, 37.73833 ] ], [ [ -122.23659, 37.74181 ], [ -122.23659, 37.74183 ], [ -122.23664, 37.74181 ], [ -122.23659, 37.74181 ] ], [ [ -122.23567, 37.73722 ], [ -122.23567, 37.73725 ], [ -122.23573, 37.73722 ], [ -122.23567, 37.73722 ] ], [ [ -122.21134, 37.72399 ], [ -122.21134, 37.72402 ], [ -122.21139, 37.72399 ], [ -122.21134, 37.72399 ] ], [ [ -122.21729, 37.71771 ], [ -122.21729, 37.71774 ], [ -122.21735, 37.71771 ], [ -122.21729, 37.71771 ] ], [ [ -122.22783, 37.72652 ], [ -122.22783, 37.72655 ], [ -122.22788, 37.72652 ], [ -122.22783, 37.72652 ] ], [ [ -122.21945, 37.72065 ], [ -122.21945, 37.7207 ], [ -122.21948, 37.72065 ], [ -122.21945, 37.72065 ] ], [ [ -122.22309, 37.72607 ], [ -122.22309, 37.72609 ], [ -122.22314, 37.72607 ], [ -122.22309, 37.72607 ] ], [ [ -122.21974, 37.74431 ], [ -122.21977, 37.74431 ], [ -122.21974, 37.74428 ], [ -122.21974, 37.74431 ] ], [ [ -122.21972, 37.74426 ], [ -122.21972, 37.74428 ], [ -122.21974, 37.74428 ], [ -122.21972, 37.74426 ] ], [ [ -122.22279, 37.74428 ], [ -122.22282, 37.74428 ], [ -122.22279, 37.74426 ], [ -122.22279, 37.74428 ] ], [ [ -122.22276, 37.74423 ], [ -122.22276, 37.74426 ], [ -122.22279, 37.74426 ], [ -122.22276, 37.74423 ] ], [ [ -122.21616, 37.73704 ], [ -122.21619, 37.73704 ], [ -122.21616, 37.73701 ], [ -122.21616, 37.73704 ] ], [ [ -122.21613, 37.73698 ], [ -122.21613, 37.73701 ], [ -122.21616, 37.73701 ], [ -122.21613, 37.73698 ] ], [ [ -122.22292, 37.74445 ], [ -122.22295, 37.74445 ], [ -122.22292, 37.74442 ], [ -122.22292, 37.74445 ] ], [ [ -122.2229, 37.74439 ], [ -122.2229, 37.74442 ], [ -122.22292, 37.74442 ], [ -122.2229, 37.74439 ] ], [ [ -122.22187, 37.74321 ], [ -122.2219, 37.74321 ], [ -122.22187, 37.74318 ], [ -122.22187, 37.74321 ] ], [ [ -122.22185, 37.74315 ], [ -122.22185, 37.74318 ], [ -122.22187, 37.74318 ], [ -122.22185, 37.74315 ] ], [ [ -122.23664, 37.73989 ], [ -122.23667, 37.73989 ], [ -122.23664, 37.73986 ], [ -122.23664, 37.73989 ] ], [ [ -122.23662, 37.73984 ], [ -122.23662, 37.73986 ], [ -122.23664, 37.73986 ], [ -122.23662, 37.73984 ] ], [ [ -122.23427, 37.74207 ], [ -122.23427, 37.74205 ], [ -122.23424, 37.74207 ], [ -122.23427, 37.74207 ] ], [ [ -122.23422, 37.7421 ], [ -122.23424, 37.7421 ], [ -122.23424, 37.74207 ], [ -122.23422, 37.7421 ] ], [ [ -122.22214, 37.74385 ], [ -122.22217, 37.74385 ], [ -122.22214, 37.74383 ], [ -122.22214, 37.74385 ] ], [ [ -122.22212, 37.7438 ], [ -122.22212, 37.74383 ], [ -122.22214, 37.74383 ], [ -122.22212, 37.7438 ] ], [ [ -122.22856, 37.72453 ], [ -122.22858, 37.72453 ], [ -122.22856, 37.7245 ], [ -122.22856, 37.72453 ] ], [ [ -122.22853, 37.72448 ], [ -122.22853, 37.7245 ], [ -122.22856, 37.7245 ], [ -122.22853, 37.72448 ] ], [ [ -122.21877, 37.74315 ], [ -122.2188, 37.74315 ], [ -122.21877, 37.74313 ], [ -122.21877, 37.74315 ] ], [ [ -122.21875, 37.7431 ], [ -122.21875, 37.74313 ], [ -122.21877, 37.74313 ], [ -122.21875, 37.7431 ] ], [ [ -122.23387, 37.73218 ], [ -122.23389, 37.73218 ], [ -122.23387, 37.73216 ], [ -122.23387, 37.73218 ] ], [ [ -122.23384, 37.73213 ], [ -122.23384, 37.73216 ], [ -122.23387, 37.73216 ], [ -122.23384, 37.73213 ] ], [ [ -122.22271, 37.7442 ], [ -122.22274, 37.7442 ], [ -122.22271, 37.74418 ], [ -122.22271, 37.7442 ] ], [ [ -122.22268, 37.74415 ], [ -122.22268, 37.74418 ], [ -122.22271, 37.74418 ], [ -122.22268, 37.74415 ] ], [ [ -122.21934, 37.74383 ], [ -122.21937, 37.74383 ], [ -122.21934, 37.7438 ], [ -122.21934, 37.74383 ] ], [ [ -122.21931, 37.74377 ], [ -122.21931, 37.7438 ], [ -122.21934, 37.7438 ], [ -122.21931, 37.74377 ] ], [ [ -122.22298, 37.74453 ], [ -122.22301, 37.74453 ], [ -122.22298, 37.7445 ], [ -122.22298, 37.74453 ] ], [ [ -122.22295, 37.74447 ], [ -122.22295, 37.7445 ], [ -122.22298, 37.7445 ], [ -122.22295, 37.74447 ] ], [ [ -122.21274, 37.73267 ], [ -122.21274, 37.7327 ], [ -122.21279, 37.73267 ], [ -122.21274, 37.73267 ] ], [ [ -122.22279, 37.71426 ], [ -122.22279, 37.71432 ], [ -122.22282, 37.71426 ], [ -122.22279, 37.71426 ] ], [ [ -122.21643, 37.71073 ], [ -122.21643, 37.71079 ], [ -122.21646, 37.71073 ], [ -122.21643, 37.71073 ] ], [ [ -122.21818, 37.7411 ], [ -122.21818, 37.74116 ], [ -122.21821, 37.7411 ], [ -122.21818, 37.7411 ] ], [ [ -122.23807, 37.74089 ], [ -122.23807, 37.74094 ], [ -122.2381, 37.74089 ], [ -122.23807, 37.74089 ] ], [ [ -122.22462, 37.70839 ], [ -122.22462, 37.70841 ], [ -122.22468, 37.70839 ], [ -122.22462, 37.70839 ] ], [ [ -122.22449, 37.70833 ], [ -122.22449, 37.70836 ], [ -122.22454, 37.70833 ], [ -122.22449, 37.70833 ] ], [ [ -122.22279, 37.74383 ], [ -122.22279, 37.74385 ], [ -122.22284, 37.74383 ], [ -122.22279, 37.74383 ] ], [ [ -122.21751, 37.7404 ], [ -122.21751, 37.74043 ], [ -122.21756, 37.7404 ], [ -122.21751, 37.7404 ] ], [ [ -122.23753, 37.73854 ], [ -122.23753, 37.7386 ], [ -122.23756, 37.73854 ], [ -122.23753, 37.73854 ] ], [ [ -122.23112, 37.73329 ], [ -122.23112, 37.73334 ], [ -122.23114, 37.73329 ], [ -122.23112, 37.73329 ] ], [ [ -122.23683, 37.73442 ], [ -122.23683, 37.73445 ], [ -122.23688, 37.73442 ], [ -122.23683, 37.73442 ] ], [ [ -122.23125, 37.73892 ], [ -122.23125, 37.73898 ], [ -122.23128, 37.73892 ], [ -122.23125, 37.73892 ] ], [ [ -122.21236, 37.7161 ], [ -122.21233, 37.71615 ], [ -122.21239, 37.7161 ], [ -122.21236, 37.7161 ] ], [ [ -122.22284, 37.74437 ], [ -122.2229, 37.74437 ], [ -122.22284, 37.74434 ], [ -122.22284, 37.74437 ] ], [ [ -122.22282, 37.74431 ], [ -122.22282, 37.74434 ], [ -122.22284, 37.74434 ], [ -122.22282, 37.74431 ] ], [ [ -122.22761, 37.73612 ], [ -122.22761, 37.73617 ], [ -122.22767, 37.73612 ], [ -122.22761, 37.73612 ] ], [ [ -122.23556, 37.73728 ], [ -122.23559, 37.73725 ], [ -122.23556, 37.73722 ], [ -122.23556, 37.73728 ] ], [ [ -122.22691, 37.72405 ], [ -122.22694, 37.72402 ], [ -122.22691, 37.72399 ], [ -122.22691, 37.72405 ] ], [ [ -122.21115, 37.72394 ], [ -122.21115, 37.72396 ], [ -122.21123, 37.72394 ], [ -122.21115, 37.72394 ] ], [ [ -122.2302, 37.73248 ], [ -122.23017, 37.73243 ], [ -122.23015, 37.73243 ], [ -122.23015, 37.73248 ], [ -122.2302, 37.73248 ] ], [ [ -122.23438, 37.74299 ], [ -122.23435, 37.74304 ], [ -122.23441, 37.74299 ], [ -122.23438, 37.74299 ] ], [ [ -122.23556, 37.73825 ], [ -122.23554, 37.73819 ], [ -122.23551, 37.73819 ], [ -122.23551, 37.73825 ], [ -122.23556, 37.73825 ] ], [ [ -122.21605, 37.71092 ], [ -122.21611, 37.71092 ], [ -122.21605, 37.71089 ], [ -122.21605, 37.71092 ] ], [ [ -122.21603, 37.71087 ], [ -122.21603, 37.71089 ], [ -122.21605, 37.71089 ], [ -122.21603, 37.71087 ] ], [ [ -122.23441, 37.73984 ], [ -122.23443, 37.73984 ], [ -122.23441, 37.73978 ], [ -122.23441, 37.73984 ] ], [ [ -122.23438, 37.73976 ], [ -122.23438, 37.73978 ], [ -122.23441, 37.73978 ], [ -122.23438, 37.73976 ] ], [ [ -122.22371, 37.74485 ], [ -122.22373, 37.74485 ], [ -122.22371, 37.7448 ], [ -122.22371, 37.74485 ] ], [ [ -122.21945, 37.72087 ], [ -122.21945, 37.72081 ], [ -122.21942, 37.72087 ], [ -122.21945, 37.72087 ] ], [ [ -122.21939, 37.72089 ], [ -122.21942, 37.72089 ], [ -122.21942, 37.72087 ], [ -122.21939, 37.72089 ] ], [ [ -122.23508, 37.74216 ], [ -122.23505, 37.74221 ], [ -122.23511, 37.74216 ], [ -122.23508, 37.74216 ] ], [ [ -122.23236, 37.73138 ], [ -122.23236, 37.73143 ], [ -122.23238, 37.73138 ], [ -122.23236, 37.73138 ] ], [ [ -122.2226, 37.71685 ], [ -122.2226, 37.7169 ], [ -122.22263, 37.71685 ], [ -122.2226, 37.71685 ] ], [ [ -122.22317, 37.70742 ], [ -122.22319, 37.70747 ], [ -122.22322, 37.70742 ], [ -122.22317, 37.70742 ] ], [ [ -122.23039, 37.74315 ], [ -122.23039, 37.74313 ], [ -122.23034, 37.7431 ], [ -122.23039, 37.74315 ] ], [ [ -122.22953, 37.7383 ], [ -122.22953, 37.73833 ], [ -122.22958, 37.7383 ], [ -122.22953, 37.7383 ] ], [ [ -122.23098, 37.73644 ], [ -122.23101, 37.7365 ], [ -122.23104, 37.73644 ], [ -122.23098, 37.73644 ] ], [ [ -122.2219, 37.74323 ], [ -122.2219, 37.74326 ], [ -122.22195, 37.74323 ], [ -122.2219, 37.74323 ] ], [ [ -122.21713, 37.71922 ], [ -122.21718, 37.71922 ], [ -122.21713, 37.71917 ], [ -122.21713, 37.71922 ] ], [ [ -122.23529, 37.73768 ], [ -122.23527, 37.73774 ], [ -122.23532, 37.73768 ], [ -122.23529, 37.73768 ] ], [ [ -122.23589, 37.7445 ], [ -122.23589, 37.74458 ], [ -122.23591, 37.7445 ], [ -122.23589, 37.7445 ] ], [ [ -122.23473, 37.74388 ], [ -122.23473, 37.74391 ], [ -122.23481, 37.74388 ], [ -122.23473, 37.74388 ] ], [ [ -122.23246, 37.74601 ], [ -122.23246, 37.74604 ], [ -122.23255, 37.74601 ], [ -122.23246, 37.74601 ] ], [ [ -122.21991, 37.7445 ], [ -122.21996, 37.7445 ], [ -122.21991, 37.74445 ], [ -122.21991, 37.7445 ] ], [ [ -122.23678, 37.73817 ], [ -122.23678, 37.73814 ], [ -122.23675, 37.73817 ], [ -122.23678, 37.73817 ] ], [ [ -122.23667, 37.73819 ], [ -122.23675, 37.73819 ], [ -122.23675, 37.73817 ], [ -122.23667, 37.73819 ] ], [ [ -122.22637, 37.72709 ], [ -122.22632, 37.72709 ], [ -122.22635, 37.72714 ], [ -122.22637, 37.72709 ] ], [ [ -122.23556, 37.7449 ], [ -122.23559, 37.74488 ], [ -122.23556, 37.74485 ], [ -122.23556, 37.7449 ] ], [ [ -122.23298, 37.73213 ], [ -122.23295, 37.73205 ], [ -122.23292, 37.73205 ], [ -122.23292, 37.73213 ], [ -122.23298, 37.73213 ] ], [ [ -122.21355, 37.71575 ], [ -122.21352, 37.71577 ], [ -122.21355, 37.7158 ], [ -122.21355, 37.71575 ] ], [ [ -122.21349, 37.71583 ], [ -122.21349, 37.7158 ], [ -122.21347, 37.71583 ], [ -122.21349, 37.71583 ] ], [ [ -122.23185, 37.73922 ], [ -122.23185, 37.73927 ], [ -122.2319, 37.73922 ], [ -122.23185, 37.73922 ] ], [ [ -122.23314, 37.73771 ], [ -122.23314, 37.73768 ], [ -122.23311, 37.73771 ], [ -122.23314, 37.73771 ] ], [ [ -122.23306, 37.73776 ], [ -122.23311, 37.73776 ], [ -122.23308, 37.73774 ], [ -122.23306, 37.73776 ] ], [ [ -122.216, 37.71095 ], [ -122.21592, 37.71089 ], [ -122.21594, 37.71095 ], [ -122.216, 37.71095 ] ], [ [ -122.22241, 37.71685 ], [ -122.22241, 37.7169 ], [ -122.22247, 37.71685 ], [ -122.22241, 37.71685 ] ], [ [ -122.233, 37.73841 ], [ -122.233, 37.73846 ], [ -122.23306, 37.73841 ], [ -122.233, 37.73841 ] ], [ [ -122.23465, 37.74151 ], [ -122.23465, 37.74156 ], [ -122.2347, 37.74151 ], [ -122.23465, 37.74151 ] ], [ [ -122.2222, 37.74323 ], [ -122.22214, 37.74323 ], [ -122.22217, 37.74329 ], [ -122.2222, 37.74323 ] ], [ [ -122.23551, 37.73744 ], [ -122.23551, 37.73749 ], [ -122.23556, 37.73752 ], [ -122.23551, 37.73744 ] ], [ [ -122.21427, 37.71521 ], [ -122.2143, 37.71513 ], [ -122.21425, 37.71521 ], [ -122.21427, 37.71521 ] ], [ [ -122.22756, 37.73704 ], [ -122.22759, 37.73695 ], [ -122.22753, 37.73704 ], [ -122.22756, 37.73704 ] ], [ [ -122.2323, 37.74593 ], [ -122.2323, 37.74598 ], [ -122.23236, 37.74593 ], [ -122.2323, 37.74593 ] ], [ [ -122.22753, 37.74129 ], [ -122.22753, 37.74124 ], [ -122.22751, 37.74129 ], [ -122.22753, 37.74129 ] ], [ [ -122.22748, 37.74135 ], [ -122.22751, 37.74135 ], [ -122.22751, 37.74129 ], [ -122.22748, 37.74135 ] ], [ [ -122.23031, 37.73259 ], [ -122.23031, 37.73264 ], [ -122.23036, 37.73259 ], [ -122.23031, 37.73259 ] ], [ [ -122.22745, 37.73712 ], [ -122.22745, 37.73717 ], [ -122.22753, 37.73712 ], [ -122.22745, 37.73712 ] ], [ [ -122.23551, 37.73739 ], [ -122.23554, 37.7373 ], [ -122.23548, 37.73739 ], [ -122.23551, 37.73739 ] ], [ [ -122.23675, 37.74407 ], [ -122.2367, 37.74407 ], [ -122.23672, 37.74412 ], [ -122.23675, 37.74407 ] ], [ [ -122.21999, 37.72035 ], [ -122.21999, 37.72033 ], [ -122.21996, 37.72035 ], [ -122.21999, 37.72035 ] ], [ [ -122.21991, 37.72041 ], [ -122.21996, 37.72041 ], [ -122.21991, 37.72038 ], [ -122.21991, 37.72041 ] ], [ [ -122.23284, 37.73138 ], [ -122.23287, 37.73132 ], [ -122.23279, 37.73135 ], [ -122.23284, 37.73138 ] ], [ [ -122.23228, 37.73501 ], [ -122.23225, 37.73512 ], [ -122.2323, 37.73501 ], [ -122.23228, 37.73501 ] ], [ [ -122.2343, 37.74178 ], [ -122.23438, 37.74175 ], [ -122.23435, 37.74172 ], [ -122.2343, 37.74178 ] ], [ [ -122.23734, 37.73817 ], [ -122.23734, 37.73822 ], [ -122.2374, 37.73817 ], [ -122.23734, 37.73817 ] ], [ [ -122.21328, 37.71213 ], [ -122.21328, 37.71219 ], [ -122.21333, 37.71213 ], [ -122.21328, 37.71213 ] ], [ [ -122.23217, 37.74585 ], [ -122.2322, 37.7459 ], [ -122.23225, 37.74585 ], [ -122.23217, 37.74585 ] ], [ [ -122.23273, 37.74393 ], [ -122.23273, 37.74402 ], [ -122.23279, 37.74393 ], [ -122.23273, 37.74393 ] ], [ [ -122.23476, 37.74213 ], [ -122.23476, 37.74205 ], [ -122.23473, 37.74213 ], [ -122.23476, 37.74213 ] ], [ [ -122.2347, 37.74218 ], [ -122.23473, 37.74218 ], [ -122.23473, 37.74213 ], [ -122.2347, 37.74218 ] ], [ [ -122.22028, 37.72022 ], [ -122.22036, 37.72016 ], [ -122.22028, 37.72016 ], [ -122.22028, 37.72022 ] ], [ [ -122.2357, 37.74307 ], [ -122.23564, 37.74307 ], [ -122.23567, 37.74313 ], [ -122.2357, 37.74307 ] ], [ [ -122.20565, 37.71817 ], [ -122.20568, 37.71817 ], [ -122.20565, 37.71814 ], [ -122.20565, 37.71817 ] ], [ [ -122.20562, 37.71809 ], [ -122.20562, 37.71814 ], [ -122.20565, 37.71814 ], [ -122.20562, 37.71809 ] ], [ [ -122.2056, 37.71804 ], [ -122.2056, 37.71809 ], [ -122.20562, 37.71809 ], [ -122.2056, 37.71804 ] ], [ [ -122.21126, 37.7168 ], [ -122.21126, 37.71677 ], [ -122.2112, 37.7168 ], [ -122.21126, 37.7168 ] ], [ [ -122.21112, 37.71682 ], [ -122.2112, 37.71682 ], [ -122.2112, 37.7168 ], [ -122.21112, 37.71682 ] ], [ [ -122.22074, 37.72448 ], [ -122.22077, 37.72453 ], [ -122.22082, 37.72448 ], [ -122.22074, 37.72448 ] ], [ [ -122.2291, 37.72938 ], [ -122.2291, 37.72933 ], [ -122.22907, 37.72938 ], [ -122.2291, 37.72938 ] ], [ [ -122.22904, 37.72944 ], [ -122.22907, 37.72944 ], [ -122.22907, 37.72938 ], [ -122.22904, 37.72944 ] ], [ [ -122.22902, 37.72946 ], [ -122.22904, 37.72946 ], [ -122.22904, 37.72944 ], [ -122.22902, 37.72946 ] ], [ [ -122.21285, 37.73256 ], [ -122.21287, 37.73256 ], [ -122.21285, 37.73253 ], [ -122.21285, 37.73256 ] ], [ [ -122.21279, 37.73245 ], [ -122.21282, 37.73253 ], [ -122.21285, 37.73253 ], [ -122.21279, 37.73245 ] ], [ [ -122.21853, 37.74116 ], [ -122.21848, 37.74116 ], [ -122.21851, 37.74121 ], [ -122.21853, 37.74116 ] ], [ [ -122.22578, 37.70922 ], [ -122.22586, 37.70922 ], [ -122.22578, 37.70917 ], [ -122.22578, 37.70922 ] ], [ [ -122.23678, 37.73973 ], [ -122.23678, 37.73976 ], [ -122.23694, 37.73973 ], [ -122.23678, 37.73973 ] ], [ [ -122.23222, 37.73078 ], [ -122.23236, 37.73078 ], [ -122.23222, 37.73073 ], [ -122.23222, 37.73078 ] ], [ [ -122.23284, 37.73148 ], [ -122.23284, 37.73143 ], [ -122.23276, 37.73146 ], [ -122.23284, 37.73148 ] ], [ [ -122.23077, 37.74269 ], [ -122.23079, 37.74278 ], [ -122.23085, 37.74278 ], [ -122.23085, 37.74272 ], [ -122.23077, 37.74269 ] ], [ [ -122.23276, 37.74561 ], [ -122.23276, 37.74569 ], [ -122.23282, 37.74561 ], [ -122.23276, 37.74561 ] ], [ [ -122.23082, 37.73887 ], [ -122.23079, 37.73881 ], [ -122.23074, 37.73887 ], [ -122.23082, 37.73887 ] ], [ [ -122.23303, 37.74423 ], [ -122.23295, 37.74423 ], [ -122.233, 37.74428 ], [ -122.23303, 37.74423 ] ], [ [ -122.23031, 37.73256 ], [ -122.23028, 37.73248 ], [ -122.23023, 37.73256 ], [ -122.23031, 37.73256 ] ], [ [ -122.21613, 37.7086 ], [ -122.21619, 37.70855 ], [ -122.21619, 37.7085 ], [ -122.21613, 37.7086 ] ], [ [ -122.22961, 37.732 ], [ -122.22961, 37.7321 ], [ -122.22966, 37.73202 ], [ -122.22961, 37.732 ] ], [ [ -122.22309, 37.74453 ], [ -122.22309, 37.74461 ], [ -122.22317, 37.74455 ], [ -122.22309, 37.74453 ] ], [ [ -122.22411, 37.70801 ], [ -122.22406, 37.70801 ], [ -122.22414, 37.70809 ], [ -122.22411, 37.70801 ] ], [ [ -122.22096, 37.71944 ], [ -122.22096, 37.71941 ], [ -122.22093, 37.71944 ], [ -122.22096, 37.71944 ] ], [ [ -122.2209, 37.71946 ], [ -122.22093, 37.71946 ], [ -122.22093, 37.71944 ], [ -122.2209, 37.71946 ] ], [ [ -122.22088, 37.71949 ], [ -122.2209, 37.71949 ], [ -122.2209, 37.71946 ], [ -122.22088, 37.71949 ] ], [ [ -122.22085, 37.71952 ], [ -122.22088, 37.71952 ], [ -122.22088, 37.71949 ], [ -122.22085, 37.71952 ] ], [ [ -122.22082, 37.71955 ], [ -122.22085, 37.71955 ], [ -122.22085, 37.71952 ], [ -122.22082, 37.71955 ] ], [ [ -122.2208, 37.71957 ], [ -122.22082, 37.71957 ], [ -122.22082, 37.71955 ], [ -122.2208, 37.71957 ] ], [ [ -122.22077, 37.7196 ], [ -122.2208, 37.7196 ], [ -122.2208, 37.71957 ], [ -122.22077, 37.7196 ] ], [ [ -122.22875, 37.73286 ], [ -122.22875, 37.7328 ], [ -122.22867, 37.73289 ], [ -122.22875, 37.73286 ] ], [ [ -122.2291, 37.73407 ], [ -122.22918, 37.73404 ], [ -122.2291, 37.73402 ], [ -122.2291, 37.73407 ] ], [ [ -122.22511, 37.70868 ], [ -122.22505, 37.70868 ], [ -122.22513, 37.70877 ], [ -122.22511, 37.70868 ] ], [ [ -122.23659, 37.74418 ], [ -122.23653, 37.74418 ], [ -122.23656, 37.74426 ], [ -122.23659, 37.74418 ] ], [ [ -122.22365, 37.70774 ], [ -122.22365, 37.7078 ], [ -122.22373, 37.70782 ], [ -122.22365, 37.70774 ] ], [ [ -122.22788, 37.73933 ], [ -122.22783, 37.73925 ], [ -122.2278, 37.73933 ], [ -122.22788, 37.73933 ] ], [ [ -122.23341, 37.7314 ], [ -122.23349, 37.7314 ], [ -122.23341, 37.73132 ], [ -122.23341, 37.7314 ] ], [ [ -122.23071, 37.73693 ], [ -122.23071, 37.73685 ], [ -122.23063, 37.73693 ], [ -122.23071, 37.73693 ] ], [ [ -122.22198, 37.71841 ], [ -122.22204, 37.71841 ], [ -122.22204, 37.71831 ], [ -122.22198, 37.71841 ] ], [ [ -122.22778, 37.72375 ], [ -122.22786, 37.72375 ], [ -122.22778, 37.7237 ], [ -122.22778, 37.72375 ] ], [ [ -122.23265, 37.73116 ], [ -122.23265, 37.73121 ], [ -122.23273, 37.73116 ], [ -122.23265, 37.73116 ] ], [ [ -122.23193, 37.73908 ], [ -122.2319, 37.73903 ], [ -122.23179, 37.739 ], [ -122.23193, 37.73908 ] ], [ [ -122.2184, 37.7411 ], [ -122.21829, 37.74116 ], [ -122.21834, 37.74116 ], [ -122.2184, 37.7411 ] ], [ [ -122.2223, 37.71672 ], [ -122.22236, 37.71672 ], [ -122.2223, 37.71666 ], [ -122.2223, 37.71672 ] ], [ [ -122.22225, 37.71669 ], [ -122.22228, 37.71669 ], [ -122.22225, 37.71663 ], [ -122.22225, 37.71669 ] ], [ [ -122.21953, 37.74051 ], [ -122.21953, 37.74046 ], [ -122.21945, 37.74054 ], [ -122.21953, 37.74051 ] ], [ [ -122.23443, 37.74181 ], [ -122.23449, 37.74181 ], [ -122.23449, 37.7417 ], [ -122.23443, 37.74181 ] ], [ [ -122.2354, 37.73741 ], [ -122.23529, 37.73757 ], [ -122.2354, 37.73747 ], [ -122.2354, 37.73741 ] ], [ [ -122.22918, 37.73173 ], [ -122.22918, 37.73162 ], [ -122.22912, 37.7317 ], [ -122.22918, 37.73173 ] ], [ [ -122.22346, 37.70761 ], [ -122.22341, 37.70755 ], [ -122.2233, 37.70758 ], [ -122.22346, 37.70761 ] ], [ [ -122.21449, 37.71456 ], [ -122.21449, 37.71464 ], [ -122.21446, 37.71469 ], [ -122.21454, 37.71464 ], [ -122.21449, 37.71456 ] ], [ [ -122.23424, 37.74229 ], [ -122.23424, 37.74237 ], [ -122.23435, 37.74232 ], [ -122.23424, 37.74229 ] ], [ [ -122.23753, 37.73838 ], [ -122.23753, 37.7383 ], [ -122.23748, 37.73838 ], [ -122.23753, 37.73838 ] ], [ [ -122.23602, 37.74326 ], [ -122.23597, 37.74326 ], [ -122.23605, 37.74337 ], [ -122.23602, 37.74326 ] ], [ [ -122.23333, 37.73121 ], [ -122.23333, 37.7313 ], [ -122.23341, 37.73121 ], [ -122.23333, 37.73121 ] ], [ [ -122.23589, 37.73852 ], [ -122.23583, 37.73844 ], [ -122.23578, 37.73852 ], [ -122.23589, 37.73852 ] ], [ [ -122.23672, 37.73898 ], [ -122.23672, 37.73906 ], [ -122.2368, 37.739 ], [ -122.23672, 37.73898 ] ], [ [ -122.23325, 37.74353 ], [ -122.23327, 37.7434 ], [ -122.23319, 37.74348 ], [ -122.23325, 37.74353 ] ], [ [ -122.23001, 37.73173 ], [ -122.2299, 37.73173 ], [ -122.22999, 37.73181 ], [ -122.23001, 37.73173 ] ], [ [ -122.23602, 37.7376 ], [ -122.23602, 37.73771 ], [ -122.2361, 37.7376 ], [ -122.23602, 37.7376 ] ], [ [ -122.23026, 37.73496 ], [ -122.23017, 37.73496 ], [ -122.23026, 37.73504 ], [ -122.23026, 37.73496 ] ], [ [ -122.2316, 37.73663 ], [ -122.2316, 37.73644 ], [ -122.23155, 37.73658 ], [ -122.2316, 37.73663 ] ], [ [ -122.22872, 37.72469 ], [ -122.22872, 37.72464 ], [ -122.22861, 37.72456 ], [ -122.22872, 37.72469 ] ], [ [ -122.22435, 37.7082 ], [ -122.22433, 37.70815 ], [ -122.22419, 37.70817 ], [ -122.22435, 37.7082 ] ], [ [ -122.23133, 37.73895 ], [ -122.23141, 37.73906 ], [ -122.23144, 37.73895 ], [ -122.23133, 37.73895 ] ], [ [ -122.21371, 37.7186 ], [ -122.21382, 37.71863 ], [ -122.21384, 37.71857 ], [ -122.21379, 37.71855 ], [ -122.21371, 37.7186 ] ], [ [ -122.21371, 37.71866 ], [ -122.21371, 37.71863 ], [ -122.21368, 37.71866 ], [ -122.21371, 37.71866 ] ], [ [ -122.23098, 37.74294 ], [ -122.23098, 37.74283 ], [ -122.23093, 37.74294 ], [ -122.23098, 37.74294 ] ], [ [ -122.23368, 37.73628 ], [ -122.2337, 37.73636 ], [ -122.23381, 37.73631 ], [ -122.23381, 37.73628 ], [ -122.23368, 37.73628 ] ], [ [ -122.21225, 37.70243 ], [ -122.21225, 37.70238 ], [ -122.21212, 37.70241 ], [ -122.21225, 37.70243 ] ], [ [ -122.23257, 37.73146 ], [ -122.23257, 37.73138 ], [ -122.23244, 37.73138 ], [ -122.23257, 37.73146 ] ], [ [ -122.22767, 37.73792 ], [ -122.22756, 37.7379 ], [ -122.22767, 37.73801 ], [ -122.22767, 37.73792 ] ], [ [ -122.23322, 37.74472 ], [ -122.23327, 37.74461 ], [ -122.23314, 37.74469 ], [ -122.23322, 37.74472 ] ], [ [ -122.21568, 37.71114 ], [ -122.21581, 37.71124 ], [ -122.21576, 37.71114 ], [ -122.21568, 37.71114 ] ], [ [ -122.21576, 37.71106 ], [ -122.21589, 37.71114 ], [ -122.21584, 37.71103 ], [ -122.21576, 37.71106 ] ], [ [ -122.23066, 37.73943 ], [ -122.23079, 37.73946 ], [ -122.23071, 37.73938 ], [ -122.23066, 37.73943 ] ], [ [ -122.23276, 37.73997 ], [ -122.23279, 37.73984 ], [ -122.23271, 37.73997 ], [ -122.23276, 37.73997 ] ], [ [ -122.23635, 37.74442 ], [ -122.23635, 37.74431 ], [ -122.23624, 37.74442 ], [ -122.23635, 37.74442 ] ], [ [ -122.23573, 37.74515 ], [ -122.23583, 37.74507 ], [ -122.23573, 37.74504 ], [ -122.23573, 37.74515 ] ], [ [ -122.23486, 37.74189 ], [ -122.23494, 37.74183 ], [ -122.23492, 37.74175 ], [ -122.23486, 37.74189 ] ], [ [ -122.23723, 37.74127 ], [ -122.2371, 37.74143 ], [ -122.23721, 37.74137 ], [ -122.23723, 37.74127 ] ], [ [ -122.22751, 37.73628 ], [ -122.22759, 37.73636 ], [ -122.22767, 37.73628 ], [ -122.22751, 37.73628 ] ], [ [ -122.23185, 37.73943 ], [ -122.23201, 37.73943 ], [ -122.23193, 37.73933 ], [ -122.23185, 37.73943 ] ], [ [ -122.21643, 37.71052 ], [ -122.21648, 37.71068 ], [ -122.21656, 37.71057 ], [ -122.21643, 37.71052 ] ], [ [ -122.2364, 37.73426 ], [ -122.23621, 37.73437 ], [ -122.23643, 37.73434 ], [ -122.2364, 37.73426 ] ], [ [ -122.22373, 37.74528 ], [ -122.22376, 37.74528 ], [ -122.22373, 37.74525 ], [ -122.22373, 37.74528 ] ], [ [ -122.22371, 37.74523 ], [ -122.22371, 37.74525 ], [ -122.22373, 37.74525 ], [ -122.22371, 37.74523 ] ], [ [ -122.22368, 37.7452 ], [ -122.22368, 37.74523 ], [ -122.22371, 37.74523 ], [ -122.22368, 37.7452 ] ], [ [ -122.22363, 37.74515 ], [ -122.22363, 37.7452 ], [ -122.22368, 37.7452 ], [ -122.22363, 37.74515 ] ], [ [ -122.2236, 37.74512 ], [ -122.2236, 37.74515 ], [ -122.22363, 37.74515 ], [ -122.2236, 37.74512 ] ], [ [ -122.22357, 37.74509 ], [ -122.22357, 37.74512 ], [ -122.2236, 37.74512 ], [ -122.22357, 37.74509 ] ], [ [ -122.22354, 37.74507 ], [ -122.22354, 37.74509 ], [ -122.22357, 37.74509 ], [ -122.22354, 37.74507 ] ], [ [ -122.22349, 37.74501 ], [ -122.22349, 37.74507 ], [ -122.22352, 37.74501 ], [ -122.22349, 37.74501 ] ], [ [ -122.22346, 37.74499 ], [ -122.22346, 37.74501 ], [ -122.22349, 37.74501 ], [ -122.22346, 37.74499 ] ], [ [ -122.22344, 37.74496 ], [ -122.22344, 37.74499 ], [ -122.22346, 37.74499 ], [ -122.22344, 37.74496 ] ], [ [ -122.2326, 37.7313 ], [ -122.23268, 37.73146 ], [ -122.23276, 37.73135 ], [ -122.2326, 37.7313 ] ], [ [ -122.22988, 37.74348 ], [ -122.22999, 37.74345 ], [ -122.22988, 37.74337 ], [ -122.22988, 37.74348 ] ], [ [ -122.23616, 37.73925 ], [ -122.23632, 37.73922 ], [ -122.23618, 37.73914 ], [ -122.23616, 37.73925 ] ], [ [ -122.22398, 37.70798 ], [ -122.22395, 37.7079 ], [ -122.22379, 37.70785 ], [ -122.22384, 37.70793 ], [ -122.22398, 37.70798 ] ], [ [ -122.23651, 37.74445 ], [ -122.23656, 37.74428 ], [ -122.23645, 37.74445 ], [ -122.23651, 37.74445 ] ], [ [ -122.2271, 37.74073 ], [ -122.22721, 37.74054 ], [ -122.22721, 37.74046 ], [ -122.22708, 37.74065 ], [ -122.2271, 37.74073 ] ], [ [ -122.233, 37.74606 ], [ -122.233, 37.74614 ], [ -122.23317, 37.74617 ], [ -122.23314, 37.74609 ], [ -122.233, 37.74606 ] ], [ [ -122.22169, 37.74353 ], [ -122.22169, 37.74361 ], [ -122.22163, 37.74366 ], [ -122.22177, 37.74361 ], [ -122.22169, 37.74353 ] ], [ [ -122.22166, 37.7435 ], [ -122.22166, 37.74353 ], [ -122.22169, 37.74353 ], [ -122.22166, 37.7435 ] ], [ [ -122.22163, 37.74345 ], [ -122.22163, 37.7435 ], [ -122.22166, 37.7435 ], [ -122.22163, 37.74345 ] ], [ [ -122.22158, 37.74369 ], [ -122.22163, 37.74369 ], [ -122.22163, 37.74366 ], [ -122.22158, 37.74369 ] ], [ [ -122.23096, 37.73609 ], [ -122.23098, 37.73604 ], [ -122.23079, 37.73598 ], [ -122.23096, 37.73609 ] ], [ [ -122.23079, 37.73604 ], [ -122.23079, 37.73601 ], [ -122.23077, 37.73604 ], [ -122.23079, 37.73604 ] ], [ [ -122.23759, 37.7386 ], [ -122.23759, 37.73876 ], [ -122.23764, 37.7386 ], [ -122.23759, 37.7386 ] ], [ [ -122.23546, 37.73792 ], [ -122.23546, 37.73784 ], [ -122.23532, 37.73787 ], [ -122.23546, 37.73792 ] ], [ [ -122.23648, 37.73817 ], [ -122.23656, 37.73817 ], [ -122.23656, 37.73803 ], [ -122.23648, 37.73817 ] ], [ [ -122.20743, 37.7182 ], [ -122.20751, 37.71825 ], [ -122.20756, 37.71814 ], [ -122.20743, 37.7182 ] ], [ [ -122.2326, 37.74566 ], [ -122.23271, 37.74582 ], [ -122.23279, 37.74577 ], [ -122.2326, 37.74566 ] ], [ [ -122.2302, 37.73461 ], [ -122.2302, 37.73474 ], [ -122.23034, 37.73469 ], [ -122.2302, 37.73461 ] ], [ [ -122.23729, 37.73981 ], [ -122.23729, 37.73995 ], [ -122.2374, 37.73981 ], [ -122.23729, 37.73981 ] ], [ [ -122.22907, 37.73113 ], [ -122.22912, 37.73127 ], [ -122.22926, 37.73116 ], [ -122.22907, 37.73113 ] ], [ [ -122.2316, 37.7359 ], [ -122.23155, 37.73615 ], [ -122.23166, 37.7359 ], [ -122.2316, 37.7359 ] ], [ [ -122.23721, 37.73873 ], [ -122.23721, 37.73865 ], [ -122.2371, 37.73852 ], [ -122.23721, 37.73873 ] ], [ [ -122.23543, 37.73811 ], [ -122.2354, 37.73795 ], [ -122.23532, 37.73806 ], [ -122.23543, 37.73811 ] ], [ [ -122.22872, 37.73485 ], [ -122.22867, 37.73485 ], [ -122.22858, 37.73509 ], [ -122.22872, 37.73485 ] ], [ [ -122.2212, 37.71911 ], [ -122.22112, 37.71919 ], [ -122.22107, 37.7193 ], [ -122.22123, 37.71919 ], [ -122.2212, 37.71911 ] ], [ [ -122.22104, 37.71933 ], [ -122.22107, 37.71933 ], [ -122.22107, 37.7193 ], [ -122.22104, 37.71933 ] ], [ [ -122.22098, 37.71938 ], [ -122.22104, 37.71938 ], [ -122.22104, 37.71933 ], [ -122.22098, 37.71938 ] ], [ [ -122.22697, 37.7396 ], [ -122.22697, 37.7393 ], [ -122.22691, 37.7396 ], [ -122.22697, 37.7396 ] ], [ [ -122.23583, 37.74175 ], [ -122.236, 37.74178 ], [ -122.23605, 37.74164 ], [ -122.23597, 37.74175 ], [ -122.23583, 37.74175 ] ], [ [ -122.22778, 37.73787 ], [ -122.22783, 37.73801 ], [ -122.22794, 37.7379 ], [ -122.22778, 37.73787 ] ], [ [ -122.22988, 37.73054 ], [ -122.22999, 37.73054 ], [ -122.22985, 37.73041 ], [ -122.22988, 37.73054 ] ], [ [ -122.23282, 37.73151 ], [ -122.23265, 37.73156 ], [ -122.23273, 37.7317 ], [ -122.23271, 37.73159 ], [ -122.23284, 37.73162 ], [ -122.23282, 37.73151 ] ], [ [ -122.21266, 37.72046 ], [ -122.21309, 37.72043 ], [ -122.21276, 37.72038 ], [ -122.21266, 37.72046 ] ], [ [ -122.22928, 37.7355 ], [ -122.22934, 37.73569 ], [ -122.22939, 37.7355 ], [ -122.22928, 37.7355 ] ], [ [ -122.22799, 37.73795 ], [ -122.22826, 37.7379 ], [ -122.22799, 37.73787 ], [ -122.22799, 37.73795 ] ], [ [ -122.22147, 37.71766 ], [ -122.22152, 37.71766 ], [ -122.22147, 37.71763 ], [ -122.22147, 37.71766 ] ], [ [ -122.22136, 37.71755 ], [ -122.22142, 37.71763 ], [ -122.22142, 37.71755 ], [ -122.22136, 37.71755 ] ], [ [ -122.2212, 37.71752 ], [ -122.22133, 37.71758 ], [ -122.22123, 37.71747 ], [ -122.2212, 37.71752 ] ], [ [ -122.23605, 37.73774 ], [ -122.23602, 37.73779 ], [ -122.23618, 37.73801 ], [ -122.23605, 37.73774 ] ], [ [ -122.22942, 37.7438 ], [ -122.22961, 37.74383 ], [ -122.22947, 37.74372 ], [ -122.22942, 37.7438 ] ], [ [ -122.23556, 37.73682 ], [ -122.23573, 37.73682 ], [ -122.23575, 37.73677 ], [ -122.23567, 37.73677 ], [ -122.23556, 37.73682 ] ], [ [ -122.23554, 37.73693 ], [ -122.23556, 37.73685 ], [ -122.23538, 37.73682 ], [ -122.23554, 37.73693 ] ], [ [ -122.23788, 37.73927 ], [ -122.23785, 37.73919 ], [ -122.23764, 37.73927 ], [ -122.23788, 37.73927 ] ], [ [ -122.23753, 37.7393 ], [ -122.23764, 37.7393 ], [ -122.23764, 37.73927 ], [ -122.23753, 37.7393 ] ], [ [ -122.22961, 37.74329 ], [ -122.22964, 37.74348 ], [ -122.22974, 37.74337 ], [ -122.22961, 37.74329 ] ], [ [ -122.21422, 37.71521 ], [ -122.21419, 37.71521 ], [ -122.21417, 37.71531 ], [ -122.21422, 37.71521 ] ], [ [ -122.21392, 37.71548 ], [ -122.21411, 37.71534 ], [ -122.21392, 37.71545 ], [ -122.21392, 37.71548 ] ], [ [ -122.21384, 37.71553 ], [ -122.21392, 37.7155 ], [ -122.21384, 37.7155 ], [ -122.21384, 37.71553 ] ], [ [ -122.21382, 37.71556 ], [ -122.21384, 37.71556 ], [ -122.21384, 37.71553 ], [ -122.21382, 37.71556 ] ], [ [ -122.21379, 37.71558 ], [ -122.21382, 37.71558 ], [ -122.21382, 37.71556 ], [ -122.21379, 37.71558 ] ], [ [ -122.21374, 37.71561 ], [ -122.21379, 37.71561 ], [ -122.21379, 37.71558 ], [ -122.21374, 37.71561 ] ], [ [ -122.23007, 37.73183 ], [ -122.22993, 37.73189 ], [ -122.22999, 37.73197 ], [ -122.23007, 37.73183 ] ], [ [ -122.21123, 37.73156 ], [ -122.21126, 37.73143 ], [ -122.21107, 37.73138 ], [ -122.21109, 37.73148 ], [ -122.21123, 37.73156 ] ], [ [ -122.23446, 37.7442 ], [ -122.23443, 37.7441 ], [ -122.23422, 37.74415 ], [ -122.23422, 37.7442 ], [ -122.23446, 37.7442 ] ], [ [ -122.23734, 37.73973 ], [ -122.23705, 37.73976 ], [ -122.23718, 37.73986 ], [ -122.23734, 37.73973 ] ], [ [ -122.23106, 37.73633 ], [ -122.23114, 37.73655 ], [ -122.23128, 37.73633 ], [ -122.23106, 37.73633 ] ], [ [ -122.22756, 37.73749 ], [ -122.22769, 37.7373 ], [ -122.22767, 37.73706 ], [ -122.22756, 37.73749 ] ], [ [ -122.22751, 37.73752 ], [ -122.22756, 37.73752 ], [ -122.22756, 37.73749 ], [ -122.22751, 37.73752 ] ], [ [ -122.23618, 37.74199 ], [ -122.23621, 37.74181 ], [ -122.23608, 37.74181 ], [ -122.23605, 37.74189 ], [ -122.23618, 37.74199 ] ], [ [ -122.23473, 37.74458 ], [ -122.23473, 37.74455 ], [ -122.23467, 37.74458 ], [ -122.23473, 37.74458 ] ], [ [ -122.23467, 37.74461 ], [ -122.23449, 37.74447 ], [ -122.23432, 37.74453 ], [ -122.23443, 37.74461 ], [ -122.23467, 37.74461 ] ], [ [ -122.23193, 37.74569 ], [ -122.23147, 37.74579 ], [ -122.23187, 37.74574 ], [ -122.23193, 37.74569 ] ], [ [ -122.23325, 37.73536 ], [ -122.23327, 37.73523 ], [ -122.23311, 37.73518 ], [ -122.23308, 37.73531 ], [ -122.23325, 37.73536 ] ], [ [ -122.23125, 37.73876 ], [ -122.23136, 37.73887 ], [ -122.23163, 37.73892 ], [ -122.23125, 37.73876 ] ], [ [ -122.2302, 37.73078 ], [ -122.23017, 37.73089 ], [ -122.23028, 37.73094 ], [ -122.23028, 37.73089 ], [ -122.2302, 37.73078 ] ], [ [ -122.23015, 37.73078 ], [ -122.23017, 37.73078 ], [ -122.23004, 37.73057 ], [ -122.23015, 37.73078 ] ], [ [ -122.22047, 37.7199 ], [ -122.22047, 37.71987 ], [ -122.22045, 37.7199 ], [ -122.22047, 37.7199 ] ], [ [ -122.22042, 37.71992 ], [ -122.22045, 37.71992 ], [ -122.22045, 37.7199 ], [ -122.22042, 37.71992 ] ], [ [ -122.22012, 37.72022 ], [ -122.22042, 37.71998 ], [ -122.22012, 37.72014 ], [ -122.22012, 37.72022 ] ], [ [ -122.2201, 37.72025 ], [ -122.22012, 37.72025 ], [ -122.22012, 37.72022 ], [ -122.2201, 37.72025 ] ], [ [ -122.22007, 37.72027 ], [ -122.2201, 37.72027 ], [ -122.2201, 37.72025 ], [ -122.22007, 37.72027 ] ], [ [ -122.22004, 37.7203 ], [ -122.22007, 37.7203 ], [ -122.22007, 37.72027 ], [ -122.22004, 37.7203 ] ], [ [ -122.23357, 37.74461 ], [ -122.23352, 37.7445 ], [ -122.23335, 37.74455 ], [ -122.23344, 37.74466 ], [ -122.23357, 37.74461 ] ], [ [ -122.22875, 37.71119 ], [ -122.22877, 37.71119 ], [ -122.22875, 37.71116 ], [ -122.22875, 37.71119 ] ], [ [ -122.22867, 37.71111 ], [ -122.22869, 37.71116 ], [ -122.22872, 37.71111 ], [ -122.22867, 37.71111 ] ], [ [ -122.22834, 37.71087 ], [ -122.22858, 37.71111 ], [ -122.22845, 37.71089 ], [ -122.22834, 37.71087 ] ], [ [ -122.22182, 37.74313 ], [ -122.22185, 37.74313 ], [ -122.22182, 37.7431 ], [ -122.22182, 37.74313 ] ], [ [ -122.22182, 37.74304 ], [ -122.22163, 37.74286 ], [ -122.22139, 37.74299 ], [ -122.2216, 37.74294 ], [ -122.22182, 37.74304 ] ], [ [ -122.21926, 37.72119 ], [ -122.21939, 37.72111 ], [ -122.21953, 37.72095 ], [ -122.21931, 37.72103 ], [ -122.21926, 37.72119 ] ], [ [ -122.21926, 37.72092 ], [ -122.21926, 37.72103 ], [ -122.21934, 37.72095 ], [ -122.21926, 37.72092 ] ], [ [ -122.23276, 37.74525 ], [ -122.2323, 37.74536 ], [ -122.23273, 37.74531 ], [ -122.23276, 37.74525 ] ], [ [ -122.22985, 37.73496 ], [ -122.22996, 37.73483 ], [ -122.22993, 37.73464 ], [ -122.2298, 37.73488 ], [ -122.22985, 37.73496 ] ], [ [ -122.23694, 37.73423 ], [ -122.2367, 37.73412 ], [ -122.23691, 37.73437 ], [ -122.23694, 37.73423 ] ], [ [ -122.23306, 37.73717 ], [ -122.23317, 37.73717 ], [ -122.23317, 37.73677 ], [ -122.23311, 37.73679 ], [ -122.23306, 37.73717 ] ], [ [ -122.23042, 37.73127 ], [ -122.23055, 37.73127 ], [ -122.23047, 37.73105 ], [ -122.23036, 37.73111 ], [ -122.23042, 37.73127 ] ], [ [ -122.23228, 37.73889 ], [ -122.2323, 37.73889 ], [ -122.23228, 37.73887 ], [ -122.23228, 37.73889 ] ], [ [ -122.23228, 37.73884 ], [ -122.23201, 37.7386 ], [ -122.23195, 37.7386 ], [ -122.23206, 37.73881 ], [ -122.23228, 37.73884 ] ], [ [ -122.22001, 37.71168 ], [ -122.2195, 37.71133 ], [ -122.21985, 37.71162 ], [ -122.22001, 37.71168 ] ], [ [ -122.21948, 37.7113 ], [ -122.21948, 37.71133 ], [ -122.2195, 37.71133 ], [ -122.21948, 37.7113 ] ], [ [ -122.22937, 37.74329 ], [ -122.22947, 37.74326 ], [ -122.22928, 37.74304 ], [ -122.22937, 37.74329 ] ], [ [ -122.22869, 37.73879 ], [ -122.22888, 37.73879 ], [ -122.22902, 37.73868 ], [ -122.22875, 37.73868 ], [ -122.22869, 37.73879 ] ], [ [ -122.23066, 37.74296 ], [ -122.23063, 37.74283 ], [ -122.23044, 37.74275 ], [ -122.2305, 37.74296 ], [ -122.23066, 37.74296 ] ], [ [ -122.23777, 37.73911 ], [ -122.23791, 37.73906 ], [ -122.23777, 37.73903 ], [ -122.23777, 37.73911 ] ], [ [ -122.23772, 37.73898 ], [ -122.2378, 37.739 ], [ -122.23775, 37.73889 ], [ -122.23772, 37.73898 ] ], [ [ -122.23764, 37.73887 ], [ -122.2378, 37.73879 ], [ -122.23783, 37.73873 ], [ -122.23764, 37.73876 ], [ -122.23764, 37.73887 ] ], [ [ -122.2274, 37.73935 ], [ -122.2274, 37.73911 ], [ -122.22726, 37.73943 ], [ -122.2274, 37.73935 ] ], [ [ -122.23449, 37.74288 ], [ -122.23489, 37.74253 ], [ -122.23489, 37.74245 ], [ -122.23467, 37.74256 ], [ -122.23449, 37.74288 ] ], [ [ -122.23446, 37.74288 ], [ -122.23446, 37.74291 ], [ -122.23449, 37.74291 ], [ -122.23449, 37.74288 ], [ -122.23446, 37.74288 ] ], [ [ -122.2367, 37.73871 ], [ -122.2367, 37.7383 ], [ -122.23662, 37.7383 ], [ -122.23662, 37.73865 ], [ -122.2367, 37.73871 ] ], [ [ -122.23481, 37.7414 ], [ -122.23465, 37.74172 ], [ -122.23494, 37.74167 ], [ -122.23497, 37.7414 ], [ -122.23481, 37.7414 ] ], [ [ -122.23893, 37.73542 ], [ -122.2392, 37.73555 ], [ -122.23963, 37.73561 ], [ -122.23893, 37.73542 ] ], [ [ -122.21864, 37.74137 ], [ -122.21883, 37.74121 ], [ -122.21834, 37.74137 ], [ -122.21864, 37.74137 ] ], [ [ -122.23651, 37.74577 ], [ -122.23672, 37.74528 ], [ -122.23656, 37.74558 ], [ -122.23651, 37.74577 ] ], [ [ -122.21783, 37.71965 ], [ -122.21783, 37.71963 ], [ -122.2178, 37.71965 ], [ -122.21783, 37.71965 ] ], [ [ -122.21753, 37.71971 ], [ -122.21783, 37.71976 ], [ -122.21762, 37.71957 ], [ -122.21753, 37.71971 ] ], [ [ -122.22672, 37.74512 ], [ -122.22675, 37.74485 ], [ -122.22667, 37.74455 ], [ -122.22662, 37.74472 ], [ -122.22672, 37.74512 ] ], [ [ -122.22945, 37.73528 ], [ -122.22961, 37.73542 ], [ -122.22969, 37.73523 ], [ -122.22937, 37.73523 ], [ -122.22934, 37.73536 ], [ -122.22945, 37.73528 ] ], [ [ -122.22947, 37.73539 ], [ -122.22947, 37.73536 ], [ -122.22945, 37.73539 ], [ -122.22947, 37.73539 ] ], [ [ -122.22915, 37.73377 ], [ -122.22923, 37.73367 ], [ -122.22893, 37.7335 ], [ -122.22899, 37.73372 ], [ -122.22915, 37.73377 ] ], [ [ -122.23015, 37.73652 ], [ -122.23015, 37.7365 ], [ -122.23012, 37.73652 ], [ -122.23015, 37.73652 ] ], [ [ -122.23001, 37.73652 ], [ -122.22988, 37.73668 ], [ -122.22985, 37.73687 ], [ -122.23012, 37.7366 ], [ -122.23001, 37.73652 ] ], [ [ -122.23182, 37.73935 ], [ -122.23176, 37.73925 ], [ -122.2316, 37.73935 ], [ -122.23131, 37.73927 ], [ -122.23147, 37.73946 ], [ -122.23182, 37.73935 ] ], [ [ -122.21457, 37.71682 ], [ -122.21452, 37.71696 ], [ -122.21484, 37.71688 ], [ -122.21495, 37.71672 ], [ -122.21457, 37.71682 ] ], [ [ -122.21748, 37.72343 ], [ -122.21753, 37.72351 ], [ -122.21805, 37.72361 ], [ -122.21748, 37.72343 ] ], [ [ -122.23478, 37.71518 ], [ -122.23478, 37.71515 ], [ -122.23467, 37.71513 ], [ -122.23478, 37.71518 ] ], [ [ -122.23467, 37.71507 ], [ -122.23397, 37.71459 ], [ -122.23384, 37.71453 ], [ -122.23435, 37.71494 ], [ -122.23467, 37.71507 ] ], [ [ -122.2143, 37.73472 ], [ -122.21427, 37.73501 ], [ -122.21449, 37.73488 ], [ -122.2143, 37.73472 ] ], [ [ -122.23837, 37.73887 ], [ -122.23829, 37.73892 ], [ -122.23821, 37.73951 ], [ -122.23837, 37.73887 ] ], [ [ -122.21923, 37.72062 ], [ -122.21926, 37.72076 ], [ -122.21945, 37.7206 ], [ -122.21923, 37.72062 ] ], [ [ -122.21921, 37.7206 ], [ -122.21921, 37.72062 ], [ -122.21923, 37.72062 ], [ -122.21921, 37.7206 ] ], [ [ -122.21921, 37.72057 ], [ -122.21921, 37.72041 ], [ -122.21912, 37.72038 ], [ -122.21904, 37.72049 ], [ -122.21921, 37.72057 ] ], [ [ -122.21902, 37.72052 ], [ -122.21904, 37.72052 ], [ -122.21904, 37.72049 ], [ -122.21902, 37.72052 ] ], [ [ -122.21185, 37.7217 ], [ -122.2119, 37.72175 ], [ -122.21268, 37.72189 ], [ -122.21185, 37.7217 ] ], [ [ -122.21179, 37.72167 ], [ -122.21179, 37.7217 ], [ -122.21185, 37.7217 ], [ -122.21179, 37.72167 ] ], [ [ -122.22802, 37.72488 ], [ -122.22829, 37.72499 ], [ -122.22831, 37.72483 ], [ -122.22807, 37.72475 ], [ -122.22802, 37.72488 ] ], [ [ -122.23715, 37.73801 ], [ -122.23732, 37.73814 ], [ -122.2374, 37.73806 ], [ -122.23718, 37.73792 ], [ -122.23683, 37.73803 ], [ -122.23715, 37.73819 ], [ -122.23715, 37.73801 ] ], [ [ -122.23079, 37.73289 ], [ -122.23082, 37.73272 ], [ -122.23042, 37.73286 ], [ -122.23042, 37.73291 ], [ -122.23079, 37.73289 ] ], [ [ -122.23036, 37.73291 ], [ -122.23034, 37.73272 ], [ -122.23028, 37.73272 ], [ -122.23023, 37.73291 ], [ -122.23036, 37.73291 ] ], [ [ -122.23117, 37.7331 ], [ -122.2312, 37.73248 ], [ -122.23114, 37.73245 ], [ -122.23109, 37.73272 ], [ -122.23117, 37.7331 ] ], [ [ -122.23093, 37.74499 ], [ -122.23114, 37.74496 ], [ -122.23109, 37.74474 ], [ -122.23085, 37.74474 ], [ -122.23093, 37.74499 ] ], [ [ -122.23403, 37.74563 ], [ -122.23427, 37.74579 ], [ -122.23449, 37.74555 ], [ -122.2343, 37.7455 ], [ -122.23403, 37.74563 ] ], [ [ -122.23678, 37.73402 ], [ -122.23697, 37.73412 ], [ -122.2371, 37.73391 ], [ -122.23678, 37.7338 ], [ -122.23678, 37.73402 ] ], [ [ -122.21425, 37.72043 ], [ -122.21338, 37.72046 ], [ -122.21387, 37.72057 ], [ -122.21425, 37.72043 ] ], [ [ -122.2292, 37.73154 ], [ -122.22923, 37.73186 ], [ -122.22958, 37.73191 ], [ -122.22945, 37.73151 ], [ -122.2292, 37.73154 ] ], [ [ -122.23718, 37.73919 ], [ -122.23645, 37.73919 ], [ -122.23662, 37.73908 ], [ -122.23656, 37.73898 ], [ -122.23635, 37.73914 ], [ -122.23643, 37.73927 ], [ -122.23718, 37.73919 ] ], [ [ -122.23036, 37.73518 ], [ -122.23071, 37.73496 ], [ -122.23096, 37.73507 ], [ -122.23101, 37.73483 ], [ -122.23077, 37.73493 ], [ -122.23069, 37.73483 ], [ -122.23036, 37.73488 ], [ -122.23036, 37.73518 ] ], [ [ -122.22928, 37.74407 ], [ -122.22955, 37.74434 ], [ -122.22966, 37.74391 ], [ -122.22942, 37.74388 ], [ -122.22928, 37.74407 ] ], [ [ -122.23144, 37.73534 ], [ -122.23141, 37.73577 ], [ -122.2316, 37.73585 ], [ -122.23166, 37.73528 ], [ -122.23144, 37.73534 ] ], [ [ -122.23678, 37.74027 ], [ -122.23697, 37.74024 ], [ -122.23707, 37.73989 ], [ -122.23694, 37.74011 ], [ -122.23691, 37.73997 ], [ -122.2367, 37.73995 ], [ -122.23672, 37.74011 ], [ -122.23648, 37.74011 ], [ -122.2368, 37.74019 ], [ -122.23678, 37.74027 ] ], [ [ -122.23667, 37.74032 ], [ -122.23678, 37.7403 ], [ -122.23667, 37.7403 ], [ -122.23667, 37.74032 ] ], [ [ -122.21929, 37.74105 ], [ -122.21934, 37.74086 ], [ -122.21902, 37.74086 ], [ -122.21869, 37.74113 ], [ -122.21929, 37.74105 ] ], [ [ -122.21867, 37.74116 ], [ -122.21869, 37.74116 ], [ -122.21869, 37.74113 ], [ -122.21867, 37.74116 ] ], [ [ -122.23683, 37.74059 ], [ -122.23662, 37.7404 ], [ -122.23621, 37.74032 ], [ -122.23626, 37.74051 ], [ -122.23637, 37.74043 ], [ -122.23651, 37.74078 ], [ -122.23683, 37.74059 ] ], [ [ -122.23624, 37.73898 ], [ -122.23637, 37.73889 ], [ -122.23651, 37.73822 ], [ -122.23637, 37.73825 ], [ -122.23626, 37.73868 ], [ -122.23608, 37.73873 ], [ -122.23624, 37.73898 ] ], [ [ -122.23217, 37.73108 ], [ -122.23246, 37.73105 ], [ -122.23255, 37.73124 ], [ -122.23257, 37.73116 ], [ -122.23268, 37.73113 ], [ -122.23257, 37.73089 ], [ -122.23228, 37.73084 ], [ -122.23217, 37.73108 ] ], [ [ -122.21282, 37.71879 ], [ -122.21225, 37.71901 ], [ -122.21233, 37.71914 ], [ -122.21263, 37.71903 ], [ -122.21282, 37.71879 ] ], [ [ -122.21813, 37.74086 ], [ -122.21789, 37.74075 ], [ -122.21802, 37.741 ], [ -122.21829, 37.74078 ], [ -122.21845, 37.74084 ], [ -122.21821, 37.74043 ], [ -122.21802, 37.74048 ], [ -122.21813, 37.74086 ] ], [ [ -122.23662, 37.73445 ], [ -122.23656, 37.73456 ], [ -122.23626, 37.73458 ], [ -122.2367, 37.73477 ], [ -122.23686, 37.7345 ], [ -122.23662, 37.73445 ] ], [ [ -122.23327, 37.74412 ], [ -122.23346, 37.74404 ], [ -122.23346, 37.74391 ], [ -122.233, 37.74388 ], [ -122.23284, 37.74404 ], [ -122.23292, 37.74415 ], [ -122.23327, 37.74412 ] ], [ [ -122.23869, 37.73792 ], [ -122.23872, 37.73752 ], [ -122.23858, 37.73755 ], [ -122.2385, 37.73817 ], [ -122.23839, 37.7386 ], [ -122.23869, 37.73792 ] ], [ [ -122.23381, 37.74253 ], [ -122.23379, 37.74296 ], [ -122.23397, 37.74299 ], [ -122.23424, 37.74264 ], [ -122.23381, 37.74253 ] ], [ [ -122.23659, 37.74145 ], [ -122.23632, 37.74156 ], [ -122.23626, 37.74178 ], [ -122.23645, 37.74199 ], [ -122.23645, 37.74175 ], [ -122.23672, 37.74164 ], [ -122.23662, 37.74154 ], [ -122.23678, 37.74148 ], [ -122.23675, 37.74127 ], [ -122.23691, 37.74105 ], [ -122.23672, 37.7411 ], [ -122.23659, 37.74145 ] ], [ [ -122.23624, 37.74181 ], [ -122.23626, 37.74181 ], [ -122.23626, 37.74178 ], [ -122.23624, 37.74181 ] ], [ [ -122.21829, 37.74032 ], [ -122.21856, 37.74078 ], [ -122.21883, 37.74067 ], [ -122.21851, 37.74022 ], [ -122.21829, 37.74032 ] ], [ [ -122.21829, 37.7404 ], [ -122.21829, 37.74038 ], [ -122.21826, 37.7404 ], [ -122.21829, 37.7404 ] ], [ [ -122.2219, 37.72467 ], [ -122.22198, 37.72467 ], [ -122.2219, 37.72464 ], [ -122.2219, 37.72467 ] ], [ [ -122.2219, 37.72461 ], [ -122.2208, 37.72418 ], [ -122.22023, 37.72407 ], [ -122.22115, 37.7245 ], [ -122.2219, 37.72461 ] ], [ [ -122.22018, 37.72405 ], [ -122.22018, 37.72407 ], [ -122.22023, 37.72407 ], [ -122.22018, 37.72405 ] ], [ [ -122.22411, 37.74207 ], [ -122.22387, 37.74175 ], [ -122.22373, 37.74175 ], [ -122.22376, 37.74226 ], [ -122.22408, 37.74237 ], [ -122.22411, 37.74207 ] ], [ [ -122.22249, 37.7134 ], [ -122.22225, 37.71318 ], [ -122.22228, 37.713 ], [ -122.22185, 37.71289 ], [ -122.22201, 37.71305 ], [ -122.2219, 37.71348 ], [ -122.22249, 37.7134 ] ], [ [ -122.22829, 37.71087 ], [ -122.22831, 37.71087 ], [ -122.22829, 37.71084 ], [ -122.22829, 37.71087 ] ], [ [ -122.22829, 37.71081 ], [ -122.22702, 37.70992 ], [ -122.22613, 37.70941 ], [ -122.22805, 37.71079 ], [ -122.22829, 37.71081 ] ], [ [ -122.23729, 37.74415 ], [ -122.23759, 37.74326 ], [ -122.2374, 37.74348 ], [ -122.23718, 37.7442 ], [ -122.2368, 37.74501 ], [ -122.23729, 37.74415 ] ], [ [ -122.23389, 37.73596 ], [ -122.23354, 37.7355 ], [ -122.23327, 37.7355 ], [ -122.23333, 37.73596 ], [ -122.23389, 37.73596 ] ], [ [ -122.21861, 37.72159 ], [ -122.21807, 37.7217 ], [ -122.21802, 37.72235 ], [ -122.21845, 37.72202 ], [ -122.21851, 37.72189 ], [ -122.21837, 37.72197 ], [ -122.21832, 37.72194 ], [ -122.21861, 37.72159 ] ], [ [ -122.23769, 37.74143 ], [ -122.23775, 37.74269 ], [ -122.23764, 37.74304 ], [ -122.23783, 37.74253 ], [ -122.23772, 37.74159 ], [ -122.23818, 37.74013 ], [ -122.23815, 37.73973 ], [ -122.23769, 37.74143 ] ], [ [ -122.20568, 37.7206 ], [ -122.20659, 37.72054 ], [ -122.20557, 37.72035 ], [ -122.2053, 37.72103 ], [ -122.2057, 37.72078 ], [ -122.20568, 37.7206 ] ], [ [ -122.22433, 37.71133 ], [ -122.22422, 37.71116 ], [ -122.22406, 37.71116 ], [ -122.22352, 37.71165 ], [ -122.22336, 37.712 ], [ -122.22433, 37.71133 ] ], [ [ -122.23513, 37.74577 ], [ -122.23527, 37.74593 ], [ -122.235, 37.74587 ], [ -122.23516, 37.74644 ], [ -122.23546, 37.74631 ], [ -122.23556, 37.74639 ], [ -122.23564, 37.7455 ], [ -122.23543, 37.74555 ], [ -122.23532, 37.74579 ], [ -122.23529, 37.74571 ], [ -122.23513, 37.74577 ] ], [ [ -122.23036, 37.74288 ], [ -122.23026, 37.74267 ], [ -122.23042, 37.74264 ], [ -122.23004, 37.74253 ], [ -122.2298, 37.74261 ], [ -122.22947, 37.74245 ], [ -122.22945, 37.74259 ], [ -122.22923, 37.74261 ], [ -122.2292, 37.74299 ], [ -122.22937, 37.74294 ], [ -122.2298, 37.74326 ], [ -122.22993, 37.74318 ], [ -122.22972, 37.74302 ], [ -122.22958, 37.74259 ], [ -122.23015, 37.74307 ], [ -122.23036, 37.74288 ] ], [ [ -122.22734, 37.72607 ], [ -122.22786, 37.72593 ], [ -122.22821, 37.72555 ], [ -122.22799, 37.72526 ], [ -122.22737, 37.72542 ], [ -122.22724, 37.72591 ], [ -122.22734, 37.72607 ] ], [ [ -122.22109, 37.71976 ], [ -122.22142, 37.71979 ], [ -122.22201, 37.71957 ], [ -122.22217, 37.71903 ], [ -122.22201, 37.71882 ], [ -122.22107, 37.71957 ], [ -122.22109, 37.71976 ] ], [ [ -122.21357, 37.70418 ], [ -122.21382, 37.70424 ], [ -122.21392, 37.7041 ], [ -122.21387, 37.70373 ], [ -122.21363, 37.70348 ], [ -122.21355, 37.70305 ], [ -122.21306, 37.70265 ], [ -122.21357, 37.70418 ] ], [ [ -122.21692, 37.72302 ], [ -122.21702, 37.72302 ], [ -122.21692, 37.72299 ], [ -122.21692, 37.72302 ] ], [ [ -122.2146, 37.72213 ], [ -122.21479, 37.72229 ], [ -122.21441, 37.72224 ], [ -122.2163, 37.72297 ], [ -122.21692, 37.72297 ], [ -122.21551, 37.72235 ], [ -122.2146, 37.72213 ] ], [ [ -122.2361, 37.74428 ], [ -122.23597, 37.74431 ], [ -122.23608, 37.74434 ], [ -122.2361, 37.74428 ] ], [ [ -122.23659, 37.74313 ], [ -122.23662, 37.74296 ], [ -122.23621, 37.74207 ], [ -122.23621, 37.74232 ], [ -122.23605, 37.74226 ], [ -122.23597, 37.74248 ], [ -122.23602, 37.74291 ], [ -122.23591, 37.74307 ], [ -122.23597, 37.74315 ], [ -122.2361, 37.7431 ], [ -122.23624, 37.7435 ], [ -122.23602, 37.74364 ], [ -122.23608, 37.74383 ], [ -122.23575, 37.74434 ], [ -122.23616, 37.74393 ], [ -122.23624, 37.74412 ], [ -122.23653, 37.74385 ], [ -122.23653, 37.74375 ], [ -122.23629, 37.7438 ], [ -122.23624, 37.74318 ], [ -122.23637, 37.74299 ], [ -122.23659, 37.74313 ] ], [ [ -122.21756, 37.70629 ], [ -122.21791, 37.70666 ], [ -122.21993, 37.70782 ], [ -122.21969, 37.70753 ], [ -122.21856, 37.70685 ], [ -122.21821, 37.7065 ], [ -122.21471, 37.70429 ], [ -122.21756, 37.70629 ] ], [ [ -122.22732, 37.73709 ], [ -122.22718, 37.73698 ], [ -122.22718, 37.73679 ], [ -122.22732, 37.7366 ], [ -122.22756, 37.73679 ], [ -122.22772, 37.73677 ], [ -122.22761, 37.73644 ], [ -122.22732, 37.73647 ], [ -122.22724, 37.73636 ], [ -122.2271, 37.7366 ], [ -122.22708, 37.73747 ], [ -122.22694, 37.73747 ], [ -122.22708, 37.73787 ], [ -122.22691, 37.73809 ], [ -122.22713, 37.73844 ], [ -122.22686, 37.73865 ], [ -122.22697, 37.73895 ], [ -122.22729, 37.73852 ], [ -122.22726, 37.73879 ], [ -122.22748, 37.73879 ], [ -122.22745, 37.73749 ], [ -122.22756, 37.73728 ], [ -122.2274, 37.7372 ], [ -122.2274, 37.73695 ], [ -122.22732, 37.73709 ] ], [ [ -122.22689, 37.7393 ], [ -122.22691, 37.73889 ], [ -122.22686, 37.7393 ], [ -122.22689, 37.7393 ] ], [ [ -122.23168, 37.74375 ], [ -122.23168, 37.74369 ], [ -122.23166, 37.74375 ], [ -122.23168, 37.74375 ] ], [ [ -122.23155, 37.7445 ], [ -122.23155, 37.7448 ], [ -122.23198, 37.74485 ], [ -122.23214, 37.74445 ], [ -122.23185, 37.74431 ], [ -122.23211, 37.74423 ], [ -122.2316, 37.74375 ], [ -122.23106, 37.74296 ], [ -122.23077, 37.74294 ], [ -122.23074, 37.74307 ], [ -122.23106, 37.74337 ], [ -122.2309, 37.74364 ], [ -122.23131, 37.74412 ], [ -122.23131, 37.74439 ], [ -122.23155, 37.7445 ] ], [ [ -122.22875, 37.72469 ], [ -122.22837, 37.72585 ], [ -122.22769, 37.72634 ], [ -122.22748, 37.72634 ], [ -122.22759, 37.72647 ], [ -122.2284, 37.72661 ], [ -122.2292, 37.72534 ], [ -122.22912, 37.72469 ], [ -122.22875, 37.72469 ] ], [ [ -122.2295, 37.73076 ], [ -122.22934, 37.73046 ], [ -122.22955, 37.73038 ], [ -122.22972, 37.73059 ], [ -122.22988, 37.7303 ], [ -122.23044, 37.73019 ], [ -122.23071, 37.72992 ], [ -122.23028, 37.72954 ], [ -122.22939, 37.7293 ], [ -122.22883, 37.73041 ], [ -122.22896, 37.73078 ], [ -122.22915, 37.73065 ], [ -122.2295, 37.73076 ] ], [ [ -122.22953, 37.73062 ], [ -122.22961, 37.73059 ], [ -122.22953, 37.73059 ], [ -122.22953, 37.73062 ] ], [ [ -122.23435, 37.7431 ], [ -122.23435, 37.74307 ], [ -122.23432, 37.7431 ], [ -122.23435, 37.7431 ] ], [ [ -122.23308, 37.7424 ], [ -122.23284, 37.74216 ], [ -122.23273, 37.74245 ], [ -122.23238, 37.74251 ], [ -122.23249, 37.74234 ], [ -122.23238, 37.74234 ], [ -122.23217, 37.74256 ], [ -122.2322, 37.74232 ], [ -122.23206, 37.74224 ], [ -122.23201, 37.74267 ], [ -122.23263, 37.74288 ], [ -122.23236, 37.74337 ], [ -122.23211, 37.74315 ], [ -122.23228, 37.74364 ], [ -122.23238, 37.7438 ], [ -122.23257, 37.74377 ], [ -122.23255, 37.74388 ], [ -122.23282, 37.74377 ], [ -122.23284, 37.74342 ], [ -122.23284, 37.74388 ], [ -122.23311, 37.7438 ], [ -122.23311, 37.74337 ], [ -122.23333, 37.74331 ], [ -122.23346, 37.74304 ], [ -122.23335, 37.74353 ], [ -122.23349, 37.74361 ], [ -122.23403, 37.74342 ], [ -122.23427, 37.7431 ], [ -122.23414, 37.74318 ], [ -122.23424, 37.74288 ], [ -122.23392, 37.74315 ], [ -122.23333, 37.74294 ], [ -122.2329, 37.7434 ], [ -122.23282, 37.74318 ], [ -122.23311, 37.74286 ], [ -122.23308, 37.7424 ] ], [ [ -122.23214, 37.74218 ], [ -122.23214, 37.74221 ], [ -122.23217, 37.74218 ], [ -122.23214, 37.74218 ] ], [ [ -122.2322, 37.74216 ], [ -122.23217, 37.74216 ], [ -122.23217, 37.74218 ], [ -122.2322, 37.74216 ] ], [ [ -122.2284, 37.71343 ], [ -122.22775, 37.71283 ], [ -122.2264, 37.71197 ], [ -122.22605, 37.71159 ], [ -122.22352, 37.71017 ], [ -122.22425, 37.71081 ], [ -122.22425, 37.71111 ], [ -122.22478, 37.71124 ], [ -122.2254, 37.71168 ], [ -122.22551, 37.71195 ], [ -122.22624, 37.71216 ], [ -122.22764, 37.71308 ], [ -122.2284, 37.71343 ] ], [ [ -122.22311, 37.7099 ], [ -122.22344, 37.71017 ], [ -122.22322, 37.70992 ], [ -122.22311, 37.7099 ] ], [ [ -122.23311, 37.74531 ], [ -122.23308, 37.74544 ], [ -122.23354, 37.74523 ], [ -122.23446, 37.74517 ], [ -122.23457, 37.74528 ], [ -122.23467, 37.74517 ], [ -122.23459, 37.74563 ], [ -122.23432, 37.7459 ], [ -122.23373, 37.74558 ], [ -122.23362, 37.74534 ], [ -122.23327, 37.74544 ], [ -122.23311, 37.74574 ], [ -122.23344, 37.74555 ], [ -122.23373, 37.74566 ], [ -122.23387, 37.74585 ], [ -122.23395, 37.74579 ], [ -122.23397, 37.74593 ], [ -122.23411, 37.74587 ], [ -122.23405, 37.74601 ], [ -122.23478, 37.74633 ], [ -122.23451, 37.74606 ], [ -122.23457, 37.74579 ], [ -122.23476, 37.74555 ], [ -122.23497, 37.74558 ], [ -122.23492, 37.74547 ], [ -122.23511, 37.74552 ], [ -122.23505, 37.74539 ], [ -122.23524, 37.74536 ], [ -122.23532, 37.74504 ], [ -122.23546, 37.74515 ], [ -122.23529, 37.74539 ], [ -122.2357, 37.74507 ], [ -122.23551, 37.74507 ], [ -122.23554, 37.7449 ], [ -122.2354, 37.74482 ], [ -122.23554, 37.74482 ], [ -122.2357, 37.74461 ], [ -122.23546, 37.74466 ], [ -122.23538, 37.74482 ], [ -122.23508, 37.7448 ], [ -122.23511, 37.74469 ], [ -122.23543, 37.74466 ], [ -122.23575, 37.74447 ], [ -122.23556, 37.74428 ], [ -122.23575, 37.74396 ], [ -122.23548, 37.7441 ], [ -122.23532, 37.74445 ], [ -122.23486, 37.74458 ], [ -122.23478, 37.74474 ], [ -122.23459, 37.7448 ], [ -122.23457, 37.74469 ], [ -122.23419, 37.74466 ], [ -122.23419, 37.74485 ], [ -122.23311, 37.74531 ] ], [ [ -122.22543, 37.72857 ], [ -122.22484, 37.7282 ], [ -122.21142, 37.72402 ], [ -122.22333, 37.72795 ], [ -122.22478, 37.72857 ], [ -122.22543, 37.72857 ] ], [ [ -122.22061, 37.74205 ], [ -122.21999, 37.74121 ], [ -122.21996, 37.74132 ], [ -122.21896, 37.74137 ], [ -122.21791, 37.74191 ], [ -122.21737, 37.74143 ], [ -122.21867, 37.74302 ], [ -122.21891, 37.74304 ], [ -122.21964, 37.74261 ], [ -122.21991, 37.74232 ], [ -122.22061, 37.74205 ] ], [ [ -122.22039, 37.71798 ], [ -122.22039, 37.71793 ], [ -122.22034, 37.71798 ], [ -122.22039, 37.71798 ] ], [ [ -122.21923, 37.71736 ], [ -122.21918, 37.71715 ], [ -122.21894, 37.71717 ], [ -122.21886, 37.71739 ], [ -122.21848, 37.71769 ], [ -122.21832, 37.71769 ], [ -122.21837, 37.71782 ], [ -122.21805, 37.71809 ], [ -122.21751, 37.7179 ], [ -122.21783, 37.71822 ], [ -122.21759, 37.71844 ], [ -122.2177, 37.71866 ], [ -122.21759, 37.71914 ], [ -122.21797, 37.71938 ], [ -122.21794, 37.71971 ], [ -122.21818, 37.71973 ], [ -122.21813, 37.71963 ], [ -122.21829, 37.71955 ], [ -122.21845, 37.7196 ], [ -122.21845, 37.71979 ], [ -122.21872, 37.71973 ], [ -122.21894, 37.7199 ], [ -122.21888, 37.72 ], [ -122.21902, 37.71998 ], [ -122.21918, 37.71957 ], [ -122.21883, 37.71946 ], [ -122.21931, 37.71914 ], [ -122.21939, 37.71868 ], [ -122.21993, 37.71812 ], [ -122.22015, 37.71798 ], [ -122.22042, 37.71806 ], [ -122.22012, 37.71779 ], [ -122.2202, 37.71763 ], [ -122.2201, 37.71769 ], [ -122.21964, 37.71747 ], [ -122.21934, 37.71744 ], [ -122.21942, 37.71769 ], [ -122.21896, 37.71763 ], [ -122.21923, 37.71736 ] ], [ [ -122.22796, 37.73536 ], [ -122.22791, 37.73528 ], [ -122.22837, 37.73488 ], [ -122.2285, 37.73448 ], [ -122.22867, 37.73456 ], [ -122.22872, 37.73434 ], [ -122.22864, 37.73418 ], [ -122.22856, 37.73423 ], [ -122.22856, 37.73404 ], [ -122.22891, 37.73375 ], [ -122.22891, 37.73334 ], [ -122.22896, 37.73348 ], [ -122.22915, 37.73342 ], [ -122.22915, 37.73356 ], [ -122.22926, 37.73348 ], [ -122.22918, 37.73294 ], [ -122.22896, 37.73294 ], [ -122.22912, 37.73289 ], [ -122.22904, 37.73264 ], [ -122.22867, 37.73297 ], [ -122.22883, 37.73299 ], [ -122.22877, 37.73318 ], [ -122.22813, 37.73324 ], [ -122.22794, 37.73337 ], [ -122.22778, 37.73337 ], [ -122.22772, 37.73324 ], [ -122.22751, 37.73329 ], [ -122.2278, 37.73313 ], [ -122.22748, 37.73315 ], [ -122.22751, 37.73297 ], [ -122.2274, 37.73297 ], [ -122.22689, 37.73402 ], [ -122.22691, 37.73415 ], [ -122.22708, 37.73407 ], [ -122.22716, 37.73429 ], [ -122.22716, 37.73448 ], [ -122.22705, 37.73418 ], [ -122.22686, 37.73434 ], [ -122.22689, 37.73633 ], [ -122.22743, 37.73566 ], [ -122.22759, 37.73574 ], [ -122.22729, 37.73601 ], [ -122.22734, 37.73623 ], [ -122.22761, 37.7358 ], [ -122.22786, 37.73566 ], [ -122.22813, 37.73569 ], [ -122.22813, 37.73596 ], [ -122.22834, 37.73582 ], [ -122.22842, 37.73553 ], [ -122.22856, 37.73553 ], [ -122.22883, 37.73512 ], [ -122.22867, 37.73526 ], [ -122.22842, 37.73523 ], [ -122.22837, 37.73536 ], [ -122.22831, 37.73526 ], [ -122.22796, 37.73536 ] ], [ [ -122.22805, 37.73604 ], [ -122.22813, 37.73604 ], [ -122.22805, 37.73601 ], [ -122.22805, 37.73604 ] ] ], [ [ [ -122.24236, 37.72227 ], [ -122.24281, 37.7224 ], [ -122.24262, 37.72248 ], [ -122.24281, 37.72278 ], [ -122.24257, 37.72283 ], [ -122.24249, 37.72275 ], [ -122.2423, 37.72291 ], [ -122.24238, 37.7231 ], [ -122.24227, 37.72321 ], [ -122.24295, 37.72356 ], [ -122.24341, 37.72399 ], [ -122.24384, 37.7241 ], [ -122.24508, 37.72485 ], [ -122.24599, 37.72499 ], [ -122.24675, 37.72472 ], [ -122.24675, 37.72434 ], [ -122.24702, 37.72413 ], [ -122.24661, 37.72394 ], [ -122.2464, 37.7241 ], [ -122.24634, 37.72394 ], [ -122.24605, 37.72391 ], [ -122.24589, 37.72413 ], [ -122.24572, 37.7241 ], [ -122.24562, 37.72399 ], [ -122.24597, 37.72383 ], [ -122.24575, 37.72375 ], [ -122.2454, 37.72391 ], [ -122.2454, 37.72361 ], [ -122.24532, 37.72345 ], [ -122.24513, 37.72343 ], [ -122.2451, 37.72326 ], [ -122.24551, 37.72332 ], [ -122.24572, 37.72364 ], [ -122.24591, 37.72364 ], [ -122.24597, 37.72343 ], [ -122.2461, 37.72351 ], [ -122.24607, 37.72378 ], [ -122.24632, 37.72372 ], [ -122.24634, 37.72386 ], [ -122.24651, 37.72375 ], [ -122.24634, 37.72367 ], [ -122.24632, 37.72321 ], [ -122.24645, 37.72321 ], [ -122.24659, 37.72345 ], [ -122.24669, 37.72334 ], [ -122.24659, 37.72318 ], [ -122.24707, 37.72351 ], [ -122.24726, 37.7234 ], [ -122.24678, 37.72286 ], [ -122.24694, 37.72275 ], [ -122.2451, 37.72154 ], [ -122.24489, 37.72149 ], [ -122.24481, 37.7217 ], [ -122.24451, 37.72157 ], [ -122.24435, 37.72173 ], [ -122.24465, 37.72184 ], [ -122.24478, 37.72216 ], [ -122.24451, 37.72202 ], [ -122.2447, 37.72224 ], [ -122.2443, 37.72237 ], [ -122.24435, 37.72262 ], [ -122.24413, 37.72262 ], [ -122.24416, 37.72275 ], [ -122.24389, 37.72289 ], [ -122.24397, 37.72302 ], [ -122.24333, 37.72305 ], [ -122.24308, 37.72326 ], [ -122.24279, 37.72329 ], [ -122.24281, 37.72299 ], [ -122.24311, 37.72289 ], [ -122.24295, 37.72264 ], [ -122.24303, 37.72248 ], [ -122.24316, 37.72246 ], [ -122.24333, 37.72262 ], [ -122.24349, 37.72248 ], [ -122.24338, 37.72235 ], [ -122.24365, 37.72235 ], [ -122.24397, 37.72208 ], [ -122.244, 37.72173 ], [ -122.24384, 37.72173 ], [ -122.24392, 37.72146 ], [ -122.24413, 37.7214 ], [ -122.24411, 37.72119 ], [ -122.24443, 37.72103 ], [ -122.24475, 37.72057 ], [ -122.24478, 37.72014 ], [ -122.24497, 37.72 ], [ -122.24858, 37.72243 ], [ -122.24882, 37.72262 ], [ -122.2489, 37.72291 ], [ -122.24931, 37.72297 ], [ -122.24987, 37.7234 ], [ -122.25066, 37.72413 ], [ -122.25095, 37.72475 ], [ -122.25093, 37.72523 ], [ -122.25068, 37.7255 ], [ -122.25041, 37.72558 ], [ -122.25001, 37.72612 ], [ -122.24885, 37.72615 ], [ -122.24874, 37.72644 ], [ -122.24834, 37.72682 ], [ -122.24764, 37.72744 ], [ -122.24713, 37.72768 ], [ -122.24516, 37.72582 ], [ -122.24338, 37.7248 ], [ -122.24125, 37.72337 ], [ -122.24103, 37.7231 ], [ -122.24085, 37.7231 ], [ -122.23664, 37.72022 ], [ -122.23597, 37.72014 ], [ -122.23629, 37.72 ], [ -122.23632, 37.71976 ], [ -122.23659, 37.71957 ], [ -122.2368, 37.71957 ], [ -122.23891, 37.7206 ], [ -122.2398, 37.72135 ], [ -122.23974, 37.72103 ], [ -122.24041, 37.72151 ], [ -122.24141, 37.72181 ], [ -122.24149, 37.722 ], [ -122.24163, 37.72192 ], [ -122.24165, 37.72208 ], [ -122.24214, 37.72221 ], [ -122.24217, 37.72232 ], [ -122.24236, 37.72227 ] ], [ [ -122.24702, 37.72286 ], [ -122.24702, 37.72281 ], [ -122.24699, 37.72286 ], [ -122.24702, 37.72286 ] ], [ [ -122.23988, 37.72135 ], [ -122.23985, 37.72135 ], [ -122.23988, 37.72138 ], [ -122.23988, 37.72135 ] ], [ [ -122.24483, 37.72149 ], [ -122.24486, 37.72149 ], [ -122.24483, 37.72146 ], [ -122.24483, 37.72149 ] ], [ [ -122.24365, 37.72281 ], [ -122.24368, 37.72281 ], [ -122.24365, 37.72278 ], [ -122.24365, 37.72281 ] ], [ [ -122.24734, 37.72453 ], [ -122.24739, 37.72453 ], [ -122.24737, 37.72448 ], [ -122.24734, 37.72453 ] ], [ [ -122.24397, 37.72165 ], [ -122.24403, 37.72162 ], [ -122.24397, 37.72159 ], [ -122.24397, 37.72165 ] ], [ [ -122.24427, 37.72221 ], [ -122.24432, 37.72221 ], [ -122.24438, 37.72208 ], [ -122.24427, 37.72221 ] ], [ [ -122.24427, 37.72146 ], [ -122.24435, 37.72159 ], [ -122.24435, 37.72146 ], [ -122.24427, 37.72146 ] ], [ [ -122.24397, 37.72264 ], [ -122.24413, 37.72256 ], [ -122.24408, 37.72237 ], [ -122.24386, 37.72248 ], [ -122.24397, 37.72264 ] ] ], [ [ [ -122.23384, 37.73183 ], [ -122.23392, 37.73154 ], [ -122.23414, 37.73135 ], [ -122.23419, 37.73146 ], [ -122.23384, 37.73183 ] ] ], [ [ [ -122.25257, 37.73453 ], [ -122.25246, 37.73464 ], [ -122.25222, 37.73472 ], [ -122.25192, 37.73453 ], [ -122.25163, 37.73453 ], [ -122.25149, 37.73442 ], [ -122.25152, 37.73423 ], [ -122.25122, 37.73404 ], [ -122.25079, 37.73396 ], [ -122.25014, 37.73356 ], [ -122.24958, 37.73345 ], [ -122.24939, 37.73305 ], [ -122.24823, 37.73245 ], [ -122.24691, 37.73148 ], [ -122.24702, 37.73116 ], [ -122.24723, 37.73113 ], [ -122.24758, 37.73151 ], [ -122.24866, 37.73227 ], [ -122.24939, 37.73259 ], [ -122.25093, 37.73361 ], [ -122.25146, 37.73372 ], [ -122.25214, 37.73423 ], [ -122.25249, 37.73434 ], [ -122.25257, 37.73453 ] ] ], [ [ [ -122.25295, 37.73491 ], [ -122.25308, 37.73469 ], [ -122.25357, 37.73474 ], [ -122.25451, 37.73526 ], [ -122.25532, 37.73639 ], [ -122.25516, 37.73633 ], [ -122.2551, 37.73647 ], [ -122.25478, 37.73647 ], [ -122.25459, 37.73639 ], [ -122.254, 37.73553 ], [ -122.25295, 37.73491 ] ] ], [ [ [ -122.2398, 37.73663 ], [ -122.2399, 37.73682 ], [ -122.23982, 37.73733 ], [ -122.23928, 37.73725 ], [ -122.23915, 37.73744 ], [ -122.23923, 37.73714 ], [ -122.23947, 37.73698 ], [ -122.23942, 37.73679 ], [ -122.2395, 37.73668 ], [ -122.2398, 37.73663 ] ], [ [ -122.23982, 37.73704 ], [ -122.23982, 37.73701 ], [ -122.2398, 37.73704 ], [ -122.23982, 37.73704 ] ], [ [ -122.23985, 37.73695 ], [ -122.23985, 37.73693 ], [ -122.23982, 37.73695 ], [ -122.23985, 37.73695 ] ], [ [ -122.2395, 37.73682 ], [ -122.2395, 37.73679 ], [ -122.23947, 37.73682 ], [ -122.2395, 37.73682 ] ], [ [ -122.23971, 37.73674 ], [ -122.23971, 37.73671 ], [ -122.23969, 37.73674 ], [ -122.23971, 37.73674 ] ] ], [ [ [ -122.2471, 37.73698 ], [ -122.24715, 37.73666 ], [ -122.24729, 37.73663 ], [ -122.24731, 37.73701 ], [ -122.24801, 37.73709 ], [ -122.24753, 37.7372 ], [ -122.24791, 37.73733 ], [ -122.24704, 37.73739 ], [ -122.24669, 37.7373 ], [ -122.24702, 37.7372 ], [ -122.24675, 37.73706 ], [ -122.2471, 37.73698 ] ], [ [ -122.24739, 37.73722 ], [ -122.24739, 37.7372 ], [ -122.24737, 37.73722 ], [ -122.24739, 37.73722 ] ] ], [ [ [ -122.2561, 37.74081 ], [ -122.25683, 37.74132 ], [ -122.25739, 37.74132 ], [ -122.25844, 37.74105 ], [ -122.25877, 37.74057 ], [ -122.25882, 37.74003 ], [ -122.25904, 37.73986 ], [ -122.25928, 37.73989 ], [ -122.25939, 37.74003 ], [ -122.25925, 37.74086 ], [ -122.25879, 37.7414 ], [ -122.25796, 37.7417 ], [ -122.25691, 37.74181 ], [ -122.25645, 37.74167 ], [ -122.25551, 37.74105 ], [ -122.25491, 37.74089 ], [ -122.2544, 37.74038 ], [ -122.25402, 37.74027 ], [ -122.25367, 37.74 ], [ -122.25354, 37.74003 ], [ -122.25303, 37.73965 ], [ -122.25273, 37.73984 ], [ -122.25252, 37.7403 ], [ -122.2523, 37.74043 ], [ -122.25227, 37.74073 ], [ -122.25198, 37.74078 ], [ -122.25163, 37.74062 ], [ -122.25157, 37.74038 ], [ -122.25195, 37.74008 ], [ -122.25227, 37.73927 ], [ -122.2526, 37.73914 ], [ -122.25335, 37.73919 ], [ -122.25378, 37.73949 ], [ -122.25424, 37.73957 ], [ -122.25456, 37.73995 ], [ -122.25475, 37.73997 ], [ -122.25478, 37.74016 ], [ -122.25545, 37.74043 ], [ -122.25567, 37.74067 ], [ -122.2561, 37.74081 ] ], [ [ -122.2568, 37.7414 ], [ -122.25669, 37.74137 ], [ -122.2568, 37.74145 ], [ -122.2568, 37.7414 ] ] ], [ [ [ -122.23928, 37.73992 ], [ -122.23928, 37.73984 ], [ -122.23971, 37.73981 ], [ -122.23977, 37.73914 ], [ -122.23966, 37.73898 ], [ -122.2399, 37.73836 ], [ -122.24009, 37.73822 ], [ -122.24006, 37.73792 ], [ -122.2405, 37.73782 ], [ -122.24063, 37.73757 ], [ -122.24141, 37.73827 ], [ -122.24262, 37.73833 ], [ -122.2426, 37.73868 ], [ -122.24298, 37.73914 ], [ -122.24284, 37.73938 ], [ -122.24303, 37.73954 ], [ -122.24308, 37.73984 ], [ -122.24335, 37.74 ], [ -122.24403, 37.74005 ], [ -122.24435, 37.73976 ], [ -122.2447, 37.73976 ], [ -122.24535, 37.73943 ], [ -122.24545, 37.73954 ], [ -122.24605, 37.7396 ], [ -122.24621, 37.73925 ], [ -122.24605, 37.73911 ], [ -122.24621, 37.73908 ], [ -122.24624, 37.73922 ], [ -122.24661, 37.7393 ], [ -122.24661, 37.73995 ], [ -122.24731, 37.74013 ], [ -122.2482, 37.73995 ], [ -122.24831, 37.73962 ], [ -122.24952, 37.74003 ], [ -122.24979, 37.73995 ], [ -122.25006, 37.7396 ], [ -122.25036, 37.74008 ], [ -122.25101, 37.73995 ], [ -122.25141, 37.74005 ], [ -122.2513, 37.74032 ], [ -122.25103, 37.7404 ], [ -122.25006, 37.7403 ], [ -122.24987, 37.74043 ], [ -122.24874, 37.74048 ], [ -122.24831, 37.74038 ], [ -122.24791, 37.74073 ], [ -122.24688, 37.74097 ], [ -122.24659, 37.74081 ], [ -122.24645, 37.74043 ], [ -122.24602, 37.74022 ], [ -122.24602, 37.74011 ], [ -122.2454, 37.73995 ], [ -122.245, 37.74008 ], [ -122.24489, 37.74024 ], [ -122.24473, 37.74019 ], [ -122.24454, 37.74038 ], [ -122.244, 37.74048 ], [ -122.24392, 37.74092 ], [ -122.24381, 37.74092 ], [ -122.24373, 37.74081 ], [ -122.24386, 37.74067 ], [ -122.24341, 37.74067 ], [ -122.24324, 37.74046 ], [ -122.24308, 37.74054 ], [ -122.24303, 37.74081 ], [ -122.24268, 37.7407 ], [ -122.24254, 37.7404 ], [ -122.24217, 37.74022 ], [ -122.24217, 37.73995 ], [ -122.24187, 37.73981 ], [ -122.24198, 37.7396 ], [ -122.24184, 37.73919 ], [ -122.24139, 37.73914 ], [ -122.24139, 37.73927 ], [ -122.24122, 37.73925 ], [ -122.24122, 37.73892 ], [ -122.24147, 37.73895 ], [ -122.24149, 37.73884 ], [ -122.2413, 37.73876 ], [ -122.24098, 37.73887 ], [ -122.24041, 37.73881 ], [ -122.24028, 37.73898 ], [ -122.24044, 37.73906 ], [ -122.2402, 37.73906 ], [ -122.24031, 37.73997 ], [ -122.24063, 37.73992 ], [ -122.24052, 37.73957 ], [ -122.24066, 37.73954 ], [ -122.24093, 37.74003 ], [ -122.24085, 37.74032 ], [ -122.24047, 37.74016 ], [ -122.2405, 37.74051 ], [ -122.24074, 37.74084 ], [ -122.24101, 37.74073 ], [ -122.24117, 37.74075 ], [ -122.24087, 37.74089 ], [ -122.24106, 37.74145 ], [ -122.2413, 37.74151 ], [ -122.24117, 37.74183 ], [ -122.24149, 37.74213 ], [ -122.24201, 37.74224 ], [ -122.24217, 37.74253 ], [ -122.24211, 37.7428 ], [ -122.24179, 37.74296 ], [ -122.24179, 37.74326 ], [ -122.24155, 37.74342 ], [ -122.24176, 37.7435 ], [ -122.24195, 37.74331 ], [ -122.24217, 37.74331 ], [ -122.24219, 37.74345 ], [ -122.24187, 37.74358 ], [ -122.24168, 37.74393 ], [ -122.24144, 37.74366 ], [ -122.24155, 37.74345 ], [ -122.24141, 37.74348 ], [ -122.24125, 37.74391 ], [ -122.24101, 37.74399 ], [ -122.24087, 37.74431 ], [ -122.24063, 37.74447 ], [ -122.24044, 37.74442 ], [ -122.24039, 37.74407 ], [ -122.24079, 37.74361 ], [ -122.24074, 37.74342 ], [ -122.24087, 37.74345 ], [ -122.24147, 37.74283 ], [ -122.2412, 37.7428 ], [ -122.24087, 37.74248 ], [ -122.2409, 37.74213 ], [ -122.24074, 37.74202 ], [ -122.24063, 37.74145 ], [ -122.24044, 37.74154 ], [ -122.24044, 37.74137 ], [ -122.2402, 37.74135 ], [ -122.2402, 37.74119 ], [ -122.23998, 37.74116 ], [ -122.24028, 37.7411 ], [ -122.24033, 37.74092 ], [ -122.24012, 37.7407 ], [ -122.24006, 37.74038 ], [ -122.23982, 37.74024 ], [ -122.23982, 37.74005 ], [ -122.23969, 37.73992 ], [ -122.23928, 37.73992 ] ], [ [ -122.24025, 37.74113 ], [ -122.2402, 37.74113 ], [ -122.2402, 37.74119 ], [ -122.24025, 37.74113 ] ], [ [ -122.24306, 37.74035 ], [ -122.24308, 37.74051 ], [ -122.24316, 37.74038 ], [ -122.24271, 37.74008 ], [ -122.24246, 37.73976 ], [ -122.2423, 37.73981 ], [ -122.2426, 37.74 ], [ -122.24257, 37.74024 ], [ -122.24273, 37.74027 ], [ -122.24273, 37.74038 ], [ -122.24306, 37.74035 ] ], [ [ -122.24152, 37.73892 ], [ -122.24149, 37.73892 ], [ -122.24152, 37.73895 ], [ -122.24152, 37.73892 ] ], [ [ -122.24055, 37.74145 ], [ -122.24058, 37.74145 ], [ -122.24055, 37.74143 ], [ -122.24055, 37.74145 ] ], [ [ -122.24238, 37.73997 ], [ -122.24238, 37.74 ], [ -122.24241, 37.73997 ], [ -122.24238, 37.73997 ] ], [ [ -122.24206, 37.73927 ], [ -122.24209, 37.73933 ], [ -122.24214, 37.73927 ], [ -122.24206, 37.73927 ] ], [ [ -122.24254, 37.74003 ], [ -122.24244, 37.74003 ], [ -122.24254, 37.74008 ], [ -122.24254, 37.74003 ] ], [ [ -122.24233, 37.73951 ], [ -122.24236, 37.73957 ], [ -122.24241, 37.73951 ], [ -122.24233, 37.73951 ] ], [ [ -122.24227, 37.73957 ], [ -122.24227, 37.73965 ], [ -122.24233, 37.73965 ], [ -122.24236, 37.73957 ], [ -122.24227, 37.73957 ] ], [ [ -122.24055, 37.74011 ], [ -122.2405, 37.74003 ], [ -122.24041, 37.74011 ], [ -122.24055, 37.74011 ] ], [ [ -122.24233, 37.73933 ], [ -122.24227, 37.73914 ], [ -122.24219, 37.73933 ], [ -122.24233, 37.73933 ] ], [ [ -122.24152, 37.73876 ], [ -122.24168, 37.73898 ], [ -122.24227, 37.73906 ], [ -122.24201, 37.73873 ], [ -122.24152, 37.73876 ] ] ], [ [ [ -122.22732, 37.74579 ], [ -122.22691, 37.7459 ], [ -122.22678, 37.7455 ], [ -122.22691, 37.74544 ], [ -122.22672, 37.74542 ], [ -122.22737, 37.74536 ], [ -122.22848, 37.74558 ], [ -122.22858, 37.74577 ], [ -122.2284, 37.74596 ], [ -122.2281, 37.74579 ], [ -122.22794, 37.7459 ], [ -122.22761, 37.74587 ], [ -122.22756, 37.74598 ], [ -122.22732, 37.74579 ] ], [ [ -122.2278, 37.74587 ], [ -122.22786, 37.74587 ], [ -122.22794, 37.74574 ], [ -122.2278, 37.74587 ] ], [ [ -122.22842, 37.74569 ], [ -122.22842, 37.74566 ], [ -122.2284, 37.74569 ], [ -122.22842, 37.74569 ] ] ], [ [ [ -122.24271, 37.74547 ], [ -122.24262, 37.74606 ], [ -122.24241, 37.74582 ], [ -122.24252, 37.7455 ], [ -122.24233, 37.74531 ], [ -122.24211, 37.74536 ], [ -122.24236, 37.74625 ], [ -122.24222, 37.74623 ], [ -122.24192, 37.74658 ], [ -122.24195, 37.74736 ], [ -122.24225, 37.74733 ], [ -122.24222, 37.74668 ], [ -122.24246, 37.74658 ], [ -122.24265, 37.74671 ], [ -122.24246, 37.74676 ], [ -122.24238, 37.74714 ], [ -122.24265, 37.74717 ], [ -122.24271, 37.74738 ], [ -122.24246, 37.74728 ], [ -122.24252, 37.74749 ], [ -122.24198, 37.74757 ], [ -122.24203, 37.74776 ], [ -122.24157, 37.74776 ], [ -122.24149, 37.74765 ], [ -122.24103, 37.74757 ], [ -122.24112, 37.74703 ], [ -122.24074, 37.74647 ], [ -122.24087, 37.74641 ], [ -122.24082, 37.74609 ], [ -122.2406, 37.74582 ], [ -122.24031, 37.74585 ], [ -122.23958, 37.74485 ], [ -122.23969, 37.74477 ], [ -122.23982, 37.74488 ], [ -122.24079, 37.74596 ], [ -122.24103, 37.74574 ], [ -122.24122, 37.74579 ], [ -122.24125, 37.74566 ], [ -122.24087, 37.74561 ], [ -122.24063, 37.74525 ], [ -122.2402, 37.74499 ], [ -122.24028, 37.74474 ], [ -122.24047, 37.74474 ], [ -122.24063, 37.7449 ], [ -122.24147, 37.74496 ], [ -122.24187, 37.74531 ], [ -122.24182, 37.7449 ], [ -122.24195, 37.7449 ], [ -122.24222, 37.74507 ], [ -122.24241, 37.74504 ], [ -122.24257, 37.74544 ], [ -122.24271, 37.74547 ] ], [ [ -122.24136, 37.74631 ], [ -122.24171, 37.74614 ], [ -122.24155, 37.74574 ], [ -122.24139, 37.74614 ], [ -122.24098, 37.74628 ], [ -122.24101, 37.7466 ], [ -122.24122, 37.74684 ], [ -122.24122, 37.74749 ], [ -122.24147, 37.74746 ], [ -122.24149, 37.7469 ], [ -122.24128, 37.74649 ], [ -122.24136, 37.74631 ] ], [ [ -122.2409, 37.74625 ], [ -122.24095, 37.74625 ], [ -122.2409, 37.74623 ], [ -122.2409, 37.74625 ] ], [ [ -122.24093, 37.7462 ], [ -122.24122, 37.74606 ], [ -122.24122, 37.74596 ], [ -122.24085, 37.74596 ], [ -122.24093, 37.7462 ] ], [ [ -122.24141, 37.74574 ], [ -122.24133, 37.74571 ], [ -122.24139, 37.74579 ], [ -122.24141, 37.74574 ] ], [ [ -122.24047, 37.74571 ], [ -122.24028, 37.74552 ], [ -122.2402, 37.74552 ], [ -122.24033, 37.74579 ], [ -122.24047, 37.74571 ] ], [ [ -122.24128, 37.74566 ], [ -122.24136, 37.74569 ], [ -122.24128, 37.74563 ], [ -122.24128, 37.74566 ] ], [ [ -122.24201, 37.74534 ], [ -122.24206, 37.74534 ], [ -122.24201, 37.74531 ], [ -122.24201, 37.74534 ] ] ], [ [ [ -122.24219, 37.75412 ], [ -122.24241, 37.75436 ], [ -122.24236, 37.75447 ], [ -122.24206, 37.7542 ], [ -122.24171, 37.75415 ], [ -122.24144, 37.75453 ], [ -122.24098, 37.75439 ], [ -122.24066, 37.75447 ], [ -122.24063, 37.75436 ], [ -122.24085, 37.75442 ], [ -122.2409, 37.75434 ], [ -122.24079, 37.75436 ], [ -122.24063, 37.75415 ], [ -122.24074, 37.75399 ], [ -122.24044, 37.75418 ], [ -122.24058, 37.75404 ], [ -122.2405, 37.75388 ], [ -122.24068, 37.75388 ], [ -122.24101, 37.75356 ], [ -122.24074, 37.75326 ], [ -122.24095, 37.75329 ], [ -122.24074, 37.75304 ], [ -122.24128, 37.75331 ], [ -122.24149, 37.75323 ], [ -122.24144, 37.75334 ], [ -122.24171, 37.75337 ], [ -122.24157, 37.75339 ], [ -122.24163, 37.75347 ], [ -122.24201, 37.7535 ], [ -122.24198, 37.75358 ], [ -122.24238, 37.75377 ], [ -122.24265, 37.75369 ], [ -122.24268, 37.75391 ], [ -122.24292, 37.75382 ], [ -122.24289, 37.75407 ], [ -122.24319, 37.75418 ], [ -122.24311, 37.75426 ], [ -122.24349, 37.75444 ], [ -122.24351, 37.75458 ], [ -122.24365, 37.75455 ], [ -122.24365, 37.75447 ], [ -122.24381, 37.75442 ], [ -122.24443, 37.7549 ], [ -122.24416, 37.7549 ], [ -122.24408, 37.75501 ], [ -122.24483, 37.75547 ], [ -122.24219, 37.75412 ] ], [ [ -122.24077, 37.75396 ], [ -122.24074, 37.75396 ], [ -122.24074, 37.75399 ], [ -122.24077, 37.75396 ] ], [ [ -122.24141, 37.75337 ], [ -122.24144, 37.75337 ], [ -122.24144, 37.75334 ], [ -122.24141, 37.75337 ] ], [ [ -122.24195, 37.75361 ], [ -122.24198, 37.75361 ], [ -122.24198, 37.75358 ], [ -122.24195, 37.75361 ] ], [ [ -122.24378, 37.75444 ], [ -122.2437, 37.75447 ], [ -122.24381, 37.75455 ], [ -122.24378, 37.75444 ] ], [ [ -122.24211, 37.75412 ], [ -122.24214, 37.75412 ], [ -122.24211, 37.75409 ], [ -122.24211, 37.75412 ] ], [ [ -122.24203, 37.75404 ], [ -122.24206, 37.75409 ], [ -122.24209, 37.75404 ], [ -122.24203, 37.75404 ] ], [ [ -122.24201, 37.75401 ], [ -122.24201, 37.75404 ], [ -122.24203, 37.75404 ], [ -122.24201, 37.75401 ] ], [ [ -122.2412, 37.75444 ], [ -122.24122, 37.75444 ], [ -122.2412, 37.75442 ], [ -122.2412, 37.75444 ] ], [ [ -122.24195, 37.75377 ], [ -122.24209, 37.75369 ], [ -122.24195, 37.75372 ], [ -122.24195, 37.75377 ] ], [ [ -122.24324, 37.75439 ], [ -122.24324, 37.75436 ], [ -122.24322, 37.75439 ], [ -122.24324, 37.75439 ] ], [ [ -122.24338, 37.75453 ], [ -122.24341, 37.75453 ], [ -122.24338, 37.7545 ], [ -122.24338, 37.75453 ] ], [ [ -122.24144, 37.75428 ], [ -122.24147, 37.75428 ], [ -122.24144, 37.75426 ], [ -122.24144, 37.75428 ] ], [ [ -122.24254, 37.75382 ], [ -122.2426, 37.75382 ], [ -122.24254, 37.7538 ], [ -122.24254, 37.75382 ] ], [ [ -122.24122, 37.75372 ], [ -122.24128, 37.75372 ], [ -122.24122, 37.75369 ], [ -122.24122, 37.75372 ] ], [ [ -122.24392, 37.75477 ], [ -122.24392, 37.75474 ], [ -122.24386, 37.75477 ], [ -122.24392, 37.75477 ] ], [ [ -122.24133, 37.75439 ], [ -122.24141, 37.75439 ], [ -122.24133, 37.75436 ], [ -122.24133, 37.75439 ] ], [ [ -122.2433, 37.75453 ], [ -122.24335, 37.75453 ], [ -122.24333, 37.75447 ], [ -122.2433, 37.75453 ] ], [ [ -122.24087, 37.75401 ], [ -122.2409, 37.75404 ], [ -122.24095, 37.75404 ], [ -122.24087, 37.75401 ] ], [ [ -122.24311, 37.75458 ], [ -122.24322, 37.75453 ], [ -122.24314, 37.75439 ], [ -122.24311, 37.75458 ] ], [ [ -122.24252, 37.75396 ], [ -122.24246, 37.75396 ], [ -122.24252, 37.75399 ], [ -122.24252, 37.75396 ] ], [ [ -122.24244, 37.75399 ], [ -122.24233, 37.75407 ], [ -122.24249, 37.75415 ], [ -122.24257, 37.75407 ], [ -122.24244, 37.75399 ] ], [ [ -122.24306, 37.7542 ], [ -122.243, 37.7542 ], [ -122.24306, 37.75423 ], [ -122.24306, 37.7542 ] ], [ [ -122.24298, 37.75423 ], [ -122.24281, 37.75415 ], [ -122.24273, 37.75428 ], [ -122.24298, 37.75442 ], [ -122.24298, 37.75423 ] ] ], [ [ [ -122.24815, 37.75614 ], [ -122.24799, 37.75595 ], [ -122.24766, 37.75582 ], [ -122.24753, 37.75587 ], [ -122.24739, 37.75571 ], [ -122.24713, 37.75582 ], [ -122.2475, 37.75609 ], [ -122.24699, 37.75601 ], [ -122.24688, 37.7559 ], [ -122.24661, 37.75606 ], [ -122.24664, 37.75617 ], [ -122.24637, 37.75625 ], [ -122.24629, 37.75609 ], [ -122.24653, 37.75555 ], [ -122.2464, 37.75541 ], [ -122.24607, 37.75541 ], [ -122.24559, 37.7559 ], [ -122.24578, 37.75528 ], [ -122.24554, 37.7552 ], [ -122.24559, 37.75501 ], [ -122.24524, 37.7552 ], [ -122.24497, 37.7556 ], [ -122.24505, 37.75528 ], [ -122.24492, 37.75533 ], [ -122.24492, 37.75525 ], [ -122.24535, 37.75474 ], [ -122.24516, 37.75471 ], [ -122.24519, 37.75455 ], [ -122.24497, 37.75461 ], [ -122.24492, 37.75479 ], [ -122.24416, 37.75444 ], [ -122.24389, 37.75444 ], [ -122.24384, 37.75426 ], [ -122.24284, 37.75347 ], [ -122.24271, 37.75299 ], [ -122.24222, 37.75272 ], [ -122.24179, 37.75288 ], [ -122.24125, 37.75245 ], [ -122.24206, 37.75232 ], [ -122.24349, 37.75277 ], [ -122.24341, 37.75347 ], [ -122.24432, 37.75418 ], [ -122.24475, 37.75418 ], [ -122.245, 37.75393 ], [ -122.24529, 37.75385 ], [ -122.24575, 37.75401 ], [ -122.24575, 37.7542 ], [ -122.24589, 37.75412 ], [ -122.24583, 37.75431 ], [ -122.24602, 37.7542 ], [ -122.2464, 37.7542 ], [ -122.24691, 37.75447 ], [ -122.24723, 37.75447 ], [ -122.24739, 37.75466 ], [ -122.24823, 37.75506 ], [ -122.24885, 37.75571 ], [ -122.2488, 37.7562 ], [ -122.24855, 37.75628 ], [ -122.24815, 37.75614 ] ], [ [ -122.24702, 37.75598 ], [ -122.24704, 37.75598 ], [ -122.24702, 37.75595 ], [ -122.24702, 37.75598 ] ], [ [ -122.24634, 37.75614 ], [ -122.24634, 37.75617 ], [ -122.24637, 37.75614 ], [ -122.24634, 37.75614 ] ], [ [ -122.24605, 37.75428 ], [ -122.24605, 37.75426 ], [ -122.24602, 37.75428 ], [ -122.24605, 37.75428 ] ], [ [ -122.24678, 37.75577 ], [ -122.2468, 37.75577 ], [ -122.24678, 37.75574 ], [ -122.24678, 37.75577 ] ], [ [ -122.24651, 37.75523 ], [ -122.24653, 37.75523 ], [ -122.24651, 37.7552 ], [ -122.24651, 37.75523 ] ], [ [ -122.24597, 37.75482 ], [ -122.24599, 37.75482 ], [ -122.24597, 37.75479 ], [ -122.24597, 37.75482 ] ], [ [ -122.24688, 37.75552 ], [ -122.24691, 37.75552 ], [ -122.24688, 37.7555 ], [ -122.24688, 37.75552 ] ], [ [ -122.24583, 37.75488 ], [ -122.24586, 37.75488 ], [ -122.24583, 37.75485 ], [ -122.24583, 37.75488 ] ], [ [ -122.24589, 37.75482 ], [ -122.24594, 37.75482 ], [ -122.24589, 37.75479 ], [ -122.24589, 37.75482 ] ], [ [ -122.24559, 37.75482 ], [ -122.24567, 37.75482 ], [ -122.24559, 37.75479 ], [ -122.24559, 37.75482 ] ], [ [ -122.24645, 37.75544 ], [ -122.24653, 37.75544 ], [ -122.24645, 37.75541 ], [ -122.24645, 37.75544 ] ], [ [ -122.24656, 37.75544 ], [ -122.24664, 37.75544 ], [ -122.24656, 37.75541 ], [ -122.24656, 37.75544 ] ], [ [ -122.24521, 37.75442 ], [ -122.24519, 37.75453 ], [ -122.2454, 37.75447 ], [ -122.24521, 37.75442 ] ], [ [ -122.2471, 37.75558 ], [ -122.24731, 37.75563 ], [ -122.24745, 37.75544 ], [ -122.24715, 37.75533 ], [ -122.24721, 37.75515 ], [ -122.24645, 37.75477 ], [ -122.24624, 37.75479 ], [ -122.24661, 37.75504 ], [ -122.24656, 37.75528 ], [ -122.24669, 37.75528 ], [ -122.24678, 37.75544 ], [ -122.24699, 37.75536 ], [ -122.24688, 37.75571 ], [ -122.2471, 37.75579 ], [ -122.2471, 37.75558 ] ], [ [ -122.24651, 37.75533 ], [ -122.24653, 37.75533 ], [ -122.24656, 37.75528 ], [ -122.24651, 37.75533 ] ], [ [ -122.24624, 37.75477 ], [ -122.2461, 37.75458 ], [ -122.24594, 37.75461 ], [ -122.24613, 37.75477 ], [ -122.24624, 37.75477 ] ] ], [ [ [ -122.25181, 37.76159 ], [ -122.25184, 37.76145 ], [ -122.2516, 37.76134 ], [ -122.25049, 37.76021 ], [ -122.25012, 37.75946 ], [ -122.24966, 37.75911 ], [ -122.24893, 37.75819 ], [ -122.2492, 37.75819 ], [ -122.25036, 37.75889 ], [ -122.25047, 37.75911 ], [ -122.25033, 37.75927 ], [ -122.25203, 37.76107 ], [ -122.252, 37.76118 ], [ -122.25208, 37.76107 ], [ -122.25222, 37.76113 ], [ -122.25214, 37.76121 ], [ -122.25233, 37.76142 ], [ -122.25284, 37.76121 ], [ -122.25327, 37.76145 ], [ -122.25316, 37.76177 ], [ -122.25324, 37.76215 ], [ -122.253, 37.76245 ], [ -122.25233, 37.76207 ], [ -122.25181, 37.76159 ] ] ], [ [ [ -122.25637, 37.76372 ], [ -122.2568, 37.76358 ], [ -122.25734, 37.76277 ], [ -122.25745, 37.76237 ], [ -122.25764, 37.76231 ], [ -122.25782, 37.76237 ], [ -122.25782, 37.76256 ], [ -122.25712, 37.76382 ], [ -122.25729, 37.76396 ], [ -122.25777, 37.76398 ], [ -122.2582, 37.76353 ], [ -122.25863, 37.76261 ], [ -122.25896, 37.76256 ], [ -122.25885, 37.76318 ], [ -122.25834, 37.76393 ], [ -122.25836, 37.76417 ], [ -122.25858, 37.76434 ], [ -122.25906, 37.76431 ], [ -122.2596, 37.7635 ], [ -122.25985, 37.7628 ], [ -122.26012, 37.7628 ], [ -122.2602, 37.76291 ], [ -122.26006, 37.76323 ], [ -122.26017, 37.76336 ], [ -122.26076, 37.76342 ], [ -122.26111, 37.76304 ], [ -122.26135, 37.76315 ], [ -122.26146, 37.76363 ], [ -122.26187, 37.7638 ], [ -122.26208, 37.76377 ], [ -122.26224, 37.76353 ], [ -122.26259, 37.76363 ], [ -122.2623, 37.76436 ], [ -122.26262, 37.7646 ], [ -122.26303, 37.76458 ], [ -122.26346, 37.76396 ], [ -122.26408, 37.76417 ], [ -122.26383, 37.76509 ], [ -122.26418, 37.76536 ], [ -122.26459, 37.76525 ], [ -122.26491, 37.76452 ], [ -122.26532, 37.76463 ], [ -122.26497, 37.76552 ], [ -122.26513, 37.76574 ], [ -122.26569, 37.76579 ], [ -122.26612, 37.76498 ], [ -122.26658, 37.76512 ], [ -122.2661, 37.76598 ], [ -122.26631, 37.7663 ], [ -122.26664, 37.76638 ], [ -122.26688, 37.7663 ], [ -122.26734, 37.76547 ], [ -122.26771, 37.76552 ], [ -122.26777, 37.76566 ], [ -122.2672, 37.76654 ], [ -122.26723, 37.76681 ], [ -122.26742, 37.76692 ], [ -122.2678, 37.76698 ], [ -122.26796, 37.7669 ], [ -122.2685, 37.76593 ], [ -122.26885, 37.76595 ], [ -122.26895, 37.76606 ], [ -122.26831, 37.76716 ], [ -122.26831, 37.76733 ], [ -122.26858, 37.76752 ], [ -122.26904, 37.76749 ], [ -122.26968, 37.76636 ], [ -122.26987, 37.76633 ], [ -122.27014, 37.76652 ], [ -122.26952, 37.76768 ], [ -122.26984, 37.76789 ], [ -122.27011, 37.76792 ], [ -122.27033, 37.76778 ], [ -122.27084, 37.76684 ], [ -122.27103, 37.76676 ], [ -122.27111, 37.76797 ], [ -122.27089, 37.76857 ], [ -122.27044, 37.76859 ], [ -122.26966, 37.76811 ], [ -122.26847, 37.76781 ], [ -122.26761, 37.76746 ], [ -122.26664, 37.76684 ], [ -122.26586, 37.76657 ], [ -122.26518, 37.76609 ], [ -122.26486, 37.76603 ], [ -122.26176, 37.76455 ], [ -122.26141, 37.76434 ], [ -122.26165, 37.76388 ], [ -122.26138, 37.76374 ], [ -122.26103, 37.76369 ], [ -122.26087, 37.76388 ], [ -122.26055, 37.76372 ], [ -122.26038, 37.76385 ], [ -122.25993, 37.76382 ], [ -122.2595, 37.76423 ], [ -122.25931, 37.76463 ], [ -122.25909, 37.76474 ], [ -122.25863, 37.76469 ], [ -122.25791, 37.76431 ], [ -122.25745, 37.76428 ], [ -122.25694, 37.76444 ], [ -122.25637, 37.7642 ], [ -122.25462, 37.76312 ], [ -122.25473, 37.76288 ], [ -122.25464, 37.76264 ], [ -122.2551, 37.76194 ], [ -122.25532, 37.76167 ], [ -122.25561, 37.76183 ], [ -122.25508, 37.76269 ], [ -122.25518, 37.76288 ], [ -122.25564, 37.7631 ], [ -122.25586, 37.76296 ], [ -122.2564, 37.76207 ], [ -122.25669, 37.76213 ], [ -122.25602, 37.76331 ], [ -122.25637, 37.76372 ] ] ], [ [ [ -122.27472, 37.76768 ], [ -122.27491, 37.76746 ], [ -122.27534, 37.7676 ], [ -122.27534, 37.7677 ], [ -122.27488, 37.76789 ], [ -122.27494, 37.76835 ], [ -122.27461, 37.76843 ], [ -122.27432, 37.76811 ], [ -122.27467, 37.76808 ], [ -122.27478, 37.76792 ], [ -122.2744, 37.76776 ], [ -122.27472, 37.76768 ] ] ], [ [ [ -122.22093, 37.76951 ], [ -122.22107, 37.76997 ], [ -122.2209, 37.76999 ], [ -122.22096, 37.7701 ], [ -122.22093, 37.77016 ], [ -122.22055, 37.77013 ], [ -122.22026, 37.76994 ], [ -122.22053, 37.76967 ], [ -122.2205, 37.76943 ], [ -122.22093, 37.76951 ] ] ], [ [ [ -122.2762, 37.78312 ], [ -122.27631, 37.78218 ], [ -122.27634, 37.78234 ], [ -122.27642, 37.78228 ], [ -122.27634, 37.78277 ], [ -122.27642, 37.78263 ], [ -122.27658, 37.78309 ], [ -122.27669, 37.78185 ], [ -122.27685, 37.7832 ], [ -122.27709, 37.78331 ], [ -122.2769, 37.78342 ], [ -122.27709, 37.78352 ], [ -122.27696, 37.78368 ], [ -122.27701, 37.78414 ], [ -122.27664, 37.78379 ], [ -122.27677, 37.78441 ], [ -122.27655, 37.78422 ], [ -122.27647, 37.78455 ], [ -122.27588, 37.78368 ], [ -122.27615, 37.7839 ], [ -122.27631, 37.78385 ], [ -122.27556, 37.78255 ], [ -122.2758, 37.78236 ], [ -122.2762, 37.78312 ] ], [ [ -122.27658, 37.78368 ], [ -122.27661, 37.78379 ], [ -122.27664, 37.78379 ], [ -122.27658, 37.78368 ] ], [ [ -122.27658, 37.78366 ], [ -122.27661, 37.78366 ], [ -122.27655, 37.78355 ], [ -122.27658, 37.78366 ] ], [ [ -122.27658, 37.78414 ], [ -122.27658, 37.78417 ], [ -122.27661, 37.78414 ], [ -122.27658, 37.78414 ] ], [ [ -122.27607, 37.7832 ], [ -122.27607, 37.78325 ], [ -122.2761, 37.7832 ], [ -122.27607, 37.7832 ] ] ], [ [ [ -122.31345, 37.78325 ], [ -122.31364, 37.78323 ], [ -122.3135, 37.78333 ], [ -122.31374, 37.78347 ], [ -122.31337, 37.7835 ], [ -122.31331, 37.78342 ], [ -122.31326, 37.7835 ], [ -122.31294, 37.78352 ], [ -122.31307, 37.78331 ], [ -122.31288, 37.78312 ], [ -122.31302, 37.78304 ], [ -122.3128, 37.78301 ], [ -122.31248, 37.78269 ], [ -122.31299, 37.78288 ], [ -122.31334, 37.78282 ], [ -122.31334, 37.78309 ], [ -122.31345, 37.78325 ] ], [ [ -122.31312, 37.78347 ], [ -122.31315, 37.78347 ], [ -122.3131, 37.78342 ], [ -122.31312, 37.78347 ] ] ], [ [ [ -122.32819, 37.78164 ], [ -122.3307, 37.78563 ], [ -122.32959, 37.78546 ], [ -122.32932, 37.78498 ], [ -122.32876, 37.78457 ], [ -122.3284, 37.78385 ], [ -122.32752, 37.78301 ], [ -122.32706, 37.78212 ], [ -122.32717, 37.78158 ], [ -122.32819, 37.78164 ] ], [ [ -122.32908, 37.7835 ], [ -122.32911, 37.7835 ], [ -122.32908, 37.78347 ], [ -122.32908, 37.7835 ] ], [ [ -122.32881, 37.78298 ], [ -122.32884, 37.78298 ], [ -122.32881, 37.78296 ], [ -122.32881, 37.78298 ] ] ], [ [ [ -122.27583, 37.78425 ], [ -122.27588, 37.78457 ], [ -122.27596, 37.78449 ], [ -122.27604, 37.78457 ], [ -122.27615, 37.78441 ], [ -122.27634, 37.78449 ], [ -122.27653, 37.78492 ], [ -122.27672, 37.78501 ], [ -122.27661, 37.78519 ], [ -122.27664, 37.78533 ], [ -122.27669, 37.78519 ], [ -122.2768, 37.78527 ], [ -122.27677, 37.78668 ], [ -122.27699, 37.78751 ], [ -122.27688, 37.78797 ], [ -122.27725, 37.78829 ], [ -122.27701, 37.78829 ], [ -122.27696, 37.78845 ], [ -122.27701, 37.78948 ], [ -122.27688, 37.78959 ], [ -122.27682, 37.78943 ], [ -122.2768, 37.78969 ], [ -122.27655, 37.78948 ], [ -122.27647, 37.78975 ], [ -122.27612, 37.78967 ], [ -122.27628, 37.78953 ], [ -122.27612, 37.78918 ], [ -122.27631, 37.78929 ], [ -122.27631, 37.7891 ], [ -122.27645, 37.7891 ], [ -122.27647, 37.78832 ], [ -122.27596, 37.78835 ], [ -122.27602, 37.78916 ], [ -122.27583, 37.78932 ], [ -122.27558, 37.78913 ], [ -122.27564, 37.78899 ], [ -122.27529, 37.78891 ], [ -122.27566, 37.78859 ], [ -122.27564, 37.78824 ], [ -122.27575, 37.78824 ], [ -122.27561, 37.78805 ], [ -122.27542, 37.78802 ], [ -122.27542, 37.78783 ], [ -122.27564, 37.78762 ], [ -122.27545, 37.78649 ], [ -122.27534, 37.78649 ], [ -122.2754, 37.78525 ], [ -122.27518, 37.78514 ], [ -122.27537, 37.78471 ], [ -122.27507, 37.78269 ], [ -122.27548, 37.78363 ], [ -122.27537, 37.78379 ], [ -122.27542, 37.78422 ], [ -122.27583, 37.78425 ] ], [ [ -122.27639, 37.78934 ], [ -122.27639, 37.78932 ], [ -122.27631, 37.78929 ], [ -122.27639, 37.78934 ] ], [ [ -122.27577, 37.78829 ], [ -122.27577, 37.78824 ], [ -122.27575, 37.78824 ], [ -122.27577, 37.78829 ] ], [ [ -122.27548, 37.78646 ], [ -122.27545, 37.78646 ], [ -122.27545, 37.78649 ], [ -122.27548, 37.78646 ] ], [ [ -122.27664, 37.78552 ], [ -122.27664, 37.78554 ], [ -122.27666, 37.78552 ], [ -122.27664, 37.78552 ] ], [ [ -122.27653, 37.7873 ], [ -122.27653, 37.78732 ], [ -122.27655, 37.7873 ], [ -122.27653, 37.7873 ] ], [ [ -122.27642, 37.78511 ], [ -122.27642, 37.78514 ], [ -122.27645, 37.78511 ], [ -122.27642, 37.78511 ] ], [ [ -122.27604, 37.78638 ], [ -122.27604, 37.78641 ], [ -122.27607, 37.78638 ], [ -122.27604, 37.78638 ] ], [ [ -122.27583, 37.78643 ], [ -122.27583, 37.78646 ], [ -122.27585, 37.78643 ], [ -122.27583, 37.78643 ] ], [ [ -122.27637, 37.78484 ], [ -122.27637, 37.78487 ], [ -122.27639, 37.78484 ], [ -122.27637, 37.78484 ] ], [ [ -122.27647, 37.78544 ], [ -122.27647, 37.78546 ], [ -122.2765, 37.78544 ], [ -122.27647, 37.78544 ] ], [ [ -122.27642, 37.78584 ], [ -122.27642, 37.78587 ], [ -122.27645, 37.78584 ], [ -122.27642, 37.78584 ] ], [ [ -122.27669, 37.78627 ], [ -122.27669, 37.7863 ], [ -122.27672, 37.78627 ], [ -122.27669, 37.78627 ] ], [ [ -122.27669, 37.78641 ], [ -122.27669, 37.78646 ], [ -122.27672, 37.78641 ], [ -122.27669, 37.78641 ] ], [ [ -122.27653, 37.78579 ], [ -122.27653, 37.78587 ], [ -122.27655, 37.78579 ], [ -122.27653, 37.78579 ] ], [ [ -122.27645, 37.78563 ], [ -122.27645, 37.78565 ], [ -122.27653, 37.78563 ], [ -122.27645, 37.78563 ] ], [ [ -122.2765, 37.78568 ], [ -122.2765, 37.78573 ], [ -122.27655, 37.78568 ], [ -122.2765, 37.78568 ] ], [ [ -122.2758, 37.78471 ], [ -122.27583, 37.78465 ], [ -122.27577, 37.78471 ], [ -122.2758, 37.78471 ] ], [ [ -122.27566, 37.7849 ], [ -122.27575, 37.78487 ], [ -122.27566, 37.78465 ], [ -122.27566, 37.7849 ] ], [ [ -122.2761, 37.78819 ], [ -122.27612, 37.78827 ], [ -122.27642, 37.78824 ], [ -122.27639, 37.78819 ], [ -122.2761, 37.78819 ] ], [ [ -122.27661, 37.78778 ], [ -122.27677, 37.7877 ], [ -122.27677, 37.78754 ], [ -122.2765, 37.78757 ], [ -122.27661, 37.78778 ] ], [ [ -122.27666, 37.78624 ], [ -122.27672, 37.78624 ], [ -122.27669, 37.78619 ], [ -122.27666, 37.78624 ] ], [ [ -122.27669, 37.78616 ], [ -122.27669, 37.78573 ], [ -122.27664, 37.78573 ], [ -122.2765, 37.78614 ], [ -122.27669, 37.78616 ] ], [ [ -122.27612, 37.78455 ], [ -122.2762, 37.78511 ], [ -122.27639, 37.78514 ], [ -122.27623, 37.78449 ], [ -122.27612, 37.78455 ] ], [ [ -122.27631, 37.78732 ], [ -122.27631, 37.7873 ], [ -122.27628, 37.78732 ], [ -122.27631, 37.78732 ] ], [ [ -122.27631, 37.78786 ], [ -122.27612, 37.78689 ], [ -122.27599, 37.78738 ], [ -122.27607, 37.78786 ], [ -122.27631, 37.78786 ] ] ], [ [ [ -122.32956, 37.7887 ], [ -122.32964, 37.78875 ], [ -122.32919, 37.78878 ], [ -122.32964, 37.78886 ], [ -122.32571, 37.78902 ], [ -122.32514, 37.78921 ], [ -122.32415, 37.78832 ], [ -122.3235, 37.78751 ], [ -122.32377, 37.78738 ], [ -122.32372, 37.78708 ], [ -122.32401, 37.7873 ], [ -122.3239, 37.78695 ], [ -122.32407, 37.78697 ], [ -122.32417, 37.78719 ], [ -122.32434, 37.78703 ], [ -122.32444, 37.78713 ], [ -122.32452, 37.787 ], [ -122.32458, 37.78735 ], [ -122.32485, 37.7873 ], [ -122.32487, 37.78762 ], [ -122.32587, 37.78878 ], [ -122.32956, 37.7887 ] ], [ [ -122.32455, 37.7873 ], [ -122.32455, 37.78724 ], [ -122.32452, 37.7873 ], [ -122.32455, 37.7873 ] ], [ [ -122.32568, 37.78899 ], [ -122.32568, 37.78897 ], [ -122.3256, 37.78899 ], [ -122.32568, 37.78899 ] ], [ [ -122.32913, 37.78878 ], [ -122.32902, 37.78872 ], [ -122.32873, 37.78878 ], [ -122.32913, 37.78878 ] ] ], [ [ [ -122.3145, 37.78773 ], [ -122.3142, 37.78827 ], [ -122.31396, 37.78829 ], [ -122.31329, 37.78897 ], [ -122.31242, 37.78951 ], [ -122.31145, 37.78953 ], [ -122.31159, 37.78964 ], [ -122.31116, 37.7898 ], [ -122.31056, 37.78953 ], [ -122.31003, 37.78983 ], [ -122.30787, 37.7898 ], [ -122.30803, 37.78945 ], [ -122.30833, 37.78959 ], [ -122.30833, 37.78945 ], [ -122.30846, 37.78959 ], [ -122.30868, 37.78951 ], [ -122.30873, 37.78964 ], [ -122.30911, 37.78967 ], [ -122.30914, 37.78924 ], [ -122.3093, 37.78907 ], [ -122.30965, 37.78899 ], [ -122.30954, 37.7884 ], [ -122.30884, 37.78835 ], [ -122.3087, 37.78821 ], [ -122.30854, 37.78848 ], [ -122.3086, 37.78921 ], [ -122.30846, 37.78932 ], [ -122.30809, 37.78929 ], [ -122.30814, 37.78907 ], [ -122.3083, 37.78907 ], [ -122.30827, 37.78851 ], [ -122.30819, 37.78872 ], [ -122.30811, 37.78862 ], [ -122.30806, 37.78872 ], [ -122.30809, 37.7881 ], [ -122.30755, 37.78773 ], [ -122.30811, 37.78789 ], [ -122.30811, 37.78719 ], [ -122.30833, 37.78719 ], [ -122.30838, 37.78738 ], [ -122.30844, 37.78716 ], [ -122.30868, 37.78716 ], [ -122.30868, 37.78808 ], [ -122.30892, 37.78821 ], [ -122.30916, 37.78819 ], [ -122.30919, 37.78835 ], [ -122.30935, 37.78819 ], [ -122.30973, 37.78802 ], [ -122.30978, 37.78724 ], [ -122.30997, 37.78719 ], [ -122.31029, 37.78719 ], [ -122.31062, 37.78748 ], [ -122.31062, 37.7884 ], [ -122.31075, 37.78851 ], [ -122.31091, 37.78829 ], [ -122.3111, 37.78837 ], [ -122.31137, 37.78821 ], [ -122.31156, 37.78781 ], [ -122.31213, 37.78778 ], [ -122.31242, 37.78743 ], [ -122.31261, 37.7874 ], [ -122.31312, 37.78775 ], [ -122.31326, 37.7877 ], [ -122.31299, 37.78805 ], [ -122.3135, 37.788 ], [ -122.31383, 37.78783 ], [ -122.31361, 37.78802 ], [ -122.31364, 37.78808 ], [ -122.31388, 37.78786 ], [ -122.31426, 37.78778 ], [ -122.3142, 37.78781 ], [ -122.31423, 37.78789 ], [ -122.3145, 37.78773 ] ], [ [ -122.31321, 37.78813 ], [ -122.31321, 37.78808 ], [ -122.3131, 37.78816 ], [ -122.31321, 37.78813 ] ], [ [ -122.31302, 37.78816 ], [ -122.31302, 37.78819 ], [ -122.31304, 37.78816 ], [ -122.31302, 37.78816 ] ], [ [ -122.31202, 37.7887 ], [ -122.31202, 37.78872 ], [ -122.31205, 37.7887 ], [ -122.31202, 37.7887 ] ], [ [ -122.31302, 37.7881 ], [ -122.31302, 37.78813 ], [ -122.31304, 37.7881 ], [ -122.31302, 37.7881 ] ], [ [ -122.30935, 37.78945 ], [ -122.30935, 37.78948 ], [ -122.30938, 37.78945 ], [ -122.30935, 37.78945 ] ], [ [ -122.30849, 37.78913 ], [ -122.30849, 37.78916 ], [ -122.30852, 37.78913 ], [ -122.30849, 37.78913 ] ], [ [ -122.3093, 37.78959 ], [ -122.3093, 37.78961 ], [ -122.30932, 37.78959 ], [ -122.3093, 37.78959 ] ], [ [ -122.30941, 37.78821 ], [ -122.30941, 37.78824 ], [ -122.30943, 37.78821 ], [ -122.30941, 37.78821 ] ], [ [ -122.30822, 37.78762 ], [ -122.30822, 37.78767 ], [ -122.30825, 37.78762 ], [ -122.30822, 37.78762 ] ], [ [ -122.30941, 37.78832 ], [ -122.30941, 37.78837 ], [ -122.30943, 37.78832 ], [ -122.30941, 37.78832 ] ], [ [ -122.31234, 37.78854 ], [ -122.31234, 37.78851 ], [ -122.31229, 37.78854 ], [ -122.31234, 37.78854 ] ], [ [ -122.31226, 37.78856 ], [ -122.31229, 37.78856 ], [ -122.31229, 37.78854 ], [ -122.31226, 37.78856 ] ], [ [ -122.30946, 37.78821 ], [ -122.30946, 37.78827 ], [ -122.30951, 37.78821 ], [ -122.30946, 37.78821 ] ], [ [ -122.31205, 37.78816 ], [ -122.31205, 37.78837 ], [ -122.3121, 37.78816 ], [ -122.31205, 37.78816 ] ], [ [ -122.30833, 37.78794 ], [ -122.30835, 37.78757 ], [ -122.3083, 37.78794 ], [ -122.30833, 37.78794 ] ], [ [ -122.31242, 37.78845 ], [ -122.31294, 37.78829 ], [ -122.31299, 37.78808 ], [ -122.31261, 37.78819 ], [ -122.31242, 37.78845 ] ], [ [ -122.31237, 37.78845 ], [ -122.31237, 37.78848 ], [ -122.31242, 37.78848 ], [ -122.31242, 37.78845 ], [ -122.31237, 37.78845 ] ], [ [ -122.31264, 37.78845 ], [ -122.31264, 37.78843 ], [ -122.31261, 37.78845 ], [ -122.31264, 37.78845 ] ] ], [ [ [ -122.32204, 37.78878 ], [ -122.32213, 37.78848 ], [ -122.32264, 37.78856 ], [ -122.32261, 37.78824 ], [ -122.32237, 37.78832 ], [ -122.32253, 37.78813 ], [ -122.32194, 37.78722 ], [ -122.3225, 37.7874 ], [ -122.32345, 37.7884 ], [ -122.32415, 37.78959 ], [ -122.32385, 37.78994 ], [ -122.32275, 37.78996 ], [ -122.32258, 37.7898 ], [ -122.32204, 37.78878 ] ], [ [ -122.3235, 37.78961 ], [ -122.32353, 37.78961 ], [ -122.3235, 37.78956 ], [ -122.3235, 37.78961 ] ], [ [ -122.32345, 37.78953 ], [ -122.32342, 37.78948 ], [ -122.32334, 37.78956 ], [ -122.32345, 37.78953 ] ], [ [ -122.3232, 37.78953 ], [ -122.32326, 37.78953 ], [ -122.3232, 37.78951 ], [ -122.3232, 37.78953 ] ], [ [ -122.32315, 37.78953 ], [ -122.32318, 37.78953 ], [ -122.32315, 37.78951 ], [ -122.32315, 37.78953 ] ], [ [ -122.32245, 37.78878 ], [ -122.32256, 37.78872 ], [ -122.32242, 37.78862 ], [ -122.32245, 37.78878 ] ], [ [ -122.32226, 37.78872 ], [ -122.32231, 37.78872 ], [ -122.32229, 37.78867 ], [ -122.32226, 37.78872 ] ], [ [ -122.32229, 37.78856 ], [ -122.32231, 37.78856 ], [ -122.32229, 37.78854 ], [ -122.32229, 37.78856 ] ] ], [ [ [ -122.28329, 37.78951 ], [ -122.28297, 37.78937 ], [ -122.283, 37.78926 ], [ -122.28402, 37.78926 ], [ -122.2841, 37.78937 ], [ -122.28415, 37.78961 ], [ -122.2841, 37.78986 ], [ -122.28329, 37.78988 ], [ -122.28318, 37.78961 ], [ -122.28329, 37.78951 ] ], [ [ -122.28407, 37.7894 ], [ -122.28407, 37.78937 ], [ -122.28405, 37.7894 ], [ -122.28407, 37.7894 ] ], [ [ -122.28332, 37.78959 ], [ -122.28329, 37.78959 ], [ -122.28332, 37.78961 ], [ -122.28332, 37.78959 ] ], [ [ -122.28343, 37.78959 ], [ -122.28345, 37.78959 ], [ -122.28343, 37.78956 ], [ -122.28343, 37.78959 ] ] ], [ [ [ -122.32649, 37.78937 ], [ -122.32663, 37.78948 ], [ -122.32652, 37.78964 ], [ -122.32587, 37.78956 ], [ -122.32579, 37.78937 ], [ -122.32649, 37.78937 ] ], [ [ -122.32657, 37.78951 ], [ -122.32657, 37.78948 ], [ -122.32655, 37.78951 ], [ -122.32657, 37.78951 ] ] ], [ [ [ -122.32668, 37.78969 ], [ -122.3266, 37.78959 ], [ -122.32671, 37.78937 ], [ -122.3301, 37.78932 ], [ -122.33043, 37.78948 ], [ -122.33048, 37.78967 ], [ -122.33026, 37.78978 ], [ -122.3284, 37.78961 ], [ -122.32814, 37.78969 ], [ -122.32679, 37.78961 ], [ -122.32668, 37.78969 ] ], [ [ -122.32673, 37.78943 ], [ -122.32671, 37.78943 ], [ -122.32673, 37.78945 ], [ -122.32673, 37.78943 ] ] ], [ [ [ -122.28671, 37.79026 ], [ -122.28682, 37.7904 ], [ -122.28569, 37.79037 ], [ -122.28529, 37.79061 ], [ -122.28494, 37.79058 ], [ -122.28485, 37.79045 ], [ -122.28477, 37.79056 ], [ -122.28432, 37.79048 ], [ -122.28421, 37.79072 ], [ -122.28402, 37.79077 ], [ -122.28361, 37.79042 ], [ -122.28294, 37.79045 ], [ -122.28294, 37.79034 ], [ -122.28205, 37.79029 ], [ -122.28165, 37.79037 ], [ -122.28194, 37.79023 ], [ -122.28337, 37.79031 ], [ -122.28442, 37.79021 ], [ -122.28418, 37.79013 ], [ -122.28607, 37.79013 ], [ -122.28464, 37.79018 ], [ -122.28671, 37.79026 ] ] ], [ [ [ -122.2668, 37.79155 ], [ -122.26631, 37.79142 ], [ -122.26602, 37.79153 ], [ -122.2655, 37.79131 ], [ -122.26545, 37.79123 ], [ -122.26577, 37.79091 ], [ -122.26564, 37.79126 ], [ -122.26591, 37.79134 ], [ -122.26604, 37.79112 ], [ -122.26591, 37.79102 ], [ -122.26612, 37.79058 ], [ -122.26629, 37.79064 ], [ -122.26648, 37.79048 ], [ -122.2661, 37.79115 ], [ -122.2665, 37.79128 ], [ -122.26653, 37.79142 ], [ -122.2668, 37.79145 ], [ -122.2668, 37.79155 ] ], [ [ -122.26599, 37.79137 ], [ -122.26599, 37.79134 ], [ -122.26591, 37.79134 ], [ -122.26599, 37.79137 ] ], [ [ -122.26631, 37.79066 ], [ -122.26631, 37.79064 ], [ -122.26629, 37.79064 ], [ -122.26631, 37.79066 ] ], [ [ -122.26604, 37.79102 ], [ -122.26604, 37.79107 ], [ -122.26607, 37.79102 ], [ -122.26604, 37.79102 ] ], [ [ -122.2661, 37.79099 ], [ -122.26607, 37.79099 ], [ -122.26607, 37.79102 ], [ -122.2661, 37.79099 ] ], [ [ -122.26612, 37.79093 ], [ -122.26615, 37.79093 ], [ -122.26612, 37.79091 ], [ -122.26612, 37.79093 ] ], [ [ -122.26621, 37.79142 ], [ -122.26621, 37.79139 ], [ -122.26615, 37.79142 ], [ -122.26621, 37.79142 ] ], [ [ -122.2661, 37.79139 ], [ -122.26615, 37.79139 ], [ -122.2661, 37.79137 ], [ -122.2661, 37.79139 ] ] ], [ [ [ -122.30768, 37.7901 ], [ -122.31011, 37.79002 ], [ -122.31003, 37.79029 ], [ -122.30932, 37.79037 ], [ -122.30903, 37.79034 ], [ -122.309, 37.79023 ], [ -122.30919, 37.79015 ], [ -122.30897, 37.79015 ], [ -122.30897, 37.79029 ], [ -122.30884, 37.79031 ], [ -122.30768, 37.7901 ] ], [ [ -122.30884, 37.79026 ], [ -122.30887, 37.79026 ], [ -122.30884, 37.79023 ], [ -122.30884, 37.79026 ] ], [ [ -122.30881, 37.79021 ], [ -122.30884, 37.79021 ], [ -122.30881, 37.79018 ], [ -122.30881, 37.79021 ] ], [ [ -122.30932, 37.79023 ], [ -122.30932, 37.79018 ], [ -122.3093, 37.79023 ], [ -122.30932, 37.79023 ] ], [ [ -122.30927, 37.79018 ], [ -122.3093, 37.79018 ], [ -122.30927, 37.79015 ], [ -122.30927, 37.79018 ] ] ], [ [ [ -122.26653, 37.79266 ], [ -122.26666, 37.79234 ], [ -122.2665, 37.7925 ], [ -122.26634, 37.79247 ], [ -122.26648, 37.79234 ], [ -122.26623, 37.79217 ], [ -122.26656, 37.7922 ], [ -122.26631, 37.79201 ], [ -122.26669, 37.79201 ], [ -122.26524, 37.79161 ], [ -122.26648, 37.79185 ], [ -122.26672, 37.79193 ], [ -122.26672, 37.79204 ], [ -122.26718, 37.79207 ], [ -122.26709, 37.79242 ], [ -122.26696, 37.79252 ], [ -122.26701, 37.79239 ], [ -122.26699, 37.79234 ], [ -122.26666, 37.79285 ], [ -122.26642, 37.79287 ], [ -122.26645, 37.79271 ], [ -122.26621, 37.79269 ], [ -122.26653, 37.79266 ] ] ], [ [ [ -122.26268, 37.79279 ], [ -122.26243, 37.79269 ], [ -122.26289, 37.79228 ], [ -122.2634, 37.79231 ], [ -122.26378, 37.79247 ], [ -122.26343, 37.79269 ], [ -122.26284, 37.79266 ], [ -122.26268, 37.79279 ] ], [ [ -122.26356, 37.79258 ], [ -122.26351, 37.79255 ], [ -122.26351, 37.79258 ], [ -122.26356, 37.79258 ] ], [ [ -122.26292, 37.79239 ], [ -122.26294, 37.79236 ], [ -122.26292, 37.79236 ], [ -122.26292, 37.79239 ] ] ], [ [ [ -122.31571, 37.79204 ], [ -122.31463, 37.79204 ], [ -122.3148, 37.79207 ], [ -122.31474, 37.79215 ], [ -122.31401, 37.79207 ], [ -122.31388, 37.79212 ], [ -122.31415, 37.79217 ], [ -122.31393, 37.79217 ], [ -122.31388, 37.79228 ], [ -122.31377, 37.79217 ], [ -122.31286, 37.79209 ], [ -122.31283, 37.79199 ], [ -122.31234, 37.79188 ], [ -122.3125, 37.79158 ], [ -122.31418, 37.79158 ], [ -122.31453, 37.7918 ], [ -122.31455, 37.79172 ], [ -122.3148, 37.79177 ], [ -122.31496, 37.79185 ], [ -122.31482, 37.79172 ], [ -122.31517, 37.79182 ], [ -122.31547, 37.79174 ], [ -122.31544, 37.79193 ], [ -122.3156, 37.79196 ], [ -122.31563, 37.79185 ], [ -122.31571, 37.79204 ] ], [ [ -122.3138, 37.79215 ], [ -122.31377, 37.79215 ], [ -122.31377, 37.79217 ], [ -122.3138, 37.79215 ] ], [ [ -122.31471, 37.79185 ], [ -122.3148, 37.79182 ], [ -122.31474, 37.79182 ], [ -122.31471, 37.79185 ] ], [ [ -122.31418, 37.79163 ], [ -122.31418, 37.79161 ], [ -122.31415, 37.79163 ], [ -122.31418, 37.79163 ] ], [ [ -122.31523, 37.79201 ], [ -122.31525, 37.79201 ], [ -122.31523, 37.79199 ], [ -122.31523, 37.79201 ] ], [ [ -122.31407, 37.79201 ], [ -122.31409, 37.79201 ], [ -122.31407, 37.79199 ], [ -122.31407, 37.79201 ] ], [ [ -122.31453, 37.79196 ], [ -122.31455, 37.79196 ], [ -122.31453, 37.79193 ], [ -122.31453, 37.79196 ] ], [ [ -122.31471, 37.79199 ], [ -122.31474, 37.79199 ], [ -122.31471, 37.79196 ], [ -122.31471, 37.79199 ] ], [ [ -122.31533, 37.7919 ], [ -122.31539, 37.7919 ], [ -122.31533, 37.79188 ], [ -122.31533, 37.7919 ] ], [ [ -122.31463, 37.7919 ], [ -122.31469, 37.7919 ], [ -122.31463, 37.79188 ], [ -122.31463, 37.7919 ] ], [ [ -122.31442, 37.79209 ], [ -122.31447, 37.79209 ], [ -122.31442, 37.79207 ], [ -122.31442, 37.79209 ] ], [ [ -122.31453, 37.79188 ], [ -122.31461, 37.79188 ], [ -122.31453, 37.79185 ], [ -122.31453, 37.79188 ] ], [ [ -122.31428, 37.79209 ], [ -122.31436, 37.79209 ], [ -122.31428, 37.79207 ], [ -122.31428, 37.79209 ] ], [ [ -122.3152, 37.7919 ], [ -122.31528, 37.7919 ], [ -122.3152, 37.79185 ], [ -122.3152, 37.7919 ] ] ], [ [ [ -122.32846, 37.79147 ], [ -122.3287, 37.79126 ], [ -122.32884, 37.79134 ], [ -122.32919, 37.79118 ], [ -122.33083, 37.79115 ], [ -122.33072, 37.79128 ], [ -122.3297, 37.79166 ], [ -122.32967, 37.7919 ], [ -122.32938, 37.79209 ], [ -122.32948, 37.79225 ], [ -122.32935, 37.79255 ], [ -122.32889, 37.79282 ], [ -122.32851, 37.79279 ], [ -122.32835, 37.79239 ], [ -122.32865, 37.79212 ], [ -122.32849, 37.79204 ], [ -122.32867, 37.79199 ], [ -122.32851, 37.7919 ], [ -122.32862, 37.7918 ], [ -122.32843, 37.79177 ], [ -122.32859, 37.79169 ], [ -122.32846, 37.79147 ] ], [ [ -122.32873, 37.79199 ], [ -122.32873, 37.79201 ], [ -122.32876, 37.79199 ], [ -122.32873, 37.79199 ] ], [ [ -122.32873, 37.79158 ], [ -122.32873, 37.79161 ], [ -122.32876, 37.79158 ], [ -122.32873, 37.79158 ] ], [ [ -122.32911, 37.79145 ], [ -122.32911, 37.79147 ], [ -122.32913, 37.79145 ], [ -122.32911, 37.79145 ] ], [ [ -122.32865, 37.7922 ], [ -122.32865, 37.79223 ], [ -122.32867, 37.7922 ], [ -122.32865, 37.7922 ] ], [ [ -122.32851, 37.79247 ], [ -122.32851, 37.7925 ], [ -122.32854, 37.79247 ], [ -122.32851, 37.79247 ] ], [ [ -122.32857, 37.79174 ], [ -122.32857, 37.79177 ], [ -122.32859, 37.79174 ], [ -122.32857, 37.79174 ] ], [ [ -122.32857, 37.79147 ], [ -122.32857, 37.7915 ], [ -122.32859, 37.79147 ], [ -122.32857, 37.79147 ] ], [ [ -122.32862, 37.79244 ], [ -122.32862, 37.79247 ], [ -122.32865, 37.79244 ], [ -122.32862, 37.79244 ] ], [ [ -122.32849, 37.79242 ], [ -122.32849, 37.79244 ], [ -122.32854, 37.79242 ], [ -122.32849, 37.79242 ] ], [ [ -122.32911, 37.79155 ], [ -122.32913, 37.79155 ], [ -122.32911, 37.79153 ], [ -122.32911, 37.79155 ] ], [ [ -122.32908, 37.7915 ], [ -122.32908, 37.79153 ], [ -122.32911, 37.79153 ], [ -122.32908, 37.7915 ] ], [ [ -122.32916, 37.7915 ], [ -122.32916, 37.79153 ], [ -122.32921, 37.7915 ], [ -122.32916, 37.7915 ] ], [ [ -122.32859, 37.79153 ], [ -122.32859, 37.79155 ], [ -122.32867, 37.79153 ], [ -122.32859, 37.79153 ] ] ], [ [ [ -122.31582, 37.79285 ], [ -122.31579, 37.79261 ], [ -122.3169, 37.79255 ], [ -122.31692, 37.79298 ], [ -122.31714, 37.79261 ], [ -122.3173, 37.79274 ], [ -122.31727, 37.79298 ], [ -122.31768, 37.79314 ], [ -122.31711, 37.79312 ], [ -122.31709, 37.79325 ], [ -122.31657, 37.79314 ], [ -122.31641, 37.79317 ], [ -122.31636, 37.79339 ], [ -122.31612, 37.79336 ], [ -122.31606, 37.79306 ], [ -122.31652, 37.79309 ], [ -122.31652, 37.79301 ], [ -122.31582, 37.79285 ] ], [ [ -122.31674, 37.79285 ], [ -122.31682, 37.79287 ], [ -122.31674, 37.79282 ], [ -122.31674, 37.79285 ] ] ], [ [ [ -122.29372, 37.79972 ], [ -122.29294, 37.79964 ], [ -122.29294, 37.79953 ], [ -122.29332, 37.79956 ], [ -122.29324, 37.7995 ], [ -122.29237, 37.79942 ], [ -122.29337, 37.79934 ], [ -122.29345, 37.79929 ], [ -122.29332, 37.79923 ], [ -122.29394, 37.79918 ], [ -122.29421, 37.79921 ], [ -122.29396, 37.79929 ], [ -122.29466, 37.79942 ], [ -122.29469, 37.79961 ], [ -122.2941, 37.79964 ], [ -122.29464, 37.7998 ], [ -122.29407, 37.79972 ], [ -122.29399, 37.79983 ], [ -122.29356, 37.7998 ], [ -122.29372, 37.79972 ] ], [ [ -122.2938, 37.79975 ], [ -122.29383, 37.7998 ], [ -122.29388, 37.79975 ], [ -122.2938, 37.79975 ] ], [ [ -122.29404, 37.79972 ], [ -122.29404, 37.79969 ], [ -122.29399, 37.79972 ], [ -122.29404, 37.79972 ] ], [ [ -122.29361, 37.79961 ], [ -122.29361, 37.79958 ], [ -122.29356, 37.79961 ], [ -122.29361, 37.79961 ] ] ], [ [ [ -122.30601, 37.80821 ], [ -122.30439, 37.80799 ], [ -122.30429, 37.80805 ], [ -122.30434, 37.80904 ], [ -122.30402, 37.80931 ], [ -122.30393, 37.80794 ], [ -122.30313, 37.80751 ], [ -122.30323, 37.80737 ], [ -122.30391, 37.8074 ], [ -122.30385, 37.80656 ], [ -122.30369, 37.80627 ], [ -122.30377, 37.80624 ], [ -122.30412, 37.80692 ], [ -122.30418, 37.80756 ], [ -122.30509, 37.80778 ], [ -122.30517, 37.80767 ], [ -122.30493, 37.80678 ], [ -122.30461, 37.80608 ], [ -122.3048, 37.80608 ], [ -122.30542, 37.80783 ], [ -122.30809, 37.80813 ], [ -122.30984, 37.80853 ], [ -122.30984, 37.80872 ], [ -122.30749, 37.80824 ], [ -122.30639, 37.80821 ], [ -122.30614, 37.80875 ], [ -122.30601, 37.80821 ] ] ], [ [ [ -122.29461, 37.81748 ], [ -122.29472, 37.81807 ], [ -122.2945, 37.81848 ], [ -122.29442, 37.81842 ], [ -122.29461, 37.81813 ], [ -122.29453, 37.81772 ], [ -122.29415, 37.81796 ], [ -122.29442, 37.81753 ], [ -122.29329, 37.81672 ], [ -122.29305, 37.81667 ], [ -122.29299, 37.81651 ], [ -122.29359, 37.81675 ], [ -122.29361, 37.81664 ], [ -122.29377, 37.81664 ], [ -122.29448, 37.81683 ], [ -122.29461, 37.81705 ], [ -122.29453, 37.81743 ], [ -122.29515, 37.81675 ], [ -122.29461, 37.81748 ] ], [ [ -122.29316, 37.81662 ], [ -122.2931, 37.81662 ], [ -122.29316, 37.81664 ], [ -122.29316, 37.81662 ] ], [ [ -122.29321, 37.81667 ], [ -122.29321, 37.81664 ], [ -122.29316, 37.81664 ], [ -122.29321, 37.81667 ] ], [ [ -122.29445, 37.81767 ], [ -122.29445, 37.81769 ], [ -122.2945, 37.81767 ], [ -122.29445, 37.81767 ] ], [ [ -122.29423, 37.81729 ], [ -122.29439, 37.81745 ], [ -122.29429, 37.81729 ], [ -122.29423, 37.81729 ] ] ], [ [ [ -122.29453, 37.82667 ], [ -122.29391, 37.82678 ], [ -122.29372, 37.82626 ], [ -122.29439, 37.82613 ], [ -122.29453, 37.82667 ] ] ], [ [ [ -122.29623, 37.84955 ], [ -122.29628, 37.84936 ], [ -122.29615, 37.84931 ], [ -122.2959, 37.8495 ], [ -122.29585, 37.84939 ], [ -122.2962, 37.84909 ], [ -122.29669, 37.84893 ], [ -122.29709, 37.84896 ], [ -122.29717, 37.84915 ], [ -122.29771, 37.84931 ], [ -122.29806, 37.84923 ], [ -122.29857, 37.84966 ], [ -122.29863, 37.8499 ], [ -122.29725, 37.85025 ], [ -122.29612, 37.85033 ], [ -122.29588, 37.84979 ], [ -122.29623, 37.84955 ] ] ], [ [ [ -122.3024, 37.86343 ], [ -122.30234, 37.8637 ], [ -122.3028, 37.86499 ], [ -122.30283, 37.86561 ], [ -122.30267, 37.86585 ], [ -122.30234, 37.86593 ], [ -122.30205, 37.86575 ], [ -122.30146, 37.86456 ], [ -122.30127, 37.86451 ], [ -122.3014, 37.86443 ], [ -122.30116, 37.86416 ], [ -122.29973, 37.86103 ], [ -122.29989, 37.86073 ], [ -122.29973, 37.86071 ], [ -122.29968, 37.86052 ], [ -122.29981, 37.86049 ], [ -122.29954, 37.86022 ], [ -122.29927, 37.85947 ], [ -122.29906, 37.85925 ], [ -122.299, 37.85879 ], [ -122.29884, 37.85871 ], [ -122.29876, 37.8582 ], [ -122.29814, 37.85688 ], [ -122.29809, 37.85634 ], [ -122.2976, 37.85572 ], [ -122.2976, 37.85545 ], [ -122.29714, 37.85443 ], [ -122.29704, 37.85367 ], [ -122.29722, 37.85327 ], [ -122.29712, 37.85311 ], [ -122.29695, 37.85327 ], [ -122.29695, 37.85292 ], [ -122.29677, 37.85281 ], [ -122.2972, 37.85284 ], [ -122.29712, 37.85257 ], [ -122.29685, 37.85249 ], [ -122.29712, 37.85235 ], [ -122.29695, 37.85219 ], [ -122.29682, 37.85222 ], [ -122.29682, 37.85235 ], [ -122.29666, 37.85233 ], [ -122.29674, 37.85216 ], [ -122.29639, 37.85206 ], [ -122.29631, 37.85168 ], [ -122.29644, 37.85157 ], [ -122.29625, 37.85162 ], [ -122.29625, 37.85144 ], [ -122.29601, 37.85133 ], [ -122.2959, 37.85065 ], [ -122.29604, 37.85079 ], [ -122.29607, 37.85119 ], [ -122.29625, 37.85133 ], [ -122.29612, 37.85074 ], [ -122.29642, 37.85047 ], [ -122.29725, 37.85047 ], [ -122.29809, 37.8503 ], [ -122.29809, 37.85022 ], [ -122.29871, 37.8502 ], [ -122.29881, 37.8503 ], [ -122.29895, 37.85106 ], [ -122.29714, 37.85141 ], [ -122.29752, 37.85149 ], [ -122.29865, 37.85127 ], [ -122.299, 37.85135 ], [ -122.29916, 37.85189 ], [ -122.29895, 37.85206 ], [ -122.29892, 37.85257 ], [ -122.29914, 37.85278 ], [ -122.29938, 37.85383 ], [ -122.29976, 37.85394 ], [ -122.30013, 37.85542 ], [ -122.29992, 37.85594 ], [ -122.30062, 37.85691 ], [ -122.30084, 37.85831 ], [ -122.30137, 37.85979 ], [ -122.30129, 37.86049 ], [ -122.30164, 37.86133 ], [ -122.30183, 37.86149 ], [ -122.30199, 37.86208 ], [ -122.3021, 37.86208 ], [ -122.30213, 37.86267 ], [ -122.3024, 37.86343 ] ], [ [ -122.29906, 37.85284 ], [ -122.29911, 37.85284 ], [ -122.29906, 37.85281 ], [ -122.29906, 37.85284 ] ], [ [ -122.29722, 37.85152 ], [ -122.29725, 37.85152 ], [ -122.29722, 37.85149 ], [ -122.29722, 37.85152 ] ], [ [ -122.30181, 37.86486 ], [ -122.30183, 37.86486 ], [ -122.30181, 37.86483 ], [ -122.30181, 37.86486 ] ], [ [ -122.29766, 37.85561 ], [ -122.29768, 37.85561 ], [ -122.29766, 37.85559 ], [ -122.29766, 37.85561 ] ], [ [ -122.30057, 37.86246 ], [ -122.30057, 37.86243 ], [ -122.30054, 37.86246 ], [ -122.30057, 37.86246 ] ], [ [ -122.30051, 37.86243 ], [ -122.30054, 37.86243 ], [ -122.30051, 37.8624 ], [ -122.30051, 37.86243 ] ], [ [ -122.29674, 37.8516 ], [ -122.29679, 37.8516 ], [ -122.29674, 37.85157 ], [ -122.29674, 37.8516 ] ], [ [ -122.30124, 37.86065 ], [ -122.30132, 37.86065 ], [ -122.30124, 37.86063 ], [ -122.30124, 37.86065 ] ], [ [ -122.30148, 37.86421 ], [ -122.30146, 37.86416 ], [ -122.30143, 37.86424 ], [ -122.30148, 37.86421 ] ], [ [ -122.29642, 37.85152 ], [ -122.2965, 37.85152 ], [ -122.29642, 37.85146 ], [ -122.29642, 37.85152 ] ], [ [ -122.29663, 37.85144 ], [ -122.2966, 37.85149 ], [ -122.29712, 37.85138 ], [ -122.29663, 37.85144 ] ], [ [ -122.30124, 37.86036 ], [ -122.30111, 37.86038 ], [ -122.30127, 37.8606 ], [ -122.30124, 37.86036 ] ] ], [ [ [ -122.30854, 37.86647 ], [ -122.3086, 37.86637 ], [ -122.30846, 37.86602 ], [ -122.30924, 37.86596 ], [ -122.30943, 37.86623 ], [ -122.30932, 37.86642 ], [ -122.30922, 37.8665 ], [ -122.3086, 37.86645 ], [ -122.3086, 37.86666 ], [ -122.30846, 37.86674 ], [ -122.30835, 37.86647 ], [ -122.30854, 37.86647 ] ], [ [ -122.309, 37.86639 ], [ -122.30906, 37.86639 ], [ -122.309, 37.86637 ], [ -122.309, 37.86639 ] ], [ [ -122.30911, 37.8662 ], [ -122.30916, 37.8662 ], [ -122.30911, 37.86618 ], [ -122.30911, 37.8662 ] ] ], [ [ [ -122.31011, 37.88348 ], [ -122.30989, 37.8834 ], [ -122.30986, 37.88299 ], [ -122.31013, 37.88267 ], [ -122.31043, 37.88262 ], [ -122.31059, 37.88329 ], [ -122.31011, 37.88348 ] ] ], [ [ [ -122.30879, 37.88286 ], [ -122.30997, 37.88747 ], [ -122.31027, 37.88784 ], [ -122.31075, 37.88814 ], [ -122.31183, 37.88828 ], [ -122.31113, 37.88846 ], [ -122.31124, 37.88868 ], [ -122.3111, 37.88863 ], [ -122.31108, 37.88873 ], [ -122.31124, 37.88876 ], [ -122.31143, 37.88903 ], [ -122.31175, 37.88908 ], [ -122.31175, 37.88938 ], [ -122.31127, 37.88927 ], [ -122.31073, 37.88898 ], [ -122.31005, 37.88814 ], [ -122.30879, 37.88286 ] ], [ [ -122.31105, 37.88833 ], [ -122.31102, 37.8886 ], [ -122.31113, 37.88836 ], [ -122.31105, 37.88833 ] ], [ [ -122.31121, 37.88838 ], [ -122.31124, 37.88838 ], [ -122.31121, 37.88836 ], [ -122.31121, 37.88838 ] ] ], [ [ [ -122.14221, 37.62754 ], [ -122.13957, 37.62762 ], [ -122.13898, 37.62749 ], [ -122.13903, 37.62727 ], [ -122.1396, 37.6273 ], [ -122.14006, 37.62705 ], [ -122.14059, 37.62727 ], [ -122.14782, 37.62724 ], [ -122.1483, 37.62703 ], [ -122.14892, 37.62714 ], [ -122.14965, 37.62697 ], [ -122.15016, 37.627 ], [ -122.15043, 37.62714 ], [ -122.15054, 37.62738 ], [ -122.15038, 37.62749 ], [ -122.14965, 37.62732 ], [ -122.14787, 37.62757 ], [ -122.14245, 37.62754 ], [ -122.14243, 37.62924 ], [ -122.14224, 37.62905 ], [ -122.14221, 37.62754 ] ] ], [ [ [ -122.14795, 37.63029 ], [ -122.14765, 37.63067 ], [ -122.14693, 37.63088 ], [ -122.14671, 37.63085 ], [ -122.14668, 37.63075 ], [ -122.1465, 37.63088 ], [ -122.1428, 37.63083 ], [ -122.14278, 37.62978 ], [ -122.14251, 37.6287 ], [ -122.14262, 37.62759 ], [ -122.14571, 37.62762 ], [ -122.14588, 37.62781 ], [ -122.14606, 37.62762 ], [ -122.14819, 37.62762 ], [ -122.1497, 37.6274 ], [ -122.15, 37.62843 ], [ -122.15024, 37.62859 ], [ -122.1511, 37.62867 ], [ -122.15137, 37.6294 ], [ -122.15086, 37.6294 ], [ -122.15062, 37.6297 ], [ -122.14881, 37.63026 ], [ -122.14795, 37.63029 ] ], [ [ -122.14604, 37.62821 ], [ -122.14604, 37.62824 ], [ -122.14606, 37.62821 ], [ -122.14604, 37.62821 ] ], [ [ -122.14609, 37.62827 ], [ -122.14609, 37.62829 ], [ -122.14612, 37.62827 ], [ -122.14609, 37.62827 ] ], [ [ -122.14647, 37.62894 ], [ -122.14647, 37.62899 ], [ -122.1465, 37.62894 ], [ -122.14647, 37.62894 ] ], [ [ -122.1462, 37.62843 ], [ -122.14623, 37.62843 ], [ -122.1462, 37.6284 ], [ -122.1462, 37.62843 ] ], [ [ -122.14617, 37.62838 ], [ -122.14617, 37.6284 ], [ -122.1462, 37.6284 ], [ -122.14617, 37.62838 ] ], [ [ -122.14615, 37.62835 ], [ -122.14615, 37.62838 ], [ -122.14617, 37.62838 ], [ -122.14615, 37.62835 ] ], [ [ -122.14652, 37.6301 ], [ -122.14658, 37.63013 ], [ -122.1465, 37.62983 ], [ -122.14652, 37.6301 ] ] ], [ [ [ -122.14776, 37.63069 ], [ -122.14795, 37.63037 ], [ -122.1486, 37.6304 ], [ -122.15067, 37.62975 ], [ -122.15073, 37.62991 ], [ -122.14709, 37.63107 ], [ -122.13876, 37.63102 ], [ -122.13793, 37.63069 ], [ -122.13809, 37.63053 ], [ -122.13865, 37.63088 ], [ -122.14, 37.63094 ], [ -122.14695, 37.63094 ], [ -122.14776, 37.63069 ] ] ], [ [ [ -122.14561, 37.64541 ], [ -122.14483, 37.64546 ], [ -122.14442, 37.64527 ], [ -122.14426, 37.64533 ], [ -122.14447, 37.64508 ], [ -122.14663, 37.64428 ], [ -122.14712, 37.64473 ], [ -122.14768, 37.64479 ], [ -122.14784, 37.64468 ], [ -122.1479, 37.64546 ], [ -122.14701, 37.64551 ], [ -122.14574, 37.64541 ], [ -122.14563, 37.64551 ], [ -122.14561, 37.64541 ] ], [ [ -122.14604, 37.64541 ], [ -122.14604, 37.64538 ], [ -122.14601, 37.64541 ], [ -122.14604, 37.64541 ] ], [ [ -122.14474, 37.64535 ], [ -122.14474, 37.64533 ], [ -122.14472, 37.64535 ], [ -122.14474, 37.64535 ] ] ], [ [ [ -122.14545, 37.66524 ], [ -122.14445, 37.66419 ], [ -122.14526, 37.665 ], [ -122.14545, 37.66524 ] ] ], [ [ [ -122.15717, 37.66535 ], [ -122.15517, 37.66535 ], [ -122.15439, 37.66395 ], [ -122.15666, 37.66392 ], [ -122.15717, 37.66535 ] ], [ [ -122.15711, 37.66524 ], [ -122.15711, 37.66521 ], [ -122.15709, 37.66524 ], [ -122.15711, 37.66524 ] ], [ [ -122.15558, 37.66433 ], [ -122.15558, 37.66435 ], [ -122.15561, 37.66433 ], [ -122.15558, 37.66433 ] ], [ [ -122.15612, 37.6643 ], [ -122.15612, 37.66433 ], [ -122.1562, 37.6643 ], [ -122.15612, 37.6643 ] ], [ [ -122.1559, 37.66433 ], [ -122.1559, 37.66435 ], [ -122.15601, 37.66433 ], [ -122.1559, 37.66433 ] ], [ [ -122.15539, 37.66433 ], [ -122.15539, 37.66435 ], [ -122.15552, 37.66433 ], [ -122.15539, 37.66433 ] ], [ [ -122.15563, 37.6643 ], [ -122.15563, 37.66433 ], [ -122.15587, 37.6643 ], [ -122.15563, 37.6643 ] ], [ [ -122.15625, 37.6643 ], [ -122.15639, 37.66427 ], [ -122.15674, 37.66419 ], [ -122.15625, 37.6643 ] ], [ [ -122.15534, 37.66433 ], [ -122.15469, 37.66433 ], [ -122.15499, 37.66438 ], [ -122.15534, 37.66433 ] ] ], [ [ [ -122.15684, 37.664 ], [ -122.15779, 37.66398 ], [ -122.15808, 37.66524 ], [ -122.158, 37.66535 ], [ -122.15784, 37.66524 ], [ -122.15733, 37.66532 ], [ -122.15711, 37.66481 ], [ -122.15717, 37.66462 ], [ -122.15701, 37.66454 ], [ -122.15684, 37.664 ] ] ], [ [ [ -122.1583, 37.66538 ], [ -122.15798, 37.66398 ], [ -122.15865, 37.66398 ], [ -122.15884, 37.6653 ], [ -122.15873, 37.6654 ], [ -122.1583, 37.66538 ] ] ], [ [ [ -122.15876, 37.66403 ], [ -122.15954, 37.664 ], [ -122.15989, 37.66416 ], [ -122.16029, 37.66527 ], [ -122.15895, 37.66535 ], [ -122.15876, 37.66403 ] ] ], [ [ [ -122.15908, 37.66678 ], [ -122.15908, 37.66697 ], [ -122.15924, 37.66699 ], [ -122.15914, 37.66721 ], [ -122.1593, 37.66745 ], [ -122.15903, 37.66759 ], [ -122.15914, 37.66778 ], [ -122.15897, 37.66775 ], [ -122.159, 37.66764 ], [ -122.15881, 37.66767 ], [ -122.15897, 37.66742 ], [ -122.15908, 37.66745 ], [ -122.15905, 37.66734 ], [ -122.15849, 37.66718 ], [ -122.15822, 37.66619 ], [ -122.15849, 37.66616 ], [ -122.15862, 37.66636 ], [ -122.15862, 37.66616 ], [ -122.15892, 37.66613 ], [ -122.15892, 37.6664 ], [ -122.15865, 37.6664 ], [ -122.1587, 37.66648 ], [ -122.15852, 37.6667 ], [ -122.15857, 37.66691 ], [ -122.15887, 37.66697 ], [ -122.15908, 37.66678 ] ] ], [ [ [ -122.15757, 37.6678 ], [ -122.15741, 37.66783 ], [ -122.15671, 37.66756 ], [ -122.15622, 37.6668 ], [ -122.15784, 37.6668 ], [ -122.15746, 37.66724 ], [ -122.15757, 37.6678 ] ] ], [ [ [ -122.16067, 37.6681 ], [ -122.16, 37.66845 ], [ -122.16005, 37.66818 ], [ -122.15976, 37.66802 ], [ -122.1597, 37.66778 ], [ -122.16005, 37.66791 ], [ -122.16016, 37.66772 ], [ -122.16008, 37.66753 ], [ -122.15954, 37.66742 ], [ -122.1594, 37.66724 ], [ -122.15946, 37.66702 ], [ -122.15916, 37.66678 ], [ -122.15959, 37.66648 ], [ -122.15973, 37.66624 ], [ -122.15965, 37.66613 ], [ -122.16, 37.66616 ], [ -122.16046, 37.66659 ], [ -122.16019, 37.66616 ], [ -122.16078, 37.66651 ], [ -122.16083, 37.6668 ], [ -122.1611, 37.66707 ], [ -122.16089, 37.66702 ], [ -122.16073, 37.66729 ], [ -122.16024, 37.66742 ], [ -122.16067, 37.6681 ] ], [ [ -122.16048, 37.66662 ], [ -122.16048, 37.66659 ], [ -122.16046, 37.66659 ], [ -122.16048, 37.66662 ] ], [ [ -122.16013, 37.6681 ], [ -122.16019, 37.6681 ], [ -122.16013, 37.66807 ], [ -122.16013, 37.6681 ] ], [ [ -122.15997, 37.66621 ], [ -122.15976, 37.66621 ], [ -122.16002, 37.66637 ], [ -122.15997, 37.66659 ], [ -122.16021, 37.66643 ], [ -122.15997, 37.66621 ] ] ], [ [ [ -122.15806, 37.6661 ], [ -122.15795, 37.66624 ], [ -122.15808, 37.66627 ], [ -122.15811, 37.66664 ], [ -122.15768, 37.66659 ], [ -122.15771, 37.66651 ], [ -122.1562, 37.66651 ], [ -122.15604, 37.66667 ], [ -122.15593, 37.66662 ], [ -122.15663, 37.66769 ], [ -122.15738, 37.66794 ], [ -122.15706, 37.66794 ], [ -122.15698, 37.6681 ], [ -122.15765, 37.6692 ], [ -122.15725, 37.66883 ], [ -122.1572, 37.66891 ], [ -122.15698, 37.66877 ], [ -122.15668, 37.66826 ], [ -122.15612, 37.66767 ], [ -122.15593, 37.66761 ], [ -122.15601, 37.66745 ], [ -122.15582, 37.66737 ], [ -122.15582, 37.66724 ], [ -122.15544, 37.6671 ], [ -122.15528, 37.66651 ], [ -122.15504, 37.66629 ], [ -122.15504, 37.66643 ], [ -122.15485, 37.66637 ], [ -122.1549, 37.66627 ], [ -122.15461, 37.66637 ], [ -122.15458, 37.66619 ], [ -122.15439, 37.66621 ], [ -122.15445, 37.6661 ], [ -122.1534, 37.66602 ], [ -122.15523, 37.66597 ], [ -122.15569, 37.66608 ], [ -122.15806, 37.6661 ] ], [ [ -122.15706, 37.66866 ], [ -122.15706, 37.66864 ], [ -122.15703, 37.66866 ], [ -122.15706, 37.66866 ] ], [ [ -122.15455, 37.66616 ], [ -122.15455, 37.66613 ], [ -122.1545, 37.66616 ], [ -122.15455, 37.66616 ] ] ], [ [ [ -122.15051, 37.67087 ], [ -122.14695, 37.66705 ], [ -122.15032, 37.6706 ], [ -122.15051, 37.67087 ] ] ], [ [ [ -122.16156, 37.67066 ], [ -122.16167, 37.67074 ], [ -122.16129, 37.67096 ], [ -122.16089, 37.67039 ], [ -122.16108, 37.67012 ], [ -122.16091, 37.67007 ], [ -122.16099, 37.66988 ], [ -122.16027, 37.66866 ], [ -122.15962, 37.66893 ], [ -122.15954, 37.66891 ], [ -122.16137, 37.66799 ], [ -122.1621, 37.67015 ], [ -122.16191, 37.67031 ], [ -122.16194, 37.67058 ], [ -122.16156, 37.67066 ] ], [ [ -122.16108, 37.67007 ], [ -122.16108, 37.67009 ], [ -122.1611, 37.67007 ], [ -122.16108, 37.67007 ] ], [ [ -122.16113, 37.67004 ], [ -122.1611, 37.67004 ], [ -122.1611, 37.67007 ], [ -122.16113, 37.67004 ] ], [ [ -122.16137, 37.67085 ], [ -122.1614, 37.67085 ], [ -122.16137, 37.67082 ], [ -122.16137, 37.67085 ] ], [ [ -122.16038, 37.6688 ], [ -122.16046, 37.66872 ], [ -122.16038, 37.66875 ], [ -122.16038, 37.6688 ] ] ], [ [ [ -122.15976, 37.67559 ], [ -122.15989, 37.67543 ], [ -122.16032, 37.6754 ], [ -122.16064, 37.67519 ], [ -122.16083, 37.67543 ], [ -122.16019, 37.67581 ], [ -122.15976, 37.67559 ] ] ], [ [ [ -122.17522, 37.68246 ], [ -122.17751, 37.68314 ], [ -122.17749, 37.68335 ], [ -122.17698, 37.68349 ], [ -122.17687, 37.68322 ], [ -122.1766, 37.68311 ], [ -122.17579, 37.68303 ], [ -122.17522, 37.68314 ], [ -122.17522, 37.68246 ] ] ], [ [ [ -122.16081, 37.68373 ], [ -122.16054, 37.68324 ], [ -122.16099, 37.68362 ], [ -122.16124, 37.68343 ], [ -122.16086, 37.68284 ], [ -122.16048, 37.68244 ], [ -122.16016, 37.68265 ], [ -122.16035, 37.68308 ], [ -122.16, 37.68273 ], [ -122.1597, 37.68279 ], [ -122.15959, 37.68292 ], [ -122.15957, 37.68279 ], [ -122.1594, 37.68279 ], [ -122.15981, 37.68271 ], [ -122.16043, 37.68222 ], [ -122.16043, 37.68206 ], [ -122.16019, 37.68192 ], [ -122.16067, 37.68198 ], [ -122.16081, 37.68187 ], [ -122.16245, 37.68354 ], [ -122.16318, 37.68451 ], [ -122.16603, 37.6888 ], [ -122.16725, 37.69076 ], [ -122.16326, 37.68473 ], [ -122.16304, 37.68473 ], [ -122.16159, 37.68545 ], [ -122.16159, 37.68532 ], [ -122.16132, 37.68535 ], [ -122.16067, 37.68564 ], [ -122.1607, 37.68529 ], [ -122.16089, 37.68543 ], [ -122.16118, 37.68527 ], [ -122.16097, 37.68473 ], [ -122.16135, 37.68513 ], [ -122.16164, 37.68502 ], [ -122.16164, 37.68483 ], [ -122.16102, 37.68397 ], [ -122.16083, 37.68389 ], [ -122.16046, 37.68405 ], [ -122.16046, 37.68392 ], [ -122.16081, 37.68373 ] ], [ [ -122.16175, 37.68289 ], [ -122.16175, 37.68284 ], [ -122.16172, 37.68289 ], [ -122.16175, 37.68289 ] ], [ [ -122.16207, 37.68327 ], [ -122.16178, 37.68289 ], [ -122.16202, 37.68327 ], [ -122.16207, 37.68327 ] ], [ [ -122.16172, 37.68529 ], [ -122.16161, 37.68527 ], [ -122.16172, 37.68535 ], [ -122.16172, 37.68529 ] ], [ [ -122.16105, 37.68483 ], [ -122.16102, 37.68483 ], [ -122.16105, 37.68486 ], [ -122.16105, 37.68483 ] ], [ [ -122.16175, 37.68521 ], [ -122.16175, 37.68524 ], [ -122.16178, 37.68521 ], [ -122.16175, 37.68521 ] ], [ [ -122.16256, 37.68384 ], [ -122.16256, 37.68386 ], [ -122.16258, 37.68384 ], [ -122.16256, 37.68384 ] ], [ [ -122.16137, 37.68249 ], [ -122.16137, 37.68252 ], [ -122.1614, 37.68249 ], [ -122.16137, 37.68249 ] ], [ [ -122.16275, 37.68411 ], [ -122.16275, 37.68413 ], [ -122.16277, 37.68411 ], [ -122.16275, 37.68411 ] ], [ [ -122.16175, 37.68529 ], [ -122.16175, 37.68532 ], [ -122.16178, 37.68529 ], [ -122.16175, 37.68529 ] ], [ [ -122.16205, 37.68516 ], [ -122.16205, 37.68518 ], [ -122.16207, 37.68516 ], [ -122.16205, 37.68516 ] ], [ [ -122.16248, 37.68446 ], [ -122.16248, 37.68448 ], [ -122.1625, 37.68446 ], [ -122.16248, 37.68446 ] ], [ [ -122.16261, 37.68394 ], [ -122.16264, 37.68394 ], [ -122.16261, 37.68392 ], [ -122.16261, 37.68394 ] ], [ [ -122.16258, 37.68389 ], [ -122.16258, 37.68392 ], [ -122.16261, 37.68392 ], [ -122.16258, 37.68389 ] ], [ [ -122.1625, 37.68381 ], [ -122.16253, 37.68381 ], [ -122.1625, 37.68378 ], [ -122.1625, 37.68381 ] ], [ [ -122.16248, 37.68376 ], [ -122.16248, 37.68378 ], [ -122.1625, 37.68378 ], [ -122.16248, 37.68376 ] ], [ [ -122.16207, 37.68473 ], [ -122.16205, 37.68478 ], [ -122.1621, 37.68473 ], [ -122.16207, 37.68473 ] ], [ [ -122.1618, 37.68524 ], [ -122.1618, 37.68529 ], [ -122.16188, 37.68524 ], [ -122.1618, 37.68524 ] ], [ [ -122.16229, 37.6843 ], [ -122.16245, 37.6844 ], [ -122.1624, 37.6843 ], [ -122.16229, 37.6843 ] ], [ [ -122.16237, 37.68403 ], [ -122.16205, 37.68365 ], [ -122.16172, 37.68351 ], [ -122.16218, 37.6843 ], [ -122.16234, 37.68427 ], [ -122.16237, 37.68403 ] ], [ [ -122.16148, 37.68297 ], [ -122.16148, 37.68306 ], [ -122.16159, 37.68297 ], [ -122.16148, 37.68297 ] ], [ [ -122.16129, 37.68287 ], [ -122.16137, 37.68273 ], [ -122.1611, 37.68238 ], [ -122.16081, 37.68219 ], [ -122.16059, 37.68225 ], [ -122.16094, 37.68281 ], [ -122.16159, 37.68338 ], [ -122.16172, 37.68327 ], [ -122.16161, 37.68324 ], [ -122.16161, 37.68316 ], [ -122.16153, 37.68316 ], [ -122.16148, 37.68306 ], [ -122.16129, 37.68287 ] ], [ [ -122.16118, 37.6837 ], [ -122.1611, 37.68386 ], [ -122.16172, 37.68473 ], [ -122.16199, 37.68483 ], [ -122.16205, 37.68459 ], [ -122.16186, 37.68413 ], [ -122.16167, 37.68411 ], [ -122.16175, 37.684 ], [ -122.16151, 37.68381 ], [ -122.16118, 37.6837 ] ], [ [ -122.16135, 37.6843 ], [ -122.16135, 37.68427 ], [ -122.16132, 37.6843 ], [ -122.16135, 37.6843 ] ], [ [ -122.16129, 37.68427 ], [ -122.16132, 37.68427 ], [ -122.16129, 37.68424 ], [ -122.16129, 37.68427 ] ] ], [ [ [ -122.18061, 37.68688 ], [ -122.18067, 37.68715 ], [ -122.18013, 37.68642 ], [ -122.17991, 37.68605 ], [ -122.17994, 37.6858 ], [ -122.17972, 37.68567 ], [ -122.17951, 37.68518 ], [ -122.18002, 37.68586 ], [ -122.18061, 37.68688 ] ] ], [ [ [ -122.17024, 37.68702 ], [ -122.17137, 37.69068 ], [ -122.17126, 37.69076 ], [ -122.16862, 37.69074 ], [ -122.16857, 37.68572 ], [ -122.1687, 37.68562 ], [ -122.17075, 37.68562 ], [ -122.17226, 37.6871 ], [ -122.17301, 37.68818 ], [ -122.1735, 37.6895 ], [ -122.1735, 37.69074 ], [ -122.17328, 37.69066 ], [ -122.1732, 37.69076 ], [ -122.17156, 37.69071 ], [ -122.17024, 37.68661 ], [ -122.17024, 37.68702 ] ], [ [ -122.16978, 37.68877 ], [ -122.16973, 37.68874 ], [ -122.16973, 37.68877 ], [ -122.16978, 37.68877 ] ], [ [ -122.16978, 37.68869 ], [ -122.16973, 37.68871 ], [ -122.16978, 37.68871 ], [ -122.16978, 37.68869 ] ], [ [ -122.16965, 37.68845 ], [ -122.16962, 37.68842 ], [ -122.16962, 37.68845 ], [ -122.16965, 37.68845 ] ], [ [ -122.17248, 37.68993 ], [ -122.17245, 37.6899 ], [ -122.17245, 37.68993 ], [ -122.17248, 37.68993 ] ] ], [ [ [ -122.17258, 37.68723 ], [ -122.17115, 37.68564 ], [ -122.17293, 37.68559 ], [ -122.17336, 37.6857 ], [ -122.17541, 37.68737 ], [ -122.17854, 37.6903 ], [ -122.17884, 37.6906 ], [ -122.17881, 37.69074 ], [ -122.1738, 37.69074 ], [ -122.17363, 37.68931 ], [ -122.17312, 37.68801 ], [ -122.17258, 37.68723 ] ], [ [ -122.17479, 37.68758 ], [ -122.17485, 37.68758 ], [ -122.17479, 37.68756 ], [ -122.17479, 37.68758 ] ], [ [ -122.17382, 37.6878 ], [ -122.1738, 37.6878 ], [ -122.17382, 37.68783 ], [ -122.17382, 37.6878 ] ], [ [ -122.1738, 37.68785 ], [ -122.1738, 37.68783 ], [ -122.17377, 37.68785 ], [ -122.1738, 37.68785 ] ], [ [ -122.17436, 37.68901 ], [ -122.17439, 37.68901 ], [ -122.17436, 37.68896 ], [ -122.17436, 37.68901 ] ], [ [ -122.17431, 37.68861 ], [ -122.17439, 37.68861 ], [ -122.17431, 37.68858 ], [ -122.17431, 37.68861 ] ], [ [ -122.17439, 37.6888 ], [ -122.17444, 37.6888 ], [ -122.17433, 37.68863 ], [ -122.17439, 37.6888 ] ] ], [ [ [ -122.18266, 37.69235 ], [ -122.18304, 37.69311 ], [ -122.18231, 37.69254 ], [ -122.1815, 37.69149 ], [ -122.18169, 37.69149 ], [ -122.18242, 37.69233 ], [ -122.18266, 37.69235 ] ] ], [ [ [ -122.17048, 37.69222 ], [ -122.17035, 37.69246 ], [ -122.16983, 37.69243 ], [ -122.16981, 37.69214 ], [ -122.17013, 37.69192 ], [ -122.17027, 37.69206 ], [ -122.17126, 37.69206 ], [ -122.17129, 37.69168 ], [ -122.1714, 37.69168 ], [ -122.17137, 37.69211 ], [ -122.17156, 37.69225 ], [ -122.1718, 37.69219 ], [ -122.17169, 37.6934 ], [ -122.17167, 37.69265 ], [ -122.17159, 37.69287 ], [ -122.17142, 37.69278 ], [ -122.17137, 37.6923 ], [ -122.17048, 37.69222 ] ], [ [ -122.17167, 37.6926 ], [ -122.17167, 37.69235 ], [ -122.17161, 37.6926 ], [ -122.17167, 37.6926 ] ] ], [ [ [ -122.16946, 37.6933 ], [ -122.16881, 37.69241 ], [ -122.16911, 37.6923 ], [ -122.16932, 37.69284 ], [ -122.16956, 37.69289 ], [ -122.16956, 37.69308 ], [ -122.16992, 37.69295 ], [ -122.1701, 37.69303 ], [ -122.16975, 37.69311 ], [ -122.16962, 37.69332 ], [ -122.16946, 37.6933 ] ] ], [ [ [ -122.1777, 37.69157 ], [ -122.17773, 37.69192 ], [ -122.17827, 37.69192 ], [ -122.17835, 37.69163 ], [ -122.17843, 37.69189 ], [ -122.17857, 37.69192 ], [ -122.17875, 37.69187 ], [ -122.17892, 37.69157 ], [ -122.1791, 37.69206 ], [ -122.17897, 37.69206 ], [ -122.17894, 37.69233 ], [ -122.17881, 37.69235 ], [ -122.17873, 37.69211 ], [ -122.17873, 37.69227 ], [ -122.17849, 37.69233 ], [ -122.17843, 37.69335 ], [ -122.1784, 37.69343 ], [ -122.1783, 37.69338 ], [ -122.1783, 37.69354 ], [ -122.17822, 37.69278 ], [ -122.17797, 37.69278 ], [ -122.17787, 37.69292 ], [ -122.17784, 37.69281 ], [ -122.17765, 37.69281 ], [ -122.17757, 37.69394 ], [ -122.17735, 37.69297 ], [ -122.17703, 37.69276 ], [ -122.17684, 37.69278 ], [ -122.17679, 37.69343 ], [ -122.17673, 37.69324 ], [ -122.17665, 37.69338 ], [ -122.1766, 37.69276 ], [ -122.17603, 37.69278 ], [ -122.17601, 37.6934 ], [ -122.17595, 37.69324 ], [ -122.17587, 37.6933 ], [ -122.17582, 37.69276 ], [ -122.17525, 37.69276 ], [ -122.17522, 37.69373 ], [ -122.17517, 37.69381 ], [ -122.17512, 37.69362 ], [ -122.17506, 37.69381 ], [ -122.17504, 37.69278 ], [ -122.17447, 37.69276 ], [ -122.17442, 37.6933 ], [ -122.17433, 37.69305 ], [ -122.17428, 37.69327 ], [ -122.17423, 37.69214 ], [ -122.17396, 37.69211 ], [ -122.17385, 37.69195 ], [ -122.1746, 37.69192 ], [ -122.17469, 37.69157 ], [ -122.17477, 37.69192 ], [ -122.17528, 37.69192 ], [ -122.17541, 37.69154 ], [ -122.17549, 37.69192 ], [ -122.17574, 37.69184 ], [ -122.17598, 37.69189 ], [ -122.17614, 37.69173 ], [ -122.17614, 37.69192 ], [ -122.17687, 37.69192 ], [ -122.17695, 37.69165 ], [ -122.177, 37.69192 ], [ -122.17757, 37.69192 ], [ -122.17757, 37.69165 ], [ -122.1777, 37.69157 ] ], [ [ -122.17571, 37.69189 ], [ -122.17568, 37.69189 ], [ -122.17571, 37.69192 ], [ -122.17571, 37.69189 ] ], [ [ -122.179, 37.69192 ], [ -122.179, 37.69195 ], [ -122.17902, 37.69192 ], [ -122.179, 37.69192 ] ], [ [ -122.17711, 37.69246 ], [ -122.17711, 37.69249 ], [ -122.17714, 37.69246 ], [ -122.17711, 37.69246 ] ], [ [ -122.178, 37.69243 ], [ -122.178, 37.69246 ], [ -122.17805, 37.69243 ], [ -122.178, 37.69243 ] ], [ [ -122.17571, 37.69211 ], [ -122.17571, 37.69214 ], [ -122.17576, 37.69211 ], [ -122.17571, 37.69211 ] ], [ [ -122.17808, 37.69251 ], [ -122.17808, 37.69254 ], [ -122.17813, 37.69251 ], [ -122.17808, 37.69251 ] ], [ [ -122.17619, 37.69257 ], [ -122.17619, 37.6926 ], [ -122.17628, 37.69257 ], [ -122.17619, 37.69257 ] ], [ [ -122.17781, 37.69246 ], [ -122.17781, 37.69251 ], [ -122.17787, 37.69246 ], [ -122.17781, 37.69246 ] ], [ [ -122.17789, 37.69246 ], [ -122.17789, 37.69251 ], [ -122.17795, 37.69246 ], [ -122.17789, 37.69246 ] ], [ [ -122.17867, 37.69219 ], [ -122.17857, 37.69219 ], [ -122.17865, 37.69225 ], [ -122.17867, 37.69219 ] ], [ [ -122.17714, 37.69241 ], [ -122.17719, 37.69249 ], [ -122.17725, 37.69238 ], [ -122.17714, 37.69241 ] ], [ [ -122.17746, 37.69233 ], [ -122.17735, 37.69235 ], [ -122.17789, 37.69238 ], [ -122.17813, 37.69227 ], [ -122.17816, 37.69216 ], [ -122.17741, 37.69222 ], [ -122.17746, 37.69233 ] ], [ [ -122.17447, 37.69254 ], [ -122.17606, 37.69257 ], [ -122.17614, 37.69249 ], [ -122.17641, 37.69257 ], [ -122.17663, 37.69243 ], [ -122.17692, 37.69251 ], [ -122.17714, 37.69238 ], [ -122.17706, 37.69219 ], [ -122.17652, 37.69216 ], [ -122.17644, 37.69225 ], [ -122.17644, 37.69214 ], [ -122.17552, 37.69214 ], [ -122.17506, 37.6923 ], [ -122.17498, 37.69214 ], [ -122.17466, 37.69214 ], [ -122.17447, 37.69254 ] ] ], [ [ [ -122.16878, 37.69507 ], [ -122.16859, 37.69478 ], [ -122.16859, 37.69491 ], [ -122.16843, 37.69481 ], [ -122.16838, 37.69462 ], [ -122.16843, 37.69467 ], [ -122.16851, 37.69464 ], [ -122.16841, 37.69448 ], [ -122.16814, 37.6944 ], [ -122.16781, 37.69373 ], [ -122.16736, 37.69389 ], [ -122.16773, 37.69348 ], [ -122.16762, 37.69351 ], [ -122.16765, 37.69332 ], [ -122.16725, 37.69281 ], [ -122.16684, 37.69265 ], [ -122.16644, 37.69265 ], [ -122.16579, 37.69289 ], [ -122.16509, 37.69297 ], [ -122.16463, 37.69311 ], [ -122.16471, 37.69351 ], [ -122.16434, 37.69327 ], [ -122.16407, 37.69324 ], [ -122.16436, 37.69373 ], [ -122.16396, 37.69327 ], [ -122.16374, 37.6933 ], [ -122.16393, 37.69316 ], [ -122.16366, 37.69313 ], [ -122.16539, 37.69268 ], [ -122.16544, 37.69241 ], [ -122.16571, 37.69257 ], [ -122.1663, 37.69243 ], [ -122.16644, 37.69227 ], [ -122.16663, 37.69238 ], [ -122.16655, 37.69216 ], [ -122.16674, 37.69208 ], [ -122.1669, 37.69227 ], [ -122.16711, 37.69222 ], [ -122.16727, 37.69246 ], [ -122.16749, 37.69251 ], [ -122.16744, 37.69268 ], [ -122.16795, 37.69322 ], [ -122.16816, 37.69308 ], [ -122.16789, 37.69289 ], [ -122.16811, 37.69278 ], [ -122.16795, 37.69257 ], [ -122.16811, 37.69251 ], [ -122.16884, 37.6934 ], [ -122.16878, 37.69351 ], [ -122.16838, 37.69351 ], [ -122.16835, 37.69373 ], [ -122.16857, 37.69384 ], [ -122.1683, 37.69389 ], [ -122.16835, 37.69413 ], [ -122.16851, 37.6941 ], [ -122.16862, 37.69446 ], [ -122.16889, 37.69454 ], [ -122.16889, 37.69475 ], [ -122.16911, 37.69499 ], [ -122.1697, 37.69489 ], [ -122.16965, 37.69513 ], [ -122.1693, 37.69526 ], [ -122.1694, 37.69588 ], [ -122.16913, 37.69561 ], [ -122.16913, 37.69572 ], [ -122.16895, 37.69561 ], [ -122.16889, 37.69534 ], [ -122.16714, 37.69607 ], [ -122.16722, 37.69621 ], [ -122.167, 37.69672 ], [ -122.16655, 37.69634 ], [ -122.1656, 37.69666 ], [ -122.16582, 37.6965 ], [ -122.16563, 37.69656 ], [ -122.16555, 37.69653 ], [ -122.1662, 37.69626 ], [ -122.16598, 37.69621 ], [ -122.16601, 37.69613 ], [ -122.16625, 37.69613 ], [ -122.16628, 37.69621 ], [ -122.16668, 37.69596 ], [ -122.16687, 37.69599 ], [ -122.167, 37.69591 ], [ -122.16684, 37.69588 ], [ -122.16695, 37.69575 ], [ -122.16733, 37.69559 ], [ -122.16762, 37.69556 ], [ -122.16765, 37.69567 ], [ -122.16784, 37.69559 ], [ -122.16754, 37.69578 ], [ -122.1683, 37.69551 ], [ -122.16835, 37.69543 ], [ -122.16814, 37.69548 ], [ -122.16822, 37.69526 ], [ -122.16846, 37.69513 ], [ -122.16873, 37.69521 ], [ -122.16878, 37.69507 ] ], [ [ -122.1662, 37.69618 ], [ -122.1662, 37.69621 ], [ -122.16622, 37.69618 ], [ -122.1662, 37.69618 ] ], [ [ -122.16757, 37.69569 ], [ -122.16757, 37.69567 ], [ -122.16749, 37.69569 ], [ -122.16757, 37.69569 ] ], [ [ -122.16746, 37.69572 ], [ -122.16749, 37.69572 ], [ -122.16749, 37.69569 ], [ -122.16746, 37.69572 ] ], [ [ -122.16808, 37.6941 ], [ -122.16811, 37.6941 ], [ -122.16808, 37.69408 ], [ -122.16808, 37.6941 ] ], [ [ -122.16725, 37.6958 ], [ -122.16727, 37.6958 ], [ -122.16725, 37.69578 ], [ -122.16725, 37.6958 ] ], [ [ -122.16806, 37.69405 ], [ -122.16808, 37.69405 ], [ -122.16806, 37.69402 ], [ -122.16806, 37.69405 ] ], [ [ -122.16876, 37.69464 ], [ -122.16878, 37.69464 ], [ -122.16876, 37.69462 ], [ -122.16876, 37.69464 ] ], [ [ -122.168, 37.694 ], [ -122.16806, 37.694 ], [ -122.168, 37.69397 ], [ -122.168, 37.694 ] ], [ [ -122.16833, 37.69446 ], [ -122.16838, 37.69446 ], [ -122.16833, 37.69443 ], [ -122.16833, 37.69446 ] ], [ [ -122.16822, 37.69427 ], [ -122.16824, 37.69427 ], [ -122.16819, 37.69421 ], [ -122.16822, 37.69427 ] ], [ [ -122.16811, 37.69413 ], [ -122.16814, 37.69416 ], [ -122.16819, 37.69416 ], [ -122.16811, 37.69413 ] ], [ [ -122.168, 37.6933 ], [ -122.16792, 37.69327 ], [ -122.16797, 37.69335 ], [ -122.168, 37.6933 ] ], [ [ -122.16733, 37.69588 ], [ -122.16741, 37.69588 ], [ -122.16733, 37.69583 ], [ -122.16733, 37.69588 ] ], [ [ -122.168, 37.69394 ], [ -122.168, 37.69386 ], [ -122.16797, 37.69389 ], [ -122.168, 37.69394 ] ], [ [ -122.16768, 37.69303 ], [ -122.16746, 37.69287 ], [ -122.16781, 37.69338 ], [ -122.16768, 37.69303 ] ] ], [ [ [ -122.18118, 37.69308 ], [ -122.18131, 37.69332 ], [ -122.18175, 37.69357 ], [ -122.18183, 37.6941 ], [ -122.1821, 37.69437 ], [ -122.18207, 37.6947 ], [ -122.18231, 37.69526 ], [ -122.1815, 37.6941 ], [ -122.18105, 37.69308 ], [ -122.18118, 37.69308 ] ] ], [ [ [ -122.17924, 37.69516 ], [ -122.17902, 37.69499 ], [ -122.17884, 37.69451 ], [ -122.17889, 37.69448 ], [ -122.179, 37.69467 ], [ -122.17908, 37.69459 ], [ -122.17937, 37.69497 ], [ -122.17956, 37.69502 ], [ -122.17962, 37.69483 ], [ -122.17908, 37.69392 ], [ -122.17948, 37.6937 ], [ -122.17948, 37.69357 ], [ -122.17978, 37.69338 ], [ -122.17972, 37.69319 ], [ -122.17983, 37.69319 ], [ -122.17999, 37.69354 ], [ -122.17981, 37.69359 ], [ -122.18013, 37.69389 ], [ -122.18053, 37.69464 ], [ -122.18056, 37.69437 ], [ -122.1808, 37.69462 ], [ -122.18083, 37.69481 ], [ -122.18061, 37.69475 ], [ -122.18059, 37.69499 ], [ -122.18075, 37.69521 ], [ -122.18061, 37.69521 ], [ -122.18061, 37.69532 ], [ -122.18086, 37.69537 ], [ -122.1808, 37.69553 ], [ -122.18099, 37.69561 ], [ -122.18091, 37.69596 ], [ -122.18118, 37.69629 ], [ -122.18094, 37.69621 ], [ -122.18094, 37.69634 ], [ -122.18067, 37.69599 ], [ -122.18018, 37.69578 ], [ -122.17989, 37.69586 ], [ -122.1801, 37.69626 ], [ -122.17999, 37.69618 ], [ -122.17999, 37.69629 ], [ -122.17975, 37.69594 ], [ -122.17935, 37.69607 ], [ -122.17927, 37.69623 ], [ -122.17946, 37.69637 ], [ -122.17981, 37.69715 ], [ -122.17927, 37.69677 ], [ -122.17902, 37.69631 ], [ -122.17884, 37.69642 ], [ -122.17862, 37.69637 ], [ -122.17859, 37.69669 ], [ -122.17835, 37.69653 ], [ -122.17784, 37.69666 ], [ -122.17795, 37.69656 ], [ -122.17784, 37.69653 ], [ -122.17835, 37.69629 ], [ -122.17857, 37.69602 ], [ -122.17875, 37.69605 ], [ -122.1787, 37.69594 ], [ -122.17889, 37.69594 ], [ -122.17889, 37.69583 ], [ -122.17935, 37.69588 ], [ -122.17999, 37.69561 ], [ -122.18005, 37.69545 ], [ -122.18024, 37.69545 ], [ -122.18005, 37.69534 ], [ -122.17991, 37.69543 ], [ -122.1797, 37.69524 ], [ -122.17913, 37.69543 ], [ -122.17867, 37.69591 ], [ -122.17862, 37.69583 ], [ -122.17832, 37.69594 ], [ -122.17803, 37.69588 ], [ -122.17746, 37.6961 ], [ -122.17735, 37.69634 ], [ -122.17722, 37.69623 ], [ -122.17681, 37.69626 ], [ -122.17714, 37.69607 ], [ -122.17706, 37.69588 ], [ -122.17741, 37.69599 ], [ -122.17778, 37.69586 ], [ -122.17784, 37.69569 ], [ -122.17768, 37.69548 ], [ -122.17781, 37.69548 ], [ -122.17795, 37.69569 ], [ -122.17846, 37.69548 ], [ -122.17813, 37.69489 ], [ -122.17816, 37.6947 ], [ -122.1787, 37.69521 ], [ -122.1787, 37.69534 ], [ -122.17886, 37.69532 ], [ -122.17878, 37.69518 ], [ -122.17892, 37.6951 ], [ -122.17897, 37.69526 ], [ -122.17919, 37.69524 ], [ -122.17924, 37.69516 ] ], [ [ -122.17722, 37.69605 ], [ -122.17714, 37.69621 ], [ -122.17735, 37.69607 ], [ -122.17722, 37.69605 ] ], [ [ -122.17797, 37.69656 ], [ -122.178, 37.69656 ], [ -122.17797, 37.69653 ], [ -122.17797, 37.69656 ] ], [ [ -122.18043, 37.69572 ], [ -122.18045, 37.69572 ], [ -122.18043, 37.69569 ], [ -122.18043, 37.69572 ] ], [ [ -122.18059, 37.69513 ], [ -122.18061, 37.69513 ], [ -122.18059, 37.6951 ], [ -122.18059, 37.69513 ] ], [ [ -122.1787, 37.69572 ], [ -122.17873, 37.69572 ], [ -122.1787, 37.69569 ], [ -122.1787, 37.69572 ] ], [ [ -122.18029, 37.6958 ], [ -122.18034, 37.6958 ], [ -122.18029, 37.69578 ], [ -122.18029, 37.6958 ] ], [ [ -122.17897, 37.69599 ], [ -122.17897, 37.69596 ], [ -122.17894, 37.69599 ], [ -122.17897, 37.69599 ] ], [ [ -122.17892, 37.69596 ], [ -122.17894, 37.69596 ], [ -122.17892, 37.69591 ], [ -122.17892, 37.69596 ] ], [ [ -122.18051, 37.69588 ], [ -122.18056, 37.69586 ], [ -122.18051, 37.69583 ], [ -122.18051, 37.69588 ] ], [ [ -122.18045, 37.69578 ], [ -122.1804, 37.69578 ], [ -122.18043, 37.69583 ], [ -122.18045, 37.69578 ] ], [ [ -122.18061, 37.69467 ], [ -122.18067, 37.69467 ], [ -122.18061, 37.69462 ], [ -122.18061, 37.69467 ] ], [ [ -122.17859, 37.69607 ], [ -122.17857, 37.69607 ], [ -122.17862, 37.69613 ], [ -122.17859, 37.69607 ] ], [ [ -122.18018, 37.69462 ], [ -122.17986, 37.69419 ], [ -122.17951, 37.69421 ], [ -122.17983, 37.69483 ], [ -122.18016, 37.69478 ], [ -122.18018, 37.69462 ] ] ], [ [ [ -122.16374, 37.69567 ], [ -122.16361, 37.69564 ], [ -122.16366, 37.69551 ], [ -122.16347, 37.69534 ], [ -122.16337, 37.69489 ], [ -122.16339, 37.69481 ], [ -122.16366, 37.69526 ], [ -122.16356, 37.69467 ], [ -122.16388, 37.69537 ], [ -122.16436, 37.69524 ], [ -122.16399, 37.69553 ], [ -122.16458, 37.69648 ], [ -122.16423, 37.69613 ], [ -122.16436, 37.69645 ], [ -122.16434, 37.6965 ], [ -122.16374, 37.69567 ] ], [ [ -122.16372, 37.69537 ], [ -122.16374, 37.69537 ], [ -122.16372, 37.69534 ], [ -122.16372, 37.69537 ] ], [ [ -122.16374, 37.69543 ], [ -122.16377, 37.69543 ], [ -122.16374, 37.6954 ], [ -122.16374, 37.69543 ] ] ], [ [ [ -122.18959, 37.70092 ], [ -122.18967, 37.70103 ], [ -122.18967, 37.70149 ], [ -122.18935, 37.70152 ], [ -122.18951, 37.70138 ], [ -122.18926, 37.70125 ], [ -122.18918, 37.70162 ], [ -122.1891, 37.70144 ], [ -122.18883, 37.70154 ], [ -122.18883, 37.70144 ], [ -122.18878, 37.70144 ], [ -122.18881, 37.70157 ], [ -122.18862, 37.70165 ], [ -122.1884, 37.7016 ], [ -122.1884, 37.70184 ], [ -122.18811, 37.70173 ], [ -122.18811, 37.70195 ], [ -122.18776, 37.70179 ], [ -122.18727, 37.70197 ], [ -122.18767, 37.70176 ], [ -122.18727, 37.70181 ], [ -122.18751, 37.70168 ], [ -122.18749, 37.70154 ], [ -122.18765, 37.70162 ], [ -122.18776, 37.70152 ], [ -122.18762, 37.70149 ], [ -122.18743, 37.70092 ], [ -122.18714, 37.70092 ], [ -122.18711, 37.70103 ], [ -122.18695, 37.70079 ], [ -122.18676, 37.70092 ], [ -122.18657, 37.7009 ], [ -122.18681, 37.7006 ], [ -122.18706, 37.70055 ], [ -122.18697, 37.70033 ], [ -122.18716, 37.70036 ], [ -122.18722, 37.70014 ], [ -122.18689, 37.70003 ], [ -122.18681, 37.69976 ], [ -122.1866, 37.69993 ], [ -122.18608, 37.69923 ], [ -122.18598, 37.69925 ], [ -122.18611, 37.69936 ], [ -122.18595, 37.69944 ], [ -122.18565, 37.69925 ], [ -122.18573, 37.69896 ], [ -122.186, 37.69887 ], [ -122.18595, 37.69844 ], [ -122.18587, 37.69858 ], [ -122.18555, 37.69858 ], [ -122.18541, 37.69871 ], [ -122.18549, 37.6989 ], [ -122.18525, 37.69887 ], [ -122.18533, 37.6992 ], [ -122.1849, 37.69928 ], [ -122.1849, 37.69947 ], [ -122.18444, 37.6992 ], [ -122.18447, 37.69893 ], [ -122.18428, 37.69904 ], [ -122.18436, 37.69917 ], [ -122.18425, 37.69914 ], [ -122.1842, 37.69887 ], [ -122.18366, 37.69812 ], [ -122.18334, 37.69823 ], [ -122.1832, 37.6982 ], [ -122.18285, 37.69844 ], [ -122.18301, 37.69858 ], [ -122.18282, 37.69877 ], [ -122.1829, 37.69925 ], [ -122.18274, 37.69906 ], [ -122.18253, 37.69904 ], [ -122.18247, 37.69879 ], [ -122.1818, 37.69909 ], [ -122.18145, 37.69904 ], [ -122.18234, 37.69855 ], [ -122.18212, 37.69834 ], [ -122.1821, 37.69844 ], [ -122.18188, 37.69842 ], [ -122.18167, 37.69815 ], [ -122.18115, 37.69823 ], [ -122.18134, 37.69847 ], [ -122.18134, 37.69879 ], [ -122.18115, 37.69871 ], [ -122.18123, 37.69847 ], [ -122.18113, 37.69831 ], [ -122.18078, 37.69831 ], [ -122.17994, 37.69866 ], [ -122.17986, 37.69863 ], [ -122.18016, 37.6985 ], [ -122.18026, 37.69836 ], [ -122.17981, 37.69852 ], [ -122.17972, 37.6985 ], [ -122.18064, 37.69809 ], [ -122.18061, 37.6978 ], [ -122.18078, 37.69801 ], [ -122.18131, 37.69782 ], [ -122.18129, 37.6975 ], [ -122.18148, 37.69772 ], [ -122.18169, 37.69764 ], [ -122.18148, 37.69718 ], [ -122.18096, 37.69731 ], [ -122.18099, 37.69718 ], [ -122.18131, 37.69704 ], [ -122.18107, 37.69658 ], [ -122.18126, 37.69669 ], [ -122.18118, 37.69648 ], [ -122.18164, 37.69696 ], [ -122.18169, 37.69715 ], [ -122.18207, 37.69715 ], [ -122.18215, 37.69737 ], [ -122.18234, 37.6972 ], [ -122.18239, 37.69731 ], [ -122.18274, 37.69723 ], [ -122.18258, 37.69712 ], [ -122.18261, 37.69675 ], [ -122.18293, 37.69715 ], [ -122.18323, 37.69704 ], [ -122.18304, 37.69723 ], [ -122.18326, 37.69723 ], [ -122.18452, 37.69664 ], [ -122.18511, 37.69669 ], [ -122.18528, 37.69661 ], [ -122.18541, 37.69688 ], [ -122.18576, 37.69693 ], [ -122.18584, 37.69712 ], [ -122.1863, 37.69742 ], [ -122.18679, 37.69734 ], [ -122.18687, 37.6972 ], [ -122.18719, 37.69728 ], [ -122.18749, 37.69718 ], [ -122.18792, 37.69734 ], [ -122.18808, 37.69766 ], [ -122.18803, 37.69731 ], [ -122.18829, 37.69742 ], [ -122.18838, 37.69761 ], [ -122.18875, 37.69785 ], [ -122.18875, 37.69847 ], [ -122.18865, 37.6985 ], [ -122.18832, 37.69812 ], [ -122.18835, 37.69847 ], [ -122.18937, 37.70041 ], [ -122.18921, 37.70049 ], [ -122.18908, 37.70038 ], [ -122.18894, 37.70052 ], [ -122.18865, 37.70022 ], [ -122.18843, 37.70028 ], [ -122.18824, 37.70065 ], [ -122.18835, 37.70095 ], [ -122.18856, 37.70082 ], [ -122.18846, 37.70076 ], [ -122.1887, 37.70079 ], [ -122.18867, 37.70071 ], [ -122.18878, 37.70057 ], [ -122.18913, 37.70052 ], [ -122.18924, 37.70065 ], [ -122.18932, 37.70057 ], [ -122.18921, 37.70092 ], [ -122.18926, 37.70095 ], [ -122.18951, 37.70057 ], [ -122.18932, 37.701 ], [ -122.18959, 37.70092 ] ], [ [ -122.18924, 37.70117 ], [ -122.18924, 37.70125 ], [ -122.18926, 37.70125 ], [ -122.18924, 37.70117 ] ], [ [ -122.18956, 37.70103 ], [ -122.18956, 37.701 ], [ -122.18953, 37.70103 ], [ -122.18956, 37.70103 ] ], [ [ -122.18951, 37.70106 ], [ -122.18953, 37.70106 ], [ -122.18953, 37.70103 ], [ -122.18951, 37.70106 ] ], [ [ -122.18714, 37.7009 ], [ -122.18724, 37.70082 ], [ -122.18724, 37.70073 ], [ -122.18706, 37.70079 ], [ -122.18714, 37.7009 ] ], [ [ -122.18414, 37.69869 ], [ -122.18428, 37.69896 ], [ -122.18431, 37.69879 ], [ -122.18414, 37.69869 ] ], [ [ -122.18436, 37.69887 ], [ -122.18436, 37.6989 ], [ -122.18439, 37.69887 ], [ -122.18436, 37.69887 ] ], [ [ -122.18334, 37.69817 ], [ -122.18336, 37.69817 ], [ -122.18334, 37.69815 ], [ -122.18334, 37.69817 ] ], [ [ -122.18293, 37.69863 ], [ -122.18293, 37.69858 ], [ -122.1829, 37.69863 ], [ -122.18293, 37.69863 ] ], [ [ -122.18264, 37.69683 ], [ -122.18261, 37.69683 ], [ -122.18264, 37.69685 ], [ -122.18264, 37.69683 ] ], [ [ -122.18902, 37.70036 ], [ -122.18891, 37.70036 ], [ -122.18897, 37.70041 ], [ -122.18902, 37.70036 ] ], [ [ -122.18908, 37.70033 ], [ -122.18902, 37.70033 ], [ -122.18902, 37.70036 ], [ -122.18908, 37.70033 ] ], [ [ -122.1887, 37.70073 ], [ -122.1887, 37.70076 ], [ -122.18873, 37.70073 ], [ -122.1887, 37.70073 ] ], [ [ -122.18331, 37.69804 ], [ -122.18334, 37.69804 ], [ -122.18331, 37.69801 ], [ -122.18331, 37.69804 ] ], [ [ -122.18156, 37.69699 ], [ -122.18158, 37.69699 ], [ -122.18156, 37.69696 ], [ -122.18156, 37.69699 ] ], [ [ -122.18878, 37.69952 ], [ -122.18881, 37.69952 ], [ -122.18878, 37.69949 ], [ -122.18878, 37.69952 ] ], [ [ -122.18056, 37.69828 ], [ -122.18059, 37.69828 ], [ -122.18056, 37.69825 ], [ -122.18056, 37.69828 ] ], [ [ -122.18247, 37.69772 ], [ -122.1825, 37.69772 ], [ -122.18247, 37.69769 ], [ -122.18247, 37.69772 ] ], [ [ -122.18576, 37.69923 ], [ -122.18579, 37.69923 ], [ -122.18576, 37.6992 ], [ -122.18576, 37.69923 ] ], [ [ -122.18862, 37.70152 ], [ -122.18865, 37.70152 ], [ -122.18862, 37.70149 ], [ -122.18862, 37.70152 ] ], [ [ -122.18646, 37.69839 ], [ -122.18649, 37.69839 ], [ -122.18646, 37.69836 ], [ -122.18646, 37.69839 ] ], [ [ -122.18856, 37.69809 ], [ -122.18859, 37.69809 ], [ -122.18856, 37.69807 ], [ -122.18856, 37.69809 ] ], [ [ -122.18433, 37.69831 ], [ -122.18436, 37.69831 ], [ -122.18433, 37.69828 ], [ -122.18433, 37.69831 ] ], [ [ -122.18846, 37.69777 ], [ -122.18848, 37.69777 ], [ -122.18846, 37.69774 ], [ -122.18846, 37.69777 ] ], [ [ -122.18856, 37.69815 ], [ -122.18862, 37.69815 ], [ -122.18856, 37.69812 ], [ -122.18856, 37.69815 ] ], [ [ -122.18142, 37.69815 ], [ -122.18148, 37.69815 ], [ -122.18142, 37.69812 ], [ -122.18142, 37.69815 ] ], [ [ -122.18272, 37.69785 ], [ -122.18274, 37.69785 ], [ -122.18272, 37.6978 ], [ -122.18272, 37.69785 ] ], [ [ -122.18592, 37.6982 ], [ -122.18595, 37.6982 ], [ -122.18592, 37.69815 ], [ -122.18592, 37.6982 ] ], [ [ -122.18646, 37.69855 ], [ -122.18649, 37.69855 ], [ -122.18646, 37.6985 ], [ -122.18646, 37.69855 ] ], [ [ -122.18956, 37.70133 ], [ -122.18959, 37.70133 ], [ -122.18953, 37.70127 ], [ -122.18956, 37.70133 ] ], [ [ -122.189, 37.70068 ], [ -122.18905, 37.70068 ], [ -122.189, 37.70063 ], [ -122.189, 37.70068 ] ], [ [ -122.18886, 37.70095 ], [ -122.18891, 37.70095 ], [ -122.18886, 37.7009 ], [ -122.18886, 37.70095 ] ], [ [ -122.18204, 37.69737 ], [ -122.18212, 37.69739 ], [ -122.18204, 37.69734 ], [ -122.18204, 37.69737 ] ], [ [ -122.18786, 37.70087 ], [ -122.18784, 37.70087 ], [ -122.18789, 37.70092 ], [ -122.18786, 37.70087 ] ], [ [ -122.18784, 37.70095 ], [ -122.18784, 37.70092 ], [ -122.18778, 37.70095 ], [ -122.18784, 37.70095 ] ], [ [ -122.18859, 37.70122 ], [ -122.18856, 37.70114 ], [ -122.18854, 37.70117 ], [ -122.18859, 37.70122 ] ], [ [ -122.18229, 37.69739 ], [ -122.18234, 37.69739 ], [ -122.18229, 37.69734 ], [ -122.18229, 37.69739 ] ], [ [ -122.18803, 37.7017 ], [ -122.18792, 37.70173 ], [ -122.188, 37.70176 ], [ -122.18803, 37.7017 ] ], [ [ -122.18425, 37.69693 ], [ -122.18417, 37.69693 ], [ -122.18423, 37.69699 ], [ -122.18425, 37.69693 ] ], [ [ -122.18881, 37.69966 ], [ -122.18883, 37.69966 ], [ -122.18878, 37.69955 ], [ -122.18881, 37.69966 ] ], [ [ -122.18352, 37.69793 ], [ -122.18347, 37.69796 ], [ -122.18355, 37.69801 ], [ -122.18352, 37.69793 ] ], [ [ -122.18808, 37.69993 ], [ -122.18803, 37.69995 ], [ -122.18811, 37.70001 ], [ -122.18808, 37.69993 ] ], [ [ -122.1849, 37.69728 ], [ -122.18498, 37.69728 ], [ -122.1849, 37.6972 ], [ -122.1849, 37.69728 ] ], [ [ -122.18727, 37.70001 ], [ -122.18716, 37.70001 ], [ -122.18724, 37.70009 ], [ -122.18727, 37.70001 ] ], [ [ -122.18649, 37.69793 ], [ -122.18646, 37.6978 ], [ -122.18644, 37.6979 ], [ -122.18649, 37.69793 ] ], [ [ -122.18584, 37.69909 ], [ -122.18592, 37.69909 ], [ -122.18584, 37.69901 ], [ -122.18584, 37.69909 ] ], [ [ -122.18897, 37.70144 ], [ -122.18902, 37.70141 ], [ -122.18891, 37.70135 ], [ -122.18897, 37.70144 ] ], [ [ -122.1818, 37.69793 ], [ -122.18169, 37.6979 ], [ -122.18177, 37.69799 ], [ -122.1818, 37.69793 ] ], [ [ -122.18668, 37.69761 ], [ -122.18657, 37.69764 ], [ -122.18665, 37.69766 ], [ -122.18668, 37.69761 ] ], [ [ -122.18654, 37.69772 ], [ -122.18654, 37.69769 ], [ -122.18652, 37.69772 ], [ -122.18654, 37.69772 ] ], [ [ -122.18649, 37.69774 ], [ -122.18652, 37.69774 ], [ -122.18652, 37.69772 ], [ -122.18649, 37.69774 ] ], [ [ -122.18646, 37.69777 ], [ -122.18649, 37.69777 ], [ -122.18649, 37.69774 ], [ -122.18646, 37.69777 ] ], [ [ -122.18032, 37.69834 ], [ -122.18032, 37.69839 ], [ -122.18043, 37.69828 ], [ -122.18032, 37.69834 ] ], [ [ -122.1884, 37.70111 ], [ -122.18838, 37.70125 ], [ -122.18843, 37.70125 ], [ -122.18848, 37.70119 ], [ -122.1884, 37.70111 ] ], [ [ -122.18498, 37.69734 ], [ -122.18498, 37.69742 ], [ -122.18511, 37.69734 ], [ -122.18498, 37.69734 ] ], [ [ -122.18301, 37.69815 ], [ -122.18301, 37.6982 ], [ -122.1832, 37.69809 ], [ -122.18301, 37.69815 ] ], [ [ -122.18738, 37.69982 ], [ -122.18757, 37.69976 ], [ -122.18741, 37.69974 ], [ -122.18738, 37.69982 ] ], [ [ -122.18336, 37.69782 ], [ -122.18317, 37.69785 ], [ -122.18317, 37.6979 ], [ -122.18336, 37.69793 ], [ -122.18336, 37.69782 ] ], [ [ -122.18404, 37.69785 ], [ -122.18385, 37.69782 ], [ -122.18385, 37.69788 ], [ -122.18401, 37.69796 ], [ -122.18404, 37.69785 ] ], [ [ -122.18918, 37.70071 ], [ -122.18886, 37.70079 ], [ -122.18908, 37.70087 ], [ -122.18918, 37.70071 ] ], [ [ -122.18794, 37.69982 ], [ -122.18776, 37.69971 ], [ -122.18794, 37.69993 ], [ -122.18794, 37.69982 ] ], [ [ -122.18549, 37.69774 ], [ -122.1856, 37.69782 ], [ -122.18579, 37.69761 ], [ -122.18563, 37.69755 ], [ -122.18549, 37.69774 ] ], [ [ -122.18821, 37.69939 ], [ -122.18824, 37.69923 ], [ -122.18808, 37.69912 ], [ -122.18808, 37.69936 ], [ -122.18821, 37.69939 ] ], [ [ -122.18727, 37.69844 ], [ -122.18732, 37.69842 ], [ -122.18719, 37.69823 ], [ -122.18727, 37.69844 ] ], [ [ -122.18697, 37.69764 ], [ -122.187, 37.69796 ], [ -122.18716, 37.69823 ], [ -122.18706, 37.6979 ], [ -122.18711, 37.69764 ], [ -122.18697, 37.69764 ] ], [ [ -122.18404, 37.69739 ], [ -122.18404, 37.69726 ], [ -122.18423, 37.69734 ], [ -122.18428, 37.69723 ], [ -122.18409, 37.69707 ], [ -122.18385, 37.69747 ], [ -122.18404, 37.69739 ] ], [ [ -122.18611, 37.69793 ], [ -122.18633, 37.69804 ], [ -122.18641, 37.69799 ], [ -122.18595, 37.69777 ], [ -122.1859, 37.69801 ], [ -122.18606, 37.69812 ], [ -122.18611, 37.69793 ] ], [ [ -122.18652, 37.69941 ], [ -122.18662, 37.69974 ], [ -122.18681, 37.69971 ], [ -122.18679, 37.69925 ], [ -122.18652, 37.69941 ] ], [ [ -122.18778, 37.69871 ], [ -122.18735, 37.69855 ], [ -122.18722, 37.69877 ], [ -122.18692, 37.69879 ], [ -122.18681, 37.69896 ], [ -122.18708, 37.69925 ], [ -122.1873, 37.69909 ], [ -122.18784, 37.6992 ], [ -122.18811, 37.69904 ], [ -122.18789, 37.69861 ], [ -122.18778, 37.69871 ] ] ], [ [ [ -122.19134, 37.71068 ], [ -122.19156, 37.71157 ], [ -122.19156, 37.71184 ], [ -122.19107, 37.71205 ], [ -122.19147, 37.71313 ], [ -122.19142, 37.71324 ], [ -122.19091, 37.712 ], [ -122.19112, 37.71186 ], [ -122.19088, 37.71141 ], [ -122.19088, 37.71068 ], [ -122.19072, 37.71041 ], [ -122.19034, 37.71052 ], [ -122.19026, 37.71049 ], [ -122.19147, 37.71014 ], [ -122.19172, 37.70992 ], [ -122.19177, 37.70992 ], [ -122.19174, 37.71006 ], [ -122.1925, 37.70984 ], [ -122.1928, 37.70957 ], [ -122.19285, 37.70974 ], [ -122.19266, 37.70987 ], [ -122.19201, 37.71006 ], [ -122.19185, 37.71025 ], [ -122.19118, 37.71052 ], [ -122.19134, 37.71068 ] ], [ [ -122.19174, 37.71 ], [ -122.19174, 37.70998 ], [ -122.19172, 37.71 ], [ -122.19174, 37.71 ] ], [ [ -122.19139, 37.71022 ], [ -122.19139, 37.71025 ], [ -122.19142, 37.71022 ], [ -122.19139, 37.71022 ] ], [ [ -122.19134, 37.71025 ], [ -122.19134, 37.71027 ], [ -122.19137, 37.71025 ], [ -122.19134, 37.71025 ] ], [ [ -122.19145, 37.71019 ], [ -122.19145, 37.71022 ], [ -122.19147, 37.71019 ], [ -122.19145, 37.71019 ] ], [ [ -122.19085, 37.71036 ], [ -122.19085, 37.71038 ], [ -122.19091, 37.71036 ], [ -122.19085, 37.71036 ] ], [ [ -122.19142, 37.71027 ], [ -122.19142, 37.7103 ], [ -122.19147, 37.71027 ], [ -122.19142, 37.71027 ] ], [ [ -122.19172, 37.71011 ], [ -122.19172, 37.71009 ], [ -122.19169, 37.71011 ], [ -122.19172, 37.71011 ] ], [ [ -122.19164, 37.71014 ], [ -122.19169, 37.71014 ], [ -122.19169, 37.71011 ], [ -122.19164, 37.71014 ] ], [ [ -122.19131, 37.71027 ], [ -122.19118, 37.71027 ], [ -122.19126, 37.71033 ], [ -122.19131, 37.71027 ] ] ], [ [ [ -122.19781, 37.71534 ], [ -122.19748, 37.71539 ], [ -122.19738, 37.71531 ], [ -122.1974, 37.71453 ], [ -122.19767, 37.71424 ], [ -122.20061, 37.71356 ], [ -122.20061, 37.71378 ], [ -122.19781, 37.71534 ] ] ], [ [ [ -122.21333, 37.7131 ], [ -122.21352, 37.71345 ], [ -122.21357, 37.71402 ], [ -122.21322, 37.71499 ], [ -122.21287, 37.71534 ], [ -122.21193, 37.71596 ], [ -122.21128, 37.71588 ], [ -122.21174, 37.71599 ], [ -122.21171, 37.71612 ], [ -122.21085, 37.71658 ], [ -122.20843, 37.71682 ], [ -122.20848, 37.71655 ], [ -122.20872, 37.71653 ], [ -122.20853, 37.71639 ], [ -122.20861, 37.71585 ], [ -122.20843, 37.71588 ], [ -122.20826, 37.71558 ], [ -122.20813, 37.71612 ], [ -122.20789, 37.71639 ], [ -122.20689, 37.71645 ], [ -122.20676, 37.71677 ], [ -122.20562, 37.71744 ], [ -122.20446, 37.71747 ], [ -122.20325, 37.71801 ], [ -122.20306, 37.71769 ], [ -122.20101, 37.71596 ], [ -122.19961, 37.71459 ], [ -122.19969, 37.7144 ], [ -122.20099, 37.7137 ], [ -122.20107, 37.71343 ], [ -122.20282, 37.713 ], [ -122.20985, 37.71138 ], [ -122.20994, 37.71149 ], [ -122.2098, 37.71173 ], [ -122.20813, 37.71259 ], [ -122.20773, 37.71297 ], [ -122.20756, 37.71324 ], [ -122.20754, 37.71332 ], [ -122.20756, 37.71337 ], [ -122.20824, 37.71289 ], [ -122.20948, 37.713 ], [ -122.20891, 37.71246 ], [ -122.21023, 37.71184 ], [ -122.21082, 37.71178 ], [ -122.21077, 37.71189 ], [ -122.21096, 37.712 ], [ -122.21101, 37.71186 ], [ -122.21128, 37.71192 ], [ -122.21131, 37.71203 ], [ -122.21158, 37.712 ], [ -122.21263, 37.71259 ], [ -122.21276, 37.71281 ], [ -122.2132, 37.71294 ], [ -122.21314, 37.7131 ], [ -122.21333, 37.7131 ] ], [ [ -122.21107, 37.712 ], [ -122.21104, 37.712 ], [ -122.21107, 37.71203 ], [ -122.21107, 37.712 ] ], [ [ -122.21064, 37.71181 ], [ -122.21064, 37.71184 ], [ -122.21072, 37.71181 ], [ -122.21064, 37.71181 ] ], [ [ -122.20937, 37.71504 ], [ -122.20937, 37.71515 ], [ -122.20967, 37.71534 ], [ -122.20937, 37.71504 ] ], [ [ -122.20967, 37.71572 ], [ -122.20969, 37.71572 ], [ -122.20967, 37.71569 ], [ -122.20967, 37.71572 ] ], [ [ -122.20967, 37.71566 ], [ -122.20934, 37.71561 ], [ -122.20861, 37.71626 ], [ -122.20896, 37.71631 ], [ -122.20967, 37.71566 ] ], [ [ -122.2056, 37.71391 ], [ -122.20549, 37.71407 ], [ -122.20584, 37.71434 ], [ -122.20597, 37.71464 ], [ -122.20662, 37.71491 ], [ -122.20684, 37.71472 ], [ -122.2067, 37.71442 ], [ -122.20597, 37.7138 ], [ -122.2056, 37.71391 ] ] ], [ [ [ -122.19878, 37.71857 ], [ -122.19859, 37.71855 ], [ -122.19775, 37.71763 ], [ -122.19716, 37.71604 ], [ -122.19732, 37.71601 ], [ -122.19783, 37.71744 ], [ -122.19878, 37.71857 ] ] ], [ [ [ -122.21554, 37.71841 ], [ -122.21554, 37.71876 ], [ -122.21538, 37.71895 ], [ -122.21414, 37.71979 ], [ -122.2136, 37.71992 ], [ -122.21317, 37.71981 ], [ -122.21506, 37.71833 ], [ -122.21533, 37.71828 ], [ -122.21554, 37.71841 ] ], [ [ -122.2146, 37.71911 ], [ -122.21462, 37.71911 ], [ -122.2146, 37.71909 ], [ -122.2146, 37.71911 ] ] ], [ [ [ -122.19665, 37.72213 ], [ -122.19913, 37.72278 ], [ -122.19937, 37.72302 ], [ -122.19999, 37.72316 ], [ -122.19996, 37.72359 ], [ -122.1998, 37.72364 ], [ -122.19845, 37.72318 ], [ -122.19651, 37.72237 ], [ -122.19665, 37.72213 ] ] ], [ [ [ -122.19762, 37.72378 ], [ -122.19843, 37.72423 ], [ -122.1987, 37.72429 ], [ -122.19872, 37.72415 ], [ -122.19832, 37.72367 ], [ -122.19897, 37.72361 ], [ -122.19913, 37.7237 ], [ -122.19932, 37.72351 ], [ -122.19934, 37.72386 ], [ -122.1998, 37.7245 ], [ -122.19967, 37.72464 ], [ -122.19921, 37.72442 ], [ -122.19897, 37.72448 ], [ -122.19967, 37.72488 ], [ -122.19964, 37.72499 ], [ -122.19501, 37.72246 ], [ -122.19425, 37.72189 ], [ -122.1942, 37.72157 ], [ -122.19401, 37.72143 ], [ -122.19412, 37.72124 ], [ -122.19598, 37.72167 ], [ -122.19598, 37.72194 ], [ -122.19646, 37.72208 ], [ -122.19646, 37.72224 ], [ -122.19598, 37.72251 ], [ -122.19587, 37.72278 ], [ -122.19754, 37.72356 ], [ -122.19762, 37.72378 ] ], [ [ -122.19414, 37.72135 ], [ -122.19409, 37.72135 ], [ -122.19414, 37.72143 ], [ -122.19414, 37.72135 ] ], [ [ -122.19417, 37.72146 ], [ -122.19417, 37.72143 ], [ -122.19414, 37.72143 ], [ -122.19417, 37.72146 ] ], [ [ -122.19883, 37.72423 ], [ -122.19889, 37.72423 ], [ -122.19883, 37.72421 ], [ -122.19883, 37.72423 ] ], [ [ -122.19439, 37.72192 ], [ -122.19441, 37.72192 ], [ -122.19439, 37.72186 ], [ -122.19439, 37.72192 ] ], [ [ -122.19875, 37.72386 ], [ -122.19864, 37.72383 ], [ -122.19872, 37.72391 ], [ -122.19875, 37.72386 ] ] ], [ [ [ -122.19994, 37.72547 ], [ -122.19991, 37.72518 ], [ -122.20056, 37.72467 ], [ -122.20069, 37.72426 ], [ -122.20104, 37.72442 ], [ -122.20142, 37.72555 ], [ -122.20104, 37.72642 ], [ -122.20085, 37.72666 ], [ -122.19994, 37.72725 ], [ -122.19921, 37.72731 ], [ -122.19988, 37.72682 ], [ -122.20053, 37.7258 ], [ -122.19994, 37.72547 ] ] ], [ [ [ -122.21576, 37.73941 ], [ -122.21586, 37.73938 ], [ -122.21584, 37.73949 ], [ -122.21549, 37.73925 ], [ -122.21562, 37.73943 ], [ -122.21559, 37.73949 ], [ -122.21506, 37.73881 ], [ -122.21576, 37.73941 ] ], [ [ -122.21546, 37.73922 ], [ -122.21546, 37.73925 ], [ -122.21549, 37.73925 ], [ -122.21546, 37.73922 ] ] ], [ [ [ -122.19942, 37.75234 ], [ -122.19916, 37.75197 ], [ -122.19905, 37.75145 ], [ -122.1994, 37.75108 ], [ -122.19942, 37.75081 ], [ -122.19969, 37.75062 ], [ -122.20007, 37.75048 ], [ -122.20053, 37.75048 ], [ -122.2015, 37.75097 ], [ -122.20169, 37.75129 ], [ -122.20201, 37.75151 ], [ -122.20193, 37.75188 ], [ -122.20172, 37.75232 ], [ -122.20126, 37.75267 ], [ -122.20013, 37.75277 ], [ -122.19942, 37.75234 ] ] ], [ [ [ -122.198, 37.75814 ], [ -122.19794, 37.75797 ], [ -122.19854, 37.75738 ], [ -122.19867, 37.75652 ], [ -122.19889, 37.75668 ], [ -122.19883, 37.7576 ], [ -122.198, 37.75814 ] ], [ [ -122.19843, 37.75773 ], [ -122.19843, 37.75776 ], [ -122.19845, 37.75773 ], [ -122.19843, 37.75773 ] ], [ [ -122.19805, 37.758 ], [ -122.19805, 37.75803 ], [ -122.19808, 37.758 ], [ -122.19805, 37.758 ] ], [ [ -122.19878, 37.75682 ], [ -122.19878, 37.75684 ], [ -122.19881, 37.75682 ], [ -122.19878, 37.75682 ] ], [ [ -122.19875, 37.75674 ], [ -122.19875, 37.75676 ], [ -122.19878, 37.75674 ], [ -122.19875, 37.75674 ] ], [ [ -122.19878, 37.7573 ], [ -122.19878, 37.75736 ], [ -122.19881, 37.7573 ], [ -122.19878, 37.7573 ] ], [ [ -122.19878, 37.75687 ], [ -122.19878, 37.75692 ], [ -122.19881, 37.75687 ], [ -122.19878, 37.75687 ] ], [ [ -122.19875, 37.75746 ], [ -122.19872, 37.75754 ], [ -122.19878, 37.75746 ], [ -122.19875, 37.75746 ] ], [ [ -122.1987, 37.75754 ], [ -122.1987, 37.7576 ], [ -122.19872, 37.7576 ], [ -122.19872, 37.75754 ], [ -122.1987, 37.75754 ] ], [ [ -122.19881, 37.75698 ], [ -122.19881, 37.75714 ], [ -122.19883, 37.75698 ], [ -122.19881, 37.75698 ] ] ], [ [ [ -122.21506, 37.76045 ], [ -122.21514, 37.76064 ], [ -122.21492, 37.76072 ], [ -122.21444, 37.7601 ], [ -122.21503, 37.75978 ], [ -122.21554, 37.76032 ], [ -122.21506, 37.76045 ] ] ], [ [ [ -122.21818, 37.77175 ], [ -122.21834, 37.77142 ], [ -122.21802, 37.7715 ], [ -122.21988, 37.77018 ], [ -122.22012, 37.77029 ], [ -122.21818, 37.77175 ] ], [ [ -122.21837, 37.7714 ], [ -122.21834, 37.7714 ], [ -122.21834, 37.77142 ], [ -122.21837, 37.7714 ] ] ], [ [ [ -122.09836, 37.56229 ], [ -122.09896, 37.56213 ], [ -122.09928, 37.56192 ], [ -122.10082, 37.56235 ], [ -122.10235, 37.56329 ], [ -122.10268, 37.56332 ], [ -122.10516, 37.56165 ], [ -122.10728, 37.56068 ], [ -122.10777, 37.56068 ], [ -122.10885, 37.56178 ], [ -122.10909, 37.56248 ], [ -122.10863, 37.56596 ], [ -122.10844, 37.56618 ], [ -122.10047, 37.5637 ], [ -122.09815, 37.56291 ], [ -122.09793, 37.56275 ], [ -122.09836, 37.56229 ] ], [ [ -122.10728, 37.56388 ], [ -122.10728, 37.56394 ], [ -122.10731, 37.56388 ], [ -122.10728, 37.56388 ] ], [ [ -122.10286, 37.56434 ], [ -122.10286, 37.56437 ], [ -122.10297, 37.56434 ], [ -122.10286, 37.56434 ] ], [ [ -122.10448, 37.56321 ], [ -122.10448, 37.56318 ], [ -122.10445, 37.56321 ], [ -122.10448, 37.56321 ] ], [ [ -122.10437, 37.56329 ], [ -122.10445, 37.56324 ], [ -122.10437, 37.56324 ], [ -122.10437, 37.56329 ] ], [ [ -122.10421, 37.56343 ], [ -122.10437, 37.56332 ], [ -122.10421, 37.5634 ], [ -122.10421, 37.56343 ] ], [ [ -122.10419, 37.56345 ], [ -122.10421, 37.56345 ], [ -122.10421, 37.56343 ], [ -122.10419, 37.56345 ] ], [ [ -122.10413, 37.56351 ], [ -122.10413, 37.56348 ], [ -122.1041, 37.56351 ], [ -122.10413, 37.56351 ] ], [ [ -122.10408, 37.56353 ], [ -122.1041, 37.56353 ], [ -122.1041, 37.56351 ], [ -122.10408, 37.56353 ] ], [ [ -122.10405, 37.56356 ], [ -122.10408, 37.56356 ], [ -122.10408, 37.56353 ], [ -122.10405, 37.56356 ] ], [ [ -122.10402, 37.56359 ], [ -122.10405, 37.56359 ], [ -122.10405, 37.56356 ], [ -122.10402, 37.56359 ] ], [ [ -122.10389, 37.5637 ], [ -122.10402, 37.56362 ], [ -122.10389, 37.56367 ], [ -122.10389, 37.5637 ] ], [ [ -122.10384, 37.5637 ], [ -122.10359, 37.56397 ], [ -122.10316, 37.56429 ], [ -122.10338, 37.56424 ], [ -122.10384, 37.5637 ] ] ], [ [ [ -122.08378, 37.57809 ], [ -122.08408, 37.57803 ], [ -122.0843, 37.57793 ], [ -122.08432, 37.57766 ], [ -122.08484, 37.57825 ], [ -122.08497, 37.57876 ], [ -122.08462, 37.57814 ], [ -122.08451, 37.57809 ], [ -122.08467, 37.5786 ], [ -122.08422, 37.57873 ], [ -122.08389, 37.57833 ], [ -122.08327, 37.57836 ], [ -122.08319, 37.57795 ], [ -122.08378, 37.57809 ] ], [ [ -122.08443, 37.57784 ], [ -122.08443, 37.57779 ], [ -122.08438, 37.57782 ], [ -122.08443, 37.57784 ] ] ], [ [ [ -122.11806, 37.5814 ], [ -122.11874, 37.58146 ], [ -122.11925, 37.58164 ], [ -122.11944, 37.5821 ], [ -122.1224, 37.58412 ], [ -122.12235, 37.58434 ], [ -122.1217, 37.58504 ], [ -122.1217, 37.58574 ], [ -122.12106, 37.58606 ], [ -122.12052, 37.58615 ], [ -122.12014, 37.58639 ], [ -122.11631, 37.58978 ], [ -122.11583, 37.59038 ], [ -122.11548, 37.59038 ], [ -122.11373, 37.58981 ], [ -122.11143, 37.58946 ], [ -122.11025, 37.58941 ], [ -122.11003, 37.58954 ], [ -122.10807, 37.58995 ], [ -122.10847, 37.58968 ], [ -122.10839, 37.58965 ], [ -122.10658, 37.59065 ], [ -122.10429, 37.59215 ], [ -122.10311, 37.59269 ], [ -122.10176, 37.59277 ], [ -122.09834, 37.59261 ], [ -122.09818, 37.59256 ], [ -122.09818, 37.59226 ], [ -122.09804, 37.5921 ], [ -122.09807, 37.59259 ], [ -122.09443, 37.59259 ], [ -122.09335, 37.5928 ], [ -122.09238, 37.59321 ], [ -122.09246, 37.59215 ], [ -122.0919, 37.59094 ], [ -122.0919, 37.58631 ], [ -122.09206, 37.58569 ], [ -122.09203, 37.58501 ], [ -122.0926, 37.58469 ], [ -122.09513, 37.58372 ], [ -122.09734, 37.58361 ], [ -122.10394, 37.58191 ], [ -122.10389, 37.58264 ], [ -122.10486, 37.5835 ], [ -122.10524, 37.58364 ], [ -122.10669, 37.58345 ], [ -122.10766, 37.58283 ], [ -122.10955, 37.58294 ], [ -122.11049, 37.58275 ], [ -122.11055, 37.58294 ], [ -122.10844, 37.58633 ], [ -122.11038, 37.58337 ], [ -122.11068, 37.5827 ], [ -122.11095, 37.58251 ], [ -122.1113, 37.58135 ], [ -122.11146, 37.58127 ], [ -122.11335, 37.58116 ], [ -122.11739, 37.58116 ], [ -122.11806, 37.5814 ] ], [ [ -122.10842, 37.58633 ], [ -122.10842, 37.58639 ], [ -122.10844, 37.58639 ], [ -122.10844, 37.58633 ], [ -122.10842, 37.58633 ] ], [ [ -122.10839, 37.58644 ], [ -122.10842, 37.58644 ], [ -122.10842, 37.58639 ], [ -122.10839, 37.58644 ] ], [ [ -122.1085, 37.58959 ], [ -122.10847, 37.58965 ], [ -122.10852, 37.58959 ], [ -122.1085, 37.58959 ] ], [ [ -122.1096, 37.58846 ], [ -122.10769, 37.58822 ], [ -122.10747, 37.58809 ], [ -122.10836, 37.58644 ], [ -122.10739, 37.58806 ], [ -122.10707, 37.58817 ], [ -122.10941, 37.58846 ], [ -122.10958, 37.58857 ], [ -122.10939, 37.58889 ], [ -122.10941, 37.58895 ], [ -122.10968, 37.58876 ], [ -122.1096, 37.58846 ] ], [ [ -122.0965, 37.5869 ], [ -122.09653, 37.5869 ], [ -122.0965, 37.58687 ], [ -122.0965, 37.5869 ] ], [ [ -122.09783, 37.59194 ], [ -122.09785, 37.59194 ], [ -122.09783, 37.59191 ], [ -122.09783, 37.59194 ] ], [ [ -122.10648, 37.58809 ], [ -122.1065, 37.58809 ], [ -122.10648, 37.58806 ], [ -122.10648, 37.58809 ] ], [ [ -122.0978, 37.59132 ], [ -122.09783, 37.59132 ], [ -122.0978, 37.59129 ], [ -122.0978, 37.59132 ] ], [ [ -122.10001, 37.59175 ], [ -122.10004, 37.59175 ], [ -122.10001, 37.59172 ], [ -122.10001, 37.59175 ] ], [ [ -122.11046, 37.58903 ], [ -122.11049, 37.58903 ], [ -122.11046, 37.589 ], [ -122.11046, 37.58903 ] ], [ [ -122.09279, 37.59283 ], [ -122.09284, 37.59283 ], [ -122.09279, 37.5928 ], [ -122.09279, 37.59283 ] ], [ [ -122.09659, 37.5869 ], [ -122.09664, 37.5869 ], [ -122.09659, 37.58687 ], [ -122.09659, 37.5869 ] ], [ [ -122.10596, 37.58803 ], [ -122.10599, 37.58803 ], [ -122.10596, 37.58798 ], [ -122.10596, 37.58803 ] ], [ [ -122.10486, 37.5879 ], [ -122.10491, 37.5879 ], [ -122.10486, 37.58787 ], [ -122.10486, 37.5879 ] ], [ [ -122.09995, 37.5918 ], [ -122.10001, 37.5918 ], [ -122.09995, 37.59178 ], [ -122.09995, 37.5918 ] ], [ [ -122.09974, 37.59215 ], [ -122.09971, 37.59215 ], [ -122.09974, 37.59218 ], [ -122.09974, 37.59215 ] ], [ [ -122.09971, 37.59221 ], [ -122.09971, 37.59218 ], [ -122.09968, 37.59221 ], [ -122.09971, 37.59221 ] ], [ [ -122.11103, 37.58922 ], [ -122.11108, 37.58922 ], [ -122.11103, 37.58919 ], [ -122.11103, 37.58922 ] ], [ [ -122.10604, 37.58803 ], [ -122.10613, 37.58803 ], [ -122.10604, 37.588 ], [ -122.10604, 37.58803 ] ], [ [ -122.09287, 37.59283 ], [ -122.09292, 37.59283 ], [ -122.09287, 37.59277 ], [ -122.09287, 37.59283 ] ], [ [ -122.09386, 37.58658 ], [ -122.09397, 37.58658 ], [ -122.09386, 37.58655 ], [ -122.09386, 37.58658 ] ], [ [ -122.104, 37.58779 ], [ -122.10413, 37.58779 ], [ -122.104, 37.58776 ], [ -122.104, 37.58779 ] ], [ [ -122.10529, 37.58795 ], [ -122.10543, 37.58795 ], [ -122.10529, 37.58792 ], [ -122.10529, 37.58795 ] ], [ [ -122.09712, 37.58698 ], [ -122.09726, 37.58698 ], [ -122.09712, 37.58695 ], [ -122.09712, 37.58698 ] ], [ [ -122.10941, 37.58911 ], [ -122.10947, 37.58911 ], [ -122.10944, 37.58906 ], [ -122.10941, 37.58911 ] ], [ [ -122.10939, 37.58914 ], [ -122.10941, 37.58914 ], [ -122.10941, 37.58911 ], [ -122.10939, 37.58914 ] ], [ [ -122.10507, 37.58792 ], [ -122.10524, 37.58792 ], [ -122.10507, 37.5879 ], [ -122.10507, 37.58792 ] ], [ [ -122.10664, 37.58811 ], [ -122.1068, 37.58811 ], [ -122.10664, 37.58809 ], [ -122.10664, 37.58811 ] ], [ [ -122.10618, 37.58806 ], [ -122.10637, 37.58806 ], [ -122.10618, 37.58803 ], [ -122.10618, 37.58806 ] ], [ [ -122.09198, 37.58636 ], [ -122.09211, 37.58639 ], [ -122.09198, 37.58633 ], [ -122.09198, 37.58636 ] ], [ [ -122.09222, 37.58639 ], [ -122.09235, 37.58641 ], [ -122.09222, 37.58636 ], [ -122.09222, 37.58639 ] ], [ [ -122.10459, 37.58787 ], [ -122.10483, 37.58787 ], [ -122.10459, 37.58784 ], [ -122.10459, 37.58787 ] ], [ [ -122.09968, 37.59224 ], [ -122.09966, 37.59224 ], [ -122.09968, 37.59229 ], [ -122.09968, 37.59224 ] ], [ [ -122.09966, 37.59232 ], [ -122.09966, 37.59229 ], [ -122.09963, 37.59232 ], [ -122.09966, 37.59232 ] ], [ [ -122.0996, 37.59234 ], [ -122.09963, 37.59234 ], [ -122.09963, 37.59232 ], [ -122.0996, 37.59234 ] ], [ [ -122.09958, 37.59234 ], [ -122.09952, 37.59245 ], [ -122.09952, 37.59251 ], [ -122.0996, 37.59242 ], [ -122.09958, 37.59234 ] ], [ [ -122.0995, 37.59253 ], [ -122.09952, 37.59253 ], [ -122.09952, 37.59251 ], [ -122.0995, 37.59253 ] ], [ [ -122.10456, 37.58782 ], [ -122.10424, 37.58779 ], [ -122.10456, 37.58784 ], [ -122.10456, 37.58782 ] ], [ [ -122.10588, 37.588 ], [ -122.10588, 37.58798 ], [ -122.10572, 37.588 ], [ -122.10588, 37.588 ] ], [ [ -122.10553, 37.58798 ], [ -122.10572, 37.58798 ], [ -122.10553, 37.58795 ], [ -122.10553, 37.58798 ] ], [ [ -122.09993, 37.59186 ], [ -122.09987, 37.59189 ], [ -122.09982, 37.59202 ], [ -122.09993, 37.59186 ] ], [ [ -122.09977, 37.5921 ], [ -122.09982, 37.59207 ], [ -122.09977, 37.59205 ], [ -122.09977, 37.5921 ] ], [ [ -122.09974, 37.59213 ], [ -122.09977, 37.59213 ], [ -122.09977, 37.5921 ], [ -122.09974, 37.59213 ] ], [ [ -122.0971, 37.58695 ], [ -122.09675, 37.58687 ], [ -122.09688, 37.58695 ], [ -122.0971, 37.58695 ] ], [ [ -122.111, 37.58919 ], [ -122.111, 37.58916 ], [ -122.11098, 37.58919 ], [ -122.111, 37.58919 ] ], [ [ -122.11065, 37.58906 ], [ -122.1109, 37.58916 ], [ -122.11084, 37.58906 ], [ -122.11065, 37.58906 ] ], [ [ -122.11057, 37.58903 ], [ -122.11057, 37.58906 ], [ -122.11065, 37.58906 ], [ -122.11057, 37.58903 ] ], [ [ -122.09783, 37.5914 ], [ -122.0978, 37.5914 ], [ -122.09783, 37.59143 ], [ -122.09783, 37.5914 ] ], [ [ -122.09777, 37.59143 ], [ -122.09772, 37.5917 ], [ -122.09753, 37.59178 ], [ -122.0978, 37.59191 ], [ -122.09777, 37.59143 ] ], [ [ -122.09373, 37.58655 ], [ -122.09373, 37.58652 ], [ -122.09357, 37.58655 ], [ -122.09373, 37.58655 ] ], [ [ -122.09357, 37.5865 ], [ -122.09332, 37.5865 ], [ -122.09249, 37.58639 ], [ -122.09322, 37.58652 ], [ -122.09357, 37.5865 ] ], [ [ -122.09645, 37.58687 ], [ -122.09405, 37.58658 ], [ -122.09621, 37.58687 ], [ -122.09645, 37.58687 ] ], [ [ -122.10381, 37.58776 ], [ -122.10084, 37.58738 ], [ -122.10249, 37.58763 ], [ -122.10381, 37.58776 ] ], [ [ -122.10057, 37.58736 ], [ -122.10057, 37.58738 ], [ -122.10084, 37.58738 ], [ -122.10057, 37.58736 ] ], [ [ -122.10033, 37.5873 ], [ -122.1003, 37.58736 ], [ -122.10057, 37.58736 ], [ -122.10033, 37.5873 ] ], [ [ -122.10028, 37.58733 ], [ -122.10028, 37.5873 ], [ -122.10009, 37.58733 ], [ -122.10028, 37.58733 ] ], [ [ -122.10009, 37.58728 ], [ -122.0988, 37.58709 ], [ -122.09729, 37.58698 ], [ -122.09853, 37.58717 ], [ -122.10009, 37.58728 ] ] ], [ [ [ -122.09044, 37.59798 ], [ -122.09044, 37.59878 ], [ -122.09066, 37.59897 ], [ -122.09085, 37.59892 ], [ -122.09101, 37.60005 ], [ -122.09076, 37.60011 ], [ -122.08982, 37.59994 ], [ -122.08963, 37.60002 ], [ -122.09031, 37.60048 ], [ -122.0906, 37.60059 ], [ -122.09093, 37.60054 ], [ -122.09095, 37.60067 ], [ -122.09068, 37.60099 ], [ -122.09058, 37.6014 ], [ -122.09044, 37.60137 ], [ -122.09031, 37.60153 ], [ -122.09017, 37.60148 ], [ -122.09025, 37.60137 ], [ -122.09009, 37.60148 ], [ -122.09001, 37.60218 ], [ -122.08961, 37.60307 ], [ -122.08958, 37.60361 ], [ -122.08928, 37.60436 ], [ -122.08891, 37.60477 ], [ -122.08882, 37.60509 ], [ -122.08826, 37.60512 ], [ -122.08812, 37.60488 ], [ -122.0885, 37.60353 ], [ -122.08872, 37.60326 ], [ -122.08869, 37.60291 ], [ -122.08904, 37.60234 ], [ -122.08891, 37.60226 ], [ -122.08896, 37.60188 ], [ -122.08917, 37.60153 ], [ -122.08909, 37.60134 ], [ -122.0895, 37.59989 ], [ -122.08928, 37.59973 ], [ -122.08842, 37.59965 ], [ -122.08742, 37.59938 ], [ -122.08742, 37.59639 ], [ -122.0882, 37.59628 ], [ -122.09041, 37.59628 ], [ -122.09052, 37.59641 ], [ -122.09044, 37.59657 ], [ -122.08966, 37.59655 ], [ -122.08947, 37.59641 ], [ -122.0895, 37.59657 ], [ -122.08988, 37.59666 ], [ -122.08979, 37.59676 ], [ -122.08998, 37.59679 ], [ -122.08977, 37.59703 ], [ -122.09017, 37.59779 ], [ -122.09009, 37.59787 ], [ -122.09025, 37.59792 ], [ -122.09036, 37.59781 ], [ -122.09033, 37.59798 ], [ -122.09044, 37.59798 ] ], [ [ -122.09031, 37.59833 ], [ -122.09031, 37.59835 ], [ -122.09033, 37.59833 ], [ -122.09031, 37.59833 ] ], [ [ -122.08947, 37.59701 ], [ -122.08947, 37.59703 ], [ -122.0895, 37.59701 ], [ -122.08947, 37.59701 ] ], [ [ -122.08872, 37.60293 ], [ -122.08872, 37.60296 ], [ -122.08874, 37.60293 ], [ -122.08872, 37.60293 ] ], [ [ -122.08966, 37.59631 ], [ -122.08966, 37.59633 ], [ -122.08969, 37.59631 ], [ -122.08966, 37.59631 ] ], [ [ -122.08961, 37.59676 ], [ -122.08961, 37.59679 ], [ -122.08963, 37.59676 ], [ -122.08961, 37.59676 ] ], [ [ -122.09031, 37.6011 ], [ -122.09031, 37.60113 ], [ -122.09036, 37.6011 ], [ -122.09031, 37.6011 ] ], [ [ -122.09031, 37.59803 ], [ -122.09031, 37.59808 ], [ -122.09033, 37.59803 ], [ -122.09031, 37.59803 ] ], [ [ -122.08971, 37.59674 ], [ -122.08971, 37.59679 ], [ -122.08974, 37.59674 ], [ -122.08971, 37.59674 ] ], [ [ -122.08952, 37.59663 ], [ -122.08952, 37.59666 ], [ -122.08958, 37.59663 ], [ -122.08952, 37.59663 ] ], [ [ -122.09023, 37.60081 ], [ -122.09017, 37.60078 ], [ -122.09023, 37.60089 ], [ -122.09023, 37.60081 ] ], [ [ -122.0899, 37.60089 ], [ -122.0899, 37.60091 ], [ -122.09001, 37.60089 ], [ -122.0899, 37.60089 ] ], [ [ -122.09044, 37.60081 ], [ -122.09044, 37.60091 ], [ -122.0906, 37.60083 ], [ -122.09044, 37.60081 ] ], [ [ -122.09025, 37.59803 ], [ -122.09012, 37.59806 ], [ -122.0902, 37.59838 ], [ -122.09025, 37.59803 ] ], [ [ -122.09012, 37.59803 ], [ -122.09014, 37.59803 ], [ -122.09012, 37.59798 ], [ -122.09012, 37.59803 ] ] ], [ [ [ -122.08599, 37.60353 ], [ -122.08586, 37.6035 ], [ -122.08591, 37.60409 ], [ -122.08559, 37.6042 ], [ -122.08546, 37.60415 ], [ -122.08546, 37.60361 ], [ -122.08527, 37.60355 ], [ -122.08529, 37.60415 ], [ -122.08519, 37.60423 ], [ -122.08502, 37.60417 ], [ -122.08497, 37.60361 ], [ -122.08473, 37.60369 ], [ -122.08481, 37.60423 ], [ -122.08465, 37.60417 ], [ -122.08465, 37.60369 ], [ -122.08449, 37.60366 ], [ -122.08465, 37.60347 ], [ -122.0854, 37.6032 ], [ -122.08529, 37.60277 ], [ -122.08505, 37.60272 ], [ -122.08516, 37.60245 ], [ -122.08543, 37.6025 ], [ -122.08581, 37.60237 ], [ -122.08602, 37.60248 ], [ -122.08653, 37.60234 ], [ -122.08667, 37.60237 ], [ -122.08664, 37.6031 ], [ -122.08699, 37.6032 ], [ -122.08696, 37.60272 ], [ -122.08699, 37.60272 ], [ -122.08713, 37.60312 ], [ -122.08718, 37.60275 ], [ -122.08723, 37.60355 ], [ -122.08713, 37.60331 ], [ -122.08707, 37.60364 ], [ -122.08702, 37.60334 ], [ -122.08653, 37.60345 ], [ -122.08661, 37.60393 ], [ -122.08651, 37.60409 ], [ -122.08626, 37.60347 ], [ -122.08632, 37.60407 ], [ -122.08616, 37.60415 ], [ -122.08599, 37.60353 ] ], [ [ -122.0871, 37.60323 ], [ -122.08713, 37.60323 ], [ -122.0871, 37.60315 ], [ -122.0871, 37.60323 ] ], [ [ -122.08581, 37.6025 ], [ -122.08583, 37.6025 ], [ -122.08581, 37.60245 ], [ -122.08581, 37.6025 ] ] ], [ [ [ -122.08659, 37.60547 ], [ -122.08661, 37.60517 ], [ -122.08675, 37.60514 ], [ -122.08729, 37.60563 ], [ -122.08721, 37.60574 ], [ -122.08678, 37.60549 ], [ -122.08605, 37.60606 ], [ -122.08605, 37.6062 ], [ -122.08575, 37.60622 ], [ -122.0857, 37.60609 ], [ -122.08659, 37.60547 ] ] ], [ [ [ -122.13016, 37.60698 ], [ -122.13429, 37.607 ], [ -122.1344, 37.60725 ], [ -122.13391, 37.60905 ], [ -122.13359, 37.60962 ], [ -122.13329, 37.60983 ], [ -122.13297, 37.60983 ], [ -122.12979, 37.6107 ], [ -122.12928, 37.61064 ], [ -122.12857, 37.61032 ], [ -122.12763, 37.61032 ], [ -122.12709, 37.61048 ], [ -122.12615, 37.61102 ], [ -122.12585, 37.61102 ], [ -122.12566, 37.61088 ], [ -122.12539, 37.61021 ], [ -122.1248, 37.60959 ], [ -122.12432, 37.6094 ], [ -122.12329, 37.60943 ], [ -122.1206, 37.6104 ], [ -122.12046, 37.61132 ], [ -122.12033, 37.61145 ], [ -122.11691, 37.61161 ], [ -122.11677, 37.61142 ], [ -122.11685, 37.61172 ], [ -122.11677, 37.61202 ], [ -122.11664, 37.61202 ], [ -122.11604, 37.60967 ], [ -122.11599, 37.60558 ], [ -122.11669, 37.60558 ], [ -122.11674, 37.60574 ], [ -122.1168, 37.60558 ], [ -122.12496, 37.60558 ], [ -122.12518, 37.60585 ], [ -122.12515, 37.60757 ], [ -122.1255, 37.60789 ], [ -122.12968, 37.60787 ], [ -122.1299, 37.6077 ], [ -122.12998, 37.60708 ], [ -122.13016, 37.60698 ] ], [ [ -122.11685, 37.6108 ], [ -122.11685, 37.61067 ], [ -122.11682, 37.6108 ], [ -122.11685, 37.6108 ] ], [ [ -122.11682, 37.61056 ], [ -122.11682, 37.61016 ], [ -122.11677, 37.60997 ], [ -122.11677, 37.6104 ], [ -122.11682, 37.61056 ] ], [ [ -122.1168, 37.60894 ], [ -122.11674, 37.60919 ], [ -122.1168, 37.60981 ], [ -122.1168, 37.60894 ] ], [ [ -122.11674, 37.60806 ], [ -122.11674, 37.60849 ], [ -122.11677, 37.60806 ], [ -122.11674, 37.60806 ] ] ], [ [ [ -122.08885, 37.6108 ], [ -122.08882, 37.61062 ], [ -122.08788, 37.61067 ], [ -122.0875, 37.61118 ], [ -122.0874, 37.61121 ], [ -122.0874, 37.61107 ], [ -122.08729, 37.61118 ], [ -122.0871, 37.61053 ], [ -122.08629, 37.61018 ], [ -122.0864, 37.61013 ], [ -122.08632, 37.61 ], [ -122.08651, 37.60991 ], [ -122.08726, 37.60991 ], [ -122.08764, 37.60929 ], [ -122.08796, 37.60932 ], [ -122.08812, 37.60954 ], [ -122.08807, 37.60997 ], [ -122.0885, 37.6101 ], [ -122.0888, 37.61035 ], [ -122.08899, 37.61024 ], [ -122.08915, 37.61056 ], [ -122.08885, 37.6108 ] ], [ [ -122.08758, 37.61032 ], [ -122.08756, 37.61021 ], [ -122.08748, 37.61029 ], [ -122.08758, 37.61032 ] ] ], [ [ [ -122.0888, 37.61126 ], [ -122.08904, 37.61153 ], [ -122.08904, 37.61177 ], [ -122.08885, 37.61177 ], [ -122.08893, 37.61199 ], [ -122.0885, 37.6114 ], [ -122.08818, 37.6115 ], [ -122.0881, 37.61145 ], [ -122.08831, 37.61129 ], [ -122.08804, 37.6114 ], [ -122.08793, 37.61137 ], [ -122.08909, 37.61094 ], [ -122.0892, 37.61107 ], [ -122.0888, 37.61126 ] ], [ [ -122.08882, 37.61175 ], [ -122.08882, 37.61177 ], [ -122.08885, 37.61177 ], [ -122.08882, 37.61175 ] ], [ [ -122.08907, 37.61107 ], [ -122.08909, 37.61105 ], [ -122.08907, 37.61105 ], [ -122.08907, 37.61107 ] ], [ [ -122.08831, 37.61137 ], [ -122.08837, 37.61134 ], [ -122.08831, 37.61134 ], [ -122.08831, 37.61137 ] ] ], [ [ [ -122.08996, 37.61051 ], [ -122.09262, 37.61274 ], [ -122.09306, 37.61318 ], [ -122.09211, 37.61247 ], [ -122.08996, 37.61051 ] ] ], [ [ [ -122.12553, 37.61088 ], [ -122.12575, 37.6111 ], [ -122.12618, 37.6111 ], [ -122.12709, 37.61056 ], [ -122.12763, 37.6104 ], [ -122.12841, 37.6104 ], [ -122.12887, 37.61064 ], [ -122.12968, 37.6108 ], [ -122.13313, 37.60989 ], [ -122.13329, 37.61005 ], [ -122.13299, 37.61099 ], [ -122.13321, 37.61167 ], [ -122.13388, 37.61223 ], [ -122.13534, 37.61288 ], [ -122.13539, 37.61309 ], [ -122.13507, 37.61363 ], [ -122.13388, 37.61415 ], [ -122.13224, 37.61442 ], [ -122.1306, 37.61428 ], [ -122.1303, 37.61442 ], [ -122.12976, 37.61439 ], [ -122.12917, 37.61452 ], [ -122.1282, 37.61512 ], [ -122.12825, 37.61692 ], [ -122.12814, 37.61722 ], [ -122.12766, 37.61762 ], [ -122.12645, 37.61811 ], [ -122.1255, 37.61832 ], [ -122.12375, 37.61832 ], [ -122.12302, 37.61811 ], [ -122.12257, 37.61819 ], [ -122.12232, 37.61811 ], [ -122.12122, 37.61746 ], [ -122.12081, 37.61711 ], [ -122.12081, 37.61698 ], [ -122.12071, 37.61708 ], [ -122.12022, 37.61684 ], [ -122.11957, 37.61676 ], [ -122.11825, 37.61698 ], [ -122.11782, 37.61679 ], [ -122.11739, 37.6159 ], [ -122.11718, 37.61363 ], [ -122.11682, 37.61274 ], [ -122.11696, 37.61215 ], [ -122.11691, 37.61229 ], [ -122.11674, 37.61223 ], [ -122.11674, 37.61212 ], [ -122.11691, 37.6121 ], [ -122.11691, 37.61186 ], [ -122.11718, 37.61207 ], [ -122.11704, 37.61177 ], [ -122.11739, 37.61161 ], [ -122.12049, 37.61156 ], [ -122.12071, 37.61045 ], [ -122.12335, 37.60951 ], [ -122.12421, 37.60948 ], [ -122.12472, 37.60965 ], [ -122.12526, 37.61018 ], [ -122.12553, 37.61088 ] ], [ [ -122.11901, 37.61385 ], [ -122.11992, 37.61388 ], [ -122.11903, 37.61382 ], [ -122.11742, 37.61258 ], [ -122.1172, 37.61207 ], [ -122.11726, 37.6125 ], [ -122.11901, 37.61385 ] ], [ [ -122.11992, 37.61382 ], [ -122.11992, 37.61385 ], [ -122.11995, 37.61382 ], [ -122.11992, 37.61382 ] ], [ [ -122.12046, 37.61345 ], [ -122.12046, 37.61363 ], [ -122.12052, 37.61353 ], [ -122.12046, 37.61345 ] ], [ [ -122.11998, 37.61385 ], [ -122.12054, 37.61385 ], [ -122.12044, 37.61382 ], [ -122.11998, 37.61385 ] ], [ [ -122.12946, 37.61423 ], [ -122.12963, 37.61423 ], [ -122.12952, 37.61412 ], [ -122.12946, 37.61423 ] ] ], [ [ [ -122.09052, 37.6149 ], [ -122.09036, 37.61495 ], [ -122.08955, 37.61466 ], [ -122.08934, 37.61479 ], [ -122.08896, 37.61468 ], [ -122.08885, 37.6149 ], [ -122.08853, 37.61468 ], [ -122.08872, 37.61452 ], [ -122.08904, 37.61455 ], [ -122.08966, 37.61431 ], [ -122.09039, 37.61455 ], [ -122.09052, 37.6149 ] ], [ [ -122.08974, 37.61466 ], [ -122.08974, 37.61468 ], [ -122.08979, 37.61466 ], [ -122.08974, 37.61466 ] ], [ [ -122.09031, 37.61485 ], [ -122.09031, 37.61487 ], [ -122.09033, 37.61485 ], [ -122.09031, 37.61485 ] ], [ [ -122.08969, 37.6145 ], [ -122.08969, 37.61452 ], [ -122.08974, 37.6145 ], [ -122.08969, 37.6145 ] ], [ [ -122.09017, 37.61466 ], [ -122.09017, 37.61471 ], [ -122.0902, 37.61466 ], [ -122.09017, 37.61466 ] ], [ [ -122.0899, 37.61455 ], [ -122.0899, 37.6146 ], [ -122.08993, 37.61455 ], [ -122.0899, 37.61455 ] ], [ [ -122.08923, 37.6146 ], [ -122.08923, 37.61463 ], [ -122.08931, 37.6146 ], [ -122.08923, 37.6146 ] ], [ [ -122.08888, 37.61458 ], [ -122.08888, 37.61463 ], [ -122.08896, 37.61466 ], [ -122.08888, 37.61458 ] ] ], [ [ [ -122.0971, 37.619 ], [ -122.09715, 37.61711 ], [ -122.09306, 37.61361 ], [ -122.093, 37.61334 ], [ -122.09322, 37.61307 ], [ -122.09009, 37.61035 ], [ -122.09031, 37.61027 ], [ -122.09373, 37.61326 ], [ -122.09376, 37.61353 ], [ -122.09354, 37.61369 ], [ -122.09373, 37.61401 ], [ -122.10028, 37.61962 ], [ -122.10049, 37.61989 ], [ -122.09731, 37.61722 ], [ -122.0971, 37.619 ] ] ], [ [ [ -122.09365, 37.61371 ], [ -122.09907, 37.61835 ], [ -122.09376, 37.61396 ], [ -122.09365, 37.61371 ] ] ], [ [ [ -122.08705, 37.6166 ], [ -122.08661, 37.61663 ], [ -122.08651, 37.61673 ], [ -122.08559, 37.61689 ], [ -122.08605, 37.61689 ], [ -122.08594, 37.61746 ], [ -122.08578, 37.61754 ], [ -122.08548, 37.61689 ], [ -122.08467, 37.61706 ], [ -122.08457, 37.61684 ], [ -122.08473, 37.61663 ], [ -122.08414, 37.61606 ], [ -122.08446, 37.61598 ], [ -122.08508, 37.61636 ], [ -122.08575, 37.61614 ], [ -122.08608, 37.61627 ], [ -122.08664, 37.61619 ], [ -122.08718, 37.61598 ], [ -122.08748, 37.61663 ], [ -122.08723, 37.61671 ], [ -122.08705, 37.6166 ] ] ], [ [ [ -122.09599, 37.61652 ], [ -122.09607, 37.61633 ], [ -122.09707, 37.61716 ], [ -122.0971, 37.61738 ], [ -122.09699, 37.61738 ], [ -122.09686, 37.61703 ], [ -122.09621, 37.61703 ], [ -122.09605, 37.61689 ], [ -122.09618, 37.61671 ], [ -122.09599, 37.61652 ] ] ], [ [ [ -122.1009, 37.61619 ], [ -122.10101, 37.61603 ], [ -122.10141, 37.61606 ], [ -122.10117, 37.61619 ], [ -122.1013, 37.61627 ], [ -122.10127, 37.61649 ], [ -122.10095, 37.6166 ], [ -122.10119, 37.61673 ], [ -122.10122, 37.617 ], [ -122.10109, 37.61708 ], [ -122.10082, 37.61703 ], [ -122.10068, 37.61757 ], [ -122.10092, 37.61762 ], [ -122.10092, 37.61776 ], [ -122.1003, 37.61778 ], [ -122.10025, 37.61819 ], [ -122.10025, 37.61762 ], [ -122.1006, 37.6176 ], [ -122.1009, 37.61619 ] ], [ [ -122.10087, 37.617 ], [ -122.10087, 37.61703 ], [ -122.10092, 37.617 ], [ -122.10087, 37.617 ] ] ], [ [ [ -122.13671, 37.61059 ], [ -122.13981, 37.60962 ], [ -122.1417, 37.60919 ], [ -122.14237, 37.60884 ], [ -122.14272, 37.60894 ], [ -122.14585, 37.60878 ], [ -122.14671, 37.60889 ], [ -122.14733, 37.61021 ], [ -122.14895, 37.6177 ], [ -122.14903, 37.61857 ], [ -122.13189, 37.62436 ], [ -122.13103, 37.62455 ], [ -122.13111, 37.62463 ], [ -122.13033, 37.62487 ], [ -122.13076, 37.62468 ], [ -122.13068, 37.62455 ], [ -122.13084, 37.62436 ], [ -122.13073, 37.62417 ], [ -122.13092, 37.62412 ], [ -122.13105, 37.62428 ], [ -122.13138, 37.62414 ], [ -122.13146, 37.62425 ], [ -122.13135, 37.62401 ], [ -122.13151, 37.62358 ], [ -122.13162, 37.62339 ], [ -122.13189, 37.62331 ], [ -122.13111, 37.62334 ], [ -122.13108, 37.62282 ], [ -122.1327, 37.6229 ], [ -122.13267, 37.62269 ], [ -122.12696, 37.62253 ], [ -122.12682, 37.62245 ], [ -122.12682, 37.62172 ], [ -122.12658, 37.62242 ], [ -122.1255, 37.62277 ], [ -122.12426, 37.62269 ], [ -122.12378, 37.62242 ], [ -122.12337, 37.62183 ], [ -122.12329, 37.62148 ], [ -122.12337, 37.62096 ], [ -122.12378, 37.62024 ], [ -122.12359, 37.62013 ], [ -122.12424, 37.61889 ], [ -122.12461, 37.619 ], [ -122.12477, 37.61883 ], [ -122.12604, 37.61883 ], [ -122.1275, 37.61835 ], [ -122.12774, 37.61835 ], [ -122.12828, 37.618 ], [ -122.12857, 37.61795 ], [ -122.12857, 37.61808 ], [ -122.12806, 37.61838 ], [ -122.12844, 37.61832 ], [ -122.1293, 37.61765 ], [ -122.12984, 37.61617 ], [ -122.13046, 37.6156 ], [ -122.13434, 37.6152 ], [ -122.13431, 37.61657 ], [ -122.13445, 37.61646 ], [ -122.13453, 37.61522 ], [ -122.13475, 37.61522 ], [ -122.13612, 37.61431 ], [ -122.13661, 37.61371 ], [ -122.13661, 37.61264 ], [ -122.13617, 37.61199 ], [ -122.13626, 37.61107 ], [ -122.13671, 37.61059 ] ], [ [ -122.14704, 37.6097 ], [ -122.14706, 37.6097 ], [ -122.14704, 37.60967 ], [ -122.14704, 37.6097 ] ], [ [ -122.13219, 37.62309 ], [ -122.13192, 37.62323 ], [ -122.13213, 37.62317 ], [ -122.13219, 37.62309 ] ], [ [ -122.13224, 37.62307 ], [ -122.13219, 37.62307 ], [ -122.13219, 37.62309 ], [ -122.13224, 37.62307 ] ], [ [ -122.13232, 37.62301 ], [ -122.13227, 37.62301 ], [ -122.13224, 37.62307 ], [ -122.13232, 37.62301 ] ], [ [ -122.1324, 37.62296 ], [ -122.13232, 37.62299 ], [ -122.13237, 37.62299 ], [ -122.1324, 37.62296 ] ], [ [ -122.13246, 37.62293 ], [ -122.1324, 37.62293 ], [ -122.1324, 37.62296 ], [ -122.13246, 37.62293 ] ], [ [ -122.13248, 37.6229 ], [ -122.13246, 37.6229 ], [ -122.13246, 37.62293 ], [ -122.13248, 37.6229 ] ], [ [ -122.13442, 37.61657 ], [ -122.1344, 37.61657 ], [ -122.13442, 37.6166 ], [ -122.13442, 37.61657 ] ], [ [ -122.14698, 37.60962 ], [ -122.14698, 37.60965 ], [ -122.14701, 37.60962 ], [ -122.14698, 37.60962 ] ], [ [ -122.14041, 37.61832 ], [ -122.14041, 37.61835 ], [ -122.14043, 37.61832 ], [ -122.14041, 37.61832 ] ], [ [ -122.13318, 37.62277 ], [ -122.13318, 37.6228 ], [ -122.13321, 37.62277 ], [ -122.13318, 37.62277 ] ], [ [ -122.14375, 37.61997 ], [ -122.14375, 37.61999 ], [ -122.14377, 37.61997 ], [ -122.14375, 37.61997 ] ], [ [ -122.13359, 37.62261 ], [ -122.13359, 37.62263 ], [ -122.13361, 37.62261 ], [ -122.13359, 37.62261 ] ], [ [ -122.12607, 37.61889 ], [ -122.12607, 37.61892 ], [ -122.1261, 37.61889 ], [ -122.12607, 37.61889 ] ], [ [ -122.13434, 37.62024 ], [ -122.13434, 37.62026 ], [ -122.13437, 37.62024 ], [ -122.13434, 37.62024 ] ], [ [ -122.12693, 37.62053 ], [ -122.12693, 37.62056 ], [ -122.12696, 37.62053 ], [ -122.12693, 37.62053 ] ], [ [ -122.12421, 37.61948 ], [ -122.12421, 37.61951 ], [ -122.12424, 37.61948 ], [ -122.12421, 37.61948 ] ], [ [ -122.12432, 37.61935 ], [ -122.12432, 37.61937 ], [ -122.12434, 37.61935 ], [ -122.12432, 37.61935 ] ], [ [ -122.14386, 37.61997 ], [ -122.14386, 37.61999 ], [ -122.14388, 37.61997 ], [ -122.14386, 37.61997 ] ], [ [ -122.12583, 37.61894 ], [ -122.12583, 37.61897 ], [ -122.12585, 37.61894 ], [ -122.12583, 37.61894 ] ], [ [ -122.1344, 37.61711 ], [ -122.1344, 37.61714 ], [ -122.13442, 37.61711 ], [ -122.1344, 37.61711 ] ], [ [ -122.13081, 37.62463 ], [ -122.13081, 37.62466 ], [ -122.13084, 37.62463 ], [ -122.13081, 37.62463 ] ], [ [ -122.13927, 37.61935 ], [ -122.13927, 37.61937 ], [ -122.1393, 37.61935 ], [ -122.13927, 37.61935 ] ], [ [ -122.14221, 37.61999 ], [ -122.14221, 37.62002 ], [ -122.14224, 37.61999 ], [ -122.14221, 37.61999 ] ], [ [ -122.12572, 37.61897 ], [ -122.12572, 37.619 ], [ -122.12577, 37.61897 ], [ -122.12572, 37.61897 ] ], [ [ -122.12626, 37.61883 ], [ -122.12626, 37.61886 ], [ -122.12631, 37.61883 ], [ -122.12626, 37.61883 ] ], [ [ -122.12558, 37.619 ], [ -122.12558, 37.61902 ], [ -122.12564, 37.619 ], [ -122.12558, 37.619 ] ], [ [ -122.12809, 37.61848 ], [ -122.12809, 37.61846 ], [ -122.12806, 37.61848 ], [ -122.12809, 37.61848 ] ], [ [ -122.12804, 37.61851 ], [ -122.12806, 37.61851 ], [ -122.12806, 37.61848 ], [ -122.12804, 37.61851 ] ], [ [ -122.12451, 37.619 ], [ -122.12451, 37.61902 ], [ -122.12456, 37.619 ], [ -122.12451, 37.619 ] ], [ [ -122.14364, 37.61997 ], [ -122.14364, 37.61999 ], [ -122.14372, 37.61997 ], [ -122.14364, 37.61997 ] ], [ [ -122.14124, 37.61406 ], [ -122.14124, 37.61415 ], [ -122.14127, 37.61406 ], [ -122.14124, 37.61406 ] ], [ [ -122.12367, 37.62007 ], [ -122.1237, 37.62013 ], [ -122.12372, 37.62007 ], [ -122.12367, 37.62007 ] ], [ [ -122.14016, 37.61854 ], [ -122.14014, 37.61859 ], [ -122.14019, 37.61854 ], [ -122.14016, 37.61854 ] ], [ [ -122.14248, 37.62002 ], [ -122.14253, 37.62002 ], [ -122.14248, 37.61997 ], [ -122.14248, 37.62002 ] ], [ [ -122.13957, 37.61913 ], [ -122.13957, 37.6191 ], [ -122.13954, 37.61913 ], [ -122.13957, 37.61913 ] ], [ [ -122.13952, 37.61916 ], [ -122.13954, 37.61916 ], [ -122.13954, 37.61913 ], [ -122.13952, 37.61916 ] ], [ [ -122.13949, 37.61919 ], [ -122.13952, 37.61919 ], [ -122.13952, 37.61916 ], [ -122.13949, 37.61919 ] ], [ [ -122.12731, 37.61883 ], [ -122.12734, 37.61883 ], [ -122.12731, 37.61878 ], [ -122.12731, 37.61883 ] ], [ [ -122.12728, 37.61875 ], [ -122.12728, 37.61878 ], [ -122.12731, 37.61878 ], [ -122.12728, 37.61875 ] ], [ [ -122.12725, 37.61873 ], [ -122.12725, 37.61875 ], [ -122.12728, 37.61875 ], [ -122.12725, 37.61873 ] ], [ [ -122.14111, 37.61676 ], [ -122.14111, 37.61679 ], [ -122.14119, 37.61676 ], [ -122.14111, 37.61676 ] ], [ [ -122.13946, 37.61921 ], [ -122.13941, 37.61921 ], [ -122.13944, 37.61927 ], [ -122.13946, 37.61921 ] ], [ [ -122.13841, 37.62018 ], [ -122.13844, 37.62018 ], [ -122.13841, 37.62016 ], [ -122.13841, 37.62018 ] ], [ [ -122.13838, 37.62013 ], [ -122.13838, 37.62016 ], [ -122.13841, 37.62016 ], [ -122.13838, 37.62013 ] ], [ [ -122.13841, 37.6201 ], [ -122.13841, 37.62013 ], [ -122.13847, 37.6201 ], [ -122.13841, 37.6201 ] ], [ [ -122.12612, 37.61886 ], [ -122.12612, 37.61889 ], [ -122.12623, 37.61886 ], [ -122.12612, 37.61886 ] ], [ [ -122.13138, 37.62247 ], [ -122.13149, 37.62253 ], [ -122.13143, 37.62247 ], [ -122.13138, 37.62247 ] ], [ [ -122.12416, 37.61978 ], [ -122.12416, 37.61975 ], [ -122.12413, 37.61978 ], [ -122.12416, 37.61978 ] ], [ [ -122.12407, 37.61983 ], [ -122.1241, 37.61983 ], [ -122.12413, 37.61978 ], [ -122.12407, 37.61983 ] ], [ [ -122.12405, 37.61986 ], [ -122.12407, 37.61986 ], [ -122.12407, 37.61983 ], [ -122.12405, 37.61986 ] ], [ [ -122.12402, 37.61989 ], [ -122.12405, 37.61989 ], [ -122.12405, 37.61986 ], [ -122.12402, 37.61989 ] ], [ [ -122.12531, 37.6191 ], [ -122.12531, 37.61908 ], [ -122.12521, 37.6191 ], [ -122.12531, 37.6191 ] ], [ [ -122.12515, 37.61913 ], [ -122.12521, 37.61913 ], [ -122.12521, 37.6191 ], [ -122.12515, 37.61913 ] ], [ [ -122.12707, 37.62045 ], [ -122.12707, 37.62056 ], [ -122.12712, 37.62045 ], [ -122.12707, 37.62045 ] ], [ [ -122.13437, 37.61695 ], [ -122.13437, 37.61703 ], [ -122.13442, 37.61695 ], [ -122.13437, 37.61695 ] ], [ [ -122.14135, 37.61547 ], [ -122.14135, 37.61565 ], [ -122.14138, 37.61547 ], [ -122.14135, 37.61547 ] ], [ [ -122.12437, 37.61954 ], [ -122.12437, 37.61951 ], [ -122.12434, 37.61954 ], [ -122.12437, 37.61954 ] ], [ [ -122.12432, 37.61956 ], [ -122.12434, 37.61956 ], [ -122.12434, 37.61954 ], [ -122.12432, 37.61956 ] ], [ [ -122.12429, 37.61959 ], [ -122.12432, 37.61959 ], [ -122.12432, 37.61956 ], [ -122.12429, 37.61959 ] ], [ [ -122.12426, 37.61962 ], [ -122.12429, 37.61962 ], [ -122.12429, 37.61959 ], [ -122.12426, 37.61962 ] ], [ [ -122.12424, 37.61964 ], [ -122.12426, 37.61964 ], [ -122.12426, 37.61962 ], [ -122.12424, 37.61964 ] ], [ [ -122.12416, 37.61972 ], [ -122.12424, 37.6197 ], [ -122.12416, 37.6197 ], [ -122.12416, 37.61972 ] ], [ [ -122.14103, 37.61716 ], [ -122.14108, 37.61706 ], [ -122.14108, 37.61695 ], [ -122.14103, 37.61716 ] ], [ [ -122.14065, 37.61822 ], [ -122.14068, 37.61808 ], [ -122.14057, 37.61819 ], [ -122.14065, 37.61822 ] ], [ [ -122.14054, 37.61822 ], [ -122.14057, 37.61822 ], [ -122.14057, 37.61819 ], [ -122.14054, 37.61822 ] ], [ [ -122.14051, 37.61824 ], [ -122.14054, 37.61824 ], [ -122.14054, 37.61822 ], [ -122.14051, 37.61824 ] ], [ [ -122.13962, 37.61905 ], [ -122.13973, 37.61902 ], [ -122.13979, 37.61886 ], [ -122.13962, 37.61905 ] ], [ [ -122.1396, 37.61908 ], [ -122.13962, 37.61908 ], [ -122.13962, 37.61905 ], [ -122.1396, 37.61908 ] ], [ [ -122.12725, 37.61851 ], [ -122.12739, 37.61851 ], [ -122.1276, 37.6184 ], [ -122.12725, 37.61851 ] ], [ [ -122.13871, 37.61991 ], [ -122.13855, 37.62002 ], [ -122.13876, 37.62005 ], [ -122.13871, 37.61991 ] ], [ [ -122.12477, 37.61929 ], [ -122.12483, 37.61929 ], [ -122.12477, 37.61927 ], [ -122.12477, 37.61929 ] ], [ [ -122.12475, 37.61919 ], [ -122.12456, 37.61932 ], [ -122.12499, 37.61916 ], [ -122.12475, 37.61919 ] ], [ [ -122.12451, 37.61932 ], [ -122.12451, 37.61935 ], [ -122.12456, 37.61935 ], [ -122.12456, 37.61932 ], [ -122.12451, 37.61932 ] ], [ [ -122.12445, 37.6194 ], [ -122.12448, 37.6194 ], [ -122.12451, 37.61935 ], [ -122.12445, 37.6194 ] ], [ [ -122.12442, 37.61943 ], [ -122.12445, 37.61943 ], [ -122.12445, 37.6194 ], [ -122.12442, 37.61943 ] ], [ [ -122.12725, 37.61959 ], [ -122.12736, 37.61894 ], [ -122.12715, 37.61959 ], [ -122.12725, 37.61959 ] ], [ [ -122.13636, 37.61188 ], [ -122.13642, 37.61196 ], [ -122.1369, 37.61194 ], [ -122.13636, 37.61188 ] ], [ [ -122.1272, 37.61873 ], [ -122.12723, 37.61873 ], [ -122.1272, 37.6187 ], [ -122.1272, 37.61873 ] ], [ [ -122.12701, 37.61857 ], [ -122.12634, 37.61883 ], [ -122.1272, 37.6187 ], [ -122.12701, 37.61857 ] ], [ [ -122.12712, 37.61854 ], [ -122.12712, 37.61857 ], [ -122.12717, 37.61854 ], [ -122.12712, 37.61854 ] ], [ [ -122.12723, 37.61851 ], [ -122.12717, 37.61851 ], [ -122.12717, 37.61854 ], [ -122.12723, 37.61851 ] ], [ [ -122.14103, 37.61749 ], [ -122.141, 37.61727 ], [ -122.1407, 37.61792 ], [ -122.14103, 37.61749 ] ], [ [ -122.13838, 37.62021 ], [ -122.13838, 37.62018 ], [ -122.13836, 37.62021 ], [ -122.13838, 37.62021 ] ], [ [ -122.1383, 37.62021 ], [ -122.13776, 37.62069 ], [ -122.13704, 37.62102 ], [ -122.13779, 37.62075 ], [ -122.1383, 37.62021 ] ], [ [ -122.13701, 37.62104 ], [ -122.13704, 37.62104 ], [ -122.13704, 37.62102 ], [ -122.13701, 37.62104 ] ], [ [ -122.13421, 37.6222 ], [ -122.13313, 37.62263 ], [ -122.13278, 37.62266 ], [ -122.13281, 37.62285 ], [ -122.13421, 37.6222 ] ], [ [ -122.14609, 37.6094 ], [ -122.14615, 37.60962 ], [ -122.14644, 37.60983 ], [ -122.14631, 37.60932 ], [ -122.14606, 37.60916 ], [ -122.14606, 37.60938 ], [ -122.1462, 37.60932 ], [ -122.14609, 37.6094 ] ], [ [ -122.13922, 37.61994 ], [ -122.13925, 37.61999 ], [ -122.14218, 37.61999 ], [ -122.13922, 37.61994 ] ], [ [ -122.1344, 37.62166 ], [ -122.13458, 37.62199 ], [ -122.13429, 37.62218 ], [ -122.13698, 37.62107 ], [ -122.13475, 37.62193 ], [ -122.13456, 37.62185 ], [ -122.13442, 37.61716 ], [ -122.13434, 37.6201 ], [ -122.1344, 37.6201 ], [ -122.1344, 37.62166 ] ] ], [ [ [ -122.10707, 37.61954 ], [ -122.10691, 37.61948 ], [ -122.10661, 37.61943 ], [ -122.10626, 37.61959 ], [ -122.10613, 37.61927 ], [ -122.10483, 37.61881 ], [ -122.11302, 37.62126 ], [ -122.12108, 37.6222 ], [ -122.12195, 37.62215 ], [ -122.12192, 37.62234 ], [ -122.12203, 37.62237 ], [ -122.11742, 37.62185 ], [ -122.11736, 37.62201 ], [ -122.11769, 37.62201 ], [ -122.11804, 37.62239 ], [ -122.11774, 37.62263 ], [ -122.11744, 37.62255 ], [ -122.11744, 37.62234 ], [ -122.11726, 37.62231 ], [ -122.11731, 37.62258 ], [ -122.11718, 37.62269 ], [ -122.11704, 37.62212 ], [ -122.11645, 37.62204 ], [ -122.11612, 37.62177 ], [ -122.11497, 37.62172 ], [ -122.1148, 37.62212 ], [ -122.1147, 37.62204 ], [ -122.11432, 37.62215 ], [ -122.11238, 37.6215 ], [ -122.11219, 37.62126 ], [ -122.11222, 37.62107 ], [ -122.11197, 37.62115 ], [ -122.11157, 37.62102 ], [ -122.11143, 37.62086 ], [ -122.1113, 37.62107 ], [ -122.11114, 37.62107 ], [ -122.11119, 37.62078 ], [ -122.11092, 37.62088 ], [ -122.1109, 37.62069 ], [ -122.11068, 37.62064 ], [ -122.11055, 37.62086 ], [ -122.11044, 37.62075 ], [ -122.11055, 37.62059 ], [ -122.11033, 37.62051 ], [ -122.1103, 37.62078 ], [ -122.10998, 37.62078 ], [ -122.10984, 37.62072 ], [ -122.1099, 37.62061 ], [ -122.10952, 37.62053 ], [ -122.10944, 37.62034 ], [ -122.10931, 37.62034 ], [ -122.10933, 37.62021 ], [ -122.10879, 37.62007 ], [ -122.10885, 37.62016 ], [ -122.10861, 37.62016 ], [ -122.10866, 37.62026 ], [ -122.10839, 37.62021 ], [ -122.10825, 37.61997 ], [ -122.10796, 37.61997 ], [ -122.10785, 37.61986 ], [ -122.10769, 37.61994 ], [ -122.10761, 37.61975 ], [ -122.10712, 37.61986 ], [ -122.10707, 37.61954 ] ], [ [ -122.10877, 37.62005 ], [ -122.10877, 37.62007 ], [ -122.10879, 37.62007 ], [ -122.10877, 37.62005 ] ], [ [ -122.10844, 37.61997 ], [ -122.10844, 37.61999 ], [ -122.10847, 37.61997 ], [ -122.10844, 37.61997 ] ], [ [ -122.1096, 37.62032 ], [ -122.10963, 37.62037 ], [ -122.10968, 37.62032 ], [ -122.1096, 37.62032 ] ], [ [ -122.11464, 37.62161 ], [ -122.11478, 37.62158 ], [ -122.11459, 37.62153 ], [ -122.11464, 37.62161 ] ], [ [ -122.1141, 37.6215 ], [ -122.11402, 37.62145 ], [ -122.11367, 37.62142 ], [ -122.1141, 37.6215 ] ] ], [ [ [ -122.10623, 37.62094 ], [ -122.10602, 37.62096 ], [ -122.10599, 37.62107 ], [ -122.10572, 37.62102 ], [ -122.10575, 37.62123 ], [ -122.10656, 37.6215 ], [ -122.10656, 37.62185 ], [ -122.10615, 37.62185 ], [ -122.10561, 37.6215 ], [ -122.10518, 37.62172 ], [ -122.10483, 37.6214 ], [ -122.10489, 37.62183 ], [ -122.10456, 37.62177 ], [ -122.10472, 37.62145 ], [ -122.10448, 37.62104 ], [ -122.10462, 37.62088 ], [ -122.10486, 37.62096 ], [ -122.10505, 37.62075 ], [ -122.10486, 37.62051 ], [ -122.10516, 37.62016 ], [ -122.10594, 37.62051 ], [ -122.10615, 37.62045 ], [ -122.1068, 37.62083 ], [ -122.10699, 37.62078 ], [ -122.10702, 37.62099 ], [ -122.10683, 37.62118 ], [ -122.10661, 37.62118 ], [ -122.10623, 37.62094 ] ], [ [ -122.10567, 37.62104 ], [ -122.10567, 37.62118 ], [ -122.10572, 37.6211 ], [ -122.10567, 37.62104 ] ] ], [ [ [ -122.10416, 37.62164 ], [ -122.10424, 37.62177 ], [ -122.1034, 37.62185 ], [ -122.10222, 37.62083 ], [ -122.10257, 37.62091 ], [ -122.10297, 37.62069 ], [ -122.10311, 37.62045 ], [ -122.10327, 37.62045 ], [ -122.10365, 37.62096 ], [ -122.10384, 37.62096 ], [ -122.10408, 37.62115 ], [ -122.10362, 37.62161 ], [ -122.10416, 37.62164 ] ] ], [ [ [ -122.11011, 37.6229 ], [ -122.10952, 37.6229 ], [ -122.10949, 37.62247 ], [ -122.10923, 37.62245 ], [ -122.10917, 37.6229 ], [ -122.10882, 37.6229 ], [ -122.10885, 37.62247 ], [ -122.10861, 37.62245 ], [ -122.1085, 37.6225 ], [ -122.1085, 37.6229 ], [ -122.1079, 37.62293 ], [ -122.10799, 37.62231 ], [ -122.10777, 37.62218 ], [ -122.10796, 37.62215 ], [ -122.1079, 37.62204 ], [ -122.10755, 37.62201 ], [ -122.10755, 37.62156 ], [ -122.10812, 37.62158 ], [ -122.10839, 37.62177 ], [ -122.10871, 37.62166 ], [ -122.10877, 37.62142 ], [ -122.10863, 37.62126 ], [ -122.10874, 37.62113 ], [ -122.11044, 37.62121 ], [ -122.11014, 37.6214 ], [ -122.1102, 37.62158 ], [ -122.11006, 37.62158 ], [ -122.11014, 37.62199 ], [ -122.11038, 37.62212 ], [ -122.11009, 37.62237 ], [ -122.11011, 37.6229 ] ], [ [ -122.10933, 37.62158 ], [ -122.10966, 37.62175 ], [ -122.10966, 37.6214 ], [ -122.10939, 37.62134 ], [ -122.10933, 37.62158 ] ] ], [ [ [ -122.11631, 37.62242 ], [ -122.11602, 37.62237 ], [ -122.11537, 37.62215 ], [ -122.11526, 37.62196 ], [ -122.11553, 37.62177 ], [ -122.11572, 37.6218 ], [ -122.11653, 37.62207 ], [ -122.11631, 37.62242 ] ] ], [ [ [ -122.10696, 37.6221 ], [ -122.10666, 37.62218 ], [ -122.10702, 37.6222 ], [ -122.10666, 37.62223 ], [ -122.10661, 37.62261 ], [ -122.10623, 37.62261 ], [ -122.10613, 37.6222 ], [ -122.10456, 37.6221 ], [ -122.10696, 37.6221 ] ] ], [ [ [ -122.08511, 37.62245 ], [ -122.08594, 37.62263 ], [ -122.08591, 37.62307 ], [ -122.08513, 37.62309 ], [ -122.08511, 37.62245 ] ] ], [ [ [ -122.12313, 37.62175 ], [ -122.12372, 37.62261 ], [ -122.1237, 37.62277 ], [ -122.12305, 37.62263 ], [ -122.12292, 37.6225 ], [ -122.12302, 37.62234 ], [ -122.12283, 37.62237 ], [ -122.12289, 37.6218 ], [ -122.12313, 37.62175 ] ], [ [ -122.12364, 37.62272 ], [ -122.12367, 37.62272 ], [ -122.12364, 37.62269 ], [ -122.12364, 37.62272 ] ] ], [ [ [ -122.11938, 37.6222 ], [ -122.11955, 37.62223 ], [ -122.11957, 37.62245 ], [ -122.11984, 37.62231 ], [ -122.11976, 37.62301 ], [ -122.11952, 37.62288 ], [ -122.11947, 37.62312 ], [ -122.11901, 37.62309 ], [ -122.11887, 37.62293 ], [ -122.1189, 37.62247 ], [ -122.11938, 37.6222 ] ] ], [ [ [ -122.12014, 37.62317 ], [ -122.11998, 37.62312 ], [ -122.12, 37.62237 ], [ -122.12019, 37.62226 ], [ -122.12038, 37.62245 ], [ -122.12038, 37.62307 ], [ -122.12014, 37.62317 ] ] ], [ [ [ -122.10917, 37.62363 ], [ -122.1092, 37.62344 ], [ -122.10933, 37.62342 ], [ -122.10939, 37.6239 ], [ -122.10966, 37.6239 ], [ -122.10976, 37.62355 ], [ -122.10995, 37.62352 ], [ -122.11006, 37.62393 ], [ -122.11033, 37.62401 ], [ -122.10664, 37.62406 ], [ -122.10699, 37.62398 ], [ -122.10702, 37.62347 ], [ -122.10688, 37.62344 ], [ -122.10731, 37.62344 ], [ -122.10737, 37.6239 ], [ -122.10758, 37.62396 ], [ -122.10772, 37.6236 ], [ -122.10782, 37.62371 ], [ -122.10772, 37.62342 ], [ -122.10799, 37.62342 ], [ -122.10807, 37.6239 ], [ -122.10831, 37.62393 ], [ -122.10847, 37.62355 ], [ -122.1085, 37.62363 ], [ -122.10861, 37.62358 ], [ -122.10869, 37.6239 ], [ -122.10896, 37.62393 ], [ -122.10901, 37.62358 ], [ -122.10917, 37.62363 ] ] ], [ [ [ -122.13477, 37.62754 ], [ -122.13493, 37.62883 ], [ -122.13464, 37.62905 ], [ -122.13461, 37.62749 ], [ -122.13477, 37.62754 ] ] ], [ [ [ -122.13634, 37.63201 ], [ -122.13491, 37.63207 ], [ -122.13469, 37.63196 ], [ -122.13461, 37.63174 ], [ -122.13453, 37.62943 ], [ -122.13599, 37.62994 ], [ -122.13461, 37.62935 ], [ -122.13456, 37.62921 ], [ -122.13472, 37.62918 ], [ -122.13774, 37.6304 ], [ -122.13787, 37.63056 ], [ -122.1375, 37.6312 ], [ -122.13685, 37.63182 ], [ -122.13634, 37.63201 ] ], [ [ -122.13599, 37.62997 ], [ -122.13725, 37.6305 ], [ -122.13741, 37.63053 ], [ -122.13698, 37.63029 ], [ -122.13599, 37.62997 ] ] ], [ [ [ -122.13208, 37.63371 ], [ -122.13205, 37.63336 ], [ -122.13332, 37.63336 ], [ -122.13326, 37.63374 ], [ -122.13208, 37.63371 ] ] ], [ [ [ -122.14175, 37.63344 ], [ -122.14124, 37.63352 ], [ -122.14138, 37.63355 ], [ -122.14129, 37.63371 ], [ -122.1407, 37.63379 ], [ -122.13949, 37.6342 ], [ -122.13927, 37.63414 ], [ -122.13981, 37.63387 ], [ -122.13987, 37.63374 ], [ -122.14006, 37.63382 ], [ -122.1403, 37.6336 ], [ -122.14127, 37.63328 ], [ -122.14127, 37.63317 ], [ -122.14167, 37.63296 ], [ -122.14189, 37.63301 ], [ -122.14186, 37.63325 ], [ -122.14197, 37.63315 ], [ -122.14205, 37.6332 ], [ -122.14175, 37.63344 ] ], [ [ -122.14041, 37.63368 ], [ -122.14043, 37.63368 ], [ -122.14041, 37.63366 ], [ -122.14041, 37.63368 ] ], [ [ -122.14108, 37.63363 ], [ -122.14111, 37.63363 ], [ -122.14108, 37.6336 ], [ -122.14108, 37.63363 ] ] ], [ [ [ -122.13768, 37.63476 ], [ -122.13755, 37.63441 ], [ -122.13747, 37.63436 ], [ -122.13623, 37.63487 ], [ -122.13601, 37.63463 ], [ -122.13636, 37.63436 ], [ -122.13736, 37.63398 ], [ -122.1375, 37.63403 ], [ -122.1383, 37.63546 ], [ -122.13849, 37.63541 ], [ -122.13704, 37.63606 ], [ -122.13674, 37.636 ], [ -122.13636, 37.63535 ], [ -122.13768, 37.63476 ] ], [ [ -122.13644, 37.63441 ], [ -122.13644, 37.63438 ], [ -122.13642, 37.63441 ], [ -122.13644, 37.63441 ] ], [ [ -122.13647, 37.6346 ], [ -122.13647, 37.63463 ], [ -122.1365, 37.6346 ], [ -122.13647, 37.6346 ] ], [ [ -122.13634, 37.63471 ], [ -122.13634, 37.63474 ], [ -122.13636, 37.63471 ], [ -122.13634, 37.63471 ] ] ], [ [ [ -122.14313, 37.63463 ], [ -122.14359, 37.63527 ], [ -122.14353, 37.63544 ], [ -122.14165, 37.63616 ], [ -122.14076, 37.63624 ], [ -122.14065, 37.63603 ], [ -122.14081, 37.63581 ], [ -122.14078, 37.6356 ], [ -122.14313, 37.63463 ] ] ], [ [ [ -122.13601, 37.63576 ], [ -122.13652, 37.63765 ], [ -122.13607, 37.63616 ], [ -122.13472, 37.63627 ], [ -122.13475, 37.63606 ], [ -122.13607, 37.63614 ], [ -122.13582, 37.63517 ], [ -122.13601, 37.63576 ] ] ], [ [ [ -122.13933, 37.64096 ], [ -122.13887, 37.64026 ], [ -122.1383, 37.63969 ], [ -122.13836, 37.63948 ], [ -122.13806, 37.63937 ], [ -122.13717, 37.63781 ], [ -122.13838, 37.63759 ], [ -122.14348, 37.6356 ], [ -122.1438, 37.6356 ], [ -122.14458, 37.63694 ], [ -122.14288, 37.6377 ], [ -122.14477, 37.63719 ], [ -122.14558, 37.63845 ], [ -122.14555, 37.63859 ], [ -122.14493, 37.63891 ], [ -122.13962, 37.64093 ], [ -122.13933, 37.64096 ] ] ], [ [ [ -122.14288, 37.64508 ], [ -122.1431, 37.64492 ], [ -122.14283, 37.645 ], [ -122.14272, 37.6449 ], [ -122.14275, 37.64473 ], [ -122.14245, 37.64457 ], [ -122.14213, 37.64401 ], [ -122.14151, 37.64339 ], [ -122.14151, 37.6432 ], [ -122.14135, 37.64317 ], [ -122.14094, 37.64269 ], [ -122.14094, 37.64244 ], [ -122.14076, 37.64244 ], [ -122.1403, 37.64188 ], [ -122.1403, 37.64169 ], [ -122.14003, 37.64155 ], [ -122.14006, 37.64088 ], [ -122.14542, 37.63878 ], [ -122.14566, 37.63872 ], [ -122.14701, 37.64093 ], [ -122.14749, 37.64153 ], [ -122.14763, 37.64352 ], [ -122.14685, 37.64411 ], [ -122.14464, 37.64495 ], [ -122.14391, 37.64516 ], [ -122.14297, 37.64516 ], [ -122.14288, 37.64508 ] ] ], [ [ [ -122.13933, 37.64136 ], [ -122.14227, 37.6449 ], [ -122.14235, 37.64508 ], [ -122.14197, 37.64476 ], [ -122.13933, 37.64136 ] ] ], [ [ [ -122.14367, 37.65346 ], [ -122.14364, 37.6515 ], [ -122.14386, 37.65182 ], [ -122.14391, 37.65311 ], [ -122.14375, 37.65311 ], [ -122.14367, 37.65346 ] ] ], [ [ [ -122.14084, 37.66195 ], [ -122.14057, 37.6619 ], [ -122.14084, 37.66168 ], [ -122.14175, 37.66225 ], [ -122.142, 37.66263 ], [ -122.14191, 37.66276 ], [ -122.14259, 37.66306 ], [ -122.14278, 37.66298 ], [ -122.14205, 37.66268 ], [ -122.1424, 37.66263 ], [ -122.14251, 37.66249 ], [ -122.14243, 37.66225 ], [ -122.14159, 37.66209 ], [ -122.14138, 37.66195 ], [ -122.14154, 37.66187 ], [ -122.14116, 37.66182 ], [ -122.14127, 37.66174 ], [ -122.14103, 37.66158 ], [ -122.14124, 37.66152 ], [ -122.14105, 37.66142 ], [ -122.14135, 37.66133 ], [ -122.141, 37.66123 ], [ -122.14119, 37.66112 ], [ -122.14105, 37.66085 ], [ -122.14121, 37.66096 ], [ -122.14108, 37.66071 ], [ -122.14275, 37.66244 ], [ -122.14272, 37.66233 ], [ -122.1441, 37.66381 ], [ -122.14356, 37.6633 ], [ -122.14097, 37.66282 ], [ -122.14178, 37.66292 ], [ -122.14129, 37.66274 ], [ -122.14121, 37.66241 ], [ -122.14138, 37.66241 ], [ -122.14084, 37.66195 ] ], [ [ -122.14156, 37.66185 ], [ -122.14154, 37.66185 ], [ -122.14154, 37.66187 ], [ -122.14156, 37.66185 ] ], [ [ -122.14297, 37.66265 ], [ -122.14288, 37.66255 ], [ -122.14286, 37.66255 ], [ -122.14297, 37.66265 ] ], [ [ -122.14138, 37.66244 ], [ -122.1414, 37.66247 ], [ -122.1414, 37.66244 ], [ -122.14138, 37.66244 ] ], [ [ -122.14127, 37.66096 ], [ -122.14124, 37.66101 ], [ -122.14129, 37.66101 ], [ -122.14127, 37.66096 ] ], [ [ -122.14302, 37.66271 ], [ -122.14299, 37.66268 ], [ -122.14299, 37.66271 ], [ -122.14302, 37.66271 ] ], [ [ -122.14321, 37.66292 ], [ -122.14318, 37.6629 ], [ -122.14318, 37.66292 ], [ -122.14321, 37.66292 ] ], [ [ -122.14283, 37.66252 ], [ -122.1428, 37.66249 ], [ -122.1428, 37.66252 ], [ -122.14283, 37.66252 ] ], [ [ -122.14202, 37.66298 ], [ -122.142, 37.66295 ], [ -122.142, 37.66298 ], [ -122.14202, 37.66298 ] ], [ [ -122.14186, 37.66295 ], [ -122.14183, 37.66292 ], [ -122.14183, 37.66295 ], [ -122.14186, 37.66295 ] ], [ [ -122.14191, 37.66292 ], [ -122.14189, 37.6629 ], [ -122.14189, 37.66292 ], [ -122.14191, 37.66292 ] ], [ [ -122.14162, 37.66187 ], [ -122.14159, 37.66185 ], [ -122.14159, 37.66187 ], [ -122.14162, 37.66187 ] ], [ [ -122.14326, 37.66298 ], [ -122.14324, 37.66295 ], [ -122.14324, 37.66298 ], [ -122.14326, 37.66298 ] ], [ [ -122.14353, 37.66327 ], [ -122.1435, 37.66325 ], [ -122.1435, 37.66327 ], [ -122.14353, 37.66327 ] ], [ [ -122.14315, 37.66287 ], [ -122.14313, 37.66284 ], [ -122.14313, 37.66287 ], [ -122.14315, 37.66287 ] ], [ [ -122.14132, 37.66152 ], [ -122.14127, 37.6615 ], [ -122.14127, 37.66152 ], [ -122.14132, 37.66152 ] ], [ [ -122.14221, 37.66203 ], [ -122.14218, 37.66206 ], [ -122.14224, 37.66206 ], [ -122.14221, 37.66203 ] ], [ [ -122.14129, 37.66104 ], [ -122.14138, 37.66109 ], [ -122.14135, 37.66104 ], [ -122.14129, 37.66104 ] ], [ [ -122.14326, 37.66301 ], [ -122.14348, 37.66322 ], [ -122.14334, 37.66303 ], [ -122.14326, 37.66301 ] ], [ [ -122.14299, 37.66303 ], [ -122.14291, 37.66303 ], [ -122.14299, 37.66317 ], [ -122.14318, 37.66314 ], [ -122.14299, 37.66303 ] ], [ [ -122.14205, 37.66195 ], [ -122.142, 37.66179 ], [ -122.14189, 37.66182 ], [ -122.14205, 37.66195 ] ], [ [ -122.14148, 37.66265 ], [ -122.14173, 37.66271 ], [ -122.14143, 37.66247 ], [ -122.14148, 37.66265 ] ] ], [ [ [ -122.14186, 37.66125 ], [ -122.14194, 37.6612 ], [ -122.14156, 37.66074 ], [ -122.14431, 37.66352 ], [ -122.14704, 37.66656 ], [ -122.14682, 37.66656 ], [ -122.14609, 37.66581 ], [ -122.14429, 37.66387 ], [ -122.14431, 37.66376 ], [ -122.14412, 37.66373 ], [ -122.14186, 37.66125 ] ], [ [ -122.1469, 37.66654 ], [ -122.14687, 37.66651 ], [ -122.14687, 37.66654 ], [ -122.1469, 37.66654 ] ], [ [ -122.14685, 37.66648 ], [ -122.14685, 37.66651 ], [ -122.14687, 37.66651 ], [ -122.14685, 37.66648 ] ], [ [ -122.14197, 37.66123 ], [ -122.14197, 37.66128 ], [ -122.14213, 37.66144 ], [ -122.14197, 37.66123 ] ], [ [ -122.14218, 37.66147 ], [ -122.14216, 37.66144 ], [ -122.14216, 37.66147 ], [ -122.14218, 37.66147 ] ] ], [ [ [ -122.14345, 37.66389 ], [ -122.14302, 37.66411 ], [ -122.14288, 37.66435 ], [ -122.14256, 37.66438 ], [ -122.14243, 37.66416 ], [ -122.14272, 37.66379 ], [ -122.14245, 37.66362 ], [ -122.14237, 37.66338 ], [ -122.14259, 37.66338 ], [ -122.14291, 37.6636 ], [ -122.14321, 37.66354 ], [ -122.1431, 37.66365 ], [ -122.14361, 37.66381 ], [ -122.14361, 37.66395 ], [ -122.14345, 37.66389 ] ], [ [ -122.14275, 37.66376 ], [ -122.14272, 37.66376 ], [ -122.14272, 37.66379 ], [ -122.14275, 37.66376 ] ] ], [ [ [ -122.14321, 37.66573 ], [ -122.14324, 37.66581 ], [ -122.14364, 37.66581 ], [ -122.14383, 37.666 ], [ -122.14361, 37.66627 ], [ -122.14288, 37.66616 ], [ -122.14229, 37.66632 ], [ -122.14208, 37.66624 ], [ -122.14208, 37.66578 ], [ -122.14267, 37.66583 ], [ -122.14321, 37.66573 ] ] ], [ [ [ -122.14563, 37.66753 ], [ -122.14291, 37.66888 ], [ -122.1424, 37.66907 ], [ -122.14259, 37.66888 ], [ -122.14563, 37.66753 ] ] ], [ [ [ -122.07888, 37.50592 ], [ -122.08174, 37.5053 ], [ -122.08214, 37.5053 ], [ -122.0829, 37.50559 ], [ -122.08335, 37.50619 ], [ -122.08335, 37.50643 ], [ -122.08306, 37.50683 ], [ -122.08184, 37.5078 ], [ -122.08082, 37.50807 ], [ -122.07883, 37.5084 ], [ -122.07691, 37.5092 ], [ -122.07589, 37.50926 ], [ -122.07357, 37.50902 ], [ -122.07101, 37.50791 ], [ -122.06931, 37.50794 ], [ -122.06724, 37.50737 ], [ -122.06567, 37.50667 ], [ -122.06314, 37.50592 ], [ -122.06155, 37.50468 ], [ -122.06085, 37.50478 ], [ -122.06053, 37.50511 ], [ -122.05826, 37.50589 ], [ -122.05802, 37.50573 ], [ -122.05762, 37.50573 ], [ -122.05735, 37.50611 ], [ -122.05557, 37.50675 ], [ -122.05568, 37.50621 ], [ -122.05613, 37.50557 ], [ -122.05611, 37.50532 ], [ -122.05764, 37.50152 ], [ -122.05807, 37.50117 ], [ -122.05807, 37.50074 ], [ -122.05843, 37.50058 ], [ -122.0785, 37.50589 ], [ -122.07888, 37.50592 ] ], [ [ -122.05568, 37.50629 ], [ -122.05568, 37.50635 ], [ -122.0557, 37.50629 ], [ -122.05568, 37.50629 ] ], [ [ -122.06775, 37.50538 ], [ -122.06778, 37.50538 ], [ -122.06775, 37.50535 ], [ -122.06775, 37.50538 ] ], [ [ -122.07465, 37.50667 ], [ -122.07468, 37.50667 ], [ -122.07465, 37.50664 ], [ -122.07465, 37.50667 ] ], [ [ -122.07015, 37.50584 ], [ -122.07018, 37.50584 ], [ -122.07015, 37.50581 ], [ -122.07015, 37.50584 ] ], [ [ -122.06759, 37.50535 ], [ -122.06762, 37.50535 ], [ -122.06759, 37.50532 ], [ -122.06759, 37.50535 ] ], [ [ -122.0715, 37.50608 ], [ -122.07152, 37.50608 ], [ -122.0715, 37.50605 ], [ -122.0715, 37.50608 ] ], [ [ -122.0736, 37.50648 ], [ -122.07362, 37.50648 ], [ -122.0736, 37.50646 ], [ -122.0736, 37.50648 ] ], [ [ -122.06818, 37.50546 ], [ -122.06821, 37.50546 ], [ -122.06818, 37.50543 ], [ -122.06818, 37.50546 ] ], [ [ -122.07133, 37.50605 ], [ -122.07136, 37.50605 ], [ -122.07133, 37.50602 ], [ -122.07133, 37.50605 ] ], [ [ -122.0712, 37.50602 ], [ -122.07123, 37.50602 ], [ -122.0712, 37.506 ], [ -122.0712, 37.50602 ] ], [ [ -122.07419, 37.50659 ], [ -122.07422, 37.50659 ], [ -122.07419, 37.50656 ], [ -122.07419, 37.50659 ] ], [ [ -122.07373, 37.50651 ], [ -122.07376, 37.50651 ], [ -122.07373, 37.50648 ], [ -122.07373, 37.50651 ] ], [ [ -122.07449, 37.50664 ], [ -122.07451, 37.50664 ], [ -122.07449, 37.50662 ], [ -122.07449, 37.50664 ] ], [ [ -122.06473, 37.50481 ], [ -122.06476, 37.50481 ], [ -122.06473, 37.50478 ], [ -122.06473, 37.50481 ] ], [ [ -122.07387, 37.50654 ], [ -122.07392, 37.50654 ], [ -122.07387, 37.50651 ], [ -122.07387, 37.50654 ] ], [ [ -122.07403, 37.50656 ], [ -122.07408, 37.50656 ], [ -122.07403, 37.50654 ], [ -122.07403, 37.50656 ] ], [ [ -122.06457, 37.50478 ], [ -122.06462, 37.50478 ], [ -122.06457, 37.50476 ], [ -122.06457, 37.50478 ] ], [ [ -122.07915, 37.50753 ], [ -122.07918, 37.50753 ], [ -122.07915, 37.50748 ], [ -122.07915, 37.50753 ] ], [ [ -122.07958, 37.50761 ], [ -122.07963, 37.50761 ], [ -122.07958, 37.50759 ], [ -122.07958, 37.50761 ] ], [ [ -122.07433, 37.50662 ], [ -122.07438, 37.50662 ], [ -122.07433, 37.50659 ], [ -122.07433, 37.50662 ] ], [ [ -122.06144, 37.50425 ], [ -122.0615, 37.50425 ], [ -122.06144, 37.50422 ], [ -122.06144, 37.50425 ] ], [ [ -122.07926, 37.50756 ], [ -122.07931, 37.50756 ], [ -122.07926, 37.50753 ], [ -122.07926, 37.50756 ] ], [ [ -122.07901, 37.50751 ], [ -122.07904, 37.50751 ], [ -122.07901, 37.50745 ], [ -122.07901, 37.50751 ] ], [ [ -122.07104, 37.506 ], [ -122.07109, 37.506 ], [ -122.07104, 37.50597 ], [ -122.07104, 37.506 ] ], [ [ -122.07508, 37.50675 ], [ -122.07513, 37.50675 ], [ -122.07508, 37.50673 ], [ -122.07508, 37.50675 ] ], [ [ -122.07521, 37.50678 ], [ -122.0753, 37.50678 ], [ -122.07521, 37.50675 ], [ -122.07521, 37.50678 ] ], [ [ -122.07807, 37.50732 ], [ -122.07815, 37.50732 ], [ -122.07807, 37.50729 ], [ -122.07807, 37.50732 ] ], [ [ -122.07732, 37.50718 ], [ -122.0774, 37.50718 ], [ -122.07732, 37.50716 ], [ -122.07732, 37.50718 ] ], [ [ -122.07554, 37.50686 ], [ -122.07557, 37.50686 ], [ -122.07554, 37.50681 ], [ -122.07554, 37.50686 ] ], [ [ -122.07985, 37.50767 ], [ -122.07993, 37.50767 ], [ -122.07985, 37.50764 ], [ -122.07985, 37.50767 ] ], [ [ -122.07702, 37.50713 ], [ -122.0771, 37.50713 ], [ -122.07702, 37.5071 ], [ -122.07702, 37.50713 ] ], [ [ -122.0754, 37.50683 ], [ -122.07543, 37.50683 ], [ -122.07538, 37.50678 ], [ -122.0754, 37.50683 ] ], [ [ -122.07969, 37.50764 ], [ -122.07977, 37.50764 ], [ -122.07969, 37.50761 ], [ -122.07969, 37.50764 ] ], [ [ -122.07942, 37.50759 ], [ -122.07947, 37.50759 ], [ -122.07942, 37.50753 ], [ -122.07942, 37.50759 ] ], [ [ -122.07656, 37.50705 ], [ -122.07664, 37.50705 ], [ -122.07656, 37.50702 ], [ -122.07656, 37.50705 ] ], [ [ -122.08001, 37.5077 ], [ -122.08009, 37.5077 ], [ -122.08001, 37.50767 ], [ -122.08001, 37.5077 ] ], [ [ -122.07791, 37.50729 ], [ -122.07799, 37.50729 ], [ -122.07791, 37.50726 ], [ -122.07791, 37.50729 ] ], [ [ -122.07761, 37.50724 ], [ -122.07769, 37.50724 ], [ -122.07761, 37.50721 ], [ -122.07761, 37.50724 ] ], [ [ -122.07821, 37.50735 ], [ -122.07829, 37.50735 ], [ -122.07821, 37.50732 ], [ -122.07821, 37.50735 ] ], [ [ -122.07745, 37.50721 ], [ -122.07756, 37.50721 ], [ -122.07745, 37.50718 ], [ -122.07745, 37.50721 ] ], [ [ -122.0767, 37.50708 ], [ -122.0768, 37.50708 ], [ -122.0767, 37.50705 ], [ -122.0767, 37.50708 ] ], [ [ -122.07775, 37.50726 ], [ -122.07786, 37.50726 ], [ -122.07775, 37.50724 ], [ -122.07775, 37.50726 ] ], [ [ -122.07618, 37.50694 ], [ -122.07613, 37.50691 ], [ -122.07618, 37.50697 ], [ -122.07618, 37.50694 ] ], [ [ -122.07883, 37.50748 ], [ -122.07888, 37.50748 ], [ -122.07883, 37.50743 ], [ -122.07883, 37.50748 ] ], [ [ -122.07837, 37.5074 ], [ -122.07842, 37.5074 ], [ -122.07837, 37.50735 ], [ -122.07837, 37.5074 ] ], [ [ -122.07567, 37.50689 ], [ -122.07573, 37.50689 ], [ -122.07567, 37.50683 ], [ -122.07567, 37.50689 ] ], [ [ -122.07716, 37.50716 ], [ -122.07726, 37.50716 ], [ -122.07716, 37.50713 ], [ -122.07716, 37.50716 ] ], [ [ -122.07686, 37.5071 ], [ -122.07697, 37.5071 ], [ -122.07686, 37.50708 ], [ -122.07686, 37.5071 ] ], [ [ -122.07635, 37.50697 ], [ -122.07629, 37.50694 ], [ -122.07635, 37.50699 ], [ -122.07635, 37.50697 ] ], [ [ -122.07651, 37.50699 ], [ -122.07645, 37.50697 ], [ -122.07651, 37.50702 ], [ -122.07651, 37.50699 ] ], [ [ -122.07581, 37.50691 ], [ -122.07589, 37.50691 ], [ -122.07583, 37.50686 ], [ -122.07581, 37.50691 ] ], [ [ -122.0785, 37.5074 ], [ -122.07858, 37.50743 ], [ -122.0785, 37.50737 ], [ -122.0785, 37.5074 ] ], [ [ -122.07597, 37.50694 ], [ -122.07605, 37.50694 ], [ -122.07597, 37.50689 ], [ -122.07597, 37.50694 ] ], [ [ -122.06082, 37.50422 ], [ -122.06096, 37.50422 ], [ -122.06082, 37.50419 ], [ -122.06082, 37.50422 ] ], [ [ -122.08025, 37.50772 ], [ -122.08042, 37.50772 ], [ -122.08025, 37.5077 ], [ -122.08025, 37.50772 ] ], [ [ -122.07866, 37.50745 ], [ -122.07875, 37.50745 ], [ -122.07866, 37.5074 ], [ -122.07866, 37.50745 ] ], [ [ -122.08112, 37.5078 ], [ -122.08131, 37.5078 ], [ -122.08112, 37.50778 ], [ -122.08112, 37.5078 ] ], [ [ -122.08052, 37.50775 ], [ -122.08071, 37.50775 ], [ -122.08052, 37.50772 ], [ -122.08052, 37.50775 ] ], [ [ -122.08082, 37.50778 ], [ -122.08104, 37.50778 ], [ -122.08082, 37.50775 ], [ -122.08082, 37.50778 ] ], [ [ -122.0816, 37.5078 ], [ -122.08141, 37.5078 ], [ -122.08157, 37.50786 ], [ -122.0816, 37.5078 ] ] ], [ [ [ -122.06532, 37.51212 ], [ -122.06541, 37.51222 ], [ -122.06519, 37.51225 ], [ -122.0653, 37.5119 ], [ -122.06543, 37.51193 ], [ -122.06543, 37.51201 ], [ -122.06551, 37.51195 ], [ -122.0657, 37.51198 ], [ -122.06532, 37.51212 ] ], [ [ -122.06541, 37.51201 ], [ -122.06541, 37.51198 ], [ -122.06538, 37.51201 ], [ -122.06541, 37.51201 ] ] ], [ [ [ -122.06144, 37.52325 ], [ -122.06085, 37.52198 ], [ -122.06088, 37.52171 ], [ -122.07031, 37.52015 ], [ -122.07236, 37.51961 ], [ -122.07495, 37.51915 ], [ -122.07559, 37.5199 ], [ -122.07885, 37.52228 ], [ -122.07899, 37.52249 ], [ -122.07371, 37.52475 ], [ -122.07155, 37.52524 ], [ -122.0715, 37.52535 ], [ -122.07028, 37.52448 ], [ -122.06993, 37.5244 ], [ -122.06724, 37.52554 ], [ -122.06546, 37.52651 ], [ -122.06406, 37.52745 ], [ -122.06376, 37.52748 ], [ -122.0633, 37.52683 ], [ -122.06144, 37.52325 ] ] ], [ [ [ -122.07592, 37.52004 ], [ -122.07513, 37.51909 ], [ -122.07955, 37.51807 ], [ -122.08586, 37.5168 ], [ -122.08634, 37.5168 ], [ -122.08656, 37.51699 ], [ -122.0864, 37.51767 ], [ -122.08314, 37.523 ], [ -122.08303, 37.52454 ], [ -122.08378, 37.52527 ], [ -122.08454, 37.52559 ], [ -122.08864, 37.5261 ], [ -122.09004, 37.5275 ], [ -122.09066, 37.52901 ], [ -122.09055, 37.52985 ], [ -122.09004, 37.53023 ], [ -122.08882, 37.53031 ], [ -122.08829, 37.5302 ], [ -122.08591, 37.53012 ], [ -122.08303, 37.52925 ], [ -122.07893, 37.52942 ], [ -122.07856, 37.52955 ], [ -122.07751, 37.53063 ], [ -122.07694, 37.5313 ], [ -122.0768, 37.53184 ], [ -122.07643, 37.5319 ], [ -122.07613, 37.53171 ], [ -122.07562, 37.53039 ], [ -122.07476, 37.52955 ], [ -122.07209, 37.52864 ], [ -122.07141, 37.52818 ], [ -122.07133, 37.52783 ], [ -122.07158, 37.5264 ], [ -122.07255, 37.52605 ], [ -122.07265, 37.52589 ], [ -122.07247, 37.52554 ], [ -122.07168, 37.52567 ], [ -122.0715, 37.52543 ], [ -122.07174, 37.52527 ], [ -122.07379, 37.52478 ], [ -122.07915, 37.52254 ], [ -122.08009, 37.52308 ], [ -122.08333, 37.52548 ], [ -122.08241, 37.52465 ], [ -122.08044, 37.52322 ], [ -122.07942, 37.52263 ], [ -122.07592, 37.52004 ] ] ], [ [ [ -122.0716, 37.52607 ], [ -122.07177, 37.52575 ], [ -122.07228, 37.52564 ], [ -122.07252, 37.5257 ], [ -122.07249, 37.52591 ], [ -122.0719, 37.52618 ], [ -122.0716, 37.52607 ] ] ], [ [ [ -122.06441, 37.53273 ], [ -122.06411, 37.5306 ], [ -122.0639, 37.52993 ], [ -122.06489, 37.52963 ], [ -122.06559, 37.52977 ], [ -122.066, 37.53006 ], [ -122.06441, 37.53273 ] ], [ [ -122.06468, 37.53079 ], [ -122.0647, 37.53079 ], [ -122.06468, 37.53076 ], [ -122.06468, 37.53079 ] ], [ [ -122.06454, 37.52998 ], [ -122.06457, 37.52998 ], [ -122.06454, 37.52996 ], [ -122.06454, 37.52998 ] ] ], [ [ [ -122.07565, 37.53443 ], [ -122.07527, 37.53367 ], [ -122.07575, 37.53394 ], [ -122.07565, 37.53376 ], [ -122.07575, 37.53376 ], [ -122.07707, 37.53405 ], [ -122.07632, 37.53419 ], [ -122.07635, 37.53427 ], [ -122.07578, 37.53446 ], [ -122.07565, 37.53443 ] ], [ [ -122.07578, 37.53397 ], [ -122.07578, 37.53394 ], [ -122.07575, 37.53394 ], [ -122.07578, 37.53397 ] ], [ [ -122.07594, 37.53411 ], [ -122.07618, 37.53421 ], [ -122.07602, 37.53411 ], [ -122.07594, 37.53411 ] ] ], [ [ [ -122.07802, 37.53796 ], [ -122.0781, 37.5378 ], [ -122.07829, 37.5378 ], [ -122.0792, 37.53831 ], [ -122.07923, 37.53815 ], [ -122.07958, 37.53804 ], [ -122.07961, 37.53785 ], [ -122.0798, 37.53774 ], [ -122.07974, 37.53747 ], [ -122.08012, 37.53788 ], [ -122.08023, 37.53874 ], [ -122.07974, 37.53912 ], [ -122.07961, 37.53912 ], [ -122.07923, 37.53844 ], [ -122.07872, 37.53831 ], [ -122.07826, 37.53796 ], [ -122.07802, 37.53796 ] ], [ [ -122.08001, 37.53793 ], [ -122.08004, 37.53793 ], [ -122.08001, 37.53791 ], [ -122.08001, 37.53793 ] ] ], [ [ [ -122.06638, 37.53968 ], [ -122.06597, 37.53818 ], [ -122.06554, 37.53723 ], [ -122.06605, 37.53815 ], [ -122.06643, 37.53947 ], [ -122.06648, 37.54014 ], [ -122.06635, 37.54052 ], [ -122.06624, 37.54063 ], [ -122.06638, 37.53968 ] ], [ [ -122.06635, 37.54041 ], [ -122.06632, 37.54041 ], [ -122.06635, 37.54044 ], [ -122.06635, 37.54041 ] ], [ [ -122.06638, 37.54033 ], [ -122.06635, 37.54033 ], [ -122.06638, 37.54036 ], [ -122.06638, 37.54033 ] ] ], [ [ [ -122.0681, 37.53917 ], [ -122.06805, 37.53947 ], [ -122.06751, 37.53982 ], [ -122.06718, 37.53931 ], [ -122.06721, 37.53909 ], [ -122.06745, 37.5389 ], [ -122.06778, 37.5389 ], [ -122.0681, 37.53917 ] ] ], [ [ [ -122.07338, 37.53853 ], [ -122.07424, 37.53958 ], [ -122.07538, 37.54141 ], [ -122.07411, 37.54187 ], [ -122.07133, 37.54079 ], [ -122.07071, 37.54041 ], [ -122.07053, 37.54044 ], [ -122.06947, 37.54001 ], [ -122.06939, 37.54012 ], [ -122.06926, 37.54012 ], [ -122.06934, 37.54022 ], [ -122.06888, 37.54144 ], [ -122.06859, 37.54079 ], [ -122.06877, 37.54012 ], [ -122.07203, 37.53753 ], [ -122.0726, 37.53721 ], [ -122.07287, 37.53761 ], [ -122.07257, 37.5375 ], [ -122.07241, 37.53764 ], [ -122.07268, 37.53772 ], [ -122.07268, 37.53785 ], [ -122.07292, 37.53777 ], [ -122.07314, 37.53796 ], [ -122.07338, 37.53853 ] ], [ [ -122.06934, 37.54009 ], [ -122.06937, 37.54009 ], [ -122.06934, 37.54006 ], [ -122.06934, 37.54009 ] ], [ [ -122.07058, 37.53896 ], [ -122.07063, 37.53898 ], [ -122.07069, 37.53898 ], [ -122.07058, 37.53896 ] ], [ [ -122.06931, 37.5399 ], [ -122.06915, 37.5399 ], [ -122.06915, 37.53993 ], [ -122.06926, 37.53998 ], [ -122.06931, 37.5399 ] ], [ [ -122.07093, 37.53909 ], [ -122.07115, 37.53923 ], [ -122.07117, 37.53909 ], [ -122.07093, 37.53909 ] ], [ [ -122.07071, 37.53901 ], [ -122.07082, 37.53909 ], [ -122.07085, 37.53906 ], [ -122.07071, 37.53901 ] ], [ [ -122.07441, 37.54003 ], [ -122.0743, 37.54003 ], [ -122.0743, 37.54012 ], [ -122.07441, 37.54003 ] ], [ [ -122.07422, 37.54014 ], [ -122.0736, 37.54009 ], [ -122.07354, 37.54017 ], [ -122.074, 37.54022 ], [ -122.07422, 37.54014 ] ], [ [ -122.07206, 37.53955 ], [ -122.07306, 37.54001 ], [ -122.07352, 37.54012 ], [ -122.07325, 37.53993 ], [ -122.07206, 37.53955 ] ], [ [ -122.07125, 37.53923 ], [ -122.07198, 37.53955 ], [ -122.07139, 37.53923 ], [ -122.07125, 37.53923 ] ] ], [ [ [ -122.06557, 37.54125 ], [ -122.06621, 37.5406 ], [ -122.06573, 37.54119 ], [ -122.06557, 37.54125 ] ] ], [ [ [ -122.06832, 37.54052 ], [ -122.06837, 37.54106 ], [ -122.06875, 37.54173 ], [ -122.06867, 37.54203 ], [ -122.06848, 37.54198 ], [ -122.06818, 37.54111 ], [ -122.06826, 37.54039 ], [ -122.06845, 37.54014 ], [ -122.06832, 37.54052 ] ] ], [ [ [ -122.07535, 37.54152 ], [ -122.0757, 37.5416 ], [ -122.07276, 37.53715 ], [ -122.07287, 37.53707 ], [ -122.07583, 37.5416 ], [ -122.07575, 37.54184 ], [ -122.07616, 37.54211 ], [ -122.07664, 37.54289 ], [ -122.07292, 37.54421 ], [ -122.07279, 37.54435 ], [ -122.0715, 37.54483 ], [ -122.0702, 37.54524 ], [ -122.07004, 37.54516 ], [ -122.07004, 37.54494 ], [ -122.06991, 37.54494 ], [ -122.06999, 37.54486 ], [ -122.07031, 37.5448 ], [ -122.07053, 37.54497 ], [ -122.07071, 37.54467 ], [ -122.07101, 37.54489 ], [ -122.0712, 37.54483 ], [ -122.0708, 37.54459 ], [ -122.0702, 37.54464 ], [ -122.07001, 37.54437 ], [ -122.07009, 37.54389 ], [ -122.06953, 37.544 ], [ -122.06942, 37.54378 ], [ -122.0695, 37.54367 ], [ -122.06937, 37.54367 ], [ -122.0695, 37.54359 ], [ -122.06947, 37.54343 ], [ -122.06926, 37.54338 ], [ -122.06899, 37.54295 ], [ -122.06942, 37.5427 ], [ -122.0695, 37.54276 ], [ -122.06939, 37.54238 ], [ -122.07112, 37.54297 ], [ -122.07389, 37.54192 ], [ -122.07422, 37.54198 ], [ -122.07535, 37.54152 ] ], [ [ -122.07551, 37.54162 ], [ -122.07551, 37.5416 ], [ -122.07548, 37.54162 ], [ -122.07551, 37.54162 ] ], [ [ -122.0695, 37.54351 ], [ -122.0695, 37.54357 ], [ -122.06964, 37.54348 ], [ -122.0695, 37.54351 ] ], [ [ -122.07282, 37.54421 ], [ -122.07284, 37.54421 ], [ -122.07282, 37.54418 ], [ -122.07282, 37.54421 ] ], [ [ -122.06964, 37.54365 ], [ -122.06966, 37.54365 ], [ -122.06964, 37.54362 ], [ -122.06964, 37.54365 ] ], [ [ -122.07082, 37.54321 ], [ -122.07085, 37.54321 ], [ -122.07082, 37.54319 ], [ -122.07082, 37.54321 ] ], [ [ -122.07565, 37.54222 ], [ -122.07567, 37.54222 ], [ -122.07565, 37.54219 ], [ -122.07565, 37.54222 ] ], [ [ -122.07565, 37.54227 ], [ -122.07567, 37.54227 ], [ -122.07565, 37.54224 ], [ -122.07565, 37.54227 ] ], [ [ -122.07088, 37.54324 ], [ -122.0709, 37.54324 ], [ -122.07088, 37.54321 ], [ -122.07088, 37.54324 ] ], [ [ -122.07168, 37.5447 ], [ -122.07171, 37.5447 ], [ -122.07168, 37.54467 ], [ -122.07168, 37.5447 ] ], [ [ -122.07621, 37.54235 ], [ -122.07624, 37.54235 ], [ -122.07621, 37.54233 ], [ -122.07621, 37.54235 ] ], [ [ -122.07543, 37.54235 ], [ -122.07546, 37.54235 ], [ -122.07543, 37.54233 ], [ -122.07543, 37.54235 ] ], [ [ -122.07535, 37.54233 ], [ -122.07538, 37.54233 ], [ -122.07535, 37.5423 ], [ -122.07535, 37.54233 ] ], [ [ -122.0723, 37.54324 ], [ -122.07233, 37.54324 ], [ -122.0723, 37.54321 ], [ -122.0723, 37.54324 ] ], [ [ -122.07521, 37.54238 ], [ -122.07524, 37.54238 ], [ -122.07521, 37.54235 ], [ -122.07521, 37.54238 ] ], [ [ -122.07513, 37.54241 ], [ -122.07516, 37.54241 ], [ -122.07513, 37.54238 ], [ -122.07513, 37.54241 ] ], [ [ -122.07228, 37.54319 ], [ -122.0723, 37.54319 ], [ -122.07228, 37.54316 ], [ -122.07228, 37.54319 ] ], [ [ -122.0695, 37.54386 ], [ -122.06953, 37.54386 ], [ -122.0695, 37.54383 ], [ -122.0695, 37.54386 ] ], [ [ -122.07492, 37.54249 ], [ -122.07495, 37.54249 ], [ -122.07492, 37.54246 ], [ -122.07492, 37.54249 ] ], [ [ -122.07543, 37.5423 ], [ -122.07546, 37.5423 ], [ -122.07543, 37.54227 ], [ -122.07543, 37.5423 ] ], [ [ -122.07125, 37.54462 ], [ -122.07128, 37.54462 ], [ -122.07125, 37.54459 ], [ -122.07125, 37.54462 ] ], [ [ -122.07548, 37.54233 ], [ -122.07551, 37.54233 ], [ -122.07548, 37.5423 ], [ -122.07548, 37.54233 ] ], [ [ -122.07174, 37.54467 ], [ -122.07177, 37.54467 ], [ -122.07174, 37.54464 ], [ -122.07174, 37.54467 ] ], [ [ -122.07009, 37.54497 ], [ -122.07012, 37.54497 ], [ -122.07009, 37.54494 ], [ -122.07009, 37.54497 ] ], [ [ -122.0702, 37.54397 ], [ -122.07023, 37.54397 ], [ -122.0702, 37.54394 ], [ -122.0702, 37.54397 ] ], [ [ -122.0695, 37.54343 ], [ -122.06953, 37.54343 ], [ -122.0695, 37.5434 ], [ -122.0695, 37.54343 ] ], [ [ -122.06904, 37.543 ], [ -122.0691, 37.543 ], [ -122.06904, 37.54297 ], [ -122.06904, 37.543 ] ], [ [ -122.06974, 37.54316 ], [ -122.0698, 37.54316 ], [ -122.06974, 37.54313 ], [ -122.06974, 37.54316 ] ], [ [ -122.07239, 37.54332 ], [ -122.07239, 37.5433 ], [ -122.07236, 37.54332 ], [ -122.07239, 37.54332 ] ], [ [ -122.07233, 37.5433 ], [ -122.07236, 37.5433 ], [ -122.07233, 37.54327 ], [ -122.07233, 37.5433 ] ], [ [ -122.07012, 37.54507 ], [ -122.07015, 37.54507 ], [ -122.07012, 37.54502 ], [ -122.07012, 37.54507 ] ], [ [ -122.06982, 37.54324 ], [ -122.06988, 37.54324 ], [ -122.06982, 37.54321 ], [ -122.06982, 37.54324 ] ], [ [ -122.07012, 37.54516 ], [ -122.07018, 37.54516 ], [ -122.07012, 37.54513 ], [ -122.07012, 37.54516 ] ], [ [ -122.07527, 37.54235 ], [ -122.07532, 37.54235 ], [ -122.07527, 37.54233 ], [ -122.07527, 37.54235 ] ], [ [ -122.07228, 37.54281 ], [ -122.07233, 37.54281 ], [ -122.07228, 37.54278 ], [ -122.07228, 37.54281 ] ], [ [ -122.07247, 37.5444 ], [ -122.07252, 37.5444 ], [ -122.07247, 37.54437 ], [ -122.07247, 37.5444 ] ], [ [ -122.07074, 37.54319 ], [ -122.0708, 37.54319 ], [ -122.07074, 37.54316 ], [ -122.07074, 37.54319 ] ], [ [ -122.07608, 37.54219 ], [ -122.07613, 37.54219 ], [ -122.07608, 37.54216 ], [ -122.07608, 37.54219 ] ], [ [ -122.07559, 37.5423 ], [ -122.07559, 37.54227 ], [ -122.07557, 37.5423 ], [ -122.07559, 37.5423 ] ], [ [ -122.07551, 37.54227 ], [ -122.07557, 37.54227 ], [ -122.07551, 37.54224 ], [ -122.07551, 37.54227 ] ], [ [ -122.07508, 37.54241 ], [ -122.07505, 37.54241 ], [ -122.07508, 37.54243 ], [ -122.07508, 37.54241 ] ], [ [ -122.07505, 37.54246 ], [ -122.07505, 37.54243 ], [ -122.075, 37.54246 ], [ -122.07505, 37.54246 ] ], [ [ -122.07044, 37.54502 ], [ -122.07039, 37.54502 ], [ -122.07044, 37.54505 ], [ -122.07044, 37.54502 ] ], [ [ -122.07039, 37.54507 ], [ -122.07039, 37.54505 ], [ -122.07036, 37.54507 ], [ -122.07039, 37.54507 ] ], [ [ -122.074, 37.54243 ], [ -122.07406, 37.54243 ], [ -122.07403, 37.54238 ], [ -122.074, 37.54243 ] ], [ [ -122.07093, 37.54327 ], [ -122.07101, 37.54327 ], [ -122.07093, 37.54324 ], [ -122.07093, 37.54327 ] ], [ [ -122.07039, 37.54321 ], [ -122.07034, 37.54321 ], [ -122.07039, 37.54324 ], [ -122.07039, 37.54321 ] ], [ [ -122.07034, 37.5433 ], [ -122.07034, 37.54327 ], [ -122.07031, 37.5433 ], [ -122.07034, 37.5433 ] ], [ [ -122.0722, 37.543 ], [ -122.0722, 37.54305 ], [ -122.07225, 37.54303 ], [ -122.0722, 37.543 ] ], [ [ -122.07274, 37.544 ], [ -122.07274, 37.54394 ], [ -122.07271, 37.544 ], [ -122.07274, 37.544 ] ], [ [ -122.07268, 37.54394 ], [ -122.07271, 37.54394 ], [ -122.07268, 37.54389 ], [ -122.07268, 37.54394 ] ], [ [ -122.07265, 37.54383 ], [ -122.07265, 37.54389 ], [ -122.07268, 37.54389 ], [ -122.07265, 37.54383 ] ], [ [ -122.07263, 37.54381 ], [ -122.07263, 37.54383 ], [ -122.07265, 37.54383 ], [ -122.07263, 37.54381 ] ], [ [ -122.07592, 37.54208 ], [ -122.07592, 37.54211 ], [ -122.07597, 37.54208 ], [ -122.07592, 37.54208 ] ], [ [ -122.07605, 37.54211 ], [ -122.07597, 37.54211 ], [ -122.07605, 37.54214 ], [ -122.07605, 37.54211 ] ], [ [ -122.07597, 37.54216 ], [ -122.07597, 37.54214 ], [ -122.07592, 37.54216 ], [ -122.07597, 37.54216 ] ], [ [ -122.0702, 37.54513 ], [ -122.07031, 37.54513 ], [ -122.07023, 37.54507 ], [ -122.0702, 37.54513 ] ], [ [ -122.06915, 37.54292 ], [ -122.06931, 37.54292 ], [ -122.06915, 37.54289 ], [ -122.06915, 37.54292 ] ], [ [ -122.06942, 37.54327 ], [ -122.06937, 37.54327 ], [ -122.06942, 37.5433 ], [ -122.06942, 37.54327 ] ], [ [ -122.06934, 37.54338 ], [ -122.06937, 37.5433 ], [ -122.06929, 37.54335 ], [ -122.06934, 37.54338 ] ], [ [ -122.07589, 37.54211 ], [ -122.07583, 37.54211 ], [ -122.07589, 37.54214 ], [ -122.07589, 37.54211 ] ], [ [ -122.07583, 37.54216 ], [ -122.07583, 37.54214 ], [ -122.07578, 37.54216 ], [ -122.07583, 37.54216 ] ], [ [ -122.07589, 37.54219 ], [ -122.07589, 37.54216 ], [ -122.07583, 37.54216 ], [ -122.07589, 37.54219 ] ], [ [ -122.07583, 37.54222 ], [ -122.07583, 37.54219 ], [ -122.07575, 37.54222 ], [ -122.07583, 37.54222 ] ], [ [ -122.0757, 37.54224 ], [ -122.07575, 37.54224 ], [ -122.07575, 37.54222 ], [ -122.0757, 37.54224 ] ], [ [ -122.0757, 37.54219 ], [ -122.07575, 37.54219 ], [ -122.0757, 37.54216 ], [ -122.0757, 37.54219 ] ], [ [ -122.07047, 37.54313 ], [ -122.07066, 37.54313 ], [ -122.07071, 37.54316 ], [ -122.07066, 37.54308 ], [ -122.07047, 37.54313 ] ], [ [ -122.0729, 37.54257 ], [ -122.07284, 37.54257 ], [ -122.0729, 37.54259 ], [ -122.0729, 37.54257 ] ], [ [ -122.07284, 37.54262 ], [ -122.07284, 37.54259 ], [ -122.07276, 37.54262 ], [ -122.07284, 37.54262 ] ], [ [ -122.07268, 37.54265 ], [ -122.07276, 37.54265 ], [ -122.07276, 37.54262 ], [ -122.07268, 37.54265 ] ], [ [ -122.07255, 37.5427 ], [ -122.07268, 37.54268 ], [ -122.07268, 37.54265 ], [ -122.07255, 37.5427 ] ], [ [ -122.07241, 37.54276 ], [ -122.07255, 37.54273 ], [ -122.07255, 37.5427 ], [ -122.07241, 37.54276 ] ], [ [ -122.07236, 37.54278 ], [ -122.07241, 37.54278 ], [ -122.07241, 37.54276 ], [ -122.07236, 37.54278 ] ], [ [ -122.07009, 37.54335 ], [ -122.07009, 37.54373 ], [ -122.07028, 37.5434 ], [ -122.07023, 37.54332 ], [ -122.07009, 37.54335 ] ], [ [ -122.07292, 37.54257 ], [ -122.07379, 37.54224 ], [ -122.07309, 37.54246 ], [ -122.07292, 37.54257 ] ], [ [ -122.07217, 37.54295 ], [ -122.0722, 37.54284 ], [ -122.07193, 37.54295 ], [ -122.07217, 37.54295 ] ], [ [ -122.07185, 37.54297 ], [ -122.07193, 37.54297 ], [ -122.07193, 37.54295 ], [ -122.07185, 37.54297 ] ], [ [ -122.07144, 37.54313 ], [ -122.07185, 37.543 ], [ -122.07144, 37.54311 ], [ -122.07144, 37.54313 ] ], [ [ -122.07141, 37.54319 ], [ -122.07136, 37.54303 ], [ -122.07136, 37.54316 ], [ -122.07115, 37.54324 ], [ -122.07141, 37.54319 ] ], [ [ -122.07106, 37.54327 ], [ -122.07115, 37.54327 ], [ -122.07115, 37.54324 ], [ -122.07106, 37.54327 ] ] ], [ [ [ -122.07298, 37.54149 ], [ -122.07371, 37.54187 ], [ -122.07112, 37.54286 ], [ -122.06953, 37.54233 ], [ -122.06923, 37.54216 ], [ -122.06894, 37.54146 ], [ -122.06942, 37.54012 ], [ -122.07298, 37.54149 ] ] ], [ [ [ -122.06567, 37.54203 ], [ -122.06654, 37.5413 ], [ -122.06683, 37.54184 ], [ -122.06567, 37.54203 ] ] ], [ [ [ -122.07842, 37.54149 ], [ -122.07829, 37.54176 ], [ -122.07699, 37.54233 ], [ -122.07672, 37.54233 ], [ -122.07645, 37.54203 ], [ -122.07689, 37.54136 ], [ -122.07753, 37.5413 ], [ -122.07842, 37.54149 ] ] ], [ [ [ -122.07888, 37.542 ], [ -122.07866, 37.54214 ], [ -122.07707, 37.54273 ], [ -122.07675, 37.54246 ], [ -122.07796, 37.54203 ], [ -122.07856, 37.5416 ], [ -122.07875, 37.54162 ], [ -122.07888, 37.542 ] ] ], [ [ [ -122.08979, 37.5478 ], [ -122.08971, 37.54869 ], [ -122.08923, 37.54914 ], [ -122.08643, 37.54963 ], [ -122.08532, 37.55009 ], [ -122.08513, 37.55068 ], [ -122.08513, 37.55146 ], [ -122.0847, 37.55168 ], [ -122.08408, 37.5517 ], [ -122.08223, 37.55138 ], [ -122.08411, 37.55178 ], [ -122.08605, 37.55192 ], [ -122.08648, 37.55216 ], [ -122.08718, 37.55232 ], [ -122.0881, 37.55286 ], [ -122.0888, 37.55359 ], [ -122.09147, 37.5541 ], [ -122.09157, 37.55432 ], [ -122.09184, 37.5544 ], [ -122.09238, 37.55537 ], [ -122.09292, 37.55591 ], [ -122.09306, 37.55591 ], [ -122.09332, 37.55661 ], [ -122.0937, 37.55669 ], [ -122.09314, 37.55669 ], [ -122.09311, 37.55723 ], [ -122.09187, 37.55653 ], [ -122.0906, 37.55637 ], [ -122.09041, 37.5565 ], [ -122.09036, 37.5568 ], [ -122.09017, 37.55688 ], [ -122.08842, 37.55691 ], [ -122.08872, 37.55691 ], [ -122.08866, 37.55704 ], [ -122.08912, 37.55747 ], [ -122.08971, 37.55761 ], [ -122.08969, 37.55742 ], [ -122.08917, 37.55693 ], [ -122.09036, 37.55699 ], [ -122.09063, 37.55785 ], [ -122.09101, 37.55833 ], [ -122.09157, 37.55863 ], [ -122.0926, 37.55879 ], [ -122.09292, 37.55903 ], [ -122.0933, 37.56014 ], [ -122.09362, 37.56046 ], [ -122.09354, 37.56081 ], [ -122.0937, 37.56057 ], [ -122.09491, 37.56135 ], [ -122.09524, 37.5617 ], [ -122.0951, 37.56235 ], [ -122.09537, 37.56254 ], [ -122.09583, 37.56259 ], [ -122.09599, 37.56275 ], [ -122.09244, 37.56168 ], [ -122.08936, 37.56132 ], [ -122.08912, 37.56116 ], [ -122.08855, 37.56124 ], [ -122.08667, 37.56103 ], [ -122.08667, 37.56089 ], [ -122.08618, 37.56079 ], [ -122.08589, 37.56081 ], [ -122.08605, 37.56095 ], [ -122.08537, 37.56089 ], [ -122.08497, 37.56084 ], [ -122.08497, 37.56076 ], [ -122.0847, 37.56081 ], [ -122.08465, 37.56068 ], [ -122.08459, 37.56079 ], [ -122.08432, 37.56076 ], [ -122.08419, 37.5606 ], [ -122.08389, 37.56068 ], [ -122.08384, 37.56057 ], [ -122.08349, 37.56052 ], [ -122.08047, 37.56049 ], [ -122.0767, 37.561 ], [ -122.07654, 37.56114 ], [ -122.07618, 37.56116 ], [ -122.07608, 37.56106 ], [ -122.07581, 37.56114 ], [ -122.07581, 37.56124 ], [ -122.07557, 37.56114 ], [ -122.07478, 37.56146 ], [ -122.06939, 37.56289 ], [ -122.06823, 37.56353 ], [ -122.06681, 37.56456 ], [ -122.06716, 37.56407 ], [ -122.06829, 37.56324 ], [ -122.06945, 37.56265 ], [ -122.07441, 37.56119 ], [ -122.07505, 37.56114 ], [ -122.07648, 37.56073 ], [ -122.07548, 37.5607 ], [ -122.07581, 37.56079 ], [ -122.07554, 37.56095 ], [ -122.07532, 37.56081 ], [ -122.075, 37.56081 ], [ -122.07459, 37.56108 ], [ -122.07379, 37.5613 ], [ -122.07346, 37.56127 ], [ -122.07344, 37.56114 ], [ -122.07303, 37.56114 ], [ -122.0726, 37.56165 ], [ -122.06899, 37.5627 ], [ -122.0691, 37.56259 ], [ -122.06902, 37.56251 ], [ -122.06921, 37.56243 ], [ -122.0691, 37.56224 ], [ -122.06926, 37.56232 ], [ -122.06912, 37.56203 ], [ -122.06934, 37.56208 ], [ -122.0695, 37.56181 ], [ -122.06966, 37.56189 ], [ -122.06982, 37.56141 ], [ -122.07009, 37.56127 ], [ -122.07018, 37.56097 ], [ -122.07063, 37.56052 ], [ -122.07053, 37.56035 ], [ -122.07085, 37.56033 ], [ -122.0716, 37.56068 ], [ -122.07168, 37.5606 ], [ -122.07147, 37.56054 ], [ -122.07128, 37.56022 ], [ -122.07115, 37.56025 ], [ -122.07128, 37.56044 ], [ -122.07115, 37.56041 ], [ -122.07088, 37.56006 ], [ -122.07109, 37.56017 ], [ -122.0712, 37.56011 ], [ -122.07063, 37.55949 ], [ -122.07028, 37.55936 ], [ -122.07036, 37.5582 ], [ -122.07058, 37.55779 ], [ -122.0709, 37.55755 ], [ -122.0708, 37.55731 ], [ -122.07023, 37.55704 ], [ -122.06926, 37.55701 ], [ -122.06888, 37.55717 ], [ -122.06826, 37.55782 ], [ -122.06791, 37.55766 ], [ -122.06834, 37.55761 ], [ -122.06845, 37.55734 ], [ -122.06896, 37.55688 ], [ -122.06988, 37.55685 ], [ -122.07066, 37.55701 ], [ -122.07123, 37.5575 ], [ -122.07112, 37.55777 ], [ -122.0708, 37.55801 ], [ -122.07069, 37.55836 ], [ -122.07074, 37.55858 ], [ -122.0708, 37.55825 ], [ -122.0709, 37.55809 ], [ -122.07104, 37.55812 ], [ -122.07098, 37.55855 ], [ -122.07088, 37.55852 ], [ -122.07096, 37.55882 ], [ -122.07085, 37.55887 ], [ -122.07104, 37.55887 ], [ -122.07115, 37.5586 ], [ -122.07125, 37.55868 ], [ -122.07128, 37.5586 ], [ -122.07131, 37.55882 ], [ -122.07104, 37.55901 ], [ -122.07106, 37.55914 ], [ -122.07117, 37.55909 ], [ -122.07104, 37.55947 ], [ -122.07136, 37.55982 ], [ -122.07141, 37.55968 ], [ -122.07179, 37.55973 ], [ -122.07171, 37.55965 ], [ -122.07185, 37.55955 ], [ -122.07174, 37.55949 ], [ -122.07166, 37.55963 ], [ -122.07166, 37.55944 ], [ -122.07201, 37.5593 ], [ -122.07185, 37.55928 ], [ -122.07193, 37.55911 ], [ -122.07182, 37.55911 ], [ -122.07182, 37.55901 ], [ -122.07193, 37.55893 ], [ -122.07179, 37.55898 ], [ -122.07174, 37.55887 ], [ -122.07179, 37.55876 ], [ -122.07187, 37.55879 ], [ -122.0719, 37.55847 ], [ -122.07209, 37.5585 ], [ -122.07201, 37.55844 ], [ -122.07198, 37.55831 ], [ -122.07217, 37.55831 ], [ -122.07225, 37.55779 ], [ -122.07325, 37.55731 ], [ -122.07317, 37.55704 ], [ -122.07341, 37.55691 ], [ -122.07317, 37.55693 ], [ -122.07344, 37.55655 ], [ -122.07325, 37.55645 ], [ -122.07336, 37.55631 ], [ -122.07317, 37.55602 ], [ -122.07322, 37.55583 ], [ -122.07346, 37.55599 ], [ -122.07346, 37.55626 ], [ -122.07376, 37.55661 ], [ -122.07365, 37.55669 ], [ -122.07379, 37.55666 ], [ -122.07365, 37.55677 ], [ -122.07395, 37.55685 ], [ -122.07406, 37.55704 ], [ -122.0743, 37.55704 ], [ -122.07433, 37.55691 ], [ -122.07546, 37.55744 ], [ -122.07597, 37.55752 ], [ -122.07602, 37.55742 ], [ -122.07594, 37.55723 ], [ -122.07508, 37.5568 ], [ -122.0753, 37.55658 ], [ -122.07492, 37.55669 ], [ -122.07484, 37.55629 ], [ -122.07462, 37.55626 ], [ -122.07465, 37.55618 ], [ -122.07486, 37.5562 ], [ -122.07476, 37.55593 ], [ -122.07508, 37.55567 ], [ -122.07486, 37.55572 ], [ -122.07478, 37.55564 ], [ -122.07462, 37.5558 ], [ -122.07457, 37.55567 ], [ -122.07478, 37.55553 ], [ -122.07492, 37.55561 ], [ -122.07492, 37.55542 ], [ -122.07513, 37.55532 ], [ -122.07511, 37.55513 ], [ -122.07481, 37.55496 ], [ -122.07416, 37.55518 ], [ -122.07433, 37.5551 ], [ -122.07427, 37.55494 ], [ -122.07349, 37.55521 ], [ -122.07341, 37.55472 ], [ -122.07635, 37.55359 ], [ -122.07689, 37.55348 ], [ -122.07705, 37.55367 ], [ -122.07691, 37.55346 ], [ -122.07726, 37.55329 ], [ -122.07724, 37.55313 ], [ -122.0791, 37.55243 ], [ -122.07955, 37.552 ], [ -122.08009, 37.55173 ], [ -122.08109, 37.55138 ], [ -122.08194, 37.55133 ], [ -122.08131, 37.55122 ], [ -122.0798, 37.55178 ], [ -122.07888, 37.55246 ], [ -122.07686, 37.55324 ], [ -122.07648, 37.55321 ], [ -122.07629, 37.55343 ], [ -122.07594, 37.55348 ], [ -122.07532, 37.55381 ], [ -122.07354, 37.55432 ], [ -122.07368, 37.55405 ], [ -122.07352, 37.55351 ], [ -122.07341, 37.55354 ], [ -122.07322, 37.5534 ], [ -122.0733, 37.55335 ], [ -122.07341, 37.55346 ], [ -122.07349, 37.55337 ], [ -122.07333, 37.55332 ], [ -122.07346, 37.553 ], [ -122.07322, 37.55305 ], [ -122.07336, 37.55292 ], [ -122.07333, 37.55284 ], [ -122.07322, 37.55289 ], [ -122.07333, 37.55265 ], [ -122.07317, 37.55275 ], [ -122.07309, 37.55262 ], [ -122.07317, 37.55249 ], [ -122.07292, 37.55246 ], [ -122.07322, 37.55238 ], [ -122.07287, 37.55181 ], [ -122.07311, 37.55162 ], [ -122.07274, 37.5516 ], [ -122.07252, 37.5517 ], [ -122.07241, 37.55168 ], [ -122.07236, 37.55173 ], [ -122.0722, 37.55168 ], [ -122.07209, 37.55176 ], [ -122.07177, 37.5513 ], [ -122.07166, 37.55079 ], [ -122.07147, 37.55063 ], [ -122.07141, 37.55071 ], [ -122.07136, 37.5506 ], [ -122.07117, 37.55065 ], [ -122.07106, 37.55052 ], [ -122.07179, 37.55019 ], [ -122.07206, 37.55019 ], [ -122.07206, 37.55028 ], [ -122.07325, 37.55057 ], [ -122.07414, 37.55044 ], [ -122.07513, 37.54971 ], [ -122.07567, 37.54877 ], [ -122.07659, 37.54844 ], [ -122.07664, 37.54831 ], [ -122.0764, 37.54831 ], [ -122.07559, 37.54869 ], [ -122.075, 37.54968 ], [ -122.07414, 37.55033 ], [ -122.07309, 37.55046 ], [ -122.07212, 37.55009 ], [ -122.07168, 37.55006 ], [ -122.07034, 37.55057 ], [ -122.06974, 37.55068 ], [ -122.06977, 37.55055 ], [ -122.07042, 37.55017 ], [ -122.07618, 37.54801 ], [ -122.07613, 37.54785 ], [ -122.07594, 37.54785 ], [ -122.07583, 37.54807 ], [ -122.07144, 37.54966 ], [ -122.07209, 37.54936 ], [ -122.07206, 37.54925 ], [ -122.07222, 37.54931 ], [ -122.07247, 37.54906 ], [ -122.07236, 37.54893 ], [ -122.07212, 37.54909 ], [ -122.07201, 37.54901 ], [ -122.07222, 37.54879 ], [ -122.07193, 37.54828 ], [ -122.07195, 37.54858 ], [ -122.07141, 37.54882 ], [ -122.07104, 37.54879 ], [ -122.07085, 37.54828 ], [ -122.07101, 37.54807 ], [ -122.0712, 37.54804 ], [ -122.07109, 37.5479 ], [ -122.07123, 37.54785 ], [ -122.07058, 37.54804 ], [ -122.07085, 37.54777 ], [ -122.07039, 37.54785 ], [ -122.07031, 37.54777 ], [ -122.07026, 37.54736 ], [ -122.07034, 37.54731 ], [ -122.07023, 37.54734 ], [ -122.07018, 37.5472 ], [ -122.07028, 37.54639 ], [ -122.07018, 37.54639 ], [ -122.07007, 37.54575 ], [ -122.07018, 37.54551 ], [ -122.07856, 37.54233 ], [ -122.0792, 37.54214 ], [ -122.0799, 37.54246 ], [ -122.08039, 37.54292 ], [ -122.08236, 37.54324 ], [ -122.08295, 37.5437 ], [ -122.08295, 37.54389 ], [ -122.08314, 37.54392 ], [ -122.08349, 37.54475 ], [ -122.08467, 37.54524 ], [ -122.08481, 37.54607 ], [ -122.08546, 37.54672 ], [ -122.08713, 37.5472 ], [ -122.08845, 37.54707 ], [ -122.08896, 37.54728 ], [ -122.08947, 37.54734 ], [ -122.08952, 37.54761 ], [ -122.08979, 37.5478 ] ], [ [ -122.07707, 37.5537 ], [ -122.07707, 37.55367 ], [ -122.07705, 37.55367 ], [ -122.07707, 37.5537 ] ], [ [ -122.08465, 37.5454 ], [ -122.08467, 37.5454 ], [ -122.08465, 37.54537 ], [ -122.08465, 37.5454 ] ], [ [ -122.07416, 37.55408 ], [ -122.07416, 37.5541 ], [ -122.07422, 37.55408 ], [ -122.07416, 37.55408 ] ], [ [ -122.07344, 37.55351 ], [ -122.07346, 37.55351 ], [ -122.07344, 37.55348 ], [ -122.07344, 37.55351 ] ], [ [ -122.07249, 37.55168 ], [ -122.07252, 37.55168 ], [ -122.07249, 37.55165 ], [ -122.07249, 37.55168 ] ], [ [ -122.0719, 37.54847 ], [ -122.0719, 37.54844 ], [ -122.07187, 37.54847 ], [ -122.0719, 37.54847 ] ], [ [ -122.0715, 37.54793 ], [ -122.07136, 37.5478 ], [ -122.07125, 37.54796 ], [ -122.0715, 37.54793 ] ], [ [ -122.07144, 37.54777 ], [ -122.07136, 37.54777 ], [ -122.07136, 37.5478 ], [ -122.07144, 37.54777 ] ], [ [ -122.07152, 37.54774 ], [ -122.07144, 37.54774 ], [ -122.07144, 37.54777 ], [ -122.07152, 37.54774 ] ], [ [ -122.07074, 37.54796 ], [ -122.07082, 37.54788 ], [ -122.07074, 37.5479 ], [ -122.07074, 37.54796 ] ], [ [ -122.07034, 37.54758 ], [ -122.07031, 37.54758 ], [ -122.07034, 37.54761 ], [ -122.07034, 37.54758 ] ], [ [ -122.07031, 37.54739 ], [ -122.07031, 37.54745 ], [ -122.07039, 37.54739 ], [ -122.07031, 37.54739 ] ], [ [ -122.08454, 37.54518 ], [ -122.08451, 37.54518 ], [ -122.08454, 37.54521 ], [ -122.08454, 37.54518 ] ], [ [ -122.08462, 37.54529 ], [ -122.08462, 37.54524 ], [ -122.08454, 37.54521 ], [ -122.08462, 37.54529 ] ], [ [ -122.07039, 37.54588 ], [ -122.07042, 37.54588 ], [ -122.07039, 37.54586 ], [ -122.07039, 37.54588 ] ], [ [ -122.07042, 37.54728 ], [ -122.07044, 37.54728 ], [ -122.07042, 37.54726 ], [ -122.07042, 37.54728 ] ], [ [ -122.07212, 37.54898 ], [ -122.07214, 37.54898 ], [ -122.07212, 37.54895 ], [ -122.07212, 37.54898 ] ], [ [ -122.07047, 37.54763 ], [ -122.0705, 37.54763 ], [ -122.07047, 37.54761 ], [ -122.07047, 37.54763 ] ], [ [ -122.07327, 37.55257 ], [ -122.0733, 37.55257 ], [ -122.07327, 37.55254 ], [ -122.07327, 37.55257 ] ], [ [ -122.07152, 37.54809 ], [ -122.07155, 37.54809 ], [ -122.07152, 37.54807 ], [ -122.07152, 37.54809 ] ], [ [ -122.07155, 37.54774 ], [ -122.07158, 37.54774 ], [ -122.07155, 37.54772 ], [ -122.07155, 37.54774 ] ], [ [ -122.07044, 37.54769 ], [ -122.07047, 37.54769 ], [ -122.07044, 37.54766 ], [ -122.07044, 37.54769 ] ], [ [ -122.07737, 37.54774 ], [ -122.0774, 37.54774 ], [ -122.07737, 37.54772 ], [ -122.07737, 37.54774 ] ], [ [ -122.07028, 37.54631 ], [ -122.07031, 37.54631 ], [ -122.07028, 37.54629 ], [ -122.07028, 37.54631 ] ], [ [ -122.07319, 37.55267 ], [ -122.07322, 37.55267 ], [ -122.07319, 37.55265 ], [ -122.07319, 37.55267 ] ], [ [ -122.07023, 37.54631 ], [ -122.07026, 37.54631 ], [ -122.07023, 37.54629 ], [ -122.07023, 37.54631 ] ], [ [ -122.07912, 37.54295 ], [ -122.07915, 37.54295 ], [ -122.07912, 37.54292 ], [ -122.07912, 37.54295 ] ], [ [ -122.07346, 37.55313 ], [ -122.07349, 37.55313 ], [ -122.07346, 37.55311 ], [ -122.07346, 37.55313 ] ], [ [ -122.07338, 37.5527 ], [ -122.07341, 37.5527 ], [ -122.07338, 37.55267 ], [ -122.07338, 37.5527 ] ], [ [ -122.07055, 37.54723 ], [ -122.07058, 37.54723 ], [ -122.07055, 37.5472 ], [ -122.07055, 37.54723 ] ], [ [ -122.07185, 37.5482 ], [ -122.07187, 37.5482 ], [ -122.07185, 37.54817 ], [ -122.07185, 37.5482 ] ], [ [ -122.07891, 37.54278 ], [ -122.07893, 37.54278 ], [ -122.07891, 37.54276 ], [ -122.07891, 37.54278 ] ], [ [ -122.07284, 37.54772 ], [ -122.07287, 37.54772 ], [ -122.07284, 37.54769 ], [ -122.07284, 37.54772 ] ], [ [ -122.08066, 37.54303 ], [ -122.08069, 37.54303 ], [ -122.08066, 37.543 ], [ -122.08066, 37.54303 ] ], [ [ -122.07263, 37.54734 ], [ -122.07268, 37.54734 ], [ -122.07263, 37.54731 ], [ -122.07263, 37.54734 ] ], [ [ -122.07333, 37.55251 ], [ -122.07338, 37.55251 ], [ -122.07333, 37.55249 ], [ -122.07333, 37.55251 ] ], [ [ -122.07282, 37.54863 ], [ -122.07287, 37.54863 ], [ -122.07282, 37.5486 ], [ -122.07282, 37.54863 ] ], [ [ -122.07317, 37.55259 ], [ -122.07319, 37.55259 ], [ -122.07317, 37.55254 ], [ -122.07317, 37.55259 ] ], [ [ -122.08184, 37.5448 ], [ -122.08182, 37.5448 ], [ -122.08184, 37.54483 ], [ -122.08184, 37.5448 ] ], [ [ -122.08182, 37.54486 ], [ -122.08182, 37.54483 ], [ -122.08179, 37.54486 ], [ -122.08182, 37.54486 ] ], [ [ -122.08198, 37.54467 ], [ -122.08195, 37.54467 ], [ -122.08198, 37.5447 ], [ -122.08198, 37.54467 ] ], [ [ -122.08195, 37.54472 ], [ -122.08195, 37.5447 ], [ -122.08193, 37.54472 ], [ -122.08195, 37.54472 ] ], [ [ -122.07751, 37.54666 ], [ -122.07748, 37.54666 ], [ -122.07751, 37.54669 ], [ -122.07751, 37.54666 ] ], [ [ -122.07748, 37.54672 ], [ -122.07748, 37.54669 ], [ -122.07745, 37.54672 ], [ -122.07748, 37.54672 ] ], [ [ -122.07047, 37.54755 ], [ -122.07053, 37.54755 ], [ -122.07047, 37.54753 ], [ -122.07047, 37.54755 ] ], [ [ -122.07368, 37.55402 ], [ -122.07373, 37.55402 ], [ -122.07368, 37.55399 ], [ -122.07368, 37.55402 ] ], [ [ -122.07047, 37.54747 ], [ -122.07053, 37.54745 ], [ -122.07047, 37.54742 ], [ -122.07047, 37.54747 ] ], [ [ -122.07904, 37.54278 ], [ -122.07899, 37.54278 ], [ -122.07904, 37.54281 ], [ -122.07904, 37.54278 ] ], [ [ -122.07899, 37.54284 ], [ -122.07899, 37.54281 ], [ -122.07896, 37.54284 ], [ -122.07899, 37.54284 ] ], [ [ -122.07131, 37.55055 ], [ -122.07136, 37.55055 ], [ -122.07131, 37.55049 ], [ -122.07131, 37.55055 ] ], [ [ -122.07055, 37.54772 ], [ -122.07063, 37.54772 ], [ -122.07055, 37.54769 ], [ -122.07055, 37.54772 ] ], [ [ -122.0719, 37.55025 ], [ -122.07201, 37.55025 ], [ -122.0719, 37.55022 ], [ -122.0719, 37.55025 ] ], [ [ -122.0702, 37.5458 ], [ -122.07026, 37.5458 ], [ -122.0702, 37.54575 ], [ -122.0702, 37.5458 ] ], [ [ -122.07381, 37.55405 ], [ -122.07379, 37.55405 ], [ -122.07381, 37.55413 ], [ -122.07381, 37.55405 ] ], [ [ -122.08168, 37.54494 ], [ -122.08166, 37.54494 ], [ -122.08168, 37.54497 ], [ -122.08168, 37.54494 ] ], [ [ -122.08166, 37.54499 ], [ -122.08166, 37.54497 ], [ -122.08163, 37.54499 ], [ -122.08166, 37.54499 ] ], [ [ -122.08157, 37.54505 ], [ -122.0816, 37.54505 ], [ -122.08163, 37.54499 ], [ -122.08157, 37.54505 ] ], [ [ -122.08155, 37.54507 ], [ -122.08157, 37.54507 ], [ -122.08157, 37.54505 ], [ -122.08155, 37.54507 ] ], [ [ -122.08152, 37.5451 ], [ -122.08155, 37.5451 ], [ -122.08155, 37.54507 ], [ -122.08152, 37.5451 ] ], [ [ -122.07166, 37.54769 ], [ -122.07174, 37.54769 ], [ -122.07171, 37.54763 ], [ -122.07166, 37.54769 ] ], [ [ -122.0716, 37.54772 ], [ -122.07166, 37.54772 ], [ -122.07166, 37.54769 ], [ -122.0716, 37.54772 ] ], [ [ -122.07034, 37.54559 ], [ -122.07023, 37.54559 ], [ -122.07031, 37.54564 ], [ -122.07034, 37.54559 ] ], [ [ -122.07058, 37.54731 ], [ -122.07055, 37.54731 ], [ -122.07055, 37.54739 ], [ -122.07058, 37.54731 ] ], [ [ -122.07047, 37.54734 ], [ -122.07053, 37.54734 ], [ -122.07047, 37.54728 ], [ -122.07047, 37.54734 ] ], [ [ -122.0716, 37.54777 ], [ -122.07168, 37.54796 ], [ -122.07163, 37.54777 ], [ -122.0716, 37.54777 ] ], [ [ -122.07179, 37.54812 ], [ -122.07179, 37.54809 ], [ -122.07177, 37.54812 ], [ -122.07179, 37.54812 ] ], [ [ -122.07158, 37.54812 ], [ -122.07177, 37.54809 ], [ -122.07163, 37.54798 ], [ -122.07158, 37.54812 ] ], [ [ -122.08149, 37.5451 ], [ -122.08147, 37.5451 ], [ -122.08149, 37.54513 ], [ -122.08149, 37.5451 ] ], [ [ -122.08147, 37.54516 ], [ -122.08147, 37.54513 ], [ -122.08144, 37.54516 ], [ -122.08147, 37.54516 ] ], [ [ -122.08141, 37.54518 ], [ -122.08144, 37.54518 ], [ -122.08144, 37.54516 ], [ -122.08141, 37.54518 ] ], [ [ -122.08136, 37.54524 ], [ -122.08141, 37.54524 ], [ -122.08136, 37.54521 ], [ -122.08136, 37.54524 ] ], [ [ -122.08131, 37.54529 ], [ -122.08133, 37.54529 ], [ -122.08136, 37.54524 ], [ -122.08131, 37.54529 ] ], [ [ -122.08096, 37.54561 ], [ -122.08131, 37.54532 ], [ -122.08096, 37.54556 ], [ -122.08096, 37.54561 ] ], [ [ -122.08069, 37.54586 ], [ -122.08096, 37.54564 ], [ -122.08069, 37.54583 ], [ -122.08069, 37.54586 ] ], [ [ -122.08066, 37.54588 ], [ -122.08069, 37.54588 ], [ -122.08069, 37.54586 ], [ -122.08066, 37.54588 ] ], [ [ -122.08063, 37.54591 ], [ -122.08066, 37.54591 ], [ -122.08066, 37.54588 ], [ -122.08063, 37.54591 ] ], [ [ -122.08047, 37.54604 ], [ -122.08063, 37.54594 ], [ -122.08047, 37.54602 ], [ -122.08047, 37.54604 ] ], [ [ -122.08036, 37.54615 ], [ -122.08047, 37.5461 ], [ -122.08044, 37.54607 ], [ -122.08036, 37.54615 ] ], [ [ -122.08034, 37.54618 ], [ -122.08036, 37.54618 ], [ -122.08036, 37.54615 ], [ -122.08034, 37.54618 ] ], [ [ -122.08031, 37.54621 ], [ -122.08034, 37.54621 ], [ -122.08034, 37.54618 ], [ -122.08031, 37.54621 ] ], [ [ -122.08028, 37.54623 ], [ -122.08031, 37.54623 ], [ -122.08031, 37.54621 ], [ -122.08028, 37.54623 ] ], [ [ -122.08023, 37.54626 ], [ -122.08028, 37.54626 ], [ -122.08028, 37.54623 ], [ -122.08023, 37.54626 ] ], [ [ -122.0802, 37.54629 ], [ -122.08023, 37.54629 ], [ -122.08023, 37.54626 ], [ -122.0802, 37.54629 ] ], [ [ -122.08012, 37.54637 ], [ -122.0802, 37.54634 ], [ -122.08012, 37.54634 ], [ -122.08012, 37.54637 ] ], [ [ -122.07236, 37.54885 ], [ -122.07252, 37.54887 ], [ -122.07263, 37.54863 ], [ -122.0723, 37.54866 ], [ -122.07236, 37.54885 ] ], [ [ -122.07198, 37.54995 ], [ -122.0729, 37.54995 ], [ -122.07389, 37.54939 ], [ -122.07489, 37.5492 ], [ -122.07524, 37.54874 ], [ -122.07265, 37.54963 ], [ -122.07198, 37.54995 ] ], [ [ -122.0933, 37.55658 ], [ -122.0933, 37.55655 ], [ -122.09324, 37.55658 ], [ -122.0933, 37.55658 ] ], [ [ -122.08521, 37.56073 ], [ -122.08516, 37.56081 ], [ -122.08521, 37.56079 ], [ -122.08521, 37.56073 ] ], [ [ -122.08513, 37.56076 ], [ -122.08516, 37.56076 ], [ -122.08513, 37.56073 ], [ -122.08513, 37.56076 ] ], [ [ -122.07026, 37.56265 ], [ -122.07028, 37.56265 ], [ -122.07026, 37.56262 ], [ -122.07026, 37.56265 ] ], [ [ -122.0702, 37.56106 ], [ -122.07018, 37.56106 ], [ -122.0702, 37.56108 ], [ -122.0702, 37.56106 ] ], [ [ -122.07023, 37.56103 ], [ -122.0702, 37.56103 ], [ -122.0702, 37.56106 ], [ -122.07023, 37.56103 ] ], [ [ -122.07069, 37.55858 ], [ -122.07061, 37.55879 ], [ -122.07063, 37.55898 ], [ -122.07069, 37.55898 ], [ -122.07069, 37.55858 ] ], [ [ -122.07096, 37.5585 ], [ -122.07096, 37.55844 ], [ -122.0709, 37.55847 ], [ -122.07096, 37.5585 ] ], [ [ -122.07125, 37.55882 ], [ -122.07128, 37.55882 ], [ -122.07125, 37.55879 ], [ -122.07125, 37.55882 ] ], [ [ -122.07155, 37.56 ], [ -122.0715, 37.55982 ], [ -122.07144, 37.5599 ], [ -122.07155, 37.56 ] ], [ [ -122.0716, 37.55998 ], [ -122.07158, 37.55998 ], [ -122.0716, 37.56006 ], [ -122.0716, 37.55998 ] ], [ [ -122.07193, 37.5603 ], [ -122.07166, 37.56006 ], [ -122.07177, 37.56025 ], [ -122.07193, 37.5603 ] ], [ [ -122.07152, 37.55982 ], [ -122.07152, 37.55987 ], [ -122.07163, 37.55979 ], [ -122.07152, 37.55982 ] ], [ [ -122.07171, 37.5599 ], [ -122.07168, 37.55984 ], [ -122.07166, 37.5599 ], [ -122.07171, 37.5599 ] ], [ [ -122.0716, 37.55992 ], [ -122.07166, 37.55992 ], [ -122.07166, 37.5599 ], [ -122.0716, 37.55992 ] ], [ [ -122.07185, 37.55995 ], [ -122.07185, 37.5599 ], [ -122.07174, 37.55998 ], [ -122.07185, 37.55995 ] ], [ [ -122.07198, 37.55914 ], [ -122.07193, 37.55914 ], [ -122.07198, 37.55917 ], [ -122.07198, 37.55914 ] ], [ [ -122.0719, 37.55901 ], [ -122.07187, 37.55901 ], [ -122.07193, 37.55909 ], [ -122.0719, 37.55901 ] ], [ [ -122.07185, 37.55882 ], [ -122.07179, 37.55882 ], [ -122.07185, 37.55887 ], [ -122.07185, 37.55882 ] ], [ [ -122.07201, 37.55833 ], [ -122.07201, 37.55836 ], [ -122.07206, 37.55833 ], [ -122.07201, 37.55833 ] ], [ [ -122.07228, 37.55793 ], [ -122.07225, 37.55793 ], [ -122.07228, 37.55796 ], [ -122.07228, 37.55793 ] ], [ [ -122.07247, 37.55793 ], [ -122.0723, 37.55793 ], [ -122.07236, 37.55804 ], [ -122.07247, 37.55793 ] ], [ [ -122.07325, 37.55726 ], [ -122.07325, 37.55728 ], [ -122.07327, 37.55726 ], [ -122.07325, 37.55726 ] ], [ [ -122.07341, 37.55685 ], [ -122.07341, 37.55688 ], [ -122.07349, 37.55685 ], [ -122.07341, 37.55685 ] ], [ [ -122.07362, 37.55666 ], [ -122.07365, 37.55666 ], [ -122.07362, 37.55664 ], [ -122.07362, 37.55666 ] ], [ [ -122.07521, 37.55672 ], [ -122.07519, 37.55672 ], [ -122.07521, 37.55677 ], [ -122.07521, 37.55672 ] ], [ [ -122.09182, 37.55451 ], [ -122.09182, 37.55448 ], [ -122.09179, 37.55451 ], [ -122.09182, 37.55451 ] ], [ [ -122.08104, 37.55585 ], [ -122.08106, 37.55585 ], [ -122.08104, 37.55583 ], [ -122.08104, 37.55585 ] ], [ [ -122.07635, 37.55909 ], [ -122.07637, 37.55909 ], [ -122.07635, 37.55906 ], [ -122.07635, 37.55909 ] ], [ [ -122.07018, 37.56116 ], [ -122.0702, 37.56116 ], [ -122.07018, 37.56114 ], [ -122.07018, 37.56116 ] ], [ [ -122.08117, 37.55655 ], [ -122.0812, 37.55655 ], [ -122.08117, 37.55653 ], [ -122.08117, 37.55655 ] ], [ [ -122.07524, 37.5547 ], [ -122.07527, 37.5547 ], [ -122.07524, 37.55467 ], [ -122.07524, 37.5547 ] ], [ [ -122.08281, 37.55674 ], [ -122.08284, 37.55674 ], [ -122.08281, 37.55672 ], [ -122.08281, 37.55674 ] ], [ [ -122.07659, 37.55604 ], [ -122.07662, 37.55604 ], [ -122.07659, 37.55602 ], [ -122.07659, 37.55604 ] ], [ [ -122.07659, 37.55626 ], [ -122.07662, 37.55626 ], [ -122.07659, 37.55623 ], [ -122.07659, 37.55626 ] ], [ [ -122.08505, 37.56022 ], [ -122.08508, 37.56022 ], [ -122.08505, 37.56019 ], [ -122.08505, 37.56022 ] ], [ [ -122.08047, 37.55515 ], [ -122.0805, 37.55515 ], [ -122.08047, 37.55513 ], [ -122.08047, 37.55515 ] ], [ [ -122.07511, 37.55486 ], [ -122.07513, 37.55486 ], [ -122.07511, 37.55483 ], [ -122.07511, 37.55486 ] ], [ [ -122.08133, 37.55634 ], [ -122.08136, 37.55634 ], [ -122.08133, 37.55631 ], [ -122.08133, 37.55634 ] ], [ [ -122.07815, 37.55556 ], [ -122.07818, 37.55556 ], [ -122.07815, 37.55553 ], [ -122.07815, 37.55556 ] ], [ [ -122.07645, 37.55639 ], [ -122.07648, 37.55639 ], [ -122.07645, 37.55637 ], [ -122.07645, 37.55639 ] ], [ [ -122.07495, 37.55494 ], [ -122.07497, 37.55494 ], [ -122.07495, 37.55491 ], [ -122.07495, 37.55494 ] ], [ [ -122.08586, 37.55928 ], [ -122.08589, 37.55928 ], [ -122.08586, 37.55925 ], [ -122.08586, 37.55928 ] ], [ [ -122.07664, 37.55639 ], [ -122.07667, 37.55639 ], [ -122.07664, 37.55637 ], [ -122.07664, 37.55639 ] ], [ [ -122.0761, 37.55505 ], [ -122.07613, 37.55505 ], [ -122.0761, 37.55502 ], [ -122.0761, 37.55505 ] ], [ [ -122.08176, 37.55494 ], [ -122.08179, 37.55494 ], [ -122.08176, 37.55491 ], [ -122.08176, 37.55494 ] ], [ [ -122.08034, 37.5555 ], [ -122.08036, 37.5555 ], [ -122.08034, 37.55548 ], [ -122.08034, 37.5555 ] ], [ [ -122.08629, 37.56017 ], [ -122.08632, 37.56017 ], [ -122.08629, 37.56014 ], [ -122.08629, 37.56017 ] ], [ [ -122.08152, 37.5565 ], [ -122.08155, 37.5565 ], [ -122.08152, 37.55647 ], [ -122.08152, 37.5565 ] ], [ [ -122.07365, 37.55704 ], [ -122.07368, 37.55704 ], [ -122.07365, 37.55701 ], [ -122.07365, 37.55704 ] ], [ [ -122.07923, 37.55645 ], [ -122.07926, 37.55645 ], [ -122.07923, 37.55642 ], [ -122.07923, 37.55645 ] ], [ [ -122.07694, 37.5555 ], [ -122.07697, 37.5555 ], [ -122.07694, 37.55548 ], [ -122.07694, 37.5555 ] ], [ [ -122.0867, 37.56017 ], [ -122.08672, 37.56017 ], [ -122.0867, 37.56014 ], [ -122.0867, 37.56017 ] ], [ [ -122.08686, 37.56033 ], [ -122.08688, 37.56033 ], [ -122.08686, 37.5603 ], [ -122.08686, 37.56033 ] ], [ [ -122.08675, 37.55844 ], [ -122.08678, 37.55844 ], [ -122.08675, 37.55841 ], [ -122.08675, 37.55844 ] ], [ [ -122.08333, 37.55774 ], [ -122.08335, 37.55774 ], [ -122.08333, 37.55771 ], [ -122.08333, 37.55774 ] ], [ [ -122.08316, 37.55615 ], [ -122.08319, 37.55615 ], [ -122.08316, 37.55612 ], [ -122.08316, 37.55615 ] ], [ [ -122.07637, 37.55709 ], [ -122.0764, 37.55709 ], [ -122.07637, 37.55707 ], [ -122.07637, 37.55709 ] ], [ [ -122.07791, 37.55655 ], [ -122.07794, 37.55655 ], [ -122.07791, 37.55653 ], [ -122.07791, 37.55655 ] ], [ [ -122.07586, 37.55936 ], [ -122.07589, 37.55936 ], [ -122.07586, 37.55933 ], [ -122.07586, 37.55936 ] ], [ [ -122.0799, 37.55575 ], [ -122.07993, 37.55575 ], [ -122.0799, 37.55572 ], [ -122.0799, 37.55575 ] ], [ [ -122.08157, 37.55653 ], [ -122.0816, 37.55653 ], [ -122.08157, 37.5565 ], [ -122.08157, 37.55653 ] ], [ [ -122.08163, 37.55707 ], [ -122.08166, 37.55707 ], [ -122.08163, 37.55704 ], [ -122.08163, 37.55707 ] ], [ [ -122.08163, 37.55688 ], [ -122.08166, 37.55688 ], [ -122.08163, 37.55685 ], [ -122.08163, 37.55688 ] ], [ [ -122.07686, 37.55373 ], [ -122.07689, 37.55373 ], [ -122.07686, 37.5537 ], [ -122.07686, 37.55373 ] ], [ [ -122.08093, 37.55618 ], [ -122.08096, 37.55618 ], [ -122.08093, 37.55615 ], [ -122.08093, 37.55618 ] ], [ [ -122.08643, 37.55852 ], [ -122.08645, 37.55852 ], [ -122.08643, 37.5585 ], [ -122.08643, 37.55852 ] ], [ [ -122.07575, 37.55696 ], [ -122.07578, 37.55696 ], [ -122.07575, 37.55693 ], [ -122.07575, 37.55696 ] ], [ [ -122.07586, 37.55717 ], [ -122.07589, 37.55717 ], [ -122.07586, 37.55715 ], [ -122.07586, 37.55717 ] ], [ [ -122.07368, 37.55709 ], [ -122.07371, 37.55709 ], [ -122.07368, 37.55707 ], [ -122.07368, 37.55709 ] ], [ [ -122.07597, 37.55669 ], [ -122.076, 37.55669 ], [ -122.07597, 37.55666 ], [ -122.07597, 37.55669 ] ], [ [ -122.08621, 37.55866 ], [ -122.08624, 37.55866 ], [ -122.08621, 37.55863 ], [ -122.08621, 37.55866 ] ], [ [ -122.07368, 37.55475 ], [ -122.07371, 37.55475 ], [ -122.07368, 37.55472 ], [ -122.07368, 37.55475 ] ], [ [ -122.08718, 37.56003 ], [ -122.08721, 37.56003 ], [ -122.08718, 37.56 ], [ -122.08718, 37.56003 ] ], [ [ -122.08616, 37.56035 ], [ -122.08618, 37.56035 ], [ -122.08616, 37.56033 ], [ -122.08616, 37.56035 ] ], [ [ -122.0757, 37.55677 ], [ -122.07573, 37.55677 ], [ -122.0757, 37.55674 ], [ -122.0757, 37.55677 ] ], [ [ -122.076, 37.55717 ], [ -122.07602, 37.55717 ], [ -122.076, 37.55715 ], [ -122.076, 37.55717 ] ], [ [ -122.08605, 37.55947 ], [ -122.08608, 37.55947 ], [ -122.08605, 37.55944 ], [ -122.08605, 37.55947 ] ], [ [ -122.0757, 37.55696 ], [ -122.07573, 37.55696 ], [ -122.0757, 37.55693 ], [ -122.0757, 37.55696 ] ], [ [ -122.08039, 37.55742 ], [ -122.08042, 37.55742 ], [ -122.08039, 37.55739 ], [ -122.08039, 37.55742 ] ], [ [ -122.08837, 37.55693 ], [ -122.08839, 37.55693 ], [ -122.08837, 37.55691 ], [ -122.08837, 37.55693 ] ], [ [ -122.08187, 37.55488 ], [ -122.0819, 37.55488 ], [ -122.08187, 37.55486 ], [ -122.08187, 37.55488 ] ], [ [ -122.07565, 37.55437 ], [ -122.07567, 37.55437 ], [ -122.07565, 37.55434 ], [ -122.07565, 37.55437 ] ], [ [ -122.07565, 37.55947 ], [ -122.07567, 37.55947 ], [ -122.07565, 37.55944 ], [ -122.07565, 37.55947 ] ], [ [ -122.07195, 37.55949 ], [ -122.07198, 37.55949 ], [ -122.07195, 37.55947 ], [ -122.07195, 37.55949 ] ], [ [ -122.07548, 37.5547 ], [ -122.07551, 37.5547 ], [ -122.07548, 37.55467 ], [ -122.07548, 37.5547 ] ], [ [ -122.07465, 37.55761 ], [ -122.07468, 37.55761 ], [ -122.07465, 37.55758 ], [ -122.07465, 37.55761 ] ], [ [ -122.0747, 37.55488 ], [ -122.07473, 37.55488 ], [ -122.0747, 37.55486 ], [ -122.0747, 37.55488 ] ], [ [ -122.07489, 37.55491 ], [ -122.07492, 37.55491 ], [ -122.07489, 37.55488 ], [ -122.07489, 37.55491 ] ], [ [ -122.07546, 37.5592 ], [ -122.07548, 37.5592 ], [ -122.07546, 37.55917 ], [ -122.07546, 37.5592 ] ], [ [ -122.0719, 37.55868 ], [ -122.07193, 37.55868 ], [ -122.0719, 37.55866 ], [ -122.0719, 37.55868 ] ], [ [ -122.07635, 37.55647 ], [ -122.07637, 37.55647 ], [ -122.07635, 37.55645 ], [ -122.07635, 37.55647 ] ], [ [ -122.07618, 37.56108 ], [ -122.07621, 37.56108 ], [ -122.07618, 37.56106 ], [ -122.07618, 37.56108 ] ], [ [ -122.07513, 37.55922 ], [ -122.07516, 37.55922 ], [ -122.07513, 37.5592 ], [ -122.07513, 37.55922 ] ], [ [ -122.09273, 37.5607 ], [ -122.09276, 37.5607 ], [ -122.09273, 37.56068 ], [ -122.09273, 37.5607 ] ], [ [ -122.08513, 37.56038 ], [ -122.08516, 37.56038 ], [ -122.08513, 37.56035 ], [ -122.08513, 37.56038 ] ], [ [ -122.07513, 37.5554 ], [ -122.07516, 37.5554 ], [ -122.07513, 37.55537 ], [ -122.07513, 37.5554 ] ], [ [ -122.09279, 37.56065 ], [ -122.09281, 37.56065 ], [ -122.09279, 37.56062 ], [ -122.09279, 37.56065 ] ], [ [ -122.08505, 37.56041 ], [ -122.08508, 37.56041 ], [ -122.08505, 37.56038 ], [ -122.08505, 37.56041 ] ], [ [ -122.07659, 37.55637 ], [ -122.07662, 37.55637 ], [ -122.07659, 37.55634 ], [ -122.07659, 37.55637 ] ], [ [ -122.085, 37.56019 ], [ -122.08502, 37.56019 ], [ -122.085, 37.56017 ], [ -122.085, 37.56019 ] ], [ [ -122.08492, 37.56019 ], [ -122.08494, 37.56019 ], [ -122.08492, 37.56017 ], [ -122.08492, 37.56019 ] ], [ [ -122.07516, 37.55567 ], [ -122.07519, 37.55567 ], [ -122.07516, 37.55564 ], [ -122.07516, 37.55567 ] ], [ [ -122.07627, 37.55723 ], [ -122.07629, 37.55723 ], [ -122.07627, 37.5572 ], [ -122.07627, 37.55723 ] ], [ [ -122.08125, 37.55898 ], [ -122.08128, 37.55898 ], [ -122.08125, 37.55895 ], [ -122.08125, 37.55898 ] ], [ [ -122.07535, 37.55672 ], [ -122.07538, 37.55672 ], [ -122.07535, 37.55669 ], [ -122.07535, 37.55672 ] ], [ [ -122.08414, 37.56038 ], [ -122.08416, 37.56038 ], [ -122.08414, 37.56035 ], [ -122.08414, 37.56038 ] ], [ [ -122.07632, 37.55615 ], [ -122.07635, 37.55615 ], [ -122.07632, 37.55612 ], [ -122.07632, 37.55615 ] ], [ [ -122.08387, 37.56035 ], [ -122.08389, 37.56035 ], [ -122.08387, 37.56033 ], [ -122.08387, 37.56035 ] ], [ [ -122.08314, 37.55928 ], [ -122.08316, 37.55928 ], [ -122.08314, 37.55925 ], [ -122.08314, 37.55928 ] ], [ [ -122.08368, 37.55906 ], [ -122.0837, 37.55906 ], [ -122.08368, 37.55903 ], [ -122.08368, 37.55906 ] ], [ [ -122.07519, 37.5544 ], [ -122.07521, 37.5544 ], [ -122.07519, 37.55437 ], [ -122.07519, 37.5544 ] ], [ [ -122.07524, 37.55513 ], [ -122.07527, 37.55513 ], [ -122.07524, 37.5551 ], [ -122.07524, 37.55513 ] ], [ [ -122.07055, 37.56073 ], [ -122.07058, 37.56073 ], [ -122.07055, 37.5607 ], [ -122.07055, 37.56073 ] ], [ [ -122.07236, 37.5579 ], [ -122.07239, 37.5579 ], [ -122.07236, 37.55788 ], [ -122.07236, 37.5579 ] ], [ [ -122.07527, 37.55464 ], [ -122.0753, 37.55464 ], [ -122.07527, 37.55461 ], [ -122.07527, 37.55464 ] ], [ [ -122.07829, 37.55602 ], [ -122.07831, 37.55602 ], [ -122.07829, 37.55599 ], [ -122.07829, 37.55602 ] ], [ [ -122.08104, 37.55478 ], [ -122.08106, 37.55478 ], [ -122.08104, 37.55475 ], [ -122.08104, 37.55478 ] ], [ [ -122.0723, 37.55858 ], [ -122.07233, 37.55858 ], [ -122.0723, 37.55855 ], [ -122.0723, 37.55858 ] ], [ [ -122.07015, 37.5613 ], [ -122.07018, 37.5613 ], [ -122.07015, 37.56127 ], [ -122.07015, 37.5613 ] ], [ [ -122.07044, 37.56084 ], [ -122.07047, 37.56084 ], [ -122.07044, 37.56081 ], [ -122.07044, 37.56084 ] ], [ [ -122.08295, 37.55688 ], [ -122.08298, 37.55688 ], [ -122.08295, 37.55685 ], [ -122.08295, 37.55688 ] ], [ [ -122.0806, 37.55567 ], [ -122.08063, 37.55567 ], [ -122.0806, 37.55564 ], [ -122.0806, 37.55567 ] ], [ [ -122.08395, 37.56035 ], [ -122.08397, 37.56035 ], [ -122.08395, 37.56033 ], [ -122.08395, 37.56035 ] ], [ [ -122.07632, 37.55623 ], [ -122.07635, 37.55623 ], [ -122.07632, 37.5562 ], [ -122.07632, 37.55623 ] ], [ [ -122.07532, 37.55459 ], [ -122.07535, 37.55459 ], [ -122.07532, 37.55456 ], [ -122.07532, 37.55459 ] ], [ [ -122.07519, 37.55925 ], [ -122.07521, 37.55925 ], [ -122.07519, 37.55922 ], [ -122.07519, 37.55925 ] ], [ [ -122.07538, 37.55507 ], [ -122.0754, 37.55507 ], [ -122.07538, 37.55505 ], [ -122.07538, 37.55507 ] ], [ [ -122.08125, 37.55618 ], [ -122.08128, 37.55618 ], [ -122.08125, 37.55615 ], [ -122.08125, 37.55618 ] ], [ [ -122.06972, 37.56224 ], [ -122.06974, 37.56224 ], [ -122.06972, 37.56221 ], [ -122.06972, 37.56224 ] ], [ [ -122.08141, 37.55572 ], [ -122.08144, 37.55572 ], [ -122.08141, 37.55569 ], [ -122.08141, 37.55572 ] ], [ [ -122.07613, 37.55736 ], [ -122.07616, 37.55736 ], [ -122.07613, 37.55734 ], [ -122.07613, 37.55736 ] ], [ [ -122.07503, 37.55607 ], [ -122.07505, 37.55607 ], [ -122.07503, 37.55604 ], [ -122.07503, 37.55607 ] ], [ [ -122.07195, 37.55906 ], [ -122.07198, 37.55906 ], [ -122.07195, 37.55903 ], [ -122.07195, 37.55906 ] ], [ [ -122.07443, 37.55502 ], [ -122.07446, 37.55502 ], [ -122.07443, 37.55499 ], [ -122.07443, 37.55502 ] ], [ [ -122.07662, 37.55631 ], [ -122.07664, 37.55631 ], [ -122.07662, 37.55629 ], [ -122.07662, 37.55631 ] ], [ [ -122.07597, 37.55936 ], [ -122.076, 37.55936 ], [ -122.07597, 37.55933 ], [ -122.07597, 37.55936 ] ], [ [ -122.07203, 37.55941 ], [ -122.07206, 37.55941 ], [ -122.07203, 37.55938 ], [ -122.07203, 37.55941 ] ], [ [ -122.07203, 37.55906 ], [ -122.07206, 37.55906 ], [ -122.07203, 37.55903 ], [ -122.07203, 37.55906 ] ], [ [ -122.07926, 37.55483 ], [ -122.07928, 37.55483 ], [ -122.07926, 37.5548 ], [ -122.07926, 37.55483 ] ], [ [ -122.07239, 37.55812 ], [ -122.07241, 37.55812 ], [ -122.07239, 37.55809 ], [ -122.07239, 37.55812 ] ], [ [ -122.08608, 37.56035 ], [ -122.0861, 37.56035 ], [ -122.08608, 37.56033 ], [ -122.08608, 37.56035 ] ], [ [ -122.07573, 37.55672 ], [ -122.07575, 37.55672 ], [ -122.07573, 37.55669 ], [ -122.07573, 37.55672 ] ], [ [ -122.07791, 37.55672 ], [ -122.07794, 37.55672 ], [ -122.07791, 37.55669 ], [ -122.07791, 37.55672 ] ], [ [ -122.07354, 37.55483 ], [ -122.07357, 37.55483 ], [ -122.07354, 37.5548 ], [ -122.07354, 37.55483 ] ], [ [ -122.0712, 37.55882 ], [ -122.07123, 37.55882 ], [ -122.0712, 37.55879 ], [ -122.0712, 37.55882 ] ], [ [ -122.07362, 37.55728 ], [ -122.07368, 37.55728 ], [ -122.07362, 37.55726 ], [ -122.07362, 37.55728 ] ], [ [ -122.08152, 37.55564 ], [ -122.08155, 37.55564 ], [ -122.08152, 37.55558 ], [ -122.08152, 37.55564 ] ], [ [ -122.08551, 37.55952 ], [ -122.08554, 37.55952 ], [ -122.08551, 37.55947 ], [ -122.08551, 37.55952 ] ], [ [ -122.07325, 37.55599 ], [ -122.0733, 37.55599 ], [ -122.07325, 37.55596 ], [ -122.07325, 37.55599 ] ], [ [ -122.08055, 37.55604 ], [ -122.0806, 37.55604 ], [ -122.08055, 37.55602 ], [ -122.08055, 37.55604 ] ], [ [ -122.07516, 37.55534 ], [ -122.07521, 37.55534 ], [ -122.07516, 37.55532 ], [ -122.07516, 37.55534 ] ], [ [ -122.0709, 37.56046 ], [ -122.07096, 37.56046 ], [ -122.0709, 37.56044 ], [ -122.0709, 37.56046 ] ], [ [ -122.08634, 37.56009 ], [ -122.0864, 37.56009 ], [ -122.08634, 37.56006 ], [ -122.08634, 37.56009 ] ], [ [ -122.07578, 37.55933 ], [ -122.07583, 37.55933 ], [ -122.07578, 37.5593 ], [ -122.07578, 37.55933 ] ], [ [ -122.07435, 37.55505 ], [ -122.07441, 37.55505 ], [ -122.07435, 37.55502 ], [ -122.07435, 37.55505 ] ], [ [ -122.08209, 37.55173 ], [ -122.08211, 37.55173 ], [ -122.08209, 37.55168 ], [ -122.08209, 37.55173 ] ], [ [ -122.08271, 37.5548 ], [ -122.08276, 37.5548 ], [ -122.08271, 37.55478 ], [ -122.08271, 37.5548 ] ], [ [ -122.07201, 37.55863 ], [ -122.07203, 37.55863 ], [ -122.07201, 37.55858 ], [ -122.07201, 37.55863 ] ], [ [ -122.08163, 37.55744 ], [ -122.08168, 37.55744 ], [ -122.08163, 37.55742 ], [ -122.08163, 37.55744 ] ], [ [ -122.08322, 37.55631 ], [ -122.08325, 37.55631 ], [ -122.08322, 37.55626 ], [ -122.08322, 37.55631 ] ], [ [ -122.07513, 37.55561 ], [ -122.07519, 37.55561 ], [ -122.07513, 37.55558 ], [ -122.07513, 37.55561 ] ], [ [ -122.07185, 37.55952 ], [ -122.0719, 37.55952 ], [ -122.07185, 37.55949 ], [ -122.07185, 37.55952 ] ], [ [ -122.0923, 37.56027 ], [ -122.09235, 37.56027 ], [ -122.0923, 37.56025 ], [ -122.0923, 37.56027 ] ], [ [ -122.0754, 37.55833 ], [ -122.07546, 37.55833 ], [ -122.0754, 37.55831 ], [ -122.0754, 37.55833 ] ], [ [ -122.07831, 37.55585 ], [ -122.07837, 37.55585 ], [ -122.07831, 37.55583 ], [ -122.07831, 37.55585 ] ], [ [ -122.07624, 37.55674 ], [ -122.07629, 37.55674 ], [ -122.07624, 37.55672 ], [ -122.07624, 37.55674 ] ], [ [ -122.085, 37.56046 ], [ -122.08505, 37.56046 ], [ -122.085, 37.56044 ], [ -122.085, 37.56046 ] ], [ [ -122.07203, 37.55952 ], [ -122.07206, 37.55952 ], [ -122.07203, 37.55947 ], [ -122.07203, 37.55952 ] ], [ [ -122.07435, 37.55755 ], [ -122.07435, 37.55752 ], [ -122.07433, 37.55755 ], [ -122.07435, 37.55755 ] ], [ [ -122.0743, 37.55752 ], [ -122.07433, 37.55752 ], [ -122.0743, 37.5575 ], [ -122.0743, 37.55752 ] ], [ [ -122.07387, 37.56065 ], [ -122.07384, 37.56065 ], [ -122.07387, 37.56068 ], [ -122.07387, 37.56065 ] ], [ [ -122.07384, 37.5607 ], [ -122.07384, 37.56068 ], [ -122.07381, 37.5607 ], [ -122.07384, 37.5607 ] ], [ [ -122.0861, 37.5592 ], [ -122.08608, 37.5592 ], [ -122.0861, 37.55922 ], [ -122.0861, 37.5592 ] ], [ [ -122.08608, 37.55925 ], [ -122.08608, 37.55922 ], [ -122.08605, 37.55925 ], [ -122.08608, 37.55925 ] ], [ [ -122.08163, 37.55739 ], [ -122.08163, 37.55736 ], [ -122.0816, 37.55739 ], [ -122.08163, 37.55739 ] ], [ [ -122.08157, 37.55736 ], [ -122.0816, 37.55736 ], [ -122.08157, 37.55734 ], [ -122.08157, 37.55736 ] ], [ [ -122.07101, 37.56089 ], [ -122.07101, 37.56087 ], [ -122.07098, 37.56089 ], [ -122.07101, 37.56089 ] ], [ [ -122.07096, 37.56087 ], [ -122.07098, 37.56087 ], [ -122.07096, 37.56084 ], [ -122.07096, 37.56087 ] ], [ [ -122.07543, 37.55666 ], [ -122.07543, 37.55664 ], [ -122.0754, 37.55666 ], [ -122.07543, 37.55666 ] ], [ [ -122.07538, 37.55664 ], [ -122.0754, 37.55664 ], [ -122.07538, 37.55661 ], [ -122.07538, 37.55664 ] ], [ [ -122.09403, 37.56192 ], [ -122.09403, 37.56189 ], [ -122.094, 37.56192 ], [ -122.09403, 37.56192 ] ], [ [ -122.09397, 37.56189 ], [ -122.094, 37.56189 ], [ -122.09397, 37.56186 ], [ -122.09397, 37.56189 ] ], [ [ -122.08147, 37.55591 ], [ -122.08144, 37.55591 ], [ -122.08147, 37.55593 ], [ -122.08147, 37.55591 ] ], [ [ -122.08144, 37.55596 ], [ -122.08144, 37.55593 ], [ -122.08141, 37.55596 ], [ -122.08144, 37.55596 ] ], [ [ -122.08236, 37.5568 ], [ -122.08236, 37.55677 ], [ -122.08233, 37.5568 ], [ -122.08236, 37.5568 ] ], [ [ -122.0823, 37.55677 ], [ -122.08233, 37.55677 ], [ -122.0823, 37.55674 ], [ -122.0823, 37.55677 ] ], [ [ -122.07535, 37.55936 ], [ -122.07535, 37.55933 ], [ -122.07532, 37.55936 ], [ -122.07535, 37.55936 ] ], [ [ -122.0753, 37.55933 ], [ -122.07532, 37.55933 ], [ -122.0753, 37.5593 ], [ -122.0753, 37.55933 ] ], [ [ -122.0753, 37.5544 ], [ -122.07527, 37.5544 ], [ -122.0753, 37.55443 ], [ -122.0753, 37.5544 ] ], [ [ -122.07527, 37.55445 ], [ -122.07527, 37.55443 ], [ -122.07524, 37.55445 ], [ -122.07527, 37.55445 ] ], [ [ -122.07543, 37.55626 ], [ -122.07546, 37.55626 ], [ -122.07543, 37.5562 ], [ -122.07543, 37.55626 ] ], [ [ -122.08071, 37.55518 ], [ -122.08077, 37.55518 ], [ -122.08071, 37.55515 ], [ -122.08071, 37.55518 ] ], [ [ -122.08101, 37.55637 ], [ -122.08106, 37.55637 ], [ -122.08101, 37.55634 ], [ -122.08101, 37.55637 ] ], [ [ -122.08225, 37.55682 ], [ -122.08228, 37.55682 ], [ -122.08225, 37.55677 ], [ -122.08225, 37.55682 ] ], [ [ -122.08155, 37.55483 ], [ -122.0816, 37.55483 ], [ -122.08155, 37.5548 ], [ -122.08155, 37.55483 ] ], [ [ -122.07575, 37.55955 ], [ -122.07581, 37.55955 ], [ -122.07575, 37.55952 ], [ -122.07575, 37.55955 ] ], [ [ -122.08322, 37.55623 ], [ -122.08327, 37.55623 ], [ -122.08322, 37.5562 ], [ -122.08322, 37.55623 ] ], [ [ -122.08424, 37.55769 ], [ -122.08427, 37.55769 ], [ -122.08424, 37.55763 ], [ -122.08424, 37.55769 ] ], [ [ -122.07513, 37.55607 ], [ -122.07516, 37.55607 ], [ -122.07513, 37.55602 ], [ -122.07513, 37.55607 ] ], [ [ -122.08583, 37.55895 ], [ -122.08589, 37.55895 ], [ -122.08583, 37.55893 ], [ -122.08583, 37.55895 ] ], [ [ -122.08594, 37.55925 ], [ -122.08599, 37.55925 ], [ -122.08594, 37.55922 ], [ -122.08594, 37.55925 ] ], [ [ -122.07389, 37.55696 ], [ -122.07395, 37.55696 ], [ -122.07389, 37.55693 ], [ -122.07389, 37.55696 ] ], [ [ -122.07373, 37.55717 ], [ -122.07376, 37.55717 ], [ -122.07373, 37.55712 ], [ -122.07373, 37.55717 ] ], [ [ -122.08645, 37.5599 ], [ -122.08651, 37.5599 ], [ -122.08645, 37.55987 ], [ -122.08645, 37.5599 ] ], [ [ -122.08653, 37.5599 ], [ -122.08659, 37.5599 ], [ -122.08653, 37.55987 ], [ -122.08653, 37.5599 ] ], [ [ -122.07748, 37.55623 ], [ -122.07751, 37.55623 ], [ -122.07748, 37.55618 ], [ -122.07748, 37.55623 ] ], [ [ -122.07772, 37.55521 ], [ -122.07775, 37.55521 ], [ -122.07772, 37.55515 ], [ -122.07772, 37.55521 ] ], [ [ -122.0799, 37.55502 ], [ -122.07996, 37.55502 ], [ -122.0799, 37.55499 ], [ -122.0799, 37.55502 ] ], [ [ -122.07247, 37.5579 ], [ -122.07252, 37.5579 ], [ -122.07247, 37.55788 ], [ -122.07247, 37.5579 ] ], [ [ -122.07775, 37.55488 ], [ -122.0778, 37.55488 ], [ -122.07775, 37.55486 ], [ -122.07775, 37.55488 ] ], [ [ -122.0809, 37.55893 ], [ -122.08093, 37.55893 ], [ -122.0809, 37.55887 ], [ -122.0809, 37.55893 ] ], [ [ -122.07783, 37.55553 ], [ -122.07788, 37.55553 ], [ -122.07783, 37.5555 ], [ -122.07783, 37.55553 ] ], [ [ -122.08664, 37.55847 ], [ -122.0867, 37.55847 ], [ -122.08664, 37.55844 ], [ -122.08664, 37.55847 ] ], [ [ -122.08688, 37.5586 ], [ -122.08694, 37.5586 ], [ -122.08688, 37.55858 ], [ -122.08688, 37.5586 ] ], [ [ -122.07222, 37.55847 ], [ -122.07228, 37.55847 ], [ -122.07222, 37.55844 ], [ -122.07222, 37.55847 ] ], [ [ -122.08696, 37.55876 ], [ -122.08702, 37.55876 ], [ -122.08696, 37.55874 ], [ -122.08696, 37.55876 ] ], [ [ -122.07174, 37.55984 ], [ -122.07179, 37.55984 ], [ -122.07174, 37.55982 ], [ -122.07174, 37.55984 ] ], [ [ -122.09281, 37.5607 ], [ -122.09287, 37.5607 ], [ -122.09281, 37.56068 ], [ -122.09281, 37.5607 ] ], [ [ -122.08106, 37.55817 ], [ -122.08112, 37.55817 ], [ -122.08106, 37.55814 ], [ -122.08106, 37.55817 ] ], [ [ -122.06934, 37.56235 ], [ -122.06939, 37.56235 ], [ -122.06934, 37.56232 ], [ -122.06934, 37.56235 ] ], [ [ -122.08527, 37.56081 ], [ -122.08532, 37.56079 ], [ -122.08527, 37.56076 ], [ -122.08527, 37.56081 ] ], [ [ -122.08246, 37.55561 ], [ -122.08255, 37.55561 ], [ -122.08246, 37.55558 ], [ -122.08246, 37.55561 ] ], [ [ -122.07492, 37.55604 ], [ -122.07497, 37.55604 ], [ -122.07495, 37.55599 ], [ -122.07492, 37.55604 ] ], [ [ -122.07602, 37.55701 ], [ -122.07602, 37.55699 ], [ -122.076, 37.55701 ], [ -122.07602, 37.55701 ] ], [ [ -122.07594, 37.55699 ], [ -122.076, 37.55699 ], [ -122.07594, 37.55696 ], [ -122.07594, 37.55699 ] ], [ [ -122.07457, 37.55744 ], [ -122.07462, 37.55742 ], [ -122.07457, 37.55739 ], [ -122.07457, 37.55744 ] ], [ [ -122.08203, 37.55709 ], [ -122.08201, 37.55707 ], [ -122.08198, 37.55709 ], [ -122.08203, 37.55709 ] ], [ [ -122.08519, 37.56027 ], [ -122.08516, 37.56027 ], [ -122.08519, 37.5603 ], [ -122.08519, 37.56027 ] ], [ [ -122.08516, 37.56033 ], [ -122.08516, 37.5603 ], [ -122.08511, 37.56033 ], [ -122.08516, 37.56033 ] ], [ [ -122.07627, 37.56111 ], [ -122.07632, 37.56111 ], [ -122.07627, 37.56106 ], [ -122.07627, 37.56111 ] ], [ [ -122.08519, 37.56014 ], [ -122.08513, 37.56014 ], [ -122.08519, 37.56017 ], [ -122.08519, 37.56014 ] ], [ [ -122.08513, 37.56019 ], [ -122.08513, 37.56017 ], [ -122.08511, 37.56019 ], [ -122.08513, 37.56019 ] ], [ [ -122.08122, 37.55478 ], [ -122.08125, 37.55478 ], [ -122.0812, 37.55472 ], [ -122.08122, 37.55478 ] ], [ [ -122.08686, 37.56054 ], [ -122.08688, 37.56054 ], [ -122.08683, 37.56049 ], [ -122.08686, 37.56054 ] ], [ [ -122.0805, 37.55461 ], [ -122.08058, 37.55461 ], [ -122.0805, 37.55459 ], [ -122.0805, 37.55461 ] ], [ [ -122.08052, 37.55591 ], [ -122.0805, 37.55588 ], [ -122.08047, 37.55591 ], [ -122.08052, 37.55591 ] ], [ [ -122.08419, 37.56038 ], [ -122.08427, 37.56038 ], [ -122.08419, 37.56035 ], [ -122.08419, 37.56038 ] ], [ [ -122.0771, 37.55378 ], [ -122.07713, 37.55378 ], [ -122.07707, 37.55373 ], [ -122.0771, 37.55378 ] ], [ [ -122.08292, 37.55677 ], [ -122.08295, 37.55677 ], [ -122.0829, 37.55672 ], [ -122.08292, 37.55677 ] ], [ [ -122.0753, 37.5562 ], [ -122.07535, 37.5562 ], [ -122.07532, 37.55615 ], [ -122.0753, 37.5562 ] ], [ [ -122.07225, 37.55833 ], [ -122.0722, 37.55833 ], [ -122.07225, 37.55836 ], [ -122.07225, 37.55833 ] ], [ [ -122.0722, 37.55839 ], [ -122.0722, 37.55836 ], [ -122.07217, 37.55839 ], [ -122.0722, 37.55839 ] ], [ [ -122.08141, 37.55642 ], [ -122.08147, 37.55642 ], [ -122.08141, 37.55639 ], [ -122.08141, 37.55642 ] ], [ [ -122.08096, 37.55596 ], [ -122.08101, 37.55596 ], [ -122.08096, 37.55593 ], [ -122.08096, 37.55596 ] ], [ [ -122.08211, 37.55685 ], [ -122.08217, 37.55685 ], [ -122.08214, 37.5568 ], [ -122.08211, 37.55685 ] ], [ [ -122.07217, 37.55957 ], [ -122.0722, 37.55957 ], [ -122.07214, 37.55952 ], [ -122.07217, 37.55957 ] ], [ [ -122.07796, 37.55583 ], [ -122.07799, 37.55583 ], [ -122.07794, 37.55577 ], [ -122.07796, 37.55583 ] ], [ [ -122.08079, 37.55599 ], [ -122.08079, 37.55596 ], [ -122.08077, 37.55599 ], [ -122.08079, 37.55599 ] ], [ [ -122.08071, 37.55596 ], [ -122.08077, 37.55596 ], [ -122.08071, 37.55593 ], [ -122.08071, 37.55596 ] ], [ [ -122.07608, 37.55707 ], [ -122.07613, 37.55707 ], [ -122.07608, 37.55704 ], [ -122.07608, 37.55707 ] ], [ [ -122.07381, 37.55699 ], [ -122.07387, 37.55699 ], [ -122.07384, 37.55693 ], [ -122.07381, 37.55699 ] ], [ [ -122.07645, 37.55882 ], [ -122.07645, 37.55879 ], [ -122.0764, 37.55882 ], [ -122.07645, 37.55882 ] ], [ [ -122.07637, 37.55879 ], [ -122.0764, 37.55879 ], [ -122.07637, 37.55876 ], [ -122.07637, 37.55879 ] ], [ [ -122.0733, 37.55682 ], [ -122.07338, 37.55682 ], [ -122.0733, 37.5568 ], [ -122.0733, 37.55682 ] ], [ [ -122.07516, 37.5544 ], [ -122.07511, 37.5544 ], [ -122.07516, 37.55443 ], [ -122.07516, 37.5544 ] ], [ [ -122.07511, 37.55445 ], [ -122.07511, 37.55443 ], [ -122.07508, 37.55445 ], [ -122.07511, 37.55445 ] ], [ [ -122.07486, 37.55596 ], [ -122.07495, 37.55596 ], [ -122.07486, 37.55593 ], [ -122.07486, 37.55596 ] ], [ [ -122.07325, 37.55707 ], [ -122.07333, 37.55707 ], [ -122.07325, 37.55704 ], [ -122.07325, 37.55707 ] ], [ [ -122.08219, 37.55577 ], [ -122.08225, 37.55577 ], [ -122.08219, 37.55572 ], [ -122.08219, 37.55577 ] ], [ [ -122.08179, 37.55618 ], [ -122.08184, 37.55618 ], [ -122.08179, 37.55612 ], [ -122.08179, 37.55618 ] ], [ [ -122.08273, 37.55604 ], [ -122.08271, 37.55604 ], [ -122.08273, 37.5561 ], [ -122.08273, 37.55604 ] ], [ [ -122.08271, 37.55612 ], [ -122.08271, 37.5561 ], [ -122.08268, 37.55612 ], [ -122.08271, 37.55612 ] ], [ [ -122.09316, 37.55647 ], [ -122.09322, 37.55647 ], [ -122.09319, 37.55642 ], [ -122.09316, 37.55647 ] ], [ [ -122.08467, 37.56044 ], [ -122.08478, 37.56044 ], [ -122.08467, 37.56041 ], [ -122.08467, 37.56044 ] ], [ [ -122.08004, 37.55491 ], [ -122.08015, 37.55491 ], [ -122.08004, 37.55488 ], [ -122.08004, 37.55491 ] ], [ [ -122.08667, 37.55855 ], [ -122.08661, 37.55852 ], [ -122.08667, 37.55858 ], [ -122.08667, 37.55855 ] ], [ [ -122.0798, 37.55496 ], [ -122.07985, 37.55496 ], [ -122.0798, 37.55491 ], [ -122.0798, 37.55496 ] ], [ [ -122.08543, 37.56076 ], [ -122.08546, 37.56079 ], [ -122.08551, 37.56079 ], [ -122.08543, 37.56076 ] ], [ [ -122.07535, 37.55451 ], [ -122.07538, 37.55451 ], [ -122.07535, 37.55443 ], [ -122.07535, 37.55451 ] ], [ [ -122.08133, 37.55505 ], [ -122.08144, 37.55505 ], [ -122.08133, 37.55502 ], [ -122.08133, 37.55505 ] ], [ [ -122.07446, 37.55488 ], [ -122.07443, 37.55488 ], [ -122.07446, 37.55491 ], [ -122.07446, 37.55488 ] ], [ [ -122.07443, 37.55494 ], [ -122.07443, 37.55491 ], [ -122.07435, 37.55494 ], [ -122.07443, 37.55494 ] ], [ [ -122.08597, 37.55885 ], [ -122.08602, 37.55885 ], [ -122.08597, 37.55879 ], [ -122.08597, 37.55885 ] ], [ [ -122.09241, 37.56033 ], [ -122.09241, 37.56035 ], [ -122.09249, 37.56035 ], [ -122.09241, 37.56033 ] ], [ [ -122.08112, 37.55478 ], [ -122.08117, 37.55478 ], [ -122.08112, 37.55472 ], [ -122.08112, 37.55478 ] ], [ [ -122.08605, 37.55911 ], [ -122.08605, 37.55906 ], [ -122.08602, 37.55911 ], [ -122.08605, 37.55911 ] ], [ [ -122.08599, 37.55911 ], [ -122.08599, 37.55909 ], [ -122.08597, 37.55911 ], [ -122.08599, 37.55911 ] ], [ [ -122.0719, 37.5589 ], [ -122.07195, 37.5589 ], [ -122.0719, 37.55885 ], [ -122.0719, 37.5589 ] ], [ [ -122.08352, 37.55911 ], [ -122.08357, 37.55911 ], [ -122.08352, 37.55906 ], [ -122.08352, 37.55911 ] ], [ [ -122.0754, 37.55785 ], [ -122.07538, 37.55785 ], [ -122.0754, 37.5579 ], [ -122.0754, 37.55785 ] ], [ [ -122.07538, 37.55796 ], [ -122.07538, 37.5579 ], [ -122.07535, 37.55796 ], [ -122.07538, 37.55796 ] ], [ [ -122.08864, 37.55715 ], [ -122.08869, 37.55715 ], [ -122.08864, 37.55709 ], [ -122.08864, 37.55715 ] ], [ [ -122.0753, 37.55521 ], [ -122.07521, 37.55521 ], [ -122.0753, 37.55523 ], [ -122.0753, 37.55521 ] ], [ [ -122.08718, 37.55844 ], [ -122.08723, 37.55844 ], [ -122.08718, 37.55839 ], [ -122.08718, 37.55844 ] ], [ [ -122.08217, 37.55569 ], [ -122.08214, 37.55569 ], [ -122.08217, 37.55577 ], [ -122.08217, 37.55569 ] ], [ [ -122.07362, 37.55658 ], [ -122.07357, 37.55655 ], [ -122.07362, 37.55661 ], [ -122.07362, 37.55658 ] ], [ [ -122.08707, 37.56011 ], [ -122.08718, 37.56011 ], [ -122.08707, 37.56009 ], [ -122.08707, 37.56011 ] ], [ [ -122.08511, 37.56049 ], [ -122.08521, 37.56049 ], [ -122.08511, 37.56046 ], [ -122.08511, 37.56049 ] ], [ [ -122.07465, 37.55494 ], [ -122.07478, 37.55494 ], [ -122.07465, 37.55491 ], [ -122.07465, 37.55494 ] ], [ [ -122.08042, 37.55755 ], [ -122.0805, 37.55755 ], [ -122.08044, 37.5575 ], [ -122.08042, 37.55755 ] ], [ [ -122.08575, 37.55874 ], [ -122.08586, 37.55876 ], [ -122.08575, 37.55871 ], [ -122.08575, 37.55874 ] ], [ [ -122.08139, 37.55645 ], [ -122.08139, 37.55639 ], [ -122.08133, 37.55645 ], [ -122.08139, 37.55645 ] ], [ [ -122.08656, 37.5606 ], [ -122.08648, 37.56057 ], [ -122.08656, 37.56062 ], [ -122.08656, 37.5606 ] ], [ [ -122.07446, 37.55728 ], [ -122.07446, 37.5572 ], [ -122.07443, 37.55728 ], [ -122.07446, 37.55728 ] ], [ [ -122.07441, 37.5572 ], [ -122.07443, 37.5572 ], [ -122.07441, 37.55715 ], [ -122.07441, 37.5572 ] ], [ [ -122.08168, 37.55496 ], [ -122.08174, 37.55496 ], [ -122.08168, 37.55491 ], [ -122.08168, 37.55496 ] ], [ [ -122.08578, 37.55922 ], [ -122.08575, 37.55914 ], [ -122.0857, 37.5592 ], [ -122.08578, 37.55922 ] ], [ [ -122.07503, 37.5562 ], [ -122.07503, 37.55629 ], [ -122.07508, 37.55626 ], [ -122.07503, 37.5562 ] ], [ [ -122.07508, 37.55499 ], [ -122.07513, 37.55496 ], [ -122.07508, 37.55491 ], [ -122.07508, 37.55499 ] ], [ [ -122.07516, 37.5565 ], [ -122.07505, 37.55647 ], [ -122.07516, 37.55653 ], [ -122.07516, 37.5565 ] ], [ [ -122.08597, 37.5596 ], [ -122.08597, 37.55957 ], [ -122.08591, 37.5596 ], [ -122.08597, 37.5596 ] ], [ [ -122.08586, 37.55957 ], [ -122.08591, 37.55957 ], [ -122.08589, 37.55952 ], [ -122.08586, 37.55957 ] ], [ [ -122.08114, 37.55623 ], [ -122.08122, 37.55623 ], [ -122.08117, 37.55618 ], [ -122.08114, 37.55623 ] ], [ [ -122.08581, 37.55909 ], [ -122.08573, 37.55906 ], [ -122.08581, 37.55911 ], [ -122.08581, 37.55909 ] ], [ [ -122.09082, 37.5582 ], [ -122.09071, 37.55817 ], [ -122.09082, 37.55823 ], [ -122.09082, 37.5582 ] ], [ [ -122.09319, 37.55639 ], [ -122.09316, 37.55631 ], [ -122.09311, 37.55637 ], [ -122.09319, 37.55639 ] ], [ [ -122.07608, 37.55717 ], [ -122.076, 37.5572 ], [ -122.07605, 37.55726 ], [ -122.07608, 37.55717 ] ], [ [ -122.07508, 37.55483 ], [ -122.075, 37.55486 ], [ -122.07508, 37.55488 ], [ -122.07508, 37.55483 ] ], [ [ -122.08648, 37.56054 ], [ -122.08653, 37.56054 ], [ -122.08648, 37.56049 ], [ -122.08648, 37.56054 ] ], [ [ -122.07225, 37.55858 ], [ -122.07225, 37.55855 ], [ -122.07214, 37.55852 ], [ -122.07225, 37.55858 ] ], [ [ -122.07751, 37.55432 ], [ -122.0774, 37.55432 ], [ -122.07748, 37.55437 ], [ -122.07751, 37.55432 ] ], [ [ -122.08015, 37.55567 ], [ -122.08007, 37.55567 ], [ -122.08012, 37.55572 ], [ -122.08015, 37.55567 ] ], [ [ -122.07524, 37.55809 ], [ -122.07516, 37.55809 ], [ -122.07524, 37.55817 ], [ -122.07524, 37.55809 ] ], [ [ -122.08263, 37.55796 ], [ -122.08255, 37.55793 ], [ -122.0826, 37.55801 ], [ -122.08263, 37.55796 ] ], [ [ -122.08004, 37.55564 ], [ -122.07996, 37.55561 ], [ -122.08001, 37.55569 ], [ -122.08004, 37.55564 ] ], [ [ -122.07947, 37.55572 ], [ -122.07942, 37.55572 ], [ -122.07945, 37.55583 ], [ -122.07947, 37.55572 ] ], [ [ -122.07942, 37.55556 ], [ -122.07942, 37.55567 ], [ -122.07947, 37.55564 ], [ -122.07942, 37.55556 ] ], [ [ -122.0816, 37.55658 ], [ -122.08152, 37.55655 ], [ -122.0816, 37.55661 ], [ -122.0816, 37.55658 ] ], [ [ -122.08136, 37.55146 ], [ -122.08144, 37.55146 ], [ -122.08136, 37.55141 ], [ -122.08136, 37.55146 ] ], [ [ -122.07527, 37.55938 ], [ -122.07527, 37.55944 ], [ -122.07535, 37.55941 ], [ -122.07527, 37.55938 ] ], [ [ -122.07492, 37.55645 ], [ -122.075, 37.55639 ], [ -122.07495, 37.55634 ], [ -122.07492, 37.55634 ], [ -122.07492, 37.55645 ] ], [ [ -122.07419, 37.55723 ], [ -122.07422, 37.55717 ], [ -122.07416, 37.55723 ], [ -122.07419, 37.55723 ] ], [ [ -122.07411, 37.55712 ], [ -122.07414, 37.55712 ], [ -122.07411, 37.55709 ], [ -122.07411, 37.55712 ] ], [ [ -122.07963, 37.55575 ], [ -122.07947, 37.55577 ], [ -122.07961, 37.5558 ], [ -122.07963, 37.55575 ] ], [ [ -122.08678, 37.55855 ], [ -122.0867, 37.55855 ], [ -122.08667, 37.55863 ], [ -122.08678, 37.55855 ] ], [ [ -122.0861, 37.55866 ], [ -122.08618, 37.55863 ], [ -122.0861, 37.55858 ], [ -122.0861, 37.55866 ] ], [ [ -122.07521, 37.55806 ], [ -122.07532, 37.55806 ], [ -122.07524, 37.55801 ], [ -122.07521, 37.55806 ] ], [ [ -122.07354, 37.55712 ], [ -122.07362, 37.55712 ], [ -122.07357, 37.55704 ], [ -122.07354, 37.55712 ] ], [ [ -122.08705, 37.55866 ], [ -122.08705, 37.55863 ], [ -122.08702, 37.55866 ], [ -122.08705, 37.55866 ] ], [ [ -122.08694, 37.55866 ], [ -122.08699, 37.55866 ], [ -122.08705, 37.55858 ], [ -122.08694, 37.55866 ] ], [ [ -122.07724, 37.55828 ], [ -122.07713, 37.55825 ], [ -122.07724, 37.55833 ], [ -122.07724, 37.55828 ] ], [ [ -122.08381, 37.55618 ], [ -122.08373, 37.55615 ], [ -122.08381, 37.55623 ], [ -122.08381, 37.55618 ] ], [ [ -122.07813, 37.55529 ], [ -122.07823, 37.55529 ], [ -122.07813, 37.55523 ], [ -122.07813, 37.55529 ] ], [ [ -122.08327, 37.55825 ], [ -122.08325, 37.5582 ], [ -122.08316, 37.55828 ], [ -122.08327, 37.55825 ] ], [ [ -122.0709, 37.55925 ], [ -122.07096, 37.55933 ], [ -122.07098, 37.55938 ], [ -122.07098, 37.5593 ], [ -122.0709, 37.55925 ] ], [ [ -122.09359, 37.56138 ], [ -122.09362, 37.56149 ], [ -122.0937, 37.56149 ], [ -122.09368, 37.56143 ], [ -122.09359, 37.56138 ] ], [ [ -122.09357, 37.56135 ], [ -122.09357, 37.56138 ], [ -122.09359, 37.56138 ], [ -122.09357, 37.56135 ] ], [ [ -122.07559, 37.5592 ], [ -122.07557, 37.55928 ], [ -122.07548, 37.5593 ], [ -122.07559, 37.55933 ], [ -122.07559, 37.5592 ] ], [ [ -122.08085, 37.55534 ], [ -122.0809, 37.55532 ], [ -122.08082, 37.55526 ], [ -122.08085, 37.55534 ] ], [ [ -122.07527, 37.55677 ], [ -122.07532, 37.55685 ], [ -122.07532, 37.55674 ], [ -122.07527, 37.55677 ] ], [ [ -122.08705, 37.55847 ], [ -122.08702, 37.55847 ], [ -122.08705, 37.5585 ], [ -122.08705, 37.55847 ] ], [ [ -122.08688, 37.55855 ], [ -122.08702, 37.55852 ], [ -122.08688, 37.55847 ], [ -122.08688, 37.55855 ] ], [ [ -122.07791, 37.55569 ], [ -122.07788, 37.55558 ], [ -122.07783, 37.55569 ], [ -122.07791, 37.55569 ] ], [ [ -122.07336, 37.56084 ], [ -122.07336, 37.56079 ], [ -122.07325, 37.56087 ], [ -122.07336, 37.56084 ] ], [ [ -122.07826, 37.55561 ], [ -122.07821, 37.55569 ], [ -122.07831, 37.55575 ], [ -122.07831, 37.55569 ], [ -122.07826, 37.55561 ] ], [ [ -122.08645, 37.55998 ], [ -122.08659, 37.56 ], [ -122.08648, 37.55992 ], [ -122.08645, 37.55998 ] ], [ [ -122.07732, 37.55416 ], [ -122.07732, 37.5541 ], [ -122.07729, 37.55416 ], [ -122.07732, 37.55416 ] ], [ [ -122.07724, 37.55394 ], [ -122.07721, 37.55405 ], [ -122.07729, 37.55394 ], [ -122.07724, 37.55394 ] ], [ [ -122.08352, 37.55612 ], [ -122.08338, 37.55612 ], [ -122.08335, 37.55623 ], [ -122.08352, 37.55612 ] ], [ [ -122.0833, 37.55626 ], [ -122.08335, 37.55626 ], [ -122.08335, 37.55623 ], [ -122.0833, 37.55626 ] ], [ [ -122.08686, 37.56025 ], [ -122.08683, 37.56014 ], [ -122.08675, 37.56025 ], [ -122.08686, 37.56025 ] ], [ [ -122.08263, 37.55804 ], [ -122.08276, 37.55804 ], [ -122.08279, 37.55793 ], [ -122.08263, 37.55804 ] ], [ [ -122.0826, 37.55806 ], [ -122.08263, 37.55806 ], [ -122.08263, 37.55804 ], [ -122.0826, 37.55806 ] ], [ [ -122.07562, 37.55685 ], [ -122.0757, 37.55682 ], [ -122.07559, 37.55672 ], [ -122.07562, 37.55685 ] ], [ [ -122.08163, 37.55588 ], [ -122.08155, 37.55593 ], [ -122.08157, 37.55599 ], [ -122.08168, 37.55599 ], [ -122.08163, 37.55588 ] ], [ [ -122.07209, 37.56041 ], [ -122.07201, 37.56033 ], [ -122.07198, 37.56041 ], [ -122.07209, 37.56041 ] ], [ [ -122.08179, 37.5551 ], [ -122.08163, 37.5551 ], [ -122.08163, 37.55513 ], [ -122.08174, 37.55518 ], [ -122.08179, 37.5551 ] ], [ [ -122.07327, 37.55723 ], [ -122.07341, 37.55726 ], [ -122.07333, 37.55715 ], [ -122.07327, 37.55723 ] ], [ [ -122.09281, 37.55984 ], [ -122.0926, 37.5599 ], [ -122.0926, 37.55992 ], [ -122.09281, 37.55992 ], [ -122.09281, 37.55984 ] ], [ [ -122.07354, 37.56076 ], [ -122.07344, 37.56076 ], [ -122.07344, 37.56087 ], [ -122.07352, 37.56087 ], [ -122.07354, 37.56076 ] ], [ [ -122.08176, 37.55599 ], [ -122.08184, 37.55596 ], [ -122.08171, 37.55585 ], [ -122.08176, 37.55599 ] ], [ [ -122.07519, 37.55467 ], [ -122.075, 37.5547 ], [ -122.07521, 37.55475 ], [ -122.07519, 37.55467 ] ], [ [ -122.08144, 37.55602 ], [ -122.08144, 37.55615 ], [ -122.08152, 37.55602 ], [ -122.08144, 37.55602 ] ], [ [ -122.07532, 37.55448 ], [ -122.07511, 37.55448 ], [ -122.07524, 37.55456 ], [ -122.07532, 37.55448 ] ], [ [ -122.09314, 37.55984 ], [ -122.09289, 37.55984 ], [ -122.09289, 37.55987 ], [ -122.09311, 37.55995 ], [ -122.09314, 37.55984 ] ], [ [ -122.07972, 37.55583 ], [ -122.07993, 37.55585 ], [ -122.07972, 37.55577 ], [ -122.07972, 37.55583 ] ], [ [ -122.08233, 37.55548 ], [ -122.08219, 37.55561 ], [ -122.08238, 37.55558 ], [ -122.08233, 37.55548 ] ], [ [ -122.08594, 37.55909 ], [ -122.08594, 37.55898 ], [ -122.08586, 37.55906 ], [ -122.08594, 37.55909 ] ], [ [ -122.08591, 37.55922 ], [ -122.08594, 37.55911 ], [ -122.08583, 37.55917 ], [ -122.08591, 37.55922 ] ], [ [ -122.08688, 37.56027 ], [ -122.08705, 37.56022 ], [ -122.08688, 37.56014 ], [ -122.08688, 37.56027 ] ], [ [ -122.09357, 37.56108 ], [ -122.09357, 37.56084 ], [ -122.09354, 37.56108 ], [ -122.09357, 37.56108 ] ], [ [ -122.09359, 37.56114 ], [ -122.09359, 37.56108 ], [ -122.09357, 37.56108 ], [ -122.09359, 37.56114 ] ], [ [ -122.09357, 37.5613 ], [ -122.09357, 37.56114 ], [ -122.09354, 37.5613 ], [ -122.09357, 37.5613 ] ], [ [ -122.07398, 37.55699 ], [ -122.07379, 37.55704 ], [ -122.07381, 37.55712 ], [ -122.07392, 37.55712 ], [ -122.07398, 37.55699 ] ], [ [ -122.07484, 37.55472 ], [ -122.07489, 37.55483 ], [ -122.07497, 37.55472 ], [ -122.07484, 37.55472 ] ], [ [ -122.07473, 37.5548 ], [ -122.07484, 37.55478 ], [ -122.07478, 37.55478 ], [ -122.07473, 37.5548 ] ], [ [ -122.07419, 37.55731 ], [ -122.0743, 37.55734 ], [ -122.07424, 37.5572 ], [ -122.07419, 37.55731 ] ], [ [ -122.08643, 37.55992 ], [ -122.0864, 37.55982 ], [ -122.08618, 37.55982 ], [ -122.08626, 37.5599 ], [ -122.08643, 37.55992 ] ], [ [ -122.08122, 37.55612 ], [ -122.08109, 37.55599 ], [ -122.08109, 37.55588 ], [ -122.08104, 37.55604 ], [ -122.08122, 37.55612 ] ], [ [ -122.08101, 37.55602 ], [ -122.08104, 37.55602 ], [ -122.08101, 37.55599 ], [ -122.08101, 37.55602 ] ], [ [ -122.07449, 37.55499 ], [ -122.07462, 37.55494 ], [ -122.07468, 37.55483 ], [ -122.07449, 37.55486 ], [ -122.07449, 37.55499 ] ], [ [ -122.07592, 37.56044 ], [ -122.07575, 37.56046 ], [ -122.07581, 37.5606 ], [ -122.07589, 37.5606 ], [ -122.07592, 37.56044 ] ], [ [ -122.08128, 37.55631 ], [ -122.08114, 37.55631 ], [ -122.08131, 37.55647 ], [ -122.08128, 37.55631 ] ], [ [ -122.08112, 37.55629 ], [ -122.08112, 37.55631 ], [ -122.08114, 37.55631 ], [ -122.08112, 37.55629 ] ], [ [ -122.08438, 37.55763 ], [ -122.08451, 37.55761 ], [ -122.08457, 37.5575 ], [ -122.08435, 37.55752 ], [ -122.08438, 37.55763 ] ], [ [ -122.08195, 37.55575 ], [ -122.08179, 37.55567 ], [ -122.08174, 37.55569 ], [ -122.08182, 37.55585 ], [ -122.08195, 37.55575 ] ], [ [ -122.07336, 37.56092 ], [ -122.07314, 37.56097 ], [ -122.07322, 37.56108 ], [ -122.07336, 37.56092 ] ], [ [ -122.08362, 37.55793 ], [ -122.08376, 37.55788 ], [ -122.08376, 37.55777 ], [ -122.08362, 37.55782 ], [ -122.08362, 37.55793 ] ], [ [ -122.08354, 37.55793 ], [ -122.08354, 37.55798 ], [ -122.08362, 37.55798 ], [ -122.08362, 37.55793 ], [ -122.08354, 37.55793 ] ], [ [ -122.08343, 37.55796 ], [ -122.08352, 37.55796 ], [ -122.08349, 37.55788 ], [ -122.08343, 37.55796 ] ], [ [ -122.08249, 37.55577 ], [ -122.08244, 37.55596 ], [ -122.0826, 37.5558 ], [ -122.08249, 37.55577 ] ], [ [ -122.08556, 37.55941 ], [ -122.08573, 37.55941 ], [ -122.08564, 37.5592 ], [ -122.08556, 37.55925 ], [ -122.08556, 37.55941 ] ], [ [ -122.08147, 37.5548 ], [ -122.08149, 37.55502 ], [ -122.08166, 37.55491 ], [ -122.08147, 37.5548 ] ], [ [ -122.08521, 37.55761 ], [ -122.08505, 37.55758 ], [ -122.08497, 37.55769 ], [ -122.08519, 37.55771 ], [ -122.08521, 37.55761 ] ], [ [ -122.07686, 37.55378 ], [ -122.07686, 37.55399 ], [ -122.0771, 37.55399 ], [ -122.07686, 37.55378 ] ], [ [ -122.08319, 37.55839 ], [ -122.08319, 37.55836 ], [ -122.08314, 37.55839 ], [ -122.08319, 37.55839 ] ], [ [ -122.08316, 37.55847 ], [ -122.08308, 37.55841 ], [ -122.08314, 37.55828 ], [ -122.083, 37.55836 ], [ -122.083, 37.55855 ], [ -122.08316, 37.55847 ] ], [ [ -122.08085, 37.55569 ], [ -122.08079, 37.55585 ], [ -122.08098, 37.55572 ], [ -122.08071, 37.55561 ], [ -122.08085, 37.55569 ] ], [ [ -122.07179, 37.56076 ], [ -122.07217, 37.56089 ], [ -122.07225, 37.5607 ], [ -122.07182, 37.56065 ], [ -122.07179, 37.56076 ] ], [ [ -122.07583, 37.5586 ], [ -122.07597, 37.55885 ], [ -122.07594, 37.55831 ], [ -122.07589, 37.55833 ], [ -122.07583, 37.5586 ] ], [ [ -122.08039, 37.55526 ], [ -122.0805, 37.55529 ], [ -122.08042, 37.55515 ], [ -122.0805, 37.55507 ], [ -122.08028, 37.55507 ], [ -122.08025, 37.55537 ], [ -122.08047, 37.55537 ], [ -122.08039, 37.55526 ] ], [ [ -122.08023, 37.55534 ], [ -122.08025, 37.55534 ], [ -122.08023, 37.55532 ], [ -122.08023, 37.55534 ] ], [ [ -122.0802, 37.55537 ], [ -122.08023, 37.55537 ], [ -122.08023, 37.55534 ], [ -122.0802, 37.55537 ] ], [ [ -122.08715, 37.55858 ], [ -122.08705, 37.55879 ], [ -122.08721, 37.55885 ], [ -122.08742, 37.55858 ], [ -122.08715, 37.55858 ] ], [ [ -122.07861, 37.55691 ], [ -122.0788, 37.55704 ], [ -122.07888, 37.55696 ], [ -122.07853, 37.55661 ], [ -122.07861, 37.55691 ] ], [ [ -122.07637, 37.55917 ], [ -122.07616, 37.55914 ], [ -122.07594, 37.55887 ], [ -122.07624, 37.55952 ], [ -122.07632, 37.55952 ], [ -122.07637, 37.55917 ] ], [ [ -122.08144, 37.55532 ], [ -122.08128, 37.55518 ], [ -122.08112, 37.55523 ], [ -122.08122, 37.55545 ], [ -122.08144, 37.55532 ] ], [ [ -122.08104, 37.55561 ], [ -122.08133, 37.55564 ], [ -122.08093, 37.55532 ], [ -122.08104, 37.55561 ] ], [ [ -122.0905, 37.55901 ], [ -122.09066, 37.55909 ], [ -122.09087, 37.55885 ], [ -122.09036, 37.55858 ], [ -122.0905, 37.55901 ] ], [ [ -122.07751, 37.5586 ], [ -122.07772, 37.55858 ], [ -122.07716, 37.55847 ], [ -122.07689, 37.55863 ], [ -122.07651, 37.55922 ], [ -122.07656, 37.56009 ], [ -122.07643, 37.56025 ], [ -122.07662, 37.56019 ], [ -122.07656, 37.55938 ], [ -122.07683, 37.55876 ], [ -122.07716, 37.55855 ], [ -122.07751, 37.5586 ] ], [ [ -122.07818, 37.55911 ], [ -122.07751, 37.55957 ], [ -122.07689, 37.56025 ], [ -122.07748, 37.55976 ], [ -122.07794, 37.55971 ], [ -122.07818, 37.55911 ] ], [ [ -122.07686, 37.56025 ], [ -122.07686, 37.56027 ], [ -122.07689, 37.56027 ], [ -122.07689, 37.56025 ], [ -122.07686, 37.56025 ] ], [ [ -122.08912, 37.56081 ], [ -122.08909, 37.56022 ], [ -122.08888, 37.55995 ], [ -122.08874, 37.55998 ], [ -122.08864, 37.56041 ], [ -122.08885, 37.56079 ], [ -122.08912, 37.56081 ] ], [ [ -122.08225, 37.55777 ], [ -122.08219, 37.55755 ], [ -122.08163, 37.55782 ], [ -122.08157, 37.55828 ], [ -122.08171, 37.5585 ], [ -122.08206, 37.55852 ], [ -122.08233, 37.55836 ], [ -122.08252, 37.55796 ], [ -122.08222, 37.55779 ], [ -122.08271, 37.55785 ], [ -122.08255, 37.55758 ], [ -122.08241, 37.55755 ], [ -122.08225, 37.55777 ] ], [ [ -122.07737, 37.5562 ], [ -122.07732, 37.5562 ], [ -122.07737, 37.55623 ], [ -122.07737, 37.5562 ] ], [ [ -122.0774, 37.55747 ], [ -122.07775, 37.55723 ], [ -122.07761, 37.55691 ], [ -122.07772, 37.55674 ], [ -122.07753, 37.55669 ], [ -122.07748, 37.55629 ], [ -122.07716, 37.55623 ], [ -122.07629, 37.55677 ], [ -122.07656, 37.55701 ], [ -122.07648, 37.55717 ], [ -122.07667, 37.55712 ], [ -122.07654, 37.55728 ], [ -122.07672, 37.55731 ], [ -122.07691, 37.55752 ], [ -122.0774, 37.55747 ] ], [ [ -122.07648, 37.55707 ], [ -122.07651, 37.55707 ], [ -122.07648, 37.55704 ], [ -122.07648, 37.55707 ] ], [ [ -122.08799, 37.55936 ], [ -122.08799, 37.5589 ], [ -122.08737, 37.55909 ], [ -122.08718, 37.5593 ], [ -122.08688, 37.5593 ], [ -122.08651, 37.55874 ], [ -122.08624, 37.55879 ], [ -122.08608, 37.55901 ], [ -122.08613, 37.5593 ], [ -122.08591, 37.55933 ], [ -122.08632, 37.55957 ], [ -122.08594, 37.55963 ], [ -122.08591, 37.55973 ], [ -122.08699, 37.55976 ], [ -122.08721, 37.55998 ], [ -122.08737, 37.56 ], [ -122.08729, 37.5599 ], [ -122.08745, 37.5599 ], [ -122.08799, 37.55936 ] ], [ [ -122.08645, 37.56049 ], [ -122.0864, 37.56049 ], [ -122.08645, 37.56052 ], [ -122.08645, 37.56049 ] ], [ [ -122.08546, 37.56044 ], [ -122.08551, 37.56054 ], [ -122.08643, 37.56062 ], [ -122.08589, 37.5603 ], [ -122.08567, 37.56041 ], [ -122.08554, 37.56038 ], [ -122.08548, 37.56019 ], [ -122.08529, 37.56022 ], [ -122.08521, 37.56041 ], [ -122.08532, 37.56052 ], [ -122.08546, 37.56044 ] ], [ [ -122.08626, 37.56019 ], [ -122.08616, 37.56014 ], [ -122.08621, 37.56006 ], [ -122.08567, 37.56006 ], [ -122.08562, 37.55998 ], [ -122.08616, 37.55995 ], [ -122.08608, 37.55982 ], [ -122.08575, 37.55976 ], [ -122.08578, 37.55952 ], [ -122.08567, 37.55949 ], [ -122.08575, 37.5596 ], [ -122.08567, 37.55979 ], [ -122.08556, 37.55955 ], [ -122.08554, 37.55971 ], [ -122.08527, 37.55968 ], [ -122.08548, 37.55933 ], [ -122.08529, 37.5592 ], [ -122.08586, 37.55882 ], [ -122.08564, 37.55882 ], [ -122.08567, 37.55876 ], [ -122.08562, 37.55887 ], [ -122.08546, 37.55885 ], [ -122.08554, 37.55895 ], [ -122.08543, 37.55901 ], [ -122.08524, 37.55906 ], [ -122.08532, 37.55893 ], [ -122.08505, 37.55895 ], [ -122.08489, 37.55911 ], [ -122.0843, 37.55922 ], [ -122.08352, 37.55963 ], [ -122.08257, 37.55973 ], [ -122.08179, 37.56003 ], [ -122.0816, 37.55995 ], [ -122.08527, 37.55823 ], [ -122.08705, 37.55747 ], [ -122.08723, 37.55752 ], [ -122.08718, 37.55742 ], [ -122.08777, 37.55723 ], [ -122.0882, 37.55696 ], [ -122.08354, 37.55887 ], [ -122.08122, 37.56 ], [ -122.08009, 37.56009 ], [ -122.07691, 37.5606 ], [ -122.07718, 37.56065 ], [ -122.08004, 37.56017 ], [ -122.08133, 37.56009 ], [ -122.08273, 37.56017 ], [ -122.0837, 37.56035 ], [ -122.08378, 37.5603 ], [ -122.08354, 37.56017 ], [ -122.08384, 37.56027 ], [ -122.08484, 37.5603 ], [ -122.08489, 37.56003 ], [ -122.085, 37.56003 ], [ -122.08527, 37.56017 ], [ -122.08562, 37.56017 ], [ -122.08567, 37.56027 ], [ -122.08554, 37.56035 ], [ -122.08581, 37.56027 ], [ -122.0857, 37.56022 ], [ -122.08583, 37.56022 ], [ -122.0868, 37.56052 ], [ -122.08667, 37.56017 ], [ -122.08645, 37.56022 ], [ -122.08653, 37.56009 ], [ -122.08626, 37.56019 ] ], [ [ -122.08624, 37.56009 ], [ -122.08621, 37.56009 ], [ -122.08624, 37.56011 ], [ -122.08624, 37.56009 ] ], [ [ -122.08573, 37.55879 ], [ -122.08575, 37.55879 ], [ -122.08573, 37.55876 ], [ -122.08573, 37.55879 ] ] ], [ [ [ -122.07034, 37.54909 ], [ -122.07023, 37.54882 ], [ -122.07012, 37.54885 ], [ -122.07015, 37.54825 ], [ -122.07039, 37.54812 ], [ -122.07115, 37.54979 ], [ -122.07058, 37.54984 ], [ -122.07071, 37.54963 ], [ -122.0705, 37.54933 ], [ -122.07028, 37.54933 ], [ -122.07034, 37.54909 ] ], [ [ -122.07031, 37.54879 ], [ -122.07023, 37.54879 ], [ -122.07023, 37.54882 ], [ -122.07031, 37.54879 ] ], [ [ -122.07036, 37.54925 ], [ -122.07039, 37.54925 ], [ -122.07036, 37.54922 ], [ -122.07036, 37.54925 ] ], [ [ -122.07039, 37.54906 ], [ -122.07042, 37.54906 ], [ -122.07036, 37.54901 ], [ -122.07039, 37.54906 ] ], [ [ -122.07063, 37.54936 ], [ -122.07063, 37.54933 ], [ -122.07061, 37.54936 ], [ -122.07063, 37.54936 ] ], [ [ -122.07055, 37.54928 ], [ -122.07055, 37.54933 ], [ -122.07058, 37.54928 ], [ -122.07055, 37.54928 ] ] ], [ [ [ -122.06894, 37.55103 ], [ -122.06562, 37.55232 ], [ -122.065, 37.55246 ], [ -122.06217, 37.55394 ], [ -122.06196, 37.55394 ], [ -122.06489, 37.55235 ], [ -122.06551, 37.55222 ], [ -122.0691, 37.55081 ], [ -122.06894, 37.55103 ] ] ], [ [ [ -122.07244, 37.56874 ], [ -122.07214, 37.56938 ], [ -122.07336, 37.56984 ], [ -122.07449, 37.57054 ], [ -122.07465, 37.57051 ], [ -122.07446, 37.5706 ], [ -122.07451, 37.57068 ], [ -122.07468, 37.5706 ], [ -122.07473, 37.57068 ], [ -122.07449, 37.57076 ], [ -122.07284, 37.56979 ], [ -122.07206, 37.56954 ], [ -122.0719, 37.57006 ], [ -122.07408, 37.57108 ], [ -122.07419, 37.5713 ], [ -122.07384, 37.57157 ], [ -122.07365, 37.57192 ], [ -122.07344, 37.57192 ], [ -122.07217, 37.57113 ], [ -122.07147, 37.57086 ], [ -122.07085, 37.57154 ], [ -122.07098, 37.57175 ], [ -122.07139, 37.57194 ], [ -122.0716, 37.57189 ], [ -122.0716, 37.57202 ], [ -122.07177, 37.57186 ], [ -122.07179, 37.57197 ], [ -122.0726, 37.57205 ], [ -122.07311, 37.57227 ], [ -122.07317, 37.57245 ], [ -122.07276, 37.57267 ], [ -122.0729, 37.57248 ], [ -122.07282, 37.57235 ], [ -122.07214, 37.57213 ], [ -122.07201, 37.57248 ], [ -122.07117, 37.57343 ], [ -122.07147, 37.57378 ], [ -122.07101, 37.57359 ], [ -122.07066, 37.57399 ], [ -122.07069, 37.57383 ], [ -122.07055, 37.57396 ], [ -122.07047, 37.57394 ], [ -122.0715, 37.57286 ], [ -122.0719, 37.57216 ], [ -122.0712, 37.57205 ], [ -122.07071, 37.5717 ], [ -122.07055, 37.5717 ], [ -122.0705, 37.57178 ], [ -122.07088, 37.57197 ], [ -122.07055, 37.57194 ], [ -122.07039, 37.57181 ], [ -122.06999, 37.57205 ], [ -122.06988, 37.57227 ], [ -122.06945, 37.57224 ], [ -122.06937, 37.57237 ], [ -122.06974, 37.57299 ], [ -122.0698, 37.57367 ], [ -122.07031, 37.57386 ], [ -122.07012, 37.57386 ], [ -122.07031, 37.57399 ], [ -122.07023, 37.57402 ], [ -122.06896, 37.57369 ], [ -122.06926, 37.57367 ], [ -122.06907, 37.57359 ], [ -122.06961, 37.57359 ], [ -122.06953, 37.57291 ], [ -122.06921, 37.57243 ], [ -122.06861, 37.57267 ], [ -122.06888, 37.57326 ], [ -122.06869, 37.57302 ], [ -122.06869, 37.57343 ], [ -122.06867, 37.57313 ], [ -122.0684, 37.57281 ], [ -122.06737, 37.57221 ], [ -122.06619, 37.5721 ], [ -122.06616, 37.57275 ], [ -122.06613, 37.57259 ], [ -122.06603, 37.57264 ], [ -122.066, 37.57213 ], [ -122.06576, 37.57208 ], [ -122.06664, 37.572 ], [ -122.06567, 37.57197 ], [ -122.06708, 37.57192 ], [ -122.06748, 37.57138 ], [ -122.06748, 37.57127 ], [ -122.06718, 37.57113 ], [ -122.06729, 37.57103 ], [ -122.06856, 37.57167 ], [ -122.06856, 37.57184 ], [ -122.06834, 37.57173 ], [ -122.0685, 37.57186 ], [ -122.06834, 37.57189 ], [ -122.0681, 37.57162 ], [ -122.06764, 37.57143 ], [ -122.06724, 37.57186 ], [ -122.06726, 37.572 ], [ -122.06834, 37.57254 ], [ -122.06966, 37.57197 ], [ -122.06969, 37.57178 ], [ -122.06929, 37.5714 ], [ -122.06713, 37.57027 ], [ -122.06627, 37.56954 ], [ -122.06597, 37.56954 ], [ -122.06632, 37.56933 ], [ -122.06675, 37.56984 ], [ -122.0674, 37.57014 ], [ -122.06856, 37.56938 ], [ -122.06832, 37.5689 ], [ -122.06786, 37.56901 ], [ -122.06821, 37.56868 ], [ -122.0684, 37.5689 ], [ -122.06834, 37.56879 ], [ -122.06837, 37.56868 ], [ -122.06875, 37.56927 ], [ -122.06902, 37.56917 ], [ -122.06918, 37.56919 ], [ -122.06945, 37.56911 ], [ -122.0695, 37.56914 ], [ -122.06934, 37.56919 ], [ -122.06945, 37.56925 ], [ -122.06821, 37.56971 ], [ -122.06759, 37.57022 ], [ -122.06764, 37.57033 ], [ -122.0681, 37.57054 ], [ -122.06848, 37.57025 ], [ -122.06923, 37.56995 ], [ -122.06921, 37.57008 ], [ -122.06834, 37.5706 ], [ -122.06837, 37.57073 ], [ -122.06877, 37.57095 ], [ -122.06958, 37.57054 ], [ -122.07058, 37.57041 ], [ -122.07071, 37.56989 ], [ -122.06958, 37.56995 ], [ -122.06977, 37.56984 ], [ -122.06953, 37.56984 ], [ -122.07085, 37.56968 ], [ -122.07093, 37.56919 ], [ -122.0698, 37.56914 ], [ -122.07018, 37.56911 ], [ -122.06991, 37.56906 ], [ -122.07028, 37.56901 ], [ -122.07109, 37.56901 ], [ -122.0712, 37.56844 ], [ -122.0708, 37.56779 ], [ -122.07101, 37.56787 ], [ -122.07088, 37.56771 ], [ -122.07098, 37.56774 ], [ -122.07139, 37.5683 ], [ -122.0726, 37.56847 ], [ -122.0726, 37.56866 ], [ -122.07379, 37.5693 ], [ -122.07365, 37.5693 ], [ -122.07379, 37.56941 ], [ -122.07373, 37.56944 ], [ -122.07244, 37.56874 ] ], [ [ -122.06842, 37.56892 ], [ -122.06842, 37.5689 ], [ -122.0684, 37.5689 ], [ -122.06842, 37.56892 ] ], [ [ -122.06845, 37.56895 ], [ -122.06845, 37.56892 ], [ -122.06842, 37.56892 ], [ -122.06845, 37.56895 ] ], [ [ -122.07106, 37.56793 ], [ -122.07106, 37.56787 ], [ -122.07104, 37.5679 ], [ -122.07106, 37.56793 ] ], [ [ -122.07212, 37.56903 ], [ -122.07214, 37.56903 ], [ -122.07212, 37.56901 ], [ -122.07212, 37.56903 ] ], [ [ -122.0667, 37.56989 ], [ -122.06673, 37.56989 ], [ -122.0667, 37.56987 ], [ -122.0667, 37.56989 ] ], [ [ -122.0719, 37.56963 ], [ -122.07193, 37.56963 ], [ -122.0719, 37.5696 ], [ -122.0719, 37.56963 ] ], [ [ -122.06813, 37.56971 ], [ -122.06815, 37.56971 ], [ -122.06813, 37.56968 ], [ -122.06813, 37.56971 ] ], [ [ -122.07136, 37.572 ], [ -122.07139, 37.572 ], [ -122.07136, 37.57197 ], [ -122.07136, 37.572 ] ], [ [ -122.06845, 37.56901 ], [ -122.06848, 37.56901 ], [ -122.06845, 37.56898 ], [ -122.06845, 37.56901 ] ], [ [ -122.07379, 37.57025 ], [ -122.07381, 37.57025 ], [ -122.07379, 37.57022 ], [ -122.07379, 37.57025 ] ], [ [ -122.07241, 37.56857 ], [ -122.07236, 37.56857 ], [ -122.07241, 37.5686 ], [ -122.07241, 37.56857 ] ], [ [ -122.07236, 37.56863 ], [ -122.07236, 37.5686 ], [ -122.07233, 37.56863 ], [ -122.07236, 37.56863 ] ], [ [ -122.07144, 37.57202 ], [ -122.07155, 37.57202 ], [ -122.07144, 37.572 ], [ -122.07144, 37.57202 ] ], [ [ -122.0722, 37.56852 ], [ -122.0722, 37.56849 ], [ -122.07217, 37.56852 ], [ -122.0722, 37.56852 ] ], [ [ -122.07209, 37.56849 ], [ -122.07217, 37.56849 ], [ -122.07209, 37.56847 ], [ -122.07209, 37.56849 ] ], [ [ -122.07384, 37.57148 ], [ -122.07381, 37.57148 ], [ -122.07384, 37.57151 ], [ -122.07384, 37.57148 ] ], [ [ -122.07381, 37.57157 ], [ -122.07381, 37.57151 ], [ -122.07379, 37.57157 ], [ -122.07381, 37.57157 ] ], [ [ -122.07376, 37.57159 ], [ -122.07379, 37.57159 ], [ -122.07379, 37.57157 ], [ -122.07376, 37.57159 ] ], [ [ -122.074, 37.57035 ], [ -122.074, 37.57033 ], [ -122.07398, 37.57035 ], [ -122.074, 37.57035 ] ], [ [ -122.07387, 37.57027 ], [ -122.07389, 37.57033 ], [ -122.07392, 37.57027 ], [ -122.07387, 37.57027 ] ], [ [ -122.07384, 37.57025 ], [ -122.07384, 37.57027 ], [ -122.07387, 37.57027 ], [ -122.07384, 37.57025 ] ], [ [ -122.07158, 37.57283 ], [ -122.07144, 37.57299 ], [ -122.07158, 37.57289 ], [ -122.07158, 37.57283 ] ], [ [ -122.06974, 37.57213 ], [ -122.06982, 37.57213 ], [ -122.0698, 37.57208 ], [ -122.06974, 37.57213 ] ], [ [ -122.06966, 37.57221 ], [ -122.06974, 37.57221 ], [ -122.06974, 37.57213 ], [ -122.06966, 37.57221 ] ], [ [ -122.06861, 37.57259 ], [ -122.06875, 37.57256 ], [ -122.06894, 37.57243 ], [ -122.06872, 37.57248 ], [ -122.06861, 37.57259 ] ], [ [ -122.06794, 37.57243 ], [ -122.06794, 37.5724 ], [ -122.06791, 37.57243 ], [ -122.06794, 37.57243 ] ], [ [ -122.06762, 37.57224 ], [ -122.06783, 37.5724 ], [ -122.06775, 37.57227 ], [ -122.06762, 37.57224 ] ], [ [ -122.06756, 37.57221 ], [ -122.06756, 37.57224 ], [ -122.06762, 37.57224 ], [ -122.06756, 37.57221 ] ], [ [ -122.07349, 37.57167 ], [ -122.07389, 37.57135 ], [ -122.07384, 37.57122 ], [ -122.07214, 37.5703 ], [ -122.07185, 37.57022 ], [ -122.07163, 37.5707 ], [ -122.07349, 37.57167 ] ], [ [ -122.07222, 37.56863 ], [ -122.07185, 37.56847 ], [ -122.07144, 37.56847 ], [ -122.07082, 37.57043 ], [ -122.07139, 37.5706 ], [ -122.07222, 37.56863 ] ], [ [ -122.07082, 37.5706 ], [ -122.07015, 37.57057 ], [ -122.07004, 37.57065 ], [ -122.07001, 37.57057 ], [ -122.06996, 37.57057 ], [ -122.06999, 37.57068 ], [ -122.06929, 37.57084 ], [ -122.06907, 37.57108 ], [ -122.06972, 37.57151 ], [ -122.06991, 37.57178 ], [ -122.07069, 37.5714 ], [ -122.07125, 37.57086 ], [ -122.0712, 37.5707 ], [ -122.07082, 37.5706 ] ] ], [ [ [ -122.07589, 37.57006 ], [ -122.0719, 37.57466 ], [ -122.07179, 37.57464 ], [ -122.07562, 37.57022 ], [ -122.07589, 37.57006 ] ] ], [ [ [ -122.06821, 37.57423 ], [ -122.06818, 37.57434 ], [ -122.06832, 37.57426 ], [ -122.06837, 37.57429 ], [ -122.06799, 37.57469 ], [ -122.06753, 37.57553 ], [ -122.06756, 37.57523 ], [ -122.06737, 37.57555 ], [ -122.06732, 37.57542 ], [ -122.06686, 37.57528 ], [ -122.06697, 37.5752 ], [ -122.0674, 37.57528 ], [ -122.06762, 37.57477 ], [ -122.06673, 37.57458 ], [ -122.06638, 37.57437 ], [ -122.06694, 37.57445 ], [ -122.06753, 37.57375 ], [ -122.06759, 37.57386 ], [ -122.06716, 37.5745 ], [ -122.06772, 37.57466 ], [ -122.06861, 37.5738 ], [ -122.06842, 37.57413 ], [ -122.06821, 37.57423 ] ], [ [ -122.06815, 37.57437 ], [ -122.06818, 37.57437 ], [ -122.06818, 37.57434 ], [ -122.06815, 37.57437 ] ], [ [ -122.06654, 37.5744 ], [ -122.06648, 37.5744 ], [ -122.06654, 37.57442 ], [ -122.06654, 37.5744 ] ] ], [ [ [ -122.07311, 37.57612 ], [ -122.07349, 37.57658 ], [ -122.07368, 37.57658 ], [ -122.07398, 37.57625 ], [ -122.073, 37.57472 ], [ -122.07271, 37.57458 ], [ -122.07247, 37.57483 ], [ -122.07252, 37.57469 ], [ -122.07236, 37.57469 ], [ -122.07451, 37.57227 ], [ -122.0754, 37.57173 ], [ -122.07527, 37.57138 ], [ -122.07543, 37.57154 ], [ -122.07554, 37.57135 ], [ -122.07554, 37.57157 ], [ -122.0757, 37.57159 ], [ -122.07624, 37.57127 ], [ -122.07586, 37.57084 ], [ -122.07589, 37.57068 ], [ -122.07613, 37.57062 ], [ -122.0764, 37.57108 ], [ -122.07659, 37.57105 ], [ -122.07683, 37.57078 ], [ -122.07702, 37.571 ], [ -122.07575, 37.57178 ], [ -122.076, 37.57221 ], [ -122.07694, 37.57175 ], [ -122.0771, 37.57175 ], [ -122.07694, 37.57192 ], [ -122.07718, 37.57184 ], [ -122.0771, 37.572 ], [ -122.07683, 37.57202 ], [ -122.07613, 37.5724 ], [ -122.07648, 37.57297 ], [ -122.0768, 37.57291 ], [ -122.07732, 37.57245 ], [ -122.07761, 37.57251 ], [ -122.07759, 37.5727 ], [ -122.07718, 37.57281 ], [ -122.07667, 37.57316 ], [ -122.07689, 37.57364 ], [ -122.07748, 37.57343 ], [ -122.07775, 37.57318 ], [ -122.07799, 37.57326 ], [ -122.07791, 37.57345 ], [ -122.07705, 37.5738 ], [ -122.07726, 37.57421 ], [ -122.07742, 37.57429 ], [ -122.07813, 37.57391 ], [ -122.07842, 37.57402 ], [ -122.07831, 37.57418 ], [ -122.07799, 37.57418 ], [ -122.07751, 37.5744 ], [ -122.07753, 37.57464 ], [ -122.07778, 37.57493 ], [ -122.07853, 37.57466 ], [ -122.07869, 37.57466 ], [ -122.07877, 37.57475 ], [ -122.07869, 37.57488 ], [ -122.07842, 37.57485 ], [ -122.07791, 37.5751 ], [ -122.07826, 37.57555 ], [ -122.0795, 37.57523 ], [ -122.07955, 37.57539 ], [ -122.07918, 37.57558 ], [ -122.07963, 37.57647 ], [ -122.07988, 37.57666 ], [ -122.08015, 37.57666 ], [ -122.07993, 37.57677 ], [ -122.0802, 37.57687 ], [ -122.07996, 37.57687 ], [ -122.07945, 37.57652 ], [ -122.07893, 37.57555 ], [ -122.07788, 37.57604 ], [ -122.07764, 37.57625 ], [ -122.07772, 37.57639 ], [ -122.07818, 37.57663 ], [ -122.07839, 37.57642 ], [ -122.07839, 37.57661 ], [ -122.07864, 37.5765 ], [ -122.07842, 37.57674 ], [ -122.07961, 37.57736 ], [ -122.07963, 37.57763 ], [ -122.07829, 37.57914 ], [ -122.07726, 37.57865 ], [ -122.0768, 37.57822 ], [ -122.07629, 37.57846 ], [ -122.07629, 37.57865 ], [ -122.07659, 37.57892 ], [ -122.07813, 37.57984 ], [ -122.07799, 37.57995 ], [ -122.07769, 37.57981 ], [ -122.0771, 37.58046 ], [ -122.0771, 37.58035 ], [ -122.07697, 37.58043 ], [ -122.07751, 37.57965 ], [ -122.07697, 37.57941 ], [ -122.0764, 37.58005 ], [ -122.07562, 37.58062 ], [ -122.07597, 37.58111 ], [ -122.07618, 37.58119 ], [ -122.07602, 37.58121 ], [ -122.07605, 37.58132 ], [ -122.07543, 37.58076 ], [ -122.07489, 37.58094 ], [ -122.07484, 37.58108 ], [ -122.07473, 37.58102 ], [ -122.07473, 37.58119 ], [ -122.07443, 37.58076 ], [ -122.07462, 37.58086 ], [ -122.07451, 37.58057 ], [ -122.0747, 37.58084 ], [ -122.07489, 37.58084 ], [ -122.07565, 37.58043 ], [ -122.07627, 37.57987 ], [ -122.07521, 37.57903 ], [ -122.07462, 37.57838 ], [ -122.074, 37.57798 ], [ -122.07365, 37.5779 ], [ -122.07416, 37.57725 ], [ -122.07411, 37.57714 ], [ -122.0736, 37.57693 ], [ -122.07314, 37.57744 ], [ -122.07303, 37.57744 ], [ -122.07317, 37.57725 ], [ -122.07298, 37.57722 ], [ -122.07314, 37.5772 ], [ -122.07346, 37.57677 ], [ -122.07298, 37.57631 ], [ -122.07233, 37.57655 ], [ -122.07249, 37.57674 ], [ -122.07241, 37.5769 ], [ -122.07225, 37.57693 ], [ -122.07201, 37.57677 ], [ -122.07158, 37.57717 ], [ -122.07212, 37.57763 ], [ -122.07198, 37.57763 ], [ -122.07203, 37.57774 ], [ -122.07141, 37.57739 ], [ -122.07106, 37.57774 ], [ -122.07115, 37.57793 ], [ -122.07071, 37.57776 ], [ -122.07112, 37.57806 ], [ -122.07088, 37.57798 ], [ -122.07061, 37.57825 ], [ -122.07066, 37.57811 ], [ -122.07055, 37.5782 ], [ -122.0705, 37.57817 ], [ -122.07071, 37.57782 ], [ -122.07012, 37.57758 ], [ -122.0691, 37.57873 ], [ -122.06912, 37.57855 ], [ -122.06891, 37.57871 ], [ -122.06982, 37.57763 ], [ -122.06988, 37.57741 ], [ -122.07098, 37.57631 ], [ -122.0716, 37.57588 ], [ -122.07155, 37.57574 ], [ -122.07179, 37.57588 ], [ -122.07206, 37.57577 ], [ -122.07179, 37.5758 ], [ -122.07171, 37.57561 ], [ -122.07195, 37.57572 ], [ -122.07247, 37.57547 ], [ -122.07225, 37.57518 ], [ -122.07247, 37.57523 ], [ -122.07239, 37.5751 ], [ -122.07244, 37.57507 ], [ -122.07279, 37.57539 ], [ -122.07311, 37.57612 ] ], [ [ -122.07465, 37.58089 ], [ -122.07465, 37.58086 ], [ -122.07462, 37.58086 ], [ -122.07465, 37.58089 ] ], [ [ -122.07195, 37.5776 ], [ -122.07195, 37.57763 ], [ -122.07198, 37.57763 ], [ -122.07195, 37.5776 ] ], [ [ -122.07193, 37.57758 ], [ -122.07193, 37.5776 ], [ -122.07195, 37.5776 ], [ -122.07193, 37.57758 ] ], [ [ -122.07069, 37.57774 ], [ -122.07069, 37.57776 ], [ -122.07071, 37.57776 ], [ -122.07069, 37.57774 ] ], [ [ -122.07853, 37.57483 ], [ -122.07872, 37.5748 ], [ -122.07853, 37.57472 ], [ -122.07853, 37.57483 ] ], [ [ -122.07206, 37.57572 ], [ -122.07206, 37.57574 ], [ -122.07209, 37.57572 ], [ -122.07206, 37.57572 ] ], [ [ -122.07608, 37.57251 ], [ -122.0761, 37.57251 ], [ -122.07608, 37.57245 ], [ -122.07608, 37.57251 ] ], [ [ -122.07044, 37.57704 ], [ -122.07042, 37.57704 ], [ -122.07044, 37.57709 ], [ -122.07044, 37.57704 ] ], [ [ -122.07042, 37.57714 ], [ -122.07042, 37.57709 ], [ -122.07036, 37.57714 ], [ -122.07042, 37.57714 ] ], [ [ -122.07586, 37.57946 ], [ -122.07586, 37.57943 ], [ -122.07583, 37.57946 ], [ -122.07586, 37.57946 ] ], [ [ -122.07581, 37.57943 ], [ -122.07583, 37.57943 ], [ -122.07581, 37.57941 ], [ -122.07581, 37.57943 ] ], [ [ -122.07573, 37.57935 ], [ -122.07575, 37.57941 ], [ -122.07578, 37.57935 ], [ -122.07573, 37.57935 ] ], [ [ -122.0757, 37.57933 ], [ -122.0757, 37.57935 ], [ -122.07573, 37.57935 ], [ -122.0757, 37.57933 ] ], [ [ -122.07567, 37.5793 ], [ -122.07567, 37.57933 ], [ -122.0757, 37.57933 ], [ -122.07567, 37.5793 ] ], [ [ -122.07179, 37.57685 ], [ -122.07174, 37.57685 ], [ -122.07168, 37.57696 ], [ -122.07179, 37.57685 ] ], [ [ -122.07166, 37.57698 ], [ -122.07168, 37.57698 ], [ -122.07168, 37.57696 ], [ -122.07166, 37.57698 ] ], [ [ -122.07365, 37.5734 ], [ -122.07381, 37.57326 ], [ -122.07368, 37.57329 ], [ -122.07365, 37.5734 ] ], [ [ -122.07362, 37.57343 ], [ -122.07365, 37.57343 ], [ -122.07365, 37.5734 ], [ -122.07362, 37.57343 ] ], [ [ -122.07236, 37.57674 ], [ -122.07225, 37.57674 ], [ -122.07239, 37.57685 ], [ -122.07236, 37.57674 ] ], [ [ -122.07484, 37.57849 ], [ -122.07484, 37.57846 ], [ -122.07481, 37.57849 ], [ -122.07484, 37.57849 ] ], [ [ -122.07454, 37.57825 ], [ -122.07476, 37.57846 ], [ -122.07459, 37.57825 ], [ -122.07454, 37.57825 ] ], [ [ -122.07451, 37.57822 ], [ -122.07451, 37.57825 ], [ -122.07454, 37.57825 ], [ -122.07451, 37.57822 ] ], [ [ -122.07147, 37.57607 ], [ -122.07136, 37.57609 ], [ -122.07123, 37.57625 ], [ -122.07144, 37.57615 ], [ -122.07147, 37.57607 ] ], [ [ -122.0712, 37.57628 ], [ -122.07123, 37.57628 ], [ -122.07123, 37.57625 ], [ -122.0712, 37.57628 ] ], [ [ -122.07117, 37.57631 ], [ -122.0712, 37.57631 ], [ -122.0712, 37.57628 ], [ -122.07117, 37.57631 ] ], [ [ -122.07594, 37.57078 ], [ -122.07608, 37.57084 ], [ -122.07597, 37.57068 ], [ -122.07594, 37.57078 ] ], [ [ -122.07284, 37.57615 ], [ -122.07263, 37.57563 ], [ -122.07141, 37.5762 ], [ -122.07031, 37.57741 ], [ -122.0709, 37.57771 ], [ -122.07193, 37.57658 ], [ -122.07284, 37.57615 ] ], [ [ -122.07414, 37.57601 ], [ -122.07497, 37.57502 ], [ -122.07457, 37.57466 ], [ -122.07336, 37.57399 ], [ -122.07292, 37.57445 ], [ -122.07357, 37.57512 ], [ -122.07376, 37.57502 ], [ -122.07406, 37.5751 ], [ -122.074, 37.57526 ], [ -122.07373, 37.57528 ], [ -122.07373, 37.57542 ], [ -122.07414, 37.57601 ] ], [ [ -122.0747, 37.57749 ], [ -122.07435, 37.57733 ], [ -122.07398, 37.57771 ], [ -122.07403, 37.57782 ], [ -122.07511, 37.57857 ], [ -122.07597, 37.57946 ], [ -122.07648, 37.5797 ], [ -122.0768, 37.57933 ], [ -122.07672, 37.57919 ], [ -122.0747, 37.57749 ] ], [ [ -122.07583, 37.57421 ], [ -122.0767, 37.57378 ], [ -122.07648, 37.57326 ], [ -122.07567, 37.57361 ], [ -122.07513, 37.57407 ], [ -122.07384, 37.5734 ], [ -122.07344, 37.57383 ], [ -122.07449, 37.5744 ], [ -122.075, 37.57485 ], [ -122.07516, 37.57485 ], [ -122.07583, 37.57421 ] ], [ [ -122.07532, 37.57197 ], [ -122.07449, 37.57262 ], [ -122.07497, 37.57299 ], [ -122.0753, 37.57278 ], [ -122.07524, 37.57291 ], [ -122.07535, 37.57289 ], [ -122.07495, 37.57316 ], [ -122.07427, 37.57283 ], [ -122.07395, 37.57324 ], [ -122.07508, 37.57386 ], [ -122.07627, 37.57316 ], [ -122.07635, 37.57305 ], [ -122.07557, 37.57192 ], [ -122.07532, 37.57197 ] ], [ [ -122.0753, 37.57518 ], [ -122.07513, 37.57518 ], [ -122.07381, 37.57677 ], [ -122.0747, 37.57725 ], [ -122.07616, 37.57838 ], [ -122.07659, 37.57798 ], [ -122.07589, 37.57736 ], [ -122.07476, 37.57663 ], [ -122.0757, 37.5755 ], [ -122.0753, 37.57518 ] ], [ [ -122.07718, 37.57518 ], [ -122.07753, 37.57504 ], [ -122.07726, 37.57456 ], [ -122.07672, 37.57477 ], [ -122.07659, 37.57499 ], [ -122.07648, 37.57496 ], [ -122.07659, 37.5748 ], [ -122.07635, 37.57488 ], [ -122.07713, 37.57437 ], [ -122.07689, 37.57391 ], [ -122.07562, 37.57464 ], [ -122.07532, 37.57502 ], [ -122.07748, 37.57617 ], [ -122.07804, 37.57561 ], [ -122.07772, 37.57523 ], [ -122.07737, 37.57545 ], [ -122.07718, 37.57539 ], [ -122.07718, 37.57518 ] ], [ [ -122.07823, 37.57892 ], [ -122.07939, 37.57747 ], [ -122.07799, 37.57669 ], [ -122.07756, 37.57736 ], [ -122.07691, 37.57809 ], [ -122.07742, 37.57846 ], [ -122.07807, 37.57779 ], [ -122.07804, 37.57793 ], [ -122.07821, 37.57782 ], [ -122.07759, 37.57863 ], [ -122.07823, 37.57892 ] ], [ [ -122.07662, 37.57782 ], [ -122.07683, 37.57787 ], [ -122.07751, 37.57706 ], [ -122.07769, 37.57655 ], [ -122.076, 37.57558 ], [ -122.07557, 37.57604 ], [ -122.0764, 37.5765 ], [ -122.07643, 37.57663 ], [ -122.07548, 37.57617 ], [ -122.07527, 37.57625 ], [ -122.07505, 37.57661 ], [ -122.07583, 37.57706 ], [ -122.07662, 37.57782 ] ] ], [ [ [ -122.06751, 37.57954 ], [ -122.07171, 37.5748 ], [ -122.06759, 37.57954 ], [ -122.06751, 37.57954 ] ] ], [ [ [ -122.07362, 37.58076 ], [ -122.07352, 37.58089 ], [ -122.07265, 37.57997 ], [ -122.07201, 37.58046 ], [ -122.07239, 37.57981 ], [ -122.07182, 37.57954 ], [ -122.07044, 37.58111 ], [ -122.07101, 37.58146 ], [ -122.07141, 37.581 ], [ -122.07152, 37.581 ], [ -122.07136, 37.58113 ], [ -122.0715, 37.58121 ], [ -122.07117, 37.58159 ], [ -122.07171, 37.58191 ], [ -122.07187, 37.58191 ], [ -122.07195, 37.58175 ], [ -122.07198, 37.58189 ], [ -122.07212, 37.58189 ], [ -122.07201, 37.58205 ], [ -122.07236, 37.58226 ], [ -122.0722, 37.58226 ], [ -122.07236, 37.58237 ], [ -122.07236, 37.58243 ], [ -122.07036, 37.58132 ], [ -122.06993, 37.58159 ], [ -122.06991, 37.58151 ], [ -122.06974, 37.58156 ], [ -122.07009, 37.58124 ], [ -122.07004, 37.58113 ], [ -122.06794, 37.58 ], [ -122.06823, 37.57962 ], [ -122.06799, 37.57973 ], [ -122.06823, 37.57938 ], [ -122.06883, 37.57873 ], [ -122.06888, 37.57881 ], [ -122.06904, 37.57873 ], [ -122.06864, 37.5793 ], [ -122.06923, 37.5796 ], [ -122.06958, 37.57925 ], [ -122.06961, 37.57943 ], [ -122.06942, 37.57965 ], [ -122.06953, 37.57995 ], [ -122.06856, 37.57941 ], [ -122.06813, 37.57989 ], [ -122.06872, 37.58022 ], [ -122.06859, 37.58024 ], [ -122.06869, 37.58035 ], [ -122.06902, 37.58049 ], [ -122.06877, 37.58032 ], [ -122.0688, 37.58027 ], [ -122.07031, 37.58102 ], [ -122.0722, 37.5789 ], [ -122.07168, 37.57852 ], [ -122.07128, 37.57887 ], [ -122.07115, 37.57884 ], [ -122.07144, 37.57844 ], [ -122.07131, 37.57825 ], [ -122.07139, 37.57809 ], [ -122.07295, 37.57906 ], [ -122.07274, 37.57903 ], [ -122.07292, 37.57917 ], [ -122.07284, 37.57919 ], [ -122.0723, 37.57898 ], [ -122.07201, 37.57941 ], [ -122.07287, 37.57992 ], [ -122.07362, 37.58076 ] ], [ [ -122.07217, 37.58224 ], [ -122.07217, 37.58226 ], [ -122.0722, 37.58226 ], [ -122.07217, 37.58224 ] ], [ [ -122.07144, 37.57822 ], [ -122.07141, 37.57822 ], [ -122.07144, 37.57825 ], [ -122.07144, 37.57822 ] ], [ [ -122.07147, 37.57828 ], [ -122.07147, 37.57825 ], [ -122.07144, 37.57825 ], [ -122.07147, 37.57828 ] ], [ [ -122.07212, 37.58224 ], [ -122.07214, 37.58224 ], [ -122.07212, 37.58221 ], [ -122.07212, 37.58224 ] ], [ [ -122.06999, 37.58105 ], [ -122.07001, 37.58105 ], [ -122.06999, 37.58102 ], [ -122.06999, 37.58105 ] ], [ [ -122.07071, 37.58067 ], [ -122.07074, 37.58067 ], [ -122.07071, 37.58062 ], [ -122.07071, 37.58067 ] ], [ [ -122.07233, 37.57884 ], [ -122.07239, 37.57884 ], [ -122.07233, 37.57879 ], [ -122.07233, 37.57884 ] ], [ [ -122.07303, 37.58019 ], [ -122.07303, 37.58016 ], [ -122.073, 37.58019 ], [ -122.07303, 37.58019 ] ], [ [ -122.07298, 37.58016 ], [ -122.073, 37.58016 ], [ -122.07298, 37.58014 ], [ -122.07298, 37.58016 ] ], [ [ -122.07295, 37.58011 ], [ -122.07295, 37.58014 ], [ -122.07298, 37.58014 ], [ -122.07295, 37.58011 ] ] ], [ [ [ -122.0743, 37.58022 ], [ -122.07476, 37.58008 ], [ -122.07476, 37.58022 ], [ -122.07443, 37.58038 ], [ -122.07451, 37.58057 ], [ -122.07414, 37.58005 ], [ -122.07422, 37.58008 ], [ -122.0743, 37.58022 ] ] ], [ [ [ -122.07497, 37.58164 ], [ -122.07387, 37.5828 ], [ -122.07371, 37.58275 ], [ -122.07384, 37.58256 ], [ -122.07341, 37.58216 ], [ -122.07352, 37.58218 ], [ -122.07346, 37.58208 ], [ -122.07352, 37.58208 ], [ -122.07398, 37.58245 ], [ -122.07438, 37.5821 ], [ -122.07403, 37.58162 ], [ -122.07454, 37.58189 ], [ -122.07495, 37.58148 ], [ -122.07489, 37.5814 ], [ -122.07492, 37.58135 ], [ -122.07527, 37.5817 ], [ -122.07497, 37.58164 ] ], [ [ -122.07478, 37.58175 ], [ -122.07481, 37.58173 ], [ -122.07478, 37.58173 ], [ -122.07478, 37.58175 ] ], [ [ -122.0743, 37.58226 ], [ -122.07427, 37.58229 ], [ -122.0743, 37.58229 ], [ -122.0743, 37.58226 ] ], [ [ -122.07424, 37.58232 ], [ -122.07427, 37.58232 ], [ -122.07427, 37.58229 ], [ -122.07424, 37.58232 ] ], [ [ -122.07422, 37.58235 ], [ -122.07424, 37.58235 ], [ -122.07424, 37.58232 ], [ -122.07422, 37.58235 ] ], [ [ -122.07419, 37.58237 ], [ -122.07422, 37.58237 ], [ -122.07422, 37.58235 ], [ -122.07419, 37.58237 ] ] ], [ [ [ -122.07511, 37.58491 ], [ -122.07497, 37.58469 ], [ -122.07567, 37.58402 ], [ -122.07616, 37.58391 ], [ -122.07618, 37.58377 ], [ -122.07632, 37.58394 ], [ -122.07654, 37.58394 ], [ -122.07656, 37.58423 ], [ -122.07694, 37.58456 ], [ -122.07721, 37.58439 ], [ -122.07721, 37.5841 ], [ -122.0768, 37.58356 ], [ -122.07664, 37.58353 ], [ -122.07654, 37.58326 ], [ -122.07683, 37.5831 ], [ -122.07697, 37.5828 ], [ -122.07662, 37.58264 ], [ -122.07675, 37.58307 ], [ -122.07656, 37.58299 ], [ -122.07645, 37.58264 ], [ -122.07656, 37.58256 ], [ -122.0764, 37.58245 ], [ -122.07662, 37.58251 ], [ -122.07654, 37.5824 ], [ -122.07678, 37.5824 ], [ -122.07829, 37.58054 ], [ -122.0785, 37.58057 ], [ -122.07931, 37.58119 ], [ -122.07958, 37.58102 ], [ -122.07848, 37.58016 ], [ -122.07872, 37.58016 ], [ -122.07972, 37.58081 ], [ -122.08004, 37.58062 ], [ -122.07888, 37.57973 ], [ -122.07928, 37.57933 ], [ -122.0791, 37.57976 ], [ -122.07942, 37.57997 ], [ -122.07955, 37.57984 ], [ -122.07972, 37.57984 ], [ -122.07955, 37.58003 ], [ -122.0798, 37.57989 ], [ -122.07966, 37.58014 ], [ -122.08017, 37.58043 ], [ -122.08028, 37.57957 ], [ -122.07998, 37.57952 ], [ -122.08017, 37.57941 ], [ -122.07998, 37.57935 ], [ -122.08028, 37.57927 ], [ -122.08028, 37.57884 ], [ -122.08015, 37.57876 ], [ -122.08028, 37.57857 ], [ -122.08015, 37.57849 ], [ -122.08015, 37.57836 ], [ -122.08034, 37.57849 ], [ -122.08039, 37.57833 ], [ -122.08042, 37.5803 ], [ -122.08028, 37.58062 ], [ -122.08063, 37.58089 ], [ -122.08039, 37.581 ], [ -122.08015, 37.5807 ], [ -122.07996, 37.58097 ], [ -122.0806, 37.58127 ], [ -122.08071, 37.58076 ], [ -122.08071, 37.58173 ], [ -122.0806, 37.58148 ], [ -122.08052, 37.58154 ], [ -122.0798, 37.58111 ], [ -122.07945, 37.58146 ], [ -122.07934, 37.58216 ], [ -122.07939, 37.58286 ], [ -122.08001, 37.58291 ], [ -122.08001, 37.58175 ], [ -122.08028, 37.58173 ], [ -122.08015, 37.58353 ], [ -122.07748, 37.58666 ], [ -122.07683, 37.58636 ], [ -122.07737, 37.58674 ], [ -122.07707, 37.58717 ], [ -122.07683, 37.58722 ], [ -122.07678, 37.58703 ], [ -122.07716, 37.58663 ], [ -122.0767, 37.58639 ], [ -122.07586, 37.5872 ], [ -122.07592, 37.58701 ], [ -122.07578, 37.58706 ], [ -122.07578, 37.58682 ], [ -122.07381, 37.58585 ], [ -122.07446, 37.58493 ], [ -122.07414, 37.58482 ], [ -122.07376, 37.58526 ], [ -122.07373, 37.5852 ], [ -122.0743, 37.58458 ], [ -122.07481, 37.58493 ], [ -122.07511, 37.58491 ] ], [ [ -122.07651, 37.58426 ], [ -122.07654, 37.58426 ], [ -122.07651, 37.58423 ], [ -122.07651, 37.58426 ] ], [ [ -122.07492, 37.58509 ], [ -122.07495, 37.58509 ], [ -122.07492, 37.58507 ], [ -122.07492, 37.58509 ] ], [ [ -122.07629, 37.58404 ], [ -122.07632, 37.58404 ], [ -122.07629, 37.58402 ], [ -122.07629, 37.58404 ] ], [ [ -122.07486, 37.58504 ], [ -122.07492, 37.58504 ], [ -122.07486, 37.58501 ], [ -122.07486, 37.58504 ] ], [ [ -122.0785, 37.58472 ], [ -122.0785, 37.58469 ], [ -122.07845, 37.58472 ], [ -122.0785, 37.58472 ] ], [ [ -122.07839, 37.58469 ], [ -122.07845, 37.58469 ], [ -122.07839, 37.58466 ], [ -122.07839, 37.58469 ] ], [ [ -122.07875, 37.58477 ], [ -122.0799, 37.5835 ], [ -122.08007, 37.58305 ], [ -122.07937, 37.58305 ], [ -122.07926, 37.58332 ], [ -122.07826, 37.58442 ], [ -122.07875, 37.58477 ] ], [ [ -122.07721, 37.5865 ], [ -122.07737, 37.58647 ], [ -122.07866, 37.58496 ], [ -122.07823, 37.58464 ], [ -122.07807, 37.58464 ], [ -122.07678, 37.58615 ], [ -122.07721, 37.5865 ] ], [ [ -122.07416, 37.58563 ], [ -122.07422, 37.58579 ], [ -122.07602, 37.58674 ], [ -122.07637, 37.5862 ], [ -122.07503, 37.5855 ], [ -122.0747, 37.58518 ], [ -122.07457, 37.58518 ], [ -122.07416, 37.58563 ] ], [ [ -122.07802, 37.58307 ], [ -122.07713, 37.58294 ], [ -122.07702, 37.58369 ], [ -122.07734, 37.58399 ], [ -122.07807, 37.58434 ], [ -122.07907, 37.58307 ], [ -122.07829, 37.58305 ], [ -122.07788, 37.58359 ], [ -122.07767, 37.58345 ], [ -122.07802, 37.58307 ] ], [ [ -122.07691, 37.58466 ], [ -122.07662, 37.58501 ], [ -122.07645, 37.58496 ], [ -122.07678, 37.58458 ], [ -122.07608, 37.58423 ], [ -122.07508, 37.58528 ], [ -122.07656, 37.58606 ], [ -122.07788, 37.58447 ], [ -122.07753, 37.58434 ], [ -122.07726, 37.58466 ], [ -122.07691, 37.58466 ] ], [ [ -122.07802, 37.58121 ], [ -122.07839, 37.58143 ], [ -122.07842, 37.58159 ], [ -122.07818, 37.58164 ], [ -122.07807, 37.58146 ], [ -122.07783, 37.5814 ], [ -122.0774, 37.58191 ], [ -122.07761, 37.5821 ], [ -122.07823, 37.58218 ], [ -122.07829, 37.58229 ], [ -122.0778, 37.58232 ], [ -122.07724, 37.58213 ], [ -122.07689, 37.58253 ], [ -122.07753, 37.58288 ], [ -122.07912, 37.58286 ], [ -122.07912, 37.58164 ], [ -122.07926, 37.58132 ], [ -122.07845, 37.58081 ], [ -122.07802, 37.58121 ] ] ], [ [ [ -122.07349, 37.58375 ], [ -122.07346, 37.58385 ], [ -122.07408, 37.58453 ], [ -122.0736, 37.58515 ], [ -122.07392, 37.58464 ], [ -122.07352, 37.58442 ], [ -122.07317, 37.58385 ], [ -122.07333, 37.58372 ], [ -122.07333, 37.58353 ], [ -122.07322, 37.58337 ], [ -122.07327, 37.58372 ], [ -122.07317, 37.58377 ], [ -122.07306, 37.58318 ], [ -122.07195, 37.58364 ], [ -122.07198, 37.58353 ], [ -122.07179, 37.58361 ], [ -122.07217, 37.58329 ], [ -122.07174, 37.58294 ], [ -122.07195, 37.58302 ], [ -122.07187, 37.58291 ], [ -122.07195, 37.58291 ], [ -122.07247, 37.58323 ], [ -122.07295, 37.58302 ], [ -122.07263, 37.58259 ], [ -122.07284, 37.5827 ], [ -122.07276, 37.58256 ], [ -122.07282, 37.58253 ], [ -122.07317, 37.58294 ], [ -122.07357, 37.58283 ], [ -122.07344, 37.58291 ], [ -122.07357, 37.58297 ], [ -122.07327, 37.58307 ], [ -122.07336, 37.58359 ], [ -122.07387, 37.58361 ], [ -122.07349, 37.58375 ] ], [ [ -122.07287, 37.58272 ], [ -122.07287, 37.5827 ], [ -122.07284, 37.5827 ], [ -122.07287, 37.58272 ] ], [ [ -122.07344, 37.58297 ], [ -122.07344, 37.58294 ], [ -122.07338, 37.58297 ], [ -122.07344, 37.58297 ] ], [ [ -122.07333, 37.58299 ], [ -122.07338, 37.58299 ], [ -122.07338, 37.58297 ], [ -122.07333, 37.58299 ] ], [ [ -122.07319, 37.58318 ], [ -122.07317, 37.58313 ], [ -122.07309, 37.58302 ], [ -122.07319, 37.58318 ] ] ], [ [ [ -122.07788, 37.58685 ], [ -122.07794, 37.5866 ], [ -122.08023, 37.58394 ], [ -122.0805, 37.5838 ], [ -122.08036, 37.5841 ], [ -122.07804, 37.58679 ], [ -122.07788, 37.58685 ] ] ], [ [ [ -122.07214, 37.58677 ], [ -122.07212, 37.58663 ], [ -122.0722, 37.58685 ], [ -122.07249, 37.58668 ], [ -122.07271, 37.58682 ], [ -122.07239, 37.58687 ], [ -122.07174, 37.5876 ], [ -122.07187, 37.58722 ], [ -122.07155, 37.58749 ], [ -122.07136, 37.58738 ], [ -122.07152, 37.58725 ], [ -122.07131, 37.58709 ], [ -122.07171, 37.58722 ], [ -122.07174, 37.58709 ], [ -122.07085, 37.58647 ], [ -122.07182, 37.58701 ], [ -122.07193, 37.58682 ], [ -122.07214, 37.58677 ] ], [ [ -122.07252, 37.58682 ], [ -122.07255, 37.58682 ], [ -122.07252, 37.58679 ], [ -122.07252, 37.58682 ] ], [ [ -122.0715, 37.58741 ], [ -122.0715, 37.58744 ], [ -122.07152, 37.58741 ], [ -122.0715, 37.58741 ] ] ], [ [ [ -122.07416, 37.58771 ], [ -122.07419, 37.58774 ], [ -122.07416, 37.5879 ], [ -122.07411, 37.58776 ], [ -122.07371, 37.58765 ], [ -122.07336, 37.58738 ], [ -122.07352, 37.58741 ], [ -122.07341, 37.58728 ], [ -122.07354, 37.5873 ], [ -122.07403, 37.58682 ], [ -122.07411, 37.58687 ], [ -122.07373, 37.58744 ], [ -122.07419, 37.58765 ], [ -122.07476, 37.58768 ], [ -122.07546, 37.58741 ], [ -122.07538, 37.58755 ], [ -122.07551, 37.58749 ], [ -122.07557, 37.58752 ], [ -122.07535, 37.58776 ], [ -122.07562, 37.58792 ], [ -122.07551, 37.58814 ], [ -122.07532, 37.58811 ], [ -122.07516, 37.58776 ], [ -122.07424, 37.58792 ], [ -122.07433, 37.58774 ], [ -122.07416, 37.58771 ] ], [ [ -122.07354, 37.58744 ], [ -122.07357, 37.58744 ], [ -122.07354, 37.58741 ], [ -122.07354, 37.58744 ] ] ], [ [ [ -122.07451, 37.58857 ], [ -122.07419, 37.58822 ], [ -122.07433, 37.58817 ], [ -122.07478, 37.58841 ], [ -122.0747, 37.58857 ], [ -122.07451, 37.58857 ] ] ], [ [ [ -122.07659, 37.58819 ], [ -122.07767, 37.58695 ], [ -122.07778, 37.58701 ], [ -122.07672, 37.5883 ], [ -122.07433, 37.58887 ], [ -122.07336, 37.59137 ], [ -122.07319, 37.59137 ], [ -122.07395, 37.58933 ], [ -122.07387, 37.58927 ], [ -122.07427, 37.58873 ], [ -122.07659, 37.58819 ] ] ], [ [ [ -122.07265, 37.59059 ], [ -122.07298, 37.5907 ], [ -122.07292, 37.59083 ], [ -122.07292, 37.59073 ], [ -122.07263, 37.59067 ], [ -122.07263, 37.59043 ], [ -122.07252, 37.59043 ], [ -122.073, 37.58951 ], [ -122.07257, 37.58946 ], [ -122.0726, 37.58933 ], [ -122.07322, 37.58943 ], [ -122.07368, 37.58844 ], [ -122.07403, 37.58809 ], [ -122.07398, 37.58822 ], [ -122.07403, 37.58819 ], [ -122.07419, 37.58822 ], [ -122.07398, 37.58833 ], [ -122.07357, 37.58933 ], [ -122.073, 37.58981 ], [ -122.07303, 37.58992 ], [ -122.07325, 37.58995 ], [ -122.07325, 37.59013 ], [ -122.07287, 37.59008 ], [ -122.07265, 37.59046 ], [ -122.07265, 37.59059 ] ], [ [ -122.07395, 37.58825 ], [ -122.07398, 37.58825 ], [ -122.07398, 37.58822 ], [ -122.07395, 37.58825 ] ], [ [ -122.07306, 37.59 ], [ -122.07311, 37.59011 ], [ -122.07322, 37.59011 ], [ -122.07319, 37.59 ], [ -122.07306, 37.59 ] ] ], [ [ [ -122.07662, 37.58892 ], [ -122.07632, 37.58892 ], [ -122.07643, 37.58884 ], [ -122.07627, 37.58881 ], [ -122.0767, 37.58871 ], [ -122.07697, 37.58876 ], [ -122.07683, 37.58881 ], [ -122.07694, 37.5893 ], [ -122.07721, 37.58935 ], [ -122.07697, 37.58941 ], [ -122.07689, 37.58924 ], [ -122.0768, 37.58924 ], [ -122.07686, 37.58938 ], [ -122.07672, 37.58951 ], [ -122.07689, 37.58954 ], [ -122.07694, 37.58968 ], [ -122.07702, 37.5897 ], [ -122.07699, 37.58949 ], [ -122.0771, 37.58946 ], [ -122.07702, 37.58959 ], [ -122.07732, 37.59003 ], [ -122.07751, 37.58997 ], [ -122.07742, 37.5897 ], [ -122.07753, 37.5897 ], [ -122.07761, 37.58995 ], [ -122.07775, 37.58995 ], [ -122.07821, 37.58984 ], [ -122.0781, 37.58949 ], [ -122.07826, 37.58981 ], [ -122.07853, 37.58978 ], [ -122.07885, 37.58949 ], [ -122.07885, 37.58938 ], [ -122.07856, 37.58924 ], [ -122.07839, 37.58914 ], [ -122.07839, 37.58908 ], [ -122.07896, 37.58935 ], [ -122.07918, 37.58908 ], [ -122.07918, 37.58897 ], [ -122.07872, 37.58868 ], [ -122.07912, 37.58817 ], [ -122.07972, 37.58846 ], [ -122.0802, 37.58849 ], [ -122.0802, 37.58806 ], [ -122.0799, 37.58806 ], [ -122.07988, 37.58817 ], [ -122.07969, 37.58811 ], [ -122.07977, 37.58774 ], [ -122.07961, 37.58771 ], [ -122.07907, 37.58768 ], [ -122.07839, 37.58849 ], [ -122.0785, 37.58825 ], [ -122.07837, 37.58836 ], [ -122.07834, 37.5883 ], [ -122.07888, 37.58757 ], [ -122.07896, 37.58768 ], [ -122.07982, 37.5876 ], [ -122.07918, 37.58755 ], [ -122.07977, 37.58749 ], [ -122.07974, 37.58725 ], [ -122.07939, 37.58728 ], [ -122.07899, 37.58714 ], [ -122.07977, 37.58717 ], [ -122.0798, 37.58674 ], [ -122.07947, 37.5865 ], [ -122.07977, 37.58617 ], [ -122.07958, 37.58652 ], [ -122.07996, 37.58666 ], [ -122.0799, 37.58714 ], [ -122.08055, 37.58714 ], [ -122.08055, 37.58609 ], [ -122.0802, 37.58606 ], [ -122.08023, 37.58555 ], [ -122.08004, 37.58553 ], [ -122.08023, 37.58547 ], [ -122.08028, 37.58501 ], [ -122.08031, 37.58544 ], [ -122.08055, 37.5855 ], [ -122.08031, 37.58558 ], [ -122.08034, 37.58604 ], [ -122.08063, 37.58609 ], [ -122.08071, 37.58542 ], [ -122.08063, 37.58728 ], [ -122.07996, 37.58725 ], [ -122.07996, 37.58749 ], [ -122.0806, 37.58752 ], [ -122.08069, 37.58744 ], [ -122.08052, 37.5876 ], [ -122.07998, 37.5876 ], [ -122.08055, 37.58763 ], [ -122.08069, 37.58779 ], [ -122.07993, 37.58771 ], [ -122.07982, 37.58782 ], [ -122.07985, 37.588 ], [ -122.08058, 37.588 ], [ -122.08031, 37.58806 ], [ -122.08044, 37.5883 ], [ -122.08039, 37.58852 ], [ -122.08063, 37.58852 ], [ -122.08071, 37.58784 ], [ -122.08082, 37.59194 ], [ -122.08069, 37.59304 ], [ -122.08047, 37.59313 ], [ -122.08028, 37.59307 ], [ -122.08028, 37.59321 ], [ -122.08012, 37.59313 ], [ -122.07963, 37.59318 ], [ -122.07974, 37.59348 ], [ -122.07939, 37.59366 ], [ -122.07918, 37.59321 ], [ -122.0795, 37.59264 ], [ -122.07918, 37.59251 ], [ -122.07877, 37.59294 ], [ -122.07848, 37.59356 ], [ -122.0785, 37.59366 ], [ -122.07893, 37.5938 ], [ -122.07888, 37.59396 ], [ -122.07864, 37.59399 ], [ -122.07761, 37.59337 ], [ -122.07778, 37.59331 ], [ -122.07767, 37.59323 ], [ -122.07767, 37.59307 ], [ -122.07748, 37.59323 ], [ -122.07767, 37.59251 ], [ -122.0774, 37.59251 ], [ -122.07705, 37.59277 ], [ -122.0767, 37.59283 ], [ -122.07659, 37.59275 ], [ -122.0768, 37.59251 ], [ -122.07772, 37.59232 ], [ -122.07756, 37.59189 ], [ -122.07702, 37.59207 ], [ -122.07742, 37.5918 ], [ -122.07807, 37.59167 ], [ -122.07931, 37.59164 ], [ -122.07826, 37.59156 ], [ -122.07689, 37.59189 ], [ -122.07745, 37.59162 ], [ -122.07742, 37.5914 ], [ -122.07761, 37.59151 ], [ -122.07761, 37.59132 ], [ -122.07772, 37.59154 ], [ -122.07974, 37.59148 ], [ -122.07955, 37.5914 ], [ -122.07961, 37.59124 ], [ -122.0781, 37.59124 ], [ -122.07804, 37.59143 ], [ -122.07794, 37.591 ], [ -122.07804, 37.59116 ], [ -122.0795, 37.59116 ], [ -122.07942, 37.59032 ], [ -122.07953, 37.59024 ], [ -122.07937, 37.58995 ], [ -122.07974, 37.58992 ], [ -122.07969, 37.58992 ], [ -122.07966, 37.58968 ], [ -122.07939, 37.58962 ], [ -122.07963, 37.58965 ], [ -122.07966, 37.58949 ], [ -122.07961, 37.58957 ], [ -122.07947, 37.58951 ], [ -122.07963, 37.58941 ], [ -122.07942, 37.58935 ], [ -122.07958, 37.58935 ], [ -122.07977, 37.58873 ], [ -122.07885, 37.58959 ], [ -122.07901, 37.58978 ], [ -122.0792, 37.5897 ], [ -122.07934, 37.58978 ], [ -122.07934, 37.58992 ], [ -122.0792, 37.58995 ], [ -122.07926, 37.59024 ], [ -122.07912, 37.59027 ], [ -122.07893, 37.58981 ], [ -122.07834, 37.58997 ], [ -122.0785, 37.59043 ], [ -122.07891, 37.5903 ], [ -122.07918, 37.59032 ], [ -122.07915, 37.59046 ], [ -122.07821, 37.59062 ], [ -122.07818, 37.59051 ], [ -122.07842, 37.59046 ], [ -122.07829, 37.58997 ], [ -122.07772, 37.59011 ], [ -122.07788, 37.59083 ], [ -122.07759, 37.59011 ], [ -122.07729, 37.59021 ], [ -122.07734, 37.59051 ], [ -122.07716, 37.59024 ], [ -122.07718, 37.59056 ], [ -122.07699, 37.59024 ], [ -122.07594, 37.59043 ], [ -122.07618, 37.59035 ], [ -122.076, 37.5903 ], [ -122.07697, 37.59005 ], [ -122.07675, 37.58954 ], [ -122.07551, 37.58986 ], [ -122.07532, 37.59038 ], [ -122.07586, 37.59035 ], [ -122.0757, 37.59043 ], [ -122.07592, 37.59046 ], [ -122.07521, 37.59054 ], [ -122.07511, 37.59083 ], [ -122.07503, 37.59078 ], [ -122.07495, 37.59089 ], [ -122.07513, 37.59024 ], [ -122.07543, 37.58973 ], [ -122.07675, 37.58943 ], [ -122.07662, 37.58892 ] ], [ [ -122.07977, 37.58989 ], [ -122.07974, 37.58989 ], [ -122.07974, 37.58992 ], [ -122.07977, 37.58989 ] ], [ [ -122.07565, 37.59046 ], [ -122.0757, 37.59046 ], [ -122.0757, 37.59043 ], [ -122.07565, 37.59046 ] ], [ [ -122.07786, 37.5918 ], [ -122.07794, 37.59259 ], [ -122.07769, 37.59318 ], [ -122.07826, 37.59348 ], [ -122.07893, 37.59245 ], [ -122.07866, 37.59229 ], [ -122.07869, 37.5921 ], [ -122.07885, 37.59202 ], [ -122.0792, 37.59215 ], [ -122.07939, 37.59178 ], [ -122.07786, 37.5918 ] ], [ [ -122.07998, 37.59127 ], [ -122.07977, 37.59127 ], [ -122.0798, 37.59145 ], [ -122.08058, 37.59145 ], [ -122.08058, 37.59056 ], [ -122.08042, 37.59059 ], [ -122.08052, 37.59073 ], [ -122.08039, 37.59073 ], [ -122.08055, 37.59129 ], [ -122.07998, 37.59135 ], [ -122.07998, 37.59127 ] ], [ [ -122.07972, 37.58981 ], [ -122.07972, 37.58984 ], [ -122.07974, 37.58981 ], [ -122.07972, 37.58981 ] ], [ [ -122.07966, 37.58943 ], [ -122.07963, 37.58943 ], [ -122.07966, 37.58946 ], [ -122.07966, 37.58943 ] ], [ [ -122.08023, 37.58916 ], [ -122.08023, 37.58919 ], [ -122.08025, 37.58916 ], [ -122.08023, 37.58916 ] ], [ [ -122.07675, 37.59267 ], [ -122.07675, 37.59269 ], [ -122.07678, 37.59267 ], [ -122.07675, 37.59267 ] ], [ [ -122.0771, 37.59256 ], [ -122.0771, 37.59259 ], [ -122.07716, 37.59256 ], [ -122.0771, 37.59256 ] ], [ [ -122.08066, 37.58615 ], [ -122.08066, 37.58612 ], [ -122.08063, 37.58615 ], [ -122.08066, 37.58615 ] ], [ [ -122.0806, 37.58617 ], [ -122.08063, 37.58617 ], [ -122.08063, 37.58615 ], [ -122.0806, 37.58617 ] ], [ [ -122.08066, 37.59288 ], [ -122.08066, 37.59294 ], [ -122.08069, 37.59288 ], [ -122.08066, 37.59288 ] ], [ [ -122.0806, 37.59056 ], [ -122.0806, 37.59062 ], [ -122.08063, 37.59056 ], [ -122.0806, 37.59056 ] ], [ [ -122.0806, 37.59043 ], [ -122.0806, 37.59048 ], [ -122.08063, 37.59043 ], [ -122.0806, 37.59043 ] ], [ [ -122.08042, 37.59302 ], [ -122.08042, 37.59307 ], [ -122.08044, 37.59302 ], [ -122.08042, 37.59302 ] ], [ [ -122.0795, 37.58997 ], [ -122.0795, 37.59 ], [ -122.07955, 37.58997 ], [ -122.0795, 37.58997 ] ], [ [ -122.07532, 37.58997 ], [ -122.07532, 37.59005 ], [ -122.07535, 37.58997 ], [ -122.07532, 37.58997 ] ], [ [ -122.07974, 37.58803 ], [ -122.07974, 37.58809 ], [ -122.0798, 37.58803 ], [ -122.07974, 37.58803 ] ], [ [ -122.08063, 37.5862 ], [ -122.08063, 37.58636 ], [ -122.08066, 37.5862 ], [ -122.08063, 37.5862 ] ], [ [ -122.08052, 37.59035 ], [ -122.08052, 37.5903 ], [ -122.08042, 37.59032 ], [ -122.08052, 37.59035 ] ], [ [ -122.07934, 37.59162 ], [ -122.07934, 37.59164 ], [ -122.07958, 37.59162 ], [ -122.07934, 37.59162 ] ], [ [ -122.07966, 37.59162 ], [ -122.07966, 37.59164 ], [ -122.07993, 37.59162 ], [ -122.07966, 37.59162 ] ], [ [ -122.07783, 37.59253 ], [ -122.07786, 37.59213 ], [ -122.07775, 37.59197 ], [ -122.07775, 37.59245 ], [ -122.07783, 37.59253 ] ], [ [ -122.08017, 37.58873 ], [ -122.08017, 37.58871 ], [ -122.08012, 37.58873 ], [ -122.08017, 37.58873 ] ], [ [ -122.08009, 37.58873 ], [ -122.07993, 37.58873 ], [ -122.07996, 37.58906 ], [ -122.08012, 37.589 ], [ -122.08009, 37.58873 ] ], [ [ -122.08036, 37.58871 ], [ -122.08036, 37.58906 ], [ -122.08063, 37.58903 ], [ -122.0806, 37.58873 ], [ -122.08036, 37.58871 ] ], [ [ -122.08042, 37.5897 ], [ -122.08039, 37.59011 ], [ -122.08058, 37.59011 ], [ -122.08066, 37.5897 ], [ -122.08042, 37.5897 ] ], [ [ -122.07937, 37.58881 ], [ -122.07945, 37.58871 ], [ -122.07912, 37.58849 ], [ -122.07953, 37.58868 ], [ -122.07963, 37.58849 ], [ -122.07912, 37.58825 ], [ -122.07888, 37.58862 ], [ -122.07937, 37.58881 ] ], [ [ -122.08017, 37.59108 ], [ -122.08007, 37.59089 ], [ -122.08017, 37.59073 ], [ -122.08001, 37.59043 ], [ -122.08012, 37.5903 ], [ -122.07993, 37.5903 ], [ -122.07993, 37.59062 ], [ -122.07988, 37.59032 ], [ -122.07972, 37.59032 ], [ -122.07969, 37.59108 ], [ -122.08017, 37.59108 ] ], [ [ -122.07961, 37.59113 ], [ -122.07969, 37.59116 ], [ -122.07969, 37.59108 ], [ -122.07961, 37.59113 ] ], [ [ -122.07977, 37.58976 ], [ -122.0799, 37.59008 ], [ -122.08009, 37.59011 ], [ -122.08009, 37.5897 ], [ -122.07977, 37.58976 ] ], [ [ -122.08066, 37.58957 ], [ -122.08066, 37.58908 ], [ -122.08015, 37.58927 ], [ -122.07969, 37.58924 ], [ -122.0798, 37.58935 ], [ -122.07974, 37.58976 ], [ -122.07977, 37.58957 ], [ -122.08066, 37.58957 ] ], [ [ -122.08066, 37.59286 ], [ -122.08069, 37.59286 ], [ -122.08066, 37.5928 ], [ -122.08066, 37.59286 ] ], [ [ -122.07961, 37.59178 ], [ -122.07958, 37.59205 ], [ -122.07934, 37.59234 ], [ -122.08007, 37.59277 ], [ -122.08044, 37.5928 ], [ -122.08042, 37.59299 ], [ -122.08058, 37.59296 ], [ -122.08058, 37.59261 ], [ -122.0805, 37.59269 ], [ -122.08044, 37.59234 ], [ -122.08025, 37.59224 ], [ -122.08034, 37.59205 ], [ -122.08063, 37.5921 ], [ -122.08058, 37.59178 ], [ -122.07961, 37.59178 ] ] ], [ [ [ -122.08449, 37.59946 ], [ -122.08411, 37.59989 ], [ -122.08408, 37.59949 ], [ -122.08397, 37.5994 ], [ -122.08387, 37.59949 ], [ -122.08387, 37.59919 ], [ -122.08397, 37.59911 ], [ -122.08422, 37.59919 ], [ -122.08422, 37.599 ], [ -122.08438, 37.59911 ], [ -122.0844, 37.599 ], [ -122.08446, 37.59916 ], [ -122.08459, 37.59913 ], [ -122.08454, 37.59932 ], [ -122.08473, 37.59908 ], [ -122.08459, 37.599 ], [ -122.08481, 37.599 ], [ -122.08484, 37.59946 ], [ -122.08467, 37.59938 ], [ -122.08475, 37.59997 ], [ -122.08446, 37.59967 ], [ -122.08449, 37.59946 ] ] ], [ [ [ -122.08025, 37.60097 ], [ -122.08023, 37.60132 ], [ -122.08039, 37.60126 ], [ -122.08042, 37.60156 ], [ -122.08012, 37.60156 ], [ -122.0788, 37.60032 ], [ -122.07926, 37.60029 ], [ -122.08025, 37.60097 ] ], [ [ -122.08015, 37.60132 ], [ -122.08017, 37.60132 ], [ -122.08012, 37.60126 ], [ -122.08015, 37.60132 ] ], [ [ -122.0802, 37.6014 ], [ -122.08028, 37.6014 ], [ -122.0802, 37.60137 ], [ -122.0802, 37.6014 ] ] ], [ [ [ -122.07885, 37.60528 ], [ -122.07877, 37.60558 ], [ -122.07861, 37.60547 ], [ -122.07845, 37.60372 ], [ -122.07772, 37.60191 ], [ -122.07535, 37.60056 ], [ -122.07457, 37.6004 ], [ -122.0723, 37.59951 ], [ -122.07193, 37.59913 ], [ -122.07179, 37.59876 ], [ -122.07187, 37.59682 ], [ -122.07201, 37.5969 ], [ -122.07193, 37.59887 ], [ -122.07236, 37.5994 ], [ -122.07454, 37.60024 ], [ -122.07543, 37.60043 ], [ -122.07713, 37.60132 ], [ -122.07796, 37.60196 ], [ -122.07861, 37.6035 ], [ -122.07885, 37.60528 ] ] ], [ [ [ -122.08411, 37.60337 ], [ -122.08408, 37.60347 ], [ -122.08373, 37.60388 ], [ -122.08314, 37.6035 ], [ -122.08308, 37.60412 ], [ -122.08295, 37.60401 ], [ -122.0829, 37.60409 ], [ -122.08284, 37.60382 ], [ -122.08303, 37.60337 ], [ -122.08362, 37.60267 ], [ -122.08354, 37.60253 ], [ -122.08362, 37.60242 ], [ -122.08373, 37.6025 ], [ -122.08411, 37.60213 ], [ -122.084, 37.6024 ], [ -122.08446, 37.60269 ], [ -122.0847, 37.60261 ], [ -122.08467, 37.60277 ], [ -122.0843, 37.6032 ], [ -122.08357, 37.60291 ], [ -122.0833, 37.60326 ], [ -122.08378, 37.60326 ], [ -122.08411, 37.60337 ] ], [ [ -122.08292, 37.60396 ], [ -122.08292, 37.60388 ], [ -122.0829, 37.60396 ], [ -122.08292, 37.60396 ] ], [ [ -122.08346, 37.60366 ], [ -122.08346, 37.60364 ], [ -122.08343, 37.60366 ], [ -122.08346, 37.60366 ] ] ], [ [ [ -122.07788, 37.61428 ], [ -122.07637, 37.61417 ], [ -122.07654, 37.61393 ], [ -122.07643, 37.61382 ], [ -122.07654, 37.6138 ], [ -122.07796, 37.61393 ], [ -122.07788, 37.61428 ] ], [ [ -122.07664, 37.61385 ], [ -122.07664, 37.61382 ], [ -122.07662, 37.61385 ], [ -122.07664, 37.61385 ] ] ], [ [ [ -122.08096, 37.61366 ], [ -122.08087, 37.6139 ], [ -122.08104, 37.61425 ], [ -122.08112, 37.61374 ], [ -122.08128, 37.61369 ], [ -122.08144, 37.61377 ], [ -122.08125, 37.6139 ], [ -122.08152, 37.61401 ], [ -122.08125, 37.61404 ], [ -122.08125, 37.61412 ], [ -122.08152, 37.6142 ], [ -122.08114, 37.61433 ], [ -122.08139, 37.61444 ], [ -122.08106, 37.6145 ], [ -122.08184, 37.61452 ], [ -122.08184, 37.61466 ], [ -122.08209, 37.61466 ], [ -122.08195, 37.61506 ], [ -122.08244, 37.61506 ], [ -122.08255, 37.61485 ], [ -122.08263, 37.61517 ], [ -122.08187, 37.61522 ], [ -122.08187, 37.61485 ], [ -122.08034, 37.6149 ], [ -122.08031, 37.61525 ], [ -122.08122, 37.61533 ], [ -122.08128, 37.61557 ], [ -122.08096, 37.61547 ], [ -122.08012, 37.61552 ], [ -122.08034, 37.61574 ], [ -122.08009, 37.61617 ], [ -122.0802, 37.61663 ], [ -122.08009, 37.61663 ], [ -122.08007, 37.61708 ], [ -122.08015, 37.61708 ], [ -122.08017, 37.61716 ], [ -122.07998, 37.61749 ], [ -122.07974, 37.61746 ], [ -122.07974, 37.61738 ], [ -122.07939, 37.61733 ], [ -122.07945, 37.61714 ], [ -122.07982, 37.61706 ], [ -122.07972, 37.61592 ], [ -122.07996, 37.61539 ], [ -122.07972, 37.61495 ], [ -122.07982, 37.61444 ], [ -122.0792, 37.61444 ], [ -122.0791, 37.61474 ], [ -122.07883, 37.6146 ], [ -122.07883, 37.61468 ], [ -122.07826, 37.61477 ], [ -122.07815, 37.61452 ], [ -122.07848, 37.61442 ], [ -122.07856, 37.61458 ], [ -122.07861, 37.61442 ], [ -122.07912, 37.61433 ], [ -122.07923, 37.61374 ], [ -122.0798, 37.61366 ], [ -122.08023, 37.61388 ], [ -122.08017, 37.61442 ], [ -122.07998, 37.61447 ], [ -122.08015, 37.61458 ], [ -122.08015, 37.61468 ], [ -122.08085, 37.61466 ], [ -122.08085, 37.6145 ], [ -122.08025, 37.61444 ], [ -122.0806, 37.61423 ], [ -122.08025, 37.61412 ], [ -122.0806, 37.61409 ], [ -122.08066, 37.61363 ], [ -122.08096, 37.61366 ] ], [ [ -122.08012, 37.6146 ], [ -122.08012, 37.61458 ], [ -122.08007, 37.6146 ], [ -122.08012, 37.6146 ] ], [ [ -122.0809, 37.61444 ], [ -122.0809, 37.61447 ], [ -122.08093, 37.61444 ], [ -122.0809, 37.61444 ] ], [ [ -122.08066, 37.61385 ], [ -122.08066, 37.61388 ], [ -122.08069, 37.61385 ], [ -122.08066, 37.61385 ] ] ], [ [ [ -122.02528, 37.47172 ], [ -122.02598, 37.47169 ], [ -122.02644, 37.47148 ], [ -122.02665, 37.47158 ], [ -122.02636, 37.47584 ], [ -122.02582, 37.47646 ], [ -122.0249, 37.47635 ], [ -122.02447, 37.47651 ], [ -122.02428, 37.47676 ], [ -122.02409, 37.47732 ], [ -122.0242, 37.47829 ], [ -122.0239, 37.48048 ], [ -122.02355, 37.48193 ], [ -122.02334, 37.48236 ], [ -122.02288, 37.48279 ], [ -122.0218, 37.48309 ], [ -122.02035, 37.4829 ], [ -122.01892, 37.48231 ], [ -122.0183, 37.4819 ], [ -122.01687, 37.48045 ], [ -122.01582, 37.47959 ], [ -122.01517, 37.47959 ], [ -122.01355, 37.47999 ], [ -122.01312, 37.48021 ], [ -122.01258, 37.48075 ], [ -122.01183, 37.48045 ], [ -122.00709, 37.47727 ], [ -122.00706, 37.47638 ], [ -122.0073, 37.47428 ], [ -122.00714, 37.47385 ], [ -122.00636, 37.4729 ], [ -122.00509, 37.47218 ], [ -122.00331, 37.47158 ], [ -122.00218, 37.47107 ], [ -122.00121, 37.47018 ], [ -122.00127, 37.46991 ], [ -122.00156, 37.46959 ], [ -122.00199, 37.46943 ], [ -122.00835, 37.46918 ], [ -122.01048, 37.46929 ], [ -122.01267, 37.46894 ], [ -122.0173, 37.46875 ], [ -122.02056, 37.46883 ], [ -122.02142, 37.469 ], [ -122.02415, 37.46983 ], [ -122.02458, 37.47005 ], [ -122.02482, 37.47037 ], [ -122.02447, 37.47121 ], [ -122.02458, 37.47153 ], [ -122.02528, 37.47172 ] ] ], [ [ [ -122.0526, 37.49007 ], [ -122.05215, 37.49023 ], [ -122.04438, 37.49112 ], [ -122.04312, 37.49115 ], [ -122.04153, 37.49085 ], [ -122.03996, 37.49039 ], [ -122.03889, 37.48983 ], [ -122.03735, 37.48853 ], [ -122.03573, 37.48654 ], [ -122.03493, 37.48522 ], [ -122.03334, 37.48137 ], [ -122.0297, 37.47722 ], [ -122.02795, 37.47662 ], [ -122.02692, 37.47654 ], [ -122.02668, 37.47625 ], [ -122.02671, 37.47654 ], [ -122.02627, 37.47662 ], [ -122.02601, 37.47651 ], [ -122.02652, 37.47592 ], [ -122.02665, 37.4736 ], [ -122.02803, 37.47379 ], [ -122.02671, 37.47344 ], [ -122.02668, 37.47131 ], [ -122.027, 37.47064 ], [ -122.02765, 37.47032 ], [ -122.03166, 37.47118 ], [ -122.0356, 37.47139 ], [ -122.03875, 37.47121 ], [ -122.04115, 37.47056 ], [ -122.04805, 37.46811 ], [ -122.04856, 37.46797 ], [ -122.04902, 37.46811 ], [ -122.04937, 37.46838 ], [ -122.04951, 37.4687 ], [ -122.05314, 37.48616 ], [ -122.05301, 37.48681 ], [ -122.05242, 37.48754 ], [ -122.05279, 37.48915 ], [ -122.05279, 37.48977 ], [ -122.0526, 37.49007 ] ], [ [ -122.03821, 37.47598 ], [ -122.03821, 37.476 ], [ -122.03824, 37.47598 ], [ -122.03821, 37.47598 ] ], [ [ -122.03813, 37.47595 ], [ -122.03813, 37.47598 ], [ -122.03816, 37.47595 ], [ -122.03813, 37.47595 ] ], [ [ -122.04032, 37.47684 ], [ -122.04032, 37.47687 ], [ -122.04034, 37.47684 ], [ -122.04032, 37.47684 ] ], [ [ -122.03749, 37.47568 ], [ -122.03749, 37.47571 ], [ -122.03751, 37.47568 ], [ -122.03749, 37.47568 ] ], [ [ -122.04972, 37.48665 ], [ -122.04972, 37.48667 ], [ -122.04975, 37.48665 ], [ -122.04972, 37.48665 ] ], [ [ -122.04042, 37.47689 ], [ -122.04042, 37.47692 ], [ -122.04045, 37.47689 ], [ -122.04042, 37.47689 ] ], [ [ -122.04977, 37.48667 ], [ -122.04977, 37.4867 ], [ -122.0498, 37.48667 ], [ -122.04977, 37.48667 ] ], [ [ -122.03757, 37.47571 ], [ -122.03757, 37.47573 ], [ -122.03759, 37.47571 ], [ -122.03757, 37.47571 ] ], [ [ -122.03533, 37.47511 ], [ -122.03533, 37.47514 ], [ -122.03536, 37.47511 ], [ -122.03533, 37.47511 ] ], [ [ -122.04948, 37.48651 ], [ -122.04948, 37.48654 ], [ -122.04951, 37.48651 ], [ -122.04948, 37.48651 ] ], [ [ -122.03808, 37.47592 ], [ -122.03808, 37.47595 ], [ -122.03811, 37.47592 ], [ -122.03808, 37.47592 ] ], [ [ -122.04934, 37.48643 ], [ -122.04934, 37.48646 ], [ -122.04937, 37.48643 ], [ -122.04934, 37.48643 ] ], [ [ -122.03493, 37.47503 ], [ -122.03493, 37.47506 ], [ -122.03495, 37.47503 ], [ -122.03493, 37.47503 ] ], [ [ -122.0328, 37.47463 ], [ -122.0328, 37.47466 ], [ -122.03282, 37.47463 ], [ -122.0328, 37.47463 ] ], [ [ -122.0266, 37.47619 ], [ -122.0266, 37.47622 ], [ -122.02662, 37.47619 ], [ -122.0266, 37.47619 ] ], [ [ -122.03878, 37.47622 ], [ -122.03878, 37.47625 ], [ -122.03881, 37.47622 ], [ -122.03878, 37.47622 ] ], [ [ -122.04967, 37.48662 ], [ -122.04967, 37.48665 ], [ -122.04969, 37.48662 ], [ -122.04967, 37.48662 ] ], [ [ -122.05212, 37.48797 ], [ -122.05212, 37.488 ], [ -122.05215, 37.48797 ], [ -122.05212, 37.48797 ] ], [ [ -122.04075, 37.47703 ], [ -122.04075, 37.47705 ], [ -122.04077, 37.47703 ], [ -122.04075, 37.47703 ] ], [ [ -122.04083, 37.47705 ], [ -122.04083, 37.47708 ], [ -122.04085, 37.47705 ], [ -122.04083, 37.47705 ] ], [ [ -122.03797, 37.47587 ], [ -122.03797, 37.4759 ], [ -122.038, 37.47587 ], [ -122.03797, 37.47587 ] ], [ [ -122.03463, 37.47498 ], [ -122.03463, 37.47501 ], [ -122.03466, 37.47498 ], [ -122.03463, 37.47498 ] ], [ [ -122.03506, 37.47506 ], [ -122.03506, 37.47509 ], [ -122.03509, 37.47506 ], [ -122.03506, 37.47506 ] ], [ [ -122.0377, 37.47576 ], [ -122.0377, 37.47579 ], [ -122.03773, 37.47576 ], [ -122.0377, 37.47576 ] ], [ [ -122.04929, 37.48641 ], [ -122.04929, 37.48643 ], [ -122.04932, 37.48641 ], [ -122.04929, 37.48641 ] ], [ [ -122.03735, 37.47563 ], [ -122.03735, 37.47565 ], [ -122.03738, 37.47563 ], [ -122.03735, 37.47563 ] ], [ [ -122.05198, 37.48791 ], [ -122.05198, 37.48794 ], [ -122.05201, 37.48791 ], [ -122.05198, 37.48791 ] ], [ [ -122.0494, 37.48646 ], [ -122.0494, 37.48649 ], [ -122.04942, 37.48646 ], [ -122.0494, 37.48646 ] ], [ [ -122.03789, 37.47584 ], [ -122.03789, 37.47587 ], [ -122.03794, 37.47584 ], [ -122.03789, 37.47584 ] ], [ [ -122.03476, 37.47501 ], [ -122.03476, 37.47503 ], [ -122.03482, 37.47501 ], [ -122.03476, 37.47501 ] ], [ [ -122.0387, 37.47619 ], [ -122.0387, 37.47622 ], [ -122.03875, 37.47619 ], [ -122.0387, 37.47619 ] ], [ [ -122.05204, 37.48794 ], [ -122.05204, 37.48797 ], [ -122.05209, 37.48794 ], [ -122.05204, 37.48794 ] ], [ [ -122.03544, 37.47514 ], [ -122.03544, 37.47517 ], [ -122.03549, 37.47514 ], [ -122.03544, 37.47514 ] ], [ [ -122.03727, 37.4756 ], [ -122.03727, 37.47563 ], [ -122.03732, 37.4756 ], [ -122.03727, 37.4756 ] ], [ [ -122.0374, 37.47565 ], [ -122.0374, 37.47568 ], [ -122.03746, 37.47565 ], [ -122.0374, 37.47565 ] ], [ [ -122.03762, 37.47573 ], [ -122.03762, 37.47576 ], [ -122.03767, 37.47573 ], [ -122.03762, 37.47573 ] ], [ [ -122.0342, 37.4749 ], [ -122.0342, 37.47492 ], [ -122.03425, 37.4749 ], [ -122.0342, 37.4749 ] ], [ [ -122.03781, 37.47584 ], [ -122.03784, 37.47584 ], [ -122.03781, 37.47581 ], [ -122.03781, 37.47584 ] ], [ [ -122.03778, 37.47579 ], [ -122.03778, 37.47581 ], [ -122.03781, 37.47581 ], [ -122.03778, 37.47579 ] ], [ [ -122.05064, 37.48716 ], [ -122.05064, 37.48719 ], [ -122.05069, 37.48716 ], [ -122.05064, 37.48716 ] ], [ [ -122.03584, 37.47522 ], [ -122.03584, 37.47525 ], [ -122.0359, 37.47522 ], [ -122.03584, 37.47522 ] ], [ [ -122.04918, 37.48638 ], [ -122.04921, 37.48638 ], [ -122.04918, 37.48635 ], [ -122.04918, 37.48638 ] ], [ [ -122.04913, 37.48632 ], [ -122.04913, 37.48635 ], [ -122.04918, 37.48635 ], [ -122.04913, 37.48632 ] ], [ [ -122.03961, 37.47657 ], [ -122.03961, 37.4766 ], [ -122.03967, 37.47657 ], [ -122.03961, 37.47657 ] ], [ [ -122.03134, 37.47439 ], [ -122.03134, 37.47441 ], [ -122.03145, 37.47439 ], [ -122.03134, 37.47439 ] ], [ [ -122.036, 37.47525 ], [ -122.036, 37.47528 ], [ -122.03611, 37.47525 ], [ -122.036, 37.47525 ] ], [ [ -122.04907, 37.48632 ], [ -122.0491, 37.48632 ], [ -122.04907, 37.4863 ], [ -122.04907, 37.48632 ] ], [ [ -122.04905, 37.48627 ], [ -122.04905, 37.4863 ], [ -122.04907, 37.4863 ], [ -122.04905, 37.48627 ] ], [ [ -122.04899, 37.48624 ], [ -122.04899, 37.48627 ], [ -122.04905, 37.48627 ], [ -122.04899, 37.48624 ] ], [ [ -122.03926, 37.47646 ], [ -122.03932, 37.47646 ], [ -122.03926, 37.47643 ], [ -122.03926, 37.47646 ] ], [ [ -122.03921, 37.47641 ], [ -122.03921, 37.47643 ], [ -122.03926, 37.47643 ], [ -122.03921, 37.47641 ] ], [ [ -122.05177, 37.48783 ], [ -122.0518, 37.48783 ], [ -122.05177, 37.48781 ], [ -122.05177, 37.48783 ] ], [ [ -122.05171, 37.48778 ], [ -122.05171, 37.48781 ], [ -122.05177, 37.48781 ], [ -122.05171, 37.48778 ] ], [ [ -122.05169, 37.48775 ], [ -122.05169, 37.48778 ], [ -122.05171, 37.48778 ], [ -122.05169, 37.48775 ] ], [ [ -122.03118, 37.47436 ], [ -122.03118, 37.47439 ], [ -122.03131, 37.47436 ], [ -122.03118, 37.47436 ] ], [ [ -122.0519, 37.48791 ], [ -122.05196, 37.48791 ], [ -122.0519, 37.48789 ], [ -122.0519, 37.48791 ] ], [ [ -122.05185, 37.48786 ], [ -122.05185, 37.48789 ], [ -122.0519, 37.48789 ], [ -122.05185, 37.48786 ] ], [ [ -122.05182, 37.48783 ], [ -122.05182, 37.48786 ], [ -122.05185, 37.48786 ], [ -122.05182, 37.48783 ] ], [ [ -122.02808, 37.47379 ], [ -122.02808, 37.47382 ], [ -122.02824, 37.47379 ], [ -122.02808, 37.47379 ] ], [ [ -122.03352, 37.47482 ], [ -122.0336, 37.47482 ], [ -122.03355, 37.47476 ], [ -122.03352, 37.47482 ] ], [ [ -122.03344, 37.47479 ], [ -122.03352, 37.47479 ], [ -122.03344, 37.47476 ], [ -122.03344, 37.47479 ] ], [ [ -122.03565, 37.47522 ], [ -122.03579, 37.47522 ], [ -122.03565, 37.47519 ], [ -122.03565, 37.47522 ] ], [ [ -122.03557, 37.47517 ], [ -122.03557, 37.47519 ], [ -122.03565, 37.47519 ], [ -122.03557, 37.47517 ] ], [ [ -122.03953, 37.47657 ], [ -122.03959, 37.47657 ], [ -122.03953, 37.47654 ], [ -122.03953, 37.47657 ] ], [ [ -122.03948, 37.47651 ], [ -122.03948, 37.47654 ], [ -122.03953, 37.47654 ], [ -122.03948, 37.47651 ] ], [ [ -122.03935, 37.47646 ], [ -122.03937, 37.47651 ], [ -122.0394, 37.47649 ], [ -122.03935, 37.47646 ] ], [ [ -122.03862, 37.47619 ], [ -122.03867, 37.47619 ], [ -122.03862, 37.47616 ], [ -122.03862, 37.47619 ] ], [ [ -122.03856, 37.47614 ], [ -122.03856, 37.47616 ], [ -122.03862, 37.47616 ], [ -122.03856, 37.47614 ] ], [ [ -122.03848, 37.47611 ], [ -122.03848, 37.47614 ], [ -122.03856, 37.47614 ], [ -122.03848, 37.47611 ] ], [ [ -122.03843, 37.47608 ], [ -122.03843, 37.47611 ], [ -122.03848, 37.47611 ], [ -122.03843, 37.47608 ] ], [ [ -122.03837, 37.47606 ], [ -122.03837, 37.47608 ], [ -122.03843, 37.47608 ], [ -122.03837, 37.47606 ] ], [ [ -122.03832, 37.47603 ], [ -122.03832, 37.47606 ], [ -122.03837, 37.47606 ], [ -122.03832, 37.47603 ] ], [ [ -122.03913, 37.47641 ], [ -122.03918, 37.47641 ], [ -122.03913, 37.47638 ], [ -122.03913, 37.47641 ] ], [ [ -122.03908, 37.47635 ], [ -122.03908, 37.47638 ], [ -122.03913, 37.47638 ], [ -122.03908, 37.47635 ] ], [ [ -122.03894, 37.4763 ], [ -122.03899, 37.47635 ], [ -122.03902, 37.4763 ], [ -122.03894, 37.4763 ] ], [ [ -122.03889, 37.47627 ], [ -122.03889, 37.4763 ], [ -122.03894, 37.4763 ], [ -122.03889, 37.47627 ] ], [ [ -122.03883, 37.47625 ], [ -122.03883, 37.47627 ], [ -122.03889, 37.47627 ], [ -122.03883, 37.47625 ] ], [ [ -122.04692, 37.48406 ], [ -122.04694, 37.48406 ], [ -122.04692, 37.48403 ], [ -122.04692, 37.48406 ] ], [ [ -122.04689, 37.48401 ], [ -122.04689, 37.48403 ], [ -122.04692, 37.48403 ], [ -122.04689, 37.48401 ] ], [ [ -122.04686, 37.48398 ], [ -122.04686, 37.48401 ], [ -122.04689, 37.48401 ], [ -122.04686, 37.48398 ] ], [ [ -122.04684, 37.48393 ], [ -122.04684, 37.48398 ], [ -122.04686, 37.48398 ], [ -122.04684, 37.48393 ] ], [ [ -122.04681, 37.4839 ], [ -122.04681, 37.48393 ], [ -122.04684, 37.48393 ], [ -122.04681, 37.4839 ] ], [ [ -122.04678, 37.48387 ], [ -122.04678, 37.4839 ], [ -122.04681, 37.4839 ], [ -122.04678, 37.48387 ] ], [ [ -122.04676, 37.48385 ], [ -122.04676, 37.48387 ], [ -122.04678, 37.48387 ], [ -122.04676, 37.48385 ] ], [ [ -122.04673, 37.48379 ], [ -122.04673, 37.48385 ], [ -122.04676, 37.48385 ], [ -122.04673, 37.48379 ] ], [ [ -122.0467, 37.48374 ], [ -122.0467, 37.48379 ], [ -122.04673, 37.48379 ], [ -122.0467, 37.48374 ] ], [ [ -122.04668, 37.48371 ], [ -122.04668, 37.48374 ], [ -122.0467, 37.48374 ], [ -122.04668, 37.48371 ] ], [ [ -122.04665, 37.48368 ], [ -122.04665, 37.48371 ], [ -122.04668, 37.48371 ], [ -122.04665, 37.48368 ] ], [ [ -122.04015, 37.47681 ], [ -122.04021, 37.47681 ], [ -122.04015, 37.47678 ], [ -122.04015, 37.47681 ] ], [ [ -122.0401, 37.47676 ], [ -122.0401, 37.47678 ], [ -122.04015, 37.47678 ], [ -122.0401, 37.47676 ] ], [ [ -122.04002, 37.47673 ], [ -122.04002, 37.47676 ], [ -122.0401, 37.47676 ], [ -122.04002, 37.47673 ] ], [ [ -122.03994, 37.4767 ], [ -122.03994, 37.47673 ], [ -122.04002, 37.47673 ], [ -122.03994, 37.4767 ] ], [ [ -122.0398, 37.47665 ], [ -122.03986, 37.4767 ], [ -122.03988, 37.47665 ], [ -122.0398, 37.47665 ] ], [ [ -122.03972, 37.47662 ], [ -122.03972, 37.47665 ], [ -122.0398, 37.47665 ], [ -122.03972, 37.47662 ] ], [ [ -122.0397, 37.4766 ], [ -122.0397, 37.47662 ], [ -122.03972, 37.47662 ], [ -122.0397, 37.4766 ] ], [ [ -122.04662, 37.48366 ], [ -122.04665, 37.48366 ], [ -122.04662, 37.48363 ], [ -122.04662, 37.48366 ] ], [ [ -122.04657, 37.48355 ], [ -122.04659, 37.48363 ], [ -122.04662, 37.48363 ], [ -122.04657, 37.48355 ] ], [ [ -122.04649, 37.48344 ], [ -122.04654, 37.48355 ], [ -122.04651, 37.48344 ], [ -122.04649, 37.48344 ] ], [ [ -122.04641, 37.48331 ], [ -122.04646, 37.48344 ], [ -122.04643, 37.48331 ], [ -122.04641, 37.48331 ] ], [ [ -122.04638, 37.48328 ], [ -122.04638, 37.48331 ], [ -122.04641, 37.48331 ], [ -122.04638, 37.48328 ] ], [ [ -122.04635, 37.48325 ], [ -122.04635, 37.48328 ], [ -122.04638, 37.48328 ], [ -122.04635, 37.48325 ] ], [ [ -122.03193, 37.47452 ], [ -122.03204, 37.47452 ], [ -122.03193, 37.47449 ], [ -122.03193, 37.47452 ] ], [ [ -122.03193, 37.47447 ], [ -122.03166, 37.47441 ], [ -122.03148, 37.47441 ], [ -122.03175, 37.47449 ], [ -122.03193, 37.47447 ] ], [ [ -122.03207, 37.47452 ], [ -122.03266, 37.47463 ], [ -122.03226, 37.47452 ], [ -122.03207, 37.47452 ] ], [ [ -122.02859, 37.47387 ], [ -122.02919, 37.47398 ], [ -122.02875, 37.47387 ], [ -122.02859, 37.47387 ] ], [ [ -122.02843, 37.47385 ], [ -122.02843, 37.47387 ], [ -122.02859, 37.47387 ], [ -122.02843, 37.47385 ] ], [ [ -122.0283, 37.47382 ], [ -122.0283, 37.47385 ], [ -122.02843, 37.47385 ], [ -122.0283, 37.47382 ] ], [ [ -122.05163, 37.48775 ], [ -122.05166, 37.48775 ], [ -122.05163, 37.48773 ], [ -122.05163, 37.48775 ] ], [ [ -122.05158, 37.4877 ], [ -122.05158, 37.48773 ], [ -122.05163, 37.48773 ], [ -122.05158, 37.4877 ] ], [ [ -122.05153, 37.48767 ], [ -122.05153, 37.4877 ], [ -122.05158, 37.4877 ], [ -122.05153, 37.48767 ] ], [ [ -122.05147, 37.48764 ], [ -122.05147, 37.48767 ], [ -122.05153, 37.48767 ], [ -122.05147, 37.48764 ] ], [ [ -122.05134, 37.48756 ], [ -122.05142, 37.48764 ], [ -122.05139, 37.48756 ], [ -122.05134, 37.48756 ] ], [ [ -122.05128, 37.48754 ], [ -122.05128, 37.48756 ], [ -122.05134, 37.48756 ], [ -122.05128, 37.48754 ] ], [ [ -122.05123, 37.48751 ], [ -122.05123, 37.48754 ], [ -122.05128, 37.48754 ], [ -122.05123, 37.48751 ] ], [ [ -122.05115, 37.48746 ], [ -122.05118, 37.48751 ], [ -122.0512, 37.48746 ], [ -122.05115, 37.48746 ] ], [ [ -122.05112, 37.48743 ], [ -122.05112, 37.48746 ], [ -122.05115, 37.48746 ], [ -122.05112, 37.48743 ] ], [ [ -122.05107, 37.4874 ], [ -122.05107, 37.48743 ], [ -122.05112, 37.48743 ], [ -122.05107, 37.4874 ] ], [ [ -122.05101, 37.48738 ], [ -122.05101, 37.4874 ], [ -122.05107, 37.4874 ], [ -122.05101, 37.48738 ] ], [ [ -122.05096, 37.48735 ], [ -122.05096, 37.48738 ], [ -122.05101, 37.48738 ], [ -122.05096, 37.48735 ] ], [ [ -122.05091, 37.48732 ], [ -122.05091, 37.48735 ], [ -122.05096, 37.48735 ], [ -122.05091, 37.48732 ] ], [ [ -122.05088, 37.48729 ], [ -122.05088, 37.48732 ], [ -122.05091, 37.48732 ], [ -122.05088, 37.48729 ] ], [ [ -122.05083, 37.48727 ], [ -122.05083, 37.48729 ], [ -122.05088, 37.48729 ], [ -122.05083, 37.48727 ] ], [ [ -122.05077, 37.48724 ], [ -122.05077, 37.48727 ], [ -122.05083, 37.48727 ], [ -122.05077, 37.48724 ] ], [ [ -122.05072, 37.48721 ], [ -122.05072, 37.48724 ], [ -122.05077, 37.48724 ], [ -122.05072, 37.48721 ] ], [ [ -122.0453, 37.48185 ], [ -122.04533, 37.48185 ], [ -122.0453, 37.4818 ], [ -122.0453, 37.48185 ] ], [ [ -122.04527, 37.48174 ], [ -122.04527, 37.4818 ], [ -122.0453, 37.4818 ], [ -122.04527, 37.48174 ] ], [ [ -122.04525, 37.48172 ], [ -122.04525, 37.48174 ], [ -122.04527, 37.48174 ], [ -122.04525, 37.48172 ] ], [ [ -122.04522, 37.48169 ], [ -122.04522, 37.48172 ], [ -122.04525, 37.48172 ], [ -122.04522, 37.48169 ] ], [ [ -122.04517, 37.48161 ], [ -122.04519, 37.48169 ], [ -122.04522, 37.48169 ], [ -122.04517, 37.48161 ] ], [ [ -122.0449, 37.48123 ], [ -122.04514, 37.48161 ], [ -122.04503, 37.48134 ], [ -122.0449, 37.48123 ] ], [ [ -122.04482, 37.48112 ], [ -122.04487, 37.48123 ], [ -122.04484, 37.48112 ], [ -122.04482, 37.48112 ] ], [ [ -122.04476, 37.48104 ], [ -122.04479, 37.48112 ], [ -122.04482, 37.48112 ], [ -122.04476, 37.48104 ] ], [ [ -122.04471, 37.48096 ], [ -122.04473, 37.48104 ], [ -122.04476, 37.48104 ], [ -122.04471, 37.48096 ] ], [ [ -122.04468, 37.48093 ], [ -122.04468, 37.48096 ], [ -122.04471, 37.48096 ], [ -122.04468, 37.48093 ] ], [ [ -122.03722, 37.4756 ], [ -122.03724, 37.4756 ], [ -122.03722, 37.47557 ], [ -122.03722, 37.4756 ] ], [ [ -122.037, 37.47549 ], [ -122.03714, 37.47557 ], [ -122.03711, 37.47549 ], [ -122.037, 37.47549 ] ], [ [ -122.03695, 37.47546 ], [ -122.03695, 37.47549 ], [ -122.037, 37.47549 ], [ -122.03695, 37.47546 ] ], [ [ -122.03695, 37.47544 ], [ -122.0366, 37.47533 ], [ -122.03643, 37.47533 ], [ -122.03684, 37.47546 ], [ -122.03695, 37.47544 ] ], [ [ -122.03643, 37.4753 ], [ -122.03627, 37.4753 ], [ -122.03617, 37.47528 ], [ -122.03622, 37.47533 ], [ -122.03643, 37.4753 ] ], [ [ -122.0463, 37.4832 ], [ -122.04632, 37.4832 ], [ -122.0463, 37.48317 ], [ -122.0463, 37.4832 ] ], [ [ -122.04627, 37.48312 ], [ -122.04627, 37.48317 ], [ -122.0463, 37.48317 ], [ -122.04627, 37.48312 ] ], [ [ -122.04624, 37.48309 ], [ -122.04624, 37.48312 ], [ -122.04627, 37.48312 ], [ -122.04624, 37.48309 ] ], [ [ -122.04622, 37.48306 ], [ -122.04622, 37.48309 ], [ -122.04624, 37.48309 ], [ -122.04622, 37.48306 ] ], [ [ -122.04611, 37.4829 ], [ -122.04619, 37.48306 ], [ -122.04616, 37.48293 ], [ -122.04611, 37.4829 ] ], [ [ -122.04608, 37.48285 ], [ -122.04608, 37.4829 ], [ -122.04611, 37.4829 ], [ -122.04608, 37.48285 ] ], [ [ -122.04606, 37.48282 ], [ -122.04606, 37.48285 ], [ -122.04608, 37.48285 ], [ -122.04606, 37.48282 ] ], [ [ -122.04603, 37.48279 ], [ -122.04603, 37.48282 ], [ -122.04606, 37.48282 ], [ -122.04603, 37.48279 ] ], [ [ -122.04584, 37.48252 ], [ -122.046, 37.48279 ], [ -122.04589, 37.48255 ], [ -122.04584, 37.48252 ] ], [ [ -122.04579, 37.48244 ], [ -122.04581, 37.48252 ], [ -122.04584, 37.48252 ], [ -122.04579, 37.48244 ] ], [ [ -122.04576, 37.48242 ], [ -122.04576, 37.48244 ], [ -122.04579, 37.48244 ], [ -122.04576, 37.48242 ] ], [ [ -122.04568, 37.48231 ], [ -122.04573, 37.48242 ], [ -122.04571, 37.48231 ], [ -122.04568, 37.48231 ] ], [ [ -122.04565, 37.48228 ], [ -122.04565, 37.48231 ], [ -122.04568, 37.48231 ], [ -122.04565, 37.48228 ] ], [ [ -122.04546, 37.48201 ], [ -122.04562, 37.48228 ], [ -122.04554, 37.48207 ], [ -122.04546, 37.48201 ] ], [ [ -122.04535, 37.4819 ], [ -122.04544, 37.48201 ], [ -122.04541, 37.4819 ], [ -122.04535, 37.4819 ] ], [ [ -122.02932, 37.47401 ], [ -122.03007, 37.47417 ], [ -122.03115, 37.47436 ], [ -122.03059, 37.4742 ], [ -122.02932, 37.47401 ] ], [ [ -122.02921, 37.47398 ], [ -122.02921, 37.47401 ], [ -122.02932, 37.47401 ], [ -122.02921, 37.47398 ] ], [ [ -122.04894, 37.48624 ], [ -122.04897, 37.48624 ], [ -122.04894, 37.48622 ], [ -122.04894, 37.48624 ] ], [ [ -122.04891, 37.48619 ], [ -122.04891, 37.48622 ], [ -122.04894, 37.48622 ], [ -122.04891, 37.48619 ] ], [ [ -122.04889, 37.48616 ], [ -122.04889, 37.48619 ], [ -122.04891, 37.48619 ], [ -122.04889, 37.48616 ] ], [ [ -122.04872, 37.48603 ], [ -122.04883, 37.48616 ], [ -122.04878, 37.48603 ], [ -122.04872, 37.48603 ] ], [ [ -122.04829, 37.48565 ], [ -122.04867, 37.48603 ], [ -122.04848, 37.48576 ], [ -122.04829, 37.48565 ] ], [ [ -122.04818, 37.48557 ], [ -122.04824, 37.48565 ], [ -122.04824, 37.48557 ], [ -122.04818, 37.48557 ] ], [ [ -122.04816, 37.48554 ], [ -122.04816, 37.48557 ], [ -122.04818, 37.48557 ], [ -122.04816, 37.48554 ] ], [ [ -122.04805, 37.48546 ], [ -122.0481, 37.48554 ], [ -122.0481, 37.48546 ], [ -122.04805, 37.48546 ] ], [ [ -122.04794, 37.48538 ], [ -122.048, 37.48546 ], [ -122.048, 37.48538 ], [ -122.04794, 37.48538 ] ], [ [ -122.04792, 37.48535 ], [ -122.04792, 37.48538 ], [ -122.04794, 37.48538 ], [ -122.04792, 37.48535 ] ], [ [ -122.04789, 37.48533 ], [ -122.04789, 37.48535 ], [ -122.04792, 37.48535 ], [ -122.04789, 37.48533 ] ], [ [ -122.04786, 37.4853 ], [ -122.04786, 37.48533 ], [ -122.04789, 37.48533 ], [ -122.04786, 37.4853 ] ], [ [ -122.04783, 37.48527 ], [ -122.04783, 37.4853 ], [ -122.04786, 37.4853 ], [ -122.04783, 37.48527 ] ], [ [ -122.04781, 37.48525 ], [ -122.04781, 37.48527 ], [ -122.04783, 37.48527 ], [ -122.04781, 37.48525 ] ], [ [ -122.04778, 37.48522 ], [ -122.04778, 37.48525 ], [ -122.04781, 37.48525 ], [ -122.04778, 37.48522 ] ], [ [ -122.04775, 37.48519 ], [ -122.04775, 37.48522 ], [ -122.04778, 37.48522 ], [ -122.04775, 37.48519 ] ], [ [ -122.04765, 37.48503 ], [ -122.04773, 37.48519 ], [ -122.0477, 37.48511 ], [ -122.04765, 37.48503 ] ], [ [ -122.04762, 37.485 ], [ -122.04762, 37.48503 ], [ -122.04765, 37.48503 ], [ -122.04762, 37.485 ] ], [ [ -122.04756, 37.48492 ], [ -122.04759, 37.485 ], [ -122.04762, 37.485 ], [ -122.04756, 37.48492 ] ], [ [ -122.04721, 37.48444 ], [ -122.04754, 37.48492 ], [ -122.0473, 37.48449 ], [ -122.04721, 37.48444 ] ], [ [ -122.04719, 37.48441 ], [ -122.04719, 37.48444 ], [ -122.04721, 37.48444 ], [ -122.04719, 37.48441 ] ], [ [ -122.04705, 37.48422 ], [ -122.04716, 37.48441 ], [ -122.04713, 37.48428 ], [ -122.04705, 37.48422 ] ], [ [ -122.04703, 37.4842 ], [ -122.04703, 37.48422 ], [ -122.04705, 37.48422 ], [ -122.04703, 37.4842 ] ], [ [ -122.047, 37.48414 ], [ -122.047, 37.4842 ], [ -122.04703, 37.4842 ], [ -122.047, 37.48414 ] ], [ [ -122.04694, 37.48409 ], [ -122.04697, 37.48414 ], [ -122.047, 37.48414 ], [ -122.04694, 37.48409 ] ], [ [ -122.0446, 37.48088 ], [ -122.04463, 37.48088 ], [ -122.0446, 37.48083 ], [ -122.0446, 37.48088 ] ], [ [ -122.04457, 37.48077 ], [ -122.04457, 37.48083 ], [ -122.0446, 37.48083 ], [ -122.04457, 37.48077 ] ], [ [ -122.04455, 37.48075 ], [ -122.04455, 37.48077 ], [ -122.04457, 37.48077 ], [ -122.04455, 37.48075 ] ], [ [ -122.04452, 37.48072 ], [ -122.04452, 37.48075 ], [ -122.04455, 37.48075 ], [ -122.04452, 37.48072 ] ], [ [ -122.04449, 37.48067 ], [ -122.04449, 37.48072 ], [ -122.04452, 37.48072 ], [ -122.04449, 37.48067 ] ], [ [ -122.04447, 37.48064 ], [ -122.04447, 37.48067 ], [ -122.04449, 37.48067 ], [ -122.04447, 37.48064 ] ], [ [ -122.04444, 37.48058 ], [ -122.04444, 37.48064 ], [ -122.04447, 37.48064 ], [ -122.04444, 37.48058 ] ], [ [ -122.04438, 37.4805 ], [ -122.04441, 37.48058 ], [ -122.04444, 37.48058 ], [ -122.04438, 37.4805 ] ], [ [ -122.04433, 37.48042 ], [ -122.04436, 37.4805 ], [ -122.04438, 37.4805 ], [ -122.04433, 37.48042 ] ], [ [ -122.04425, 37.48031 ], [ -122.0443, 37.48042 ], [ -122.04428, 37.48031 ], [ -122.04425, 37.48031 ] ], [ [ -122.04425, 37.48026 ], [ -122.04417, 37.48021 ], [ -122.0439, 37.47983 ], [ -122.04412, 37.48021 ], [ -122.04425, 37.48026 ] ], [ [ -122.0435, 37.47934 ], [ -122.04387, 37.47983 ], [ -122.04363, 37.47945 ], [ -122.0435, 37.47934 ] ], [ [ -122.04336, 37.47921 ], [ -122.04344, 37.47934 ], [ -122.04347, 37.47932 ], [ -122.04336, 37.47921 ] ], [ [ -122.04336, 37.47916 ], [ -122.04309, 37.47886 ], [ -122.04293, 37.47872 ], [ -122.04325, 37.47916 ], [ -122.04336, 37.47916 ] ], [ [ -122.0429, 37.4787 ], [ -122.0429, 37.47872 ], [ -122.04293, 37.47872 ], [ -122.0429, 37.4787 ] ], [ [ -122.04288, 37.47867 ], [ -122.04288, 37.4787 ], [ -122.0429, 37.4787 ], [ -122.04288, 37.47867 ] ], [ [ -122.04285, 37.47864 ], [ -122.04285, 37.47867 ], [ -122.04288, 37.47867 ], [ -122.04285, 37.47864 ] ], [ [ -122.04282, 37.47862 ], [ -122.04282, 37.47864 ], [ -122.04285, 37.47864 ], [ -122.04282, 37.47862 ] ], [ [ -122.04274, 37.47851 ], [ -122.04279, 37.47862 ], [ -122.04277, 37.47851 ], [ -122.04274, 37.47851 ] ], [ [ -122.04263, 37.4784 ], [ -122.04269, 37.47851 ], [ -122.04266, 37.4784 ], [ -122.04263, 37.4784 ] ], [ [ -122.04247, 37.47824 ], [ -122.04255, 37.47837 ], [ -122.04253, 37.47824 ], [ -122.04247, 37.47824 ] ], [ [ -122.04223, 37.47797 ], [ -122.04244, 37.47824 ], [ -122.04226, 37.47797 ], [ -122.04223, 37.47797 ] ], [ [ -122.0422, 37.47794 ], [ -122.0422, 37.47797 ], [ -122.04223, 37.47797 ], [ -122.0422, 37.47794 ] ], [ [ -122.04212, 37.47786 ], [ -122.04217, 37.47794 ], [ -122.04217, 37.47786 ], [ -122.04212, 37.47786 ] ], [ [ -122.04204, 37.47775 ], [ -122.04209, 37.47786 ], [ -122.04209, 37.47775 ], [ -122.04204, 37.47775 ] ], [ [ -122.04201, 37.47773 ], [ -122.04201, 37.47775 ], [ -122.04204, 37.47775 ], [ -122.04201, 37.47773 ] ], [ [ -122.0418, 37.47751 ], [ -122.04199, 37.47773 ], [ -122.04185, 37.47751 ], [ -122.0418, 37.47751 ] ], [ [ -122.04145, 37.47732 ], [ -122.04174, 37.47751 ], [ -122.04164, 37.47738 ], [ -122.04145, 37.47732 ] ], [ [ -122.04118, 37.47722 ], [ -122.04137, 37.47732 ], [ -122.04126, 37.47722 ], [ -122.04118, 37.47722 ] ], [ [ -122.04099, 37.47713 ], [ -122.0411, 37.47722 ], [ -122.04107, 37.47713 ], [ -122.04099, 37.47713 ] ], [ [ -122.04094, 37.47711 ], [ -122.04094, 37.47713 ], [ -122.04099, 37.47713 ], [ -122.04094, 37.47711 ] ], [ [ -122.04088, 37.47708 ], [ -122.04088, 37.47711 ], [ -122.04094, 37.47711 ], [ -122.04088, 37.47708 ] ] ], [ [ [ -122.0311, 37.48805 ], [ -122.03086, 37.48808 ], [ -122.03099, 37.48676 ], [ -122.03164, 37.48657 ], [ -122.03204, 37.4867 ], [ -122.03288, 37.48932 ], [ -122.03288, 37.4895 ], [ -122.03269, 37.48959 ], [ -122.03245, 37.4895 ], [ -122.03253, 37.48891 ], [ -122.03212, 37.48797 ], [ -122.03142, 37.48778 ], [ -122.0311, 37.48805 ] ] ], [ [ [ -122.01339, 37.49851 ], [ -122.01328, 37.49729 ], [ -122.01272, 37.49665 ], [ -122.01218, 37.49635 ], [ -122.01148, 37.4963 ], [ -122.01062, 37.49648 ], [ -122.0094, 37.49716 ], [ -122.0086, 37.49716 ], [ -122.00792, 37.49678 ], [ -122.00676, 37.49557 ], [ -122.00655, 37.49508 ], [ -122.00657, 37.49479 ], [ -122.00674, 37.49452 ], [ -122.00719, 37.49427 ], [ -122.00943, 37.49398 ], [ -122.01032, 37.49365 ], [ -122.01072, 37.49336 ], [ -122.01094, 37.49255 ], [ -122.01, 37.48996 ], [ -122.01005, 37.48929 ], [ -122.00975, 37.48864 ], [ -122.00973, 37.48821 ], [ -122.01, 37.48786 ], [ -122.01172, 37.48651 ], [ -122.01258, 37.48482 ], [ -122.01312, 37.48247 ], [ -122.01399, 37.48126 ], [ -122.01447, 37.48104 ], [ -122.01504, 37.48115 ], [ -122.01665, 37.48269 ], [ -122.01835, 37.48382 ], [ -122.01962, 37.4842 ], [ -122.02053, 37.48433 ], [ -122.02239, 37.48436 ], [ -122.02245, 37.48471 ], [ -122.02258, 37.4843 ], [ -122.0239, 37.48385 ], [ -122.02485, 37.48331 ], [ -122.02517, 37.48298 ], [ -122.02555, 37.48234 ], [ -122.02592, 37.47902 ], [ -122.02638, 37.47848 ], [ -122.02708, 37.4784 ], [ -122.02757, 37.47864 ], [ -122.02819, 37.47918 ], [ -122.02975, 37.4811 ], [ -122.03051, 37.48215 ], [ -122.03091, 37.48323 ], [ -122.03099, 37.48436 ], [ -122.03078, 37.48813 ], [ -122.03059, 37.48843 ], [ -122.02999, 37.48875 ], [ -122.03032, 37.48953 ], [ -122.03088, 37.4898 ], [ -122.03104, 37.4901 ], [ -122.03107, 37.49093 ], [ -122.03075, 37.49101 ], [ -122.03099, 37.49107 ], [ -122.03113, 37.49134 ], [ -122.03131, 37.49409 ], [ -122.03107, 37.49425 ], [ -122.03131, 37.4943 ], [ -122.03142, 37.49476 ], [ -122.03158, 37.49659 ], [ -122.03158, 37.49702 ], [ -122.03142, 37.49719 ], [ -122.03161, 37.49729 ], [ -122.03183, 37.4978 ], [ -122.03207, 37.49902 ], [ -122.03253, 37.5001 ], [ -122.03247, 37.50042 ], [ -122.03277, 37.50085 ], [ -122.03317, 37.50217 ], [ -122.03309, 37.50247 ], [ -122.03331, 37.50268 ], [ -122.03374, 37.50395 ], [ -122.03374, 37.50446 ], [ -122.03347, 37.50462 ], [ -122.0336, 37.50403 ], [ -122.03344, 37.50371 ], [ -122.03078, 37.50125 ], [ -122.03037, 37.50026 ], [ -122.029, 37.49961 ], [ -122.02838, 37.4991 ], [ -122.02654, 37.49867 ], [ -122.02641, 37.49832 ], [ -122.02601, 37.49816 ], [ -122.02487, 37.49813 ], [ -122.02463, 37.49797 ], [ -122.02291, 37.49802 ], [ -122.02212, 37.49786 ], [ -122.02175, 37.49754 ], [ -122.02177, 37.49697 ], [ -122.02159, 37.49678 ], [ -122.02145, 37.49681 ], [ -122.02145, 37.49611 ], [ -122.02126, 37.49608 ], [ -122.02121, 37.49595 ], [ -122.02145, 37.49586 ], [ -122.02115, 37.49578 ], [ -122.02094, 37.49473 ], [ -122.02059, 37.4936 ], [ -122.02064, 37.49293 ], [ -122.02118, 37.49096 ], [ -122.0207, 37.49252 ], [ -122.02053, 37.49344 ], [ -122.02172, 37.49845 ], [ -122.02153, 37.49834 ], [ -122.0215, 37.49851 ], [ -122.0194, 37.49853 ], [ -122.02156, 37.49864 ], [ -122.02582, 37.49861 ], [ -122.02595, 37.49872 ], [ -122.02592, 37.50381 ], [ -122.02579, 37.50363 ], [ -122.02557, 37.50373 ], [ -122.02563, 37.50381 ], [ -122.02603, 37.50384 ], [ -122.02603, 37.50403 ], [ -122.0266, 37.50411 ], [ -122.02714, 37.50414 ], [ -122.02625, 37.504 ], [ -122.02614, 37.50376 ], [ -122.03347, 37.50468 ], [ -122.03317, 37.50492 ], [ -122.03045, 37.50449 ], [ -122.03029, 37.50457 ], [ -122.02978, 37.50441 ], [ -122.02735, 37.50416 ], [ -122.02932, 37.50441 ], [ -122.03129, 37.5054 ], [ -122.03142, 37.50543 ], [ -122.03091, 37.505 ], [ -122.03175, 37.50511 ], [ -122.03258, 37.50565 ], [ -122.03204, 37.50573 ], [ -122.03237, 37.50597 ], [ -122.03228, 37.50613 ], [ -122.03134, 37.50729 ], [ -122.03113, 37.5074 ], [ -122.03113, 37.50756 ], [ -122.03013, 37.50877 ], [ -122.02978, 37.50899 ], [ -122.02986, 37.50907 ], [ -122.02873, 37.51044 ], [ -122.02851, 37.51053 ], [ -122.02212, 37.50726 ], [ -122.02221, 37.50691 ], [ -122.02323, 37.50592 ], [ -122.02353, 37.50584 ], [ -122.02355, 37.50554 ], [ -122.02398, 37.50511 ], [ -122.02097, 37.50805 ], [ -122.02113, 37.5088 ], [ -122.02086, 37.50829 ], [ -122.02086, 37.50802 ], [ -122.0211, 37.50775 ], [ -122.02498, 37.5039 ], [ -122.0252, 37.50392 ], [ -122.02514, 37.50376 ], [ -122.0252, 37.5036 ], [ -122.02555, 37.50325 ], [ -122.02563, 37.49891 ], [ -122.01916, 37.49894 ], [ -122.01646, 37.5009 ], [ -122.01625, 37.50058 ], [ -122.01692, 37.50023 ], [ -122.01803, 37.49926 ], [ -122.01735, 37.49964 ], [ -122.01695, 37.49961 ], [ -122.01679, 37.49985 ], [ -122.01549, 37.5001 ], [ -122.01487, 37.49956 ], [ -122.01345, 37.49939 ], [ -122.01326, 37.49915 ], [ -122.01339, 37.49851 ] ], [ [ -122.02121, 37.49088 ], [ -122.02118, 37.49088 ], [ -122.02118, 37.49096 ], [ -122.02121, 37.49088 ] ], [ [ -122.0215, 37.49832 ], [ -122.0215, 37.49834 ], [ -122.02153, 37.49834 ], [ -122.0215, 37.49832 ] ], [ [ -122.02148, 37.49829 ], [ -122.02148, 37.49832 ], [ -122.0215, 37.49832 ], [ -122.02148, 37.49829 ] ], [ [ -122.02145, 37.49826 ], [ -122.02145, 37.49829 ], [ -122.02148, 37.49829 ], [ -122.02145, 37.49826 ] ], [ [ -122.02142, 37.49824 ], [ -122.02142, 37.49826 ], [ -122.02145, 37.49826 ], [ -122.02142, 37.49824 ] ], [ [ -122.0214, 37.49821 ], [ -122.0214, 37.49824 ], [ -122.02142, 37.49824 ], [ -122.0214, 37.49821 ] ], [ [ -122.02137, 37.49816 ], [ -122.02137, 37.49821 ], [ -122.0214, 37.49821 ], [ -122.02137, 37.49816 ] ], [ [ -122.02134, 37.4981 ], [ -122.02134, 37.49816 ], [ -122.02137, 37.49816 ], [ -122.02134, 37.4981 ] ], [ [ -122.03148, 37.50546 ], [ -122.03148, 37.50543 ], [ -122.03142, 37.50543 ], [ -122.03148, 37.50546 ] ], [ [ -122.02401, 37.50508 ], [ -122.02398, 37.50508 ], [ -122.02398, 37.50511 ], [ -122.02401, 37.50508 ] ], [ [ -122.02404, 37.50505 ], [ -122.02401, 37.50505 ], [ -122.02401, 37.50508 ], [ -122.02404, 37.50505 ] ], [ [ -122.02406, 37.50503 ], [ -122.02404, 37.50503 ], [ -122.02404, 37.50505 ], [ -122.02406, 37.50503 ] ], [ [ -122.02409, 37.505 ], [ -122.02406, 37.505 ], [ -122.02406, 37.50503 ], [ -122.02409, 37.505 ] ], [ [ -122.02412, 37.50497 ], [ -122.02409, 37.50497 ], [ -122.02409, 37.505 ], [ -122.02412, 37.50497 ] ], [ [ -122.02415, 37.50495 ], [ -122.02412, 37.50495 ], [ -122.02412, 37.50497 ], [ -122.02415, 37.50495 ] ], [ [ -122.02417, 37.50492 ], [ -122.02415, 37.50492 ], [ -122.02415, 37.50495 ], [ -122.02417, 37.50492 ] ], [ [ -122.0242, 37.50489 ], [ -122.02417, 37.50489 ], [ -122.02417, 37.50492 ], [ -122.0242, 37.50489 ] ], [ [ -122.02423, 37.50487 ], [ -122.0242, 37.50487 ], [ -122.0242, 37.50489 ], [ -122.02423, 37.50487 ] ], [ [ -122.02425, 37.50484 ], [ -122.02423, 37.50484 ], [ -122.02423, 37.50487 ], [ -122.02425, 37.50484 ] ], [ [ -122.01811, 37.49921 ], [ -122.01806, 37.49921 ], [ -122.01803, 37.49926 ], [ -122.01811, 37.49921 ] ], [ [ -122.02145, 37.49595 ], [ -122.02148, 37.49608 ], [ -122.02159, 37.49605 ], [ -122.02159, 37.49595 ], [ -122.02145, 37.49595 ] ], [ [ -122.02175, 37.48565 ], [ -122.02191, 37.4849 ], [ -122.02229, 37.48487 ], [ -122.02196, 37.48781 ], [ -122.02124, 37.49088 ], [ -122.02194, 37.48832 ], [ -122.02245, 37.48473 ], [ -122.02231, 37.48484 ], [ -122.02221, 37.48479 ], [ -122.02199, 37.48479 ], [ -122.02183, 37.48492 ], [ -122.0218, 37.48506 ], [ -122.02175, 37.48565 ] ], [ [ -122.02134, 37.49805 ], [ -122.0211, 37.49735 ], [ -122.02072, 37.49565 ], [ -122.02105, 37.49743 ], [ -122.02134, 37.49805 ] ], [ [ -122.0207, 37.49554 ], [ -122.0207, 37.49565 ], [ -122.02072, 37.49565 ], [ -122.0207, 37.49554 ] ], [ [ -122.02067, 37.49543 ], [ -122.02067, 37.49554 ], [ -122.0207, 37.49554 ], [ -122.02067, 37.49543 ] ], [ [ -122.02064, 37.49538 ], [ -122.02064, 37.49543 ], [ -122.02067, 37.49543 ], [ -122.02064, 37.49538 ] ], [ [ -122.0252, 37.50368 ], [ -122.0252, 37.50371 ], [ -122.02522, 37.50368 ], [ -122.0252, 37.50368 ] ], [ [ -122.01827, 37.49907 ], [ -122.01811, 37.49918 ], [ -122.01816, 37.49918 ], [ -122.01827, 37.49907 ] ], [ [ -122.0183, 37.49904 ], [ -122.01827, 37.49904 ], [ -122.01827, 37.49907 ], [ -122.0183, 37.49904 ] ], [ [ -122.01832, 37.49902 ], [ -122.0183, 37.49902 ], [ -122.0183, 37.49904 ], [ -122.01832, 37.49902 ] ], [ [ -122.01835, 37.49899 ], [ -122.01832, 37.49899 ], [ -122.01832, 37.49902 ], [ -122.01835, 37.49899 ] ], [ [ -122.02749, 37.50783 ], [ -122.02751, 37.50783 ], [ -122.02749, 37.5078 ], [ -122.02749, 37.50783 ] ], [ [ -122.02649, 37.50732 ], [ -122.02652, 37.50732 ], [ -122.02649, 37.50729 ], [ -122.02649, 37.50732 ] ], [ [ -122.02444, 37.50468 ], [ -122.02447, 37.50468 ], [ -122.02444, 37.50465 ], [ -122.02444, 37.50468 ] ], [ [ -122.02493, 37.50656 ], [ -122.02495, 37.50656 ], [ -122.02493, 37.50654 ], [ -122.02493, 37.50656 ] ], [ [ -122.02638, 37.50726 ], [ -122.02641, 37.50726 ], [ -122.02638, 37.50724 ], [ -122.02638, 37.50726 ] ], [ [ -122.02498, 37.50654 ], [ -122.02501, 37.50654 ], [ -122.02498, 37.50651 ], [ -122.02498, 37.50654 ] ], [ [ -122.02544, 37.50678 ], [ -122.02547, 37.50678 ], [ -122.02544, 37.50675 ], [ -122.02544, 37.50678 ] ], [ [ -122.02503, 37.50656 ], [ -122.02506, 37.50656 ], [ -122.02503, 37.50654 ], [ -122.02503, 37.50656 ] ], [ [ -122.02945, 37.50891 ], [ -122.02948, 37.50891 ], [ -122.02945, 37.50888 ], [ -122.02945, 37.50891 ] ], [ [ -122.02738, 37.50778 ], [ -122.02741, 37.50778 ], [ -122.02738, 37.50775 ], [ -122.02738, 37.50778 ] ], [ [ -122.02684, 37.50756 ], [ -122.02687, 37.50756 ], [ -122.02684, 37.50753 ], [ -122.02684, 37.50756 ] ], [ [ -122.02509, 37.50659 ], [ -122.02512, 37.50659 ], [ -122.02509, 37.50656 ], [ -122.02509, 37.50659 ] ], [ [ -122.02964, 37.50902 ], [ -122.02967, 37.50902 ], [ -122.02964, 37.50899 ], [ -122.02964, 37.50902 ] ], [ [ -122.02549, 37.50681 ], [ -122.02552, 37.50681 ], [ -122.02549, 37.50678 ], [ -122.02549, 37.50681 ] ], [ [ -122.02889, 37.50856 ], [ -122.02892, 37.50856 ], [ -122.02889, 37.50853 ], [ -122.02889, 37.50856 ] ], [ [ -122.02584, 37.50705 ], [ -122.02587, 37.50705 ], [ -122.02584, 37.50702 ], [ -122.02584, 37.50705 ] ], [ [ -122.02778, 37.50805 ], [ -122.02781, 37.50805 ], [ -122.02778, 37.50802 ], [ -122.02778, 37.50805 ] ], [ [ -122.02776, 37.50796 ], [ -122.02778, 37.50796 ], [ -122.02776, 37.50794 ], [ -122.02776, 37.50796 ] ], [ [ -122.02972, 37.50899 ], [ -122.02975, 37.50899 ], [ -122.02972, 37.50896 ], [ -122.02972, 37.50899 ] ], [ [ -122.01673, 37.49983 ], [ -122.01676, 37.49983 ], [ -122.01673, 37.4998 ], [ -122.01673, 37.49983 ] ], [ [ -122.03185, 37.50565 ], [ -122.03188, 37.50565 ], [ -122.03185, 37.50562 ], [ -122.03185, 37.50565 ] ], [ [ -122.02172, 37.48573 ], [ -122.02175, 37.48573 ], [ -122.02172, 37.4857 ], [ -122.02172, 37.48573 ] ], [ [ -122.02743, 37.5078 ], [ -122.02746, 37.5078 ], [ -122.02743, 37.50778 ], [ -122.02743, 37.5078 ] ], [ [ -122.0291, 37.50867 ], [ -122.02913, 37.50867 ], [ -122.0291, 37.50864 ], [ -122.0291, 37.50867 ] ], [ [ -122.02733, 37.50775 ], [ -122.02735, 37.50775 ], [ -122.02733, 37.50772 ], [ -122.02733, 37.50775 ] ], [ [ -122.0266, 37.50737 ], [ -122.02662, 37.50737 ], [ -122.0266, 37.50735 ], [ -122.0266, 37.50737 ] ], [ [ -122.02644, 37.50729 ], [ -122.02646, 37.50729 ], [ -122.02644, 37.50726 ], [ -122.02644, 37.50729 ] ], [ [ -122.02706, 37.50767 ], [ -122.02708, 37.50767 ], [ -122.02706, 37.50764 ], [ -122.02706, 37.50767 ] ], [ [ -122.02695, 37.50761 ], [ -122.02698, 37.50761 ], [ -122.02695, 37.50759 ], [ -122.02695, 37.50761 ] ], [ [ -122.02935, 37.50885 ], [ -122.02937, 37.50885 ], [ -122.02935, 37.50883 ], [ -122.02935, 37.50885 ] ], [ [ -122.02654, 37.50735 ], [ -122.02657, 37.50735 ], [ -122.02654, 37.50732 ], [ -122.02654, 37.50735 ] ], [ [ -122.02905, 37.50864 ], [ -122.02908, 37.50864 ], [ -122.02905, 37.50861 ], [ -122.02905, 37.50864 ] ], [ [ -122.0276, 37.50788 ], [ -122.02762, 37.50788 ], [ -122.0276, 37.50786 ], [ -122.0276, 37.50788 ] ], [ [ -122.02595, 37.5071 ], [ -122.02598, 37.5071 ], [ -122.02595, 37.50708 ], [ -122.02595, 37.5071 ] ], [ [ -122.0294, 37.50888 ], [ -122.02943, 37.50888 ], [ -122.0294, 37.50885 ], [ -122.0294, 37.50888 ] ], [ [ -122.02789, 37.50805 ], [ -122.02792, 37.50805 ], [ -122.02789, 37.50802 ], [ -122.02789, 37.50805 ] ], [ [ -122.02371, 37.50594 ], [ -122.02374, 37.50594 ], [ -122.02371, 37.50592 ], [ -122.02371, 37.50594 ] ], [ [ -122.02026, 37.49279 ], [ -122.02029, 37.49279 ], [ -122.02026, 37.49274 ], [ -122.02026, 37.49279 ] ], [ [ -122.02026, 37.4939 ], [ -122.02029, 37.4939 ], [ -122.02026, 37.49384 ], [ -122.02026, 37.4939 ] ], [ [ -122.02956, 37.50896 ], [ -122.02956, 37.50894 ], [ -122.02954, 37.50896 ], [ -122.02956, 37.50896 ] ], [ [ -122.02951, 37.50894 ], [ -122.02954, 37.50894 ], [ -122.02951, 37.50891 ], [ -122.02951, 37.50894 ] ], [ [ -122.02765, 37.50796 ], [ -122.02765, 37.50794 ], [ -122.02762, 37.50796 ], [ -122.02765, 37.50796 ] ], [ [ -122.0276, 37.50794 ], [ -122.02762, 37.50794 ], [ -122.0276, 37.50791 ], [ -122.0276, 37.50794 ] ], [ [ -122.03113, 37.50511 ], [ -122.03115, 37.50511 ], [ -122.03113, 37.50505 ], [ -122.03113, 37.50511 ] ], [ [ -122.03099, 37.50505 ], [ -122.03104, 37.50505 ], [ -122.03099, 37.50503 ], [ -122.03099, 37.50505 ] ], [ [ -122.02169, 37.48584 ], [ -122.02172, 37.48584 ], [ -122.02169, 37.48576 ], [ -122.02169, 37.48584 ] ], [ [ -122.02654, 37.5074 ], [ -122.02654, 37.50737 ], [ -122.02652, 37.5074 ], [ -122.02654, 37.5074 ] ], [ [ -122.02646, 37.50737 ], [ -122.02652, 37.50737 ], [ -122.02646, 37.50735 ], [ -122.02646, 37.50737 ] ], [ [ -122.03199, 37.5057 ], [ -122.03199, 37.50567 ], [ -122.03193, 37.5057 ], [ -122.03199, 37.5057 ] ], [ [ -122.03191, 37.50567 ], [ -122.03193, 37.50567 ], [ -122.03191, 37.50565 ], [ -122.03191, 37.50567 ] ], [ [ -122.02902, 37.50861 ], [ -122.02902, 37.50858 ], [ -122.02897, 37.50861 ], [ -122.02902, 37.50861 ] ], [ [ -122.02894, 37.50858 ], [ -122.02897, 37.50858 ], [ -122.02894, 37.50856 ], [ -122.02894, 37.50858 ] ], [ [ -122.02609, 37.50716 ], [ -122.02609, 37.50713 ], [ -122.02603, 37.50716 ], [ -122.02609, 37.50716 ] ], [ [ -122.02601, 37.50713 ], [ -122.02603, 37.50713 ], [ -122.02601, 37.5071 ], [ -122.02601, 37.50713 ] ], [ [ -122.02773, 37.50796 ], [ -122.02768, 37.50796 ], [ -122.02776, 37.50802 ], [ -122.02773, 37.50796 ] ], [ [ -122.02636, 37.50724 ], [ -122.02636, 37.50721 ], [ -122.02633, 37.50724 ], [ -122.02636, 37.50724 ] ], [ [ -122.02627, 37.50721 ], [ -122.02633, 37.50721 ], [ -122.02627, 37.50718 ], [ -122.02627, 37.50721 ] ], [ [ -122.02622, 37.50716 ], [ -122.02622, 37.50718 ], [ -122.02627, 37.50718 ], [ -122.02622, 37.50716 ] ], [ [ -122.02102, 37.48872 ], [ -122.02107, 37.4887 ], [ -122.02102, 37.48864 ], [ -122.02102, 37.48872 ] ], [ [ -122.02716, 37.50416 ], [ -122.02733, 37.50416 ], [ -122.02716, 37.50414 ], [ -122.02716, 37.50416 ] ], [ [ -122.02533, 37.5067 ], [ -122.02536, 37.50675 ], [ -122.02539, 37.5067 ], [ -122.02533, 37.5067 ] ], [ [ -122.02528, 37.50667 ], [ -122.02528, 37.5067 ], [ -122.02533, 37.5067 ], [ -122.02528, 37.50667 ] ], [ [ -122.02522, 37.50664 ], [ -122.02522, 37.50667 ], [ -122.02528, 37.50667 ], [ -122.02522, 37.50664 ] ], [ [ -122.0252, 37.50662 ], [ -122.0252, 37.50664 ], [ -122.02522, 37.50664 ], [ -122.0252, 37.50662 ] ], [ [ -122.02644, 37.50735 ], [ -122.02644, 37.50732 ], [ -122.02641, 37.50735 ], [ -122.02644, 37.50735 ] ], [ [ -122.02636, 37.50732 ], [ -122.02641, 37.50732 ], [ -122.02636, 37.50729 ], [ -122.02636, 37.50732 ] ], [ [ -122.0263, 37.50726 ], [ -122.0263, 37.50729 ], [ -122.02636, 37.50729 ], [ -122.0263, 37.50726 ] ], [ [ -122.02625, 37.50724 ], [ -122.02625, 37.50726 ], [ -122.0263, 37.50726 ], [ -122.02625, 37.50724 ] ], [ [ -122.02619, 37.50721 ], [ -122.02619, 37.50724 ], [ -122.02625, 37.50724 ], [ -122.02619, 37.50721 ] ], [ [ -122.02614, 37.50718 ], [ -122.02614, 37.50721 ], [ -122.02619, 37.50721 ], [ -122.02614, 37.50718 ] ], [ [ -122.02611, 37.50716 ], [ -122.02611, 37.50718 ], [ -122.02614, 37.50718 ], [ -122.02611, 37.50716 ] ], [ [ -122.02536, 37.504 ], [ -122.02525, 37.504 ], [ -122.02533, 37.50408 ], [ -122.02536, 37.504 ] ], [ [ -122.02037, 37.49244 ], [ -122.02035, 37.49244 ], [ -122.02037, 37.4925 ], [ -122.02037, 37.49244 ] ], [ [ -122.02029, 37.49271 ], [ -122.02035, 37.49263 ], [ -122.02029, 37.49255 ], [ -122.02029, 37.49271 ] ], [ [ -122.02021, 37.4936 ], [ -122.02024, 37.49382 ], [ -122.02026, 37.49368 ], [ -122.02021, 37.4936 ] ], [ [ -122.02018, 37.49349 ], [ -122.02018, 37.4936 ], [ -122.02021, 37.4936 ], [ -122.02018, 37.49349 ] ], [ [ -122.02026, 37.49287 ], [ -122.02024, 37.49287 ], [ -122.02026, 37.49293 ], [ -122.02026, 37.49287 ] ], [ [ -122.02021, 37.49293 ], [ -122.02016, 37.49309 ], [ -122.02016, 37.49325 ], [ -122.02024, 37.49306 ], [ -122.02021, 37.49293 ] ], [ [ -122.02035, 37.49419 ], [ -122.02045, 37.49468 ], [ -122.0204, 37.49425 ], [ -122.02035, 37.49419 ] ], [ [ -122.02056, 37.49174 ], [ -122.0207, 37.49134 ], [ -122.02056, 37.49158 ], [ -122.02056, 37.49174 ] ], [ [ -122.02053, 37.4918 ], [ -122.02056, 37.4918 ], [ -122.02056, 37.49174 ], [ -122.02053, 37.4918 ] ], [ [ -122.02619, 37.50716 ], [ -122.02619, 37.50713 ], [ -122.02617, 37.50716 ], [ -122.02619, 37.50716 ] ], [ [ -122.02611, 37.50713 ], [ -122.02617, 37.50713 ], [ -122.02611, 37.5071 ], [ -122.02611, 37.50713 ] ], [ [ -122.02606, 37.50708 ], [ -122.02606, 37.5071 ], [ -122.02611, 37.5071 ], [ -122.02606, 37.50708 ] ], [ [ -122.02601, 37.50705 ], [ -122.02601, 37.50708 ], [ -122.02606, 37.50708 ], [ -122.02601, 37.50705 ] ], [ [ -122.0259, 37.50699 ], [ -122.02592, 37.50705 ], [ -122.02595, 37.50699 ], [ -122.0259, 37.50699 ] ], [ [ -122.02584, 37.50697 ], [ -122.02584, 37.50699 ], [ -122.0259, 37.50699 ], [ -122.02584, 37.50697 ] ], [ [ -122.02579, 37.50694 ], [ -122.02579, 37.50697 ], [ -122.02584, 37.50697 ], [ -122.02579, 37.50694 ] ], [ [ -122.02574, 37.50691 ], [ -122.02574, 37.50694 ], [ -122.02579, 37.50694 ], [ -122.02574, 37.50691 ] ], [ [ -122.02568, 37.50689 ], [ -122.02568, 37.50691 ], [ -122.02574, 37.50691 ], [ -122.02568, 37.50689 ] ], [ [ -122.02563, 37.50686 ], [ -122.02563, 37.50689 ], [ -122.02568, 37.50689 ], [ -122.02563, 37.50686 ] ], [ [ -122.02555, 37.50681 ], [ -122.02557, 37.50686 ], [ -122.0256, 37.50681 ], [ -122.02555, 37.50681 ] ], [ [ -122.0297, 37.50896 ], [ -122.0297, 37.50894 ], [ -122.02967, 37.50896 ], [ -122.0297, 37.50896 ] ], [ [ -122.02962, 37.50894 ], [ -122.02967, 37.50894 ], [ -122.02962, 37.50891 ], [ -122.02962, 37.50894 ] ], [ [ -122.02956, 37.50888 ], [ -122.02956, 37.50891 ], [ -122.02962, 37.50891 ], [ -122.02956, 37.50888 ] ], [ [ -122.02951, 37.50885 ], [ -122.02951, 37.50888 ], [ -122.02956, 37.50888 ], [ -122.02951, 37.50885 ] ], [ [ -122.02945, 37.50883 ], [ -122.02945, 37.50885 ], [ -122.02951, 37.50885 ], [ -122.02945, 37.50883 ] ], [ [ -122.0294, 37.5088 ], [ -122.0294, 37.50883 ], [ -122.02945, 37.50883 ], [ -122.0294, 37.5088 ] ], [ [ -122.02935, 37.50877 ], [ -122.02935, 37.5088 ], [ -122.0294, 37.5088 ], [ -122.02935, 37.50877 ] ], [ [ -122.02919, 37.50877 ], [ -122.02929, 37.5088 ], [ -122.02924, 37.50872 ], [ -122.02919, 37.50877 ] ], [ [ -122.02932, 37.50883 ], [ -122.02932, 37.5088 ], [ -122.02929, 37.5088 ], [ -122.02932, 37.50883 ] ], [ [ -122.02919, 37.50869 ], [ -122.02919, 37.50872 ], [ -122.02924, 37.50872 ], [ -122.02919, 37.50869 ] ], [ [ -122.02916, 37.50867 ], [ -122.02916, 37.50869 ], [ -122.02919, 37.50869 ], [ -122.02916, 37.50867 ] ], [ [ -122.02118, 37.48934 ], [ -122.02107, 37.4898 ], [ -122.02115, 37.48961 ], [ -122.02118, 37.48934 ] ], [ [ -122.0273, 37.50772 ], [ -122.0273, 37.5077 ], [ -122.02727, 37.50772 ], [ -122.0273, 37.50772 ] ], [ [ -122.02722, 37.5077 ], [ -122.02727, 37.5077 ], [ -122.02722, 37.50767 ], [ -122.02722, 37.5077 ] ], [ [ -122.02716, 37.50764 ], [ -122.02716, 37.50767 ], [ -122.02722, 37.50767 ], [ -122.02716, 37.50764 ] ], [ [ -122.02711, 37.50761 ], [ -122.02711, 37.50764 ], [ -122.02716, 37.50764 ], [ -122.02711, 37.50761 ] ], [ [ -122.02706, 37.50759 ], [ -122.02706, 37.50761 ], [ -122.02711, 37.50761 ], [ -122.02706, 37.50759 ] ], [ [ -122.027, 37.50756 ], [ -122.027, 37.50759 ], [ -122.02706, 37.50759 ], [ -122.027, 37.50756 ] ], [ [ -122.02695, 37.50753 ], [ -122.02695, 37.50756 ], [ -122.027, 37.50756 ], [ -122.02695, 37.50753 ] ], [ [ -122.02689, 37.50751 ], [ -122.02689, 37.50753 ], [ -122.02695, 37.50753 ], [ -122.02689, 37.50751 ] ], [ [ -122.02684, 37.50748 ], [ -122.02684, 37.50751 ], [ -122.02689, 37.50751 ], [ -122.02684, 37.50748 ] ], [ [ -122.02668, 37.5074 ], [ -122.02679, 37.50748 ], [ -122.02676, 37.5074 ], [ -122.02668, 37.5074 ] ], [ [ -122.02665, 37.50737 ], [ -122.02665, 37.5074 ], [ -122.02668, 37.5074 ], [ -122.02665, 37.50737 ] ], [ [ -122.02673, 37.50748 ], [ -122.02673, 37.50751 ], [ -122.02679, 37.50751 ], [ -122.02679, 37.50748 ], [ -122.02673, 37.50748 ] ], [ [ -122.02681, 37.50753 ], [ -122.02681, 37.50751 ], [ -122.02679, 37.50751 ], [ -122.02681, 37.50753 ] ], [ [ -122.02668, 37.50745 ], [ -122.02668, 37.50743 ], [ -122.02662, 37.50745 ], [ -122.02668, 37.50745 ] ], [ [ -122.02671, 37.50748 ], [ -122.02671, 37.50745 ], [ -122.02668, 37.50745 ], [ -122.02671, 37.50748 ] ], [ [ -122.02657, 37.50743 ], [ -122.02662, 37.50743 ], [ -122.02657, 37.5074 ], [ -122.02657, 37.50743 ] ], [ [ -122.02062, 37.49535 ], [ -122.02064, 37.49524 ], [ -122.02062, 37.49511 ], [ -122.02048, 37.49471 ], [ -122.02062, 37.49535 ] ], [ [ -122.02495, 37.50651 ], [ -122.02455, 37.50635 ], [ -122.02482, 37.50651 ], [ -122.02495, 37.50651 ] ], [ [ -122.02132, 37.48816 ], [ -122.02145, 37.4877 ], [ -122.02124, 37.48818 ], [ -122.02132, 37.48816 ] ], [ [ -122.01876, 37.49872 ], [ -122.01889, 37.49869 ], [ -122.01903, 37.49853 ], [ -122.01876, 37.49872 ] ], [ [ -122.0187, 37.49872 ], [ -122.01841, 37.49891 ], [ -122.01841, 37.49896 ], [ -122.0187, 37.4988 ], [ -122.0187, 37.49872 ] ], [ [ -122.02099, 37.49015 ], [ -122.02086, 37.49039 ], [ -122.02072, 37.49112 ], [ -122.02099, 37.49015 ] ], [ [ -122.02161, 37.48673 ], [ -122.02156, 37.48673 ], [ -122.02145, 37.48746 ], [ -122.02161, 37.48673 ] ] ], [ [ [ -122.04517, 37.49468 ], [ -122.04573, 37.4967 ], [ -122.04565, 37.4974 ], [ -122.04506, 37.49789 ], [ -122.03431, 37.5043 ], [ -122.03404, 37.50425 ], [ -122.03412, 37.504 ], [ -122.03396, 37.504 ], [ -122.03379, 37.50371 ], [ -122.03175, 37.49713 ], [ -122.03115, 37.49012 ], [ -122.03142, 37.48985 ], [ -122.03175, 37.48977 ], [ -122.03212, 37.48975 ], [ -122.03239, 37.48988 ], [ -122.03296, 37.49085 ], [ -122.0349, 37.49317 ], [ -122.03533, 37.49392 ], [ -122.03625, 37.49414 ], [ -122.04032, 37.49468 ], [ -122.04414, 37.49449 ], [ -122.0449, 37.49454 ], [ -122.04517, 37.49468 ] ] ], [ [ [ -122.02159, 37.49851 ], [ -122.02592, 37.49848 ], [ -122.02603, 37.49859 ], [ -122.02156, 37.49859 ], [ -122.02159, 37.49851 ] ] ], [ [ [ -122.05799, 37.50088 ], [ -122.05778, 37.50117 ], [ -122.04786, 37.5012 ], [ -122.0477, 37.50115 ], [ -122.0477, 37.49964 ], [ -122.04355, 37.49964 ], [ -122.03988, 37.50185 ], [ -122.03986, 37.50449 ], [ -122.03967, 37.50454 ], [ -122.03557, 37.50406 ], [ -122.03474, 37.50414 ], [ -122.04549, 37.49775 ], [ -122.04584, 37.49732 ], [ -122.04587, 37.49667 ], [ -122.04533, 37.49503 ], [ -122.04538, 37.49462 ], [ -122.04589, 37.49417 ], [ -122.04657, 37.49395 ], [ -122.04721, 37.4939 ], [ -122.04886, 37.49473 ], [ -122.05002, 37.49557 ], [ -122.05126, 37.49705 ], [ -122.05252, 37.49805 ], [ -122.05484, 37.49929 ], [ -122.05778, 37.5001 ], [ -122.05794, 37.50031 ], [ -122.05799, 37.50088 ] ], [ [ -122.03867, 37.50309 ], [ -122.03867, 37.50306 ], [ -122.0384, 37.50309 ], [ -122.03867, 37.50309 ] ], [ [ -122.038, 37.50306 ], [ -122.038, 37.50303 ], [ -122.03784, 37.50306 ], [ -122.038, 37.50306 ] ] ], [ [ [ -122.01706, 37.50225 ], [ -122.0166, 37.50214 ], [ -122.0166, 37.50109 ], [ -122.01673, 37.50088 ], [ -122.01811, 37.49977 ], [ -122.01924, 37.49904 ], [ -122.01954, 37.49896 ], [ -122.02455, 37.49894 ], [ -122.02544, 37.49902 ], [ -122.02544, 37.49921 ], [ -122.02549, 37.49907 ], [ -122.02557, 37.49913 ], [ -122.02549, 37.5026 ], [ -122.02541, 37.50231 ], [ -122.02539, 37.50244 ], [ -122.02455, 37.50247 ], [ -122.01706, 37.50225 ] ], [ [ -122.02541, 37.50063 ], [ -122.02544, 37.50063 ], [ -122.02541, 37.50061 ], [ -122.02541, 37.50063 ] ] ], [ [ [ -122.03307, 37.50395 ], [ -122.03277, 37.50365 ], [ -122.03121, 37.50233 ], [ -122.03304, 37.504 ], [ -122.03331, 37.50457 ], [ -122.02614, 37.50373 ], [ -122.02614, 37.50341 ], [ -122.02598, 37.50322 ], [ -122.02606, 37.50023 ], [ -122.02617, 37.50012 ], [ -122.02606, 37.49999 ], [ -122.02609, 37.49931 ], [ -122.02625, 37.49926 ], [ -122.02708, 37.49958 ], [ -122.02609, 37.49915 ], [ -122.02609, 37.49869 ], [ -122.02935, 37.50004 ], [ -122.03325, 37.50357 ], [ -122.03355, 37.50403 ], [ -122.03347, 37.50443 ], [ -122.03328, 37.50438 ], [ -122.03307, 37.50395 ] ], [ [ -122.03118, 37.50231 ], [ -122.03118, 37.50233 ], [ -122.03121, 37.50233 ], [ -122.03118, 37.50231 ] ], [ [ -122.03115, 37.50228 ], [ -122.03115, 37.50231 ], [ -122.03118, 37.50231 ], [ -122.03115, 37.50228 ] ], [ [ -122.0311, 37.50222 ], [ -122.03113, 37.50228 ], [ -122.03115, 37.50228 ], [ -122.0311, 37.50222 ] ], [ [ -122.03107, 37.5022 ], [ -122.03107, 37.50222 ], [ -122.0311, 37.50222 ], [ -122.03107, 37.5022 ] ], [ [ -122.02716, 37.49961 ], [ -122.02716, 37.49958 ], [ -122.02708, 37.49958 ], [ -122.02716, 37.49961 ] ], [ [ -122.03096, 37.50212 ], [ -122.03102, 37.5022 ], [ -122.03102, 37.50212 ], [ -122.03096, 37.50212 ] ], [ [ -122.03094, 37.50209 ], [ -122.03094, 37.50212 ], [ -122.03096, 37.50212 ], [ -122.03094, 37.50209 ] ], [ [ -122.03091, 37.50206 ], [ -122.03091, 37.50209 ], [ -122.03094, 37.50209 ], [ -122.03091, 37.50206 ] ], [ [ -122.03088, 37.50204 ], [ -122.03088, 37.50206 ], [ -122.03091, 37.50206 ], [ -122.03088, 37.50204 ] ], [ [ -122.03086, 37.50201 ], [ -122.03086, 37.50204 ], [ -122.03088, 37.50204 ], [ -122.03086, 37.50201 ] ], [ [ -122.03083, 37.50198 ], [ -122.03083, 37.50201 ], [ -122.03086, 37.50201 ], [ -122.03083, 37.50198 ] ], [ [ -122.03075, 37.50193 ], [ -122.03078, 37.50198 ], [ -122.0308, 37.50193 ], [ -122.03075, 37.50193 ] ], [ [ -122.03072, 37.5019 ], [ -122.03072, 37.50193 ], [ -122.03075, 37.50193 ], [ -122.03072, 37.5019 ] ], [ [ -122.03069, 37.50187 ], [ -122.03069, 37.5019 ], [ -122.03072, 37.5019 ], [ -122.03069, 37.50187 ] ], [ [ -122.03067, 37.50185 ], [ -122.03067, 37.50187 ], [ -122.03069, 37.50187 ], [ -122.03067, 37.50185 ] ], [ [ -122.03064, 37.50182 ], [ -122.03064, 37.50185 ], [ -122.03067, 37.50185 ], [ -122.03064, 37.50182 ] ], [ [ -122.03056, 37.50174 ], [ -122.03059, 37.50182 ], [ -122.03059, 37.50174 ], [ -122.03056, 37.50174 ] ], [ [ -122.03051, 37.50171 ], [ -122.03051, 37.50174 ], [ -122.03056, 37.50174 ], [ -122.03051, 37.50171 ] ], [ [ -122.03034, 37.50155 ], [ -122.03048, 37.50171 ], [ -122.0304, 37.50155 ], [ -122.03034, 37.50155 ] ], [ [ -122.03032, 37.50152 ], [ -122.03032, 37.50155 ], [ -122.03034, 37.50155 ], [ -122.03032, 37.50152 ] ], [ [ -122.03029, 37.5015 ], [ -122.03029, 37.50152 ], [ -122.03032, 37.50152 ], [ -122.03029, 37.5015 ] ], [ [ -122.02735, 37.49969 ], [ -122.02722, 37.49961 ], [ -122.02724, 37.49969 ], [ -122.02735, 37.49969 ] ], [ [ -122.02743, 37.49972 ], [ -122.02743, 37.49969 ], [ -122.02735, 37.49969 ], [ -122.02743, 37.49972 ] ], [ [ -122.02757, 37.49977 ], [ -122.02751, 37.49972 ], [ -122.02749, 37.49977 ], [ -122.02757, 37.49977 ] ], [ [ -122.0277, 37.49983 ], [ -122.02765, 37.49977 ], [ -122.02762, 37.49983 ], [ -122.0277, 37.49983 ] ], [ [ -122.02776, 37.49985 ], [ -122.02776, 37.49983 ], [ -122.0277, 37.49983 ], [ -122.02776, 37.49985 ] ], [ [ -122.02784, 37.49988 ], [ -122.02784, 37.49985 ], [ -122.02776, 37.49985 ], [ -122.02784, 37.49988 ] ], [ [ -122.02789, 37.49991 ], [ -122.02789, 37.49988 ], [ -122.02784, 37.49988 ], [ -122.02789, 37.49991 ] ], [ [ -122.02813, 37.50001 ], [ -122.02816, 37.50001 ], [ -122.02813, 37.49999 ], [ -122.02813, 37.50001 ] ], [ [ -122.02892, 37.50034 ], [ -122.02894, 37.50034 ], [ -122.02892, 37.50031 ], [ -122.02892, 37.50034 ] ], [ [ -122.02827, 37.50007 ], [ -122.0283, 37.50007 ], [ -122.02827, 37.50004 ], [ -122.02827, 37.50007 ] ], [ [ -122.02805, 37.49999 ], [ -122.02808, 37.49999 ], [ -122.02805, 37.49996 ], [ -122.02805, 37.49999 ] ], [ [ -122.02846, 37.50015 ], [ -122.02851, 37.50015 ], [ -122.02846, 37.50012 ], [ -122.02846, 37.50015 ] ], [ [ -122.02865, 37.5002 ], [ -122.02865, 37.50018 ], [ -122.02859, 37.5002 ], [ -122.02865, 37.5002 ] ], [ [ -122.02854, 37.50018 ], [ -122.02859, 37.50018 ], [ -122.02854, 37.50015 ], [ -122.02854, 37.50018 ] ], [ [ -122.02843, 37.50012 ], [ -122.02843, 37.5001 ], [ -122.02838, 37.50012 ], [ -122.02843, 37.50012 ] ], [ [ -122.02832, 37.5001 ], [ -122.02838, 37.5001 ], [ -122.02832, 37.50007 ], [ -122.02832, 37.5001 ] ], [ [ -122.02803, 37.49996 ], [ -122.02803, 37.49993 ], [ -122.02797, 37.49996 ], [ -122.02803, 37.49996 ] ], [ [ -122.02792, 37.49993 ], [ -122.02797, 37.49993 ], [ -122.02792, 37.49991 ], [ -122.02792, 37.49993 ] ], [ [ -122.02878, 37.50026 ], [ -122.02878, 37.50028 ], [ -122.02886, 37.50026 ], [ -122.02878, 37.50026 ] ], [ [ -122.02873, 37.50023 ], [ -122.02873, 37.50026 ], [ -122.02878, 37.50026 ], [ -122.02873, 37.50023 ] ], [ [ -122.02867, 37.5002 ], [ -122.02867, 37.50023 ], [ -122.02873, 37.50023 ], [ -122.02867, 37.5002 ] ], [ [ -122.03026, 37.5015 ], [ -122.03026, 37.50147 ], [ -122.03024, 37.5015 ], [ -122.03026, 37.5015 ] ], [ [ -122.03018, 37.50147 ], [ -122.03024, 37.50147 ], [ -122.03018, 37.50144 ], [ -122.03018, 37.50147 ] ], [ [ -122.03013, 37.50142 ], [ -122.03013, 37.50144 ], [ -122.03018, 37.50144 ], [ -122.03013, 37.50142 ] ], [ [ -122.03007, 37.50139 ], [ -122.03007, 37.50142 ], [ -122.03013, 37.50142 ], [ -122.03007, 37.50139 ] ], [ [ -122.03002, 37.50136 ], [ -122.03002, 37.50139 ], [ -122.03007, 37.50139 ], [ -122.03002, 37.50136 ] ], [ [ -122.02997, 37.50134 ], [ -122.02997, 37.50136 ], [ -122.03002, 37.50136 ], [ -122.02997, 37.50134 ] ], [ [ -122.02991, 37.50131 ], [ -122.02991, 37.50134 ], [ -122.02997, 37.50134 ], [ -122.02991, 37.50131 ] ], [ [ -122.02986, 37.50128 ], [ -122.02986, 37.50131 ], [ -122.02991, 37.50131 ], [ -122.02986, 37.50128 ] ], [ [ -122.0298, 37.50125 ], [ -122.0298, 37.50128 ], [ -122.02986, 37.50128 ], [ -122.0298, 37.50125 ] ], [ [ -122.02978, 37.50123 ], [ -122.02978, 37.50125 ], [ -122.0298, 37.50125 ], [ -122.02978, 37.50123 ] ], [ [ -122.02972, 37.5012 ], [ -122.02972, 37.50123 ], [ -122.02978, 37.50123 ], [ -122.02972, 37.5012 ] ], [ [ -122.02962, 37.50107 ], [ -122.02962, 37.50115 ], [ -122.0297, 37.50117 ], [ -122.0297, 37.50112 ], [ -122.02962, 37.50107 ] ], [ [ -122.02956, 37.50104 ], [ -122.02959, 37.50104 ], [ -122.02956, 37.50101 ], [ -122.02956, 37.50104 ] ], [ [ -122.02945, 37.50085 ], [ -122.02954, 37.50101 ], [ -122.02954, 37.50096 ], [ -122.02945, 37.50085 ] ], [ [ -122.02916, 37.5005 ], [ -122.02943, 37.50085 ], [ -122.02927, 37.50055 ], [ -122.02916, 37.5005 ] ], [ [ -122.02913, 37.50047 ], [ -122.02913, 37.5005 ], [ -122.02916, 37.5005 ], [ -122.02913, 37.50047 ] ], [ [ -122.02902, 37.50039 ], [ -122.02908, 37.50047 ], [ -122.02908, 37.50039 ], [ -122.02902, 37.50039 ] ], [ [ -122.029, 37.50037 ], [ -122.029, 37.50039 ], [ -122.02902, 37.50039 ], [ -122.029, 37.50037 ] ], [ [ -122.02897, 37.50034 ], [ -122.02897, 37.50037 ], [ -122.029, 37.50037 ], [ -122.02897, 37.50034 ] ] ], [ [ [ -121.99256, 37.49867 ], [ -121.99267, 37.49856 ], [ -121.99329, 37.49913 ], [ -121.99288, 37.49856 ], [ -121.99275, 37.49859 ], [ -121.99283, 37.49842 ], [ -121.99302, 37.4984 ], [ -121.99372, 37.49888 ], [ -121.99418, 37.49902 ], [ -121.99574, 37.49899 ], [ -121.9965, 37.49875 ], [ -121.99712, 37.49802 ], [ -121.99935, 37.49438 ], [ -121.99994, 37.49398 ], [ -122.00038, 37.49398 ], [ -122.00331, 37.49487 ], [ -122.00542, 37.49522 ], [ -122.00566, 37.49581 ], [ -122.00717, 37.49748 ], [ -122.0083, 37.49799 ], [ -122.00938, 37.49813 ], [ -122.01118, 37.49743 ], [ -122.01188, 37.49756 ], [ -122.01218, 37.49778 ], [ -122.01226, 37.49805 ], [ -122.01223, 37.49861 ], [ -122.01191, 37.49934 ], [ -122.0121, 37.50004 ], [ -122.01269, 37.50042 ], [ -122.01312, 37.50053 ], [ -122.01442, 37.50034 ], [ -122.01458, 37.5005 ], [ -122.01479, 37.50131 ], [ -122.01463, 37.5019 ], [ -122.0135, 37.50317 ], [ -122.01256, 37.50328 ], [ -122.01172, 37.50384 ], [ -122.01167, 37.50411 ], [ -122.01221, 37.50581 ], [ -122.0121, 37.50681 ], [ -122.01008, 37.50759 ], [ -122.0055, 37.51053 ], [ -122.0055, 37.51028 ], [ -122.0052, 37.51015 ], [ -122.00523, 37.50999 ], [ -122.00512, 37.51007 ], [ -122.00507, 37.51001 ], [ -122.00509, 37.5098 ], [ -122.00496, 37.50977 ], [ -122.00507, 37.50912 ], [ -122.0049, 37.50907 ], [ -122.00493, 37.50888 ], [ -122.00461, 37.5084 ], [ -122.00415, 37.50821 ], [ -122.00423, 37.50813 ], [ -122.00393, 37.50818 ], [ -122.00374, 37.50799 ], [ -122.00348, 37.50799 ], [ -122.0035, 37.50788 ], [ -122.00304, 37.50778 ], [ -122.00291, 37.50745 ], [ -122.00269, 37.50748 ], [ -122.00272, 37.50713 ], [ -122.00197, 37.50691 ], [ -122.00202, 37.50673 ], [ -122.0018, 37.50664 ], [ -122.0018, 37.50643 ], [ -122.00164, 37.50643 ], [ -122.00191, 37.50627 ], [ -122.00186, 37.50613 ], [ -122.00124, 37.50619 ], [ -122.00118, 37.506 ], [ -122.00108, 37.50621 ], [ -122.00105, 37.50592 ], [ -122.00127, 37.50457 ], [ -122.00116, 37.50449 ], [ -122.0014, 37.50427 ], [ -122.00145, 37.50395 ], [ -122.0011, 37.50406 ], [ -122.00097, 37.5039 ], [ -122.00067, 37.50392 ], [ -122.0011, 37.50368 ], [ -122.00124, 37.50376 ], [ -122.00118, 37.50346 ], [ -122.0007, 37.50338 ], [ -122.00118, 37.50336 ], [ -122.00143, 37.50346 ], [ -122.00137, 37.50306 ], [ -122.00153, 37.50298 ], [ -122.00078, 37.5029 ], [ -122.00118, 37.50274 ], [ -122.00145, 37.50276 ], [ -122.00143, 37.50257 ], [ -122.0007, 37.50257 ], [ -122.00108, 37.50274 ], [ -122.00048, 37.50276 ], [ -122.00019, 37.50293 ], [ -122.00003, 37.50319 ], [ -121.99986, 37.50301 ], [ -122.00016, 37.50282 ], [ -121.99973, 37.50255 ], [ -121.999, 37.50252 ], [ -121.99892, 37.50271 ], [ -121.99865, 37.50274 ], [ -121.99844, 37.50301 ], [ -121.99817, 37.50373 ], [ -122.0007, 37.50629 ], [ -121.99256, 37.49867 ] ], [ [ -122.00552, 37.51023 ], [ -122.0055, 37.51023 ], [ -122.0055, 37.51028 ], [ -122.00552, 37.51023 ] ], [ [ -122.00552, 37.51039 ], [ -122.00552, 37.51042 ], [ -122.00555, 37.51039 ], [ -122.00552, 37.51039 ] ], [ [ -122.00515, 37.50988 ], [ -122.00509, 37.50988 ], [ -122.00515, 37.50991 ], [ -122.00515, 37.50988 ] ], [ [ -122.00361, 37.50788 ], [ -122.00356, 37.50791 ], [ -122.00361, 37.50794 ], [ -122.00361, 37.50788 ] ], [ [ -122.00299, 37.50756 ], [ -122.00299, 37.50759 ], [ -122.00302, 37.50756 ], [ -122.00299, 37.50756 ] ], [ [ -122.00277, 37.50718 ], [ -122.00277, 37.50721 ], [ -122.0028, 37.50718 ], [ -122.00277, 37.50718 ] ], [ [ -122.00191, 37.50616 ], [ -122.00191, 37.50619 ], [ -122.00194, 37.50616 ], [ -122.00191, 37.50616 ] ], [ [ -121.99997, 37.50301 ], [ -121.99989, 37.50301 ], [ -121.99997, 37.50303 ], [ -121.99997, 37.50301 ] ], [ [ -122.0017, 37.5026 ], [ -122.00172, 37.5026 ], [ -122.0017, 37.50257 ], [ -122.0017, 37.5026 ] ], [ [ -122.00129, 37.50454 ], [ -122.00132, 37.50454 ], [ -122.00129, 37.50452 ], [ -122.00129, 37.50454 ] ], [ [ -122.00145, 37.50376 ], [ -122.00148, 37.50376 ], [ -122.00145, 37.50373 ], [ -122.00145, 37.50376 ] ], [ [ -122.00108, 37.50602 ], [ -122.0011, 37.50602 ], [ -122.00108, 37.506 ], [ -122.00108, 37.50602 ] ], [ [ -122.00531, 37.51012 ], [ -122.00533, 37.51012 ], [ -122.00531, 37.51009 ], [ -122.00531, 37.51012 ] ], [ [ -122.00445, 37.50832 ], [ -122.00447, 37.50832 ], [ -122.00445, 37.50829 ], [ -122.00445, 37.50832 ] ], [ [ -122.00178, 37.50314 ], [ -122.0018, 37.50314 ], [ -122.00178, 37.50311 ], [ -122.00178, 37.50314 ] ], [ [ -122.00172, 37.50613 ], [ -122.00175, 37.50613 ], [ -122.00172, 37.50611 ], [ -122.00172, 37.50613 ] ], [ [ -121.99868, 37.50271 ], [ -121.99871, 37.50271 ], [ -121.99868, 37.50268 ], [ -121.99868, 37.50271 ] ], [ [ -122.0038, 37.50788 ], [ -122.00383, 37.50788 ], [ -122.0038, 37.50786 ], [ -122.0038, 37.50788 ] ], [ [ -122.00461, 37.50834 ], [ -122.00463, 37.50834 ], [ -122.00461, 37.50832 ], [ -122.00461, 37.50834 ] ], [ [ -122.00189, 37.50268 ], [ -122.00194, 37.50268 ], [ -122.00189, 37.50266 ], [ -122.00189, 37.50268 ] ], [ [ -122.00585, 37.50527 ], [ -122.0059, 37.50527 ], [ -122.00585, 37.50524 ], [ -122.00585, 37.50527 ] ], [ [ -122.00183, 37.50295 ], [ -122.00186, 37.50295 ], [ -122.00183, 37.5029 ], [ -122.00183, 37.50295 ] ], [ [ -122.0062, 37.50524 ], [ -122.00625, 37.50524 ], [ -122.0062, 37.50522 ], [ -122.0062, 37.50524 ] ], [ [ -122.00887, 37.50702 ], [ -122.00892, 37.50702 ], [ -122.00887, 37.50699 ], [ -122.00887, 37.50702 ] ], [ [ -122.0028, 37.50735 ], [ -122.00286, 37.50735 ], [ -122.0028, 37.50732 ], [ -122.0028, 37.50735 ] ], [ [ -122.00164, 37.50282 ], [ -122.0017, 37.50282 ], [ -122.00164, 37.50279 ], [ -122.00164, 37.50282 ] ], [ [ -122.00256, 37.50257 ], [ -122.00261, 37.50257 ], [ -122.00256, 37.50255 ], [ -122.00256, 37.50257 ] ], [ [ -122.00237, 37.50699 ], [ -122.00242, 37.50699 ], [ -122.00237, 37.50697 ], [ -122.00237, 37.50699 ] ], [ [ -122.0024, 37.50257 ], [ -122.00245, 37.50257 ], [ -122.0024, 37.50255 ], [ -122.0024, 37.50257 ] ], [ [ -122.00283, 37.50743 ], [ -122.00286, 37.50743 ], [ -122.0028, 37.50737 ], [ -122.00283, 37.50743 ] ], [ [ -122.01081, 37.50681 ], [ -122.01086, 37.50678 ], [ -122.01081, 37.50675 ], [ -122.01081, 37.50681 ] ], [ [ -122.0018, 37.50306 ], [ -122.00183, 37.50306 ], [ -122.0018, 37.50298 ], [ -122.0018, 37.50306 ] ], [ [ -122.00153, 37.50317 ], [ -122.00159, 37.50317 ], [ -122.00156, 37.50311 ], [ -122.00153, 37.50317 ] ], [ [ -122.00269, 37.50257 ], [ -122.00277, 37.50257 ], [ -122.00269, 37.50255 ], [ -122.00269, 37.50257 ] ], [ [ -122.00385, 37.50794 ], [ -122.0038, 37.50791 ], [ -122.00385, 37.50796 ], [ -122.00385, 37.50794 ] ], [ [ -122.00148, 37.50365 ], [ -122.00153, 37.50365 ], [ -122.00148, 37.5036 ], [ -122.00148, 37.50365 ] ], [ [ -122.00148, 37.50352 ], [ -122.00153, 37.50352 ], [ -122.00148, 37.50346 ], [ -122.00148, 37.50352 ] ], [ [ -122.00399, 37.5081 ], [ -122.00399, 37.50807 ], [ -122.00393, 37.5081 ], [ -122.00399, 37.5081 ] ], [ [ -122.00388, 37.50807 ], [ -122.00393, 37.50807 ], [ -122.00388, 37.50805 ], [ -122.00388, 37.50807 ] ], [ [ -122.00124, 37.50392 ], [ -122.00129, 37.50392 ], [ -122.00124, 37.50387 ], [ -122.00124, 37.50392 ] ], [ [ -122.00175, 37.50328 ], [ -122.0018, 37.50322 ], [ -122.00175, 37.50317 ], [ -122.00175, 37.50328 ] ], [ [ -121.99865, 37.50266 ], [ -121.99871, 37.50255 ], [ -121.99895, 37.50252 ], [ -121.99871, 37.50249 ], [ -121.99865, 37.50266 ] ], [ [ -121.99771, 37.50266 ], [ -121.99757, 37.50257 ], [ -121.99782, 37.50282 ], [ -121.99771, 37.50266 ] ], [ [ -121.99755, 37.50255 ], [ -121.99755, 37.50257 ], [ -121.99757, 37.50257 ], [ -121.99755, 37.50255 ] ], [ [ -121.99755, 37.50252 ], [ -121.99652, 37.50206 ], [ -121.99542, 37.50115 ], [ -121.99647, 37.50217 ], [ -121.99755, 37.50252 ] ] ], [ [ [ -121.99989, 37.50419 ], [ -121.99954, 37.50422 ], [ -121.99938, 37.50398 ], [ -121.99992, 37.50406 ], [ -122.00019, 37.50398 ], [ -122.00062, 37.50419 ], [ -122.0007, 37.50411 ], [ -122.00081, 37.50446 ], [ -122.00116, 37.50438 ], [ -122.00102, 37.5046 ], [ -122.00078, 37.50465 ], [ -122.00083, 37.50478 ], [ -122.00073, 37.50478 ], [ -122.00046, 37.50468 ], [ -122.00035, 37.50446 ], [ -122.00003, 37.50454 ], [ -121.99976, 37.50425 ], [ -121.99989, 37.50419 ] ], [ [ -122.00051, 37.50446 ], [ -122.00051, 37.50449 ], [ -122.00054, 37.50446 ], [ -122.00051, 37.50446 ] ], [ [ -122.00073, 37.50462 ], [ -122.00073, 37.50465 ], [ -122.00075, 37.50462 ], [ -122.00073, 37.50462 ] ], [ [ -122.00092, 37.50452 ], [ -122.00092, 37.50454 ], [ -122.001, 37.50452 ], [ -122.00092, 37.50452 ] ], [ [ -122.00086, 37.50452 ], [ -122.00081, 37.50452 ], [ -122.00089, 37.50457 ], [ -122.00086, 37.50452 ] ], [ [ -122.00075, 37.50449 ], [ -122.00075, 37.50452 ], [ -122.00081, 37.50452 ], [ -122.00075, 37.50449 ] ], [ [ -122.00073, 37.50449 ], [ -122.00062, 37.50449 ], [ -122.00073, 37.50454 ], [ -122.00073, 37.50449 ] ], [ [ -122.00008, 37.50427 ], [ -122.00021, 37.50433 ], [ -122.00016, 37.50427 ], [ -122.00008, 37.50427 ] ], [ [ -122.00059, 37.50465 ], [ -122.00059, 37.50454 ], [ -122.00048, 37.50454 ], [ -122.00046, 37.5046 ], [ -122.00059, 37.50465 ] ] ], [ [ [ -122.01555, 37.50495 ], [ -122.01576, 37.50457 ], [ -122.01636, 37.50433 ], [ -122.01649, 37.50452 ], [ -122.01644, 37.50484 ], [ -122.01606, 37.505 ], [ -122.01555, 37.50495 ] ] ], [ [ [ -122.03856, 37.50484 ], [ -122.03452, 37.50433 ], [ -122.03506, 37.50411 ], [ -122.03983, 37.5046 ], [ -122.03986, 37.50489 ], [ -122.03856, 37.50484 ] ] ], [ [ [ -122.01711, 37.50689 ], [ -122.01671, 37.50667 ], [ -122.0166, 37.50624 ], [ -122.0166, 37.50298 ], [ -122.01673, 37.50231 ], [ -122.02509, 37.50255 ], [ -122.02503, 37.5033 ], [ -122.02482, 37.50379 ], [ -122.02067, 37.50788 ], [ -122.01946, 37.50805 ], [ -122.01776, 37.50718 ], [ -122.01744, 37.50691 ], [ -122.01711, 37.50689 ] ] ], [ [ [ -122.04789, 37.50869 ], [ -122.04781, 37.5085 ], [ -122.04759, 37.5085 ], [ -122.04684, 37.50805 ], [ -122.04573, 37.50761 ], [ -122.0435, 37.50643 ], [ -122.04185, 37.50549 ], [ -122.04172, 37.50522 ], [ -122.03996, 37.50492 ], [ -122.03996, 37.50193 ], [ -122.04007, 37.50182 ], [ -122.04358, 37.49975 ], [ -122.04433, 37.49972 ], [ -122.04754, 37.49975 ], [ -122.04756, 37.50115 ], [ -122.04818, 37.50134 ], [ -122.04851, 37.50125 ], [ -122.05756, 37.50131 ], [ -122.05624, 37.50484 ], [ -122.05438, 37.50904 ], [ -122.05446, 37.50947 ], [ -122.05433, 37.5098 ], [ -122.05387, 37.51004 ], [ -122.0532, 37.51007 ], [ -122.0529, 37.50991 ], [ -122.05309, 37.50974 ], [ -122.05304, 37.50955 ], [ -122.05282, 37.50964 ], [ -122.05274, 37.50953 ], [ -122.05233, 37.50958 ], [ -122.0519, 37.50947 ], [ -122.05155, 37.50964 ], [ -122.05163, 37.51001 ], [ -122.05147, 37.50999 ], [ -122.0512, 37.50923 ], [ -122.05083, 37.50915 ], [ -122.05053, 37.50926 ], [ -122.0501, 37.50969 ], [ -122.0498, 37.50969 ], [ -122.04789, 37.50869 ] ], [ [ -122.05207, 37.50945 ], [ -122.05207, 37.50947 ], [ -122.05212, 37.50945 ], [ -122.05207, 37.50945 ] ], [ [ -122.05295, 37.50993 ], [ -122.05298, 37.50993 ], [ -122.05295, 37.50991 ], [ -122.05295, 37.50993 ] ], [ [ -122.05317, 37.50947 ], [ -122.0532, 37.50947 ], [ -122.05317, 37.50937 ], [ -122.05317, 37.50947 ] ] ], [ [ [ -122.02498, 37.50373 ], [ -122.02517, 37.50271 ], [ -122.02536, 37.50255 ], [ -122.02539, 37.5033 ], [ -122.02506, 37.50371 ], [ -122.02083, 37.50791 ], [ -122.02072, 37.50823 ], [ -122.02086, 37.50877 ], [ -122.02072, 37.5088 ], [ -122.01973, 37.50829 ], [ -122.01991, 37.50813 ], [ -122.02072, 37.50799 ], [ -122.02498, 37.50373 ] ] ], [ [ [ -122.01676, 37.50726 ], [ -122.01684, 37.50743 ], [ -122.01544, 37.50918 ], [ -122.01625, 37.50802 ], [ -122.01582, 37.50845 ], [ -122.0163, 37.5077 ], [ -122.01614, 37.50753 ], [ -122.0163, 37.50718 ], [ -122.01652, 37.50716 ], [ -122.01655, 37.5067 ], [ -122.01695, 37.50694 ], [ -122.01655, 37.50745 ], [ -122.01676, 37.50726 ] ], [ [ -122.01625, 37.50796 ], [ -122.0163, 37.50796 ], [ -122.01636, 37.50791 ], [ -122.01625, 37.50796 ] ], [ [ -122.01676, 37.50737 ], [ -122.01673, 37.50735 ], [ -122.01673, 37.50737 ], [ -122.01676, 37.50737 ] ], [ [ -122.01663, 37.50756 ], [ -122.0166, 37.50753 ], [ -122.0166, 37.50756 ], [ -122.01663, 37.50756 ] ], [ [ -122.01638, 37.50786 ], [ -122.01636, 37.50783 ], [ -122.01636, 37.50786 ], [ -122.01638, 37.50786 ] ], [ [ -122.01644, 37.5078 ], [ -122.01638, 37.50778 ], [ -122.01638, 37.5078 ], [ -122.01644, 37.5078 ] ] ], [ [ [ -122.00536, 37.51077 ], [ -122.01024, 37.50759 ], [ -122.01221, 37.50683 ], [ -122.01226, 37.50702 ], [ -122.01032, 37.5077 ], [ -122.00555, 37.51079 ], [ -122.00536, 37.51077 ] ] ], [ [ [ -122.00582, 37.51077 ], [ -122.01043, 37.50772 ], [ -122.0121, 37.5071 ], [ -122.0125, 37.50716 ], [ -122.01399, 37.50888 ], [ -122.01342, 37.50842 ], [ -122.01307, 37.50856 ], [ -122.0128, 37.50853 ], [ -122.01194, 37.50775 ], [ -122.01169, 37.50772 ], [ -122.01186, 37.50842 ], [ -122.01256, 37.50923 ], [ -122.01229, 37.50915 ], [ -122.01245, 37.50937 ], [ -122.01229, 37.50939 ], [ -122.01231, 37.5095 ], [ -122.01186, 37.50934 ], [ -122.01151, 37.50985 ], [ -122.01105, 37.50958 ], [ -122.01099, 37.50961 ], [ -122.01188, 37.51015 ], [ -122.01194, 37.51042 ], [ -122.01156, 37.51031 ], [ -122.01161, 37.51053 ], [ -122.01124, 37.5105 ], [ -122.01126, 37.51061 ], [ -122.01108, 37.51071 ], [ -122.01097, 37.51042 ], [ -122.01091, 37.5112 ], [ -122.01005, 37.51098 ], [ -122.00992, 37.51109 ], [ -122.01002, 37.51136 ], [ -122.00986, 37.51163 ], [ -122.0097, 37.51155 ], [ -122.0097, 37.51166 ], [ -122.0094, 37.51174 ], [ -122.00938, 37.51166 ], [ -122.00919, 37.51171 ], [ -122.00916, 37.51155 ], [ -122.0087, 37.51187 ], [ -122.00862, 37.51171 ], [ -122.00846, 37.51187 ], [ -122.00841, 37.51176 ], [ -122.00814, 37.51185 ], [ -122.00825, 37.51174 ], [ -122.00814, 37.51174 ], [ -122.008, 37.51203 ], [ -122.00701, 37.51206 ], [ -122.0059, 37.51112 ], [ -122.00582, 37.51077 ] ], [ [ -122.0086, 37.51168 ], [ -122.0086, 37.51171 ], [ -122.00862, 37.51171 ], [ -122.0086, 37.51168 ] ], [ [ -122.00857, 37.51166 ], [ -122.00857, 37.51168 ], [ -122.0086, 37.51168 ], [ -122.00857, 37.51166 ] ], [ [ -122.01094, 37.50958 ], [ -122.01099, 37.50958 ], [ -122.01094, 37.50955 ], [ -122.01094, 37.50958 ] ], [ [ -122.01094, 37.50953 ], [ -122.01083, 37.50945 ], [ -122.01075, 37.50945 ], [ -122.01083, 37.50955 ], [ -122.01094, 37.50953 ] ], [ [ -122.0094, 37.51168 ], [ -122.00946, 37.51168 ], [ -122.0094, 37.51166 ], [ -122.0094, 37.51168 ] ], [ [ -122.00851, 37.51176 ], [ -122.00854, 37.51176 ], [ -122.00851, 37.51174 ], [ -122.00851, 37.51176 ] ], [ [ -122.01078, 37.50872 ], [ -122.01081, 37.50872 ], [ -122.01078, 37.50869 ], [ -122.01078, 37.50872 ] ], [ [ -122.00806, 37.51176 ], [ -122.00808, 37.51176 ], [ -122.00806, 37.51174 ], [ -122.00806, 37.51176 ] ], [ [ -122.00957, 37.51152 ], [ -122.00962, 37.51152 ], [ -122.00957, 37.5115 ], [ -122.00957, 37.51152 ] ], [ [ -122.01089, 37.50918 ], [ -122.01094, 37.50918 ], [ -122.01089, 37.50912 ], [ -122.01089, 37.50918 ] ], [ [ -122.00981, 37.51144 ], [ -122.00981, 37.5115 ], [ -122.00989, 37.51147 ], [ -122.00981, 37.51144 ] ], [ [ -122.01091, 37.50904 ], [ -122.01091, 37.50888 ], [ -122.01089, 37.50904 ], [ -122.01091, 37.50904 ] ], [ [ -122.01086, 37.50888 ], [ -122.01089, 37.50888 ], [ -122.01086, 37.50885 ], [ -122.01086, 37.50888 ] ], [ [ -122.01043, 37.51096 ], [ -122.01032, 37.51096 ], [ -122.0104, 37.51101 ], [ -122.01043, 37.51096 ] ], [ [ -122.01132, 37.50996 ], [ -122.01099, 37.51034 ], [ -122.01124, 37.51015 ], [ -122.01132, 37.50996 ] ], [ [ -122.01097, 37.51034 ], [ -122.01097, 37.51036 ], [ -122.01099, 37.51036 ], [ -122.01099, 37.51034 ], [ -122.01097, 37.51034 ] ], [ [ -122.01078, 37.50985 ], [ -122.01081, 37.51085 ], [ -122.01091, 37.51061 ], [ -122.01078, 37.50985 ] ] ], [ [ [ -122.04832, 37.51397 ], [ -122.04797, 37.51403 ], [ -122.03711, 37.50848 ], [ -122.03749, 37.50858 ], [ -122.03735, 37.50848 ], [ -122.03738, 37.50821 ], [ -122.03778, 37.50761 ], [ -122.03859, 37.50686 ], [ -122.03848, 37.50675 ], [ -122.03862, 37.5067 ], [ -122.03859, 37.50654 ], [ -122.03873, 37.5064 ], [ -122.03873, 37.50627 ], [ -122.03732, 37.50799 ], [ -122.03711, 37.50796 ], [ -122.03719, 37.50815 ], [ -122.03697, 37.5084 ], [ -122.03678, 37.50837 ], [ -122.03689, 37.5085 ], [ -122.03598, 37.50964 ], [ -122.03579, 37.50966 ], [ -122.03584, 37.5098 ], [ -122.03557, 37.5098 ], [ -122.0356, 37.51009 ], [ -122.03468, 37.5112 ], [ -122.03449, 37.51114 ], [ -122.03458, 37.51133 ], [ -122.03425, 37.51131 ], [ -122.03439, 37.51139 ], [ -122.03433, 37.51163 ], [ -122.03317, 37.5129 ], [ -122.02935, 37.51096 ], [ -122.02892, 37.51061 ], [ -122.03002, 37.50918 ], [ -122.03016, 37.50912 ], [ -122.02994, 37.50942 ], [ -122.03024, 37.50923 ], [ -122.03016, 37.50894 ], [ -122.03344, 37.50489 ], [ -122.03369, 37.5047 ], [ -122.03498, 37.50487 ], [ -122.03522, 37.50468 ], [ -122.03503, 37.5046 ], [ -122.0349, 37.50473 ], [ -122.03382, 37.50468 ], [ -122.03396, 37.50438 ], [ -122.04129, 37.50522 ], [ -122.04471, 37.50721 ], [ -122.04554, 37.50759 ], [ -122.0456, 37.50775 ], [ -122.04581, 37.50772 ], [ -122.04716, 37.50832 ], [ -122.05039, 37.51015 ], [ -122.05131, 37.51026 ], [ -122.05118, 37.51047 ], [ -122.05061, 37.51047 ], [ -122.05004, 37.51023 ], [ -122.05099, 37.51074 ], [ -122.05107, 37.5109 ], [ -122.04983, 37.51238 ], [ -122.04994, 37.51217 ], [ -122.04953, 37.51241 ], [ -122.04907, 37.51225 ], [ -122.04948, 37.51255 ], [ -122.04832, 37.51397 ] ], [ [ -122.04999, 37.5102 ], [ -122.04999, 37.51023 ], [ -122.05004, 37.51023 ], [ -122.04999, 37.5102 ] ], [ [ -122.04994, 37.51017 ], [ -122.04994, 37.5102 ], [ -122.04999, 37.5102 ], [ -122.04994, 37.51017 ] ], [ [ -122.04988, 37.51015 ], [ -122.04988, 37.51017 ], [ -122.04994, 37.51017 ], [ -122.04988, 37.51015 ] ], [ [ -122.05002, 37.51206 ], [ -122.04994, 37.51212 ], [ -122.05002, 37.51212 ], [ -122.05002, 37.51206 ] ], [ [ -122.05004, 37.51203 ], [ -122.05002, 37.51203 ], [ -122.05002, 37.51206 ], [ -122.05004, 37.51203 ] ], [ [ -122.05007, 37.51201 ], [ -122.05004, 37.51201 ], [ -122.05004, 37.51203 ], [ -122.05007, 37.51201 ] ], [ [ -122.0501, 37.51195 ], [ -122.05007, 37.51195 ], [ -122.05007, 37.51201 ], [ -122.0501, 37.51195 ] ], [ [ -122.05012, 37.51193 ], [ -122.0501, 37.51193 ], [ -122.0501, 37.51195 ], [ -122.05012, 37.51193 ] ], [ [ -122.05015, 37.5119 ], [ -122.05012, 37.5119 ], [ -122.05012, 37.51193 ], [ -122.05015, 37.5119 ] ], [ [ -122.05018, 37.51187 ], [ -122.05015, 37.51187 ], [ -122.05015, 37.5119 ], [ -122.05018, 37.51187 ] ], [ [ -122.05023, 37.51179 ], [ -122.05018, 37.51182 ], [ -122.05023, 37.51185 ], [ -122.05023, 37.51179 ] ], [ [ -122.05026, 37.51176 ], [ -122.05023, 37.51176 ], [ -122.05023, 37.51179 ], [ -122.05026, 37.51176 ] ], [ [ -122.05029, 37.51174 ], [ -122.05026, 37.51174 ], [ -122.05026, 37.51176 ], [ -122.05029, 37.51174 ] ], [ [ -122.05034, 37.51166 ], [ -122.05029, 37.51168 ], [ -122.05034, 37.51171 ], [ -122.05034, 37.51166 ] ], [ [ -122.05037, 37.51163 ], [ -122.05034, 37.51163 ], [ -122.05034, 37.51166 ], [ -122.05037, 37.51163 ] ], [ [ -122.05039, 37.5116 ], [ -122.05037, 37.5116 ], [ -122.05037, 37.51163 ], [ -122.05039, 37.5116 ] ], [ [ -122.05042, 37.51158 ], [ -122.05039, 37.51158 ], [ -122.05039, 37.5116 ], [ -122.05042, 37.51158 ] ], [ [ -122.05045, 37.51152 ], [ -122.05042, 37.51152 ], [ -122.05042, 37.51158 ], [ -122.05045, 37.51152 ] ], [ [ -122.05048, 37.5115 ], [ -122.05045, 37.5115 ], [ -122.05045, 37.51152 ], [ -122.05048, 37.5115 ] ], [ [ -122.04897, 37.5122 ], [ -122.04899, 37.51225 ], [ -122.04902, 37.5122 ], [ -122.04897, 37.5122 ] ], [ [ -122.04891, 37.51217 ], [ -122.04891, 37.5122 ], [ -122.04897, 37.5122 ], [ -122.04891, 37.51217 ] ], [ [ -122.04886, 37.51214 ], [ -122.04886, 37.51217 ], [ -122.04891, 37.51217 ], [ -122.04886, 37.51214 ] ], [ [ -122.0488, 37.51212 ], [ -122.0488, 37.51214 ], [ -122.04886, 37.51214 ], [ -122.0488, 37.51212 ] ], [ [ -122.04878, 37.51209 ], [ -122.04878, 37.51212 ], [ -122.0488, 37.51212 ], [ -122.04878, 37.51209 ] ], [ [ -122.04244, 37.51117 ], [ -122.04247, 37.51117 ], [ -122.04244, 37.51114 ], [ -122.04244, 37.51117 ] ], [ [ -122.03414, 37.51125 ], [ -122.03417, 37.51131 ], [ -122.0342, 37.51125 ], [ -122.03414, 37.51125 ] ], [ [ -122.03409, 37.51123 ], [ -122.03409, 37.51125 ], [ -122.03414, 37.51125 ], [ -122.03409, 37.51123 ] ], [ [ -122.03404, 37.5112 ], [ -122.03404, 37.51123 ], [ -122.03409, 37.51123 ], [ -122.03404, 37.5112 ] ], [ [ -122.03398, 37.51117 ], [ -122.03398, 37.5112 ], [ -122.03404, 37.5112 ], [ -122.03398, 37.51117 ] ], [ [ -122.04988, 37.51012 ], [ -122.04905, 37.50966 ], [ -122.04832, 37.50934 ], [ -122.04969, 37.51009 ], [ -122.04988, 37.51012 ] ], [ [ -122.04827, 37.50931 ], [ -122.04827, 37.50934 ], [ -122.04832, 37.50934 ], [ -122.04827, 37.50931 ] ], [ [ -122.04824, 37.50929 ], [ -122.04824, 37.50931 ], [ -122.04827, 37.50931 ], [ -122.04824, 37.50929 ] ], [ [ -122.03983, 37.50751 ], [ -122.03986, 37.50751 ], [ -122.03983, 37.50748 ], [ -122.03983, 37.50751 ] ], [ [ -122.03978, 37.50748 ], [ -122.0398, 37.50748 ], [ -122.03978, 37.50745 ], [ -122.03978, 37.50748 ] ], [ [ -122.05077, 37.51114 ], [ -122.0508, 37.51114 ], [ -122.05077, 37.51112 ], [ -122.05077, 37.51114 ] ], [ [ -122.03045, 37.50937 ], [ -122.03048, 37.50937 ], [ -122.03045, 37.50934 ], [ -122.03045, 37.50937 ] ], [ [ -122.03921, 37.50718 ], [ -122.03924, 37.50718 ], [ -122.03921, 37.50716 ], [ -122.03921, 37.50718 ] ], [ [ -122.04514, 37.50772 ], [ -122.04517, 37.50772 ], [ -122.04514, 37.5077 ], [ -122.04514, 37.50772 ] ], [ [ -122.0315, 37.50991 ], [ -122.03153, 37.50991 ], [ -122.0315, 37.50988 ], [ -122.0315, 37.50991 ] ], [ [ -122.03379, 37.51109 ], [ -122.03382, 37.51109 ], [ -122.03379, 37.51106 ], [ -122.03379, 37.51109 ] ], [ [ -122.03374, 37.51106 ], [ -122.03377, 37.51106 ], [ -122.03374, 37.51104 ], [ -122.03374, 37.51106 ] ], [ [ -122.03334, 37.51085 ], [ -122.03336, 37.51085 ], [ -122.03334, 37.51082 ], [ -122.03334, 37.51085 ] ], [ [ -122.04829, 37.50947 ], [ -122.04832, 37.50947 ], [ -122.04829, 37.50945 ], [ -122.04829, 37.50947 ] ], [ [ -122.03296, 37.51066 ], [ -122.03299, 37.51066 ], [ -122.03296, 37.51063 ], [ -122.03296, 37.51066 ] ], [ [ -122.04848, 37.51195 ], [ -122.04851, 37.51195 ], [ -122.04848, 37.51193 ], [ -122.04848, 37.51195 ] ], [ [ -122.03196, 37.51015 ], [ -122.03199, 37.51015 ], [ -122.03196, 37.51012 ], [ -122.03196, 37.51015 ] ], [ [ -122.04924, 37.50996 ], [ -122.04926, 37.50996 ], [ -122.04924, 37.50993 ], [ -122.04924, 37.50996 ] ], [ [ -122.0325, 37.51042 ], [ -122.03253, 37.51042 ], [ -122.0325, 37.51039 ], [ -122.0325, 37.51042 ] ], [ [ -122.04867, 37.51206 ], [ -122.0487, 37.51206 ], [ -122.04867, 37.51203 ], [ -122.04867, 37.51206 ] ], [ [ -122.04872, 37.51209 ], [ -122.04875, 37.51209 ], [ -122.04872, 37.51206 ], [ -122.04872, 37.51209 ] ], [ [ -122.04161, 37.50842 ], [ -122.04164, 37.50842 ], [ -122.04161, 37.5084 ], [ -122.04161, 37.50842 ] ], [ [ -122.03026, 37.50926 ], [ -122.03029, 37.50926 ], [ -122.03026, 37.50923 ], [ -122.03026, 37.50926 ] ], [ [ -122.04856, 37.50961 ], [ -122.04859, 37.50961 ], [ -122.04856, 37.50958 ], [ -122.04856, 37.50961 ] ], [ [ -122.04934, 37.51001 ], [ -122.04937, 37.51001 ], [ -122.04934, 37.50999 ], [ -122.04934, 37.51001 ] ], [ [ -122.03175, 37.51004 ], [ -122.03177, 37.51004 ], [ -122.03175, 37.51001 ], [ -122.03175, 37.51004 ] ], [ [ -122.04945, 37.51007 ], [ -122.04948, 37.51007 ], [ -122.04945, 37.51004 ], [ -122.04945, 37.51007 ] ], [ [ -122.04956, 37.51012 ], [ -122.04959, 37.51012 ], [ -122.04956, 37.51009 ], [ -122.04956, 37.51012 ] ], [ [ -122.03352, 37.51096 ], [ -122.03355, 37.51096 ], [ -122.03352, 37.51093 ], [ -122.03352, 37.51096 ] ], [ [ -122.03369, 37.51104 ], [ -122.03371, 37.51104 ], [ -122.03369, 37.51101 ], [ -122.03369, 37.51104 ] ], [ [ -122.04649, 37.50853 ], [ -122.04651, 37.50853 ], [ -122.04649, 37.5085 ], [ -122.04649, 37.50853 ] ], [ [ -122.03169, 37.51001 ], [ -122.03172, 37.51001 ], [ -122.03169, 37.50999 ], [ -122.03169, 37.51001 ] ], [ [ -122.046, 37.50829 ], [ -122.04603, 37.50829 ], [ -122.046, 37.50826 ], [ -122.046, 37.50829 ] ], [ [ -122.04568, 37.50799 ], [ -122.04571, 37.50799 ], [ -122.04568, 37.50796 ], [ -122.04568, 37.50799 ] ], [ [ -122.0315, 37.5077 ], [ -122.03153, 37.5077 ], [ -122.0315, 37.50767 ], [ -122.0315, 37.5077 ] ], [ [ -122.05058, 37.51066 ], [ -122.05061, 37.51066 ], [ -122.05058, 37.51063 ], [ -122.05058, 37.51066 ] ], [ [ -122.0377, 37.50872 ], [ -122.03773, 37.50872 ], [ -122.0377, 37.50869 ], [ -122.0377, 37.50872 ] ], [ [ -122.0391, 37.50713 ], [ -122.03913, 37.50713 ], [ -122.0391, 37.5071 ], [ -122.0391, 37.50713 ] ], [ [ -122.03083, 37.50955 ], [ -122.03086, 37.50955 ], [ -122.03083, 37.50953 ], [ -122.03083, 37.50955 ] ], [ [ -122.0508, 37.51109 ], [ -122.05083, 37.51109 ], [ -122.0508, 37.51106 ], [ -122.0508, 37.51109 ] ], [ [ -122.0304, 37.50872 ], [ -122.03042, 37.50872 ], [ -122.0304, 37.50869 ], [ -122.0304, 37.50872 ] ], [ [ -122.04015, 37.50767 ], [ -122.04018, 37.50767 ], [ -122.04015, 37.50764 ], [ -122.04015, 37.50767 ] ], [ [ -122.04368, 37.50697 ], [ -122.04371, 37.50697 ], [ -122.04368, 37.50694 ], [ -122.04368, 37.50697 ] ], [ [ -122.04072, 37.51028 ], [ -122.04075, 37.51028 ], [ -122.04072, 37.51026 ], [ -122.04072, 37.51028 ] ], [ [ -122.04139, 37.50832 ], [ -122.04142, 37.50832 ], [ -122.04139, 37.50829 ], [ -122.04139, 37.50832 ] ], [ [ -122.0325, 37.50629 ], [ -122.03253, 37.50629 ], [ -122.0325, 37.50627 ], [ -122.0325, 37.50629 ] ], [ [ -122.04231, 37.50624 ], [ -122.04234, 37.50624 ], [ -122.04231, 37.50621 ], [ -122.04231, 37.50624 ] ], [ [ -122.03274, 37.50611 ], [ -122.03277, 37.50611 ], [ -122.03274, 37.50608 ], [ -122.03274, 37.50611 ] ], [ [ -122.05074, 37.51074 ], [ -122.05077, 37.51074 ], [ -122.05074, 37.51071 ], [ -122.05074, 37.51074 ] ], [ [ -122.0494, 37.51004 ], [ -122.04942, 37.51004 ], [ -122.0494, 37.51001 ], [ -122.0494, 37.51004 ] ], [ [ -122.04929, 37.50999 ], [ -122.04932, 37.50999 ], [ -122.04929, 37.50996 ], [ -122.04929, 37.50999 ] ], [ [ -122.03263, 37.50616 ], [ -122.03266, 37.50616 ], [ -122.03263, 37.50613 ], [ -122.03263, 37.50616 ] ], [ [ -122.03811, 37.50894 ], [ -122.03813, 37.50894 ], [ -122.03811, 37.50891 ], [ -122.03811, 37.50894 ] ], [ [ -122.04134, 37.50829 ], [ -122.04137, 37.50829 ], [ -122.04134, 37.50826 ], [ -122.04134, 37.50829 ] ], [ [ -122.03312, 37.51074 ], [ -122.03315, 37.51074 ], [ -122.03312, 37.51071 ], [ -122.03312, 37.51074 ] ], [ [ -122.04622, 37.5084 ], [ -122.04624, 37.5084 ], [ -122.04622, 37.50837 ], [ -122.04622, 37.5084 ] ], [ [ -122.04339, 37.50934 ], [ -122.04341, 37.50934 ], [ -122.04339, 37.50931 ], [ -122.04339, 37.50934 ] ], [ [ -122.04058, 37.50788 ], [ -122.04061, 37.50788 ], [ -122.04058, 37.50786 ], [ -122.04058, 37.50788 ] ], [ [ -122.04487, 37.50759 ], [ -122.0449, 37.50759 ], [ -122.04487, 37.50756 ], [ -122.04487, 37.50759 ] ], [ [ -122.03272, 37.51053 ], [ -122.03272, 37.5105 ], [ -122.03269, 37.51053 ], [ -122.03272, 37.51053 ] ], [ [ -122.03266, 37.5105 ], [ -122.03269, 37.5105 ], [ -122.03266, 37.51047 ], [ -122.03266, 37.5105 ] ], [ [ -122.05093, 37.51085 ], [ -122.05099, 37.51085 ], [ -122.05093, 37.51082 ], [ -122.05093, 37.51085 ] ], [ [ -122.04864, 37.51203 ], [ -122.04864, 37.51201 ], [ -122.04862, 37.51203 ], [ -122.04864, 37.51203 ] ], [ [ -122.04859, 37.51201 ], [ -122.04862, 37.51201 ], [ -122.04859, 37.51198 ], [ -122.04859, 37.51201 ] ], [ [ -122.03956, 37.50737 ], [ -122.03961, 37.50737 ], [ -122.03956, 37.50735 ], [ -122.03956, 37.50737 ] ], [ [ -122.03878, 37.50624 ], [ -122.03881, 37.50624 ], [ -122.03878, 37.50619 ], [ -122.03878, 37.50624 ] ], [ [ -122.05061, 37.51133 ], [ -122.05058, 37.51133 ], [ -122.05061, 37.51136 ], [ -122.05061, 37.51133 ] ], [ [ -122.05058, 37.51139 ], [ -122.05058, 37.51136 ], [ -122.05056, 37.51139 ], [ -122.05058, 37.51139 ] ], [ [ -122.03366, 37.51101 ], [ -122.03366, 37.51098 ], [ -122.03363, 37.51101 ], [ -122.03366, 37.51101 ] ], [ [ -122.0336, 37.51098 ], [ -122.03363, 37.51098 ], [ -122.0336, 37.51096 ], [ -122.0336, 37.51098 ] ], [ [ -122.03891, 37.50608 ], [ -122.03889, 37.50608 ], [ -122.03891, 37.50611 ], [ -122.03891, 37.50608 ] ], [ [ -122.03889, 37.50613 ], [ -122.03889, 37.50611 ], [ -122.03886, 37.50613 ], [ -122.03889, 37.50613 ] ], [ [ -122.05056, 37.51141 ], [ -122.05053, 37.51141 ], [ -122.05056, 37.51144 ], [ -122.05056, 37.51141 ] ], [ [ -122.05053, 37.51147 ], [ -122.05053, 37.51144 ], [ -122.0505, 37.51147 ], [ -122.05053, 37.51147 ] ], [ [ -122.05099, 37.51088 ], [ -122.05096, 37.51088 ], [ -122.05099, 37.5109 ], [ -122.05099, 37.51088 ] ], [ [ -122.05096, 37.51093 ], [ -122.05096, 37.5109 ], [ -122.05093, 37.51093 ], [ -122.05096, 37.51093 ] ], [ [ -122.03988, 37.50753 ], [ -122.03994, 37.50753 ], [ -122.03988, 37.50751 ], [ -122.03988, 37.50753 ] ], [ [ -122.03719, 37.50492 ], [ -122.03727, 37.50492 ], [ -122.03719, 37.50489 ], [ -122.03719, 37.50492 ] ], [ [ -122.04169, 37.50592 ], [ -122.04169, 37.50589 ], [ -122.04166, 37.50592 ], [ -122.04169, 37.50592 ] ], [ [ -122.04161, 37.50589 ], [ -122.04166, 37.50589 ], [ -122.04161, 37.50586 ], [ -122.04161, 37.50589 ] ], [ [ -122.04476, 37.50751 ], [ -122.04476, 37.50748 ], [ -122.04471, 37.50751 ], [ -122.04476, 37.50751 ] ], [ [ -122.04468, 37.50748 ], [ -122.04471, 37.50748 ], [ -122.04468, 37.50745 ], [ -122.04468, 37.50748 ] ], [ [ -122.03557, 37.50473 ], [ -122.03565, 37.50473 ], [ -122.03557, 37.5047 ], [ -122.03557, 37.50473 ] ], [ [ -122.03393, 37.51114 ], [ -122.03393, 37.51112 ], [ -122.03387, 37.51114 ], [ -122.03393, 37.51114 ] ], [ [ -122.03385, 37.51112 ], [ -122.03387, 37.51112 ], [ -122.03385, 37.51109 ], [ -122.03385, 37.51112 ] ], [ [ -122.04398, 37.50964 ], [ -122.04398, 37.50961 ], [ -122.04393, 37.50964 ], [ -122.04398, 37.50964 ] ], [ [ -122.0439, 37.50961 ], [ -122.04393, 37.50961 ], [ -122.0439, 37.50958 ], [ -122.0439, 37.50961 ] ], [ [ -122.03247, 37.51039 ], [ -122.03247, 37.51036 ], [ -122.03242, 37.51039 ], [ -122.03247, 37.51039 ] ], [ [ -122.03239, 37.51036 ], [ -122.03242, 37.51036 ], [ -122.03239, 37.51034 ], [ -122.03239, 37.51036 ] ], [ [ -122.03166, 37.50999 ], [ -122.03166, 37.50996 ], [ -122.03164, 37.50999 ], [ -122.03166, 37.50999 ] ], [ [ -122.03158, 37.50996 ], [ -122.03164, 37.50996 ], [ -122.03158, 37.50993 ], [ -122.03158, 37.50996 ] ], [ [ -122.03193, 37.51012 ], [ -122.03193, 37.51009 ], [ -122.03191, 37.51012 ], [ -122.03193, 37.51012 ] ], [ [ -122.03185, 37.51009 ], [ -122.03191, 37.51009 ], [ -122.03185, 37.51007 ], [ -122.03185, 37.51009 ] ], [ [ -122.04129, 37.5057 ], [ -122.04129, 37.50567 ], [ -122.04123, 37.5057 ], [ -122.04129, 37.5057 ] ], [ [ -122.0412, 37.50567 ], [ -122.04123, 37.50567 ], [ -122.0412, 37.50565 ], [ -122.0412, 37.50567 ] ], [ [ -122.04158, 37.5084 ], [ -122.04158, 37.50837 ], [ -122.04153, 37.5084 ], [ -122.04158, 37.5084 ] ], [ [ -122.0415, 37.50837 ], [ -122.04153, 37.50837 ], [ -122.0415, 37.50834 ], [ -122.0415, 37.50837 ] ], [ [ -122.03263, 37.51047 ], [ -122.03263, 37.51044 ], [ -122.03258, 37.51047 ], [ -122.03263, 37.51047 ] ], [ [ -122.03255, 37.51044 ], [ -122.03258, 37.51044 ], [ -122.03255, 37.51042 ], [ -122.03255, 37.51044 ] ], [ [ -122.03331, 37.51082 ], [ -122.03331, 37.51079 ], [ -122.03325, 37.51082 ], [ -122.03331, 37.51082 ] ], [ [ -122.03323, 37.51079 ], [ -122.03325, 37.51079 ], [ -122.03323, 37.51077 ], [ -122.03323, 37.51079 ] ], [ [ -122.04007, 37.50761 ], [ -122.04007, 37.50759 ], [ -122.04005, 37.50761 ], [ -122.04007, 37.50761 ] ], [ [ -122.03999, 37.50759 ], [ -122.04005, 37.50759 ], [ -122.03999, 37.50756 ], [ -122.03999, 37.50759 ] ], [ [ -122.04829, 37.51185 ], [ -122.04829, 37.51182 ], [ -122.04824, 37.51185 ], [ -122.04829, 37.51185 ] ], [ [ -122.04818, 37.51182 ], [ -122.04824, 37.51182 ], [ -122.04818, 37.51179 ], [ -122.04818, 37.51182 ] ], [ [ -122.05072, 37.5112 ], [ -122.05069, 37.5112 ], [ -122.05072, 37.51123 ], [ -122.05072, 37.5112 ] ], [ [ -122.05069, 37.51128 ], [ -122.05069, 37.51123 ], [ -122.05066, 37.51128 ], [ -122.05069, 37.51128 ] ], [ [ -122.05064, 37.51131 ], [ -122.05066, 37.51131 ], [ -122.05066, 37.51128 ], [ -122.05064, 37.51131 ] ], [ [ -122.0432, 37.50923 ], [ -122.0432, 37.5092 ], [ -122.04317, 37.50923 ], [ -122.0432, 37.50923 ] ], [ [ -122.04312, 37.5092 ], [ -122.04317, 37.5092 ], [ -122.04312, 37.50918 ], [ -122.04312, 37.5092 ] ], [ [ -122.04309, 37.50915 ], [ -122.04309, 37.50918 ], [ -122.04312, 37.50918 ], [ -122.04309, 37.50915 ] ], [ [ -122.04376, 37.50953 ], [ -122.04376, 37.5095 ], [ -122.04374, 37.50953 ], [ -122.04376, 37.50953 ] ], [ [ -122.04368, 37.5095 ], [ -122.04374, 37.5095 ], [ -122.04368, 37.50947 ], [ -122.04368, 37.5095 ] ], [ [ -122.04363, 37.50945 ], [ -122.04363, 37.50947 ], [ -122.04368, 37.50947 ], [ -122.04363, 37.50945 ] ], [ [ -122.04845, 37.51193 ], [ -122.04845, 37.5119 ], [ -122.0484, 37.51193 ], [ -122.04845, 37.51193 ] ], [ [ -122.04835, 37.5119 ], [ -122.0484, 37.5119 ], [ -122.04835, 37.51187 ], [ -122.04835, 37.5119 ] ], [ [ -122.04832, 37.51185 ], [ -122.04832, 37.51187 ], [ -122.04835, 37.51187 ], [ -122.04832, 37.51185 ] ], [ [ -122.04269, 37.51128 ], [ -122.04269, 37.51125 ], [ -122.04263, 37.51128 ], [ -122.04269, 37.51128 ] ], [ [ -122.04258, 37.51125 ], [ -122.04263, 37.51125 ], [ -122.04258, 37.51123 ], [ -122.04258, 37.51125 ] ], [ [ -122.04255, 37.5112 ], [ -122.04255, 37.51123 ], [ -122.04258, 37.51123 ], [ -122.04255, 37.5112 ] ], [ [ -122.04336, 37.50931 ], [ -122.04336, 37.50929 ], [ -122.04333, 37.50931 ], [ -122.04336, 37.50931 ] ], [ [ -122.04328, 37.50929 ], [ -122.04333, 37.50929 ], [ -122.04328, 37.50926 ], [ -122.04328, 37.50929 ] ], [ [ -122.04323, 37.50923 ], [ -122.04323, 37.50926 ], [ -122.04328, 37.50926 ], [ -122.04323, 37.50923 ] ], [ [ -122.03908, 37.50586 ], [ -122.03905, 37.50586 ], [ -122.03908, 37.50589 ], [ -122.03908, 37.50586 ] ], [ [ -122.03899, 37.50597 ], [ -122.03905, 37.50594 ], [ -122.03899, 37.50592 ], [ -122.03899, 37.50597 ] ], [ [ -122.03293, 37.51063 ], [ -122.03293, 37.51061 ], [ -122.0329, 37.51063 ], [ -122.03293, 37.51063 ] ], [ [ -122.03285, 37.51061 ], [ -122.0329, 37.51061 ], [ -122.03285, 37.51058 ], [ -122.03285, 37.51061 ] ], [ [ -122.0328, 37.51055 ], [ -122.0328, 37.51058 ], [ -122.03285, 37.51058 ], [ -122.0328, 37.51055 ] ], [ [ -122.03913, 37.50945 ], [ -122.03913, 37.50942 ], [ -122.03908, 37.50945 ], [ -122.03913, 37.50945 ] ], [ [ -122.03905, 37.50942 ], [ -122.03908, 37.50942 ], [ -122.03905, 37.50939 ], [ -122.03905, 37.50942 ] ], [ [ -122.03899, 37.50937 ], [ -122.03899, 37.50939 ], [ -122.03905, 37.50939 ], [ -122.03899, 37.50937 ] ], [ [ -122.04358, 37.50942 ], [ -122.04355, 37.50937 ], [ -122.04344, 37.50937 ], [ -122.04358, 37.50942 ] ], [ [ -122.03824, 37.50505 ], [ -122.03843, 37.50505 ], [ -122.03824, 37.50503 ], [ -122.03824, 37.50505 ] ], [ [ -122.04034, 37.51007 ], [ -122.04034, 37.51004 ], [ -122.04029, 37.51007 ], [ -122.04034, 37.51007 ] ], [ [ -122.04023, 37.51004 ], [ -122.04029, 37.51004 ], [ -122.04023, 37.51001 ], [ -122.04023, 37.51004 ] ], [ [ -122.04018, 37.50999 ], [ -122.04018, 37.51001 ], [ -122.04023, 37.51001 ], [ -122.04018, 37.50999 ] ], [ [ -122.04013, 37.50996 ], [ -122.04013, 37.50999 ], [ -122.04018, 37.50999 ], [ -122.04013, 37.50996 ] ], [ [ -122.0401, 37.50993 ], [ -122.0401, 37.50996 ], [ -122.04013, 37.50996 ], [ -122.0401, 37.50993 ] ], [ [ -122.04158, 37.50586 ], [ -122.04158, 37.50584 ], [ -122.04155, 37.50586 ], [ -122.04158, 37.50586 ] ], [ [ -122.0415, 37.50584 ], [ -122.04155, 37.50584 ], [ -122.0415, 37.50581 ], [ -122.0415, 37.50584 ] ], [ [ -122.04145, 37.50578 ], [ -122.04145, 37.50581 ], [ -122.0415, 37.50581 ], [ -122.04145, 37.50578 ] ], [ [ -122.04139, 37.50576 ], [ -122.04139, 37.50578 ], [ -122.04145, 37.50578 ], [ -122.04139, 37.50576 ] ], [ [ -122.04134, 37.50573 ], [ -122.04134, 37.50576 ], [ -122.04139, 37.50576 ], [ -122.04134, 37.50573 ] ], [ [ -122.04886, 37.50974 ], [ -122.04886, 37.50972 ], [ -122.0488, 37.50974 ], [ -122.04886, 37.50974 ] ], [ [ -122.04875, 37.50972 ], [ -122.0488, 37.50972 ], [ -122.04875, 37.50969 ], [ -122.04875, 37.50972 ] ], [ [ -122.0487, 37.50966 ], [ -122.0487, 37.50969 ], [ -122.04875, 37.50969 ], [ -122.0487, 37.50966 ] ], [ [ -122.04864, 37.50964 ], [ -122.04864, 37.50966 ], [ -122.0487, 37.50966 ], [ -122.04864, 37.50964 ] ], [ [ -122.04862, 37.50961 ], [ -122.04862, 37.50964 ], [ -122.04864, 37.50964 ], [ -122.04862, 37.50961 ] ], [ [ -122.04301, 37.50912 ], [ -122.04301, 37.5091 ], [ -122.04296, 37.50912 ], [ -122.04301, 37.50912 ] ], [ [ -122.0429, 37.5091 ], [ -122.04296, 37.5091 ], [ -122.0429, 37.50907 ], [ -122.0429, 37.5091 ] ], [ [ -122.04285, 37.50904 ], [ -122.04285, 37.50907 ], [ -122.0429, 37.50907 ], [ -122.04285, 37.50904 ] ], [ [ -122.04279, 37.50902 ], [ -122.04279, 37.50904 ], [ -122.04285, 37.50904 ], [ -122.04279, 37.50902 ] ], [ [ -122.04274, 37.50899 ], [ -122.04274, 37.50902 ], [ -122.04279, 37.50902 ], [ -122.04274, 37.50899 ] ], [ [ -122.04271, 37.50896 ], [ -122.04271, 37.50899 ], [ -122.04274, 37.50899 ], [ -122.04271, 37.50896 ] ], [ [ -122.04921, 37.50993 ], [ -122.04921, 37.50991 ], [ -122.04918, 37.50993 ], [ -122.04921, 37.50993 ] ], [ [ -122.04913, 37.50991 ], [ -122.04918, 37.50991 ], [ -122.04913, 37.50988 ], [ -122.04913, 37.50991 ] ], [ [ -122.04907, 37.50985 ], [ -122.04907, 37.50988 ], [ -122.04913, 37.50988 ], [ -122.04907, 37.50985 ] ], [ [ -122.04902, 37.50982 ], [ -122.04902, 37.50985 ], [ -122.04907, 37.50985 ], [ -122.04902, 37.50982 ] ], [ [ -122.04897, 37.5098 ], [ -122.04897, 37.50982 ], [ -122.04902, 37.50982 ], [ -122.04897, 37.5098 ] ], [ [ -122.04891, 37.50977 ], [ -122.04891, 37.5098 ], [ -122.04897, 37.5098 ], [ -122.04891, 37.50977 ] ], [ [ -122.04889, 37.50974 ], [ -122.04889, 37.50977 ], [ -122.04891, 37.50977 ], [ -122.04889, 37.50974 ] ], [ [ -122.04565, 37.50796 ], [ -122.04565, 37.50794 ], [ -122.04562, 37.50796 ], [ -122.04565, 37.50796 ] ], [ [ -122.04546, 37.50786 ], [ -122.04554, 37.50794 ], [ -122.04554, 37.50786 ], [ -122.04546, 37.50786 ] ], [ [ -122.04541, 37.50783 ], [ -122.04541, 37.50786 ], [ -122.04546, 37.50786 ], [ -122.04541, 37.50783 ] ], [ [ -122.03142, 37.5077 ], [ -122.03134, 37.5077 ], [ -122.03126, 37.50786 ], [ -122.03142, 37.5077 ] ], [ [ -122.04069, 37.51026 ], [ -122.04069, 37.51023 ], [ -122.04067, 37.51026 ], [ -122.04069, 37.51026 ] ], [ [ -122.0405, 37.51015 ], [ -122.04058, 37.51023 ], [ -122.04056, 37.51015 ], [ -122.0405, 37.51015 ] ], [ [ -122.04045, 37.51012 ], [ -122.04045, 37.51015 ], [ -122.0405, 37.51015 ], [ -122.04045, 37.51012 ] ], [ [ -122.0404, 37.51009 ], [ -122.0404, 37.51012 ], [ -122.04045, 37.51012 ], [ -122.0404, 37.51009 ] ], [ [ -122.04037, 37.51007 ], [ -122.04037, 37.51009 ], [ -122.0404, 37.51009 ], [ -122.04037, 37.51007 ] ], [ [ -122.03897, 37.50937 ], [ -122.03897, 37.50934 ], [ -122.03894, 37.50937 ], [ -122.03897, 37.50937 ] ], [ [ -122.03889, 37.50934 ], [ -122.03894, 37.50934 ], [ -122.03889, 37.50931 ], [ -122.03889, 37.50934 ] ], [ [ -122.03883, 37.50929 ], [ -122.03883, 37.50931 ], [ -122.03889, 37.50931 ], [ -122.03883, 37.50929 ] ], [ [ -122.03878, 37.50926 ], [ -122.03878, 37.50929 ], [ -122.03883, 37.50929 ], [ -122.03878, 37.50926 ] ], [ [ -122.03873, 37.50923 ], [ -122.03873, 37.50926 ], [ -122.03878, 37.50926 ], [ -122.03873, 37.50923 ] ], [ [ -122.03867, 37.5092 ], [ -122.03867, 37.50923 ], [ -122.03873, 37.50923 ], [ -122.03867, 37.5092 ] ], [ [ -122.03862, 37.50918 ], [ -122.03862, 37.5092 ], [ -122.03867, 37.5092 ], [ -122.03862, 37.50918 ] ], [ [ -122.03859, 37.50915 ], [ -122.03859, 37.50918 ], [ -122.03862, 37.50918 ], [ -122.03859, 37.50915 ] ], [ [ -122.03889, 37.50511 ], [ -122.03889, 37.50508 ], [ -122.0387, 37.50511 ], [ -122.03889, 37.50511 ] ], [ [ -122.03846, 37.50508 ], [ -122.0387, 37.50508 ], [ -122.03846, 37.50505 ], [ -122.03846, 37.50508 ] ], [ [ -122.03237, 37.51034 ], [ -122.03237, 37.51031 ], [ -122.03231, 37.51034 ], [ -122.03237, 37.51034 ] ], [ [ -122.03201, 37.51015 ], [ -122.03226, 37.51031 ], [ -122.03207, 37.51015 ], [ -122.03201, 37.51015 ] ], [ [ -122.04444, 37.50988 ], [ -122.04449, 37.50993 ], [ -122.04452, 37.50988 ], [ -122.04444, 37.50988 ] ], [ [ -122.04441, 37.50985 ], [ -122.04441, 37.50988 ], [ -122.04444, 37.50988 ], [ -122.04441, 37.50985 ] ], [ [ -122.04436, 37.50982 ], [ -122.04436, 37.50985 ], [ -122.04441, 37.50985 ], [ -122.04436, 37.50982 ] ], [ [ -122.04414, 37.50972 ], [ -122.0443, 37.50982 ], [ -122.04422, 37.50972 ], [ -122.04414, 37.50972 ] ], [ [ -122.04403, 37.50966 ], [ -122.04409, 37.50972 ], [ -122.04412, 37.50966 ], [ -122.04403, 37.50966 ] ], [ [ -122.03738, 37.50492 ], [ -122.03819, 37.50503 ], [ -122.03759, 37.50492 ], [ -122.03738, 37.50492 ] ], [ [ -122.03999, 37.50988 ], [ -122.04002, 37.50993 ], [ -122.04005, 37.50988 ], [ -122.03999, 37.50988 ] ], [ [ -122.03983, 37.5098 ], [ -122.03991, 37.50988 ], [ -122.03994, 37.50985 ], [ -122.03983, 37.5098 ] ], [ [ -122.03978, 37.50977 ], [ -122.03978, 37.5098 ], [ -122.03983, 37.5098 ], [ -122.03978, 37.50977 ] ], [ [ -122.03972, 37.50974 ], [ -122.03972, 37.50977 ], [ -122.03978, 37.50977 ], [ -122.03972, 37.50974 ] ], [ [ -122.03967, 37.50972 ], [ -122.03967, 37.50974 ], [ -122.03972, 37.50974 ], [ -122.03967, 37.50972 ] ], [ [ -122.03961, 37.50969 ], [ -122.03961, 37.50972 ], [ -122.03967, 37.50972 ], [ -122.03961, 37.50969 ] ], [ [ -122.03956, 37.50966 ], [ -122.03956, 37.50969 ], [ -122.03961, 37.50969 ], [ -122.03956, 37.50966 ] ], [ [ -122.03951, 37.50964 ], [ -122.03951, 37.50966 ], [ -122.03956, 37.50966 ], [ -122.03951, 37.50964 ] ], [ [ -122.03945, 37.50961 ], [ -122.03945, 37.50964 ], [ -122.03951, 37.50964 ], [ -122.03945, 37.50961 ] ], [ [ -122.0394, 37.50958 ], [ -122.0394, 37.50961 ], [ -122.03945, 37.50961 ], [ -122.0394, 37.50958 ] ], [ [ -122.03935, 37.50955 ], [ -122.03935, 37.50958 ], [ -122.0394, 37.50958 ], [ -122.03935, 37.50955 ] ], [ [ -122.03929, 37.50953 ], [ -122.03929, 37.50955 ], [ -122.03935, 37.50955 ], [ -122.03929, 37.50953 ] ], [ [ -122.03924, 37.5095 ], [ -122.03924, 37.50953 ], [ -122.03929, 37.50953 ], [ -122.03924, 37.5095 ] ], [ [ -122.03916, 37.50945 ], [ -122.03918, 37.5095 ], [ -122.03921, 37.50945 ], [ -122.03916, 37.50945 ] ], [ [ -122.04269, 37.50896 ], [ -122.04269, 37.50894 ], [ -122.04263, 37.50896 ], [ -122.04269, 37.50896 ] ], [ [ -122.04261, 37.50894 ], [ -122.04263, 37.50894 ], [ -122.04261, 37.50891 ], [ -122.04261, 37.50894 ] ], [ [ -122.0425, 37.50885 ], [ -122.04253, 37.50891 ], [ -122.04255, 37.50885 ], [ -122.0425, 37.50885 ] ], [ [ -122.04244, 37.50883 ], [ -122.04244, 37.50885 ], [ -122.0425, 37.50885 ], [ -122.04244, 37.50883 ] ], [ [ -122.04239, 37.5088 ], [ -122.04239, 37.50883 ], [ -122.04244, 37.50883 ], [ -122.04239, 37.5088 ] ], [ [ -122.04234, 37.50877 ], [ -122.04234, 37.5088 ], [ -122.04239, 37.5088 ], [ -122.04234, 37.50877 ] ], [ [ -122.04228, 37.50875 ], [ -122.04228, 37.50877 ], [ -122.04234, 37.50877 ], [ -122.04228, 37.50875 ] ], [ [ -122.04223, 37.50872 ], [ -122.04223, 37.50875 ], [ -122.04228, 37.50875 ], [ -122.04223, 37.50872 ] ], [ [ -122.04217, 37.50869 ], [ -122.04217, 37.50872 ], [ -122.04223, 37.50872 ], [ -122.04217, 37.50869 ] ], [ [ -122.04212, 37.50867 ], [ -122.04212, 37.50869 ], [ -122.04217, 37.50869 ], [ -122.04212, 37.50867 ] ], [ [ -122.04207, 37.50864 ], [ -122.04207, 37.50867 ], [ -122.04212, 37.50867 ], [ -122.04207, 37.50864 ] ], [ [ -122.04201, 37.50861 ], [ -122.04201, 37.50864 ], [ -122.04207, 37.50864 ], [ -122.04201, 37.50861 ] ], [ [ -122.04196, 37.50858 ], [ -122.04196, 37.50861 ], [ -122.04201, 37.50861 ], [ -122.04196, 37.50858 ] ], [ [ -122.04191, 37.50856 ], [ -122.04191, 37.50858 ], [ -122.04196, 37.50858 ], [ -122.04191, 37.50856 ] ], [ [ -122.04185, 37.50853 ], [ -122.04185, 37.50856 ], [ -122.04191, 37.50856 ], [ -122.04185, 37.50853 ] ], [ [ -122.0418, 37.5085 ], [ -122.0418, 37.50853 ], [ -122.04185, 37.50853 ], [ -122.0418, 37.5085 ] ], [ [ -122.04174, 37.50848 ], [ -122.04174, 37.5085 ], [ -122.0418, 37.5085 ], [ -122.04174, 37.50848 ] ], [ [ -122.04169, 37.50845 ], [ -122.04169, 37.50848 ], [ -122.04174, 37.50848 ], [ -122.04169, 37.50845 ] ], [ [ -122.04166, 37.50842 ], [ -122.04166, 37.50845 ], [ -122.04169, 37.50845 ], [ -122.04166, 37.50842 ] ], [ [ -122.04425, 37.50724 ], [ -122.04428, 37.50729 ], [ -122.04465, 37.50745 ], [ -122.04425, 37.50724 ] ], [ [ -122.0442, 37.50721 ], [ -122.0442, 37.50724 ], [ -122.04425, 37.50724 ], [ -122.0442, 37.50721 ] ], [ [ -122.04414, 37.50718 ], [ -122.04414, 37.50721 ], [ -122.0442, 37.50721 ], [ -122.04414, 37.50718 ] ], [ [ -122.04409, 37.50716 ], [ -122.04409, 37.50718 ], [ -122.04414, 37.50718 ], [ -122.04409, 37.50716 ] ], [ [ -122.04382, 37.50702 ], [ -122.04403, 37.50716 ], [ -122.04393, 37.50702 ], [ -122.04382, 37.50702 ] ], [ [ -122.04376, 37.50699 ], [ -122.04376, 37.50702 ], [ -122.04382, 37.50702 ], [ -122.04376, 37.50699 ] ], [ [ -122.04374, 37.50697 ], [ -122.04374, 37.50699 ], [ -122.04376, 37.50699 ], [ -122.04374, 37.50697 ] ], [ [ -122.0467, 37.5085 ], [ -122.0467, 37.50848 ], [ -122.04665, 37.5085 ], [ -122.0467, 37.5085 ] ], [ [ -122.04665, 37.50845 ], [ -122.04641, 37.50829 ], [ -122.04603, 37.50815 ], [ -122.04646, 37.50842 ], [ -122.04665, 37.50845 ] ], [ [ -122.04597, 37.50813 ], [ -122.04597, 37.50815 ], [ -122.04603, 37.50815 ], [ -122.04597, 37.50813 ] ], [ [ -122.04592, 37.5081 ], [ -122.04592, 37.50813 ], [ -122.04597, 37.50813 ], [ -122.04592, 37.5081 ] ], [ [ -122.04587, 37.50807 ], [ -122.04587, 37.5081 ], [ -122.04592, 37.5081 ], [ -122.04587, 37.50807 ] ], [ [ -122.04581, 37.50805 ], [ -122.04581, 37.50807 ], [ -122.04587, 37.50807 ], [ -122.04581, 37.50805 ] ], [ [ -122.04579, 37.50802 ], [ -122.04579, 37.50805 ], [ -122.04581, 37.50805 ], [ -122.04579, 37.50802 ] ], [ [ -122.04236, 37.51112 ], [ -122.04236, 37.51109 ], [ -122.04231, 37.51112 ], [ -122.04236, 37.51112 ] ], [ [ -122.04226, 37.51109 ], [ -122.04231, 37.51109 ], [ -122.04226, 37.51106 ], [ -122.04226, 37.51109 ] ], [ [ -122.0422, 37.51104 ], [ -122.0422, 37.51106 ], [ -122.04226, 37.51106 ], [ -122.0422, 37.51104 ] ], [ [ -122.04215, 37.51101 ], [ -122.04215, 37.51104 ], [ -122.0422, 37.51104 ], [ -122.04215, 37.51101 ] ], [ [ -122.04212, 37.51098 ], [ -122.04212, 37.51101 ], [ -122.04215, 37.51101 ], [ -122.04212, 37.51098 ] ], [ [ -122.04207, 37.51096 ], [ -122.04207, 37.51098 ], [ -122.04212, 37.51098 ], [ -122.04207, 37.51096 ] ], [ [ -122.04185, 37.51085 ], [ -122.04199, 37.51096 ], [ -122.04191, 37.51085 ], [ -122.04185, 37.51085 ] ], [ [ -122.04174, 37.51079 ], [ -122.04177, 37.51085 ], [ -122.0418, 37.51079 ], [ -122.04174, 37.51079 ] ], [ [ -122.04169, 37.51077 ], [ -122.04169, 37.51079 ], [ -122.04174, 37.51079 ], [ -122.04169, 37.51077 ] ], [ [ -122.04164, 37.51074 ], [ -122.04164, 37.51077 ], [ -122.04169, 37.51077 ], [ -122.04164, 37.51074 ] ], [ [ -122.04158, 37.51071 ], [ -122.04158, 37.51074 ], [ -122.04164, 37.51074 ], [ -122.04158, 37.51071 ] ], [ [ -122.04147, 37.51066 ], [ -122.0415, 37.51071 ], [ -122.04155, 37.51066 ], [ -122.04147, 37.51066 ] ], [ [ -122.04137, 37.51061 ], [ -122.04142, 37.51066 ], [ -122.04145, 37.51061 ], [ -122.04137, 37.51061 ] ], [ [ -122.04107, 37.51044 ], [ -122.04131, 37.51061 ], [ -122.04112, 37.51044 ], [ -122.04107, 37.51044 ] ], [ [ -122.04102, 37.51042 ], [ -122.04102, 37.51044 ], [ -122.04107, 37.51044 ], [ -122.04102, 37.51042 ] ], [ [ -122.04096, 37.51039 ], [ -122.04096, 37.51042 ], [ -122.04102, 37.51042 ], [ -122.04096, 37.51039 ] ], [ [ -122.04091, 37.51036 ], [ -122.04091, 37.51039 ], [ -122.04096, 37.51039 ], [ -122.04091, 37.51036 ] ], [ [ -122.04077, 37.51028 ], [ -122.04085, 37.51036 ], [ -122.04083, 37.51028 ], [ -122.04077, 37.51028 ] ], [ [ -122.03964, 37.50532 ], [ -122.03956, 37.50522 ], [ -122.03972, 37.50522 ], [ -122.03967, 37.50516 ], [ -122.03926, 37.50514 ], [ -122.03953, 37.50527 ], [ -122.03916, 37.50576 ], [ -122.03964, 37.50532 ] ], [ [ -122.03913, 37.50576 ], [ -122.03913, 37.50581 ], [ -122.03916, 37.50581 ], [ -122.03916, 37.50576 ], [ -122.03913, 37.50576 ] ], [ [ -122.0391, 37.50584 ], [ -122.03913, 37.50584 ], [ -122.03913, 37.50581 ], [ -122.0391, 37.50584 ] ], [ [ -122.0481, 37.51176 ], [ -122.0481, 37.51174 ], [ -122.04808, 37.51176 ], [ -122.0481, 37.51176 ] ], [ [ -122.04797, 37.51168 ], [ -122.048, 37.51174 ], [ -122.04802, 37.51168 ], [ -122.04797, 37.51168 ] ], [ [ -122.04786, 37.51163 ], [ -122.04789, 37.51168 ], [ -122.04792, 37.51163 ], [ -122.04786, 37.51163 ] ], [ [ -122.04781, 37.5116 ], [ -122.04781, 37.51163 ], [ -122.04786, 37.51163 ], [ -122.04781, 37.5116 ] ], [ [ -122.04775, 37.51158 ], [ -122.04775, 37.5116 ], [ -122.04781, 37.5116 ], [ -122.04775, 37.51158 ] ], [ [ -122.04724, 37.51131 ], [ -122.0477, 37.51158 ], [ -122.0473, 37.51131 ], [ -122.04724, 37.51131 ] ], [ [ -122.04557, 37.51044 ], [ -122.04716, 37.51131 ], [ -122.04643, 37.51085 ], [ -122.04557, 37.51044 ] ], [ [ -122.04552, 37.51042 ], [ -122.04552, 37.51044 ], [ -122.04557, 37.51044 ], [ -122.04552, 37.51042 ] ], [ [ -122.04546, 37.51039 ], [ -122.04546, 37.51042 ], [ -122.04552, 37.51042 ], [ -122.04546, 37.51039 ] ], [ [ -122.04541, 37.51036 ], [ -122.04541, 37.51039 ], [ -122.04546, 37.51039 ], [ -122.04541, 37.51036 ] ], [ [ -122.04535, 37.51034 ], [ -122.04535, 37.51036 ], [ -122.04541, 37.51036 ], [ -122.04535, 37.51034 ] ], [ [ -122.0453, 37.51031 ], [ -122.0453, 37.51034 ], [ -122.04535, 37.51034 ], [ -122.0453, 37.51031 ] ], [ [ -122.04525, 37.51028 ], [ -122.04525, 37.51031 ], [ -122.0453, 37.51031 ], [ -122.04525, 37.51028 ] ], [ [ -122.04519, 37.51026 ], [ -122.04519, 37.51028 ], [ -122.04525, 37.51028 ], [ -122.04519, 37.51026 ] ], [ [ -122.04514, 37.51023 ], [ -122.04514, 37.51026 ], [ -122.04519, 37.51026 ], [ -122.04514, 37.51023 ] ], [ [ -122.04509, 37.5102 ], [ -122.04509, 37.51023 ], [ -122.04514, 37.51023 ], [ -122.04509, 37.5102 ] ], [ [ -122.04498, 37.51015 ], [ -122.04503, 37.5102 ], [ -122.04506, 37.51015 ], [ -122.04498, 37.51015 ] ], [ [ -122.0446, 37.50996 ], [ -122.04492, 37.51015 ], [ -122.04468, 37.50996 ], [ -122.0446, 37.50996 ] ], [ [ -122.04457, 37.50993 ], [ -122.04457, 37.50996 ], [ -122.0446, 37.50996 ], [ -122.04457, 37.50993 ] ] ], [ [ [ -122.02137, 37.50923 ], [ -122.02463, 37.51085 ], [ -122.02463, 37.5109 ], [ -122.02404, 37.51069 ], [ -122.02137, 37.50923 ] ] ], [ [ [ -122.06732, 37.50907 ], [ -122.06611, 37.50907 ], [ -122.06619, 37.50918 ], [ -122.066, 37.50923 ], [ -122.06608, 37.50915 ], [ -122.06597, 37.50907 ], [ -122.06597, 37.50915 ], [ -122.06581, 37.50915 ], [ -122.06573, 37.50907 ], [ -122.06557, 37.50907 ], [ -122.0657, 37.5092 ], [ -122.0657, 37.50945 ], [ -122.06581, 37.50934 ], [ -122.06573, 37.50955 ], [ -122.06589, 37.50953 ], [ -122.06578, 37.50961 ], [ -122.06594, 37.50961 ], [ -122.06603, 37.50972 ], [ -122.06621, 37.50972 ], [ -122.06619, 37.5098 ], [ -122.06605, 37.50974 ], [ -122.06621, 37.50993 ], [ -122.06621, 37.51017 ], [ -122.06508, 37.51017 ], [ -122.06508, 37.51093 ], [ -122.06549, 37.51101 ], [ -122.0653, 37.51104 ], [ -122.06532, 37.51117 ], [ -122.06546, 37.51109 ], [ -122.06543, 37.51123 ], [ -122.06559, 37.51117 ], [ -122.06551, 37.51131 ], [ -122.06511, 37.51131 ], [ -122.06508, 37.51168 ], [ -122.06495, 37.51171 ], [ -122.065, 37.51179 ], [ -122.06484, 37.51174 ], [ -122.06487, 37.51193 ], [ -122.065, 37.51193 ], [ -122.06508, 37.51176 ], [ -122.06508, 37.5123 ], [ -122.06516, 37.51228 ], [ -122.06519, 37.51236 ], [ -122.06508, 37.51241 ], [ -122.06468, 37.51238 ], [ -122.06473, 37.5123 ], [ -122.06487, 37.5123 ], [ -122.06479, 37.51212 ], [ -122.06495, 37.51203 ], [ -122.0647, 37.51206 ], [ -122.06449, 37.51241 ], [ -122.06398, 37.51247 ], [ -122.06398, 37.51292 ], [ -122.06379, 37.51295 ], [ -122.06333, 37.51282 ], [ -122.06311, 37.51263 ], [ -122.06303, 37.51271 ], [ -122.06268, 37.51263 ], [ -122.06252, 37.51241 ], [ -122.06196, 37.51244 ], [ -122.06171, 37.5123 ], [ -122.06155, 37.51241 ], [ -122.06185, 37.51273 ], [ -122.06166, 37.51276 ], [ -122.06099, 37.5123 ], [ -122.0602, 37.51212 ], [ -122.0602, 37.51201 ], [ -122.05996, 37.51209 ], [ -122.05983, 37.51195 ], [ -122.05915, 37.51225 ], [ -122.05913, 37.51271 ], [ -122.05942, 37.51306 ], [ -122.05958, 37.51354 ], [ -122.05948, 37.51357 ], [ -122.05937, 37.51325 ], [ -122.05923, 37.51319 ], [ -122.05931, 37.51333 ], [ -122.05894, 37.51352 ], [ -122.05872, 37.51344 ], [ -122.05851, 37.51352 ], [ -122.05834, 37.51341 ], [ -122.05807, 37.51349 ], [ -122.0588, 37.51362 ], [ -122.05915, 37.51381 ], [ -122.05907, 37.5143 ], [ -122.05816, 37.51424 ], [ -122.05813, 37.51432 ], [ -122.05772, 37.51432 ], [ -122.05613, 37.51408 ], [ -122.0556, 37.5122 ], [ -122.05516, 37.50985 ], [ -122.05525, 37.50888 ], [ -122.05595, 37.50721 ], [ -122.06136, 37.50549 ], [ -122.06255, 37.50646 ], [ -122.06648, 37.50791 ], [ -122.06643, 37.50802 ], [ -122.06675, 37.50807 ], [ -122.06683, 37.50829 ], [ -122.067, 37.50837 ], [ -122.06713, 37.50858 ], [ -122.06729, 37.50853 ], [ -122.06732, 37.50869 ], [ -122.06716, 37.50875 ], [ -122.06732, 37.50877 ], [ -122.06732, 37.50907 ] ], [ [ -122.06638, 37.50805 ], [ -122.06643, 37.50805 ], [ -122.06643, 37.50802 ], [ -122.06638, 37.50805 ] ], [ [ -122.06635, 37.50807 ], [ -122.06638, 37.50807 ], [ -122.06638, 37.50805 ], [ -122.06635, 37.50807 ] ], [ [ -122.06705, 37.50853 ], [ -122.06705, 37.50848 ], [ -122.06702, 37.50853 ], [ -122.06705, 37.50853 ] ], [ [ -122.06603, 37.50907 ], [ -122.06611, 37.50912 ], [ -122.06608, 37.50907 ], [ -122.06603, 37.50907 ] ], [ [ -122.06578, 37.50907 ], [ -122.06581, 37.50912 ], [ -122.06584, 37.50907 ], [ -122.06578, 37.50907 ] ], [ [ -122.06619, 37.51001 ], [ -122.06619, 37.50999 ], [ -122.06616, 37.51001 ], [ -122.06619, 37.51001 ] ], [ [ -122.06541, 37.5112 ], [ -122.06543, 37.5112 ], [ -122.06541, 37.51117 ], [ -122.06541, 37.5112 ] ], [ [ -122.065, 37.51163 ], [ -122.065, 37.5116 ], [ -122.06497, 37.51163 ], [ -122.065, 37.51163 ] ], [ [ -122.06473, 37.51236 ], [ -122.06473, 37.51238 ], [ -122.06476, 37.51236 ], [ -122.06473, 37.51236 ] ], [ [ -122.06487, 37.51212 ], [ -122.06484, 37.51212 ], [ -122.06487, 37.51214 ], [ -122.06487, 37.51212 ] ], [ [ -122.06298, 37.51263 ], [ -122.06303, 37.51263 ], [ -122.06298, 37.5126 ], [ -122.06298, 37.51263 ] ], [ [ -122.06293, 37.51257 ], [ -122.06293, 37.5126 ], [ -122.06298, 37.5126 ], [ -122.06293, 37.51257 ] ], [ [ -122.05915, 37.51319 ], [ -122.05918, 37.51319 ], [ -122.05915, 37.51317 ], [ -122.05915, 37.51319 ] ], [ [ -122.06632, 37.50805 ], [ -122.06635, 37.50805 ], [ -122.06632, 37.50802 ], [ -122.06632, 37.50805 ] ], [ [ -122.06646, 37.50818 ], [ -122.0667, 37.50821 ], [ -122.06648, 37.50807 ], [ -122.06646, 37.50818 ] ], [ [ -122.06724, 37.50894 ], [ -122.06724, 37.50896 ], [ -122.06726, 37.50894 ], [ -122.06724, 37.50894 ] ], [ [ -122.06629, 37.5084 ], [ -122.06629, 37.50842 ], [ -122.06632, 37.5084 ], [ -122.06629, 37.5084 ] ], [ [ -122.06648, 37.50848 ], [ -122.06648, 37.5085 ], [ -122.06651, 37.50848 ], [ -122.06648, 37.50848 ] ], [ [ -122.06616, 37.51012 ], [ -122.06616, 37.51015 ], [ -122.06619, 37.51012 ], [ -122.06616, 37.51012 ] ], [ [ -122.06481, 37.51158 ], [ -122.06481, 37.5116 ], [ -122.06484, 37.51158 ], [ -122.06481, 37.51158 ] ], [ [ -122.06495, 37.51236 ], [ -122.06495, 37.51238 ], [ -122.06497, 37.51236 ], [ -122.06495, 37.51236 ] ], [ [ -122.06481, 37.51233 ], [ -122.06481, 37.51236 ], [ -122.06484, 37.51233 ], [ -122.06481, 37.51233 ] ], [ [ -122.06112, 37.5122 ], [ -122.06112, 37.51222 ], [ -122.06115, 37.5122 ], [ -122.06112, 37.5122 ] ], [ [ -122.06705, 37.50872 ], [ -122.06705, 37.50875 ], [ -122.06708, 37.50872 ], [ -122.06705, 37.50872 ] ], [ [ -122.06559, 37.50931 ], [ -122.06559, 37.50934 ], [ -122.06562, 37.50931 ], [ -122.06559, 37.50931 ] ], [ [ -122.06427, 37.51198 ], [ -122.06427, 37.51201 ], [ -122.0643, 37.51198 ], [ -122.06427, 37.51198 ] ], [ [ -122.06662, 37.50848 ], [ -122.06662, 37.5085 ], [ -122.06664, 37.50848 ], [ -122.06662, 37.50848 ] ], [ [ -122.06557, 37.50945 ], [ -122.06557, 37.50947 ], [ -122.06559, 37.50945 ], [ -122.06557, 37.50945 ] ], [ [ -122.0664, 37.50813 ], [ -122.0664, 37.50815 ], [ -122.06643, 37.50813 ], [ -122.0664, 37.50813 ] ], [ [ -122.06632, 37.5081 ], [ -122.06632, 37.50813 ], [ -122.06635, 37.5081 ], [ -122.06632, 37.5081 ] ], [ [ -122.06538, 37.51012 ], [ -122.06538, 37.51015 ], [ -122.06541, 37.51012 ], [ -122.06538, 37.51012 ] ], [ [ -122.06519, 37.51125 ], [ -122.06519, 37.51128 ], [ -122.06522, 37.51125 ], [ -122.06519, 37.51125 ] ], [ [ -122.06481, 37.5119 ], [ -122.06481, 37.51193 ], [ -122.06484, 37.5119 ], [ -122.06481, 37.5119 ] ], [ [ -122.06686, 37.5084 ], [ -122.06686, 37.50842 ], [ -122.06689, 37.5084 ], [ -122.06686, 37.5084 ] ], [ [ -122.06562, 37.50923 ], [ -122.06562, 37.50926 ], [ -122.06565, 37.50923 ], [ -122.06562, 37.50923 ] ], [ [ -122.06702, 37.50856 ], [ -122.06702, 37.50858 ], [ -122.06705, 37.50856 ], [ -122.06702, 37.50856 ] ], [ [ -122.05791, 37.51344 ], [ -122.05791, 37.51346 ], [ -122.05794, 37.51344 ], [ -122.05791, 37.51344 ] ], [ [ -122.06503, 37.51061 ], [ -122.06503, 37.51063 ], [ -122.06505, 37.51061 ], [ -122.06503, 37.51061 ] ], [ [ -122.06557, 37.5092 ], [ -122.06557, 37.50923 ], [ -122.06559, 37.5092 ], [ -122.06557, 37.5092 ] ], [ [ -122.06578, 37.51007 ], [ -122.06578, 37.51009 ], [ -122.06581, 37.51007 ], [ -122.06578, 37.51007 ] ], [ [ -122.06716, 37.50877 ], [ -122.06716, 37.5088 ], [ -122.06718, 37.50877 ], [ -122.06716, 37.50877 ] ], [ [ -122.06605, 37.51012 ], [ -122.06605, 37.51015 ], [ -122.06611, 37.51012 ], [ -122.06605, 37.51012 ] ], [ [ -122.05724, 37.51335 ], [ -122.05724, 37.51338 ], [ -122.05729, 37.51335 ], [ -122.05724, 37.51335 ] ], [ [ -122.06589, 37.51004 ], [ -122.06589, 37.51007 ], [ -122.06594, 37.51004 ], [ -122.06589, 37.51004 ] ], [ [ -122.0609, 37.51209 ], [ -122.06093, 37.51209 ], [ -122.0609, 37.51206 ], [ -122.0609, 37.51209 ] ], [ [ -122.06088, 37.51203 ], [ -122.06088, 37.51206 ], [ -122.0609, 37.51206 ], [ -122.06088, 37.51203 ] ], [ [ -122.06691, 37.50858 ], [ -122.06691, 37.50861 ], [ -122.06697, 37.50858 ], [ -122.06691, 37.50858 ] ], [ [ -122.057, 37.51333 ], [ -122.057, 37.51335 ], [ -122.05705, 37.51333 ], [ -122.057, 37.51333 ] ], [ [ -122.06624, 37.50815 ], [ -122.06627, 37.50815 ], [ -122.06624, 37.50813 ], [ -122.06624, 37.50815 ] ], [ [ -122.06621, 37.5081 ], [ -122.06621, 37.50813 ], [ -122.06624, 37.50813 ], [ -122.06621, 37.5081 ] ], [ [ -122.06681, 37.50834 ], [ -122.06681, 37.50832 ], [ -122.06678, 37.50834 ], [ -122.06681, 37.50834 ] ], [ [ -122.06675, 37.50837 ], [ -122.06678, 37.50837 ], [ -122.06678, 37.50834 ], [ -122.06675, 37.50837 ] ], [ [ -122.06627, 37.50796 ], [ -122.06627, 37.50799 ], [ -122.06632, 37.50796 ], [ -122.06627, 37.50796 ] ], [ [ -122.06605, 37.51007 ], [ -122.06605, 37.51009 ], [ -122.06611, 37.51007 ], [ -122.06605, 37.51007 ] ], [ [ -122.06603, 37.51001 ], [ -122.06603, 37.51004 ], [ -122.06608, 37.51001 ], [ -122.06603, 37.51001 ] ], [ [ -122.05983, 37.51176 ], [ -122.05983, 37.51179 ], [ -122.05991, 37.51176 ], [ -122.05983, 37.51176 ] ], [ [ -122.06713, 37.50904 ], [ -122.06716, 37.50902 ], [ -122.06713, 37.50899 ], [ -122.06713, 37.50904 ] ], [ [ -122.0612, 37.51228 ], [ -122.06125, 37.51228 ], [ -122.0612, 37.51225 ], [ -122.0612, 37.51228 ] ], [ [ -122.06117, 37.51222 ], [ -122.06117, 37.51225 ], [ -122.0612, 37.51225 ], [ -122.06117, 37.51222 ] ], [ [ -122.06495, 37.51168 ], [ -122.06497, 37.51168 ], [ -122.06495, 37.51166 ], [ -122.06495, 37.51168 ] ], [ [ -122.06492, 37.51163 ], [ -122.06492, 37.51166 ], [ -122.06495, 37.51166 ], [ -122.06492, 37.51163 ] ], [ [ -122.06487, 37.51168 ], [ -122.06492, 37.51168 ], [ -122.06492, 37.51166 ], [ -122.06487, 37.51168 ] ], [ [ -122.06109, 37.5122 ], [ -122.06101, 37.51214 ], [ -122.06104, 37.5122 ], [ -122.06109, 37.5122 ] ], [ [ -122.06721, 37.50885 ], [ -122.06721, 37.50891 ], [ -122.06726, 37.50885 ], [ -122.06721, 37.50885 ] ], [ [ -122.06549, 37.50942 ], [ -122.06551, 37.50942 ], [ -122.06549, 37.50939 ], [ -122.06549, 37.50942 ] ], [ [ -122.06543, 37.50937 ], [ -122.06543, 37.50939 ], [ -122.06549, 37.50939 ], [ -122.06543, 37.50937 ] ], [ [ -122.06549, 37.50934 ], [ -122.06549, 37.50937 ], [ -122.06551, 37.50934 ], [ -122.06549, 37.50934 ] ], [ [ -122.06586, 37.50974 ], [ -122.06589, 37.50974 ], [ -122.06586, 37.50964 ], [ -122.06586, 37.50974 ] ], [ [ -122.06716, 37.50861 ], [ -122.06705, 37.50861 ], [ -122.06708, 37.50867 ], [ -122.06716, 37.50861 ] ], [ [ -122.06028, 37.51179 ], [ -122.06018, 37.51179 ], [ -122.06031, 37.51185 ], [ -122.06028, 37.51179 ] ], [ [ -122.05896, 37.51282 ], [ -122.05902, 37.51282 ], [ -122.05896, 37.51268 ], [ -122.05896, 37.51282 ] ], [ [ -122.06708, 37.50894 ], [ -122.06705, 37.50877 ], [ -122.067, 37.50894 ], [ -122.06708, 37.50894 ] ], [ [ -122.06697, 37.50883 ], [ -122.067, 37.50883 ], [ -122.06697, 37.5088 ], [ -122.06697, 37.50883 ] ], [ [ -122.06074, 37.51195 ], [ -122.06064, 37.51187 ], [ -122.06039, 37.51185 ], [ -122.06047, 37.51193 ], [ -122.06074, 37.51195 ] ] ], [ [ [ -122.05304, 37.51088 ], [ -122.05306, 37.51071 ], [ -122.05295, 37.51063 ], [ -122.05185, 37.51058 ], [ -122.05376, 37.51047 ], [ -122.05153, 37.51042 ], [ -122.05147, 37.51023 ], [ -122.05363, 37.51017 ], [ -122.05403, 37.51012 ], [ -122.05441, 37.50991 ], [ -122.05449, 37.51004 ], [ -122.05428, 37.51044 ], [ -122.05433, 37.51063 ], [ -122.05282, 37.51203 ], [ -122.05244, 37.51303 ], [ -122.05233, 37.51273 ], [ -122.05217, 37.51268 ], [ -122.05201, 37.51282 ], [ -122.05198, 37.51271 ], [ -122.05225, 37.51247 ], [ -122.05223, 37.51217 ], [ -122.05274, 37.51185 ], [ -122.0529, 37.51125 ], [ -122.05258, 37.51185 ], [ -122.05225, 37.51195 ], [ -122.05209, 37.51176 ], [ -122.0519, 37.51193 ], [ -122.05196, 37.51179 ], [ -122.05155, 37.51185 ], [ -122.0515, 37.5116 ], [ -122.05153, 37.51098 ], [ -122.05169, 37.51093 ], [ -122.05169, 37.51074 ], [ -122.0529, 37.51069 ], [ -122.05304, 37.51088 ] ], [ [ -122.0522, 37.51171 ], [ -122.05209, 37.51174 ], [ -122.05209, 37.51176 ], [ -122.0522, 37.51171 ] ], [ [ -122.05293, 37.51125 ], [ -122.05293, 37.51114 ], [ -122.05298, 37.51101 ], [ -122.0529, 37.51112 ], [ -122.05293, 37.51125 ] ], [ [ -122.05228, 37.51268 ], [ -122.05231, 37.51268 ], [ -122.05228, 37.51265 ], [ -122.05228, 37.51268 ] ], [ [ -122.05163, 37.51117 ], [ -122.05166, 37.51117 ], [ -122.05163, 37.51114 ], [ -122.05163, 37.51117 ] ], [ [ -122.05298, 37.51093 ], [ -122.05301, 37.51093 ], [ -122.05298, 37.5109 ], [ -122.05298, 37.51093 ] ], [ [ -122.0519, 37.51176 ], [ -122.05196, 37.51176 ], [ -122.0519, 37.51174 ], [ -122.0519, 37.51176 ] ], [ [ -122.0522, 37.51182 ], [ -122.05228, 37.51182 ], [ -122.05223, 37.51176 ], [ -122.0522, 37.51182 ] ], [ [ -122.05417, 37.51039 ], [ -122.05425, 37.51039 ], [ -122.05419, 37.51034 ], [ -122.05417, 37.51039 ] ] ], [ [ [ -122.00528, 37.51085 ], [ -122.00531, 37.51096 ], [ -122.00374, 37.51193 ], [ -122.00288, 37.51497 ], [ -122.00272, 37.51527 ], [ -122.00364, 37.51193 ], [ -122.00528, 37.51085 ] ] ], [ [ [ -122.05589, 37.51395 ], [ -122.05568, 37.51441 ], [ -122.05546, 37.51403 ], [ -122.05551, 37.51365 ], [ -122.05479, 37.51044 ], [ -122.05484, 37.51023 ], [ -122.05508, 37.51026 ], [ -122.05589, 37.51395 ] ] ], [ [ [ -122.01458, 37.51656 ], [ -122.0124, 37.51559 ], [ -122.01231, 37.51538 ], [ -122.01444, 37.51047 ], [ -122.01498, 37.50972 ], [ -122.01461, 37.51031 ], [ -122.01237, 37.5154 ], [ -122.01245, 37.51556 ], [ -122.01458, 37.51656 ] ] ], [ [ [ -122.06069, 37.51489 ], [ -122.06045, 37.51503 ], [ -122.05595, 37.51443 ], [ -122.05592, 37.51435 ], [ -122.05613, 37.51427 ], [ -122.06053, 37.51478 ], [ -122.06069, 37.51489 ] ] ], [ [ [ -122.03129, 37.51581 ], [ -122.03193, 37.51489 ], [ -122.0321, 37.51481 ], [ -122.03253, 37.51519 ], [ -122.03188, 37.51602 ], [ -122.03129, 37.51581 ] ] ], [ [ [ -122.03501, 37.51629 ], [ -122.03463, 37.5167 ], [ -122.03363, 37.51624 ], [ -122.03266, 37.51556 ], [ -122.03282, 37.5154 ], [ -122.03277, 37.51527 ], [ -122.03315, 37.51527 ], [ -122.03501, 37.51629 ] ], [ [ -122.03444, 37.51629 ], [ -122.03441, 37.51643 ], [ -122.03463, 37.51632 ], [ -122.03444, 37.51629 ] ] ], [ [ [ -122.05525, 37.51667 ], [ -122.05573, 37.51454 ], [ -122.05589, 37.51454 ], [ -122.05595, 37.51494 ], [ -122.05705, 37.51494 ], [ -122.05692, 37.51503 ], [ -122.057, 37.51543 ], [ -122.05729, 37.51478 ], [ -122.05746, 37.51484 ], [ -122.0564, 37.51734 ], [ -122.05597, 37.51724 ], [ -122.05525, 37.51667 ] ], [ [ -122.05622, 37.51546 ], [ -122.05622, 37.5154 ], [ -122.05605, 37.5154 ], [ -122.05622, 37.51546 ] ] ], [ [ [ -122.05422, 37.51724 ], [ -122.05376, 37.51737 ], [ -122.05371, 37.51702 ], [ -122.05328, 37.51645 ], [ -122.05336, 37.51637 ], [ -122.05328, 37.51629 ], [ -122.05312, 37.51648 ], [ -122.05295, 37.51643 ], [ -122.05228, 37.51505 ], [ -122.05242, 37.51513 ], [ -122.05252, 37.51494 ], [ -122.05263, 37.51508 ], [ -122.05266, 37.51489 ], [ -122.05387, 37.51465 ], [ -122.05519, 37.51481 ], [ -122.0553, 37.51443 ], [ -122.05554, 37.51449 ], [ -122.05503, 37.51672 ], [ -122.0563, 37.51761 ], [ -122.05578, 37.5174 ], [ -122.05495, 37.5168 ], [ -122.05473, 37.51694 ], [ -122.05476, 37.5171 ], [ -122.05436, 37.51724 ], [ -122.05492, 37.516 ], [ -122.05422, 37.51724 ] ], [ [ -122.05498, 37.51667 ], [ -122.05498, 37.51675 ], [ -122.055, 37.51675 ], [ -122.055, 37.51672 ], [ -122.05503, 37.51672 ], [ -122.05498, 37.51667 ] ], [ [ -122.05387, 37.51621 ], [ -122.05387, 37.51624 ], [ -122.0539, 37.51621 ], [ -122.05387, 37.51621 ] ], [ [ -122.05322, 37.51618 ], [ -122.05322, 37.51621 ], [ -122.05325, 37.51618 ], [ -122.05322, 37.51618 ] ], [ [ -122.05339, 37.51651 ], [ -122.05339, 37.51656 ], [ -122.05341, 37.51651 ], [ -122.05339, 37.51651 ] ], [ [ -122.05271, 37.51527 ], [ -122.05274, 37.51527 ], [ -122.05271, 37.51521 ], [ -122.05271, 37.51527 ] ], [ [ -122.05269, 37.51519 ], [ -122.05269, 37.51521 ], [ -122.05271, 37.51521 ], [ -122.05269, 37.51519 ] ], [ [ -122.05516, 37.51543 ], [ -122.05516, 37.51551 ], [ -122.05519, 37.51543 ], [ -122.05516, 37.51543 ] ], [ [ -122.05519, 37.51535 ], [ -122.05522, 37.5153 ], [ -122.05519, 37.51527 ], [ -122.05519, 37.51535 ] ], [ [ -122.05514, 37.51589 ], [ -122.05508, 37.51591 ], [ -122.05514, 37.516 ], [ -122.05514, 37.51589 ] ], [ [ -122.05516, 37.51556 ], [ -122.05508, 37.51589 ], [ -122.05516, 37.51578 ], [ -122.05516, 37.51556 ] ], [ [ -122.05506, 37.51605 ], [ -122.05503, 37.51616 ], [ -122.05508, 37.51605 ], [ -122.05506, 37.51605 ] ], [ [ -122.055, 37.51616 ], [ -122.05492, 37.51629 ], [ -122.05492, 37.51637 ], [ -122.05503, 37.51624 ], [ -122.05503, 37.51616 ], [ -122.055, 37.51616 ] ], [ [ -122.055, 37.51662 ], [ -122.05487, 37.51653 ], [ -122.05489, 37.51637 ], [ -122.05473, 37.51662 ], [ -122.05454, 37.51705 ], [ -122.055, 37.51662 ] ] ], [ [ [ -122.04603, 37.51548 ], [ -122.03705, 37.51848 ], [ -122.03695, 37.51845 ], [ -122.04624, 37.51532 ], [ -122.04603, 37.51548 ] ] ], [ [ [ -122.06592, 37.51926 ], [ -122.066, 37.51945 ], [ -122.0657, 37.51928 ], [ -122.06535, 37.51945 ], [ -122.06503, 37.51931 ], [ -122.06435, 37.51947 ], [ -122.06325, 37.52004 ], [ -122.06263, 37.52007 ], [ -122.06231, 37.52028 ], [ -122.06166, 37.52036 ], [ -122.06169, 37.52055 ], [ -122.06182, 37.52047 ], [ -122.06182, 37.52058 ], [ -122.06155, 37.52077 ], [ -122.05843, 37.52141 ], [ -122.06419, 37.51942 ], [ -122.06435, 37.51945 ], [ -122.06535, 37.51901 ], [ -122.06573, 37.51891 ], [ -122.06584, 37.51899 ], [ -122.06567, 37.51912 ], [ -122.06592, 37.51926 ] ], [ [ -122.06559, 37.51915 ], [ -122.06567, 37.51915 ], [ -122.06567, 37.51912 ], [ -122.06559, 37.51915 ] ], [ [ -122.06543, 37.5192 ], [ -122.06559, 37.51918 ], [ -122.06543, 37.51918 ], [ -122.06543, 37.5192 ] ], [ [ -122.06535, 37.51923 ], [ -122.06543, 37.51923 ], [ -122.06543, 37.5192 ], [ -122.06535, 37.51923 ] ], [ [ -122.06511, 37.51928 ], [ -122.06511, 37.51931 ], [ -122.06519, 37.51928 ], [ -122.06511, 37.51928 ] ], [ [ -122.06527, 37.51926 ], [ -122.06519, 37.51926 ], [ -122.06519, 37.51928 ], [ -122.06527, 37.51926 ] ], [ [ -122.06532, 37.51923 ], [ -122.06527, 37.51923 ], [ -122.06527, 37.51926 ], [ -122.06532, 37.51923 ] ], [ [ -122.0653, 37.51934 ], [ -122.0653, 37.51936 ], [ -122.06532, 37.51934 ], [ -122.0653, 37.51934 ] ] ], [ [ [ -122.06241, 37.52058 ], [ -122.06206, 37.5206 ], [ -122.06236, 37.52044 ], [ -122.06249, 37.5205 ], [ -122.06279, 37.52042 ], [ -122.06241, 37.52058 ] ] ], [ [ [ -122.05463, 37.5233 ], [ -122.05155, 37.52435 ], [ -122.05142, 37.52435 ], [ -122.05128, 37.52411 ], [ -122.05128, 37.52395 ], [ -122.05155, 37.52384 ], [ -122.05436, 37.52289 ], [ -122.05452, 37.52292 ], [ -122.05463, 37.5233 ] ], [ [ -122.05446, 37.52308 ], [ -122.05454, 37.52308 ], [ -122.05449, 37.523 ], [ -122.05446, 37.52308 ] ], [ [ -122.05322, 37.52365 ], [ -122.05322, 37.52368 ], [ -122.05325, 37.52365 ], [ -122.05322, 37.52365 ] ], [ [ -122.05314, 37.52368 ], [ -122.05314, 37.52362 ], [ -122.05306, 37.52368 ], [ -122.05314, 37.52368 ] ], [ [ -122.05298, 37.52373 ], [ -122.05306, 37.52373 ], [ -122.05298, 37.5237 ], [ -122.05298, 37.52373 ] ] ], [ [ [ -122.06152, 37.52737 ], [ -122.06117, 37.52688 ], [ -122.06069, 37.52661 ], [ -122.05929, 37.52648 ], [ -122.05918, 37.52637 ], [ -122.05896, 37.5264 ], [ -122.05875, 37.52616 ], [ -122.05867, 37.52624 ], [ -122.0581, 37.52607 ], [ -122.05678, 37.52597 ], [ -122.05654, 37.52578 ], [ -122.0567, 37.52551 ], [ -122.05635, 37.52537 ], [ -122.05613, 37.525 ], [ -122.05794, 37.5243 ], [ -122.05737, 37.52287 ], [ -122.05942, 37.52219 ], [ -122.05961, 37.5219 ], [ -122.05993, 37.52171 ], [ -122.06042, 37.52166 ], [ -122.06053, 37.52174 ], [ -122.06107, 37.52271 ], [ -122.06115, 37.52295 ], [ -122.06104, 37.52306 ], [ -122.0612, 37.52298 ], [ -122.06271, 37.52586 ], [ -122.06268, 37.5261 ], [ -122.06357, 37.52745 ], [ -122.06357, 37.52799 ], [ -122.0632, 37.5282 ], [ -122.06274, 37.52823 ], [ -122.06244, 37.52812 ], [ -122.06152, 37.52737 ] ], [ [ -122.06317, 37.52791 ], [ -122.06317, 37.52793 ], [ -122.0632, 37.52791 ], [ -122.06317, 37.52791 ] ], [ [ -122.05958, 37.52316 ], [ -122.05958, 37.52319 ], [ -122.05961, 37.52316 ], [ -122.05958, 37.52316 ] ], [ [ -122.05937, 37.52308 ], [ -122.05937, 37.52311 ], [ -122.0594, 37.52308 ], [ -122.05937, 37.52308 ] ], [ [ -122.06037, 37.52516 ], [ -122.06037, 37.52519 ], [ -122.06039, 37.52516 ], [ -122.06037, 37.52516 ] ], [ [ -122.06099, 37.52311 ], [ -122.06099, 37.52314 ], [ -122.06101, 37.52311 ], [ -122.06099, 37.52311 ] ], [ [ -122.06325, 37.52783 ], [ -122.06325, 37.52785 ], [ -122.06328, 37.52783 ], [ -122.06325, 37.52783 ] ], [ [ -122.0609, 37.52322 ], [ -122.0609, 37.52325 ], [ -122.06093, 37.52322 ], [ -122.0609, 37.52322 ] ], [ [ -122.0595, 37.52314 ], [ -122.0595, 37.52316 ], [ -122.05953, 37.52314 ], [ -122.0595, 37.52314 ] ], [ [ -122.06263, 37.52607 ], [ -122.06263, 37.5261 ], [ -122.06266, 37.52607 ], [ -122.06263, 37.52607 ] ], [ [ -122.06047, 37.5247 ], [ -122.06047, 37.52473 ], [ -122.06053, 37.5247 ], [ -122.06047, 37.5247 ] ], [ [ -122.05942, 37.52311 ], [ -122.05942, 37.52314 ], [ -122.05948, 37.52311 ], [ -122.05942, 37.52311 ] ], [ [ -122.05869, 37.52413 ], [ -122.05869, 37.52419 ], [ -122.05872, 37.52413 ], [ -122.05869, 37.52413 ] ], [ [ -122.05964, 37.52319 ], [ -122.05964, 37.52322 ], [ -122.05969, 37.52319 ], [ -122.05964, 37.52319 ] ], [ [ -122.06002, 37.52351 ], [ -122.06004, 37.52351 ], [ -122.06002, 37.52346 ], [ -122.06002, 37.52351 ] ], [ [ -122.05999, 37.52343 ], [ -122.05999, 37.52346 ], [ -122.06002, 37.52346 ], [ -122.05999, 37.52343 ] ], [ [ -122.06123, 37.5268 ], [ -122.06125, 37.52686 ], [ -122.06128, 37.5268 ], [ -122.06123, 37.5268 ] ], [ [ -122.05875, 37.52411 ], [ -122.05875, 37.52403 ], [ -122.05872, 37.52411 ], [ -122.05875, 37.52411 ] ], [ [ -122.0602, 37.52373 ], [ -122.06023, 37.52373 ], [ -122.0602, 37.5237 ], [ -122.0602, 37.52373 ] ], [ [ -122.06018, 37.52368 ], [ -122.06018, 37.5237 ], [ -122.0602, 37.5237 ], [ -122.06018, 37.52368 ] ], [ [ -122.06015, 37.52362 ], [ -122.06015, 37.52368 ], [ -122.06018, 37.52368 ], [ -122.06015, 37.52362 ] ], [ [ -122.06107, 37.52672 ], [ -122.06096, 37.52667 ], [ -122.06099, 37.52672 ], [ -122.06107, 37.52672 ] ], [ [ -122.06104, 37.5244 ], [ -122.06104, 37.52432 ], [ -122.06101, 37.5244 ], [ -122.06104, 37.5244 ] ], [ [ -122.06099, 37.52446 ], [ -122.06101, 37.52446 ], [ -122.06101, 37.5244 ], [ -122.06099, 37.52446 ] ], [ [ -122.05848, 37.52376 ], [ -122.05848, 37.52392 ], [ -122.05851, 37.52376 ], [ -122.05848, 37.52376 ] ], [ [ -122.06142, 37.52424 ], [ -122.06144, 37.52424 ], [ -122.06142, 37.52422 ], [ -122.06142, 37.52424 ] ], [ [ -122.06139, 37.52419 ], [ -122.06139, 37.52422 ], [ -122.06142, 37.52422 ], [ -122.06139, 37.52419 ] ], [ [ -122.06136, 37.52413 ], [ -122.06136, 37.52419 ], [ -122.06139, 37.52419 ], [ -122.06136, 37.52413 ] ], [ [ -122.06134, 37.52411 ], [ -122.06134, 37.52413 ], [ -122.06136, 37.52413 ], [ -122.06134, 37.52411 ] ], [ [ -122.06131, 37.52408 ], [ -122.06131, 37.52411 ], [ -122.06134, 37.52411 ], [ -122.06131, 37.52408 ] ], [ [ -122.0584, 37.52467 ], [ -122.0584, 37.52475 ], [ -122.05848, 37.52475 ], [ -122.05848, 37.52473 ], [ -122.0584, 37.52467 ] ], [ [ -122.05991, 37.52338 ], [ -122.05993, 37.52338 ], [ -122.05991, 37.52335 ], [ -122.05991, 37.52338 ] ], [ [ -122.05988, 37.52333 ], [ -122.05988, 37.52335 ], [ -122.05991, 37.52335 ], [ -122.05988, 37.52333 ] ], [ [ -122.0598, 37.52327 ], [ -122.05983, 37.52333 ], [ -122.05985, 37.52327 ], [ -122.0598, 37.52327 ] ], [ [ -122.05975, 37.52325 ], [ -122.05975, 37.52327 ], [ -122.0598, 37.52327 ], [ -122.05975, 37.52325 ] ], [ [ -122.05972, 37.52322 ], [ -122.05972, 37.52325 ], [ -122.05975, 37.52325 ], [ -122.05972, 37.52322 ] ], [ [ -122.05837, 37.52343 ], [ -122.05834, 37.52335 ], [ -122.05826, 37.52341 ], [ -122.05837, 37.52343 ] ], [ [ -122.06293, 37.52756 ], [ -122.06287, 37.52775 ], [ -122.06298, 37.52756 ], [ -122.06293, 37.52756 ] ], [ [ -122.06185, 37.52721 ], [ -122.06185, 37.52723 ], [ -122.06206, 37.5274 ], [ -122.06185, 37.52721 ] ], [ [ -122.05826, 37.52443 ], [ -122.05834, 37.52448 ], [ -122.05843, 37.52424 ], [ -122.0584, 37.52424 ], [ -122.05826, 37.52443 ] ], [ [ -122.05859, 37.52589 ], [ -122.05869, 37.52613 ], [ -122.05864, 37.52591 ], [ -122.05859, 37.52589 ] ], [ [ -122.05853, 37.52575 ], [ -122.05856, 37.52589 ], [ -122.05859, 37.52589 ], [ -122.05853, 37.52575 ] ], [ [ -122.06139, 37.52457 ], [ -122.06142, 37.52438 ], [ -122.06117, 37.52473 ], [ -122.06139, 37.52457 ] ], [ [ -122.06204, 37.52597 ], [ -122.06214, 37.52629 ], [ -122.06209, 37.52669 ], [ -122.06225, 37.52613 ], [ -122.06204, 37.52597 ] ], [ [ -122.06201, 37.52594 ], [ -122.06201, 37.52597 ], [ -122.06204, 37.52597 ], [ -122.06201, 37.52594 ] ], [ [ -122.06045, 37.52473 ], [ -122.06002, 37.52486 ], [ -122.05988, 37.52508 ], [ -122.06007, 37.52543 ], [ -122.0605, 37.52575 ], [ -122.06107, 37.52594 ], [ -122.0602, 37.52551 ], [ -122.05996, 37.52519 ], [ -122.05999, 37.52494 ], [ -122.06045, 37.52473 ] ], [ [ -122.06039, 37.52346 ], [ -122.06042, 37.52346 ], [ -122.06039, 37.52343 ], [ -122.06039, 37.52346 ] ], [ [ -122.06039, 37.52341 ], [ -122.06002, 37.52308 ], [ -122.05929, 37.52284 ], [ -122.05996, 37.52311 ], [ -122.06039, 37.52341 ] ], [ [ -122.05918, 37.52281 ], [ -122.05918, 37.52284 ], [ -122.05929, 37.52284 ], [ -122.05918, 37.52281 ] ], [ [ -122.05786, 37.52327 ], [ -122.05872, 37.52284 ], [ -122.05918, 37.52279 ], [ -122.05883, 37.52276 ], [ -122.05867, 37.52279 ], [ -122.05799, 37.52311 ], [ -122.05778, 37.52325 ], [ -122.05783, 37.52357 ], [ -122.05837, 37.52368 ], [ -122.05789, 37.52354 ], [ -122.05786, 37.52327 ] ], [ [ -122.0584, 37.5237 ], [ -122.0584, 37.52368 ], [ -122.05837, 37.52368 ], [ -122.0584, 37.5237 ] ] ], [ [ [ -122.04743, 37.53044 ], [ -122.04961, 37.52877 ], [ -122.05279, 37.52772 ], [ -122.04959, 37.52888 ], [ -122.04754, 37.53049 ], [ -122.04743, 37.53044 ] ] ], [ [ [ -122.0633, 37.52912 ], [ -122.06355, 37.52904 ], [ -122.06438, 37.52917 ], [ -122.06489, 37.52944 ], [ -122.06373, 37.52971 ], [ -122.0633, 37.52912 ] ] ], [ [ [ -122.05436, 37.53041 ], [ -122.05355, 37.53017 ], [ -122.05336, 37.53031 ], [ -122.05312, 37.52993 ], [ -122.05371, 37.52982 ], [ -122.05403, 37.52942 ], [ -122.05438, 37.52925 ], [ -122.05476, 37.52928 ], [ -122.05492, 37.52909 ], [ -122.0543, 37.52896 ], [ -122.0536, 37.5292 ], [ -122.05344, 37.52899 ], [ -122.05349, 37.52882 ], [ -122.05468, 37.52858 ], [ -122.05503, 37.5288 ], [ -122.0553, 37.5288 ], [ -122.05533, 37.52855 ], [ -122.05546, 37.52864 ], [ -122.05581, 37.52855 ], [ -122.05584, 37.52828 ], [ -122.05675, 37.52823 ], [ -122.05772, 37.52742 ], [ -122.05816, 37.52766 ], [ -122.05834, 37.5275 ], [ -122.05829, 37.5274 ], [ -122.0591, 37.52764 ], [ -122.06002, 37.52796 ], [ -122.06012, 37.52812 ], [ -122.06031, 37.52807 ], [ -122.0622, 37.52877 ], [ -122.06279, 37.52917 ], [ -122.06258, 37.52998 ], [ -122.06255, 37.52985 ], [ -122.06247, 37.52993 ], [ -122.06255, 37.53001 ], [ -122.06247, 37.53031 ], [ -122.06231, 37.53023 ], [ -122.06223, 37.53036 ], [ -122.06239, 37.53049 ], [ -122.06217, 37.53063 ], [ -122.06212, 37.53133 ], [ -122.06185, 37.53114 ], [ -122.0615, 37.53114 ], [ -122.06198, 37.53168 ], [ -122.06196, 37.53179 ], [ -122.06171, 37.53184 ], [ -122.06177, 37.53198 ], [ -122.06187, 37.53184 ], [ -122.06193, 37.5319 ], [ -122.06166, 37.53257 ], [ -122.06166, 37.53217 ], [ -122.06136, 37.53195 ], [ -122.06117, 37.53211 ], [ -122.06117, 37.53235 ], [ -122.06074, 37.53252 ], [ -122.06061, 37.53243 ], [ -122.06042, 37.5327 ], [ -122.06023, 37.53276 ], [ -122.06015, 37.533 ], [ -122.05985, 37.533 ], [ -122.05972, 37.53319 ], [ -122.05953, 37.53316 ], [ -122.0595, 37.53327 ], [ -122.05975, 37.53341 ], [ -122.05961, 37.53354 ], [ -122.05937, 37.53354 ], [ -122.0594, 37.53378 ], [ -122.05853, 37.53462 ], [ -122.05837, 37.53446 ], [ -122.05829, 37.53473 ], [ -122.05764, 37.53446 ], [ -122.05764, 37.5344 ], [ -122.05783, 37.53427 ], [ -122.05805, 37.53435 ], [ -122.05816, 37.53408 ], [ -122.05845, 37.53421 ], [ -122.0584, 37.534 ], [ -122.05851, 37.53402 ], [ -122.05851, 37.53373 ], [ -122.05878, 37.53376 ], [ -122.05891, 37.53362 ], [ -122.05891, 37.53316 ], [ -122.05905, 37.53311 ], [ -122.05896, 37.53292 ], [ -122.05945, 37.533 ], [ -122.05953, 37.53292 ], [ -122.05948, 37.53217 ], [ -122.05896, 37.53217 ], [ -122.05886, 37.53252 ], [ -122.05867, 37.53262 ], [ -122.05878, 37.53319 ], [ -122.05853, 37.53311 ], [ -122.0584, 37.53295 ], [ -122.05775, 37.53365 ], [ -122.0556, 37.53456 ], [ -122.05578, 37.53438 ], [ -122.05737, 37.53365 ], [ -122.05824, 37.53287 ], [ -122.0584, 37.53252 ], [ -122.05856, 37.53249 ], [ -122.05864, 37.53227 ], [ -122.05843, 37.53203 ], [ -122.05832, 37.53206 ], [ -122.0584, 37.53184 ], [ -122.05826, 37.53165 ], [ -122.05856, 37.53144 ], [ -122.05864, 37.53103 ], [ -122.05813, 37.53041 ], [ -122.05791, 37.53041 ], [ -122.05759, 37.53101 ], [ -122.05735, 37.53125 ], [ -122.05716, 37.53128 ], [ -122.05743, 37.5313 ], [ -122.05729, 37.53144 ], [ -122.05781, 37.53144 ], [ -122.0577, 37.53179 ], [ -122.05786, 37.53195 ], [ -122.0577, 37.53195 ], [ -122.05764, 37.53214 ], [ -122.05748, 37.53211 ], [ -122.05748, 37.53225 ], [ -122.05732, 37.53233 ], [ -122.05724, 37.53254 ], [ -122.05735, 37.53265 ], [ -122.05713, 37.5326 ], [ -122.05692, 37.53284 ], [ -122.05689, 37.5327 ], [ -122.05675, 37.53276 ], [ -122.05686, 37.53246 ], [ -122.05665, 37.53211 ], [ -122.05646, 37.53217 ], [ -122.05613, 37.53149 ], [ -122.05608, 37.5316 ], [ -122.05578, 37.53149 ], [ -122.05581, 37.53128 ], [ -122.05562, 37.53109 ], [ -122.05549, 37.53111 ], [ -122.05543, 37.53144 ], [ -122.05519, 37.53133 ], [ -122.0553, 37.53101 ], [ -122.05508, 37.5309 ], [ -122.05511, 37.53068 ], [ -122.05484, 37.53071 ], [ -122.0546, 37.53144 ], [ -122.05449, 37.5309 ], [ -122.05436, 37.53093 ], [ -122.0543, 37.53114 ], [ -122.05411, 37.5309 ], [ -122.05387, 37.53098 ], [ -122.05368, 37.53071 ], [ -122.05436, 37.53041 ] ], [ [ -122.05799, 37.53451 ], [ -122.05794, 37.53451 ], [ -122.05797, 37.53454 ], [ -122.05799, 37.53451 ] ], [ [ -122.05845, 37.53405 ], [ -122.05845, 37.53408 ], [ -122.05848, 37.53405 ], [ -122.05845, 37.53405 ] ], [ [ -122.05861, 37.53289 ], [ -122.05864, 37.53289 ], [ -122.05861, 37.53281 ], [ -122.05861, 37.53289 ] ], [ [ -122.05853, 37.53303 ], [ -122.05853, 37.53305 ], [ -122.05856, 37.53303 ], [ -122.05853, 37.53303 ] ], [ [ -122.0577, 37.53068 ], [ -122.05772, 37.53068 ], [ -122.0577, 37.53066 ], [ -122.0577, 37.53068 ] ], [ [ -122.05748, 37.53106 ], [ -122.05751, 37.53106 ], [ -122.05748, 37.53103 ], [ -122.05748, 37.53106 ] ], [ [ -122.05727, 37.53141 ], [ -122.05729, 37.53141 ], [ -122.05727, 37.53138 ], [ -122.05727, 37.53141 ] ], [ [ -122.05748, 37.53217 ], [ -122.05748, 37.53214 ], [ -122.05746, 37.53217 ], [ -122.05748, 37.53217 ] ], [ [ -122.05694, 37.53276 ], [ -122.05697, 37.53276 ], [ -122.05694, 37.53273 ], [ -122.05694, 37.53276 ] ], [ [ -122.05463, 37.53101 ], [ -122.05465, 37.53101 ], [ -122.05463, 37.53098 ], [ -122.05463, 37.53101 ] ], [ [ -122.05918, 37.533 ], [ -122.05921, 37.533 ], [ -122.05918, 37.53297 ], [ -122.05918, 37.533 ] ], [ [ -122.0567, 37.53155 ], [ -122.05673, 37.53155 ], [ -122.0567, 37.53152 ], [ -122.0567, 37.53155 ] ], [ [ -122.05958, 37.53106 ], [ -122.05961, 37.53106 ], [ -122.05958, 37.53103 ], [ -122.05958, 37.53106 ] ], [ [ -122.05907, 37.53314 ], [ -122.0591, 37.53314 ], [ -122.05907, 37.53311 ], [ -122.05907, 37.53314 ] ], [ [ -122.06239, 37.52901 ], [ -122.06241, 37.52901 ], [ -122.06239, 37.52899 ], [ -122.06239, 37.52901 ] ], [ [ -122.05869, 37.53438 ], [ -122.05872, 37.53438 ], [ -122.05869, 37.53435 ], [ -122.05869, 37.53438 ] ], [ [ -122.05859, 37.53413 ], [ -122.05861, 37.53413 ], [ -122.05859, 37.53411 ], [ -122.05859, 37.53413 ] ], [ [ -122.05805, 37.52979 ], [ -122.05807, 37.52979 ], [ -122.05805, 37.52977 ], [ -122.05805, 37.52979 ] ], [ [ -122.05608, 37.52969 ], [ -122.05611, 37.52969 ], [ -122.05608, 37.52966 ], [ -122.05608, 37.52969 ] ], [ [ -122.05719, 37.53257 ], [ -122.05721, 37.53257 ], [ -122.05719, 37.53254 ], [ -122.05719, 37.53257 ] ], [ [ -122.06096, 37.53128 ], [ -122.06099, 37.53128 ], [ -122.06096, 37.53125 ], [ -122.06096, 37.53128 ] ], [ [ -122.05818, 37.53462 ], [ -122.05821, 37.53462 ], [ -122.05818, 37.53459 ], [ -122.05818, 37.53462 ] ], [ [ -122.0588, 37.53419 ], [ -122.05883, 37.53419 ], [ -122.0588, 37.53416 ], [ -122.0588, 37.53419 ] ], [ [ -122.05764, 37.53203 ], [ -122.05767, 37.53203 ], [ -122.05764, 37.532 ], [ -122.05764, 37.53203 ] ], [ [ -122.05861, 37.53305 ], [ -122.05864, 37.53305 ], [ -122.05861, 37.53303 ], [ -122.05861, 37.53305 ] ], [ [ -122.06061, 37.5285 ], [ -122.06064, 37.5285 ], [ -122.06061, 37.52847 ], [ -122.06061, 37.5285 ] ], [ [ -122.05956, 37.53233 ], [ -122.05958, 37.53233 ], [ -122.05956, 37.5323 ], [ -122.05956, 37.53233 ] ], [ [ -122.05692, 37.53144 ], [ -122.05694, 37.53144 ], [ -122.05692, 37.53141 ], [ -122.05692, 37.53144 ] ], [ [ -122.05848, 37.53448 ], [ -122.05853, 37.53448 ], [ -122.05848, 37.53446 ], [ -122.05848, 37.53448 ] ], [ [ -122.05684, 37.53111 ], [ -122.05689, 37.53111 ], [ -122.05684, 37.53109 ], [ -122.05684, 37.53111 ] ], [ [ -122.05729, 37.5295 ], [ -122.05732, 37.5295 ], [ -122.05729, 37.52944 ], [ -122.05729, 37.5295 ] ], [ [ -122.06161, 37.53187 ], [ -122.06166, 37.53187 ], [ -122.06161, 37.53184 ], [ -122.06161, 37.53187 ] ], [ [ -122.05958, 37.53111 ], [ -122.05964, 37.53111 ], [ -122.05958, 37.53109 ], [ -122.05958, 37.53111 ] ], [ [ -122.06072, 37.53044 ], [ -122.06077, 37.53044 ], [ -122.06072, 37.53041 ], [ -122.06072, 37.53044 ] ], [ [ -122.05816, 37.53421 ], [ -122.05818, 37.53421 ], [ -122.05816, 37.53416 ], [ -122.05816, 37.53421 ] ], [ [ -122.05797, 37.52939 ], [ -122.05802, 37.52939 ], [ -122.05797, 37.52936 ], [ -122.05797, 37.52939 ] ], [ [ -122.05778, 37.52979 ], [ -122.05786, 37.52979 ], [ -122.05778, 37.52977 ], [ -122.05778, 37.52979 ] ], [ [ -122.05853, 37.53432 ], [ -122.05851, 37.53432 ], [ -122.05853, 37.53435 ], [ -122.05853, 37.53432 ] ], [ [ -122.05851, 37.53438 ], [ -122.05851, 37.53435 ], [ -122.05845, 37.53438 ], [ -122.05851, 37.53438 ] ], [ [ -122.05891, 37.53416 ], [ -122.05891, 37.53413 ], [ -122.05886, 37.53416 ], [ -122.05891, 37.53416 ] ], [ [ -122.05883, 37.53413 ], [ -122.05886, 37.53413 ], [ -122.05883, 37.53411 ], [ -122.05883, 37.53413 ] ], [ [ -122.05886, 37.53408 ], [ -122.05886, 37.53411 ], [ -122.05888, 37.53408 ], [ -122.05886, 37.53408 ] ], [ [ -122.05441, 37.53025 ], [ -122.05449, 37.53025 ], [ -122.05441, 37.5302 ], [ -122.05441, 37.53025 ] ], [ [ -122.05533, 37.53087 ], [ -122.05541, 37.53087 ], [ -122.05533, 37.53082 ], [ -122.05533, 37.53087 ] ], [ [ -122.05794, 37.52985 ], [ -122.05799, 37.52985 ], [ -122.05794, 37.52979 ], [ -122.05794, 37.52985 ] ], [ [ -122.06247, 37.53012 ], [ -122.06244, 37.53012 ], [ -122.06247, 37.53014 ], [ -122.06247, 37.53012 ] ], [ [ -122.06241, 37.5302 ], [ -122.06244, 37.53014 ], [ -122.06236, 37.5302 ], [ -122.06241, 37.5302 ] ], [ [ -122.05762, 37.53195 ], [ -122.05767, 37.53195 ], [ -122.05762, 37.53187 ], [ -122.05762, 37.53195 ] ], [ [ -122.06258, 37.52934 ], [ -122.06252, 37.52934 ], [ -122.06258, 37.52936 ], [ -122.06258, 37.52934 ] ], [ [ -122.06255, 37.52944 ], [ -122.06252, 37.52936 ], [ -122.06249, 37.52944 ], [ -122.06255, 37.52944 ] ], [ [ -122.05724, 37.53136 ], [ -122.05721, 37.53136 ], [ -122.05724, 37.53138 ], [ -122.05724, 37.53136 ] ], [ [ -122.05724, 37.53144 ], [ -122.05721, 37.53138 ], [ -122.05719, 37.53144 ], [ -122.05724, 37.53144 ] ], [ [ -122.05716, 37.53144 ], [ -122.05716, 37.53141 ], [ -122.05713, 37.53144 ], [ -122.05716, 37.53144 ] ], [ [ -122.05969, 37.53225 ], [ -122.05961, 37.53225 ], [ -122.05969, 37.5323 ], [ -122.05969, 37.53225 ] ], [ [ -122.05826, 37.52783 ], [ -122.05837, 37.52783 ], [ -122.05826, 37.52777 ], [ -122.05826, 37.52783 ] ], [ [ -122.06039, 37.5316 ], [ -122.06031, 37.53163 ], [ -122.06039, 37.53171 ], [ -122.06039, 37.5316 ] ], [ [ -122.06074, 37.53111 ], [ -122.0608, 37.53111 ], [ -122.0608, 37.53101 ], [ -122.06074, 37.53111 ] ], [ [ -122.05816, 37.53456 ], [ -122.05816, 37.53454 ], [ -122.05802, 37.53454 ], [ -122.05816, 37.53456 ] ], [ [ -122.06158, 37.53103 ], [ -122.06169, 37.53106 ], [ -122.06158, 37.53101 ], [ -122.06158, 37.53103 ] ], [ [ -122.05665, 37.52837 ], [ -122.05657, 37.52837 ], [ -122.05662, 37.52845 ], [ -122.05665, 37.52837 ] ], [ [ -122.05716, 37.5295 ], [ -122.05721, 37.52958 ], [ -122.05732, 37.52952 ], [ -122.05716, 37.5295 ] ], [ [ -122.05719, 37.52958 ], [ -122.05719, 37.52961 ], [ -122.05721, 37.52961 ], [ -122.05721, 37.52958 ], [ -122.05719, 37.52958 ] ], [ [ -122.06144, 37.53084 ], [ -122.06142, 37.53079 ], [ -122.06128, 37.53087 ], [ -122.06144, 37.53084 ] ], [ [ -122.05805, 37.52855 ], [ -122.05799, 37.52855 ], [ -122.05805, 37.52866 ], [ -122.05805, 37.52855 ] ], [ [ -122.05899, 37.53195 ], [ -122.05907, 37.5319 ], [ -122.05896, 37.53182 ], [ -122.05899, 37.53195 ] ], [ [ -122.05549, 37.53025 ], [ -122.05546, 37.5302 ], [ -122.05538, 37.53028 ], [ -122.05549, 37.53025 ] ], [ [ -122.05527, 37.53017 ], [ -122.05527, 37.53023 ], [ -122.0553, 37.53017 ], [ -122.05527, 37.53017 ] ], [ [ -122.05918, 37.52861 ], [ -122.05907, 37.52861 ], [ -122.05918, 37.52869 ], [ -122.05918, 37.52861 ] ], [ [ -122.05708, 37.52982 ], [ -122.05724, 37.52987 ], [ -122.0571, 37.52977 ], [ -122.05708, 37.52982 ] ], [ [ -122.06015, 37.532 ], [ -122.05993, 37.53214 ], [ -122.0601, 37.53211 ], [ -122.06015, 37.532 ] ], [ [ -122.05406, 37.5299 ], [ -122.05406, 37.52979 ], [ -122.05392, 37.52974 ], [ -122.05406, 37.5299 ] ], [ [ -122.06104, 37.53071 ], [ -122.06107, 37.53079 ], [ -122.06117, 37.53066 ], [ -122.06104, 37.53071 ] ], [ [ -122.06015, 37.52996 ], [ -122.06023, 37.53006 ], [ -122.06028, 37.52993 ], [ -122.06015, 37.52996 ] ], [ [ -122.06239, 37.53012 ], [ -122.06236, 37.53001 ], [ -122.06225, 37.53012 ], [ -122.06239, 37.53012 ] ], [ [ -122.06209, 37.53006 ], [ -122.06217, 37.53009 ], [ -122.06214, 37.52996 ], [ -122.06209, 37.53006 ] ], [ [ -122.06042, 37.53138 ], [ -122.06055, 37.53141 ], [ -122.06047, 37.53125 ], [ -122.06042, 37.53138 ] ], [ [ -122.0615, 37.5306 ], [ -122.06117, 37.5306 ], [ -122.06131, 37.53063 ], [ -122.0615, 37.53074 ], [ -122.0615, 37.5306 ] ], [ [ -122.06131, 37.53071 ], [ -122.06131, 37.53066 ], [ -122.06128, 37.53071 ], [ -122.06131, 37.53071 ] ], [ [ -122.05977, 37.53252 ], [ -122.05993, 37.53249 ], [ -122.05988, 37.53227 ], [ -122.05975, 37.53238 ], [ -122.05977, 37.53252 ] ], [ [ -122.05845, 37.52963 ], [ -122.05832, 37.5295 ], [ -122.05813, 37.52952 ], [ -122.05821, 37.52969 ], [ -122.05845, 37.52963 ] ], [ [ -122.05856, 37.52969 ], [ -122.05845, 37.5299 ], [ -122.05878, 37.52977 ], [ -122.05856, 37.52969 ] ], [ [ -122.05716, 37.53225 ], [ -122.05716, 37.53198 ], [ -122.057, 37.53198 ], [ -122.05697, 37.53217 ], [ -122.05716, 37.53225 ] ], [ [ -122.05956, 37.52977 ], [ -122.05966, 37.52961 ], [ -122.05948, 37.52947 ], [ -122.05942, 37.52966 ], [ -122.05956, 37.52977 ] ], [ [ -122.05869, 37.52936 ], [ -122.05861, 37.52909 ], [ -122.05845, 37.52936 ], [ -122.05869, 37.52936 ] ], [ [ -122.05438, 37.52969 ], [ -122.05468, 37.52961 ], [ -122.05465, 37.52944 ], [ -122.05436, 37.5295 ], [ -122.05438, 37.52969 ] ], [ [ -122.0609, 37.52882 ], [ -122.06117, 37.5289 ], [ -122.06115, 37.52861 ], [ -122.06093, 37.52864 ], [ -122.0609, 37.52882 ] ], [ [ -122.06082, 37.53063 ], [ -122.0605, 37.53052 ], [ -122.06047, 37.53074 ], [ -122.06026, 37.53076 ], [ -122.06053, 37.53087 ], [ -122.06082, 37.53063 ] ], [ [ -122.05861, 37.53012 ], [ -122.05856, 37.53025 ], [ -122.05931, 37.53017 ], [ -122.05921, 37.53001 ], [ -122.05861, 37.53012 ] ], [ [ -122.05729, 37.52853 ], [ -122.05751, 37.52837 ], [ -122.0574, 37.52812 ], [ -122.05697, 37.52842 ], [ -122.05665, 37.5285 ], [ -122.05729, 37.52853 ] ], [ [ -122.05525, 37.53012 ], [ -122.05565, 37.53012 ], [ -122.05587, 37.52996 ], [ -122.05584, 37.52982 ], [ -122.05565, 37.5299 ], [ -122.05543, 37.52969 ], [ -122.05541, 37.5295 ], [ -122.05516, 37.52993 ], [ -122.05525, 37.53012 ] ], [ [ -122.05948, 37.53044 ], [ -122.05945, 37.53044 ], [ -122.05948, 37.53047 ], [ -122.05948, 37.53044 ] ], [ [ -122.05851, 37.53068 ], [ -122.05913, 37.53068 ], [ -122.05942, 37.53058 ], [ -122.05937, 37.53031 ], [ -122.05853, 37.53044 ], [ -122.05851, 37.53068 ] ], [ [ -122.05799, 37.52942 ], [ -122.05794, 37.52942 ], [ -122.05799, 37.52944 ], [ -122.05799, 37.52942 ] ], [ [ -122.05764, 37.52899 ], [ -122.05727, 37.52901 ], [ -122.05756, 37.52928 ], [ -122.05735, 37.52947 ], [ -122.05748, 37.52947 ], [ -122.05751, 37.52974 ], [ -122.05772, 37.52966 ], [ -122.0577, 37.52974 ], [ -122.05794, 37.52966 ], [ -122.05799, 37.52974 ], [ -122.05805, 37.5295 ], [ -122.0577, 37.52952 ], [ -122.05802, 37.52931 ], [ -122.05791, 37.52923 ], [ -122.05807, 37.5292 ], [ -122.05816, 37.52872 ], [ -122.0577, 37.52872 ], [ -122.05756, 37.52882 ], [ -122.05764, 37.52899 ] ], [ [ -122.05746, 37.52963 ], [ -122.05746, 37.52955 ], [ -122.05737, 37.52963 ], [ -122.05746, 37.52963 ] ], [ [ -122.05748, 37.52969 ], [ -122.05748, 37.52966 ], [ -122.05746, 37.52969 ], [ -122.05748, 37.52969 ] ], [ [ -122.05794, 37.52971 ], [ -122.05786, 37.52971 ], [ -122.05794, 37.52974 ], [ -122.05794, 37.52971 ] ], [ [ -122.06026, 37.53125 ], [ -122.0602, 37.53125 ], [ -122.06026, 37.53128 ], [ -122.06026, 37.53125 ] ], [ [ -122.05915, 37.53155 ], [ -122.05902, 37.53152 ], [ -122.05896, 37.53165 ], [ -122.05937, 37.53155 ], [ -122.05972, 37.53171 ], [ -122.05988, 37.53133 ], [ -122.06034, 37.53114 ], [ -122.06023, 37.53101 ], [ -122.06031, 37.53084 ], [ -122.05983, 37.53125 ], [ -122.05953, 37.5312 ], [ -122.05918, 37.53141 ], [ -122.05899, 37.5313 ], [ -122.05915, 37.53155 ] ], [ [ -122.0595, 37.53117 ], [ -122.0595, 37.5312 ], [ -122.05953, 37.5312 ], [ -122.0595, 37.53117 ] ], [ [ -122.05934, 37.53093 ], [ -122.05956, 37.53095 ], [ -122.05956, 37.53082 ], [ -122.05929, 37.53079 ], [ -122.05929, 37.5309 ], [ -122.0591, 37.5309 ], [ -122.0591, 37.5312 ], [ -122.0595, 37.53117 ], [ -122.05934, 37.53093 ] ], [ [ -122.05891, 37.53165 ], [ -122.05859, 37.53157 ], [ -122.05848, 37.53176 ], [ -122.0588, 37.53182 ], [ -122.05891, 37.53165 ] ], [ [ -122.05931, 37.53165 ], [ -122.05926, 37.53179 ], [ -122.05937, 37.53179 ], [ -122.05942, 37.53168 ], [ -122.05931, 37.53165 ] ], [ [ -122.05953, 37.53171 ], [ -122.05953, 37.53168 ], [ -122.0595, 37.53171 ], [ -122.05953, 37.53171 ] ], [ [ -122.05654, 37.5306 ], [ -122.05603, 37.53041 ], [ -122.05581, 37.53079 ], [ -122.05608, 37.53082 ], [ -122.05603, 37.53098 ], [ -122.05619, 37.53109 ], [ -122.05632, 37.53101 ], [ -122.05697, 37.53106 ], [ -122.05713, 37.53095 ], [ -122.0571, 37.53076 ], [ -122.05756, 37.53066 ], [ -122.05783, 37.5302 ], [ -122.05762, 37.53009 ], [ -122.05713, 37.53039 ], [ -122.05675, 37.53039 ], [ -122.05681, 37.53025 ], [ -122.05662, 37.53006 ], [ -122.05675, 37.52998 ], [ -122.0567, 37.52974 ], [ -122.05635, 37.52966 ], [ -122.056, 37.52928 ], [ -122.05613, 37.52923 ], [ -122.05632, 37.52939 ], [ -122.05651, 37.52901 ], [ -122.0563, 37.52899 ], [ -122.0563, 37.52882 ], [ -122.05597, 37.52899 ], [ -122.05576, 37.52931 ], [ -122.0563, 37.52966 ], [ -122.05624, 37.53004 ], [ -122.05651, 37.53017 ], [ -122.05627, 37.5302 ], [ -122.05619, 37.53039 ], [ -122.05651, 37.53049 ], [ -122.05654, 37.5306 ] ] ], [ [ [ -122.0629, 37.533 ], [ -122.064, 37.53297 ], [ -122.06395, 37.53378 ], [ -122.0647, 37.5357 ], [ -122.0647, 37.53583 ], [ -122.06406, 37.53597 ], [ -122.06379, 37.53618 ], [ -122.06352, 37.53594 ], [ -122.06144, 37.53505 ], [ -122.06112, 37.53524 ], [ -122.06158, 37.53354 ], [ -122.06209, 37.53319 ], [ -122.06271, 37.53303 ], [ -122.0626, 37.53279 ], [ -122.06241, 37.53279 ], [ -122.06252, 37.53262 ], [ -122.06231, 37.53198 ], [ -122.06247, 37.53066 ], [ -122.0626, 37.53055 ], [ -122.06271, 37.52993 ], [ -122.06293, 37.52936 ], [ -122.0629, 37.52958 ], [ -122.06298, 37.52947 ], [ -122.06306, 37.52977 ], [ -122.06314, 37.5295 ], [ -122.06336, 37.52966 ], [ -122.06382, 37.53049 ], [ -122.06403, 37.53268 ], [ -122.06285, 37.53284 ], [ -122.06285, 37.53292 ], [ -122.0629, 37.533 ] ], [ [ -122.06266, 37.53173 ], [ -122.06266, 37.53176 ], [ -122.06268, 37.53173 ], [ -122.06266, 37.53173 ] ], [ [ -122.06276, 37.53117 ], [ -122.06276, 37.5312 ], [ -122.06279, 37.53117 ], [ -122.06276, 37.53117 ] ], [ [ -122.06311, 37.5333 ], [ -122.06311, 37.53332 ], [ -122.06314, 37.5333 ], [ -122.06311, 37.5333 ] ], [ [ -122.06293, 37.53273 ], [ -122.06293, 37.53276 ], [ -122.06295, 37.53273 ], [ -122.06293, 37.53273 ] ], [ [ -122.06293, 37.53179 ], [ -122.06293, 37.53182 ], [ -122.06295, 37.53179 ], [ -122.06293, 37.53179 ] ], [ [ -122.06301, 37.53176 ], [ -122.06301, 37.53179 ], [ -122.06303, 37.53176 ], [ -122.06301, 37.53176 ] ], [ [ -122.06298, 37.53322 ], [ -122.06298, 37.53324 ], [ -122.06301, 37.53322 ], [ -122.06298, 37.53322 ] ], [ [ -122.06303, 37.53138 ], [ -122.06303, 37.53141 ], [ -122.06306, 37.53138 ], [ -122.06303, 37.53138 ] ], [ [ -122.06268, 37.53254 ], [ -122.06268, 37.53257 ], [ -122.06271, 37.53254 ], [ -122.06268, 37.53254 ] ], [ [ -122.06293, 37.53305 ], [ -122.06293, 37.53308 ], [ -122.06295, 37.53305 ], [ -122.06293, 37.53305 ] ], [ [ -122.06338, 37.53111 ], [ -122.06338, 37.53114 ], [ -122.06341, 37.53111 ], [ -122.06338, 37.53111 ] ], [ [ -122.06295, 37.53314 ], [ -122.06295, 37.53319 ], [ -122.06298, 37.53314 ], [ -122.06295, 37.53314 ] ], [ [ -122.06266, 37.53219 ], [ -122.06266, 37.53225 ], [ -122.06268, 37.53219 ], [ -122.06266, 37.53219 ] ], [ [ -122.06293, 37.53138 ], [ -122.06293, 37.53141 ], [ -122.06298, 37.53138 ], [ -122.06293, 37.53138 ] ], [ [ -122.06258, 37.53173 ], [ -122.06258, 37.53179 ], [ -122.0626, 37.53173 ], [ -122.06258, 37.53173 ] ], [ [ -122.06252, 37.53182 ], [ -122.06252, 37.53187 ], [ -122.06255, 37.53182 ], [ -122.06252, 37.53182 ] ], [ [ -122.06258, 37.53165 ], [ -122.06258, 37.53171 ], [ -122.0626, 37.53165 ], [ -122.06258, 37.53165 ] ], [ [ -122.06285, 37.52963 ], [ -122.06285, 37.52969 ], [ -122.06287, 37.52963 ], [ -122.06285, 37.52963 ] ], [ [ -122.06285, 37.53273 ], [ -122.06285, 37.53279 ], [ -122.06287, 37.53273 ], [ -122.06285, 37.53273 ] ], [ [ -122.06255, 37.5327 ], [ -122.06255, 37.53276 ], [ -122.06258, 37.5327 ], [ -122.06255, 37.5327 ] ], [ [ -122.06249, 37.5319 ], [ -122.06249, 37.53198 ], [ -122.06252, 37.5319 ], [ -122.06249, 37.5319 ] ], [ [ -122.06268, 37.53195 ], [ -122.06274, 37.53195 ], [ -122.06268, 37.53192 ], [ -122.06268, 37.53195 ] ], [ [ -122.06266, 37.53187 ], [ -122.06266, 37.53192 ], [ -122.06268, 37.53192 ], [ -122.06266, 37.53187 ] ], [ [ -122.06279, 37.53233 ], [ -122.06279, 37.5323 ], [ -122.06271, 37.53233 ], [ -122.06279, 37.53233 ] ], [ [ -122.06268, 37.53235 ], [ -122.06271, 37.53235 ], [ -122.06271, 37.53233 ], [ -122.06268, 37.53235 ] ], [ [ -122.06285, 37.53044 ], [ -122.06285, 37.53036 ], [ -122.06282, 37.53044 ], [ -122.06285, 37.53044 ] ], [ [ -122.06279, 37.53052 ], [ -122.06282, 37.53052 ], [ -122.06282, 37.53044 ], [ -122.06279, 37.53052 ] ], [ [ -122.0626, 37.5313 ], [ -122.06263, 37.53109 ], [ -122.0626, 37.53101 ], [ -122.0626, 37.5313 ] ], [ [ -122.06303, 37.53128 ], [ -122.06309, 37.53128 ], [ -122.06303, 37.53125 ], [ -122.06303, 37.53128 ] ], [ [ -122.06303, 37.5312 ], [ -122.06282, 37.5312 ], [ -122.06282, 37.53125 ], [ -122.06301, 37.53128 ], [ -122.06303, 37.5312 ] ], [ [ -122.06301, 37.53451 ], [ -122.06317, 37.53448 ], [ -122.06303, 37.5344 ], [ -122.06301, 37.53451 ] ], [ [ -122.06263, 37.53184 ], [ -122.06282, 37.53187 ], [ -122.06271, 37.53176 ], [ -122.06263, 37.53184 ] ], [ [ -122.06295, 37.53168 ], [ -122.06276, 37.5316 ], [ -122.06274, 37.53155 ], [ -122.06279, 37.53168 ], [ -122.06295, 37.53168 ] ], [ [ -122.06363, 37.53483 ], [ -122.06336, 37.53448 ], [ -122.06357, 37.53502 ], [ -122.06363, 37.53483 ] ], [ [ -122.06279, 37.53222 ], [ -122.06282, 37.53222 ], [ -122.06279, 37.53219 ], [ -122.06279, 37.53222 ] ], [ [ -122.06274, 37.53217 ], [ -122.06274, 37.53219 ], [ -122.06279, 37.53219 ], [ -122.06274, 37.53217 ] ], [ [ -122.06268, 37.53211 ], [ -122.06268, 37.53217 ], [ -122.06274, 37.53217 ], [ -122.06268, 37.53211 ] ], [ [ -122.0626, 37.53241 ], [ -122.06263, 37.53206 ], [ -122.06279, 37.53211 ], [ -122.06285, 37.53198 ], [ -122.06247, 37.532 ], [ -122.0626, 37.53241 ] ], [ [ -122.06271, 37.53249 ], [ -122.06266, 37.53241 ], [ -122.06266, 37.53252 ], [ -122.06271, 37.53249 ] ] ], [ [ [ -122.06155, 37.55429 ], [ -122.05826, 37.55612 ], [ -122.05719, 37.55664 ], [ -122.0615, 37.55421 ], [ -122.06155, 37.55429 ] ] ], [ [ [ -122.06438, 37.56421 ], [ -122.06427, 37.56337 ], [ -122.06446, 37.56335 ], [ -122.06468, 37.56348 ], [ -122.06489, 37.56399 ], [ -122.06546, 37.56459 ], [ -122.065, 37.56453 ], [ -122.06438, 37.56421 ] ], [ [ -122.06449, 37.56399 ], [ -122.06452, 37.56399 ], [ -122.06449, 37.56397 ], [ -122.06449, 37.56399 ] ], [ [ -122.06446, 37.56351 ], [ -122.06444, 37.56348 ], [ -122.06441, 37.56351 ], [ -122.06446, 37.56351 ] ] ], [ [ [ -122.06177, 37.56954 ], [ -122.06174, 37.56946 ], [ -122.05988, 37.56941 ], [ -122.05913, 37.56952 ], [ -122.05896, 37.56938 ], [ -122.05869, 37.56812 ], [ -122.05869, 37.56793 ], [ -122.0591, 37.56946 ], [ -122.05977, 37.56936 ], [ -122.06233, 37.56944 ], [ -122.06287, 37.5693 ], [ -122.06325, 37.56901 ], [ -122.06581, 37.56558 ], [ -122.06648, 37.56494 ], [ -122.06635, 37.56526 ], [ -122.06648, 37.5655 ], [ -122.06613, 37.56558 ], [ -122.06468, 37.56744 ], [ -122.06457, 37.56747 ], [ -122.0647, 37.56723 ], [ -122.06444, 37.56752 ], [ -122.06457, 37.5675 ], [ -122.06454, 37.56763 ], [ -122.06422, 37.56804 ], [ -122.06419, 37.56785 ], [ -122.06325, 37.56911 ], [ -122.06274, 37.56944 ], [ -122.06177, 37.56954 ] ], [ [ -122.06473, 37.5672 ], [ -122.0647, 37.5672 ], [ -122.0647, 37.56723 ], [ -122.06473, 37.5672 ] ], [ [ -122.06632, 37.56539 ], [ -122.06629, 37.56548 ], [ -122.06643, 37.56548 ], [ -122.06635, 37.56537 ], [ -122.06605, 37.56542 ], [ -122.06632, 37.56539 ] ], [ [ -122.06605, 37.56548 ], [ -122.06605, 37.56545 ], [ -122.06603, 37.56548 ], [ -122.06605, 37.56548 ] ], [ [ -122.06524, 37.5665 ], [ -122.06527, 37.5665 ], [ -122.06524, 37.56647 ], [ -122.06524, 37.5665 ] ], [ [ -122.06611, 37.56556 ], [ -122.06613, 37.56556 ], [ -122.06611, 37.56553 ], [ -122.06611, 37.56556 ] ], [ [ -122.06562, 37.56599 ], [ -122.06567, 37.56599 ], [ -122.06562, 37.56596 ], [ -122.06562, 37.56599 ] ], [ [ -122.06519, 37.56658 ], [ -122.06522, 37.56658 ], [ -122.06519, 37.56653 ], [ -122.06519, 37.56658 ] ], [ [ -122.06495, 37.5669 ], [ -122.06492, 37.5669 ], [ -122.06495, 37.56693 ], [ -122.06495, 37.5669 ] ], [ [ -122.06492, 37.56696 ], [ -122.06492, 37.56693 ], [ -122.06489, 37.56696 ], [ -122.06492, 37.56696 ] ], [ [ -122.06487, 37.56698 ], [ -122.06489, 37.56698 ], [ -122.06489, 37.56696 ], [ -122.06487, 37.56698 ] ], [ [ -122.06538, 37.56634 ], [ -122.06535, 37.56634 ], [ -122.06538, 37.56636 ], [ -122.06538, 37.56634 ] ], [ [ -122.06535, 37.56642 ], [ -122.06535, 37.56636 ], [ -122.06532, 37.56642 ], [ -122.06535, 37.56642 ] ], [ [ -122.0653, 37.56645 ], [ -122.06532, 37.56645 ], [ -122.06532, 37.56642 ], [ -122.0653, 37.56645 ] ], [ [ -122.06503, 37.5668 ], [ -122.06497, 37.5668 ], [ -122.06503, 37.56682 ], [ -122.06503, 37.5668 ] ], [ [ -122.06497, 37.56688 ], [ -122.06497, 37.56685 ], [ -122.06495, 37.56688 ], [ -122.06497, 37.56688 ] ], [ [ -122.06508, 37.56671 ], [ -122.06514, 37.56671 ], [ -122.06508, 37.56666 ], [ -122.06508, 37.56671 ] ], [ [ -122.06557, 37.56609 ], [ -122.06562, 37.56607 ], [ -122.06557, 37.56604 ], [ -122.06557, 37.56609 ] ], [ [ -122.06554, 37.56615 ], [ -122.06557, 37.56615 ], [ -122.06557, 37.56609 ], [ -122.06554, 37.56615 ] ], [ [ -122.06551, 37.56615 ], [ -122.06549, 37.56615 ], [ -122.06551, 37.5662 ], [ -122.06551, 37.56615 ] ], [ [ -122.06543, 37.56628 ], [ -122.06549, 37.56626 ], [ -122.06543, 37.56623 ], [ -122.06543, 37.56628 ] ], [ [ -122.06487, 37.56701 ], [ -122.06484, 37.56701 ], [ -122.06487, 37.56704 ], [ -122.06487, 37.56701 ] ], [ [ -122.06484, 37.56709 ], [ -122.06484, 37.56704 ], [ -122.06481, 37.56709 ], [ -122.06484, 37.56709 ] ], [ [ -122.06473, 37.56717 ], [ -122.06481, 37.56712 ], [ -122.06473, 37.56712 ], [ -122.06473, 37.56717 ] ], [ [ -122.06444, 37.5676 ], [ -122.06427, 37.56771 ], [ -122.06433, 37.56779 ], [ -122.06444, 37.5676 ] ], [ [ -122.0657, 37.56591 ], [ -122.06576, 37.56591 ], [ -122.066, 37.56553 ], [ -122.0657, 37.56591 ] ], [ [ -122.06567, 37.56593 ], [ -122.0657, 37.56593 ], [ -122.0657, 37.56591 ], [ -122.06567, 37.56593 ] ] ], [ [ [ -122.06683, 37.6108 ], [ -122.06686, 37.61134 ], [ -122.06662, 37.61191 ], [ -122.06646, 37.61188 ], [ -122.06646, 37.61172 ], [ -122.0667, 37.61078 ], [ -122.06627, 37.60991 ], [ -122.06683, 37.6108 ] ], [ [ -122.06662, 37.61175 ], [ -122.06664, 37.61175 ], [ -122.06662, 37.61169 ], [ -122.06662, 37.61175 ] ] ], [ [ [ -122.05926, 37.61549 ], [ -122.06064, 37.61541 ], [ -122.06069, 37.61533 ], [ -122.05948, 37.61533 ], [ -122.05929, 37.6153 ], [ -122.05926, 37.61517 ], [ -122.06072, 37.61522 ], [ -122.06072, 37.61549 ], [ -122.05926, 37.61549 ] ] ], [ [ [ -121.93203, 37.45711 ], [ -121.93113, 37.45739 ], [ -121.93117, 37.45787 ], [ -121.93066, 37.45757 ], [ -121.93023, 37.45703 ], [ -121.9302, 37.45684 ], [ -121.93052, 37.45673 ], [ -121.93074, 37.45673 ], [ -121.93077, 37.4566 ], [ -121.93139, 37.4563 ], [ -121.93182, 37.45633 ], [ -121.93206, 37.45655 ], [ -121.93203, 37.45711 ] ], [ [ -121.93095, 37.45765 ], [ -121.93095, 37.45762 ], [ -121.93093, 37.45765 ], [ -121.93095, 37.45765 ] ], [ [ -121.93104, 37.45757 ], [ -121.93104, 37.45754 ], [ -121.93101, 37.45757 ], [ -121.93104, 37.45757 ] ], [ [ -121.93047, 37.45714 ], [ -121.93039, 37.45717 ], [ -121.93044, 37.45717 ], [ -121.93047, 37.45714 ] ], [ [ -121.93052, 37.45711 ], [ -121.93052, 37.45706 ], [ -121.9305, 37.45711 ], [ -121.93052, 37.45711 ] ], [ [ -121.93068, 37.45703 ], [ -121.93068, 37.457 ], [ -121.93066, 37.45703 ], [ -121.93068, 37.45703 ] ], [ [ -121.93074, 37.45698 ], [ -121.93079, 37.45698 ], [ -121.93074, 37.45695 ], [ -121.93074, 37.45698 ] ], [ [ -121.93201, 37.45687 ], [ -121.93201, 37.45684 ], [ -121.93198, 37.45687 ], [ -121.93201, 37.45687 ] ], [ [ -121.93195, 37.45684 ], [ -121.93195, 37.45681 ], [ -121.93192, 37.45684 ], [ -121.93195, 37.45684 ] ], [ [ -121.93066, 37.45679 ], [ -121.93066, 37.45676 ], [ -121.9306, 37.45679 ], [ -121.93066, 37.45679 ] ], [ [ -121.93157, 37.45638 ], [ -121.93152, 37.45638 ], [ -121.93152, 37.45652 ], [ -121.93157, 37.45638 ] ] ], [ [ [ -121.92476, 37.4607 ], [ -121.92535, 37.46218 ], [ -121.92446, 37.46064 ], [ -121.92314, 37.45924 ], [ -121.9233, 37.45919 ], [ -121.92319, 37.45902 ], [ -121.92352, 37.45908 ], [ -121.92333, 37.45889 ], [ -121.92346, 37.45878 ], [ -121.92317, 37.45854 ], [ -121.92306, 37.45873 ], [ -121.92282, 37.45849 ], [ -121.92273, 37.45862 ], [ -121.92252, 37.45851 ], [ -121.9226, 37.45843 ], [ -121.92225, 37.45819 ], [ -121.92094, 37.45641 ], [ -121.9212, 37.45657 ], [ -121.92123, 37.45676 ], [ -121.92144, 37.45679 ], [ -121.92144, 37.45703 ], [ -121.92174, 37.45711 ], [ -121.92187, 37.45703 ], [ -121.92206, 37.45717 ], [ -121.92203, 37.4569 ], [ -121.92182, 37.45698 ], [ -121.92141, 37.4566 ], [ -121.92155, 37.45655 ], [ -121.92139, 37.45641 ], [ -121.92152, 37.45628 ], [ -121.92138, 37.45617 ], [ -121.92188, 37.4559 ], [ -121.92263, 37.45601 ], [ -121.92306, 37.4576 ], [ -121.92298, 37.45781 ], [ -121.92325, 37.45816 ], [ -121.92317, 37.45835 ], [ -121.92335, 37.45835 ], [ -121.92365, 37.45902 ], [ -121.92357, 37.45916 ], [ -121.92379, 37.45929 ], [ -121.92438, 37.46037 ], [ -121.92476, 37.4607 ] ], [ [ -121.92176, 37.45714 ], [ -121.92176, 37.45711 ], [ -121.92174, 37.45711 ], [ -121.92176, 37.45714 ] ], [ [ -121.92446, 37.46053 ], [ -121.92446, 37.46048 ], [ -121.92441, 37.46051 ], [ -121.92446, 37.46053 ] ], [ [ -121.92263, 37.45849 ], [ -121.9226, 37.45849 ], [ -121.92263, 37.45851 ], [ -121.92263, 37.45849 ] ], [ [ -121.92193, 37.45679 ], [ -121.92193, 37.45684 ], [ -121.92209, 37.45684 ], [ -121.92193, 37.45679 ] ], [ [ -121.92257, 37.45795 ], [ -121.9226, 37.45795 ], [ -121.92257, 37.45792 ], [ -121.92257, 37.45795 ] ], [ [ -121.92295, 37.45849 ], [ -121.92298, 37.45849 ], [ -121.92295, 37.45846 ], [ -121.92295, 37.45849 ] ], [ [ -121.92333, 37.45921 ], [ -121.92335, 37.45921 ], [ -121.92333, 37.45919 ], [ -121.92333, 37.45921 ] ], [ [ -121.92287, 37.45781 ], [ -121.92292, 37.45781 ], [ -121.92287, 37.45778 ], [ -121.92287, 37.45781 ] ], [ [ -121.92176, 37.45681 ], [ -121.92179, 37.45681 ], [ -121.92176, 37.45676 ], [ -121.92176, 37.45681 ] ], [ [ -121.92268, 37.45859 ], [ -121.92271, 37.45859 ], [ -121.92268, 37.45854 ], [ -121.92268, 37.45859 ] ], [ [ -121.92249, 37.45787 ], [ -121.92255, 37.45787 ], [ -121.92249, 37.45784 ], [ -121.92249, 37.45787 ] ], [ [ -121.9216, 37.45628 ], [ -121.92166, 37.45628 ], [ -121.9216, 37.45625 ], [ -121.9216, 37.45628 ] ], [ [ -121.92265, 37.45784 ], [ -121.92265, 37.45781 ], [ -121.9226, 37.45784 ], [ -121.92265, 37.45784 ] ], [ [ -121.92193, 37.45655 ], [ -121.92195, 37.45655 ], [ -121.9219, 37.45649 ], [ -121.92193, 37.45655 ] ], [ [ -121.92233, 37.45652 ], [ -121.92244, 37.45652 ], [ -121.92233, 37.45649 ], [ -121.92233, 37.45652 ] ], [ [ -121.92268, 37.45811 ], [ -121.9226, 37.45811 ], [ -121.92265, 37.45816 ], [ -121.92268, 37.45811 ] ], [ [ -121.92306, 37.45849 ], [ -121.923, 37.45849 ], [ -121.92309, 37.45854 ], [ -121.92306, 37.45849 ] ], [ [ -121.92185, 37.45722 ], [ -121.92185, 37.45727 ], [ -121.92193, 37.4573 ], [ -121.92185, 37.45722 ] ], [ [ -121.92182, 37.45717 ], [ -121.92182, 37.45722 ], [ -121.92185, 37.45722 ], [ -121.92182, 37.45717 ] ], [ [ -121.92265, 37.45733 ], [ -121.92273, 37.45733 ], [ -121.92265, 37.45727 ], [ -121.92265, 37.45733 ] ], [ [ -121.9222, 37.45657 ], [ -121.9223, 37.45655 ], [ -121.9222, 37.45649 ], [ -121.9222, 37.45657 ] ], [ [ -121.92217, 37.45668 ], [ -121.92214, 37.4566 ], [ -121.92203, 37.45665 ], [ -121.92217, 37.45668 ] ], [ [ -121.92238, 37.45706 ], [ -121.9223, 37.45706 ], [ -121.92241, 37.45714 ], [ -121.92238, 37.45706 ] ], [ [ -121.92265, 37.45849 ], [ -121.92271, 37.45849 ], [ -121.92271, 37.4583 ], [ -121.92265, 37.45849 ] ], [ [ -121.92222, 37.457 ], [ -121.92228, 37.457 ], [ -121.92217, 37.45684 ], [ -121.92222, 37.457 ] ], [ [ -121.92303, 37.45832 ], [ -121.92295, 37.45838 ], [ -121.92282, 37.45838 ], [ -121.923, 37.45843 ], [ -121.92303, 37.45832 ] ], [ [ -121.92284, 37.45846 ], [ -121.92284, 37.45843 ], [ -121.92282, 37.45846 ], [ -121.92284, 37.45846 ] ], [ [ -121.92263, 37.45765 ], [ -121.9226, 37.45765 ], [ -121.92263, 37.45768 ], [ -121.92263, 37.45765 ] ], [ [ -121.9226, 37.4577 ], [ -121.9226, 37.45768 ], [ -121.92252, 37.45773 ], [ -121.9226, 37.4577 ] ], [ [ -121.92238, 37.45773 ], [ -121.92241, 37.45789 ], [ -121.92252, 37.45795 ], [ -121.92244, 37.45776 ], [ -121.92252, 37.45773 ], [ -121.92238, 37.45773 ] ], [ [ -121.9223, 37.45657 ], [ -121.92228, 37.45671 ], [ -121.92257, 37.45665 ], [ -121.9223, 37.45657 ] ], [ [ -121.92211, 37.45773 ], [ -121.9223, 37.4577 ], [ -121.92211, 37.45757 ], [ -121.92211, 37.45773 ] ], [ [ -121.92249, 37.45754 ], [ -121.92236, 37.45743 ], [ -121.92238, 37.45725 ], [ -121.92222, 37.45714 ], [ -121.92222, 37.45727 ], [ -121.92217, 37.45722 ], [ -121.92211, 37.45727 ], [ -121.92249, 37.45754 ] ], [ [ -121.92209, 37.45722 ], [ -121.92211, 37.45722 ], [ -121.92209, 37.45719 ], [ -121.92209, 37.45722 ] ], [ [ -121.92276, 37.4577 ], [ -121.92287, 37.45746 ], [ -121.92247, 37.4573 ], [ -121.92268, 37.45762 ], [ -121.92271, 37.45789 ], [ -121.92284, 37.45792 ], [ -121.92279, 37.45814 ], [ -121.923, 37.45819 ], [ -121.923, 37.45797 ], [ -121.92287, 37.45797 ], [ -121.92276, 37.4577 ] ], [ [ -121.92241, 37.45741 ], [ -121.92241, 37.45738 ], [ -121.92238, 37.45741 ], [ -121.92241, 37.45741 ] ] ], [ [ [ -121.92503, 37.45485 ], [ -121.92416, 37.4566 ], [ -121.92432, 37.458 ], [ -121.92465, 37.4587 ], [ -121.92494, 37.45881 ], [ -121.92489, 37.45921 ], [ -121.92524, 37.46005 ], [ -121.92632, 37.46169 ], [ -121.92667, 37.46169 ], [ -121.92686, 37.46196 ], [ -121.92742, 37.46194 ], [ -121.92802, 37.46207 ], [ -121.92872, 37.4618 ], [ -121.92891, 37.46158 ], [ -121.9285, 37.46126 ], [ -121.92705, 37.45951 ], [ -121.92645, 37.45849 ], [ -121.92651, 37.4577 ], [ -121.92697, 37.45636 ], [ -121.92705, 37.45619 ], [ -121.92745, 37.45617 ], [ -121.92756, 37.45606 ], [ -121.9275, 37.45576 ], [ -121.92775, 37.45547 ], [ -121.92787, 37.45549 ], [ -121.92756, 37.45693 ], [ -121.92844, 37.45739 ], [ -121.92897, 37.45708 ], [ -121.92955, 37.45711 ], [ -121.93004, 37.45698 ], [ -121.93063, 37.4577 ], [ -121.93117, 37.45797 ], [ -121.93147, 37.46091 ], [ -121.93295, 37.46059 ], [ -121.93411, 37.46059 ], [ -121.93462, 37.46078 ], [ -121.93502, 37.46121 ], [ -121.93494, 37.4621 ], [ -121.93068, 37.46363 ], [ -121.93031, 37.46353 ], [ -121.92928, 37.4622 ], [ -121.92923, 37.46191 ], [ -121.92796, 37.46237 ], [ -121.92748, 37.46223 ], [ -121.92699, 37.46229 ], [ -121.9267, 37.46256 ], [ -121.92667, 37.46274 ], [ -121.92791, 37.4642 ], [ -121.92812, 37.46431 ], [ -121.92869, 37.46412 ], [ -121.92883, 37.46417 ], [ -121.92769, 37.46466 ], [ -121.92748, 37.4649 ], [ -121.92513, 37.46067 ], [ -121.92438, 37.45892 ], [ -121.92422, 37.45824 ], [ -121.92416, 37.45824 ], [ -121.92392, 37.45684 ], [ -121.92397, 37.45652 ], [ -121.92486, 37.45493 ], [ -121.92503, 37.45485 ] ], [ [ -121.92435, 37.45867 ], [ -121.92435, 37.45865 ], [ -121.92432, 37.45867 ], [ -121.92435, 37.45867 ] ], [ [ -121.92422, 37.45778 ], [ -121.92422, 37.45776 ], [ -121.92419, 37.45778 ], [ -121.92422, 37.45778 ] ], [ [ -121.924, 37.45692 ], [ -121.924, 37.45684 ], [ -121.92397, 37.45692 ], [ -121.924, 37.45692 ] ], [ [ -121.924, 37.45673 ], [ -121.924, 37.45671 ], [ -121.92397, 37.45673 ], [ -121.924, 37.45673 ] ], [ [ -121.92726, 37.46441 ], [ -121.92726, 37.46439 ], [ -121.92724, 37.46441 ], [ -121.92726, 37.46441 ] ], [ [ -121.92505, 37.46018 ], [ -121.92505, 37.46016 ], [ -121.92503, 37.46018 ], [ -121.92505, 37.46018 ] ], [ [ -121.92503, 37.46013 ], [ -121.92505, 37.46005 ], [ -121.925, 37.46013 ], [ -121.92503, 37.46013 ] ], [ [ -121.92503, 37.45962 ], [ -121.92503, 37.45959 ], [ -121.92494, 37.45962 ], [ -121.92503, 37.45962 ] ] ], [ [ [ -121.91999, 37.46199 ], [ -121.91842, 37.4625 ], [ -121.91823, 37.46237 ], [ -121.91991, 37.4618 ], [ -121.91999, 37.46199 ] ] ], [ [ [ -121.93311, 37.46606 ], [ -121.93343, 37.46627 ], [ -121.93311, 37.46617 ], [ -121.93333, 37.46641 ], [ -121.93311, 37.46633 ], [ -121.93203, 37.46565 ], [ -121.93241, 37.46574 ], [ -121.93219, 37.46557 ], [ -121.93227, 37.46544 ], [ -121.93206, 37.46525 ], [ -121.93298, 37.46565 ], [ -121.93298, 37.46595 ], [ -121.9333, 37.46592 ], [ -121.9337, 37.46625 ], [ -121.93395, 37.46627 ], [ -121.93395, 37.46641 ], [ -121.93316, 37.46598 ], [ -121.93311, 37.46606 ] ], [ [ -121.93308, 37.46614 ], [ -121.93308, 37.46617 ], [ -121.93311, 37.46617 ], [ -121.93308, 37.46614 ] ], [ [ -121.93244, 37.46576 ], [ -121.93244, 37.46574 ], [ -121.93241, 37.46574 ], [ -121.93244, 37.46576 ] ], [ [ -121.93227, 37.46552 ], [ -121.9323, 37.46555 ], [ -121.9323, 37.46552 ], [ -121.93227, 37.46552 ] ], [ [ -121.93233, 37.4656 ], [ -121.93287, 37.46584 ], [ -121.93233, 37.46552 ], [ -121.93233, 37.4656 ] ] ], [ [ [ -121.92901, 37.46708 ], [ -121.9288, 37.46676 ], [ -121.92891, 37.46635 ], [ -121.9285, 37.46619 ], [ -121.92796, 37.46495 ], [ -121.9281, 37.4649 ], [ -121.92942, 37.4663 ], [ -121.92901, 37.46708 ] ] ], [ [ [ -121.93109, 37.46738 ], [ -121.93071, 37.46714 ], [ -121.93063, 37.46684 ], [ -121.93114, 37.46633 ], [ -121.93168, 37.46609 ], [ -121.93198, 37.46614 ], [ -121.9319, 37.46635 ], [ -121.93219, 37.46668 ], [ -121.93217, 37.46681 ], [ -121.9316, 37.46719 ], [ -121.93109, 37.46738 ] ], [ [ -121.93068, 37.46689 ], [ -121.93068, 37.46692 ], [ -121.93071, 37.46689 ], [ -121.93068, 37.46689 ] ] ], [ [ [ -121.93564, 37.46873 ], [ -121.93524, 37.46832 ], [ -121.93527, 37.46816 ], [ -121.93575, 37.46859 ], [ -121.93591, 37.46881 ], [ -121.93564, 37.46873 ] ], [ [ -121.9357, 37.46867 ], [ -121.93567, 37.46859 ], [ -121.93564, 37.46867 ], [ -121.9357, 37.46867 ] ] ], [ [ [ -121.93459, 37.47029 ], [ -121.93467, 37.47086 ], [ -121.93451, 37.47102 ], [ -121.93395, 37.47059 ], [ -121.93373, 37.47059 ], [ -121.93292, 37.46983 ], [ -121.933, 37.46967 ], [ -121.93284, 37.46967 ], [ -121.93236, 37.46918 ], [ -121.93219, 37.46918 ], [ -121.9323, 37.46902 ], [ -121.93219, 37.46883 ], [ -121.93252, 37.46878 ], [ -121.93263, 37.46886 ], [ -121.93351, 37.46827 ], [ -121.9337, 37.46827 ], [ -121.9337, 37.46848 ], [ -121.93338, 37.46851 ], [ -121.93395, 37.46897 ], [ -121.93395, 37.46978 ], [ -121.93459, 37.47029 ] ] ], [ [ [ -121.93233, 37.46848 ], [ -121.93206, 37.46846 ], [ -121.93203, 37.46819 ], [ -121.93273, 37.46776 ], [ -121.93308, 37.46805 ], [ -121.93322, 37.46803 ], [ -121.93292, 37.46762 ], [ -121.93354, 37.46719 ], [ -121.93389, 37.46722 ], [ -121.93392, 37.46743 ], [ -121.93422, 37.46757 ], [ -121.93422, 37.46746 ], [ -121.93451, 37.46743 ], [ -121.93432, 37.46719 ], [ -121.93438, 37.46714 ], [ -121.93484, 37.46749 ], [ -121.93411, 37.46671 ], [ -121.93438, 37.46692 ], [ -121.93492, 37.46671 ], [ -121.93451, 37.46703 ], [ -121.93467, 37.46697 ], [ -121.93465, 37.46719 ], [ -121.93505, 37.46746 ], [ -121.93562, 37.46722 ], [ -121.93637, 37.46654 ], [ -121.93637, 37.46638 ], [ -121.93613, 37.46635 ], [ -121.93594, 37.466 ], [ -121.93562, 37.46598 ], [ -121.93516, 37.4656 ], [ -121.9343, 37.4666 ], [ -121.93408, 37.46657 ], [ -121.93403, 37.46633 ], [ -121.93419, 37.46614 ], [ -121.93403, 37.4663 ], [ -121.93395, 37.46622 ], [ -121.93454, 37.46552 ], [ -121.93484, 37.46536 ], [ -121.93475, 37.4656 ], [ -121.93489, 37.46549 ], [ -121.93516, 37.46555 ], [ -121.93513, 37.46538 ], [ -121.93459, 37.46501 ], [ -121.93432, 37.4646 ], [ -121.93408, 37.4646 ], [ -121.93395, 37.46441 ], [ -121.93287, 37.46406 ], [ -121.93252, 37.46344 ], [ -121.93497, 37.46261 ], [ -121.93525, 37.46258 ], [ -121.93603, 37.46293 ], [ -121.93753, 37.46265 ], [ -121.93753, 37.46541 ], [ -121.93723, 37.46617 ], [ -121.9374, 37.46692 ], [ -121.93777, 37.46695 ], [ -121.93802, 37.46714 ], [ -121.93853, 37.46803 ], [ -121.9392, 37.46838 ], [ -121.93958, 37.46913 ], [ -121.94036, 37.46956 ], [ -121.94109, 37.4704 ], [ -121.942, 37.47086 ], [ -121.94249, 37.47153 ], [ -121.94297, 37.4718 ], [ -121.94483, 37.4721 ], [ -121.94561, 37.47317 ], [ -121.94578, 37.47471 ], [ -121.94772, 37.4767 ], [ -121.94971, 37.47749 ], [ -121.95076, 37.47813 ], [ -121.95068, 37.47856 ], [ -121.95036, 37.47905 ], [ -121.94971, 37.47924 ], [ -121.94915, 37.47856 ], [ -121.9492, 37.47848 ], [ -121.94839, 37.47824 ], [ -121.94791, 37.47829 ], [ -121.94777, 37.47848 ], [ -121.9478, 37.47827 ], [ -121.94756, 37.47821 ], [ -121.94742, 37.47837 ], [ -121.94734, 37.47813 ], [ -121.94661, 37.47821 ], [ -121.94712, 37.47789 ], [ -121.94704, 37.4777 ], [ -121.9471, 37.47759 ], [ -121.94656, 37.47716 ], [ -121.94637, 37.4763 ], [ -121.94559, 37.47552 ], [ -121.94553, 37.47571 ], [ -121.94526, 37.47557 ], [ -121.9451, 37.47571 ], [ -121.94486, 37.47565 ], [ -121.94491, 37.47541 ], [ -121.94513, 37.47541 ], [ -121.94508, 37.47509 ], [ -121.94526, 37.47506 ], [ -121.94508, 37.47492 ], [ -121.94467, 37.47498 ], [ -121.94473, 37.47474 ], [ -121.945, 37.47482 ], [ -121.94505, 37.47468 ], [ -121.94513, 37.47474 ], [ -121.94489, 37.47433 ], [ -121.94497, 37.47393 ], [ -121.94505, 37.47409 ], [ -121.94502, 37.4736 ], [ -121.94475, 37.47358 ], [ -121.94467, 37.47374 ], [ -121.94438, 37.47366 ], [ -121.94435, 37.47347 ], [ -121.9447, 37.47333 ], [ -121.94473, 37.47304 ], [ -121.94427, 37.4729 ], [ -121.94429, 37.47304 ], [ -121.94411, 37.47304 ], [ -121.94397, 37.47323 ], [ -121.94373, 37.47304 ], [ -121.94378, 37.4729 ], [ -121.94397, 37.47288 ], [ -121.94397, 37.47258 ], [ -121.94346, 37.47263 ], [ -121.94303, 37.47239 ], [ -121.94292, 37.47258 ], [ -121.94268, 37.47261 ], [ -121.94262, 37.47231 ], [ -121.94276, 37.47226 ], [ -121.94241, 37.47212 ], [ -121.94149, 37.4711 ], [ -121.94074, 37.4708 ], [ -121.93985, 37.46967 ], [ -121.93831, 37.46889 ], [ -121.93704, 37.46735 ], [ -121.93672, 37.46668 ], [ -121.93624, 37.46676 ], [ -121.93624, 37.46692 ], [ -121.93578, 37.46714 ], [ -121.93524, 37.4677 ], [ -121.93578, 37.46821 ], [ -121.9357, 37.468 ], [ -121.93616, 37.46819 ], [ -121.93613, 37.46854 ], [ -121.93675, 37.4691 ], [ -121.93691, 37.46894 ], [ -121.93683, 37.46921 ], [ -121.93802, 37.47032 ], [ -121.93831, 37.47042 ], [ -121.93845, 37.47067 ], [ -121.93955, 37.47139 ], [ -121.93987, 37.47172 ], [ -121.93961, 37.47166 ], [ -121.93979, 37.47191 ], [ -121.93928, 37.47158 ], [ -121.93882, 37.47183 ], [ -121.93901, 37.47137 ], [ -121.93802, 37.47061 ], [ -121.93791, 37.47067 ], [ -121.93788, 37.47051 ], [ -121.93704, 37.46978 ], [ -121.93686, 37.46978 ], [ -121.93594, 37.47037 ], [ -121.93605, 37.47021 ], [ -121.93591, 37.47029 ], [ -121.93586, 37.47026 ], [ -121.93667, 37.46972 ], [ -121.93678, 37.46948 ], [ -121.93465, 37.46749 ], [ -121.93478, 37.4677 ], [ -121.93467, 37.46789 ], [ -121.93416, 37.46792 ], [ -121.93403, 37.46813 ], [ -121.93378, 37.46819 ], [ -121.9344, 37.4677 ], [ -121.93419, 37.46762 ], [ -121.93257, 37.4687 ], [ -121.93238, 37.46867 ], [ -121.93233, 37.46848 ] ], [ [ -121.94502, 37.47484 ], [ -121.94502, 37.47482 ], [ -121.945, 37.47482 ], [ -121.94502, 37.47484 ] ], [ [ -121.93462, 37.46746 ], [ -121.93462, 37.46749 ], [ -121.93465, 37.46749 ], [ -121.93462, 37.46746 ] ], [ [ -121.94712, 37.47762 ], [ -121.9471, 37.47762 ], [ -121.94715, 37.47767 ], [ -121.94712, 37.47762 ] ], [ [ -121.94553, 37.47552 ], [ -121.94556, 37.47552 ], [ -121.94553, 37.47549 ], [ -121.94553, 37.47552 ] ], [ [ -121.94529, 37.47509 ], [ -121.94526, 37.47509 ], [ -121.94529, 37.47514 ], [ -121.94529, 37.47509 ] ], [ [ -121.94532, 37.47519 ], [ -121.94532, 37.47514 ], [ -121.94529, 37.47514 ], [ -121.94532, 37.47519 ] ], [ [ -121.94276, 37.47231 ], [ -121.94287, 37.47239 ], [ -121.943, 37.47242 ], [ -121.94292, 37.47231 ], [ -121.94276, 37.47231 ] ], [ [ -121.93586, 37.46821 ], [ -121.93583, 37.46821 ], [ -121.93586, 37.46824 ], [ -121.93586, 37.46821 ] ], [ [ -121.93589, 37.46827 ], [ -121.93589, 37.46824 ], [ -121.93586, 37.46824 ], [ -121.93589, 37.46827 ] ], [ [ -121.93893, 37.47115 ], [ -121.93885, 37.47099 ], [ -121.93863, 37.47094 ], [ -121.93893, 37.47115 ] ], [ [ -121.94516, 37.47492 ], [ -121.94518, 37.47492 ], [ -121.94516, 37.4749 ], [ -121.94516, 37.47492 ] ], [ [ -121.94462, 37.47298 ], [ -121.94464, 37.47298 ], [ -121.94462, 37.47296 ], [ -121.94462, 37.47298 ] ], [ [ -121.94497, 37.47352 ], [ -121.945, 37.47352 ], [ -121.94497, 37.4735 ], [ -121.94497, 37.47352 ] ], [ [ -121.93616, 37.46684 ], [ -121.93618, 37.46684 ], [ -121.93616, 37.46681 ], [ -121.93616, 37.46684 ] ], [ [ -121.94685, 37.47813 ], [ -121.94688, 37.47813 ], [ -121.94685, 37.4781 ], [ -121.94685, 37.47813 ] ], [ [ -121.93607, 37.46611 ], [ -121.9361, 37.46611 ], [ -121.93607, 37.46609 ], [ -121.93607, 37.46611 ] ], [ [ -121.94505, 37.47449 ], [ -121.94508, 37.47449 ], [ -121.94505, 37.47447 ], [ -121.94505, 37.47449 ] ], [ [ -121.93527, 37.46746 ], [ -121.93529, 37.46746 ], [ -121.93527, 37.46743 ], [ -121.93527, 37.46746 ] ], [ [ -121.94543, 37.47538 ], [ -121.94545, 37.47538 ], [ -121.94543, 37.47536 ], [ -121.94543, 37.47538 ] ], [ [ -121.94478, 37.47315 ], [ -121.94481, 37.47315 ], [ -121.94478, 37.47312 ], [ -121.94478, 37.47315 ] ], [ [ -121.94513, 37.47484 ], [ -121.94516, 37.47484 ], [ -121.94513, 37.47482 ], [ -121.94513, 37.47484 ] ], [ [ -121.93699, 37.46716 ], [ -121.93702, 37.46716 ], [ -121.93699, 37.46711 ], [ -121.93699, 37.46716 ] ], [ [ -121.93683, 37.46536 ], [ -121.93688, 37.46536 ], [ -121.93683, 37.46533 ], [ -121.93683, 37.46536 ] ], [ [ -121.94543, 37.47533 ], [ -121.94543, 37.4753 ], [ -121.9454, 37.47533 ], [ -121.94543, 37.47533 ] ], [ [ -121.94537, 37.4753 ], [ -121.9454, 37.4753 ], [ -121.94537, 37.47528 ], [ -121.94537, 37.4753 ] ], [ [ -121.945, 37.47414 ], [ -121.94505, 37.47414 ], [ -121.945, 37.47412 ], [ -121.945, 37.47414 ] ], [ [ -121.93653, 37.46913 ], [ -121.93656, 37.46913 ], [ -121.93651, 37.46908 ], [ -121.93653, 37.46913 ] ], [ [ -121.93696, 37.46538 ], [ -121.93704, 37.46538 ], [ -121.93696, 37.46536 ], [ -121.93696, 37.46538 ] ], [ [ -121.94316, 37.47242 ], [ -121.9433, 37.47242 ], [ -121.94316, 37.47239 ], [ -121.94316, 37.47242 ] ], [ [ -121.93599, 37.4684 ], [ -121.93607, 37.4684 ], [ -121.93599, 37.46835 ], [ -121.93599, 37.4684 ] ], [ [ -121.93629, 37.47007 ], [ -121.93634, 37.47007 ], [ -121.93632, 37.46999 ], [ -121.93629, 37.47007 ] ], [ [ -121.93505, 37.46555 ], [ -121.93492, 37.46568 ], [ -121.93505, 37.4656 ], [ -121.93505, 37.46555 ] ], [ [ -121.94734, 37.47786 ], [ -121.94734, 37.47797 ], [ -121.94745, 37.47794 ], [ -121.94734, 37.47786 ] ], [ [ -121.94731, 37.47784 ], [ -121.94731, 37.47786 ], [ -121.94734, 37.47786 ], [ -121.94731, 37.47784 ] ], [ [ -121.94729, 37.47781 ], [ -121.94729, 37.47784 ], [ -121.94731, 37.47784 ], [ -121.94729, 37.47781 ] ], [ [ -121.94726, 37.47778 ], [ -121.94726, 37.47781 ], [ -121.94729, 37.47781 ], [ -121.94726, 37.47778 ] ], [ [ -121.93416, 37.46644 ], [ -121.93435, 37.46627 ], [ -121.93435, 37.46625 ], [ -121.93419, 37.46635 ], [ -121.93416, 37.46644 ] ], [ [ -121.93516, 37.46749 ], [ -121.93505, 37.46751 ], [ -121.9351, 37.46759 ], [ -121.93519, 37.46759 ], [ -121.93516, 37.46749 ] ], [ [ -121.93917, 37.47134 ], [ -121.93925, 37.4715 ], [ -121.93928, 37.47142 ], [ -121.93917, 37.47134 ] ], [ [ -121.9343, 37.466 ], [ -121.93454, 37.46598 ], [ -121.9344, 37.46617 ], [ -121.93484, 37.46576 ], [ -121.93459, 37.46584 ], [ -121.9347, 37.46571 ], [ -121.93465, 37.46565 ], [ -121.9343, 37.466 ] ] ], [ [ [ -121.94225, 37.47358 ], [ -121.94211, 37.47363 ], [ -121.94235, 37.47385 ], [ -121.94206, 37.47371 ], [ -121.94219, 37.47395 ], [ -121.94252, 37.4742 ], [ -121.94246, 37.47398 ], [ -121.94273, 37.4742 ], [ -121.94287, 37.47414 ], [ -121.94292, 37.47439 ], [ -121.94349, 37.4749 ], [ -121.94314, 37.47476 ], [ -121.94341, 37.47511 ], [ -121.9427, 37.47449 ], [ -121.9426, 37.47452 ], [ -121.9426, 37.47439 ], [ -121.94184, 37.47369 ], [ -121.94163, 37.47366 ], [ -121.94114, 37.47395 ], [ -121.94155, 37.47355 ], [ -121.94106, 37.47374 ], [ -121.94144, 37.47347 ], [ -121.94114, 37.47298 ], [ -121.94136, 37.47312 ], [ -121.94141, 37.47309 ], [ -121.9412, 37.4728 ], [ -121.94093, 37.47266 ], [ -121.94106, 37.47285 ], [ -121.94101, 37.4729 ], [ -121.94058, 37.47253 ], [ -121.94111, 37.47312 ], [ -121.94093, 37.47315 ], [ -121.94066, 37.47282 ], [ -121.94036, 37.47269 ], [ -121.94014, 37.47293 ], [ -121.94014, 37.47336 ], [ -121.93998, 37.47317 ], [ -121.93982, 37.47323 ], [ -121.94044, 37.47387 ], [ -121.94028, 37.47404 ], [ -121.93985, 37.47347 ], [ -121.93974, 37.4735 ], [ -121.93958, 37.47336 ], [ -121.93971, 37.47296 ], [ -121.94031, 37.47253 ], [ -121.93985, 37.47196 ], [ -121.94022, 37.47212 ], [ -121.94009, 37.47193 ], [ -121.94017, 37.47191 ], [ -121.94165, 37.47317 ], [ -121.942, 37.47323 ], [ -121.94198, 37.47347 ], [ -121.94225, 37.47358 ] ], [ [ -121.93979, 37.47347 ], [ -121.93982, 37.47347 ], [ -121.93979, 37.47344 ], [ -121.93979, 37.47347 ] ], [ [ -121.93966, 37.47331 ], [ -121.93963, 37.47331 ], [ -121.93966, 37.47333 ], [ -121.93966, 37.47331 ] ], [ [ -121.93969, 37.47336 ], [ -121.93969, 37.47333 ], [ -121.93966, 37.47333 ], [ -121.93969, 37.47336 ] ], [ [ -121.94031, 37.47247 ], [ -121.94031, 37.4725 ], [ -121.94033, 37.47247 ], [ -121.94031, 37.47247 ] ], [ [ -121.94025, 37.47236 ], [ -121.94022, 37.47226 ], [ -121.9402, 37.47231 ], [ -121.94025, 37.47236 ] ], [ [ -121.94044, 37.47247 ], [ -121.94041, 37.47239 ], [ -121.94036, 37.47247 ], [ -121.94044, 37.47247 ] ], [ [ -121.94163, 37.47336 ], [ -121.94171, 37.47352 ], [ -121.94176, 37.47342 ], [ -121.94163, 37.47336 ] ] ], [ [ [ -121.94265, 37.47576 ], [ -121.94233, 37.47576 ], [ -121.94208, 37.4759 ], [ -121.94225, 37.47557 ], [ -121.94176, 37.47571 ], [ -121.942, 37.47546 ], [ -121.94184, 37.47536 ], [ -121.9416, 37.47552 ], [ -121.94163, 37.47533 ], [ -121.94179, 37.47528 ], [ -121.94176, 37.47511 ], [ -121.9416, 37.47514 ], [ -121.94198, 37.47479 ], [ -121.9423, 37.47471 ], [ -121.9419, 37.47503 ], [ -121.94235, 37.47495 ], [ -121.9423, 37.47528 ], [ -121.94262, 37.47514 ], [ -121.94241, 37.47538 ], [ -121.94265, 37.47576 ] ], [ [ -121.94181, 37.47509 ], [ -121.94176, 37.47509 ], [ -121.94176, 37.47511 ], [ -121.94181, 37.47509 ] ] ], [ [ [ -121.93656, 37.47673 ], [ -121.93629, 37.4767 ], [ -121.93457, 37.47506 ], [ -121.93443, 37.47479 ], [ -121.93459, 37.47474 ], [ -121.93648, 37.47641 ], [ -121.93656, 37.47673 ] ] ], [ [ [ -121.94295, 37.47643 ], [ -121.94287, 37.47625 ], [ -121.9426, 37.47635 ], [ -121.94279, 37.47603 ], [ -121.9427, 37.47576 ], [ -121.94316, 37.47565 ], [ -121.94297, 37.47584 ], [ -121.94311, 37.47598 ], [ -121.94332, 37.47584 ], [ -121.94338, 37.47598 ], [ -121.94324, 37.47608 ], [ -121.94343, 37.47616 ], [ -121.94354, 37.47643 ], [ -121.94324, 37.47633 ], [ -121.94295, 37.47643 ] ] ], [ [ [ -121.94464, 37.47678 ], [ -121.94435, 37.47673 ], [ -121.94402, 37.47684 ], [ -121.94413, 37.47676 ], [ -121.94394, 37.47676 ], [ -121.94435, 37.4766 ], [ -121.9444, 37.47635 ], [ -121.94424, 37.47608 ], [ -121.944, 37.47592 ], [ -121.94429, 37.47627 ], [ -121.94424, 37.47646 ], [ -121.94394, 37.47603 ], [ -121.94402, 37.47581 ], [ -121.94351, 37.47525 ], [ -121.94381, 37.47538 ], [ -121.94362, 37.47506 ], [ -121.94394, 37.47536 ], [ -121.94386, 37.47514 ], [ -121.94424, 37.47536 ], [ -121.94454, 37.47592 ], [ -121.94427, 37.47557 ], [ -121.94419, 37.47565 ], [ -121.94459, 37.47622 ], [ -121.94481, 37.47614 ], [ -121.94467, 37.47633 ], [ -121.94497, 37.47681 ], [ -121.94483, 37.47643 ], [ -121.94502, 37.47643 ], [ -121.94516, 37.47673 ], [ -121.94586, 37.47651 ], [ -121.94578, 37.47633 ], [ -121.94543, 37.47638 ], [ -121.94578, 37.47616 ], [ -121.9457, 37.476 ], [ -121.9454, 37.47592 ], [ -121.94556, 37.47579 ], [ -121.94575, 37.47576 ], [ -121.94586, 37.47611 ], [ -121.94626, 37.4763 ], [ -121.94602, 37.47651 ], [ -121.945, 37.47687 ], [ -121.9454, 37.47759 ], [ -121.94553, 37.47759 ], [ -121.94572, 37.47859 ], [ -121.94556, 37.47934 ], [ -121.94605, 37.47951 ], [ -121.94667, 37.47951 ], [ -121.94723, 37.47918 ], [ -121.94737, 37.47891 ], [ -121.94764, 37.47886 ], [ -121.94774, 37.47889 ], [ -121.9478, 37.47929 ], [ -121.94739, 37.47926 ], [ -121.94669, 37.47969 ], [ -121.94645, 37.47972 ], [ -121.94564, 37.47956 ], [ -121.9454, 37.47964 ], [ -121.9454, 37.47926 ], [ -121.94521, 37.47959 ], [ -121.94543, 37.47854 ], [ -121.94518, 37.4777 ], [ -121.94505, 37.47765 ], [ -121.94529, 37.4781 ], [ -121.94529, 37.47848 ], [ -121.94513, 37.47837 ], [ -121.94494, 37.4777 ], [ -121.94435, 37.47789 ], [ -121.94446, 37.478 ], [ -121.94462, 37.47792 ], [ -121.94478, 37.478 ], [ -121.94456, 37.4781 ], [ -121.94454, 37.47837 ], [ -121.9447, 37.47832 ], [ -121.94481, 37.47851 ], [ -121.94464, 37.47851 ], [ -121.94456, 37.47864 ], [ -121.94438, 37.47859 ], [ -121.94435, 37.4784 ], [ -121.94408, 37.4784 ], [ -121.94429, 37.47829 ], [ -121.94424, 37.47813 ], [ -121.94394, 37.47821 ], [ -121.944, 37.47805 ], [ -121.94416, 37.47805 ], [ -121.94413, 37.47784 ], [ -121.94386, 37.47802 ], [ -121.94367, 37.478 ], [ -121.94378, 37.47786 ], [ -121.94411, 37.47781 ], [ -121.944, 37.47767 ], [ -121.94384, 37.47778 ], [ -121.94367, 37.47773 ], [ -121.94392, 37.47759 ], [ -121.94394, 37.47735 ], [ -121.944, 37.47743 ], [ -121.94416, 37.47738 ], [ -121.94427, 37.47754 ], [ -121.94462, 37.47749 ], [ -121.94429, 37.47781 ], [ -121.94486, 37.47757 ], [ -121.94446, 37.47692 ], [ -121.94338, 37.47732 ], [ -121.94308, 37.47732 ], [ -121.94446, 37.47676 ], [ -121.94497, 37.47757 ], [ -121.94508, 37.47754 ], [ -121.94464, 37.47678 ] ], [ [ -121.94435, 37.47781 ], [ -121.94432, 37.47781 ], [ -121.94435, 37.47784 ], [ -121.94435, 37.47781 ] ], [ [ -121.94459, 37.47654 ], [ -121.94467, 37.47668 ], [ -121.94462, 37.47654 ], [ -121.94459, 37.47654 ] ], [ [ -121.94443, 37.47616 ], [ -121.9444, 37.47603 ], [ -121.94429, 37.47598 ], [ -121.94432, 37.47608 ], [ -121.94443, 37.47616 ] ], [ [ -121.94402, 37.47538 ], [ -121.94405, 37.47549 ], [ -121.94416, 37.47549 ], [ -121.94416, 37.47544 ], [ -121.94402, 37.47538 ] ], [ [ -121.94497, 37.477 ], [ -121.94486, 37.47692 ], [ -121.94502, 37.47713 ], [ -121.94497, 37.477 ] ], [ [ -121.94483, 37.47689 ], [ -121.94483, 37.47692 ], [ -121.94486, 37.47692 ], [ -121.94483, 37.47689 ] ], [ [ -121.94556, 37.47851 ], [ -121.94559, 37.47819 ], [ -121.94543, 37.47794 ], [ -121.94543, 37.47824 ], [ -121.94556, 37.47851 ] ] ], [ [ [ -121.93831, 37.47924 ], [ -121.93815, 37.47843 ], [ -121.93756, 37.47778 ], [ -121.93734, 37.47784 ], [ -121.93742, 37.4777 ], [ -121.93688, 37.47727 ], [ -121.9368, 37.47697 ], [ -121.93723, 37.47711 ], [ -121.93766, 37.47762 ], [ -121.93839, 37.47816 ], [ -121.93869, 37.47908 ], [ -121.93872, 37.47889 ], [ -121.93904, 37.47994 ], [ -121.93966, 37.4811 ], [ -121.94063, 37.48077 ], [ -121.94079, 37.4808 ], [ -121.94071, 37.48093 ], [ -121.93966, 37.48131 ], [ -121.93944, 37.48126 ], [ -121.93831, 37.47924 ] ] ], [ [ [ -121.94246, 37.4804 ], [ -121.94181, 37.4808 ], [ -121.94103, 37.4808 ], [ -121.94103, 37.48069 ], [ -121.94122, 37.48064 ], [ -121.94114, 37.48058 ], [ -121.94227, 37.48021 ], [ -121.94246, 37.47999 ], [ -121.94281, 37.48002 ], [ -121.94276, 37.48023 ], [ -121.94332, 37.4811 ], [ -121.94332, 37.48139 ], [ -121.94314, 37.48137 ], [ -121.94246, 37.4804 ] ], [ [ -121.94233, 37.48045 ], [ -121.94233, 37.48042 ], [ -121.9423, 37.48045 ], [ -121.94233, 37.48045 ] ], [ [ -121.94273, 37.48013 ], [ -121.94273, 37.4801 ], [ -121.94265, 37.48013 ], [ -121.94273, 37.48013 ] ] ], [ [ [ -121.99499, 37.47821 ], [ -121.99534, 37.47862 ], [ -121.99544, 37.47937 ], [ -121.99615, 37.48102 ], [ -121.9965, 37.48123 ], [ -121.99741, 37.48107 ], [ -121.99879, 37.48134 ], [ -121.9993, 37.48182 ], [ -121.99943, 37.48236 ], [ -121.99924, 37.48266 ], [ -121.99871, 37.48293 ], [ -121.99604, 37.48317 ], [ -121.99526, 37.48352 ], [ -121.99412, 37.4846 ], [ -121.99367, 37.48484 ], [ -121.99447, 37.48546 ], [ -121.99499, 37.48525 ], [ -121.99553, 37.48433 ], [ -121.99609, 37.48395 ], [ -121.99682, 37.48382 ], [ -121.99811, 37.48382 ], [ -121.99922, 37.48363 ], [ -121.99981, 37.48331 ], [ -122.00032, 37.48279 ], [ -122.00046, 37.48199 ], [ -122.00024, 37.48142 ], [ -121.99954, 37.48075 ], [ -121.99838, 37.48021 ], [ -121.99827, 37.47986 ], [ -121.99844, 37.47969 ], [ -121.99892, 37.47959 ], [ -122.00118, 37.47967 ], [ -122.00396, 37.47908 ], [ -122.0069, 37.47732 ], [ -122.00717, 37.47738 ], [ -122.00771, 37.47786 ], [ -122.01242, 37.48085 ], [ -122.01153, 37.48239 ], [ -122.01048, 37.48522 ], [ -122.00965, 37.48643 ], [ -122.00919, 37.48684 ], [ -122.00849, 37.48667 ], [ -122.00811, 37.48676 ], [ -122.00746, 37.48729 ], [ -122.00722, 37.48778 ], [ -122.00728, 37.4881 ], [ -122.00841, 37.48859 ], [ -122.00887, 37.49072 ], [ -122.00943, 37.49204 ], [ -122.00946, 37.49279 ], [ -122.00908, 37.49298 ], [ -122.00795, 37.49309 ], [ -122.00657, 37.49341 ], [ -122.00563, 37.49411 ], [ -122.00528, 37.49473 ], [ -122.00334, 37.49454 ], [ -122.00003, 37.4936 ], [ -121.99676, 37.48888 ], [ -121.99445, 37.48605 ], [ -121.99431, 37.4856 ], [ -121.99402, 37.48565 ], [ -121.99356, 37.48541 ], [ -121.99353, 37.48508 ], [ -121.99326, 37.48484 ], [ -121.98046, 37.48479 ], [ -121.97755, 37.48393 ], [ -121.97577, 37.48217 ], [ -121.97677, 37.48142 ], [ -121.97604, 37.4819 ], [ -121.97569, 37.48199 ], [ -121.97461, 37.48056 ], [ -121.97397, 37.47872 ], [ -121.97386, 37.47792 ], [ -121.97434, 37.47112 ], [ -121.97472, 37.47096 ], [ -121.97553, 37.47096 ], [ -121.97979, 37.47142 ], [ -121.98237, 37.46964 ], [ -121.98466, 37.46781 ], [ -121.98531, 37.46703 ], [ -121.98607, 37.46665 ], [ -121.98666, 37.46652 ], [ -121.98768, 37.46665 ], [ -121.99027, 37.4683 ], [ -121.99391, 37.4697 ], [ -121.99652, 37.4704 ], [ -121.99933, 37.47037 ], [ -122.00051, 37.47185 ], [ -122.0014, 37.4725 ], [ -122.00275, 37.47312 ], [ -122.00445, 37.47355 ], [ -122.00496, 37.47382 ], [ -122.00566, 37.47479 ], [ -122.00552, 37.476 ], [ -122.00512, 37.47657 ], [ -122.0045, 37.47711 ], [ -122.00369, 37.47762 ], [ -122.00264, 37.47805 ], [ -122.00043, 37.47843 ], [ -121.9972, 37.47829 ], [ -121.99693, 37.47819 ], [ -121.99682, 37.47797 ], [ -121.99712, 37.47767 ], [ -121.99741, 37.47767 ], [ -121.99725, 37.47759 ], [ -121.99588, 37.47355 ], [ -121.99544, 37.47315 ], [ -121.99485, 37.47282 ], [ -121.99345, 37.47271 ], [ -121.99469, 37.47288 ], [ -121.99539, 37.47317 ], [ -121.9959, 37.47369 ], [ -121.99712, 37.47746 ], [ -121.99674, 37.478 ], [ -121.99555, 37.47749 ], [ -121.99515, 37.47754 ], [ -121.99496, 37.47781 ], [ -121.99499, 37.47821 ] ], [ [ -121.99741, 37.47773 ], [ -121.99782, 37.47808 ], [ -121.99798, 37.47808 ], [ -121.9976, 37.47775 ], [ -121.99741, 37.47773 ] ], [ [ -121.998, 37.4781 ], [ -121.998, 37.47808 ], [ -121.99798, 37.47808 ], [ -121.998, 37.4781 ] ], [ [ -121.99334, 37.47274 ], [ -121.99342, 37.47274 ], [ -121.9934, 37.47269 ], [ -121.99334, 37.47274 ] ], [ [ -122.00671, 37.47778 ], [ -122.00671, 37.47781 ], [ -122.00676, 37.47778 ], [ -122.00671, 37.47778 ] ], [ [ -122.00679, 37.47781 ], [ -122.00679, 37.47784 ], [ -122.0069, 37.47781 ], [ -122.00679, 37.47781 ] ], [ [ -121.97661, 37.48242 ], [ -121.97682, 37.48236 ], [ -121.97669, 37.48204 ], [ -121.97655, 37.48207 ], [ -121.97661, 37.48242 ] ], [ [ -121.9827, 37.47789 ], [ -121.98987, 37.4739 ], [ -121.99199, 37.47304 ], [ -121.99332, 37.47271 ], [ -121.9928, 37.47274 ], [ -121.99199, 37.47298 ], [ -121.98992, 37.47382 ], [ -121.98388, 37.47716 ], [ -121.9827, 37.47789 ] ], [ [ -121.98264, 37.47789 ], [ -121.97839, 37.48023 ], [ -121.9768, 37.48137 ], [ -121.97839, 37.48031 ], [ -121.98267, 37.47794 ], [ -121.9827, 37.47789 ], [ -121.98264, 37.47789 ] ] ], [ [ [ -121.94879, 37.48056 ], [ -121.94933, 37.48107 ], [ -121.95025, 37.48096 ], [ -121.95044, 37.48077 ], [ -121.95055, 37.48015 ], [ -121.95092, 37.48007 ], [ -121.95106, 37.48021 ], [ -121.95119, 37.48083 ], [ -121.9509, 37.4812 ], [ -121.94853, 37.48269 ], [ -121.94823, 37.48301 ], [ -121.94704, 37.48317 ], [ -121.94715, 37.48293 ], [ -121.94699, 37.48279 ], [ -121.94704, 37.48261 ], [ -121.94664, 37.4825 ], [ -121.94712, 37.48242 ], [ -121.94753, 37.48263 ], [ -121.94766, 37.48258 ], [ -121.94729, 37.48166 ], [ -121.94718, 37.48166 ], [ -121.94718, 37.48153 ], [ -121.94742, 37.48142 ], [ -121.94729, 37.48137 ], [ -121.94739, 37.48123 ], [ -121.9461, 37.48177 ], [ -121.94599, 37.48234 ], [ -121.9457, 37.48247 ], [ -121.94567, 37.48234 ], [ -121.94588, 37.48226 ], [ -121.94602, 37.48169 ], [ -121.94807, 37.48069 ], [ -121.94879, 37.48056 ] ], [ [ -121.94742, 37.4812 ], [ -121.94739, 37.4812 ], [ -121.94739, 37.48123 ], [ -121.94742, 37.4812 ] ], [ [ -121.94826, 37.48096 ], [ -121.94828, 37.48096 ], [ -121.94826, 37.48093 ], [ -121.94826, 37.48096 ] ], [ [ -121.94788, 37.48104 ], [ -121.94799, 37.48104 ], [ -121.94788, 37.48102 ], [ -121.94788, 37.48104 ] ] ], [ [ [ -121.94432, 37.48368 ], [ -121.94421, 37.48393 ], [ -121.944, 37.48379 ], [ -121.94384, 37.48301 ], [ -121.94324, 37.4819 ], [ -121.94341, 37.48164 ], [ -121.94397, 37.48242 ], [ -121.94462, 37.48247 ], [ -121.94497, 37.48234 ], [ -121.94537, 37.48242 ], [ -121.94537, 37.48252 ], [ -121.9451, 37.48261 ], [ -121.94405, 37.48279 ], [ -121.94432, 37.48368 ] ] ], [ [ [ -121.95028, 37.48756 ], [ -121.9503, 37.48764 ], [ -121.94971, 37.48759 ], [ -121.9495, 37.48738 ], [ -121.94931, 37.48738 ], [ -121.9492, 37.48719 ], [ -121.9496, 37.48719 ], [ -121.94947, 37.48681 ], [ -121.9492, 37.48684 ], [ -121.94939, 37.48667 ], [ -121.94906, 37.4863 ], [ -121.94906, 37.48646 ], [ -121.94874, 37.48673 ], [ -121.94863, 37.48673 ], [ -121.94836, 37.48654 ], [ -121.9482, 37.48667 ], [ -121.94796, 37.48589 ], [ -121.94812, 37.48568 ], [ -121.94799, 37.48573 ], [ -121.94791, 37.4857 ], [ -121.94871, 37.48533 ], [ -121.94906, 37.48535 ], [ -121.94952, 37.48565 ], [ -121.94933, 37.48581 ], [ -121.9495, 37.48614 ], [ -121.94955, 37.48603 ], [ -121.94987, 37.48635 ], [ -121.95006, 37.4863 ], [ -121.95044, 37.48689 ], [ -121.95033, 37.487 ], [ -121.95022, 37.48676 ], [ -121.9499, 37.48676 ], [ -121.95017, 37.48738 ], [ -121.95065, 37.48735 ], [ -121.95001, 37.48751 ], [ -121.95028, 37.48756 ] ], [ [ -121.94985, 37.48638 ], [ -121.94987, 37.48638 ], [ -121.94987, 37.48635 ], [ -121.94985, 37.48638 ] ], [ [ -121.94933, 37.48735 ], [ -121.94933, 37.48738 ], [ -121.94936, 37.48735 ], [ -121.94933, 37.48735 ] ], [ [ -121.94861, 37.48659 ], [ -121.94858, 37.48665 ], [ -121.94863, 37.48659 ], [ -121.94861, 37.48659 ] ], [ [ -121.94912, 37.48546 ], [ -121.94912, 37.48541 ], [ -121.94909, 37.48546 ], [ -121.94912, 37.48546 ] ], [ [ -121.94915, 37.48549 ], [ -121.94915, 37.48546 ], [ -121.94912, 37.48546 ], [ -121.94915, 37.48549 ] ], [ [ -121.94955, 37.48614 ], [ -121.94952, 37.48614 ], [ -121.94955, 37.48619 ], [ -121.94955, 37.48614 ] ], [ [ -121.94968, 37.48641 ], [ -121.94971, 37.48622 ], [ -121.9496, 37.4863 ], [ -121.94968, 37.48641 ] ], [ [ -121.94971, 37.48646 ], [ -121.94971, 37.48641 ], [ -121.94968, 37.48641 ], [ -121.94971, 37.48646 ] ], [ [ -121.94982, 37.48638 ], [ -121.94974, 37.48638 ], [ -121.94982, 37.48641 ], [ -121.94982, 37.48638 ] ], [ [ -121.94879, 37.48654 ], [ -121.94879, 37.48657 ], [ -121.94882, 37.48654 ], [ -121.94879, 37.48654 ] ], [ [ -121.94923, 37.48565 ], [ -121.94923, 37.48568 ], [ -121.94925, 37.48565 ], [ -121.94923, 37.48565 ] ], [ [ -121.94939, 37.48724 ], [ -121.94939, 37.48727 ], [ -121.94941, 37.48724 ], [ -121.94939, 37.48724 ] ], [ [ -121.94979, 37.48659 ], [ -121.94979, 37.48662 ], [ -121.94982, 37.48659 ], [ -121.94979, 37.48659 ] ], [ [ -121.94952, 37.4867 ], [ -121.94952, 37.48673 ], [ -121.94955, 37.4867 ], [ -121.94952, 37.4867 ] ], [ [ -121.94928, 37.48641 ], [ -121.94928, 37.48643 ], [ -121.94931, 37.48641 ], [ -121.94928, 37.48641 ] ], [ [ -121.94928, 37.48576 ], [ -121.94928, 37.48579 ], [ -121.94931, 37.48576 ], [ -121.94928, 37.48576 ] ], [ [ -121.94925, 37.4857 ], [ -121.94925, 37.48573 ], [ -121.94928, 37.4857 ], [ -121.94925, 37.4857 ] ], [ [ -121.94982, 37.48665 ], [ -121.94982, 37.48667 ], [ -121.94985, 37.48665 ], [ -121.94982, 37.48665 ] ], [ [ -121.94982, 37.48681 ], [ -121.94982, 37.48684 ], [ -121.94985, 37.48681 ], [ -121.94982, 37.48681 ] ], [ [ -121.94941, 37.48657 ], [ -121.94941, 37.48659 ], [ -121.94944, 37.48657 ], [ -121.94941, 37.48657 ] ], [ [ -121.94941, 37.48622 ], [ -121.94941, 37.48624 ], [ -121.94944, 37.48622 ], [ -121.94941, 37.48622 ] ], [ [ -121.94977, 37.48746 ], [ -121.94977, 37.48748 ], [ -121.94979, 37.48746 ], [ -121.94977, 37.48746 ] ], [ [ -121.94947, 37.48665 ], [ -121.94947, 37.48667 ], [ -121.94952, 37.48665 ], [ -121.94947, 37.48665 ] ], [ [ -121.94869, 37.48662 ], [ -121.94869, 37.48665 ], [ -121.94877, 37.48662 ], [ -121.94869, 37.48662 ] ], [ [ -121.94974, 37.48657 ], [ -121.94979, 37.48657 ], [ -121.94977, 37.48651 ], [ -121.94974, 37.48657 ] ], [ [ -121.94971, 37.48649 ], [ -121.94971, 37.48651 ], [ -121.94977, 37.48651 ], [ -121.94971, 37.48649 ] ], [ [ -121.94955, 37.48646 ], [ -121.94958, 37.48646 ], [ -121.94955, 37.48643 ], [ -121.94955, 37.48646 ] ], [ [ -121.94952, 37.48638 ], [ -121.94952, 37.48643 ], [ -121.94955, 37.48643 ], [ -121.94952, 37.48638 ] ], [ [ -121.94947, 37.48632 ], [ -121.9495, 37.48638 ], [ -121.94952, 37.48638 ], [ -121.94947, 37.48632 ] ], [ [ -121.94993, 37.48751 ], [ -121.94998, 37.48751 ], [ -121.94993, 37.48748 ], [ -121.94993, 37.48751 ] ], [ [ -121.94985, 37.48743 ], [ -121.94987, 37.48748 ], [ -121.9499, 37.48743 ], [ -121.94985, 37.48743 ] ], [ [ -121.94982, 37.4874 ], [ -121.94982, 37.48743 ], [ -121.94985, 37.48743 ], [ -121.94982, 37.4874 ] ], [ [ -121.95017, 37.48743 ], [ -121.95014, 37.48735 ], [ -121.95001, 37.4874 ], [ -121.95017, 37.48743 ] ], [ [ -121.94974, 37.48743 ], [ -121.94971, 37.48729 ], [ -121.94947, 37.48729 ], [ -121.94963, 37.48743 ], [ -121.94974, 37.48743 ] ], [ [ -121.94944, 37.48727 ], [ -121.94944, 37.48729 ], [ -121.94947, 37.48729 ], [ -121.94944, 37.48727 ] ] ], [ [ [ -121.98491, 37.48805 ], [ -121.98461, 37.4881 ], [ -121.98437, 37.48832 ], [ -121.98429, 37.48821 ], [ -121.98464, 37.48797 ], [ -121.98431, 37.48746 ], [ -121.98429, 37.48773 ], [ -121.98448, 37.48797 ], [ -121.98402, 37.48797 ], [ -121.9838, 37.48764 ], [ -121.98332, 37.4874 ], [ -121.98332, 37.48705 ], [ -121.9834, 37.48678 ], [ -121.98361, 37.48678 ], [ -121.98364, 37.48667 ], [ -121.98423, 37.48646 ], [ -121.98472, 37.48654 ], [ -121.98493, 37.48646 ], [ -121.98582, 37.4867 ], [ -121.9862, 37.48735 ], [ -121.98572, 37.48727 ], [ -121.98542, 37.48743 ], [ -121.98542, 37.48762 ], [ -121.98504, 37.48748 ], [ -121.9848, 37.48756 ], [ -121.98491, 37.48805 ] ], [ [ -121.98391, 37.48762 ], [ -121.98394, 37.48759 ], [ -121.98391, 37.48759 ], [ -121.98391, 37.48762 ] ], [ [ -121.98361, 37.48721 ], [ -121.98353, 37.48719 ], [ -121.98353, 37.48721 ], [ -121.98361, 37.48721 ] ], [ [ -121.98351, 37.48713 ], [ -121.98351, 37.48719 ], [ -121.98353, 37.48719 ], [ -121.98351, 37.48713 ] ], [ [ -121.98386, 37.48762 ], [ -121.98383, 37.48759 ], [ -121.98383, 37.48762 ], [ -121.98386, 37.48762 ] ], [ [ -121.9838, 37.48756 ], [ -121.9838, 37.48759 ], [ -121.98383, 37.48759 ], [ -121.9838, 37.48756 ] ], [ [ -121.98378, 37.48756 ], [ -121.98383, 37.48746 ], [ -121.98375, 37.4874 ], [ -121.98378, 37.48756 ] ] ], [ [ [ -121.95963, 37.48897 ], [ -121.95949, 37.48913 ], [ -121.95898, 37.48907 ], [ -121.95912, 37.48872 ], [ -121.95925, 37.48894 ], [ -121.95955, 37.48891 ], [ -121.95957, 37.48875 ], [ -121.95931, 37.48856 ], [ -121.95912, 37.4887 ], [ -121.95898, 37.48851 ], [ -121.9592, 37.48843 ], [ -121.95949, 37.48851 ], [ -121.95976, 37.48878 ], [ -121.95987, 37.48862 ], [ -121.96017, 37.48864 ], [ -121.96049, 37.48872 ], [ -121.96049, 37.48886 ], [ -121.9603, 37.48894 ], [ -121.96009, 37.48883 ], [ -121.96003, 37.48899 ], [ -121.95963, 37.48897 ] ] ], [ [ [ -121.97963, 37.4887 ], [ -121.97938, 37.48888 ], [ -121.97933, 37.48853 ], [ -121.97906, 37.48856 ], [ -121.9789, 37.48843 ], [ -121.9786, 37.48864 ], [ -121.97857, 37.48837 ], [ -121.9793, 37.48829 ], [ -121.97941, 37.48845 ], [ -121.97965, 37.48845 ], [ -121.97987, 37.48862 ], [ -121.98027, 37.48862 ], [ -121.98097, 37.4894 ], [ -121.98084, 37.48945 ], [ -121.98035, 37.48891 ], [ -121.97987, 37.4887 ], [ -121.97963, 37.4887 ] ] ], [ [ [ -121.96362, 37.48913 ], [ -121.96356, 37.48894 ], [ -121.96402, 37.48888 ], [ -121.96496, 37.4894 ], [ -121.96456, 37.48942 ], [ -121.96413, 37.48907 ], [ -121.96362, 37.48913 ] ] ], [ [ [ -121.96494, 37.48953 ], [ -121.96496, 37.4894 ], [ -121.96558, 37.48959 ], [ -121.9655, 37.48977 ], [ -121.96499, 37.48956 ], [ -121.96496, 37.4898 ], [ -121.96464, 37.48994 ], [ -121.9644, 37.48985 ], [ -121.9647, 37.48959 ], [ -121.96494, 37.48953 ] ] ], [ [ [ -121.96184, 37.49037 ], [ -121.96216, 37.49061 ], [ -121.96178, 37.49085 ], [ -121.96127, 37.4905 ], [ -121.96065, 37.49042 ], [ -121.96084, 37.49026 ], [ -121.96125, 37.49031 ], [ -121.96135, 37.49023 ], [ -121.96184, 37.49037 ] ], [ [ -121.96176, 37.49045 ], [ -121.96157, 37.49039 ], [ -121.96157, 37.49053 ], [ -121.96165, 37.49056 ], [ -121.96176, 37.49045 ] ] ], [ [ [ -121.96103, 37.49107 ], [ -121.96135, 37.49126 ], [ -121.96125, 37.49177 ], [ -121.96076, 37.49147 ], [ -121.9609, 37.49134 ], [ -121.96065, 37.49144 ], [ -121.96049, 37.49136 ], [ -121.96068, 37.49155 ], [ -121.96003, 37.49158 ], [ -121.95998, 37.49142 ], [ -121.95976, 37.49136 ], [ -121.95995, 37.49131 ], [ -121.95976, 37.49109 ], [ -121.95984, 37.49091 ], [ -121.9596, 37.49126 ], [ -121.95944, 37.49126 ], [ -121.95949, 37.49115 ], [ -121.95928, 37.4912 ], [ -121.95871, 37.49085 ], [ -121.9582, 37.49093 ], [ -121.95815, 37.49107 ], [ -121.9578, 37.49104 ], [ -121.95777, 37.49083 ], [ -121.95766, 37.49085 ], [ -121.95772, 37.49058 ], [ -121.96103, 37.49107 ] ], [ [ -121.9609, 37.49139 ], [ -121.96103, 37.4915 ], [ -121.96125, 37.49158 ], [ -121.961, 37.49139 ], [ -121.9609, 37.49139 ] ], [ [ -121.95944, 37.49088 ], [ -121.95947, 37.49088 ], [ -121.95944, 37.49085 ], [ -121.95944, 37.49088 ] ], [ [ -121.96046, 37.49136 ], [ -121.96046, 37.49134 ], [ -121.96044, 37.49136 ], [ -121.96046, 37.49136 ] ], [ [ -121.96041, 37.49134 ], [ -121.96044, 37.49134 ], [ -121.96041, 37.49131 ], [ -121.96041, 37.49134 ] ], [ [ -121.96006, 37.4915 ], [ -121.96014, 37.4915 ], [ -121.96006, 37.49147 ], [ -121.96006, 37.4915 ] ], [ [ -121.96036, 37.49128 ], [ -121.96036, 37.49126 ], [ -121.9603, 37.49128 ], [ -121.96036, 37.49128 ] ], [ [ -121.96025, 37.4912 ], [ -121.96025, 37.49126 ], [ -121.96028, 37.4912 ], [ -121.96025, 37.4912 ] ], [ [ -121.95933, 37.49093 ], [ -121.95933, 37.49088 ], [ -121.9592, 37.49096 ], [ -121.95933, 37.49093 ] ] ], [ [ [ -121.96232, 37.49169 ], [ -121.96254, 37.49188 ], [ -121.96249, 37.49198 ], [ -121.96267, 37.49198 ], [ -121.963, 37.49225 ], [ -121.96227, 37.4919 ], [ -121.96192, 37.49196 ], [ -121.96187, 37.49188 ], [ -121.96181, 37.49196 ], [ -121.96168, 37.49185 ], [ -121.96143, 37.49188 ], [ -121.96141, 37.49131 ], [ -121.96232, 37.49169 ] ], [ [ -121.96178, 37.4919 ], [ -121.96178, 37.49188 ], [ -121.96176, 37.4919 ], [ -121.96178, 37.4919 ] ] ], [ [ [ -121.98369, 37.49255 ], [ -121.98378, 37.49236 ], [ -121.98359, 37.49204 ], [ -121.98364, 37.49185 ], [ -121.98404, 37.4922 ], [ -121.98431, 37.4922 ], [ -121.98418, 37.49247 ], [ -121.98442, 37.49255 ], [ -121.98437, 37.49279 ], [ -121.98413, 37.4926 ], [ -121.98391, 37.49268 ], [ -121.98369, 37.49255 ] ] ], [ [ [ -121.99067, 37.49446 ], [ -121.99146, 37.49376 ], [ -121.99186, 37.4936 ], [ -121.99181, 37.49374 ], [ -121.99213, 37.49382 ], [ -121.99216, 37.49395 ], [ -121.99197, 37.49411 ], [ -121.99143, 37.49409 ], [ -121.99067, 37.49446 ] ], [ [ -121.99162, 37.49406 ], [ -121.99167, 37.49406 ], [ -121.99162, 37.49401 ], [ -121.99162, 37.49406 ] ] ], [ [ [ -121.9827, 37.49476 ], [ -121.98208, 37.49516 ], [ -121.98189, 37.49516 ], [ -121.98178, 37.49495 ], [ -121.98148, 37.49492 ], [ -121.98173, 37.49538 ], [ -121.98122, 37.49573 ], [ -121.98022, 37.49533 ], [ -121.98011, 37.49508 ], [ -121.98038, 37.49484 ], [ -121.98132, 37.49433 ], [ -121.98148, 37.49411 ], [ -121.98173, 37.49422 ], [ -121.98186, 37.49387 ], [ -121.98227, 37.49368 ], [ -121.98259, 37.49333 ], [ -121.98324, 37.49303 ], [ -121.98388, 37.49298 ], [ -121.98364, 37.49314 ], [ -121.98372, 37.49333 ], [ -121.98402, 37.49333 ], [ -121.98388, 37.4932 ], [ -121.98396, 37.49312 ], [ -121.98456, 37.49312 ], [ -121.98472, 37.4933 ], [ -121.98267, 37.49462 ], [ -121.9827, 37.49476 ] ], [ [ -121.98111, 37.49562 ], [ -121.98119, 37.49562 ], [ -121.98111, 37.49557 ], [ -121.98111, 37.49562 ] ], [ [ -121.98073, 37.49549 ], [ -121.98084, 37.49554 ], [ -121.98073, 37.49546 ], [ -121.98073, 37.49549 ] ], [ [ -121.981, 37.49551 ], [ -121.98105, 37.49549 ], [ -121.981, 37.49546 ], [ -121.981, 37.49551 ] ], [ [ -121.98116, 37.49527 ], [ -121.98119, 37.49527 ], [ -121.98116, 37.49524 ], [ -121.98116, 37.49527 ] ], [ [ -121.98105, 37.49492 ], [ -121.98103, 37.49492 ], [ -121.98105, 37.495 ], [ -121.98105, 37.49492 ] ], [ [ -121.98119, 37.49492 ], [ -121.98122, 37.49492 ], [ -121.98119, 37.49489 ], [ -121.98119, 37.49492 ] ], [ [ -121.98138, 37.49473 ], [ -121.9814, 37.49473 ], [ -121.98138, 37.49471 ], [ -121.98138, 37.49473 ] ], [ [ -121.98095, 37.49473 ], [ -121.981, 37.49473 ], [ -121.98095, 37.49468 ], [ -121.98095, 37.49473 ] ], [ [ -121.98116, 37.49468 ], [ -121.98119, 37.49468 ], [ -121.98116, 37.49462 ], [ -121.98116, 37.49468 ] ], [ [ -121.98108, 37.49468 ], [ -121.98113, 37.49468 ], [ -121.98111, 37.49462 ], [ -121.98108, 37.49468 ] ] ], [ [ [ -121.99221, 37.4981 ], [ -121.99232, 37.49826 ], [ -121.99224, 37.49834 ], [ -121.99197, 37.49813 ], [ -121.98943, 37.49562 ], [ -121.98987, 37.49581 ], [ -121.98997, 37.4956 ], [ -121.98989, 37.49524 ], [ -121.99121, 37.4943 ], [ -121.99181, 37.4943 ], [ -121.99631, 37.49837 ], [ -121.99625, 37.49848 ], [ -121.99555, 37.49869 ], [ -121.99407, 37.49869 ], [ -121.99318, 37.49813 ], [ -121.99235, 37.49805 ], [ -121.9924, 37.49816 ], [ -121.99221, 37.4981 ] ], [ [ -121.99159, 37.495 ], [ -121.99162, 37.495 ], [ -121.99159, 37.49498 ], [ -121.99159, 37.495 ] ], [ [ -121.99237, 37.49595 ], [ -121.9924, 37.49595 ], [ -121.99237, 37.49592 ], [ -121.99237, 37.49595 ] ], [ [ -121.99024, 37.49551 ], [ -121.9903, 37.49551 ], [ -121.99024, 37.49549 ], [ -121.99024, 37.49551 ] ], [ [ -121.99084, 37.49603 ], [ -121.99089, 37.49603 ], [ -121.99084, 37.496 ], [ -121.99084, 37.49603 ] ], [ [ -121.99135, 37.49454 ], [ -121.9914, 37.49452 ], [ -121.99135, 37.49449 ], [ -121.99135, 37.49454 ] ], [ [ -121.99124, 37.49562 ], [ -121.99129, 37.4956 ], [ -121.99124, 37.49557 ], [ -121.99124, 37.49562 ] ], [ [ -121.99156, 37.49584 ], [ -121.99164, 37.49584 ], [ -121.99159, 37.49578 ], [ -121.99156, 37.49584 ] ], [ [ -121.99415, 37.49861 ], [ -121.99404, 37.49859 ], [ -121.99415, 37.49864 ], [ -121.99415, 37.49861 ] ], [ [ -121.99143, 37.49519 ], [ -121.99154, 37.49519 ], [ -121.99167, 37.495 ], [ -121.99159, 37.49503 ], [ -121.99143, 37.49519 ] ], [ [ -121.9907, 37.49586 ], [ -121.99089, 37.49586 ], [ -121.991, 37.4957 ], [ -121.99065, 37.4957 ], [ -121.9907, 37.49586 ] ], [ [ -121.99124, 37.495 ], [ -121.99111, 37.49519 ], [ -121.99129, 37.49524 ], [ -121.99151, 37.49508 ], [ -121.99143, 37.49503 ], [ -121.99167, 37.49484 ], [ -121.99124, 37.495 ] ], [ [ -121.99108, 37.49506 ], [ -121.99154, 37.49479 ], [ -121.99151, 37.49473 ], [ -121.99116, 37.49479 ], [ -121.99108, 37.49506 ] ] ], [ [ [ -121.98911, 37.49576 ], [ -121.98927, 37.49605 ], [ -121.98898, 37.49589 ], [ -121.98857, 37.49597 ], [ -121.98302, 37.49929 ], [ -121.98838, 37.496 ], [ -121.98892, 37.49581 ], [ -121.98892, 37.49568 ], [ -121.98911, 37.49576 ] ], [ [ -121.98895, 37.49584 ], [ -121.98895, 37.49581 ], [ -121.98892, 37.49581 ], [ -121.98895, 37.49584 ] ] ], [ [ [ -121.9548, 37.49853 ], [ -121.95445, 37.49786 ], [ -121.95375, 37.49732 ], [ -121.95375, 37.49702 ], [ -121.95397, 37.49735 ], [ -121.95459, 37.4978 ], [ -121.95494, 37.4984 ], [ -121.95602, 37.49921 ], [ -121.95613, 37.50004 ], [ -121.95739, 37.50101 ], [ -121.95798, 37.50104 ], [ -121.95753, 37.50109 ], [ -121.95734, 37.50101 ], [ -121.95602, 37.49999 ], [ -121.95596, 37.49923 ], [ -121.95483, 37.4984 ], [ -121.95489, 37.49883 ], [ -121.95462, 37.49996 ], [ -121.95383, 37.50147 ], [ -121.95454, 37.50001 ], [ -121.9548, 37.49853 ] ] ], [ [ [ -121.99113, 37.49975 ], [ -121.99111, 37.49937 ], [ -121.99127, 37.49934 ], [ -121.99129, 37.49918 ], [ -121.99116, 37.49929 ], [ -121.99105, 37.49926 ], [ -121.99119, 37.49923 ], [ -121.99111, 37.49907 ], [ -121.99081, 37.49939 ], [ -121.99089, 37.4995 ], [ -121.9903, 37.49961 ], [ -121.99024, 37.49975 ], [ -121.99046, 37.49969 ], [ -121.99051, 37.49985 ], [ -121.98989, 37.49999 ], [ -121.98965, 37.5002 ], [ -121.98954, 37.50012 ], [ -121.98979, 37.49985 ], [ -121.9897, 37.49977 ], [ -121.98938, 37.49983 ], [ -121.98933, 37.49948 ], [ -121.98946, 37.49923 ], [ -121.98935, 37.49915 ], [ -121.99, 37.49848 ], [ -121.98846, 37.49993 ], [ -121.98817, 37.49991 ], [ -121.98849, 37.4998 ], [ -121.99, 37.49826 ], [ -121.98925, 37.49896 ], [ -121.98911, 37.4988 ], [ -121.98879, 37.49907 ], [ -121.98849, 37.49907 ], [ -121.98852, 37.49899 ], [ -121.98849, 37.49899 ], [ -121.98825, 37.49934 ], [ -121.98828, 37.49918 ], [ -121.98809, 37.49915 ], [ -121.98836, 37.49904 ], [ -121.98798, 37.49904 ], [ -121.98828, 37.49883 ], [ -121.98814, 37.49864 ], [ -121.98798, 37.49864 ], [ -121.98811, 37.49883 ], [ -121.98793, 37.49896 ], [ -121.98768, 37.49896 ], [ -121.98771, 37.4991 ], [ -121.98747, 37.49921 ], [ -121.98749, 37.49931 ], [ -121.98739, 37.49929 ], [ -121.98747, 37.49913 ], [ -121.98701, 37.49926 ], [ -121.98671, 37.49886 ], [ -121.9869, 37.49886 ], [ -121.98682, 37.49872 ], [ -121.98712, 37.49875 ], [ -121.98733, 37.49861 ], [ -121.98709, 37.49837 ], [ -121.9872, 37.49802 ], [ -121.98728, 37.49799 ], [ -121.98744, 37.49802 ], [ -121.98739, 37.49794 ], [ -121.98768, 37.49786 ], [ -121.9876, 37.49797 ], [ -121.98779, 37.49797 ], [ -121.98768, 37.49807 ], [ -121.98774, 37.49813 ], [ -121.98801, 37.49797 ], [ -121.9879, 37.49789 ], [ -121.98822, 37.49794 ], [ -121.98825, 37.49772 ], [ -121.98803, 37.49767 ], [ -121.98787, 37.49778 ], [ -121.98782, 37.49775 ], [ -121.98811, 37.49759 ], [ -121.98806, 37.4974 ], [ -121.98817, 37.49754 ], [ -121.9883, 37.49748 ], [ -121.98817, 37.49735 ], [ -121.98825, 37.49724 ], [ -121.98806, 37.49719 ], [ -121.98806, 37.49697 ], [ -121.98833, 37.49675 ], [ -121.9883, 37.49665 ], [ -121.98863, 37.49675 ], [ -121.98868, 37.49667 ], [ -121.98873, 37.49675 ], [ -121.98903, 37.4967 ], [ -121.98908, 37.49683 ], [ -121.98922, 37.49675 ], [ -121.98917, 37.49657 ], [ -121.9893, 37.49646 ], [ -121.98908, 37.49627 ], [ -121.98841, 37.49632 ], [ -121.98863, 37.49616 ], [ -121.98919, 37.49616 ], [ -121.99059, 37.49745 ], [ -121.99057, 37.49759 ], [ -121.99032, 37.49737 ], [ -121.99043, 37.49767 ], [ -121.99057, 37.49775 ], [ -121.99067, 37.49759 ], [ -121.99076, 37.49764 ], [ -121.99057, 37.49794 ], [ -121.99092, 37.49778 ], [ -121.99191, 37.49875 ], [ -121.98995, 37.50233 ], [ -121.98987, 37.50236 ], [ -121.99132, 37.49966 ], [ -121.99127, 37.49958 ], [ -121.99113, 37.49975 ] ], [ [ -121.99003, 37.49845 ], [ -121.99, 37.49845 ], [ -121.99, 37.49848 ], [ -121.99003, 37.49845 ] ], [ [ -121.99008, 37.4984 ], [ -121.99005, 37.4984 ], [ -121.99003, 37.49845 ], [ -121.99008, 37.4984 ] ], [ [ -121.98855, 37.49894 ], [ -121.98852, 37.49894 ], [ -121.98852, 37.49899 ], [ -121.98855, 37.49894 ] ], [ [ -121.98857, 37.49888 ], [ -121.98855, 37.49888 ], [ -121.98855, 37.49894 ], [ -121.98857, 37.49888 ] ], [ [ -121.99102, 37.49902 ], [ -121.99092, 37.49899 ], [ -121.99119, 37.49891 ], [ -121.99116, 37.49872 ], [ -121.99081, 37.49894 ], [ -121.99078, 37.49918 ], [ -121.99094, 37.49921 ], [ -121.99102, 37.49902 ] ], [ [ -121.99132, 37.49894 ], [ -121.99129, 37.49886 ], [ -121.99121, 37.49891 ], [ -121.99132, 37.49894 ] ], [ [ -121.99016, 37.4981 ], [ -121.99, 37.49821 ], [ -121.99016, 37.49816 ], [ -121.99016, 37.4981 ] ], [ [ -121.99035, 37.49791 ], [ -121.99016, 37.49807 ], [ -121.99035, 37.49797 ], [ -121.99035, 37.49791 ] ], [ [ -121.98744, 37.49907 ], [ -121.98744, 37.4991 ], [ -121.98752, 37.49907 ], [ -121.98744, 37.49907 ] ], [ [ -121.98693, 37.49904 ], [ -121.98693, 37.49907 ], [ -121.98696, 37.49904 ], [ -121.98693, 37.49904 ] ], [ [ -121.9872, 37.49824 ], [ -121.9872, 37.49826 ], [ -121.98722, 37.49824 ], [ -121.9872, 37.49824 ] ], [ [ -121.98725, 37.49821 ], [ -121.98722, 37.49821 ], [ -121.98722, 37.49824 ], [ -121.98725, 37.49821 ] ], [ [ -121.9872, 37.49816 ], [ -121.9872, 37.49818 ], [ -121.98722, 37.49816 ], [ -121.9872, 37.49816 ] ], [ [ -121.98739, 37.49805 ], [ -121.98739, 37.49802 ], [ -121.98736, 37.49805 ], [ -121.98739, 37.49805 ] ], [ [ -121.98766, 37.49805 ], [ -121.98766, 37.49799 ], [ -121.98747, 37.49805 ], [ -121.98766, 37.49805 ] ], [ [ -121.98744, 37.49807 ], [ -121.98747, 37.49807 ], [ -121.98747, 37.49805 ], [ -121.98744, 37.49807 ] ], [ [ -121.98731, 37.49818 ], [ -121.98744, 37.49813 ], [ -121.98731, 37.49816 ], [ -121.98731, 37.49818 ] ], [ [ -121.98814, 37.49697 ], [ -121.98814, 37.497 ], [ -121.98817, 37.49697 ], [ -121.98814, 37.49697 ] ], [ [ -121.98833, 37.4967 ], [ -121.98833, 37.49673 ], [ -121.98836, 37.4967 ], [ -121.98833, 37.4967 ] ], [ [ -121.99054, 37.49778 ], [ -121.99054, 37.49775 ], [ -121.99051, 37.49778 ], [ -121.99054, 37.49778 ] ], [ [ -121.98811, 37.49716 ], [ -121.98814, 37.49716 ], [ -121.98811, 37.49713 ], [ -121.98811, 37.49716 ] ], [ [ -121.98771, 37.4988 ], [ -121.98774, 37.4988 ], [ -121.98771, 37.49878 ], [ -121.98771, 37.4988 ] ], [ [ -121.98849, 37.49886 ], [ -121.98852, 37.49886 ], [ -121.98849, 37.49883 ], [ -121.98849, 37.49886 ] ], [ [ -121.98879, 37.49837 ], [ -121.98881, 37.49837 ], [ -121.98879, 37.49834 ], [ -121.98879, 37.49837 ] ], [ [ -121.99151, 37.49921 ], [ -121.99154, 37.49921 ], [ -121.99151, 37.49918 ], [ -121.99151, 37.49921 ] ], [ [ -121.98731, 37.49834 ], [ -121.98733, 37.49834 ], [ -121.98731, 37.49832 ], [ -121.98731, 37.49834 ] ], [ [ -121.98873, 37.49851 ], [ -121.98876, 37.49851 ], [ -121.98873, 37.49848 ], [ -121.98873, 37.49851 ] ], [ [ -121.98752, 37.49859 ], [ -121.98755, 37.49859 ], [ -121.98752, 37.49856 ], [ -121.98752, 37.49859 ] ], [ [ -121.99146, 37.49929 ], [ -121.99148, 37.49929 ], [ -121.99146, 37.49926 ], [ -121.99146, 37.49929 ] ], [ [ -121.98803, 37.49805 ], [ -121.98806, 37.49805 ], [ -121.98803, 37.49802 ], [ -121.98803, 37.49805 ] ], [ [ -121.98852, 37.49681 ], [ -121.98857, 37.49681 ], [ -121.98852, 37.49678 ], [ -121.98852, 37.49681 ] ], [ [ -121.9882, 37.49915 ], [ -121.98825, 37.49915 ], [ -121.9882, 37.49913 ], [ -121.9882, 37.49915 ] ], [ [ -121.98828, 37.49915 ], [ -121.98833, 37.49915 ], [ -121.98828, 37.49913 ], [ -121.98828, 37.49915 ] ], [ [ -121.98855, 37.49856 ], [ -121.9886, 37.49856 ], [ -121.98855, 37.49853 ], [ -121.98855, 37.49856 ] ], [ [ -121.98766, 37.49813 ], [ -121.98763, 37.49813 ], [ -121.98766, 37.49816 ], [ -121.98766, 37.49813 ] ], [ [ -121.98763, 37.49818 ], [ -121.98763, 37.49816 ], [ -121.9876, 37.49818 ], [ -121.98763, 37.49818 ] ], [ [ -121.98838, 37.49899 ], [ -121.98844, 37.49899 ], [ -121.98838, 37.49896 ], [ -121.98838, 37.49899 ] ], [ [ -121.98841, 37.49724 ], [ -121.98846, 37.49724 ], [ -121.98841, 37.49721 ], [ -121.98841, 37.49724 ] ], [ [ -121.99135, 37.49948 ], [ -121.9914, 37.49948 ], [ -121.99135, 37.49945 ], [ -121.99135, 37.49948 ] ], [ [ -121.99138, 37.49942 ], [ -121.99143, 37.49942 ], [ -121.99138, 37.49939 ], [ -121.99138, 37.49942 ] ], [ [ -121.98868, 37.49872 ], [ -121.98865, 37.49872 ], [ -121.98868, 37.49878 ], [ -121.98868, 37.49872 ] ], [ [ -121.98865, 37.4988 ], [ -121.98865, 37.49878 ], [ -121.98863, 37.4988 ], [ -121.98865, 37.4988 ] ], [ [ -121.99132, 37.49956 ], [ -121.99138, 37.49956 ], [ -121.99135, 37.4995 ], [ -121.99132, 37.49956 ] ], [ [ -121.99049, 37.4978 ], [ -121.99046, 37.4978 ], [ -121.99049, 37.49783 ], [ -121.99049, 37.4978 ] ], [ [ -121.99046, 37.49786 ], [ -121.99046, 37.49783 ], [ -121.99043, 37.49786 ], [ -121.99046, 37.49786 ] ], [ [ -121.9904, 37.49789 ], [ -121.99043, 37.49789 ], [ -121.99043, 37.49786 ], [ -121.9904, 37.49789 ] ], [ [ -121.9883, 37.49872 ], [ -121.98836, 37.49869 ], [ -121.9883, 37.49867 ], [ -121.9883, 37.49872 ] ], [ [ -121.99154, 37.49915 ], [ -121.99159, 37.49915 ], [ -121.99156, 37.4991 ], [ -121.99154, 37.49915 ] ], [ [ -121.98938, 37.49657 ], [ -121.98941, 37.49657 ], [ -121.98938, 37.49648 ], [ -121.98938, 37.49657 ] ], [ [ -121.98849, 37.49888 ], [ -121.98844, 37.49888 ], [ -121.98846, 37.49894 ], [ -121.98849, 37.49888 ] ], [ [ -121.98863, 37.49848 ], [ -121.98868, 37.49848 ], [ -121.98863, 37.49842 ], [ -121.98863, 37.49848 ] ], [ [ -121.98938, 37.49953 ], [ -121.98946, 37.4995 ], [ -121.98938, 37.49948 ], [ -121.98938, 37.49953 ] ], [ [ -121.98855, 37.4988 ], [ -121.9886, 37.49875 ], [ -121.98852, 37.49875 ], [ -121.98855, 37.4988 ] ], [ [ -121.98855, 37.49861 ], [ -121.98841, 37.49861 ], [ -121.98849, 37.49869 ], [ -121.98855, 37.49861 ] ], [ [ -121.98836, 37.49716 ], [ -121.98836, 37.49713 ], [ -121.9883, 37.49716 ], [ -121.98836, 37.49716 ] ], [ [ -121.98828, 37.497 ], [ -121.98825, 37.4971 ], [ -121.98833, 37.49702 ], [ -121.98828, 37.497 ] ], [ [ -121.99097, 37.49802 ], [ -121.99111, 37.49813 ], [ -121.99102, 37.49799 ], [ -121.99097, 37.49802 ] ], [ [ -121.98793, 37.49824 ], [ -121.98793, 37.49821 ], [ -121.9879, 37.49824 ], [ -121.98793, 37.49824 ] ], [ [ -121.98776, 37.49824 ], [ -121.98787, 37.49824 ], [ -121.98776, 37.49816 ], [ -121.98776, 37.49824 ] ], [ [ -121.98833, 37.49729 ], [ -121.98846, 37.49735 ], [ -121.98836, 37.49724 ], [ -121.98833, 37.49729 ] ], [ [ -121.98784, 37.49888 ], [ -121.98795, 37.49888 ], [ -121.98793, 37.49872 ], [ -121.98787, 37.49872 ], [ -121.98784, 37.49888 ] ], [ [ -121.98949, 37.49659 ], [ -121.98949, 37.49667 ], [ -121.98981, 37.49686 ], [ -121.98949, 37.49659 ] ], [ [ -121.98952, 37.49921 ], [ -121.98976, 37.49926 ], [ -121.99014, 37.49894 ], [ -121.98952, 37.49921 ] ], [ [ -121.98973, 37.49929 ], [ -121.98973, 37.49926 ], [ -121.9897, 37.49929 ], [ -121.98973, 37.49929 ] ], [ [ -121.99175, 37.49875 ], [ -121.99143, 37.49851 ], [ -121.99132, 37.49867 ], [ -121.99105, 37.49853 ], [ -121.99102, 37.49869 ], [ -121.9914, 37.49872 ], [ -121.99143, 37.49896 ], [ -121.99162, 37.49894 ], [ -121.99159, 37.49902 ], [ -121.99162, 37.49907 ], [ -121.99175, 37.49875 ] ] ], [ [ [ -121.99186, 37.50185 ], [ -121.99191, 37.50179 ], [ -121.99086, 37.50123 ], [ -121.99138, 37.5002 ], [ -121.99183, 37.50028 ], [ -121.99143, 37.50012 ], [ -121.9921, 37.49891 ], [ -121.99237, 37.49875 ], [ -121.99288, 37.49904 ], [ -121.99442, 37.50053 ], [ -121.99456, 37.50072 ], [ -121.99466, 37.50123 ], [ -121.99456, 37.50179 ], [ -121.99345, 37.50311 ], [ -121.9931, 37.50293 ], [ -121.99305, 37.50279 ], [ -121.99323, 37.50271 ], [ -121.99226, 37.50266 ], [ -121.9924, 37.50255 ], [ -121.99305, 37.50263 ], [ -121.99297, 37.50244 ], [ -121.99202, 37.50255 ], [ -121.99173, 37.50228 ], [ -121.99205, 37.5022 ], [ -121.99332, 37.50239 ], [ -121.99232, 37.50206 ], [ -121.99178, 37.50206 ], [ -121.99162, 37.5022 ], [ -121.99102, 37.50163 ], [ -121.99105, 37.50142 ], [ -121.99132, 37.50177 ], [ -121.99167, 37.50174 ], [ -121.99186, 37.50185 ] ], [ [ -121.99334, 37.50241 ], [ -121.99334, 37.50239 ], [ -121.99332, 37.50239 ], [ -121.99334, 37.50241 ] ], [ [ -121.99423, 37.50163 ], [ -121.99423, 37.50166 ], [ -121.99429, 37.50163 ], [ -121.99423, 37.50163 ] ], [ [ -121.99243, 37.50098 ], [ -121.99251, 37.50098 ], [ -121.99243, 37.50093 ], [ -121.99243, 37.50098 ] ], [ [ -121.99453, 37.50085 ], [ -121.99453, 37.5008 ], [ -121.9945, 37.50085 ], [ -121.99453, 37.50085 ] ], [ [ -121.99356, 37.50152 ], [ -121.99367, 37.50152 ], [ -121.99372, 37.50144 ], [ -121.99356, 37.50152 ] ], [ [ -121.99229, 37.5005 ], [ -121.99235, 37.50061 ], [ -121.99243, 37.50061 ], [ -121.99243, 37.50053 ], [ -121.99229, 37.5005 ] ], [ [ -121.99151, 37.50066 ], [ -121.99159, 37.50061 ], [ -121.99151, 37.50055 ], [ -121.99151, 37.50066 ] ], [ [ -121.99221, 37.5019 ], [ -121.99232, 37.50204 ], [ -121.99232, 37.50193 ], [ -121.99221, 37.5019 ] ], [ [ -121.99337, 37.50271 ], [ -121.99345, 37.50263 ], [ -121.99345, 37.50255 ], [ -121.99334, 37.5026 ], [ -121.99337, 37.50271 ] ] ], [ [ [ -121.99073, 37.50169 ], [ -121.99167, 37.50249 ], [ -121.99167, 37.50257 ], [ -121.99032, 37.50241 ], [ -121.99073, 37.50169 ] ] ], [ [ [ -121.99776, 37.50443 ], [ -121.99728, 37.50538 ], [ -121.9972, 37.50543 ], [ -121.99725, 37.50514 ], [ -121.9969, 37.50514 ], [ -121.99717, 37.50492 ], [ -121.99676, 37.50489 ], [ -121.99668, 37.50505 ], [ -121.99695, 37.50524 ], [ -121.99687, 37.50538 ], [ -121.99639, 37.50546 ], [ -121.99582, 37.50514 ], [ -121.99558, 37.50532 ], [ -121.99606, 37.50538 ], [ -121.99615, 37.50554 ], [ -121.99542, 37.50562 ], [ -121.99536, 37.50549 ], [ -121.99515, 37.50551 ], [ -121.99517, 37.50514 ], [ -121.99482, 37.50457 ], [ -121.99528, 37.50446 ], [ -121.99563, 37.50416 ], [ -121.99615, 37.50411 ], [ -121.99633, 37.50395 ], [ -121.99574, 37.50392 ], [ -121.99536, 37.50403 ], [ -121.99509, 37.50416 ], [ -121.99509, 37.50438 ], [ -121.9945, 37.50433 ], [ -121.99477, 37.50465 ], [ -121.99485, 37.505 ], [ -121.99509, 37.50514 ], [ -121.99499, 37.50532 ], [ -121.99423, 37.50462 ], [ -121.99429, 37.50433 ], [ -121.99445, 37.50427 ], [ -121.99434, 37.50392 ], [ -121.99447, 37.50381 ], [ -121.99437, 37.50371 ], [ -121.99445, 37.50357 ], [ -121.99388, 37.50341 ], [ -121.99426, 37.50373 ], [ -121.99426, 37.50387 ], [ -121.99415, 37.50387 ], [ -121.99394, 37.50357 ], [ -121.99383, 37.5036 ], [ -121.99399, 37.50373 ], [ -121.99396, 37.504 ], [ -121.99415, 37.5043 ], [ -121.99415, 37.50446 ], [ -121.99404, 37.50446 ], [ -121.99358, 37.504 ], [ -121.99358, 37.50392 ], [ -121.99385, 37.5039 ], [ -121.9935, 37.50368 ], [ -121.99356, 37.50355 ], [ -121.99369, 37.50357 ], [ -121.99364, 37.50336 ], [ -121.9934, 37.50352 ], [ -121.99466, 37.50171 ], [ -121.99474, 37.50098 ], [ -121.99466, 37.5009 ], [ -121.99464, 37.50074 ], [ -121.99466, 37.50074 ], [ -121.99787, 37.50379 ], [ -121.99795, 37.50398 ], [ -121.99782, 37.50403 ], [ -121.99776, 37.50443 ] ], [ [ -121.99539, 37.50546 ], [ -121.99536, 37.50546 ], [ -121.99536, 37.50549 ], [ -121.99539, 37.50546 ] ], [ [ -121.99555, 37.50546 ], [ -121.99555, 37.50532 ], [ -121.99547, 37.50527 ], [ -121.99539, 37.50546 ], [ -121.99555, 37.50546 ] ], [ [ -121.99429, 37.5046 ], [ -121.99434, 37.50462 ], [ -121.99434, 37.5046 ], [ -121.99429, 37.5046 ] ], [ [ -121.99774, 37.50433 ], [ -121.99776, 37.5043 ], [ -121.99774, 37.5043 ], [ -121.99774, 37.50433 ] ], [ [ -121.99571, 37.50497 ], [ -121.99561, 37.50492 ], [ -121.99558, 37.505 ], [ -121.99571, 37.50497 ] ], [ [ -121.9952, 37.50487 ], [ -121.99528, 37.50497 ], [ -121.99528, 37.50476 ], [ -121.9952, 37.50468 ], [ -121.9952, 37.50487 ] ], [ [ -121.9972, 37.50408 ], [ -121.99695, 37.50416 ], [ -121.99728, 37.50414 ], [ -121.9972, 37.50408 ] ], [ [ -121.99612, 37.5043 ], [ -121.99612, 37.50419 ], [ -121.9959, 37.5043 ], [ -121.99596, 37.50441 ], [ -121.99612, 37.5043 ] ], [ [ -121.99679, 37.50462 ], [ -121.9965, 37.50443 ], [ -121.99625, 37.50446 ], [ -121.99636, 37.5046 ], [ -121.99679, 37.50462 ] ], [ [ -121.99491, 37.50395 ], [ -121.99458, 37.50384 ], [ -121.99464, 37.50408 ], [ -121.99491, 37.50408 ], [ -121.99491, 37.50395 ] ], [ [ -121.99741, 37.50416 ], [ -121.99728, 37.50446 ], [ -121.99687, 37.50441 ], [ -121.99693, 37.5046 ], [ -121.99738, 37.5047 ], [ -121.99747, 37.50438 ], [ -121.99741, 37.50416 ] ], [ [ -121.99685, 37.50438 ], [ -121.99685, 37.50441 ], [ -121.99687, 37.50441 ], [ -121.99685, 37.50438 ] ], [ [ -121.99652, 37.50527 ], [ -121.99666, 37.50511 ], [ -121.9965, 37.50481 ], [ -121.99588, 37.50478 ], [ -121.99588, 37.50489 ], [ -121.99631, 37.50492 ], [ -121.9962, 37.50522 ], [ -121.99652, 37.50527 ] ] ], [ [ [ -121.99835, 37.50484 ], [ -121.99989, 37.50589 ], [ -122.00011, 37.50643 ], [ -121.99989, 37.5064 ], [ -121.99989, 37.50619 ], [ -121.99976, 37.50619 ], [ -121.99968, 37.50635 ], [ -121.99765, 37.50581 ], [ -121.99787, 37.50532 ], [ -121.99835, 37.50484 ] ], [ [ -121.99968, 37.50586 ], [ -121.99976, 37.50589 ], [ -121.99968, 37.50581 ], [ -121.99968, 37.50586 ] ] ] ] } }
]
}
