{
"type": "FeatureCollection",
"name": "low_1ft",
"crs": { "type": "name", "properties": { "name": "urn:ogc:def:crs:OGC:1.3:CRS84" } },
"xy_coordinate_resolution": 1e-05,
"features": [
{ "type": "Feature", "properties": { }, "geometry": { "type": "MultiPolygon", "coordinates": [ [ [ [ -122.22336, 37.71178 ], [ -122.22314, 37.71184 ], [ -122.22287, 37.7123 ], [ -122.2226, 37.71235 ], [ -122.22228, 37.71273 ], [ -122.2219, 37.71273 ], [ -122.2208, 37.71208 ], [ -122.22061, 37.7117 ], [ -122.2208, 37.71159 ], [ -122.22036, 37.7113 ], [ -122.22061, 37.71154 ], [ -122.22047, 37.71165 ], [ -122.2202, 37.71157 ], [ -122.22012, 37.71133 ], [ -122.22023, 37.71119 ], [ -122.21904, 37.7103 ], [ -122.21883, 37.71025 ], [ -122.21907, 37.71052 ], [ -122.21894, 37.71062 ], [ -122.21872, 37.7106 ], [ -122.21807, 37.71 ], [ -122.21807, 37.70984 ], [ -122.21789, 37.70992 ], [ -122.21713, 37.70952 ], [ -122.21643, 37.70893 ], [ -122.21678, 37.70882 ], [ -122.21643, 37.70866 ], [ -122.21678, 37.70809 ], [ -122.21767, 37.70723 ], [ -122.21797, 37.70701 ], [ -122.21824, 37.70699 ], [ -122.22187, 37.7092 ], [ -122.22389, 37.71071 ], [ -122.22403, 37.711 ], [ -122.22336, 37.71178 ] ], [ [ -122.21681, 37.70885 ], [ -122.21678, 37.70885 ], [ -122.21681, 37.70887 ], [ -122.21681, 37.70885 ] ], [ [ -122.22239, 37.71127 ], [ -122.22241, 37.71127 ], [ -122.22239, 37.71124 ], [ -122.22239, 37.71127 ] ], [ [ -122.2171, 37.70909 ], [ -122.21716, 37.70909 ], [ -122.2171, 37.70906 ], [ -122.2171, 37.70909 ] ], [ [ -122.22085, 37.71165 ], [ -122.22088, 37.7117 ], [ -122.2209, 37.71165 ], [ -122.22085, 37.71165 ] ], [ [ -122.22082, 37.71162 ], [ -122.22082, 37.71165 ], [ -122.22085, 37.71165 ], [ -122.22082, 37.71162 ] ], [ [ -122.22195, 37.71224 ], [ -122.22209, 37.71221 ], [ -122.22193, 37.71211 ], [ -122.22195, 37.71224 ] ], [ [ -122.22169, 37.71216 ], [ -122.22177, 37.71227 ], [ -122.22204, 37.71238 ], [ -122.22169, 37.71216 ] ], [ [ -122.22163, 37.71213 ], [ -122.22163, 37.71216 ], [ -122.22169, 37.71216 ], [ -122.22163, 37.71213 ] ], [ [ -122.2216, 37.71211 ], [ -122.2216, 37.71213 ], [ -122.22163, 37.71213 ], [ -122.2216, 37.71211 ] ], [ [ -122.22147, 37.71203 ], [ -122.22155, 37.71211 ], [ -122.22152, 37.71203 ], [ -122.22147, 37.71203 ] ], [ [ -122.22139, 37.71197 ], [ -122.22142, 37.71203 ], [ -122.22144, 37.71197 ], [ -122.22139, 37.71197 ] ], [ [ -122.22136, 37.71195 ], [ -122.22136, 37.71197 ], [ -122.22139, 37.71197 ], [ -122.22136, 37.71195 ] ], [ [ -122.22131, 37.71192 ], [ -122.22131, 37.71195 ], [ -122.22136, 37.71195 ], [ -122.22131, 37.71192 ] ], [ [ -122.22128, 37.71189 ], [ -122.22128, 37.71192 ], [ -122.22131, 37.71192 ], [ -122.22128, 37.71189 ] ], [ [ -122.22112, 37.71197 ], [ -122.2212, 37.71184 ], [ -122.22104, 37.71178 ], [ -122.22117, 37.71186 ], [ -122.22112, 37.71197 ] ], [ [ -122.22101, 37.71176 ], [ -122.22101, 37.71178 ], [ -122.22104, 37.71178 ], [ -122.22101, 37.71176 ] ], [ [ -122.22098, 37.71173 ], [ -122.22098, 37.71176 ], [ -122.22101, 37.71176 ], [ -122.22098, 37.71173 ] ] ], [ [ [ -122.21678, 37.71079 ], [ -122.21683, 37.71057 ], [ -122.21708, 37.71054 ], [ -122.21708, 37.71076 ], [ -122.21678, 37.71079 ] ] ], [ [ [ -122.21425, 37.71116 ], [ -122.21457, 37.7106 ], [ -122.21487, 37.71049 ], [ -122.21503, 37.71092 ], [ -122.21484, 37.71135 ], [ -122.21454, 37.71135 ], [ -122.21462, 37.71157 ], [ -122.21435, 37.71165 ], [ -122.21438, 37.71157 ], [ -122.21409, 37.71154 ], [ -122.21409, 37.71119 ], [ -122.21425, 37.71116 ] ], [ [ -122.21468, 37.71133 ], [ -122.21468, 37.7113 ], [ -122.21465, 37.71133 ], [ -122.21468, 37.71133 ] ], [ [ -122.21452, 37.7113 ], [ -122.21452, 37.71127 ], [ -122.21446, 37.7113 ], [ -122.21452, 37.7113 ] ] ], [ [ [ -122.21565, 37.71154 ], [ -122.21594, 37.71168 ], [ -122.2157, 37.7123 ], [ -122.21613, 37.71195 ], [ -122.21627, 37.71205 ], [ -122.21611, 37.71235 ], [ -122.21592, 37.71235 ], [ -122.21592, 37.71262 ], [ -122.21543, 37.71254 ], [ -122.21489, 37.71216 ], [ -122.21565, 37.71154 ] ], [ [ -122.21584, 37.7123 ], [ -122.21578, 37.7123 ], [ -122.21584, 37.71232 ], [ -122.21584, 37.7123 ] ] ], [ [ [ -122.21341, 37.71219 ], [ -122.21379, 37.71208 ], [ -122.21398, 37.71232 ], [ -122.21422, 37.71211 ], [ -122.21473, 37.71246 ], [ -122.21441, 37.71273 ], [ -122.21398, 37.71259 ], [ -122.21341, 37.71219 ] ], [ [ -122.214, 37.71251 ], [ -122.214, 37.71254 ], [ -122.21403, 37.71251 ], [ -122.214, 37.71251 ] ] ], [ [ [ -122.22441, 37.71133 ], [ -122.2247, 37.7113 ], [ -122.22532, 37.71173 ], [ -122.22513, 37.71208 ], [ -122.22387, 37.7131 ], [ -122.22325, 37.71337 ], [ -122.22268, 37.71335 ], [ -122.22249, 37.71302 ], [ -122.22368, 37.71189 ], [ -122.22441, 37.71133 ] ] ], [ [ [ -122.21435, 37.71672 ], [ -122.21395, 37.71717 ], [ -122.21409, 37.71739 ], [ -122.21514, 37.71701 ], [ -122.21565, 37.71631 ], [ -122.21605, 37.71639 ], [ -122.21624, 37.71663 ], [ -122.21689, 37.7162 ], [ -122.21702, 37.7158 ], [ -122.21681, 37.71577 ], [ -122.21678, 37.71539 ], [ -122.21648, 37.71529 ], [ -122.21608, 37.71472 ], [ -122.2157, 37.71445 ], [ -122.21573, 37.71426 ], [ -122.21546, 37.71424 ], [ -122.21546, 37.71394 ], [ -122.21581, 37.71383 ], [ -122.21592, 37.71413 ], [ -122.2163, 37.71413 ], [ -122.2164, 37.71442 ], [ -122.21697, 37.71467 ], [ -122.21673, 37.71418 ], [ -122.2164, 37.71413 ], [ -122.21627, 37.7138 ], [ -122.216, 37.7137 ], [ -122.21592, 37.71348 ], [ -122.21562, 37.7134 ], [ -122.21562, 37.71321 ], [ -122.21594, 37.7131 ], [ -122.21613, 37.71327 ], [ -122.21643, 37.71324 ], [ -122.21654, 37.71292 ], [ -122.21616, 37.71292 ], [ -122.21603, 37.71259 ], [ -122.21638, 37.71262 ], [ -122.21662, 37.71283 ], [ -122.21681, 37.71278 ], [ -122.21697, 37.71289 ], [ -122.21705, 37.71273 ], [ -122.21689, 37.71257 ], [ -122.21665, 37.7127 ], [ -122.21651, 37.71246 ], [ -122.21673, 37.71238 ], [ -122.21689, 37.71251 ], [ -122.21705, 37.7124 ], [ -122.217, 37.71211 ], [ -122.21675, 37.71203 ], [ -122.2167, 37.71184 ], [ -122.21635, 37.71178 ], [ -122.2163, 37.71165 ], [ -122.21665, 37.71151 ], [ -122.21665, 37.71119 ], [ -122.21638, 37.71127 ], [ -122.2164, 37.71108 ], [ -122.21659, 37.711 ], [ -122.21667, 37.71111 ], [ -122.21694, 37.71108 ], [ -122.21716, 37.71071 ], [ -122.21778, 37.71089 ], [ -122.21791, 37.71108 ], [ -122.21834, 37.71114 ], [ -122.21848, 37.71141 ], [ -122.21877, 37.71154 ], [ -122.21859, 37.71186 ], [ -122.21837, 37.71192 ], [ -122.21821, 37.71227 ], [ -122.21799, 37.71227 ], [ -122.21813, 37.71248 ], [ -122.21851, 37.7123 ], [ -122.21904, 37.71162 ], [ -122.21912, 37.71176 ], [ -122.22053, 37.71213 ], [ -122.2216, 37.71289 ], [ -122.22171, 37.71318 ], [ -122.22128, 37.71359 ], [ -122.22023, 37.71421 ], [ -122.21904, 37.71518 ], [ -122.21837, 37.71556 ], [ -122.21799, 37.71564 ], [ -122.21759, 37.71615 ], [ -122.21473, 37.71806 ], [ -122.21444, 37.71812 ], [ -122.2139, 37.71785 ], [ -122.21387, 37.71796 ], [ -122.21411, 37.71812 ], [ -122.21411, 37.71847 ], [ -122.21403, 37.71855 ], [ -122.21384, 37.71849 ], [ -122.21258, 37.71944 ], [ -122.21142, 37.71866 ], [ -122.21134, 37.71841 ], [ -122.21161, 37.71822 ], [ -122.21188, 37.71777 ], [ -122.21166, 37.71769 ], [ -122.21166, 37.7175 ], [ -122.21099, 37.71723 ], [ -122.21072, 37.71693 ], [ -122.21201, 37.7165 ], [ -122.21131, 37.71666 ], [ -122.21206, 37.71634 ], [ -122.21212, 37.71618 ], [ -122.21228, 37.71623 ], [ -122.21328, 37.71585 ], [ -122.21263, 37.7162 ], [ -122.2136, 37.7158 ], [ -122.2143, 37.71518 ], [ -122.21452, 37.71515 ], [ -122.21543, 37.71604 ], [ -122.21562, 37.7161 ], [ -122.21522, 37.71642 ], [ -122.21473, 37.71647 ], [ -122.21435, 37.71672 ] ], [ [ -122.217, 37.71469 ], [ -122.217, 37.71467 ], [ -122.21697, 37.71467 ], [ -122.217, 37.71469 ] ], [ [ -122.2126, 37.7162 ], [ -122.2126, 37.71623 ], [ -122.21263, 37.71623 ], [ -122.21263, 37.7162 ], [ -122.2126, 37.7162 ] ], [ [ -122.21737, 37.71111 ], [ -122.21716, 37.71119 ], [ -122.21716, 37.7113 ], [ -122.21737, 37.71133 ], [ -122.21745, 37.71154 ], [ -122.21708, 37.7117 ], [ -122.21697, 37.71154 ], [ -122.21673, 37.71151 ], [ -122.21673, 37.71184 ], [ -122.21692, 37.71173 ], [ -122.21713, 37.71186 ], [ -122.2171, 37.71197 ], [ -122.21748, 37.71197 ], [ -122.2174, 37.7117 ], [ -122.21767, 37.71141 ], [ -122.21737, 37.71124 ], [ -122.21737, 37.71111 ] ], [ [ -122.2129, 37.71919 ], [ -122.2129, 37.71917 ], [ -122.21287, 37.71919 ], [ -122.2129, 37.71919 ] ], [ [ -122.21201, 37.71645 ], [ -122.21201, 37.71647 ], [ -122.21206, 37.71645 ], [ -122.21201, 37.71645 ] ], [ [ -122.21206, 37.71642 ], [ -122.21225, 37.71655 ], [ -122.21247, 37.7165 ], [ -122.21236, 37.71631 ], [ -122.21206, 37.71642 ] ], [ [ -122.21247, 37.71628 ], [ -122.2125, 37.71628 ], [ -122.21247, 37.71626 ], [ -122.21247, 37.71628 ] ], [ [ -122.21425, 37.71766 ], [ -122.21427, 37.71766 ], [ -122.21425, 37.71763 ], [ -122.21425, 37.71766 ] ], [ [ -122.21805, 37.71254 ], [ -122.21807, 37.71254 ], [ -122.21805, 37.71251 ], [ -122.21805, 37.71254 ] ], [ [ -122.21252, 37.71626 ], [ -122.21258, 37.71626 ], [ -122.21252, 37.71623 ], [ -122.21252, 37.71626 ] ], [ [ -122.21239, 37.71631 ], [ -122.21244, 37.71631 ], [ -122.21239, 37.71628 ], [ -122.21239, 37.71631 ] ], [ [ -122.21433, 37.71785 ], [ -122.21433, 37.71782 ], [ -122.21422, 37.71779 ], [ -122.21433, 37.71785 ] ], [ [ -122.21673, 37.71345 ], [ -122.2167, 37.71335 ], [ -122.21667, 37.71345 ], [ -122.21673, 37.71345 ] ], [ [ -122.214, 37.71612 ], [ -122.21414, 37.71604 ], [ -122.21406, 37.71596 ], [ -122.214, 37.71612 ] ], [ [ -122.21395, 37.71604 ], [ -122.21398, 37.71604 ], [ -122.21395, 37.71601 ], [ -122.21395, 37.71604 ] ], [ [ -122.21805, 37.71181 ], [ -122.21824, 37.71184 ], [ -122.21818, 37.71173 ], [ -122.21805, 37.71181 ] ], [ [ -122.21786, 37.71348 ], [ -122.2178, 37.71332 ], [ -122.21764, 37.71329 ], [ -122.21762, 37.71348 ], [ -122.21786, 37.71348 ] ], [ [ -122.217, 37.71375 ], [ -122.21702, 37.71402 ], [ -122.21729, 37.71378 ], [ -122.217, 37.71375 ] ], [ [ -122.2129, 37.7186 ], [ -122.21301, 37.71839 ], [ -122.21285, 37.71833 ], [ -122.21282, 37.7186 ], [ -122.21255, 37.71863 ], [ -122.21215, 37.71911 ], [ -122.21239, 37.71922 ], [ -122.21285, 37.71887 ], [ -122.21325, 37.71879 ], [ -122.21357, 37.71849 ], [ -122.2132, 37.71863 ], [ -122.2129, 37.7186 ] ] ], [ [ [ -122.21462, 37.71491 ], [ -122.21471, 37.71499 ], [ -122.21519, 37.71491 ], [ -122.21538, 37.71521 ], [ -122.21627, 37.71577 ], [ -122.21648, 37.71607 ], [ -122.21638, 37.71645 ], [ -122.21621, 37.7165 ], [ -122.2146, 37.71502 ], [ -122.21462, 37.71491 ] ] ], [ [ [ -122.21015, 37.71645 ], [ -122.2101, 37.71634 ], [ -122.21055, 37.71591 ], [ -122.21166, 37.71612 ], [ -122.2112, 37.71642 ], [ -122.21069, 37.71655 ], [ -122.20929, 37.71658 ], [ -122.2087, 37.71637 ], [ -122.20923, 37.71628 ], [ -122.2094, 37.71645 ], [ -122.21015, 37.71645 ] ] ], [ [ [ -122.21632, 37.71774 ], [ -122.216, 37.71806 ], [ -122.21675, 37.7186 ], [ -122.21638, 37.71876 ], [ -122.216, 37.71868 ], [ -122.21589, 37.71839 ], [ -122.21597, 37.71777 ], [ -122.21621, 37.71766 ], [ -122.21632, 37.71774 ] ] ], [ [ [ -122.22144, 37.71779 ], [ -122.2222, 37.71812 ], [ -122.2219, 37.71847 ], [ -122.22195, 37.7182 ], [ -122.22144, 37.71779 ] ] ], [ [ [ -122.21209, 37.71971 ], [ -122.21026, 37.7203 ], [ -122.2101, 37.72025 ], [ -122.21117, 37.71981 ], [ -122.21053, 37.7199 ], [ -122.20983, 37.72016 ], [ -122.20932, 37.72014 ], [ -122.20872, 37.72035 ], [ -122.20805, 37.71976 ], [ -122.20754, 37.71955 ], [ -122.20651, 37.71857 ], [ -122.20616, 37.71857 ], [ -122.20605, 37.71833 ], [ -122.20573, 37.71812 ], [ -122.2056, 37.71771 ], [ -122.20587, 37.71779 ], [ -122.2067, 37.71747 ], [ -122.20711, 37.7175 ], [ -122.20735, 37.71777 ], [ -122.20735, 37.71825 ], [ -122.20896, 37.71965 ], [ -122.20945, 37.71971 ], [ -122.20961, 37.71938 ], [ -122.21055, 37.71919 ], [ -122.21096, 37.71941 ], [ -122.21112, 37.71944 ], [ -122.21107, 37.71933 ], [ -122.21112, 37.71933 ], [ -122.21134, 37.71963 ], [ -122.21193, 37.71949 ], [ -122.21209, 37.71971 ] ], [ [ -122.20589, 37.7182 ], [ -122.20592, 37.7182 ], [ -122.20589, 37.71817 ], [ -122.20589, 37.7182 ] ], [ [ -122.20729, 37.71836 ], [ -122.20732, 37.71836 ], [ -122.20729, 37.71833 ], [ -122.20729, 37.71836 ] ], [ [ -122.207, 37.71825 ], [ -122.20702, 37.71825 ], [ -122.207, 37.71822 ], [ -122.207, 37.71825 ] ], [ [ -122.20915, 37.72008 ], [ -122.20932, 37.72006 ], [ -122.20921, 37.72003 ], [ -122.20915, 37.72008 ] ], [ [ -122.20913, 37.72011 ], [ -122.20915, 37.72011 ], [ -122.20915, 37.72008 ], [ -122.20913, 37.72011 ] ] ], [ [ [ -122.21384, 37.7193 ], [ -122.2143, 37.71909 ], [ -122.21516, 37.71833 ], [ -122.21538, 37.71847 ], [ -122.21535, 37.71884 ], [ -122.21403, 37.71979 ], [ -122.21355, 37.71987 ], [ -122.21336, 37.71976 ], [ -122.21347, 37.71963 ], [ -122.21406, 37.7196 ], [ -122.21422, 37.71936 ], [ -122.21387, 37.71949 ], [ -122.21384, 37.7193 ] ], [ [ -122.21481, 37.71914 ], [ -122.21481, 37.71911 ], [ -122.21479, 37.71914 ], [ -122.21481, 37.71914 ] ], [ [ -122.21465, 37.71911 ], [ -122.21465, 37.71909 ], [ -122.2146, 37.71911 ], [ -122.21465, 37.71911 ] ] ], [ [ [ -122.21988, 37.72014 ], [ -122.2195, 37.71987 ], [ -122.21923, 37.71992 ], [ -122.21923, 37.71957 ], [ -122.21902, 37.71944 ], [ -122.21988, 37.7186 ], [ -122.2202, 37.71806 ], [ -122.22055, 37.71814 ], [ -122.22107, 37.71796 ], [ -122.22133, 37.71809 ], [ -122.22147, 37.71836 ], [ -122.2212, 37.71871 ], [ -122.22142, 37.71874 ], [ -122.22182, 37.71849 ], [ -122.22133, 37.71898 ], [ -122.22169, 37.71876 ], [ -122.22163, 37.71903 ], [ -122.22155, 37.71898 ], [ -122.22131, 37.71917 ], [ -122.22115, 37.71906 ], [ -122.21977, 37.72043 ], [ -122.21988, 37.72014 ] ], [ [ -122.22042, 37.71971 ], [ -122.22042, 37.71965 ], [ -122.22036, 37.71971 ], [ -122.22042, 37.71971 ] ] ], [ [ [ -122.23626, 37.73421 ], [ -122.23608, 37.73453 ], [ -122.2367, 37.7348 ], [ -122.23718, 37.73421 ], [ -122.23715, 37.73437 ], [ -122.23734, 37.73421 ], [ -122.23691, 37.73491 ], [ -122.23745, 37.73507 ], [ -122.23769, 37.7348 ], [ -122.23772, 37.73488 ], [ -122.23785, 37.7348 ], [ -122.23767, 37.73512 ], [ -122.23812, 37.73526 ], [ -122.23777, 37.73523 ], [ -122.23759, 37.73509 ], [ -122.23737, 37.7352 ], [ -122.23864, 37.73555 ], [ -122.23858, 37.73574 ], [ -122.23874, 37.73598 ], [ -122.23847, 37.73817 ], [ -122.23767, 37.74154 ], [ -122.23775, 37.74264 ], [ -122.2368, 37.74507 ], [ -122.23699, 37.7449 ], [ -122.23742, 37.74404 ], [ -122.23761, 37.74329 ], [ -122.23775, 37.74321 ], [ -122.23791, 37.74234 ], [ -122.23775, 37.74175 ], [ -122.23794, 37.74078 ], [ -122.23812, 37.74043 ], [ -122.23818, 37.74065 ], [ -122.23785, 37.74151 ], [ -122.23796, 37.74159 ], [ -122.23794, 37.74315 ], [ -122.23732, 37.74428 ], [ -122.23705, 37.74528 ], [ -122.23678, 37.74555 ], [ -122.2367, 37.74523 ], [ -122.23643, 37.74582 ], [ -122.23643, 37.7459 ], [ -122.23662, 37.74582 ], [ -122.23645, 37.74606 ], [ -122.23707, 37.74771 ], [ -122.23697, 37.74784 ], [ -122.2364, 37.74658 ], [ -122.23605, 37.74641 ], [ -122.23543, 37.74663 ], [ -122.23489, 37.74655 ], [ -122.23497, 37.74647 ], [ -122.23476, 37.74641 ], [ -122.23481, 37.74625 ], [ -122.23454, 37.74609 ], [ -122.23454, 37.74585 ], [ -122.23478, 37.74561 ], [ -122.23516, 37.74555 ], [ -122.23548, 37.7452 ], [ -122.23581, 37.74512 ], [ -122.23583, 37.74499 ], [ -122.23551, 37.74504 ], [ -122.23573, 37.74485 ], [ -122.23556, 37.74477 ], [ -122.23594, 37.74455 ], [ -122.23578, 37.74437 ], [ -122.236, 37.74442 ], [ -122.23624, 37.74426 ], [ -122.23621, 37.74418 ], [ -122.23602, 37.74426 ], [ -122.23602, 37.7441 ], [ -122.23624, 37.74415 ], [ -122.2367, 37.74366 ], [ -122.23645, 37.74372 ], [ -122.23648, 37.74358 ], [ -122.23635, 37.74358 ], [ -122.23629, 37.74342 ], [ -122.23626, 37.74318 ], [ -122.23662, 37.74315 ], [ -122.23664, 37.74291 ], [ -122.23635, 37.74251 ], [ -122.23621, 37.74189 ], [ -122.23632, 37.74181 ], [ -122.23629, 37.74194 ], [ -122.23651, 37.7421 ], [ -122.23651, 37.74186 ], [ -122.23667, 37.74183 ], [ -122.23683, 37.74151 ], [ -122.23678, 37.74127 ], [ -122.23691, 37.741 ], [ -122.23672, 37.74108 ], [ -122.23659, 37.74143 ], [ -122.23629, 37.74159 ], [ -122.23626, 37.74175 ], [ -122.2361, 37.74159 ], [ -122.23578, 37.74167 ], [ -122.23586, 37.74194 ], [ -122.23605, 37.74191 ], [ -122.23621, 37.74226 ], [ -122.23608, 37.74221 ], [ -122.23594, 37.74248 ], [ -122.23602, 37.74286 ], [ -122.23583, 37.74337 ], [ -122.23594, 37.7435 ], [ -122.23608, 37.7431 ], [ -122.23621, 37.7435 ], [ -122.23602, 37.74361 ], [ -122.23583, 37.7442 ], [ -122.23559, 37.74431 ], [ -122.23578, 37.74402 ], [ -122.23567, 37.74393 ], [ -122.23546, 37.7441 ], [ -122.23535, 37.74442 ], [ -122.23497, 37.74455 ], [ -122.23457, 37.74455 ], [ -122.2347, 37.74447 ], [ -122.23462, 37.74442 ], [ -122.23435, 37.74445 ], [ -122.23419, 37.74453 ], [ -122.23414, 37.74485 ], [ -122.23379, 37.74466 ], [ -122.23368, 37.74472 ], [ -122.23365, 37.74447 ], [ -122.23314, 37.74466 ], [ -122.23365, 37.74469 ], [ -122.23379, 37.74485 ], [ -122.23368, 37.74512 ], [ -122.23311, 37.74528 ], [ -122.23306, 37.74552 ], [ -122.23349, 37.74525 ], [ -122.23467, 37.74523 ], [ -122.23457, 37.74566 ], [ -122.23427, 37.7459 ], [ -122.23373, 37.74555 ], [ -122.2336, 37.74531 ], [ -122.23325, 37.74544 ], [ -122.23308, 37.74569 ], [ -122.23335, 37.74585 ], [ -122.2333, 37.74561 ], [ -122.23344, 37.74558 ], [ -122.23349, 37.74574 ], [ -122.23373, 37.74566 ], [ -122.234, 37.74601 ], [ -122.23443, 37.74617 ], [ -122.2343, 37.74628 ], [ -122.23373, 37.74614 ], [ -122.23346, 37.74617 ], [ -122.23346, 37.74628 ], [ -122.2336, 37.74628 ], [ -122.23365, 37.74633 ], [ -122.23325, 37.74628 ], [ -122.233, 37.7462 ], [ -122.23319, 37.74617 ], [ -122.23308, 37.74601 ], [ -122.23287, 37.74614 ], [ -122.23255, 37.74614 ], [ -122.2291, 37.74539 ], [ -122.22915, 37.74531 ], [ -122.22888, 37.7452 ], [ -122.22888, 37.74482 ], [ -122.22918, 37.74464 ], [ -122.22934, 37.74469 ], [ -122.22945, 37.74437 ], [ -122.22934, 37.7442 ], [ -122.22904, 37.74418 ], [ -122.22902, 37.74313 ], [ -122.22875, 37.74283 ], [ -122.22837, 37.74267 ], [ -122.22799, 37.74275 ], [ -122.22786, 37.74261 ], [ -122.22778, 37.74272 ], [ -122.22761, 37.74251 ], [ -122.22759, 37.74267 ], [ -122.22745, 37.74261 ], [ -122.22734, 37.74237 ], [ -122.22743, 37.7421 ], [ -122.22691, 37.74137 ], [ -122.22675, 37.74286 ], [ -122.22667, 37.74272 ], [ -122.22656, 37.74283 ], [ -122.22581, 37.7428 ], [ -122.22516, 37.74264 ], [ -122.22422, 37.74261 ], [ -122.22373, 37.74272 ], [ -122.22271, 37.74321 ], [ -122.22306, 37.74364 ], [ -122.22292, 37.74366 ], [ -122.22271, 37.74348 ], [ -122.22236, 37.74364 ], [ -122.22255, 37.74404 ], [ -122.22371, 37.74542 ], [ -122.22255, 37.74547 ], [ -122.22163, 37.74536 ], [ -122.22034, 37.74488 ], [ -122.21926, 37.74402 ], [ -122.2164, 37.74043 ], [ -122.21713, 37.74119 ], [ -122.21759, 37.74108 ], [ -122.21764, 37.74094 ], [ -122.21783, 37.74108 ], [ -122.21775, 37.74092 ], [ -122.21807, 37.74108 ], [ -122.2184, 37.74089 ], [ -122.21805, 37.74121 ], [ -122.2184, 37.74148 ], [ -122.21937, 37.741 ], [ -122.21969, 37.74105 ], [ -122.21966, 37.74094 ], [ -122.21915, 37.74038 ], [ -122.21904, 37.74046 ], [ -122.21921, 37.74065 ], [ -122.21931, 37.74057 ], [ -122.21945, 37.74081 ], [ -122.21926, 37.7407 ], [ -122.21851, 37.74102 ], [ -122.21848, 37.74092 ], [ -122.21896, 37.74073 ], [ -122.21861, 37.74013 ], [ -122.21799, 37.74043 ], [ -122.2178, 37.7404 ], [ -122.21802, 37.74057 ], [ -122.21786, 37.74067 ], [ -122.21772, 37.74035 ], [ -122.21837, 37.73995 ], [ -122.21829, 37.73962 ], [ -122.21805, 37.73965 ], [ -122.21815, 37.73946 ], [ -122.2174, 37.73946 ], [ -122.21762, 37.73922 ], [ -122.21756, 37.739 ], [ -122.21692, 37.73892 ], [ -122.2167, 37.739 ], [ -122.21675, 37.73892 ], [ -122.21665, 37.73892 ], [ -122.21635, 37.73903 ], [ -122.21705, 37.73868 ], [ -122.21732, 37.73838 ], [ -122.21751, 37.73852 ], [ -122.21735, 37.73825 ], [ -122.21743, 37.73814 ], [ -122.21613, 37.73663 ], [ -122.21584, 37.73663 ], [ -122.21565, 37.73636 ], [ -122.21551, 37.73647 ], [ -122.21514, 37.73609 ], [ -122.21492, 37.73563 ], [ -122.21465, 37.73571 ], [ -122.21476, 37.73555 ], [ -122.21462, 37.73545 ], [ -122.21481, 37.7352 ], [ -122.21476, 37.73507 ], [ -122.21454, 37.73507 ], [ -122.21465, 37.73485 ], [ -122.21449, 37.73464 ], [ -122.2143, 37.73461 ], [ -122.21433, 37.7345 ], [ -122.21379, 37.73456 ], [ -122.2136, 37.73434 ], [ -122.21376, 37.73391 ], [ -122.21357, 37.73391 ], [ -122.21363, 37.73369 ], [ -122.21333, 37.73361 ], [ -122.21336, 37.73342 ], [ -122.21317, 37.7334 ], [ -122.2132, 37.73318 ], [ -122.21285, 37.7324 ], [ -122.21163, 37.73159 ], [ -122.21131, 37.73165 ], [ -122.21142, 37.73148 ], [ -122.21112, 37.73127 ], [ -122.21091, 37.73132 ], [ -122.21085, 37.73154 ], [ -122.20996, 37.73081 ], [ -122.20991, 37.73062 ], [ -122.20972, 37.73065 ], [ -122.20886, 37.73014 ], [ -122.20878, 37.72997 ], [ -122.20853, 37.72997 ], [ -122.20802, 37.72971 ], [ -122.20789, 37.72935 ], [ -122.20754, 37.72938 ], [ -122.20716, 37.72922 ], [ -122.20212, 37.72639 ], [ -122.20228, 37.72596 ], [ -122.20215, 37.72588 ], [ -122.20225, 37.72542 ], [ -122.20199, 37.72531 ], [ -122.20196, 37.72545 ], [ -122.2018, 37.72531 ], [ -122.2018, 37.72483 ], [ -122.20155, 37.7245 ], [ -122.20134, 37.72364 ], [ -122.20177, 37.72318 ], [ -122.20204, 37.72316 ], [ -122.20212, 37.72229 ], [ -122.20185, 37.72221 ], [ -122.20131, 37.72308 ], [ -122.20128, 37.72297 ], [ -122.20174, 37.72194 ], [ -122.20163, 37.72173 ], [ -122.20209, 37.7214 ], [ -122.20209, 37.72119 ], [ -122.20166, 37.72114 ], [ -122.20209, 37.72049 ], [ -122.20266, 37.72014 ], [ -122.2032, 37.72006 ], [ -122.20336, 37.72016 ], [ -122.20328, 37.72003 ], [ -122.20401, 37.71998 ], [ -122.20498, 37.72006 ], [ -122.20543, 37.72022 ], [ -122.20535, 37.72041 ], [ -122.20546, 37.72065 ], [ -122.20522, 37.72095 ], [ -122.20543, 37.72105 ], [ -122.20573, 37.72087 ], [ -122.20573, 37.72068 ], [ -122.20673, 37.72057 ], [ -122.20627, 37.72041 ], [ -122.20735, 37.72022 ], [ -122.2074, 37.72011 ], [ -122.20697, 37.71976 ], [ -122.20711, 37.71976 ], [ -122.20716, 37.7196 ], [ -122.20896, 37.7207 ], [ -122.21026, 37.72119 ], [ -122.21171, 37.72149 ], [ -122.21161, 37.72132 ], [ -122.21177, 37.72114 ], [ -122.21274, 37.72049 ], [ -122.21392, 37.72062 ], [ -122.21433, 37.72052 ], [ -122.21425, 37.72038 ], [ -122.21441, 37.72022 ], [ -122.21581, 37.7203 ], [ -122.21551, 37.71987 ], [ -122.2157, 37.7196 ], [ -122.21592, 37.7196 ], [ -122.21592, 37.71941 ], [ -122.21619, 37.71933 ], [ -122.21621, 37.71971 ], [ -122.21643, 37.71998 ], [ -122.21724, 37.72019 ], [ -122.2177, 37.72019 ], [ -122.21799, 37.71992 ], [ -122.21826, 37.72 ], [ -122.21834, 37.72016 ], [ -122.21861, 37.72016 ], [ -122.21896, 37.72046 ], [ -122.21894, 37.72124 ], [ -122.21789, 37.72146 ], [ -122.21778, 37.72184 ], [ -122.21791, 37.72213 ], [ -122.21767, 37.72267 ], [ -122.21743, 37.72286 ], [ -122.21721, 37.72294 ], [ -122.21708, 37.72294 ], [ -122.21519, 37.72224 ], [ -122.21457, 37.72211 ], [ -122.21438, 37.72211 ], [ -122.21449, 37.72221 ], [ -122.21374, 37.72208 ], [ -122.21357, 37.72211 ], [ -122.21457, 37.72235 ], [ -122.21441, 37.7224 ], [ -122.21689, 37.72321 ], [ -122.21702, 37.72313 ], [ -122.21735, 37.72321 ], [ -122.21767, 37.72273 ], [ -122.21904, 37.72143 ], [ -122.21985, 37.72089 ], [ -122.22007, 37.72054 ], [ -122.22077, 37.71992 ], [ -122.22077, 37.71976 ], [ -122.22058, 37.71987 ], [ -122.22053, 37.71984 ], [ -122.22082, 37.71957 ], [ -122.22082, 37.71971 ], [ -122.22093, 37.71965 ], [ -122.22112, 37.71981 ], [ -122.22195, 37.71963 ], [ -122.22214, 37.71941 ], [ -122.22217, 37.71884 ], [ -122.22206, 37.71871 ], [ -122.22222, 37.71836 ], [ -122.22209, 37.71836 ], [ -122.22255, 37.71793 ], [ -122.22257, 37.71804 ], [ -122.22276, 37.71798 ], [ -122.22295, 37.71771 ], [ -122.22244, 37.71785 ], [ -122.22158, 37.71723 ], [ -122.22061, 37.71717 ], [ -122.22055, 37.71685 ], [ -122.22034, 37.71677 ], [ -122.22039, 37.71669 ], [ -122.2202, 37.71669 ], [ -122.22001, 37.71642 ], [ -122.21931, 37.7165 ], [ -122.21923, 37.7168 ], [ -122.21899, 37.71682 ], [ -122.21907, 37.71655 ], [ -122.21896, 37.7165 ], [ -122.21829, 37.71669 ], [ -122.21815, 37.71696 ], [ -122.21794, 37.71696 ], [ -122.2177, 37.71717 ], [ -122.21745, 37.71715 ], [ -122.21743, 37.71736 ], [ -122.21694, 37.71725 ], [ -122.21697, 37.71707 ], [ -122.21756, 37.71669 ], [ -122.21762, 37.71653 ], [ -122.22104, 37.71405 ], [ -122.22185, 37.71362 ], [ -122.22287, 37.71367 ], [ -122.22346, 37.71354 ], [ -122.22389, 37.7131 ], [ -122.22516, 37.71232 ], [ -122.22578, 37.71208 ], [ -122.23001, 37.71451 ], [ -122.22621, 37.71165 ], [ -122.22648, 37.71095 ], [ -122.22635, 37.71044 ], [ -122.22632, 37.71116 ], [ -122.22616, 37.71138 ], [ -122.22589, 37.71146 ], [ -122.21983, 37.70755 ], [ -122.21851, 37.70656 ], [ -122.21851, 37.70631 ], [ -122.21869, 37.70621 ], [ -122.21821, 37.70637 ], [ -122.21427, 37.70391 ], [ -122.21363, 37.70246 ], [ -122.21387, 37.70227 ], [ -122.21406, 37.70187 ], [ -122.21365, 37.70203 ], [ -122.2133, 37.70243 ], [ -122.21276, 37.70267 ], [ -122.21344, 37.70429 ], [ -122.2139, 37.70432 ], [ -122.2143, 37.70413 ], [ -122.2177, 37.70669 ], [ -122.2174, 37.7072 ], [ -122.21594, 37.70847 ], [ -122.21578, 37.70877 ], [ -122.21541, 37.70885 ], [ -122.21565, 37.70909 ], [ -122.21549, 37.70928 ], [ -122.21608, 37.70914 ], [ -122.21621, 37.7093 ], [ -122.21692, 37.70957 ], [ -122.2178, 37.71019 ], [ -122.21829, 37.71073 ], [ -122.2181, 37.71092 ], [ -122.21753, 37.71076 ], [ -122.21702, 37.71038 ], [ -122.21673, 37.71036 ], [ -122.21592, 37.70982 ], [ -122.21573, 37.70982 ], [ -122.21586, 37.71022 ], [ -122.21616, 37.71017 ], [ -122.21621, 37.71036 ], [ -122.2157, 37.71084 ], [ -122.21538, 37.71079 ], [ -122.21546, 37.71114 ], [ -122.21516, 37.71124 ], [ -122.215, 37.71119 ], [ -122.215, 37.71103 ], [ -122.21538, 37.71076 ], [ -122.21527, 37.71057 ], [ -122.21535, 37.71036 ], [ -122.21487, 37.71049 ], [ -122.21476, 37.71022 ], [ -122.21441, 37.71033 ], [ -122.21435, 37.71 ], [ -122.21457, 37.70982 ], [ -122.21487, 37.70979 ], [ -122.21476, 37.70952 ], [ -122.21492, 37.70941 ], [ -122.2153, 37.70941 ], [ -122.21506, 37.7089 ], [ -122.21468, 37.70912 ], [ -122.21427, 37.70909 ], [ -122.21441, 37.70939 ], [ -122.21427, 37.70949 ], [ -122.21395, 37.70949 ], [ -122.21403, 37.70982 ], [ -122.21392, 37.70992 ], [ -122.2136, 37.70984 ], [ -122.21365, 37.71017 ], [ -122.21347, 37.7103 ], [ -122.21325, 37.71027 ], [ -122.21306, 37.70976 ], [ -122.21328, 37.70971 ], [ -122.21328, 37.70957 ], [ -122.21365, 37.70928 ], [ -122.21365, 37.70903 ], [ -122.21422, 37.7085 ], [ -122.21425, 37.70833 ], [ -122.21274, 37.70863 ], [ -122.21246, 37.70882 ], [ -122.2118, 37.70235 ], [ -122.21217, 37.70251 ], [ -122.21247, 37.70249 ], [ -122.21225, 37.7023 ], [ -122.21179, 37.70224 ], [ -122.21177, 37.70201 ], [ -122.21445, 37.69952 ], [ -122.21545, 37.69968 ], [ -122.22395, 37.70497 ], [ -122.22503, 37.70583 ], [ -122.22532, 37.70594 ], [ -122.22557, 37.70626 ], [ -122.22629, 37.70664 ], [ -122.23236, 37.71106 ], [ -122.23947, 37.71601 ], [ -122.23969, 37.71628 ], [ -122.24012, 37.71647 ], [ -122.24438, 37.71965 ], [ -122.24457, 37.71992 ], [ -122.24459, 37.72054 ], [ -122.24435, 37.72076 ], [ -122.24365, 37.72089 ], [ -122.24324, 37.72122 ], [ -122.24316, 37.72181 ], [ -122.24209, 37.72194 ], [ -122.24033, 37.72108 ], [ -122.23963, 37.72087 ], [ -122.23662, 37.71933 ], [ -122.23435, 37.72154 ], [ -122.23395, 37.72178 ], [ -122.23344, 37.72246 ], [ -122.23109, 37.72458 ], [ -122.2302, 37.72555 ], [ -122.2292, 37.72639 ], [ -122.22848, 37.72712 ], [ -122.22848, 37.72728 ], [ -122.22875, 37.72725 ], [ -122.22856, 37.72739 ], [ -122.22786, 37.72725 ], [ -122.22764, 37.72706 ], [ -122.22769, 37.72688 ], [ -122.22705, 37.7265 ], [ -122.22713, 37.72631 ], [ -122.22675, 37.7262 ], [ -122.22694, 37.72555 ], [ -122.22643, 37.7241 ], [ -122.22689, 37.72378 ], [ -122.22694, 37.72421 ], [ -122.22708, 37.72402 ], [ -122.22718, 37.72407 ], [ -122.22734, 37.7237 ], [ -122.22737, 37.72391 ], [ -122.22769, 37.72399 ], [ -122.22753, 37.72378 ], [ -122.22772, 37.7237 ], [ -122.22788, 37.72386 ], [ -122.22799, 37.7237 ], [ -122.22823, 37.72364 ], [ -122.22842, 37.72316 ], [ -122.22831, 37.72286 ], [ -122.22796, 37.72262 ], [ -122.22699, 37.72227 ], [ -122.22664, 37.72219 ], [ -122.22624, 37.72227 ], [ -122.22578, 37.72302 ], [ -122.22589, 37.72394 ], [ -122.2257, 37.72432 ], [ -122.22602, 37.72518 ], [ -122.22589, 37.72558 ], [ -122.22597, 37.72572 ], [ -122.22548, 37.72545 ], [ -122.22427, 37.7252 ], [ -122.22575, 37.72609 ], [ -122.22646, 37.72663 ], [ -122.22656, 37.72674 ], [ -122.22648, 37.72677 ], [ -122.22584, 37.72647 ], [ -122.22425, 37.72604 ], [ -122.22365, 37.72572 ], [ -122.22271, 37.72555 ], [ -122.21724, 37.72378 ], [ -122.21721, 37.7234 ], [ -122.21681, 37.72364 ], [ -122.21333, 37.72251 ], [ -122.21263, 37.72219 ], [ -122.21239, 37.72219 ], [ -122.21179, 37.72194 ], [ -122.21171, 37.72181 ], [ -122.21058, 37.72162 ], [ -122.20929, 37.72122 ], [ -122.20821, 37.72068 ], [ -122.2074, 37.72052 ], [ -122.20692, 37.72054 ], [ -122.207, 37.72078 ], [ -122.20759, 37.72087 ], [ -122.20767, 37.72111 ], [ -122.20721, 37.72146 ], [ -122.20721, 37.72159 ], [ -122.20789, 37.72192 ], [ -122.20832, 37.72192 ], [ -122.20856, 37.72167 ], [ -122.20907, 37.72167 ], [ -122.20964, 37.72186 ], [ -122.2102, 37.72181 ], [ -122.21034, 37.72189 ], [ -122.21042, 37.72178 ], [ -122.2105, 37.72194 ], [ -122.21163, 37.72213 ], [ -122.21212, 37.72229 ], [ -122.2122, 37.72243 ], [ -122.2125, 37.7224 ], [ -122.21341, 37.72289 ], [ -122.21686, 37.72391 ], [ -122.21686, 37.72405 ], [ -122.21735, 37.72407 ], [ -122.21829, 37.7244 ], [ -122.2184, 37.72453 ], [ -122.21851, 37.72437 ], [ -122.21869, 37.72437 ], [ -122.21921, 37.72456 ], [ -122.21939, 37.7248 ], [ -122.2209, 37.72537 ], [ -122.22217, 37.7258 ], [ -122.22236, 37.72582 ], [ -122.22241, 37.72572 ], [ -122.22368, 37.72612 ], [ -122.22328, 37.72609 ], [ -122.22395, 37.72639 ], [ -122.22497, 37.72669 ], [ -122.22519, 37.72661 ], [ -122.2257, 37.72688 ], [ -122.22646, 37.72696 ], [ -122.22678, 37.7272 ], [ -122.22681, 37.72817 ], [ -122.22718, 37.72833 ], [ -122.22672, 37.72863 ], [ -122.226, 37.72849 ], [ -122.22535, 37.7282 ], [ -122.22034, 37.72669 ], [ -122.21753, 37.72569 ], [ -122.21656, 37.72547 ], [ -122.20614, 37.72213 ], [ -122.2032, 37.72132 ], [ -122.20298, 37.72116 ], [ -122.20285, 37.72116 ], [ -122.20277, 37.72132 ], [ -122.20314, 37.72138 ], [ -122.20581, 37.7224 ], [ -122.20565, 37.72324 ], [ -122.20614, 37.72256 ], [ -122.20775, 37.72294 ], [ -122.2108, 37.72407 ], [ -122.21751, 37.72623 ], [ -122.21799, 37.72655 ], [ -122.21853, 37.72658 ], [ -122.21953, 37.72688 ], [ -122.22476, 37.72868 ], [ -122.22535, 37.72879 ], [ -122.22554, 37.72895 ], [ -122.22546, 37.7293 ], [ -122.22573, 37.729 ], [ -122.22654, 37.72903 ], [ -122.22681, 37.72933 ], [ -122.22805, 37.73006 ], [ -122.22834, 37.73 ], [ -122.22818, 37.73049 ], [ -122.22888, 37.72946 ], [ -122.22902, 37.72906 ], [ -122.22912, 37.72906 ], [ -122.2291, 37.72925 ], [ -122.22875, 37.72997 ], [ -122.22937, 37.72909 ], [ -122.23031, 37.72935 ], [ -122.22993, 37.72887 ], [ -122.22982, 37.72865 ], [ -122.22988, 37.7286 ], [ -122.23149, 37.73043 ], [ -122.23176, 37.73049 ], [ -122.23214, 37.73032 ], [ -122.23198, 37.73006 ], [ -122.23206, 37.72962 ], [ -122.23206, 37.72989 ], [ -122.23217, 37.72973 ], [ -122.23236, 37.73019 ], [ -122.23279, 37.73003 ], [ -122.23298, 37.73006 ], [ -122.23298, 37.73019 ], [ -122.23271, 37.73022 ], [ -122.23252, 37.73041 ], [ -122.23295, 37.73094 ], [ -122.23344, 37.73089 ], [ -122.23314, 37.73108 ], [ -122.23341, 37.73173 ], [ -122.23233, 37.73051 ], [ -122.23182, 37.73078 ], [ -122.2319, 37.73097 ], [ -122.23279, 37.73213 ], [ -122.23319, 37.73229 ], [ -122.23314, 37.73248 ], [ -122.23392, 37.7334 ], [ -122.23408, 37.73342 ], [ -122.23403, 37.73324 ], [ -122.23422, 37.73321 ], [ -122.23416, 37.73342 ], [ -122.23438, 37.73337 ], [ -122.23446, 37.73345 ], [ -122.23492, 37.73305 ], [ -122.235, 37.73315 ], [ -122.23451, 37.73364 ], [ -122.23457, 37.73375 ], [ -122.23443, 37.73377 ], [ -122.23591, 37.73448 ], [ -122.23645, 37.73383 ], [ -122.23672, 37.73367 ], [ -122.23651, 37.73423 ], [ -122.23626, 37.73421 ] ], [ [ -122.23643, 37.74655 ], [ -122.2364, 37.74655 ], [ -122.2364, 37.74658 ], [ -122.23643, 37.74655 ] ], [ [ -122.23303, 37.74555 ], [ -122.23306, 37.74555 ], [ -122.23306, 37.74552 ], [ -122.23303, 37.74555 ] ], [ [ -122.20713, 37.71979 ], [ -122.20713, 37.71976 ], [ -122.20711, 37.71976 ], [ -122.20713, 37.71979 ] ], [ [ -122.2208, 37.71973 ], [ -122.22082, 37.71973 ], [ -122.22082, 37.71971 ], [ -122.2208, 37.71973 ] ], [ [ -122.21541, 37.71033 ], [ -122.21535, 37.71033 ], [ -122.21535, 37.71036 ], [ -122.21541, 37.71033 ] ], [ [ -122.20562, 37.72326 ], [ -122.20565, 37.72326 ], [ -122.20565, 37.72324 ], [ -122.20562, 37.72326 ] ], [ [ -122.22543, 37.72935 ], [ -122.22546, 37.72935 ], [ -122.22546, 37.7293 ], [ -122.22543, 37.72935 ] ], [ [ -122.23785, 37.74199 ], [ -122.23791, 37.74199 ], [ -122.23785, 37.74181 ], [ -122.23785, 37.74199 ] ], [ [ -122.23573, 37.7448 ], [ -122.23573, 37.74482 ], [ -122.23589, 37.74477 ], [ -122.23573, 37.7448 ] ], [ [ -122.21743, 37.73822 ], [ -122.2174, 37.73822 ], [ -122.21743, 37.73825 ], [ -122.21743, 37.73822 ] ], [ [ -122.21753, 37.73833 ], [ -122.21745, 37.73825 ], [ -122.21745, 37.73833 ], [ -122.21753, 37.73833 ] ], [ [ -122.21223, 37.72089 ], [ -122.21212, 37.72092 ], [ -122.21217, 37.72097 ], [ -122.21223, 37.72089 ] ], [ [ -122.2177, 37.72256 ], [ -122.2177, 37.72251 ], [ -122.21764, 37.72256 ], [ -122.2177, 37.72256 ] ], [ [ -122.21762, 37.72259 ], [ -122.21764, 37.72259 ], [ -122.21764, 37.72256 ], [ -122.21762, 37.72259 ] ], [ [ -122.21718, 37.72291 ], [ -122.21721, 37.72291 ], [ -122.21718, 37.72289 ], [ -122.21718, 37.72291 ] ], [ [ -122.21355, 37.72208 ], [ -122.21357, 37.72208 ], [ -122.21355, 37.72205 ], [ -122.21355, 37.72208 ] ], [ [ -122.22284, 37.71793 ], [ -122.22282, 37.71793 ], [ -122.22284, 37.71796 ], [ -122.22284, 37.71793 ] ], [ [ -122.24079, 37.71917 ], [ -122.23934, 37.71796 ], [ -122.23847, 37.7175 ], [ -122.23821, 37.7172 ], [ -122.23422, 37.71451 ], [ -122.23405, 37.71451 ], [ -122.23152, 37.71292 ], [ -122.22875, 37.71087 ], [ -122.22104, 37.70583 ], [ -122.21961, 37.70478 ], [ -122.21638, 37.70265 ], [ -122.21554, 37.70222 ], [ -122.21449, 37.70138 ], [ -122.21376, 37.70117 ], [ -122.21409, 37.7016 ], [ -122.21409, 37.70187 ], [ -122.21425, 37.70179 ], [ -122.21516, 37.70222 ], [ -122.21581, 37.70278 ], [ -122.22565, 37.70939 ], [ -122.23163, 37.71316 ], [ -122.23411, 37.71502 ], [ -122.23896, 37.71822 ], [ -122.24079, 37.71917 ] ], [ [ -122.22718, 37.72636 ], [ -122.22716, 37.72636 ], [ -122.22718, 37.72639 ], [ -122.22718, 37.72636 ] ], [ [ -122.23317, 37.731 ], [ -122.23317, 37.73097 ], [ -122.23314, 37.731 ], [ -122.23317, 37.731 ] ], [ [ -122.23492, 37.73315 ], [ -122.23492, 37.73313 ], [ -122.23489, 37.73315 ], [ -122.23492, 37.73315 ] ], [ [ -122.23039, 37.72938 ], [ -122.23039, 37.72941 ], [ -122.23042, 37.72938 ], [ -122.23039, 37.72938 ] ], [ [ -122.21301, 37.72211 ], [ -122.21301, 37.72213 ], [ -122.21303, 37.72211 ], [ -122.21301, 37.72211 ] ], [ [ -122.23581, 37.74563 ], [ -122.23581, 37.74566 ], [ -122.23583, 37.74563 ], [ -122.23581, 37.74563 ] ], [ [ -122.23443, 37.73399 ], [ -122.23443, 37.73402 ], [ -122.23446, 37.73399 ], [ -122.23443, 37.73399 ] ], [ [ -122.21918, 37.74361 ], [ -122.21918, 37.74364 ], [ -122.21921, 37.74361 ], [ -122.21918, 37.74361 ] ], [ [ -122.22228, 37.74369 ], [ -122.22228, 37.74372 ], [ -122.2223, 37.74369 ], [ -122.22228, 37.74369 ] ], [ [ -122.2364, 37.73938 ], [ -122.2364, 37.73941 ], [ -122.23643, 37.73938 ], [ -122.2364, 37.73938 ] ], [ [ -122.22298, 37.72604 ], [ -122.22298, 37.72607 ], [ -122.22301, 37.72604 ], [ -122.22298, 37.72604 ] ], [ [ -122.2143, 37.72235 ], [ -122.2143, 37.72237 ], [ -122.21433, 37.72235 ], [ -122.2143, 37.72235 ] ], [ [ -122.21888, 37.71642 ], [ -122.21888, 37.71645 ], [ -122.21891, 37.71642 ], [ -122.21888, 37.71642 ] ], [ [ -122.22864, 37.73717 ], [ -122.22864, 37.7372 ], [ -122.22867, 37.73717 ], [ -122.22864, 37.73717 ] ], [ [ -122.21786, 37.74167 ], [ -122.21786, 37.7417 ], [ -122.21789, 37.74167 ], [ -122.21786, 37.74167 ] ], [ [ -122.2278, 37.73677 ], [ -122.2278, 37.73679 ], [ -122.22783, 37.73677 ], [ -122.2278, 37.73677 ] ], [ [ -122.22778, 37.73957 ], [ -122.22778, 37.7396 ], [ -122.2278, 37.73957 ], [ -122.22778, 37.73957 ] ], [ [ -122.22724, 37.72634 ], [ -122.22724, 37.72636 ], [ -122.22726, 37.72634 ], [ -122.22724, 37.72634 ] ], [ [ -122.22872, 37.73003 ], [ -122.22872, 37.73006 ], [ -122.22875, 37.73003 ], [ -122.22872, 37.73003 ] ], [ [ -122.23271, 37.7442 ], [ -122.23271, 37.74423 ], [ -122.23273, 37.7442 ], [ -122.23271, 37.7442 ] ], [ [ -122.22931, 37.73197 ], [ -122.22931, 37.732 ], [ -122.22934, 37.73197 ], [ -122.22931, 37.73197 ] ], [ [ -122.22276, 37.74307 ], [ -122.22276, 37.7431 ], [ -122.22279, 37.74307 ], [ -122.22276, 37.74307 ] ], [ [ -122.22257, 37.72591 ], [ -122.22257, 37.72593 ], [ -122.2226, 37.72591 ], [ -122.22257, 37.72591 ] ], [ [ -122.22958, 37.74364 ], [ -122.22958, 37.74366 ], [ -122.22961, 37.74364 ], [ -122.22958, 37.74364 ] ], [ [ -122.23298, 37.73995 ], [ -122.23298, 37.73997 ], [ -122.233, 37.73995 ], [ -122.23298, 37.73995 ] ], [ [ -122.23335, 37.74232 ], [ -122.23335, 37.74234 ], [ -122.23338, 37.74232 ], [ -122.23335, 37.74232 ] ], [ [ -122.23077, 37.73698 ], [ -122.23077, 37.73701 ], [ -122.23079, 37.73698 ], [ -122.23077, 37.73698 ] ], [ [ -122.21929, 37.74372 ], [ -122.21929, 37.74375 ], [ -122.21931, 37.74372 ], [ -122.21929, 37.74372 ] ], [ [ -122.22969, 37.74428 ], [ -122.22969, 37.74431 ], [ -122.22972, 37.74428 ], [ -122.22969, 37.74428 ] ], [ [ -122.21745, 37.72273 ], [ -122.21745, 37.72275 ], [ -122.21748, 37.72273 ], [ -122.21745, 37.72273 ] ], [ [ -122.23066, 37.73698 ], [ -122.23066, 37.73701 ], [ -122.23069, 37.73698 ], [ -122.23066, 37.73698 ] ], [ [ -122.23589, 37.73693 ], [ -122.23589, 37.73695 ], [ -122.23591, 37.73693 ], [ -122.23589, 37.73693 ] ], [ [ -122.22969, 37.7383 ], [ -122.22969, 37.73833 ], [ -122.22972, 37.7383 ], [ -122.22969, 37.7383 ] ], [ [ -122.22686, 37.73642 ], [ -122.22686, 37.73644 ], [ -122.22689, 37.73642 ], [ -122.22686, 37.73642 ] ], [ [ -122.21888, 37.7403 ], [ -122.21888, 37.74032 ], [ -122.21891, 37.7403 ], [ -122.21888, 37.7403 ] ], [ [ -122.21834, 37.72038 ], [ -122.21834, 37.72041 ], [ -122.21837, 37.72038 ], [ -122.21834, 37.72038 ] ], [ [ -122.20344, 37.72022 ], [ -122.20344, 37.72025 ], [ -122.20347, 37.72022 ], [ -122.20344, 37.72022 ] ], [ [ -122.23697, 37.74224 ], [ -122.23697, 37.74226 ], [ -122.23699, 37.74224 ], [ -122.23697, 37.74224 ] ], [ [ -122.21438, 37.72054 ], [ -122.21438, 37.72057 ], [ -122.21441, 37.72054 ], [ -122.21438, 37.72054 ] ], [ [ -122.23042, 37.73466 ], [ -122.23042, 37.73469 ], [ -122.23044, 37.73466 ], [ -122.23042, 37.73466 ] ], [ [ -122.23441, 37.73965 ], [ -122.23441, 37.73968 ], [ -122.23443, 37.73965 ], [ -122.23441, 37.73965 ] ], [ [ -122.23694, 37.74353 ], [ -122.23694, 37.74356 ], [ -122.23697, 37.74353 ], [ -122.23694, 37.74353 ] ], [ [ -122.23354, 37.74577 ], [ -122.23354, 37.74579 ], [ -122.23357, 37.74577 ], [ -122.23354, 37.74577 ] ], [ [ -122.21735, 37.71704 ], [ -122.21735, 37.71709 ], [ -122.21737, 37.71704 ], [ -122.21735, 37.71704 ] ], [ [ -122.23279, 37.7324 ], [ -122.23279, 37.73243 ], [ -122.23284, 37.7324 ], [ -122.23279, 37.7324 ] ], [ [ -122.21355, 37.70952 ], [ -122.21355, 37.70955 ], [ -122.2136, 37.70952 ], [ -122.21355, 37.70952 ] ], [ [ -122.23521, 37.74439 ], [ -122.23521, 37.74442 ], [ -122.23527, 37.74439 ], [ -122.23521, 37.74439 ] ], [ [ -122.2364, 37.73946 ], [ -122.2364, 37.73949 ], [ -122.23645, 37.73946 ], [ -122.2364, 37.73946 ] ], [ [ -122.23249, 37.73563 ], [ -122.23249, 37.73569 ], [ -122.23252, 37.73563 ], [ -122.23249, 37.73563 ] ], [ [ -122.22904, 37.73693 ], [ -122.22904, 37.73695 ], [ -122.2291, 37.73693 ], [ -122.22904, 37.73693 ] ], [ [ -122.23446, 37.73404 ], [ -122.23446, 37.73407 ], [ -122.23451, 37.73404 ], [ -122.23446, 37.73404 ] ], [ [ -122.23193, 37.74358 ], [ -122.23193, 37.74364 ], [ -122.23195, 37.74358 ], [ -122.23193, 37.74358 ] ], [ [ -122.22934, 37.73216 ], [ -122.22934, 37.73221 ], [ -122.22937, 37.73216 ], [ -122.22934, 37.73216 ] ], [ [ -122.22955, 37.73461 ], [ -122.22955, 37.73466 ], [ -122.22958, 37.73461 ], [ -122.22955, 37.73461 ] ], [ [ -122.23225, 37.73558 ], [ -122.23225, 37.73561 ], [ -122.2323, 37.73558 ], [ -122.23225, 37.73558 ] ], [ [ -122.23484, 37.74016 ], [ -122.23484, 37.74019 ], [ -122.23489, 37.74016 ], [ -122.23484, 37.74016 ] ], [ [ -122.23163, 37.73049 ], [ -122.23163, 37.73054 ], [ -122.23166, 37.73049 ], [ -122.23163, 37.73049 ] ], [ [ -122.23171, 37.74499 ], [ -122.23171, 37.74501 ], [ -122.23176, 37.74499 ], [ -122.23171, 37.74499 ] ], [ [ -122.23009, 37.73698 ], [ -122.23009, 37.73704 ], [ -122.23012, 37.73698 ], [ -122.23009, 37.73698 ] ], [ [ -122.22845, 37.73722 ], [ -122.22848, 37.73722 ], [ -122.22845, 37.7372 ], [ -122.22845, 37.73722 ] ], [ [ -122.22842, 37.73717 ], [ -122.22842, 37.7372 ], [ -122.22845, 37.7372 ], [ -122.22842, 37.73717 ] ], [ [ -122.23707, 37.7352 ], [ -122.23707, 37.73526 ], [ -122.2371, 37.7352 ], [ -122.23707, 37.7352 ] ], [ [ -122.22247, 37.74423 ], [ -122.22249, 37.74423 ], [ -122.22247, 37.7442 ], [ -122.22247, 37.74423 ] ], [ [ -122.22244, 37.74418 ], [ -122.22244, 37.7442 ], [ -122.22247, 37.7442 ], [ -122.22244, 37.74418 ] ], [ [ -122.23117, 37.73666 ], [ -122.23117, 37.73671 ], [ -122.2312, 37.73666 ], [ -122.23117, 37.73666 ] ], [ [ -122.23238, 37.7393 ], [ -122.23238, 37.73933 ], [ -122.23244, 37.7393 ], [ -122.23238, 37.7393 ] ], [ [ -122.22772, 37.74092 ], [ -122.22772, 37.74097 ], [ -122.22775, 37.74092 ], [ -122.22772, 37.74092 ] ], [ [ -122.23106, 37.73369 ], [ -122.23106, 37.73375 ], [ -122.23109, 37.73369 ], [ -122.23106, 37.73369 ] ], [ [ -122.22441, 37.74243 ], [ -122.22441, 37.74245 ], [ -122.22446, 37.74243 ], [ -122.22441, 37.74243 ] ], [ [ -122.2309, 37.73628 ], [ -122.2309, 37.73633 ], [ -122.23093, 37.73628 ], [ -122.2309, 37.73628 ] ], [ [ -122.22904, 37.74259 ], [ -122.22904, 37.74261 ], [ -122.2291, 37.74259 ], [ -122.22904, 37.74259 ] ], [ [ -122.23066, 37.73709 ], [ -122.23066, 37.73714 ], [ -122.23069, 37.73709 ], [ -122.23066, 37.73709 ] ], [ [ -122.23511, 37.73437 ], [ -122.23511, 37.73439 ], [ -122.23516, 37.73437 ], [ -122.23511, 37.73437 ] ], [ [ -122.22869, 37.74259 ], [ -122.22869, 37.74261 ], [ -122.22875, 37.74259 ], [ -122.22869, 37.74259 ] ], [ [ -122.21778, 37.74162 ], [ -122.21778, 37.74167 ], [ -122.2178, 37.74162 ], [ -122.21778, 37.74162 ] ], [ [ -122.23486, 37.7442 ], [ -122.23486, 37.74423 ], [ -122.23494, 37.7442 ], [ -122.23486, 37.7442 ] ], [ [ -122.23573, 37.74334 ], [ -122.23573, 37.74342 ], [ -122.23575, 37.74334 ], [ -122.23573, 37.74334 ] ], [ [ -122.22856, 37.73722 ], [ -122.22858, 37.7372 ], [ -122.22856, 37.73717 ], [ -122.22856, 37.73722 ] ], [ [ -122.23626, 37.74461 ], [ -122.23629, 37.74458 ], [ -122.23626, 37.74455 ], [ -122.23626, 37.74461 ] ], [ [ -122.21762, 37.73811 ], [ -122.21767, 37.73811 ], [ -122.21762, 37.73809 ], [ -122.21762, 37.73811 ] ], [ [ -122.21759, 37.73806 ], [ -122.21759, 37.73809 ], [ -122.21762, 37.73809 ], [ -122.21759, 37.73806 ] ], [ [ -122.21964, 37.74075 ], [ -122.21961, 37.7407 ], [ -122.21958, 37.7407 ], [ -122.21958, 37.74075 ], [ -122.21964, 37.74075 ] ], [ [ -122.22257, 37.74434 ], [ -122.2226, 37.74434 ], [ -122.22257, 37.74431 ], [ -122.22257, 37.74434 ] ], [ [ -122.22255, 37.74428 ], [ -122.22255, 37.74431 ], [ -122.22257, 37.74431 ], [ -122.22255, 37.74428 ] ], [ [ -122.22252, 37.74426 ], [ -122.22252, 37.74428 ], [ -122.22255, 37.74428 ], [ -122.22252, 37.74426 ] ], [ [ -122.23117, 37.74272 ], [ -122.2312, 37.74272 ], [ -122.23117, 37.74267 ], [ -122.23117, 37.74272 ] ], [ [ -122.23114, 37.74264 ], [ -122.23114, 37.74267 ], [ -122.23117, 37.74267 ], [ -122.23114, 37.74264 ] ], [ [ -122.23308, 37.74474 ], [ -122.23308, 37.74469 ], [ -122.23306, 37.74474 ], [ -122.23308, 37.74474 ] ], [ [ -122.23303, 37.74477 ], [ -122.23306, 37.74477 ], [ -122.23306, 37.74474 ], [ -122.23303, 37.74477 ] ], [ [ -122.22928, 37.74488 ], [ -122.22928, 37.74493 ], [ -122.22934, 37.74488 ], [ -122.22928, 37.74488 ] ], [ [ -122.23106, 37.74243 ], [ -122.23106, 37.74245 ], [ -122.23112, 37.74243 ], [ -122.23106, 37.74243 ] ], [ [ -122.22228, 37.74396 ], [ -122.22228, 37.74393 ], [ -122.22222, 37.74391 ], [ -122.22228, 37.74396 ] ], [ [ -122.21449, 37.70817 ], [ -122.21446, 37.70823 ], [ -122.21452, 37.70817 ], [ -122.21449, 37.70817 ] ], [ [ -122.23007, 37.73682 ], [ -122.23007, 37.73687 ], [ -122.23012, 37.73682 ], [ -122.23007, 37.73682 ] ], [ [ -122.23505, 37.7404 ], [ -122.23505, 37.74043 ], [ -122.23513, 37.7404 ], [ -122.23505, 37.7404 ] ], [ [ -122.23616, 37.73989 ], [ -122.23616, 37.73992 ], [ -122.23621, 37.73989 ], [ -122.23616, 37.73989 ] ], [ [ -122.23112, 37.73814 ], [ -122.23117, 37.73814 ], [ -122.23112, 37.73809 ], [ -122.23112, 37.73814 ] ], [ [ -122.21338, 37.72202 ], [ -122.21338, 37.72205 ], [ -122.21347, 37.72202 ], [ -122.21338, 37.72202 ] ], [ [ -122.22697, 37.74102 ], [ -122.22697, 37.74113 ], [ -122.22699, 37.74102 ], [ -122.22697, 37.74102 ] ], [ [ -122.21492, 37.73518 ], [ -122.21492, 37.73523 ], [ -122.21497, 37.73526 ], [ -122.21492, 37.73518 ] ], [ [ -122.23578, 37.74318 ], [ -122.23578, 37.74315 ], [ -122.2357, 37.74318 ], [ -122.23578, 37.74318 ] ], [ [ -122.23567, 37.74321 ], [ -122.2357, 37.74321 ], [ -122.2357, 37.74318 ], [ -122.23567, 37.74321 ] ], [ [ -122.23244, 37.73949 ], [ -122.23241, 37.73943 ], [ -122.23236, 37.73949 ], [ -122.23244, 37.73949 ] ], [ [ -122.22969, 37.7438 ], [ -122.22969, 37.74383 ], [ -122.2298, 37.7438 ], [ -122.22969, 37.7438 ] ], [ [ -122.21325, 37.722 ], [ -122.21325, 37.72202 ], [ -122.21336, 37.722 ], [ -122.21325, 37.722 ] ], [ [ -122.2178, 37.7417 ], [ -122.2178, 37.74175 ], [ -122.21786, 37.74178 ], [ -122.2178, 37.7417 ] ], [ [ -122.22778, 37.7369 ], [ -122.2278, 37.73685 ], [ -122.22775, 37.7369 ], [ -122.22778, 37.7369 ] ], [ [ -122.22772, 37.73693 ], [ -122.22775, 37.73693 ], [ -122.22775, 37.7369 ], [ -122.22772, 37.73693 ] ], [ [ -122.23012, 37.73577 ], [ -122.23012, 37.73574 ], [ -122.23009, 37.73577 ], [ -122.23012, 37.73577 ] ], [ [ -122.23004, 37.73582 ], [ -122.23009, 37.73582 ], [ -122.23009, 37.73577 ], [ -122.23004, 37.73582 ] ], [ [ -122.23306, 37.73733 ], [ -122.23306, 37.73739 ], [ -122.23311, 37.73733 ], [ -122.23306, 37.73733 ] ], [ [ -122.23158, 37.73111 ], [ -122.23158, 37.73116 ], [ -122.23163, 37.73111 ], [ -122.23158, 37.73111 ] ], [ [ -122.23524, 37.73437 ], [ -122.23516, 37.73431 ], [ -122.23519, 37.73437 ], [ -122.23524, 37.73437 ] ], [ [ -122.23559, 37.73766 ], [ -122.23559, 37.73771 ], [ -122.23564, 37.73774 ], [ -122.23559, 37.73766 ] ], [ [ -122.23467, 37.74243 ], [ -122.23462, 37.74243 ], [ -122.23465, 37.74248 ], [ -122.23467, 37.74243 ] ], [ [ -122.21904, 37.74348 ], [ -122.21907, 37.74348 ], [ -122.21904, 37.74345 ], [ -122.21904, 37.74348 ] ], [ [ -122.21902, 37.7434 ], [ -122.21902, 37.74345 ], [ -122.21904, 37.74345 ], [ -122.21902, 37.7434 ] ], [ [ -122.21899, 37.74337 ], [ -122.21899, 37.7434 ], [ -122.21902, 37.7434 ], [ -122.21899, 37.74337 ] ], [ [ -122.22912, 37.73682 ], [ -122.22912, 37.73687 ], [ -122.22918, 37.73682 ], [ -122.22912, 37.73682 ] ], [ [ -122.22287, 37.72604 ], [ -122.22295, 37.72604 ], [ -122.22287, 37.72601 ], [ -122.22287, 37.72604 ] ], [ [ -122.22284, 37.72599 ], [ -122.22284, 37.72601 ], [ -122.22287, 37.72601 ], [ -122.22284, 37.72599 ] ], [ [ -122.23249, 37.74561 ], [ -122.23249, 37.74555 ], [ -122.23244, 37.74561 ], [ -122.23249, 37.74561 ] ], [ [ -122.23241, 37.74558 ], [ -122.23244, 37.74558 ], [ -122.23241, 37.74555 ], [ -122.23241, 37.74558 ] ], [ [ -122.22629, 37.72712 ], [ -122.22629, 37.72714 ], [ -122.22637, 37.72709 ], [ -122.22629, 37.72712 ] ], [ [ -122.23489, 37.7397 ], [ -122.23478, 37.73965 ], [ -122.23481, 37.7397 ], [ -122.23489, 37.7397 ] ], [ [ -122.22896, 37.73687 ], [ -122.22896, 37.73693 ], [ -122.22902, 37.73687 ], [ -122.22896, 37.73687 ] ], [ [ -122.23419, 37.73978 ], [ -122.23419, 37.73973 ], [ -122.23411, 37.73976 ], [ -122.23419, 37.73978 ] ], [ [ -122.21675, 37.72415 ], [ -122.21675, 37.72418 ], [ -122.21683, 37.72413 ], [ -122.21675, 37.72415 ] ], [ [ -122.23093, 37.73329 ], [ -122.2309, 37.73337 ], [ -122.23096, 37.73329 ], [ -122.23093, 37.73329 ] ], [ [ -122.23427, 37.74385 ], [ -122.23424, 37.74393 ], [ -122.2343, 37.74385 ], [ -122.23427, 37.74385 ] ], [ [ -122.23187, 37.73889 ], [ -122.2319, 37.73898 ], [ -122.23195, 37.73898 ], [ -122.23195, 37.73895 ], [ -122.23187, 37.73889 ] ], [ [ -122.21867, 37.72386 ], [ -122.21867, 37.72388 ], [ -122.21875, 37.72383 ], [ -122.21867, 37.72386 ] ], [ [ -122.2367, 37.74286 ], [ -122.23678, 37.74286 ], [ -122.2367, 37.7428 ], [ -122.2367, 37.74286 ] ], [ [ -122.23096, 37.7421 ], [ -122.23096, 37.74207 ], [ -122.23093, 37.7421 ], [ -122.23096, 37.7421 ] ], [ [ -122.23087, 37.74216 ], [ -122.23093, 37.74216 ], [ -122.23093, 37.7421 ], [ -122.23087, 37.74216 ] ], [ [ -122.21759, 37.72262 ], [ -122.21759, 37.72259 ], [ -122.21756, 37.72262 ], [ -122.21759, 37.72262 ] ], [ [ -122.21753, 37.72264 ], [ -122.21756, 37.72264 ], [ -122.21756, 37.72262 ], [ -122.21753, 37.72264 ] ], [ [ -122.21748, 37.7227 ], [ -122.21753, 37.7227 ], [ -122.21748, 37.72267 ], [ -122.21748, 37.7227 ] ], [ [ -122.23683, 37.73984 ], [ -122.23683, 37.73989 ], [ -122.23691, 37.73984 ], [ -122.23683, 37.73984 ] ], [ [ -122.23621, 37.73978 ], [ -122.2361, 37.73973 ], [ -122.23613, 37.73978 ], [ -122.23621, 37.73978 ] ], [ [ -122.23036, 37.73345 ], [ -122.23044, 37.73345 ], [ -122.23036, 37.7334 ], [ -122.23036, 37.73345 ] ], [ [ -122.21772, 37.74164 ], [ -122.21772, 37.74156 ], [ -122.21767, 37.74162 ], [ -122.21772, 37.74164 ] ], [ [ -122.23551, 37.74318 ], [ -122.23543, 37.74318 ], [ -122.23548, 37.74323 ], [ -122.23551, 37.74318 ] ], [ [ -122.23087, 37.73372 ], [ -122.23087, 37.73377 ], [ -122.23096, 37.73372 ], [ -122.23087, 37.73372 ] ], [ [ -122.22104, 37.74399 ], [ -122.22104, 37.74396 ], [ -122.22101, 37.74399 ], [ -122.22104, 37.74399 ] ], [ [ -122.22096, 37.74402 ], [ -122.22101, 37.74402 ], [ -122.22101, 37.74399 ], [ -122.22096, 37.74402 ] ], [ [ -122.2209, 37.74404 ], [ -122.22096, 37.74404 ], [ -122.22096, 37.74402 ], [ -122.2209, 37.74404 ] ], [ [ -122.22088, 37.74407 ], [ -122.2209, 37.74407 ], [ -122.2209, 37.74404 ], [ -122.22088, 37.74407 ] ], [ [ -122.23168, 37.73609 ], [ -122.23168, 37.73617 ], [ -122.23174, 37.73612 ], [ -122.23168, 37.73609 ] ], [ [ -122.22778, 37.74054 ], [ -122.22786, 37.74051 ], [ -122.22778, 37.74048 ], [ -122.22778, 37.74054 ] ], [ [ -122.22972, 37.73512 ], [ -122.2298, 37.73509 ], [ -122.22972, 37.73507 ], [ -122.22972, 37.73512 ] ], [ [ -122.2133, 37.73315 ], [ -122.21333, 37.73315 ], [ -122.2133, 37.73313 ], [ -122.2133, 37.73315 ] ], [ [ -122.21328, 37.7331 ], [ -122.21328, 37.73313 ], [ -122.2133, 37.73313 ], [ -122.21328, 37.7331 ] ], [ [ -122.21325, 37.73307 ], [ -122.21325, 37.7331 ], [ -122.21328, 37.7331 ], [ -122.21325, 37.73307 ] ], [ [ -122.21322, 37.73305 ], [ -122.21322, 37.73307 ], [ -122.21325, 37.73307 ], [ -122.21322, 37.73305 ] ], [ [ -122.2132, 37.73299 ], [ -122.2132, 37.73305 ], [ -122.21322, 37.73305 ], [ -122.2132, 37.73299 ] ], [ [ -122.22955, 37.73943 ], [ -122.22939, 37.73943 ], [ -122.2295, 37.73949 ], [ -122.22955, 37.73943 ] ], [ [ -122.23298, 37.73976 ], [ -122.23292, 37.73976 ], [ -122.233, 37.73984 ], [ -122.23298, 37.73976 ] ], [ [ -122.21794, 37.74124 ], [ -122.21794, 37.74129 ], [ -122.21802, 37.74124 ], [ -122.21794, 37.74124 ] ], [ [ -122.23503, 37.74218 ], [ -122.23503, 37.74221 ], [ -122.23513, 37.74216 ], [ -122.23503, 37.74218 ] ], [ [ -122.23093, 37.73189 ], [ -122.23093, 37.73181 ], [ -122.23087, 37.73186 ], [ -122.23093, 37.73189 ] ], [ [ -122.23559, 37.73825 ], [ -122.23556, 37.73819 ], [ -122.23551, 37.73825 ], [ -122.23559, 37.73825 ] ], [ [ -122.2316, 37.73841 ], [ -122.2316, 37.73846 ], [ -122.23168, 37.73841 ], [ -122.2316, 37.73841 ] ], [ [ -122.23098, 37.73208 ], [ -122.23101, 37.73216 ], [ -122.23106, 37.73208 ], [ -122.23098, 37.73208 ] ], [ [ -122.23031, 37.73423 ], [ -122.23036, 37.73421 ], [ -122.23028, 37.73418 ], [ -122.23031, 37.73423 ] ], [ [ -122.23109, 37.73394 ], [ -122.23106, 37.73377 ], [ -122.23104, 37.73377 ], [ -122.23104, 37.73394 ], [ -122.23109, 37.73394 ] ], [ [ -122.2326, 37.73819 ], [ -122.23268, 37.73819 ], [ -122.2326, 37.73817 ], [ -122.2326, 37.73819 ] ], [ [ -122.23252, 37.73811 ], [ -122.23252, 37.73817 ], [ -122.23257, 37.73811 ], [ -122.23252, 37.73811 ] ], [ [ -122.23015, 37.73558 ], [ -122.23023, 37.73555 ], [ -122.23015, 37.73553 ], [ -122.23015, 37.73558 ] ], [ [ -122.21603, 37.73647 ], [ -122.21594, 37.73639 ], [ -122.21594, 37.73647 ], [ -122.21603, 37.73647 ] ], [ [ -122.21589, 37.73639 ], [ -122.21592, 37.73639 ], [ -122.21589, 37.73636 ], [ -122.21589, 37.73639 ] ], [ [ -122.23039, 37.73747 ], [ -122.23039, 37.73739 ], [ -122.23031, 37.73744 ], [ -122.23039, 37.73747 ] ], [ [ -122.22085, 37.72453 ], [ -122.22085, 37.72448 ], [ -122.22074, 37.72453 ], [ -122.22085, 37.72453 ] ], [ [ -122.2305, 37.73922 ], [ -122.2305, 37.73925 ], [ -122.23063, 37.73919 ], [ -122.2305, 37.73922 ] ], [ [ -122.22279, 37.72599 ], [ -122.22279, 37.72596 ], [ -122.22263, 37.72596 ], [ -122.22279, 37.72599 ] ], [ [ -122.22236, 37.74356 ], [ -122.22233, 37.74348 ], [ -122.22228, 37.74356 ], [ -122.22236, 37.74356 ] ], [ [ -122.22969, 37.73108 ], [ -122.22969, 37.73092 ], [ -122.22964, 37.73105 ], [ -122.22969, 37.73108 ] ], [ [ -122.23659, 37.73984 ], [ -122.23664, 37.73992 ], [ -122.2367, 37.73984 ], [ -122.23659, 37.73984 ] ], [ [ -122.21756, 37.74154 ], [ -122.21767, 37.74151 ], [ -122.21756, 37.74148 ], [ -122.21756, 37.74154 ] ], [ [ -122.21883, 37.72456 ], [ -122.21891, 37.72456 ], [ -122.21883, 37.72453 ], [ -122.21883, 37.72456 ] ], [ [ -122.21867, 37.72448 ], [ -122.21867, 37.72453 ], [ -122.21877, 37.72448 ], [ -122.21867, 37.72448 ] ], [ [ -122.23497, 37.74043 ], [ -122.23489, 37.74043 ], [ -122.23492, 37.74051 ], [ -122.23497, 37.74043 ] ], [ [ -122.23061, 37.73148 ], [ -122.23061, 37.73154 ], [ -122.23066, 37.73151 ], [ -122.23061, 37.73148 ] ], [ [ -122.23058, 37.73148 ], [ -122.23052, 37.73148 ], [ -122.23061, 37.73159 ], [ -122.23061, 37.73154 ], [ -122.23058, 37.73148 ] ], [ [ -122.22306, 37.72609 ], [ -122.22325, 37.72612 ], [ -122.22303, 37.72604 ], [ -122.22306, 37.72609 ] ], [ [ -122.21376, 37.70944 ], [ -122.21382, 37.70933 ], [ -122.21371, 37.70944 ], [ -122.21376, 37.70944 ] ], [ [ -122.23093, 37.73625 ], [ -122.2309, 37.73612 ], [ -122.23085, 37.73625 ], [ -122.23093, 37.73625 ] ], [ [ -122.22966, 37.73561 ], [ -122.22972, 37.7355 ], [ -122.22961, 37.73558 ], [ -122.22966, 37.73561 ] ], [ [ -122.23034, 37.73927 ], [ -122.23044, 37.73927 ], [ -122.23036, 37.73922 ], [ -122.23034, 37.73927 ] ], [ [ -122.23023, 37.73916 ], [ -122.23023, 37.73925 ], [ -122.23026, 37.73922 ], [ -122.23023, 37.73916 ] ], [ [ -122.23087, 37.73429 ], [ -122.23096, 37.73426 ], [ -122.23085, 37.73421 ], [ -122.23087, 37.73429 ] ], [ [ -122.23559, 37.73752 ], [ -122.23556, 37.73741 ], [ -122.23551, 37.73741 ], [ -122.23548, 37.73749 ], [ -122.23559, 37.73752 ] ], [ [ -122.23074, 37.73873 ], [ -122.23066, 37.73868 ], [ -122.23055, 37.73873 ], [ -122.23074, 37.73873 ] ], [ [ -122.23074, 37.73453 ], [ -122.23085, 37.73439 ], [ -122.2309, 37.73434 ], [ -122.23082, 37.73437 ], [ -122.23074, 37.73453 ] ], [ [ -122.235, 37.7441 ], [ -122.23484, 37.7441 ], [ -122.23497, 37.74415 ], [ -122.235, 37.7441 ] ], [ [ -122.23201, 37.74582 ], [ -122.23209, 37.74582 ], [ -122.23206, 37.74577 ], [ -122.23201, 37.74582 ] ], [ [ -122.23193, 37.74585 ], [ -122.23201, 37.74585 ], [ -122.23201, 37.74582 ], [ -122.23193, 37.74585 ] ], [ [ -122.2319, 37.74587 ], [ -122.23193, 37.74587 ], [ -122.23193, 37.74585 ], [ -122.2319, 37.74587 ] ], [ [ -122.23182, 37.7459 ], [ -122.2319, 37.7459 ], [ -122.2319, 37.74587 ], [ -122.23182, 37.7459 ] ], [ [ -122.23726, 37.73949 ], [ -122.23742, 37.73949 ], [ -122.2374, 37.73938 ], [ -122.23726, 37.73949 ] ], [ [ -122.23276, 37.74558 ], [ -122.23279, 37.74571 ], [ -122.23282, 37.74558 ], [ -122.23276, 37.74558 ] ], [ [ -122.23244, 37.74186 ], [ -122.23249, 37.74186 ], [ -122.23263, 37.74175 ], [ -122.23244, 37.74186 ] ], [ [ -122.23699, 37.73976 ], [ -122.23675, 37.73973 ], [ -122.23675, 37.73978 ], [ -122.23686, 37.73976 ], [ -122.23699, 37.73976 ] ], [ [ -122.23085, 37.7428 ], [ -122.23085, 37.74269 ], [ -122.23077, 37.74267 ], [ -122.23074, 37.74272 ], [ -122.23085, 37.7428 ] ], [ [ -122.23556, 37.74315 ], [ -122.23562, 37.74315 ], [ -122.23567, 37.74304 ], [ -122.23556, 37.74315 ] ], [ [ -122.23446, 37.73394 ], [ -122.23449, 37.73394 ], [ -122.23446, 37.73391 ], [ -122.23446, 37.73394 ] ], [ [ -122.23427, 37.7338 ], [ -122.23438, 37.73391 ], [ -122.23441, 37.73383 ], [ -122.23427, 37.7338 ] ], [ [ -122.22988, 37.73143 ], [ -122.22988, 37.73151 ], [ -122.22982, 37.73165 ], [ -122.2299, 37.73156 ], [ -122.22988, 37.73143 ] ], [ [ -122.23039, 37.74307 ], [ -122.23031, 37.74307 ], [ -122.23042, 37.74318 ], [ -122.23039, 37.74307 ] ], [ [ -122.20538, 37.72114 ], [ -122.20533, 37.72108 ], [ -122.20511, 37.72105 ], [ -122.20538, 37.72114 ] ], [ [ -122.22204, 37.74366 ], [ -122.22204, 37.74375 ], [ -122.22222, 37.74388 ], [ -122.22204, 37.74366 ] ], [ [ -122.23449, 37.73984 ], [ -122.23446, 37.73976 ], [ -122.23438, 37.73984 ], [ -122.23449, 37.73984 ] ], [ [ -122.21945, 37.74057 ], [ -122.21953, 37.74054 ], [ -122.21942, 37.74046 ], [ -122.21945, 37.74057 ] ], [ [ -122.23352, 37.74261 ], [ -122.23349, 37.74272 ], [ -122.23362, 37.74269 ], [ -122.23362, 37.74264 ], [ -122.23352, 37.74261 ] ], [ [ -122.23721, 37.74094 ], [ -122.23721, 37.74081 ], [ -122.23715, 37.74081 ], [ -122.2371, 37.74094 ], [ -122.23721, 37.74094 ] ], [ [ -122.23082, 37.73776 ], [ -122.2309, 37.7379 ], [ -122.23093, 37.73779 ], [ -122.23082, 37.73776 ] ], [ [ -122.21535, 37.70871 ], [ -122.21524, 37.70871 ], [ -122.21538, 37.70885 ], [ -122.21535, 37.70871 ] ], [ [ -122.22775, 37.73922 ], [ -122.2278, 37.73935 ], [ -122.22783, 37.73922 ], [ -122.22775, 37.73922 ] ], [ [ -122.21301, 37.70397 ], [ -122.21309, 37.70416 ], [ -122.21312, 37.70405 ], [ -122.21301, 37.70397 ] ], [ [ -122.23117, 37.73491 ], [ -122.2312, 37.73504 ], [ -122.23131, 37.73496 ], [ -122.23117, 37.73491 ] ], [ [ -122.21568, 37.71052 ], [ -122.21573, 37.71038 ], [ -122.21578, 37.71036 ], [ -122.21565, 37.71036 ], [ -122.21568, 37.71052 ] ], [ [ -122.23729, 37.73981 ], [ -122.23729, 37.73995 ], [ -122.2374, 37.73981 ], [ -122.23729, 37.73981 ] ], [ [ -122.23538, 37.74375 ], [ -122.23519, 37.74388 ], [ -122.23538, 37.7438 ], [ -122.23538, 37.74375 ] ], [ [ -122.22945, 37.73836 ], [ -122.22964, 37.73836 ], [ -122.22947, 37.73827 ], [ -122.22945, 37.73836 ] ], [ [ -122.23198, 37.73911 ], [ -122.23193, 37.73903 ], [ -122.23179, 37.73898 ], [ -122.23182, 37.73908 ], [ -122.23198, 37.73911 ] ], [ [ -122.23007, 37.73588 ], [ -122.23001, 37.73604 ], [ -122.23015, 37.73588 ], [ -122.23007, 37.73588 ] ], [ [ -122.23255, 37.74205 ], [ -122.2326, 37.74194 ], [ -122.23238, 37.74191 ], [ -122.23241, 37.74197 ], [ -122.23255, 37.74205 ] ], [ [ -122.23273, 37.73016 ], [ -122.23292, 37.73016 ], [ -122.23284, 37.73006 ], [ -122.23273, 37.73016 ] ], [ [ -122.22743, 37.7414 ], [ -122.22753, 37.7414 ], [ -122.22748, 37.74121 ], [ -122.22743, 37.7414 ] ], [ [ -122.21751, 37.72146 ], [ -122.21751, 37.72138 ], [ -122.21735, 37.72132 ], [ -122.21737, 37.72143 ], [ -122.21751, 37.72146 ] ], [ [ -122.23087, 37.73631 ], [ -122.23087, 37.73628 ], [ -122.23079, 37.73631 ], [ -122.23087, 37.73631 ] ], [ [ -122.23066, 37.73639 ], [ -122.23082, 37.73647 ], [ -122.23079, 37.73631 ], [ -122.23066, 37.73639 ] ], [ [ -122.23298, 37.73491 ], [ -122.23295, 37.73483 ], [ -122.23279, 37.7348 ], [ -122.23284, 37.73491 ], [ -122.23298, 37.73491 ] ], [ [ -122.22813, 37.7352 ], [ -122.22831, 37.73515 ], [ -122.22826, 37.73501 ], [ -122.22815, 37.73507 ], [ -122.22813, 37.7352 ] ], [ [ -122.23467, 37.74226 ], [ -122.23478, 37.74213 ], [ -122.23478, 37.74199 ], [ -122.23465, 37.74218 ], [ -122.23467, 37.74226 ] ], [ [ -122.23424, 37.73361 ], [ -122.23416, 37.73353 ], [ -122.23408, 37.73356 ], [ -122.23414, 37.73367 ], [ -122.23424, 37.73361 ] ], [ [ -122.23403, 37.73353 ], [ -122.23411, 37.73353 ], [ -122.23403, 37.73345 ], [ -122.23403, 37.73353 ] ], [ [ -122.23282, 37.73852 ], [ -122.23268, 37.73854 ], [ -122.23273, 37.73865 ], [ -122.23284, 37.73863 ], [ -122.23282, 37.73852 ] ], [ [ -122.23265, 37.73852 ], [ -122.23265, 37.73854 ], [ -122.23268, 37.73854 ], [ -122.23265, 37.73852 ] ], [ [ -122.23061, 37.73946 ], [ -122.23085, 37.73946 ], [ -122.23074, 37.73935 ], [ -122.23061, 37.73946 ] ], [ [ -122.236, 37.74048 ], [ -122.2361, 37.74043 ], [ -122.23597, 37.74035 ], [ -122.236, 37.74048 ] ], [ [ -122.23586, 37.74027 ], [ -122.23591, 37.74035 ], [ -122.23591, 37.74027 ], [ -122.23586, 37.74027 ] ], [ [ -122.23026, 37.71461 ], [ -122.23004, 37.71451 ], [ -122.23031, 37.71472 ], [ -122.23026, 37.71461 ] ], [ [ -122.23128, 37.73485 ], [ -122.2312, 37.73469 ], [ -122.23112, 37.73469 ], [ -122.23117, 37.73485 ], [ -122.23128, 37.73485 ] ], [ [ -122.23554, 37.73739 ], [ -122.23559, 37.73725 ], [ -122.23575, 37.7372 ], [ -122.23559, 37.7372 ], [ -122.23554, 37.73739 ] ], [ [ -122.22969, 37.74509 ], [ -122.22964, 37.74501 ], [ -122.22947, 37.74509 ], [ -122.22969, 37.74509 ] ], [ [ -122.23158, 37.73642 ], [ -122.23152, 37.73655 ], [ -122.23166, 37.73674 ], [ -122.23158, 37.73642 ] ], [ [ -122.2319, 37.73558 ], [ -122.23182, 37.73558 ], [ -122.23176, 37.73585 ], [ -122.2319, 37.73558 ] ], [ [ -122.2367, 37.74207 ], [ -122.23667, 37.74216 ], [ -122.23688, 37.74224 ], [ -122.2367, 37.74207 ] ], [ [ -122.2316, 37.74286 ], [ -122.23158, 37.74286 ], [ -122.23158, 37.74302 ], [ -122.2316, 37.74286 ] ], [ [ -122.23139, 37.74283 ], [ -122.23144, 37.74296 ], [ -122.23144, 37.74283 ], [ -122.23139, 37.74283 ] ], [ [ -122.23082, 37.73399 ], [ -122.23093, 37.73402 ], [ -122.23093, 37.73386 ], [ -122.23087, 37.73386 ], [ -122.23082, 37.73399 ] ], [ [ -122.23069, 37.73412 ], [ -122.23082, 37.7341 ], [ -122.23066, 37.73407 ], [ -122.23069, 37.73412 ] ], [ [ -122.2299, 37.73135 ], [ -122.22988, 37.73124 ], [ -122.22972, 37.73113 ], [ -122.22972, 37.73124 ], [ -122.2299, 37.73135 ] ], [ [ -122.23314, 37.7376 ], [ -122.23306, 37.73774 ], [ -122.23306, 37.73782 ], [ -122.23314, 37.7376 ] ], [ [ -122.2291, 37.73536 ], [ -122.22902, 37.73534 ], [ -122.22891, 37.73555 ], [ -122.2291, 37.73536 ] ], [ [ -122.23282, 37.74 ], [ -122.23284, 37.73984 ], [ -122.23276, 37.73981 ], [ -122.23268, 37.73997 ], [ -122.23282, 37.74 ] ], [ [ -122.22721, 37.74043 ], [ -122.22716, 37.74046 ], [ -122.22708, 37.74081 ], [ -122.22721, 37.74043 ] ], [ [ -122.23017, 37.73518 ], [ -122.23026, 37.73509 ], [ -122.23023, 37.73491 ], [ -122.23015, 37.73496 ], [ -122.23017, 37.73518 ] ], [ [ -122.23287, 37.74585 ], [ -122.23282, 37.74577 ], [ -122.2326, 37.74563 ], [ -122.23257, 37.74574 ], [ -122.23287, 37.74585 ] ], [ [ -122.23087, 37.73884 ], [ -122.23079, 37.73879 ], [ -122.23058, 37.73879 ], [ -122.23069, 37.73889 ], [ -122.23087, 37.73884 ] ], [ [ -122.23082, 37.73232 ], [ -122.23093, 37.73221 ], [ -122.2309, 37.73205 ], [ -122.23074, 37.73216 ], [ -122.23082, 37.73232 ] ], [ [ -122.22907, 37.73412 ], [ -122.2292, 37.73402 ], [ -122.22912, 37.73394 ], [ -122.22907, 37.73412 ] ], [ [ -122.22904, 37.73412 ], [ -122.22902, 37.73434 ], [ -122.22907, 37.73437 ], [ -122.2291, 37.73426 ], [ -122.22904, 37.73412 ] ], [ [ -122.23723, 37.73876 ], [ -122.23718, 37.73852 ], [ -122.2371, 37.73849 ], [ -122.23713, 37.73876 ], [ -122.23723, 37.73876 ] ], [ [ -122.23255, 37.74601 ], [ -122.23238, 37.74598 ], [ -122.23228, 37.7459 ], [ -122.23238, 37.74604 ], [ -122.23255, 37.74601 ] ], [ [ -122.23228, 37.74585 ], [ -122.23214, 37.74585 ], [ -122.23214, 37.7459 ], [ -122.23225, 37.74593 ], [ -122.23228, 37.74585 ] ], [ [ -122.22133, 37.74245 ], [ -122.22136, 37.74245 ], [ -122.22133, 37.74243 ], [ -122.22133, 37.74245 ] ], [ [ -122.22115, 37.74221 ], [ -122.22128, 37.74243 ], [ -122.2212, 37.74221 ], [ -122.22115, 37.74221 ] ], [ [ -122.22101, 37.74205 ], [ -122.22112, 37.74221 ], [ -122.22107, 37.74205 ], [ -122.22101, 37.74205 ] ], [ [ -122.2209, 37.74191 ], [ -122.22098, 37.74205 ], [ -122.22096, 37.74191 ], [ -122.2209, 37.74191 ] ], [ [ -122.22088, 37.74189 ], [ -122.22088, 37.74191 ], [ -122.2209, 37.74191 ], [ -122.22088, 37.74189 ] ], [ [ -122.23635, 37.74442 ], [ -122.23637, 37.74426 ], [ -122.23618, 37.7445 ], [ -122.23635, 37.74442 ] ], [ [ -122.23066, 37.73695 ], [ -122.23082, 37.73682 ], [ -122.23061, 37.73677 ], [ -122.23055, 37.7369 ], [ -122.23066, 37.73695 ] ], [ [ -122.23707, 37.74137 ], [ -122.23718, 37.74143 ], [ -122.23726, 37.74121 ], [ -122.23721, 37.74121 ], [ -122.23707, 37.74137 ] ], [ [ -122.23074, 37.73607 ], [ -122.23098, 37.73609 ], [ -122.23101, 37.73598 ], [ -122.23074, 37.73598 ], [ -122.23074, 37.73607 ] ], [ [ -122.23591, 37.73863 ], [ -122.23597, 37.73854 ], [ -122.23573, 37.73838 ], [ -122.23575, 37.73849 ], [ -122.23591, 37.73863 ] ], [ [ -122.23559, 37.7383 ], [ -122.23567, 37.73838 ], [ -122.2357, 37.7383 ], [ -122.23559, 37.7383 ] ], [ [ -122.23737, 37.73973 ], [ -122.23702, 37.73976 ], [ -122.23721, 37.73986 ], [ -122.23737, 37.73973 ] ], [ [ -122.23395, 37.74234 ], [ -122.23397, 37.74224 ], [ -122.23408, 37.74216 ], [ -122.23379, 37.74224 ], [ -122.23395, 37.74234 ] ], [ [ -122.23575, 37.73674 ], [ -122.23535, 37.73682 ], [ -122.23556, 37.73693 ], [ -122.23575, 37.73674 ] ], [ [ -122.2368, 37.74404 ], [ -122.23672, 37.74404 ], [ -122.23662, 37.74415 ], [ -122.2368, 37.74404 ] ], [ [ -122.23659, 37.74415 ], [ -122.23648, 37.74426 ], [ -122.23643, 37.74447 ], [ -122.23656, 37.74439 ], [ -122.23659, 37.74415 ] ], [ [ -122.22966, 37.74383 ], [ -122.22953, 37.74358 ], [ -122.22934, 37.74383 ], [ -122.22966, 37.74383 ] ], [ [ -122.23322, 37.73542 ], [ -122.23327, 37.7352 ], [ -122.23308, 37.73515 ], [ -122.23306, 37.73531 ], [ -122.23322, 37.73542 ] ], [ [ -122.23489, 37.74388 ], [ -122.23484, 37.74369 ], [ -122.23454, 37.74393 ], [ -122.23489, 37.74388 ] ], [ [ -122.23457, 37.73396 ], [ -122.23486, 37.73418 ], [ -122.23516, 37.73426 ], [ -122.23492, 37.73407 ], [ -122.23457, 37.73396 ] ], [ [ -122.23279, 37.74531 ], [ -122.23279, 37.74523 ], [ -122.2323, 37.74544 ], [ -122.23279, 37.74531 ] ], [ [ -122.23629, 37.73809 ], [ -122.23605, 37.73757 ], [ -122.23613, 37.73801 ], [ -122.23629, 37.73809 ] ], [ [ -122.23144, 37.74577 ], [ -122.23176, 37.74587 ], [ -122.23168, 37.74577 ], [ -122.23195, 37.74569 ], [ -122.23144, 37.74577 ] ], [ [ -122.23659, 37.73863 ], [ -122.23675, 37.73876 ], [ -122.2367, 37.73827 ], [ -122.23659, 37.7383 ], [ -122.23659, 37.73863 ] ], [ [ -122.22802, 37.72488 ], [ -122.22829, 37.72499 ], [ -122.22834, 37.72485 ], [ -122.2281, 37.72472 ], [ -122.22802, 37.72488 ] ], [ [ -122.23529, 37.73803 ], [ -122.23546, 37.73811 ], [ -122.23538, 37.73776 ], [ -122.23529, 37.73782 ], [ -122.23529, 37.73803 ] ], [ [ -122.23532, 37.73774 ], [ -122.23535, 37.73752 ], [ -122.23543, 37.73741 ], [ -122.23527, 37.73752 ], [ -122.23532, 37.73774 ] ], [ [ -122.21748, 37.72334 ], [ -122.21745, 37.72348 ], [ -122.21805, 37.72364 ], [ -122.21748, 37.72334 ] ], [ [ -122.22063, 37.7442 ], [ -122.22063, 37.74418 ], [ -122.22061, 37.7442 ], [ -122.22063, 37.7442 ] ], [ [ -122.22055, 37.74423 ], [ -122.22061, 37.74423 ], [ -122.22061, 37.7442 ], [ -122.22055, 37.74423 ] ], [ [ -122.21985, 37.74447 ], [ -122.22001, 37.74453 ], [ -122.22047, 37.74423 ], [ -122.22001, 37.74447 ], [ -122.21983, 37.74437 ], [ -122.21985, 37.74447 ] ], [ [ -122.21974, 37.74428 ], [ -122.2198, 37.74437 ], [ -122.2198, 37.74428 ], [ -122.21974, 37.74428 ] ], [ [ -122.21961, 37.74412 ], [ -122.21972, 37.74428 ], [ -122.21964, 37.74412 ], [ -122.21961, 37.74412 ] ], [ [ -122.2195, 37.74399 ], [ -122.21958, 37.74412 ], [ -122.21953, 37.74399 ], [ -122.2195, 37.74399 ] ], [ [ -122.21948, 37.74396 ], [ -122.21948, 37.74399 ], [ -122.2195, 37.74399 ], [ -122.21948, 37.74396 ] ], [ [ -122.21945, 37.74393 ], [ -122.21945, 37.74396 ], [ -122.21948, 37.74396 ], [ -122.21945, 37.74393 ] ], [ [ -122.21937, 37.74383 ], [ -122.21942, 37.74393 ], [ -122.21939, 37.74383 ], [ -122.21937, 37.74383 ] ], [ [ -122.21934, 37.7438 ], [ -122.21934, 37.74383 ], [ -122.21937, 37.74383 ], [ -122.21934, 37.7438 ] ], [ [ -122.21931, 37.74377 ], [ -122.21931, 37.7438 ], [ -122.21934, 37.7438 ], [ -122.21931, 37.74377 ] ], [ [ -122.23141, 37.73908 ], [ -122.23144, 37.73892 ], [ -122.23166, 37.73892 ], [ -122.23123, 37.73873 ], [ -122.23141, 37.73889 ], [ -122.23123, 37.73892 ], [ -122.23141, 37.73908 ] ], [ [ -122.22872, 37.73868 ], [ -122.22861, 37.73881 ], [ -122.2288, 37.73884 ], [ -122.22928, 37.7386 ], [ -122.22872, 37.73868 ] ], [ [ -122.2329, 37.73822 ], [ -122.23271, 37.73825 ], [ -122.23268, 37.73838 ], [ -122.23298, 37.73849 ], [ -122.23308, 37.73846 ], [ -122.2329, 37.73822 ] ], [ [ -122.23451, 37.74423 ], [ -122.23449, 37.74402 ], [ -122.234, 37.74428 ], [ -122.23451, 37.74423 ] ], [ [ -122.23252, 37.73903 ], [ -122.23187, 37.73854 ], [ -122.23238, 37.73903 ], [ -122.23252, 37.73903 ] ], [ [ -122.23047, 37.73138 ], [ -122.23058, 37.73135 ], [ -122.23061, 37.73146 ], [ -122.23055, 37.73116 ], [ -122.23044, 37.731 ], [ -122.23034, 37.73108 ], [ -122.23009, 37.73097 ], [ -122.23047, 37.73138 ] ], [ [ -122.23087, 37.74499 ], [ -122.23114, 37.74496 ], [ -122.23112, 37.74474 ], [ -122.23079, 37.74477 ], [ -122.23087, 37.74499 ] ], [ [ -122.2302, 37.7365 ], [ -122.23004, 37.7365 ], [ -122.22982, 37.7369 ], [ -122.2302, 37.7365 ] ], [ [ -122.23408, 37.74569 ], [ -122.23424, 37.74582 ], [ -122.23449, 37.74555 ], [ -122.23416, 37.74552 ], [ -122.23408, 37.74569 ] ], [ [ -122.2312, 37.73321 ], [ -122.23123, 37.73245 ], [ -122.23106, 37.7327 ], [ -122.2312, 37.73321 ] ], [ [ -122.23114, 37.73321 ], [ -122.23109, 37.73329 ], [ -122.23109, 37.73337 ], [ -122.23117, 37.73334 ], [ -122.23114, 37.73321 ] ], [ [ -122.23317, 37.73725 ], [ -122.23317, 37.73671 ], [ -122.23295, 37.73728 ], [ -122.23317, 37.73725 ] ], [ [ -122.22716, 37.73968 ], [ -122.22743, 37.73935 ], [ -122.22743, 37.739 ], [ -122.22718, 37.73938 ], [ -122.22705, 37.73938 ], [ -122.22716, 37.73968 ] ], [ [ -122.23354, 37.73631 ], [ -122.23352, 37.73658 ], [ -122.23384, 37.7365 ], [ -122.23392, 37.73628 ], [ -122.23354, 37.73631 ] ], [ [ -122.23263, 37.73531 ], [ -122.23265, 37.73523 ], [ -122.23257, 37.73528 ], [ -122.23263, 37.73531 ] ], [ [ -122.23252, 37.73499 ], [ -122.23233, 37.73496 ], [ -122.23206, 37.73531 ], [ -122.23244, 37.73531 ], [ -122.23257, 37.73515 ], [ -122.23244, 37.73512 ], [ -122.23252, 37.73499 ] ], [ [ -122.21694, 37.70715 ], [ -122.21692, 37.70696 ], [ -122.21667, 37.70709 ], [ -122.21667, 37.70726 ], [ -122.21635, 37.70769 ], [ -122.21694, 37.70715 ] ], [ [ -122.22999, 37.73464 ], [ -122.23007, 37.7348 ], [ -122.23031, 37.7348 ], [ -122.23039, 37.73466 ], [ -122.2298, 37.73456 ], [ -122.2298, 37.73501 ], [ -122.22999, 37.73464 ] ], [ [ -122.23147, 37.73615 ], [ -122.23147, 37.73607 ], [ -122.23141, 37.73615 ], [ -122.23147, 37.73615 ] ], [ [ -122.23112, 37.73647 ], [ -122.2309, 37.73636 ], [ -122.23114, 37.7366 ], [ -122.23147, 37.73639 ], [ -122.23136, 37.73615 ], [ -122.23104, 37.73625 ], [ -122.23112, 37.73647 ] ], [ [ -122.22966, 37.74388 ], [ -122.22942, 37.74385 ], [ -122.22928, 37.74402 ], [ -122.2295, 37.74437 ], [ -122.22961, 37.74434 ], [ -122.22966, 37.74388 ] ], [ [ -122.23651, 37.74078 ], [ -122.23688, 37.74054 ], [ -122.23626, 37.74035 ], [ -122.23613, 37.74016 ], [ -122.23626, 37.74048 ], [ -122.23651, 37.74062 ], [ -122.23651, 37.74078 ] ], [ [ -122.22974, 37.73536 ], [ -122.22974, 37.73518 ], [ -122.22939, 37.73518 ], [ -122.22923, 37.73536 ], [ -122.22939, 37.73545 ], [ -122.22923, 37.73547 ], [ -122.22918, 37.73561 ], [ -122.22934, 37.73555 ], [ -122.22928, 37.73569 ], [ -122.22964, 37.7358 ], [ -122.22942, 37.73547 ], [ -122.22974, 37.73536 ] ], [ [ -122.23131, 37.73925 ], [ -122.23152, 37.73949 ], [ -122.23225, 37.73946 ], [ -122.23222, 37.7393 ], [ -122.23201, 37.73933 ], [ -122.2319, 37.73919 ], [ -122.23163, 37.73919 ], [ -122.23158, 37.7393 ], [ -122.23131, 37.73925 ] ], [ [ -122.23171, 37.73528 ], [ -122.23139, 37.73531 ], [ -122.23139, 37.73571 ], [ -122.23158, 37.73588 ], [ -122.2316, 37.73617 ], [ -122.23171, 37.73528 ] ], [ [ -122.23484, 37.74189 ], [ -122.23486, 37.74194 ], [ -122.23503, 37.74178 ], [ -122.23497, 37.7414 ], [ -122.23478, 37.7414 ], [ -122.23484, 37.74156 ], [ -122.2347, 37.74162 ], [ -122.2347, 37.74148 ], [ -122.23454, 37.74156 ], [ -122.23446, 37.74145 ], [ -122.23427, 37.74178 ], [ -122.23465, 37.74183 ], [ -122.23489, 37.74167 ], [ -122.23492, 37.74175 ], [ -122.23484, 37.74189 ] ], [ [ -122.23653, 37.74019 ], [ -122.23653, 37.74032 ], [ -122.23694, 37.7403 ], [ -122.23713, 37.73992 ], [ -122.23667, 37.73995 ], [ -122.23643, 37.74022 ], [ -122.23653, 37.74019 ] ], [ [ -122.22411, 37.74205 ], [ -122.22381, 37.74172 ], [ -122.22363, 37.74189 ], [ -122.22376, 37.74232 ], [ -122.22406, 37.7424 ], [ -122.22411, 37.74205 ] ], [ [ -122.23069, 37.73275 ], [ -122.23044, 37.73267 ], [ -122.23036, 37.73289 ], [ -122.23036, 37.73251 ], [ -122.23017, 37.73232 ], [ -122.23012, 37.73256 ], [ -122.2302, 37.73251 ], [ -122.2302, 37.73302 ], [ -122.23052, 37.73291 ], [ -122.23079, 37.73302 ], [ -122.23098, 37.73256 ], [ -122.23087, 37.73259 ], [ -122.23079, 37.73243 ], [ -122.23077, 37.73267 ], [ -122.23069, 37.73275 ] ], [ [ -122.23015, 37.73229 ], [ -122.23015, 37.73232 ], [ -122.23017, 37.73232 ], [ -122.23015, 37.73229 ] ], [ [ -122.23077, 37.73509 ], [ -122.23082, 37.73509 ], [ -122.23077, 37.73507 ], [ -122.23077, 37.73509 ] ], [ [ -122.23034, 37.73485 ], [ -122.23034, 37.73523 ], [ -122.23044, 37.73507 ], [ -122.23104, 37.73504 ], [ -122.23104, 37.73458 ], [ -122.23098, 37.73477 ], [ -122.23071, 37.73491 ], [ -122.23077, 37.73461 ], [ -122.23042, 37.73453 ], [ -122.23055, 37.73469 ], [ -122.23034, 37.73485 ] ], [ [ -122.2375, 37.7393 ], [ -122.23788, 37.7393 ], [ -122.23785, 37.73868 ], [ -122.23767, 37.73873 ], [ -122.23732, 37.73795 ], [ -122.23683, 37.73803 ], [ -122.23662, 37.73822 ], [ -122.23688, 37.73811 ], [ -122.23718, 37.73822 ], [ -122.23713, 37.73803 ], [ -122.23729, 37.73806 ], [ -122.23777, 37.739 ], [ -122.23777, 37.73919 ], [ -122.2375, 37.7393 ] ], [ [ -122.22233, 37.74342 ], [ -122.22236, 37.74342 ], [ -122.22233, 37.7434 ], [ -122.22233, 37.74342 ] ], [ [ -122.2216, 37.74296 ], [ -122.22198, 37.7434 ], [ -122.22233, 37.74337 ], [ -122.2223, 37.74321 ], [ -122.22249, 37.74318 ], [ -122.22206, 37.74323 ], [ -122.22155, 37.74269 ], [ -122.22155, 37.74286 ], [ -122.22131, 37.74302 ], [ -122.22133, 37.74313 ], [ -122.2216, 37.74296 ] ], [ [ -122.22147, 37.74326 ], [ -122.22139, 37.74313 ], [ -122.22139, 37.74318 ], [ -122.22147, 37.74326 ] ], [ [ -122.2215, 37.74329 ], [ -122.2215, 37.74326 ], [ -122.22147, 37.74326 ], [ -122.2215, 37.74329 ] ], [ [ -122.2215, 37.74334 ], [ -122.22169, 37.74358 ], [ -122.22142, 37.74377 ], [ -122.22177, 37.74364 ], [ -122.2215, 37.74334 ] ], [ [ -122.22136, 37.7438 ], [ -122.22142, 37.7438 ], [ -122.22142, 37.74377 ], [ -122.22136, 37.7438 ] ], [ [ -122.2212, 37.74388 ], [ -122.22133, 37.74385 ], [ -122.2212, 37.74385 ], [ -122.2212, 37.74388 ] ], [ [ -122.22115, 37.74391 ], [ -122.2212, 37.74391 ], [ -122.2212, 37.74388 ], [ -122.22115, 37.74391 ] ], [ [ -122.22112, 37.74393 ], [ -122.22115, 37.74393 ], [ -122.22115, 37.74391 ], [ -122.22112, 37.74393 ] ], [ [ -122.23322, 37.73553 ], [ -122.2333, 37.73598 ], [ -122.23392, 37.73598 ], [ -122.23357, 37.7355 ], [ -122.23322, 37.73553 ] ], [ [ -122.21276, 37.72208 ], [ -122.21282, 37.72208 ], [ -122.21276, 37.72205 ], [ -122.21276, 37.72208 ] ], [ [ -122.21271, 37.72202 ], [ -122.21271, 37.72205 ], [ -122.21276, 37.72205 ], [ -122.21271, 37.72202 ] ], [ [ -122.21322, 37.72197 ], [ -122.21247, 37.7217 ], [ -122.2115, 37.72162 ], [ -122.21193, 37.72192 ], [ -122.21271, 37.722 ], [ -122.2126, 37.72197 ], [ -122.21322, 37.72197 ] ], [ [ -122.23675, 37.73911 ], [ -122.23683, 37.73911 ], [ -122.23672, 37.73898 ], [ -122.23675, 37.73911 ] ], [ [ -122.23624, 37.73871 ], [ -122.23608, 37.73873 ], [ -122.23624, 37.73908 ], [ -122.23613, 37.73927 ], [ -122.23637, 37.73922 ], [ -122.23648, 37.73935 ], [ -122.23664, 37.73922 ], [ -122.23723, 37.73919 ], [ -122.2367, 37.73911 ], [ -122.23651, 37.73892 ], [ -122.23629, 37.73908 ], [ -122.23643, 37.73889 ], [ -122.23648, 37.7383 ], [ -122.23664, 37.73809 ], [ -122.23659, 37.73801 ], [ -122.23637, 37.73822 ], [ -122.23624, 37.73871 ] ], [ [ -122.22214, 37.71647 ], [ -122.22195, 37.71672 ], [ -122.22276, 37.71742 ], [ -122.22309, 37.71723 ], [ -122.22298, 37.71709 ], [ -122.22214, 37.71647 ] ], [ [ -122.22939, 37.73108 ], [ -122.22937, 37.73108 ], [ -122.22939, 37.73113 ], [ -122.22939, 37.73108 ] ], [ [ -122.22977, 37.73205 ], [ -122.22999, 37.73208 ], [ -122.23001, 37.7324 ], [ -122.23012, 37.73232 ], [ -122.23012, 37.73167 ], [ -122.22988, 37.73167 ], [ -122.22985, 37.73191 ], [ -122.22969, 37.73194 ], [ -122.22953, 37.73146 ], [ -122.22928, 37.73135 ], [ -122.22931, 37.73113 ], [ -122.22904, 37.73111 ], [ -122.22912, 37.73135 ], [ -122.22926, 37.7313 ], [ -122.22912, 37.73175 ], [ -122.22931, 37.73194 ], [ -122.22945, 37.73186 ], [ -122.22961, 37.73221 ], [ -122.22977, 37.73205 ] ], [ [ -122.23556, 37.74641 ], [ -122.2357, 37.74596 ], [ -122.23559, 37.74582 ], [ -122.23567, 37.74547 ], [ -122.23511, 37.74577 ], [ -122.23513, 37.74587 ], [ -122.23494, 37.74582 ], [ -122.23489, 37.74598 ], [ -122.235, 37.74631 ], [ -122.23521, 37.74647 ], [ -122.23543, 37.74636 ], [ -122.23556, 37.74641 ] ], [ [ -122.22287, 37.71448 ], [ -122.22284, 37.71407 ], [ -122.22169, 37.7141 ], [ -122.2215, 37.71429 ], [ -122.22152, 37.71451 ], [ -122.22287, 37.71448 ] ], [ [ -122.22753, 37.72607 ], [ -122.22802, 37.72582 ], [ -122.22823, 37.72542 ], [ -122.22791, 37.7252 ], [ -122.22743, 37.72534 ], [ -122.22721, 37.72599 ], [ -122.22753, 37.72607 ] ], [ [ -122.22266, 37.72488 ], [ -122.22152, 37.72448 ], [ -122.22117, 37.72418 ], [ -122.22069, 37.72399 ], [ -122.21964, 37.72388 ], [ -122.22166, 37.72475 ], [ -122.22266, 37.72488 ] ], [ [ -122.21956, 37.72386 ], [ -122.21956, 37.72388 ], [ -122.21964, 37.72388 ], [ -122.21956, 37.72386 ] ], [ [ -122.2195, 37.72383 ], [ -122.2195, 37.72386 ], [ -122.21956, 37.72386 ], [ -122.2195, 37.72383 ] ], [ [ -122.2284, 37.7258 ], [ -122.22767, 37.72634 ], [ -122.22732, 37.72639 ], [ -122.2284, 37.72663 ], [ -122.2292, 37.72534 ], [ -122.22912, 37.72467 ], [ -122.22875, 37.72469 ], [ -122.2284, 37.7258 ] ], [ [ -122.22848, 37.72445 ], [ -122.22867, 37.72469 ], [ -122.22858, 37.72448 ], [ -122.22848, 37.72445 ] ], [ [ -122.23004, 37.73092 ], [ -122.23031, 37.73097 ], [ -122.22988, 37.73027 ], [ -122.23047, 37.73019 ], [ -122.23077, 37.73 ], [ -122.23071, 37.72987 ], [ -122.23009, 37.72946 ], [ -122.22953, 37.7293 ], [ -122.2292, 37.72944 ], [ -122.22904, 37.73008 ], [ -122.2288, 37.73041 ], [ -122.22902, 37.73103 ], [ -122.22947, 37.73097 ], [ -122.22953, 37.73062 ], [ -122.22982, 37.73062 ], [ -122.22982, 37.73051 ], [ -122.23004, 37.73092 ] ], [ [ -122.22961, 37.74261 ], [ -122.23012, 37.7431 ], [ -122.23042, 37.74291 ], [ -122.23066, 37.7431 ], [ -122.23079, 37.7431 ], [ -122.23087, 37.74361 ], [ -122.23131, 37.74431 ], [ -122.23131, 37.74453 ], [ -122.23147, 37.74453 ], [ -122.23141, 37.74472 ], [ -122.23163, 37.74488 ], [ -122.23198, 37.74488 ], [ -122.23217, 37.7445 ], [ -122.23201, 37.74431 ], [ -122.23214, 37.74426 ], [ -122.23096, 37.7428 ], [ -122.23066, 37.74304 ], [ -122.23063, 37.7428 ], [ -122.23042, 37.74259 ], [ -122.23004, 37.74245 ], [ -122.22988, 37.74261 ], [ -122.22972, 37.74248 ], [ -122.22939, 37.74245 ], [ -122.22915, 37.7428 ], [ -122.22931, 37.74329 ], [ -122.22955, 37.74334 ], [ -122.22982, 37.74364 ], [ -122.23001, 37.74337 ], [ -122.22988, 37.74334 ], [ -122.22996, 37.74318 ], [ -122.22977, 37.74307 ], [ -122.22961, 37.74261 ] ], [ [ -122.23721, 37.7186 ], [ -122.23411, 37.71712 ], [ -122.23039, 37.71469 ], [ -122.23408, 37.71739 ], [ -122.23715, 37.71884 ], [ -122.2374, 37.71919 ], [ -122.23812, 37.71952 ], [ -122.23826, 37.71938 ], [ -122.23936, 37.72006 ], [ -122.23931, 37.71987 ], [ -122.23721, 37.7186 ] ], [ [ -122.23233, 37.74307 ], [ -122.2322, 37.74304 ], [ -122.23206, 37.74318 ], [ -122.23222, 37.74358 ], [ -122.23252, 37.74388 ], [ -122.23276, 37.74385 ], [ -122.23287, 37.74366 ], [ -122.23271, 37.74404 ], [ -122.23298, 37.74385 ], [ -122.23282, 37.74404 ], [ -122.23298, 37.74418 ], [ -122.23287, 37.74431 ], [ -122.23298, 37.74431 ], [ -122.23308, 37.74415 ], [ -122.23349, 37.74399 ], [ -122.23341, 37.7438 ], [ -122.23306, 37.74388 ], [ -122.23311, 37.74345 ], [ -122.23322, 37.74364 ], [ -122.23333, 37.74348 ], [ -122.23346, 37.74369 ], [ -122.23408, 37.7434 ], [ -122.23494, 37.74237 ], [ -122.23435, 37.74296 ], [ -122.23441, 37.74275 ], [ -122.23422, 37.74288 ], [ -122.23427, 37.74261 ], [ -122.23403, 37.74261 ], [ -122.23441, 37.74234 ], [ -122.23424, 37.74199 ], [ -122.23414, 37.74213 ], [ -122.23427, 37.74221 ], [ -122.23408, 37.74248 ], [ -122.23373, 37.74256 ], [ -122.2337, 37.74269 ], [ -122.23349, 37.74286 ], [ -122.2337, 37.7428 ], [ -122.2337, 37.74294 ], [ -122.23395, 37.74302 ], [ -122.23408, 37.74294 ], [ -122.23405, 37.74304 ], [ -122.23333, 37.74291 ], [ -122.23314, 37.74323 ], [ -122.23292, 37.74334 ], [ -122.23284, 37.74318 ], [ -122.23314, 37.74283 ], [ -122.23308, 37.74237 ], [ -122.23287, 37.74213 ], [ -122.23271, 37.74243 ], [ -122.23252, 37.74226 ], [ -122.23222, 37.74234 ], [ -122.23233, 37.74199 ], [ -122.23203, 37.74221 ], [ -122.23201, 37.74272 ], [ -122.2323, 37.74288 ], [ -122.23257, 37.74288 ], [ -122.2323, 37.74329 ], [ -122.23233, 37.74307 ] ], [ [ -122.21894, 37.74334 ], [ -122.21896, 37.74334 ], [ -122.21894, 37.74331 ], [ -122.21894, 37.74334 ] ], [ [ -122.21753, 37.74156 ], [ -122.21753, 37.7414 ], [ -122.21732, 37.7414 ], [ -122.21894, 37.74329 ], [ -122.21875, 37.74302 ], [ -122.21899, 37.74302 ], [ -122.22061, 37.74207 ], [ -122.22018, 37.7414 ], [ -122.21999, 37.74119 ], [ -122.21931, 37.74119 ], [ -122.21783, 37.74191 ], [ -122.21753, 37.74156 ] ], [ [ -122.21759, 37.74137 ], [ -122.21753, 37.74137 ], [ -122.21753, 37.7414 ], [ -122.21759, 37.74137 ] ], [ [ -122.21764, 37.74137 ], [ -122.21789, 37.74132 ], [ -122.21789, 37.74121 ], [ -122.21772, 37.74121 ], [ -122.21764, 37.74137 ] ], [ [ -122.21799, 37.74113 ], [ -122.21786, 37.74116 ], [ -122.21799, 37.74119 ], [ -122.21799, 37.74113 ] ], [ [ -122.22807, 37.73526 ], [ -122.22807, 37.73523 ], [ -122.22805, 37.73526 ], [ -122.22807, 37.73526 ] ], [ [ -122.22896, 37.73372 ], [ -122.22907, 37.7338 ], [ -122.22926, 37.73372 ], [ -122.22915, 37.73364 ], [ -122.22926, 37.73334 ], [ -122.22907, 37.73262 ], [ -122.22864, 37.73283 ], [ -122.22861, 37.73299 ], [ -122.22875, 37.73307 ], [ -122.22853, 37.73318 ], [ -122.22842, 37.7331 ], [ -122.22831, 37.73324 ], [ -122.22815, 37.73318 ], [ -122.2281, 37.73329 ], [ -122.22761, 37.73324 ], [ -122.22788, 37.73313 ], [ -122.22751, 37.73313 ], [ -122.22743, 37.73294 ], [ -122.22686, 37.73407 ], [ -122.22699, 37.73418 ], [ -122.22683, 37.73456 ], [ -122.22694, 37.73539 ], [ -122.22686, 37.73639 ], [ -122.22691, 37.73639 ], [ -122.22694, 37.73668 ], [ -122.22713, 37.73671 ], [ -122.2271, 37.73695 ], [ -122.22691, 37.73693 ], [ -122.22694, 37.73747 ], [ -122.22683, 37.73752 ], [ -122.22694, 37.73768 ], [ -122.22689, 37.73809 ], [ -122.22708, 37.73841 ], [ -122.22686, 37.73863 ], [ -122.22691, 37.73976 ], [ -122.22694, 37.739 ], [ -122.22702, 37.73906 ], [ -122.22716, 37.73876 ], [ -122.22724, 37.73887 ], [ -122.22751, 37.73879 ], [ -122.22751, 37.73798 ], [ -122.22788, 37.73803 ], [ -122.22788, 37.73795 ], [ -122.22829, 37.73792 ], [ -122.22786, 37.73787 ], [ -122.2278, 37.73776 ], [ -122.22775, 37.7379 ], [ -122.22753, 37.73782 ], [ -122.22778, 37.73709 ], [ -122.22764, 37.73706 ], [ -122.22764, 37.73728 ], [ -122.22756, 37.73733 ], [ -122.22759, 37.73701 ], [ -122.2278, 37.73658 ], [ -122.22761, 37.73642 ], [ -122.22767, 37.73601 ], [ -122.22753, 37.73615 ], [ -122.22751, 37.73604 ], [ -122.22786, 37.73571 ], [ -122.22791, 37.73596 ], [ -122.22799, 37.73571 ], [ -122.2281, 37.73574 ], [ -122.22794, 37.73607 ], [ -122.22815, 37.73607 ], [ -122.2284, 37.73582 ], [ -122.22845, 37.73555 ], [ -122.22885, 37.73518 ], [ -122.22867, 37.73496 ], [ -122.22893, 37.73493 ], [ -122.22893, 37.73458 ], [ -122.22883, 37.73483 ], [ -122.22869, 37.7348 ], [ -122.22853, 37.73496 ], [ -122.2285, 37.73518 ], [ -122.22813, 37.73528 ], [ -122.22802, 37.73526 ], [ -122.22813, 37.73504 ], [ -122.22848, 37.73474 ], [ -122.2285, 37.73453 ], [ -122.22867, 37.73461 ], [ -122.22877, 37.73445 ], [ -122.22858, 37.73404 ], [ -122.22904, 37.73388 ], [ -122.22896, 37.73372 ] ] ], [ [ [ -122.24047, 37.72157 ], [ -122.2409, 37.72162 ], [ -122.24095, 37.72181 ], [ -122.24122, 37.72192 ], [ -122.24141, 37.72184 ], [ -122.24147, 37.72202 ], [ -122.24165, 37.72197 ], [ -122.24163, 37.72211 ], [ -122.24209, 37.72224 ], [ -122.24222, 37.72235 ], [ -122.24214, 37.72251 ], [ -122.24233, 37.72262 ], [ -122.24227, 37.72289 ], [ -122.24206, 37.72294 ], [ -122.24211, 37.7231 ], [ -122.24338, 37.72399 ], [ -122.24408, 37.72426 ], [ -122.24465, 37.72469 ], [ -122.24564, 37.72504 ], [ -122.24669, 37.72491 ], [ -122.24699, 37.72461 ], [ -122.24683, 37.72434 ], [ -122.24702, 37.72432 ], [ -122.24715, 37.72448 ], [ -122.24726, 37.72426 ], [ -122.24699, 37.72396 ], [ -122.24667, 37.72391 ], [ -122.2464, 37.72356 ], [ -122.24683, 37.72334 ], [ -122.24707, 37.72356 ], [ -122.24726, 37.72348 ], [ -122.24748, 37.72356 ], [ -122.24702, 37.72316 ], [ -122.24688, 37.72286 ], [ -122.24718, 37.72302 ], [ -122.24723, 37.72294 ], [ -122.2451, 37.72151 ], [ -122.24475, 37.72135 ], [ -122.24467, 37.72143 ], [ -122.24451, 37.72132 ], [ -122.24454, 37.72146 ], [ -122.24416, 37.72135 ], [ -122.24478, 37.72057 ], [ -122.24478, 37.72019 ], [ -122.24497, 37.72003 ], [ -122.24618, 37.72081 ], [ -122.24672, 37.72132 ], [ -122.24872, 37.72254 ], [ -122.2489, 37.72294 ], [ -122.24939, 37.72302 ], [ -122.25001, 37.72353 ], [ -122.25068, 37.72421 ], [ -122.25093, 37.72485 ], [ -122.25084, 37.72529 ], [ -122.25055, 37.72553 ], [ -122.2499, 37.72529 ], [ -122.24993, 37.72542 ], [ -122.25036, 37.72561 ], [ -122.25017, 37.72596 ], [ -122.24987, 37.72607 ], [ -122.24974, 37.72593 ], [ -122.24977, 37.72612 ], [ -122.24942, 37.72601 ], [ -122.24931, 37.72615 ], [ -122.24885, 37.72612 ], [ -122.24842, 37.72674 ], [ -122.24761, 37.72744 ], [ -122.2471, 37.72766 ], [ -122.24513, 37.7258 ], [ -122.24341, 37.7248 ], [ -122.24133, 37.7234 ], [ -122.24106, 37.7231 ], [ -122.24085, 37.72308 ], [ -122.23667, 37.72022 ], [ -122.23626, 37.72011 ], [ -122.236, 37.72016 ], [ -122.2361, 37.72003 ], [ -122.23632, 37.72003 ], [ -122.23632, 37.71976 ], [ -122.23662, 37.71957 ], [ -122.23893, 37.72062 ], [ -122.23947, 37.72119 ], [ -122.23988, 37.7214 ], [ -122.23974, 37.72108 ], [ -122.2398, 37.72105 ], [ -122.24036, 37.72146 ], [ -122.24033, 37.7217 ], [ -122.24047, 37.72157 ] ], [ [ -122.24723, 37.72442 ], [ -122.24731, 37.72456 ], [ -122.24739, 37.7244 ], [ -122.24723, 37.72442 ] ], [ [ -122.24847, 37.72426 ], [ -122.24839, 37.72426 ], [ -122.24847, 37.72437 ], [ -122.24847, 37.72426 ] ], [ [ -122.24723, 37.72407 ], [ -122.2475, 37.72402 ], [ -122.2475, 37.72383 ], [ -122.24715, 37.72383 ], [ -122.24723, 37.72407 ] ], [ [ -122.24174, 37.72235 ], [ -122.24179, 37.72243 ], [ -122.24192, 37.72229 ], [ -122.24174, 37.72235 ] ], [ [ -122.24101, 37.72213 ], [ -122.24106, 37.72213 ], [ -122.24103, 37.72211 ], [ -122.24101, 37.72213 ] ], [ [ -122.24047, 37.72175 ], [ -122.24047, 37.72173 ], [ -122.24044, 37.72175 ], [ -122.24047, 37.72175 ] ] ], [ [ [ -122.23225, 37.72949 ], [ -122.23209, 37.72962 ], [ -122.23244, 37.72919 ], [ -122.23287, 37.7289 ], [ -122.23263, 37.72917 ], [ -122.23282, 37.72927 ], [ -122.23282, 37.72933 ], [ -122.2326, 37.72933 ], [ -122.23236, 37.72957 ], [ -122.23225, 37.72949 ] ], [ [ -122.2323, 37.72946 ], [ -122.2323, 37.72949 ], [ -122.23233, 37.72946 ], [ -122.2323, 37.72946 ] ] ], [ [ [ -122.25246, 37.73461 ], [ -122.25216, 37.73469 ], [ -122.25195, 37.73453 ], [ -122.2516, 37.7345 ], [ -122.25157, 37.73421 ], [ -122.25122, 37.73402 ], [ -122.25084, 37.73396 ], [ -122.25025, 37.73359 ], [ -122.24958, 37.73342 ], [ -122.24939, 37.73302 ], [ -122.24839, 37.73253 ], [ -122.24691, 37.73146 ], [ -122.24704, 37.73116 ], [ -122.24734, 37.73119 ], [ -122.24869, 37.73229 ], [ -122.2495, 37.73267 ], [ -122.25052, 37.7334 ], [ -122.2509, 37.73361 ], [ -122.25144, 37.73372 ], [ -122.25219, 37.73429 ], [ -122.25249, 37.73437 ], [ -122.25246, 37.73461 ] ] ], [ [ [ -122.25416, 37.73566 ], [ -122.25297, 37.73491 ], [ -122.25308, 37.73472 ], [ -122.25375, 37.73485 ], [ -122.25411, 37.73526 ], [ -122.25454, 37.73536 ], [ -122.25467, 37.73582 ], [ -122.25513, 37.73623 ], [ -122.25508, 37.73647 ], [ -122.25462, 37.73639 ], [ -122.25416, 37.73566 ] ] ], [ [ [ -122.25844, 37.74108 ], [ -122.25879, 37.74054 ], [ -122.25893, 37.73995 ], [ -122.25925, 37.73989 ], [ -122.25936, 37.74016 ], [ -122.25914, 37.74102 ], [ -122.25879, 37.7414 ], [ -122.25793, 37.7417 ], [ -122.2568, 37.74178 ], [ -122.25564, 37.7411 ], [ -122.25491, 37.74089 ], [ -122.2544, 37.74038 ], [ -122.25351, 37.74 ], [ -122.25305, 37.73965 ], [ -122.25262, 37.73995 ], [ -122.25222, 37.74073 ], [ -122.25187, 37.74075 ], [ -122.25157, 37.74057 ], [ -122.2516, 37.74038 ], [ -122.25203, 37.74 ], [ -122.25238, 37.73925 ], [ -122.25276, 37.73914 ], [ -122.25327, 37.73916 ], [ -122.25384, 37.73951 ], [ -122.25419, 37.73954 ], [ -122.25486, 37.74024 ], [ -122.25551, 37.74048 ], [ -122.25564, 37.74067 ], [ -122.25591, 37.74073 ], [ -122.25694, 37.74135 ], [ -122.25844, 37.74108 ] ], [ [ -122.25669, 37.74148 ], [ -122.25683, 37.74143 ], [ -122.25667, 37.74137 ], [ -122.25669, 37.74148 ] ] ], [ [ [ -122.24335, 37.74003 ], [ -122.24408, 37.74008 ], [ -122.24438, 37.73978 ], [ -122.24529, 37.73951 ], [ -122.24605, 37.73962 ], [ -122.24642, 37.73925 ], [ -122.24659, 37.73933 ], [ -122.24659, 37.73997 ], [ -122.24734, 37.74016 ], [ -122.2482, 37.73997 ], [ -122.24834, 37.73965 ], [ -122.24958, 37.74003 ], [ -122.25009, 37.73965 ], [ -122.25036, 37.74008 ], [ -122.25109, 37.73997 ], [ -122.25138, 37.74019 ], [ -122.25111, 37.74038 ], [ -122.25031, 37.74038 ], [ -122.25009, 37.74027 ], [ -122.2499, 37.7404 ], [ -122.2488, 37.74048 ], [ -122.24828, 37.74035 ], [ -122.24793, 37.7407 ], [ -122.24694, 37.74097 ], [ -122.24656, 37.74073 ], [ -122.24637, 37.74032 ], [ -122.24597, 37.74008 ], [ -122.24535, 37.73995 ], [ -122.24467, 37.74019 ], [ -122.24454, 37.74035 ], [ -122.24413, 37.74038 ], [ -122.24386, 37.74065 ], [ -122.24357, 37.74067 ], [ -122.24265, 37.74 ], [ -122.24227, 37.73892 ], [ -122.24201, 37.73873 ], [ -122.24103, 37.73884 ], [ -122.24044, 37.73879 ], [ -122.24017, 37.73914 ], [ -122.2405, 37.74051 ], [ -122.24074, 37.74084 ], [ -122.24093, 37.74081 ], [ -122.2409, 37.74119 ], [ -122.24112, 37.74151 ], [ -122.24125, 37.74151 ], [ -122.24125, 37.74197 ], [ -122.24149, 37.74216 ], [ -122.24201, 37.74226 ], [ -122.24214, 37.74251 ], [ -122.24211, 37.74278 ], [ -122.24176, 37.74299 ], [ -122.24176, 37.74326 ], [ -122.24133, 37.7435 ], [ -122.24122, 37.74391 ], [ -122.24095, 37.74402 ], [ -122.24071, 37.74442 ], [ -122.2405, 37.74442 ], [ -122.24041, 37.7442 ], [ -122.24068, 37.74372 ], [ -122.24087, 37.74366 ], [ -122.24098, 37.74334 ], [ -122.24133, 37.74313 ], [ -122.24149, 37.74286 ], [ -122.2409, 37.74243 ], [ -122.24098, 37.74213 ], [ -122.24074, 37.74191 ], [ -122.24068, 37.74145 ], [ -122.24028, 37.74127 ], [ -122.24041, 37.74094 ], [ -122.23971, 37.73995 ], [ -122.23974, 37.73898 ], [ -122.24017, 37.7379 ], [ -122.2405, 37.73782 ], [ -122.2406, 37.73766 ], [ -122.24074, 37.73766 ], [ -122.24087, 37.73787 ], [ -122.2412, 37.73801 ], [ -122.24133, 37.7383 ], [ -122.24252, 37.73833 ], [ -122.2426, 37.73873 ], [ -122.24289, 37.73903 ], [ -122.24284, 37.73941 ], [ -122.24308, 37.73986 ], [ -122.24335, 37.74003 ] ], [ [ -122.24653, 37.73984 ], [ -122.24648, 37.73986 ], [ -122.24653, 37.73992 ], [ -122.24653, 37.73984 ] ] ], [ [ [ -122.22659, 37.74428 ], [ -122.22648, 37.74512 ], [ -122.22632, 37.74512 ], [ -122.22654, 37.7452 ], [ -122.22395, 37.74536 ], [ -122.22349, 37.74496 ], [ -122.22341, 37.74472 ], [ -122.22352, 37.74472 ], [ -122.22349, 37.74485 ], [ -122.224, 37.74499 ], [ -122.22621, 37.74509 ], [ -122.2264, 37.74466 ], [ -122.22635, 37.74404 ], [ -122.22648, 37.74407 ], [ -122.2264, 37.74415 ], [ -122.22654, 37.74439 ], [ -122.22656, 37.74366 ], [ -122.22659, 37.74428 ] ], [ [ -122.22346, 37.7448 ], [ -122.22349, 37.7448 ], [ -122.22346, 37.74477 ], [ -122.22346, 37.7448 ] ] ], [ [ [ -122.24233, 37.74746 ], [ -122.24187, 37.74752 ], [ -122.24168, 37.74776 ], [ -122.24147, 37.74757 ], [ -122.2412, 37.74755 ], [ -122.24149, 37.74746 ], [ -122.24152, 37.7469 ], [ -122.2413, 37.74647 ], [ -122.24176, 37.74601 ], [ -122.24141, 37.74563 ], [ -122.2409, 37.74561 ], [ -122.24066, 37.74525 ], [ -122.2402, 37.74499 ], [ -122.24031, 37.74477 ], [ -122.24068, 37.74493 ], [ -122.24152, 37.74501 ], [ -122.24176, 37.74531 ], [ -122.24201, 37.74534 ], [ -122.24217, 37.74552 ], [ -122.24225, 37.7462 ], [ -122.2419, 37.74658 ], [ -122.24192, 37.74736 ], [ -122.24233, 37.74746 ] ] ], [ [ [ -122.24219, 37.75269 ], [ -122.24179, 37.75288 ], [ -122.24128, 37.75256 ], [ -122.24128, 37.75242 ], [ -122.24203, 37.75232 ], [ -122.24349, 37.75277 ], [ -122.24338, 37.75345 ], [ -122.2443, 37.75418 ], [ -122.24475, 37.75418 ], [ -122.24513, 37.75388 ], [ -122.24572, 37.75401 ], [ -122.24567, 37.75442 ], [ -122.24524, 37.75423 ], [ -122.24489, 37.75466 ], [ -122.24459, 37.75469 ], [ -122.24411, 37.75442 ], [ -122.24392, 37.75444 ], [ -122.24386, 37.75426 ], [ -122.243, 37.75364 ], [ -122.24268, 37.75296 ], [ -122.24219, 37.75269 ] ], [ [ -122.24564, 37.75436 ], [ -122.24564, 37.75434 ], [ -122.24562, 37.75436 ], [ -122.24564, 37.75436 ] ] ], [ [ [ -122.24745, 37.75544 ], [ -122.24718, 37.75533 ], [ -122.24721, 37.75512 ], [ -122.24648, 37.75477 ], [ -122.24626, 37.75477 ], [ -122.24589, 37.7545 ], [ -122.24613, 37.7542 ], [ -122.2464, 37.7542 ], [ -122.24723, 37.7545 ], [ -122.24823, 37.75509 ], [ -122.24882, 37.75568 ], [ -122.24882, 37.75617 ], [ -122.24855, 37.75625 ], [ -122.24818, 37.75614 ], [ -122.24734, 37.75563 ], [ -122.24745, 37.75544 ] ] ], [ [ [ -122.21508, 37.76043 ], [ -122.21514, 37.76064 ], [ -122.21495, 37.76072 ], [ -122.21444, 37.76013 ], [ -122.21506, 37.75978 ], [ -122.21551, 37.76032 ], [ -122.21508, 37.76043 ] ] ], [ [ [ -122.25324, 37.76213 ], [ -122.25297, 37.76245 ], [ -122.25184, 37.76161 ], [ -122.25184, 37.76145 ], [ -122.25049, 37.76018 ], [ -122.25012, 37.75943 ], [ -122.24963, 37.75905 ], [ -122.24896, 37.75822 ], [ -122.24915, 37.75819 ], [ -122.25044, 37.75897 ], [ -122.25033, 37.7593 ], [ -122.25222, 37.76137 ], [ -122.25243, 37.76142 ], [ -122.25281, 37.76121 ], [ -122.25324, 37.76142 ], [ -122.25314, 37.76177 ], [ -122.25324, 37.76213 ] ] ], [ [ [ -122.25853, 37.76301 ], [ -122.25863, 37.76264 ], [ -122.25888, 37.76256 ], [ -122.25898, 37.76261 ], [ -122.2589, 37.76301 ], [ -122.25831, 37.76398 ], [ -122.25836, 37.76417 ], [ -122.25866, 37.76436 ], [ -122.25912, 37.76428 ], [ -122.2596, 37.76353 ], [ -122.25987, 37.7628 ], [ -122.26017, 37.76285 ], [ -122.26006, 37.76328 ], [ -122.26033, 37.76342 ], [ -122.26082, 37.76342 ], [ -122.26098, 37.7631 ], [ -122.26117, 37.76307 ], [ -122.26133, 37.76315 ], [ -122.26152, 37.76366 ], [ -122.26195, 37.76382 ], [ -122.26219, 37.76355 ], [ -122.26259, 37.76366 ], [ -122.26227, 37.76431 ], [ -122.26259, 37.7646 ], [ -122.263, 37.7646 ], [ -122.2634, 37.76398 ], [ -122.2641, 37.7642 ], [ -122.26383, 37.76514 ], [ -122.26416, 37.76536 ], [ -122.2644, 37.76539 ], [ -122.26462, 37.76522 ], [ -122.26489, 37.76455 ], [ -122.26534, 37.76466 ], [ -122.26497, 37.76549 ], [ -122.26515, 37.76576 ], [ -122.26575, 37.76576 ], [ -122.26612, 37.76501 ], [ -122.26656, 37.76512 ], [ -122.2661, 37.76598 ], [ -122.26612, 37.76617 ], [ -122.26637, 37.76633 ], [ -122.26688, 37.7663 ], [ -122.26736, 37.76547 ], [ -122.26769, 37.76552 ], [ -122.26777, 37.76563 ], [ -122.2672, 37.76652 ], [ -122.2672, 37.76679 ], [ -122.26745, 37.76695 ], [ -122.26793, 37.76692 ], [ -122.2685, 37.76595 ], [ -122.26882, 37.76595 ], [ -122.26893, 37.76609 ], [ -122.26828, 37.76716 ], [ -122.26831, 37.76735 ], [ -122.26863, 37.76754 ], [ -122.26887, 37.76757 ], [ -122.26912, 37.76741 ], [ -122.26974, 37.76633 ], [ -122.27011, 37.76646 ], [ -122.26949, 37.76754 ], [ -122.26976, 37.76787 ], [ -122.27022, 37.76789 ], [ -122.27089, 37.76679 ], [ -122.27106, 37.76679 ], [ -122.27111, 37.76795 ], [ -122.27089, 37.76851 ], [ -122.27057, 37.76862 ], [ -122.26968, 37.76811 ], [ -122.2685, 37.76781 ], [ -122.26755, 37.76743 ], [ -122.26723, 37.76714 ], [ -122.26591, 37.7666 ], [ -122.26521, 37.76609 ], [ -122.26494, 37.76606 ], [ -122.26224, 37.76479 ], [ -122.26144, 37.76436 ], [ -122.26165, 37.76388 ], [ -122.26133, 37.76372 ], [ -122.261, 37.76369 ], [ -122.2609, 37.76382 ], [ -122.26049, 37.76372 ], [ -122.26041, 37.76382 ], [ -122.25993, 37.76382 ], [ -122.25944, 37.76428 ], [ -122.25928, 37.76466 ], [ -122.25906, 37.76474 ], [ -122.25863, 37.76469 ], [ -122.25793, 37.76431 ], [ -122.25739, 37.76428 ], [ -122.25688, 37.76442 ], [ -122.25586, 37.76393 ], [ -122.25575, 37.76372 ], [ -122.25532, 37.76358 ], [ -122.25464, 37.76312 ], [ -122.25467, 37.76261 ], [ -122.25529, 37.76169 ], [ -122.25556, 37.76175 ], [ -122.25559, 37.76188 ], [ -122.2551, 37.76258 ], [ -122.25513, 37.76283 ], [ -122.25551, 37.76307 ], [ -122.25578, 37.76307 ], [ -122.2564, 37.7621 ], [ -122.25658, 37.76207 ], [ -122.25661, 37.76239 ], [ -122.25602, 37.76342 ], [ -122.25642, 37.76374 ], [ -122.25667, 37.76372 ], [ -122.25758, 37.76234 ], [ -122.2578, 37.76237 ], [ -122.25782, 37.76248 ], [ -122.2571, 37.76369 ], [ -122.25712, 37.76388 ], [ -122.25737, 37.76398 ], [ -122.25788, 37.76396 ], [ -122.25853, 37.76301 ] ] ], [ [ [ -122.27445, 37.76778 ], [ -122.2748, 37.76765 ], [ -122.27488, 37.76749 ], [ -122.27529, 37.7676 ], [ -122.27529, 37.76773 ], [ -122.27486, 37.76792 ], [ -122.27491, 37.76835 ], [ -122.27461, 37.7684 ], [ -122.2744, 37.76808 ], [ -122.27475, 37.76805 ], [ -122.27478, 37.76789 ], [ -122.27445, 37.76778 ] ] ], [ [ [ -122.21848, 37.77121 ], [ -122.21988, 37.77018 ], [ -122.22012, 37.77029 ], [ -122.21875, 37.77129 ], [ -122.21877, 37.77113 ], [ -122.21867, 37.77115 ], [ -122.21861, 37.77137 ], [ -122.21861, 37.77123 ], [ -122.21848, 37.77121 ] ], [ [ -122.21883, 37.7711 ], [ -122.21877, 37.7711 ], [ -122.21877, 37.77113 ], [ -122.21883, 37.7711 ] ], [ [ -122.21886, 37.77107 ], [ -122.21883, 37.77107 ], [ -122.21883, 37.7711 ], [ -122.21886, 37.77107 ] ], [ [ -122.21888, 37.77105 ], [ -122.21886, 37.77105 ], [ -122.21886, 37.77107 ], [ -122.21888, 37.77105 ] ] ], [ [ [ -122.31347, 37.77997 ], [ -122.31291, 37.78007 ], [ -122.31288, 37.77997 ], [ -122.31267, 37.77994 ], [ -122.31261, 37.7801 ], [ -122.3128, 37.78026 ], [ -122.31248, 37.78048 ], [ -122.31213, 37.7805 ], [ -122.31186, 37.78067 ], [ -122.31121, 37.78064 ], [ -122.31102, 37.7808 ], [ -122.3107, 37.78086 ], [ -122.31083, 37.77991 ], [ -122.31062, 37.77986 ], [ -122.31038, 37.77959 ], [ -122.31073, 37.77945 ], [ -122.311, 37.77948 ], [ -122.31118, 37.77935 ], [ -122.31108, 37.77951 ], [ -122.31135, 37.77956 ], [ -122.31218, 37.77945 ], [ -122.31221, 37.77967 ], [ -122.31199, 37.77991 ], [ -122.31207, 37.78015 ], [ -122.31224, 37.78015 ], [ -122.31253, 37.77988 ], [ -122.31291, 37.77991 ], [ -122.31315, 37.77975 ], [ -122.31334, 37.77978 ], [ -122.31347, 37.77997 ] ], [ [ -122.3121, 37.77948 ], [ -122.31207, 37.77948 ], [ -122.3121, 37.77951 ], [ -122.3121, 37.77948 ] ], [ [ -122.31197, 37.78053 ], [ -122.31197, 37.78056 ], [ -122.31199, 37.78053 ], [ -122.31197, 37.78053 ] ], [ [ -122.31086, 37.77986 ], [ -122.31086, 37.77988 ], [ -122.31089, 37.77986 ], [ -122.31086, 37.77986 ] ], [ [ -122.31323, 37.77983 ], [ -122.31323, 37.77986 ], [ -122.31326, 37.77983 ], [ -122.31323, 37.77983 ] ], [ [ -122.31218, 37.78034 ], [ -122.31218, 37.78037 ], [ -122.31221, 37.78034 ], [ -122.31218, 37.78034 ] ], [ [ -122.31253, 37.77997 ], [ -122.31253, 37.77999 ], [ -122.31256, 37.77997 ], [ -122.31253, 37.77997 ] ], [ [ -122.31299, 37.77991 ], [ -122.31299, 37.77994 ], [ -122.31307, 37.77991 ], [ -122.31299, 37.77991 ] ], [ [ -122.31199, 37.78037 ], [ -122.31199, 37.78042 ], [ -122.31205, 37.78037 ], [ -122.31199, 37.78037 ] ], [ [ -122.31304, 37.77986 ], [ -122.31304, 37.77988 ], [ -122.31318, 37.77983 ], [ -122.31304, 37.77986 ] ] ], [ [ [ -122.32719, 37.78158 ], [ -122.32819, 37.78164 ], [ -122.32899, 37.7829 ], [ -122.32884, 37.78285 ], [ -122.32878, 37.78293 ], [ -122.32873, 37.78282 ], [ -122.32878, 37.78347 ], [ -122.32892, 37.78344 ], [ -122.32892, 37.78355 ], [ -122.32936, 37.7835 ], [ -122.33067, 37.7856 ], [ -122.32954, 37.78538 ], [ -122.32929, 37.7849 ], [ -122.32889, 37.78463 ], [ -122.32846, 37.78401 ], [ -122.32846, 37.78382 ], [ -122.32835, 37.78385 ], [ -122.32752, 37.78301 ], [ -122.32706, 37.78209 ], [ -122.32719, 37.78158 ] ], [ [ -122.32857, 37.78304 ], [ -122.32859, 37.78301 ], [ -122.32857, 37.78301 ], [ -122.32857, 37.78304 ] ], [ [ -122.32867, 37.78317 ], [ -122.3287, 37.78315 ], [ -122.32867, 37.78315 ], [ -122.32867, 37.78317 ] ], [ [ -122.32921, 37.78393 ], [ -122.32924, 37.7839 ], [ -122.32921, 37.7839 ], [ -122.32921, 37.78393 ] ], [ [ -122.32859, 37.78328 ], [ -122.32865, 37.78325 ], [ -122.32859, 37.78325 ], [ -122.32859, 37.78328 ] ], [ [ -122.32954, 37.78401 ], [ -122.32962, 37.78398 ], [ -122.32954, 37.78398 ], [ -122.32954, 37.78401 ] ], [ [ -122.32849, 37.78333 ], [ -122.32857, 37.78328 ], [ -122.32849, 37.78328 ], [ -122.32849, 37.78333 ] ], [ [ -122.32943, 37.78395 ], [ -122.32938, 37.7839 ], [ -122.32929, 37.7839 ], [ -122.32943, 37.78395 ] ] ], [ [ [ -122.29097, 37.78563 ], [ -122.29113, 37.78536 ], [ -122.29095, 37.78511 ], [ -122.29116, 37.78498 ], [ -122.29119, 37.78317 ], [ -122.29132, 37.78587 ], [ -122.29151, 37.7853 ], [ -122.29173, 37.78673 ], [ -122.29186, 37.78676 ], [ -122.29218, 37.78754 ], [ -122.2927, 37.78819 ], [ -122.29264, 37.78827 ], [ -122.29243, 37.78816 ], [ -122.29262, 37.78851 ], [ -122.29254, 37.78867 ], [ -122.29218, 37.78862 ], [ -122.29183, 37.78872 ], [ -122.29162, 37.78859 ], [ -122.29162, 37.7884 ], [ -122.29251, 37.78845 ], [ -122.29148, 37.78703 ], [ -122.2907, 37.78716 ], [ -122.29057, 37.78713 ], [ -122.29068, 37.78703 ], [ -122.2896, 37.78697 ], [ -122.29121, 37.78692 ], [ -122.291, 37.78678 ], [ -122.29097, 37.78563 ] ], [ [ -122.2917, 37.78673 ], [ -122.29165, 37.7867 ], [ -122.29165, 37.78673 ], [ -122.2917, 37.78673 ] ], [ [ -122.29154, 37.78668 ], [ -122.29157, 37.78665 ], [ -122.29151, 37.78662 ], [ -122.29154, 37.78668 ] ], [ [ -122.29143, 37.78668 ], [ -122.2914, 37.78665 ], [ -122.2914, 37.78668 ], [ -122.29143, 37.78668 ] ], [ [ -122.29135, 37.78641 ], [ -122.29127, 37.78638 ], [ -122.2913, 37.78657 ], [ -122.2914, 37.78657 ], [ -122.29135, 37.78641 ] ], [ [ -122.29113, 37.78527 ], [ -122.29111, 37.78525 ], [ -122.29111, 37.78527 ], [ -122.29113, 37.78527 ] ] ], [ [ [ -122.2768, 37.78751 ], [ -122.27647, 37.78748 ], [ -122.27645, 37.78802 ], [ -122.27637, 37.78805 ], [ -122.27664, 37.78819 ], [ -122.27664, 37.78797 ], [ -122.27685, 37.788 ], [ -122.27704, 37.78821 ], [ -122.27688, 37.78845 ], [ -122.2769, 37.78886 ], [ -122.2768, 37.7887 ], [ -122.27677, 37.78945 ], [ -122.27666, 37.78916 ], [ -122.27655, 37.78926 ], [ -122.2765, 37.78872 ], [ -122.27639, 37.78867 ], [ -122.2765, 37.78819 ], [ -122.27607, 37.78819 ], [ -122.27631, 37.78829 ], [ -122.27593, 37.78832 ], [ -122.27585, 37.78905 ], [ -122.2758, 37.78883 ], [ -122.27556, 37.7887 ], [ -122.2758, 37.78827 ], [ -122.27548, 37.78794 ], [ -122.27566, 37.78765 ], [ -122.27545, 37.78657 ], [ -122.27542, 37.78527 ], [ -122.27526, 37.78511 ], [ -122.2754, 37.78474 ], [ -122.27531, 37.78409 ], [ -122.27545, 37.78444 ], [ -122.27548, 37.7843 ], [ -122.27558, 37.78433 ], [ -122.2755, 37.78495 ], [ -122.27558, 37.78474 ], [ -122.27569, 37.78498 ], [ -122.27639, 37.78522 ], [ -122.2765, 37.78641 ], [ -122.27664, 37.78622 ], [ -122.27669, 37.78665 ], [ -122.27677, 37.78643 ], [ -122.27693, 37.78767 ], [ -122.27674, 37.78792 ], [ -122.2768, 37.78751 ] ], [ [ -122.27591, 37.78829 ], [ -122.27591, 37.78832 ], [ -122.27593, 37.78832 ], [ -122.27591, 37.78829 ] ], [ [ -122.27674, 37.78665 ], [ -122.27672, 37.78665 ], [ -122.27674, 37.78668 ], [ -122.27674, 37.78665 ] ], [ [ -122.27672, 37.78681 ], [ -122.27672, 37.78668 ], [ -122.27669, 37.78681 ], [ -122.27672, 37.78681 ] ], [ [ -122.27561, 37.78501 ], [ -122.27561, 37.78495 ], [ -122.27556, 37.78501 ], [ -122.27561, 37.78501 ] ], [ [ -122.27623, 37.78808 ], [ -122.27626, 37.78808 ], [ -122.27623, 37.78805 ], [ -122.27623, 37.78808 ] ], [ [ -122.27645, 37.78862 ], [ -122.27647, 37.78862 ], [ -122.27645, 37.78859 ], [ -122.27645, 37.78862 ] ], [ [ -122.27558, 37.78541 ], [ -122.27561, 37.78541 ], [ -122.27558, 37.78538 ], [ -122.27558, 37.78541 ] ], [ [ -122.27637, 37.788 ], [ -122.27639, 37.788 ], [ -122.27637, 37.78797 ], [ -122.27637, 37.788 ] ], [ [ -122.27558, 37.78522 ], [ -122.27561, 37.78522 ], [ -122.27558, 37.78519 ], [ -122.27558, 37.78522 ] ], [ [ -122.27566, 37.78864 ], [ -122.27569, 37.78864 ], [ -122.27566, 37.78862 ], [ -122.27566, 37.78864 ] ], [ [ -122.27653, 37.78732 ], [ -122.27655, 37.78732 ], [ -122.27653, 37.78727 ], [ -122.27653, 37.78732 ] ], [ [ -122.27669, 37.78689 ], [ -122.27672, 37.78689 ], [ -122.27669, 37.78684 ], [ -122.27669, 37.78689 ] ], [ [ -122.27631, 37.78579 ], [ -122.27634, 37.78579 ], [ -122.27631, 37.78573 ], [ -122.27631, 37.78579 ] ], [ [ -122.27672, 37.78735 ], [ -122.27674, 37.78735 ], [ -122.27672, 37.78727 ], [ -122.27672, 37.78735 ] ], [ [ -122.27577, 37.78797 ], [ -122.27577, 37.78794 ], [ -122.27575, 37.78797 ], [ -122.27577, 37.78797 ] ], [ [ -122.27569, 37.78794 ], [ -122.27575, 37.78794 ], [ -122.27569, 37.78792 ], [ -122.27569, 37.78794 ] ], [ [ -122.27647, 37.78743 ], [ -122.27653, 37.78743 ], [ -122.2765, 37.78738 ], [ -122.27647, 37.78743 ] ], [ [ -122.27631, 37.78536 ], [ -122.27637, 37.78536 ], [ -122.27631, 37.7853 ], [ -122.27631, 37.78536 ] ], [ [ -122.27674, 37.78738 ], [ -122.27674, 37.78746 ], [ -122.2768, 37.7874 ], [ -122.27674, 37.78738 ] ], [ [ -122.27634, 37.78557 ], [ -122.27639, 37.78554 ], [ -122.27634, 37.78549 ], [ -122.27634, 37.78557 ] ], [ [ -122.27618, 37.78536 ], [ -122.27626, 37.78538 ], [ -122.27618, 37.78533 ], [ -122.27618, 37.78536 ] ], [ [ -122.2758, 37.78624 ], [ -122.27591, 37.78546 ], [ -122.27585, 37.78522 ], [ -122.27569, 37.78519 ], [ -122.2758, 37.78624 ] ], [ [ -122.27569, 37.78603 ], [ -122.27572, 37.78598 ], [ -122.27566, 37.78603 ], [ -122.27569, 37.78603 ] ], [ [ -122.27577, 37.78643 ], [ -122.27604, 37.78689 ], [ -122.27602, 37.78786 ], [ -122.2762, 37.78794 ], [ -122.27637, 37.78786 ], [ -122.27642, 37.78705 ], [ -122.27634, 37.78614 ], [ -122.27618, 37.78581 ], [ -122.27612, 37.78581 ], [ -122.27631, 37.78713 ], [ -122.2762, 37.78665 ], [ -122.27604, 37.78654 ], [ -122.27612, 37.78643 ], [ -122.27607, 37.78608 ], [ -122.27602, 37.78643 ], [ -122.27585, 37.78633 ], [ -122.27577, 37.78643 ] ] ], [ [ [ -122.29493, 37.78907 ], [ -122.29499, 37.78894 ], [ -122.29547, 37.78929 ], [ -122.29593, 37.78929 ], [ -122.29542, 37.78883 ], [ -122.29523, 37.78886 ], [ -122.29534, 37.78875 ], [ -122.29491, 37.78821 ], [ -122.2955, 37.78883 ], [ -122.29634, 37.78926 ], [ -122.29682, 37.78913 ], [ -122.29636, 37.78897 ], [ -122.29615, 37.7887 ], [ -122.29704, 37.78907 ], [ -122.29739, 37.78886 ], [ -122.29717, 37.78867 ], [ -122.29755, 37.78872 ], [ -122.29779, 37.78848 ], [ -122.29849, 37.78856 ], [ -122.29784, 37.78864 ], [ -122.29787, 37.78894 ], [ -122.29755, 37.78886 ], [ -122.29704, 37.78921 ], [ -122.29625, 37.78948 ], [ -122.29558, 37.78945 ], [ -122.29485, 37.78918 ], [ -122.29518, 37.78921 ], [ -122.29493, 37.78907 ] ] ], [ [ [ -122.32477, 37.78781 ], [ -122.32544, 37.78864 ], [ -122.32539, 37.78875 ], [ -122.32781, 37.78889 ], [ -122.32504, 37.78891 ], [ -122.32452, 37.78837 ], [ -122.32431, 37.78786 ], [ -122.32458, 37.78789 ], [ -122.32498, 37.7884 ], [ -122.32471, 37.78792 ], [ -122.32477, 37.78781 ] ] ], [ [ [ -122.31027, 37.78913 ], [ -122.31048, 37.78929 ], [ -122.31005, 37.78934 ], [ -122.30992, 37.78926 ], [ -122.30978, 37.78872 ], [ -122.30986, 37.78843 ], [ -122.31008, 37.78835 ], [ -122.31054, 37.78862 ], [ -122.31051, 37.78907 ], [ -122.31027, 37.78913 ] ] ], [ [ [ -122.29334, 37.78934 ], [ -122.29294, 37.78905 ], [ -122.29275, 37.78878 ], [ -122.29329, 37.78924 ], [ -122.29369, 37.78937 ], [ -122.29329, 37.78902 ], [ -122.29456, 37.78951 ], [ -122.29679, 37.78961 ], [ -122.29825, 37.78978 ], [ -122.29693, 37.78975 ], [ -122.29706, 37.78986 ], [ -122.29593, 37.78994 ], [ -122.29453, 37.78978 ], [ -122.29334, 37.78934 ] ] ], [ [ [ -122.32258, 37.78899 ], [ -122.32266, 37.78859 ], [ -122.32291, 37.78872 ], [ -122.32248, 37.78794 ], [ -122.32275, 37.78805 ], [ -122.32285, 37.78829 ], [ -122.32339, 37.78856 ], [ -122.32382, 37.78956 ], [ -122.32361, 37.78961 ], [ -122.32337, 37.78929 ], [ -122.32318, 37.78937 ], [ -122.3231, 37.78978 ], [ -122.3232, 37.78986 ], [ -122.3231, 37.78986 ], [ -122.32242, 37.78916 ], [ -122.32231, 37.78889 ], [ -122.32258, 37.78899 ] ], [ [ -122.32296, 37.78875 ], [ -122.32296, 37.78872 ], [ -122.32291, 37.78872 ], [ -122.32296, 37.78875 ] ], [ [ -122.32269, 37.78905 ], [ -122.32272, 37.78905 ], [ -122.32269, 37.78902 ], [ -122.32269, 37.78905 ] ], [ [ -122.32269, 37.7891 ], [ -122.32275, 37.7891 ], [ -122.32269, 37.78907 ], [ -122.32269, 37.7891 ] ], [ [ -122.3231, 37.78897 ], [ -122.32312, 37.78897 ], [ -122.32307, 37.78891 ], [ -122.3231, 37.78897 ] ], [ [ -122.32318, 37.78902 ], [ -122.32302, 37.78899 ], [ -122.32318, 37.78907 ], [ -122.32318, 37.78902 ] ], [ [ -122.32285, 37.78932 ], [ -122.32296, 37.78945 ], [ -122.32291, 37.78932 ], [ -122.32285, 37.78932 ] ] ], [ [ [ -122.30604, 37.80821 ], [ -122.30439, 37.80799 ], [ -122.30429, 37.80805 ], [ -122.30434, 37.80899 ], [ -122.30404, 37.80926 ], [ -122.30391, 37.80789 ], [ -122.30318, 37.80754 ], [ -122.30329, 37.8074 ], [ -122.30377, 37.80748 ], [ -122.30391, 37.8074 ], [ -122.30377, 37.80643 ], [ -122.30388, 37.80635 ], [ -122.30412, 37.80692 ], [ -122.30415, 37.80754 ], [ -122.30509, 37.80778 ], [ -122.30517, 37.80764 ], [ -122.30466, 37.80613 ], [ -122.3048, 37.80613 ], [ -122.30542, 37.80783 ], [ -122.30765, 37.80805 ], [ -122.30973, 37.80851 ], [ -122.30976, 37.80867 ], [ -122.30741, 37.80821 ], [ -122.30639, 37.80821 ], [ -122.30614, 37.80869 ], [ -122.30604, 37.80821 ] ], [ [ -122.30752, 37.80818 ], [ -122.30738, 37.80813 ], [ -122.30725, 37.80813 ], [ -122.30736, 37.80818 ], [ -122.30752, 37.80818 ] ] ], [ [ [ -122.29453, 37.82667 ], [ -122.29391, 37.82678 ], [ -122.29375, 37.82626 ], [ -122.29439, 37.82616 ], [ -122.29453, 37.82667 ] ] ], [ [ [ -122.2962, 37.85036 ], [ -122.2959, 37.84976 ], [ -122.29631, 37.84941 ], [ -122.29617, 37.84917 ], [ -122.29704, 37.84896 ], [ -122.29698, 37.84912 ], [ -122.29714, 37.8492 ], [ -122.29768, 37.84931 ], [ -122.29801, 37.84925 ], [ -122.29857, 37.84968 ], [ -122.2986, 37.84993 ], [ -122.2962, 37.85036 ] ] ], [ [ [ -122.29636, 37.85141 ], [ -122.2962, 37.8506 ], [ -122.29644, 37.85047 ], [ -122.29717, 37.85049 ], [ -122.29873, 37.85028 ], [ -122.2989, 37.85106 ], [ -122.29636, 37.85141 ] ] ], [ [ [ -122.299, 37.8586 ], [ -122.29876, 37.85842 ], [ -122.29881, 37.85823 ], [ -122.29852, 37.85782 ], [ -122.29817, 37.85688 ], [ -122.29811, 37.85634 ], [ -122.29731, 37.85467 ], [ -122.29706, 37.85386 ], [ -122.29731, 37.8534 ], [ -122.29728, 37.85308 ], [ -122.29706, 37.85294 ], [ -122.29725, 37.85292 ], [ -122.29704, 37.85251 ], [ -122.29712, 37.85233 ], [ -122.29698, 37.85219 ], [ -122.29663, 37.85214 ], [ -122.2965, 37.85192 ], [ -122.2965, 37.85173 ], [ -122.29671, 37.8516 ], [ -122.29871, 37.85127 ], [ -122.29898, 37.85135 ], [ -122.29908, 37.85157 ], [ -122.29914, 37.85189 ], [ -122.29887, 37.85219 ], [ -122.29892, 37.85259 ], [ -122.29916, 37.85294 ], [ -122.29938, 37.85383 ], [ -122.29976, 37.85397 ], [ -122.30011, 37.85526 ], [ -122.29987, 37.85599 ], [ -122.30062, 37.85691 ], [ -122.30086, 37.85798 ], [ -122.30081, 37.85831 ], [ -122.30135, 37.85976 ], [ -122.30132, 37.86014 ], [ -122.30105, 37.86044 ], [ -122.30121, 37.86068 ], [ -122.3014, 37.86071 ], [ -122.30151, 37.8613 ], [ -122.30183, 37.86154 ], [ -122.3024, 37.86343 ], [ -122.30234, 37.86389 ], [ -122.30259, 37.86426 ], [ -122.3028, 37.86521 ], [ -122.30278, 37.86569 ], [ -122.30264, 37.86585 ], [ -122.30218, 37.86575 ], [ -122.30191, 37.86515 ], [ -122.30181, 37.86515 ], [ -122.30175, 37.86491 ], [ -122.30191, 37.8648 ], [ -122.30181, 37.8648 ], [ -122.30173, 37.8644 ], [ -122.30156, 37.86437 ], [ -122.30148, 37.86453 ], [ -122.30127, 37.86416 ], [ -122.3014, 37.86429 ], [ -122.30154, 37.86424 ], [ -122.30116, 37.86389 ], [ -122.30124, 37.86381 ], [ -122.301, 37.86359 ], [ -122.30092, 37.86343 ], [ -122.30073, 37.86254 ], [ -122.30022, 37.86187 ], [ -122.30024, 37.86173 ], [ -122.30016, 37.86178 ], [ -122.29987, 37.86108 ], [ -122.29981, 37.86033 ], [ -122.29908, 37.85925 ], [ -122.29903, 37.85906 ], [ -122.29916, 37.8589 ], [ -122.29887, 37.85869 ], [ -122.29887, 37.85858 ], [ -122.29898, 37.85869 ], [ -122.299, 37.8586 ] ], [ [ -122.30183, 37.86513 ], [ -122.30186, 37.86513 ], [ -122.30183, 37.8651 ], [ -122.30183, 37.86513 ] ], [ [ -122.30102, 37.86356 ], [ -122.30102, 37.86359 ], [ -122.30105, 37.86356 ], [ -122.30102, 37.86356 ] ], [ [ -122.30105, 37.86348 ], [ -122.301, 37.86348 ], [ -122.30105, 37.86354 ], [ -122.30105, 37.86348 ] ], [ [ -122.29989, 37.86092 ], [ -122.29989, 37.86095 ], [ -122.29992, 37.86092 ], [ -122.29989, 37.86092 ] ], [ [ -122.30151, 37.86432 ], [ -122.30154, 37.86432 ], [ -122.30151, 37.86429 ], [ -122.30151, 37.86432 ] ], [ [ -122.30097, 37.86346 ], [ -122.301, 37.86346 ], [ -122.30097, 37.86343 ], [ -122.30097, 37.86346 ] ], [ [ -122.30156, 37.86421 ], [ -122.30159, 37.86421 ], [ -122.30156, 37.86418 ], [ -122.30156, 37.86421 ] ] ], [ [ [ -122.31175, 37.88911 ], [ -122.31175, 37.88935 ], [ -122.31083, 37.88903 ], [ -122.31005, 37.88811 ], [ -122.30897, 37.88361 ], [ -122.30992, 37.88736 ], [ -122.31011, 37.88768 ], [ -122.31062, 37.88809 ], [ -122.31148, 37.88828 ], [ -122.31102, 37.88833 ], [ -122.311, 37.8886 ], [ -122.3114, 37.88903 ], [ -122.31175, 37.88911 ] ] ], [ [ [ -122.14838, 37.61932 ], [ -122.1496, 37.61886 ], [ -122.1503, 37.61878 ], [ -122.15003, 37.61886 ], [ -122.15027, 37.61889 ], [ -122.15043, 37.61905 ], [ -122.15059, 37.61991 ], [ -122.15048, 37.62007 ], [ -122.15008, 37.6201 ], [ -122.15022, 37.62013 ], [ -122.15048, 37.62088 ], [ -122.15078, 37.62385 ], [ -122.15124, 37.62506 ], [ -122.15124, 37.62595 ], [ -122.15086, 37.62625 ], [ -122.14962, 37.62619 ], [ -122.14811, 37.62592 ], [ -122.14798, 37.62579 ], [ -122.14752, 37.62579 ], [ -122.14701, 37.62538 ], [ -122.14663, 37.62522 ], [ -122.1473, 37.62568 ], [ -122.14717, 37.62581 ], [ -122.14701, 37.62563 ], [ -122.14644, 37.62541 ], [ -122.14054, 37.62358 ], [ -122.13962, 37.62347 ], [ -122.13919, 37.62369 ], [ -122.13849, 37.62374 ], [ -122.13795, 37.62355 ], [ -122.13612, 37.62352 ], [ -122.13895, 37.62255 ], [ -122.13903, 37.6232 ], [ -122.13919, 37.62336 ], [ -122.14024, 37.62328 ], [ -122.14386, 37.62444 ], [ -122.14402, 37.62441 ], [ -122.14027, 37.62323 ], [ -122.13927, 37.62323 ], [ -122.13911, 37.62296 ], [ -122.13949, 37.62285 ], [ -122.13909, 37.62285 ], [ -122.13917, 37.62239 ], [ -122.14725, 37.61959 ], [ -122.14838, 37.61932 ] ], [ [ -122.1441, 37.62444 ], [ -122.1441, 37.62441 ], [ -122.14402, 37.62441 ], [ -122.1441, 37.62444 ] ], [ [ -122.14779, 37.62007 ], [ -122.15003, 37.6201 ], [ -122.14976, 37.62002 ], [ -122.14779, 37.62007 ] ], [ [ -122.14445, 37.62199 ], [ -122.14447, 37.62199 ], [ -122.14445, 37.62196 ], [ -122.14445, 37.62199 ] ], [ [ -122.14483, 37.6211 ], [ -122.14485, 37.6211 ], [ -122.14483, 37.62107 ], [ -122.14483, 37.6211 ] ], [ [ -122.13957, 37.62245 ], [ -122.1396, 37.62245 ], [ -122.13957, 37.62242 ], [ -122.13957, 37.62245 ] ], [ [ -122.14477, 37.62342 ], [ -122.1448, 37.62342 ], [ -122.14477, 37.62339 ], [ -122.14477, 37.62342 ] ], [ [ -122.14477, 37.62347 ], [ -122.1448, 37.62347 ], [ -122.14477, 37.62344 ], [ -122.14477, 37.62347 ] ], [ [ -122.14146, 37.62177 ], [ -122.14148, 37.62177 ], [ -122.14146, 37.62175 ], [ -122.14146, 37.62177 ] ], [ [ -122.14483, 37.62088 ], [ -122.14485, 37.62088 ], [ -122.14483, 37.62086 ], [ -122.14483, 37.62088 ] ], [ [ -122.14801, 37.61956 ], [ -122.14803, 37.61956 ], [ -122.14801, 37.61954 ], [ -122.14801, 37.61956 ] ], [ [ -122.13997, 37.62347 ], [ -122.14, 37.62347 ], [ -122.13997, 37.62344 ], [ -122.13997, 37.62347 ] ], [ [ -122.14501, 37.62053 ], [ -122.14504, 37.62053 ], [ -122.14501, 37.62051 ], [ -122.14501, 37.62053 ] ], [ [ -122.1455, 37.62037 ], [ -122.14553, 37.62037 ], [ -122.1455, 37.62034 ], [ -122.1455, 37.62037 ] ], [ [ -122.14485, 37.62061 ], [ -122.14488, 37.62061 ], [ -122.14485, 37.62059 ], [ -122.14485, 37.62061 ] ], [ [ -122.14523, 37.62455 ], [ -122.14526, 37.62455 ], [ -122.14523, 37.62449 ], [ -122.14523, 37.62455 ] ], [ [ -122.14792, 37.61959 ], [ -122.14798, 37.61959 ], [ -122.14792, 37.61956 ], [ -122.14792, 37.61959 ] ], [ [ -122.14167, 37.62169 ], [ -122.14173, 37.62169 ], [ -122.14167, 37.62166 ], [ -122.14167, 37.62169 ] ], [ [ -122.14477, 37.6229 ], [ -122.1448, 37.6229 ], [ -122.14477, 37.62285 ], [ -122.14477, 37.6229 ] ], [ [ -122.14733, 37.61981 ], [ -122.14739, 37.61981 ], [ -122.14733, 37.61978 ], [ -122.14733, 37.61981 ] ], [ [ -122.13952, 37.62285 ], [ -122.13957, 37.62285 ], [ -122.13952, 37.62282 ], [ -122.13952, 37.62285 ] ], [ [ -122.14477, 37.62301 ], [ -122.1448, 37.62301 ], [ -122.14477, 37.62296 ], [ -122.14477, 37.62301 ] ], [ [ -122.13973, 37.62237 ], [ -122.13979, 37.62237 ], [ -122.13973, 37.62234 ], [ -122.13973, 37.62237 ] ], [ [ -122.13949, 37.62247 ], [ -122.13954, 37.62247 ], [ -122.13949, 37.62245 ], [ -122.13949, 37.62247 ] ], [ [ -122.14159, 37.62172 ], [ -122.14165, 37.62172 ], [ -122.14159, 37.62169 ], [ -122.14159, 37.62172 ] ], [ [ -122.14407, 37.62449 ], [ -122.14415, 37.62449 ], [ -122.14407, 37.62447 ], [ -122.14407, 37.62449 ] ], [ [ -122.14483, 37.62104 ], [ -122.14485, 37.62104 ], [ -122.14483, 37.62094 ], [ -122.14483, 37.62104 ] ], [ [ -122.14483, 37.62126 ], [ -122.14485, 37.62126 ], [ -122.14483, 37.62115 ], [ -122.14483, 37.62126 ] ], [ [ -122.14461, 37.62075 ], [ -122.14447, 37.62075 ], [ -122.14461, 37.62078 ], [ -122.14461, 37.62075 ] ], [ [ -122.14447, 37.6208 ], [ -122.14447, 37.62078 ], [ -122.14445, 37.6208 ], [ -122.14447, 37.6208 ] ], [ [ -122.14483, 37.62441 ], [ -122.14485, 37.62441 ], [ -122.1448, 37.62428 ], [ -122.14483, 37.62441 ] ], [ [ -122.14477, 37.62374 ], [ -122.1448, 37.62374 ], [ -122.14477, 37.6235 ], [ -122.14477, 37.62374 ] ], [ [ -122.14477, 37.62336 ], [ -122.1448, 37.62336 ], [ -122.14477, 37.62304 ], [ -122.14477, 37.62336 ] ], [ [ -122.14863, 37.61927 ], [ -122.14854, 37.61935 ], [ -122.14879, 37.61924 ], [ -122.14863, 37.61927 ] ], [ [ -122.14485, 37.6208 ], [ -122.14488, 37.62064 ], [ -122.14477, 37.62072 ], [ -122.14485, 37.6208 ] ], [ [ -122.14472, 37.62075 ], [ -122.14477, 37.62075 ], [ -122.14477, 37.62072 ], [ -122.14472, 37.62075 ] ], [ [ -122.1479, 37.61959 ], [ -122.14784, 37.61959 ], [ -122.1479, 37.61962 ], [ -122.1479, 37.61959 ] ], [ [ -122.14749, 37.61975 ], [ -122.14784, 37.61964 ], [ -122.14755, 37.6197 ], [ -122.14749, 37.61975 ] ], [ [ -122.14741, 37.61978 ], [ -122.14749, 37.61978 ], [ -122.14749, 37.61975 ], [ -122.14741, 37.61978 ] ], [ [ -122.14461, 37.6246 ], [ -122.14426, 37.62447 ], [ -122.14418, 37.62447 ], [ -122.14445, 37.62463 ], [ -122.14461, 37.6246 ] ], [ [ -122.14709, 37.62487 ], [ -122.14763, 37.62528 ], [ -122.14776, 37.62528 ], [ -122.14771, 37.62514 ], [ -122.14709, 37.62487 ] ], [ [ -122.14709, 37.62484 ], [ -122.14679, 37.62471 ], [ -122.14604, 37.62468 ], [ -122.14604, 37.62474 ], [ -122.14709, 37.62484 ] ], [ [ -122.14655, 37.6252 ], [ -122.14466, 37.6246 ], [ -122.14601, 37.62509 ], [ -122.14655, 37.6252 ] ], [ [ -122.1473, 37.61981 ], [ -122.14722, 37.61981 ], [ -122.1473, 37.61983 ], [ -122.1473, 37.61981 ] ], [ [ -122.14658, 37.62005 ], [ -122.14596, 37.62013 ], [ -122.14555, 37.62034 ], [ -122.1462, 37.62013 ], [ -122.14749, 37.6201 ], [ -122.14685, 37.62005 ], [ -122.14722, 37.61986 ], [ -122.14658, 37.62005 ] ], [ [ -122.14585, 37.62029 ], [ -122.14577, 37.62029 ], [ -122.14582, 37.62034 ], [ -122.14585, 37.62029 ] ] ], [ [ [ -122.14227, 37.62754 ], [ -122.13938, 37.62759 ], [ -122.139, 37.62749 ], [ -122.13906, 37.62727 ], [ -122.13962, 37.6273 ], [ -122.14011, 37.62705 ], [ -122.14054, 37.62727 ], [ -122.14765, 37.62727 ], [ -122.1483, 37.62705 ], [ -122.14906, 37.62714 ], [ -122.1496, 37.627 ], [ -122.15008, 37.627 ], [ -122.15054, 37.62732 ], [ -122.15035, 37.62749 ], [ -122.14943, 37.62732 ], [ -122.14784, 37.62754 ], [ -122.14248, 37.62751 ], [ -122.14245, 37.62921 ], [ -122.14227, 37.62913 ], [ -122.14227, 37.62754 ] ] ], [ [ [ -122.14879, 37.63026 ], [ -122.14792, 37.63029 ], [ -122.14757, 37.63069 ], [ -122.14674, 37.63085 ], [ -122.1465, 37.62908 ], [ -122.14647, 37.62994 ], [ -122.14666, 37.6305 ], [ -122.14658, 37.63085 ], [ -122.14283, 37.63083 ], [ -122.14278, 37.62961 ], [ -122.14256, 37.62918 ], [ -122.14259, 37.62762 ], [ -122.14569, 37.62762 ], [ -122.14585, 37.62773 ], [ -122.14588, 37.62794 ], [ -122.14596, 37.62797 ], [ -122.1459, 37.6277 ], [ -122.14609, 37.62762 ], [ -122.14806, 37.62765 ], [ -122.14965, 37.6274 ], [ -122.14992, 37.62835 ], [ -122.15027, 37.62862 ], [ -122.15108, 37.62867 ], [ -122.15137, 37.62921 ], [ -122.15135, 37.6294 ], [ -122.15089, 37.62937 ], [ -122.15051, 37.62972 ], [ -122.14879, 37.63026 ] ], [ [ -122.14644, 37.62878 ], [ -122.14647, 37.62902 ], [ -122.1465, 37.62883 ], [ -122.14644, 37.62878 ] ], [ [ -122.14642, 37.62873 ], [ -122.14642, 37.62878 ], [ -122.14644, 37.62878 ], [ -122.14642, 37.62873 ] ], [ [ -122.14639, 37.6287 ], [ -122.14639, 37.62873 ], [ -122.14642, 37.62873 ], [ -122.14639, 37.6287 ] ], [ [ -122.14639, 37.62867 ], [ -122.14633, 37.62854 ], [ -122.14628, 37.62851 ], [ -122.14631, 37.62862 ], [ -122.14639, 37.62867 ] ], [ [ -122.14625, 37.62848 ], [ -122.14625, 37.62851 ], [ -122.14628, 37.62851 ], [ -122.14625, 37.62848 ] ], [ [ -122.14593, 37.62802 ], [ -122.14623, 37.62848 ], [ -122.14601, 37.62805 ], [ -122.14593, 37.62802 ] ], [ [ -122.14825, 37.62875 ], [ -122.14841, 37.62864 ], [ -122.14836, 37.62821 ], [ -122.14819, 37.62824 ], [ -122.14825, 37.62875 ] ], [ [ -122.14814, 37.62983 ], [ -122.14849, 37.62937 ], [ -122.14833, 37.62932 ], [ -122.14801, 37.6297 ], [ -122.14795, 37.62988 ], [ -122.14814, 37.62983 ] ] ], [ [ [ -122.14779, 37.63069 ], [ -122.14798, 37.63037 ], [ -122.14854, 37.63042 ], [ -122.1507, 37.62978 ], [ -122.1507, 37.62991 ], [ -122.1472, 37.63104 ], [ -122.13884, 37.63102 ], [ -122.13795, 37.63069 ], [ -122.13806, 37.63053 ], [ -122.13863, 37.63088 ], [ -122.1393, 37.63094 ], [ -122.14704, 37.63094 ], [ -122.14779, 37.63069 ] ] ], [ [ [ -122.14356, 37.63525 ], [ -122.1435, 37.63544 ], [ -122.14173, 37.63614 ], [ -122.14076, 37.63624 ], [ -122.14068, 37.636 ], [ -122.14078, 37.6356 ], [ -122.14315, 37.63463 ], [ -122.14356, 37.63525 ] ] ], [ [ [ -122.14491, 37.63891 ], [ -122.13938, 37.64096 ], [ -122.13836, 37.63975 ], [ -122.13828, 37.63959 ], [ -122.13838, 37.63948 ], [ -122.13809, 37.6394 ], [ -122.13723, 37.63794 ], [ -122.13723, 37.63778 ], [ -122.13814, 37.6377 ], [ -122.14262, 37.63589 ], [ -122.1438, 37.6356 ], [ -122.14458, 37.63692 ], [ -122.14288, 37.63773 ], [ -122.14472, 37.63719 ], [ -122.14555, 37.63853 ], [ -122.14491, 37.63891 ] ], [ [ -122.13841, 37.63945 ], [ -122.13838, 37.63945 ], [ -122.13838, 37.63948 ], [ -122.13841, 37.63945 ] ], [ [ -122.13741, 37.63786 ], [ -122.13741, 37.63781 ], [ -122.13736, 37.63786 ], [ -122.13741, 37.63786 ] ], [ [ -122.1393, 37.6381 ], [ -122.13933, 37.6381 ], [ -122.1393, 37.63808 ], [ -122.1393, 37.6381 ] ], [ [ -122.14035, 37.6377 ], [ -122.14038, 37.6377 ], [ -122.14035, 37.63767 ], [ -122.14035, 37.6377 ] ], [ [ -122.13879, 37.63829 ], [ -122.13882, 37.63829 ], [ -122.13879, 37.63827 ], [ -122.13879, 37.63829 ] ], [ [ -122.14043, 37.63767 ], [ -122.14049, 37.63767 ], [ -122.14043, 37.63765 ], [ -122.14043, 37.63767 ] ], [ [ -122.13992, 37.63786 ], [ -122.13997, 37.63786 ], [ -122.13992, 37.63783 ], [ -122.13992, 37.63786 ] ], [ [ -122.13892, 37.63824 ], [ -122.13898, 37.63824 ], [ -122.13892, 37.63821 ], [ -122.13892, 37.63824 ] ], [ [ -122.13863, 37.63937 ], [ -122.13855, 37.6394 ], [ -122.13863, 37.63942 ], [ -122.13863, 37.63937 ] ] ], [ [ [ -122.15256, 37.6418 ], [ -122.14849, 37.64182 ], [ -122.14806, 37.6418 ], [ -122.14787, 37.64153 ], [ -122.15248, 37.64142 ], [ -122.15293, 37.6411 ], [ -122.15296, 37.64155 ], [ -122.15256, 37.6418 ] ] ], [ [ [ -122.14089, 37.64255 ], [ -122.141, 37.64244 ], [ -122.14078, 37.64244 ], [ -122.14032, 37.6419 ], [ -122.1403, 37.64169 ], [ -122.14003, 37.64153 ], [ -122.14006, 37.64088 ], [ -122.14431, 37.63918 ], [ -122.14569, 37.63875 ], [ -122.14749, 37.64158 ], [ -122.1476, 37.64355 ], [ -122.14677, 37.64414 ], [ -122.14402, 37.64514 ], [ -122.14302, 37.64516 ], [ -122.14291, 37.64506 ], [ -122.14313, 37.64492 ], [ -122.14272, 37.64487 ], [ -122.14272, 37.64468 ], [ -122.14256, 37.64468 ], [ -122.14213, 37.64414 ], [ -122.14218, 37.64401 ], [ -122.14197, 37.64395 ], [ -122.14154, 37.64341 ], [ -122.14151, 37.6432 ], [ -122.14129, 37.64312 ], [ -122.14097, 37.64271 ], [ -122.14089, 37.64255 ] ], [ [ -122.14108, 37.64244 ], [ -122.14108, 37.64242 ], [ -122.14103, 37.64244 ], [ -122.14108, 37.64244 ] ] ], [ [ [ -122.14442, 37.64525 ], [ -122.14445, 37.64511 ], [ -122.1466, 37.6443 ], [ -122.14714, 37.64479 ], [ -122.14782, 37.64481 ], [ -122.14784, 37.64473 ], [ -122.1479, 37.64533 ], [ -122.14763, 37.64541 ], [ -122.14687, 37.64533 ], [ -122.14499, 37.64541 ], [ -122.14442, 37.64525 ] ] ], [ [ [ -122.1514, 37.6547 ], [ -122.15151, 37.65449 ], [ -122.15189, 37.65427 ], [ -122.15175, 37.65368 ], [ -122.15151, 37.65352 ], [ -122.15167, 37.65293 ], [ -122.15156, 37.65268 ], [ -122.15116, 37.65255 ], [ -122.15129, 37.65171 ], [ -122.15291, 37.65163 ], [ -122.15555, 37.65174 ], [ -122.15606, 37.65266 ], [ -122.1569, 37.65621 ], [ -122.1521, 37.65624 ], [ -122.15067, 37.65613 ], [ -122.14814, 37.65619 ], [ -122.14765, 37.65629 ], [ -122.14429, 37.65627 ], [ -122.14404, 37.65522 ], [ -122.14404, 37.65492 ], [ -122.14423, 37.65487 ], [ -122.14423, 37.6547 ], [ -122.14404, 37.65468 ], [ -122.14404, 37.65045 ], [ -122.14412, 37.64996 ], [ -122.14464, 37.64977 ], [ -122.14501, 37.64999 ], [ -122.14504, 37.65034 ], [ -122.14668, 37.65258 ], [ -122.14685, 37.65301 ], [ -122.14814, 37.65468 ], [ -122.14898, 37.65608 ], [ -122.1504, 37.65611 ], [ -122.15105, 37.656 ], [ -122.1511, 37.65611 ], [ -122.15151, 37.65546 ], [ -122.1514, 37.6547 ] ], [ [ -122.14647, 37.65233 ], [ -122.14647, 37.65231 ], [ -122.14644, 37.65233 ], [ -122.14647, 37.65233 ] ], [ [ -122.14418, 37.65045 ], [ -122.14418, 37.65047 ], [ -122.14421, 37.65045 ], [ -122.14418, 37.65045 ] ], [ [ -122.14412, 37.65371 ], [ -122.14412, 37.65373 ], [ -122.14415, 37.65371 ], [ -122.14412, 37.65371 ] ], [ [ -122.14418, 37.65099 ], [ -122.14418, 37.65101 ], [ -122.14421, 37.65099 ], [ -122.14418, 37.65099 ] ], [ [ -122.14415, 37.64999 ], [ -122.14415, 37.65002 ], [ -122.14418, 37.64999 ], [ -122.14415, 37.64999 ] ], [ [ -122.14418, 37.65344 ], [ -122.14418, 37.65349 ], [ -122.14421, 37.65344 ], [ -122.14418, 37.65344 ] ], [ [ -122.14442, 37.65608 ], [ -122.14442, 37.65611 ], [ -122.14447, 37.65608 ], [ -122.14442, 37.65608 ] ], [ [ -122.14447, 37.65414 ], [ -122.14447, 37.65427 ], [ -122.1445, 37.65414 ], [ -122.14447, 37.65414 ] ], [ [ -122.14439, 37.65368 ], [ -122.14439, 37.65357 ], [ -122.14431, 37.65363 ], [ -122.14439, 37.65368 ] ], [ [ -122.14426, 37.65023 ], [ -122.14426, 37.6502 ], [ -122.14423, 37.65023 ], [ -122.14426, 37.65023 ] ], [ [ -122.14412, 37.65042 ], [ -122.14423, 37.65028 ], [ -122.14412, 37.65034 ], [ -122.14412, 37.65042 ] ], [ [ -122.1441, 37.65123 ], [ -122.14415, 37.6512 ], [ -122.14412, 37.65096 ], [ -122.1441, 37.65123 ] ], [ [ -122.14677, 37.65355 ], [ -122.14677, 37.65344 ], [ -122.14666, 37.65352 ], [ -122.14677, 37.65355 ] ], [ [ -122.14811, 37.65573 ], [ -122.14817, 37.6557 ], [ -122.14803, 37.65559 ], [ -122.14811, 37.65573 ] ], [ [ -122.14423, 37.65446 ], [ -122.14431, 37.65433 ], [ -122.14431, 37.65425 ], [ -122.14415, 37.65441 ], [ -122.14423, 37.65446 ] ], [ [ -122.14423, 37.65042 ], [ -122.14431, 37.65042 ], [ -122.14429, 37.65023 ], [ -122.14423, 37.65042 ] ] ], [ [ [ -122.14429, 37.66384 ], [ -122.14431, 37.66371 ], [ -122.14412, 37.66373 ], [ -122.14415, 37.6636 ], [ -122.14253, 37.66187 ], [ -122.14248, 37.66168 ], [ -122.14229, 37.66163 ], [ -122.14235, 37.66155 ], [ -122.14259, 37.66171 ], [ -122.14437, 37.6636 ], [ -122.14704, 37.66656 ], [ -122.14464, 37.66424 ], [ -122.14429, 37.66384 ] ] ], [ [ [ -122.15461, 37.66406 ], [ -122.15458, 37.66422 ], [ -122.15442, 37.66411 ], [ -122.15472, 37.66395 ], [ -122.1566, 37.66392 ], [ -122.15674, 37.66416 ], [ -122.15611, 37.66431 ], [ -122.15676, 37.66427 ], [ -122.15684, 37.66473 ], [ -122.15703, 37.66492 ], [ -122.1569, 37.66527 ], [ -122.15701, 37.66535 ], [ -122.15574, 37.66543 ], [ -122.15517, 37.66527 ], [ -122.15466, 37.66441 ], [ -122.15587, 37.66433 ], [ -122.15461, 37.66435 ], [ -122.15463, 37.66424 ], [ -122.1548, 37.6643 ], [ -122.15493, 37.66403 ], [ -122.15461, 37.66406 ] ], [ [ -122.15501, 37.66408 ], [ -122.15501, 37.66406 ], [ -122.15499, 37.66408 ], [ -122.15501, 37.66408 ] ] ], [ [ [ -122.15711, 37.66473 ], [ -122.1573, 37.66446 ], [ -122.15695, 37.6643 ], [ -122.15703, 37.66414 ], [ -122.15695, 37.66403 ], [ -122.1569, 37.66414 ], [ -122.1569, 37.66403 ], [ -122.15717, 37.66398 ], [ -122.15744, 37.66416 ], [ -122.15749, 37.66398 ], [ -122.15784, 37.66406 ], [ -122.15808, 37.665 ], [ -122.158, 37.66532 ], [ -122.15781, 37.66521 ], [ -122.15728, 37.66524 ], [ -122.15711, 37.66473 ] ] ], [ [ [ -122.15973, 37.66451 ], [ -122.15992, 37.66451 ], [ -122.16002, 37.66438 ], [ -122.16027, 37.66527 ], [ -122.15895, 37.66532 ], [ -122.15879, 37.66403 ], [ -122.15954, 37.664 ], [ -122.15973, 37.66451 ] ] ], [ [ [ -122.15868, 37.664 ], [ -122.15873, 37.6654 ], [ -122.15827, 37.66535 ], [ -122.158, 37.66398 ], [ -122.15868, 37.664 ] ] ], [ [ [ -122.16024, 37.66732 ], [ -122.16024, 37.66761 ], [ -122.16013, 37.66767 ], [ -122.16019, 37.66751 ], [ -122.15965, 37.66745 ], [ -122.15946, 37.66726 ], [ -122.15949, 37.66702 ], [ -122.15922, 37.66675 ], [ -122.15973, 37.66635 ], [ -122.15997, 37.66659 ], [ -122.16024, 37.66648 ], [ -122.16016, 37.66637 ], [ -122.16048, 37.66664 ], [ -122.16024, 37.66619 ], [ -122.16081, 37.66659 ], [ -122.16081, 37.66683 ], [ -122.16105, 37.66702 ], [ -122.16075, 37.6671 ], [ -122.1607, 37.66729 ], [ -122.16024, 37.66732 ] ] ], [ [ [ -122.1566, 37.66683 ], [ -122.1566, 37.66691 ], [ -122.15668, 37.66683 ], [ -122.15781, 37.66686 ], [ -122.15776, 37.66697 ], [ -122.15757, 37.66694 ], [ -122.15738, 37.66702 ], [ -122.1572, 37.66699 ], [ -122.15755, 37.66705 ], [ -122.15741, 37.66724 ], [ -122.15746, 37.66772 ], [ -122.15722, 37.66775 ], [ -122.15671, 37.66751 ], [ -122.15631, 37.66689 ], [ -122.15641, 37.66694 ], [ -122.15644, 37.6668 ], [ -122.1566, 37.66683 ] ], [ [ -122.15703, 37.66697 ], [ -122.15703, 37.66699 ], [ -122.1572, 37.66699 ], [ -122.15703, 37.66697 ] ], [ [ -122.15752, 37.66691 ], [ -122.15749, 37.66691 ], [ -122.15752, 37.66694 ], [ -122.15752, 37.66691 ] ], [ [ -122.15733, 37.66699 ], [ -122.15738, 37.66699 ], [ -122.15733, 37.66697 ], [ -122.15733, 37.66699 ] ], [ [ -122.15717, 37.66745 ], [ -122.1572, 37.66745 ], [ -122.15717, 37.66742 ], [ -122.15717, 37.66745 ] ], [ [ -122.1569, 37.66756 ], [ -122.15693, 37.66756 ], [ -122.1569, 37.66753 ], [ -122.1569, 37.66756 ] ], [ [ -122.15736, 37.6671 ], [ -122.15738, 37.6671 ], [ -122.15736, 37.66707 ], [ -122.15736, 37.6671 ] ], [ [ -122.15703, 37.66745 ], [ -122.15709, 37.66745 ], [ -122.15703, 37.66742 ], [ -122.15703, 37.66745 ] ], [ [ -122.15655, 37.66689 ], [ -122.15649, 37.66686 ], [ -122.15655, 37.66691 ], [ -122.15655, 37.66689 ] ], [ [ -122.15728, 37.66724 ], [ -122.15722, 37.66721 ], [ -122.15728, 37.66726 ], [ -122.15728, 37.66724 ] ], [ [ -122.15682, 37.66702 ], [ -122.15676, 37.66702 ], [ -122.15679, 37.6671 ], [ -122.15682, 37.66702 ] ], [ [ -122.15709, 37.66753 ], [ -122.15722, 37.66756 ], [ -122.15711, 37.66745 ], [ -122.15709, 37.66753 ] ], [ [ -122.15682, 37.66751 ], [ -122.15693, 37.66748 ], [ -122.15684, 37.6674 ], [ -122.15682, 37.66751 ] ], [ [ -122.15666, 37.66713 ], [ -122.15671, 37.66713 ], [ -122.15658, 37.66697 ], [ -122.15666, 37.66713 ] ] ], [ [ [ -122.15803, 37.6661 ], [ -122.158, 37.66621 ], [ -122.15773, 37.66621 ], [ -122.15806, 37.66627 ], [ -122.15803, 37.66645 ], [ -122.15787, 37.66654 ], [ -122.1573, 37.66645 ], [ -122.15728, 37.6664 ], [ -122.15714, 37.66648 ], [ -122.15622, 37.66645 ], [ -122.1562, 37.66621 ], [ -122.15604, 37.66664 ], [ -122.15574, 37.66648 ], [ -122.15644, 37.66753 ], [ -122.15706, 37.66788 ], [ -122.15698, 37.66813 ], [ -122.15763, 37.6692 ], [ -122.15679, 37.66813 ], [ -122.15639, 37.66799 ], [ -122.15558, 37.66689 ], [ -122.15552, 37.66664 ], [ -122.1552, 37.66635 ], [ -122.1552, 37.66616 ], [ -122.15364, 37.6661 ], [ -122.15342, 37.666 ], [ -122.15803, 37.6661 ] ], [ [ -122.15571, 37.66645 ], [ -122.15571, 37.66648 ], [ -122.15574, 37.66648 ], [ -122.15571, 37.66645 ] ], [ [ -122.15569, 37.66643 ], [ -122.15569, 37.66645 ], [ -122.15571, 37.66645 ], [ -122.15569, 37.66643 ] ], [ [ -122.15566, 37.6664 ], [ -122.15566, 37.66643 ], [ -122.15569, 37.66643 ], [ -122.15566, 37.6664 ] ], [ [ -122.15738, 37.66643 ], [ -122.15741, 37.66643 ], [ -122.15738, 37.6664 ], [ -122.15738, 37.66643 ] ], [ [ -122.15571, 37.66699 ], [ -122.15571, 37.66702 ], [ -122.15574, 37.66699 ], [ -122.15571, 37.66699 ] ], [ [ -122.15622, 37.66619 ], [ -122.15622, 37.66621 ], [ -122.15631, 37.66619 ], [ -122.15622, 37.66619 ] ] ], [ [ [ -122.14272, 37.66896 ], [ -122.1424, 37.66907 ], [ -122.14283, 37.66877 ], [ -122.14561, 37.66753 ], [ -122.14272, 37.66896 ] ] ], [ [ [ -122.16038, 37.66877 ], [ -122.16016, 37.66864 ], [ -122.15981, 37.66883 ], [ -122.15976, 37.6688 ], [ -122.16135, 37.66802 ], [ -122.16205, 37.67007 ], [ -122.16188, 37.67034 ], [ -122.16194, 37.67055 ], [ -122.16175, 37.67069 ], [ -122.16159, 37.67063 ], [ -122.16132, 37.67085 ], [ -122.16099, 37.67063 ], [ -122.16094, 37.67028 ], [ -122.16124, 37.67007 ], [ -122.16124, 37.67001 ], [ -122.16091, 37.67004 ], [ -122.16102, 37.66985 ], [ -122.16081, 37.66963 ], [ -122.16075, 37.6691 ], [ -122.16048, 37.66896 ], [ -122.16043, 37.66866 ], [ -122.16038, 37.66877 ] ], [ [ -122.16116, 37.66996 ], [ -122.16135, 37.66996 ], [ -122.16135, 37.66988 ], [ -122.16116, 37.66996 ] ], [ [ -122.16091, 37.66969 ], [ -122.16097, 37.66966 ], [ -122.16091, 37.66966 ], [ -122.16091, 37.66969 ] ], [ [ -122.16113, 37.67066 ], [ -122.16118, 37.67063 ], [ -122.16113, 37.67063 ], [ -122.16113, 37.67066 ] ], [ [ -122.16135, 37.6706 ], [ -122.16137, 37.67058 ], [ -122.16135, 37.67058 ], [ -122.16135, 37.6706 ] ], [ [ -122.16062, 37.66901 ], [ -122.16064, 37.66899 ], [ -122.16062, 37.66899 ], [ -122.16062, 37.66901 ] ], [ [ -122.16097, 37.67001 ], [ -122.16099, 37.66999 ], [ -122.16097, 37.66999 ], [ -122.16097, 37.67001 ] ], [ [ -122.16121, 37.66985 ], [ -122.16124, 37.66982 ], [ -122.16121, 37.66982 ], [ -122.16121, 37.66985 ] ] ], [ [ [ -122.16073, 37.67556 ], [ -122.16005, 37.67581 ], [ -122.15978, 37.67551 ], [ -122.16073, 37.67521 ], [ -122.16073, 37.67556 ] ] ], [ [ [ -122.1752, 37.68222 ], [ -122.17477, 37.68227 ], [ -122.17366, 37.68214 ], [ -122.17385, 37.68157 ], [ -122.17463, 37.68187 ], [ -122.17628, 37.68206 ], [ -122.17706, 37.68265 ], [ -122.17767, 37.68284 ], [ -122.17786, 37.68308 ], [ -122.17765, 37.68314 ], [ -122.17541, 37.68244 ], [ -122.1752, 37.68222 ] ] ], [ [ [ -122.17525, 37.68249 ], [ -122.17746, 37.68314 ], [ -122.17751, 37.6833 ], [ -122.177, 37.68346 ], [ -122.17684, 37.68316 ], [ -122.17663, 37.68311 ], [ -122.17576, 37.68303 ], [ -122.17525, 37.68314 ], [ -122.17525, 37.68249 ] ] ], [ [ [ -122.16453, 37.67777 ], [ -122.16541, 37.67788 ], [ -122.16754, 37.67723 ], [ -122.16862, 37.67794 ], [ -122.16927, 37.67812 ], [ -122.1701, 37.67859 ], [ -122.17018, 37.67874 ], [ -122.17037, 37.67874 ], [ -122.17234, 37.67985 ], [ -122.17385, 37.68149 ], [ -122.17258, 37.68322 ], [ -122.17261, 37.68521 ], [ -122.17296, 37.68548 ], [ -122.17099, 37.68548 ], [ -122.17083, 37.68532 ], [ -122.17202, 37.68532 ], [ -122.17207, 37.68521 ], [ -122.17078, 37.68518 ], [ -122.17067, 37.68545 ], [ -122.16838, 37.68553 ], [ -122.16838, 37.6906 ], [ -122.16811, 37.69074 ], [ -122.16792, 37.69068 ], [ -122.16771, 37.69036 ], [ -122.16754, 37.69036 ], [ -122.16771, 37.69084 ], [ -122.16741, 37.69079 ], [ -122.16296, 37.68405 ], [ -122.16013, 37.68085 ], [ -122.16248, 37.68327 ], [ -122.16412, 37.68559 ], [ -122.16455, 37.68545 ], [ -122.16493, 37.68505 ], [ -122.16525, 37.68362 ], [ -122.1655, 37.68357 ], [ -122.16568, 37.68335 ], [ -122.16571, 37.68244 ], [ -122.16531, 37.68246 ], [ -122.16506, 37.68332 ], [ -122.16466, 37.68386 ], [ -122.16345, 37.68405 ], [ -122.16248, 37.68295 ], [ -122.16232, 37.68252 ], [ -122.16186, 37.68227 ], [ -122.16161, 37.68195 ], [ -122.16285, 37.68128 ], [ -122.16267, 37.68047 ], [ -122.16223, 37.68036 ], [ -122.16116, 37.67907 ], [ -122.16126, 37.67845 ], [ -122.16345, 37.6781 ], [ -122.16374, 37.67785 ], [ -122.16431, 37.67777 ], [ -122.16426, 37.67767 ], [ -122.16439, 37.67761 ], [ -122.16453, 37.67777 ] ], [ [ -122.16188, 37.67974 ], [ -122.16188, 37.67977 ], [ -122.16191, 37.67974 ], [ -122.16188, 37.67974 ] ], [ [ -122.16703, 37.68535 ], [ -122.16706, 37.68535 ], [ -122.16703, 37.68532 ], [ -122.16703, 37.68535 ] ], [ [ -122.17145, 37.6843 ], [ -122.17148, 37.6843 ], [ -122.17145, 37.68427 ], [ -122.17145, 37.6843 ] ], [ [ -122.17126, 37.68341 ], [ -122.17129, 37.68341 ], [ -122.17126, 37.68338 ], [ -122.17126, 37.68341 ] ], [ [ -122.16722, 37.68556 ], [ -122.16725, 37.68556 ], [ -122.16722, 37.68553 ], [ -122.16722, 37.68556 ] ], [ [ -122.17115, 37.68252 ], [ -122.17118, 37.68252 ], [ -122.17115, 37.68249 ], [ -122.17115, 37.68252 ] ], [ [ -122.16555, 37.68416 ], [ -122.16558, 37.68416 ], [ -122.16555, 37.68413 ], [ -122.16555, 37.68416 ] ], [ [ -122.16558, 37.68699 ], [ -122.1656, 37.68699 ], [ -122.16558, 37.68696 ], [ -122.16558, 37.68699 ] ], [ [ -122.16628, 37.68823 ], [ -122.1663, 37.68823 ], [ -122.16628, 37.6882 ], [ -122.16628, 37.68823 ] ], [ [ -122.16674, 37.68764 ], [ -122.16676, 37.68764 ], [ -122.16674, 37.68761 ], [ -122.16674, 37.68764 ] ], [ [ -122.16784, 37.68451 ], [ -122.16787, 37.68451 ], [ -122.16784, 37.68448 ], [ -122.16784, 37.68451 ] ], [ [ -122.16657, 37.68316 ], [ -122.1666, 37.68316 ], [ -122.16657, 37.68314 ], [ -122.16657, 37.68316 ] ], [ [ -122.16622, 37.6857 ], [ -122.16625, 37.6857 ], [ -122.16622, 37.68567 ], [ -122.16622, 37.6857 ] ], [ [ -122.16997, 37.68335 ], [ -122.17, 37.68335 ], [ -122.16997, 37.68332 ], [ -122.16997, 37.68335 ] ], [ [ -122.16399, 37.67971 ], [ -122.16401, 37.67971 ], [ -122.16399, 37.67969 ], [ -122.16399, 37.67971 ] ], [ [ -122.16973, 37.68276 ], [ -122.16975, 37.68276 ], [ -122.16973, 37.68273 ], [ -122.16973, 37.68276 ] ], [ [ -122.16644, 37.68306 ], [ -122.16647, 37.68306 ], [ -122.16644, 37.68303 ], [ -122.16644, 37.68306 ] ], [ [ -122.16792, 37.68451 ], [ -122.16795, 37.68451 ], [ -122.16792, 37.68448 ], [ -122.16792, 37.68451 ] ], [ [ -122.16585, 37.68405 ], [ -122.16587, 37.68405 ], [ -122.16585, 37.68403 ], [ -122.16585, 37.68405 ] ], [ [ -122.1659, 37.68481 ], [ -122.16593, 37.68481 ], [ -122.1659, 37.68478 ], [ -122.1659, 37.68481 ] ], [ [ -122.16614, 37.68729 ], [ -122.16617, 37.68729 ], [ -122.16614, 37.68726 ], [ -122.16614, 37.68729 ] ], [ [ -122.16674, 37.68465 ], [ -122.16676, 37.68465 ], [ -122.16674, 37.68462 ], [ -122.16674, 37.68465 ] ], [ [ -122.16851, 37.68335 ], [ -122.16854, 37.68335 ], [ -122.16851, 37.68332 ], [ -122.16851, 37.68335 ] ], [ [ -122.16827, 37.68327 ], [ -122.1683, 37.68327 ], [ -122.16827, 37.68324 ], [ -122.16827, 37.68327 ] ], [ [ -122.17202, 37.68206 ], [ -122.17204, 37.68206 ], [ -122.17202, 37.68203 ], [ -122.17202, 37.68206 ] ], [ [ -122.16614, 37.68791 ], [ -122.16617, 37.68791 ], [ -122.16614, 37.68788 ], [ -122.16614, 37.68791 ] ], [ [ -122.16835, 37.685 ], [ -122.16838, 37.685 ], [ -122.16835, 37.68497 ], [ -122.16835, 37.685 ] ], [ [ -122.16851, 37.68473 ], [ -122.16854, 37.68473 ], [ -122.16851, 37.6847 ], [ -122.16851, 37.68473 ] ], [ [ -122.16585, 37.68384 ], [ -122.16587, 37.68384 ], [ -122.16585, 37.68381 ], [ -122.16585, 37.68384 ] ], [ [ -122.16585, 37.68254 ], [ -122.16587, 37.68254 ], [ -122.16585, 37.68252 ], [ -122.16585, 37.68254 ] ], [ [ -122.16806, 37.68311 ], [ -122.16808, 37.68311 ], [ -122.16806, 37.68308 ], [ -122.16806, 37.68311 ] ], [ [ -122.16806, 37.68475 ], [ -122.16808, 37.68475 ], [ -122.16806, 37.68473 ], [ -122.16806, 37.68475 ] ], [ [ -122.16652, 37.68446 ], [ -122.16655, 37.68446 ], [ -122.16652, 37.68443 ], [ -122.16652, 37.68446 ] ], [ [ -122.16533, 37.68432 ], [ -122.16536, 37.68432 ], [ -122.16533, 37.6843 ], [ -122.16533, 37.68432 ] ], [ [ -122.16679, 37.68562 ], [ -122.16682, 37.68562 ], [ -122.16679, 37.68559 ], [ -122.16679, 37.68562 ] ], [ [ -122.16665, 37.68793 ], [ -122.16668, 37.68793 ], [ -122.16665, 37.68791 ], [ -122.16665, 37.68793 ] ], [ [ -122.16803, 37.68349 ], [ -122.16806, 37.68349 ], [ -122.16803, 37.68346 ], [ -122.16803, 37.68349 ] ], [ [ -122.1662, 37.68537 ], [ -122.16622, 37.68537 ], [ -122.1662, 37.68535 ], [ -122.1662, 37.68537 ] ], [ [ -122.16582, 37.68645 ], [ -122.16585, 37.68645 ], [ -122.16582, 37.68642 ], [ -122.16582, 37.68645 ] ], [ [ -122.16587, 37.68605 ], [ -122.1659, 37.68605 ], [ -122.16587, 37.68602 ], [ -122.16587, 37.68605 ] ], [ [ -122.16913, 37.68483 ], [ -122.16916, 37.68483 ], [ -122.16913, 37.68481 ], [ -122.16913, 37.68483 ] ], [ [ -122.16493, 37.68642 ], [ -122.16496, 37.68642 ], [ -122.16493, 37.6864 ], [ -122.16493, 37.68642 ] ], [ [ -122.16717, 37.68734 ], [ -122.16719, 37.68734 ], [ -122.16717, 37.68731 ], [ -122.16717, 37.68734 ] ], [ [ -122.16644, 37.68791 ], [ -122.16647, 37.68791 ], [ -122.16644, 37.68788 ], [ -122.16644, 37.68791 ] ], [ [ -122.16558, 37.68607 ], [ -122.1656, 37.68607 ], [ -122.16558, 37.68605 ], [ -122.16558, 37.68607 ] ], [ [ -122.16781, 37.68456 ], [ -122.16784, 37.68456 ], [ -122.16781, 37.68454 ], [ -122.16781, 37.68456 ] ], [ [ -122.16579, 37.68268 ], [ -122.16582, 37.68268 ], [ -122.16579, 37.68265 ], [ -122.16579, 37.68268 ] ], [ [ -122.16458, 37.68605 ], [ -122.16461, 37.68605 ], [ -122.16458, 37.68602 ], [ -122.16458, 37.68605 ] ], [ [ -122.16719, 37.68607 ], [ -122.16722, 37.68607 ], [ -122.16719, 37.68605 ], [ -122.16719, 37.68607 ] ], [ [ -122.16568, 37.68448 ], [ -122.16571, 37.68448 ], [ -122.16568, 37.68446 ], [ -122.16568, 37.68448 ] ], [ [ -122.16676, 37.68311 ], [ -122.16679, 37.68311 ], [ -122.16676, 37.68308 ], [ -122.16676, 37.68311 ] ], [ [ -122.16722, 37.68438 ], [ -122.16725, 37.68438 ], [ -122.16722, 37.68435 ], [ -122.16722, 37.68438 ] ], [ [ -122.16754, 37.6847 ], [ -122.16757, 37.6847 ], [ -122.16754, 37.68467 ], [ -122.16754, 37.6847 ] ], [ [ -122.16576, 37.68551 ], [ -122.16579, 37.68551 ], [ -122.16576, 37.68548 ], [ -122.16576, 37.68551 ] ], [ [ -122.16612, 37.68723 ], [ -122.16614, 37.68723 ], [ -122.16612, 37.68721 ], [ -122.16612, 37.68723 ] ], [ [ -122.16528, 37.68583 ], [ -122.16531, 37.68583 ], [ -122.16528, 37.6858 ], [ -122.16528, 37.68583 ] ], [ [ -122.1701, 37.68276 ], [ -122.17013, 37.68276 ], [ -122.1701, 37.68273 ], [ -122.1701, 37.68276 ] ], [ [ -122.16579, 37.68726 ], [ -122.16582, 37.68726 ], [ -122.16579, 37.68723 ], [ -122.16579, 37.68726 ] ], [ [ -122.16601, 37.68486 ], [ -122.16603, 37.68486 ], [ -122.16601, 37.68483 ], [ -122.16601, 37.68486 ] ], [ [ -122.16576, 37.68624 ], [ -122.16579, 37.68624 ], [ -122.16576, 37.68621 ], [ -122.16576, 37.68624 ] ], [ [ -122.16576, 37.68502 ], [ -122.16579, 37.68502 ], [ -122.16576, 37.685 ], [ -122.16576, 37.68502 ] ], [ [ -122.16671, 37.68324 ], [ -122.16674, 37.68324 ], [ -122.16671, 37.68322 ], [ -122.16671, 37.68324 ] ], [ [ -122.16725, 37.68408 ], [ -122.16727, 37.68408 ], [ -122.16725, 37.68405 ], [ -122.16725, 37.68408 ] ], [ [ -122.16754, 37.68378 ], [ -122.16757, 37.68378 ], [ -122.16754, 37.68376 ], [ -122.16754, 37.68378 ] ], [ [ -122.16636, 37.68637 ], [ -122.16638, 37.68637 ], [ -122.16636, 37.68634 ], [ -122.16636, 37.68637 ] ], [ [ -122.16576, 37.68562 ], [ -122.16579, 37.68562 ], [ -122.16576, 37.68559 ], [ -122.16576, 37.68562 ] ], [ [ -122.16765, 37.68289 ], [ -122.16768, 37.68289 ], [ -122.16765, 37.68287 ], [ -122.16765, 37.68289 ] ], [ [ -122.16612, 37.68378 ], [ -122.16614, 37.68378 ], [ -122.16612, 37.68376 ], [ -122.16612, 37.68378 ] ], [ [ -122.16789, 37.68543 ], [ -122.16792, 37.68543 ], [ -122.16789, 37.6854 ], [ -122.16789, 37.68543 ] ], [ [ -122.16601, 37.68268 ], [ -122.16603, 37.68268 ], [ -122.16601, 37.68265 ], [ -122.16601, 37.68268 ] ], [ [ -122.1669, 37.68742 ], [ -122.16692, 37.68742 ], [ -122.1669, 37.68739 ], [ -122.1669, 37.68742 ] ], [ [ -122.16488, 37.68562 ], [ -122.1649, 37.68562 ], [ -122.16488, 37.68559 ], [ -122.16488, 37.68562 ] ], [ [ -122.16819, 37.68532 ], [ -122.16822, 37.68532 ], [ -122.16819, 37.68529 ], [ -122.16819, 37.68532 ] ], [ [ -122.16595, 37.68591 ], [ -122.16598, 37.68591 ], [ -122.16595, 37.68589 ], [ -122.16595, 37.68591 ] ], [ [ -122.167, 37.68766 ], [ -122.16703, 37.68766 ], [ -122.167, 37.68764 ], [ -122.167, 37.68766 ] ], [ [ -122.16711, 37.68408 ], [ -122.16714, 37.68408 ], [ -122.16711, 37.68405 ], [ -122.16711, 37.68408 ] ], [ [ -122.16665, 37.68707 ], [ -122.16668, 37.68707 ], [ -122.16665, 37.68704 ], [ -122.16665, 37.68707 ] ], [ [ -122.16676, 37.68419 ], [ -122.16679, 37.68419 ], [ -122.16676, 37.68416 ], [ -122.16676, 37.68419 ] ], [ [ -122.16841, 37.68332 ], [ -122.16843, 37.68332 ], [ -122.16841, 37.6833 ], [ -122.16841, 37.68332 ] ], [ [ -122.16711, 37.68774 ], [ -122.16717, 37.68774 ], [ -122.16711, 37.68772 ], [ -122.16711, 37.68774 ] ], [ [ -122.16711, 37.68489 ], [ -122.16717, 37.68489 ], [ -122.16711, 37.68486 ], [ -122.16711, 37.68489 ] ], [ [ -122.16582, 37.68157 ], [ -122.16587, 37.68157 ], [ -122.16582, 37.68155 ], [ -122.16582, 37.68157 ] ], [ [ -122.16725, 37.68721 ], [ -122.16725, 37.68718 ], [ -122.16722, 37.68721 ], [ -122.16725, 37.68721 ] ], [ [ -122.16719, 37.68718 ], [ -122.16722, 37.68718 ], [ -122.16719, 37.68715 ], [ -122.16719, 37.68718 ] ], [ [ -122.16601, 37.68287 ], [ -122.16606, 37.68287 ], [ -122.16601, 37.68284 ], [ -122.16601, 37.68287 ] ], [ [ -122.16698, 37.68734 ], [ -122.16703, 37.68734 ], [ -122.16698, 37.68731 ], [ -122.16698, 37.68734 ] ], [ [ -122.16722, 37.68634 ], [ -122.16727, 37.68634 ], [ -122.16722, 37.68632 ], [ -122.16722, 37.68634 ] ], [ [ -122.16665, 37.68324 ], [ -122.16663, 37.68324 ], [ -122.16665, 37.68327 ], [ -122.16665, 37.68324 ] ], [ [ -122.16663, 37.6833 ], [ -122.16663, 37.68327 ], [ -122.1666, 37.6833 ], [ -122.16663, 37.6833 ] ], [ [ -122.16725, 37.68688 ], [ -122.1673, 37.68688 ], [ -122.16725, 37.68686 ], [ -122.16725, 37.68688 ] ], [ [ -122.16725, 37.6854 ], [ -122.1673, 37.6854 ], [ -122.16725, 37.68537 ], [ -122.16725, 37.6854 ] ], [ [ -122.16674, 37.68629 ], [ -122.16676, 37.68629 ], [ -122.16674, 37.68624 ], [ -122.16674, 37.68629 ] ], [ [ -122.16792, 37.68529 ], [ -122.16797, 37.68529 ], [ -122.16792, 37.68527 ], [ -122.16792, 37.68529 ] ], [ [ -122.16671, 37.68389 ], [ -122.16668, 37.68389 ], [ -122.16671, 37.68392 ], [ -122.16671, 37.68389 ] ], [ [ -122.16668, 37.68394 ], [ -122.16668, 37.68392 ], [ -122.16665, 37.68394 ], [ -122.16668, 37.68394 ] ], [ [ -122.16617, 37.68847 ], [ -122.16617, 37.68845 ], [ -122.16614, 37.68847 ], [ -122.16617, 37.68847 ] ], [ [ -122.16612, 37.68845 ], [ -122.16614, 37.68845 ], [ -122.16612, 37.68842 ], [ -122.16612, 37.68845 ] ], [ [ -122.16806, 37.68295 ], [ -122.16806, 37.68292 ], [ -122.16803, 37.68295 ], [ -122.16806, 37.68295 ] ], [ [ -122.168, 37.68292 ], [ -122.16803, 37.68292 ], [ -122.168, 37.68289 ], [ -122.168, 37.68292 ] ], [ [ -122.16687, 37.68659 ], [ -122.1669, 37.68659 ], [ -122.16687, 37.68653 ], [ -122.16687, 37.68659 ] ], [ [ -122.16568, 37.68629 ], [ -122.16571, 37.68629 ], [ -122.16568, 37.68624 ], [ -122.16568, 37.68629 ] ], [ [ -122.16649, 37.68863 ], [ -122.16655, 37.68863 ], [ -122.16649, 37.68861 ], [ -122.16649, 37.68863 ] ], [ [ -122.16644, 37.68715 ], [ -122.16649, 37.68715 ], [ -122.16644, 37.68712 ], [ -122.16644, 37.68715 ] ], [ [ -122.1655, 37.68451 ], [ -122.16555, 37.68451 ], [ -122.1655, 37.68448 ], [ -122.1655, 37.68451 ] ], [ [ -122.16709, 37.68311 ], [ -122.16711, 37.68311 ], [ -122.16709, 37.68306 ], [ -122.16709, 37.68311 ] ], [ [ -122.16674, 37.68799 ], [ -122.16679, 37.68799 ], [ -122.16674, 37.68796 ], [ -122.16674, 37.68799 ] ], [ [ -122.16593, 37.6857 ], [ -122.16598, 37.6857 ], [ -122.16593, 37.68567 ], [ -122.16593, 37.6857 ] ], [ [ -122.16797, 37.68796 ], [ -122.168, 37.68796 ], [ -122.16797, 37.68791 ], [ -122.16797, 37.68796 ] ], [ [ -122.16711, 37.68483 ], [ -122.16711, 37.68481 ], [ -122.16709, 37.68483 ], [ -122.16711, 37.68483 ] ], [ [ -122.16706, 37.68481 ], [ -122.16709, 37.68481 ], [ -122.16706, 37.68478 ], [ -122.16706, 37.68481 ] ], [ [ -122.17005, 37.6823 ], [ -122.17008, 37.6823 ], [ -122.17005, 37.68225 ], [ -122.17005, 37.6823 ] ], [ [ -122.16714, 37.68629 ], [ -122.16711, 37.68629 ], [ -122.16714, 37.68632 ], [ -122.16714, 37.68629 ] ], [ [ -122.16711, 37.68634 ], [ -122.16711, 37.68632 ], [ -122.16709, 37.68634 ], [ -122.16711, 37.68634 ] ], [ [ -122.16695, 37.68341 ], [ -122.16695, 37.68338 ], [ -122.16692, 37.68341 ], [ -122.16695, 37.68341 ] ], [ [ -122.1669, 37.68338 ], [ -122.16692, 37.68338 ], [ -122.1669, 37.68335 ], [ -122.1669, 37.68338 ] ], [ [ -122.1669, 37.68761 ], [ -122.16695, 37.68761 ], [ -122.1669, 37.68758 ], [ -122.1669, 37.68761 ] ], [ [ -122.1697, 37.68308 ], [ -122.16973, 37.68308 ], [ -122.1697, 37.68303 ], [ -122.1697, 37.68308 ] ], [ [ -122.17018, 37.68324 ], [ -122.17021, 37.68324 ], [ -122.17018, 37.68319 ], [ -122.17018, 37.68324 ] ], [ [ -122.16671, 37.68871 ], [ -122.16676, 37.68871 ], [ -122.16671, 37.68869 ], [ -122.16671, 37.68871 ] ], [ [ -122.16625, 37.68877 ], [ -122.16628, 37.68877 ], [ -122.16625, 37.68871 ], [ -122.16625, 37.68877 ] ], [ [ -122.16587, 37.68742 ], [ -122.1659, 37.68742 ], [ -122.16587, 37.68737 ], [ -122.16587, 37.68742 ] ], [ [ -122.16582, 37.68368 ], [ -122.16585, 37.68368 ], [ -122.16582, 37.68362 ], [ -122.16582, 37.68368 ] ], [ [ -122.16717, 37.68766 ], [ -122.16719, 37.68766 ], [ -122.16717, 37.68761 ], [ -122.16717, 37.68766 ] ], [ [ -122.16897, 37.68478 ], [ -122.16903, 37.68478 ], [ -122.16897, 37.68475 ], [ -122.16897, 37.68478 ] ], [ [ -122.16644, 37.68508 ], [ -122.16649, 37.68508 ], [ -122.16644, 37.68505 ], [ -122.16644, 37.68508 ] ], [ [ -122.16806, 37.685 ], [ -122.16808, 37.685 ], [ -122.16806, 37.68494 ], [ -122.16806, 37.685 ] ], [ [ -122.16884, 37.68467 ], [ -122.16886, 37.68467 ], [ -122.16884, 37.68462 ], [ -122.16884, 37.68467 ] ], [ [ -122.16531, 37.68634 ], [ -122.16533, 37.68634 ], [ -122.16531, 37.68629 ], [ -122.16531, 37.68634 ] ], [ [ -122.16609, 37.68233 ], [ -122.16614, 37.68233 ], [ -122.16609, 37.6823 ], [ -122.16609, 37.68233 ] ], [ [ -122.16789, 37.68357 ], [ -122.16792, 37.68357 ], [ -122.16789, 37.68351 ], [ -122.16789, 37.68357 ] ], [ [ -122.1663, 37.68712 ], [ -122.16636, 37.68712 ], [ -122.1663, 37.6871 ], [ -122.1663, 37.68712 ] ], [ [ -122.16563, 37.68661 ], [ -122.16568, 37.68661 ], [ -122.16563, 37.68659 ], [ -122.16563, 37.68661 ] ], [ [ -122.16684, 37.68306 ], [ -122.16687, 37.68306 ], [ -122.16684, 37.68297 ], [ -122.16684, 37.68306 ] ], [ [ -122.16579, 37.68589 ], [ -122.16579, 37.68586 ], [ -122.16574, 37.68589 ], [ -122.16579, 37.68589 ] ], [ [ -122.16857, 37.68475 ], [ -122.16865, 37.68475 ], [ -122.16857, 37.68473 ], [ -122.16857, 37.68475 ] ], [ [ -122.16609, 37.68265 ], [ -122.16617, 37.68265 ], [ -122.16609, 37.68262 ], [ -122.16609, 37.68265 ] ], [ [ -122.16803, 37.68324 ], [ -122.16806, 37.68324 ], [ -122.16803, 37.68316 ], [ -122.16803, 37.68324 ] ], [ [ -122.16652, 37.6854 ], [ -122.16657, 37.6854 ], [ -122.16655, 37.68535 ], [ -122.16652, 37.6854 ] ], [ [ -122.16426, 37.68079 ], [ -122.16428, 37.68079 ], [ -122.16423, 37.68074 ], [ -122.16426, 37.68079 ] ], [ [ -122.16695, 37.68489 ], [ -122.16703, 37.68489 ], [ -122.16695, 37.68486 ], [ -122.16695, 37.68489 ] ], [ [ -122.16638, 37.68807 ], [ -122.16641, 37.68807 ], [ -122.16636, 37.68801 ], [ -122.16638, 37.68807 ] ], [ [ -122.16733, 37.68882 ], [ -122.16738, 37.68882 ], [ -122.16736, 37.68877 ], [ -122.16733, 37.68882 ] ], [ [ -122.1656, 37.68715 ], [ -122.16566, 37.68715 ], [ -122.1656, 37.6871 ], [ -122.1656, 37.68715 ] ], [ [ -122.16509, 37.68529 ], [ -122.16512, 37.68529 ], [ -122.16506, 37.68524 ], [ -122.16509, 37.68529 ] ], [ [ -122.16579, 37.68233 ], [ -122.16579, 37.6823 ], [ -122.16576, 37.68233 ], [ -122.16579, 37.68233 ] ], [ [ -122.16574, 37.6823 ], [ -122.16576, 37.6823 ], [ -122.16574, 37.68227 ], [ -122.16574, 37.6823 ] ], [ [ -122.16576, 37.68225 ], [ -122.16576, 37.68227 ], [ -122.16579, 37.68225 ], [ -122.16576, 37.68225 ] ], [ [ -122.16595, 37.68761 ], [ -122.16601, 37.68761 ], [ -122.16595, 37.68758 ], [ -122.16595, 37.68761 ] ], [ [ -122.16636, 37.68567 ], [ -122.16641, 37.68567 ], [ -122.16636, 37.68564 ], [ -122.16636, 37.68567 ] ], [ [ -122.16719, 37.68562 ], [ -122.16727, 37.68562 ], [ -122.16719, 37.68559 ], [ -122.16719, 37.68562 ] ], [ [ -122.16622, 37.68553 ], [ -122.16628, 37.68553 ], [ -122.16625, 37.68548 ], [ -122.16622, 37.68553 ] ], [ [ -122.16523, 37.68575 ], [ -122.16525, 37.68575 ], [ -122.1652, 37.6857 ], [ -122.16523, 37.68575 ] ], [ [ -122.17118, 37.68324 ], [ -122.17124, 37.68324 ], [ -122.17118, 37.68319 ], [ -122.17118, 37.68324 ] ], [ [ -122.16625, 37.68721 ], [ -122.1663, 37.68721 ], [ -122.16625, 37.68715 ], [ -122.16625, 37.68721 ] ], [ [ -122.16638, 37.68871 ], [ -122.16644, 37.68871 ], [ -122.16641, 37.68866 ], [ -122.16638, 37.68871 ] ], [ [ -122.16671, 37.68866 ], [ -122.16676, 37.68866 ], [ -122.16671, 37.68861 ], [ -122.16671, 37.68866 ] ], [ [ -122.16665, 37.68826 ], [ -122.16674, 37.68826 ], [ -122.16665, 37.68823 ], [ -122.16665, 37.68826 ] ], [ [ -122.17032, 37.68394 ], [ -122.17037, 37.68394 ], [ -122.17032, 37.68389 ], [ -122.17032, 37.68394 ] ], [ [ -122.16466, 37.68548 ], [ -122.16461, 37.68551 ], [ -122.16466, 37.68553 ], [ -122.16466, 37.68548 ] ], [ [ -122.17151, 37.682 ], [ -122.17151, 37.68198 ], [ -122.17142, 37.682 ], [ -122.17151, 37.682 ] ], [ [ -122.1714, 37.68198 ], [ -122.17142, 37.68198 ], [ -122.1714, 37.68195 ], [ -122.1714, 37.68198 ] ], [ [ -122.16727, 37.68656 ], [ -122.16722, 37.68656 ], [ -122.16725, 37.68661 ], [ -122.16727, 37.68656 ] ], [ [ -122.168, 37.68516 ], [ -122.16795, 37.68518 ], [ -122.168, 37.68521 ], [ -122.168, 37.68516 ] ], [ [ -122.16622, 37.68591 ], [ -122.16614, 37.68591 ], [ -122.1662, 37.68597 ], [ -122.16622, 37.68591 ] ], [ [ -122.16617, 37.68432 ], [ -122.16612, 37.6843 ], [ -122.16617, 37.68435 ], [ -122.16617, 37.68432 ] ], [ [ -122.16816, 37.6854 ], [ -122.16824, 37.68537 ], [ -122.16816, 37.68535 ], [ -122.16816, 37.6854 ] ], [ [ -122.17, 37.68373 ], [ -122.17005, 37.68373 ], [ -122.17, 37.68368 ], [ -122.17, 37.68373 ] ], [ [ -122.1663, 37.68799 ], [ -122.16625, 37.68799 ], [ -122.16628, 37.68804 ], [ -122.1663, 37.68799 ] ], [ [ -122.16595, 37.68435 ], [ -122.16601, 37.68435 ], [ -122.16595, 37.6843 ], [ -122.16595, 37.68435 ] ], [ [ -122.16541, 37.68489 ], [ -122.16536, 37.68489 ], [ -122.16539, 37.68494 ], [ -122.16541, 37.68489 ] ], [ [ -122.1652, 37.68564 ], [ -122.16515, 37.68564 ], [ -122.16517, 37.6857 ], [ -122.1652, 37.68564 ] ], [ [ -122.1663, 37.68594 ], [ -122.16636, 37.68594 ], [ -122.1663, 37.68589 ], [ -122.1663, 37.68594 ] ], [ [ -122.16603, 37.68446 ], [ -122.16609, 37.68446 ], [ -122.16603, 37.6844 ], [ -122.16603, 37.68446 ] ], [ [ -122.16833, 37.68332 ], [ -122.16838, 37.68332 ], [ -122.16833, 37.68327 ], [ -122.16833, 37.68332 ] ], [ [ -122.16657, 37.68343 ], [ -122.16663, 37.68343 ], [ -122.16657, 37.68338 ], [ -122.16657, 37.68343 ] ], [ [ -122.16625, 37.68691 ], [ -122.16636, 37.68691 ], [ -122.16625, 37.68688 ], [ -122.16625, 37.68691 ] ], [ [ -122.16593, 37.6823 ], [ -122.16601, 37.68233 ], [ -122.16593, 37.68227 ], [ -122.16593, 37.6823 ] ], [ [ -122.16781, 37.68306 ], [ -122.16789, 37.68306 ], [ -122.16781, 37.683 ], [ -122.16781, 37.68306 ] ], [ [ -122.16684, 37.68351 ], [ -122.16692, 37.68351 ], [ -122.16687, 37.68346 ], [ -122.16684, 37.68351 ] ], [ [ -122.16652, 37.68721 ], [ -122.16663, 37.68718 ], [ -122.16652, 37.68715 ], [ -122.16652, 37.68721 ] ], [ [ -122.16647, 37.68756 ], [ -122.16641, 37.68753 ], [ -122.16647, 37.68758 ], [ -122.16647, 37.68756 ] ], [ [ -122.16625, 37.68516 ], [ -122.16633, 37.68516 ], [ -122.16628, 37.6851 ], [ -122.16625, 37.68516 ] ], [ [ -122.1662, 37.68726 ], [ -122.16628, 37.68729 ], [ -122.1662, 37.68723 ], [ -122.1662, 37.68726 ] ], [ [ -122.16644, 37.68855 ], [ -122.16652, 37.68855 ], [ -122.16644, 37.6885 ], [ -122.16644, 37.68855 ] ], [ [ -122.16455, 37.68597 ], [ -122.16463, 37.68599 ], [ -122.16455, 37.68594 ], [ -122.16455, 37.68597 ] ], [ [ -122.16746, 37.68432 ], [ -122.16754, 37.68432 ], [ -122.16746, 37.68427 ], [ -122.16746, 37.68432 ] ], [ [ -122.16501, 37.68575 ], [ -122.16498, 37.68567 ], [ -122.16493, 37.68572 ], [ -122.16501, 37.68575 ] ], [ [ -122.16674, 37.68648 ], [ -122.16674, 37.68645 ], [ -122.16665, 37.68648 ], [ -122.16674, 37.68648 ] ], [ [ -122.1666, 37.68645 ], [ -122.16665, 37.68645 ], [ -122.1666, 37.68642 ], [ -122.1666, 37.68645 ] ], [ [ -122.16711, 37.68607 ], [ -122.16719, 37.68602 ], [ -122.16711, 37.68599 ], [ -122.16711, 37.68607 ] ], [ [ -122.16617, 37.68858 ], [ -122.1662, 37.6885 ], [ -122.16612, 37.68855 ], [ -122.16617, 37.68858 ] ], [ [ -122.16598, 37.6826 ], [ -122.16603, 37.6826 ], [ -122.16601, 37.68249 ], [ -122.16598, 37.6826 ] ], [ [ -122.16525, 37.68583 ], [ -122.16517, 37.68575 ], [ -122.16517, 37.68583 ], [ -122.16525, 37.68583 ] ], [ [ -122.16585, 37.68438 ], [ -122.16576, 37.6844 ], [ -122.16585, 37.68443 ], [ -122.16585, 37.68438 ] ], [ [ -122.16722, 37.68316 ], [ -122.16717, 37.68316 ], [ -122.16722, 37.68319 ], [ -122.16722, 37.68316 ] ], [ [ -122.16709, 37.68316 ], [ -122.16717, 37.68322 ], [ -122.16714, 37.68316 ], [ -122.16709, 37.68316 ] ], [ [ -122.16784, 37.68343 ], [ -122.16779, 37.68335 ], [ -122.16776, 37.68343 ], [ -122.16784, 37.68343 ] ], [ [ -122.16601, 37.68211 ], [ -122.16609, 37.68211 ], [ -122.16601, 37.68203 ], [ -122.16601, 37.68211 ] ], [ [ -122.16703, 37.68915 ], [ -122.16711, 37.68915 ], [ -122.16703, 37.68909 ], [ -122.16703, 37.68915 ] ], [ [ -122.1666, 37.68527 ], [ -122.1666, 37.68524 ], [ -122.16652, 37.68529 ], [ -122.1666, 37.68527 ] ], [ [ -122.16647, 37.68524 ], [ -122.16652, 37.68524 ], [ -122.16647, 37.68521 ], [ -122.16647, 37.68524 ] ], [ [ -122.16649, 37.68497 ], [ -122.16655, 37.68494 ], [ -122.16649, 37.68486 ], [ -122.16649, 37.68497 ] ], [ [ -122.1652, 37.68686 ], [ -122.16515, 37.68677 ], [ -122.16515, 37.68683 ], [ -122.1652, 37.68686 ] ], [ [ -122.1701, 37.68289 ], [ -122.17016, 37.68289 ], [ -122.1701, 37.68279 ], [ -122.1701, 37.68289 ] ], [ [ -122.16655, 37.68403 ], [ -122.16655, 37.68394 ], [ -122.16649, 37.68397 ], [ -122.16655, 37.68403 ] ], [ [ -122.1662, 37.68268 ], [ -122.1663, 37.68262 ], [ -122.1662, 37.6826 ], [ -122.1662, 37.68268 ] ], [ [ -122.16717, 37.68421 ], [ -122.16725, 37.68421 ], [ -122.16717, 37.68413 ], [ -122.16717, 37.68421 ] ], [ [ -122.16706, 37.684 ], [ -122.16717, 37.68389 ], [ -122.16706, 37.68392 ], [ -122.16706, 37.684 ] ], [ [ -122.16638, 37.68467 ], [ -122.16628, 37.68467 ], [ -122.16636, 37.68473 ], [ -122.16638, 37.68467 ] ], [ [ -122.16698, 37.68502 ], [ -122.16684, 37.685 ], [ -122.16698, 37.68505 ], [ -122.16698, 37.68502 ] ], [ [ -122.16668, 37.68653 ], [ -122.16679, 37.68656 ], [ -122.16668, 37.68651 ], [ -122.16668, 37.68653 ] ], [ [ -122.16671, 37.68659 ], [ -122.16671, 37.68656 ], [ -122.16665, 37.68659 ], [ -122.16671, 37.68659 ] ], [ [ -122.16636, 37.68836 ], [ -122.16625, 37.68834 ], [ -122.16636, 37.68839 ], [ -122.16636, 37.68836 ] ], [ [ -122.16665, 37.68858 ], [ -122.16676, 37.68853 ], [ -122.16665, 37.6885 ], [ -122.16665, 37.68858 ] ], [ [ -122.17118, 37.68343 ], [ -122.17118, 37.68338 ], [ -122.17115, 37.68343 ], [ -122.17118, 37.68343 ] ], [ [ -122.17113, 37.68327 ], [ -122.17113, 37.68338 ], [ -122.17118, 37.68327 ], [ -122.17113, 37.68327 ] ], [ [ -122.16633, 37.68772 ], [ -122.16625, 37.68761 ], [ -122.16628, 37.68766 ], [ -122.16633, 37.68772 ] ], [ [ -122.16709, 37.68303 ], [ -122.16717, 37.68303 ], [ -122.16709, 37.68295 ], [ -122.16709, 37.68303 ] ], [ [ -122.16644, 37.68405 ], [ -122.16647, 37.684 ], [ -122.16636, 37.68403 ], [ -122.16644, 37.68405 ] ], [ [ -122.16603, 37.68753 ], [ -122.16603, 37.68742 ], [ -122.16593, 37.6875 ], [ -122.16603, 37.68753 ] ], [ [ -122.16453, 37.68599 ], [ -122.1645, 37.68591 ], [ -122.16444, 37.68599 ], [ -122.16453, 37.68599 ] ], [ [ -122.16571, 37.68421 ], [ -122.16585, 37.68421 ], [ -122.16574, 37.68416 ], [ -122.16571, 37.68421 ] ], [ [ -122.167, 37.68524 ], [ -122.16698, 37.68513 ], [ -122.1669, 37.68513 ], [ -122.167, 37.68524 ] ], [ [ -122.16652, 37.68381 ], [ -122.16663, 37.68381 ], [ -122.16652, 37.68376 ], [ -122.16652, 37.68381 ] ], [ [ -122.16647, 37.68427 ], [ -122.16652, 37.68427 ], [ -122.16644, 37.68416 ], [ -122.16647, 37.68427 ] ], [ [ -122.16717, 37.6868 ], [ -122.16709, 37.68683 ], [ -122.16717, 37.68688 ], [ -122.16717, 37.6868 ] ], [ [ -122.16711, 37.68691 ], [ -122.16711, 37.68688 ], [ -122.16703, 37.68691 ], [ -122.16711, 37.68691 ] ], [ [ -122.1662, 37.68384 ], [ -122.16603, 37.68384 ], [ -122.16612, 37.68392 ], [ -122.1662, 37.68384 ] ], [ [ -122.16687, 37.68885 ], [ -122.16687, 37.68882 ], [ -122.16684, 37.68885 ], [ -122.16687, 37.68885 ] ], [ [ -122.16682, 37.68882 ], [ -122.16684, 37.68882 ], [ -122.16679, 37.68874 ], [ -122.16682, 37.68882 ] ], [ [ -122.16679, 37.68871 ], [ -122.16682, 37.68871 ], [ -122.16679, 37.68866 ], [ -122.16679, 37.68871 ] ], [ [ -122.16612, 37.68836 ], [ -122.16625, 37.68826 ], [ -122.16614, 37.68823 ], [ -122.16612, 37.68836 ] ], [ [ -122.16512, 37.68551 ], [ -122.16504, 37.68553 ], [ -122.16512, 37.68559 ], [ -122.16512, 37.68551 ] ], [ [ -122.16695, 37.68642 ], [ -122.16695, 37.6864 ], [ -122.16679, 37.68637 ], [ -122.16695, 37.68642 ] ], [ [ -122.16727, 37.68335 ], [ -122.16725, 37.68324 ], [ -122.16719, 37.6833 ], [ -122.16727, 37.68335 ] ], [ [ -122.16714, 37.68357 ], [ -122.167, 37.68354 ], [ -122.16711, 37.68362 ], [ -122.16714, 37.68357 ] ], [ [ -122.16668, 37.68376 ], [ -122.16679, 37.68373 ], [ -122.16668, 37.6837 ], [ -122.16668, 37.68376 ] ], [ [ -122.16652, 37.68696 ], [ -122.1666, 37.68696 ], [ -122.16652, 37.68688 ], [ -122.16652, 37.68696 ] ], [ [ -122.16644, 37.6854 ], [ -122.16647, 37.68529 ], [ -122.16636, 37.68532 ], [ -122.16644, 37.6854 ] ], [ [ -122.16525, 37.68648 ], [ -122.16525, 37.6864 ], [ -122.16517, 37.68648 ], [ -122.16525, 37.68648 ] ], [ [ -122.16515, 37.6864 ], [ -122.1652, 37.6864 ], [ -122.16517, 37.68634 ], [ -122.16515, 37.6864 ] ], [ [ -122.16919, 37.68473 ], [ -122.16919, 37.68465 ], [ -122.16911, 37.68473 ], [ -122.16919, 37.68473 ] ], [ [ -122.16622, 37.68629 ], [ -122.16612, 37.68629 ], [ -122.1662, 37.68637 ], [ -122.16622, 37.68629 ] ], [ [ -122.16609, 37.68626 ], [ -122.16609, 37.68629 ], [ -122.16612, 37.68629 ], [ -122.16609, 37.68626 ] ], [ [ -122.16655, 37.68777 ], [ -122.16655, 37.68772 ], [ -122.16636, 37.68777 ], [ -122.16655, 37.68777 ] ], [ [ -122.16595, 37.68559 ], [ -122.16598, 37.68548 ], [ -122.16587, 37.68551 ], [ -122.16595, 37.68559 ] ], [ [ -122.1662, 37.68672 ], [ -122.16612, 37.6868 ], [ -122.16625, 37.68677 ], [ -122.1662, 37.68672 ] ], [ [ -122.16585, 37.68459 ], [ -122.16579, 37.68448 ], [ -122.16574, 37.68459 ], [ -122.16585, 37.68459 ] ], [ [ -122.16563, 37.68454 ], [ -122.16571, 37.68459 ], [ -122.16568, 37.68454 ], [ -122.16563, 37.68454 ] ], [ [ -122.16574, 37.68357 ], [ -122.16587, 37.68357 ], [ -122.16582, 37.68346 ], [ -122.16574, 37.68357 ] ], [ [ -122.16568, 37.68359 ], [ -122.16574, 37.68359 ], [ -122.16574, 37.68357 ], [ -122.16568, 37.68359 ] ], [ [ -122.16579, 37.68734 ], [ -122.16595, 37.68726 ], [ -122.1659, 37.68712 ], [ -122.1659, 37.68721 ], [ -122.16579, 37.68734 ] ], [ [ -122.16811, 37.68136 ], [ -122.16806, 37.68136 ], [ -122.16811, 37.68138 ], [ -122.16811, 37.68136 ] ], [ [ -122.16789, 37.68155 ], [ -122.16806, 37.68141 ], [ -122.16789, 37.68147 ], [ -122.16789, 37.68155 ] ], [ [ -122.16617, 37.68642 ], [ -122.16603, 37.6864 ], [ -122.16617, 37.68653 ], [ -122.16617, 37.68642 ] ], [ [ -122.16474, 37.6781 ], [ -122.16493, 37.67804 ], [ -122.16493, 37.67799 ], [ -122.16477, 37.67802 ], [ -122.16474, 37.6781 ] ], [ [ -122.16471, 37.6781 ], [ -122.16471, 37.6782 ], [ -122.16477, 37.6782 ], [ -122.16477, 37.67812 ], [ -122.16474, 37.6781 ], [ -122.16471, 37.6781 ] ], [ [ -122.16687, 37.68381 ], [ -122.16687, 37.68408 ], [ -122.16692, 37.68384 ], [ -122.16687, 37.68381 ] ], [ [ -122.16674, 37.68575 ], [ -122.1666, 37.68567 ], [ -122.16652, 37.68567 ], [ -122.16663, 37.68583 ], [ -122.16674, 37.68575 ] ], [ [ -122.16541, 37.68672 ], [ -122.16541, 37.68683 ], [ -122.16547, 37.68672 ], [ -122.16541, 37.68672 ] ], [ [ -122.16536, 37.68683 ], [ -122.16528, 37.68691 ], [ -122.16531, 37.68696 ], [ -122.16541, 37.68691 ], [ -122.16541, 37.68683 ], [ -122.16536, 37.68683 ] ], [ [ -122.16647, 37.68651 ], [ -122.16633, 37.68651 ], [ -122.16633, 37.68661 ], [ -122.16647, 37.68661 ], [ -122.16647, 37.68651 ] ], [ [ -122.16752, 37.68314 ], [ -122.1676, 37.68314 ], [ -122.16752, 37.68297 ], [ -122.16752, 37.68314 ] ], [ [ -122.16749, 37.68295 ], [ -122.16754, 37.68295 ], [ -122.16752, 37.68289 ], [ -122.16749, 37.68295 ] ], [ [ -122.16622, 37.68322 ], [ -122.16633, 37.68308 ], [ -122.16617, 37.68306 ], [ -122.16612, 37.68311 ], [ -122.16622, 37.68322 ] ], [ [ -122.16523, 37.68664 ], [ -122.16541, 37.68667 ], [ -122.16528, 37.68651 ], [ -122.16523, 37.68664 ] ], [ [ -122.1652, 37.68672 ], [ -122.16523, 37.68672 ], [ -122.16523, 37.68664 ], [ -122.1652, 37.68672 ] ], [ [ -122.16525, 37.6871 ], [ -122.16563, 37.68707 ], [ -122.16547, 37.68696 ], [ -122.16525, 37.6871 ] ], [ [ -122.1652, 37.68704 ], [ -122.16525, 37.68702 ], [ -122.1652, 37.68699 ], [ -122.1652, 37.68704 ] ], [ [ -122.16382, 37.67947 ], [ -122.16377, 37.67963 ], [ -122.16393, 37.67969 ], [ -122.16417, 37.67926 ], [ -122.16382, 37.67947 ] ], [ [ -122.16978, 37.68521 ], [ -122.1683, 37.68521 ], [ -122.16827, 37.68529 ], [ -122.16978, 37.68529 ], [ -122.16978, 37.68521 ] ], [ [ -122.16752, 37.68734 ], [ -122.16771, 37.68739 ], [ -122.16765, 37.68605 ], [ -122.16749, 37.68613 ], [ -122.16752, 37.68734 ] ], [ [ -122.16781, 37.68774 ], [ -122.16765, 37.68772 ], [ -122.16776, 37.68885 ], [ -122.167, 37.68952 ], [ -122.16733, 37.69012 ], [ -122.16744, 37.68998 ], [ -122.16722, 37.68952 ], [ -122.16792, 37.6888 ], [ -122.16792, 37.68815 ], [ -122.16781, 37.68774 ] ] ], [ [ [ -122.16272, 37.68446 ], [ -122.16253, 37.68397 ], [ -122.16296, 37.68443 ], [ -122.16307, 37.6844 ], [ -122.16302, 37.68473 ], [ -122.16285, 37.68473 ], [ -122.16275, 37.68489 ], [ -122.16248, 37.68478 ], [ -122.16215, 37.68492 ], [ -122.16229, 37.68467 ], [ -122.16215, 37.68438 ], [ -122.16242, 37.68465 ], [ -122.16272, 37.68446 ] ], [ [ -122.16302, 37.68446 ], [ -122.16304, 37.68446 ], [ -122.16302, 37.68443 ], [ -122.16302, 37.68446 ] ] ], [ [ [ -122.18064, 37.68712 ], [ -122.17954, 37.68522 ], [ -122.18061, 37.68691 ], [ -122.18064, 37.68712 ] ] ], [ [ [ -122.17169, 37.69076 ], [ -122.17151, 37.69063 ], [ -122.17024, 37.68659 ], [ -122.17016, 37.68677 ], [ -122.17134, 37.69071 ], [ -122.1687, 37.69076 ], [ -122.16859, 37.69068 ], [ -122.16859, 37.6857 ], [ -122.16873, 37.68562 ], [ -122.17072, 37.68562 ], [ -122.17245, 37.68734 ], [ -122.17301, 37.6882 ], [ -122.17347, 37.68942 ], [ -122.17355, 37.69063 ], [ -122.17345, 37.69074 ], [ -122.17326, 37.69063 ], [ -122.17318, 37.69076 ], [ -122.17169, 37.69076 ] ], [ [ -122.16994, 37.69014 ], [ -122.16997, 37.69014 ], [ -122.16994, 37.69012 ], [ -122.16994, 37.69014 ] ], [ [ -122.17226, 37.68952 ], [ -122.17229, 37.68952 ], [ -122.17226, 37.68947 ], [ -122.17226, 37.68952 ] ], [ [ -122.17188, 37.68828 ], [ -122.17191, 37.68828 ], [ -122.17188, 37.68823 ], [ -122.17188, 37.68828 ] ], [ [ -122.17226, 37.68944 ], [ -122.17229, 37.68944 ], [ -122.17223, 37.68939 ], [ -122.17226, 37.68944 ] ], [ [ -122.17221, 37.6892 ], [ -122.17207, 37.6892 ], [ -122.17204, 37.68931 ], [ -122.17221, 37.68933 ], [ -122.17221, 37.6892 ] ], [ [ -122.16967, 37.68939 ], [ -122.16989, 37.68942 ], [ -122.16983, 37.6892 ], [ -122.16967, 37.6892 ], [ -122.16967, 37.68939 ] ], [ [ -122.17188, 37.68869 ], [ -122.17199, 37.68896 ], [ -122.17215, 37.68885 ], [ -122.1721, 37.68869 ], [ -122.17188, 37.68869 ] ], [ [ -122.17245, 37.69001 ], [ -122.17245, 37.68998 ], [ -122.17239, 37.69001 ], [ -122.17245, 37.69001 ] ], [ [ -122.17231, 37.69001 ], [ -122.17248, 37.68982 ], [ -122.17229, 37.68966 ], [ -122.17223, 37.6899 ], [ -122.17231, 37.69001 ] ], [ [ -122.17221, 37.68985 ], [ -122.17223, 37.68985 ], [ -122.17221, 37.68982 ], [ -122.17221, 37.68985 ] ], [ [ -122.17202, 37.68842 ], [ -122.17172, 37.68818 ], [ -122.17196, 37.68861 ], [ -122.17202, 37.68842 ] ], [ [ -122.16951, 37.68847 ], [ -122.16959, 37.68893 ], [ -122.16981, 37.6889 ], [ -122.16975, 37.68839 ], [ -122.16951, 37.68847 ] ] ], [ [ [ -122.1732, 37.68562 ], [ -122.17557, 37.68753 ], [ -122.17867, 37.69044 ], [ -122.17881, 37.69071 ], [ -122.17385, 37.69074 ], [ -122.17377, 37.68963 ], [ -122.17312, 37.68799 ], [ -122.17118, 37.68564 ], [ -122.1732, 37.68562 ] ], [ [ -122.17549, 37.6885 ], [ -122.17549, 37.68853 ], [ -122.17552, 37.6885 ], [ -122.17549, 37.6885 ] ], [ [ -122.17555, 37.68845 ], [ -122.17555, 37.68847 ], [ -122.17557, 37.68845 ], [ -122.17555, 37.68845 ] ], [ [ -122.17552, 37.68855 ], [ -122.17552, 37.68858 ], [ -122.17555, 37.68855 ], [ -122.17552, 37.68855 ] ], [ [ -122.17398, 37.68799 ], [ -122.17398, 37.68804 ], [ -122.17401, 37.68799 ], [ -122.17398, 37.68799 ] ], [ [ -122.17557, 37.68858 ], [ -122.17557, 37.68863 ], [ -122.17563, 37.68858 ], [ -122.17557, 37.68858 ] ], [ [ -122.17474, 37.68748 ], [ -122.17439, 37.68721 ], [ -122.17463, 37.68753 ], [ -122.17474, 37.68748 ] ], [ [ -122.17498, 37.68783 ], [ -122.17501, 37.68783 ], [ -122.17498, 37.6878 ], [ -122.17498, 37.68783 ] ], [ [ -122.17485, 37.6878 ], [ -122.17509, 37.68777 ], [ -122.17506, 37.68766 ], [ -122.17471, 37.68753 ], [ -122.17485, 37.6878 ] ], [ [ -122.17477, 37.6875 ], [ -122.17482, 37.6875 ], [ -122.17477, 37.68748 ], [ -122.17477, 37.6875 ] ], [ [ -122.17393, 37.68793 ], [ -122.17396, 37.68793 ], [ -122.17393, 37.68791 ], [ -122.17393, 37.68793 ] ], [ [ -122.17355, 37.68769 ], [ -122.17372, 37.68785 ], [ -122.1739, 37.68796 ], [ -122.17374, 37.68756 ], [ -122.17361, 37.68753 ], [ -122.17355, 37.68769 ] ], [ [ -122.17425, 37.6885 ], [ -122.17433, 37.68909 ], [ -122.1745, 37.68907 ], [ -122.17447, 37.68845 ], [ -122.17425, 37.6885 ] ], [ [ -122.17442, 37.68931 ], [ -122.17442, 37.69001 ], [ -122.17455, 37.69014 ], [ -122.17455, 37.68928 ], [ -122.17442, 37.68931 ] ], [ [ -122.17633, 37.69012 ], [ -122.17619, 37.68958 ], [ -122.17603, 37.68931 ], [ -122.17592, 37.68931 ], [ -122.17584, 37.68942 ], [ -122.17614, 37.69004 ], [ -122.17633, 37.69012 ] ], [ [ -122.17568, 37.6888 ], [ -122.17568, 37.68874 ], [ -122.17563, 37.6888 ], [ -122.17568, 37.6888 ] ], [ [ -122.17552, 37.68834 ], [ -122.17541, 37.68812 ], [ -122.17522, 37.68807 ], [ -122.17525, 37.68847 ], [ -122.17568, 37.68907 ], [ -122.17544, 37.6885 ], [ -122.17552, 37.68834 ] ] ], [ [ [ -122.17827, 37.69257 ], [ -122.17813, 37.69211 ], [ -122.17673, 37.69208 ], [ -122.1769, 37.692 ], [ -122.17671, 37.69195 ], [ -122.17875, 37.69195 ], [ -122.17878, 37.69208 ], [ -122.17846, 37.69214 ], [ -122.1784, 37.6926 ], [ -122.17827, 37.69257 ] ], [ [ -122.17781, 37.69203 ], [ -122.17795, 37.69203 ], [ -122.17781, 37.692 ], [ -122.17781, 37.69203 ] ], [ [ -122.17695, 37.69203 ], [ -122.177, 37.69203 ], [ -122.17695, 37.692 ], [ -122.17695, 37.69203 ] ] ], [ [ [ -122.17935, 37.69378 ], [ -122.17991, 37.69367 ], [ -122.1804, 37.69443 ], [ -122.18043, 37.69464 ], [ -122.18026, 37.69475 ], [ -122.1801, 37.69454 ], [ -122.17989, 37.69416 ], [ -122.17967, 37.69413 ], [ -122.17943, 37.69427 ], [ -122.17981, 37.69481 ], [ -122.1797, 37.69483 ], [ -122.17919, 37.69408 ], [ -122.17935, 37.69378 ] ], [ [ -122.1801, 37.69446 ], [ -122.18021, 37.69448 ], [ -122.18016, 37.6944 ], [ -122.1801, 37.69446 ] ] ], [ [ [ -122.18635, 37.69793 ], [ -122.18595, 37.69774 ], [ -122.18582, 37.69799 ], [ -122.1859, 37.69825 ], [ -122.18625, 37.69801 ], [ -122.18646, 37.69807 ], [ -122.18646, 37.69882 ], [ -122.18673, 37.69893 ], [ -122.18684, 37.69914 ], [ -122.18633, 37.69939 ], [ -122.18595, 37.69906 ], [ -122.18608, 37.69877 ], [ -122.18592, 37.69839 ], [ -122.18552, 37.69855 ], [ -122.18517, 37.69896 ], [ -122.1846, 37.69896 ], [ -122.18444, 37.69863 ], [ -122.18412, 37.69863 ], [ -122.18401, 37.69836 ], [ -122.1839, 37.69842 ], [ -122.18379, 37.69831 ], [ -122.18342, 37.69774 ], [ -122.18239, 37.69812 ], [ -122.18245, 37.69831 ], [ -122.18274, 37.69807 ], [ -122.18293, 37.69815 ], [ -122.18282, 37.69831 ], [ -122.18253, 37.69834 ], [ -122.18264, 37.69866 ], [ -122.18237, 37.69836 ], [ -122.18247, 37.69863 ], [ -122.18223, 37.69871 ], [ -122.18242, 37.69855 ], [ -122.18191, 37.69809 ], [ -122.18185, 37.6979 ], [ -122.18075, 37.69828 ], [ -122.18142, 37.6979 ], [ -122.18094, 37.69807 ], [ -122.18083, 37.69804 ], [ -122.18175, 37.69764 ], [ -122.18161, 37.69737 ], [ -122.1818, 37.69734 ], [ -122.18199, 37.69753 ], [ -122.18258, 37.69734 ], [ -122.18239, 37.69745 ], [ -122.18237, 37.69747 ], [ -122.18239, 37.69753 ], [ -122.18352, 37.69723 ], [ -122.18452, 37.69666 ], [ -122.18509, 37.69677 ], [ -122.18525, 37.69666 ], [ -122.18536, 37.69691 ], [ -122.18571, 37.69696 ], [ -122.18598, 37.69734 ], [ -122.18644, 37.69755 ], [ -122.18635, 37.69793 ] ], [ [ -122.18156, 37.69785 ], [ -122.18142, 37.69788 ], [ -122.18142, 37.6979 ], [ -122.18156, 37.69785 ] ], [ [ -122.18158, 37.69782 ], [ -122.18156, 37.69782 ], [ -122.18156, 37.69785 ], [ -122.18158, 37.69782 ] ], [ [ -122.18668, 37.69914 ], [ -122.1867, 37.69914 ], [ -122.18665, 37.69904 ], [ -122.18668, 37.69914 ] ], [ [ -122.1846, 37.69887 ], [ -122.1846, 37.6989 ], [ -122.18463, 37.69887 ], [ -122.1846, 37.69887 ] ], [ [ -122.18326, 37.69742 ], [ -122.18326, 37.69737 ], [ -122.18323, 37.69742 ], [ -122.18326, 37.69742 ] ], [ [ -122.18323, 37.69747 ], [ -122.18323, 37.6975 ], [ -122.18326, 37.69747 ], [ -122.18323, 37.69747 ] ], [ [ -122.18247, 37.69769 ], [ -122.18247, 37.69772 ], [ -122.1825, 37.69769 ], [ -122.18247, 37.69769 ] ], [ [ -122.18169, 37.69777 ], [ -122.18169, 37.6978 ], [ -122.18172, 37.69777 ], [ -122.18169, 37.69777 ] ], [ [ -122.18474, 37.69863 ], [ -122.18474, 37.69866 ], [ -122.18476, 37.69863 ], [ -122.18474, 37.69863 ] ], [ [ -122.18447, 37.69839 ], [ -122.18447, 37.69842 ], [ -122.18449, 37.69839 ], [ -122.18447, 37.69839 ] ], [ [ -122.18617, 37.69912 ], [ -122.18619, 37.69912 ], [ -122.18617, 37.69909 ], [ -122.18617, 37.69912 ] ], [ [ -122.18614, 37.69906 ], [ -122.18614, 37.69909 ], [ -122.18617, 37.69909 ], [ -122.18614, 37.69906 ] ], [ [ -122.18255, 37.69774 ], [ -122.18255, 37.69777 ], [ -122.18261, 37.69774 ], [ -122.18255, 37.69774 ] ], [ [ -122.18482, 37.69871 ], [ -122.18482, 37.69874 ], [ -122.1849, 37.69871 ], [ -122.18482, 37.69871 ] ], [ [ -122.18226, 37.6979 ], [ -122.18226, 37.69796 ], [ -122.18231, 37.6979 ], [ -122.18226, 37.6979 ] ], [ [ -122.1828, 37.69769 ], [ -122.1828, 37.69774 ], [ -122.18285, 37.69769 ], [ -122.1828, 37.69769 ] ], [ [ -122.18336, 37.69764 ], [ -122.18336, 37.69769 ], [ -122.18342, 37.69764 ], [ -122.18336, 37.69764 ] ], [ [ -122.18269, 37.6978 ], [ -122.18269, 37.69785 ], [ -122.18274, 37.6978 ], [ -122.18269, 37.6978 ] ], [ [ -122.18447, 37.69755 ], [ -122.18447, 37.6975 ], [ -122.18439, 37.69753 ], [ -122.18447, 37.69755 ] ], [ [ -122.18468, 37.69855 ], [ -122.18466, 37.6985 ], [ -122.1846, 37.69855 ], [ -122.18468, 37.69855 ] ], [ [ -122.18423, 37.69761 ], [ -122.18431, 37.69758 ], [ -122.1842, 37.69753 ], [ -122.18423, 37.69761 ] ], [ [ -122.18398, 37.69834 ], [ -122.18396, 37.69828 ], [ -122.18388, 37.69834 ], [ -122.18398, 37.69834 ] ], [ [ -122.18374, 37.69801 ], [ -122.18379, 37.69817 ], [ -122.18385, 37.69817 ], [ -122.18385, 37.69804 ], [ -122.18374, 37.69801 ] ], [ [ -122.18458, 37.69788 ], [ -122.18471, 37.69788 ], [ -122.1846, 37.69777 ], [ -122.18458, 37.69788 ] ], [ [ -122.18476, 37.69737 ], [ -122.18471, 37.69726 ], [ -122.18463, 37.69723 ], [ -122.18463, 37.69737 ], [ -122.18476, 37.69737 ] ], [ [ -122.18441, 37.69831 ], [ -122.18449, 37.6982 ], [ -122.18447, 37.69812 ], [ -122.18425, 37.69823 ], [ -122.18441, 37.69831 ] ], [ [ -122.18487, 37.69726 ], [ -122.18498, 37.69745 ], [ -122.1852, 37.69737 ], [ -122.18501, 37.69704 ], [ -122.18487, 37.69726 ] ], [ [ -122.18582, 37.69758 ], [ -122.18563, 37.69753 ], [ -122.18547, 37.69766 ], [ -122.18547, 37.6979 ], [ -122.1856, 37.69796 ], [ -122.18582, 37.69758 ] ], [ [ -122.1835, 37.69769 ], [ -122.18363, 37.69788 ], [ -122.18379, 37.69785 ], [ -122.18388, 37.69801 ], [ -122.18417, 37.69809 ], [ -122.18412, 37.69782 ], [ -122.18366, 37.69769 ], [ -122.18374, 37.69753 ], [ -122.1835, 37.69769 ] ], [ [ -122.18455, 37.69688 ], [ -122.18417, 37.69688 ], [ -122.18382, 37.69737 ], [ -122.18382, 37.69755 ], [ -122.18393, 37.69742 ], [ -122.18423, 37.69747 ], [ -122.18433, 37.6972 ], [ -122.18417, 37.69704 ], [ -122.18452, 37.69699 ], [ -122.18455, 37.69688 ] ] ], [ [ [ -122.18652, 37.69874 ], [ -122.18657, 37.69769 ], [ -122.18695, 37.69764 ], [ -122.18722, 37.69852 ], [ -122.18668, 37.69887 ], [ -122.18652, 37.69874 ] ] ], [ [ [ -122.18727, 37.69869 ], [ -122.187, 37.69874 ], [ -122.18743, 37.69836 ], [ -122.18711, 37.69788 ], [ -122.18722, 37.69747 ], [ -122.18732, 37.69734 ], [ -122.1877, 37.69728 ], [ -122.18813, 37.69782 ], [ -122.18835, 37.69855 ], [ -122.18886, 37.69941 ], [ -122.1887, 37.69939 ], [ -122.18875, 37.69974 ], [ -122.18897, 37.6999 ], [ -122.189, 37.69968 ], [ -122.18908, 37.69985 ], [ -122.18908, 37.70009 ], [ -122.18894, 37.70006 ], [ -122.18886, 37.70033 ], [ -122.18867, 37.70014 ], [ -122.18846, 37.70022 ], [ -122.18824, 37.70052 ], [ -122.18816, 37.70046 ], [ -122.18808, 37.70073 ], [ -122.18789, 37.70073 ], [ -122.18773, 37.70052 ], [ -122.18751, 37.70055 ], [ -122.18757, 37.70073 ], [ -122.18732, 37.7006 ], [ -122.18708, 37.70068 ], [ -122.18706, 37.70057 ], [ -122.18749, 37.70036 ], [ -122.18738, 37.70011 ], [ -122.18757, 37.69976 ], [ -122.18781, 37.70009 ], [ -122.18789, 37.69998 ], [ -122.18816, 37.70001 ], [ -122.18784, 37.6996 ], [ -122.18765, 37.69971 ], [ -122.18722, 37.69971 ], [ -122.18719, 37.69985 ], [ -122.18692, 37.6999 ], [ -122.18689, 37.69974 ], [ -122.18708, 37.6996 ], [ -122.18687, 37.69955 ], [ -122.18689, 37.69936 ], [ -122.18789, 37.69923 ], [ -122.18803, 37.69944 ], [ -122.18829, 37.69939 ], [ -122.18824, 37.69901 ], [ -122.18794, 37.69858 ], [ -122.18754, 37.69861 ], [ -122.18735, 37.6985 ], [ -122.18727, 37.69869 ] ], [ [ -122.18905, 37.69995 ], [ -122.18905, 37.6999 ], [ -122.18897, 37.6999 ], [ -122.18905, 37.69995 ] ], [ [ -122.18794, 37.70049 ], [ -122.18784, 37.70057 ], [ -122.18797, 37.70057 ], [ -122.18794, 37.70049 ] ], [ [ -122.18706, 37.69985 ], [ -122.18708, 37.69985 ], [ -122.18706, 37.69982 ], [ -122.18706, 37.69985 ] ], [ [ -122.18706, 37.69952 ], [ -122.18706, 37.69958 ], [ -122.18711, 37.69952 ], [ -122.18706, 37.69952 ] ], [ [ -122.18765, 37.70017 ], [ -122.18767, 37.70017 ], [ -122.18765, 37.70014 ], [ -122.18765, 37.70017 ] ], [ [ -122.18754, 37.70033 ], [ -122.18757, 37.70033 ], [ -122.18754, 37.7003 ], [ -122.18754, 37.70033 ] ], [ [ -122.18711, 37.69947 ], [ -122.18714, 37.69947 ], [ -122.18711, 37.69944 ], [ -122.18711, 37.69947 ] ], [ [ -122.18821, 37.69955 ], [ -122.18824, 37.69955 ], [ -122.18819, 37.69947 ], [ -122.18821, 37.69955 ] ], [ [ -122.18754, 37.70017 ], [ -122.18746, 37.70014 ], [ -122.18751, 37.70022 ], [ -122.18754, 37.70017 ] ], [ [ -122.18746, 37.69963 ], [ -122.18754, 37.69963 ], [ -122.18746, 37.69958 ], [ -122.18746, 37.69963 ] ] ], [ [ [ -122.18886, 37.70119 ], [ -122.1891, 37.70111 ], [ -122.18913, 37.70133 ], [ -122.18894, 37.70127 ], [ -122.1884, 37.70152 ], [ -122.18829, 37.70149 ], [ -122.18865, 37.7013 ], [ -122.18786, 37.70157 ], [ -122.188, 37.70141 ], [ -122.18773, 37.70127 ], [ -122.18765, 37.70106 ], [ -122.18778, 37.70103 ], [ -122.18811, 37.70141 ], [ -122.18813, 37.7013 ], [ -122.18829, 37.70135 ], [ -122.18862, 37.70119 ], [ -122.18848, 37.70095 ], [ -122.18865, 37.70095 ], [ -122.18878, 37.70111 ], [ -122.18918, 37.70082 ], [ -122.18886, 37.70119 ] ], [ [ -122.18781, 37.70119 ], [ -122.18784, 37.70119 ], [ -122.18781, 37.70117 ], [ -122.18781, 37.70119 ] ] ], [ [ [ -122.19091, 37.71141 ], [ -122.19099, 37.71092 ], [ -122.1908, 37.71065 ], [ -122.19094, 37.71054 ], [ -122.19099, 37.71041 ], [ -122.19091, 37.71052 ], [ -122.19075, 37.71044 ], [ -122.19107, 37.7103 ], [ -122.19139, 37.71036 ], [ -122.19118, 37.71044 ], [ -122.19115, 37.7106 ], [ -122.19137, 37.71087 ], [ -122.19139, 37.71146 ], [ -122.19153, 37.71159 ], [ -122.1911, 37.71178 ], [ -122.19091, 37.71141 ] ], [ [ -122.19126, 37.71168 ], [ -122.19129, 37.71168 ], [ -122.19126, 37.71165 ], [ -122.19126, 37.71168 ] ], [ [ -122.1911, 37.71044 ], [ -122.1911, 37.71036 ], [ -122.19102, 37.71041 ], [ -122.1911, 37.71044 ] ], [ [ -122.19118, 37.71071 ], [ -122.19121, 37.71071 ], [ -122.19118, 37.71068 ], [ -122.19118, 37.71071 ] ], [ [ -122.19129, 37.71108 ], [ -122.19134, 37.71108 ], [ -122.19129, 37.71106 ], [ -122.19129, 37.71108 ] ], [ [ -122.19126, 37.71098 ], [ -122.19131, 37.71098 ], [ -122.19126, 37.71095 ], [ -122.19126, 37.71098 ] ] ], [ [ [ -122.1974, 37.71534 ], [ -122.19743, 37.71448 ], [ -122.1977, 37.71424 ], [ -122.20064, 37.71359 ], [ -122.20045, 37.71386 ], [ -122.19778, 37.71534 ], [ -122.1974, 37.71534 ] ] ], [ [ [ -122.21188, 37.71593 ], [ -122.21198, 37.71577 ], [ -122.21004, 37.71564 ], [ -122.20975, 37.71507 ], [ -122.20921, 37.71478 ], [ -122.20932, 37.71451 ], [ -122.20905, 37.71467 ], [ -122.20875, 37.71445 ], [ -122.20902, 37.71405 ], [ -122.20902, 37.71394 ], [ -122.20886, 37.71394 ], [ -122.2087, 37.71399 ], [ -122.2087, 37.71424 ], [ -122.20851, 37.71418 ], [ -122.20845, 37.71421 ], [ -122.20902, 37.71491 ], [ -122.20907, 37.71518 ], [ -122.20888, 37.71518 ], [ -122.20886, 37.71534 ], [ -122.20848, 37.71575 ], [ -122.20813, 37.71523 ], [ -122.20813, 37.7158 ], [ -122.20808, 37.71564 ], [ -122.20805, 37.71601 ], [ -122.20783, 37.71634 ], [ -122.20681, 37.71645 ], [ -122.20681, 37.71666 ], [ -122.20616, 37.71709 ], [ -122.20546, 37.71734 ], [ -122.20511, 37.71728 ], [ -122.20441, 37.71747 ], [ -122.20341, 37.71796 ], [ -122.20099, 37.71591 ], [ -122.19964, 37.71451 ], [ -122.20096, 37.71372 ], [ -122.20101, 37.71348 ], [ -122.20118, 37.7134 ], [ -122.20142, 37.71343 ], [ -122.20172, 37.71327 ], [ -122.20217, 37.71324 ], [ -122.20969, 37.71141 ], [ -122.20983, 37.71141 ], [ -122.20972, 37.71176 ], [ -122.20797, 37.7127 ], [ -122.20756, 37.71321 ], [ -122.20743, 37.71362 ], [ -122.20821, 37.71292 ], [ -122.20845, 37.71292 ], [ -122.2087, 37.71308 ], [ -122.20975, 37.71316 ], [ -122.20977, 37.713 ], [ -122.20896, 37.71251 ], [ -122.21004, 37.71205 ], [ -122.21066, 37.71238 ], [ -122.21072, 37.71211 ], [ -122.21053, 37.71219 ], [ -122.21026, 37.712 ], [ -122.21045, 37.71184 ], [ -122.21069, 37.71186 ], [ -122.21204, 37.71259 ], [ -122.21136, 37.71216 ], [ -122.21161, 37.71219 ], [ -122.21161, 37.71208 ], [ -122.21166, 37.71224 ], [ -122.2119, 37.71227 ], [ -122.21212, 37.7124 ], [ -122.21212, 37.71251 ], [ -122.21258, 37.71267 ], [ -122.21271, 37.713 ], [ -122.21282, 37.71294 ], [ -122.21301, 37.713 ], [ -122.21298, 37.71313 ], [ -122.21347, 37.71359 ], [ -122.21349, 37.71416 ], [ -122.21322, 37.71456 ], [ -122.21314, 37.71448 ], [ -122.21303, 37.71456 ], [ -122.21303, 37.71502 ], [ -122.21204, 37.71588 ], [ -122.21188, 37.71593 ] ], [ [ -122.2129, 37.7131 ], [ -122.21293, 37.7131 ], [ -122.2129, 37.71308 ], [ -122.2129, 37.7131 ] ], [ [ -122.20843, 37.71418 ], [ -122.20845, 37.71418 ], [ -122.20843, 37.71416 ], [ -122.20843, 37.71418 ] ], [ [ -122.20533, 37.7172 ], [ -122.20519, 37.71723 ], [ -122.20519, 37.71725 ], [ -122.20533, 37.71728 ], [ -122.20533, 37.7172 ] ], [ [ -122.21217, 37.71267 ], [ -122.21212, 37.71259 ], [ -122.21212, 37.71267 ], [ -122.21217, 37.71267 ] ], [ [ -122.21258, 37.71289 ], [ -122.21266, 37.71294 ], [ -122.21263, 37.71289 ], [ -122.21258, 37.71289 ] ], [ [ -122.21252, 37.71286 ], [ -122.21252, 37.71289 ], [ -122.21258, 37.71289 ], [ -122.21252, 37.71286 ] ], [ [ -122.21241, 37.71281 ], [ -122.21247, 37.71286 ], [ -122.2125, 37.71281 ], [ -122.21241, 37.71281 ] ], [ [ -122.21231, 37.71275 ], [ -122.21236, 37.71281 ], [ -122.21239, 37.71275 ], [ -122.21231, 37.71275 ] ], [ [ -122.21223, 37.7127 ], [ -122.21225, 37.71275 ], [ -122.21228, 37.7127 ], [ -122.21223, 37.7127 ] ], [ [ -122.21279, 37.713 ], [ -122.21276, 37.713 ], [ -122.21279, 37.71302 ], [ -122.21279, 37.713 ] ], [ [ -122.21285, 37.71305 ], [ -122.21285, 37.71302 ], [ -122.21279, 37.71302 ], [ -122.21285, 37.71305 ] ], [ [ -122.21287, 37.71308 ], [ -122.21287, 37.71305 ], [ -122.21285, 37.71305 ], [ -122.21287, 37.71308 ] ], [ [ -122.20366, 37.71494 ], [ -122.20368, 37.71494 ], [ -122.20366, 37.71491 ], [ -122.20366, 37.71494 ] ], [ [ -122.20896, 37.71515 ], [ -122.20899, 37.71515 ], [ -122.20896, 37.71513 ], [ -122.20896, 37.71515 ] ], [ [ -122.20872, 37.71539 ], [ -122.20875, 37.71539 ], [ -122.20872, 37.71537 ], [ -122.20872, 37.71539 ] ], [ [ -122.20802, 37.71548 ], [ -122.20805, 37.71548 ], [ -122.20802, 37.71545 ], [ -122.20802, 37.71548 ] ], [ [ -122.21004, 37.71262 ], [ -122.21007, 37.71262 ], [ -122.21004, 37.71257 ], [ -122.21004, 37.71262 ] ], [ [ -122.20835, 37.71416 ], [ -122.20837, 37.71416 ], [ -122.20832, 37.7141 ], [ -122.20835, 37.71416 ] ], [ [ -122.20915, 37.71421 ], [ -122.20915, 37.71418 ], [ -122.2091, 37.71421 ], [ -122.20915, 37.71421 ] ], [ [ -122.20907, 37.71418 ], [ -122.2091, 37.71418 ], [ -122.20907, 37.71416 ], [ -122.20907, 37.71418 ] ], [ [ -122.20899, 37.71343 ], [ -122.20905, 37.71343 ], [ -122.20899, 37.71337 ], [ -122.20899, 37.71343 ] ], [ [ -122.20932, 37.71354 ], [ -122.20926, 37.71354 ], [ -122.20932, 37.71359 ], [ -122.20932, 37.71354 ] ], [ [ -122.2088, 37.71337 ], [ -122.2087, 37.71335 ], [ -122.20878, 37.71343 ], [ -122.2088, 37.71337 ] ], [ [ -122.21209, 37.71248 ], [ -122.21209, 37.71243 ], [ -122.21204, 37.71248 ], [ -122.21209, 37.71248 ] ], [ [ -122.2119, 37.71238 ], [ -122.21198, 37.7124 ], [ -122.2119, 37.71235 ], [ -122.2119, 37.71238 ] ], [ [ -122.20581, 37.71434 ], [ -122.20608, 37.71488 ], [ -122.20659, 37.7151 ], [ -122.20705, 37.71467 ], [ -122.20587, 37.71356 ], [ -122.20517, 37.71407 ], [ -122.20581, 37.71434 ] ] ], [ [ [ -122.19878, 37.71857 ], [ -122.19864, 37.71857 ], [ -122.19775, 37.7176 ], [ -122.19722, 37.71601 ], [ -122.19738, 37.7161 ], [ -122.19792, 37.7176 ], [ -122.19878, 37.71857 ] ] ], [ [ [ -122.19751, 37.72275 ], [ -122.19657, 37.7224 ], [ -122.19662, 37.72216 ], [ -122.19991, 37.72318 ], [ -122.20004, 37.72329 ], [ -122.19996, 37.72356 ], [ -122.19978, 37.72361 ], [ -122.19929, 37.72345 ], [ -122.19819, 37.72305 ], [ -122.19762, 37.7227 ], [ -122.19751, 37.72275 ] ] ], [ [ [ -122.1991, 37.72378 ], [ -122.19929, 37.72351 ], [ -122.19929, 37.72386 ], [ -122.19975, 37.72437 ], [ -122.19972, 37.72453 ], [ -122.19956, 37.72458 ], [ -122.19916, 37.72437 ], [ -122.19891, 37.72448 ], [ -122.19967, 37.72496 ], [ -122.19501, 37.72243 ], [ -122.19444, 37.72186 ], [ -122.19425, 37.72186 ], [ -122.19436, 37.72138 ], [ -122.196, 37.7217 ], [ -122.19587, 37.722 ], [ -122.19633, 37.72205 ], [ -122.19641, 37.72221 ], [ -122.19587, 37.72208 ], [ -122.19598, 37.72246 ], [ -122.19576, 37.72256 ], [ -122.19573, 37.72273 ], [ -122.19864, 37.72434 ], [ -122.19891, 37.72418 ], [ -122.19862, 37.72402 ], [ -122.19881, 37.72383 ], [ -122.1991, 37.72378 ] ], [ [ -122.19581, 37.72202 ], [ -122.19581, 37.72208 ], [ -122.19584, 37.72202 ], [ -122.19581, 37.72202 ] ] ], [ [ [ -122.20053, 37.7258 ], [ -122.19994, 37.72542 ], [ -122.19994, 37.72515 ], [ -122.20058, 37.72469 ], [ -122.20069, 37.72434 ], [ -122.20101, 37.72448 ], [ -122.20137, 37.72537 ], [ -122.20131, 37.72596 ], [ -122.20088, 37.72661 ], [ -122.2005, 37.7269 ], [ -122.19975, 37.72731 ], [ -122.19929, 37.72725 ], [ -122.19988, 37.72682 ], [ -122.20053, 37.7258 ] ] ], [ [ [ -122.19802, 37.74294 ], [ -122.19991, 37.74501 ], [ -122.19999, 37.74525 ], [ -122.19972, 37.74517 ], [ -122.19948, 37.74466 ], [ -122.19808, 37.74304 ], [ -122.19686, 37.74302 ], [ -122.1966, 37.74288 ], [ -122.19802, 37.74294 ] ], [ [ -122.19967, 37.74493 ], [ -122.19967, 37.7449 ], [ -122.19964, 37.74493 ], [ -122.19967, 37.74493 ] ] ], [ [ [ -122.19961, 37.75248 ], [ -122.19924, 37.75207 ], [ -122.19907, 37.75145 ], [ -122.19942, 37.75108 ], [ -122.19945, 37.75081 ], [ -122.19969, 37.75064 ], [ -122.20007, 37.75051 ], [ -122.20053, 37.75051 ], [ -122.20142, 37.75091 ], [ -122.20166, 37.75129 ], [ -122.20199, 37.75151 ], [ -122.2019, 37.75188 ], [ -122.20169, 37.75232 ], [ -122.20131, 37.75261 ], [ -122.20013, 37.75275 ], [ -122.19961, 37.75248 ] ] ], [ [ [ -122.19802, 37.75814 ], [ -122.19802, 37.75792 ], [ -122.19856, 37.75736 ], [ -122.19867, 37.75652 ], [ -122.19889, 37.75682 ], [ -122.19883, 37.7576 ], [ -122.19802, 37.75814 ] ], [ [ -122.19816, 37.75797 ], [ -122.19819, 37.75797 ], [ -122.19816, 37.75792 ], [ -122.19816, 37.75797 ] ], [ [ -122.19881, 37.75725 ], [ -122.19878, 37.75725 ], [ -122.19881, 37.75738 ], [ -122.19881, 37.75725 ] ], [ [ -122.19856, 37.75765 ], [ -122.19845, 37.75773 ], [ -122.19856, 37.75771 ], [ -122.19856, 37.75765 ] ], [ [ -122.1984, 37.75773 ], [ -122.19837, 37.75779 ], [ -122.19845, 37.75779 ], [ -122.19845, 37.75773 ], [ -122.1984, 37.75773 ] ], [ [ -122.19835, 37.75781 ], [ -122.19837, 37.75781 ], [ -122.19837, 37.75779 ], [ -122.19835, 37.75781 ] ], [ [ -122.19829, 37.75784 ], [ -122.19835, 37.75784 ], [ -122.19835, 37.75781 ], [ -122.19829, 37.75784 ] ], [ [ -122.19827, 37.75787 ], [ -122.19829, 37.75787 ], [ -122.19829, 37.75784 ], [ -122.19827, 37.75787 ] ], [ [ -122.19824, 37.75789 ], [ -122.19827, 37.75789 ], [ -122.19827, 37.75787 ], [ -122.19824, 37.75789 ] ], [ [ -122.19821, 37.75792 ], [ -122.19824, 37.75792 ], [ -122.19824, 37.75789 ], [ -122.19821, 37.75792 ] ], [ [ -122.19867, 37.7576 ], [ -122.19881, 37.75752 ], [ -122.19875, 37.75741 ], [ -122.19867, 37.7576 ] ], [ [ -122.19862, 37.75762 ], [ -122.19867, 37.75762 ], [ -122.19867, 37.7576 ], [ -122.19862, 37.75762 ] ], [ [ -122.19859, 37.75765 ], [ -122.19862, 37.75765 ], [ -122.19862, 37.75762 ], [ -122.19859, 37.75765 ] ], [ [ -122.19881, 37.75722 ], [ -122.19886, 37.75706 ], [ -122.19875, 37.75671 ], [ -122.19881, 37.75722 ] ] ], [ [ [ -122.10225, 37.52166 ], [ -122.10211, 37.52144 ], [ -122.10154, 37.5216 ], [ -122.10092, 37.52209 ], [ -122.09966, 37.52254 ], [ -122.09901, 37.52263 ], [ -122.09831, 37.52252 ], [ -122.0988, 37.52268 ], [ -122.09936, 37.52268 ], [ -122.10017, 37.52249 ], [ -122.1009, 37.52219 ], [ -122.10157, 37.52168 ], [ -122.10214, 37.52152 ], [ -122.10227, 37.52179 ], [ -122.10214, 37.52203 ], [ -122.09944, 37.52443 ], [ -122.09901, 37.524 ], [ -122.09815, 37.52411 ], [ -122.09766, 37.52308 ], [ -122.09729, 37.52284 ], [ -122.095, 37.52233 ], [ -122.09265, 37.52149 ], [ -122.09168, 37.51963 ], [ -122.0913, 37.51826 ], [ -122.09098, 37.51799 ], [ -122.0913, 37.51772 ], [ -122.0913, 37.51799 ], [ -122.09138, 37.51786 ], [ -122.09168, 37.51791 ], [ -122.09173, 37.51777 ], [ -122.09136, 37.51756 ], [ -122.0912, 37.51756 ], [ -122.09085, 37.51786 ], [ -122.0899, 37.51761 ], [ -122.08955, 37.51764 ], [ -122.08947, 37.51707 ], [ -122.08917, 37.51683 ], [ -122.08966, 37.51589 ], [ -122.09152, 37.51554 ], [ -122.09182, 37.51535 ], [ -122.0937, 37.51492 ], [ -122.09559, 37.51379 ], [ -122.09702, 37.51225 ], [ -122.09858, 37.50939 ], [ -122.10432, 37.50422 ], [ -122.10688, 37.50174 ], [ -122.10731, 37.50152 ], [ -122.10855, 37.5026 ], [ -122.11028, 37.50584 ], [ -122.1102, 37.50815 ], [ -122.11044, 37.50904 ], [ -122.1103, 37.5091 ], [ -122.11009, 37.50894 ], [ -122.10998, 37.50902 ], [ -122.10993, 37.5095 ], [ -122.11009, 37.5098 ], [ -122.10976, 37.51012 ], [ -122.11022, 37.50985 ], [ -122.11001, 37.50939 ], [ -122.11014, 37.50907 ], [ -122.11049, 37.50934 ], [ -122.11055, 37.50953 ], [ -122.11041, 37.50966 ], [ -122.11057, 37.50966 ], [ -122.1106, 37.50977 ], [ -122.11044, 37.50988 ], [ -122.11063, 37.50991 ], [ -122.11084, 37.51039 ], [ -122.1106, 37.51079 ], [ -122.10998, 37.51128 ], [ -122.10955, 37.51185 ], [ -122.10933, 37.51187 ], [ -122.10933, 37.51217 ], [ -122.10734, 37.51503 ], [ -122.10265, 37.52144 ], [ -122.10276, 37.52066 ], [ -122.10219, 37.52004 ], [ -122.10206, 37.51947 ], [ -122.10214, 37.51896 ], [ -122.10373, 37.5164 ], [ -122.104, 37.51575 ], [ -122.10534, 37.51449 ], [ -122.10569, 37.514 ], [ -122.10384, 37.51578 ], [ -122.10365, 37.51635 ], [ -122.10208, 37.51883 ], [ -122.102, 37.51985 ], [ -122.10222, 37.52039 ], [ -122.10262, 37.52069 ], [ -122.10249, 37.5216 ], [ -122.10225, 37.52166 ] ], [ [ -122.10572, 37.51397 ], [ -122.10569, 37.51397 ], [ -122.10569, 37.514 ], [ -122.10572, 37.51397 ] ], [ [ -122.10575, 37.51395 ], [ -122.10572, 37.51395 ], [ -122.10572, 37.51397 ], [ -122.10575, 37.51395 ] ], [ [ -122.10578, 37.51392 ], [ -122.10575, 37.51392 ], [ -122.10575, 37.51395 ], [ -122.10578, 37.51392 ] ], [ [ -122.10591, 37.51381 ], [ -122.10578, 37.51389 ], [ -122.10583, 37.51389 ], [ -122.10591, 37.51381 ] ], [ [ -122.10599, 37.51376 ], [ -122.10594, 37.51376 ], [ -122.10591, 37.51381 ], [ -122.10599, 37.51376 ] ], [ [ -122.10602, 37.51373 ], [ -122.10599, 37.51373 ], [ -122.10599, 37.51376 ], [ -122.10602, 37.51373 ] ], [ [ -122.10149, 37.50788 ], [ -122.10149, 37.50791 ], [ -122.10152, 37.50788 ], [ -122.10149, 37.50788 ] ], [ [ -122.10203, 37.5071 ], [ -122.10203, 37.50713 ], [ -122.10206, 37.5071 ], [ -122.10203, 37.5071 ] ], [ [ -122.10615, 37.51362 ], [ -122.10615, 37.51365 ], [ -122.10618, 37.51362 ], [ -122.10615, 37.51362 ] ], [ [ -122.10157, 37.50775 ], [ -122.10157, 37.50778 ], [ -122.1016, 37.50775 ], [ -122.10157, 37.50775 ] ], [ [ -122.10152, 37.50794 ], [ -122.10152, 37.50796 ], [ -122.10154, 37.50794 ], [ -122.10152, 37.50794 ] ], [ [ -122.10955, 37.51026 ], [ -122.10955, 37.51028 ], [ -122.10958, 37.51026 ], [ -122.10955, 37.51026 ] ], [ [ -122.10801, 37.51249 ], [ -122.10801, 37.51252 ], [ -122.10804, 37.51249 ], [ -122.10801, 37.51249 ] ], [ [ -122.10047, 37.50829 ], [ -122.10047, 37.50832 ], [ -122.10049, 37.50829 ], [ -122.10047, 37.50829 ] ], [ [ -122.10537, 37.50462 ], [ -122.10537, 37.50465 ], [ -122.1054, 37.50462 ], [ -122.10537, 37.50462 ] ], [ [ -122.09842, 37.51104 ], [ -122.09842, 37.51106 ], [ -122.09845, 37.51104 ], [ -122.09842, 37.51104 ] ], [ [ -122.10203, 37.52166 ], [ -122.10203, 37.52168 ], [ -122.10206, 37.52166 ], [ -122.10203, 37.52166 ] ], [ [ -122.09699, 37.51287 ], [ -122.09699, 37.5129 ], [ -122.09702, 37.51287 ], [ -122.09699, 37.51287 ] ], [ [ -122.10219, 37.50681 ], [ -122.10219, 37.50683 ], [ -122.10225, 37.50681 ], [ -122.10219, 37.50681 ] ], [ [ -122.10357, 37.50592 ], [ -122.10357, 37.50597 ], [ -122.10359, 37.50592 ], [ -122.10357, 37.50592 ] ], [ [ -122.10049, 37.50823 ], [ -122.10049, 37.50826 ], [ -122.10055, 37.50823 ], [ -122.10049, 37.50823 ] ], [ [ -122.09815, 37.51158 ], [ -122.09815, 37.51163 ], [ -122.09818, 37.51158 ], [ -122.09815, 37.51158 ] ], [ [ -122.09809, 37.51222 ], [ -122.09809, 37.51228 ], [ -122.09812, 37.51222 ], [ -122.09809, 37.51222 ] ], [ [ -122.10604, 37.51276 ], [ -122.10604, 37.51273 ], [ -122.10602, 37.51276 ], [ -122.10604, 37.51276 ] ], [ [ -122.10599, 37.51279 ], [ -122.10602, 37.51279 ], [ -122.10602, 37.51276 ], [ -122.10599, 37.51279 ] ], [ [ -122.10604, 37.5036 ], [ -122.10604, 37.50365 ], [ -122.10607, 37.5036 ], [ -122.10604, 37.5036 ] ], [ [ -122.10952, 37.51031 ], [ -122.10952, 37.51028 ], [ -122.10949, 37.51031 ], [ -122.10952, 37.51031 ] ], [ [ -122.10947, 37.51034 ], [ -122.10949, 37.51034 ], [ -122.10949, 37.51031 ], [ -122.10947, 37.51034 ] ], [ [ -122.10944, 37.51036 ], [ -122.10947, 37.51036 ], [ -122.10947, 37.51034 ], [ -122.10944, 37.51036 ] ], [ [ -122.10817, 37.51244 ], [ -122.10817, 37.51241 ], [ -122.10815, 37.51244 ], [ -122.10817, 37.51244 ] ], [ [ -122.10809, 37.51247 ], [ -122.10815, 37.51247 ], [ -122.10815, 37.51244 ], [ -122.10809, 37.51247 ] ], [ [ -122.10807, 37.51249 ], [ -122.10809, 37.51249 ], [ -122.10809, 37.51247 ], [ -122.10807, 37.51249 ] ], [ [ -122.10974, 37.51017 ], [ -122.10974, 37.51015 ], [ -122.10971, 37.51017 ], [ -122.10974, 37.51017 ] ], [ [ -122.10966, 37.5102 ], [ -122.10971, 37.5102 ], [ -122.10971, 37.51017 ], [ -122.10966, 37.5102 ] ], [ [ -122.10963, 37.51023 ], [ -122.10966, 37.51023 ], [ -122.10966, 37.5102 ], [ -122.10963, 37.51023 ] ], [ [ -122.1096, 37.51026 ], [ -122.10963, 37.51026 ], [ -122.10963, 37.51023 ], [ -122.1096, 37.51026 ] ], [ [ -122.09731, 37.51247 ], [ -122.09731, 37.51241 ], [ -122.09726, 37.51247 ], [ -122.09731, 37.51247 ] ], [ [ -122.10359, 37.50605 ], [ -122.10362, 37.506 ], [ -122.10351, 37.50602 ], [ -122.10359, 37.50605 ] ], [ [ -122.10941, 37.51039 ], [ -122.10941, 37.51036 ], [ -122.10939, 37.51039 ], [ -122.10941, 37.51039 ] ], [ [ -122.10933, 37.51042 ], [ -122.10939, 37.51042 ], [ -122.10939, 37.51039 ], [ -122.10933, 37.51042 ] ], [ [ -122.10928, 37.51047 ], [ -122.10931, 37.51047 ], [ -122.10933, 37.51042 ], [ -122.10928, 37.51047 ] ], [ [ -122.10586, 37.5129 ], [ -122.10586, 37.51287 ], [ -122.10583, 37.5129 ], [ -122.10586, 37.5129 ] ], [ [ -122.1058, 37.51292 ], [ -122.10583, 37.51292 ], [ -122.10583, 37.5129 ], [ -122.1058, 37.51292 ] ], [ [ -122.10572, 37.51298 ], [ -122.10578, 37.51298 ], [ -122.1058, 37.51292 ], [ -122.10572, 37.51298 ] ], [ [ -122.10658, 37.5133 ], [ -122.1065, 37.51335 ], [ -122.10658, 37.51335 ], [ -122.10658, 37.5133 ] ], [ [ -122.1065, 37.51341 ], [ -122.1065, 37.51338 ], [ -122.10648, 37.51341 ], [ -122.1065, 37.51341 ] ], [ [ -122.10645, 37.51344 ], [ -122.10648, 37.51344 ], [ -122.10648, 37.51341 ], [ -122.10645, 37.51344 ] ], [ [ -122.1064, 37.51349 ], [ -122.1064, 37.51346 ], [ -122.10637, 37.51349 ], [ -122.1064, 37.51349 ] ], [ [ -122.10634, 37.51352 ], [ -122.10637, 37.51352 ], [ -122.10637, 37.51349 ], [ -122.10634, 37.51352 ] ], [ [ -122.10631, 37.51354 ], [ -122.10634, 37.51354 ], [ -122.10634, 37.51352 ], [ -122.10631, 37.51354 ] ], [ [ -122.10626, 37.51357 ], [ -122.10631, 37.51357 ], [ -122.10631, 37.51354 ], [ -122.10626, 37.51357 ] ], [ [ -122.10623, 37.5136 ], [ -122.10626, 37.5136 ], [ -122.10626, 37.51357 ], [ -122.10623, 37.5136 ] ], [ [ -122.10621, 37.51362 ], [ -122.10623, 37.51362 ], [ -122.10623, 37.5136 ], [ -122.10621, 37.51362 ] ], [ [ -122.09939, 37.52333 ], [ -122.09923, 37.52333 ], [ -122.09933, 37.52338 ], [ -122.09939, 37.52333 ] ], [ [ -122.10198, 37.5071 ], [ -122.10198, 37.50721 ], [ -122.102, 37.5071 ], [ -122.10198, 37.5071 ] ], [ [ -122.10189, 37.50721 ], [ -122.10189, 37.50724 ], [ -122.10198, 37.50724 ], [ -122.10198, 37.50721 ], [ -122.10189, 37.50721 ] ], [ [ -122.10189, 37.5074 ], [ -122.10192, 37.50732 ], [ -122.10195, 37.50729 ], [ -122.10187, 37.50729 ], [ -122.10189, 37.5074 ] ], [ [ -122.10006, 37.50896 ], [ -122.10006, 37.50891 ], [ -122.09995, 37.50894 ], [ -122.10006, 37.50896 ] ], [ [ -122.10464, 37.50446 ], [ -122.1047, 37.50441 ], [ -122.10459, 37.50433 ], [ -122.10464, 37.50446 ] ], [ [ -122.09834, 37.51131 ], [ -122.09834, 37.51117 ], [ -122.09823, 37.51128 ], [ -122.09834, 37.51131 ] ], [ [ -122.09809, 37.51182 ], [ -122.09818, 37.51182 ], [ -122.09826, 37.51168 ], [ -122.09809, 37.51182 ] ], [ [ -122.09847, 37.51047 ], [ -122.09855, 37.51047 ], [ -122.09855, 37.51026 ], [ -122.09847, 37.51047 ] ], [ [ -122.10022, 37.50867 ], [ -122.10006, 37.50877 ], [ -122.10017, 37.50872 ], [ -122.10022, 37.50867 ] ], [ [ -122.09783, 37.523 ], [ -122.09788, 37.52319 ], [ -122.09793, 37.52306 ], [ -122.09783, 37.523 ] ], [ [ -122.10567, 37.50427 ], [ -122.10564, 37.50427 ], [ -122.10559, 37.50438 ], [ -122.10567, 37.50427 ] ], [ [ -122.10548, 37.50452 ], [ -122.10556, 37.50443 ], [ -122.10545, 37.50443 ], [ -122.10548, 37.50452 ] ], [ [ -122.10545, 37.50452 ], [ -122.10545, 37.50449 ], [ -122.10543, 37.50452 ], [ -122.10545, 37.50452 ] ], [ [ -122.10928, 37.51187 ], [ -122.10912, 37.51187 ], [ -122.1089, 37.51203 ], [ -122.10928, 37.51187 ] ], [ [ -122.10176, 37.5077 ], [ -122.10173, 37.50753 ], [ -122.10163, 37.50753 ], [ -122.1016, 37.50767 ], [ -122.10176, 37.5077 ] ], [ [ -122.09826, 37.51163 ], [ -122.09831, 37.5115 ], [ -122.0982, 37.51133 ], [ -122.09815, 37.51155 ], [ -122.09826, 37.51163 ] ], [ [ -122.09855, 37.51061 ], [ -122.09839, 37.5105 ], [ -122.09853, 37.51077 ], [ -122.09855, 37.51061 ] ], [ [ -122.0978, 37.51263 ], [ -122.09766, 37.51276 ], [ -122.09783, 37.51292 ], [ -122.0978, 37.51263 ] ], [ [ -122.09823, 37.51185 ], [ -122.09801, 37.51193 ], [ -122.09809, 37.51214 ], [ -122.0982, 37.51209 ], [ -122.09809, 37.51201 ], [ -122.09823, 37.51185 ] ], [ [ -122.10739, 37.51171 ], [ -122.10723, 37.51193 ], [ -122.1075, 37.51171 ], [ -122.10739, 37.51171 ] ], [ [ -122.1072, 37.51193 ], [ -122.1072, 37.51195 ], [ -122.10723, 37.51195 ], [ -122.10723, 37.51193 ], [ -122.1072, 37.51193 ] ], [ [ -122.10718, 37.51198 ], [ -122.1072, 37.51198 ], [ -122.1072, 37.51195 ], [ -122.10718, 37.51198 ] ], [ [ -122.10712, 37.51198 ], [ -122.10702, 37.51203 ], [ -122.10688, 37.5122 ], [ -122.10702, 37.5122 ], [ -122.10712, 37.51198 ] ], [ [ -122.10265, 37.50627 ], [ -122.10273, 37.50616 ], [ -122.10273, 37.50611 ], [ -122.10262, 37.50613 ], [ -122.10265, 37.50627 ] ], [ [ -122.1026, 37.50627 ], [ -122.10238, 37.50643 ], [ -122.10238, 37.50662 ], [ -122.10262, 37.50635 ], [ -122.1026, 37.50627 ] ], [ [ -122.10666, 37.51325 ], [ -122.10772, 37.51271 ], [ -122.10774, 37.51265 ], [ -122.10688, 37.51306 ], [ -122.10666, 37.51325 ] ], [ [ -122.10664, 37.51325 ], [ -122.10664, 37.51327 ], [ -122.10666, 37.51327 ], [ -122.10666, 37.51325 ], [ -122.10664, 37.51325 ] ], [ [ -122.09801, 37.51225 ], [ -122.09788, 37.51233 ], [ -122.09791, 37.51271 ], [ -122.09801, 37.51225 ] ], [ [ -122.09664, 37.51446 ], [ -122.09675, 37.51443 ], [ -122.09677, 37.51362 ], [ -122.09699, 37.51295 ], [ -122.09688, 37.51298 ], [ -122.09661, 37.51395 ], [ -122.09664, 37.51446 ] ], [ [ -122.10448, 37.50454 ], [ -122.10389, 37.50527 ], [ -122.10378, 37.50567 ], [ -122.10359, 37.50581 ], [ -122.10365, 37.50594 ], [ -122.10454, 37.50465 ], [ -122.10448, 37.50454 ] ], [ [ -122.09133, 37.51737 ], [ -122.09165, 37.51573 ], [ -122.09155, 37.51573 ], [ -122.09128, 37.5168 ], [ -122.0912, 37.51737 ], [ -122.09133, 37.51737 ] ], [ [ -122.10855, 37.51098 ], [ -122.10855, 37.51096 ], [ -122.1085, 37.51098 ], [ -122.10855, 37.51098 ] ], [ [ -122.10844, 37.51098 ], [ -122.10815, 37.5112 ], [ -122.10807, 37.51131 ], [ -122.10836, 37.51114 ], [ -122.10844, 37.51098 ] ], [ [ -122.10804, 37.51133 ], [ -122.10807, 37.51133 ], [ -122.10807, 37.51131 ], [ -122.10804, 37.51133 ] ], [ [ -122.10847, 37.51214 ], [ -122.10807, 37.51176 ], [ -122.10799, 37.51133 ], [ -122.10761, 37.51158 ], [ -122.10753, 37.51171 ], [ -122.10793, 37.51166 ], [ -122.10844, 37.51214 ], [ -122.10828, 37.51233 ], [ -122.10834, 37.51236 ], [ -122.10869, 37.51212 ], [ -122.10847, 37.51214 ] ], [ [ -122.10825, 37.51241 ], [ -122.10828, 37.51236 ], [ -122.1082, 37.51241 ], [ -122.10825, 37.51241 ] ], [ [ -122.09311, 37.52074 ], [ -122.09268, 37.51858 ], [ -122.09184, 37.51794 ], [ -122.0926, 37.51874 ], [ -122.09306, 37.52082 ], [ -122.09332, 37.52117 ], [ -122.09823, 37.52254 ], [ -122.09818, 37.52244 ], [ -122.09545, 37.52176 ], [ -122.09335, 37.52109 ], [ -122.09311, 37.52074 ] ], [ [ -122.1051, 37.51341 ], [ -122.10516, 37.51341 ], [ -122.10513, 37.51335 ], [ -122.1051, 37.51341 ] ], [ [ -122.10163, 37.52139 ], [ -122.10173, 37.52136 ], [ -122.10187, 37.52066 ], [ -122.10181, 37.52085 ], [ -122.10165, 37.5209 ], [ -122.10127, 37.52015 ], [ -122.10138, 37.51831 ], [ -122.10254, 37.5161 ], [ -122.10378, 37.51459 ], [ -122.10505, 37.51341 ], [ -122.10338, 37.51484 ], [ -122.1033, 37.51516 ], [ -122.10206, 37.51662 ], [ -122.10208, 37.51683 ], [ -122.10114, 37.51861 ], [ -122.10117, 37.52004 ], [ -122.10163, 37.52109 ], [ -122.10163, 37.52139 ] ] ], [ [ [ -122.0975, 37.52316 ], [ -122.09772, 37.52368 ], [ -122.09774, 37.524 ], [ -122.09688, 37.52459 ], [ -122.09551, 37.52586 ], [ -122.09287, 37.52907 ], [ -122.09292, 37.52917 ], [ -122.09346, 37.52874 ], [ -122.09384, 37.52812 ], [ -122.0957, 37.52589 ], [ -122.09766, 37.52413 ], [ -122.09812, 37.52411 ], [ -122.09836, 37.5243 ], [ -122.09893, 37.52419 ], [ -122.09925, 37.52448 ], [ -122.09839, 37.52537 ], [ -122.09801, 37.52564 ], [ -122.09796, 37.52556 ], [ -122.09774, 37.52594 ], [ -122.09327, 37.52971 ], [ -122.09311, 37.52969 ], [ -122.09284, 37.52928 ], [ -122.09244, 37.52966 ], [ -122.0923, 37.52961 ], [ -122.0916, 37.52758 ], [ -122.08998, 37.52532 ], [ -122.08874, 37.52478 ], [ -122.08742, 37.52446 ], [ -122.08589, 37.5243 ], [ -122.08524, 37.52408 ], [ -122.08497, 37.52387 ], [ -122.08508, 37.52295 ], [ -122.08567, 37.52236 ], [ -122.08656, 37.52039 ], [ -122.08675, 37.52033 ], [ -122.08713, 37.51969 ], [ -122.08864, 37.51791 ], [ -122.08901, 37.51775 ], [ -122.0895, 37.5178 ], [ -122.08955, 37.51767 ], [ -122.08977, 37.51783 ], [ -122.09087, 37.5181 ], [ -122.09111, 37.51834 ], [ -122.0916, 37.51988 ], [ -122.09225, 37.5212 ], [ -122.0926, 37.52163 ], [ -122.09438, 37.52228 ], [ -122.09702, 37.52287 ], [ -122.0975, 37.52316 ] ], [ [ -122.09812, 37.52516 ], [ -122.09812, 37.52513 ], [ -122.09809, 37.52516 ], [ -122.09812, 37.52516 ] ], [ [ -122.09815, 37.5251 ], [ -122.09815, 37.52508 ], [ -122.09812, 37.5251 ], [ -122.09815, 37.5251 ] ], [ [ -122.08637, 37.52403 ], [ -122.08653, 37.52384 ], [ -122.08659, 37.52365 ], [ -122.08629, 37.52387 ], [ -122.08637, 37.52403 ] ], [ [ -122.08834, 37.5209 ], [ -122.08753, 37.52192 ], [ -122.08734, 37.52244 ], [ -122.08661, 37.52335 ], [ -122.08661, 37.52362 ], [ -122.0878, 37.52187 ], [ -122.08893, 37.52052 ], [ -122.08834, 37.5209 ] ] ], [ [ [ -122.1078, 37.51559 ], [ -122.10774, 37.51548 ], [ -122.10801, 37.51535 ], [ -122.10858, 37.51438 ], [ -122.10879, 37.51419 ], [ -122.10898, 37.51454 ], [ -122.10936, 37.51451 ], [ -122.10904, 37.51446 ], [ -122.10893, 37.51419 ], [ -122.10971, 37.51309 ], [ -122.10963, 37.51303 ], [ -122.10933, 37.51327 ], [ -122.10936, 37.513 ], [ -122.10974, 37.51276 ], [ -122.10976, 37.51298 ], [ -122.1099, 37.51303 ], [ -122.10976, 37.51322 ], [ -122.10966, 37.51694 ], [ -122.11038, 37.52443 ], [ -122.11189, 37.53017 ], [ -122.11114, 37.53184 ], [ -122.11036, 37.53279 ], [ -122.10993, 37.533 ], [ -122.10801, 37.53332 ], [ -122.1079, 37.53346 ], [ -122.10858, 37.53481 ], [ -122.10912, 37.53545 ], [ -122.10995, 37.53599 ], [ -122.11103, 37.53626 ], [ -122.11125, 37.53648 ], [ -122.1161, 37.54613 ], [ -122.11602, 37.54634 ], [ -122.10963, 37.54634 ], [ -122.10936, 37.54629 ], [ -122.10925, 37.54613 ], [ -122.10933, 37.54591 ], [ -122.10909, 37.54569 ], [ -122.10392, 37.53443 ], [ -122.10394, 37.53427 ], [ -122.10424, 37.53408 ], [ -122.10596, 37.53373 ], [ -122.10408, 37.53408 ], [ -122.10375, 37.53405 ], [ -122.09987, 37.5257 ], [ -122.09993, 37.52546 ], [ -122.10025, 37.52519 ], [ -122.10074, 37.5251 ], [ -122.10109, 37.52527 ], [ -122.10117, 37.52497 ], [ -122.10052, 37.52502 ], [ -122.10017, 37.52473 ], [ -122.10082, 37.52422 ], [ -122.10098, 37.52403 ], [ -122.10079, 37.52408 ], [ -122.10092, 37.52389 ], [ -122.10106, 37.52378 ], [ -122.10122, 37.52387 ], [ -122.10157, 37.52357 ], [ -122.10208, 37.52306 ], [ -122.10192, 37.52303 ], [ -122.10276, 37.5223 ], [ -122.10262, 37.52252 ], [ -122.1027, 37.52249 ], [ -122.10311, 37.52179 ], [ -122.10367, 37.52128 ], [ -122.10373, 37.52106 ], [ -122.10445, 37.51998 ], [ -122.10615, 37.51769 ], [ -122.10615, 37.51748 ], [ -122.10631, 37.51745 ], [ -122.10693, 37.51653 ], [ -122.10747, 37.51602 ], [ -122.1078, 37.51559 ] ], [ [ -122.1026, 37.52254 ], [ -122.10262, 37.52254 ], [ -122.10262, 37.52252 ], [ -122.1026, 37.52254 ] ], [ [ -122.10373, 37.52114 ], [ -122.10373, 37.5212 ], [ -122.10375, 37.52114 ], [ -122.10373, 37.52114 ] ], [ [ -122.10098, 37.52397 ], [ -122.10098, 37.524 ], [ -122.10101, 37.52397 ], [ -122.10098, 37.52397 ] ], [ [ -122.10119, 37.52389 ], [ -122.10119, 37.52387 ], [ -122.10114, 37.52389 ], [ -122.10119, 37.52389 ] ], [ [ -122.10111, 37.52392 ], [ -122.10114, 37.52392 ], [ -122.10114, 37.52389 ], [ -122.10111, 37.52392 ] ], [ [ -122.10208, 37.523 ], [ -122.10208, 37.52303 ], [ -122.10211, 37.523 ], [ -122.10208, 37.523 ] ], [ [ -122.10214, 37.52298 ], [ -122.10211, 37.52298 ], [ -122.10211, 37.523 ], [ -122.10214, 37.52298 ] ], [ [ -122.10216, 37.52295 ], [ -122.10214, 37.52295 ], [ -122.10214, 37.52298 ], [ -122.10216, 37.52295 ] ], [ [ -122.10219, 37.52292 ], [ -122.10216, 37.52292 ], [ -122.10216, 37.52295 ], [ -122.10219, 37.52292 ] ], [ [ -122.10222, 37.52289 ], [ -122.10219, 37.52289 ], [ -122.10219, 37.52292 ], [ -122.10222, 37.52289 ] ], [ [ -122.10225, 37.52287 ], [ -122.10222, 37.52287 ], [ -122.10222, 37.52289 ], [ -122.10225, 37.52287 ] ], [ [ -122.10227, 37.52284 ], [ -122.10225, 37.52284 ], [ -122.10225, 37.52287 ], [ -122.10227, 37.52284 ] ], [ [ -122.10284, 37.5223 ], [ -122.10284, 37.52233 ], [ -122.10286, 37.5223 ], [ -122.10284, 37.5223 ] ], [ [ -122.10289, 37.52228 ], [ -122.10286, 37.52228 ], [ -122.10286, 37.5223 ], [ -122.10289, 37.52228 ] ], [ [ -122.10295, 37.52225 ], [ -122.10289, 37.52225 ], [ -122.10289, 37.52228 ], [ -122.10295, 37.52225 ] ], [ [ -122.10297, 37.52222 ], [ -122.10295, 37.52222 ], [ -122.10295, 37.52225 ], [ -122.10297, 37.52222 ] ], [ [ -122.103, 37.52219 ], [ -122.10297, 37.52219 ], [ -122.10297, 37.52222 ], [ -122.103, 37.52219 ] ], [ [ -122.10324, 37.52171 ], [ -122.10322, 37.52171 ], [ -122.10324, 37.52174 ], [ -122.10324, 37.52171 ] ], [ [ -122.10351, 37.52149 ], [ -122.10351, 37.52147 ], [ -122.10348, 37.52149 ], [ -122.10351, 37.52149 ] ], [ [ -122.10491, 37.51953 ], [ -122.10494, 37.51953 ], [ -122.10491, 37.5195 ], [ -122.10491, 37.51953 ] ], [ [ -122.10163, 37.52643 ], [ -122.10165, 37.52643 ], [ -122.10163, 37.5264 ], [ -122.10163, 37.52643 ] ], [ [ -122.10322, 37.52184 ], [ -122.10324, 37.52184 ], [ -122.10322, 37.52182 ], [ -122.10322, 37.52184 ] ], [ [ -122.10456, 37.52007 ], [ -122.10459, 37.52007 ], [ -122.10456, 37.52004 ], [ -122.10456, 37.52007 ] ], [ [ -122.10494, 37.51947 ], [ -122.10497, 37.51947 ], [ -122.10494, 37.51945 ], [ -122.10494, 37.51947 ] ], [ [ -122.10518, 37.51912 ], [ -122.10521, 37.51912 ], [ -122.10518, 37.51909 ], [ -122.10518, 37.51912 ] ], [ [ -122.10375, 37.52112 ], [ -122.10378, 37.52112 ], [ -122.10375, 37.52109 ], [ -122.10375, 37.52112 ] ], [ [ -122.10106, 37.52395 ], [ -122.10109, 37.52395 ], [ -122.10106, 37.52392 ], [ -122.10106, 37.52395 ] ], [ [ -122.10478, 37.51974 ], [ -122.10481, 37.51974 ], [ -122.10478, 37.51971 ], [ -122.10478, 37.51974 ] ], [ [ -122.10171, 37.52656 ], [ -122.10173, 37.52656 ], [ -122.10171, 37.52653 ], [ -122.10171, 37.52656 ] ], [ [ -122.10165, 37.52651 ], [ -122.10168, 37.52651 ], [ -122.10165, 37.52648 ], [ -122.10165, 37.52651 ] ], [ [ -122.10179, 37.5268 ], [ -122.10181, 37.5268 ], [ -122.10179, 37.52675 ], [ -122.10179, 37.5268 ] ], [ [ -122.10332, 37.52174 ], [ -122.1033, 37.52174 ], [ -122.10332, 37.52176 ], [ -122.10332, 37.52174 ] ], [ [ -122.1033, 37.52179 ], [ -122.1033, 37.52176 ], [ -122.10327, 37.52179 ], [ -122.1033, 37.52179 ] ], [ [ -122.10348, 37.52152 ], [ -122.10346, 37.52152 ], [ -122.10348, 37.52155 ], [ -122.10348, 37.52152 ] ], [ [ -122.10346, 37.52157 ], [ -122.10346, 37.52155 ], [ -122.10343, 37.52157 ], [ -122.10346, 37.52157 ] ], [ [ -122.10249, 37.52265 ], [ -122.10246, 37.52265 ], [ -122.10249, 37.52268 ], [ -122.10249, 37.52265 ] ], [ [ -122.10246, 37.52271 ], [ -122.10246, 37.52268 ], [ -122.10243, 37.52271 ], [ -122.10246, 37.52271 ] ], [ [ -122.10338, 37.52166 ], [ -122.10335, 37.52166 ], [ -122.10338, 37.52168 ], [ -122.10338, 37.52166 ] ], [ [ -122.10335, 37.52171 ], [ -122.10335, 37.52168 ], [ -122.10332, 37.52171 ], [ -122.10335, 37.52171 ] ], [ [ -122.10394, 37.52087 ], [ -122.10397, 37.52087 ], [ -122.10394, 37.52082 ], [ -122.10394, 37.52087 ] ], [ [ -122.10386, 37.52098 ], [ -122.10384, 37.52098 ], [ -122.10386, 37.52104 ], [ -122.10386, 37.52098 ] ], [ [ -122.10384, 37.52106 ], [ -122.10384, 37.52104 ], [ -122.10381, 37.52106 ], [ -122.10384, 37.52106 ] ], [ [ -122.10238, 37.52273 ], [ -122.10235, 37.52273 ], [ -122.10238, 37.52276 ], [ -122.10238, 37.52273 ] ], [ [ -122.10235, 37.52279 ], [ -122.10235, 37.52276 ], [ -122.10233, 37.52279 ], [ -122.10235, 37.52279 ] ], [ [ -122.1023, 37.52281 ], [ -122.10233, 37.52281 ], [ -122.10233, 37.52279 ], [ -122.1023, 37.52281 ] ], [ [ -122.10486, 37.51961 ], [ -122.10483, 37.51961 ], [ -122.10486, 37.51963 ], [ -122.10486, 37.51961 ] ], [ [ -122.10483, 37.51969 ], [ -122.10483, 37.51963 ], [ -122.10481, 37.51969 ], [ -122.10483, 37.51969 ] ], [ [ -122.103, 37.52214 ], [ -122.10305, 37.52214 ], [ -122.103, 37.52209 ], [ -122.103, 37.52214 ] ], [ [ -122.10179, 37.52672 ], [ -122.10179, 37.52667 ], [ -122.10176, 37.52672 ], [ -122.10179, 37.52672 ] ], [ [ -122.10173, 37.52667 ], [ -122.10176, 37.52667 ], [ -122.10173, 37.52661 ], [ -122.10173, 37.52667 ] ], [ [ -122.10122, 37.52548 ], [ -122.10122, 37.52543 ], [ -122.10119, 37.52548 ], [ -122.10122, 37.52548 ] ], [ [ -122.10117, 37.52543 ], [ -122.10119, 37.52543 ], [ -122.10117, 37.52537 ], [ -122.10117, 37.52543 ] ], [ [ -122.10195, 37.5271 ], [ -122.10189, 37.52688 ], [ -122.10181, 37.52683 ], [ -122.10195, 37.52713 ], [ -122.10187, 37.52726 ], [ -122.10214, 37.52731 ], [ -122.10216, 37.52721 ], [ -122.10195, 37.5271 ] ], [ [ -122.10184, 37.52718 ], [ -122.10187, 37.52718 ], [ -122.10184, 37.52715 ], [ -122.10184, 37.52718 ] ], [ [ -122.10133, 37.52613 ], [ -122.10163, 37.52637 ], [ -122.10171, 37.5261 ], [ -122.10138, 37.52586 ], [ -122.10133, 37.52613 ] ], [ [ -122.10136, 37.52581 ], [ -122.10136, 37.52586 ], [ -122.10138, 37.52586 ], [ -122.10136, 37.52581 ] ], [ [ -122.10122, 37.52551 ], [ -122.10133, 37.52581 ], [ -122.1013, 37.52559 ], [ -122.10122, 37.52551 ] ] ], [ [ [ -122.09963, 37.52532 ], [ -122.10354, 37.53378 ], [ -122.10354, 37.53416 ], [ -122.10394, 37.53464 ], [ -122.10906, 37.54569 ], [ -122.10917, 37.54631 ], [ -122.09346, 37.54626 ], [ -122.09209, 37.54551 ], [ -122.09198, 37.54537 ], [ -122.09222, 37.54521 ], [ -122.09219, 37.5451 ], [ -122.09192, 37.54534 ], [ -122.09165, 37.54534 ], [ -122.09076, 37.54427 ], [ -122.08934, 37.5434 ], [ -122.08882, 37.54254 ], [ -122.08855, 37.54127 ], [ -122.08891, 37.53952 ], [ -122.08877, 37.53853 ], [ -122.08869, 37.53831 ], [ -122.08753, 37.53715 ], [ -122.08691, 37.53588 ], [ -122.08715, 37.53575 ], [ -122.08931, 37.53618 ], [ -122.0895, 37.53615 ], [ -122.08718, 37.53567 ], [ -122.08688, 37.53567 ], [ -122.08675, 37.53594 ], [ -122.08624, 37.53588 ], [ -122.08273, 37.53521 ], [ -122.08157, 37.5351 ], [ -122.07904, 37.53446 ], [ -122.07912, 37.53435 ], [ -122.07977, 37.53432 ], [ -122.07982, 37.53421 ], [ -122.08034, 37.53411 ], [ -122.08505, 37.53343 ], [ -122.08575, 37.53319 ], [ -122.08589, 37.5333 ], [ -122.08845, 37.53273 ], [ -122.08936, 37.53233 ], [ -122.0909, 37.53198 ], [ -122.09265, 37.5309 ], [ -122.09279, 37.53068 ], [ -122.09376, 37.53028 ], [ -122.09397, 37.52985 ], [ -122.09518, 37.52893 ], [ -122.09785, 37.52653 ], [ -122.09828, 37.52618 ], [ -122.09855, 37.52618 ], [ -122.09936, 37.5254 ], [ -122.09963, 37.52532 ] ], [ [ -122.07982, 37.53435 ], [ -122.07982, 37.53432 ], [ -122.07977, 37.53432 ], [ -122.07982, 37.53435 ] ], [ [ -122.08575, 37.53324 ], [ -122.08573, 37.53324 ], [ -122.08575, 37.53327 ], [ -122.08575, 37.53324 ] ], [ [ -122.09322, 37.5306 ], [ -122.09322, 37.53058 ], [ -122.09319, 37.5306 ], [ -122.09322, 37.5306 ] ], [ [ -122.09316, 37.53063 ], [ -122.09319, 37.53063 ], [ -122.09319, 37.5306 ], [ -122.09316, 37.53063 ] ], [ [ -122.07988, 37.53438 ], [ -122.0799, 37.53438 ], [ -122.07988, 37.53435 ], [ -122.07988, 37.53438 ] ], [ [ -122.09427, 37.52977 ], [ -122.09432, 37.52977 ], [ -122.09427, 37.52974 ], [ -122.09427, 37.52977 ] ], [ [ -122.08028, 37.53419 ], [ -122.08034, 37.53419 ], [ -122.08028, 37.53416 ], [ -122.08028, 37.53419 ] ], [ [ -122.09826, 37.52634 ], [ -122.09823, 37.52634 ], [ -122.09826, 37.52637 ], [ -122.09826, 37.52634 ] ], [ [ -122.09823, 37.5264 ], [ -122.09823, 37.52637 ], [ -122.0982, 37.5264 ], [ -122.09823, 37.5264 ] ], [ [ -122.09314, 37.53063 ], [ -122.09308, 37.53063 ], [ -122.09314, 37.53066 ], [ -122.09314, 37.53063 ] ], [ [ -122.09308, 37.53068 ], [ -122.09308, 37.53066 ], [ -122.09306, 37.53068 ], [ -122.09308, 37.53068 ] ], [ [ -122.08009, 37.53443 ], [ -122.08009, 37.5344 ], [ -122.08004, 37.53443 ], [ -122.08009, 37.53443 ] ], [ [ -122.08001, 37.5344 ], [ -122.08004, 37.5344 ], [ -122.08001, 37.53438 ], [ -122.08001, 37.5344 ] ], [ [ -122.09723, 37.52764 ], [ -122.09734, 37.52766 ], [ -122.09742, 37.52731 ], [ -122.09734, 37.52734 ], [ -122.09723, 37.52764 ] ], [ [ -122.09734, 37.52713 ], [ -122.09745, 37.52713 ], [ -122.09745, 37.52729 ], [ -122.09761, 37.52691 ], [ -122.09734, 37.52713 ] ], [ [ -122.09451, 37.54171 ], [ -122.09459, 37.53623 ], [ -122.09551, 37.53335 ], [ -122.09578, 37.53316 ], [ -122.0957, 37.53289 ], [ -122.0958, 37.53243 ], [ -122.09729, 37.52775 ], [ -122.0947, 37.5358 ], [ -122.09456, 37.5361 ], [ -122.09443, 37.53613 ], [ -122.09454, 37.53634 ], [ -122.09443, 37.54176 ], [ -122.09241, 37.54459 ], [ -122.09219, 37.54505 ], [ -122.09451, 37.54171 ] ] ], [ [ [ -122.08866, 37.54254 ], [ -122.08901, 37.54321 ], [ -122.08928, 37.54351 ], [ -122.09063, 37.54432 ], [ -122.09152, 37.5454 ], [ -122.09314, 37.54618 ], [ -122.09324, 37.54634 ], [ -122.0913, 37.54648 ], [ -122.09093, 37.54572 ], [ -122.09031, 37.54524 ], [ -122.09012, 37.54459 ], [ -122.08834, 37.54405 ], [ -122.0881, 37.54386 ], [ -122.08788, 37.54311 ], [ -122.08804, 37.54268 ], [ -122.08785, 37.54249 ], [ -122.08767, 37.54122 ], [ -122.0874, 37.5409 ], [ -122.08737, 37.54063 ], [ -122.08753, 37.54036 ], [ -122.08815, 37.54012 ], [ -122.08831, 37.53974 ], [ -122.08807, 37.53952 ], [ -122.08769, 37.53952 ], [ -122.08686, 37.53993 ], [ -122.08616, 37.53936 ], [ -122.08608, 37.53874 ], [ -122.08659, 37.53777 ], [ -122.08602, 37.53721 ], [ -122.08564, 37.53656 ], [ -122.08543, 37.53667 ], [ -122.08524, 37.53712 ], [ -122.08489, 37.53729 ], [ -122.08427, 37.53715 ], [ -122.08314, 37.5365 ], [ -122.0823, 37.53634 ], [ -122.08179, 37.5361 ], [ -122.08147, 37.5361 ], [ -122.08082, 37.5364 ], [ -122.08039, 37.5368 ], [ -122.07988, 37.53688 ], [ -122.08034, 37.53677 ], [ -122.0805, 37.53664 ], [ -122.07958, 37.53677 ], [ -122.0791, 37.53602 ], [ -122.07888, 37.53591 ], [ -122.07769, 37.53605 ], [ -122.07742, 37.53586 ], [ -122.07718, 37.53521 ], [ -122.07724, 37.53497 ], [ -122.0785, 37.53448 ], [ -122.08147, 37.53518 ], [ -122.0829, 37.53532 ], [ -122.08672, 37.53605 ], [ -122.08758, 37.53737 ], [ -122.08861, 37.53847 ], [ -122.08877, 37.53952 ], [ -122.08842, 37.54119 ], [ -122.08866, 37.54254 ] ], [ [ -122.09128, 37.54634 ], [ -122.0913, 37.54634 ], [ -122.09128, 37.54631 ], [ -122.09128, 37.54634 ] ] ], [ [ [ -122.11925, 37.56987 ], [ -122.11793, 37.56963 ], [ -122.11771, 37.56919 ], [ -122.1175, 37.56917 ], [ -122.1172, 37.56933 ], [ -122.1168, 37.56925 ], [ -122.11238, 37.56744 ], [ -122.11006, 37.56677 ], [ -122.10869, 37.5662 ], [ -122.10874, 37.56521 ], [ -122.10925, 37.56281 ], [ -122.10971, 37.56283 ], [ -122.11604, 37.56523 ], [ -122.11669, 37.5655 ], [ -122.11726, 37.56591 ], [ -122.11801, 37.56574 ], [ -122.11839, 37.56558 ], [ -122.11736, 37.5658 ], [ -122.1168, 37.56545 ], [ -122.11055, 37.5631 ], [ -122.10987, 37.56273 ], [ -122.10936, 37.56273 ], [ -122.1092, 37.56259 ], [ -122.10885, 37.56151 ], [ -122.10847, 37.56122 ], [ -122.10869, 37.56103 ], [ -122.10863, 37.56081 ], [ -122.10861, 37.56103 ], [ -122.10836, 37.56108 ], [ -122.1079, 37.56062 ], [ -122.10712, 37.56065 ], [ -122.10443, 37.56194 ], [ -122.10262, 37.56318 ], [ -122.10206, 37.56302 ], [ -122.10092, 37.56229 ], [ -122.09942, 37.56186 ], [ -122.0995, 37.56143 ], [ -122.09898, 37.56079 ], [ -122.09898, 37.5603 ], [ -122.09958, 37.55984 ], [ -122.09971, 37.55922 ], [ -122.09874, 37.55823 ], [ -122.09861, 37.55763 ], [ -122.09826, 37.55699 ], [ -122.09766, 37.55483 ], [ -122.09777, 37.55437 ], [ -122.09769, 37.55386 ], [ -122.09742, 37.55373 ], [ -122.09774, 37.55294 ], [ -122.09723, 37.55246 ], [ -122.09699, 37.55197 ], [ -122.0975, 37.55108 ], [ -122.09783, 37.55084 ], [ -122.09791, 37.55017 ], [ -122.09774, 37.54995 ], [ -122.09642, 37.54976 ], [ -122.09591, 37.54949 ], [ -122.0954, 37.54858 ], [ -122.09446, 37.54828 ], [ -122.09405, 37.54734 ], [ -122.09338, 37.54672 ], [ -122.09319, 37.54675 ], [ -122.09281, 37.5465 ], [ -122.102, 37.5465 ], [ -122.10203, 37.54683 ], [ -122.10384, 37.55065 ], [ -122.10413, 37.55084 ], [ -122.10419, 37.55125 ], [ -122.10634, 37.55575 ], [ -122.10855, 37.56079 ], [ -122.10866, 37.5607 ], [ -122.10847, 37.56019 ], [ -122.1047, 37.55211 ], [ -122.10435, 37.55119 ], [ -122.10437, 37.55087 ], [ -122.10782, 37.55076 ], [ -122.11149, 37.55081 ], [ -122.11254, 37.5517 ], [ -122.11354, 37.55238 ], [ -122.11364, 37.55238 ], [ -122.11152, 37.55076 ], [ -122.10405, 37.55073 ], [ -122.10211, 37.54683 ], [ -122.10211, 37.5465 ], [ -122.11594, 37.54645 ], [ -122.11836, 37.5465 ], [ -122.1196, 37.54685 ], [ -122.12176, 37.5503 ], [ -122.12181, 37.55065 ], [ -122.12205, 37.55079 ], [ -122.12839, 37.56127 ], [ -122.12909, 37.56364 ], [ -122.12677, 37.56634 ], [ -122.12647, 37.56634 ], [ -122.12607, 37.56607 ], [ -122.12661, 37.5665 ], [ -122.1265, 37.56674 ], [ -122.12534, 37.56798 ], [ -122.12397, 37.56895 ], [ -122.12195, 37.56968 ], [ -122.12141, 37.56963 ], [ -122.12106, 37.56984 ], [ -122.11925, 37.56987 ] ], [ [ -122.12593, 37.56596 ], [ -122.12601, 37.56607 ], [ -122.12599, 37.56596 ], [ -122.12593, 37.56596 ] ], [ [ -122.12585, 37.56591 ], [ -122.12588, 37.56596 ], [ -122.12591, 37.56591 ], [ -122.12585, 37.56591 ] ], [ [ -122.12583, 37.56588 ], [ -122.12583, 37.56591 ], [ -122.12585, 37.56591 ], [ -122.12583, 37.56588 ] ], [ [ -122.1258, 37.56585 ], [ -122.1258, 37.56588 ], [ -122.12583, 37.56588 ], [ -122.1258, 37.56585 ] ], [ [ -122.12575, 37.56583 ], [ -122.12575, 37.56585 ], [ -122.1258, 37.56585 ], [ -122.12575, 37.56583 ] ], [ [ -122.12572, 37.5658 ], [ -122.12572, 37.56583 ], [ -122.12575, 37.56583 ], [ -122.12572, 37.5658 ] ], [ [ -122.12569, 37.56577 ], [ -122.12569, 37.5658 ], [ -122.12572, 37.5658 ], [ -122.12569, 37.56577 ] ], [ [ -122.12566, 37.56574 ], [ -122.12566, 37.56577 ], [ -122.12569, 37.56577 ], [ -122.12566, 37.56574 ] ], [ [ -122.12421, 37.56453 ], [ -122.12424, 37.56453 ], [ -122.12421, 37.5645 ], [ -122.12421, 37.56453 ] ], [ [ -122.10931, 37.56283 ], [ -122.10928, 37.56283 ], [ -122.10931, 37.56286 ], [ -122.10931, 37.56283 ] ], [ [ -122.10928, 37.56289 ], [ -122.10928, 37.56286 ], [ -122.10925, 37.56289 ], [ -122.10928, 37.56289 ] ], [ [ -122.1199, 37.56512 ], [ -122.11995, 37.56512 ], [ -122.1199, 37.5651 ], [ -122.1199, 37.56512 ] ], [ [ -122.12561, 37.56569 ], [ -122.12561, 37.56566 ], [ -122.12558, 37.56569 ], [ -122.12561, 37.56569 ] ], [ [ -122.12553, 37.56566 ], [ -122.12558, 37.56566 ], [ -122.12553, 37.56564 ], [ -122.12553, 37.56566 ] ], [ [ -122.1255, 37.56561 ], [ -122.1255, 37.56558 ], [ -122.12548, 37.56561 ], [ -122.1255, 37.56561 ] ], [ [ -122.12545, 37.56558 ], [ -122.12548, 37.56558 ], [ -122.12545, 37.56556 ], [ -122.12545, 37.56558 ] ], [ [ -122.12542, 37.56553 ], [ -122.12542, 37.56556 ], [ -122.12545, 37.56556 ], [ -122.12542, 37.56553 ] ], [ [ -122.12507, 37.56526 ], [ -122.12507, 37.56523 ], [ -122.12504, 37.56526 ], [ -122.12507, 37.56526 ] ], [ [ -122.12502, 37.56523 ], [ -122.12504, 37.56523 ], [ -122.12502, 37.56521 ], [ -122.12502, 37.56523 ] ], [ [ -122.12499, 37.56518 ], [ -122.12499, 37.56521 ], [ -122.12502, 37.56521 ], [ -122.12499, 37.56518 ] ], [ [ -122.11852, 37.56553 ], [ -122.11847, 37.56553 ], [ -122.11852, 37.56556 ], [ -122.11852, 37.56553 ] ], [ [ -122.11847, 37.56558 ], [ -122.11847, 37.56556 ], [ -122.11841, 37.56558 ], [ -122.11847, 37.56558 ] ], [ [ -122.11898, 37.56539 ], [ -122.1189, 37.56539 ], [ -122.11898, 37.56542 ], [ -122.11898, 37.56539 ] ], [ [ -122.1189, 37.56545 ], [ -122.1189, 37.56542 ], [ -122.11882, 37.56545 ], [ -122.1189, 37.56545 ] ], [ [ -122.12486, 37.56507 ], [ -122.12488, 37.56512 ], [ -122.12491, 37.56507 ], [ -122.12486, 37.56507 ] ], [ [ -122.12483, 37.56504 ], [ -122.12483, 37.56507 ], [ -122.12486, 37.56507 ], [ -122.12483, 37.56504 ] ], [ [ -122.1248, 37.56502 ], [ -122.1248, 37.56504 ], [ -122.12483, 37.56504 ], [ -122.1248, 37.56502 ] ], [ [ -122.12477, 37.56499 ], [ -122.12477, 37.56502 ], [ -122.1248, 37.56502 ], [ -122.12477, 37.56499 ] ], [ [ -122.12475, 37.56496 ], [ -122.12475, 37.56499 ], [ -122.12477, 37.56499 ], [ -122.12475, 37.56496 ] ], [ [ -122.11879, 37.56545 ], [ -122.11874, 37.56545 ], [ -122.11879, 37.56548 ], [ -122.11879, 37.56545 ] ], [ [ -122.11874, 37.5655 ], [ -122.11874, 37.56548 ], [ -122.11866, 37.5655 ], [ -122.11874, 37.5655 ] ], [ [ -122.11858, 37.56553 ], [ -122.11866, 37.56553 ], [ -122.11866, 37.5655 ], [ -122.11858, 37.56553 ] ], [ [ -122.12014, 37.56504 ], [ -122.12025, 37.56504 ], [ -122.12022, 37.56499 ], [ -122.12014, 37.56504 ] ], [ [ -122.12006, 37.56507 ], [ -122.12014, 37.56507 ], [ -122.12014, 37.56504 ], [ -122.12006, 37.56507 ] ], [ [ -122.11998, 37.5651 ], [ -122.12006, 37.5651 ], [ -122.12006, 37.56507 ], [ -122.11998, 37.5651 ] ], [ [ -122.11987, 37.56512 ], [ -122.11982, 37.56512 ], [ -122.11987, 37.56515 ], [ -122.11987, 37.56512 ] ], [ [ -122.11982, 37.56518 ], [ -122.11982, 37.56515 ], [ -122.11974, 37.56518 ], [ -122.11982, 37.56518 ] ], [ [ -122.1192, 37.56534 ], [ -122.11974, 37.56521 ], [ -122.1192, 37.56531 ], [ -122.1192, 37.56534 ] ], [ [ -122.11912, 37.56537 ], [ -122.1192, 37.56537 ], [ -122.1192, 37.56534 ], [ -122.11912, 37.56537 ] ], [ [ -122.11901, 37.56539 ], [ -122.11912, 37.56539 ], [ -122.11912, 37.56537 ], [ -122.11901, 37.56539 ] ], [ [ -122.1234, 37.56407 ], [ -122.12383, 37.56421 ], [ -122.12367, 37.56402 ], [ -122.12345, 37.56394 ], [ -122.1234, 37.56407 ] ], [ [ -122.12046, 37.55685 ], [ -122.12057, 37.55556 ], [ -122.12038, 37.55386 ], [ -122.12084, 37.55348 ], [ -122.12111, 37.55284 ], [ -122.121, 37.55273 ], [ -122.12076, 37.55337 ], [ -122.12041, 37.55367 ], [ -122.12003, 37.55378 ], [ -122.1203, 37.55386 ], [ -122.12036, 37.55413 ], [ -122.12052, 37.55561 ], [ -122.12041, 37.55696 ], [ -122.12084, 37.55982 ], [ -122.12216, 37.56213 ], [ -122.12262, 37.56321 ], [ -122.12286, 37.56345 ], [ -122.12278, 37.5641 ], [ -122.12262, 37.56424 ], [ -122.1206, 37.56491 ], [ -122.12302, 37.56418 ], [ -122.12283, 37.56405 ], [ -122.12283, 37.56383 ], [ -122.1231, 37.56356 ], [ -122.12262, 37.56313 ], [ -122.12224, 37.56216 ], [ -122.12089, 37.55979 ], [ -122.12046, 37.55685 ] ], [ [ -122.12049, 37.56491 ], [ -122.12033, 37.56496 ], [ -122.12033, 37.56499 ], [ -122.1206, 37.56494 ], [ -122.1206, 37.56491 ], [ -122.12049, 37.56491 ] ] ], [ [ [ -122.10262, 37.56335 ], [ -122.10456, 37.56197 ], [ -122.10734, 37.56068 ], [ -122.10793, 37.56076 ], [ -122.1089, 37.56192 ], [ -122.10909, 37.56283 ], [ -122.10869, 37.56537 ], [ -122.10844, 37.56612 ], [ -122.10728, 37.5658 ], [ -122.1072, 37.56515 ], [ -122.10715, 37.56569 ], [ -122.10693, 37.56572 ], [ -122.10303, 37.56442 ], [ -122.10338, 37.56426 ], [ -122.10475, 37.56294 ], [ -122.10556, 37.56238 ], [ -122.10481, 37.56283 ], [ -122.10332, 37.56418 ], [ -122.10303, 37.56432 ], [ -122.10251, 37.56429 ], [ -122.10098, 37.5638 ], [ -122.09869, 37.56305 ], [ -122.09853, 37.56286 ], [ -122.09823, 37.56291 ], [ -122.09809, 37.56248 ], [ -122.09933, 37.56194 ], [ -122.10074, 37.56232 ], [ -122.10219, 37.56321 ], [ -122.10262, 37.56335 ] ], [ [ -122.10564, 37.56232 ], [ -122.10559, 37.56232 ], [ -122.10556, 37.56238 ], [ -122.10564, 37.56232 ] ], [ [ -122.10149, 37.56394 ], [ -122.10149, 37.56397 ], [ -122.10152, 37.56394 ], [ -122.10149, 37.56394 ] ], [ [ -122.09842, 37.56281 ], [ -122.09845, 37.56281 ], [ -122.09842, 37.56278 ], [ -122.09842, 37.56281 ] ], [ [ -122.10583, 37.56221 ], [ -122.10586, 37.56221 ], [ -122.10583, 37.56219 ], [ -122.10583, 37.56221 ] ], [ [ -122.10731, 37.56348 ], [ -122.10734, 37.56348 ], [ -122.10731, 37.56343 ], [ -122.10731, 37.56348 ] ], [ [ -122.10683, 37.56238 ], [ -122.10688, 37.56238 ], [ -122.10683, 37.56235 ], [ -122.10683, 37.56238 ] ], [ [ -122.1072, 37.56488 ], [ -122.10723, 37.56488 ], [ -122.1072, 37.5648 ], [ -122.1072, 37.56488 ] ], [ [ -122.10578, 37.56224 ], [ -122.10572, 37.56224 ], [ -122.10578, 37.56227 ], [ -122.10578, 37.56224 ] ], [ [ -122.10572, 37.56229 ], [ -122.10572, 37.56227 ], [ -122.10569, 37.56229 ], [ -122.10572, 37.56229 ] ], [ [ -122.1072, 37.56502 ], [ -122.10723, 37.56502 ], [ -122.1072, 37.56491 ], [ -122.1072, 37.56502 ] ], [ [ -122.10704, 37.5624 ], [ -122.10691, 37.56238 ], [ -122.10704, 37.56243 ], [ -122.10704, 37.5624 ] ], [ [ -122.10615, 37.56205 ], [ -122.10604, 37.56205 ], [ -122.10613, 37.56211 ], [ -122.10615, 37.56205 ] ], [ [ -122.10604, 37.56213 ], [ -122.10604, 37.56211 ], [ -122.10599, 37.56213 ], [ -122.10604, 37.56213 ] ], [ [ -122.10596, 37.56216 ], [ -122.10599, 37.56216 ], [ -122.10599, 37.56213 ], [ -122.10596, 37.56216 ] ], [ [ -122.1068, 37.56235 ], [ -122.10677, 37.56229 ], [ -122.10656, 37.56229 ], [ -122.1068, 37.56235 ] ], [ [ -122.10731, 37.56335 ], [ -122.10739, 37.56302 ], [ -122.10731, 37.56313 ], [ -122.10731, 37.56335 ] ], [ [ -122.10623, 37.56213 ], [ -122.10648, 37.56227 ], [ -122.10629, 37.56213 ], [ -122.10623, 37.56213 ] ], [ [ -122.10731, 37.56251 ], [ -122.10739, 37.56273 ], [ -122.10745, 37.56251 ], [ -122.10731, 37.56251 ] ], [ [ -122.10734, 37.56353 ], [ -122.10726, 37.56372 ], [ -122.10726, 37.56461 ], [ -122.10734, 37.56353 ] ] ], [ [ [ -122.09769, 37.58345 ], [ -122.09672, 37.58359 ], [ -122.09659, 37.58345 ], [ -122.09696, 37.58297 ], [ -122.09702, 37.5824 ], [ -122.0968, 37.58202 ], [ -122.09618, 37.58173 ], [ -122.09589, 37.58132 ], [ -122.09594, 37.58016 ], [ -122.09615, 37.58008 ], [ -122.09739, 37.58019 ], [ -122.0982, 37.57997 ], [ -122.09893, 37.57962 ], [ -122.09958, 37.57892 ], [ -122.09993, 37.57747 ], [ -122.10063, 37.57631 ], [ -122.10181, 37.57531 ], [ -122.10241, 37.57523 ], [ -122.10273, 37.57537 ], [ -122.10303, 37.57569 ], [ -122.10305, 37.57736 ], [ -122.10278, 37.57933 ], [ -122.10286, 37.58016 ], [ -122.10335, 37.58076 ], [ -122.10392, 37.58113 ], [ -122.10424, 37.58167 ], [ -122.10384, 37.58186 ], [ -122.09769, 37.58345 ] ] ], [ [ [ -122.13714, 37.59207 ], [ -122.13607, 37.59197 ], [ -122.13324, 37.59202 ], [ -122.13202, 37.59191 ], [ -122.12809, 37.59207 ], [ -122.12731, 37.59199 ], [ -122.12704, 37.59207 ], [ -122.12313, 37.59205 ], [ -122.11957, 37.59164 ], [ -122.11661, 37.59073 ], [ -122.11612, 37.59035 ], [ -122.11637, 37.58992 ], [ -122.12019, 37.58641 ], [ -122.12154, 37.58596 ], [ -122.12195, 37.58563 ], [ -122.12221, 37.58555 ], [ -122.13138, 37.58555 ], [ -122.122, 37.58553 ], [ -122.12184, 37.58528 ], [ -122.12186, 37.58496 ], [ -122.12243, 37.58442 ], [ -122.12248, 37.58407 ], [ -122.11957, 37.5821 ], [ -122.11938, 37.58154 ], [ -122.11914, 37.58159 ], [ -122.11874, 37.58138 ], [ -122.11812, 37.58135 ], [ -122.11723, 37.58108 ], [ -122.11152, 37.58119 ], [ -122.11122, 37.58127 ], [ -122.111, 37.582 ], [ -122.11063, 37.58264 ], [ -122.10947, 37.58288 ], [ -122.10766, 37.58275 ], [ -122.10658, 37.5834 ], [ -122.10578, 37.58356 ], [ -122.10499, 37.5835 ], [ -122.10402, 37.58259 ], [ -122.10405, 37.58191 ], [ -122.1061, 37.58138 ], [ -122.1072, 37.58084 ], [ -122.11348, 37.57396 ], [ -122.11383, 37.57372 ], [ -122.1144, 37.57367 ], [ -122.1189, 37.57453 ], [ -122.1196, 37.5745 ], [ -122.12025, 37.57431 ], [ -122.12561, 37.57351 ], [ -122.12981, 37.57084 ], [ -122.13286, 37.56785 ], [ -122.13313, 37.56779 ], [ -122.13887, 37.57507 ], [ -122.14232, 37.58057 ], [ -122.14183, 37.5828 ], [ -122.14191, 37.58302 ], [ -122.14146, 37.5841 ], [ -122.14108, 37.5855 ], [ -122.13143, 37.58553 ], [ -122.1372, 37.58563 ], [ -122.13714, 37.59207 ] ], [ [ -122.11938, 37.57706 ], [ -122.11936, 37.57704 ], [ -122.11936, 37.57706 ], [ -122.11938, 37.57706 ] ], [ [ -122.13022, 37.57124 ], [ -122.13019, 37.57122 ], [ -122.13019, 37.57124 ], [ -122.13022, 37.57124 ] ], [ [ -122.11938, 37.58081 ], [ -122.11936, 37.58076 ], [ -122.11936, 37.58081 ], [ -122.11938, 37.58081 ] ], [ [ -122.13027, 37.57116 ], [ -122.13025, 37.57111 ], [ -122.13025, 37.57116 ], [ -122.13027, 37.57116 ] ], [ [ -122.11936, 37.57669 ], [ -122.11933, 37.57663 ], [ -122.11933, 37.57669 ], [ -122.11936, 37.57669 ] ], [ [ -122.11938, 37.57946 ], [ -122.11936, 37.57938 ], [ -122.11936, 37.57946 ], [ -122.11938, 37.57946 ] ], [ [ -122.11936, 37.58086 ], [ -122.11938, 37.58094 ], [ -122.11938, 37.58086 ], [ -122.11936, 37.58086 ] ], [ [ -122.11936, 37.58094 ], [ -122.11933, 37.58097 ], [ -122.11936, 37.58097 ], [ -122.11936, 37.58094 ] ], [ [ -122.11941, 37.58019 ], [ -122.11933, 37.58016 ], [ -122.11933, 37.58022 ], [ -122.11941, 37.58019 ] ], [ [ -122.11938, 37.5759 ], [ -122.11936, 37.57572 ], [ -122.11936, 37.5759 ], [ -122.11938, 37.5759 ] ], [ [ -122.11941, 37.57731 ], [ -122.11936, 37.57722 ], [ -122.11936, 37.57733 ], [ -122.11941, 37.57731 ] ], [ [ -122.11938, 37.57661 ], [ -122.11933, 37.57647 ], [ -122.11933, 37.57661 ], [ -122.11938, 37.57661 ] ], [ [ -122.11938, 37.5762 ], [ -122.11933, 37.57607 ], [ -122.11933, 37.5762 ], [ -122.11938, 37.5762 ] ], [ [ -122.11941, 37.57965 ], [ -122.11933, 37.57957 ], [ -122.11936, 37.57968 ], [ -122.11941, 37.57965 ] ], [ [ -122.14084, 37.58488 ], [ -122.14084, 37.58474 ], [ -122.14081, 37.58474 ], [ -122.14076, 37.58496 ], [ -122.14084, 37.58488 ] ], [ [ -122.14073, 37.58496 ], [ -122.14073, 37.58501 ], [ -122.14076, 37.58501 ], [ -122.14076, 37.58496 ], [ -122.14073, 37.58496 ] ], [ [ -122.11944, 37.57822 ], [ -122.11936, 37.57811 ], [ -122.11938, 37.57833 ], [ -122.11944, 37.57822 ] ], [ [ -122.11941, 37.57879 ], [ -122.11938, 37.57841 ], [ -122.11938, 37.57879 ], [ -122.11941, 37.57879 ] ], [ [ -122.11936, 37.57763 ], [ -122.11941, 37.57741 ], [ -122.11936, 37.57741 ], [ -122.11936, 37.57763 ] ], [ [ -122.11941, 37.57989 ], [ -122.11933, 37.57973 ], [ -122.11933, 37.57997 ], [ -122.11941, 37.57989 ] ], [ [ -122.11936, 37.58108 ], [ -122.11941, 37.58135 ], [ -122.11941, 37.58108 ], [ -122.11936, 37.58108 ] ], [ [ -122.13019, 37.57148 ], [ -122.13019, 37.57127 ], [ -122.13011, 37.57146 ], [ -122.13011, 37.57159 ], [ -122.13019, 37.57148 ] ], [ [ -122.13008, 37.57159 ], [ -122.13008, 37.57165 ], [ -122.13011, 37.57165 ], [ -122.13011, 37.57159 ], [ -122.13008, 37.57159 ] ], [ [ -122.12022, 37.5748 ], [ -122.12003, 37.57507 ], [ -122.12033, 37.57475 ], [ -122.12022, 37.5748 ] ], [ [ -122.11952, 37.57496 ], [ -122.11949, 37.57466 ], [ -122.1193, 37.57469 ], [ -122.11936, 37.57558 ], [ -122.11952, 37.57496 ] ] ], [ [ [ -122.09238, 37.59315 ], [ -122.09244, 37.59197 ], [ -122.0919, 37.59092 ], [ -122.0919, 37.58677 ], [ -122.09203, 37.58507 ], [ -122.09268, 37.58466 ], [ -122.09516, 37.58372 ], [ -122.09702, 37.58369 ], [ -122.10384, 37.58191 ], [ -122.10394, 37.58191 ], [ -122.10389, 37.58264 ], [ -122.10513, 37.58364 ], [ -122.10656, 37.5835 ], [ -122.10766, 37.58283 ], [ -122.10941, 37.58297 ], [ -122.11049, 37.58278 ], [ -122.11022, 37.58345 ], [ -122.10726, 37.58811 ], [ -122.09214, 37.58636 ], [ -122.10939, 37.58846 ], [ -122.10955, 37.58857 ], [ -122.10939, 37.58897 ], [ -122.10968, 37.58879 ], [ -122.10963, 37.58846 ], [ -122.10764, 37.58819 ], [ -122.1075, 37.58798 ], [ -122.11071, 37.5827 ], [ -122.11095, 37.58253 ], [ -122.11141, 37.58129 ], [ -122.11265, 37.58119 ], [ -122.11726, 37.58116 ], [ -122.11815, 37.58143 ], [ -122.11871, 37.58146 ], [ -122.11928, 37.58167 ], [ -122.11936, 37.58205 ], [ -122.12238, 37.5841 ], [ -122.1223, 37.58439 ], [ -122.12176, 37.58491 ], [ -122.12178, 37.58558 ], [ -122.12168, 37.58574 ], [ -122.12111, 37.58604 ], [ -122.12049, 37.58615 ], [ -122.12006, 37.58644 ], [ -122.11577, 37.59038 ], [ -122.11389, 37.58984 ], [ -122.11168, 37.58954 ], [ -122.1113, 37.58933 ], [ -122.11127, 37.58946 ], [ -122.1102, 37.58935 ], [ -122.10998, 37.58949 ], [ -122.10958, 37.58949 ], [ -122.10933, 37.58965 ], [ -122.10831, 37.58986 ], [ -122.1089, 37.58943 ], [ -122.10887, 37.58938 ], [ -122.10545, 37.59129 ], [ -122.10464, 37.59194 ], [ -122.10319, 37.59267 ], [ -122.10195, 37.59277 ], [ -122.0995, 37.59261 ], [ -122.09993, 37.59186 ], [ -122.09942, 37.59264 ], [ -122.09823, 37.59259 ], [ -122.09815, 37.59215 ], [ -122.09777, 37.59183 ], [ -122.09785, 37.59118 ], [ -122.09766, 37.59164 ], [ -122.09748, 37.59178 ], [ -122.09801, 37.59207 ], [ -122.09804, 37.59259 ], [ -122.09704, 37.59248 ], [ -122.09465, 37.59256 ], [ -122.09341, 37.59277 ], [ -122.09268, 37.59313 ], [ -122.09238, 37.59315 ] ], [ [ -122.09995, 37.59183 ], [ -122.09993, 37.59183 ], [ -122.09993, 37.59186 ], [ -122.09995, 37.59183 ] ], [ [ -122.11122, 37.58933 ], [ -122.11125, 37.58933 ], [ -122.11122, 37.5893 ], [ -122.11122, 37.58933 ] ], [ [ -122.11033, 37.589 ], [ -122.11117, 37.5893 ], [ -122.11084, 37.58897 ], [ -122.11033, 37.589 ] ], [ [ -122.1103, 37.58897 ], [ -122.1103, 37.589 ], [ -122.11033, 37.589 ], [ -122.1103, 37.58897 ] ], [ [ -122.10893, 37.58935 ], [ -122.10893, 37.58938 ], [ -122.10898, 37.58935 ], [ -122.10893, 37.58935 ] ], [ [ -122.10901, 37.58933 ], [ -122.10898, 37.58933 ], [ -122.10898, 37.58935 ], [ -122.10901, 37.58933 ] ], [ [ -122.09791, 37.59113 ], [ -122.09785, 37.59113 ], [ -122.09791, 37.59116 ], [ -122.09791, 37.59113 ] ], [ [ -122.10631, 37.59056 ], [ -122.10634, 37.59056 ], [ -122.10631, 37.59054 ], [ -122.10631, 37.59056 ] ], [ [ -122.1116, 37.58229 ], [ -122.11162, 37.58229 ], [ -122.1116, 37.58226 ], [ -122.1116, 37.58229 ] ], [ [ -122.10904, 37.58933 ], [ -122.10906, 37.58933 ], [ -122.10904, 37.5893 ], [ -122.10904, 37.58933 ] ], [ [ -122.10006, 37.59159 ], [ -122.10009, 37.59159 ], [ -122.10006, 37.59156 ], [ -122.10006, 37.59159 ] ], [ [ -122.11208, 37.58186 ], [ -122.11211, 37.58186 ], [ -122.11208, 37.58183 ], [ -122.11208, 37.58186 ] ], [ [ -122.11046, 37.58881 ], [ -122.11049, 37.58881 ], [ -122.11046, 37.58879 ], [ -122.11046, 37.58881 ] ], [ [ -122.10623, 37.59059 ], [ -122.10629, 37.59059 ], [ -122.10623, 37.59056 ], [ -122.10623, 37.59059 ] ], [ [ -122.11041, 37.58871 ], [ -122.11044, 37.58871 ], [ -122.11041, 37.58862 ], [ -122.11041, 37.58871 ] ], [ [ -122.11189, 37.58202 ], [ -122.11184, 37.58202 ], [ -122.11189, 37.58205 ], [ -122.11189, 37.58202 ] ], [ [ -122.11184, 37.5821 ], [ -122.11184, 37.58208 ], [ -122.11181, 37.5821 ], [ -122.11184, 37.5821 ] ], [ [ -122.10004, 37.59172 ], [ -122.09998, 37.59172 ], [ -122.10004, 37.59178 ], [ -122.10004, 37.59172 ] ], [ [ -122.09198, 37.58636 ], [ -122.09211, 37.58639 ], [ -122.09198, 37.58633 ], [ -122.09198, 37.58636 ] ], [ [ -122.10979, 37.58941 ], [ -122.10974, 37.58933 ], [ -122.10974, 37.58938 ], [ -122.10979, 37.58941 ] ], [ [ -122.10987, 37.58906 ], [ -122.10987, 37.58903 ], [ -122.10976, 37.58903 ], [ -122.10987, 37.58906 ] ], [ [ -122.11141, 37.58248 ], [ -122.1113, 37.58248 ], [ -122.11141, 37.58253 ], [ -122.11141, 37.58248 ] ], [ [ -122.09279, 37.59286 ], [ -122.09295, 37.59283 ], [ -122.09276, 37.59277 ], [ -122.09279, 37.59286 ] ], [ [ -122.10966, 37.58903 ], [ -122.10941, 37.58903 ], [ -122.10928, 37.58919 ], [ -122.10936, 37.58919 ], [ -122.10966, 37.58903 ] ], [ [ -122.10923, 37.58922 ], [ -122.10928, 37.58922 ], [ -122.10928, 37.58919 ], [ -122.10923, 37.58922 ] ], [ [ -122.10917, 37.58924 ], [ -122.10923, 37.58924 ], [ -122.10923, 37.58922 ], [ -122.10917, 37.58924 ] ], [ [ -122.10912, 37.58927 ], [ -122.10917, 37.58927 ], [ -122.10917, 37.58924 ], [ -122.10912, 37.58927 ] ] ], [ [ [ -122.08915, 37.59329 ], [ -122.08912, 37.59339 ], [ -122.08899, 37.59339 ], [ -122.08904, 37.59323 ], [ -122.0885, 37.59329 ], [ -122.08839, 37.59358 ], [ -122.08872, 37.59337 ], [ -122.08891, 37.59342 ], [ -122.08853, 37.59361 ], [ -122.08853, 37.59388 ], [ -122.08845, 37.59369 ], [ -122.08826, 37.59374 ], [ -122.08831, 37.5941 ], [ -122.08899, 37.59418 ], [ -122.09006, 37.59407 ], [ -122.09014, 37.59415 ], [ -122.0902, 37.5938 ], [ -122.0905, 37.59383 ], [ -122.09055, 37.59401 ], [ -122.09039, 37.5942 ], [ -122.09033, 37.59399 ], [ -122.09025, 37.59434 ], [ -122.09033, 37.5945 ], [ -122.09031, 37.59517 ], [ -122.09023, 37.59496 ], [ -122.08985, 37.59498 ], [ -122.08993, 37.59477 ], [ -122.08969, 37.59472 ], [ -122.08942, 37.59498 ], [ -122.08912, 37.59485 ], [ -122.08909, 37.59509 ], [ -122.08977, 37.59539 ], [ -122.09028, 37.59536 ], [ -122.09014, 37.5955 ], [ -122.09039, 37.5955 ], [ -122.09052, 37.59604 ], [ -122.09006, 37.59606 ], [ -122.09033, 37.59604 ], [ -122.09023, 37.59571 ], [ -122.09012, 37.59558 ], [ -122.08985, 37.59558 ], [ -122.08985, 37.59606 ], [ -122.08745, 37.59612 ], [ -122.08718, 37.59644 ], [ -122.08721, 37.59951 ], [ -122.08796, 37.5997 ], [ -122.08796, 37.59986 ], [ -122.08831, 37.59978 ], [ -122.08926, 37.59994 ], [ -122.08926, 37.60008 ], [ -122.08917, 37.60013 ], [ -122.08907, 37.59997 ], [ -122.08775, 37.60005 ], [ -122.08745, 37.59994 ], [ -122.08696, 37.60008 ], [ -122.08694, 37.59846 ], [ -122.0868, 37.59825 ], [ -122.08656, 37.59827 ], [ -122.08667, 37.59814 ], [ -122.08659, 37.59749 ], [ -122.0867, 37.59741 ], [ -122.08686, 37.59552 ], [ -122.08672, 37.59552 ], [ -122.08661, 37.59598 ], [ -122.08559, 37.59595 ], [ -122.08559, 37.59555 ], [ -122.08537, 37.59555 ], [ -122.08511, 37.59582 ], [ -122.085, 37.59566 ], [ -122.08486, 37.59569 ], [ -122.08486, 37.59587 ], [ -122.08505, 37.59587 ], [ -122.08505, 37.59601 ], [ -122.08473, 37.59601 ], [ -122.0847, 37.59569 ], [ -122.08484, 37.59577 ], [ -122.08486, 37.5956 ], [ -122.08473, 37.59566 ], [ -122.0847, 37.59555 ], [ -122.08381, 37.59558 ], [ -122.08384, 37.59593 ], [ -122.08368, 37.5959 ], [ -122.0836, 37.59558 ], [ -122.08174, 37.5956 ], [ -122.0816, 37.59552 ], [ -122.08201, 37.59547 ], [ -122.08184, 37.59544 ], [ -122.08184, 37.59534 ], [ -122.08171, 37.59544 ], [ -122.08171, 37.59512 ], [ -122.08155, 37.59504 ], [ -122.08168, 37.59504 ], [ -122.08171, 37.59488 ], [ -122.08131, 37.59485 ], [ -122.08128, 37.59461 ], [ -122.08109, 37.59458 ], [ -122.08109, 37.59445 ], [ -122.0816, 37.59439 ], [ -122.08152, 37.59415 ], [ -122.08357, 37.59415 ], [ -122.08354, 37.59426 ], [ -122.08343, 37.59423 ], [ -122.08352, 37.59439 ], [ -122.0837, 37.59436 ], [ -122.08392, 37.59466 ], [ -122.08411, 37.59455 ], [ -122.0843, 37.59472 ], [ -122.08424, 37.59461 ], [ -122.08597, 37.59393 ], [ -122.08616, 37.59383 ], [ -122.08602, 37.59377 ], [ -122.0868, 37.59348 ], [ -122.0875, 37.59304 ], [ -122.08613, 37.59167 ], [ -122.08578, 37.59108 ], [ -122.08564, 37.58951 ], [ -122.0857, 37.58916 ], [ -122.08589, 37.58914 ], [ -122.08527, 37.588 ], [ -122.08516, 37.588 ], [ -122.08521, 37.58833 ], [ -122.0847, 37.58817 ], [ -122.08168, 37.5893 ], [ -122.08171, 37.58919 ], [ -122.08527, 37.58784 ], [ -122.08505, 37.58776 ], [ -122.0826, 37.58359 ], [ -122.08244, 37.58323 ], [ -122.08265, 37.5831 ], [ -122.08497, 37.58232 ], [ -122.0868, 37.58226 ], [ -122.08961, 37.58348 ], [ -122.09103, 37.58437 ], [ -122.0909, 37.58456 ], [ -122.09095, 37.5848 ], [ -122.0913, 37.58491 ], [ -122.09114, 37.58827 ], [ -122.09122, 37.58895 ], [ -122.09133, 37.58895 ], [ -122.09136, 37.58518 ], [ -122.09149, 37.58469 ], [ -122.09184, 37.58488 ], [ -122.09168, 37.58701 ], [ -122.09171, 37.59113 ], [ -122.09219, 37.59191 ], [ -122.092, 37.59342 ], [ -122.09179, 37.59348 ], [ -122.09176, 37.59339 ], [ -122.09187, 37.59189 ], [ -122.0913, 37.59108 ], [ -122.0913, 37.58908 ], [ -122.09103, 37.58911 ], [ -122.09109, 37.58919 ], [ -122.08899, 37.58924 ], [ -122.08907, 37.58957 ], [ -122.08896, 37.58995 ], [ -122.08909, 37.59003 ], [ -122.08912, 37.59038 ], [ -122.0888, 37.59059 ], [ -122.08891, 37.59083 ], [ -122.08877, 37.59167 ], [ -122.08891, 37.59175 ], [ -122.08888, 37.59199 ], [ -122.08904, 37.59205 ], [ -122.08899, 37.59218 ], [ -122.0892, 37.59226 ], [ -122.08909, 37.59253 ], [ -122.08928, 37.59269 ], [ -122.08963, 37.5931 ], [ -122.08969, 37.59288 ], [ -122.08996, 37.59286 ], [ -122.09009, 37.59267 ], [ -122.09009, 37.59323 ], [ -122.08923, 37.59321 ], [ -122.08931, 37.59331 ], [ -122.08915, 37.59329 ] ], [ [ -122.09025, 37.5942 ], [ -122.09028, 37.5942 ], [ -122.09025, 37.59418 ], [ -122.09025, 37.5942 ] ], [ [ -122.08616, 37.59377 ], [ -122.08616, 37.5938 ], [ -122.08621, 37.59377 ], [ -122.08616, 37.59377 ] ], [ [ -122.08912, 37.59259 ], [ -122.08912, 37.59256 ], [ -122.08909, 37.59259 ], [ -122.08912, 37.59259 ] ], [ [ -122.0844, 37.59482 ], [ -122.08443, 37.59482 ], [ -122.0844, 37.5948 ], [ -122.0844, 37.59482 ] ], [ [ -122.09023, 37.59558 ], [ -122.09025, 37.59558 ], [ -122.09023, 37.59555 ], [ -122.09023, 37.59558 ] ], [ [ -122.09017, 37.59488 ], [ -122.0902, 37.59488 ], [ -122.09017, 37.59485 ], [ -122.09017, 37.59488 ] ], [ [ -122.08901, 37.59461 ], [ -122.08904, 37.59461 ], [ -122.08901, 37.59458 ], [ -122.08901, 37.59461 ] ], [ [ -122.08591, 37.59415 ], [ -122.08594, 37.59415 ], [ -122.08591, 37.59412 ], [ -122.08591, 37.59415 ] ], [ [ -122.08936, 37.59525 ], [ -122.08939, 37.59525 ], [ -122.08936, 37.59523 ], [ -122.08936, 37.59525 ] ], [ [ -122.08629, 37.59399 ], [ -122.08632, 37.59399 ], [ -122.08629, 37.59396 ], [ -122.08629, 37.59399 ] ], [ [ -122.08939, 37.59539 ], [ -122.08942, 37.59539 ], [ -122.08939, 37.59536 ], [ -122.08939, 37.59539 ] ], [ [ -122.08942, 37.59307 ], [ -122.08944, 37.59307 ], [ -122.08942, 37.59304 ], [ -122.08942, 37.59307 ] ], [ [ -122.08961, 37.59426 ], [ -122.08963, 37.59426 ], [ -122.08961, 37.59423 ], [ -122.08961, 37.59426 ] ], [ [ -122.08947, 37.59418 ], [ -122.0895, 37.59418 ], [ -122.08947, 37.59415 ], [ -122.08947, 37.59418 ] ], [ [ -122.08896, 37.59461 ], [ -122.08899, 37.59461 ], [ -122.08896, 37.59458 ], [ -122.08896, 37.59461 ] ], [ [ -122.08502, 37.59569 ], [ -122.08505, 37.59569 ], [ -122.08502, 37.59566 ], [ -122.08502, 37.59569 ] ], [ [ -122.08597, 37.59412 ], [ -122.08602, 37.59412 ], [ -122.08597, 37.5941 ], [ -122.08597, 37.59412 ] ], [ [ -122.09009, 37.59477 ], [ -122.09014, 37.59477 ], [ -122.09009, 37.59474 ], [ -122.09009, 37.59477 ] ], [ [ -122.08562, 37.59569 ], [ -122.08567, 37.59569 ], [ -122.08562, 37.59566 ], [ -122.08562, 37.59569 ] ], [ [ -122.08621, 37.59574 ], [ -122.08618, 37.59574 ], [ -122.08621, 37.59577 ], [ -122.08621, 37.59574 ] ], [ [ -122.08618, 37.59579 ], [ -122.08618, 37.59577 ], [ -122.08616, 37.59579 ], [ -122.08618, 37.59579 ] ], [ [ -122.0902, 37.59477 ], [ -122.09025, 37.59477 ], [ -122.09023, 37.59472 ], [ -122.0902, 37.59477 ] ], [ [ -122.08917, 37.59272 ], [ -122.08926, 37.59272 ], [ -122.08917, 37.59269 ], [ -122.08917, 37.59272 ] ], [ [ -122.08478, 37.59582 ], [ -122.08486, 37.59582 ], [ -122.08478, 37.59579 ], [ -122.08478, 37.59582 ] ], [ [ -122.08219, 37.59534 ], [ -122.08228, 37.59534 ], [ -122.08219, 37.59531 ], [ -122.08219, 37.59534 ] ], [ [ -122.08198, 37.59469 ], [ -122.08203, 37.59469 ], [ -122.08198, 37.59463 ], [ -122.08198, 37.59469 ] ], [ [ -122.08306, 37.5955 ], [ -122.08316, 37.5955 ], [ -122.08306, 37.59547 ], [ -122.08306, 37.5955 ] ], [ [ -122.08907, 37.59326 ], [ -122.08917, 37.59326 ], [ -122.08907, 37.59323 ], [ -122.08907, 37.59326 ] ], [ [ -122.0823, 37.59542 ], [ -122.08238, 37.59542 ], [ -122.08233, 37.59536 ], [ -122.0823, 37.59542 ] ], [ [ -122.08899, 37.58399 ], [ -122.08891, 37.58396 ], [ -122.08899, 37.58402 ], [ -122.08899, 37.58399 ] ], [ [ -122.08626, 37.59399 ], [ -122.08621, 37.59399 ], [ -122.08626, 37.59401 ], [ -122.08626, 37.59399 ] ], [ [ -122.08621, 37.59404 ], [ -122.08621, 37.59401 ], [ -122.08616, 37.59404 ], [ -122.08621, 37.59404 ] ], [ [ -122.0861, 37.59407 ], [ -122.08616, 37.59407 ], [ -122.08616, 37.59404 ], [ -122.0861, 37.59407 ] ], [ [ -122.0902, 37.59453 ], [ -122.09025, 37.59453 ], [ -122.0902, 37.59445 ], [ -122.0902, 37.59453 ] ], [ [ -122.08688, 37.59744 ], [ -122.08696, 37.59746 ], [ -122.08691, 37.59738 ], [ -122.08688, 37.59744 ] ], [ [ -122.09004, 37.59442 ], [ -122.08996, 37.59442 ], [ -122.08998, 37.5945 ], [ -122.09004, 37.59442 ] ], [ [ -122.08397, 37.59482 ], [ -122.08389, 37.59485 ], [ -122.08397, 37.5949 ], [ -122.08397, 37.59482 ] ], [ [ -122.08451, 37.5955 ], [ -122.08432, 37.59547 ], [ -122.08451, 37.59552 ], [ -122.08451, 37.5955 ] ], [ [ -122.08931, 37.59466 ], [ -122.08944, 37.59466 ], [ -122.08934, 37.59458 ], [ -122.08931, 37.59466 ] ], [ [ -122.08936, 37.5956 ], [ -122.08917, 37.59558 ], [ -122.08936, 37.59563 ], [ -122.08936, 37.5956 ] ], [ [ -122.0833, 37.59431 ], [ -122.08335, 37.59442 ], [ -122.08341, 37.59428 ], [ -122.0833, 37.59431 ] ], [ [ -122.08802, 37.59277 ], [ -122.08807, 37.59267 ], [ -122.08793, 37.59277 ], [ -122.08802, 37.59277 ] ], [ [ -122.0819, 37.5952 ], [ -122.08209, 37.5952 ], [ -122.08209, 37.59515 ], [ -122.08195, 37.59512 ], [ -122.0819, 37.5952 ] ], [ [ -122.08993, 37.59439 ], [ -122.0899, 37.59426 ], [ -122.08985, 37.59426 ], [ -122.08979, 37.59442 ], [ -122.08993, 37.59439 ] ], [ [ -122.08872, 37.59563 ], [ -122.08899, 37.59563 ], [ -122.08872, 37.59558 ], [ -122.08872, 37.59563 ] ], [ [ -122.08686, 37.5983 ], [ -122.08691, 37.5983 ], [ -122.0868, 37.59806 ], [ -122.08686, 37.5983 ] ], [ [ -122.08826, 37.59434 ], [ -122.0885, 37.59431 ], [ -122.08826, 37.59426 ], [ -122.08826, 37.59434 ] ], [ [ -122.0899, 37.59463 ], [ -122.08966, 37.59458 ], [ -122.08958, 37.59466 ], [ -122.08977, 37.59469 ], [ -122.0899, 37.59463 ] ], [ [ -122.0819, 37.59528 ], [ -122.08187, 37.59542 ], [ -122.08206, 37.59542 ], [ -122.08211, 37.59534 ], [ -122.08198, 37.59539 ], [ -122.0819, 37.59528 ] ], [ [ -122.08505, 37.5945 ], [ -122.08484, 37.59455 ], [ -122.08451, 37.59474 ], [ -122.08505, 37.5945 ] ], [ [ -122.08556, 37.59434 ], [ -122.08589, 37.59415 ], [ -122.08519, 37.59445 ], [ -122.08556, 37.59434 ] ], [ [ -122.08222, 37.59474 ], [ -122.08193, 37.59477 ], [ -122.08217, 37.59512 ], [ -122.08222, 37.59474 ] ], [ [ -122.08909, 37.59453 ], [ -122.08952, 37.59447 ], [ -122.08969, 37.59436 ], [ -122.08853, 37.59439 ], [ -122.08866, 37.5945 ], [ -122.08909, 37.59453 ] ], [ [ -122.08357, 37.59536 ], [ -122.08341, 37.59504 ], [ -122.08306, 37.59542 ], [ -122.08357, 37.59536 ] ], [ [ -122.08268, 37.59542 ], [ -122.08292, 37.59544 ], [ -122.0829, 37.59485 ], [ -122.08263, 37.59498 ], [ -122.08268, 37.59542 ] ], [ [ -122.08726, 37.59539 ], [ -122.08772, 37.59536 ], [ -122.08775, 37.5952 ], [ -122.0878, 37.59536 ], [ -122.08837, 37.59536 ], [ -122.08845, 37.59523 ], [ -122.08853, 37.59539 ], [ -122.08866, 37.5952 ], [ -122.08874, 37.59534 ], [ -122.08891, 37.59531 ], [ -122.0888, 37.5949 ], [ -122.08847, 37.59485 ], [ -122.08829, 37.59455 ], [ -122.08804, 37.59447 ], [ -122.08823, 37.59388 ], [ -122.08812, 37.59396 ], [ -122.08807, 37.59348 ], [ -122.08758, 37.5938 ], [ -122.08672, 37.59404 ], [ -122.08675, 37.59426 ], [ -122.08718, 37.5948 ], [ -122.08726, 37.59539 ] ], [ [ -122.08381, 37.59512 ], [ -122.08378, 37.59539 ], [ -122.08664, 37.59539 ], [ -122.08683, 37.59547 ], [ -122.08696, 37.59523 ], [ -122.08632, 37.5942 ], [ -122.08621, 37.59412 ], [ -122.08381, 37.59512 ] ] ], [ [ [ -122.08928, 37.59148 ], [ -122.08934, 37.59089 ], [ -122.08998, 37.59089 ], [ -122.08998, 37.59151 ], [ -122.08988, 37.59159 ], [ -122.08977, 37.59151 ], [ -122.08963, 37.59159 ], [ -122.08928, 37.59148 ] ], [ [ -122.08985, 37.59156 ], [ -122.08988, 37.59156 ], [ -122.08985, 37.59154 ], [ -122.08985, 37.59156 ] ], [ [ -122.0899, 37.59127 ], [ -122.0899, 37.59129 ], [ -122.08993, 37.59127 ], [ -122.0899, 37.59127 ] ], [ [ -122.08977, 37.59143 ], [ -122.08977, 37.59148 ], [ -122.08982, 37.59143 ], [ -122.08977, 37.59143 ] ], [ [ -122.08985, 37.5911 ], [ -122.08993, 37.59102 ], [ -122.08985, 37.59102 ], [ -122.08985, 37.5911 ] ], [ [ -122.08958, 37.591 ], [ -122.08958, 37.59092 ], [ -122.08942, 37.59097 ], [ -122.08958, 37.591 ] ], [ [ -122.08942, 37.59108 ], [ -122.08958, 37.5911 ], [ -122.08944, 37.59102 ], [ -122.08942, 37.59108 ] ], [ [ -122.08982, 37.5911 ], [ -122.08988, 37.59094 ], [ -122.08974, 37.59092 ], [ -122.08969, 37.59102 ], [ -122.08982, 37.5911 ] ], [ [ -122.08988, 37.59135 ], [ -122.08982, 37.59135 ], [ -122.08985, 37.5914 ], [ -122.08988, 37.59135 ] ], [ [ -122.08982, 37.59129 ], [ -122.08985, 37.59116 ], [ -122.08977, 37.59116 ], [ -122.08969, 37.59129 ], [ -122.08982, 37.59129 ] ], [ [ -122.08963, 37.59124 ], [ -122.08955, 37.59118 ], [ -122.08947, 37.59129 ], [ -122.08944, 37.59116 ], [ -122.08942, 37.59129 ], [ -122.08961, 37.59135 ], [ -122.08963, 37.59124 ] ] ], [ [ [ -122.09163, 37.59323 ], [ -122.09157, 37.59272 ], [ -122.09141, 37.59264 ], [ -122.09152, 37.59194 ], [ -122.09125, 37.59124 ], [ -122.09176, 37.59205 ], [ -122.09163, 37.59323 ] ] ], [ [ [ -122.12203, 37.59366 ], [ -122.1223, 37.59383 ], [ -122.12192, 37.59458 ], [ -122.12071, 37.59463 ], [ -122.12038, 37.59474 ], [ -122.12033, 37.60008 ], [ -122.11949, 37.60143 ], [ -122.11922, 37.60234 ], [ -122.11887, 37.60237 ], [ -122.11677, 37.60196 ], [ -122.11618, 37.60205 ], [ -122.11604, 37.60194 ], [ -122.11594, 37.60137 ], [ -122.11607, 37.60046 ], [ -122.11588, 37.59997 ], [ -122.11588, 37.59854 ], [ -122.11599, 37.59841 ], [ -122.11583, 37.59835 ], [ -122.11575, 37.60008 ], [ -122.11594, 37.60075 ], [ -122.11585, 37.60081 ], [ -122.1158, 37.60043 ], [ -122.1158, 37.60178 ], [ -122.11569, 37.60186 ], [ -122.11594, 37.60205 ], [ -122.11572, 37.60213 ], [ -122.11518, 37.60296 ], [ -122.1148, 37.60407 ], [ -122.11451, 37.6045 ], [ -122.11445, 37.60514 ], [ -122.10189, 37.60523 ], [ -122.10184, 37.60504 ], [ -122.10238, 37.60318 ], [ -122.10241, 37.6025 ], [ -122.10222, 37.60159 ], [ -122.10295, 37.59997 ], [ -122.10392, 37.59911 ], [ -122.10432, 37.59846 ], [ -122.1068, 37.59838 ], [ -122.10683, 37.59461 ], [ -122.1075, 37.59445 ], [ -122.10807, 37.59445 ], [ -122.11001, 37.59488 ], [ -122.11122, 37.5949 ], [ -122.11181, 37.5948 ], [ -122.10976, 37.59477 ], [ -122.10901, 37.5945 ], [ -122.1078, 37.59436 ], [ -122.1064, 37.59463 ], [ -122.10602, 37.59428 ], [ -122.10599, 37.59296 ], [ -122.10615, 37.59277 ], [ -122.10774, 37.59178 ], [ -122.10896, 37.59127 ], [ -122.11025, 37.59097 ], [ -122.11157, 37.59089 ], [ -122.11297, 37.5911 ], [ -122.11734, 37.59251 ], [ -122.11938, 37.59302 ], [ -122.12068, 37.59321 ], [ -122.12068, 37.59334 ], [ -122.12076, 37.59323 ], [ -122.12095, 37.59323 ], [ -122.12227, 37.59337 ], [ -122.1224, 37.59356 ], [ -122.12235, 37.59369 ], [ -122.12203, 37.59366 ] ], [ [ -122.12084, 37.59337 ], [ -122.12084, 37.59331 ], [ -122.12073, 37.59334 ], [ -122.12084, 37.59337 ] ], [ [ -122.11885, 37.59294 ], [ -122.11885, 37.59291 ], [ -122.11882, 37.59294 ], [ -122.11885, 37.59294 ] ], [ [ -122.1203, 37.59361 ], [ -122.12033, 37.59361 ], [ -122.1203, 37.59358 ], [ -122.1203, 37.59361 ] ], [ [ -122.11119, 37.59097 ], [ -122.11122, 37.59097 ], [ -122.11119, 37.59094 ], [ -122.11119, 37.59097 ] ], [ [ -122.12186, 37.59372 ], [ -122.12189, 37.59372 ], [ -122.12186, 37.59369 ], [ -122.12186, 37.59372 ] ], [ [ -122.11658, 37.60167 ], [ -122.11661, 37.60167 ], [ -122.11658, 37.60164 ], [ -122.11658, 37.60167 ] ], [ [ -122.11189, 37.59102 ], [ -122.11195, 37.59102 ], [ -122.11189, 37.591 ], [ -122.11189, 37.59102 ] ], [ [ -122.11903, 37.59299 ], [ -122.11909, 37.59299 ], [ -122.11903, 37.59296 ], [ -122.11903, 37.59299 ] ], [ [ -122.12154, 37.59348 ], [ -122.12162, 37.59348 ], [ -122.12154, 37.59345 ], [ -122.12154, 37.59348 ] ], [ [ -122.12124, 37.59366 ], [ -122.12111, 37.59366 ], [ -122.12122, 37.59372 ], [ -122.12124, 37.59366 ] ], [ [ -122.1141, 37.59585 ], [ -122.1141, 37.59582 ], [ -122.11408, 37.59585 ], [ -122.1141, 37.59585 ] ], [ [ -122.11405, 37.59582 ], [ -122.11408, 37.59582 ], [ -122.11405, 37.59579 ], [ -122.11405, 37.59582 ] ], [ [ -122.11402, 37.59577 ], [ -122.11402, 37.59579 ], [ -122.11405, 37.59579 ], [ -122.11402, 37.59577 ] ], [ [ -122.114, 37.59574 ], [ -122.114, 37.59577 ], [ -122.11402, 37.59577 ], [ -122.114, 37.59574 ] ], [ [ -122.11389, 37.59566 ], [ -122.11394, 37.59574 ], [ -122.11394, 37.59566 ], [ -122.11389, 37.59566 ] ], [ [ -122.11386, 37.59563 ], [ -122.11386, 37.59566 ], [ -122.11389, 37.59566 ], [ -122.11386, 37.59563 ] ], [ [ -122.11381, 37.5956 ], [ -122.11381, 37.59563 ], [ -122.11386, 37.59563 ], [ -122.11381, 37.5956 ] ], [ [ -122.11378, 37.59558 ], [ -122.11378, 37.5956 ], [ -122.11381, 37.5956 ], [ -122.11378, 37.59558 ] ], [ [ -122.12124, 37.59337 ], [ -122.12092, 37.59337 ], [ -122.12124, 37.59342 ], [ -122.12124, 37.59337 ] ], [ [ -122.12087, 37.59334 ], [ -122.12087, 37.59337 ], [ -122.12092, 37.59337 ], [ -122.12087, 37.59334 ] ], [ [ -122.12038, 37.59361 ], [ -122.12044, 37.59366 ], [ -122.12095, 37.59366 ], [ -122.12038, 37.59361 ] ], [ [ -122.1137, 37.59552 ], [ -122.1137, 37.5955 ], [ -122.11367, 37.59552 ], [ -122.1137, 37.59552 ] ], [ [ -122.11367, 37.59547 ], [ -122.11343, 37.59528 ], [ -122.11338, 37.59528 ], [ -122.11343, 37.59544 ], [ -122.11367, 37.59547 ] ], [ [ -122.11505, 37.5966 ], [ -122.11505, 37.59657 ], [ -122.11502, 37.5966 ], [ -122.11505, 37.5966 ] ], [ [ -122.11486, 37.59644 ], [ -122.11497, 37.59657 ], [ -122.11491, 37.59644 ], [ -122.11486, 37.59644 ] ], [ [ -122.11486, 37.59639 ], [ -122.11456, 37.59614 ], [ -122.11445, 37.59612 ], [ -122.1147, 37.59636 ], [ -122.11486, 37.59639 ] ], [ [ -122.11726, 37.59838 ], [ -122.11823, 37.59838 ], [ -122.11823, 37.59835 ], [ -122.11753, 37.59833 ], [ -122.11726, 37.59838 ] ], [ [ -122.11868, 37.59833 ], [ -122.11887, 37.59838 ], [ -122.12, 37.59833 ], [ -122.11868, 37.59833 ] ], [ [ -122.12022, 37.59356 ], [ -122.11933, 37.59304 ], [ -122.12009, 37.59356 ], [ -122.12022, 37.59356 ] ], [ [ -122.11515, 37.59671 ], [ -122.1158, 37.59738 ], [ -122.11591, 37.59781 ], [ -122.1158, 37.59728 ], [ -122.11515, 37.59671 ] ] ], [ [ [ -122.08621, 37.59975 ], [ -122.08532, 37.59975 ], [ -122.08532, 37.60008 ], [ -122.08505, 37.60005 ], [ -122.08511, 37.599 ], [ -122.08529, 37.599 ], [ -122.08543, 37.5993 ], [ -122.08621, 37.59919 ], [ -122.08621, 37.59943 ], [ -122.08535, 37.59938 ], [ -122.08529, 37.59957 ], [ -122.08621, 37.59954 ], [ -122.08629, 37.59967 ], [ -122.08621, 37.59975 ] ] ], [ [ [ -122.08761, 37.59666 ], [ -122.08748, 37.59647 ], [ -122.08758, 37.59636 ], [ -122.08928, 37.59631 ], [ -122.08917, 37.59636 ], [ -122.08917, 37.59674 ], [ -122.08934, 37.59763 ], [ -122.08961, 37.59768 ], [ -122.08969, 37.59728 ], [ -122.08993, 37.59725 ], [ -122.09014, 37.59814 ], [ -122.09004, 37.59833 ], [ -122.09023, 37.59884 ], [ -122.09055, 37.59895 ], [ -122.09063, 37.59911 ], [ -122.09082, 37.599 ], [ -122.09098, 37.59994 ], [ -122.09093, 37.60011 ], [ -122.08963, 37.59994 ], [ -122.08977, 37.60027 ], [ -122.09006, 37.60046 ], [ -122.09012, 37.6007 ], [ -122.09071, 37.60075 ], [ -122.09076, 37.60089 ], [ -122.09058, 37.60097 ], [ -122.09055, 37.6014 ], [ -122.09031, 37.60132 ], [ -122.09009, 37.60148 ], [ -122.09001, 37.60215 ], [ -122.08966, 37.60288 ], [ -122.08928, 37.60436 ], [ -122.08891, 37.60474 ], [ -122.0888, 37.60509 ], [ -122.08831, 37.60512 ], [ -122.08815, 37.60501 ], [ -122.08823, 37.60452 ], [ -122.08855, 37.60396 ], [ -122.08861, 37.6035 ], [ -122.08893, 37.60312 ], [ -122.08888, 37.6028 ], [ -122.08917, 37.6025 ], [ -122.08939, 37.60167 ], [ -122.08928, 37.60137 ], [ -122.08942, 37.6014 ], [ -122.08936, 37.6011 ], [ -122.08955, 37.60116 ], [ -122.08955, 37.60091 ], [ -122.08928, 37.60081 ], [ -122.0895, 37.59989 ], [ -122.08931, 37.59973 ], [ -122.0878, 37.59951 ], [ -122.08745, 37.59935 ], [ -122.08745, 37.59728 ], [ -122.08769, 37.59717 ], [ -122.08748, 37.59679 ], [ -122.08761, 37.59666 ] ], [ [ -122.09041, 37.60099 ], [ -122.09055, 37.60102 ], [ -122.09055, 37.60094 ], [ -122.09068, 37.60078 ], [ -122.09044, 37.60078 ], [ -122.09041, 37.60099 ] ], [ [ -122.09052, 37.60108 ], [ -122.09052, 37.60102 ], [ -122.09044, 37.60108 ], [ -122.09052, 37.60108 ] ], [ [ -122.08947, 37.60126 ], [ -122.08942, 37.60126 ], [ -122.08947, 37.60129 ], [ -122.08947, 37.60126 ] ], [ [ -122.08791, 37.59671 ], [ -122.08793, 37.59671 ], [ -122.08791, 37.59668 ], [ -122.08791, 37.59671 ] ], [ [ -122.09004, 37.59873 ], [ -122.09006, 37.59873 ], [ -122.09004, 37.5987 ], [ -122.09004, 37.59873 ] ], [ [ -122.09028, 37.60102 ], [ -122.09031, 37.60102 ], [ -122.09028, 37.60099 ], [ -122.09028, 37.60102 ] ], [ [ -122.09004, 37.59827 ], [ -122.09006, 37.59827 ], [ -122.09004, 37.59825 ], [ -122.09004, 37.59827 ] ], [ [ -122.09058, 37.59919 ], [ -122.09063, 37.59919 ], [ -122.09058, 37.59916 ], [ -122.09058, 37.59919 ] ], [ [ -122.09023, 37.59957 ], [ -122.09028, 37.59957 ], [ -122.09023, 37.59954 ], [ -122.09023, 37.59957 ] ], [ [ -122.09014, 37.60097 ], [ -122.0902, 37.60097 ], [ -122.09014, 37.60094 ], [ -122.09014, 37.60097 ] ], [ [ -122.09087, 37.59997 ], [ -122.09082, 37.59994 ], [ -122.09087, 37.6 ], [ -122.09087, 37.59997 ] ], [ [ -122.0895, 37.59787 ], [ -122.08942, 37.5979 ], [ -122.0895, 37.59792 ], [ -122.0895, 37.59787 ] ], [ [ -122.09028, 37.60113 ], [ -122.09039, 37.60116 ], [ -122.09033, 37.60102 ], [ -122.09028, 37.60113 ] ], [ [ -122.09023, 37.59949 ], [ -122.09017, 37.59949 ], [ -122.09023, 37.59951 ], [ -122.09023, 37.59949 ] ], [ [ -122.09012, 37.59951 ], [ -122.08993, 37.59946 ], [ -122.08998, 37.5997 ], [ -122.09014, 37.5997 ], [ -122.09012, 37.59951 ] ], [ [ -122.08993, 37.60094 ], [ -122.09023, 37.60091 ], [ -122.09014, 37.60072 ], [ -122.08996, 37.6007 ], [ -122.08985, 37.60081 ], [ -122.08993, 37.60094 ] ] ], [ [ [ -122.08548, 37.60202 ], [ -122.08546, 37.60134 ], [ -122.08492, 37.60148 ], [ -122.08478, 37.60137 ], [ -122.08537, 37.6011 ], [ -122.08562, 37.6011 ], [ -122.08567, 37.60043 ], [ -122.08581, 37.60046 ], [ -122.08581, 37.60037 ], [ -122.08613, 37.60043 ], [ -122.08621, 37.60091 ], [ -122.08672, 37.60108 ], [ -122.0867, 37.60124 ], [ -122.08626, 37.60137 ], [ -122.08626, 37.60194 ], [ -122.08605, 37.60194 ], [ -122.08586, 37.60137 ], [ -122.08586, 37.60199 ], [ -122.08548, 37.60202 ] ] ], [ [ [ -122.08519, 37.60258 ], [ -122.08575, 37.60256 ], [ -122.08591, 37.60277 ], [ -122.08591, 37.60253 ], [ -122.08661, 37.6025 ], [ -122.08645, 37.60269 ], [ -122.08653, 37.60318 ], [ -122.08688, 37.60326 ], [ -122.08508, 37.60337 ], [ -122.08599, 37.60326 ], [ -122.08551, 37.6032 ], [ -122.0854, 37.60269 ], [ -122.08511, 37.60267 ], [ -122.08519, 37.60258 ] ] ], [ [ [ -122.08729, 37.60304 ], [ -122.08748, 37.60277 ], [ -122.08723, 37.60269 ], [ -122.08718, 37.60218 ], [ -122.08726, 37.60202 ], [ -122.08764, 37.60196 ], [ -122.08761, 37.60175 ], [ -122.08775, 37.60178 ], [ -122.08775, 37.60199 ], [ -122.08802, 37.60191 ], [ -122.0878, 37.60175 ], [ -122.08772, 37.60121 ], [ -122.08756, 37.60121 ], [ -122.08753, 37.60102 ], [ -122.08767, 37.60099 ], [ -122.08767, 37.60043 ], [ -122.08785, 37.60024 ], [ -122.08812, 37.6004 ], [ -122.08823, 37.60021 ], [ -122.08831, 37.60019 ], [ -122.08845, 37.60054 ], [ -122.0882, 37.60078 ], [ -122.08831, 37.60105 ], [ -122.08823, 37.60124 ], [ -122.08837, 37.60167 ], [ -122.08858, 37.6017 ], [ -122.08845, 37.60188 ], [ -122.08874, 37.60191 ], [ -122.08874, 37.60199 ], [ -122.08793, 37.60509 ], [ -122.08812, 37.60525 ], [ -122.08893, 37.60528 ], [ -122.08893, 37.60536 ], [ -122.08874, 37.60555 ], [ -122.08874, 37.60579 ], [ -122.08815, 37.607 ], [ -122.08764, 37.60754 ], [ -122.08726, 37.60781 ], [ -122.08699, 37.60776 ], [ -122.08546, 37.60638 ], [ -122.08645, 37.60719 ], [ -122.08721, 37.60663 ], [ -122.08718, 37.6062 ], [ -122.0875, 37.60617 ], [ -122.08732, 37.60458 ], [ -122.08732, 37.60412 ], [ -122.08745, 37.60393 ], [ -122.08729, 37.60304 ] ], [ [ -122.08648, 37.60722 ], [ -122.08648, 37.60719 ], [ -122.08645, 37.60719 ], [ -122.08648, 37.60722 ] ], [ [ -122.08653, 37.60725 ], [ -122.08653, 37.60727 ], [ -122.08656, 37.60725 ], [ -122.08653, 37.60725 ] ], [ [ -122.08683, 37.60752 ], [ -122.08683, 37.60754 ], [ -122.08686, 37.60752 ], [ -122.08683, 37.60752 ] ], [ [ -122.08756, 37.60754 ], [ -122.08756, 37.60752 ], [ -122.08753, 37.60754 ], [ -122.08756, 37.60754 ] ], [ [ -122.0875, 37.60757 ], [ -122.08753, 37.60757 ], [ -122.08753, 37.60754 ], [ -122.0875, 37.60757 ] ], [ [ -122.08672, 37.60744 ], [ -122.08675, 37.60744 ], [ -122.08672, 37.60741 ], [ -122.08672, 37.60744 ] ], [ [ -122.0867, 37.60738 ], [ -122.0867, 37.60741 ], [ -122.08672, 37.60741 ], [ -122.0867, 37.60738 ] ], [ [ -122.08764, 37.60221 ], [ -122.08767, 37.60213 ], [ -122.08753, 37.60218 ], [ -122.08764, 37.60221 ] ], [ [ -122.0871, 37.60776 ], [ -122.08713, 37.60776 ], [ -122.0871, 37.60773 ], [ -122.0871, 37.60776 ] ], [ [ -122.08694, 37.6076 ], [ -122.08705, 37.60773 ], [ -122.08707, 37.6076 ], [ -122.08694, 37.6076 ] ], [ [ -122.08812, 37.60191 ], [ -122.08831, 37.60196 ], [ -122.08839, 37.60183 ], [ -122.08815, 37.60178 ], [ -122.08812, 37.60191 ] ] ], [ [ [ -122.10618, 37.59466 ], [ -122.10669, 37.59474 ], [ -122.10675, 37.59827 ], [ -122.10666, 37.59835 ], [ -122.10419, 37.59835 ], [ -122.10386, 37.59905 ], [ -122.10289, 37.59994 ], [ -122.10216, 37.60159 ], [ -122.10233, 37.60234 ], [ -122.10222, 37.60372 ], [ -122.10179, 37.6052 ], [ -122.10092, 37.60528 ], [ -122.10022, 37.60547 ], [ -122.09726, 37.60549 ], [ -122.09774, 37.60555 ], [ -122.09791, 37.60574 ], [ -122.09804, 37.60558 ], [ -122.09998, 37.60558 ], [ -122.1009, 37.60533 ], [ -122.10109, 37.60539 ], [ -122.10109, 37.60946 ], [ -122.10225, 37.61105 ], [ -122.10214, 37.61118 ], [ -122.10246, 37.61129 ], [ -122.10251, 37.6111 ], [ -122.10284, 37.61107 ], [ -122.10683, 37.61105 ], [ -122.1071, 37.61113 ], [ -122.10521, 37.61571 ], [ -122.10459, 37.61875 ], [ -122.10478, 37.61703 ], [ -122.10459, 37.61711 ], [ -122.10351, 37.61681 ], [ -122.10454, 37.61714 ], [ -122.10472, 37.6173 ], [ -122.1044, 37.6187 ], [ -122.10386, 37.61848 ], [ -122.1034, 37.61703 ], [ -122.10348, 37.61681 ], [ -122.1033, 37.61676 ], [ -122.10316, 37.6163 ], [ -122.1033, 37.6173 ], [ -122.10319, 37.61727 ], [ -122.10324, 37.61716 ], [ -122.10292, 37.61708 ], [ -122.10322, 37.61706 ], [ -122.10322, 37.61698 ], [ -122.103, 37.617 ], [ -122.10284, 37.61673 ], [ -122.10268, 37.61671 ], [ -122.10246, 37.61617 ], [ -122.10251, 37.61536 ], [ -122.10289, 37.61528 ], [ -122.10308, 37.6153 ], [ -122.10303, 37.61609 ], [ -122.10313, 37.61625 ], [ -122.10316, 37.61552 ], [ -122.1034, 37.6149 ], [ -122.10408, 37.61439 ], [ -122.10424, 37.61406 ], [ -122.10419, 37.61366 ], [ -122.10381, 37.61299 ], [ -122.10281, 37.61172 ], [ -122.10392, 37.61345 ], [ -122.10357, 37.61304 ], [ -122.10284, 37.61307 ], [ -122.10163, 37.61396 ], [ -122.10049, 37.61396 ], [ -122.1003, 37.61382 ], [ -122.1002, 37.61425 ], [ -122.10028, 37.61528 ], [ -122.10004, 37.61584 ], [ -122.10004, 37.61679 ], [ -122.09955, 37.61692 ], [ -122.09791, 37.61689 ], [ -122.09826, 37.61698 ], [ -122.09823, 37.61741 ], [ -122.09853, 37.6177 ], [ -122.09381, 37.61366 ], [ -122.09392, 37.61339 ], [ -122.09707, 37.61312 ], [ -122.09729, 37.61296 ], [ -122.09756, 37.61191 ], [ -122.0978, 37.61183 ], [ -122.09758, 37.61175 ], [ -122.0975, 37.60574 ], [ -122.09076, 37.60576 ], [ -122.09074, 37.60568 ], [ -122.09087, 37.60549 ], [ -122.09192, 37.60547 ], [ -122.0912, 37.60544 ], [ -122.09095, 37.60525 ], [ -122.09252, 37.60188 ], [ -122.09254, 37.60037 ], [ -122.09271, 37.60021 ], [ -122.09262, 37.60013 ], [ -122.09295, 37.59927 ], [ -122.09284, 37.59523 ], [ -122.093, 37.59477 ], [ -122.09394, 37.59428 ], [ -122.09473, 37.59431 ], [ -122.09516, 37.59407 ], [ -122.09977, 37.59415 ], [ -122.09971, 37.59423 ], [ -122.09995, 37.5942 ], [ -122.09998, 37.59428 ], [ -122.10028, 37.59415 ], [ -122.10055, 37.59415 ], [ -122.10057, 37.59428 ], [ -122.10079, 37.59415 ], [ -122.10087, 37.59415 ], [ -122.10087, 37.59423 ], [ -122.10163, 37.59418 ], [ -122.10163, 37.59426 ], [ -122.10222, 37.59418 ], [ -122.10243, 37.59428 ], [ -122.10243, 37.5942 ], [ -122.10297, 37.59426 ], [ -122.10384, 37.59412 ], [ -122.10502, 37.59361 ], [ -122.1054, 37.59399 ], [ -122.10553, 37.59447 ], [ -122.10572, 37.59469 ], [ -122.10548, 37.59399 ], [ -122.10516, 37.5935 ], [ -122.10586, 37.59307 ], [ -122.10594, 37.59388 ], [ -122.10588, 37.59439 ], [ -122.10575, 37.59445 ], [ -122.10596, 37.59442 ], [ -122.10618, 37.59466 ] ], [ [ -122.10249, 37.61132 ], [ -122.10249, 37.61129 ], [ -122.10246, 37.61129 ], [ -122.10249, 37.61132 ] ], [ [ -122.10575, 37.59474 ], [ -122.10575, 37.59469 ], [ -122.10572, 37.59469 ], [ -122.10575, 37.59474 ] ], [ [ -122.1058, 37.59477 ], [ -122.1058, 37.59474 ], [ -122.10575, 37.59474 ], [ -122.1058, 37.59477 ] ], [ [ -122.10666, 37.59477 ], [ -122.10666, 37.59474 ], [ -122.10664, 37.59477 ], [ -122.10666, 37.59477 ] ], [ [ -122.10354, 37.61299 ], [ -122.10335, 37.61269 ], [ -122.10316, 37.6125 ], [ -122.10311, 37.61261 ], [ -122.10354, 37.61299 ] ], [ [ -122.10084, 37.5942 ], [ -122.10079, 37.5942 ], [ -122.10084, 37.59423 ], [ -122.10084, 37.5942 ] ], [ [ -122.0989, 37.6128 ], [ -122.0989, 37.61283 ], [ -122.09893, 37.6128 ], [ -122.0989, 37.6128 ] ], [ [ -122.10103, 37.60479 ], [ -122.10103, 37.60482 ], [ -122.10106, 37.60479 ], [ -122.10103, 37.60479 ] ], [ [ -122.09944, 37.61264 ], [ -122.09944, 37.61266 ], [ -122.09947, 37.61264 ], [ -122.09944, 37.61264 ] ], [ [ -122.09907, 37.61274 ], [ -122.09907, 37.61277 ], [ -122.09909, 37.61274 ], [ -122.09907, 37.61274 ] ], [ [ -122.0985, 37.61293 ], [ -122.0985, 37.61296 ], [ -122.09853, 37.61293 ], [ -122.0985, 37.61293 ] ], [ [ -122.10529, 37.61504 ], [ -122.10529, 37.61506 ], [ -122.10532, 37.61504 ], [ -122.10529, 37.61504 ] ], [ [ -122.10648, 37.59501 ], [ -122.10648, 37.59504 ], [ -122.1065, 37.59501 ], [ -122.10648, 37.59501 ] ], [ [ -122.10316, 37.61681 ], [ -122.10316, 37.61684 ], [ -122.10319, 37.61681 ], [ -122.10316, 37.61681 ] ], [ [ -122.10313, 37.61689 ], [ -122.10313, 37.61692 ], [ -122.10319, 37.61689 ], [ -122.10313, 37.61689 ] ], [ [ -122.10481, 37.61676 ], [ -122.10481, 37.61681 ], [ -122.10483, 37.61676 ], [ -122.10481, 37.61676 ] ], [ [ -122.10475, 37.61695 ], [ -122.10475, 37.617 ], [ -122.10478, 37.61695 ], [ -122.10475, 37.61695 ] ], [ [ -122.10483, 37.61654 ], [ -122.10483, 37.6166 ], [ -122.10486, 37.61654 ], [ -122.10483, 37.61654 ] ], [ [ -122.0988, 37.61283 ], [ -122.0988, 37.61285 ], [ -122.09885, 37.61283 ], [ -122.0988, 37.61283 ] ], [ [ -122.0995, 37.61264 ], [ -122.0995, 37.61266 ], [ -122.09963, 37.61264 ], [ -122.0995, 37.61264 ] ], [ [ -122.10251, 37.59838 ], [ -122.10251, 37.59841 ], [ -122.10289, 37.59838 ], [ -122.10251, 37.59838 ] ], [ [ -122.10402, 37.59852 ], [ -122.104, 37.59843 ], [ -122.10392, 37.59852 ], [ -122.10402, 37.59852 ] ], [ [ -122.1064, 37.59504 ], [ -122.10645, 37.59504 ], [ -122.1064, 37.59501 ], [ -122.1064, 37.59504 ] ], [ [ -122.1064, 37.59498 ], [ -122.10629, 37.59496 ], [ -122.10615, 37.59496 ], [ -122.10623, 37.59501 ], [ -122.1064, 37.59498 ] ], [ [ -122.10607, 37.59493 ], [ -122.10607, 37.59496 ], [ -122.10615, 37.59496 ], [ -122.10607, 37.59493 ] ], [ [ -122.10599, 37.5949 ], [ -122.10599, 37.59493 ], [ -122.10607, 37.59493 ], [ -122.10599, 37.5949 ] ], [ [ -122.10588, 37.59485 ], [ -122.10591, 37.5949 ], [ -122.10594, 37.59485 ], [ -122.10588, 37.59485 ] ], [ [ -122.09516, 37.60549 ], [ -122.09696, 37.60552 ], [ -122.09699, 37.60547 ], [ -122.09691, 37.60549 ], [ -122.09516, 37.60549 ] ], [ [ -122.0944, 37.60555 ], [ -122.09438, 37.60549 ], [ -122.09287, 37.60552 ], [ -122.0944, 37.60555 ] ] ], [ [ [ -122.10125, 37.6059 ], [ -122.10149, 37.60585 ], [ -122.10119, 37.60579 ], [ -122.10114, 37.60544 ], [ -122.10133, 37.60531 ], [ -122.10225, 37.60531 ], [ -122.10699, 37.61059 ], [ -122.10723, 37.61094 ], [ -122.10265, 37.61099 ], [ -122.10227, 37.61094 ], [ -122.10211, 37.61078 ], [ -122.10122, 37.60943 ], [ -122.10117, 37.60609 ], [ -122.10125, 37.6059 ] ] ], [ [ [ -122.13025, 37.60698 ], [ -122.13423, 37.607 ], [ -122.13437, 37.60722 ], [ -122.13391, 37.609 ], [ -122.13359, 37.60959 ], [ -122.13324, 37.60983 ], [ -122.13291, 37.60983 ], [ -122.13038, 37.61059 ], [ -122.12946, 37.61067 ], [ -122.1286, 37.61032 ], [ -122.12806, 37.61027 ], [ -122.12707, 37.61048 ], [ -122.1261, 37.61102 ], [ -122.12572, 37.61094 ], [ -122.12539, 37.61018 ], [ -122.12477, 37.60956 ], [ -122.12418, 37.60938 ], [ -122.12321, 37.60943 ], [ -122.12057, 37.6104 ], [ -122.12036, 37.61142 ], [ -122.11691, 37.61159 ], [ -122.1168, 37.6056 ], [ -122.12502, 37.6056 ], [ -122.12515, 37.60576 ], [ -122.12515, 37.60765 ], [ -122.12542, 37.60789 ], [ -122.12963, 37.60789 ], [ -122.12992, 37.60768 ], [ -122.13, 37.60708 ], [ -122.13025, 37.60698 ] ] ], [ [ [ -122.11607, 37.60983 ], [ -122.11604, 37.60558 ], [ -122.11669, 37.6056 ], [ -122.11682, 37.61088 ], [ -122.11674, 37.61202 ], [ -122.11607, 37.60983 ] ] ], [ [ [ -122.12453, 37.61822 ], [ -122.12437, 37.61832 ], [ -122.12386, 37.61832 ], [ -122.12292, 37.61805 ], [ -122.12251, 37.61816 ], [ -122.12084, 37.61714 ], [ -122.12095, 37.61522 ], [ -122.12054, 37.6152 ], [ -122.12052, 37.61396 ], [ -122.12062, 37.61382 ], [ -122.12052, 37.61374 ], [ -122.12049, 37.61237 ], [ -122.12044, 37.6138 ], [ -122.11914, 37.61385 ], [ -122.11736, 37.6125 ], [ -122.11704, 37.61172 ], [ -122.11771, 37.61161 ], [ -122.12041, 37.61156 ], [ -122.12049, 37.61218 ], [ -122.1206, 37.61064 ], [ -122.12073, 37.61045 ], [ -122.12267, 37.6097 ], [ -122.12351, 37.60951 ], [ -122.12437, 37.60951 ], [ -122.12477, 37.6097 ], [ -122.12531, 37.61029 ], [ -122.12556, 37.61097 ], [ -122.12588, 37.61113 ], [ -122.12623, 37.6111 ], [ -122.12712, 37.61056 ], [ -122.12771, 37.6104 ], [ -122.12836, 37.6104 ], [ -122.12887, 37.61064 ], [ -122.1296, 37.61078 ], [ -122.12968, 37.6111 ], [ -122.12973, 37.61078 ], [ -122.13219, 37.61021 ], [ -122.13302, 37.60991 ], [ -122.13326, 37.60994 ], [ -122.13297, 37.61094 ], [ -122.13318, 37.61169 ], [ -122.13431, 37.6125 ], [ -122.13534, 37.61288 ], [ -122.13539, 37.61304 ], [ -122.13515, 37.61353 ], [ -122.13391, 37.61412 ], [ -122.13219, 37.61442 ], [ -122.13068, 37.61431 ], [ -122.1306, 37.61406 ], [ -122.1306, 37.61425 ], [ -122.13027, 37.61442 ], [ -122.12928, 37.61447 ], [ -122.12831, 37.61512 ], [ -122.12812, 37.61504 ], [ -122.12828, 37.61587 ], [ -122.12814, 37.61719 ], [ -122.12763, 37.61762 ], [ -122.12704, 37.61789 ], [ -122.12545, 37.61832 ], [ -122.12521, 37.61822 ], [ -122.12513, 37.61835 ], [ -122.12459, 37.61832 ], [ -122.12453, 37.61822 ] ], [ [ -122.12809, 37.61501 ], [ -122.12809, 37.61504 ], [ -122.12812, 37.61504 ], [ -122.12809, 37.61501 ] ], [ [ -122.12804, 37.61495 ], [ -122.12806, 37.61501 ], [ -122.12809, 37.61501 ], [ -122.12804, 37.61495 ] ], [ [ -122.13057, 37.6132 ], [ -122.13057, 37.61406 ], [ -122.13062, 37.61345 ], [ -122.13057, 37.6132 ] ], [ [ -122.13054, 37.61312 ], [ -122.13054, 37.6132 ], [ -122.13057, 37.6132 ], [ -122.13054, 37.61312 ] ], [ [ -122.13011, 37.61264 ], [ -122.13052, 37.61312 ], [ -122.13041, 37.61283 ], [ -122.13011, 37.61264 ] ], [ [ -122.13011, 37.61261 ], [ -122.12971, 37.61204 ], [ -122.12965, 37.61121 ], [ -122.12965, 37.61207 ], [ -122.13011, 37.61261 ] ], [ [ -122.12855, 37.61477 ], [ -122.12857, 37.61477 ], [ -122.12855, 37.61474 ], [ -122.12855, 37.61477 ] ], [ [ -122.12046, 37.61234 ], [ -122.12049, 37.61234 ], [ -122.12046, 37.61231 ], [ -122.12046, 37.61234 ] ], [ [ -122.12709, 37.61334 ], [ -122.12715, 37.61334 ], [ -122.12709, 37.61331 ], [ -122.12709, 37.61334 ] ], [ [ -122.12618, 37.61347 ], [ -122.12626, 37.61347 ], [ -122.12618, 37.61345 ], [ -122.12618, 37.61347 ] ], [ [ -122.12585, 37.61353 ], [ -122.12596, 37.61353 ], [ -122.12585, 37.6135 ], [ -122.12585, 37.61353 ] ], [ [ -122.12674, 37.61339 ], [ -122.12685, 37.61339 ], [ -122.12674, 37.61336 ], [ -122.12674, 37.61339 ] ], [ [ -122.12814, 37.61466 ], [ -122.12814, 37.61471 ], [ -122.1282, 37.61468 ], [ -122.12814, 37.61466 ] ], [ [ -122.12162, 37.6138 ], [ -122.12173, 37.6138 ], [ -122.12162, 37.61377 ], [ -122.12162, 37.6138 ] ], [ [ -122.1269, 37.61336 ], [ -122.12701, 37.61336 ], [ -122.1269, 37.61334 ], [ -122.1269, 37.61336 ] ], [ [ -122.12601, 37.6135 ], [ -122.12615, 37.6135 ], [ -122.12601, 37.61347 ], [ -122.12601, 37.6135 ] ], [ [ -122.12281, 37.61371 ], [ -122.12286, 37.61371 ], [ -122.12281, 37.61363 ], [ -122.12281, 37.61371 ] ], [ [ -122.12397, 37.61371 ], [ -122.12416, 37.61371 ], [ -122.12397, 37.61369 ], [ -122.12397, 37.61371 ] ], [ [ -122.12521, 37.61353 ], [ -122.12504, 37.61363 ], [ -122.12504, 37.61366 ], [ -122.12518, 37.61366 ], [ -122.12521, 37.61353 ] ], [ [ -122.12451, 37.61369 ], [ -122.1248, 37.61369 ], [ -122.12451, 37.61366 ], [ -122.12451, 37.61369 ] ], [ [ -122.12332, 37.61374 ], [ -122.12362, 37.61374 ], [ -122.12332, 37.61371 ], [ -122.12332, 37.61374 ] ], [ [ -122.12666, 37.61339 ], [ -122.12634, 37.61342 ], [ -122.12653, 37.61345 ], [ -122.12666, 37.61339 ] ], [ [ -122.12081, 37.61382 ], [ -122.12122, 37.61382 ], [ -122.12081, 37.6138 ], [ -122.12081, 37.61382 ] ], [ [ -122.12795, 37.61291 ], [ -122.12795, 37.61334 ], [ -122.12804, 37.61318 ], [ -122.12795, 37.61291 ] ], [ [ -122.12971, 37.61412 ], [ -122.12946, 37.61412 ], [ -122.12944, 37.61425 ], [ -122.12971, 37.61423 ], [ -122.12971, 37.61412 ] ], [ [ -122.12798, 37.61369 ], [ -122.12804, 37.61493 ], [ -122.12804, 37.61393 ], [ -122.12798, 37.61369 ] ] ], [ [ [ -122.1182, 37.61695 ], [ -122.11771, 37.61668 ], [ -122.11742, 37.61601 ], [ -122.11718, 37.61361 ], [ -122.11685, 37.6128 ], [ -122.11699, 37.61242 ], [ -122.11688, 37.61188 ], [ -122.11731, 37.61258 ], [ -122.11901, 37.61388 ], [ -122.12046, 37.6139 ], [ -122.12049, 37.6152 ], [ -122.12092, 37.61528 ], [ -122.12076, 37.61706 ], [ -122.11992, 37.61676 ], [ -122.1182, 37.61695 ] ] ], [ [ [ -122.09012, 37.6104 ], [ -122.09017, 37.61027 ], [ -122.0905, 37.61043 ], [ -122.0937, 37.61323 ], [ -122.09376, 37.6135 ], [ -122.09354, 37.61374 ], [ -122.09346, 37.61361 ], [ -122.09332, 37.61363 ], [ -122.09341, 37.61377 ], [ -122.10012, 37.61954 ], [ -122.09734, 37.61722 ], [ -122.0971, 37.61897 ], [ -122.09718, 37.61714 ], [ -122.09335, 37.61388 ], [ -122.093, 37.6135 ], [ -122.09322, 37.61307 ], [ -122.09025, 37.61053 ], [ -122.09012, 37.6104 ] ] ], [ [ [ -122.10392, 37.61439 ], [ -122.10346, 37.61468 ], [ -122.10308, 37.6153 ], [ -122.10343, 37.61455 ], [ -122.10392, 37.61439 ] ] ], [ [ [ -122.09365, 37.61371 ], [ -122.0982, 37.61762 ], [ -122.09384, 37.61401 ], [ -122.09365, 37.61371 ] ] ], [ [ [ -122.08486, 37.61665 ], [ -122.08446, 37.61614 ], [ -122.08422, 37.61611 ], [ -122.08446, 37.61606 ], [ -122.08505, 37.6166 ], [ -122.08651, 37.61627 ], [ -122.08707, 37.61601 ], [ -122.0874, 37.61654 ], [ -122.08732, 37.61668 ], [ -122.08718, 37.61671 ], [ -122.0871, 37.61654 ], [ -122.08656, 37.61649 ], [ -122.08467, 37.617 ], [ -122.08465, 37.61676 ], [ -122.08486, 37.61665 ] ] ], [ [ [ -122.1279, 37.61832 ], [ -122.12787, 37.61838 ], [ -122.12806, 37.61843 ], [ -122.12847, 37.61832 ], [ -122.12936, 37.61762 ], [ -122.12984, 37.61619 ], [ -122.13041, 37.61563 ], [ -122.13434, 37.61522 ], [ -122.13434, 37.62086 ], [ -122.1344, 37.62177 ], [ -122.13456, 37.62199 ], [ -122.13359, 37.62245 ], [ -122.13275, 37.62269 ], [ -122.13281, 37.62288 ], [ -122.13326, 37.6228 ], [ -122.13294, 37.62277 ], [ -122.13771, 37.6208 ], [ -122.13847, 37.62013 ], [ -122.139, 37.62005 ], [ -122.13876, 37.61997 ], [ -122.13884, 37.61981 ], [ -122.13879, 37.61978 ], [ -122.13752, 37.6208 ], [ -122.13488, 37.62188 ], [ -122.13467, 37.62193 ], [ -122.13458, 37.62185 ], [ -122.13442, 37.61711 ], [ -122.1345, 37.61533 ], [ -122.13582, 37.61458 ], [ -122.13652, 37.61393 ], [ -122.13671, 37.61342 ], [ -122.13671, 37.61293 ], [ -122.13623, 37.61194 ], [ -122.1369, 37.61202 ], [ -122.13787, 37.61202 ], [ -122.13806, 37.61196 ], [ -122.13623, 37.61188 ], [ -122.13626, 37.6111 ], [ -122.13647, 37.61078 ], [ -122.13739, 37.61035 ], [ -122.14032, 37.60948 ], [ -122.14165, 37.60921 ], [ -122.14243, 37.60884 ], [ -122.1428, 37.60897 ], [ -122.14329, 37.60897 ], [ -122.14609, 37.60881 ], [ -122.14658, 37.60886 ], [ -122.14687, 37.60913 ], [ -122.14733, 37.61024 ], [ -122.14857, 37.61595 ], [ -122.14906, 37.61838 ], [ -122.14889, 37.61862 ], [ -122.14477, 37.61999 ], [ -122.13911, 37.61991 ], [ -122.13927, 37.62005 ], [ -122.14, 37.62007 ], [ -122.14386, 37.62007 ], [ -122.14396, 37.61999 ], [ -122.14458, 37.62005 ], [ -122.13127, 37.62449 ], [ -122.13105, 37.62449 ], [ -122.13105, 37.62439 ], [ -122.13124, 37.62444 ], [ -122.13124, 37.62425 ], [ -122.13149, 37.62433 ], [ -122.13143, 37.62385 ], [ -122.13162, 37.62342 ], [ -122.1317, 37.6235 ], [ -122.13251, 37.6229 ], [ -122.1327, 37.62296 ], [ -122.13267, 37.62269 ], [ -122.1269, 37.6225 ], [ -122.1269, 37.6215 ], [ -122.12712, 37.62007 ], [ -122.12739, 37.61927 ], [ -122.12734, 37.61875 ], [ -122.12717, 37.61859 ], [ -122.12769, 37.6184 ], [ -122.1262, 37.61886 ], [ -122.12472, 37.61919 ], [ -122.12434, 37.61945 ], [ -122.1238, 37.62016 ], [ -122.12364, 37.62018 ], [ -122.12375, 37.6201 ], [ -122.12364, 37.62005 ], [ -122.12418, 37.61897 ], [ -122.12442, 37.61892 ], [ -122.12456, 37.61905 ], [ -122.12477, 37.61886 ], [ -122.12556, 37.61892 ], [ -122.12628, 37.61878 ], [ -122.12742, 37.61838 ], [ -122.12777, 37.61835 ], [ -122.12822, 37.61803 ], [ -122.12857, 37.61797 ], [ -122.12806, 37.61838 ], [ -122.1279, 37.61832 ] ], [ [ -122.12461, 37.6191 ], [ -122.12459, 37.61905 ], [ -122.12456, 37.61905 ], [ -122.12461, 37.6191 ] ], [ [ -122.14695, 37.60956 ], [ -122.14701, 37.60967 ], [ -122.14698, 37.60956 ], [ -122.14695, 37.60956 ] ], [ [ -122.13922, 37.62005 ], [ -122.13922, 37.62002 ], [ -122.13911, 37.62007 ], [ -122.13922, 37.62005 ] ], [ [ -122.14426, 37.62005 ], [ -122.14423, 37.62005 ], [ -122.14426, 37.62007 ], [ -122.14426, 37.62005 ] ], [ [ -122.14429, 37.62013 ], [ -122.14429, 37.62007 ], [ -122.14426, 37.62007 ], [ -122.14429, 37.62013 ] ], [ [ -122.12399, 37.61943 ], [ -122.12397, 37.61943 ], [ -122.12399, 37.61945 ], [ -122.12399, 37.61943 ] ], [ [ -122.12469, 37.6191 ], [ -122.12464, 37.6191 ], [ -122.12456, 37.61919 ], [ -122.12469, 37.6191 ] ], [ [ -122.12475, 37.61905 ], [ -122.12469, 37.61902 ], [ -122.12469, 37.6191 ], [ -122.12475, 37.61905 ] ], [ [ -122.12453, 37.61921 ], [ -122.12456, 37.61921 ], [ -122.12456, 37.61919 ], [ -122.12453, 37.61921 ] ], [ [ -122.14089, 37.61148 ], [ -122.14092, 37.61148 ], [ -122.14089, 37.61145 ], [ -122.14089, 37.61148 ] ], [ [ -122.13124, 37.62239 ], [ -122.13127, 37.62239 ], [ -122.13124, 37.62237 ], [ -122.13124, 37.62239 ] ], [ [ -122.12507, 37.61902 ], [ -122.1251, 37.61902 ], [ -122.12507, 37.619 ], [ -122.12507, 37.61902 ] ], [ [ -122.13332, 37.62274 ], [ -122.13334, 37.62274 ], [ -122.13332, 37.62272 ], [ -122.13332, 37.62274 ] ], [ [ -122.12445, 37.61927 ], [ -122.12448, 37.61927 ], [ -122.12445, 37.61924 ], [ -122.12445, 37.61927 ] ], [ [ -122.14116, 37.61749 ], [ -122.14119, 37.61749 ], [ -122.14116, 37.61746 ], [ -122.14116, 37.61749 ] ], [ [ -122.14113, 37.61285 ], [ -122.14116, 37.61285 ], [ -122.14113, 37.61283 ], [ -122.14113, 37.61285 ] ], [ [ -122.13903, 37.61962 ], [ -122.13906, 37.61962 ], [ -122.13903, 37.61959 ], [ -122.13903, 37.61962 ] ], [ [ -122.13933, 37.61175 ], [ -122.13938, 37.61175 ], [ -122.13933, 37.61172 ], [ -122.13933, 37.61175 ] ], [ [ -122.13909, 37.6118 ], [ -122.13914, 37.6118 ], [ -122.13909, 37.61177 ], [ -122.13909, 37.6118 ] ], [ [ -122.14119, 37.61377 ], [ -122.14121, 37.61377 ], [ -122.14119, 37.61371 ], [ -122.14119, 37.61377 ] ], [ [ -122.1362, 37.62153 ], [ -122.13626, 37.62153 ], [ -122.1362, 37.6215 ], [ -122.1362, 37.62153 ] ], [ [ -122.12771, 37.61846 ], [ -122.12779, 37.61846 ], [ -122.12771, 37.61843 ], [ -122.12771, 37.61846 ] ], [ [ -122.14111, 37.61264 ], [ -122.14113, 37.61264 ], [ -122.14111, 37.61256 ], [ -122.14111, 37.61264 ] ], [ [ -122.14111, 37.61175 ], [ -122.14111, 37.61172 ], [ -122.14108, 37.61175 ], [ -122.14111, 37.61175 ] ], [ [ -122.14105, 37.61172 ], [ -122.14108, 37.61172 ], [ -122.14105, 37.61167 ], [ -122.14105, 37.61172 ] ], [ [ -122.12529, 37.61894 ], [ -122.12523, 37.61894 ], [ -122.12529, 37.61897 ], [ -122.12529, 37.61894 ] ], [ [ -122.12523, 37.619 ], [ -122.12523, 37.61897 ], [ -122.12521, 37.619 ], [ -122.12523, 37.619 ] ], [ [ -122.13919, 37.61177 ], [ -122.13927, 37.61177 ], [ -122.13919, 37.61175 ], [ -122.13919, 37.61177 ] ], [ [ -122.13043, 37.62148 ], [ -122.13043, 37.62145 ], [ -122.13041, 37.62148 ], [ -122.13043, 37.62148 ] ], [ [ -122.13038, 37.62145 ], [ -122.13041, 37.62145 ], [ -122.13038, 37.6214 ], [ -122.13038, 37.62145 ] ], [ [ -122.1469, 37.60948 ], [ -122.14695, 37.60948 ], [ -122.1469, 37.60943 ], [ -122.1469, 37.60948 ] ], [ [ -122.14121, 37.61361 ], [ -122.14121, 37.61355 ], [ -122.14119, 37.61361 ], [ -122.14121, 37.61361 ] ], [ [ -122.14116, 37.61355 ], [ -122.14119, 37.61355 ], [ -122.14116, 37.61353 ], [ -122.14116, 37.61355 ] ], [ [ -122.14113, 37.61237 ], [ -122.14111, 37.61237 ], [ -122.14113, 37.61245 ], [ -122.14113, 37.61237 ] ], [ [ -122.14111, 37.61247 ], [ -122.14111, 37.61245 ], [ -122.14108, 37.61247 ], [ -122.14111, 37.61247 ] ], [ [ -122.12804, 37.6194 ], [ -122.12809, 37.6194 ], [ -122.12806, 37.61932 ], [ -122.12804, 37.6194 ] ], [ [ -122.14008, 37.61161 ], [ -122.14019, 37.61161 ], [ -122.14008, 37.61159 ], [ -122.14008, 37.61161 ] ], [ [ -122.12812, 37.61846 ], [ -122.12806, 37.61846 ], [ -122.12809, 37.61851 ], [ -122.12812, 37.61846 ] ], [ [ -122.13006, 37.62201 ], [ -122.13022, 37.62201 ], [ -122.13006, 37.62199 ], [ -122.13006, 37.62201 ] ], [ [ -122.13356, 37.62263 ], [ -122.13372, 37.62261 ], [ -122.13361, 37.62258 ], [ -122.13356, 37.62263 ] ], [ [ -122.13847, 37.61191 ], [ -122.13871, 37.61188 ], [ -122.13871, 37.61186 ], [ -122.13855, 37.61186 ], [ -122.13847, 37.61191 ] ], [ [ -122.12399, 37.61978 ], [ -122.12397, 37.61978 ], [ -122.12399, 37.61981 ], [ -122.12399, 37.61978 ] ], [ [ -122.12397, 37.61983 ], [ -122.12397, 37.61981 ], [ -122.12394, 37.61983 ], [ -122.12397, 37.61983 ] ], [ [ -122.12391, 37.61986 ], [ -122.12394, 37.61986 ], [ -122.12394, 37.61983 ], [ -122.12391, 37.61986 ] ], [ [ -122.12389, 37.61989 ], [ -122.12391, 37.61989 ], [ -122.12391, 37.61986 ], [ -122.12389, 37.61989 ] ], [ [ -122.1238, 37.61999 ], [ -122.12389, 37.61994 ], [ -122.1238, 37.61994 ], [ -122.1238, 37.61999 ] ], [ [ -122.13876, 37.61186 ], [ -122.13906, 37.61177 ], [ -122.13876, 37.6118 ], [ -122.13876, 37.61186 ] ], [ [ -122.14003, 37.61161 ], [ -122.13976, 37.61164 ], [ -122.13965, 37.61169 ], [ -122.13995, 37.61167 ], [ -122.14003, 37.61161 ] ], [ [ -122.13151, 37.62255 ], [ -122.13138, 37.62247 ], [ -122.1313, 37.62242 ], [ -122.13138, 37.62255 ], [ -122.13151, 37.62255 ] ], [ [ -122.14108, 37.61234 ], [ -122.14113, 37.61234 ], [ -122.14108, 37.61194 ], [ -122.14108, 37.61234 ] ], [ [ -122.1244, 37.61929 ], [ -122.12437, 37.61929 ], [ -122.1244, 37.61932 ], [ -122.1244, 37.61929 ] ], [ [ -122.12437, 37.61935 ], [ -122.12437, 37.61932 ], [ -122.12434, 37.61935 ], [ -122.12437, 37.61935 ] ], [ [ -122.1241, 37.61964 ], [ -122.12434, 37.6194 ], [ -122.1241, 37.61959 ], [ -122.1241, 37.61964 ] ], [ [ -122.12407, 37.6197 ], [ -122.1241, 37.6197 ], [ -122.1241, 37.61964 ], [ -122.12407, 37.6197 ] ], [ [ -122.13162, 37.62385 ], [ -122.13167, 37.62358 ], [ -122.13157, 37.62387 ], [ -122.13162, 37.62385 ] ], [ [ -122.13154, 37.62396 ], [ -122.13157, 37.62396 ], [ -122.13157, 37.62387 ], [ -122.13154, 37.62396 ] ], [ [ -122.13149, 37.62406 ], [ -122.13154, 37.62404 ], [ -122.13149, 37.62401 ], [ -122.13149, 37.62406 ] ], [ [ -122.14119, 37.6135 ], [ -122.14119, 37.6132 ], [ -122.14116, 37.6135 ], [ -122.14119, 37.6135 ] ], [ [ -122.14113, 37.61288 ], [ -122.14113, 37.6132 ], [ -122.14119, 37.61304 ], [ -122.14113, 37.61288 ] ], [ [ -122.14086, 37.61142 ], [ -122.14068, 37.61142 ], [ -122.14043, 37.61153 ], [ -122.14086, 37.61142 ] ], [ [ -122.14024, 37.61161 ], [ -122.14043, 37.61156 ], [ -122.14022, 37.61156 ], [ -122.14024, 37.61161 ] ], [ [ -122.14601, 37.60911 ], [ -122.1462, 37.60975 ], [ -122.14642, 37.60989 ], [ -122.14617, 37.60908 ], [ -122.14601, 37.60911 ] ], [ [ -122.14143, 37.61614 ], [ -122.14135, 37.61433 ], [ -122.14119, 37.6138 ], [ -122.14132, 37.61625 ], [ -122.14065, 37.618 ], [ -122.13911, 37.61954 ], [ -122.14068, 37.61824 ], [ -122.14076, 37.61789 ], [ -122.14111, 37.61749 ], [ -122.14103, 37.61735 ], [ -122.14143, 37.61614 ] ] ], [ [ [ -122.10502, 37.62064 ], [ -122.10526, 37.62026 ], [ -122.1054, 37.62026 ], [ -122.10518, 37.62067 ], [ -122.10548, 37.62086 ], [ -122.10513, 37.62083 ], [ -122.10502, 37.62064 ] ] ], [ [ [ -122.11011, 37.62075 ], [ -122.10974, 37.62051 ], [ -122.10993, 37.6204 ], [ -122.10966, 37.62029 ], [ -122.10758, 37.61967 ], [ -122.10745, 37.61975 ], [ -122.10745, 37.61964 ], [ -122.10526, 37.61902 ], [ -122.10499, 37.61886 ], [ -122.113, 37.62126 ], [ -122.11801, 37.62188 ], [ -122.11715, 37.62183 ], [ -122.11691, 37.62193 ], [ -122.11672, 37.62183 ], [ -122.11685, 37.62175 ], [ -122.11499, 37.62164 ], [ -122.11486, 37.62153 ], [ -122.11324, 37.62137 ], [ -122.11478, 37.62169 ], [ -122.11464, 37.6221 ], [ -122.11426, 37.62212 ], [ -122.11246, 37.62153 ], [ -122.11232, 37.62142 ], [ -122.11232, 37.6211 ], [ -122.11028, 37.62048 ], [ -122.11011, 37.62075 ] ], [ [ -122.11305, 37.62134 ], [ -122.11305, 37.62137 ], [ -122.11324, 37.62137 ], [ -122.11305, 37.62134 ] ], [ [ -122.11297, 37.62131 ], [ -122.11297, 37.62134 ], [ -122.11305, 37.62134 ], [ -122.11297, 37.62131 ] ] ], [ [ [ -122.10688, 37.62099 ], [ -122.10666, 37.62115 ], [ -122.10648, 37.62099 ], [ -122.10664, 37.62102 ], [ -122.10666, 37.62091 ], [ -122.1064, 37.62078 ], [ -122.10642, 37.62086 ], [ -122.10602, 37.62078 ], [ -122.10586, 37.62102 ], [ -122.1054, 37.62075 ], [ -122.1058, 37.62088 ], [ -122.10567, 37.62069 ], [ -122.10591, 37.62075 ], [ -122.10564, 37.62053 ], [ -122.10594, 37.62064 ], [ -122.10618, 37.62056 ], [ -122.10688, 37.62086 ], [ -122.10688, 37.62099 ] ], [ [ -122.10626, 37.62078 ], [ -122.10631, 37.62078 ], [ -122.10626, 37.62075 ], [ -122.10626, 37.62078 ] ], [ [ -122.10621, 37.62072 ], [ -122.10621, 37.62075 ], [ -122.10626, 37.62075 ], [ -122.10621, 37.62072 ] ], [ [ -122.10615, 37.62069 ], [ -122.10615, 37.62072 ], [ -122.10621, 37.62072 ], [ -122.10615, 37.62069 ] ], [ [ -122.10613, 37.62067 ], [ -122.10613, 37.62069 ], [ -122.10615, 37.62069 ], [ -122.10613, 37.62067 ] ], [ [ -122.10588, 37.62088 ], [ -122.10583, 37.62091 ], [ -122.10588, 37.62094 ], [ -122.10588, 37.62088 ] ], [ [ -122.10602, 37.62067 ], [ -122.10602, 37.62069 ], [ -122.10604, 37.62067 ], [ -122.10602, 37.62067 ] ], [ [ -122.10599, 37.62075 ], [ -122.10599, 37.62072 ], [ -122.10596, 37.62075 ], [ -122.10599, 37.62075 ] ], [ [ -122.10594, 37.6208 ], [ -122.10596, 37.6208 ], [ -122.10596, 37.62075 ], [ -122.10594, 37.6208 ] ], [ [ -122.10591, 37.62083 ], [ -122.10594, 37.62083 ], [ -122.10594, 37.6208 ], [ -122.10591, 37.62083 ] ], [ [ -122.10588, 37.62086 ], [ -122.10591, 37.62086 ], [ -122.10591, 37.62083 ], [ -122.10588, 37.62086 ] ] ], [ [ [ -122.12437, 37.61951 ], [ -122.12488, 37.61921 ], [ -122.1269, 37.6187 ], [ -122.1272, 37.61873 ], [ -122.12731, 37.61892 ], [ -122.12707, 37.61967 ], [ -122.12663, 37.62234 ], [ -122.12531, 37.6228 ], [ -122.12397, 37.62258 ], [ -122.12343, 37.62191 ], [ -122.12332, 37.62134 ], [ -122.12367, 37.62037 ], [ -122.12437, 37.61951 ] ] ], [ [ [ -122.10998, 37.62272 ], [ -122.10966, 37.62269 ], [ -122.10968, 37.62282 ], [ -122.10955, 37.6228 ], [ -122.10952, 37.62237 ], [ -122.1092, 37.62234 ], [ -122.10914, 37.62277 ], [ -122.10896, 37.62269 ], [ -122.10904, 37.6228 ], [ -122.10887, 37.6228 ], [ -122.10887, 37.62234 ], [ -122.10866, 37.62231 ], [ -122.1085, 37.62237 ], [ -122.10844, 37.62282 ], [ -122.10793, 37.62282 ], [ -122.10834, 37.62277 ], [ -122.10834, 37.62269 ], [ -122.10828, 37.62258 ], [ -122.10823, 37.62272 ], [ -122.10812, 37.62263 ], [ -122.10807, 37.62223 ], [ -122.10793, 37.62223 ], [ -122.10815, 37.62218 ], [ -122.10807, 37.62207 ], [ -122.10761, 37.62199 ], [ -122.10764, 37.62161 ], [ -122.10796, 37.62166 ], [ -122.10825, 37.62196 ], [ -122.10869, 37.62188 ], [ -122.10879, 37.62121 ], [ -122.10914, 37.62121 ], [ -122.10931, 37.62126 ], [ -122.10933, 37.62185 ], [ -122.10968, 37.62188 ], [ -122.1096, 37.62123 ], [ -122.11025, 37.62123 ], [ -122.10995, 37.62161 ], [ -122.11003, 37.62201 ], [ -122.11036, 37.62218 ], [ -122.11001, 37.62231 ], [ -122.10998, 37.62272 ] ] ], [ [ [ -122.12286, 37.62223 ], [ -122.12289, 37.62185 ], [ -122.1231, 37.62175 ], [ -122.12362, 37.62245 ], [ -122.12372, 37.62269 ], [ -122.12335, 37.62272 ], [ -122.12324, 37.62255 ], [ -122.123, 37.62255 ], [ -122.123, 37.62245 ], [ -122.12318, 37.62239 ], [ -122.12286, 37.62223 ] ] ], [ [ [ -122.13116, 37.62328 ], [ -122.13132, 37.62315 ], [ -122.13113, 37.62315 ], [ -122.13113, 37.62282 ], [ -122.13248, 37.62288 ], [ -122.13178, 37.62334 ], [ -122.13116, 37.62328 ] ], [ [ -122.13227, 37.6229 ], [ -122.13219, 37.62299 ], [ -122.13227, 37.62296 ], [ -122.13227, 37.6229 ] ], [ [ -122.13216, 37.62299 ], [ -122.13216, 37.62301 ], [ -122.13219, 37.62301 ], [ -122.13219, 37.62299 ], [ -122.13216, 37.62299 ] ], [ [ -122.13213, 37.62304 ], [ -122.13216, 37.62304 ], [ -122.13216, 37.62301 ], [ -122.13213, 37.62304 ] ] ], [ [ [ -122.13184, 37.63023 ], [ -122.13111, 37.63083 ], [ -122.13097, 37.63061 ], [ -122.13087, 37.63067 ], [ -122.13011, 37.62953 ], [ -122.13022, 37.62932 ], [ -122.13003, 37.62924 ], [ -122.12995, 37.62902 ], [ -122.12973, 37.6273 ], [ -122.12954, 37.62724 ], [ -122.12976, 37.62703 ], [ -122.1307, 37.627 ], [ -122.1307, 37.62625 ], [ -122.13105, 37.62522 ], [ -122.13122, 37.62525 ], [ -122.13111, 37.62517 ], [ -122.13566, 37.62363 ], [ -122.13768, 37.62358 ], [ -122.13857, 37.62377 ], [ -122.13865, 37.6239 ], [ -122.13798, 37.62371 ], [ -122.1359, 37.62369 ], [ -122.13138, 37.6252 ], [ -122.13105, 37.62951 ], [ -122.1317, 37.62991 ], [ -122.13184, 37.63023 ] ], [ [ -122.13025, 37.62921 ], [ -122.13025, 37.62918 ], [ -122.13022, 37.62921 ], [ -122.13025, 37.62921 ] ], [ [ -122.1303, 37.6291 ], [ -122.13027, 37.62894 ], [ -122.13022, 37.62905 ], [ -122.1303, 37.6291 ] ], [ [ -122.13089, 37.62611 ], [ -122.13089, 37.62608 ], [ -122.13087, 37.62611 ], [ -122.13089, 37.62611 ] ], [ [ -122.13111, 37.6253 ], [ -122.13111, 37.62528 ], [ -122.13108, 37.6253 ], [ -122.13111, 37.6253 ] ], [ [ -122.13127, 37.62525 ], [ -122.13127, 37.62522 ], [ -122.13124, 37.62525 ], [ -122.13127, 37.62525 ] ], [ [ -122.13132, 37.62522 ], [ -122.13132, 37.6252 ], [ -122.1313, 37.62522 ], [ -122.13132, 37.62522 ] ] ], [ [ [ -122.1389, 37.62447 ], [ -122.13887, 37.6274 ], [ -122.13442, 37.62568 ], [ -122.13448, 37.63191 ], [ -122.13467, 37.63212 ], [ -122.13456, 37.63223 ], [ -122.1341, 37.63185 ], [ -122.1334, 37.63166 ], [ -122.13326, 37.63145 ], [ -122.13219, 37.63129 ], [ -122.13178, 37.63099 ], [ -122.13151, 37.63099 ], [ -122.1313, 37.63118 ], [ -122.13122, 37.63115 ], [ -122.13334, 37.6294 ], [ -122.1337, 37.62918 ], [ -122.13429, 37.62918 ], [ -122.13383, 37.62908 ], [ -122.13224, 37.63013 ], [ -122.13227, 37.62997 ], [ -122.13308, 37.62937 ], [ -122.13221, 37.62997 ], [ -122.13184, 37.62994 ], [ -122.13116, 37.62953 ], [ -122.13154, 37.6252 ], [ -122.13582, 37.62377 ], [ -122.13782, 37.62377 ], [ -122.13873, 37.62398 ], [ -122.1389, 37.62447 ] ], [ [ -122.1331, 37.62935 ], [ -122.13308, 37.62935 ], [ -122.13308, 37.62937 ], [ -122.1331, 37.62935 ] ], [ [ -122.13313, 37.62935 ], [ -122.13316, 37.62935 ], [ -122.13313, 37.62932 ], [ -122.13313, 37.62935 ] ], [ [ -122.13267, 37.63083 ], [ -122.1327, 37.63083 ], [ -122.13267, 37.63077 ], [ -122.13267, 37.63083 ] ], [ [ -122.13434, 37.62902 ], [ -122.13429, 37.62899 ], [ -122.13426, 37.62902 ], [ -122.13434, 37.62902 ] ], [ [ -122.13184, 37.63096 ], [ -122.13184, 37.63094 ], [ -122.13181, 37.63096 ], [ -122.13184, 37.63096 ] ], [ [ -122.13173, 37.63085 ], [ -122.13175, 37.63094 ], [ -122.13178, 37.63085 ], [ -122.13173, 37.63085 ] ], [ [ -122.13423, 37.62899 ], [ -122.13423, 37.62897 ], [ -122.13421, 37.62899 ], [ -122.13423, 37.62899 ] ], [ [ -122.13348, 37.6291 ], [ -122.13386, 37.62889 ], [ -122.13421, 37.62891 ], [ -122.13405, 37.62881 ], [ -122.1338, 37.62883 ], [ -122.13348, 37.6291 ] ], [ [ -122.13343, 37.6291 ], [ -122.13329, 37.62918 ], [ -122.13321, 37.62929 ], [ -122.13343, 37.62918 ], [ -122.13343, 37.6291 ] ], [ [ -122.13318, 37.62932 ], [ -122.13321, 37.62932 ], [ -122.13321, 37.62929 ], [ -122.13318, 37.62932 ] ] ], [ [ [ -122.13871, 37.6308 ], [ -122.13836, 37.63053 ], [ -122.13661, 37.62994 ], [ -122.13483, 37.62916 ], [ -122.13504, 37.62886 ], [ -122.13491, 37.62838 ], [ -122.13493, 37.62765 ], [ -122.13833, 37.62899 ], [ -122.13469, 37.62743 ], [ -122.13458, 37.6273 ], [ -122.13458, 37.62579 ], [ -122.13909, 37.62765 ], [ -122.14213, 37.62765 ], [ -122.14221, 37.62921 ], [ -122.14127, 37.62926 ], [ -122.14259, 37.62935 ], [ -122.14275, 37.63007 ], [ -122.14267, 37.63083 ], [ -122.13871, 37.6308 ] ], [ [ -122.13836, 37.62902 ], [ -122.13838, 37.62902 ], [ -122.13836, 37.62899 ], [ -122.13836, 37.62902 ] ], [ [ -122.14103, 37.62932 ], [ -122.14105, 37.62932 ], [ -122.14103, 37.62929 ], [ -122.14103, 37.62932 ] ], [ [ -122.14108, 37.62932 ], [ -122.14121, 37.62932 ], [ -122.14116, 37.62924 ], [ -122.14108, 37.62932 ] ], [ [ -122.13922, 37.62935 ], [ -122.13882, 37.62916 ], [ -122.13873, 37.62918 ], [ -122.13906, 37.62935 ], [ -122.13922, 37.62935 ] ], [ [ -122.13849, 37.62908 ], [ -122.13865, 37.62918 ], [ -122.13868, 37.6291 ], [ -122.13849, 37.62908 ] ], [ [ -122.14086, 37.62929 ], [ -122.14057, 37.62924 ], [ -122.1403, 37.62932 ], [ -122.14073, 37.62935 ], [ -122.14086, 37.62929 ] ], [ [ -122.13927, 37.62929 ], [ -122.1393, 37.62935 ], [ -122.14027, 37.62929 ], [ -122.13927, 37.62929 ] ] ], [ [ [ -122.13741, 37.63053 ], [ -122.13469, 37.62937 ], [ -122.13458, 37.62921 ], [ -122.13787, 37.63048 ], [ -122.1375, 37.6312 ], [ -122.13674, 37.63188 ], [ -122.13628, 37.63201 ], [ -122.13585, 37.63196 ], [ -122.13507, 37.63207 ], [ -122.13467, 37.63191 ], [ -122.13456, 37.62943 ], [ -122.13741, 37.63053 ] ] ], [ [ [ -122.13766, 37.63371 ], [ -122.13733, 37.63368 ], [ -122.13728, 37.63379 ], [ -122.1372, 37.63368 ], [ -122.13706, 37.63374 ], [ -122.13706, 37.63355 ], [ -122.13693, 37.6336 ], [ -122.13701, 37.63328 ], [ -122.1369, 37.63306 ], [ -122.13671, 37.63315 ], [ -122.13693, 37.63341 ], [ -122.13688, 37.63352 ], [ -122.13679, 37.63347 ], [ -122.13655, 37.63288 ], [ -122.13634, 37.63277 ], [ -122.13609, 37.63234 ], [ -122.13631, 37.63234 ], [ -122.13615, 37.63215 ], [ -122.13682, 37.63196 ], [ -122.13723, 37.63161 ], [ -122.13739, 37.63166 ], [ -122.13763, 37.63137 ], [ -122.13758, 37.63123 ], [ -122.13776, 37.63104 ], [ -122.14175, 37.63112 ], [ -122.1417, 37.6322 ], [ -122.13766, 37.63371 ] ], [ [ -122.13766, 37.6312 ], [ -122.13768, 37.63123 ], [ -122.13768, 37.6312 ], [ -122.13766, 37.6312 ] ], [ [ -122.13731, 37.63279 ], [ -122.13728, 37.63277 ], [ -122.13728, 37.63279 ], [ -122.13731, 37.63279 ] ], [ [ -122.1369, 37.63217 ], [ -122.13688, 37.63215 ], [ -122.13688, 37.63217 ], [ -122.1369, 37.63217 ] ], [ [ -122.13744, 37.6336 ], [ -122.13741, 37.63358 ], [ -122.13741, 37.6336 ], [ -122.13744, 37.6336 ] ], [ [ -122.13771, 37.63344 ], [ -122.13768, 37.63341 ], [ -122.13768, 37.63344 ], [ -122.13771, 37.63344 ] ], [ [ -122.13766, 37.63131 ], [ -122.13763, 37.63129 ], [ -122.13763, 37.63131 ], [ -122.13766, 37.63131 ] ], [ [ -122.13658, 37.63271 ], [ -122.13655, 37.63269 ], [ -122.13655, 37.63271 ], [ -122.13658, 37.63271 ] ], [ [ -122.13674, 37.63304 ], [ -122.13669, 37.63301 ], [ -122.13669, 37.63304 ], [ -122.13674, 37.63304 ] ], [ [ -122.13728, 37.63271 ], [ -122.13725, 37.63274 ], [ -122.13728, 37.63274 ], [ -122.13728, 37.63271 ] ], [ [ -122.13725, 37.63271 ], [ -122.13723, 37.63269 ], [ -122.13723, 37.63271 ], [ -122.13725, 37.63271 ] ], [ [ -122.13669, 37.63282 ], [ -122.13666, 37.63285 ], [ -122.13669, 37.63285 ], [ -122.13669, 37.63282 ] ], [ [ -122.13666, 37.63282 ], [ -122.13663, 37.63277 ], [ -122.13663, 37.63282 ], [ -122.13666, 37.63282 ] ], [ [ -122.1365, 37.63261 ], [ -122.13655, 37.63266 ], [ -122.13655, 37.63263 ], [ -122.1365, 37.63261 ] ], [ [ -122.13755, 37.63363 ], [ -122.1375, 37.63358 ], [ -122.1375, 37.63363 ], [ -122.13755, 37.63363 ] ], [ [ -122.13882, 37.6322 ], [ -122.13879, 37.63204 ], [ -122.13879, 37.6322 ], [ -122.13882, 37.6322 ] ], [ [ -122.13701, 37.63231 ], [ -122.13698, 37.63236 ], [ -122.13701, 37.63236 ], [ -122.13701, 37.63231 ] ], [ [ -122.13698, 37.63231 ], [ -122.13693, 37.63223 ], [ -122.13696, 37.63231 ], [ -122.13698, 37.63231 ] ], [ [ -122.1369, 37.6322 ], [ -122.1369, 37.63223 ], [ -122.13693, 37.63223 ], [ -122.1369, 37.6322 ] ], [ [ -122.1372, 37.63261 ], [ -122.13717, 37.63266 ], [ -122.1372, 37.63266 ], [ -122.1372, 37.63261 ] ], [ [ -122.13714, 37.63261 ], [ -122.13712, 37.6325 ], [ -122.13709, 37.6325 ], [ -122.13714, 37.63261 ] ], [ [ -122.13639, 37.63255 ], [ -122.13639, 37.6325 ], [ -122.13631, 37.63236 ], [ -122.13639, 37.63255 ] ] ], [ [ [ -122.13208, 37.63374 ], [ -122.13208, 37.63336 ], [ -122.13329, 37.63336 ], [ -122.13332, 37.63368 ], [ -122.13208, 37.63374 ] ] ], [ [ [ -122.13766, 37.63428 ], [ -122.13822, 37.63535 ], [ -122.13841, 37.63549 ], [ -122.13709, 37.63603 ], [ -122.13674, 37.63597 ], [ -122.13639, 37.63535 ], [ -122.13776, 37.63476 ], [ -122.13739, 37.63403 ], [ -122.13766, 37.63428 ] ], [ [ -122.13811, 37.63552 ], [ -122.13817, 37.63552 ], [ -122.13811, 37.63546 ], [ -122.13811, 37.63552 ] ], [ [ -122.13809, 37.6353 ], [ -122.13809, 37.63527 ], [ -122.13806, 37.6353 ], [ -122.13809, 37.6353 ] ], [ [ -122.13803, 37.63527 ], [ -122.13806, 37.63527 ], [ -122.13801, 37.63522 ], [ -122.13803, 37.63527 ] ], [ [ -122.13793, 37.63514 ], [ -122.13787, 37.63519 ], [ -122.13801, 37.63522 ], [ -122.13793, 37.63514 ] ] ], [ [ [ -122.14159, 37.66265 ], [ -122.14073, 37.66177 ], [ -122.14092, 37.66174 ], [ -122.14173, 37.66225 ], [ -122.14197, 37.66271 ], [ -122.14159, 37.66265 ] ], [ [ -122.14092, 37.66182 ], [ -122.14092, 37.66179 ], [ -122.14089, 37.66182 ], [ -122.14092, 37.66182 ] ], [ [ -122.14086, 37.66179 ], [ -122.14089, 37.66179 ], [ -122.14086, 37.66177 ], [ -122.14086, 37.66179 ] ] ], [ [ [ -122.074, 37.50683 ], [ -122.07179, 37.50683 ], [ -122.07179, 37.50796 ], [ -122.07053, 37.50786 ], [ -122.06931, 37.50791 ], [ -122.06718, 37.50735 ], [ -122.06567, 37.50664 ], [ -122.0632, 37.50592 ], [ -122.0615, 37.50465 ], [ -122.06082, 37.50478 ], [ -122.06047, 37.50511 ], [ -122.05829, 37.50586 ], [ -122.05805, 37.5057 ], [ -122.05767, 37.50567 ], [ -122.05746, 37.50578 ], [ -122.05727, 37.50613 ], [ -122.0556, 37.50673 ], [ -122.05597, 37.50573 ], [ -122.05616, 37.50557 ], [ -122.05611, 37.50538 ], [ -122.05754, 37.50185 ], [ -122.05775, 37.50144 ], [ -122.05813, 37.50117 ], [ -122.05813, 37.50074 ], [ -122.05856, 37.50063 ], [ -122.06093, 37.50131 ], [ -122.06268, 37.50169 ], [ -122.07783, 37.50573 ], [ -122.07624, 37.50573 ], [ -122.07624, 37.50683 ], [ -122.07565, 37.50683 ], [ -122.074, 37.50654 ], [ -122.074, 37.50683 ] ], [ [ -122.07395, 37.50651 ], [ -122.07389, 37.50648 ], [ -122.07395, 37.50654 ], [ -122.07395, 37.50651 ] ], [ [ -122.07381, 37.50648 ], [ -122.07373, 37.50646 ], [ -122.07381, 37.50651 ], [ -122.07381, 37.50648 ] ], [ [ -122.07365, 37.50646 ], [ -122.07357, 37.50643 ], [ -122.07365, 37.50648 ], [ -122.07365, 37.50646 ] ], [ [ -122.07341, 37.50646 ], [ -122.07352, 37.50646 ], [ -122.07341, 37.5064 ], [ -122.07341, 37.50646 ] ], [ [ -122.07325, 37.50643 ], [ -122.07336, 37.50643 ], [ -122.07325, 37.50637 ], [ -122.07325, 37.50643 ] ], [ [ -122.07311, 37.5064 ], [ -122.07319, 37.5064 ], [ -122.07311, 37.50635 ], [ -122.07311, 37.5064 ] ], [ [ -122.07295, 37.50637 ], [ -122.07306, 37.50637 ], [ -122.07298, 37.50632 ], [ -122.07295, 37.50637 ] ], [ [ -122.07282, 37.50635 ], [ -122.0729, 37.50635 ], [ -122.07282, 37.50629 ], [ -122.07282, 37.50635 ] ], [ [ -122.07276, 37.50629 ], [ -122.07268, 37.50627 ], [ -122.07276, 37.50632 ], [ -122.07276, 37.50629 ] ], [ [ -122.07249, 37.50629 ], [ -122.0726, 37.50629 ], [ -122.07252, 37.50624 ], [ -122.07249, 37.50629 ] ], [ [ -122.07236, 37.50627 ], [ -122.07247, 37.50627 ], [ -122.07236, 37.50621 ], [ -122.07236, 37.50627 ] ], [ [ -122.0722, 37.50624 ], [ -122.0723, 37.50624 ], [ -122.0722, 37.50619 ], [ -122.0722, 37.50624 ] ], [ [ -122.07206, 37.50621 ], [ -122.07214, 37.50621 ], [ -122.07206, 37.50616 ], [ -122.07206, 37.50621 ] ], [ [ -122.07193, 37.50619 ], [ -122.07201, 37.50619 ], [ -122.07193, 37.50613 ], [ -122.07193, 37.50619 ] ], [ [ -122.07177, 37.50616 ], [ -122.07185, 37.50616 ], [ -122.07177, 37.50611 ], [ -122.07177, 37.50616 ] ], [ [ -122.07163, 37.50613 ], [ -122.07168, 37.50613 ], [ -122.07163, 37.50608 ], [ -122.07163, 37.50613 ] ], [ [ -122.07155, 37.50605 ], [ -122.07147, 37.50605 ], [ -122.07152, 37.50611 ], [ -122.07155, 37.50605 ] ], [ [ -122.07141, 37.50602 ], [ -122.07131, 37.50602 ], [ -122.07139, 37.50608 ], [ -122.07141, 37.50602 ] ], [ [ -122.07125, 37.506 ], [ -122.07117, 37.506 ], [ -122.07123, 37.50605 ], [ -122.07125, 37.506 ] ], [ [ -122.07101, 37.506 ], [ -122.07109, 37.506 ], [ -122.07101, 37.50597 ], [ -122.07101, 37.506 ] ], [ [ -122.07088, 37.50597 ], [ -122.07096, 37.50597 ], [ -122.07088, 37.50594 ], [ -122.07088, 37.50597 ] ], [ [ -122.07071, 37.50594 ], [ -122.0708, 37.50594 ], [ -122.07071, 37.50592 ], [ -122.07071, 37.50594 ] ], [ [ -122.07058, 37.50592 ], [ -122.07066, 37.50592 ], [ -122.07058, 37.50589 ], [ -122.07058, 37.50592 ] ], [ [ -122.07042, 37.50589 ], [ -122.0705, 37.50589 ], [ -122.07042, 37.50586 ], [ -122.07042, 37.50589 ] ], [ [ -122.07036, 37.50584 ], [ -122.07028, 37.50581 ], [ -122.07036, 37.50586 ], [ -122.07036, 37.50584 ] ], [ [ -122.0702, 37.50581 ], [ -122.07015, 37.50578 ], [ -122.0702, 37.50584 ], [ -122.0702, 37.50581 ] ], [ [ -122.06996, 37.50581 ], [ -122.07004, 37.50581 ], [ -122.06999, 37.50576 ], [ -122.06996, 37.50581 ] ], [ [ -122.06982, 37.50578 ], [ -122.06991, 37.50578 ], [ -122.06982, 37.50573 ], [ -122.06982, 37.50578 ] ], [ [ -122.06966, 37.50576 ], [ -122.06974, 37.50576 ], [ -122.06966, 37.5057 ], [ -122.06966, 37.50576 ] ], [ [ -122.06953, 37.50573 ], [ -122.06961, 37.50573 ], [ -122.06953, 37.50567 ], [ -122.06953, 37.50573 ] ], [ [ -122.06937, 37.5057 ], [ -122.06945, 37.5057 ], [ -122.06937, 37.50565 ], [ -122.06937, 37.5057 ] ], [ [ -122.06923, 37.50567 ], [ -122.06931, 37.50567 ], [ -122.06923, 37.50562 ], [ -122.06923, 37.50567 ] ], [ [ -122.06907, 37.50565 ], [ -122.06915, 37.50565 ], [ -122.06907, 37.50559 ], [ -122.06907, 37.50565 ] ], [ [ -122.06891, 37.50562 ], [ -122.06899, 37.50562 ], [ -122.06891, 37.50557 ], [ -122.06891, 37.50562 ] ], [ [ -122.06877, 37.50559 ], [ -122.06883, 37.50559 ], [ -122.06877, 37.50554 ], [ -122.06877, 37.50559 ] ], [ [ -122.06861, 37.50557 ], [ -122.06869, 37.50557 ], [ -122.06861, 37.50551 ], [ -122.06861, 37.50557 ] ], [ [ -122.06848, 37.50554 ], [ -122.06853, 37.50554 ], [ -122.06848, 37.50549 ], [ -122.06848, 37.50554 ] ], [ [ -122.0684, 37.50546 ], [ -122.06832, 37.50546 ], [ -122.0684, 37.50549 ], [ -122.0684, 37.50546 ] ], [ [ -122.06815, 37.50546 ], [ -122.06823, 37.50546 ], [ -122.06815, 37.50543 ], [ -122.06815, 37.50546 ] ], [ [ -122.06799, 37.50543 ], [ -122.0681, 37.50543 ], [ -122.06799, 37.5054 ], [ -122.06799, 37.50543 ] ], [ [ -122.06786, 37.5054 ], [ -122.06794, 37.5054 ], [ -122.06786, 37.50538 ], [ -122.06786, 37.5054 ] ], [ [ -122.0677, 37.50538 ], [ -122.0678, 37.50538 ], [ -122.0677, 37.50535 ], [ -122.0677, 37.50538 ] ], [ [ -122.06756, 37.50535 ], [ -122.06764, 37.50535 ], [ -122.06756, 37.50532 ], [ -122.06756, 37.50535 ] ], [ [ -122.06743, 37.50532 ], [ -122.06748, 37.50532 ], [ -122.06743, 37.5053 ], [ -122.06743, 37.50532 ] ], [ [ -122.06726, 37.5053 ], [ -122.06735, 37.5053 ], [ -122.06726, 37.50527 ], [ -122.06726, 37.5053 ] ], [ [ -122.06721, 37.50524 ], [ -122.06713, 37.50522 ], [ -122.06721, 37.50527 ], [ -122.06721, 37.50524 ] ], [ [ -122.06705, 37.50522 ], [ -122.067, 37.50519 ], [ -122.06705, 37.50524 ], [ -122.06705, 37.50522 ] ], [ [ -122.06689, 37.50519 ], [ -122.06683, 37.50516 ], [ -122.06689, 37.50522 ], [ -122.06689, 37.50519 ] ], [ [ -122.06667, 37.50519 ], [ -122.06673, 37.50519 ], [ -122.0667, 37.50514 ], [ -122.06667, 37.50519 ] ], [ [ -122.06654, 37.50516 ], [ -122.06659, 37.50516 ], [ -122.06654, 37.50514 ], [ -122.06654, 37.50516 ] ], [ [ -122.06638, 37.50514 ], [ -122.06643, 37.50514 ], [ -122.06638, 37.50508 ], [ -122.06638, 37.50514 ] ], [ [ -122.06621, 37.50511 ], [ -122.06629, 37.50511 ], [ -122.06621, 37.50505 ], [ -122.06621, 37.50511 ] ], [ [ -122.06605, 37.50508 ], [ -122.06613, 37.50508 ], [ -122.06605, 37.50503 ], [ -122.06605, 37.50508 ] ], [ [ -122.06589, 37.50505 ], [ -122.06597, 37.50505 ], [ -122.06589, 37.505 ], [ -122.06589, 37.50505 ] ], [ [ -122.06573, 37.505 ], [ -122.06581, 37.50503 ], [ -122.06573, 37.50497 ], [ -122.06573, 37.505 ] ], [ [ -122.06559, 37.505 ], [ -122.06567, 37.505 ], [ -122.06559, 37.50495 ], [ -122.06559, 37.505 ] ], [ [ -122.06554, 37.50492 ], [ -122.06543, 37.50492 ], [ -122.06551, 37.50497 ], [ -122.06554, 37.50492 ] ], [ [ -122.0653, 37.50492 ], [ -122.06538, 37.50495 ], [ -122.0653, 37.50489 ], [ -122.0653, 37.50492 ] ], [ [ -122.06514, 37.50489 ], [ -122.06524, 37.50489 ], [ -122.06514, 37.50487 ], [ -122.06514, 37.50489 ] ], [ [ -122.065, 37.50487 ], [ -122.06508, 37.50487 ], [ -122.065, 37.50484 ], [ -122.065, 37.50487 ] ], [ [ -122.06484, 37.50484 ], [ -122.06495, 37.50484 ], [ -122.06484, 37.50481 ], [ -122.06484, 37.50484 ] ], [ [ -122.06468, 37.50481 ], [ -122.06479, 37.50481 ], [ -122.06468, 37.50478 ], [ -122.06468, 37.50481 ] ], [ [ -122.06454, 37.50478 ], [ -122.06462, 37.50478 ], [ -122.06454, 37.50476 ], [ -122.06454, 37.50478 ] ], [ [ -122.06441, 37.50476 ], [ -122.06449, 37.50476 ], [ -122.06441, 37.50473 ], [ -122.06441, 37.50476 ] ], [ [ -122.06425, 37.50473 ], [ -122.06433, 37.50473 ], [ -122.06425, 37.5047 ], [ -122.06425, 37.50473 ] ], [ [ -122.06411, 37.5047 ], [ -122.06419, 37.5047 ], [ -122.06411, 37.50468 ], [ -122.06411, 37.5047 ] ], [ [ -122.06395, 37.50468 ], [ -122.06406, 37.50468 ], [ -122.06395, 37.50465 ], [ -122.06395, 37.50468 ] ], [ [ -122.06382, 37.50465 ], [ -122.0639, 37.50465 ], [ -122.06382, 37.5046 ], [ -122.06382, 37.50465 ] ], [ [ -122.06376, 37.5046 ], [ -122.06368, 37.50457 ], [ -122.06376, 37.50462 ], [ -122.06376, 37.5046 ] ], [ [ -122.0636, 37.50457 ], [ -122.06352, 37.50454 ], [ -122.0636, 37.5046 ], [ -122.0636, 37.50457 ] ], [ [ -122.06336, 37.50457 ], [ -122.06344, 37.50457 ], [ -122.06336, 37.50452 ], [ -122.06336, 37.50457 ] ], [ [ -122.06322, 37.50454 ], [ -122.0633, 37.50454 ], [ -122.06322, 37.50449 ], [ -122.06322, 37.50454 ] ], [ [ -122.06306, 37.50452 ], [ -122.06314, 37.50452 ], [ -122.06306, 37.50446 ], [ -122.06306, 37.50452 ] ], [ [ -122.06293, 37.50449 ], [ -122.06301, 37.50449 ], [ -122.06293, 37.50443 ], [ -122.06293, 37.50449 ] ], [ [ -122.06276, 37.50446 ], [ -122.06285, 37.50446 ], [ -122.06276, 37.50441 ], [ -122.06276, 37.50446 ] ], [ [ -122.06263, 37.50443 ], [ -122.06271, 37.50443 ], [ -122.06263, 37.50438 ], [ -122.06263, 37.50443 ] ], [ [ -122.06255, 37.50435 ], [ -122.06247, 37.50435 ], [ -122.06252, 37.50441 ], [ -122.06255, 37.50435 ] ], [ [ -122.06231, 37.50435 ], [ -122.06239, 37.50438 ], [ -122.06231, 37.50433 ], [ -122.06231, 37.50435 ] ], [ [ -122.06217, 37.50435 ], [ -122.06223, 37.50435 ], [ -122.06217, 37.5043 ], [ -122.06217, 37.50435 ] ], [ [ -122.06209, 37.50427 ], [ -122.06201, 37.50427 ], [ -122.06209, 37.5043 ], [ -122.06209, 37.50427 ] ], [ [ -122.06182, 37.50427 ], [ -122.06193, 37.50427 ], [ -122.06182, 37.50425 ], [ -122.06182, 37.50427 ] ], [ [ -122.06161, 37.50425 ], [ -122.06169, 37.50425 ], [ -122.06161, 37.50422 ], [ -122.06161, 37.50425 ] ], [ [ -122.06136, 37.50425 ], [ -122.06155, 37.50425 ], [ -122.06136, 37.50422 ], [ -122.06136, 37.50425 ] ], [ [ -122.06072, 37.50422 ], [ -122.06104, 37.50422 ], [ -122.06104, 37.50419 ], [ -122.0608, 37.50416 ], [ -122.06072, 37.50422 ] ], [ [ -122.06007, 37.50419 ], [ -122.06037, 37.50419 ], [ -122.06007, 37.50414 ], [ -122.06007, 37.50419 ] ], [ [ -122.05972, 37.50414 ], [ -122.05934, 37.50411 ], [ -122.05972, 37.50416 ], [ -122.05972, 37.50414 ] ], [ [ -122.05907, 37.50408 ], [ -122.05867, 37.50408 ], [ -122.05896, 37.50414 ], [ -122.05907, 37.50408 ] ], [ [ -122.05805, 37.50408 ], [ -122.05845, 37.50408 ], [ -122.05805, 37.50406 ], [ -122.05805, 37.50408 ] ], [ [ -122.05743, 37.50406 ], [ -122.05783, 37.50406 ], [ -122.05743, 37.50403 ], [ -122.05743, 37.50406 ] ], [ [ -122.05721, 37.504 ], [ -122.05694, 37.50398 ], [ -122.05721, 37.50403 ], [ -122.05721, 37.504 ] ] ], [ [ [ -122.07993, 37.50573 ], [ -122.08052, 37.50562 ], [ -122.08182, 37.50532 ], [ -122.08182, 37.50573 ], [ -122.07993, 37.50573 ] ] ], [ [ [ -122.0591, 37.51381 ], [ -122.05907, 37.51424 ], [ -122.05775, 37.51419 ], [ -122.05764, 37.51427 ], [ -122.05705, 37.51422 ], [ -122.05686, 37.51406 ], [ -122.05665, 37.51414 ], [ -122.05616, 37.51408 ], [ -122.05554, 37.51171 ], [ -122.05527, 37.50934 ], [ -122.05576, 37.50802 ], [ -122.05605, 37.50759 ], [ -122.05713, 37.50697 ], [ -122.05794, 37.50678 ], [ -122.05807, 37.50656 ], [ -122.05872, 37.50664 ], [ -122.05931, 37.50702 ], [ -122.05972, 37.50699 ], [ -122.05993, 37.50748 ], [ -122.06055, 37.50753 ], [ -122.06061, 37.50786 ], [ -122.06093, 37.50821 ], [ -122.0608, 37.5088 ], [ -122.06101, 37.50885 ], [ -122.06123, 37.50864 ], [ -122.06139, 37.50872 ], [ -122.06134, 37.50885 ], [ -122.06085, 37.50902 ], [ -122.06074, 37.50937 ], [ -122.06107, 37.50926 ], [ -122.06125, 37.50891 ], [ -122.06139, 37.50894 ], [ -122.06128, 37.50912 ], [ -122.06144, 37.5091 ], [ -122.06152, 37.50923 ], [ -122.06155, 37.50896 ], [ -122.06182, 37.50904 ], [ -122.06187, 37.50923 ], [ -122.0622, 37.50934 ], [ -122.06223, 37.50961 ], [ -122.06263, 37.51001 ], [ -122.06244, 37.51026 ], [ -122.06298, 37.51047 ], [ -122.06328, 37.5109 ], [ -122.06333, 37.51125 ], [ -122.06285, 37.51131 ], [ -122.06285, 37.51238 ], [ -122.06128, 37.51225 ], [ -122.06066, 37.51185 ], [ -122.0598, 37.51171 ], [ -122.05902, 37.51217 ], [ -122.05896, 37.5126 ], [ -122.05883, 37.51241 ], [ -122.05851, 37.51249 ], [ -122.05818, 37.51287 ], [ -122.05764, 37.51306 ], [ -122.05735, 37.51311 ], [ -122.05692, 37.513 ], [ -122.05697, 37.51338 ], [ -122.05883, 37.51368 ], [ -122.0591, 37.51381 ] ] ], [ [ [ -122.07891, 37.51742 ], [ -122.07912, 37.51737 ], [ -122.07918, 37.51748 ], [ -122.07931, 37.51732 ], [ -122.07958, 37.51745 ], [ -122.07985, 37.51737 ], [ -122.08066, 37.51745 ], [ -122.08074, 37.51772 ], [ -122.0788, 37.51807 ], [ -122.07872, 37.51769 ], [ -122.07885, 37.51759 ], [ -122.07888, 37.51772 ], [ -122.07899, 37.51769 ], [ -122.07891, 37.51742 ] ], [ [ -122.07955, 37.51748 ], [ -122.07958, 37.51748 ], [ -122.07958, 37.51745 ], [ -122.07955, 37.51748 ] ], [ [ -122.08031, 37.5175 ], [ -122.08028, 37.5175 ], [ -122.08031, 37.51753 ], [ -122.08031, 37.5175 ] ], [ [ -122.07988, 37.51786 ], [ -122.0799, 37.51786 ], [ -122.07988, 37.51783 ], [ -122.07988, 37.51786 ] ], [ [ -122.07985, 37.5178 ], [ -122.07985, 37.51783 ], [ -122.07988, 37.51783 ], [ -122.07985, 37.5178 ] ], [ [ -122.0791, 37.51745 ], [ -122.07912, 37.51745 ], [ -122.0791, 37.51742 ], [ -122.0791, 37.51745 ] ], [ [ -122.07972, 37.51745 ], [ -122.07969, 37.51745 ], [ -122.07972, 37.51748 ], [ -122.07972, 37.51745 ] ], [ [ -122.07985, 37.51742 ], [ -122.07985, 37.5174 ], [ -122.07982, 37.51742 ], [ -122.07985, 37.51742 ] ], [ [ -122.07977, 37.51745 ], [ -122.07982, 37.51745 ], [ -122.07982, 37.51742 ], [ -122.07977, 37.51745 ] ], [ [ -122.08034, 37.51772 ], [ -122.08036, 37.51772 ], [ -122.08034, 37.51769 ], [ -122.08034, 37.51772 ] ], [ [ -122.07974, 37.51767 ], [ -122.07977, 37.51767 ], [ -122.07974, 37.51764 ], [ -122.07974, 37.51767 ] ], [ [ -122.08042, 37.51767 ], [ -122.08044, 37.51767 ], [ -122.08042, 37.51764 ], [ -122.08042, 37.51767 ] ], [ [ -122.08031, 37.51777 ], [ -122.08034, 37.51777 ], [ -122.08031, 37.51775 ], [ -122.08031, 37.51777 ] ], [ [ -122.07988, 37.51756 ], [ -122.0799, 37.51756 ], [ -122.07988, 37.51753 ], [ -122.07988, 37.51756 ] ], [ [ -122.07977, 37.51786 ], [ -122.0798, 37.51786 ], [ -122.07977, 37.51783 ], [ -122.07977, 37.51786 ] ], [ [ -122.07885, 37.51794 ], [ -122.07888, 37.51794 ], [ -122.07885, 37.51791 ], [ -122.07885, 37.51794 ] ], [ [ -122.07963, 37.51759 ], [ -122.07969, 37.51759 ], [ -122.07963, 37.51756 ], [ -122.07963, 37.51759 ] ], [ [ -122.08036, 37.51759 ], [ -122.08042, 37.51759 ], [ -122.08036, 37.51756 ], [ -122.08036, 37.51759 ] ], [ [ -122.07899, 37.51748 ], [ -122.07904, 37.51748 ], [ -122.07899, 37.51745 ], [ -122.07899, 37.51748 ] ], [ [ -122.0791, 37.51748 ], [ -122.07907, 37.51748 ], [ -122.0791, 37.5175 ], [ -122.0791, 37.51748 ] ], [ [ -122.07907, 37.51753 ], [ -122.07907, 37.5175 ], [ -122.07904, 37.51753 ], [ -122.07907, 37.51753 ] ], [ [ -122.08004, 37.5175 ], [ -122.08009, 37.5175 ], [ -122.08004, 37.51748 ], [ -122.08004, 37.5175 ] ], [ [ -122.07885, 37.51783 ], [ -122.07888, 37.51783 ], [ -122.07885, 37.51777 ], [ -122.07885, 37.51783 ] ], [ [ -122.08007, 37.51764 ], [ -122.08012, 37.51764 ], [ -122.08007, 37.51761 ], [ -122.08007, 37.51764 ] ], [ [ -122.08001, 37.51759 ], [ -122.08007, 37.51759 ], [ -122.08004, 37.51753 ], [ -122.08001, 37.51759 ] ], [ [ -122.07958, 37.51753 ], [ -122.07969, 37.51753 ], [ -122.07958, 37.5175 ], [ -122.07958, 37.51753 ] ], [ [ -122.07958, 37.51767 ], [ -122.07958, 37.51764 ], [ -122.0795, 37.51767 ], [ -122.07958, 37.51767 ] ], [ [ -122.07942, 37.51761 ], [ -122.0795, 37.51764 ], [ -122.07942, 37.51759 ], [ -122.07942, 37.51761 ] ], [ [ -122.08028, 37.51767 ], [ -122.0802, 37.51767 ], [ -122.08028, 37.51775 ], [ -122.08028, 37.51767 ] ], [ [ -122.0798, 37.51769 ], [ -122.07985, 37.51777 ], [ -122.08004, 37.51775 ], [ -122.07988, 37.51775 ], [ -122.0799, 37.51767 ], [ -122.0798, 37.51769 ] ], [ [ -122.07974, 37.51788 ], [ -122.07974, 37.51786 ], [ -122.07972, 37.51788 ], [ -122.07974, 37.51788 ] ], [ [ -122.07958, 37.51777 ], [ -122.07963, 37.51788 ], [ -122.07972, 37.51775 ], [ -122.07958, 37.51777 ] ], [ [ -122.07958, 37.51775 ], [ -122.07963, 37.51775 ], [ -122.07958, 37.51772 ], [ -122.07958, 37.51775 ] ] ], [ [ [ -122.07341, 37.51826 ], [ -122.07336, 37.51815 ], [ -122.07349, 37.51815 ], [ -122.07352, 37.51807 ], [ -122.07322, 37.51796 ], [ -122.07325, 37.51775 ], [ -122.07352, 37.5178 ], [ -122.07365, 37.51767 ], [ -122.07408, 37.5178 ], [ -122.07416, 37.51772 ], [ -122.07424, 37.51783 ], [ -122.07441, 37.51777 ], [ -122.07435, 37.51802 ], [ -122.07392, 37.51807 ], [ -122.07389, 37.51799 ], [ -122.07341, 37.51826 ] ], [ [ -122.07354, 37.5181 ], [ -122.0736, 37.5181 ], [ -122.07354, 37.51807 ], [ -122.07354, 37.5181 ] ], [ [ -122.07368, 37.51777 ], [ -122.07357, 37.51777 ], [ -122.07368, 37.51783 ], [ -122.07368, 37.51777 ] ], [ [ -122.07346, 37.51804 ], [ -122.07349, 37.51804 ], [ -122.07346, 37.51802 ], [ -122.07346, 37.51804 ] ], [ [ -122.07398, 37.51802 ], [ -122.074, 37.51802 ], [ -122.07398, 37.51799 ], [ -122.07398, 37.51802 ] ], [ [ -122.07349, 37.51799 ], [ -122.07352, 37.51799 ], [ -122.07349, 37.51796 ], [ -122.07349, 37.51799 ] ], [ [ -122.07398, 37.51786 ], [ -122.07403, 37.51786 ], [ -122.07398, 37.51783 ], [ -122.07398, 37.51786 ] ], [ [ -122.07354, 37.51804 ], [ -122.0736, 37.51804 ], [ -122.07354, 37.51802 ], [ -122.07354, 37.51804 ] ], [ [ -122.07387, 37.51788 ], [ -122.07381, 37.51788 ], [ -122.07389, 37.51794 ], [ -122.07387, 37.51788 ] ] ], [ [ [ -122.07233, 37.51842 ], [ -122.07222, 37.51804 ], [ -122.07198, 37.51815 ], [ -122.07198, 37.51845 ], [ -122.07179, 37.51823 ], [ -122.07152, 37.51839 ], [ -122.07163, 37.51815 ], [ -122.07152, 37.51812 ], [ -122.07139, 37.51834 ], [ -122.07128, 37.51829 ], [ -122.0712, 37.51858 ], [ -122.07141, 37.51842 ], [ -122.07155, 37.51853 ], [ -122.07139, 37.51858 ], [ -122.07155, 37.51869 ], [ -122.07101, 37.51874 ], [ -122.0709, 37.51818 ], [ -122.07104, 37.51802 ], [ -122.07093, 37.51807 ], [ -122.07077, 37.51796 ], [ -122.07077, 37.51772 ], [ -122.07101, 37.51777 ], [ -122.07104, 37.51769 ], [ -122.07125, 37.51767 ], [ -122.07155, 37.51804 ], [ -122.07179, 37.51802 ], [ -122.07187, 37.51823 ], [ -122.07187, 37.51802 ], [ -122.07209, 37.51791 ], [ -122.07195, 37.51777 ], [ -122.07252, 37.51764 ], [ -122.07247, 37.51737 ], [ -122.07268, 37.51742 ], [ -122.07263, 37.51775 ], [ -122.07244, 37.51772 ], [ -122.0726, 37.5181 ], [ -122.07255, 37.51834 ], [ -122.07233, 37.51842 ] ], [ [ -122.07123, 37.51823 ], [ -122.07125, 37.51829 ], [ -122.07128, 37.51829 ], [ -122.07123, 37.51823 ] ], [ [ -122.07112, 37.51796 ], [ -122.07104, 37.51796 ], [ -122.07104, 37.51802 ], [ -122.07112, 37.51796 ] ], [ [ -122.07239, 37.51769 ], [ -122.07239, 37.51772 ], [ -122.07244, 37.51772 ], [ -122.07239, 37.51769 ] ], [ [ -122.07241, 37.51783 ], [ -122.07244, 37.51783 ], [ -122.07241, 37.5178 ], [ -122.07241, 37.51783 ] ], [ [ -122.07239, 37.51777 ], [ -122.07239, 37.5178 ], [ -122.07241, 37.5178 ], [ -122.07239, 37.51777 ] ], [ [ -122.07236, 37.51837 ], [ -122.07244, 37.51837 ], [ -122.07236, 37.51834 ], [ -122.07236, 37.51837 ] ], [ [ -122.07166, 37.51823 ], [ -122.07168, 37.51823 ], [ -122.07166, 37.51821 ], [ -122.07166, 37.51823 ] ], [ [ -122.07112, 37.51858 ], [ -122.07117, 37.51858 ], [ -122.07115, 37.51853 ], [ -122.07112, 37.51858 ] ], [ [ -122.07147, 37.5185 ], [ -122.07147, 37.51848 ], [ -122.07144, 37.5185 ], [ -122.07147, 37.5185 ] ], [ [ -122.0715, 37.51802 ], [ -122.0715, 37.51799 ], [ -122.07147, 37.51802 ], [ -122.0715, 37.51802 ] ], [ [ -122.07209, 37.51786 ], [ -122.07209, 37.51788 ], [ -122.07212, 37.51786 ], [ -122.07209, 37.51786 ] ], [ [ -122.0722, 37.51796 ], [ -122.07222, 37.51796 ], [ -122.0722, 37.51794 ], [ -122.0722, 37.51796 ] ], [ [ -122.07244, 37.51796 ], [ -122.07247, 37.51796 ], [ -122.07244, 37.51794 ], [ -122.07244, 37.51796 ] ], [ [ -122.07109, 37.51775 ], [ -122.07112, 37.51775 ], [ -122.07109, 37.51772 ], [ -122.07109, 37.51775 ] ], [ [ -122.07203, 37.5178 ], [ -122.07206, 37.5178 ], [ -122.07203, 37.51777 ], [ -122.07203, 37.5178 ] ], [ [ -122.07236, 37.51804 ], [ -122.07241, 37.51804 ], [ -122.07236, 37.51802 ], [ -122.07236, 37.51804 ] ], [ [ -122.0712, 37.5181 ], [ -122.0712, 37.51804 ], [ -122.07112, 37.5181 ], [ -122.0712, 37.5181 ] ], [ [ -122.07109, 37.51807 ], [ -122.07112, 37.51807 ], [ -122.07109, 37.51804 ], [ -122.07109, 37.51807 ] ] ], [ [ [ -122.06694, 37.51877 ], [ -122.06594, 37.51901 ], [ -122.06584, 37.51893 ], [ -122.0695, 37.51764 ], [ -122.06988, 37.51756 ], [ -122.06999, 37.51767 ], [ -122.06961, 37.51794 ], [ -122.06694, 37.51877 ] ] ], [ [ [ -122.07042, 37.51877 ], [ -122.06942, 37.51899 ], [ -122.06934, 37.51874 ], [ -122.06926, 37.51866 ], [ -122.06931, 37.51904 ], [ -122.0667, 37.51963 ], [ -122.06648, 37.51963 ], [ -122.0664, 37.5192 ], [ -122.06619, 37.51912 ], [ -122.06956, 37.51796 ], [ -122.07001, 37.51791 ], [ -122.07026, 37.51821 ], [ -122.07042, 37.51877 ] ], [ [ -122.06921, 37.51856 ], [ -122.06923, 37.51866 ], [ -122.06923, 37.51856 ], [ -122.06921, 37.51856 ] ] ], [ [ [ -122.0605, 37.52176 ], [ -122.06107, 37.52287 ], [ -122.06058, 37.52349 ], [ -122.06047, 37.52349 ], [ -122.06023, 37.52325 ], [ -122.06031, 37.52311 ], [ -122.06015, 37.52314 ], [ -122.06004, 37.52308 ], [ -122.05972, 37.52276 ], [ -122.05985, 37.52271 ], [ -122.0598, 37.52263 ], [ -122.05996, 37.52263 ], [ -122.05983, 37.52244 ], [ -122.05972, 37.52271 ], [ -122.05942, 37.52265 ], [ -122.05929, 37.52279 ], [ -122.05923, 37.52279 ], [ -122.05918, 37.52265 ], [ -122.05929, 37.52254 ], [ -122.05894, 37.52273 ], [ -122.05872, 37.52271 ], [ -122.05872, 37.52257 ], [ -122.05861, 37.5226 ], [ -122.05853, 37.52273 ], [ -122.05789, 37.52289 ], [ -122.05802, 37.52311 ], [ -122.05772, 37.52314 ], [ -122.05778, 37.52306 ], [ -122.05762, 37.52303 ], [ -122.05767, 37.52327 ], [ -122.05751, 37.52319 ], [ -122.0574, 37.52298 ], [ -122.05751, 37.523 ], [ -122.05746, 37.52292 ], [ -122.05945, 37.52228 ], [ -122.05948, 37.52249 ], [ -122.05969, 37.52198 ], [ -122.05991, 37.52195 ], [ -122.05988, 37.52182 ], [ -122.0602, 37.52168 ], [ -122.0605, 37.52176 ] ], [ [ -122.06042, 37.52335 ], [ -122.06042, 37.52338 ], [ -122.06045, 37.52335 ], [ -122.06042, 37.52335 ] ], [ [ -122.06023, 37.52311 ], [ -122.06026, 37.52311 ], [ -122.06023, 37.52308 ], [ -122.06023, 37.52311 ] ], [ [ -122.0602, 37.52306 ], [ -122.0602, 37.52308 ], [ -122.06023, 37.52308 ], [ -122.0602, 37.52306 ] ], [ [ -122.06002, 37.523 ], [ -122.06002, 37.52303 ], [ -122.06004, 37.523 ], [ -122.06002, 37.523 ] ], [ [ -122.05996, 37.52287 ], [ -122.06002, 37.52273 ], [ -122.05988, 37.52276 ], [ -122.05996, 37.52287 ] ], [ [ -122.05921, 37.52268 ], [ -122.05921, 37.52271 ], [ -122.05923, 37.52268 ], [ -122.05921, 37.52268 ] ], [ [ -122.05751, 37.52311 ], [ -122.05751, 37.52314 ], [ -122.05754, 37.52311 ], [ -122.05751, 37.52311 ] ], [ [ -122.05878, 37.52265 ], [ -122.05878, 37.52268 ], [ -122.0588, 37.52265 ], [ -122.05878, 37.52265 ] ], [ [ -122.05931, 37.52246 ], [ -122.05931, 37.52249 ], [ -122.05934, 37.52246 ], [ -122.05931, 37.52246 ] ], [ [ -122.05969, 37.52257 ], [ -122.05969, 37.5226 ], [ -122.05972, 37.52257 ], [ -122.05969, 37.52257 ] ], [ [ -122.05789, 37.52284 ], [ -122.05789, 37.52287 ], [ -122.05791, 37.52284 ], [ -122.05789, 37.52284 ] ], [ [ -122.05991, 37.52236 ], [ -122.05991, 37.52238 ], [ -122.05996, 37.52236 ], [ -122.05991, 37.52236 ] ], [ [ -122.06002, 37.52244 ], [ -122.06002, 37.52246 ], [ -122.0601, 37.52244 ], [ -122.06002, 37.52244 ] ], [ [ -122.0577, 37.52295 ], [ -122.0577, 37.52292 ], [ -122.05767, 37.52295 ], [ -122.0577, 37.52295 ] ], [ [ -122.05764, 37.52298 ], [ -122.05767, 37.52298 ], [ -122.05767, 37.52295 ], [ -122.05764, 37.52298 ] ], [ [ -122.05762, 37.523 ], [ -122.05764, 37.523 ], [ -122.05764, 37.52298 ], [ -122.05762, 37.523 ] ], [ [ -122.06018, 37.52295 ], [ -122.0601, 37.52289 ], [ -122.06012, 37.52295 ], [ -122.06018, 37.52295 ] ], [ [ -122.06028, 37.5226 ], [ -122.06028, 37.52263 ], [ -122.06039, 37.5226 ], [ -122.06028, 37.5226 ] ], [ [ -122.05956, 37.52257 ], [ -122.05953, 37.52252 ], [ -122.0594, 37.5226 ], [ -122.05956, 37.52257 ] ] ], [ [ [ -122.06387, 37.52748 ], [ -122.06357, 37.52729 ], [ -122.06268, 37.52562 ], [ -122.06139, 37.52311 ], [ -122.06088, 37.52179 ], [ -122.06915, 37.52039 ], [ -122.07476, 37.51915 ], [ -122.075, 37.51918 ], [ -122.07581, 37.52009 ], [ -122.07893, 37.52236 ], [ -122.07893, 37.52252 ], [ -122.0785, 37.52263 ], [ -122.07823, 37.52225 ], [ -122.07839, 37.52273 ], [ -122.07823, 37.52281 ], [ -122.07371, 37.52475 ], [ -122.0715, 37.52532 ], [ -122.07031, 37.52448 ], [ -122.06988, 37.5244 ], [ -122.06662, 37.52583 ], [ -122.06387, 37.52748 ] ], [ [ -122.07821, 37.52222 ], [ -122.07821, 37.52225 ], [ -122.07823, 37.52225 ], [ -122.07821, 37.52222 ] ] ], [ [ [ -122.08864, 37.52613 ], [ -122.09006, 37.52758 ], [ -122.09066, 37.52909 ], [ -122.09044, 37.52998 ], [ -122.09001, 37.53023 ], [ -122.08891, 37.53031 ], [ -122.08842, 37.5302 ], [ -122.08586, 37.53009 ], [ -122.08311, 37.52925 ], [ -122.07893, 37.52939 ], [ -122.07845, 37.52961 ], [ -122.07737, 37.53074 ], [ -122.07691, 37.5313 ], [ -122.07678, 37.53182 ], [ -122.07632, 37.53184 ], [ -122.07602, 37.53146 ], [ -122.07562, 37.53033 ], [ -122.07476, 37.52952 ], [ -122.07222, 37.52866 ], [ -122.07144, 37.52818 ], [ -122.07133, 37.52788 ], [ -122.0716, 37.5264 ], [ -122.07265, 37.52597 ], [ -122.07265, 37.52567 ], [ -122.07249, 37.52554 ], [ -122.07168, 37.52567 ], [ -122.07152, 37.52543 ], [ -122.07174, 37.52527 ], [ -122.07373, 37.52481 ], [ -122.07901, 37.52257 ], [ -122.08009, 37.52311 ], [ -122.08319, 37.52548 ], [ -122.08335, 37.52548 ], [ -122.08335, 37.52537 ], [ -122.07608, 37.52015 ], [ -122.07519, 37.51926 ], [ -122.07516, 37.51907 ], [ -122.08583, 37.51683 ], [ -122.08632, 37.5168 ], [ -122.08651, 37.51705 ], [ -122.08643, 37.51759 ], [ -122.08311, 37.52303 ], [ -122.08303, 37.52462 ], [ -122.08389, 37.52537 ], [ -122.08449, 37.52559 ], [ -122.08721, 37.52599 ], [ -122.08823, 37.52599 ], [ -122.08864, 37.52613 ] ] ], [ [ [ -122.0636, 37.52764 ], [ -122.06357, 37.52796 ], [ -122.06333, 37.5281 ], [ -122.06317, 37.52788 ], [ -122.06325, 37.52815 ], [ -122.06306, 37.5282 ], [ -122.06258, 37.52818 ], [ -122.06231, 37.52802 ], [ -122.06134, 37.52715 ], [ -122.0612, 37.52691 ], [ -122.06144, 37.52683 ], [ -122.06117, 37.52678 ], [ -122.06112, 37.52688 ], [ -122.06031, 37.52651 ], [ -122.05902, 37.52637 ], [ -122.0588, 37.52624 ], [ -122.05856, 37.52572 ], [ -122.05861, 37.52618 ], [ -122.05843, 37.52605 ], [ -122.05805, 37.52602 ], [ -122.05797, 37.52589 ], [ -122.05797, 37.52599 ], [ -122.05778, 37.52605 ], [ -122.05665, 37.52589 ], [ -122.05657, 37.5257 ], [ -122.05673, 37.52546 ], [ -122.05638, 37.52535 ], [ -122.05619, 37.52494 ], [ -122.05789, 37.52438 ], [ -122.05797, 37.52427 ], [ -122.05775, 37.52351 ], [ -122.05789, 37.52365 ], [ -122.05813, 37.52362 ], [ -122.05848, 37.52378 ], [ -122.0584, 37.52424 ], [ -122.05824, 37.5243 ], [ -122.05829, 37.52462 ], [ -122.05821, 37.52457 ], [ -122.05837, 37.52494 ], [ -122.05853, 37.52481 ], [ -122.05834, 37.52448 ], [ -122.05845, 37.52427 ], [ -122.05851, 37.52373 ], [ -122.05789, 37.52354 ], [ -122.05783, 37.52338 ], [ -122.05805, 37.52314 ], [ -122.05883, 37.52281 ], [ -122.05915, 37.52281 ], [ -122.05999, 37.52314 ], [ -122.06069, 37.52376 ], [ -122.06061, 37.52354 ], [ -122.06107, 37.52306 ], [ -122.06123, 37.52306 ], [ -122.06266, 37.52578 ], [ -122.06258, 37.5261 ], [ -122.06271, 37.5261 ], [ -122.06309, 37.52659 ], [ -122.06338, 37.52718 ], [ -122.06333, 37.52737 ], [ -122.06349, 37.52737 ], [ -122.0636, 37.52764 ] ], [ [ -122.0633, 37.52772 ], [ -122.06325, 37.52772 ], [ -122.0633, 37.52785 ], [ -122.0633, 37.52772 ] ], [ [ -122.05754, 37.52599 ], [ -122.05756, 37.52599 ], [ -122.05754, 37.52594 ], [ -122.05754, 37.52599 ] ], [ [ -122.06074, 37.52376 ], [ -122.06072, 37.52376 ], [ -122.06074, 37.52378 ], [ -122.06074, 37.52376 ] ], [ [ -122.06174, 37.52408 ], [ -122.06174, 37.52405 ], [ -122.06171, 37.52408 ], [ -122.06174, 37.52408 ] ], [ [ -122.06214, 37.52486 ], [ -122.06214, 37.52484 ], [ -122.06212, 37.52486 ], [ -122.06214, 37.52486 ] ], [ [ -122.05659, 37.52529 ], [ -122.05662, 37.52529 ], [ -122.05659, 37.52527 ], [ -122.05659, 37.52529 ] ], [ [ -122.06142, 37.52354 ], [ -122.06144, 37.52354 ], [ -122.06142, 37.52351 ], [ -122.06142, 37.52354 ] ], [ [ -122.05791, 37.52564 ], [ -122.05794, 37.52564 ], [ -122.05791, 37.52562 ], [ -122.05791, 37.52564 ] ], [ [ -122.06247, 37.52556 ], [ -122.06249, 37.52556 ], [ -122.06247, 37.52554 ], [ -122.06247, 37.52556 ] ], [ [ -122.0612, 37.52314 ], [ -122.06123, 37.52314 ], [ -122.0612, 37.52311 ], [ -122.0612, 37.52314 ] ], [ [ -122.05883, 37.52597 ], [ -122.05886, 37.52597 ], [ -122.05883, 37.52594 ], [ -122.05883, 37.52597 ] ], [ [ -122.05805, 37.52591 ], [ -122.05807, 37.52591 ], [ -122.05805, 37.52589 ], [ -122.05805, 37.52591 ] ], [ [ -122.06144, 37.52618 ], [ -122.06147, 37.52618 ], [ -122.06144, 37.52616 ], [ -122.06144, 37.52618 ] ], [ [ -122.05681, 37.52559 ], [ -122.05684, 37.52559 ], [ -122.05681, 37.52556 ], [ -122.05681, 37.52559 ] ], [ [ -122.05791, 37.52586 ], [ -122.05794, 37.52586 ], [ -122.05791, 37.52583 ], [ -122.05791, 37.52586 ] ], [ [ -122.06233, 37.52532 ], [ -122.06236, 37.52532 ], [ -122.06233, 37.52529 ], [ -122.06233, 37.52532 ] ], [ [ -122.05721, 37.52492 ], [ -122.05724, 37.52492 ], [ -122.05721, 37.52489 ], [ -122.05721, 37.52492 ] ], [ [ -122.06214, 37.52492 ], [ -122.06217, 37.52492 ], [ -122.06214, 37.52489 ], [ -122.06214, 37.52492 ] ], [ [ -122.05789, 37.52559 ], [ -122.05791, 37.52559 ], [ -122.05789, 37.52554 ], [ -122.05789, 37.52559 ] ], [ [ -122.06177, 37.52705 ], [ -122.06179, 37.52705 ], [ -122.06177, 37.52699 ], [ -122.06177, 37.52705 ] ], [ [ -122.06115, 37.52564 ], [ -122.0612, 37.52564 ], [ -122.06115, 37.52562 ], [ -122.06115, 37.52564 ] ], [ [ -122.06295, 37.52734 ], [ -122.06293, 37.52734 ], [ -122.06295, 37.52737 ], [ -122.06295, 37.52734 ] ], [ [ -122.06293, 37.5274 ], [ -122.06293, 37.52737 ], [ -122.0629, 37.5274 ], [ -122.06293, 37.5274 ] ], [ [ -122.0581, 37.52443 ], [ -122.05813, 37.52443 ], [ -122.0581, 37.52438 ], [ -122.0581, 37.52443 ] ], [ [ -122.06166, 37.52705 ], [ -122.06171, 37.52705 ], [ -122.06166, 37.52702 ], [ -122.06166, 37.52705 ] ], [ [ -122.06077, 37.52548 ], [ -122.06077, 37.52546 ], [ -122.06072, 37.52548 ], [ -122.06077, 37.52548 ] ], [ [ -122.06069, 37.52546 ], [ -122.06072, 37.52546 ], [ -122.06069, 37.52543 ], [ -122.06069, 37.52546 ] ], [ [ -122.06034, 37.52384 ], [ -122.06034, 37.52381 ], [ -122.06031, 37.52384 ], [ -122.06034, 37.52384 ] ], [ [ -122.06026, 37.52381 ], [ -122.06031, 37.52381 ], [ -122.06026, 37.52378 ], [ -122.06026, 37.52381 ] ], [ [ -122.05799, 37.52586 ], [ -122.05805, 37.52586 ], [ -122.05802, 37.52581 ], [ -122.05799, 37.52586 ] ], [ [ -122.057, 37.5251 ], [ -122.05705, 37.5251 ], [ -122.05702, 37.52505 ], [ -122.057, 37.5251 ] ], [ [ -122.05818, 37.52457 ], [ -122.05818, 37.52454 ], [ -122.05813, 37.52457 ], [ -122.05818, 37.52457 ] ], [ [ -122.0581, 37.52454 ], [ -122.05813, 37.52454 ], [ -122.0581, 37.52451 ], [ -122.0581, 37.52454 ] ], [ [ -122.06155, 37.52678 ], [ -122.06155, 37.52675 ], [ -122.0615, 37.52678 ], [ -122.06155, 37.52678 ] ], [ [ -122.06144, 37.52675 ], [ -122.0615, 37.52675 ], [ -122.06144, 37.52672 ], [ -122.06144, 37.52675 ] ], [ [ -122.0567, 37.52572 ], [ -122.05665, 37.52572 ], [ -122.05667, 37.52578 ], [ -122.0567, 37.52572 ] ], [ [ -122.06128, 37.52613 ], [ -122.06136, 37.52613 ], [ -122.06128, 37.52607 ], [ -122.06128, 37.52613 ] ], [ [ -122.06282, 37.52777 ], [ -122.06274, 37.52777 ], [ -122.06282, 37.5278 ], [ -122.06282, 37.52777 ] ], [ [ -122.06109, 37.52562 ], [ -122.06109, 37.52559 ], [ -122.06107, 37.52562 ], [ -122.06109, 37.52562 ] ], [ [ -122.06099, 37.52559 ], [ -122.06107, 37.52559 ], [ -122.06099, 37.52556 ], [ -122.06099, 37.52559 ] ], [ [ -122.06093, 37.52554 ], [ -122.06093, 37.52556 ], [ -122.06099, 37.52556 ], [ -122.06093, 37.52554 ] ], [ [ -122.06185, 37.52632 ], [ -122.06185, 37.52626 ], [ -122.06179, 37.52632 ], [ -122.06185, 37.52632 ] ], [ [ -122.06177, 37.52626 ], [ -122.06179, 37.52626 ], [ -122.06177, 37.52624 ], [ -122.06177, 37.52626 ] ], [ [ -122.06174, 37.52621 ], [ -122.06174, 37.52624 ], [ -122.06177, 37.52624 ], [ -122.06174, 37.52621 ] ], [ [ -122.06328, 37.52745 ], [ -122.0632, 37.52745 ], [ -122.06328, 37.52753 ], [ -122.06328, 37.52745 ] ], [ [ -122.06093, 37.52669 ], [ -122.06107, 37.52675 ], [ -122.06093, 37.52667 ], [ -122.06093, 37.52669 ] ], [ [ -122.06185, 37.52594 ], [ -122.06185, 37.52591 ], [ -122.06163, 37.52594 ], [ -122.06185, 37.52594 ] ], [ [ -122.06155, 37.52591 ], [ -122.06163, 37.52591 ], [ -122.06155, 37.52589 ], [ -122.06155, 37.52591 ] ], [ [ -122.06152, 37.52586 ], [ -122.06152, 37.52589 ], [ -122.06155, 37.52589 ], [ -122.06152, 37.52586 ] ], [ [ -122.06147, 37.52581 ], [ -122.06147, 37.52586 ], [ -122.06152, 37.52586 ], [ -122.06147, 37.52581 ] ], [ [ -122.06136, 37.52572 ], [ -122.06142, 37.52581 ], [ -122.06142, 37.52572 ], [ -122.06136, 37.52572 ] ], [ [ -122.06131, 37.5257 ], [ -122.06131, 37.52572 ], [ -122.06136, 37.52572 ], [ -122.06131, 37.5257 ] ], [ [ -122.06125, 37.52567 ], [ -122.06125, 37.5257 ], [ -122.06131, 37.5257 ], [ -122.06125, 37.52567 ] ], [ [ -122.06066, 37.52543 ], [ -122.06066, 37.5254 ], [ -122.06064, 37.52543 ], [ -122.06066, 37.52543 ] ], [ [ -122.06053, 37.52532 ], [ -122.06058, 37.5254 ], [ -122.06058, 37.52532 ], [ -122.06053, 37.52532 ] ], [ [ -122.06039, 37.52502 ], [ -122.06037, 37.52521 ], [ -122.06053, 37.52529 ], [ -122.06039, 37.52516 ], [ -122.06045, 37.52502 ], [ -122.06039, 37.52502 ] ], [ [ -122.06293, 37.52742 ], [ -122.06285, 37.52775 ], [ -122.06301, 37.52761 ], [ -122.06293, 37.52742 ] ], [ [ -122.05878, 37.52389 ], [ -122.05864, 37.52438 ], [ -122.05875, 37.52419 ], [ -122.05878, 37.52389 ] ], [ [ -122.06179, 37.52715 ], [ -122.0619, 37.52737 ], [ -122.06212, 37.52742 ], [ -122.06179, 37.52715 ] ], [ [ -122.05834, 37.52535 ], [ -122.05861, 37.52551 ], [ -122.05867, 37.52543 ], [ -122.05851, 37.52529 ], [ -122.05834, 37.52535 ] ], [ [ -122.06117, 37.52403 ], [ -122.06117, 37.524 ], [ -122.06109, 37.52403 ], [ -122.06117, 37.52403 ] ], [ [ -122.06109, 37.52397 ], [ -122.06093, 37.52395 ], [ -122.06082, 37.52387 ], [ -122.06096, 37.524 ], [ -122.06109, 37.52397 ] ], [ [ -122.0608, 37.52384 ], [ -122.0608, 37.52387 ], [ -122.06082, 37.52387 ], [ -122.0608, 37.52384 ] ], [ [ -122.06142, 37.52427 ], [ -122.06115, 37.5247 ], [ -122.06123, 37.52475 ], [ -122.06142, 37.52457 ], [ -122.06147, 37.52422 ], [ -122.06134, 37.52405 ], [ -122.06117, 37.52405 ], [ -122.06142, 37.52427 ] ], [ [ -122.06115, 37.52478 ], [ -122.06115, 37.52475 ], [ -122.06112, 37.52478 ], [ -122.06115, 37.52478 ] ], [ [ -122.06187, 37.52591 ], [ -122.06217, 37.52621 ], [ -122.06193, 37.52691 ], [ -122.06228, 37.52616 ], [ -122.06209, 37.52594 ], [ -122.06187, 37.52591 ] ], [ [ -122.0619, 37.52691 ], [ -122.0619, 37.52694 ], [ -122.06193, 37.52694 ], [ -122.06193, 37.52691 ], [ -122.0619, 37.52691 ] ], [ [ -122.05891, 37.52303 ], [ -122.05977, 37.52327 ], [ -122.06026, 37.52376 ], [ -122.05999, 37.52338 ], [ -122.05966, 37.52316 ], [ -122.05902, 37.52298 ], [ -122.05878, 37.52303 ], [ -122.05864, 37.52314 ], [ -122.05891, 37.52303 ] ], [ [ -122.05853, 37.52319 ], [ -122.05864, 37.52316 ], [ -122.05864, 37.52314 ], [ -122.05853, 37.52319 ] ], [ [ -122.05845, 37.52346 ], [ -122.05834, 37.5233 ], [ -122.05845, 37.52319 ], [ -122.05824, 37.52333 ], [ -122.05829, 37.52346 ], [ -122.05845, 37.52346 ] ], [ [ -122.06115, 37.52599 ], [ -122.06115, 37.52597 ], [ -122.06112, 37.52599 ], [ -122.06115, 37.52599 ] ], [ [ -122.06053, 37.52578 ], [ -122.06112, 37.52594 ], [ -122.06023, 37.52551 ], [ -122.05993, 37.5251 ], [ -122.06004, 37.52492 ], [ -122.06055, 37.5247 ], [ -122.06002, 37.52484 ], [ -122.05988, 37.52516 ], [ -122.06007, 37.52546 ], [ -122.06053, 37.52578 ] ], [ [ -122.06064, 37.52467 ], [ -122.06055, 37.52467 ], [ -122.06055, 37.5247 ], [ -122.06064, 37.52467 ] ], [ [ -122.0608, 37.52462 ], [ -122.06064, 37.52465 ], [ -122.06064, 37.52467 ], [ -122.0608, 37.52462 ] ], [ [ -122.06085, 37.52459 ], [ -122.0608, 37.52459 ], [ -122.0608, 37.52462 ], [ -122.06085, 37.52459 ] ], [ [ -122.06088, 37.52457 ], [ -122.06085, 37.52457 ], [ -122.06085, 37.52459 ], [ -122.06088, 37.52457 ] ], [ [ -122.06093, 37.52457 ], [ -122.06107, 37.5243 ], [ -122.06072, 37.52419 ], [ -122.06099, 37.52432 ], [ -122.06093, 37.52457 ] ], [ [ -122.06066, 37.52416 ], [ -122.06066, 37.52419 ], [ -122.06072, 37.52419 ], [ -122.06066, 37.52416 ] ], [ [ -122.06058, 37.52408 ], [ -122.06061, 37.52416 ], [ -122.06061, 37.52408 ], [ -122.06058, 37.52408 ] ], [ [ -122.06055, 37.52405 ], [ -122.06055, 37.52408 ], [ -122.06058, 37.52408 ], [ -122.06055, 37.52405 ] ], [ [ -122.06053, 37.52403 ], [ -122.06053, 37.52405 ], [ -122.06055, 37.52405 ], [ -122.06053, 37.52403 ] ], [ [ -122.06047, 37.52397 ], [ -122.06047, 37.52403 ], [ -122.06053, 37.52403 ], [ -122.06047, 37.52397 ] ], [ [ -122.06045, 37.52395 ], [ -122.06045, 37.52397 ], [ -122.06047, 37.52397 ], [ -122.06045, 37.52395 ] ], [ [ -122.06042, 37.52392 ], [ -122.06042, 37.52395 ], [ -122.06045, 37.52395 ], [ -122.06042, 37.52392 ] ], [ [ -122.06039, 37.52389 ], [ -122.06039, 37.52392 ], [ -122.06042, 37.52392 ], [ -122.06039, 37.52389 ] ] ], [ [ [ -122.06557, 37.5285 ], [ -122.06549, 37.52855 ], [ -122.06611, 37.5289 ], [ -122.06619, 37.52874 ], [ -122.06584, 37.52853 ], [ -122.06589, 37.52834 ], [ -122.066, 37.52828 ], [ -122.066, 37.52858 ], [ -122.06611, 37.52858 ], [ -122.06605, 37.5285 ], [ -122.06635, 37.52855 ], [ -122.06619, 37.52899 ], [ -122.06581, 37.52893 ], [ -122.06613, 37.52907 ], [ -122.06594, 37.52928 ], [ -122.06565, 37.52912 ], [ -122.06578, 37.52888 ], [ -122.06562, 37.52893 ], [ -122.06557, 37.52885 ], [ -122.06554, 37.52899 ], [ -122.06532, 37.52896 ], [ -122.06524, 37.52912 ], [ -122.06505, 37.52855 ], [ -122.06538, 37.52858 ], [ -122.06576, 37.52828 ], [ -122.06565, 37.52858 ], [ -122.06557, 37.5285 ] ], [ [ -122.06581, 37.52885 ], [ -122.06578, 37.52885 ], [ -122.06578, 37.52888 ], [ -122.06581, 37.52885 ] ], [ [ -122.06554, 37.52872 ], [ -122.06557, 37.52872 ], [ -122.06554, 37.52869 ], [ -122.06554, 37.52872 ] ], [ [ -122.06519, 37.52872 ], [ -122.06522, 37.52872 ], [ -122.06519, 37.52869 ], [ -122.06519, 37.52872 ] ], [ [ -122.06613, 37.52866 ], [ -122.06616, 37.52866 ], [ -122.06613, 37.52861 ], [ -122.06613, 37.52866 ] ], [ [ -122.0653, 37.52899 ], [ -122.0653, 37.52896 ], [ -122.06527, 37.52899 ], [ -122.0653, 37.52899 ] ], [ [ -122.06524, 37.52896 ], [ -122.06527, 37.52896 ], [ -122.06524, 37.52893 ], [ -122.06524, 37.52896 ] ], [ [ -122.06519, 37.52864 ], [ -122.06519, 37.52861 ], [ -122.06514, 37.52864 ], [ -122.06519, 37.52864 ] ], [ [ -122.06511, 37.52861 ], [ -122.06514, 37.52861 ], [ -122.06511, 37.52858 ], [ -122.06511, 37.52861 ] ], [ [ -122.06565, 37.52882 ], [ -122.0657, 37.5288 ], [ -122.06565, 37.52877 ], [ -122.06565, 37.52882 ] ], [ [ -122.06578, 37.52896 ], [ -122.06576, 37.52896 ], [ -122.06578, 37.52901 ], [ -122.06578, 37.52896 ] ], [ [ -122.06576, 37.52907 ], [ -122.06576, 37.52901 ], [ -122.06573, 37.52907 ], [ -122.06576, 37.52907 ] ] ], [ [ [ -122.06373, 37.52969 ], [ -122.06344, 37.52907 ], [ -122.06446, 37.52925 ], [ -122.06449, 37.52939 ], [ -122.06414, 37.52939 ], [ -122.06414, 37.5295 ], [ -122.0643, 37.5295 ], [ -122.06373, 37.52969 ] ], [ [ -122.06411, 37.52952 ], [ -122.06414, 37.52952 ], [ -122.06414, 37.5295 ], [ -122.06411, 37.52952 ] ], [ [ -122.06395, 37.52944 ], [ -122.06395, 37.52947 ], [ -122.06398, 37.52944 ], [ -122.06395, 37.52944 ] ], [ [ -122.0639, 37.52952 ], [ -122.0639, 37.52955 ], [ -122.06395, 37.52952 ], [ -122.0639, 37.52952 ] ], [ [ -122.06406, 37.52931 ], [ -122.06411, 37.52931 ], [ -122.06406, 37.52928 ], [ -122.06406, 37.52931 ] ], [ [ -122.06395, 37.52939 ], [ -122.06379, 37.52925 ], [ -122.06406, 37.52925 ], [ -122.06371, 37.5292 ], [ -122.06371, 37.52934 ], [ -122.06395, 37.52939 ] ], [ [ -122.06406, 37.52934 ], [ -122.064, 37.52934 ], [ -122.06406, 37.52939 ], [ -122.06406, 37.52934 ] ] ], [ [ [ -122.06452, 37.53068 ], [ -122.06452, 37.53044 ], [ -122.065, 37.53039 ], [ -122.06516, 37.53041 ], [ -122.06503, 37.53055 ], [ -122.06479, 37.53049 ], [ -122.06476, 37.53066 ], [ -122.06465, 37.53066 ], [ -122.06454, 37.53052 ], [ -122.06452, 37.53068 ] ], [ [ -122.0647, 37.53063 ], [ -122.0647, 37.5306 ], [ -122.06468, 37.53063 ], [ -122.0647, 37.53063 ] ] ], [ [ [ -122.05816, 37.53028 ], [ -122.05834, 37.53023 ], [ -122.05867, 37.53033 ], [ -122.05832, 37.53052 ], [ -122.05786, 37.53033 ], [ -122.05775, 37.53009 ], [ -122.05692, 37.53031 ], [ -122.05673, 37.53012 ], [ -122.05675, 37.52977 ], [ -122.05624, 37.52944 ], [ -122.05646, 37.52907 ], [ -122.05659, 37.52904 ], [ -122.0564, 37.52888 ], [ -122.05659, 37.52864 ], [ -122.05727, 37.52855 ], [ -122.05756, 37.52839 ], [ -122.05743, 37.52804 ], [ -122.05724, 37.52804 ], [ -122.05713, 37.52818 ], [ -122.05686, 37.52812 ], [ -122.05767, 37.52745 ], [ -122.05824, 37.52766 ], [ -122.0584, 37.52742 ], [ -122.06239, 37.5289 ], [ -122.06223, 37.52904 ], [ -122.06244, 37.52904 ], [ -122.06247, 37.52915 ], [ -122.06212, 37.52971 ], [ -122.06214, 37.53114 ], [ -122.06155, 37.53098 ], [ -122.0615, 37.53122 ], [ -122.06169, 37.5313 ], [ -122.06179, 37.53157 ], [ -122.06158, 37.53184 ], [ -122.06174, 37.53222 ], [ -122.06144, 37.5319 ], [ -122.06117, 37.53195 ], [ -122.06093, 37.53233 ], [ -122.06077, 37.53233 ], [ -122.06042, 37.53268 ], [ -122.0602, 37.53273 ], [ -122.06018, 37.53295 ], [ -122.05972, 37.533 ], [ -122.05945, 37.53319 ], [ -122.05961, 37.53346 ], [ -122.05934, 37.53349 ], [ -122.0591, 37.53394 ], [ -122.05888, 37.53384 ], [ -122.05918, 37.53319 ], [ -122.05902, 37.53297 ], [ -122.05921, 37.53305 ], [ -122.05953, 37.53297 ], [ -122.05961, 37.5327 ], [ -122.05999, 37.53241 ], [ -122.05977, 37.53219 ], [ -122.0601, 37.53214 ], [ -122.0602, 37.53195 ], [ -122.05983, 37.53217 ], [ -122.05896, 37.53214 ], [ -122.05861, 37.53276 ], [ -122.05781, 37.53354 ], [ -122.0556, 37.53456 ], [ -122.05584, 37.53435 ], [ -122.05762, 37.53354 ], [ -122.05856, 37.53254 ], [ -122.05872, 37.53195 ], [ -122.05907, 37.53195 ], [ -122.05913, 37.53171 ], [ -122.05923, 37.53184 ], [ -122.0595, 37.53173 ], [ -122.05956, 37.5319 ], [ -122.05988, 37.53133 ], [ -122.0602, 37.53138 ], [ -122.06037, 37.53103 ], [ -122.06085, 37.53071 ], [ -122.0608, 37.53041 ], [ -122.06042, 37.53055 ], [ -122.06045, 37.53071 ], [ -122.06026, 37.53068 ], [ -122.06012, 37.53093 ], [ -122.05993, 37.53098 ], [ -122.0598, 37.53111 ], [ -122.05975, 37.53082 ], [ -122.05988, 37.53068 ], [ -122.05961, 37.53041 ], [ -122.05956, 37.53014 ], [ -122.05926, 37.52998 ], [ -122.05824, 37.53014 ], [ -122.05816, 37.53028 ] ], [ [ -122.06007, 37.5309 ], [ -122.06012, 37.5309 ], [ -122.06007, 37.53087 ], [ -122.06007, 37.5309 ] ], [ [ -122.05848, 37.5288 ], [ -122.05848, 37.52882 ], [ -122.05851, 37.5288 ], [ -122.05848, 37.5288 ] ], [ [ -122.06037, 37.53063 ], [ -122.06037, 37.53066 ], [ -122.06039, 37.53063 ], [ -122.06037, 37.53063 ] ], [ [ -122.05993, 37.53004 ], [ -122.05993, 37.53006 ], [ -122.05996, 37.53004 ], [ -122.05993, 37.53004 ] ], [ [ -122.05953, 37.52985 ], [ -122.05953, 37.52987 ], [ -122.05956, 37.52985 ], [ -122.05953, 37.52985 ] ], [ [ -122.06147, 37.52893 ], [ -122.06147, 37.52896 ], [ -122.0615, 37.52893 ], [ -122.06147, 37.52893 ] ], [ [ -122.05864, 37.52885 ], [ -122.05864, 37.52888 ], [ -122.05867, 37.52885 ], [ -122.05864, 37.52885 ] ], [ [ -122.05993, 37.52939 ], [ -122.05993, 37.52942 ], [ -122.05996, 37.52939 ], [ -122.05993, 37.52939 ] ], [ [ -122.05883, 37.53198 ], [ -122.05883, 37.532 ], [ -122.05886, 37.53198 ], [ -122.05883, 37.53198 ] ], [ [ -122.06196, 37.52907 ], [ -122.06196, 37.52909 ], [ -122.06198, 37.52907 ], [ -122.06196, 37.52907 ] ], [ [ -122.05966, 37.53025 ], [ -122.05966, 37.53028 ], [ -122.05969, 37.53025 ], [ -122.05966, 37.53025 ] ], [ [ -122.06069, 37.5312 ], [ -122.06069, 37.53122 ], [ -122.06072, 37.5312 ], [ -122.06069, 37.5312 ] ], [ [ -122.05816, 37.5282 ], [ -122.05816, 37.52823 ], [ -122.05818, 37.5282 ], [ -122.05816, 37.5282 ] ], [ [ -122.05988, 37.52942 ], [ -122.05988, 37.52944 ], [ -122.05991, 37.52942 ], [ -122.05988, 37.52942 ] ], [ [ -122.06196, 37.52888 ], [ -122.06196, 37.5289 ], [ -122.06198, 37.52888 ], [ -122.06196, 37.52888 ] ], [ [ -122.05859, 37.52888 ], [ -122.05859, 37.5289 ], [ -122.05861, 37.52888 ], [ -122.05859, 37.52888 ] ], [ [ -122.06228, 37.52934 ], [ -122.06228, 37.52936 ], [ -122.06231, 37.52934 ], [ -122.06228, 37.52934 ] ], [ [ -122.06023, 37.53146 ], [ -122.06023, 37.53149 ], [ -122.06026, 37.53146 ], [ -122.06023, 37.53146 ] ], [ [ -122.0588, 37.52909 ], [ -122.0588, 37.52912 ], [ -122.05883, 37.52909 ], [ -122.0588, 37.52909 ] ], [ [ -122.0584, 37.52866 ], [ -122.0584, 37.52869 ], [ -122.05843, 37.52866 ], [ -122.0584, 37.52866 ] ], [ [ -122.05923, 37.52955 ], [ -122.05923, 37.52961 ], [ -122.05926, 37.52955 ], [ -122.05923, 37.52955 ] ], [ [ -122.06201, 37.52944 ], [ -122.06201, 37.5295 ], [ -122.06204, 37.52944 ], [ -122.06201, 37.52944 ] ], [ [ -122.05988, 37.5306 ], [ -122.05988, 37.53063 ], [ -122.05993, 37.5306 ], [ -122.05988, 37.5306 ] ], [ [ -122.05867, 37.52799 ], [ -122.05867, 37.52804 ], [ -122.05869, 37.52799 ], [ -122.05867, 37.52799 ] ], [ [ -122.05991, 37.52958 ], [ -122.05991, 37.52963 ], [ -122.05993, 37.52958 ], [ -122.05991, 37.52958 ] ], [ [ -122.06206, 37.52944 ], [ -122.06209, 37.5295 ], [ -122.06212, 37.52944 ], [ -122.06206, 37.52944 ] ], [ [ -122.0584, 37.52877 ], [ -122.0584, 37.5288 ], [ -122.05845, 37.52877 ], [ -122.0584, 37.52877 ] ], [ [ -122.05856, 37.52804 ], [ -122.05859, 37.52804 ], [ -122.05856, 37.52799 ], [ -122.05856, 37.52804 ] ], [ [ -122.05972, 37.52939 ], [ -122.05975, 37.52944 ], [ -122.05977, 37.52939 ], [ -122.05972, 37.52939 ] ], [ [ -122.05977, 37.52928 ], [ -122.05975, 37.52934 ], [ -122.0598, 37.52928 ], [ -122.05977, 37.52928 ] ], [ [ -122.05878, 37.52885 ], [ -122.05869, 37.5288 ], [ -122.05872, 37.52885 ], [ -122.05878, 37.52885 ] ], [ [ -122.05859, 37.52874 ], [ -122.05861, 37.5288 ], [ -122.05867, 37.52874 ], [ -122.05859, 37.52874 ] ], [ [ -122.05818, 37.53039 ], [ -122.05818, 37.53041 ], [ -122.05826, 37.53036 ], [ -122.05818, 37.53039 ] ], [ [ -122.06002, 37.53292 ], [ -122.05999, 37.53284 ], [ -122.05993, 37.53292 ], [ -122.06002, 37.53292 ] ], [ [ -122.05993, 37.5299 ], [ -122.05985, 37.5299 ], [ -122.05991, 37.52996 ], [ -122.05993, 37.5299 ] ], [ [ -122.06117, 37.53138 ], [ -122.06117, 37.53149 ], [ -122.06123, 37.53138 ], [ -122.06117, 37.53138 ] ], [ [ -122.05983, 37.53047 ], [ -122.05988, 37.53039 ], [ -122.05977, 37.53047 ], [ -122.05983, 37.53047 ] ], [ [ -122.05999, 37.52963 ], [ -122.06004, 37.52971 ], [ -122.0601, 37.52963 ], [ -122.05999, 37.52963 ] ], [ [ -122.05985, 37.52815 ], [ -122.05985, 37.52807 ], [ -122.05977, 37.52812 ], [ -122.05985, 37.52815 ] ], [ [ -122.05983, 37.52955 ], [ -122.05999, 37.5295 ], [ -122.0598, 37.52947 ], [ -122.05983, 37.52955 ] ], [ [ -122.06104, 37.5312 ], [ -122.0609, 37.53133 ], [ -122.06104, 37.53128 ], [ -122.06104, 37.5312 ] ], [ [ -122.05961, 37.52985 ], [ -122.05958, 37.52993 ], [ -122.05977, 37.52987 ], [ -122.05961, 37.52985 ] ], [ [ -122.0608, 37.53098 ], [ -122.06072, 37.53117 ], [ -122.06088, 37.53101 ], [ -122.0608, 37.53098 ] ], [ [ -122.05918, 37.52872 ], [ -122.05921, 37.52858 ], [ -122.05913, 37.52855 ], [ -122.05905, 37.52872 ], [ -122.05918, 37.52872 ] ], [ [ -122.06028, 37.53173 ], [ -122.06039, 37.53173 ], [ -122.06034, 37.53155 ], [ -122.06028, 37.53173 ] ], [ [ -122.06077, 37.5285 ], [ -122.06074, 37.52837 ], [ -122.06061, 37.52837 ], [ -122.06064, 37.52855 ], [ -122.06077, 37.5285 ] ], [ [ -122.06037, 37.53006 ], [ -122.06031, 37.52993 ], [ -122.06012, 37.52993 ], [ -122.06023, 37.53009 ], [ -122.06037, 37.53006 ] ], [ [ -122.05945, 37.52915 ], [ -122.05961, 37.52942 ], [ -122.05969, 37.52942 ], [ -122.05972, 37.52928 ], [ -122.05945, 37.52915 ] ], [ [ -122.06042, 37.53128 ], [ -122.06047, 37.53146 ], [ -122.06061, 37.53138 ], [ -122.06061, 37.53122 ], [ -122.06042, 37.53128 ] ], [ [ -122.05956, 37.52855 ], [ -122.05956, 37.52869 ], [ -122.05983, 37.52858 ], [ -122.05975, 37.52869 ], [ -122.05983, 37.52877 ], [ -122.05991, 37.52847 ], [ -122.05966, 37.52839 ], [ -122.05975, 37.5285 ], [ -122.05956, 37.52855 ] ], [ [ -122.05937, 37.52947 ], [ -122.0595, 37.52979 ], [ -122.05972, 37.52971 ], [ -122.05958, 37.52942 ], [ -122.05937, 37.52947 ] ], [ [ -122.06123, 37.53049 ], [ -122.06107, 37.53082 ], [ -122.06147, 37.53087 ], [ -122.06152, 37.5306 ], [ -122.06123, 37.53049 ] ], [ [ -122.06147, 37.52858 ], [ -122.06134, 37.52864 ], [ -122.06139, 37.52885 ], [ -122.06152, 37.52877 ], [ -122.06147, 37.52858 ] ], [ [ -122.06134, 37.52877 ], [ -122.06101, 37.52855 ], [ -122.06082, 37.52888 ], [ -122.06117, 37.52893 ], [ -122.06134, 37.52877 ] ], [ [ -122.05832, 37.52826 ], [ -122.05821, 37.52834 ], [ -122.05848, 37.52861 ], [ -122.05829, 37.52837 ], [ -122.05853, 37.52812 ], [ -122.05848, 37.52796 ], [ -122.05878, 37.52799 ], [ -122.05837, 37.52775 ], [ -122.05807, 37.52802 ], [ -122.05832, 37.52826 ] ], [ [ -122.05818, 37.52831 ], [ -122.05824, 37.52831 ], [ -122.05818, 37.52828 ], [ -122.05818, 37.52831 ] ], [ [ -122.05756, 37.52896 ], [ -122.05724, 37.52901 ], [ -122.05746, 37.52928 ], [ -122.05705, 37.52947 ], [ -122.05705, 37.52982 ], [ -122.05713, 37.5299 ], [ -122.05786, 37.52985 ], [ -122.05797, 37.52996 ], [ -122.05931, 37.52985 ], [ -122.05907, 37.52963 ], [ -122.05896, 37.52977 ], [ -122.05883, 37.52969 ], [ -122.05888, 37.52939 ], [ -122.05869, 37.52955 ], [ -122.05875, 37.52925 ], [ -122.05861, 37.52904 ], [ -122.05807, 37.52944 ], [ -122.05824, 37.5288 ], [ -122.05797, 37.52853 ], [ -122.05791, 37.52869 ], [ -122.05754, 37.52882 ], [ -122.05756, 37.52896 ] ] ], [ [ [ -122.06497, 37.53106 ], [ -122.06505, 37.53076 ], [ -122.06522, 37.53076 ], [ -122.06546, 37.53041 ], [ -122.06576, 37.53033 ], [ -122.06597, 37.53001 ], [ -122.06503, 37.53179 ], [ -122.06452, 37.53265 ], [ -122.06441, 37.5327 ], [ -122.06449, 37.53233 ], [ -122.06433, 37.53249 ], [ -122.06425, 37.53149 ], [ -122.06441, 37.53155 ], [ -122.06441, 37.5313 ], [ -122.06419, 37.5313 ], [ -122.06417, 37.53103 ], [ -122.06454, 37.53114 ], [ -122.06444, 37.53103 ], [ -122.06454, 37.53095 ], [ -122.06417, 37.5309 ], [ -122.06395, 37.5299 ], [ -122.06411, 37.52998 ], [ -122.06419, 37.53055 ], [ -122.06438, 37.53044 ], [ -122.06446, 37.53055 ], [ -122.06425, 37.53087 ], [ -122.06435, 37.53079 ], [ -122.06454, 37.53087 ], [ -122.06457, 37.53114 ], [ -122.06473, 37.53111 ], [ -122.06492, 37.53128 ], [ -122.06495, 37.53111 ], [ -122.06468, 37.53109 ], [ -122.06462, 37.5309 ], [ -122.06489, 37.53087 ], [ -122.06497, 37.53106 ] ], [ [ -122.065, 37.53109 ], [ -122.065, 37.53106 ], [ -122.06497, 37.53106 ], [ -122.065, 37.53109 ] ], [ [ -122.06427, 37.53055 ], [ -122.06425, 37.53055 ], [ -122.06427, 37.53058 ], [ -122.06427, 37.53055 ] ], [ [ -122.06419, 37.53082 ], [ -122.06425, 37.53082 ], [ -122.06419, 37.53079 ], [ -122.06419, 37.53082 ] ], [ [ -122.06441, 37.53122 ], [ -122.06441, 37.53125 ], [ -122.06444, 37.53122 ], [ -122.06441, 37.53122 ] ], [ [ -122.06452, 37.53203 ], [ -122.06452, 37.53206 ], [ -122.06454, 37.53203 ], [ -122.06452, 37.53203 ] ], [ [ -122.06503, 37.53114 ], [ -122.06503, 37.53117 ], [ -122.06505, 37.53114 ], [ -122.06503, 37.53114 ] ], [ [ -122.06457, 37.53214 ], [ -122.06457, 37.53217 ], [ -122.0646, 37.53214 ], [ -122.06457, 37.53214 ] ], [ [ -122.06435, 37.53122 ], [ -122.06435, 37.5312 ], [ -122.06433, 37.53122 ], [ -122.06435, 37.53122 ] ], [ [ -122.0643, 37.53125 ], [ -122.06433, 37.53125 ], [ -122.06433, 37.53122 ], [ -122.0643, 37.53125 ] ], [ [ -122.06435, 37.53163 ], [ -122.06435, 37.53168 ], [ -122.06438, 37.53163 ], [ -122.06435, 37.53163 ] ], [ [ -122.06522, 37.53101 ], [ -122.06522, 37.53106 ], [ -122.06524, 37.53101 ], [ -122.06522, 37.53101 ] ], [ [ -122.06484, 37.53138 ], [ -122.06484, 37.53144 ], [ -122.06487, 37.53138 ], [ -122.06484, 37.53138 ] ], [ [ -122.06419, 37.53066 ], [ -122.06419, 37.53071 ], [ -122.06425, 37.53066 ], [ -122.06419, 37.53066 ] ], [ [ -122.06511, 37.53093 ], [ -122.06519, 37.53084 ], [ -122.06511, 37.53084 ], [ -122.06511, 37.53093 ] ], [ [ -122.06511, 37.53095 ], [ -122.06505, 37.53095 ], [ -122.06508, 37.53103 ], [ -122.06511, 37.53095 ] ], [ [ -122.06465, 37.53184 ], [ -122.0647, 37.53173 ], [ -122.0647, 37.53163 ], [ -122.06462, 37.53163 ], [ -122.06465, 37.53184 ] ], [ [ -122.06454, 37.53219 ], [ -122.06452, 37.53238 ], [ -122.06462, 37.53225 ], [ -122.06454, 37.53219 ] ], [ [ -122.06465, 37.53222 ], [ -122.06476, 37.53208 ], [ -122.06473, 37.53203 ], [ -122.0646, 37.53203 ], [ -122.06465, 37.53222 ] ], [ [ -122.0646, 37.53187 ], [ -122.06457, 37.53179 ], [ -122.06438, 37.53176 ], [ -122.06444, 37.53187 ], [ -122.0646, 37.53187 ] ], [ [ -122.06522, 37.53109 ], [ -122.06511, 37.53111 ], [ -122.06508, 37.53152 ], [ -122.06522, 37.53109 ] ], [ [ -122.06473, 37.53198 ], [ -122.06503, 37.5316 ], [ -122.06476, 37.53144 ], [ -122.06487, 37.53171 ], [ -122.06473, 37.53198 ] ], [ [ -122.06479, 37.53203 ], [ -122.06479, 37.532 ], [ -122.06476, 37.53203 ], [ -122.06479, 37.53203 ] ], [ [ -122.06527, 37.53114 ], [ -122.06567, 37.53041 ], [ -122.06527, 37.53095 ], [ -122.06527, 37.53114 ] ] ], [ [ [ -122.06392, 37.53378 ], [ -122.0647, 37.53575 ], [ -122.06433, 37.53597 ], [ -122.06414, 37.53594 ], [ -122.06314, 37.53402 ], [ -122.06322, 37.53435 ], [ -122.06293, 37.53435 ], [ -122.06287, 37.53451 ], [ -122.0633, 37.53451 ], [ -122.06398, 37.5358 ], [ -122.06403, 37.53605 ], [ -122.06387, 37.53613 ], [ -122.06136, 37.535 ], [ -122.06112, 37.53521 ], [ -122.06163, 37.53365 ], [ -122.06231, 37.53314 ], [ -122.06271, 37.53311 ], [ -122.06231, 37.532 ], [ -122.06244, 37.53165 ], [ -122.06241, 37.53103 ], [ -122.06298, 37.5295 ], [ -122.06306, 37.52971 ], [ -122.0626, 37.53095 ], [ -122.06244, 37.53211 ], [ -122.06306, 37.53343 ], [ -122.06328, 37.53343 ], [ -122.06309, 37.53316 ], [ -122.06355, 37.5333 ], [ -122.06357, 37.53311 ], [ -122.06325, 37.53316 ], [ -122.06301, 37.53303 ], [ -122.06398, 37.53297 ], [ -122.06387, 37.533 ], [ -122.064, 37.53332 ], [ -122.06392, 37.53378 ] ], [ [ -122.06314, 37.53346 ], [ -122.06322, 37.53376 ], [ -122.06344, 37.53362 ], [ -122.06322, 37.53362 ], [ -122.06314, 37.53346 ] ], [ [ -122.06365, 37.5333 ], [ -122.06368, 37.5333 ], [ -122.06365, 37.53327 ], [ -122.06365, 37.5333 ] ], [ [ -122.06338, 37.53341 ], [ -122.06341, 37.53341 ], [ -122.06338, 37.53338 ], [ -122.06338, 37.53341 ] ], [ [ -122.06365, 37.53362 ], [ -122.06355, 37.53362 ], [ -122.06365, 37.53365 ], [ -122.06365, 37.53362 ] ], [ [ -122.06355, 37.53367 ], [ -122.06355, 37.53365 ], [ -122.06352, 37.53367 ], [ -122.06355, 37.53367 ] ], [ [ -122.06376, 37.53362 ], [ -122.06392, 37.53354 ], [ -122.06392, 37.53341 ], [ -122.06387, 37.53351 ], [ -122.06376, 37.53362 ] ], [ [ -122.0629, 37.53346 ], [ -122.06285, 37.53351 ], [ -122.06311, 37.534 ], [ -122.0629, 37.53346 ] ], [ [ -122.06287, 37.53343 ], [ -122.06287, 37.53346 ], [ -122.0629, 37.53346 ], [ -122.06287, 37.53343 ] ] ], [ [ [ -122.07203, 37.53491 ], [ -122.07222, 37.53518 ], [ -122.07222, 37.53532 ], [ -122.07187, 37.53559 ], [ -122.07241, 37.53645 ], [ -122.07123, 37.53467 ], [ -122.07144, 37.53486 ], [ -122.07203, 37.53491 ] ], [ [ -122.07171, 37.53521 ], [ -122.07171, 37.53518 ], [ -122.07168, 37.53521 ], [ -122.07171, 37.53521 ] ], [ [ -122.07158, 37.53513 ], [ -122.07158, 37.53508 ], [ -122.07155, 37.53513 ], [ -122.07158, 37.53513 ] ], [ [ -122.07158, 37.535 ], [ -122.07158, 37.53497 ], [ -122.07152, 37.535 ], [ -122.07158, 37.535 ] ] ], [ [ [ -122.07963, 37.53912 ], [ -122.07923, 37.53844 ], [ -122.07896, 37.53842 ], [ -122.0785, 37.53807 ], [ -122.07802, 37.53791 ], [ -122.07826, 37.5378 ], [ -122.07926, 37.53834 ], [ -122.07923, 37.53823 ], [ -122.07963, 37.53804 ], [ -122.07969, 37.53788 ], [ -122.07993, 37.53785 ], [ -122.08009, 37.53799 ], [ -122.08023, 37.53874 ], [ -122.07963, 37.53912 ] ], [ [ -122.07974, 37.53828 ], [ -122.07974, 37.53826 ], [ -122.07969, 37.53828 ], [ -122.07974, 37.53828 ] ] ], [ [ [ -122.07462, 37.54025 ], [ -122.07459, 37.54041 ], [ -122.07476, 37.54041 ], [ -122.07532, 37.54138 ], [ -122.07408, 37.54184 ], [ -122.07233, 37.54111 ], [ -122.07222, 37.54092 ], [ -122.0716, 37.54065 ], [ -122.06953, 37.53995 ], [ -122.06977, 37.53933 ], [ -122.07028, 37.53893 ], [ -122.07058, 37.53885 ], [ -122.07088, 37.53844 ], [ -122.07257, 37.53723 ], [ -122.07274, 37.53726 ], [ -122.0729, 37.53758 ], [ -122.07263, 37.53742 ], [ -122.07239, 37.53747 ], [ -122.07233, 37.53761 ], [ -122.07265, 37.53774 ], [ -122.07257, 37.53793 ], [ -122.07279, 37.53782 ], [ -122.07306, 37.53793 ], [ -122.07441, 37.53998 ], [ -122.07387, 37.54017 ], [ -122.07085, 37.53893 ], [ -122.07063, 37.53888 ], [ -122.07055, 37.53898 ], [ -122.074, 37.54039 ], [ -122.07414, 37.54036 ], [ -122.074, 37.54033 ], [ -122.07411, 37.54022 ], [ -122.07414, 37.5403 ], [ -122.07424, 37.5402 ], [ -122.07449, 37.5403 ], [ -122.07462, 37.54025 ] ], [ [ -122.07257, 37.5399 ], [ -122.07257, 37.53987 ], [ -122.07255, 37.5399 ], [ -122.07257, 37.5399 ] ], [ [ -122.07427, 37.5403 ], [ -122.0743, 37.5403 ], [ -122.07427, 37.54028 ], [ -122.07427, 37.5403 ] ], [ [ -122.07244, 37.53985 ], [ -122.07247, 37.53985 ], [ -122.07244, 37.53982 ], [ -122.07244, 37.53985 ] ], [ [ -122.07319, 37.53839 ], [ -122.07319, 37.53836 ], [ -122.07317, 37.53839 ], [ -122.07319, 37.53839 ] ], [ [ -122.07314, 37.53836 ], [ -122.07317, 37.53836 ], [ -122.07314, 37.53831 ], [ -122.07314, 37.53836 ] ], [ [ -122.07306, 37.53807 ], [ -122.07303, 37.53807 ], [ -122.07311, 37.5382 ], [ -122.07306, 37.53807 ] ] ], [ [ [ -122.07573, 37.54187 ], [ -122.07594, 37.54208 ], [ -122.07573, 37.54216 ], [ -122.07565, 37.54214 ], [ -122.07559, 37.54227 ], [ -122.0753, 37.54224 ], [ -122.07513, 37.54187 ], [ -122.07449, 37.54206 ], [ -122.0757, 37.54154 ], [ -122.07292, 37.53739 ], [ -122.07282, 37.53707 ], [ -122.07583, 37.54162 ], [ -122.07573, 37.54187 ] ], [ [ -122.07578, 37.54211 ], [ -122.07581, 37.54211 ], [ -122.07578, 37.54208 ], [ -122.07578, 37.54211 ] ], [ [ -122.0757, 37.54214 ], [ -122.07573, 37.54214 ], [ -122.0757, 37.54211 ], [ -122.0757, 37.54214 ] ] ], [ [ [ -122.0778, 37.54133 ], [ -122.07834, 37.54149 ], [ -122.07818, 37.54181 ], [ -122.07697, 37.54233 ], [ -122.0767, 37.5423 ], [ -122.07648, 37.54206 ], [ -122.07648, 37.54187 ], [ -122.0767, 37.54176 ], [ -122.07691, 37.54136 ], [ -122.0778, 37.54133 ] ] ], [ [ [ -122.07783, 37.54241 ], [ -122.07772, 37.54235 ], [ -122.07697, 37.54262 ], [ -122.0768, 37.54246 ], [ -122.07783, 37.54211 ], [ -122.0785, 37.54165 ], [ -122.07869, 37.54165 ], [ -122.07858, 37.54214 ], [ -122.07799, 37.54224 ], [ -122.07783, 37.54241 ] ], [ [ -122.07853, 37.54198 ], [ -122.07856, 37.54198 ], [ -122.07853, 37.54195 ], [ -122.07853, 37.54198 ] ] ], [ [ [ -122.07424, 37.54198 ], [ -122.07548, 37.54152 ], [ -122.07546, 37.54162 ], [ -122.07408, 37.54206 ], [ -122.07403, 37.54214 ], [ -122.07422, 37.54222 ], [ -122.07416, 37.54235 ], [ -122.07389, 37.54238 ], [ -122.07373, 37.54219 ], [ -122.07139, 37.54305 ], [ -122.07141, 37.54286 ], [ -122.0729, 37.5423 ], [ -122.07392, 37.54192 ], [ -122.07424, 37.54198 ] ], [ [ -122.07398, 37.542 ], [ -122.07398, 37.54206 ], [ -122.074, 37.54203 ], [ -122.07398, 37.542 ] ] ], [ [ [ -122.07495, 37.54351 ], [ -122.07489, 37.54338 ], [ -122.07459, 37.5433 ], [ -122.0747, 37.54359 ], [ -122.07435, 37.54367 ], [ -122.07433, 37.54354 ], [ -122.07416, 37.54354 ], [ -122.07424, 37.54367 ], [ -122.07414, 37.54378 ], [ -122.0729, 37.54416 ], [ -122.07222, 37.54295 ], [ -122.07228, 37.54284 ], [ -122.07365, 37.54238 ], [ -122.07379, 37.54238 ], [ -122.07403, 37.54246 ], [ -122.07422, 37.54278 ], [ -122.075, 37.54251 ], [ -122.0753, 37.54262 ], [ -122.07521, 37.54243 ], [ -122.07559, 37.54238 ], [ -122.07562, 37.54227 ], [ -122.07578, 37.54233 ], [ -122.07586, 37.54219 ], [ -122.0761, 37.54219 ], [ -122.07637, 37.54246 ], [ -122.07651, 37.54278 ], [ -122.07659, 37.54278 ], [ -122.07656, 37.54289 ], [ -122.07495, 37.54351 ] ], [ [ -122.07532, 37.54268 ], [ -122.07532, 37.54262 ], [ -122.0753, 37.54262 ], [ -122.07532, 37.54268 ] ], [ [ -122.07538, 37.5427 ], [ -122.07538, 37.54268 ], [ -122.07532, 37.54268 ], [ -122.07538, 37.5427 ] ], [ [ -122.07637, 37.54254 ], [ -122.07637, 37.54251 ], [ -122.07635, 37.54254 ], [ -122.07637, 37.54254 ] ], [ [ -122.07247, 37.54321 ], [ -122.07247, 37.54324 ], [ -122.07249, 37.54321 ], [ -122.07247, 37.54321 ] ], [ [ -122.07379, 37.54243 ], [ -122.07379, 37.54241 ], [ -122.07376, 37.54243 ], [ -122.07379, 37.54243 ] ], [ [ -122.07535, 37.54246 ], [ -122.07535, 37.54243 ], [ -122.0753, 37.54246 ], [ -122.07535, 37.54246 ] ], [ [ -122.07257, 37.543 ], [ -122.0726, 37.543 ], [ -122.07257, 37.54297 ], [ -122.07257, 37.543 ] ], [ [ -122.07298, 37.5427 ], [ -122.073, 37.5427 ], [ -122.07298, 37.54268 ], [ -122.07298, 37.5427 ] ], [ [ -122.07362, 37.54259 ], [ -122.07365, 37.54259 ], [ -122.07362, 37.54257 ], [ -122.07362, 37.54259 ] ], [ [ -122.07257, 37.54332 ], [ -122.0726, 37.54332 ], [ -122.07257, 37.5433 ], [ -122.07257, 37.54332 ] ], [ [ -122.07257, 37.54338 ], [ -122.0726, 37.54338 ], [ -122.07257, 37.54335 ], [ -122.07257, 37.54338 ] ], [ [ -122.07274, 37.54335 ], [ -122.07276, 37.54335 ], [ -122.07274, 37.54332 ], [ -122.07274, 37.54335 ] ], [ [ -122.07287, 37.54383 ], [ -122.0729, 37.54383 ], [ -122.07287, 37.54381 ], [ -122.07287, 37.54383 ] ], [ [ -122.07557, 37.54303 ], [ -122.07559, 37.54303 ], [ -122.07557, 37.543 ], [ -122.07557, 37.54303 ] ], [ [ -122.07257, 37.54327 ], [ -122.0726, 37.54327 ], [ -122.07257, 37.54324 ], [ -122.07257, 37.54327 ] ], [ [ -122.07317, 37.54402 ], [ -122.07319, 37.54402 ], [ -122.07317, 37.544 ], [ -122.07317, 37.54402 ] ], [ [ -122.07233, 37.54303 ], [ -122.07236, 37.54303 ], [ -122.07233, 37.543 ], [ -122.07233, 37.54303 ] ], [ [ -122.07559, 37.54308 ], [ -122.07562, 37.54308 ], [ -122.07559, 37.54305 ], [ -122.07559, 37.54308 ] ], [ [ -122.07389, 37.54278 ], [ -122.07392, 37.54278 ], [ -122.07389, 37.54276 ], [ -122.07389, 37.54278 ] ], [ [ -122.07414, 37.54367 ], [ -122.07416, 37.54367 ], [ -122.07414, 37.54365 ], [ -122.07414, 37.54367 ] ], [ [ -122.07349, 37.54262 ], [ -122.07352, 37.54262 ], [ -122.07349, 37.54259 ], [ -122.07349, 37.54262 ] ], [ [ -122.07575, 37.54241 ], [ -122.07581, 37.54241 ], [ -122.07575, 37.54238 ], [ -122.07575, 37.54241 ] ], [ [ -122.07271, 37.54343 ], [ -122.07276, 37.54343 ], [ -122.07271, 37.5434 ], [ -122.07271, 37.54343 ] ], [ [ -122.07354, 37.54327 ], [ -122.0736, 37.54327 ], [ -122.07354, 37.54324 ], [ -122.07354, 37.54327 ] ], [ [ -122.07443, 37.54357 ], [ -122.07449, 37.54357 ], [ -122.07446, 37.54351 ], [ -122.07443, 37.54357 ] ], [ [ -122.07548, 37.54289 ], [ -122.07548, 37.54284 ], [ -122.07546, 37.54289 ], [ -122.07548, 37.54289 ] ], [ [ -122.07543, 37.54284 ], [ -122.07546, 37.54284 ], [ -122.07543, 37.54281 ], [ -122.07543, 37.54284 ] ], [ [ -122.07379, 37.54262 ], [ -122.07381, 37.54262 ], [ -122.07376, 37.54257 ], [ -122.07379, 37.54262 ] ], [ [ -122.07616, 37.54257 ], [ -122.07613, 37.54257 ], [ -122.07616, 37.54259 ], [ -122.07616, 37.54257 ] ], [ [ -122.07613, 37.54262 ], [ -122.07613, 37.54259 ], [ -122.07608, 37.54262 ], [ -122.07613, 37.54262 ] ], [ [ -122.07274, 37.54278 ], [ -122.07268, 37.54278 ], [ -122.07271, 37.54284 ], [ -122.07274, 37.54278 ] ], [ [ -122.07403, 37.54281 ], [ -122.07408, 37.54281 ], [ -122.07403, 37.54276 ], [ -122.07403, 37.54281 ] ], [ [ -122.07597, 37.54243 ], [ -122.07597, 37.54241 ], [ -122.07592, 37.54243 ], [ -122.07597, 37.54243 ] ], [ [ -122.07583, 37.54241 ], [ -122.07592, 37.54241 ], [ -122.07586, 37.54235 ], [ -122.07583, 37.54241 ] ], [ [ -122.07276, 37.54319 ], [ -122.07276, 37.54316 ], [ -122.07274, 37.54319 ], [ -122.07276, 37.54319 ] ], [ [ -122.07271, 37.54316 ], [ -122.07274, 37.54316 ], [ -122.07271, 37.54313 ], [ -122.07271, 37.54316 ] ], [ [ -122.07263, 37.54319 ], [ -122.07271, 37.54319 ], [ -122.07271, 37.54316 ], [ -122.07263, 37.54319 ] ], [ [ -122.07274, 37.54311 ], [ -122.07274, 37.54313 ], [ -122.07276, 37.54311 ], [ -122.07274, 37.54311 ] ], [ [ -122.07462, 37.54346 ], [ -122.07454, 37.54346 ], [ -122.07457, 37.54354 ], [ -122.07462, 37.54346 ] ], [ [ -122.07319, 37.543 ], [ -122.07317, 37.54289 ], [ -122.07303, 37.543 ], [ -122.07319, 37.543 ] ], [ [ -122.07381, 37.54273 ], [ -122.07362, 37.54286 ], [ -122.07381, 37.54281 ], [ -122.07381, 37.54273 ] ], [ [ -122.07255, 37.54303 ], [ -122.07249, 37.54303 ], [ -122.07255, 37.54305 ], [ -122.07255, 37.54303 ] ], [ [ -122.07239, 37.54313 ], [ -122.07249, 37.54308 ], [ -122.07239, 37.54311 ], [ -122.07239, 37.54313 ] ], [ [ -122.07239, 37.54305 ], [ -122.07244, 37.54305 ], [ -122.07247, 37.543 ], [ -122.07239, 37.54305 ] ], [ [ -122.07257, 37.54289 ], [ -122.07249, 37.54289 ], [ -122.07252, 37.54295 ], [ -122.07257, 37.54289 ] ], [ [ -122.07249, 37.54311 ], [ -122.07247, 37.54311 ], [ -122.07249, 37.54313 ], [ -122.07249, 37.54311 ] ], [ [ -122.07344, 37.54251 ], [ -122.07381, 37.54254 ], [ -122.07381, 37.54251 ], [ -122.07362, 37.54243 ], [ -122.07344, 37.54251 ] ], [ [ -122.0743, 37.54281 ], [ -122.0743, 37.54289 ], [ -122.07459, 37.54321 ], [ -122.0743, 37.54281 ] ] ], [ [ [ -122.07144, 37.54324 ], [ -122.07141, 37.54354 ], [ -122.07131, 37.54365 ], [ -122.07147, 37.54367 ], [ -122.07158, 37.54351 ], [ -122.07155, 37.54362 ], [ -122.07163, 37.54354 ], [ -122.07171, 37.54365 ], [ -122.07217, 37.54365 ], [ -122.0722, 37.5434 ], [ -122.0723, 37.54362 ], [ -122.07244, 37.54359 ], [ -122.07257, 37.54375 ], [ -122.07274, 37.54424 ], [ -122.07179, 37.54456 ], [ -122.07185, 37.54443 ], [ -122.07171, 37.54432 ], [ -122.07152, 37.5444 ], [ -122.07152, 37.54424 ], [ -122.0715, 37.54435 ], [ -122.07141, 37.54437 ], [ -122.07133, 37.54429 ], [ -122.07125, 37.54448 ], [ -122.07115, 37.54445 ], [ -122.07125, 37.54435 ], [ -122.0709, 37.544 ], [ -122.07028, 37.54413 ], [ -122.07069, 37.54389 ], [ -122.07106, 37.54381 ], [ -122.07106, 37.54365 ], [ -122.07096, 37.54373 ], [ -122.07082, 37.54354 ], [ -122.07069, 37.54362 ], [ -122.07082, 37.5433 ], [ -122.07144, 37.54324 ] ], [ [ -122.07174, 37.54429 ], [ -122.07171, 37.54429 ], [ -122.07171, 37.54432 ], [ -122.07174, 37.54429 ] ], [ [ -122.07222, 37.54357 ], [ -122.07222, 37.54354 ], [ -122.0722, 37.54357 ], [ -122.07222, 37.54357 ] ], [ [ -122.07182, 37.54427 ], [ -122.07177, 37.54432 ], [ -122.07193, 37.54437 ], [ -122.07182, 37.54427 ] ], [ [ -122.0719, 37.54429 ], [ -122.0719, 37.54432 ], [ -122.07195, 37.54429 ], [ -122.0719, 37.54429 ] ], [ [ -122.07198, 37.54427 ], [ -122.07195, 37.54427 ], [ -122.07195, 37.54429 ], [ -122.07198, 37.54427 ] ], [ [ -122.07141, 37.54424 ], [ -122.07144, 37.54424 ], [ -122.07141, 37.54421 ], [ -122.07141, 37.54424 ] ], [ [ -122.07133, 37.54408 ], [ -122.07144, 37.54421 ], [ -122.07158, 37.54413 ], [ -122.07133, 37.54408 ] ], [ [ -122.07117, 37.54424 ], [ -122.07117, 37.54427 ], [ -122.0712, 37.54424 ], [ -122.07117, 37.54424 ] ], [ [ -122.07241, 37.54418 ], [ -122.07241, 37.54421 ], [ -122.07244, 37.54418 ], [ -122.07241, 37.54418 ] ], [ [ -122.07136, 37.54378 ], [ -122.07136, 37.54381 ], [ -122.07139, 37.54378 ], [ -122.07136, 37.54378 ] ], [ [ -122.07206, 37.54394 ], [ -122.07206, 37.54397 ], [ -122.07209, 37.54394 ], [ -122.07206, 37.54394 ] ], [ [ -122.07185, 37.54389 ], [ -122.07185, 37.54392 ], [ -122.07187, 37.54389 ], [ -122.07185, 37.54389 ] ], [ [ -122.07096, 37.54389 ], [ -122.07096, 37.54392 ], [ -122.07098, 37.54389 ], [ -122.07096, 37.54389 ] ], [ [ -122.07117, 37.54381 ], [ -122.07117, 37.54383 ], [ -122.0712, 37.54381 ], [ -122.07117, 37.54381 ] ], [ [ -122.07212, 37.54416 ], [ -122.07212, 37.54418 ], [ -122.07214, 37.54416 ], [ -122.07212, 37.54416 ] ], [ [ -122.07133, 37.54424 ], [ -122.07133, 37.54427 ], [ -122.07136, 37.54424 ], [ -122.07133, 37.54424 ] ], [ [ -122.07141, 37.54429 ], [ -122.07141, 37.54432 ], [ -122.07144, 37.54429 ], [ -122.07141, 37.54429 ] ], [ [ -122.07209, 37.5437 ], [ -122.07209, 37.54373 ], [ -122.07212, 37.5437 ], [ -122.07209, 37.5437 ] ], [ [ -122.07101, 37.54386 ], [ -122.07101, 37.54389 ], [ -122.07104, 37.54386 ], [ -122.07101, 37.54386 ] ], [ [ -122.07144, 37.54386 ], [ -122.07144, 37.54389 ], [ -122.07147, 37.54386 ], [ -122.07144, 37.54386 ] ], [ [ -122.07222, 37.54402 ], [ -122.07222, 37.54405 ], [ -122.07228, 37.54402 ], [ -122.07222, 37.54402 ] ], [ [ -122.07152, 37.54402 ], [ -122.07152, 37.54405 ], [ -122.07158, 37.54402 ], [ -122.07152, 37.54402 ] ], [ [ -122.07109, 37.54362 ], [ -122.07109, 37.54365 ], [ -122.07115, 37.54362 ], [ -122.07109, 37.54362 ] ], [ [ -122.07104, 37.54397 ], [ -122.07104, 37.54402 ], [ -122.07106, 37.54397 ], [ -122.07104, 37.54397 ] ], [ [ -122.07071, 37.54392 ], [ -122.07071, 37.54394 ], [ -122.07077, 37.54392 ], [ -122.07071, 37.54392 ] ], [ [ -122.0723, 37.54386 ], [ -122.0723, 37.54383 ], [ -122.07228, 37.54386 ], [ -122.0723, 37.54386 ] ], [ [ -122.07225, 37.54389 ], [ -122.07228, 37.54389 ], [ -122.07228, 37.54386 ], [ -122.07225, 37.54389 ] ], [ [ -122.07123, 37.54359 ], [ -122.07123, 37.54362 ], [ -122.07128, 37.54359 ], [ -122.07123, 37.54359 ] ], [ [ -122.07106, 37.54383 ], [ -122.07109, 37.54389 ], [ -122.07112, 37.54383 ], [ -122.07106, 37.54383 ] ], [ [ -122.0723, 37.54365 ], [ -122.0723, 37.54367 ], [ -122.07239, 37.54365 ], [ -122.0723, 37.54365 ] ], [ [ -122.07147, 37.544 ], [ -122.07141, 37.544 ], [ -122.07144, 37.54405 ], [ -122.07147, 37.544 ] ], [ [ -122.07217, 37.5441 ], [ -122.07217, 37.54408 ], [ -122.07212, 37.5441 ], [ -122.07217, 37.5441 ] ], [ [ -122.07206, 37.54413 ], [ -122.07212, 37.54413 ], [ -122.07212, 37.5441 ], [ -122.07206, 37.54413 ] ], [ [ -122.07174, 37.5437 ], [ -122.07174, 37.54367 ], [ -122.07166, 37.5437 ], [ -122.07174, 37.5437 ] ], [ [ -122.0716, 37.54373 ], [ -122.07166, 37.54373 ], [ -122.07166, 37.5437 ], [ -122.0716, 37.54373 ] ], [ [ -122.07203, 37.54427 ], [ -122.07201, 37.54427 ], [ -122.07203, 37.54429 ], [ -122.07203, 37.54427 ] ], [ [ -122.07209, 37.54432 ], [ -122.07209, 37.54429 ], [ -122.07203, 37.54429 ], [ -122.07209, 37.54432 ] ], [ [ -122.07203, 37.54437 ], [ -122.07203, 37.54432 ], [ -122.07201, 37.54437 ], [ -122.07203, 37.54437 ] ], [ [ -122.07133, 37.54394 ], [ -122.07133, 37.54392 ], [ -122.07128, 37.54394 ], [ -122.07133, 37.54394 ] ], [ [ -122.07123, 37.54397 ], [ -122.07128, 37.54397 ], [ -122.07128, 37.54394 ], [ -122.07123, 37.54397 ] ], [ [ -122.07115, 37.54408 ], [ -122.07123, 37.54405 ], [ -122.07115, 37.54402 ], [ -122.07115, 37.54408 ] ], [ [ -122.07206, 37.54383 ], [ -122.07209, 37.54383 ], [ -122.07206, 37.54381 ], [ -122.07206, 37.54383 ] ], [ [ -122.07201, 37.54378 ], [ -122.07201, 37.54381 ], [ -122.07206, 37.54381 ], [ -122.07201, 37.54378 ] ], [ [ -122.07222, 37.54373 ], [ -122.07206, 37.54375 ], [ -122.07222, 37.54378 ], [ -122.07222, 37.54373 ] ], [ [ -122.07185, 37.54421 ], [ -122.07179, 37.5441 ], [ -122.07171, 37.54413 ], [ -122.07171, 37.54424 ], [ -122.07185, 37.54421 ] ], [ [ -122.07244, 37.54397 ], [ -122.07249, 37.54383 ], [ -122.07233, 37.54389 ], [ -122.07244, 37.54397 ] ], [ [ -122.07239, 37.54397 ], [ -122.07239, 37.54394 ], [ -122.07236, 37.54397 ], [ -122.07239, 37.54397 ] ], [ [ -122.0723, 37.54405 ], [ -122.07228, 37.54413 ], [ -122.07252, 37.5441 ], [ -122.0723, 37.54405 ] ], [ [ -122.07166, 37.54392 ], [ -122.0715, 37.54389 ], [ -122.07174, 37.54408 ], [ -122.07166, 37.54392 ] ], [ [ -122.07139, 37.54338 ], [ -122.07117, 37.54343 ], [ -122.0712, 37.54362 ], [ -122.07139, 37.54338 ] ] ], [ [ [ -122.07195, 37.54755 ], [ -122.07185, 37.54753 ], [ -122.07209, 37.54742 ], [ -122.07185, 37.54747 ], [ -122.07182, 37.54736 ], [ -122.07166, 37.54736 ], [ -122.07171, 37.54718 ], [ -122.07158, 37.5472 ], [ -122.07158, 37.54685 ], [ -122.07168, 37.5468 ], [ -122.07155, 37.5468 ], [ -122.07152, 37.54666 ], [ -122.07171, 37.54672 ], [ -122.07174, 37.54639 ], [ -122.07155, 37.54626 ], [ -122.07158, 37.5458 ], [ -122.07141, 37.54569 ], [ -122.07155, 37.54551 ], [ -122.07139, 37.54518 ], [ -122.07115, 37.54513 ], [ -122.07147, 37.5451 ], [ -122.07206, 37.54639 ], [ -122.07247, 37.54693 ], [ -122.07252, 37.54728 ], [ -122.07276, 37.54723 ], [ -122.07195, 37.54755 ] ], [ [ -122.07171, 37.5471 ], [ -122.07185, 37.54704 ], [ -122.07179, 37.54688 ], [ -122.07168, 37.54685 ], [ -122.07171, 37.5471 ] ], [ [ -122.07158, 37.54599 ], [ -122.07158, 37.54602 ], [ -122.07163, 37.54599 ], [ -122.07158, 37.54599 ] ], [ [ -122.07158, 37.54559 ], [ -122.07155, 37.54559 ], [ -122.07158, 37.54561 ], [ -122.07158, 37.54559 ] ], [ [ -122.07171, 37.54629 ], [ -122.07174, 37.54629 ], [ -122.07171, 37.54626 ], [ -122.07171, 37.54629 ] ], [ [ -122.07168, 37.54623 ], [ -122.07171, 37.54623 ], [ -122.07168, 37.54621 ], [ -122.07168, 37.54623 ] ], [ [ -122.07203, 37.54734 ], [ -122.07209, 37.54734 ], [ -122.07203, 37.54731 ], [ -122.07203, 37.54734 ] ], [ [ -122.07171, 37.5461 ], [ -122.07177, 37.5461 ], [ -122.07171, 37.54607 ], [ -122.07171, 37.5461 ] ] ], [ [ [ -122.0799, 37.54249 ], [ -122.08034, 37.54297 ], [ -122.08096, 37.54313 ], [ -122.08163, 37.54311 ], [ -122.0826, 37.5434 ], [ -122.08263, 37.54357 ], [ -122.08298, 37.54378 ], [ -122.08287, 37.54394 ], [ -122.08308, 37.54392 ], [ -122.08346, 37.54475 ], [ -122.08459, 37.54532 ], [ -122.08475, 37.54607 ], [ -122.08529, 37.54664 ], [ -122.08581, 37.54691 ], [ -122.08699, 37.54726 ], [ -122.08845, 37.5471 ], [ -122.08944, 37.54739 ], [ -122.08947, 37.54758 ], [ -122.08974, 37.5478 ], [ -122.08971, 37.54866 ], [ -122.08907, 37.54914 ], [ -122.08637, 37.54963 ], [ -122.08529, 37.55009 ], [ -122.08511, 37.55146 ], [ -122.08473, 37.55165 ], [ -122.08397, 37.55168 ], [ -122.08136, 37.55119 ], [ -122.07988, 37.55173 ], [ -122.07864, 37.55254 ], [ -122.07691, 37.55319 ], [ -122.07672, 37.55313 ], [ -122.07686, 37.55311 ], [ -122.07683, 37.553 ], [ -122.0767, 37.55311 ], [ -122.07662, 37.55302 ], [ -122.07667, 37.55324 ], [ -122.07648, 37.55319 ], [ -122.07621, 37.55343 ], [ -122.07592, 37.55343 ], [ -122.0754, 37.5537 ], [ -122.07511, 37.55364 ], [ -122.075, 37.55375 ], [ -122.07495, 37.55367 ], [ -122.0753, 37.55348 ], [ -122.07505, 37.55348 ], [ -122.07511, 37.55327 ], [ -122.07486, 37.55305 ], [ -122.07478, 37.5527 ], [ -122.07468, 37.5527 ], [ -122.07484, 37.55249 ], [ -122.07459, 37.55254 ], [ -122.07457, 37.55235 ], [ -122.07476, 37.55235 ], [ -122.07481, 37.55222 ], [ -122.07451, 37.55224 ], [ -122.07451, 37.55208 ], [ -122.07473, 37.55195 ], [ -122.07457, 37.55197 ], [ -122.07446, 37.55189 ], [ -122.07446, 37.55143 ], [ -122.07422, 37.55149 ], [ -122.07435, 37.55106 ], [ -122.07338, 37.55125 ], [ -122.07333, 37.55114 ], [ -122.07349, 37.55103 ], [ -122.07336, 37.55103 ], [ -122.07327, 37.55079 ], [ -122.07314, 37.55081 ], [ -122.07295, 37.55063 ], [ -122.07322, 37.55057 ], [ -122.07476, 37.55081 ], [ -122.07481, 37.55103 ], [ -122.07543, 37.55173 ], [ -122.07559, 37.55176 ], [ -122.07557, 37.55192 ], [ -122.07597, 37.55232 ], [ -122.07602, 37.55216 ], [ -122.07589, 37.55214 ], [ -122.07578, 37.55181 ], [ -122.07532, 37.55127 ], [ -122.0754, 37.55122 ], [ -122.07516, 37.551 ], [ -122.07521, 37.55076 ], [ -122.07486, 37.55052 ], [ -122.0747, 37.55022 ], [ -122.07457, 37.55025 ], [ -122.07459, 37.55038 ], [ -122.07446, 37.55025 ], [ -122.0747, 37.55011 ], [ -122.07495, 37.55033 ], [ -122.07476, 37.55006 ], [ -122.07513, 37.55006 ], [ -122.07503, 37.54982 ], [ -122.07562, 37.54885 ], [ -122.07635, 37.5485 ], [ -122.07662, 37.5485 ], [ -122.07664, 37.54825 ], [ -122.07643, 37.54823 ], [ -122.07624, 37.54842 ], [ -122.07559, 37.54866 ], [ -122.07495, 37.54971 ], [ -122.07403, 37.55036 ], [ -122.073, 37.55044 ], [ -122.07217, 37.55009 ], [ -122.07171, 37.55003 ], [ -122.07001, 37.55063 ], [ -122.06974, 37.55068 ], [ -122.06977, 37.55057 ], [ -122.07144, 37.54979 ], [ -122.07621, 37.54804 ], [ -122.07616, 37.54785 ], [ -122.07594, 37.54782 ], [ -122.07573, 37.54809 ], [ -122.07422, 37.54866 ], [ -122.07403, 37.54869 ], [ -122.07414, 37.54863 ], [ -122.07406, 37.54852 ], [ -122.07371, 37.54858 ], [ -122.074, 37.5485 ], [ -122.07411, 37.54834 ], [ -122.074, 37.54831 ], [ -122.07438, 37.54823 ], [ -122.07416, 37.54815 ], [ -122.07411, 37.54804 ], [ -122.07424, 37.54798 ], [ -122.07406, 37.54793 ], [ -122.07414, 37.54772 ], [ -122.07392, 37.54758 ], [ -122.07403, 37.5475 ], [ -122.07392, 37.54734 ], [ -122.07408, 37.54734 ], [ -122.07411, 37.5472 ], [ -122.07392, 37.54707 ], [ -122.07387, 37.54726 ], [ -122.07387, 37.54718 ], [ -122.07379, 37.54715 ], [ -122.07379, 37.54707 ], [ -122.07387, 37.54701 ], [ -122.07373, 37.54699 ], [ -122.07406, 37.54677 ], [ -122.07292, 37.54718 ], [ -122.073, 37.54701 ], [ -122.07341, 37.54685 ], [ -122.07319, 37.5468 ], [ -122.07341, 37.54672 ], [ -122.07338, 37.54661 ], [ -122.07327, 37.54669 ], [ -122.07309, 37.54656 ], [ -122.07346, 37.54634 ], [ -122.07309, 37.54634 ], [ -122.07314, 37.54618 ], [ -122.07306, 37.54623 ], [ -122.073, 37.54613 ], [ -122.07314, 37.54591 ], [ -122.07287, 37.54586 ], [ -122.07303, 37.54572 ], [ -122.07292, 37.54575 ], [ -122.07295, 37.54564 ], [ -122.07279, 37.54559 ], [ -122.07292, 37.54553 ], [ -122.07271, 37.54542 ], [ -122.07284, 37.54507 ], [ -122.07257, 37.5451 ], [ -122.07255, 37.54499 ], [ -122.07244, 37.54507 ], [ -122.07255, 37.54462 ], [ -122.07365, 37.54424 ], [ -122.07459, 37.54607 ], [ -122.07473, 37.54594 ], [ -122.07449, 37.54577 ], [ -122.07454, 37.54553 ], [ -122.07433, 37.54545 ], [ -122.07433, 37.54529 ], [ -122.07451, 37.54524 ], [ -122.07443, 37.5451 ], [ -122.07454, 37.54502 ], [ -122.07441, 37.54497 ], [ -122.07446, 37.54489 ], [ -122.07435, 37.54499 ], [ -122.07414, 37.54491 ], [ -122.07424, 37.54462 ], [ -122.07376, 37.54418 ], [ -122.07772, 37.54265 ], [ -122.07821, 37.5427 ], [ -122.07826, 37.54284 ], [ -122.07891, 37.543 ], [ -122.07934, 37.54289 ], [ -122.0791, 37.54289 ], [ -122.07888, 37.54257 ], [ -122.0788, 37.54262 ], [ -122.07864, 37.54235 ], [ -122.07896, 37.54224 ], [ -122.07907, 37.54246 ], [ -122.07928, 37.54251 ], [ -122.07901, 37.54227 ], [ -122.07934, 37.54222 ], [ -122.0799, 37.54249 ] ], [ [ -122.08031, 37.543 ], [ -122.08034, 37.543 ], [ -122.08034, 37.54297 ], [ -122.08031, 37.543 ] ], [ [ -122.08028, 37.54303 ], [ -122.08031, 37.54303 ], [ -122.08031, 37.543 ], [ -122.08028, 37.54303 ] ], [ [ -122.08023, 37.54308 ], [ -122.08028, 37.54308 ], [ -122.08028, 37.54303 ], [ -122.08023, 37.54308 ] ], [ [ -122.075, 37.55041 ], [ -122.07497, 37.55033 ], [ -122.07495, 37.55033 ], [ -122.075, 37.55041 ] ], [ [ -122.07505, 37.55046 ], [ -122.07505, 37.55041 ], [ -122.075, 37.55041 ], [ -122.07505, 37.55046 ] ], [ [ -122.07414, 37.54718 ], [ -122.07411, 37.54718 ], [ -122.07411, 37.5472 ], [ -122.07414, 37.54718 ] ], [ [ -122.07414, 37.54675 ], [ -122.07406, 37.54675 ], [ -122.07406, 37.54677 ], [ -122.07414, 37.54675 ] ], [ [ -122.07344, 37.54675 ], [ -122.07344, 37.54672 ], [ -122.07341, 37.54672 ], [ -122.07344, 37.54675 ] ], [ [ -122.07257, 37.54497 ], [ -122.07255, 37.54497 ], [ -122.07255, 37.54499 ], [ -122.07257, 37.54497 ] ], [ [ -122.07263, 37.54494 ], [ -122.07257, 37.54491 ], [ -122.07257, 37.54497 ], [ -122.07263, 37.54494 ] ], [ [ -122.07519, 37.55364 ], [ -122.07521, 37.55362 ], [ -122.07519, 37.55362 ], [ -122.07519, 37.55364 ] ], [ [ -122.075, 37.55308 ], [ -122.07511, 37.55302 ], [ -122.07503, 37.553 ], [ -122.075, 37.55308 ] ], [ [ -122.07511, 37.55305 ], [ -122.07513, 37.55308 ], [ -122.07513, 37.55305 ], [ -122.07511, 37.55305 ] ], [ [ -122.07459, 37.55214 ], [ -122.07465, 37.55216 ], [ -122.07465, 37.55214 ], [ -122.07459, 37.55214 ] ], [ [ -122.07457, 37.55205 ], [ -122.07459, 37.55208 ], [ -122.07459, 37.55205 ], [ -122.07457, 37.55205 ] ], [ [ -122.07462, 37.55203 ], [ -122.07465, 37.55208 ], [ -122.07468, 37.55203 ], [ -122.07462, 37.55203 ] ], [ [ -122.0747, 37.552 ], [ -122.07468, 37.552 ], [ -122.07468, 37.55203 ], [ -122.0747, 37.552 ] ], [ [ -122.07454, 37.55192 ], [ -122.07457, 37.55187 ], [ -122.07454, 37.55187 ], [ -122.07454, 37.55192 ] ], [ [ -122.07508, 37.55046 ], [ -122.07538, 37.55087 ], [ -122.0754, 37.55087 ], [ -122.07508, 37.55046 ] ], [ [ -122.07546, 37.55087 ], [ -122.07548, 37.551 ], [ -122.07554, 37.551 ], [ -122.07546, 37.55087 ] ], [ [ -122.0761, 37.54866 ], [ -122.07613, 37.54869 ], [ -122.07613, 37.54866 ], [ -122.0761, 37.54866 ] ], [ [ -122.07422, 37.54815 ], [ -122.0743, 37.54812 ], [ -122.07422, 37.54812 ], [ -122.07422, 37.54815 ] ], [ [ -122.07411, 37.54731 ], [ -122.07414, 37.54734 ], [ -122.07414, 37.54731 ], [ -122.07411, 37.54731 ] ], [ [ -122.07381, 37.54715 ], [ -122.07384, 37.54712 ], [ -122.07381, 37.54712 ], [ -122.07381, 37.54715 ] ], [ [ -122.07311, 37.54699 ], [ -122.07317, 37.54707 ], [ -122.0733, 37.54696 ], [ -122.07311, 37.54699 ] ], [ [ -122.07338, 37.54642 ], [ -122.07341, 37.54645 ], [ -122.07341, 37.54642 ], [ -122.07338, 37.54642 ] ], [ [ -122.07314, 37.54626 ], [ -122.07317, 37.54629 ], [ -122.07317, 37.54626 ], [ -122.07314, 37.54626 ] ], [ [ -122.07311, 37.54618 ], [ -122.07309, 37.54615 ], [ -122.07309, 37.54618 ], [ -122.07311, 37.54618 ] ], [ [ -122.07298, 37.54545 ], [ -122.07306, 37.54556 ], [ -122.07314, 37.54545 ], [ -122.07298, 37.54545 ] ], [ [ -122.07449, 37.54513 ], [ -122.07451, 37.5451 ], [ -122.07449, 37.5451 ], [ -122.07449, 37.54513 ] ], [ [ -122.07406, 37.54437 ], [ -122.07414, 37.54432 ], [ -122.07406, 37.54432 ], [ -122.07406, 37.54437 ] ], [ [ -122.07934, 37.54286 ], [ -122.07937, 37.54284 ], [ -122.07934, 37.54284 ], [ -122.07934, 37.54286 ] ], [ [ -122.07524, 37.55346 ], [ -122.07527, 37.55343 ], [ -122.07524, 37.55343 ], [ -122.07524, 37.55346 ] ], [ [ -122.075, 37.5527 ], [ -122.07503, 37.55267 ], [ -122.075, 37.55267 ], [ -122.075, 37.5527 ] ], [ [ -122.07486, 37.55251 ], [ -122.07489, 37.55249 ], [ -122.07486, 37.55249 ], [ -122.07486, 37.55251 ] ], [ [ -122.0743, 37.54669 ], [ -122.07433, 37.54666 ], [ -122.0743, 37.54666 ], [ -122.0743, 37.54669 ] ], [ [ -122.0757, 37.54774 ], [ -122.07573, 37.54772 ], [ -122.0757, 37.54772 ], [ -122.0757, 37.54774 ] ], [ [ -122.07327, 37.54664 ], [ -122.0733, 37.54661 ], [ -122.07327, 37.54661 ], [ -122.07327, 37.54664 ] ], [ [ -122.07416, 37.54675 ], [ -122.07419, 37.54672 ], [ -122.07416, 37.54672 ], [ -122.07416, 37.54675 ] ], [ [ -122.07395, 37.54675 ], [ -122.07398, 37.54672 ], [ -122.07395, 37.54672 ], [ -122.07395, 37.54675 ] ], [ [ -122.07346, 37.54524 ], [ -122.07349, 37.54521 ], [ -122.07346, 37.54521 ], [ -122.07346, 37.54524 ] ], [ [ -122.07352, 37.55106 ], [ -122.07354, 37.55103 ], [ -122.07352, 37.55103 ], [ -122.07352, 37.55106 ] ], [ [ -122.0771, 37.54823 ], [ -122.07713, 37.5482 ], [ -122.0771, 37.5482 ], [ -122.0771, 37.54823 ] ], [ [ -122.07346, 37.55084 ], [ -122.07349, 37.55081 ], [ -122.07346, 37.55081 ], [ -122.07346, 37.55084 ] ], [ [ -122.07953, 37.54373 ], [ -122.07955, 37.5437 ], [ -122.07953, 37.5437 ], [ -122.07953, 37.54373 ] ], [ [ -122.074, 37.54707 ], [ -122.07403, 37.54704 ], [ -122.074, 37.54704 ], [ -122.074, 37.54707 ] ], [ [ -122.08273, 37.55084 ], [ -122.08276, 37.55081 ], [ -122.08273, 37.55081 ], [ -122.08273, 37.55084 ] ], [ [ -122.07888, 37.54583 ], [ -122.07891, 37.5458 ], [ -122.07888, 37.5458 ], [ -122.07888, 37.54583 ] ], [ [ -122.07325, 37.54516 ], [ -122.07327, 37.54513 ], [ -122.07325, 37.54513 ], [ -122.07325, 37.54516 ] ], [ [ -122.07298, 37.54567 ], [ -122.073, 37.54564 ], [ -122.07298, 37.54564 ], [ -122.07298, 37.54567 ] ], [ [ -122.07441, 37.54801 ], [ -122.07443, 37.54798 ], [ -122.07441, 37.54798 ], [ -122.07441, 37.54801 ] ], [ [ -122.07457, 37.55178 ], [ -122.07459, 37.55176 ], [ -122.07457, 37.55176 ], [ -122.07457, 37.55178 ] ], [ [ -122.07856, 37.54505 ], [ -122.07858, 37.54502 ], [ -122.07856, 37.54502 ], [ -122.07856, 37.54505 ] ], [ [ -122.07853, 37.54513 ], [ -122.07856, 37.5451 ], [ -122.07853, 37.5451 ], [ -122.07853, 37.54513 ] ], [ [ -122.07853, 37.54526 ], [ -122.07856, 37.54524 ], [ -122.07853, 37.54524 ], [ -122.07853, 37.54526 ] ], [ [ -122.07457, 37.54572 ], [ -122.07459, 37.54569 ], [ -122.07457, 37.54569 ], [ -122.07457, 37.54572 ] ], [ [ -122.07465, 37.54548 ], [ -122.07468, 37.54545 ], [ -122.07465, 37.54545 ], [ -122.07465, 37.54548 ] ], [ [ -122.07818, 37.54284 ], [ -122.07821, 37.54281 ], [ -122.07818, 37.54281 ], [ -122.07818, 37.54284 ] ], [ [ -122.0747, 37.54648 ], [ -122.07473, 37.54645 ], [ -122.0747, 37.54645 ], [ -122.0747, 37.54648 ] ], [ [ -122.0843, 37.55038 ], [ -122.08432, 37.55036 ], [ -122.0843, 37.55036 ], [ -122.0843, 37.55038 ] ], [ [ -122.07772, 37.54774 ], [ -122.07775, 37.54772 ], [ -122.07772, 37.54772 ], [ -122.07772, 37.54774 ] ], [ [ -122.07295, 37.5448 ], [ -122.07298, 37.54478 ], [ -122.07295, 37.54478 ], [ -122.07295, 37.5448 ] ], [ [ -122.07284, 37.54939 ], [ -122.07287, 37.54936 ], [ -122.07284, 37.54936 ], [ -122.07284, 37.54939 ] ], [ [ -122.07265, 37.54491 ], [ -122.07268, 37.54489 ], [ -122.07265, 37.54489 ], [ -122.07265, 37.54491 ] ], [ [ -122.07422, 37.54491 ], [ -122.07424, 37.54489 ], [ -122.07422, 37.54489 ], [ -122.07422, 37.54491 ] ], [ [ -122.07586, 37.5496 ], [ -122.07589, 37.54957 ], [ -122.07586, 37.54957 ], [ -122.07586, 37.5496 ] ], [ [ -122.07597, 37.55138 ], [ -122.076, 37.55135 ], [ -122.07597, 37.55135 ], [ -122.07597, 37.55138 ] ], [ [ -122.07602, 37.54941 ], [ -122.07605, 37.54939 ], [ -122.07602, 37.54939 ], [ -122.07602, 37.54941 ] ], [ [ -122.0774, 37.54825 ], [ -122.07742, 37.54823 ], [ -122.0774, 37.54823 ], [ -122.0774, 37.54825 ] ], [ [ -122.07732, 37.5461 ], [ -122.07734, 37.54607 ], [ -122.07732, 37.54607 ], [ -122.07732, 37.5461 ] ], [ [ -122.07624, 37.55265 ], [ -122.07627, 37.55262 ], [ -122.07624, 37.55262 ], [ -122.07624, 37.55265 ] ], [ [ -122.07672, 37.54844 ], [ -122.07675, 37.54842 ], [ -122.07672, 37.54842 ], [ -122.07672, 37.54844 ] ], [ [ -122.07718, 37.55181 ], [ -122.07721, 37.55178 ], [ -122.07718, 37.55178 ], [ -122.07718, 37.55181 ] ], [ [ -122.07678, 37.54834 ], [ -122.0768, 37.54831 ], [ -122.07678, 37.54831 ], [ -122.07678, 37.54834 ] ], [ [ -122.07683, 37.54516 ], [ -122.07686, 37.54513 ], [ -122.07683, 37.54513 ], [ -122.07683, 37.54516 ] ], [ [ -122.08605, 37.54815 ], [ -122.08608, 37.54812 ], [ -122.08605, 37.54812 ], [ -122.08605, 37.54815 ] ], [ [ -122.07686, 37.54825 ], [ -122.07689, 37.54823 ], [ -122.07686, 37.54823 ], [ -122.07686, 37.54825 ] ], [ [ -122.08017, 37.54313 ], [ -122.0802, 37.54311 ], [ -122.08017, 37.54311 ], [ -122.08017, 37.54313 ] ], [ [ -122.07697, 37.55284 ], [ -122.07699, 37.55281 ], [ -122.07697, 37.55281 ], [ -122.07697, 37.55284 ] ], [ [ -122.07443, 37.54443 ], [ -122.07446, 37.5444 ], [ -122.07443, 37.5444 ], [ -122.07443, 37.54443 ] ], [ [ -122.07454, 37.54561 ], [ -122.07457, 37.54559 ], [ -122.07454, 37.54559 ], [ -122.07454, 37.54561 ] ], [ [ -122.07842, 37.54513 ], [ -122.07845, 37.5451 ], [ -122.07842, 37.5451 ], [ -122.07842, 37.54513 ] ], [ [ -122.07438, 37.5479 ], [ -122.07441, 37.54788 ], [ -122.07438, 37.54788 ], [ -122.07438, 37.5479 ] ], [ [ -122.07503, 37.55278 ], [ -122.07505, 37.55275 ], [ -122.07503, 37.55275 ], [ -122.07503, 37.55278 ] ], [ [ -122.07667, 37.5482 ], [ -122.0767, 37.54817 ], [ -122.07667, 37.54817 ], [ -122.07667, 37.5482 ] ], [ [ -122.07513, 37.55302 ], [ -122.07516, 37.553 ], [ -122.07513, 37.553 ], [ -122.07513, 37.55302 ] ], [ [ -122.07872, 37.54243 ], [ -122.07875, 37.54241 ], [ -122.07872, 37.54241 ], [ -122.07872, 37.54243 ] ], [ [ -122.07527, 37.54666 ], [ -122.0753, 37.54664 ], [ -122.07527, 37.54664 ], [ -122.07527, 37.54666 ] ], [ [ -122.07532, 37.54631 ], [ -122.07535, 37.54629 ], [ -122.07532, 37.54629 ], [ -122.07532, 37.54631 ] ], [ [ -122.07414, 37.54785 ], [ -122.07416, 37.54782 ], [ -122.07414, 37.54782 ], [ -122.07414, 37.54785 ] ], [ [ -122.07408, 37.5475 ], [ -122.07411, 37.54747 ], [ -122.07408, 37.54747 ], [ -122.07408, 37.5475 ] ], [ [ -122.08265, 37.54408 ], [ -122.08268, 37.54405 ], [ -122.08265, 37.54405 ], [ -122.08265, 37.54408 ] ], [ [ -122.07972, 37.54483 ], [ -122.07974, 37.5448 ], [ -122.07972, 37.5448 ], [ -122.07972, 37.54483 ] ], [ [ -122.07597, 37.55149 ], [ -122.076, 37.55146 ], [ -122.07597, 37.55146 ], [ -122.07597, 37.55149 ] ], [ [ -122.07891, 37.54397 ], [ -122.07893, 37.54394 ], [ -122.07891, 37.54394 ], [ -122.07891, 37.54397 ] ], [ [ -122.07284, 37.54521 ], [ -122.0729, 37.54518 ], [ -122.07284, 37.54518 ], [ -122.07284, 37.54521 ] ], [ [ -122.07883, 37.54246 ], [ -122.07888, 37.54243 ], [ -122.07883, 37.54243 ], [ -122.07883, 37.54246 ] ], [ [ -122.07769, 37.5478 ], [ -122.07775, 37.54777 ], [ -122.07769, 37.54777 ], [ -122.07769, 37.5478 ] ], [ [ -122.07357, 37.54669 ], [ -122.07362, 37.54666 ], [ -122.07357, 37.54666 ], [ -122.07357, 37.54669 ] ], [ [ -122.07869, 37.54516 ], [ -122.07875, 37.54513 ], [ -122.07869, 37.54513 ], [ -122.07869, 37.54516 ] ], [ [ -122.07449, 37.54545 ], [ -122.07454, 37.54542 ], [ -122.07449, 37.54542 ], [ -122.07449, 37.54545 ] ], [ [ -122.07721, 37.54831 ], [ -122.07726, 37.54828 ], [ -122.07721, 37.54828 ], [ -122.07721, 37.54831 ] ], [ [ -122.07888, 37.54249 ], [ -122.07885, 37.54251 ], [ -122.07888, 37.54251 ], [ -122.07888, 37.54249 ] ], [ [ -122.07883, 37.54254 ], [ -122.07885, 37.54254 ], [ -122.07885, 37.54251 ], [ -122.07883, 37.54254 ] ], [ [ -122.07489, 37.55254 ], [ -122.07486, 37.55257 ], [ -122.07489, 37.55257 ], [ -122.07489, 37.55254 ] ], [ [ -122.07484, 37.55259 ], [ -122.07486, 37.55259 ], [ -122.07486, 37.55257 ], [ -122.07484, 37.55259 ] ], [ [ -122.0754, 37.5513 ], [ -122.07546, 37.55127 ], [ -122.0754, 37.55127 ], [ -122.0754, 37.5513 ] ], [ [ -122.07713, 37.55302 ], [ -122.07718, 37.553 ], [ -122.07713, 37.553 ], [ -122.07713, 37.55302 ] ], [ [ -122.07543, 37.54704 ], [ -122.07546, 37.54699 ], [ -122.07543, 37.54699 ], [ -122.07543, 37.54704 ] ], [ [ -122.07414, 37.54836 ], [ -122.07419, 37.54834 ], [ -122.07414, 37.54834 ], [ -122.07414, 37.54836 ] ], [ [ -122.07718, 37.55189 ], [ -122.07721, 37.55184 ], [ -122.07718, 37.55184 ], [ -122.07718, 37.55189 ] ], [ [ -122.07484, 37.55246 ], [ -122.07486, 37.5524 ], [ -122.07484, 37.5524 ], [ -122.07484, 37.55246 ] ], [ [ -122.07764, 37.54666 ], [ -122.07769, 37.54664 ], [ -122.07764, 37.54664 ], [ -122.07764, 37.54666 ] ], [ [ -122.07495, 37.55265 ], [ -122.075, 37.55262 ], [ -122.07495, 37.55262 ], [ -122.07495, 37.55265 ] ], [ [ -122.07486, 37.55294 ], [ -122.07492, 37.55292 ], [ -122.07486, 37.55292 ], [ -122.07486, 37.55294 ] ], [ [ -122.08594, 37.5486 ], [ -122.08597, 37.54855 ], [ -122.08594, 37.54855 ], [ -122.08594, 37.5486 ] ], [ [ -122.07651, 37.5486 ], [ -122.07656, 37.54858 ], [ -122.07651, 37.54858 ], [ -122.07651, 37.5486 ] ], [ [ -122.07465, 37.54631 ], [ -122.0747, 37.54629 ], [ -122.07465, 37.54629 ], [ -122.07465, 37.54631 ] ], [ [ -122.07818, 37.54817 ], [ -122.07826, 37.54815 ], [ -122.07818, 37.54815 ], [ -122.07818, 37.54817 ] ], [ [ -122.07578, 37.55111 ], [ -122.07575, 37.55108 ], [ -122.07575, 37.55114 ], [ -122.07578, 37.55111 ] ], [ [ -122.07462, 37.54623 ], [ -122.07468, 37.54621 ], [ -122.07462, 37.54621 ], [ -122.07462, 37.54623 ] ], [ [ -122.0743, 37.54774 ], [ -122.07427, 37.54772 ], [ -122.07427, 37.54774 ], [ -122.0743, 37.54774 ] ], [ [ -122.07424, 37.54769 ], [ -122.07424, 37.54772 ], [ -122.07427, 37.54772 ], [ -122.07424, 37.54769 ] ], [ [ -122.07422, 37.54766 ], [ -122.07422, 37.54769 ], [ -122.07424, 37.54769 ], [ -122.07422, 37.54766 ] ], [ [ -122.07818, 37.54672 ], [ -122.07815, 37.54675 ], [ -122.07818, 37.54675 ], [ -122.07818, 37.54672 ] ], [ [ -122.07813, 37.5468 ], [ -122.07815, 37.5468 ], [ -122.07815, 37.54675 ], [ -122.07813, 37.5468 ] ], [ [ -122.0795, 37.54373 ], [ -122.07947, 37.54375 ], [ -122.0795, 37.54375 ], [ -122.0795, 37.54373 ] ], [ [ -122.07942, 37.54378 ], [ -122.07947, 37.54378 ], [ -122.07947, 37.54375 ], [ -122.07942, 37.54378 ] ], [ [ -122.07551, 37.54793 ], [ -122.07557, 37.54788 ], [ -122.07554, 37.54788 ], [ -122.07551, 37.54793 ] ], [ [ -122.07748, 37.54631 ], [ -122.07745, 37.54634 ], [ -122.07748, 37.54634 ], [ -122.07748, 37.54631 ] ], [ [ -122.07742, 37.54639 ], [ -122.07745, 37.54639 ], [ -122.07745, 37.54634 ], [ -122.07742, 37.54639 ] ], [ [ -122.07441, 37.5454 ], [ -122.07446, 37.54534 ], [ -122.07441, 37.54534 ], [ -122.07441, 37.5454 ] ], [ [ -122.07443, 37.54817 ], [ -122.07449, 37.54812 ], [ -122.07443, 37.54812 ], [ -122.07443, 37.54817 ] ], [ [ -122.07573, 37.55119 ], [ -122.07567, 37.55114 ], [ -122.07567, 37.55119 ], [ -122.07573, 37.55119 ] ], [ [ -122.07516, 37.55036 ], [ -122.07511, 37.55041 ], [ -122.07519, 37.55041 ], [ -122.07516, 37.55036 ] ], [ [ -122.07557, 37.54753 ], [ -122.07562, 37.54747 ], [ -122.07557, 37.54747 ], [ -122.07557, 37.54753 ] ], [ [ -122.07519, 37.55321 ], [ -122.07513, 37.55327 ], [ -122.07521, 37.55327 ], [ -122.07519, 37.55321 ] ], [ [ -122.07414, 37.54736 ], [ -122.07411, 37.54739 ], [ -122.07414, 37.54739 ], [ -122.07414, 37.54736 ] ], [ [ -122.07406, 37.54736 ], [ -122.07411, 37.54742 ], [ -122.07411, 37.54739 ], [ -122.07406, 37.54736 ] ], [ [ -122.07449, 37.5513 ], [ -122.07443, 37.55135 ], [ -122.07449, 37.55135 ], [ -122.07449, 37.5513 ] ], [ [ -122.07441, 37.55138 ], [ -122.07443, 37.55138 ], [ -122.07443, 37.55135 ], [ -122.07441, 37.55138 ] ], [ [ -122.07702, 37.5482 ], [ -122.07705, 37.54825 ], [ -122.07707, 37.5482 ], [ -122.07702, 37.5482 ] ], [ [ -122.07478, 37.55216 ], [ -122.07473, 37.55214 ], [ -122.07473, 37.55216 ], [ -122.07478, 37.55216 ] ], [ [ -122.07468, 37.55211 ], [ -122.07468, 37.55214 ], [ -122.07473, 37.55214 ], [ -122.07468, 37.55211 ] ], [ [ -122.07802, 37.54693 ], [ -122.07796, 37.54696 ], [ -122.07802, 37.54696 ], [ -122.07802, 37.54693 ] ], [ [ -122.07794, 37.54701 ], [ -122.07796, 37.54701 ], [ -122.07796, 37.54696 ], [ -122.07794, 37.54701 ] ], [ [ -122.07341, 37.55073 ], [ -122.07338, 37.55076 ], [ -122.07341, 37.55076 ], [ -122.07341, 37.55073 ] ], [ [ -122.0733, 37.55079 ], [ -122.07338, 37.55079 ], [ -122.07338, 37.55076 ], [ -122.0733, 37.55079 ] ], [ [ -122.07268, 37.54478 ], [ -122.07271, 37.5447 ], [ -122.07268, 37.5447 ], [ -122.07268, 37.54478 ] ], [ [ -122.07503, 37.55017 ], [ -122.07495, 37.55022 ], [ -122.07503, 37.55025 ], [ -122.07503, 37.55017 ] ], [ [ -122.07527, 37.55038 ], [ -122.07532, 37.55033 ], [ -122.07527, 37.55033 ], [ -122.07527, 37.55038 ] ], [ [ -122.07645, 37.54882 ], [ -122.07654, 37.54877 ], [ -122.07645, 37.54877 ], [ -122.07645, 37.54882 ] ], [ [ -122.07497, 37.5527 ], [ -122.07489, 37.55273 ], [ -122.07497, 37.55273 ], [ -122.07497, 37.5527 ] ], [ [ -122.07481, 37.55275 ], [ -122.07489, 37.55275 ], [ -122.07489, 37.55273 ], [ -122.07481, 37.55275 ] ], [ [ -122.07492, 37.55267 ], [ -122.07489, 37.55262 ], [ -122.07484, 37.55262 ], [ -122.07492, 37.55267 ] ], [ [ -122.07486, 37.55267 ], [ -122.07481, 37.5527 ], [ -122.07486, 37.5527 ], [ -122.07486, 37.55267 ] ], [ [ -122.07718, 37.54831 ], [ -122.07707, 37.54834 ], [ -122.07718, 37.54834 ], [ -122.07718, 37.54831 ] ], [ [ -122.07702, 37.54836 ], [ -122.07707, 37.54836 ], [ -122.07707, 37.54834 ], [ -122.07702, 37.54836 ] ], [ [ -122.08376, 37.55052 ], [ -122.08368, 37.55055 ], [ -122.08376, 37.55055 ], [ -122.08376, 37.55052 ] ], [ [ -122.0836, 37.55057 ], [ -122.08368, 37.55057 ], [ -122.08368, 37.55055 ], [ -122.0836, 37.55057 ] ], [ [ -122.07478, 37.54631 ], [ -122.07476, 37.54634 ], [ -122.07478, 37.54634 ], [ -122.07478, 37.54631 ] ], [ [ -122.07476, 37.54637 ], [ -122.07465, 37.54637 ], [ -122.07468, 37.54642 ], [ -122.07476, 37.54637 ] ], [ [ -122.07311, 37.54491 ], [ -122.07322, 37.54486 ], [ -122.07311, 37.54489 ], [ -122.07311, 37.54491 ] ], [ [ -122.07589, 37.55138 ], [ -122.07586, 37.55135 ], [ -122.07586, 37.55138 ], [ -122.07589, 37.55138 ] ], [ [ -122.07583, 37.55133 ], [ -122.07583, 37.55135 ], [ -122.07586, 37.55135 ], [ -122.07583, 37.55133 ] ], [ [ -122.07581, 37.5513 ], [ -122.07581, 37.55133 ], [ -122.07583, 37.55133 ], [ -122.07581, 37.5513 ] ], [ [ -122.07575, 37.5513 ], [ -122.07578, 37.55122 ], [ -122.07573, 37.55122 ], [ -122.07575, 37.5513 ] ], [ [ -122.07567, 37.55098 ], [ -122.07562, 37.55106 ], [ -122.07567, 37.55106 ], [ -122.07567, 37.55098 ] ], [ [ -122.07557, 37.55103 ], [ -122.07562, 37.55111 ], [ -122.07562, 37.55106 ], [ -122.07557, 37.55103 ] ], [ [ -122.07767, 37.54772 ], [ -122.07761, 37.54777 ], [ -122.07767, 37.54777 ], [ -122.07767, 37.54772 ] ], [ [ -122.07759, 37.54777 ], [ -122.07751, 37.54772 ], [ -122.07751, 37.54777 ], [ -122.07759, 37.54777 ] ], [ [ -122.07476, 37.55238 ], [ -122.07473, 37.5524 ], [ -122.07476, 37.5524 ], [ -122.07476, 37.55238 ] ], [ [ -122.07473, 37.55246 ], [ -122.07465, 37.55238 ], [ -122.07465, 37.55246 ], [ -122.07473, 37.55246 ] ], [ [ -122.07462, 37.55249 ], [ -122.07465, 37.55249 ], [ -122.07465, 37.55246 ], [ -122.07462, 37.55249 ] ], [ [ -122.07737, 37.54769 ], [ -122.07742, 37.54777 ], [ -122.07748, 37.54769 ], [ -122.07737, 37.54769 ] ], [ [ -122.07287, 37.54459 ], [ -122.07284, 37.54464 ], [ -122.07287, 37.54464 ], [ -122.07287, 37.54459 ] ], [ [ -122.07284, 37.54472 ], [ -122.07276, 37.54464 ], [ -122.07279, 37.54472 ], [ -122.07284, 37.54472 ] ], [ [ -122.07726, 37.5482 ], [ -122.07732, 37.54815 ], [ -122.07716, 37.5482 ], [ -122.07726, 37.5482 ] ], [ [ -122.07716, 37.54817 ], [ -122.07705, 37.54815 ], [ -122.07705, 37.54817 ], [ -122.07716, 37.54817 ] ], [ [ -122.07473, 37.54615 ], [ -122.07462, 37.5461 ], [ -122.07459, 37.54618 ], [ -122.07473, 37.54615 ] ], [ [ -122.08357, 37.55057 ], [ -122.08349, 37.5506 ], [ -122.08357, 37.5506 ], [ -122.08357, 37.55057 ] ], [ [ -122.08349, 37.55063 ], [ -122.08325, 37.55065 ], [ -122.08325, 37.55068 ], [ -122.08349, 37.55063 ] ], [ [ -122.08422, 37.55038 ], [ -122.08414, 37.55041 ], [ -122.08422, 37.55041 ], [ -122.08422, 37.55038 ] ], [ [ -122.08405, 37.55044 ], [ -122.08414, 37.55044 ], [ -122.08414, 37.55041 ], [ -122.08405, 37.55044 ] ], [ [ -122.08397, 37.55046 ], [ -122.08405, 37.55046 ], [ -122.08405, 37.55044 ], [ -122.08397, 37.55046 ] ], [ [ -122.08387, 37.55049 ], [ -122.08397, 37.55049 ], [ -122.08397, 37.55046 ], [ -122.08387, 37.55049 ] ], [ [ -122.08381, 37.55052 ], [ -122.08387, 37.55052 ], [ -122.08387, 37.55049 ], [ -122.08381, 37.55052 ] ], [ [ -122.0733, 37.54534 ], [ -122.07349, 37.54529 ], [ -122.07333, 37.54526 ], [ -122.0733, 37.54534 ] ], [ [ -122.07637, 37.54807 ], [ -122.07645, 37.54796 ], [ -122.07627, 37.54801 ], [ -122.07637, 37.54807 ] ], [ [ -122.07411, 37.54685 ], [ -122.07408, 37.54688 ], [ -122.07411, 37.54688 ], [ -122.07411, 37.54685 ] ], [ [ -122.07398, 37.54693 ], [ -122.07408, 37.54691 ], [ -122.07408, 37.54688 ], [ -122.07398, 37.54693 ] ], [ [ -122.07384, 37.54699 ], [ -122.07398, 37.54701 ], [ -122.07398, 37.54693 ], [ -122.07384, 37.54699 ] ], [ [ -122.07489, 37.55286 ], [ -122.07505, 37.55281 ], [ -122.07492, 37.55275 ], [ -122.07489, 37.55286 ] ], [ [ -122.07686, 37.55141 ], [ -122.07678, 37.55133 ], [ -122.07672, 37.55138 ], [ -122.07683, 37.55149 ], [ -122.07686, 37.55141 ] ], [ [ -122.07557, 37.54772 ], [ -122.07548, 37.54785 ], [ -122.07554, 37.54782 ], [ -122.07567, 37.54782 ], [ -122.07557, 37.54772 ] ], [ [ -122.08591, 37.54898 ], [ -122.08599, 37.54879 ], [ -122.08594, 37.54869 ], [ -122.08591, 37.54898 ] ], [ [ -122.07624, 37.55259 ], [ -122.07616, 37.55243 ], [ -122.07605, 37.55238 ], [ -122.07624, 37.55259 ] ], [ [ -122.076, 37.55235 ], [ -122.076, 37.55238 ], [ -122.07605, 37.55238 ], [ -122.076, 37.55235 ] ], [ [ -122.07761, 37.54769 ], [ -122.07778, 37.54766 ], [ -122.07759, 37.54755 ], [ -122.07751, 37.54769 ], [ -122.07761, 37.54769 ] ], [ [ -122.07608, 37.55125 ], [ -122.07602, 37.55127 ], [ -122.07608, 37.55127 ], [ -122.07608, 37.55125 ] ], [ [ -122.076, 37.55108 ], [ -122.07589, 37.55103 ], [ -122.07583, 37.55122 ], [ -122.076, 37.55127 ], [ -122.076, 37.55108 ] ], [ [ -122.07554, 37.55076 ], [ -122.07554, 37.55084 ], [ -122.07559, 37.55084 ], [ -122.07554, 37.55076 ] ], [ [ -122.07521, 37.55049 ], [ -122.07551, 37.55073 ], [ -122.07548, 37.55055 ], [ -122.0754, 37.55063 ], [ -122.07532, 37.55049 ], [ -122.07521, 37.55049 ] ], [ [ -122.08217, 37.54451 ], [ -122.08214, 37.54454 ], [ -122.08217, 37.54454 ], [ -122.08217, 37.54451 ] ], [ [ -122.08214, 37.54456 ], [ -122.08193, 37.54467 ], [ -122.08193, 37.54472 ], [ -122.08214, 37.54456 ] ], [ [ -122.08017, 37.54626 ], [ -122.08009, 37.54642 ], [ -122.0819, 37.5448 ], [ -122.08187, 37.54472 ], [ -122.08017, 37.54626 ] ], [ [ -122.07767, 37.54677 ], [ -122.07764, 37.5468 ], [ -122.07767, 37.5468 ], [ -122.07767, 37.54677 ] ], [ [ -122.07761, 37.54661 ], [ -122.07732, 37.54642 ], [ -122.07778, 37.54723 ], [ -122.07788, 37.54707 ], [ -122.07772, 37.54693 ], [ -122.07783, 37.54693 ], [ -122.07783, 37.54688 ], [ -122.07761, 37.5468 ], [ -122.07761, 37.54661 ] ], [ [ -122.07694, 37.54561 ], [ -122.07732, 37.54637 ], [ -122.07734, 37.54618 ], [ -122.07707, 37.5458 ], [ -122.07716, 37.54567 ], [ -122.07694, 37.54561 ] ], [ [ -122.07524, 37.54664 ], [ -122.07521, 37.54666 ], [ -122.07524, 37.54666 ], [ -122.07524, 37.54664 ] ], [ [ -122.07543, 37.5478 ], [ -122.07551, 37.54731 ], [ -122.07532, 37.54672 ], [ -122.07521, 37.5468 ], [ -122.07516, 37.54637 ], [ -122.0747, 37.5465 ], [ -122.07543, 37.5478 ] ], [ [ -122.07524, 37.54634 ], [ -122.07516, 37.54634 ], [ -122.07516, 37.54637 ], [ -122.07524, 37.54634 ] ], [ [ -122.07292, 37.54995 ], [ -122.07384, 37.54941 ], [ -122.075, 37.54914 ], [ -122.0753, 37.54871 ], [ -122.07203, 37.54984 ], [ -122.07193, 37.54995 ], [ -122.07292, 37.54995 ] ] ], [ [ [ -122.06559, 37.5523 ], [ -122.065, 37.55243 ], [ -122.06214, 37.55394 ], [ -122.06196, 37.55394 ], [ -122.06503, 37.55232 ], [ -122.06559, 37.55222 ], [ -122.0691, 37.55081 ], [ -122.06894, 37.551 ], [ -122.06559, 37.5523 ] ] ], [ [ [ -122.09287, 37.55901 ], [ -122.09332, 37.56022 ], [ -122.09362, 37.56046 ], [ -122.09349, 37.56087 ], [ -122.09354, 37.5613 ], [ -122.0937, 37.5606 ], [ -122.09435, 37.56114 ], [ -122.09513, 37.56157 ], [ -122.09524, 37.56192 ], [ -122.09505, 37.56232 ], [ -122.09532, 37.56254 ], [ -122.09424, 37.56221 ], [ -122.09359, 37.56132 ], [ -122.09351, 37.56141 ], [ -122.09408, 37.56211 ], [ -122.0919, 37.56154 ], [ -122.0895, 37.56132 ], [ -122.08917, 37.56116 ], [ -122.08864, 37.56124 ], [ -122.08729, 37.56108 ], [ -122.08686, 37.561 ], [ -122.08688, 37.56087 ], [ -122.08667, 37.561 ], [ -122.08667, 37.56084 ], [ -122.08616, 37.56076 ], [ -122.08343, 37.56049 ], [ -122.08063, 37.56046 ], [ -122.07934, 37.56057 ], [ -122.07683, 37.561 ], [ -122.07678, 37.56084 ], [ -122.07656, 37.56106 ], [ -122.07629, 37.561 ], [ -122.07551, 37.56114 ], [ -122.07123, 37.5624 ], [ -122.0702, 37.56259 ], [ -122.06991, 37.56278 ], [ -122.06929, 37.56291 ], [ -122.06926, 37.56302 ], [ -122.06815, 37.56356 ], [ -122.06767, 37.56394 ], [ -122.06745, 37.56394 ], [ -122.06721, 37.56424 ], [ -122.06705, 37.56426 ], [ -122.06721, 37.56405 ], [ -122.0684, 37.56318 ], [ -122.06947, 37.56265 ], [ -122.07443, 37.56119 ], [ -122.07505, 37.56114 ], [ -122.07648, 37.56076 ], [ -122.07632, 37.56062 ], [ -122.07632, 37.56027 ], [ -122.07621, 37.56033 ], [ -122.07629, 37.56065 ], [ -122.07589, 37.56068 ], [ -122.076, 37.56049 ], [ -122.07567, 37.56044 ], [ -122.0757, 37.56027 ], [ -122.07557, 37.56022 ], [ -122.07562, 37.56014 ], [ -122.07543, 37.56011 ], [ -122.0757, 37.56068 ], [ -122.07524, 37.56068 ], [ -122.07465, 37.561 ], [ -122.07481, 37.56049 ], [ -122.07368, 37.5607 ], [ -122.07346, 37.56065 ], [ -122.07341, 37.56076 ], [ -122.07322, 37.56076 ], [ -122.07306, 37.56108 ], [ -122.0726, 37.56162 ], [ -122.07098, 37.56205 ], [ -122.07123, 37.56197 ], [ -122.07117, 37.56186 ], [ -122.07155, 37.56176 ], [ -122.07125, 37.56178 ], [ -122.07152, 37.56168 ], [ -122.07147, 37.56159 ], [ -122.07166, 37.56157 ], [ -122.07152, 37.56132 ], [ -122.07174, 37.56138 ], [ -122.07187, 37.56092 ], [ -122.0722, 37.56106 ], [ -122.07225, 37.56081 ], [ -122.07244, 37.56095 ], [ -122.07249, 37.56081 ], [ -122.07144, 37.56046 ], [ -122.07136, 37.56019 ], [ -122.07093, 37.55973 ], [ -122.07034, 37.55936 ], [ -122.07028, 37.55874 ], [ -122.07044, 37.55809 ], [ -122.07082, 37.55761 ], [ -122.07096, 37.55769 ], [ -122.07104, 37.55766 ], [ -122.0708, 37.55728 ], [ -122.07018, 37.55699 ], [ -122.07058, 37.55701 ], [ -122.07096, 37.55726 ], [ -122.07115, 37.55758 ], [ -122.07077, 37.55801 ], [ -122.0705, 37.55898 ], [ -122.07187, 37.56038 ], [ -122.07274, 37.5606 ], [ -122.07338, 37.56052 ], [ -122.07317, 37.56035 ], [ -122.0733, 37.56035 ], [ -122.0733, 37.56011 ], [ -122.07344, 37.56011 ], [ -122.07319, 37.56 ], [ -122.07341, 37.55957 ], [ -122.07327, 37.5593 ], [ -122.07336, 37.5593 ], [ -122.07341, 37.55941 ], [ -122.07349, 37.55936 ], [ -122.07338, 37.5593 ], [ -122.07346, 37.55925 ], [ -122.07325, 37.5592 ], [ -122.07322, 37.55911 ], [ -122.07336, 37.55911 ], [ -122.07341, 37.5589 ], [ -122.07354, 37.55887 ], [ -122.07346, 37.55868 ], [ -122.07379, 37.55863 ], [ -122.07384, 37.55874 ], [ -122.07392, 37.55871 ], [ -122.07379, 37.55855 ], [ -122.07395, 37.5586 ], [ -122.07387, 37.5585 ], [ -122.07416, 37.55844 ], [ -122.07406, 37.55828 ], [ -122.07408, 37.55823 ], [ -122.07424, 37.55828 ], [ -122.07419, 37.55839 ], [ -122.07446, 37.55839 ], [ -122.07433, 37.55796 ], [ -122.07446, 37.55788 ], [ -122.07478, 37.5585 ], [ -122.07489, 37.55836 ], [ -122.07468, 37.55823 ], [ -122.07468, 37.55796 ], [ -122.07451, 37.55788 ], [ -122.07454, 37.55779 ], [ -122.07478, 37.55785 ], [ -122.07462, 37.55771 ], [ -122.07481, 37.55774 ], [ -122.07481, 37.55761 ], [ -122.07451, 37.55701 ], [ -122.07594, 37.55763 ], [ -122.07618, 37.55755 ], [ -122.07618, 37.55766 ], [ -122.07637, 37.55763 ], [ -122.07643, 37.55744 ], [ -122.07659, 37.55739 ], [ -122.07718, 37.55766 ], [ -122.07767, 37.55731 ], [ -122.07783, 37.55731 ], [ -122.0778, 37.55717 ], [ -122.07794, 37.55712 ], [ -122.07769, 37.55685 ], [ -122.07786, 37.55688 ], [ -122.07778, 37.55669 ], [ -122.07796, 37.55672 ], [ -122.0781, 37.55629 ], [ -122.07786, 37.5562 ], [ -122.07791, 37.55634 ], [ -122.0778, 37.55623 ], [ -122.07767, 37.55629 ], [ -122.07751, 37.55612 ], [ -122.07764, 37.55596 ], [ -122.07702, 37.55612 ], [ -122.07697, 37.55599 ], [ -122.07713, 37.55607 ], [ -122.07718, 37.55602 ], [ -122.07702, 37.55596 ], [ -122.07707, 37.55588 ], [ -122.07694, 37.55593 ], [ -122.07716, 37.55537 ], [ -122.07694, 37.55521 ], [ -122.07713, 37.55518 ], [ -122.07705, 37.55499 ], [ -122.07718, 37.55491 ], [ -122.07707, 37.55486 ], [ -122.07718, 37.5547 ], [ -122.07678, 37.5548 ], [ -122.07678, 37.55456 ], [ -122.07654, 37.55453 ], [ -122.07664, 37.55461 ], [ -122.07656, 37.55467 ], [ -122.07624, 37.55451 ], [ -122.07651, 37.55437 ], [ -122.07648, 37.55424 ], [ -122.07662, 37.55432 ], [ -122.07664, 37.55416 ], [ -122.07597, 37.55432 ], [ -122.0761, 37.55413 ], [ -122.07565, 37.55424 ], [ -122.07573, 37.5541 ], [ -122.0754, 37.5541 ], [ -122.0754, 37.55402 ], [ -122.07664, 37.55359 ], [ -122.07683, 37.55399 ], [ -122.0771, 37.5541 ], [ -122.07705, 37.55421 ], [ -122.07718, 37.55429 ], [ -122.07707, 37.55386 ], [ -122.07686, 37.55362 ], [ -122.07724, 37.55383 ], [ -122.07713, 37.5534 ], [ -122.0774, 37.55327 ], [ -122.07742, 37.55311 ], [ -122.07883, 37.55259 ], [ -122.07963, 37.55197 ], [ -122.08106, 37.55141 ], [ -122.08133, 37.55138 ], [ -122.08144, 37.55149 ], [ -122.08152, 37.55135 ], [ -122.08187, 37.55133 ], [ -122.08414, 37.55181 ], [ -122.08602, 37.55192 ], [ -122.08653, 37.55219 ], [ -122.0871, 37.5523 ], [ -122.08804, 37.55284 ], [ -122.08896, 37.55373 ], [ -122.08926, 37.55367 ], [ -122.09036, 37.55386 ], [ -122.09047, 37.55397 ], [ -122.09074, 37.55394 ], [ -122.09125, 37.55416 ], [ -122.09149, 37.55413 ], [ -122.09152, 37.55432 ], [ -122.09182, 37.5544 ], [ -122.09176, 37.55451 ], [ -122.09235, 37.55534 ], [ -122.09292, 37.55593 ], [ -122.09306, 37.55593 ], [ -122.09308, 37.55655 ], [ -122.09365, 37.55666 ], [ -122.09365, 37.55672 ], [ -122.09314, 37.55666 ], [ -122.09303, 37.5572 ], [ -122.09273, 37.55693 ], [ -122.0919, 37.55653 ], [ -122.0905, 37.55634 ], [ -122.09025, 37.55685 ], [ -122.08815, 37.55693 ], [ -122.08365, 37.55882 ], [ -122.0812, 37.55998 ], [ -122.07923, 37.56022 ], [ -122.07875, 37.56019 ], [ -122.07869, 37.56027 ], [ -122.07729, 37.56057 ], [ -122.07691, 37.56054 ], [ -122.07691, 37.56068 ], [ -122.08009, 37.56017 ], [ -122.08206, 37.56011 ], [ -122.08357, 37.56035 ], [ -122.0871, 37.56068 ], [ -122.08721, 37.56057 ], [ -122.08702, 37.56057 ], [ -122.08683, 37.56035 ], [ -122.08713, 37.56027 ], [ -122.08777, 37.55973 ], [ -122.08812, 37.55911 ], [ -122.08804, 37.5589 ], [ -122.08785, 37.55887 ], [ -122.08734, 37.55909 ], [ -122.08723, 37.55925 ], [ -122.08678, 37.55922 ], [ -122.08675, 37.5589 ], [ -122.08705, 37.55898 ], [ -122.08707, 37.55903 ], [ -122.08756, 37.55855 ], [ -122.0874, 37.55836 ], [ -122.08702, 37.55836 ], [ -122.08726, 37.55809 ], [ -122.0867, 37.55823 ], [ -122.08661, 37.55841 ], [ -122.08567, 37.55863 ], [ -122.0857, 37.55871 ], [ -122.08537, 37.55885 ], [ -122.08519, 37.55882 ], [ -122.08352, 37.5596 ], [ -122.08319, 37.55957 ], [ -122.08319, 37.55963 ], [ -122.083, 37.55968 ], [ -122.08252, 37.55973 ], [ -122.08203, 37.55995 ], [ -122.08174, 37.55995 ], [ -122.08287, 37.55933 ], [ -122.08306, 37.55936 ], [ -122.08325, 37.55917 ], [ -122.08338, 37.55922 ], [ -122.08341, 37.55906 ], [ -122.08346, 37.55917 ], [ -122.08368, 37.55911 ], [ -122.08405, 37.55879 ], [ -122.08702, 37.5575 ], [ -122.08721, 37.55755 ], [ -122.08721, 37.55742 ], [ -122.08777, 37.55726 ], [ -122.08831, 37.55693 ], [ -122.08861, 37.55696 ], [ -122.08861, 37.55715 ], [ -122.08882, 37.55717 ], [ -122.08891, 37.55742 ], [ -122.08912, 37.55755 ], [ -122.08993, 37.55771 ], [ -122.08996, 37.5575 ], [ -122.08966, 37.55739 ], [ -122.08923, 37.55693 ], [ -122.09039, 37.55701 ], [ -122.0906, 37.55788 ], [ -122.09098, 37.55836 ], [ -122.09155, 37.55863 ], [ -122.09257, 37.55879 ], [ -122.09287, 37.55901 ] ], [ [ -122.07724, 37.55534 ], [ -122.07716, 37.55534 ], [ -122.07716, 37.55537 ], [ -122.07724, 37.55534 ] ], [ [ -122.0768, 37.56079 ], [ -122.0768, 37.56084 ], [ -122.07683, 37.56079 ], [ -122.0768, 37.56079 ] ], [ [ -122.07686, 37.56073 ], [ -122.07683, 37.56073 ], [ -122.07683, 37.56079 ], [ -122.07686, 37.56073 ] ], [ [ -122.06718, 37.56418 ], [ -122.06721, 37.56418 ], [ -122.06718, 37.56415 ], [ -122.06718, 37.56418 ] ], [ [ -122.06915, 37.56283 ], [ -122.06912, 37.56283 ], [ -122.06915, 37.56286 ], [ -122.06915, 37.56283 ] ], [ [ -122.07672, 37.55876 ], [ -122.07648, 37.5593 ], [ -122.07654, 37.56014 ], [ -122.07632, 37.56025 ], [ -122.07664, 37.56017 ], [ -122.07659, 37.55933 ], [ -122.07686, 37.55874 ], [ -122.07721, 37.55855 ], [ -122.07775, 37.5586 ], [ -122.07764, 37.55852 ], [ -122.07713, 37.55847 ], [ -122.07672, 37.55876 ] ], [ [ -122.07578, 37.56025 ], [ -122.0757, 37.56025 ], [ -122.07578, 37.5603 ], [ -122.07578, 37.56025 ] ], [ [ -122.07583, 37.56019 ], [ -122.07575, 37.56019 ], [ -122.07578, 37.56025 ], [ -122.07583, 37.56019 ] ], [ [ -122.07562, 37.56019 ], [ -122.07562, 37.56022 ], [ -122.07567, 37.56019 ], [ -122.07562, 37.56019 ] ], [ [ -122.07457, 37.56052 ], [ -122.07459, 37.56052 ], [ -122.07457, 37.56049 ], [ -122.07457, 37.56052 ] ], [ [ -122.07166, 37.56151 ], [ -122.07166, 37.56154 ], [ -122.07168, 37.56151 ], [ -122.07166, 37.56151 ] ], [ [ -122.07171, 37.56146 ], [ -122.07168, 37.56146 ], [ -122.07168, 37.56151 ], [ -122.07171, 37.56146 ] ], [ [ -122.07198, 37.56106 ], [ -122.07198, 37.56103 ], [ -122.07195, 37.56106 ], [ -122.07198, 37.56106 ] ], [ [ -122.07344, 37.56006 ], [ -122.07346, 37.56019 ], [ -122.07362, 37.56017 ], [ -122.07357, 37.56 ], [ -122.07344, 37.56006 ] ], [ [ -122.07338, 37.55998 ], [ -122.07338, 37.5599 ], [ -122.07333, 37.55998 ], [ -122.07338, 37.55998 ] ], [ [ -122.07341, 37.55965 ], [ -122.07338, 37.55965 ], [ -122.07341, 37.55968 ], [ -122.07341, 37.55965 ] ], [ [ -122.07338, 37.55947 ], [ -122.07338, 37.55949 ], [ -122.07341, 37.55947 ], [ -122.07338, 37.55947 ] ], [ [ -122.07333, 37.55936 ], [ -122.07333, 37.55938 ], [ -122.07336, 37.55936 ], [ -122.07333, 37.55936 ] ], [ [ -122.07336, 37.55917 ], [ -122.07336, 37.5592 ], [ -122.07341, 37.55917 ], [ -122.07336, 37.55917 ] ], [ [ -122.07352, 37.55911 ], [ -122.07341, 37.55911 ], [ -122.07341, 37.55917 ], [ -122.07352, 37.55911 ] ], [ [ -122.07411, 37.55847 ], [ -122.07406, 37.55847 ], [ -122.07411, 37.5585 ], [ -122.07411, 37.55847 ] ], [ [ -122.07462, 37.55788 ], [ -122.07462, 37.55782 ], [ -122.07457, 37.55785 ], [ -122.07462, 37.55788 ] ], [ [ -122.07656, 37.55742 ], [ -122.07654, 37.55742 ], [ -122.07656, 37.55744 ], [ -122.07656, 37.55742 ] ], [ [ -122.07786, 37.55693 ], [ -122.0778, 37.55693 ], [ -122.07786, 37.55696 ], [ -122.07786, 37.55693 ] ], [ [ -122.07775, 37.55623 ], [ -122.07778, 37.55623 ], [ -122.07775, 37.5562 ], [ -122.07775, 37.55623 ] ], [ [ -122.07713, 37.5551 ], [ -122.07713, 37.55513 ], [ -122.07718, 37.5551 ], [ -122.07713, 37.5551 ] ], [ [ -122.07721, 37.55472 ], [ -122.07718, 37.55472 ], [ -122.07724, 37.5548 ], [ -122.07721, 37.55472 ] ], [ [ -122.0768, 37.55475 ], [ -122.07683, 37.55475 ], [ -122.0768, 37.5547 ], [ -122.0768, 37.55475 ] ], [ [ -122.07645, 37.55443 ], [ -122.07643, 37.55443 ], [ -122.07648, 37.55448 ], [ -122.07645, 37.55443 ] ], [ [ -122.0871, 37.56035 ], [ -122.08715, 37.56027 ], [ -122.0871, 37.5603 ], [ -122.0871, 37.56035 ] ], [ [ -122.08683, 37.55911 ], [ -122.0868, 37.55911 ], [ -122.08683, 37.55914 ], [ -122.08683, 37.55911 ] ], [ [ -122.08726, 37.55893 ], [ -122.08721, 37.55893 ], [ -122.08726, 37.55895 ], [ -122.08726, 37.55893 ] ], [ [ -122.09001, 37.55769 ], [ -122.08998, 37.55769 ], [ -122.09001, 37.55771 ], [ -122.09001, 37.55769 ] ], [ [ -122.0677, 37.56378 ], [ -122.0677, 37.5638 ], [ -122.06772, 37.56378 ], [ -122.0677, 37.56378 ] ], [ [ -122.07047, 37.55701 ], [ -122.07047, 37.55704 ], [ -122.0705, 37.55701 ], [ -122.07047, 37.55701 ] ], [ [ -122.08198, 37.55496 ], [ -122.08198, 37.55499 ], [ -122.08201, 37.55496 ], [ -122.08198, 37.55496 ] ], [ [ -122.07141, 37.56189 ], [ -122.07141, 37.56192 ], [ -122.07144, 37.56189 ], [ -122.07141, 37.56189 ] ], [ [ -122.08198, 37.55483 ], [ -122.08198, 37.55486 ], [ -122.08201, 37.55483 ], [ -122.08198, 37.55483 ] ], [ [ -122.08163, 37.55238 ], [ -122.08163, 37.5524 ], [ -122.08166, 37.55238 ], [ -122.08163, 37.55238 ] ], [ [ -122.07201, 37.56141 ], [ -122.07201, 37.56143 ], [ -122.07203, 37.56141 ], [ -122.07201, 37.56141 ] ], [ [ -122.0733, 37.55914 ], [ -122.0733, 37.55917 ], [ -122.07333, 37.55914 ], [ -122.0733, 37.55914 ] ], [ [ -122.08144, 37.55672 ], [ -122.08144, 37.55674 ], [ -122.08147, 37.55672 ], [ -122.08144, 37.55672 ] ], [ [ -122.08139, 37.55836 ], [ -122.08139, 37.55839 ], [ -122.08141, 37.55836 ], [ -122.08139, 37.55836 ] ], [ [ -122.08093, 37.55402 ], [ -122.08093, 37.55405 ], [ -122.08096, 37.55402 ], [ -122.08093, 37.55402 ] ], [ [ -122.08082, 37.55548 ], [ -122.08082, 37.5555 ], [ -122.08085, 37.55548 ], [ -122.08082, 37.55548 ] ], [ [ -122.074, 37.55871 ], [ -122.074, 37.55874 ], [ -122.07403, 37.55871 ], [ -122.074, 37.55871 ] ], [ [ -122.07416, 37.56019 ], [ -122.07416, 37.56022 ], [ -122.07419, 37.56019 ], [ -122.07416, 37.56019 ] ], [ [ -122.08998, 37.55777 ], [ -122.08998, 37.55779 ], [ -122.09001, 37.55777 ], [ -122.08998, 37.55777 ] ], [ [ -122.07416, 37.56011 ], [ -122.07416, 37.56014 ], [ -122.07419, 37.56011 ], [ -122.07416, 37.56011 ] ], [ [ -122.08063, 37.55688 ], [ -122.08063, 37.55691 ], [ -122.08066, 37.55688 ], [ -122.08063, 37.55688 ] ], [ [ -122.08044, 37.55491 ], [ -122.08044, 37.55494 ], [ -122.08047, 37.55491 ], [ -122.08044, 37.55491 ] ], [ [ -122.07481, 37.5607 ], [ -122.07481, 37.56073 ], [ -122.07484, 37.5607 ], [ -122.07481, 37.5607 ] ], [ [ -122.08012, 37.55553 ], [ -122.08012, 37.55556 ], [ -122.08015, 37.55553 ], [ -122.08012, 37.55553 ] ], [ [ -122.08263, 37.55682 ], [ -122.08263, 37.55685 ], [ -122.08265, 37.55682 ], [ -122.08263, 37.55682 ] ], [ [ -122.08268, 37.55825 ], [ -122.08268, 37.55828 ], [ -122.08271, 37.55825 ], [ -122.08268, 37.55825 ] ], [ [ -122.0874, 37.55801 ], [ -122.0874, 37.55804 ], [ -122.08742, 37.55801 ], [ -122.0874, 37.55801 ] ], [ [ -122.07963, 37.55976 ], [ -122.07963, 37.55979 ], [ -122.07966, 37.55976 ], [ -122.07963, 37.55976 ] ], [ [ -122.07923, 37.55631 ], [ -122.07923, 37.55634 ], [ -122.07926, 37.55631 ], [ -122.07923, 37.55631 ] ], [ [ -122.075, 37.55806 ], [ -122.075, 37.55809 ], [ -122.07503, 37.55806 ], [ -122.075, 37.55806 ] ], [ [ -122.0788, 37.55655 ], [ -122.0788, 37.55658 ], [ -122.07883, 37.55655 ], [ -122.0788, 37.55655 ] ], [ [ -122.08597, 37.55688 ], [ -122.08597, 37.55691 ], [ -122.08599, 37.55688 ], [ -122.08597, 37.55688 ] ], [ [ -122.0781, 37.55496 ], [ -122.0781, 37.55499 ], [ -122.07813, 37.55496 ], [ -122.0781, 37.55496 ] ], [ [ -122.0778, 37.55402 ], [ -122.0778, 37.55405 ], [ -122.07783, 37.55402 ], [ -122.0778, 37.55402 ] ], [ [ -122.07524, 37.55761 ], [ -122.07524, 37.55763 ], [ -122.07527, 37.55761 ], [ -122.07524, 37.55761 ] ], [ [ -122.07764, 37.55329 ], [ -122.07764, 37.55332 ], [ -122.07767, 37.55329 ], [ -122.07764, 37.55329 ] ], [ [ -122.08306, 37.55712 ], [ -122.08306, 37.55715 ], [ -122.08308, 37.55712 ], [ -122.08306, 37.55712 ] ], [ [ -122.07751, 37.55337 ], [ -122.07751, 37.5534 ], [ -122.07753, 37.55337 ], [ -122.07751, 37.55337 ] ], [ [ -122.07557, 37.5596 ], [ -122.07557, 37.55963 ], [ -122.07559, 37.5596 ], [ -122.07557, 37.5596 ] ], [ [ -122.07581, 37.5589 ], [ -122.07581, 37.55893 ], [ -122.07583, 37.5589 ], [ -122.07581, 37.5589 ] ], [ [ -122.07751, 37.55394 ], [ -122.07751, 37.55397 ], [ -122.07753, 37.55394 ], [ -122.07751, 37.55394 ] ], [ [ -122.07616, 37.55836 ], [ -122.07616, 37.55839 ], [ -122.07618, 37.55836 ], [ -122.07616, 37.55836 ] ], [ [ -122.08174, 37.55523 ], [ -122.08174, 37.55526 ], [ -122.08176, 37.55523 ], [ -122.08174, 37.55523 ] ], [ [ -122.07651, 37.55747 ], [ -122.07651, 37.5575 ], [ -122.07654, 37.55747 ], [ -122.07651, 37.55747 ] ], [ [ -122.07656, 37.55747 ], [ -122.07656, 37.5575 ], [ -122.07659, 37.55747 ], [ -122.07656, 37.55747 ] ], [ [ -122.07664, 37.55426 ], [ -122.07664, 37.55429 ], [ -122.07667, 37.55426 ], [ -122.07664, 37.55426 ] ], [ [ -122.0774, 37.55518 ], [ -122.0774, 37.55521 ], [ -122.07742, 37.55518 ], [ -122.0774, 37.55518 ] ], [ [ -122.07729, 37.55461 ], [ -122.07729, 37.55464 ], [ -122.07732, 37.55461 ], [ -122.07729, 37.55461 ] ], [ [ -122.08341, 37.55631 ], [ -122.08341, 37.55634 ], [ -122.08343, 37.55631 ], [ -122.08341, 37.55631 ] ], [ [ -122.08368, 37.55682 ], [ -122.08368, 37.55685 ], [ -122.0837, 37.55682 ], [ -122.08368, 37.55682 ] ], [ [ -122.08362, 37.55607 ], [ -122.08362, 37.5561 ], [ -122.08365, 37.55607 ], [ -122.08362, 37.55607 ] ], [ [ -122.07716, 37.55496 ], [ -122.07716, 37.55499 ], [ -122.07718, 37.55496 ], [ -122.07716, 37.55496 ] ], [ [ -122.07721, 37.55491 ], [ -122.07721, 37.55494 ], [ -122.07724, 37.55491 ], [ -122.07721, 37.55491 ] ], [ [ -122.07721, 37.55523 ], [ -122.07721, 37.55526 ], [ -122.07724, 37.55523 ], [ -122.07721, 37.55523 ] ], [ [ -122.08322, 37.55653 ], [ -122.08322, 37.55655 ], [ -122.08325, 37.55653 ], [ -122.08322, 37.55653 ] ], [ [ -122.07716, 37.55569 ], [ -122.07716, 37.55572 ], [ -122.07718, 37.55569 ], [ -122.07716, 37.55569 ] ], [ [ -122.07702, 37.55796 ], [ -122.07702, 37.55798 ], [ -122.07705, 37.55796 ], [ -122.07702, 37.55796 ] ], [ [ -122.07729, 37.55364 ], [ -122.07729, 37.55367 ], [ -122.07732, 37.55364 ], [ -122.07729, 37.55364 ] ], [ [ -122.07734, 37.55515 ], [ -122.07734, 37.55518 ], [ -122.07737, 37.55515 ], [ -122.07734, 37.55515 ] ], [ [ -122.07737, 37.55502 ], [ -122.07737, 37.55505 ], [ -122.0774, 37.55502 ], [ -122.07737, 37.55502 ] ], [ [ -122.07675, 37.5544 ], [ -122.07675, 37.55443 ], [ -122.07678, 37.5544 ], [ -122.07675, 37.5544 ] ], [ [ -122.07742, 37.55413 ], [ -122.07742, 37.55416 ], [ -122.07745, 37.55413 ], [ -122.07742, 37.55413 ] ], [ [ -122.07751, 37.55585 ], [ -122.07751, 37.55588 ], [ -122.07753, 37.55585 ], [ -122.07751, 37.55585 ] ], [ [ -122.07627, 37.55847 ], [ -122.07627, 37.5585 ], [ -122.07629, 37.55847 ], [ -122.07627, 37.55847 ] ], [ [ -122.07608, 37.55947 ], [ -122.07608, 37.55949 ], [ -122.0761, 37.55947 ], [ -122.07608, 37.55947 ] ], [ [ -122.08319, 37.5572 ], [ -122.08319, 37.55723 ], [ -122.08322, 37.5572 ], [ -122.08319, 37.5572 ] ], [ [ -122.07546, 37.55852 ], [ -122.07546, 37.55855 ], [ -122.07548, 37.55852 ], [ -122.07546, 37.55852 ] ], [ [ -122.07753, 37.55399 ], [ -122.07753, 37.55402 ], [ -122.07756, 37.55399 ], [ -122.07753, 37.55399 ] ], [ [ -122.07753, 37.55321 ], [ -122.07753, 37.55324 ], [ -122.07756, 37.55321 ], [ -122.07753, 37.55321 ] ], [ [ -122.07756, 37.55329 ], [ -122.07756, 37.55332 ], [ -122.07759, 37.55329 ], [ -122.07756, 37.55329 ] ], [ [ -122.0754, 37.55863 ], [ -122.0754, 37.55866 ], [ -122.07543, 37.55863 ], [ -122.0754, 37.55863 ] ], [ [ -122.08524, 37.55426 ], [ -122.08524, 37.55429 ], [ -122.08527, 37.55426 ], [ -122.08524, 37.55426 ] ], [ [ -122.07775, 37.55416 ], [ -122.07775, 37.55418 ], [ -122.07778, 37.55416 ], [ -122.07775, 37.55416 ] ], [ [ -122.07778, 37.55373 ], [ -122.07778, 37.55375 ], [ -122.0778, 37.55373 ], [ -122.07778, 37.55373 ] ], [ [ -122.07778, 37.55329 ], [ -122.07778, 37.55332 ], [ -122.0778, 37.55329 ], [ -122.07778, 37.55329 ] ], [ [ -122.08586, 37.55852 ], [ -122.08586, 37.55855 ], [ -122.08589, 37.55852 ], [ -122.08586, 37.55852 ] ], [ [ -122.07786, 37.55758 ], [ -122.07786, 37.55761 ], [ -122.07788, 37.55758 ], [ -122.07786, 37.55758 ] ], [ [ -122.07791, 37.55612 ], [ -122.07791, 37.55615 ], [ -122.07794, 37.55612 ], [ -122.07791, 37.55612 ] ], [ [ -122.08591, 37.55699 ], [ -122.08591, 37.55701 ], [ -122.08594, 37.55699 ], [ -122.08591, 37.55699 ] ], [ [ -122.07818, 37.5568 ], [ -122.07818, 37.55682 ], [ -122.07821, 37.5568 ], [ -122.07818, 37.5568 ] ], [ [ -122.07821, 37.55747 ], [ -122.07821, 37.5575 ], [ -122.07823, 37.55747 ], [ -122.07821, 37.55747 ] ], [ [ -122.07821, 37.55483 ], [ -122.07821, 37.55486 ], [ -122.07823, 37.55483 ], [ -122.07821, 37.55483 ] ], [ [ -122.07826, 37.55777 ], [ -122.07826, 37.55779 ], [ -122.07829, 37.55777 ], [ -122.07826, 37.55777 ] ], [ [ -122.07839, 37.55674 ], [ -122.07839, 37.55677 ], [ -122.07842, 37.55674 ], [ -122.07839, 37.55674 ] ], [ [ -122.07848, 37.56025 ], [ -122.07848, 37.56027 ], [ -122.0785, 37.56025 ], [ -122.07848, 37.56025 ] ], [ [ -122.07877, 37.55755 ], [ -122.07877, 37.55758 ], [ -122.0788, 37.55755 ], [ -122.07877, 37.55755 ] ], [ [ -122.0861, 37.55844 ], [ -122.0861, 37.55847 ], [ -122.08613, 37.55844 ], [ -122.0861, 37.55844 ] ], [ [ -122.07888, 37.56003 ], [ -122.07888, 37.56006 ], [ -122.07891, 37.56003 ], [ -122.07888, 37.56003 ] ], [ [ -122.07901, 37.56 ], [ -122.07901, 37.56003 ], [ -122.07904, 37.56 ], [ -122.07901, 37.56 ] ], [ [ -122.07489, 37.56044 ], [ -122.07489, 37.56046 ], [ -122.07492, 37.56044 ], [ -122.07489, 37.56044 ] ], [ [ -122.07961, 37.55655 ], [ -122.07961, 37.55658 ], [ -122.07963, 37.55655 ], [ -122.07961, 37.55655 ] ], [ [ -122.08737, 37.5582 ], [ -122.08737, 37.55823 ], [ -122.0874, 37.5582 ], [ -122.08737, 37.5582 ] ], [ [ -122.06753, 37.56391 ], [ -122.06753, 37.56394 ], [ -122.06756, 37.56391 ], [ -122.06753, 37.56391 ] ], [ [ -122.08007, 37.55726 ], [ -122.08007, 37.55728 ], [ -122.08009, 37.55726 ], [ -122.08007, 37.55726 ] ], [ [ -122.08742, 37.55836 ], [ -122.08742, 37.55839 ], [ -122.08745, 37.55836 ], [ -122.08742, 37.55836 ] ], [ [ -122.08007, 37.55631 ], [ -122.08007, 37.55634 ], [ -122.08009, 37.55631 ], [ -122.08007, 37.55631 ] ], [ [ -122.07484, 37.55855 ], [ -122.07484, 37.55858 ], [ -122.07486, 37.55855 ], [ -122.07484, 37.55855 ] ], [ [ -122.07484, 37.56065 ], [ -122.07484, 37.56068 ], [ -122.07486, 37.56065 ], [ -122.07484, 37.56065 ] ], [ [ -122.0826, 37.55866 ], [ -122.0826, 37.55868 ], [ -122.08263, 37.55866 ], [ -122.0826, 37.55866 ] ], [ [ -122.0802, 37.55731 ], [ -122.0802, 37.55734 ], [ -122.08023, 37.55731 ], [ -122.0802, 37.55731 ] ], [ [ -122.08866, 37.5572 ], [ -122.08866, 37.55723 ], [ -122.08869, 37.5572 ], [ -122.08866, 37.5572 ] ], [ [ -122.08047, 37.5548 ], [ -122.08047, 37.55483 ], [ -122.0805, 37.5548 ], [ -122.08047, 37.5548 ] ], [ [ -122.08052, 37.55833 ], [ -122.08052, 37.55836 ], [ -122.08055, 37.55833 ], [ -122.08052, 37.55833 ] ], [ [ -122.08055, 37.55812 ], [ -122.08055, 37.55814 ], [ -122.08058, 37.55812 ], [ -122.08055, 37.55812 ] ], [ [ -122.08244, 37.55537 ], [ -122.08244, 37.5554 ], [ -122.08246, 37.55537 ], [ -122.08244, 37.55537 ] ], [ [ -122.07473, 37.55801 ], [ -122.07473, 37.55804 ], [ -122.07476, 37.55801 ], [ -122.07473, 37.55801 ] ], [ [ -122.08241, 37.55321 ], [ -122.08241, 37.55324 ], [ -122.08244, 37.55321 ], [ -122.08241, 37.55321 ] ], [ [ -122.08238, 37.55505 ], [ -122.08238, 37.55507 ], [ -122.08241, 37.55505 ], [ -122.08238, 37.55505 ] ], [ [ -122.07398, 37.5586 ], [ -122.07398, 37.55863 ], [ -122.074, 37.5586 ], [ -122.07398, 37.5586 ] ], [ [ -122.0736, 37.5599 ], [ -122.0736, 37.55992 ], [ -122.07362, 37.5599 ], [ -122.0736, 37.5599 ] ], [ [ -122.08101, 37.55806 ], [ -122.08101, 37.55809 ], [ -122.08104, 37.55806 ], [ -122.08101, 37.55806 ] ], [ [ -122.08104, 37.55828 ], [ -122.08104, 37.55831 ], [ -122.08106, 37.55828 ], [ -122.08104, 37.55828 ] ], [ [ -122.07349, 37.55979 ], [ -122.07349, 37.55982 ], [ -122.07352, 37.55979 ], [ -122.07349, 37.55979 ] ], [ [ -122.08225, 37.55647 ], [ -122.08225, 37.5565 ], [ -122.08228, 37.55647 ], [ -122.08225, 37.55647 ] ], [ [ -122.0909, 37.55831 ], [ -122.0909, 37.55833 ], [ -122.09093, 37.55831 ], [ -122.0909, 37.55831 ] ], [ [ -122.0816, 37.55243 ], [ -122.0816, 37.55246 ], [ -122.08163, 37.55243 ], [ -122.0816, 37.55243 ] ], [ [ -122.07174, 37.56143 ], [ -122.07174, 37.56146 ], [ -122.07177, 37.56143 ], [ -122.07174, 37.56143 ] ], [ [ -122.08166, 37.55232 ], [ -122.08166, 37.55235 ], [ -122.08168, 37.55232 ], [ -122.08166, 37.55232 ] ], [ [ -122.08206, 37.55653 ], [ -122.08206, 37.55655 ], [ -122.08209, 37.55653 ], [ -122.08206, 37.55653 ] ], [ [ -122.08201, 37.55461 ], [ -122.08201, 37.55464 ], [ -122.08203, 37.55461 ], [ -122.08201, 37.55461 ] ], [ [ -122.08168, 37.55658 ], [ -122.08168, 37.55661 ], [ -122.08171, 37.55658 ], [ -122.08168, 37.55658 ] ], [ [ -122.09254, 37.56 ], [ -122.09254, 37.56003 ], [ -122.09257, 37.56 ], [ -122.09254, 37.56 ] ], [ [ -122.07071, 37.56246 ], [ -122.07071, 37.56248 ], [ -122.07074, 37.56246 ], [ -122.07071, 37.56246 ] ], [ [ -122.09314, 37.56046 ], [ -122.09314, 37.56049 ], [ -122.09316, 37.56046 ], [ -122.09314, 37.56046 ] ], [ [ -122.07721, 37.5555 ], [ -122.07721, 37.55553 ], [ -122.07724, 37.5555 ], [ -122.07721, 37.5555 ] ], [ [ -122.07578, 37.55793 ], [ -122.07578, 37.55796 ], [ -122.07581, 37.55793 ], [ -122.07578, 37.55793 ] ], [ [ -122.07761, 37.55569 ], [ -122.07761, 37.55572 ], [ -122.07764, 37.55569 ], [ -122.07761, 37.55569 ] ], [ [ -122.07761, 37.5561 ], [ -122.07761, 37.55612 ], [ -122.07764, 37.5561 ], [ -122.07761, 37.5561 ] ], [ [ -122.08384, 37.55634 ], [ -122.08384, 37.55637 ], [ -122.08387, 37.55634 ], [ -122.08384, 37.55634 ] ], [ [ -122.08195, 37.5561 ], [ -122.08195, 37.55612 ], [ -122.08198, 37.5561 ], [ -122.08195, 37.5561 ] ], [ [ -122.08271, 37.55685 ], [ -122.08271, 37.55688 ], [ -122.08273, 37.55685 ], [ -122.08271, 37.55685 ] ], [ [ -122.07131, 37.56186 ], [ -122.07131, 37.56189 ], [ -122.07133, 37.56186 ], [ -122.07131, 37.56186 ] ], [ [ -122.07632, 37.55774 ], [ -122.07632, 37.55777 ], [ -122.07635, 37.55774 ], [ -122.07632, 37.55774 ] ], [ [ -122.07672, 37.55774 ], [ -122.07672, 37.55777 ], [ -122.07675, 37.55774 ], [ -122.07672, 37.55774 ] ], [ [ -122.08373, 37.55645 ], [ -122.08373, 37.55647 ], [ -122.08376, 37.55645 ], [ -122.08373, 37.55645 ] ], [ [ -122.08295, 37.55863 ], [ -122.08295, 37.55866 ], [ -122.08298, 37.55863 ], [ -122.08295, 37.55863 ] ], [ [ -122.07602, 37.55763 ], [ -122.07602, 37.55766 ], [ -122.07605, 37.55763 ], [ -122.07602, 37.55763 ] ], [ [ -122.08031, 37.55723 ], [ -122.08031, 37.55726 ], [ -122.08034, 37.55723 ], [ -122.08031, 37.55723 ] ], [ [ -122.0819, 37.5554 ], [ -122.0819, 37.55542 ], [ -122.08193, 37.5554 ], [ -122.0819, 37.5554 ] ], [ [ -122.07203, 37.56151 ], [ -122.07203, 37.56154 ], [ -122.07206, 37.56151 ], [ -122.07203, 37.56151 ] ], [ [ -122.07861, 37.56017 ], [ -122.07861, 37.56019 ], [ -122.07864, 37.56017 ], [ -122.07861, 37.56017 ] ], [ [ -122.07538, 37.55852 ], [ -122.07538, 37.55855 ], [ -122.0754, 37.55852 ], [ -122.07538, 37.55852 ] ], [ [ -122.08214, 37.5547 ], [ -122.08214, 37.55472 ], [ -122.08217, 37.5547 ], [ -122.08214, 37.5547 ] ], [ [ -122.07697, 37.55774 ], [ -122.07697, 37.55777 ], [ -122.07699, 37.55774 ], [ -122.07697, 37.55774 ] ], [ [ -122.08737, 37.56027 ], [ -122.08737, 37.5603 ], [ -122.0874, 37.56027 ], [ -122.08737, 37.56027 ] ], [ [ -122.0806, 37.55809 ], [ -122.0806, 37.55812 ], [ -122.08063, 37.55809 ], [ -122.0806, 37.55809 ] ], [ [ -122.07707, 37.5558 ], [ -122.07707, 37.55583 ], [ -122.0771, 37.5558 ], [ -122.07707, 37.5558 ] ], [ [ -122.07349, 37.55903 ], [ -122.07349, 37.55906 ], [ -122.07352, 37.55903 ], [ -122.07349, 37.55903 ] ], [ [ -122.08349, 37.55634 ], [ -122.08349, 37.55637 ], [ -122.08352, 37.55634 ], [ -122.08349, 37.55634 ] ], [ [ -122.07643, 37.55769 ], [ -122.07643, 37.55771 ], [ -122.07645, 37.55769 ], [ -122.07643, 37.55769 ] ], [ [ -122.0809, 37.55839 ], [ -122.0809, 37.55841 ], [ -122.08093, 37.55839 ], [ -122.0809, 37.55839 ] ], [ [ -122.07742, 37.55405 ], [ -122.07742, 37.55408 ], [ -122.07745, 37.55405 ], [ -122.07742, 37.55405 ] ], [ [ -122.0823, 37.5548 ], [ -122.0823, 37.55483 ], [ -122.08233, 37.5548 ], [ -122.0823, 37.5548 ] ], [ [ -122.08901, 37.5547 ], [ -122.08901, 37.55472 ], [ -122.08904, 37.5547 ], [ -122.08901, 37.5547 ] ], [ [ -122.07618, 37.55416 ], [ -122.07618, 37.55418 ], [ -122.07621, 37.55416 ], [ -122.07618, 37.55416 ] ], [ [ -122.07726, 37.55356 ], [ -122.07726, 37.55359 ], [ -122.07729, 37.55356 ], [ -122.07726, 37.55356 ] ], [ [ -122.07379, 37.56009 ], [ -122.07379, 37.56011 ], [ -122.07381, 37.56009 ], [ -122.07379, 37.56009 ] ], [ [ -122.08131, 37.55316 ], [ -122.08131, 37.55319 ], [ -122.08133, 37.55316 ], [ -122.08131, 37.55316 ] ], [ [ -122.07414, 37.55982 ], [ -122.07414, 37.55984 ], [ -122.07416, 37.55982 ], [ -122.07414, 37.55982 ] ], [ [ -122.08114, 37.55515 ], [ -122.08114, 37.55518 ], [ -122.08117, 37.55515 ], [ -122.08114, 37.55515 ] ], [ [ -122.08101, 37.55844 ], [ -122.08101, 37.55847 ], [ -122.08104, 37.55844 ], [ -122.08101, 37.55844 ] ], [ [ -122.07872, 37.5548 ], [ -122.07872, 37.55483 ], [ -122.07875, 37.5548 ], [ -122.07872, 37.5548 ] ], [ [ -122.07686, 37.55771 ], [ -122.07686, 37.55774 ], [ -122.07691, 37.55771 ], [ -122.07686, 37.55771 ] ], [ [ -122.07524, 37.55976 ], [ -122.07524, 37.55982 ], [ -122.07527, 37.55976 ], [ -122.07524, 37.55976 ] ], [ [ -122.07815, 37.55604 ], [ -122.07815, 37.5561 ], [ -122.07818, 37.55604 ], [ -122.07815, 37.55604 ] ], [ [ -122.08281, 37.5554 ], [ -122.08281, 37.55545 ], [ -122.08284, 37.5554 ], [ -122.08281, 37.5554 ] ], [ [ -122.07389, 37.56 ], [ -122.07389, 37.56003 ], [ -122.07395, 37.56 ], [ -122.07389, 37.56 ] ], [ [ -122.08322, 37.55647 ], [ -122.08322, 37.5565 ], [ -122.08327, 37.55647 ], [ -122.08322, 37.55647 ] ], [ [ -122.0799, 37.55755 ], [ -122.0799, 37.55758 ], [ -122.07996, 37.55755 ], [ -122.0799, 37.55755 ] ], [ [ -122.0826, 37.5586 ], [ -122.0826, 37.55863 ], [ -122.08265, 37.5586 ], [ -122.0826, 37.5586 ] ], [ [ -122.08306, 37.55707 ], [ -122.08308, 37.55707 ], [ -122.08306, 37.55704 ], [ -122.08306, 37.55707 ] ], [ [ -122.08303, 37.55701 ], [ -122.08303, 37.55704 ], [ -122.08306, 37.55704 ], [ -122.08303, 37.55701 ] ], [ [ -122.08144, 37.55699 ], [ -122.08144, 37.55704 ], [ -122.08147, 37.55699 ], [ -122.08144, 37.55699 ] ], [ [ -122.08271, 37.55717 ], [ -122.08271, 37.5572 ], [ -122.08276, 37.55717 ], [ -122.08271, 37.55717 ] ], [ [ -122.08004, 37.55742 ], [ -122.08004, 37.55744 ], [ -122.08009, 37.55742 ], [ -122.08004, 37.55742 ] ], [ [ -122.08085, 37.55766 ], [ -122.08085, 37.55769 ], [ -122.0809, 37.55766 ], [ -122.08085, 37.55766 ] ], [ [ -122.07724, 37.55346 ], [ -122.07724, 37.55351 ], [ -122.07726, 37.55346 ], [ -122.07724, 37.55346 ] ], [ [ -122.08295, 37.55717 ], [ -122.08295, 37.5572 ], [ -122.083, 37.55717 ], [ -122.08295, 37.55717 ] ], [ [ -122.08276, 37.55847 ], [ -122.08276, 37.5585 ], [ -122.08281, 37.55847 ], [ -122.08276, 37.55847 ] ], [ [ -122.08742, 37.55812 ], [ -122.08742, 37.55814 ], [ -122.08748, 37.55812 ], [ -122.08742, 37.55812 ] ], [ [ -122.08319, 37.55583 ], [ -122.08319, 37.55585 ], [ -122.08325, 37.55583 ], [ -122.08319, 37.55583 ] ], [ [ -122.09222, 37.56135 ], [ -122.09222, 37.56138 ], [ -122.09227, 37.56135 ], [ -122.09222, 37.56135 ] ], [ [ -122.07486, 37.55814 ], [ -122.07486, 37.5582 ], [ -122.07489, 37.55814 ], [ -122.07486, 37.55814 ] ], [ [ -122.07866, 37.55736 ], [ -122.07866, 37.55739 ], [ -122.07872, 37.55736 ], [ -122.07866, 37.55736 ] ], [ [ -122.0778, 37.55381 ], [ -122.0778, 37.55386 ], [ -122.07783, 37.55381 ], [ -122.0778, 37.55381 ] ], [ [ -122.07241, 37.56097 ], [ -122.07241, 37.56103 ], [ -122.07244, 37.56097 ], [ -122.07241, 37.56097 ] ], [ [ -122.07748, 37.55771 ], [ -122.07748, 37.55774 ], [ -122.07753, 37.55771 ], [ -122.07748, 37.55771 ] ], [ [ -122.08575, 37.55855 ], [ -122.08575, 37.55858 ], [ -122.08581, 37.55855 ], [ -122.08575, 37.55855 ] ], [ [ -122.08157, 37.55249 ], [ -122.08157, 37.55251 ], [ -122.08163, 37.55249 ], [ -122.08157, 37.55249 ] ], [ [ -122.07783, 37.55602 ], [ -122.07783, 37.55604 ], [ -122.07788, 37.55602 ], [ -122.07783, 37.55602 ] ], [ [ -122.08696, 37.55901 ], [ -122.08696, 37.55903 ], [ -122.08702, 37.55901 ], [ -122.08696, 37.55901 ] ], [ [ -122.07988, 37.55615 ], [ -122.07988, 37.5562 ], [ -122.0799, 37.55615 ], [ -122.07988, 37.55615 ] ], [ [ -122.07058, 37.55831 ], [ -122.07058, 37.55833 ], [ -122.07063, 37.55831 ], [ -122.07058, 37.55831 ] ], [ [ -122.08071, 37.55542 ], [ -122.08071, 37.5554 ], [ -122.08069, 37.55542 ], [ -122.08071, 37.55542 ] ], [ [ -122.08066, 37.55545 ], [ -122.08069, 37.55545 ], [ -122.08069, 37.55542 ], [ -122.08066, 37.55545 ] ], [ [ -122.07915, 37.55682 ], [ -122.07918, 37.55682 ], [ -122.07915, 37.5568 ], [ -122.07915, 37.55682 ] ], [ [ -122.07912, 37.55677 ], [ -122.07912, 37.5568 ], [ -122.07915, 37.5568 ], [ -122.07912, 37.55677 ] ], [ [ -122.07912, 37.55653 ], [ -122.07912, 37.55658 ], [ -122.07915, 37.55653 ], [ -122.07912, 37.55653 ] ], [ [ -122.08168, 37.55898 ], [ -122.08171, 37.55898 ], [ -122.08168, 37.55895 ], [ -122.08168, 37.55898 ] ], [ [ -122.08166, 37.55893 ], [ -122.08166, 37.55895 ], [ -122.08168, 37.55895 ], [ -122.08166, 37.55893 ] ], [ [ -122.07476, 37.56041 ], [ -122.07476, 37.56038 ], [ -122.07473, 37.56041 ], [ -122.07476, 37.56041 ] ], [ [ -122.0747, 37.56044 ], [ -122.07473, 37.56044 ], [ -122.07473, 37.56041 ], [ -122.0747, 37.56044 ] ], [ [ -122.08244, 37.55704 ], [ -122.08244, 37.55709 ], [ -122.08246, 37.55704 ], [ -122.08244, 37.55704 ] ], [ [ -122.08354, 37.55637 ], [ -122.08354, 37.55642 ], [ -122.08357, 37.55637 ], [ -122.08354, 37.55637 ] ], [ [ -122.07831, 37.55634 ], [ -122.07831, 37.55637 ], [ -122.07837, 37.55634 ], [ -122.07831, 37.55634 ] ], [ [ -122.08071, 37.55863 ], [ -122.08071, 37.55866 ], [ -122.08077, 37.55863 ], [ -122.08071, 37.55863 ] ], [ [ -122.08314, 37.55669 ], [ -122.08314, 37.55672 ], [ -122.08319, 37.55669 ], [ -122.08314, 37.55669 ] ], [ [ -122.08271, 37.55537 ], [ -122.08271, 37.55542 ], [ -122.08273, 37.55537 ], [ -122.08271, 37.55537 ] ], [ [ -122.08395, 37.55704 ], [ -122.08395, 37.55707 ], [ -122.084, 37.55704 ], [ -122.08395, 37.55704 ] ], [ [ -122.08166, 37.55645 ], [ -122.08166, 37.55647 ], [ -122.08171, 37.55645 ], [ -122.08166, 37.55645 ] ], [ [ -122.08505, 37.55704 ], [ -122.08505, 37.55707 ], [ -122.08511, 37.55704 ], [ -122.08505, 37.55704 ] ], [ [ -122.07349, 37.55952 ], [ -122.07349, 37.55957 ], [ -122.07352, 37.55952 ], [ -122.07349, 37.55952 ] ], [ [ -122.07899, 37.55685 ], [ -122.07899, 37.55688 ], [ -122.07904, 37.55685 ], [ -122.07899, 37.55685 ] ], [ [ -122.07554, 37.55887 ], [ -122.07554, 37.55893 ], [ -122.07557, 37.55887 ], [ -122.07554, 37.55887 ] ], [ [ -122.07398, 37.55998 ], [ -122.07398, 37.56 ], [ -122.07403, 37.55998 ], [ -122.07398, 37.55998 ] ], [ [ -122.08136, 37.55297 ], [ -122.08136, 37.55302 ], [ -122.08139, 37.55297 ], [ -122.08136, 37.55297 ] ], [ [ -122.07807, 37.55664 ], [ -122.07807, 37.55669 ], [ -122.0781, 37.55664 ], [ -122.07807, 37.55664 ] ], [ [ -122.07562, 37.55868 ], [ -122.07562, 37.55871 ], [ -122.07567, 37.55868 ], [ -122.07562, 37.55868 ] ], [ [ -122.07497, 37.55793 ], [ -122.07497, 37.55798 ], [ -122.075, 37.55793 ], [ -122.07497, 37.55793 ] ], [ [ -122.07567, 37.55812 ], [ -122.07567, 37.55817 ], [ -122.0757, 37.55812 ], [ -122.07567, 37.55812 ] ], [ [ -122.07125, 37.56192 ], [ -122.07125, 37.56194 ], [ -122.07131, 37.56192 ], [ -122.07125, 37.56192 ] ], [ [ -122.07807, 37.55674 ], [ -122.07807, 37.55677 ], [ -122.07813, 37.55674 ], [ -122.07807, 37.55674 ] ], [ [ -122.07101, 37.56235 ], [ -122.07101, 37.5624 ], [ -122.07104, 37.56235 ], [ -122.07101, 37.56235 ] ], [ [ -122.07996, 37.55728 ], [ -122.07996, 37.55731 ], [ -122.08001, 37.55728 ], [ -122.07996, 37.55728 ] ], [ [ -122.08333, 37.55823 ], [ -122.08333, 37.55825 ], [ -122.08338, 37.55823 ], [ -122.08333, 37.55823 ] ], [ [ -122.07424, 37.55844 ], [ -122.07424, 37.5585 ], [ -122.07427, 37.55844 ], [ -122.07424, 37.55844 ] ], [ [ -122.07848, 37.55771 ], [ -122.07848, 37.55777 ], [ -122.0785, 37.55771 ], [ -122.07848, 37.55771 ] ], [ [ -122.07435, 37.56052 ], [ -122.07435, 37.56054 ], [ -122.07441, 37.56052 ], [ -122.07435, 37.56052 ] ], [ [ -122.08268, 37.5551 ], [ -122.08268, 37.55513 ], [ -122.08273, 37.5551 ], [ -122.08268, 37.5551 ] ], [ [ -122.08325, 37.55723 ], [ -122.08325, 37.55726 ], [ -122.0833, 37.55723 ], [ -122.08325, 37.55723 ] ], [ [ -122.07492, 37.55847 ], [ -122.07492, 37.55852 ], [ -122.07497, 37.55847 ], [ -122.07492, 37.55847 ] ], [ [ -122.08168, 37.55887 ], [ -122.08174, 37.55887 ], [ -122.08168, 37.55882 ], [ -122.08168, 37.55887 ] ], [ [ -122.07823, 37.55623 ], [ -122.07823, 37.55629 ], [ -122.07829, 37.55623 ], [ -122.07823, 37.55623 ] ], [ [ -122.07551, 37.55801 ], [ -122.07551, 37.55804 ], [ -122.07559, 37.55801 ], [ -122.07551, 37.55801 ] ], [ [ -122.08276, 37.55688 ], [ -122.08276, 37.55691 ], [ -122.08284, 37.55688 ], [ -122.08276, 37.55688 ] ], [ [ -122.08074, 37.5548 ], [ -122.08071, 37.55486 ], [ -122.08077, 37.5548 ], [ -122.08074, 37.5548 ] ], [ [ -122.07721, 37.55515 ], [ -122.07721, 37.55521 ], [ -122.07726, 37.55515 ], [ -122.07721, 37.55515 ] ], [ [ -122.08252, 37.55674 ], [ -122.08249, 37.5568 ], [ -122.08255, 37.55674 ], [ -122.08252, 37.55674 ] ], [ [ -122.09052, 37.55782 ], [ -122.09055, 37.55782 ], [ -122.09052, 37.55779 ], [ -122.09052, 37.55782 ] ], [ [ -122.0905, 37.55774 ], [ -122.0905, 37.55779 ], [ -122.09052, 37.55779 ], [ -122.0905, 37.55774 ] ], [ [ -122.08395, 37.55615 ], [ -122.08395, 37.55612 ], [ -122.08389, 37.55615 ], [ -122.08395, 37.55615 ] ], [ [ -122.08387, 37.55618 ], [ -122.08389, 37.55618 ], [ -122.08389, 37.55615 ], [ -122.08387, 37.55618 ] ], [ [ -122.07446, 37.55798 ], [ -122.07446, 37.55806 ], [ -122.07449, 37.55798 ], [ -122.07446, 37.55798 ] ], [ [ -122.08025, 37.55459 ], [ -122.08025, 37.55461 ], [ -122.08034, 37.55459 ], [ -122.08025, 37.55459 ] ], [ [ -122.07174, 37.56162 ], [ -122.07174, 37.56159 ], [ -122.07168, 37.56162 ], [ -122.07174, 37.56162 ] ], [ [ -122.07166, 37.56165 ], [ -122.07168, 37.56165 ], [ -122.07168, 37.56162 ], [ -122.07166, 37.56165 ] ], [ [ -122.08004, 37.5562 ], [ -122.08004, 37.55626 ], [ -122.08009, 37.5562 ], [ -122.08004, 37.5562 ] ], [ [ -122.07729, 37.55443 ], [ -122.07732, 37.55448 ], [ -122.07734, 37.55443 ], [ -122.07729, 37.55443 ] ], [ [ -122.08311, 37.55955 ], [ -122.08314, 37.5596 ], [ -122.08316, 37.55955 ], [ -122.08311, 37.55955 ] ], [ [ -122.0809, 37.55502 ], [ -122.08093, 37.55502 ], [ -122.0809, 37.55496 ], [ -122.0809, 37.55502 ] ], [ [ -122.07899, 37.55664 ], [ -122.07901, 37.55664 ], [ -122.07899, 37.55661 ], [ -122.07899, 37.55664 ] ], [ [ -122.07896, 37.55655 ], [ -122.07896, 37.55661 ], [ -122.07899, 37.55661 ], [ -122.07896, 37.55655 ] ], [ [ -122.08163, 37.55903 ], [ -122.08163, 37.55909 ], [ -122.08168, 37.55903 ], [ -122.08163, 37.55903 ] ], [ [ -122.08405, 37.55615 ], [ -122.08405, 37.5562 ], [ -122.08411, 37.55615 ], [ -122.08405, 37.55615 ] ], [ [ -122.07958, 37.55901 ], [ -122.07961, 37.55906 ], [ -122.07963, 37.55901 ], [ -122.07958, 37.55901 ] ], [ [ -122.07381, 37.56006 ], [ -122.07381, 37.56003 ], [ -122.07376, 37.56 ], [ -122.07381, 37.56006 ] ], [ [ -122.08325, 37.55669 ], [ -122.08322, 37.55674 ], [ -122.08327, 37.55669 ], [ -122.08325, 37.55669 ] ], [ [ -122.07484, 37.55812 ], [ -122.07486, 37.55812 ], [ -122.07484, 37.55806 ], [ -122.07484, 37.55812 ] ], [ [ -122.08376, 37.55637 ], [ -122.08376, 37.55634 ], [ -122.0837, 37.55631 ], [ -122.08376, 37.55637 ] ], [ [ -122.08279, 37.55521 ], [ -122.08279, 37.55523 ], [ -122.08284, 37.55521 ], [ -122.08279, 37.55521 ] ], [ [ -122.08031, 37.55585 ], [ -122.08031, 37.55591 ], [ -122.08034, 37.55585 ], [ -122.08031, 37.55585 ] ], [ [ -122.07354, 37.55911 ], [ -122.0736, 37.55911 ], [ -122.07354, 37.55906 ], [ -122.07354, 37.55911 ] ], [ [ -122.0767, 37.5544 ], [ -122.0767, 37.55437 ], [ -122.07667, 37.5544 ], [ -122.0767, 37.5544 ] ], [ [ -122.07662, 37.55443 ], [ -122.07667, 37.55443 ], [ -122.07667, 37.5544 ], [ -122.07662, 37.55443 ] ], [ [ -122.0823, 37.55575 ], [ -122.0823, 37.5558 ], [ -122.08236, 37.55575 ], [ -122.0823, 37.55575 ] ], [ [ -122.07675, 37.5541 ], [ -122.07675, 37.55413 ], [ -122.0768, 37.5541 ], [ -122.07675, 37.5541 ] ], [ [ -122.07813, 37.55572 ], [ -122.0781, 37.55577 ], [ -122.07815, 37.55572 ], [ -122.07813, 37.55572 ] ], [ [ -122.08093, 37.55823 ], [ -122.08085, 37.55817 ], [ -122.08087, 37.55823 ], [ -122.08093, 37.55823 ] ], [ [ -122.07675, 37.55782 ], [ -122.07675, 37.55785 ], [ -122.07683, 37.55779 ], [ -122.07675, 37.55782 ] ], [ [ -122.07381, 37.55995 ], [ -122.07384, 37.55992 ], [ -122.07381, 37.5599 ], [ -122.07381, 37.55995 ] ], [ [ -122.0761, 37.56057 ], [ -122.07608, 37.56054 ], [ -122.07605, 37.56057 ], [ -122.0761, 37.56057 ] ], [ [ -122.07602, 37.56052 ], [ -122.07605, 37.56052 ], [ -122.07602, 37.56049 ], [ -122.07602, 37.56052 ] ], [ [ -122.07093, 37.5624 ], [ -122.07093, 37.56238 ], [ -122.0709, 37.5624 ], [ -122.07093, 37.5624 ] ], [ [ -122.07082, 37.56243 ], [ -122.0709, 37.56243 ], [ -122.0709, 37.5624 ], [ -122.07082, 37.56243 ] ], [ [ -122.07597, 37.55922 ], [ -122.07589, 37.55917 ], [ -122.07592, 37.55922 ], [ -122.07597, 37.55922 ] ], [ [ -122.0802, 37.55488 ], [ -122.0802, 37.55496 ], [ -122.08025, 37.55491 ], [ -122.0802, 37.55488 ] ], [ [ -122.07998, 37.55526 ], [ -122.07998, 37.55532 ], [ -122.08004, 37.55526 ], [ -122.07998, 37.55526 ] ], [ [ -122.08152, 37.5562 ], [ -122.08152, 37.55626 ], [ -122.08157, 37.5562 ], [ -122.08152, 37.5562 ] ], [ [ -122.08179, 37.55472 ], [ -122.08179, 37.5547 ], [ -122.08171, 37.55472 ], [ -122.08179, 37.55472 ] ], [ [ -122.08168, 37.55475 ], [ -122.08171, 37.55475 ], [ -122.08171, 37.55472 ], [ -122.08168, 37.55475 ] ], [ [ -122.0823, 37.5586 ], [ -122.0823, 37.55863 ], [ -122.08238, 37.55858 ], [ -122.0823, 37.5586 ] ], [ [ -122.08179, 37.55631 ], [ -122.08182, 37.55629 ], [ -122.08179, 37.55626 ], [ -122.08179, 37.55631 ] ], [ [ -122.07532, 37.55982 ], [ -122.07532, 37.55987 ], [ -122.07538, 37.5599 ], [ -122.07532, 37.55982 ] ], [ [ -122.0754, 37.55992 ], [ -122.0754, 37.55998 ], [ -122.07546, 37.55992 ], [ -122.0754, 37.55992 ] ], [ [ -122.08139, 37.55728 ], [ -122.08139, 37.55734 ], [ -122.08147, 37.55728 ], [ -122.08139, 37.55728 ] ], [ [ -122.083, 37.55618 ], [ -122.08295, 37.55618 ], [ -122.08298, 37.55623 ], [ -122.083, 37.55618 ] ], [ [ -122.07368, 37.56009 ], [ -122.07371, 37.56 ], [ -122.07365, 37.56009 ], [ -122.07368, 37.56009 ] ], [ [ -122.08066, 37.55855 ], [ -122.08066, 37.5586 ], [ -122.08071, 37.55855 ], [ -122.08066, 37.55855 ] ], [ [ -122.08263, 37.55672 ], [ -122.0826, 37.55666 ], [ -122.08255, 37.55672 ], [ -122.08263, 37.55672 ] ], [ [ -122.08069, 37.5555 ], [ -122.0806, 37.5555 ], [ -122.08066, 37.55556 ], [ -122.08069, 37.5555 ] ], [ [ -122.08023, 37.55507 ], [ -122.08023, 37.55499 ], [ -122.0802, 37.55507 ], [ -122.08023, 37.55507 ] ], [ [ -122.08335, 37.55785 ], [ -122.08335, 37.55788 ], [ -122.08343, 37.55782 ], [ -122.08335, 37.55785 ] ], [ [ -122.07726, 37.55588 ], [ -122.07726, 37.55585 ], [ -122.07724, 37.55588 ], [ -122.07726, 37.55588 ] ], [ [ -122.07713, 37.55591 ], [ -122.07724, 37.55591 ], [ -122.07724, 37.55588 ], [ -122.07713, 37.55591 ] ], [ [ -122.07554, 37.55965 ], [ -122.07548, 37.55963 ], [ -122.07554, 37.55968 ], [ -122.07554, 37.55965 ] ], [ [ -122.07546, 37.5596 ], [ -122.07546, 37.55963 ], [ -122.07548, 37.55963 ], [ -122.07546, 37.5596 ] ], [ [ -122.08112, 37.55356 ], [ -122.08109, 37.55364 ], [ -122.08114, 37.55356 ], [ -122.08112, 37.55356 ] ], [ [ -122.08106, 37.55364 ], [ -122.08106, 37.55367 ], [ -122.08109, 37.55367 ], [ -122.08109, 37.55364 ], [ -122.08106, 37.55364 ] ], [ [ -122.0816, 37.55254 ], [ -122.08155, 37.55254 ], [ -122.08157, 37.55262 ], [ -122.0816, 37.55254 ] ], [ [ -122.07813, 37.55658 ], [ -122.07813, 37.55664 ], [ -122.07818, 37.55658 ], [ -122.07813, 37.55658 ] ], [ [ -122.07864, 37.55655 ], [ -122.07864, 37.5565 ], [ -122.07861, 37.55655 ], [ -122.07864, 37.55655 ] ], [ [ -122.0802, 37.5596 ], [ -122.0802, 37.55957 ], [ -122.08017, 37.5596 ], [ -122.0802, 37.5596 ] ], [ [ -122.08012, 37.55965 ], [ -122.08017, 37.55965 ], [ -122.08017, 37.5596 ], [ -122.08012, 37.55965 ] ], [ [ -122.07759, 37.55316 ], [ -122.07761, 37.55321 ], [ -122.07767, 37.55316 ], [ -122.07759, 37.55316 ] ], [ [ -122.07756, 37.55416 ], [ -122.07759, 37.55416 ], [ -122.07756, 37.55413 ], [ -122.07756, 37.55416 ] ], [ [ -122.07751, 37.5541 ], [ -122.07751, 37.55413 ], [ -122.07756, 37.55413 ], [ -122.07751, 37.5541 ] ], [ [ -122.07756, 37.55405 ], [ -122.07756, 37.55408 ], [ -122.07759, 37.55405 ], [ -122.07756, 37.55405 ] ], [ [ -122.08271, 37.55585 ], [ -122.08271, 37.55591 ], [ -122.08279, 37.55585 ], [ -122.08271, 37.55585 ] ], [ [ -122.08104, 37.5537 ], [ -122.08101, 37.55378 ], [ -122.08106, 37.5537 ], [ -122.08104, 37.5537 ] ], [ [ -122.07505, 37.55769 ], [ -122.07495, 37.55763 ], [ -122.07497, 37.55769 ], [ -122.07505, 37.55769 ] ], [ [ -122.07826, 37.55513 ], [ -122.07831, 37.55513 ], [ -122.07826, 37.55505 ], [ -122.07826, 37.55513 ] ], [ [ -122.07163, 37.56165 ], [ -122.07158, 37.56165 ], [ -122.07166, 37.5617 ], [ -122.07163, 37.56165 ] ], [ [ -122.07155, 37.56162 ], [ -122.07155, 37.56165 ], [ -122.07158, 37.56165 ], [ -122.07155, 37.56162 ] ], [ [ -122.07586, 37.55965 ], [ -122.07583, 37.5596 ], [ -122.07575, 37.55965 ], [ -122.07586, 37.55965 ] ], [ [ -122.07573, 37.56033 ], [ -122.07573, 37.56035 ], [ -122.07583, 37.56033 ], [ -122.07573, 37.56033 ] ], [ [ -122.07543, 37.55752 ], [ -122.07535, 37.55752 ], [ -122.0754, 37.55758 ], [ -122.07543, 37.55752 ] ], [ [ -122.07804, 37.55688 ], [ -122.07796, 37.55688 ], [ -122.07802, 37.55693 ], [ -122.07804, 37.55688 ] ], [ [ -122.08228, 37.55491 ], [ -122.08233, 37.55499 ], [ -122.08238, 37.55499 ], [ -122.08236, 37.55491 ], [ -122.08228, 37.55491 ] ], [ [ -122.08338, 37.55779 ], [ -122.08343, 37.55779 ], [ -122.08338, 37.55777 ], [ -122.08338, 37.55779 ] ], [ [ -122.08333, 37.55771 ], [ -122.08335, 37.55777 ], [ -122.08341, 37.55771 ], [ -122.08333, 37.55771 ] ], [ [ -122.08392, 37.55661 ], [ -122.08395, 37.55653 ], [ -122.08387, 37.55658 ], [ -122.08392, 37.55661 ] ], [ [ -122.07815, 37.55688 ], [ -122.0781, 37.55688 ], [ -122.0781, 37.55696 ], [ -122.07815, 37.55688 ] ], [ [ -122.07923, 37.5548 ], [ -122.07923, 37.55486 ], [ -122.07931, 37.5548 ], [ -122.07923, 37.5548 ] ], [ [ -122.07721, 37.55434 ], [ -122.07721, 37.5544 ], [ -122.07729, 37.55434 ], [ -122.07721, 37.55434 ] ], [ [ -122.08055, 37.55879 ], [ -122.08066, 37.55876 ], [ -122.0806, 37.55871 ], [ -122.08055, 37.55879 ] ], [ [ -122.07424, 37.5586 ], [ -122.07427, 37.55852 ], [ -122.07419, 37.55858 ], [ -122.07424, 37.5586 ] ], [ [ -122.08785, 37.56009 ], [ -122.08783, 37.56003 ], [ -122.08777, 37.56009 ], [ -122.08785, 37.56009 ] ], [ [ -122.07503, 37.56049 ], [ -122.07503, 37.56046 ], [ -122.07497, 37.56049 ], [ -122.07503, 37.56049 ] ], [ [ -122.07492, 37.56052 ], [ -122.07497, 37.56052 ], [ -122.07497, 37.56049 ], [ -122.07492, 37.56052 ] ], [ [ -122.07486, 37.56054 ], [ -122.07492, 37.56054 ], [ -122.07492, 37.56052 ], [ -122.07486, 37.56054 ] ], [ [ -122.08276, 37.55459 ], [ -122.08287, 37.55453 ], [ -122.08276, 37.55453 ], [ -122.08276, 37.55459 ] ], [ [ -122.07742, 37.5537 ], [ -122.07737, 37.55378 ], [ -122.07742, 37.55375 ], [ -122.07742, 37.5537 ] ], [ [ -122.07732, 37.55373 ], [ -122.07737, 37.55373 ], [ -122.07732, 37.5537 ], [ -122.07732, 37.55373 ] ], [ [ -122.0764, 37.55451 ], [ -122.0764, 37.55453 ], [ -122.07651, 37.55451 ], [ -122.0764, 37.55451 ] ], [ [ -122.0799, 37.55982 ], [ -122.0799, 37.55987 ], [ -122.07998, 37.5599 ], [ -122.0799, 37.55982 ] ], [ [ -122.09222, 37.55995 ], [ -122.09209, 37.55995 ], [ -122.09217, 37.56 ], [ -122.09222, 37.55995 ] ], [ [ -122.08058, 37.5558 ], [ -122.08052, 37.55575 ], [ -122.08044, 37.5558 ], [ -122.08058, 37.5558 ] ], [ [ -122.07939, 37.55661 ], [ -122.07934, 37.55661 ], [ -122.07942, 37.55669 ], [ -122.07939, 37.55661 ] ], [ [ -122.08255, 37.5554 ], [ -122.08265, 37.55534 ], [ -122.08255, 37.55534 ], [ -122.08255, 37.5554 ] ], [ [ -122.09273, 37.56114 ], [ -122.09279, 37.56114 ], [ -122.09276, 37.56108 ], [ -122.09273, 37.56114 ] ], [ [ -122.09268, 37.56116 ], [ -122.09273, 37.56116 ], [ -122.09273, 37.56114 ], [ -122.09268, 37.56116 ] ], [ [ -122.09265, 37.56119 ], [ -122.09268, 37.56119 ], [ -122.09268, 37.56116 ], [ -122.09265, 37.56119 ] ], [ [ -122.07937, 37.55777 ], [ -122.07939, 37.55777 ], [ -122.07937, 37.55774 ], [ -122.07937, 37.55777 ] ], [ [ -122.07926, 37.55766 ], [ -122.07931, 37.55774 ], [ -122.07931, 37.55766 ], [ -122.07926, 37.55766 ] ], [ [ -122.07875, 37.5565 ], [ -122.07872, 37.55639 ], [ -122.07866, 37.55645 ], [ -122.07875, 37.5565 ] ], [ [ -122.08104, 37.55383 ], [ -122.08104, 37.55381 ], [ -122.08101, 37.55383 ], [ -122.08104, 37.55383 ] ], [ [ -122.08096, 37.55394 ], [ -122.08101, 37.55391 ], [ -122.08096, 37.55386 ], [ -122.08096, 37.55394 ] ], [ [ -122.07751, 37.5547 ], [ -122.07737, 37.5547 ], [ -122.07745, 37.55475 ], [ -122.07751, 37.5547 ] ], [ [ -122.08074, 37.55674 ], [ -122.08082, 37.55674 ], [ -122.08074, 37.55666 ], [ -122.08074, 37.55674 ] ], [ [ -122.0837, 37.5565 ], [ -122.08365, 37.55645 ], [ -122.08354, 37.5565 ], [ -122.0837, 37.5565 ] ], [ [ -122.08082, 37.55426 ], [ -122.08087, 37.55416 ], [ -122.08087, 37.5541 ], [ -122.08082, 37.55426 ] ], [ [ -122.07918, 37.55647 ], [ -122.07928, 37.55645 ], [ -122.07918, 37.55642 ], [ -122.07918, 37.55647 ] ], [ [ -122.08012, 37.55634 ], [ -122.08015, 37.55642 ], [ -122.08025, 37.55639 ], [ -122.08025, 37.55637 ], [ -122.08012, 37.55634 ] ], [ [ -122.07804, 37.5554 ], [ -122.07807, 37.55548 ], [ -122.07813, 37.5554 ], [ -122.07804, 37.5554 ] ], [ [ -122.07834, 37.55515 ], [ -122.07831, 37.55523 ], [ -122.07839, 37.55515 ], [ -122.07834, 37.55515 ] ], [ [ -122.07767, 37.55378 ], [ -122.07775, 37.55378 ], [ -122.07767, 37.5537 ], [ -122.07767, 37.55378 ] ], [ [ -122.07791, 37.55723 ], [ -122.07791, 37.55731 ], [ -122.07799, 37.55723 ], [ -122.07791, 37.55723 ] ], [ [ -122.08028, 37.55739 ], [ -122.08028, 37.55742 ], [ -122.08044, 37.55739 ], [ -122.08028, 37.55739 ] ], [ [ -122.08292, 37.55682 ], [ -122.08292, 37.55691 ], [ -122.08303, 37.55682 ], [ -122.08292, 37.55682 ] ], [ [ -122.08149, 37.55812 ], [ -122.08152, 37.55804 ], [ -122.08144, 37.55812 ], [ -122.08149, 37.55812 ] ], [ [ -122.08292, 37.55502 ], [ -122.08298, 37.55496 ], [ -122.08292, 37.55486 ], [ -122.08292, 37.55502 ] ], [ [ -122.07963, 37.5568 ], [ -122.07955, 37.5568 ], [ -122.07963, 37.55685 ], [ -122.07963, 37.5568 ] ], [ [ -122.07958, 37.55688 ], [ -122.07958, 37.55685 ], [ -122.0795, 37.55688 ], [ -122.07958, 37.55688 ] ], [ [ -122.08214, 37.55178 ], [ -122.08217, 37.55173 ], [ -122.08206, 37.55176 ], [ -122.08214, 37.55178 ] ], [ [ -122.07848, 37.55558 ], [ -122.07845, 37.55548 ], [ -122.07837, 37.55556 ], [ -122.07848, 37.55558 ] ], [ [ -122.07721, 37.55513 ], [ -122.07734, 37.55507 ], [ -122.07726, 37.55502 ], [ -122.07721, 37.55513 ] ], [ [ -122.07713, 37.55561 ], [ -122.07721, 37.55564 ], [ -122.07713, 37.55548 ], [ -122.07713, 37.55561 ] ], [ [ -122.08271, 37.55572 ], [ -122.08273, 37.55572 ], [ -122.08271, 37.55569 ], [ -122.08271, 37.55572 ] ], [ [ -122.08263, 37.55556 ], [ -122.08268, 37.55569 ], [ -122.08268, 37.55556 ], [ -122.08263, 37.55556 ] ], [ [ -122.0802, 37.55618 ], [ -122.0802, 37.55631 ], [ -122.08028, 37.55634 ], [ -122.0802, 37.55618 ] ], [ [ -122.07893, 37.55505 ], [ -122.07893, 37.55496 ], [ -122.07885, 37.55505 ], [ -122.07893, 37.55505 ] ], [ [ -122.07697, 37.55817 ], [ -122.07707, 37.55814 ], [ -122.07699, 37.55804 ], [ -122.07697, 37.55817 ] ], [ [ -122.08114, 37.55817 ], [ -122.08114, 37.55812 ], [ -122.08104, 37.5582 ], [ -122.08114, 37.55817 ] ], [ [ -122.0926, 37.5603 ], [ -122.09265, 37.5603 ], [ -122.0926, 37.56019 ], [ -122.0926, 37.5603 ] ], [ [ -122.09254, 37.56011 ], [ -122.09257, 37.56019 ], [ -122.0926, 37.56019 ], [ -122.09254, 37.56011 ] ], [ [ -122.07699, 37.55472 ], [ -122.07699, 37.55464 ], [ -122.07689, 37.55461 ], [ -122.07699, 37.55472 ] ], [ [ -122.08147, 37.55475 ], [ -122.08144, 37.5547 ], [ -122.08136, 37.55478 ], [ -122.08147, 37.55475 ] ], [ [ -122.0799, 37.55992 ], [ -122.07985, 37.55979 ], [ -122.0798, 37.55979 ], [ -122.0798, 37.55992 ], [ -122.0799, 37.55992 ] ], [ [ -122.08066, 37.55761 ], [ -122.08066, 37.55758 ], [ -122.0806, 37.55761 ], [ -122.08066, 37.55761 ] ], [ [ -122.08069, 37.55769 ], [ -122.08066, 37.55763 ], [ -122.08052, 37.55769 ], [ -122.08069, 37.55769 ] ], [ [ -122.07796, 37.55518 ], [ -122.07796, 37.55507 ], [ -122.07786, 37.55518 ], [ -122.07796, 37.55518 ] ], [ [ -122.08144, 37.5551 ], [ -122.08149, 37.5551 ], [ -122.08144, 37.55507 ], [ -122.08144, 37.5551 ] ], [ [ -122.08133, 37.55499 ], [ -122.08131, 37.55505 ], [ -122.08144, 37.55507 ], [ -122.08133, 37.55499 ] ], [ [ -122.07567, 37.55898 ], [ -122.07567, 37.55909 ], [ -122.07575, 37.55898 ], [ -122.07567, 37.55898 ] ], [ [ -122.08001, 37.55556 ], [ -122.08009, 37.55542 ], [ -122.08001, 37.55548 ], [ -122.08001, 37.55556 ] ], [ [ -122.07996, 37.55542 ], [ -122.08004, 37.55542 ], [ -122.07996, 37.55537 ], [ -122.07996, 37.55542 ] ], [ [ -122.07177, 37.56135 ], [ -122.07193, 37.56138 ], [ -122.07179, 37.56127 ], [ -122.07177, 37.56135 ] ], [ [ -122.07341, 37.56046 ], [ -122.07362, 37.56049 ], [ -122.07344, 37.56041 ], [ -122.07341, 37.56046 ] ], [ [ -122.08141, 37.55575 ], [ -122.08155, 37.55561 ], [ -122.08157, 37.55558 ], [ -122.08141, 37.55567 ], [ -122.08141, 37.55575 ] ], [ [ -122.08052, 37.55868 ], [ -122.08063, 37.55868 ], [ -122.08052, 37.55855 ], [ -122.08052, 37.55868 ] ], [ [ -122.08303, 37.55709 ], [ -122.08298, 37.55704 ], [ -122.0829, 37.55709 ], [ -122.08303, 37.55709 ] ], [ [ -122.08281, 37.55715 ], [ -122.0829, 37.55712 ], [ -122.0829, 37.55709 ], [ -122.08281, 37.55715 ] ], [ [ -122.08131, 37.55693 ], [ -122.08131, 37.55715 ], [ -122.08136, 37.55693 ], [ -122.08131, 37.55693 ] ], [ [ -122.08001, 37.55488 ], [ -122.08004, 37.55494 ], [ -122.08015, 37.55483 ], [ -122.08001, 37.55488 ] ], [ [ -122.0837, 37.55653 ], [ -122.08373, 37.55666 ], [ -122.08378, 37.55653 ], [ -122.0837, 37.55653 ] ], [ [ -122.0819, 37.55664 ], [ -122.08174, 37.55674 ], [ -122.08193, 37.55672 ], [ -122.0819, 37.55664 ] ], [ [ -122.07567, 37.55755 ], [ -122.07567, 37.55752 ], [ -122.07565, 37.55755 ], [ -122.07567, 37.55755 ] ], [ [ -122.07551, 37.55755 ], [ -122.07551, 37.55763 ], [ -122.07546, 37.55771 ], [ -122.07565, 37.55758 ], [ -122.07551, 37.55755 ] ], [ [ -122.08047, 37.55744 ], [ -122.08039, 37.55758 ], [ -122.08052, 37.55744 ], [ -122.08047, 37.55744 ] ], [ [ -122.07667, 37.55394 ], [ -122.0767, 37.55408 ], [ -122.0768, 37.55405 ], [ -122.0768, 37.55397 ], [ -122.07667, 37.55394 ] ], [ [ -122.07794, 37.55715 ], [ -122.07804, 37.55717 ], [ -122.07821, 37.55701 ], [ -122.07807, 37.55712 ], [ -122.07794, 37.55715 ] ], [ [ -122.08281, 37.55863 ], [ -122.08284, 37.55863 ], [ -122.08281, 37.5586 ], [ -122.08281, 37.55863 ] ], [ [ -122.08273, 37.55852 ], [ -122.08276, 37.5586 ], [ -122.08284, 37.55852 ], [ -122.08273, 37.55852 ] ], [ [ -122.08271, 37.5586 ], [ -122.08268, 37.55866 ], [ -122.08279, 37.55866 ], [ -122.08276, 37.5586 ], [ -122.08271, 37.5586 ] ], [ [ -122.08273, 37.55858 ], [ -122.08273, 37.55855 ], [ -122.08271, 37.55858 ], [ -122.08273, 37.55858 ] ], [ [ -122.08268, 37.55855 ], [ -122.08271, 37.55855 ], [ -122.08268, 37.55852 ], [ -122.08268, 37.55855 ] ], [ [ -122.07893, 37.55672 ], [ -122.07901, 37.55682 ], [ -122.07907, 37.55669 ], [ -122.07893, 37.55672 ] ], [ [ -122.08071, 37.55459 ], [ -122.08071, 37.55451 ], [ -122.08069, 37.55459 ], [ -122.08071, 37.55459 ] ], [ [ -122.08042, 37.55461 ], [ -122.08069, 37.55461 ], [ -122.08052, 37.55456 ], [ -122.08042, 37.55461 ] ], [ [ -122.07562, 37.55779 ], [ -122.07562, 37.5579 ], [ -122.07575, 37.55788 ], [ -122.07575, 37.55779 ], [ -122.07562, 37.55779 ] ], [ [ -122.07686, 37.55769 ], [ -122.07689, 37.55769 ], [ -122.07686, 37.55766 ], [ -122.07686, 37.55769 ] ], [ [ -122.0767, 37.55752 ], [ -122.0768, 37.55766 ], [ -122.07694, 37.55761 ], [ -122.0767, 37.55752 ] ], [ [ -122.08238, 37.5548 ], [ -122.08255, 37.55494 ], [ -122.08257, 37.55472 ], [ -122.08252, 37.55483 ], [ -122.08238, 37.5548 ] ], [ [ -122.07778, 37.55478 ], [ -122.07772, 37.55488 ], [ -122.07791, 37.55496 ], [ -122.07778, 37.55478 ] ], [ [ -122.07837, 37.55774 ], [ -122.07842, 37.55761 ], [ -122.07823, 37.55755 ], [ -122.07837, 37.55774 ] ], [ [ -122.07751, 37.55467 ], [ -122.07745, 37.55453 ], [ -122.07732, 37.55451 ], [ -122.0774, 37.55467 ], [ -122.07751, 37.55467 ] ], [ [ -122.08176, 37.55672 ], [ -122.08171, 37.55664 ], [ -122.08155, 37.55666 ], [ -122.08155, 37.55677 ], [ -122.08176, 37.55672 ] ], [ [ -122.08414, 37.55626 ], [ -122.08435, 37.55623 ], [ -122.08435, 37.55618 ], [ -122.08419, 37.55612 ], [ -122.08414, 37.55626 ] ], [ [ -122.08788, 37.55788 ], [ -122.08775, 37.55793 ], [ -122.08788, 37.55804 ], [ -122.08788, 37.55788 ] ], [ [ -122.0829, 37.55588 ], [ -122.08308, 37.55577 ], [ -122.08308, 37.55572 ], [ -122.08287, 37.55577 ], [ -122.0829, 37.55588 ] ], [ [ -122.07362, 37.55876 ], [ -122.07357, 37.55901 ], [ -122.07371, 37.55879 ], [ -122.07362, 37.55876 ] ], [ [ -122.07926, 37.56009 ], [ -122.07926, 37.56006 ], [ -122.0792, 37.56009 ], [ -122.07926, 37.56009 ] ], [ [ -122.07918, 37.56009 ], [ -122.0791, 37.56003 ], [ -122.07893, 37.56011 ], [ -122.07907, 37.56014 ], [ -122.07918, 37.56009 ] ], [ [ -122.07912, 37.56017 ], [ -122.07912, 37.56014 ], [ -122.07907, 37.56014 ], [ -122.07912, 37.56017 ] ], [ [ -122.08246, 37.55502 ], [ -122.08244, 37.55515 ], [ -122.08268, 37.55518 ], [ -122.08246, 37.55502 ] ], [ [ -122.07778, 37.55459 ], [ -122.07772, 37.55443 ], [ -122.07759, 37.55445 ], [ -122.07761, 37.55459 ], [ -122.07778, 37.55459 ] ], [ [ -122.07942, 37.55685 ], [ -122.07947, 37.55677 ], [ -122.0792, 37.55666 ], [ -122.07928, 37.5568 ], [ -122.07942, 37.55685 ] ], [ [ -122.07818, 37.55534 ], [ -122.07829, 37.55521 ], [ -122.07804, 37.55518 ], [ -122.07804, 37.55523 ], [ -122.07818, 37.55534 ] ], [ [ -122.09087, 37.55831 ], [ -122.09079, 37.55814 ], [ -122.09066, 37.55812 ], [ -122.09074, 37.55828 ], [ -122.09087, 37.55831 ] ], [ [ -122.08284, 37.55483 ], [ -122.08276, 37.55475 ], [ -122.08268, 37.55483 ], [ -122.08284, 37.55483 ] ], [ [ -122.08268, 37.55475 ], [ -122.08271, 37.55475 ], [ -122.08268, 37.55472 ], [ -122.08268, 37.55475 ] ], [ [ -122.08255, 37.55464 ], [ -122.08265, 37.55472 ], [ -122.08263, 37.55459 ], [ -122.08255, 37.55464 ] ], [ [ -122.09044, 37.55761 ], [ -122.09047, 37.55755 ], [ -122.09039, 37.55758 ], [ -122.09044, 37.55761 ] ], [ [ -122.09031, 37.55723 ], [ -122.09036, 37.5575 ], [ -122.09036, 37.55726 ], [ -122.09031, 37.55723 ] ], [ [ -122.07974, 37.55491 ], [ -122.07993, 37.55513 ], [ -122.07985, 37.55491 ], [ -122.07974, 37.55491 ] ], [ [ -122.08265, 37.55712 ], [ -122.08287, 37.55701 ], [ -122.08281, 37.55693 ], [ -122.08265, 37.55699 ], [ -122.08265, 37.55712 ] ], [ [ -122.07729, 37.55836 ], [ -122.07716, 37.5582 ], [ -122.07707, 37.5582 ], [ -122.07713, 37.55836 ], [ -122.07729, 37.55836 ] ], [ [ -122.08125, 37.55478 ], [ -122.08128, 37.5547 ], [ -122.0809, 37.55483 ], [ -122.08125, 37.55478 ] ], [ [ -122.08273, 37.55599 ], [ -122.0826, 37.55607 ], [ -122.08279, 37.55623 ], [ -122.08273, 37.55599 ] ], [ [ -122.08182, 37.55521 ], [ -122.08184, 37.5551 ], [ -122.0816, 37.5551 ], [ -122.08157, 37.55518 ], [ -122.08182, 37.55521 ] ], [ [ -122.08211, 37.55612 ], [ -122.0819, 37.55618 ], [ -122.08193, 37.55629 ], [ -122.08214, 37.55623 ], [ -122.08211, 37.55612 ] ], [ [ -122.08182, 37.55604 ], [ -122.08179, 37.5562 ], [ -122.08184, 37.55615 ], [ -122.08182, 37.55604 ] ], [ [ -122.08249, 37.55623 ], [ -122.08255, 37.5561 ], [ -122.08225, 37.55618 ], [ -122.08249, 37.55623 ] ], [ [ -122.08163, 37.55623 ], [ -122.0816, 37.55631 ], [ -122.08187, 37.55653 ], [ -122.08163, 37.55623 ] ], [ [ -122.07794, 37.55591 ], [ -122.07807, 37.5562 ], [ -122.07813, 37.5562 ], [ -122.07804, 37.55593 ], [ -122.07794, 37.55591 ] ], [ [ -122.07648, 37.55887 ], [ -122.07654, 37.55876 ], [ -122.07621, 37.55871 ], [ -122.07624, 37.55882 ], [ -122.07648, 37.55887 ] ], [ [ -122.08087, 37.55858 ], [ -122.08098, 37.55852 ], [ -122.08087, 37.55852 ], [ -122.08087, 37.55858 ] ], [ [ -122.08079, 37.55833 ], [ -122.08066, 37.55852 ], [ -122.08087, 37.55852 ], [ -122.08079, 37.55833 ] ], [ [ -122.09268, 37.56052 ], [ -122.09222, 37.56019 ], [ -122.09244, 37.56041 ], [ -122.09268, 37.56052 ] ], [ [ -122.08082, 37.55602 ], [ -122.08085, 37.55591 ], [ -122.08044, 37.55585 ], [ -122.0806, 37.55607 ], [ -122.08066, 37.55593 ], [ -122.08082, 37.55602 ] ], [ [ -122.08521, 37.55758 ], [ -122.08497, 37.55761 ], [ -122.08516, 37.55774 ], [ -122.08521, 37.55758 ] ], [ [ -122.08155, 37.55709 ], [ -122.08171, 37.55707 ], [ -122.08176, 37.55688 ], [ -122.08149, 37.55696 ], [ -122.08155, 37.55709 ] ], [ [ -122.0816, 37.55688 ], [ -122.08166, 37.55691 ], [ -122.08171, 37.5568 ], [ -122.0816, 37.55688 ] ], [ [ -122.07934, 37.55532 ], [ -122.07947, 37.55542 ], [ -122.07961, 37.55523 ], [ -122.07939, 37.55518 ], [ -122.07934, 37.55532 ] ], [ [ -122.08244, 37.55593 ], [ -122.08265, 37.55593 ], [ -122.08255, 37.55575 ], [ -122.08241, 37.5558 ], [ -122.08244, 37.55593 ] ], [ [ -122.08422, 37.55763 ], [ -122.08449, 37.55763 ], [ -122.08459, 37.5575 ], [ -122.08438, 37.5575 ], [ -122.08422, 37.55763 ] ], [ [ -122.08362, 37.55801 ], [ -122.08378, 37.55779 ], [ -122.08362, 37.55779 ], [ -122.0836, 37.55793 ], [ -122.08349, 37.55785 ], [ -122.08343, 37.55796 ], [ -122.08362, 37.55801 ] ], [ [ -122.09316, 37.55987 ], [ -122.09252, 37.5599 ], [ -122.09314, 37.55998 ], [ -122.09316, 37.55987 ] ], [ [ -122.09289, 37.56038 ], [ -122.09268, 37.56065 ], [ -122.09289, 37.56084 ], [ -122.09289, 37.56038 ] ], [ [ -122.08139, 37.55895 ], [ -122.08087, 37.55882 ], [ -122.0812, 37.55906 ], [ -122.08139, 37.55895 ] ], [ [ -122.08114, 37.55863 ], [ -122.0812, 37.55871 ], [ -122.08157, 37.55868 ], [ -122.08136, 37.5585 ], [ -122.08114, 37.55863 ] ], [ [ -122.07834, 37.55752 ], [ -122.07845, 37.55744 ], [ -122.07858, 37.55758 ], [ -122.0785, 37.55734 ], [ -122.07861, 37.55734 ], [ -122.07866, 37.5572 ], [ -122.07839, 37.55734 ], [ -122.07834, 37.55752 ] ], [ [ -122.07813, 37.5555 ], [ -122.07834, 37.55593 ], [ -122.07842, 37.55593 ], [ -122.07839, 37.55569 ], [ -122.07813, 37.5555 ] ], [ [ -122.08101, 37.5558 ], [ -122.08093, 37.55561 ], [ -122.08066, 37.55558 ], [ -122.08055, 37.55569 ], [ -122.08074, 37.55567 ], [ -122.08074, 37.55585 ], [ -122.08101, 37.5558 ] ], [ [ -122.08268, 37.55661 ], [ -122.08284, 37.55658 ], [ -122.0829, 37.55669 ], [ -122.08271, 37.55672 ], [ -122.08298, 37.5568 ], [ -122.08306, 37.55669 ], [ -122.08292, 37.55658 ], [ -122.08311, 37.55655 ], [ -122.0829, 37.5565 ], [ -122.08268, 37.55661 ] ], [ [ -122.0802, 37.55567 ], [ -122.0802, 37.55564 ], [ -122.08017, 37.55567 ], [ -122.0802, 37.55567 ] ], [ [ -122.07993, 37.55564 ], [ -122.08009, 37.55575 ], [ -122.08007, 37.55561 ], [ -122.07993, 37.55564 ] ], [ [ -122.08009, 37.55556 ], [ -122.08007, 37.55556 ], [ -122.08007, 37.55561 ], [ -122.08009, 37.55556 ] ], [ [ -122.07972, 37.55572 ], [ -122.07969, 37.55585 ], [ -122.07996, 37.55588 ], [ -122.07996, 37.55569 ], [ -122.07982, 37.55569 ], [ -122.07988, 37.55577 ], [ -122.07972, 37.55572 ] ], [ [ -122.07759, 37.55483 ], [ -122.07769, 37.55478 ], [ -122.07753, 37.55472 ], [ -122.07759, 37.5551 ], [ -122.07775, 37.55526 ], [ -122.07759, 37.55483 ] ], [ [ -122.07751, 37.5544 ], [ -122.07729, 37.55405 ], [ -122.07748, 37.55399 ], [ -122.07729, 37.55386 ], [ -122.07718, 37.55399 ], [ -122.0774, 37.55437 ], [ -122.07751, 37.5544 ] ], [ [ -122.08316, 37.55817 ], [ -122.08298, 37.55855 ], [ -122.08311, 37.55858 ], [ -122.0833, 37.5582 ], [ -122.08316, 37.55817 ] ], [ [ -122.07963, 37.55561 ], [ -122.0795, 37.55567 ], [ -122.07961, 37.55553 ], [ -122.07942, 37.5555 ], [ -122.07937, 37.55577 ], [ -122.07963, 37.5558 ], [ -122.07963, 37.55561 ] ], [ [ -122.07839, 37.55728 ], [ -122.07845, 37.5572 ], [ -122.07839, 37.55696 ], [ -122.07839, 37.55728 ] ], [ [ -122.07818, 37.55726 ], [ -122.07831, 37.55728 ], [ -122.07831, 37.55712 ], [ -122.07802, 37.55723 ], [ -122.07796, 37.55752 ], [ -122.07818, 37.55726 ] ], [ [ -122.08338, 37.5561 ], [ -122.08327, 37.5562 ], [ -122.08316, 37.5561 ], [ -122.08308, 37.5562 ], [ -122.08333, 37.55634 ], [ -122.08341, 37.5562 ], [ -122.08384, 37.55626 ], [ -122.08338, 37.5561 ] ], [ [ -122.08163, 37.55472 ], [ -122.08144, 37.55478 ], [ -122.08139, 37.55494 ], [ -122.08152, 37.55505 ], [ -122.08174, 37.55496 ], [ -122.0819, 37.55505 ], [ -122.08193, 37.5548 ], [ -122.08163, 37.55491 ], [ -122.08163, 37.55472 ] ], [ [ -122.08149, 37.55728 ], [ -122.08149, 37.55752 ], [ -122.08182, 37.55728 ], [ -122.08195, 37.55731 ], [ -122.08182, 37.5572 ], [ -122.08184, 37.55685 ], [ -122.08176, 37.55715 ], [ -122.08149, 37.55728 ] ], [ [ -122.07848, 37.55688 ], [ -122.0788, 37.55707 ], [ -122.07891, 37.55696 ], [ -122.0785, 37.55655 ], [ -122.07848, 37.55688 ] ], [ [ -122.08236, 37.5572 ], [ -122.08241, 37.55699 ], [ -122.08271, 37.55691 ], [ -122.08252, 37.55682 ], [ -122.08225, 37.55704 ], [ -122.08209, 37.55696 ], [ -122.08238, 37.55682 ], [ -122.08241, 37.55669 ], [ -122.08203, 37.5568 ], [ -122.08214, 37.55691 ], [ -122.08193, 37.55707 ], [ -122.08206, 37.5572 ], [ -122.08219, 37.55709 ], [ -122.08236, 37.5572 ] ], [ [ -122.07505, 37.55809 ], [ -122.07516, 37.55839 ], [ -122.07527, 37.55831 ], [ -122.07551, 37.55847 ], [ -122.0754, 37.55785 ], [ -122.07521, 37.55798 ], [ -122.07527, 37.5579 ], [ -122.07513, 37.55774 ], [ -122.07505, 37.55809 ] ], [ [ -122.07861, 37.5562 ], [ -122.07858, 37.5562 ], [ -122.07866, 37.55631 ], [ -122.07861, 37.5562 ] ], [ [ -122.07856, 37.55618 ], [ -122.07856, 37.5562 ], [ -122.07858, 37.5562 ], [ -122.07856, 37.55618 ] ], [ [ -122.07848, 37.55596 ], [ -122.07834, 37.55599 ], [ -122.07794, 37.55575 ], [ -122.07796, 37.55588 ], [ -122.07815, 37.55588 ], [ -122.07813, 37.55599 ], [ -122.07853, 37.55618 ], [ -122.07848, 37.55596 ] ], [ [ -122.07786, 37.55593 ], [ -122.07791, 37.55537 ], [ -122.0778, 37.55537 ], [ -122.07764, 37.55591 ], [ -122.07786, 37.55593 ] ], [ [ -122.0781, 37.55558 ], [ -122.07799, 37.55556 ], [ -122.0781, 37.55567 ], [ -122.0781, 37.55558 ] ], [ [ -122.08039, 37.55556 ], [ -122.08066, 37.5551 ], [ -122.08034, 37.55499 ], [ -122.08012, 37.55545 ], [ -122.08039, 37.55556 ] ], [ [ -122.07271, 37.56124 ], [ -122.07287, 37.56124 ], [ -122.07311, 37.56079 ], [ -122.0726, 37.56076 ], [ -122.073, 37.56084 ], [ -122.07249, 37.56095 ], [ -122.07247, 37.56106 ], [ -122.07257, 37.56103 ], [ -122.07271, 37.56124 ] ], [ [ -122.08144, 37.55564 ], [ -122.08122, 37.55548 ], [ -122.08147, 37.55529 ], [ -122.0812, 37.55518 ], [ -122.08093, 37.55529 ], [ -122.08071, 37.55515 ], [ -122.08114, 37.55564 ], [ -122.08144, 37.55564 ] ], [ [ -122.08085, 37.55545 ], [ -122.08085, 37.55542 ], [ -122.08082, 37.55545 ], [ -122.08085, 37.55545 ] ], [ [ -122.07734, 37.55984 ], [ -122.07791, 37.55973 ], [ -122.07821, 37.55909 ], [ -122.0774, 37.55965 ], [ -122.07686, 37.5603 ], [ -122.07734, 37.55984 ] ], [ [ -122.08163, 37.55647 ], [ -122.08147, 37.55658 ], [ -122.08125, 37.5565 ], [ -122.08141, 37.5565 ], [ -122.08149, 37.55637 ], [ -122.08114, 37.55629 ], [ -122.08131, 37.55618 ], [ -122.08104, 37.5558 ], [ -122.08087, 37.55612 ], [ -122.0809, 37.55631 ], [ -122.08109, 37.55642 ], [ -122.08101, 37.55655 ], [ -122.0812, 37.55666 ], [ -122.08163, 37.55661 ], [ -122.08163, 37.55647 ] ], [ [ -122.09025, 37.55852 ], [ -122.0905, 37.55922 ], [ -122.09098, 37.55893 ], [ -122.09087, 37.55868 ], [ -122.09025, 37.55852 ] ], [ [ -122.0819, 37.55548 ], [ -122.08174, 37.55529 ], [ -122.08163, 37.55564 ], [ -122.08179, 37.55545 ], [ -122.08211, 37.55558 ], [ -122.08195, 37.55575 ], [ -122.0819, 37.55564 ], [ -122.08174, 37.55567 ], [ -122.08152, 37.55599 ], [ -122.08144, 37.55583 ], [ -122.08122, 37.5558 ], [ -122.08141, 37.55591 ], [ -122.08144, 37.55615 ], [ -122.08182, 37.55602 ], [ -122.08193, 37.5558 ], [ -122.08217, 37.55585 ], [ -122.08222, 37.55567 ], [ -122.08257, 37.55564 ], [ -122.08257, 37.55556 ], [ -122.08219, 37.55542 ], [ -122.0819, 37.55548 ] ], [ [ -122.08206, 37.55542 ], [ -122.08209, 37.55542 ], [ -122.08206, 37.5554 ], [ -122.08206, 37.55542 ] ], [ [ -122.08149, 37.55534 ], [ -122.08163, 37.55537 ], [ -122.08152, 37.55529 ], [ -122.08149, 37.55534 ] ], [ [ -122.08139, 37.55577 ], [ -122.08139, 37.5558 ], [ -122.08141, 37.55577 ], [ -122.08139, 37.55577 ] ], [ [ -122.08877, 37.56081 ], [ -122.08912, 37.56084 ], [ -122.08912, 37.56019 ], [ -122.08888, 37.55987 ], [ -122.08869, 37.55992 ], [ -122.08855, 37.56044 ], [ -122.08877, 37.56081 ] ], [ [ -122.08281, 37.55782 ], [ -122.08284, 37.55782 ], [ -122.08281, 37.55779 ], [ -122.08281, 37.55782 ] ], [ [ -122.08238, 37.55833 ], [ -122.08249, 37.55798 ], [ -122.08257, 37.55814 ], [ -122.08281, 37.55801 ], [ -122.08265, 37.55788 ], [ -122.08281, 37.55777 ], [ -122.08244, 37.55752 ], [ -122.08233, 37.55769 ], [ -122.08214, 37.55755 ], [ -122.08171, 37.55771 ], [ -122.08147, 37.55844 ], [ -122.08166, 37.5586 ], [ -122.08209, 37.55855 ], [ -122.08238, 37.55833 ] ], [ [ -122.07583, 37.5592 ], [ -122.07586, 37.55911 ], [ -122.07557, 37.55914 ], [ -122.07543, 37.55885 ], [ -122.07546, 37.55909 ], [ -122.0753, 37.55903 ], [ -122.0754, 37.55876 ], [ -122.0753, 37.5586 ], [ -122.07516, 37.55863 ], [ -122.07519, 37.55876 ], [ -122.07513, 37.55858 ], [ -122.07486, 37.5586 ], [ -122.07478, 37.55906 ], [ -122.07513, 37.55928 ], [ -122.0753, 37.55971 ], [ -122.07546, 37.55941 ], [ -122.07557, 37.55957 ], [ -122.07632, 37.5596 ], [ -122.07643, 37.55906 ], [ -122.07602, 37.55893 ], [ -122.07605, 37.55812 ], [ -122.07583, 37.55836 ], [ -122.07589, 37.55895 ], [ -122.07578, 37.55901 ], [ -122.07594, 37.55903 ], [ -122.07613, 37.5593 ], [ -122.0761, 37.55955 ], [ -122.07597, 37.55955 ], [ -122.07602, 37.5593 ], [ -122.07583, 37.5592 ] ], [ [ -122.07594, 37.55909 ], [ -122.07594, 37.55906 ], [ -122.07592, 37.55909 ], [ -122.07594, 37.55909 ] ], [ [ -122.07581, 37.55866 ], [ -122.07581, 37.55863 ], [ -122.07575, 37.55866 ], [ -122.07581, 37.55866 ] ] ], [ [ [ -122.075, 37.55893 ], [ -122.07489, 37.5589 ], [ -122.07495, 37.55871 ], [ -122.07511, 37.55887 ], [ -122.07527, 37.55879 ], [ -122.07511, 37.55898 ], [ -122.07527, 37.55906 ], [ -122.07521, 37.55917 ], [ -122.07508, 37.55911 ], [ -122.075, 37.55893 ] ], [ [ -122.07513, 37.55909 ], [ -122.07513, 37.55911 ], [ -122.07516, 37.55909 ], [ -122.07513, 37.55909 ] ] ], [ [ [ -122.08117, 37.5617 ], [ -122.08327, 37.56186 ], [ -122.08346, 37.56197 ], [ -122.08408, 37.56194 ], [ -122.08414, 37.56203 ], [ -122.08141, 37.56181 ], [ -122.0799, 37.56189 ], [ -122.08015, 37.56176 ], [ -122.08117, 37.5617 ] ], [ [ -122.08096, 37.56176 ], [ -122.0809, 37.56176 ], [ -122.08093, 37.56181 ], [ -122.08096, 37.56176 ] ], [ [ -122.08101, 37.56178 ], [ -122.08104, 37.56178 ], [ -122.08101, 37.56176 ], [ -122.08101, 37.56178 ] ], [ [ -122.08122, 37.56176 ], [ -122.08131, 37.56178 ], [ -122.08122, 37.56173 ], [ -122.08122, 37.56176 ] ] ], [ [ [ -122.06425, 37.56345 ], [ -122.0643, 37.56337 ], [ -122.06449, 37.56337 ], [ -122.06489, 37.56402 ], [ -122.06538, 37.56448 ], [ -122.06519, 37.56459 ], [ -122.06441, 37.56421 ], [ -122.06444, 37.56399 ], [ -122.06452, 37.5641 ], [ -122.0646, 37.56405 ], [ -122.06425, 37.56345 ] ], [ [ -122.06473, 37.56413 ], [ -122.06462, 37.5641 ], [ -122.06473, 37.56415 ], [ -122.06473, 37.56413 ] ], [ [ -122.06441, 37.5637 ], [ -122.06444, 37.5637 ], [ -122.06441, 37.56367 ], [ -122.06441, 37.5637 ] ], [ [ -122.06452, 37.56353 ], [ -122.06446, 37.56343 ], [ -122.06438, 37.5634 ], [ -122.06438, 37.56351 ], [ -122.06452, 37.56353 ] ] ], [ [ [ -122.07379, 37.56548 ], [ -122.0733, 37.56539 ], [ -122.07357, 37.56537 ], [ -122.07516, 37.5655 ], [ -122.07586, 37.56526 ], [ -122.07589, 37.56512 ], [ -122.0754, 37.56515 ], [ -122.07511, 37.56529 ], [ -122.07511, 37.56539 ], [ -122.07508, 37.56526 ], [ -122.07395, 37.56529 ], [ -122.0736, 37.56526 ], [ -122.0736, 37.56518 ], [ -122.07395, 37.5651 ], [ -122.07435, 37.56521 ], [ -122.07492, 37.56518 ], [ -122.07616, 37.56494 ], [ -122.07648, 37.5651 ], [ -122.076, 37.56507 ], [ -122.07592, 37.56515 ], [ -122.07651, 37.56518 ], [ -122.07654, 37.56531 ], [ -122.07705, 37.56556 ], [ -122.07664, 37.56537 ], [ -122.07602, 37.56531 ], [ -122.07538, 37.56556 ], [ -122.07282, 37.56553 ], [ -122.07287, 37.56537 ], [ -122.07287, 37.56548 ], [ -122.07379, 37.56548 ] ], [ [ -122.07645, 37.56526 ], [ -122.07651, 37.56526 ], [ -122.07645, 37.56523 ], [ -122.07645, 37.56526 ] ], [ [ -122.07602, 37.56526 ], [ -122.07602, 37.56529 ], [ -122.0761, 37.56526 ], [ -122.07602, 37.56526 ] ], [ [ -122.07613, 37.56526 ], [ -122.07613, 37.56529 ], [ -122.07624, 37.56526 ], [ -122.07613, 37.56526 ] ] ], [ [ [ -122.08179, 37.56604 ], [ -122.08098, 37.56639 ], [ -122.08071, 37.56639 ], [ -122.08077, 37.56626 ], [ -122.08063, 37.56626 ], [ -122.0806, 37.56639 ], [ -122.07966, 37.56631 ], [ -122.08039, 37.56601 ], [ -122.07963, 37.56618 ], [ -122.0805, 37.56574 ], [ -122.08077, 37.56585 ], [ -122.08055, 37.56609 ], [ -122.08077, 37.56609 ], [ -122.08087, 37.56596 ], [ -122.08179, 37.56604 ] ], [ [ -122.0806, 37.56596 ], [ -122.0806, 37.56593 ], [ -122.08058, 37.56596 ], [ -122.0806, 37.56596 ] ], [ [ -122.08044, 37.56593 ], [ -122.08044, 37.56591 ], [ -122.08036, 37.56596 ], [ -122.08044, 37.56593 ] ] ], [ [ [ -122.0781, 37.56631 ], [ -122.07848, 37.56639 ], [ -122.07856, 37.56655 ], [ -122.07842, 37.56669 ], [ -122.07737, 37.56712 ], [ -122.0781, 37.56631 ] ] ], [ [ [ -122.07586, 37.57006 ], [ -122.07212, 37.57442 ], [ -122.07185, 37.57466 ], [ -122.07187, 37.5745 ], [ -122.07586, 37.57006 ] ] ], [ [ [ -122.06764, 37.57946 ], [ -122.06751, 37.57954 ], [ -122.07171, 37.5748 ], [ -122.06964, 37.57725 ], [ -122.06931, 37.57752 ], [ -122.06764, 37.57946 ] ] ], [ [ [ -122.0805, 37.5838 ], [ -122.0781, 37.58671 ], [ -122.07786, 37.58682 ], [ -122.08017, 37.58402 ], [ -122.0805, 37.5838 ] ] ], [ [ [ -122.07775, 37.58698 ], [ -122.0767, 37.5883 ], [ -122.07459, 37.58873 ], [ -122.07427, 37.58889 ], [ -122.07336, 37.59135 ], [ -122.07322, 37.59137 ], [ -122.07424, 37.58876 ], [ -122.07656, 37.58822 ], [ -122.07775, 37.58698 ] ] ], [ [ [ -122.07955, 37.59121 ], [ -122.07915, 37.59121 ], [ -122.07953, 37.59118 ], [ -122.07955, 37.591 ], [ -122.07963, 37.59118 ], [ -122.0802, 37.59116 ], [ -122.08017, 37.59024 ], [ -122.07961, 37.5903 ], [ -122.07955, 37.59056 ], [ -122.07953, 37.5903 ], [ -122.07969, 37.59005 ], [ -122.08023, 37.59008 ], [ -122.08023, 37.5897 ], [ -122.0798, 37.58962 ], [ -122.0806, 37.58962 ], [ -122.08031, 37.5897 ], [ -122.08031, 37.59011 ], [ -122.08066, 37.59011 ], [ -122.08066, 37.59027 ], [ -122.08031, 37.59027 ], [ -122.08028, 37.59113 ], [ -122.0805, 37.59124 ], [ -122.07969, 37.59124 ], [ -122.07966, 37.59135 ], [ -122.07955, 37.59121 ] ], [ [ -122.07982, 37.59019 ], [ -122.07982, 37.59016 ], [ -122.07977, 37.59019 ], [ -122.07982, 37.59019 ] ] ], [ [ [ -122.0788, 37.60555 ], [ -122.07861, 37.60547 ], [ -122.07845, 37.60369 ], [ -122.07775, 37.60194 ], [ -122.07543, 37.60059 ], [ -122.07459, 37.6004 ], [ -122.07228, 37.59949 ], [ -122.07193, 37.59913 ], [ -122.07179, 37.5987 ], [ -122.07187, 37.59682 ], [ -122.07201, 37.59693 ], [ -122.0719, 37.59878 ], [ -122.07222, 37.59932 ], [ -122.07303, 37.59973 ], [ -122.07543, 37.60043 ], [ -122.07707, 37.60129 ], [ -122.07791, 37.60191 ], [ -122.07858, 37.6035 ], [ -122.0788, 37.60555 ] ] ], [ [ [ -122.07152, 37.61307 ], [ -122.07233, 37.61318 ], [ -122.07783, 37.61331 ], [ -122.07858, 37.61299 ], [ -122.07996, 37.61145 ], [ -122.08093, 37.61086 ], [ -122.08217, 37.61037 ], [ -122.08109, 37.61016 ], [ -122.08031, 37.60981 ], [ -122.07934, 37.60892 ], [ -122.07896, 37.60806 ], [ -122.07869, 37.60603 ], [ -122.07877, 37.60582 ], [ -122.07891, 37.6059 ], [ -122.07918, 37.60792 ], [ -122.07945, 37.60862 ], [ -122.08017, 37.6094 ], [ -122.0812, 37.60991 ], [ -122.08206, 37.61008 ], [ -122.08327, 37.60997 ], [ -122.08643, 37.60859 ], [ -122.08775, 37.6076 ], [ -122.08831, 37.60698 ], [ -122.09068, 37.60183 ], [ -122.09155, 37.60072 ], [ -122.0916, 37.60029 ], [ -122.0919, 37.60024 ], [ -122.09238, 37.60035 ], [ -122.09235, 37.60205 ], [ -122.09076, 37.60552 ], [ -122.08993, 37.6066 ], [ -122.08829, 37.60792 ], [ -122.08837, 37.60862 ], [ -122.09009, 37.61018 ], [ -122.08985, 37.61018 ], [ -122.08775, 37.60827 ], [ -122.08602, 37.60935 ], [ -122.08077, 37.61142 ], [ -122.07985, 37.61218 ], [ -122.07883, 37.61336 ], [ -122.07815, 37.61363 ], [ -122.07732, 37.61371 ], [ -122.07212, 37.61355 ], [ -122.07166, 37.61342 ], [ -122.07115, 37.61358 ], [ -122.07395, 37.61751 ], [ -122.074, 37.61822 ], [ -122.07459, 37.6187 ], [ -122.07513, 37.61935 ], [ -122.07697, 37.6218 ], [ -122.07726, 37.62228 ], [ -122.07476, 37.61897 ], [ -122.07387, 37.61822 ], [ -122.0733, 37.61854 ], [ -122.073, 37.61927 ], [ -122.07201, 37.62239 ], [ -122.07198, 37.62444 ], [ -122.07185, 37.62444 ], [ -122.07182, 37.62253 ], [ -122.07298, 37.61881 ], [ -122.07325, 37.61838 ], [ -122.07373, 37.61811 ], [ -122.07381, 37.61781 ], [ -122.07373, 37.61749 ], [ -122.07352, 37.61735 ], [ -122.0709, 37.61361 ], [ -122.07063, 37.61342 ], [ -122.06813, 37.61336 ], [ -122.06772, 37.61358 ], [ -122.06624, 37.61485 ], [ -122.06592, 37.61487 ], [ -122.06543, 37.61466 ], [ -122.05697, 37.62145 ], [ -122.05632, 37.6218 ], [ -122.05648, 37.62183 ], [ -122.05581, 37.62237 ], [ -122.0557, 37.62231 ], [ -122.05541, 37.62258 ], [ -122.05526, 37.62263 ], [ -122.05525, 37.62266 ], [ -122.05473, 37.62309 ], [ -122.05511, 37.62288 ], [ -122.05503, 37.62299 ], [ -122.05409, 37.62358 ], [ -122.05428, 37.62328 ], [ -122.05436, 37.62336 ], [ -122.05454, 37.62323 ], [ -122.05525, 37.6225 ], [ -122.05533, 37.6225 ], [ -122.05527, 37.62262 ], [ -122.05557, 37.62242 ], [ -122.05551, 37.62228 ], [ -122.05632, 37.62158 ], [ -122.05646, 37.62166 ], [ -122.05775, 37.62048 ], [ -122.06522, 37.61452 ], [ -122.06557, 37.61442 ], [ -122.06562, 37.61428 ], [ -122.06565, 37.61442 ], [ -122.06611, 37.61458 ], [ -122.06786, 37.61312 ], [ -122.07152, 37.61307 ] ], [ [ -122.05468, 37.62315 ], [ -122.05471, 37.62315 ], [ -122.05473, 37.62309 ], [ -122.05468, 37.62315 ] ], [ [ -122.05465, 37.62317 ], [ -122.05468, 37.62317 ], [ -122.05468, 37.62315 ], [ -122.05465, 37.62317 ] ], [ [ -122.05463, 37.6232 ], [ -122.05465, 37.6232 ], [ -122.05465, 37.62317 ], [ -122.05463, 37.6232 ] ], [ [ -122.05657, 37.62164 ], [ -122.05659, 37.62164 ], [ -122.05657, 37.62161 ], [ -122.05657, 37.62164 ] ], [ [ -122.0563, 37.62191 ], [ -122.0563, 37.62185 ], [ -122.05624, 37.62191 ], [ -122.0563, 37.62191 ] ], [ [ -122.05616, 37.62191 ], [ -122.05605, 37.62201 ], [ -122.05605, 37.62207 ], [ -122.05622, 37.62199 ], [ -122.05616, 37.62191 ] ], [ [ -122.05603, 37.6221 ], [ -122.05605, 37.6221 ], [ -122.05605, 37.62207 ], [ -122.05603, 37.6221 ] ], [ [ -122.05589, 37.62218 ], [ -122.05603, 37.62212 ], [ -122.05589, 37.62215 ], [ -122.05589, 37.62218 ] ], [ [ -122.05589, 37.62212 ], [ -122.05592, 37.62212 ], [ -122.05589, 37.6221 ], [ -122.05589, 37.62212 ] ], [ [ -122.05592, 37.62207 ], [ -122.05592, 37.6221 ], [ -122.05595, 37.62207 ], [ -122.05592, 37.62207 ] ], [ [ -122.05603, 37.62199 ], [ -122.05595, 37.62201 ], [ -122.05597, 37.62204 ], [ -122.05603, 37.62199 ] ], [ [ -122.05605, 37.62196 ], [ -122.05603, 37.62196 ], [ -122.05603, 37.62199 ], [ -122.05605, 37.62196 ] ], [ [ -122.05608, 37.62193 ], [ -122.05605, 37.62193 ], [ -122.05605, 37.62196 ], [ -122.05608, 37.62193 ] ], [ [ -122.05611, 37.62191 ], [ -122.05608, 37.62191 ], [ -122.05608, 37.62193 ], [ -122.05611, 37.62191 ] ], [ [ -122.05613, 37.62188 ], [ -122.05611, 37.62188 ], [ -122.05611, 37.62191 ], [ -122.05613, 37.62188 ] ], [ [ -122.05622, 37.62183 ], [ -122.05616, 37.62183 ], [ -122.05613, 37.62188 ], [ -122.05622, 37.62183 ] ], [ [ -122.05589, 37.6222 ], [ -122.05581, 37.6222 ], [ -122.05581, 37.62226 ], [ -122.05589, 37.6222 ] ], [ [ -122.0556, 37.62231 ], [ -122.0556, 37.62234 ], [ -122.05562, 37.62231 ], [ -122.0556, 37.62231 ] ], [ [ -122.05568, 37.62226 ], [ -122.05562, 37.62226 ], [ -122.05562, 37.62231 ], [ -122.05568, 37.62226 ] ], [ [ -122.0557, 37.62223 ], [ -122.05568, 37.62223 ], [ -122.05568, 37.62226 ], [ -122.0557, 37.62223 ] ], [ [ -122.05578, 37.62218 ], [ -122.05573, 37.62218 ], [ -122.0557, 37.62223 ], [ -122.05578, 37.62218 ] ], [ [ -122.05584, 37.62215 ], [ -122.05578, 37.62215 ], [ -122.05578, 37.62218 ], [ -122.05584, 37.62215 ] ], [ [ -122.05587, 37.62212 ], [ -122.05584, 37.62212 ], [ -122.05584, 37.62215 ], [ -122.05587, 37.62212 ] ], [ [ -122.05643, 37.62169 ], [ -122.05643, 37.62166 ], [ -122.0564, 37.62169 ], [ -122.05643, 37.62169 ] ], [ [ -122.05635, 37.62172 ], [ -122.0564, 37.62172 ], [ -122.0564, 37.62169 ], [ -122.05635, 37.62172 ] ], [ [ -122.09111, 37.6014 ], [ -122.09114, 37.6014 ], [ -122.09111, 37.60137 ], [ -122.09111, 37.6014 ] ], [ [ -122.05983, 37.61902 ], [ -122.0598, 37.61902 ], [ -122.05983, 37.61905 ], [ -122.05983, 37.61902 ] ], [ [ -122.0598, 37.61908 ], [ -122.0598, 37.61905 ], [ -122.05977, 37.61908 ], [ -122.0598, 37.61908 ] ], [ [ -122.065, 37.61493 ], [ -122.06497, 37.61493 ], [ -122.065, 37.61495 ], [ -122.065, 37.61493 ] ], [ [ -122.06497, 37.61498 ], [ -122.06497, 37.61495 ], [ -122.06495, 37.61498 ], [ -122.06497, 37.61498 ] ], [ [ -122.06481, 37.61509 ], [ -122.06479, 37.61509 ], [ -122.06481, 37.61512 ], [ -122.06481, 37.61509 ] ], [ [ -122.06479, 37.61514 ], [ -122.06479, 37.61512 ], [ -122.06473, 37.61514 ], [ -122.06479, 37.61514 ] ], [ [ -122.05457, 37.62323 ], [ -122.05457, 37.62325 ], [ -122.0546, 37.62323 ], [ -122.05457, 37.62323 ] ], [ [ -122.05516, 37.62266 ], [ -122.05511, 37.62266 ], [ -122.05508, 37.62272 ], [ -122.05516, 37.62266 ] ], [ [ -122.05519, 37.62263 ], [ -122.05516, 37.62263 ], [ -122.05516, 37.62266 ], [ -122.05519, 37.62263 ] ] ], [ [ [ -122.07786, 37.61425 ], [ -122.07697, 37.61417 ], [ -122.07678, 37.61382 ], [ -122.07767, 37.6138 ], [ -122.07791, 37.61401 ], [ -122.07786, 37.61425 ] ], [ [ -122.07699, 37.61412 ], [ -122.07699, 37.61409 ], [ -122.07697, 37.61412 ], [ -122.07699, 37.61412 ] ], [ [ -122.07734, 37.6139 ], [ -122.07734, 37.61388 ], [ -122.07724, 37.6139 ], [ -122.07734, 37.6139 ] ], [ [ -122.07689, 37.61388 ], [ -122.07689, 37.61385 ], [ -122.07686, 37.61388 ], [ -122.07689, 37.61388 ] ] ], [ [ [ -122.02587, 37.47172 ], [ -122.0266, 37.4715 ], [ -122.02665, 37.47172 ], [ -122.02633, 37.47587 ], [ -122.02584, 37.47643 ], [ -122.02485, 37.47635 ], [ -122.02431, 37.4767 ], [ -122.02409, 37.47716 ], [ -122.02417, 37.47837 ], [ -122.0239, 37.4804 ], [ -122.02347, 37.48209 ], [ -122.02291, 37.48277 ], [ -122.02172, 37.48309 ], [ -122.02029, 37.48287 ], [ -122.01876, 37.4822 ], [ -122.01822, 37.48182 ], [ -122.01609, 37.47972 ], [ -122.01574, 37.47956 ], [ -122.01514, 37.47959 ], [ -122.01353, 37.47999 ], [ -122.0131, 37.48021 ], [ -122.01256, 37.48075 ], [ -122.01186, 37.48045 ], [ -122.00709, 37.47724 ], [ -122.0073, 37.47425 ], [ -122.00714, 37.47382 ], [ -122.00644, 37.47296 ], [ -122.00525, 37.47223 ], [ -122.00334, 37.47158 ], [ -122.00221, 37.47107 ], [ -122.00124, 37.47024 ], [ -122.00124, 37.46999 ], [ -122.00153, 37.46962 ], [ -122.00205, 37.46943 ], [ -122.00876, 37.46918 ], [ -122.01059, 37.46929 ], [ -122.0125, 37.46897 ], [ -122.01744, 37.46875 ], [ -122.01967, 37.46881 ], [ -122.02137, 37.469 ], [ -122.02425, 37.46989 ], [ -122.0246, 37.47007 ], [ -122.02479, 37.47034 ], [ -122.02447, 37.47118 ], [ -122.02463, 37.47158 ], [ -122.02517, 37.47172 ], [ -122.02587, 37.47172 ] ], [ [ -122.01787, 37.47059 ], [ -122.01789, 37.47059 ], [ -122.01787, 37.47056 ], [ -122.01787, 37.47059 ] ], [ [ -122.00647, 37.4704 ], [ -122.00649, 37.4704 ], [ -122.00647, 37.47037 ], [ -122.00647, 37.4704 ] ], [ [ -122.00641, 37.47042 ], [ -122.00644, 37.47042 ], [ -122.00641, 37.4704 ], [ -122.00641, 37.47042 ] ], [ [ -122.00267, 37.46989 ], [ -122.00269, 37.46989 ], [ -122.00267, 37.46986 ], [ -122.00267, 37.46989 ] ], [ [ -122.01792, 37.47051 ], [ -122.01795, 37.47051 ], [ -122.01792, 37.47048 ], [ -122.01792, 37.47051 ] ], [ [ -122.0149, 37.46975 ], [ -122.01493, 37.46975 ], [ -122.0149, 37.46972 ], [ -122.0149, 37.46975 ] ], [ [ -122.01873, 37.46937 ], [ -122.01876, 37.46937 ], [ -122.01873, 37.46935 ], [ -122.01873, 37.46937 ] ], [ [ -122.0079, 37.47398 ], [ -122.00792, 37.47398 ], [ -122.0079, 37.47395 ], [ -122.0079, 37.47398 ] ], [ [ -122.01762, 37.47091 ], [ -122.01765, 37.47091 ], [ -122.01762, 37.47088 ], [ -122.01762, 37.47091 ] ], [ [ -122.01496, 37.4697 ], [ -122.01498, 37.4697 ], [ -122.01496, 37.46967 ], [ -122.01496, 37.4697 ] ], [ [ -122.00795, 37.47377 ], [ -122.00798, 37.47377 ], [ -122.00795, 37.47374 ], [ -122.00795, 37.47377 ] ], [ [ -122.00992, 37.47156 ], [ -122.00994, 37.47156 ], [ -122.00992, 37.47153 ], [ -122.00992, 37.47156 ] ], [ [ -122.01081, 37.46962 ], [ -122.01083, 37.46962 ], [ -122.01081, 37.46959 ], [ -122.01081, 37.46962 ] ], [ [ -122.01827, 37.47002 ], [ -122.0183, 37.47002 ], [ -122.01827, 37.46999 ], [ -122.01827, 37.47002 ] ], [ [ -122.00221, 37.47042 ], [ -122.00224, 37.47042 ], [ -122.00221, 37.4704 ], [ -122.00221, 37.47042 ] ], [ [ -122.0176, 37.47096 ], [ -122.01762, 37.47096 ], [ -122.0176, 37.47094 ], [ -122.0176, 37.47096 ] ], [ [ -122.0187, 37.46943 ], [ -122.01873, 37.46943 ], [ -122.0187, 37.4694 ], [ -122.0187, 37.46943 ] ], [ [ -122.01021, 37.47091 ], [ -122.01024, 37.47091 ], [ -122.01021, 37.47086 ], [ -122.01021, 37.47091 ] ], [ [ -122.00787, 37.47409 ], [ -122.0079, 37.47409 ], [ -122.00787, 37.47404 ], [ -122.00787, 37.47409 ] ], [ [ -122.00792, 37.4739 ], [ -122.00795, 37.4739 ], [ -122.00792, 37.47385 ], [ -122.00792, 37.4739 ] ], [ [ -122.01054, 37.47015 ], [ -122.01051, 37.47015 ], [ -122.01054, 37.47021 ], [ -122.01054, 37.47015 ] ], [ [ -122.01051, 37.47024 ], [ -122.01051, 37.47021 ], [ -122.01048, 37.47024 ], [ -122.01051, 37.47024 ] ], [ [ -122.01779, 37.47069 ], [ -122.01776, 37.47069 ], [ -122.01779, 37.47072 ], [ -122.01779, 37.47069 ] ], [ [ -122.01776, 37.47077 ], [ -122.01776, 37.47072 ], [ -122.01773, 37.47077 ], [ -122.01776, 37.47077 ] ], [ [ -122.01054, 37.47007 ], [ -122.01059, 37.47007 ], [ -122.01054, 37.47005 ], [ -122.01054, 37.47007 ] ], [ [ -122.00226, 37.47037 ], [ -122.00229, 37.47037 ], [ -122.00226, 37.47032 ], [ -122.00226, 37.47037 ] ], [ [ -122.01075, 37.4697 ], [ -122.01081, 37.46967 ], [ -122.01075, 37.46964 ], [ -122.01075, 37.4697 ] ], [ [ -122.0083, 37.47263 ], [ -122.00833, 37.47263 ], [ -122.0083, 37.47255 ], [ -122.0083, 37.47263 ] ], [ [ -122.00275, 37.46983 ], [ -122.00283, 37.46983 ], [ -122.00275, 37.4698 ], [ -122.00275, 37.46983 ] ], [ [ -122.00978, 37.47183 ], [ -122.00984, 37.47183 ], [ -122.00981, 37.47172 ], [ -122.00978, 37.47183 ] ], [ [ -122.00994, 37.4715 ], [ -122.01, 37.47148 ], [ -122.00994, 37.47142 ], [ -122.00994, 37.4715 ] ], [ [ -122.01806, 37.47032 ], [ -122.01803, 37.47032 ], [ -122.01806, 37.47037 ], [ -122.01806, 37.47032 ] ], [ [ -122.018, 37.47045 ], [ -122.01803, 37.47037 ], [ -122.01797, 37.47045 ], [ -122.018, 37.47045 ] ], [ [ -122.01824, 37.47007 ], [ -122.01822, 37.47007 ], [ -122.01824, 37.4701 ], [ -122.01824, 37.47007 ] ], [ [ -122.01811, 37.47026 ], [ -122.01822, 37.47015 ], [ -122.01811, 37.47021 ], [ -122.01811, 37.47026 ] ], [ [ -122.01808, 37.47029 ], [ -122.01811, 37.47029 ], [ -122.01811, 37.47026 ], [ -122.01808, 37.47029 ] ], [ [ -122.01754, 37.47104 ], [ -122.01752, 37.47104 ], [ -122.01754, 37.47107 ], [ -122.01754, 37.47104 ] ], [ [ -122.01744, 37.47115 ], [ -122.01752, 37.4711 ], [ -122.01744, 37.4711 ], [ -122.01744, 37.47115 ] ], [ [ -122.01738, 37.47129 ], [ -122.01744, 37.47123 ], [ -122.01738, 37.47118 ], [ -122.01738, 37.47129 ] ], [ [ -122.00676, 37.47015 ], [ -122.00652, 37.47029 ], [ -122.0066, 37.47034 ], [ -122.00676, 37.47015 ] ], [ [ -122.0073, 37.4698 ], [ -122.00725, 37.4698 ], [ -122.0073, 37.46983 ], [ -122.0073, 37.4698 ] ], [ [ -122.00725, 37.46986 ], [ -122.00725, 37.46983 ], [ -122.00719, 37.46986 ], [ -122.00725, 37.46986 ] ], [ [ -122.00703, 37.46997 ], [ -122.00719, 37.46991 ], [ -122.00709, 37.46989 ], [ -122.00703, 37.46997 ] ], [ [ -122.00698, 37.47002 ], [ -122.00703, 37.47002 ], [ -122.00703, 37.46997 ], [ -122.00698, 37.47002 ] ], [ [ -122.01048, 37.47029 ], [ -122.01046, 37.47029 ], [ -122.01048, 37.47032 ], [ -122.01048, 37.47029 ] ], [ [ -122.01043, 37.47032 ], [ -122.0104, 37.47048 ], [ -122.01029, 37.47069 ], [ -122.01043, 37.47051 ], [ -122.01043, 37.47032 ] ], [ [ -122.01027, 37.47075 ], [ -122.01029, 37.47075 ], [ -122.01029, 37.47069 ], [ -122.01027, 37.47075 ] ], [ [ -122.01512, 37.46948 ], [ -122.01528, 37.4694 ], [ -122.01539, 37.46924 ], [ -122.01512, 37.46948 ] ], [ [ -122.01509, 37.46951 ], [ -122.01512, 37.46951 ], [ -122.01512, 37.46948 ], [ -122.01509, 37.46951 ] ], [ [ -122.01854, 37.46959 ], [ -122.01843, 37.4698 ], [ -122.01867, 37.46948 ], [ -122.01854, 37.46959 ] ], [ [ -122.01841, 37.4698 ], [ -122.01841, 37.46983 ], [ -122.01843, 37.46983 ], [ -122.01843, 37.4698 ], [ -122.01841, 37.4698 ] ], [ [ -122.01838, 37.46989 ], [ -122.01841, 37.46989 ], [ -122.01841, 37.46983 ], [ -122.01838, 37.46989 ] ], [ [ -122.01835, 37.46991 ], [ -122.01838, 37.46991 ], [ -122.01838, 37.46989 ], [ -122.01835, 37.46991 ] ], [ [ -122.01832, 37.46994 ], [ -122.01835, 37.46994 ], [ -122.01835, 37.46991 ], [ -122.01832, 37.46994 ] ], [ [ -122.01487, 37.46978 ], [ -122.01485, 37.46978 ], [ -122.01487, 37.4698 ], [ -122.01487, 37.46978 ] ], [ [ -122.01482, 37.4698 ], [ -122.01458, 37.47005 ], [ -122.01442, 37.47026 ], [ -122.01458, 37.47018 ], [ -122.01482, 37.4698 ] ] ], [ [ [ -122.05263, 37.49002 ], [ -122.05225, 37.49021 ], [ -122.04403, 37.49115 ], [ -122.04314, 37.49115 ], [ -122.04134, 37.4908 ], [ -122.03975, 37.49029 ], [ -122.03894, 37.48985 ], [ -122.03754, 37.48872 ], [ -122.03563, 37.48638 ], [ -122.03498, 37.4853 ], [ -122.03331, 37.48131 ], [ -122.02978, 37.47722 ], [ -122.02843, 37.47673 ], [ -122.02687, 37.47651 ], [ -122.02662, 37.47616 ], [ -122.02668, 37.47654 ], [ -122.0263, 37.47662 ], [ -122.02603, 37.47651 ], [ -122.02611, 37.47627 ], [ -122.02652, 37.47598 ], [ -122.02662, 37.47393 ], [ -122.02689, 37.47363 ], [ -122.03382, 37.47484 ], [ -122.02681, 37.4735 ], [ -122.02668, 37.47333 ], [ -122.02679, 37.47172 ], [ -122.02668, 37.47134 ], [ -122.02703, 37.47061 ], [ -122.02749, 37.47034 ], [ -122.02795, 37.47034 ], [ -122.03091, 37.4711 ], [ -122.03196, 37.47121 ], [ -122.03633, 37.47139 ], [ -122.03916, 37.47115 ], [ -122.04314, 37.46991 ], [ -122.048, 37.46813 ], [ -122.04856, 37.46797 ], [ -122.04932, 37.46832 ], [ -122.04948, 37.46862 ], [ -122.05314, 37.48622 ], [ -122.05298, 37.48684 ], [ -122.05242, 37.48754 ], [ -122.05279, 37.48921 ], [ -122.05279, 37.48975 ], [ -122.05263, 37.49002 ] ], [ [ -122.03401, 37.47487 ], [ -122.03396, 37.47482 ], [ -122.03387, 37.47487 ], [ -122.03401, 37.47487 ] ], [ [ -122.05215, 37.488 ], [ -122.05039, 37.48703 ], [ -122.05182, 37.48789 ], [ -122.05215, 37.488 ] ], [ [ -122.05026, 37.48694 ], [ -122.05034, 37.48703 ], [ -122.05031, 37.48694 ], [ -122.05026, 37.48694 ] ], [ [ -122.05012, 37.48686 ], [ -122.05021, 37.48694 ], [ -122.05018, 37.48686 ], [ -122.05012, 37.48686 ] ], [ [ -122.05007, 37.48684 ], [ -122.05007, 37.48686 ], [ -122.05012, 37.48686 ], [ -122.05007, 37.48684 ] ], [ [ -122.04994, 37.48676 ], [ -122.05002, 37.48684 ], [ -122.04999, 37.48676 ], [ -122.04994, 37.48676 ] ], [ [ -122.04988, 37.48676 ], [ -122.04991, 37.48676 ], [ -122.04988, 37.48673 ], [ -122.04988, 37.48676 ] ], [ [ -122.04948, 37.48651 ], [ -122.0498, 37.48673 ], [ -122.04953, 37.48651 ], [ -122.04948, 37.48651 ] ], [ [ -122.04177, 37.47751 ], [ -122.04382, 37.47975 ], [ -122.04773, 37.48522 ], [ -122.0488, 37.48616 ], [ -122.04948, 37.48649 ], [ -122.04899, 37.48624 ], [ -122.04773, 37.48514 ], [ -122.0439, 37.47975 ], [ -122.0418, 37.47746 ], [ -122.03692, 37.47541 ], [ -122.03471, 37.47501 ], [ -122.03692, 37.47546 ], [ -122.04177, 37.47751 ] ], [ [ -122.03471, 37.47498 ], [ -122.03412, 37.47484 ], [ -122.03404, 37.47487 ], [ -122.0346, 37.47501 ], [ -122.03471, 37.47498 ] ] ], [ [ [ -122.03091, 37.488 ], [ -122.03107, 37.4867 ], [ -122.03188, 37.48659 ], [ -122.03204, 37.48676 ], [ -122.03288, 37.48934 ], [ -122.03272, 37.48956 ], [ -122.03247, 37.4895 ], [ -122.03242, 37.48829 ], [ -122.03215, 37.48794 ], [ -122.03142, 37.4877 ], [ -122.03102, 37.48802 ], [ -122.03091, 37.488 ] ] ], [ [ [ -122.02194, 37.48492 ], [ -122.0221, 37.48484 ], [ -122.02231, 37.48492 ], [ -122.02194, 37.48783 ], [ -122.02053, 37.49322 ], [ -122.02062, 37.49359 ], [ -122.02062, 37.49336 ], [ -122.0207, 37.49355 ], [ -122.02078, 37.49328 ], [ -122.0207, 37.49287 ], [ -122.02083, 37.49285 ], [ -122.02078, 37.49258 ], [ -122.02083, 37.49242 ], [ -122.02094, 37.49244 ], [ -122.0211, 37.49177 ], [ -122.02102, 37.49198 ], [ -122.02097, 37.4919 ], [ -122.02161, 37.48999 ], [ -122.02169, 37.4901 ], [ -122.02164, 37.4898 ], [ -122.02202, 37.48835 ], [ -122.02256, 37.48438 ], [ -122.0242, 37.48371 ], [ -122.02512, 37.48309 ], [ -122.0256, 37.48236 ], [ -122.02568, 37.4812 ], [ -122.02633, 37.47916 ], [ -122.02684, 37.47872 ], [ -122.02757, 37.4787 ], [ -122.02819, 37.47921 ], [ -122.03026, 37.4818 ], [ -122.03096, 37.48347 ], [ -122.03075, 37.48818 ], [ -122.02991, 37.4888 ], [ -122.03026, 37.48932 ], [ -122.03024, 37.48948 ], [ -122.0308, 37.48983 ], [ -122.03102, 37.49015 ], [ -122.03107, 37.49088 ], [ -122.03075, 37.49104 ], [ -122.03099, 37.49109 ], [ -122.0311, 37.49134 ], [ -122.03129, 37.49411 ], [ -122.03104, 37.49425 ], [ -122.03129, 37.4943 ], [ -122.03139, 37.49462 ], [ -122.03158, 37.49681 ], [ -122.03142, 37.49721 ], [ -122.03161, 37.49732 ], [ -122.03177, 37.4977 ], [ -122.03207, 37.49904 ], [ -122.03245, 37.49985 ], [ -122.03247, 37.50045 ], [ -122.03274, 37.50082 ], [ -122.03317, 37.50222 ], [ -122.03307, 37.50244 ], [ -122.03328, 37.50263 ], [ -122.03379, 37.50416 ], [ -122.03374, 37.50446 ], [ -122.03355, 37.50462 ], [ -122.03363, 37.50403 ], [ -122.03344, 37.50368 ], [ -122.03086, 37.50134 ], [ -122.03034, 37.50023 ], [ -122.03005, 37.50018 ], [ -122.02978, 37.49993 ], [ -122.02902, 37.49961 ], [ -122.02835, 37.49907 ], [ -122.02754, 37.49896 ], [ -122.0266, 37.49864 ], [ -122.02644, 37.49832 ], [ -122.02603, 37.49816 ], [ -122.02493, 37.49813 ], [ -122.02463, 37.49797 ], [ -122.02342, 37.49802 ], [ -122.02318, 37.49794 ], [ -122.02299, 37.49802 ], [ -122.02218, 37.49786 ], [ -122.02177, 37.49751 ], [ -122.0218, 37.49697 ], [ -122.02164, 37.49692 ], [ -122.0215, 37.49632 ], [ -122.0215, 37.49611 ], [ -122.02164, 37.49597 ], [ -122.02118, 37.49573 ], [ -122.02063, 37.49366 ], [ -122.02169, 37.49845 ], [ -122.0214, 37.49818 ], [ -122.02124, 37.49775 ], [ -122.02018, 37.49341 ], [ -122.02121, 37.48948 ], [ -122.02107, 37.48872 ], [ -122.02148, 37.48783 ], [ -122.02169, 37.48632 ], [ -122.02167, 37.486 ], [ -122.02142, 37.48764 ], [ -122.02097, 37.48875 ], [ -122.02113, 37.48926 ], [ -122.02107, 37.48975 ], [ -122.02013, 37.49312 ], [ -122.02016, 37.49357 ], [ -122.02102, 37.49737 ], [ -122.02129, 37.49813 ], [ -122.02153, 37.49845 ], [ -122.01908, 37.49851 ], [ -122.01752, 37.49953 ], [ -122.01692, 37.49961 ], [ -122.0166, 37.49985 ], [ -122.01558, 37.50004 ], [ -122.01496, 37.49958 ], [ -122.01355, 37.49942 ], [ -122.01331, 37.49926 ], [ -122.01331, 37.49735 ], [ -122.01304, 37.49689 ], [ -122.01245, 37.49646 ], [ -122.01194, 37.4963 ], [ -122.01102, 37.49635 ], [ -122.01019, 37.49667 ], [ -122.00946, 37.49713 ], [ -122.00862, 37.49716 ], [ -122.00808, 37.49689 ], [ -122.00741, 37.49627 ], [ -122.00674, 37.49551 ], [ -122.00655, 37.49503 ], [ -122.00671, 37.49457 ], [ -122.00717, 37.4943 ], [ -122.00938, 37.49401 ], [ -122.01035, 37.49365 ], [ -122.01075, 37.49333 ], [ -122.01094, 37.4925 ], [ -122.01002, 37.49002 ], [ -122.01005, 37.48926 ], [ -122.00975, 37.48864 ], [ -122.00975, 37.48818 ], [ -122.01169, 37.48657 ], [ -122.01258, 37.48484 ], [ -122.01307, 37.48263 ], [ -122.01366, 37.48164 ], [ -122.01436, 37.48107 ], [ -122.01509, 37.4812 ], [ -122.01663, 37.48269 ], [ -122.01832, 37.48382 ], [ -122.02062, 37.48436 ], [ -122.02239, 37.48438 ], [ -122.02239, 37.48473 ], [ -122.0218, 37.48487 ], [ -122.02169, 37.48592 ], [ -122.02194, 37.48492 ] ], [ [ -122.02156, 37.49611 ], [ -122.02153, 37.49611 ], [ -122.02156, 37.49613 ], [ -122.02156, 37.49611 ] ], [ [ -122.02083, 37.49268 ], [ -122.02083, 37.49271 ], [ -122.02086, 37.49268 ], [ -122.02083, 37.49268 ] ], [ [ -122.02088, 37.49255 ], [ -122.02083, 37.49255 ], [ -122.02088, 37.49258 ], [ -122.02088, 37.49255 ] ], [ [ -122.02088, 37.49252 ], [ -122.02088, 37.49247 ], [ -122.02086, 37.49252 ], [ -122.02088, 37.49252 ] ], [ [ -122.02124, 37.49142 ], [ -122.02121, 37.49142 ], [ -122.02124, 37.49147 ], [ -122.02124, 37.49142 ] ], [ [ -122.03053, 37.48783 ], [ -122.03053, 37.48786 ], [ -122.03056, 37.48783 ], [ -122.03053, 37.48783 ] ], [ [ -122.02086, 37.49279 ], [ -122.02086, 37.49282 ], [ -122.02088, 37.49279 ], [ -122.02086, 37.49279 ] ], [ [ -122.02107, 37.49206 ], [ -122.02107, 37.49209 ], [ -122.0211, 37.49206 ], [ -122.02107, 37.49206 ] ], [ [ -122.03056, 37.48791 ], [ -122.03056, 37.48789 ], [ -122.03053, 37.48791 ], [ -122.03056, 37.48791 ] ], [ [ -122.03051, 37.48794 ], [ -122.03053, 37.48794 ], [ -122.03053, 37.48791 ], [ -122.03051, 37.48794 ] ], [ [ -122.02118, 37.49158 ], [ -122.02118, 37.49163 ], [ -122.02121, 37.49158 ], [ -122.02118, 37.49158 ] ], [ [ -122.02072, 37.4929 ], [ -122.02075, 37.49298 ], [ -122.02078, 37.4929 ], [ -122.02072, 37.4929 ] ] ], [ [ [ -121.99914, 37.49403 ], [ -121.99698, 37.4974 ], [ -121.99879, 37.49433 ], [ -121.99957, 37.49344 ], [ -121.999, 37.49247 ], [ -121.99738, 37.49029 ], [ -121.99749, 37.49026 ], [ -121.99871, 37.49177 ], [ -121.99989, 37.4936 ], [ -121.99914, 37.49403 ] ] ], [ [ [ -122.03749, 37.50252 ], [ -122.04277, 37.49934 ], [ -122.04525, 37.4981 ], [ -122.04579, 37.49797 ], [ -122.04694, 37.49705 ], [ -122.04856, 37.49697 ], [ -122.05012, 37.49759 ], [ -122.0505, 37.49737 ], [ -122.0505, 37.49727 ], [ -122.04999, 37.4963 ], [ -122.04996, 37.49586 ], [ -122.05037, 37.49595 ], [ -122.0512, 37.49702 ], [ -122.05196, 37.4977 ], [ -122.05392, 37.49886 ], [ -122.05498, 37.49934 ], [ -122.0577, 37.50007 ], [ -122.05794, 37.50034 ], [ -122.05797, 37.5009 ], [ -122.05767, 37.5012 ], [ -122.04813, 37.5012 ], [ -122.0477, 37.50107 ], [ -122.04773, 37.49964 ], [ -122.04358, 37.49961 ], [ -122.03991, 37.50179 ], [ -122.03986, 37.50311 ], [ -122.03886, 37.50309 ], [ -122.03986, 37.50317 ], [ -122.03986, 37.50443 ], [ -122.03959, 37.50452 ], [ -122.03546, 37.50403 ], [ -122.03482, 37.50414 ], [ -122.03474, 37.50411 ], [ -122.03654, 37.50309 ], [ -122.03687, 37.50301 ], [ -122.03684, 37.50293 ], [ -122.03749, 37.50252 ] ], [ [ -122.03886, 37.50306 ], [ -122.03789, 37.50301 ], [ -122.03759, 37.50303 ], [ -122.03878, 37.50311 ], [ -122.03886, 37.50306 ] ], [ [ -122.03757, 37.50303 ], [ -122.03743, 37.50298 ], [ -122.037, 37.50303 ], [ -122.03757, 37.50303 ] ] ], [ [ [ -122.02536, 37.49896 ], [ -122.02536, 37.50233 ], [ -122.0252, 37.50247 ], [ -122.01671, 37.50222 ], [ -122.0166, 37.50212 ], [ -122.01668, 37.50096 ], [ -122.01889, 37.49923 ], [ -122.01951, 37.49899 ], [ -122.02536, 37.49896 ] ] ], [ [ [ -122.01924, 37.49891 ], [ -122.01657, 37.5009 ], [ -122.01628, 37.50072 ], [ -122.01838, 37.49904 ], [ -122.01911, 37.49861 ], [ -122.02576, 37.49861 ], [ -122.02592, 37.49869 ], [ -122.02584, 37.50314 ], [ -122.0256, 37.50311 ], [ -122.02555, 37.50276 ], [ -122.02565, 37.49894 ], [ -122.02555, 37.49886 ], [ -122.01924, 37.49891 ] ] ], [ [ [ -122.02975, 37.5012 ], [ -122.0291, 37.50039 ], [ -122.02611, 37.49915 ], [ -122.02609, 37.49872 ], [ -122.02929, 37.50001 ], [ -122.03334, 37.50368 ], [ -122.03352, 37.504 ], [ -122.03347, 37.50443 ], [ -122.03328, 37.50435 ], [ -122.0329, 37.50376 ], [ -122.03042, 37.50155 ], [ -122.02975, 37.5012 ] ] ], [ [ [ -121.99938, 37.49436 ], [ -122.0, 37.49398 ], [ -122.00054, 37.49403 ], [ -122.00329, 37.49487 ], [ -122.00539, 37.49522 ], [ -122.00563, 37.49581 ], [ -122.00579, 37.49586 ], [ -122.00706, 37.4974 ], [ -122.00771, 37.4978 ], [ -122.00827, 37.49799 ], [ -122.0094, 37.49813 ], [ -122.01121, 37.49743 ], [ -122.0118, 37.49754 ], [ -122.01223, 37.49791 ], [ -122.01223, 37.49859 ], [ -122.01191, 37.49929 ], [ -122.01207, 37.50001 ], [ -122.01267, 37.50042 ], [ -122.01312, 37.50053 ], [ -122.01442, 37.50034 ], [ -122.01466, 37.50077 ], [ -122.01479, 37.5016 ], [ -122.01361, 37.50306 ], [ -122.01347, 37.50317 ], [ -122.01253, 37.50328 ], [ -122.01196, 37.50357 ], [ -122.01169, 37.50387 ], [ -122.01167, 37.50414 ], [ -122.01218, 37.50576 ], [ -122.01215, 37.50675 ], [ -122.01016, 37.50753 ], [ -122.00617, 37.51009 ], [ -122.00606, 37.51009 ], [ -122.00601, 37.50988 ], [ -122.00582, 37.50988 ], [ -122.00585, 37.50969 ], [ -122.00558, 37.50955 ], [ -122.0055, 37.50918 ], [ -122.00563, 37.5088 ], [ -122.00544, 37.50845 ], [ -122.00523, 37.5084 ], [ -122.00472, 37.50775 ], [ -122.00418, 37.50767 ], [ -122.00383, 37.50735 ], [ -122.00372, 37.50735 ], [ -122.0038, 37.5074 ], [ -122.00372, 37.50753 ], [ -122.00366, 37.50737 ], [ -122.00353, 37.50737 ], [ -122.00361, 37.50702 ], [ -122.00331, 37.50632 ], [ -122.00307, 37.50613 ], [ -122.00315, 37.50584 ], [ -122.00245, 37.50584 ], [ -122.00197, 37.50549 ], [ -122.0018, 37.50559 ], [ -122.00175, 37.50543 ], [ -122.00167, 37.50565 ], [ -122.00159, 37.50565 ], [ -122.00153, 37.5054 ], [ -122.00135, 37.50549 ], [ -122.00135, 37.50535 ], [ -122.00124, 37.50538 ], [ -122.00135, 37.50452 ], [ -122.00124, 37.50443 ], [ -122.00145, 37.50419 ], [ -122.00172, 37.50255 ], [ -122.00167, 37.50263 ], [ -122.00132, 37.50249 ], [ -122.00065, 37.50255 ], [ -122.00059, 37.50274 ], [ -122.00038, 37.50279 ], [ -122.00003, 37.50266 ], [ -122.00005, 37.50255 ], [ -121.99873, 37.50247 ], [ -121.99822, 37.50355 ], [ -121.99814, 37.5036 ], [ -121.99817, 37.50319 ], [ -121.9979, 37.50311 ], [ -121.99792, 37.50328 ], [ -121.99795, 37.50322 ], [ -121.99809, 37.50328 ], [ -121.99792, 37.50355 ], [ -121.99798, 37.50371 ], [ -121.99261, 37.49864 ], [ -121.9934, 37.49929 ], [ -121.99345, 37.49899 ], [ -121.99326, 37.49867 ], [ -121.9941, 37.49902 ], [ -121.99561, 37.49902 ], [ -121.9966, 37.49875 ], [ -121.99938, 37.49436 ] ], [ [ -122.0059, 37.50966 ], [ -122.00585, 37.50966 ], [ -122.00585, 37.50969 ], [ -122.0059, 37.50966 ] ], [ [ -121.99774, 37.50338 ], [ -121.99787, 37.50355 ], [ -121.99782, 37.50338 ], [ -121.99774, 37.50338 ] ], [ [ -122.00374, 37.50732 ], [ -122.00377, 37.50732 ], [ -122.00374, 37.50729 ], [ -122.00374, 37.50732 ] ], [ [ -122.00935, 37.50627 ], [ -122.00938, 37.50627 ], [ -122.00935, 37.50624 ], [ -122.00935, 37.50627 ] ], [ [ -122.00135, 37.50532 ], [ -122.00137, 37.50532 ], [ -122.00135, 37.5053 ], [ -122.00135, 37.50532 ] ], [ [ -122.008, 37.50527 ], [ -122.00803, 37.50527 ], [ -122.008, 37.50524 ], [ -122.008, 37.50527 ] ], [ [ -121.99722, 37.50295 ], [ -121.99725, 37.50295 ], [ -121.99722, 37.50293 ], [ -121.99722, 37.50295 ] ], [ [ -122.00582, 37.5095 ], [ -122.00585, 37.5095 ], [ -122.00582, 37.50947 ], [ -122.00582, 37.5095 ] ], [ [ -122.00248, 37.50576 ], [ -122.00251, 37.50576 ], [ -122.00248, 37.50573 ], [ -122.00248, 37.50576 ] ], [ [ -122.00342, 37.50584 ], [ -122.00345, 37.50584 ], [ -122.00342, 37.50581 ], [ -122.00342, 37.50584 ] ], [ [ -122.00353, 37.50576 ], [ -122.00356, 37.50576 ], [ -122.00353, 37.50573 ], [ -122.00353, 37.50576 ] ], [ [ -121.99439, 37.50015 ], [ -121.99442, 37.50015 ], [ -121.99439, 37.50012 ], [ -121.99439, 37.50015 ] ], [ [ -122.0, 37.50252 ], [ -122.00003, 37.50252 ], [ -122.0, 37.50249 ], [ -122.0, 37.50252 ] ], [ [ -122.00905, 37.5071 ], [ -122.00908, 37.5071 ], [ -122.00905, 37.50708 ], [ -122.00905, 37.5071 ] ], [ [ -121.99434, 37.50018 ], [ -121.99437, 37.50018 ], [ -121.99434, 37.50015 ], [ -121.99434, 37.50018 ] ], [ [ -122.00566, 37.50877 ], [ -122.00569, 37.50877 ], [ -122.00566, 37.50875 ], [ -122.00566, 37.50877 ] ], [ [ -122.00482, 37.50257 ], [ -122.00485, 37.50257 ], [ -122.00482, 37.50255 ], [ -122.00482, 37.50257 ] ], [ [ -122.00598, 37.50982 ], [ -122.00601, 37.50982 ], [ -122.00598, 37.5098 ], [ -122.00598, 37.50982 ] ], [ [ -122.00679, 37.50592 ], [ -122.00682, 37.50592 ], [ -122.00679, 37.50589 ], [ -122.00679, 37.50592 ] ], [ [ -121.99714, 37.5022 ], [ -121.99717, 37.5022 ], [ -121.99714, 37.50217 ], [ -121.99714, 37.5022 ] ], [ [ -122.00366, 37.50724 ], [ -122.00369, 37.50724 ], [ -122.00366, 37.50721 ], [ -122.00366, 37.50724 ] ], [ [ -122.00525, 37.49584 ], [ -122.00528, 37.49584 ], [ -122.00525, 37.49581 ], [ -122.00525, 37.49584 ] ], [ [ -122.00186, 37.50551 ], [ -122.00189, 37.50551 ], [ -122.00186, 37.50549 ], [ -122.00186, 37.50551 ] ], [ [ -121.99819, 37.50317 ], [ -121.99822, 37.50317 ], [ -121.99819, 37.50314 ], [ -121.99819, 37.50317 ] ], [ [ -122.00571, 37.50953 ], [ -122.00574, 37.50953 ], [ -122.00571, 37.5095 ], [ -122.00571, 37.50953 ] ], [ [ -122.00237, 37.50565 ], [ -122.0024, 37.50565 ], [ -122.00237, 37.50562 ], [ -122.00237, 37.50565 ] ], [ [ -122.00135, 37.50527 ], [ -122.00137, 37.50527 ], [ -122.00135, 37.50522 ], [ -122.00135, 37.50527 ] ], [ [ -121.99693, 37.50209 ], [ -121.99698, 37.50209 ], [ -121.99693, 37.50206 ], [ -121.99693, 37.50209 ] ], [ [ -122.00358, 37.50578 ], [ -122.00361, 37.50578 ], [ -122.00358, 37.50573 ], [ -122.00358, 37.50578 ] ], [ [ -122.0056, 37.50872 ], [ -122.00566, 37.50872 ], [ -122.0056, 37.50869 ], [ -122.0056, 37.50872 ] ], [ [ -122.00318, 37.50584 ], [ -122.00321, 37.50584 ], [ -122.00318, 37.50578 ], [ -122.00318, 37.50584 ] ], [ [ -122.0069, 37.50581 ], [ -122.00687, 37.50581 ], [ -122.0069, 37.50584 ], [ -122.0069, 37.50581 ] ], [ [ -122.00687, 37.50586 ], [ -122.00687, 37.50584 ], [ -122.00684, 37.50586 ], [ -122.00687, 37.50586 ] ], [ [ -122.00571, 37.50875 ], [ -122.00574, 37.50875 ], [ -122.00571, 37.50869 ], [ -122.00571, 37.50875 ] ], [ [ -122.00423, 37.50257 ], [ -122.00428, 37.50257 ], [ -122.00423, 37.50255 ], [ -122.00423, 37.50257 ] ], [ [ -122.00816, 37.50681 ], [ -122.00822, 37.50681 ], [ -122.00816, 37.50678 ], [ -122.00816, 37.50681 ] ], [ [ -122.00905, 37.50589 ], [ -122.00903, 37.50586 ], [ -122.009, 37.50589 ], [ -122.00905, 37.50589 ] ], [ [ -122.00587, 37.50985 ], [ -122.00593, 37.50982 ], [ -122.00587, 37.5098 ], [ -122.00587, 37.50985 ] ], [ [ -122.00892, 37.50584 ], [ -122.00895, 37.50584 ], [ -122.00889, 37.50578 ], [ -122.00892, 37.50584 ] ], [ [ -122.00622, 37.50257 ], [ -122.00631, 37.50257 ], [ -122.00622, 37.50255 ], [ -122.00622, 37.50257 ] ], [ [ -122.0056, 37.50867 ], [ -122.00566, 37.50864 ], [ -122.0056, 37.50861 ], [ -122.0056, 37.50867 ] ], [ [ -122.00472, 37.50257 ], [ -122.0048, 37.50257 ], [ -122.00472, 37.50255 ], [ -122.00472, 37.50257 ] ], [ [ -122.00461, 37.50257 ], [ -122.00469, 37.50257 ], [ -122.00461, 37.50255 ], [ -122.00461, 37.50257 ] ], [ [ -121.99499, 37.50072 ], [ -121.99493, 37.50072 ], [ -121.99501, 37.50077 ], [ -121.99499, 37.50072 ] ], [ [ -122.00488, 37.50257 ], [ -122.00501, 37.50257 ], [ -122.00488, 37.50255 ], [ -122.00488, 37.50257 ] ], [ [ -121.99671, 37.50236 ], [ -121.99668, 37.50241 ], [ -121.99674, 37.50236 ], [ -121.99671, 37.50236 ] ], [ [ -121.99663, 37.50239 ], [ -121.99668, 37.50239 ], [ -121.99663, 37.50236 ], [ -121.99663, 37.50239 ] ], [ [ -121.99698, 37.50266 ], [ -121.99698, 37.5026 ], [ -121.99693, 37.50266 ], [ -121.99698, 37.50266 ] ], [ [ -121.99687, 37.5026 ], [ -121.9969, 37.5026 ], [ -121.99687, 37.50257 ], [ -121.99687, 37.5026 ] ], [ [ -122.00911, 37.50597 ], [ -122.00911, 37.50602 ], [ -122.00919, 37.506 ], [ -122.00911, 37.50597 ] ], [ [ -122.00323, 37.50586 ], [ -122.00331, 37.50586 ], [ -122.00323, 37.50581 ], [ -122.00323, 37.50586 ] ], [ [ -121.99755, 37.50279 ], [ -121.99763, 37.50279 ], [ -121.99755, 37.50274 ], [ -121.99755, 37.50279 ] ], [ [ -122.009, 37.50597 ], [ -122.00892, 37.50594 ], [ -122.00897, 37.50602 ], [ -122.009, 37.50597 ] ], [ [ -122.00013, 37.50252 ], [ -122.0003, 37.50252 ], [ -122.00013, 37.50249 ], [ -122.00013, 37.50252 ] ], [ [ -122.00903, 37.50721 ], [ -122.00903, 37.50716 ], [ -122.00897, 37.50718 ], [ -122.00903, 37.50721 ] ], [ [ -122.00889, 37.50716 ], [ -122.00897, 37.50716 ], [ -122.00892, 37.5071 ], [ -122.00889, 37.50716 ] ], [ [ -122.00779, 37.50538 ], [ -122.00779, 37.5054 ], [ -122.0079, 37.50538 ], [ -122.00779, 37.50538 ] ], [ [ -122.00776, 37.50535 ], [ -122.00776, 37.50538 ], [ -122.00779, 37.50538 ], [ -122.00776, 37.50535 ] ], [ [ -122.00706, 37.50643 ], [ -122.00692, 37.50643 ], [ -122.00706, 37.50646 ], [ -122.00706, 37.50643 ] ], [ [ -122.01089, 37.50675 ], [ -122.01075, 37.50675 ], [ -122.01086, 37.50681 ], [ -122.01089, 37.50675 ] ], [ [ -122.00741, 37.50559 ], [ -122.00733, 37.50559 ], [ -122.00741, 37.50562 ], [ -122.00741, 37.50559 ] ], [ [ -122.00733, 37.50565 ], [ -122.00733, 37.50562 ], [ -122.00722, 37.50567 ], [ -122.00733, 37.50565 ] ], [ [ -122.00595, 37.50522 ], [ -122.00585, 37.50522 ], [ -122.00579, 37.50527 ], [ -122.00585, 37.5053 ], [ -122.00595, 37.50522 ] ], [ [ -122.00887, 37.50694 ], [ -122.00887, 37.50705 ], [ -122.00895, 37.50697 ], [ -122.00887, 37.50694 ] ], [ [ -122.00639, 37.50257 ], [ -122.00666, 37.50257 ], [ -122.00639, 37.50255 ], [ -122.00639, 37.50257 ] ], [ [ -122.0111, 37.50691 ], [ -122.01108, 37.50686 ], [ -122.01097, 37.50694 ], [ -122.0111, 37.50691 ] ], [ [ -122.00808, 37.50549 ], [ -122.00814, 37.50554 ], [ -122.00819, 37.50549 ], [ -122.00808, 37.50549 ] ], [ [ -122.008, 37.5054 ], [ -122.008, 37.50549 ], [ -122.00806, 37.5054 ], [ -122.008, 37.5054 ] ], [ [ -122.00304, 37.50257 ], [ -122.00383, 37.50257 ], [ -122.00304, 37.50255 ], [ -122.00304, 37.50257 ] ], [ [ -121.99782, 37.5033 ], [ -121.99779, 37.50319 ], [ -121.9976, 37.50325 ], [ -121.99765, 37.50336 ], [ -121.99782, 37.5033 ] ], [ [ -122.00617, 37.50532 ], [ -122.00633, 37.50522 ], [ -122.00609, 37.50514 ], [ -122.00606, 37.50522 ], [ -122.00617, 37.50532 ] ], [ [ -122.00302, 37.50255 ], [ -122.00221, 37.50252 ], [ -122.00302, 37.50257 ], [ -122.00302, 37.50255 ] ], [ [ -122.00186, 37.50266 ], [ -122.00172, 37.50336 ], [ -122.00189, 37.50271 ], [ -122.00205, 37.50257 ], [ -122.00186, 37.50266 ] ], [ [ -121.99526, 37.50107 ], [ -121.99647, 37.50222 ], [ -121.99752, 37.50257 ], [ -121.9979, 37.50295 ], [ -121.99741, 37.50233 ], [ -121.99658, 37.50206 ], [ -121.99553, 37.50104 ], [ -121.9952, 37.50088 ], [ -121.99526, 37.50107 ] ] ], [ [ [ -122.02617, 37.50341 ], [ -122.02601, 37.50328 ], [ -122.02606, 37.50026 ], [ -122.02619, 37.5001 ], [ -122.02606, 37.49996 ], [ -122.02611, 37.49931 ], [ -122.0263, 37.49929 ], [ -122.02897, 37.50037 ], [ -122.02967, 37.5012 ], [ -122.03029, 37.50152 ], [ -122.03288, 37.50384 ], [ -122.03328, 37.50457 ], [ -122.02619, 37.50373 ], [ -122.02609, 37.50363 ], [ -122.02617, 37.50341 ] ] ], [ [ [ -122.02557, 37.50319 ], [ -122.02587, 37.50322 ], [ -122.02582, 37.5036 ], [ -122.02555, 37.50376 ], [ -122.0253, 37.50371 ], [ -122.02539, 37.50387 ], [ -122.0252, 37.50384 ], [ -122.02557, 37.50319 ] ] ], [ [ [ -122.02603, 37.50387 ], [ -122.02606, 37.50398 ], [ -122.02587, 37.50398 ], [ -122.02541, 37.50384 ], [ -122.02603, 37.50387 ] ] ], [ [ [ -122.03347, 37.50476 ], [ -122.03272, 37.50484 ], [ -122.0266, 37.50406 ], [ -122.02622, 37.50398 ], [ -122.02617, 37.50381 ], [ -122.03347, 37.50468 ], [ -122.03347, 37.50476 ] ] ], [ [ [ -122.01579, 37.50457 ], [ -122.01638, 37.50435 ], [ -122.01641, 37.50484 ], [ -122.01568, 37.505 ], [ -122.01558, 37.50478 ], [ -122.01579, 37.50457 ] ] ], [ [ [ -122.03455, 37.50433 ], [ -122.03506, 37.50414 ], [ -122.0397, 37.5046 ], [ -122.03983, 37.50462 ], [ -122.03983, 37.50489 ], [ -122.03455, 37.50433 ] ] ], [ [ [ -122.0166, 37.50414 ], [ -122.01663, 37.50249 ], [ -122.01673, 37.50233 ], [ -122.02509, 37.50255 ], [ -122.02503, 37.50325 ], [ -122.02487, 37.50371 ], [ -122.02064, 37.50788 ], [ -122.01943, 37.50802 ], [ -122.01741, 37.50689 ], [ -122.01717, 37.50689 ], [ -122.01673, 37.50667 ], [ -122.0166, 37.50414 ] ] ], [ [ [ -121.99846, 37.50484 ], [ -121.99989, 37.50611 ], [ -121.99973, 37.50632 ], [ -121.99827, 37.506 ], [ -121.99787, 37.50578 ], [ -121.99774, 37.50584 ], [ -121.99787, 37.50535 ], [ -121.9983, 37.50489 ], [ -121.99846, 37.50484 ] ], [ [ -121.99835, 37.50597 ], [ -121.99835, 37.50594 ], [ -121.99833, 37.50597 ], [ -121.99835, 37.50597 ] ] ], [ [ [ -122.0228, 37.50584 ], [ -122.02493, 37.50381 ], [ -122.02517, 37.50274 ], [ -122.02533, 37.50255 ], [ -122.02536, 37.50333 ], [ -122.02501, 37.50381 ], [ -122.02088, 37.50783 ], [ -122.0228, 37.50584 ] ] ], [ [ [ -122.05349, 37.51004 ], [ -122.05352, 37.50993 ], [ -122.0533, 37.50988 ], [ -122.05347, 37.50977 ], [ -122.05352, 37.50985 ], [ -122.05352, 37.50974 ], [ -122.05322, 37.50974 ], [ -122.0532, 37.50964 ], [ -122.0532, 37.50912 ], [ -122.05336, 37.50894 ], [ -122.0532, 37.50894 ], [ -122.05314, 37.50947 ], [ -122.05188, 37.50918 ], [ -122.05155, 37.50926 ], [ -122.05142, 37.50942 ], [ -122.05139, 37.50899 ], [ -122.05136, 37.50947 ], [ -122.05118, 37.50915 ], [ -122.05085, 37.5091 ], [ -122.05045, 37.50923 ], [ -122.04996, 37.50969 ], [ -122.04983, 37.50969 ], [ -122.04792, 37.50869 ], [ -122.04781, 37.50848 ], [ -122.04759, 37.50848 ], [ -122.04689, 37.50805 ], [ -122.04638, 37.50791 ], [ -122.04363, 37.50648 ], [ -122.04193, 37.50551 ], [ -122.04172, 37.50519 ], [ -122.03996, 37.50489 ], [ -122.04002, 37.50214 ], [ -122.04013, 37.5019 ], [ -122.04358, 37.49983 ], [ -122.04751, 37.49975 ], [ -122.04762, 37.50123 ], [ -122.04818, 37.50139 ], [ -122.04848, 37.50131 ], [ -122.05756, 37.50134 ], [ -122.05592, 37.50559 ], [ -122.05436, 37.50904 ], [ -122.05441, 37.50964 ], [ -122.05414, 37.50993 ], [ -122.05349, 37.51004 ] ], [ [ -122.05328, 37.50964 ], [ -122.0533, 37.50964 ], [ -122.05328, 37.50961 ], [ -122.05328, 37.50964 ] ], [ [ -122.05414, 37.50907 ], [ -122.05425, 37.50907 ], [ -122.05414, 37.50902 ], [ -122.05414, 37.50907 ] ], [ [ -122.05384, 37.50904 ], [ -122.05392, 37.50904 ], [ -122.05384, 37.50899 ], [ -122.05384, 37.50904 ] ], [ [ -122.05376, 37.50902 ], [ -122.05382, 37.50902 ], [ -122.05376, 37.50899 ], [ -122.05376, 37.50902 ] ], [ [ -122.05363, 37.50896 ], [ -122.05347, 37.50896 ], [ -122.0536, 37.50902 ], [ -122.05363, 37.50896 ] ], [ [ -122.05136, 37.50877 ], [ -122.05139, 37.50877 ], [ -122.05136, 37.50861 ], [ -122.05136, 37.50877 ] ], [ [ -122.05136, 37.50856 ], [ -122.05139, 37.50856 ], [ -122.05136, 37.5085 ], [ -122.05136, 37.50856 ] ], [ [ -122.05136, 37.50837 ], [ -122.05142, 37.50837 ], [ -122.05136, 37.5081 ], [ -122.05136, 37.50837 ] ], [ [ -122.05549, 37.50395 ], [ -122.05584, 37.50395 ], [ -122.05549, 37.50392 ], [ -122.05549, 37.50395 ] ], [ [ -122.05481, 37.50392 ], [ -122.05525, 37.50392 ], [ -122.05481, 37.5039 ], [ -122.05481, 37.50392 ] ], [ [ -122.05414, 37.5039 ], [ -122.0546, 37.5039 ], [ -122.05414, 37.50387 ], [ -122.05414, 37.5039 ] ], [ [ -122.05347, 37.50387 ], [ -122.05395, 37.50387 ], [ -122.05347, 37.50384 ], [ -122.05347, 37.50387 ] ], [ [ -122.05317, 37.50384 ], [ -122.0532, 37.50384 ], [ -122.05317, 37.50381 ], [ -122.05317, 37.50384 ] ], [ [ -122.04759, 37.50355 ], [ -122.05239, 37.50379 ], [ -122.05312, 37.50384 ], [ -122.05306, 37.50379 ], [ -122.04759, 37.50355 ] ], [ [ -122.04721, 37.50355 ], [ -122.04756, 37.50355 ], [ -122.04721, 37.50352 ], [ -122.04721, 37.50355 ] ], [ [ -122.047, 37.50349 ], [ -122.04668, 37.50346 ], [ -122.047, 37.50352 ], [ -122.047, 37.50349 ] ], [ [ -122.04632, 37.50344 ], [ -122.04603, 37.50344 ], [ -122.04627, 37.50349 ], [ -122.04632, 37.50344 ] ], [ [ -122.04538, 37.50344 ], [ -122.04573, 37.50344 ], [ -122.04538, 37.50341 ], [ -122.04538, 37.50344 ] ], [ [ -122.04473, 37.50341 ], [ -122.04511, 37.50341 ], [ -122.04473, 37.50338 ], [ -122.04473, 37.50341 ] ], [ [ -122.04414, 37.50338 ], [ -122.04447, 37.50338 ], [ -122.04414, 37.50336 ], [ -122.04414, 37.50338 ] ], [ [ -122.04379, 37.50333 ], [ -122.0436, 37.5033 ], [ -122.04379, 37.50336 ], [ -122.04379, 37.50333 ] ], [ [ -122.0429, 37.50328 ], [ -122.04301, 37.5033 ], [ -122.04312, 37.50328 ], [ -122.0429, 37.50328 ] ], [ [ -122.0425, 37.50328 ], [ -122.04253, 37.50328 ], [ -122.0425, 37.50325 ], [ -122.0425, 37.50328 ] ], [ [ -122.04231, 37.50328 ], [ -122.04244, 37.50328 ], [ -122.04231, 37.50325 ], [ -122.04231, 37.50328 ] ], [ [ -122.0415, 37.50325 ], [ -122.04191, 37.50325 ], [ -122.0415, 37.50322 ], [ -122.0415, 37.50325 ] ], [ [ -122.04085, 37.50322 ], [ -122.04126, 37.50322 ], [ -122.04085, 37.50319 ], [ -122.04085, 37.50322 ] ], [ [ -122.04061, 37.50317 ], [ -122.04026, 37.50314 ], [ -122.04061, 37.50319 ], [ -122.04061, 37.50317 ] ] ], [ [ [ -122.02514, 37.5039 ], [ -122.02099, 37.50799 ], [ -122.02094, 37.50818 ], [ -122.02115, 37.50867 ], [ -122.02107, 37.50877 ], [ -122.02086, 37.50826 ], [ -122.02091, 37.50796 ], [ -122.02501, 37.5039 ], [ -122.02514, 37.5039 ] ] ], [ [ [ -122.02493, 37.50435 ], [ -122.02512, 37.50406 ], [ -122.02584, 37.504 ], [ -122.02921, 37.50441 ], [ -122.02962, 37.50454 ], [ -122.03234, 37.50597 ], [ -122.02983, 37.50899 ], [ -122.02353, 37.50581 ], [ -122.02355, 37.50557 ], [ -122.02458, 37.50454 ], [ -122.02493, 37.50435 ] ], [ [ -122.02638, 37.50508 ], [ -122.02638, 37.50503 ], [ -122.02627, 37.50508 ], [ -122.02638, 37.50508 ] ] ], [ [ [ -122.03719, 37.50815 ], [ -122.03697, 37.50837 ], [ -122.03708, 37.50815 ], [ -122.03678, 37.50821 ], [ -122.03606, 37.50786 ], [ -122.03689, 37.50829 ], [ -122.03668, 37.50823 ], [ -122.03684, 37.50856 ], [ -122.036, 37.50958 ], [ -122.03576, 37.50966 ], [ -122.03581, 37.5098 ], [ -122.03541, 37.50972 ], [ -122.03563, 37.50985 ], [ -122.03557, 37.51012 ], [ -122.03474, 37.51114 ], [ -122.03447, 37.51114 ], [ -122.03452, 37.51131 ], [ -122.03431, 37.51131 ], [ -122.03026, 37.5092 ], [ -122.03018, 37.50899 ], [ -122.03366, 37.50473 ], [ -122.03495, 37.50489 ], [ -122.03528, 37.50468 ], [ -122.03953, 37.50522 ], [ -122.03743, 37.50786 ], [ -122.0373, 37.50799 ], [ -122.03708, 37.50796 ], [ -122.03719, 37.50815 ] ], [ [ -122.03536, 37.50969 ], [ -122.03536, 37.50972 ], [ -122.03541, 37.50972 ], [ -122.03536, 37.50969 ] ], [ [ -122.0353, 37.50966 ], [ -122.0353, 37.50969 ], [ -122.03536, 37.50969 ], [ -122.0353, 37.50966 ] ], [ [ -122.03525, 37.50964 ], [ -122.03525, 37.50966 ], [ -122.0353, 37.50966 ], [ -122.03525, 37.50964 ] ], [ [ -122.03519, 37.50961 ], [ -122.03519, 37.50964 ], [ -122.03525, 37.50964 ], [ -122.03519, 37.50961 ] ], [ [ -122.03514, 37.50958 ], [ -122.03514, 37.50961 ], [ -122.03519, 37.50961 ], [ -122.03514, 37.50958 ] ], [ [ -122.03595, 37.5078 ], [ -122.03598, 37.50786 ], [ -122.036, 37.50783 ], [ -122.03595, 37.5078 ] ], [ [ -122.03584, 37.50775 ], [ -122.03587, 37.5078 ], [ -122.0359, 37.50775 ], [ -122.03584, 37.50775 ] ], [ [ -122.03579, 37.50772 ], [ -122.03579, 37.50775 ], [ -122.03584, 37.50775 ], [ -122.03579, 37.50772 ] ], [ [ -122.03573, 37.5077 ], [ -122.03573, 37.50772 ], [ -122.03579, 37.50772 ], [ -122.03573, 37.5077 ] ], [ [ -122.03568, 37.50767 ], [ -122.03568, 37.5077 ], [ -122.03573, 37.5077 ], [ -122.03568, 37.50767 ] ], [ [ -122.0353, 37.50748 ], [ -122.0356, 37.50767 ], [ -122.03563, 37.50764 ], [ -122.0353, 37.50748 ] ], [ [ -122.03525, 37.50745 ], [ -122.03525, 37.50748 ], [ -122.0353, 37.50748 ], [ -122.03525, 37.50745 ] ], [ [ -122.03509, 37.50737 ], [ -122.03517, 37.50745 ], [ -122.03517, 37.50737 ], [ -122.03509, 37.50737 ] ], [ [ -122.03501, 37.50732 ], [ -122.03503, 37.50737 ], [ -122.03506, 37.50732 ], [ -122.03501, 37.50732 ] ], [ [ -122.03484, 37.50942 ], [ -122.03509, 37.50958 ], [ -122.0349, 37.50942 ], [ -122.03484, 37.50942 ] ], [ [ -122.03479, 37.50939 ], [ -122.03479, 37.50942 ], [ -122.03484, 37.50942 ], [ -122.03479, 37.50939 ] ], [ [ -122.03474, 37.50937 ], [ -122.03474, 37.50939 ], [ -122.03479, 37.50939 ], [ -122.03474, 37.50937 ] ], [ [ -122.03468, 37.50934 ], [ -122.03468, 37.50937 ], [ -122.03474, 37.50937 ], [ -122.03468, 37.50934 ] ], [ [ -122.03463, 37.50931 ], [ -122.03463, 37.50934 ], [ -122.03468, 37.50934 ], [ -122.03463, 37.50931 ] ], [ [ -122.03458, 37.50929 ], [ -122.03458, 37.50931 ], [ -122.03463, 37.50931 ], [ -122.03458, 37.50929 ] ], [ [ -122.03452, 37.50926 ], [ -122.03452, 37.50929 ], [ -122.03458, 37.50929 ], [ -122.03452, 37.50926 ] ], [ [ -122.03447, 37.50923 ], [ -122.03447, 37.50926 ], [ -122.03452, 37.50926 ], [ -122.03447, 37.50923 ] ], [ [ -122.03441, 37.5092 ], [ -122.03441, 37.50923 ], [ -122.03447, 37.50923 ], [ -122.03441, 37.5092 ] ], [ [ -122.03439, 37.50918 ], [ -122.03439, 37.5092 ], [ -122.03441, 37.5092 ], [ -122.03439, 37.50918 ] ], [ [ -122.03552, 37.51009 ], [ -122.03552, 37.51007 ], [ -122.03549, 37.51009 ], [ -122.03552, 37.51009 ] ], [ [ -122.03479, 37.51096 ], [ -122.03484, 37.51096 ], [ -122.03479, 37.51093 ], [ -122.03479, 37.51096 ] ], [ [ -122.03476, 37.51098 ], [ -122.03479, 37.51098 ], [ -122.03479, 37.51096 ], [ -122.03476, 37.51098 ] ], [ [ -122.03471, 37.51109 ], [ -122.03474, 37.51109 ], [ -122.03471, 37.51104 ], [ -122.03471, 37.51109 ] ], [ [ -122.03474, 37.51101 ], [ -122.03474, 37.51104 ], [ -122.03476, 37.51101 ], [ -122.03474, 37.51101 ] ], [ [ -122.03026, 37.50899 ], [ -122.03026, 37.50902 ], [ -122.03029, 37.50899 ], [ -122.03026, 37.50899 ] ], [ [ -122.03034, 37.50894 ], [ -122.03029, 37.50894 ], [ -122.03029, 37.50899 ], [ -122.03034, 37.50894 ] ], [ [ -122.03037, 37.50891 ], [ -122.03034, 37.50891 ], [ -122.03034, 37.50894 ], [ -122.03037, 37.50891 ] ], [ [ -122.0304, 37.50885 ], [ -122.03037, 37.50885 ], [ -122.03037, 37.50891 ], [ -122.0304, 37.50885 ] ], [ [ -122.03048, 37.50877 ], [ -122.0304, 37.5088 ], [ -122.03048, 37.5088 ], [ -122.03048, 37.50877 ] ], [ [ -122.03051, 37.50872 ], [ -122.03048, 37.50872 ], [ -122.03048, 37.50877 ], [ -122.03051, 37.50872 ] ], [ [ -122.03053, 37.50869 ], [ -122.03051, 37.50869 ], [ -122.03051, 37.50872 ], [ -122.03053, 37.50869 ] ], [ [ -122.03059, 37.50864 ], [ -122.03053, 37.50864 ], [ -122.03053, 37.50869 ], [ -122.03059, 37.50864 ] ], [ [ -122.03061, 37.50861 ], [ -122.03059, 37.50861 ], [ -122.03059, 37.50864 ], [ -122.03061, 37.50861 ] ], [ [ -122.03064, 37.50856 ], [ -122.03061, 37.50856 ], [ -122.03061, 37.50861 ], [ -122.03064, 37.50856 ] ], [ [ -122.03069, 37.5085 ], [ -122.03064, 37.5085 ], [ -122.03064, 37.50856 ], [ -122.03069, 37.5085 ] ], [ [ -122.03072, 37.50848 ], [ -122.03069, 37.50848 ], [ -122.03069, 37.5085 ], [ -122.03072, 37.50848 ] ], [ [ -122.03075, 37.50842 ], [ -122.03072, 37.50842 ], [ -122.03072, 37.50848 ], [ -122.03075, 37.50842 ] ], [ [ -122.03078, 37.5084 ], [ -122.03075, 37.5084 ], [ -122.03075, 37.50842 ], [ -122.03078, 37.5084 ] ], [ [ -122.03083, 37.50834 ], [ -122.03078, 37.50834 ], [ -122.03078, 37.5084 ], [ -122.03083, 37.50834 ] ], [ [ -122.03086, 37.50832 ], [ -122.03083, 37.50832 ], [ -122.03083, 37.50834 ], [ -122.03086, 37.50832 ] ], [ [ -122.03088, 37.50826 ], [ -122.03086, 37.50826 ], [ -122.03086, 37.50832 ], [ -122.03088, 37.50826 ] ], [ [ -122.03102, 37.5081 ], [ -122.03088, 37.50821 ], [ -122.03102, 37.50815 ], [ -122.03102, 37.5081 ] ], [ [ -122.03113, 37.50796 ], [ -122.03102, 37.50805 ], [ -122.03113, 37.50802 ], [ -122.03113, 37.50796 ] ], [ [ -122.03115, 37.50796 ], [ -122.0315, 37.5077 ], [ -122.03207, 37.50799 ], [ -122.03148, 37.50756 ], [ -122.03115, 37.50796 ] ], [ [ -122.03218, 37.50805 ], [ -122.03215, 37.50799 ], [ -122.03212, 37.50802 ], [ -122.03218, 37.50805 ] ], [ [ -122.03223, 37.50807 ], [ -122.03223, 37.50805 ], [ -122.03218, 37.50805 ], [ -122.03223, 37.50807 ] ], [ [ -122.03228, 37.5081 ], [ -122.03228, 37.50807 ], [ -122.03223, 37.50807 ], [ -122.03228, 37.5081 ] ], [ [ -122.03234, 37.50813 ], [ -122.03234, 37.5081 ], [ -122.03228, 37.5081 ], [ -122.03234, 37.50813 ] ], [ [ -122.03239, 37.50815 ], [ -122.03239, 37.50813 ], [ -122.03234, 37.50813 ], [ -122.03239, 37.50815 ] ], [ [ -122.03245, 37.50818 ], [ -122.03245, 37.50815 ], [ -122.03239, 37.50815 ], [ -122.03245, 37.50818 ] ], [ [ -122.03307, 37.5085 ], [ -122.0325, 37.50818 ], [ -122.03301, 37.5085 ], [ -122.03307, 37.5085 ] ], [ [ -122.03312, 37.50853 ], [ -122.03312, 37.5085 ], [ -122.03307, 37.5085 ], [ -122.03312, 37.50853 ] ], [ [ -122.03317, 37.50856 ], [ -122.03317, 37.50853 ], [ -122.03312, 37.50853 ], [ -122.03317, 37.50856 ] ], [ [ -122.03323, 37.50858 ], [ -122.03323, 37.50856 ], [ -122.03317, 37.50856 ], [ -122.03323, 37.50858 ] ], [ [ -122.03328, 37.50861 ], [ -122.03328, 37.50858 ], [ -122.03323, 37.50858 ], [ -122.03328, 37.50861 ] ], [ [ -122.03339, 37.50867 ], [ -122.03334, 37.50861 ], [ -122.03331, 37.50867 ], [ -122.03339, 37.50867 ] ], [ [ -122.03401, 37.50899 ], [ -122.03344, 37.50867 ], [ -122.03396, 37.50899 ], [ -122.03401, 37.50899 ] ], [ [ -122.03406, 37.50902 ], [ -122.03406, 37.50899 ], [ -122.03401, 37.50899 ], [ -122.03406, 37.50902 ] ], [ [ -122.03412, 37.50904 ], [ -122.03412, 37.50902 ], [ -122.03406, 37.50902 ], [ -122.03412, 37.50904 ] ], [ [ -122.03417, 37.50907 ], [ -122.03417, 37.50904 ], [ -122.03412, 37.50904 ], [ -122.03417, 37.50907 ] ], [ [ -122.03422, 37.5091 ], [ -122.03422, 37.50907 ], [ -122.03417, 37.50907 ], [ -122.03422, 37.5091 ] ], [ [ -122.03425, 37.50912 ], [ -122.03425, 37.5091 ], [ -122.03422, 37.5091 ], [ -122.03425, 37.50912 ] ], [ [ -122.0349, 37.50955 ], [ -122.03493, 37.50955 ], [ -122.0349, 37.50953 ], [ -122.0349, 37.50955 ] ], [ [ -122.03479, 37.5095 ], [ -122.03482, 37.5095 ], [ -122.03479, 37.50947 ], [ -122.03479, 37.5095 ] ], [ [ -122.03156, 37.50783 ], [ -122.03158, 37.50783 ], [ -122.03156, 37.5078 ], [ -122.03156, 37.50783 ] ], [ [ -122.03193, 37.50802 ], [ -122.03196, 37.50802 ], [ -122.03193, 37.50799 ], [ -122.03193, 37.50802 ] ], [ [ -122.03525, 37.51039 ], [ -122.03528, 37.51039 ], [ -122.03525, 37.51036 ], [ -122.03525, 37.51039 ] ], [ [ -122.03522, 37.50972 ], [ -122.03525, 37.50972 ], [ -122.03522, 37.50969 ], [ -122.03522, 37.50972 ] ], [ [ -122.03183, 37.50796 ], [ -122.03185, 37.50796 ], [ -122.03183, 37.50794 ], [ -122.03183, 37.50796 ] ], [ [ -122.0322, 37.50815 ], [ -122.03223, 37.50815 ], [ -122.0322, 37.50813 ], [ -122.0322, 37.50815 ] ], [ [ -122.03501, 37.50961 ], [ -122.03503, 37.50961 ], [ -122.03501, 37.50958 ], [ -122.03501, 37.50961 ] ], [ [ -122.03498, 37.51074 ], [ -122.03501, 37.51074 ], [ -122.03498, 37.51071 ], [ -122.03498, 37.51074 ] ], [ [ -122.03266, 37.5084 ], [ -122.03269, 37.5084 ], [ -122.03266, 37.50837 ], [ -122.03266, 37.5084 ] ], [ [ -122.03495, 37.50958 ], [ -122.03498, 37.50958 ], [ -122.03495, 37.50955 ], [ -122.03495, 37.50958 ] ], [ [ -122.03166, 37.50788 ], [ -122.03169, 37.50788 ], [ -122.03166, 37.50786 ], [ -122.03166, 37.50788 ] ], [ [ -122.0321, 37.5081 ], [ -122.03212, 37.5081 ], [ -122.0321, 37.50807 ], [ -122.0321, 37.5081 ] ], [ [ -122.03433, 37.50918 ], [ -122.03436, 37.50918 ], [ -122.03433, 37.50915 ], [ -122.03433, 37.50918 ] ], [ [ -122.03544, 37.50982 ], [ -122.03546, 37.50982 ], [ -122.03544, 37.5098 ], [ -122.03544, 37.50982 ] ], [ [ -122.03304, 37.50858 ], [ -122.03307, 37.50858 ], [ -122.03304, 37.50856 ], [ -122.03304, 37.50858 ] ], [ [ -122.03719, 37.50594 ], [ -122.03722, 37.50594 ], [ -122.03719, 37.50592 ], [ -122.03719, 37.50594 ] ], [ [ -122.03428, 37.50915 ], [ -122.03431, 37.50915 ], [ -122.03428, 37.50912 ], [ -122.03428, 37.50915 ] ], [ [ -122.03517, 37.50969 ], [ -122.03519, 37.50969 ], [ -122.03517, 37.50966 ], [ -122.03517, 37.50969 ] ], [ [ -122.03506, 37.50964 ], [ -122.03509, 37.50964 ], [ -122.03506, 37.50961 ], [ -122.03506, 37.50964 ] ], [ [ -122.03293, 37.50853 ], [ -122.03296, 37.50853 ], [ -122.03293, 37.5085 ], [ -122.03293, 37.50853 ] ], [ [ -122.03528, 37.50974 ], [ -122.0353, 37.50974 ], [ -122.03528, 37.50972 ], [ -122.03528, 37.50974 ] ], [ [ -122.03242, 37.50826 ], [ -122.03242, 37.50823 ], [ -122.03239, 37.50826 ], [ -122.03242, 37.50826 ] ], [ [ -122.03237, 37.50823 ], [ -122.03239, 37.50823 ], [ -122.03237, 37.50821 ], [ -122.03237, 37.50823 ] ], [ [ -122.0328, 37.50845 ], [ -122.0328, 37.50842 ], [ -122.03277, 37.50845 ], [ -122.0328, 37.50845 ] ], [ [ -122.03274, 37.50842 ], [ -122.03277, 37.50842 ], [ -122.03274, 37.5084 ], [ -122.03274, 37.50842 ] ], [ [ -122.03253, 37.50832 ], [ -122.03253, 37.50829 ], [ -122.0325, 37.50832 ], [ -122.03253, 37.50832 ] ], [ [ -122.03247, 37.50829 ], [ -122.0325, 37.50829 ], [ -122.03247, 37.50826 ], [ -122.03247, 37.50829 ] ], [ [ -122.03552, 37.50988 ], [ -122.03557, 37.50988 ], [ -122.03552, 37.50985 ], [ -122.03552, 37.50988 ] ], [ [ -122.03255, 37.50834 ], [ -122.03261, 37.50834 ], [ -122.03255, 37.50832 ], [ -122.03255, 37.50834 ] ], [ [ -122.0329, 37.5085 ], [ -122.0329, 37.50848 ], [ -122.03288, 37.5085 ], [ -122.0329, 37.5085 ] ], [ [ -122.03282, 37.50848 ], [ -122.03288, 37.50848 ], [ -122.03282, 37.50845 ], [ -122.03282, 37.50848 ] ], [ [ -122.03277, 37.50616 ], [ -122.03274, 37.506 ], [ -122.03247, 37.50632 ], [ -122.03277, 37.50616 ] ], [ [ -122.03498, 37.50732 ], [ -122.03498, 37.50729 ], [ -122.03495, 37.50732 ], [ -122.03498, 37.50732 ] ], [ [ -122.03479, 37.50721 ], [ -122.0349, 37.50732 ], [ -122.03484, 37.50721 ], [ -122.03479, 37.50721 ] ], [ [ -122.03479, 37.50718 ], [ -122.03412, 37.50683 ], [ -122.03406, 37.50683 ], [ -122.03466, 37.50721 ], [ -122.03479, 37.50718 ] ], [ [ -122.03363, 37.50662 ], [ -122.03385, 37.50681 ], [ -122.03406, 37.50681 ], [ -122.03315, 37.50632 ], [ -122.03288, 37.50621 ], [ -122.03363, 37.50662 ] ], [ [ -122.03358, 37.50664 ], [ -122.03358, 37.50662 ], [ -122.03355, 37.50664 ], [ -122.03358, 37.50664 ] ], [ [ -122.03404, 37.50686 ], [ -122.03401, 37.50686 ], [ -122.03404, 37.50689 ], [ -122.03404, 37.50686 ] ] ], [ [ [ -122.01973, 37.50829 ], [ -122.01994, 37.50813 ], [ -122.02067, 37.50802 ], [ -122.02088, 37.50783 ], [ -122.02075, 37.50805 ], [ -122.02083, 37.50877 ], [ -122.01973, 37.50829 ] ] ], [ [ [ -122.01021, 37.50761 ], [ -122.01218, 37.50683 ], [ -122.01226, 37.50699 ], [ -122.01035, 37.50767 ], [ -122.00539, 37.51079 ], [ -122.01021, 37.50761 ] ] ], [ [ [ -122.04986, 37.51222 ], [ -122.04959, 37.51238 ], [ -122.04934, 37.51236 ], [ -122.03875, 37.50691 ], [ -122.0387, 37.50654 ], [ -122.03883, 37.50621 ], [ -122.03956, 37.5054 ], [ -122.03975, 37.50535 ], [ -122.03956, 37.50524 ], [ -122.0398, 37.50519 ], [ -122.03595, 37.50476 ], [ -122.03519, 37.50465 ], [ -122.03509, 37.50454 ], [ -122.04118, 37.50519 ], [ -122.04552, 37.50759 ], [ -122.04557, 37.50775 ], [ -122.0453, 37.50778 ], [ -122.04061, 37.50535 ], [ -122.05101, 37.51077 ], [ -122.05104, 37.51093 ], [ -122.05031, 37.51176 ], [ -122.05101, 37.5109 ], [ -122.05101, 37.51082 ], [ -122.05042, 37.51055 ], [ -122.05096, 37.51088 ], [ -122.04986, 37.51222 ] ], [ [ -122.05018, 37.51042 ], [ -122.05037, 37.51055 ], [ -122.05023, 37.51042 ], [ -122.05018, 37.51042 ] ], [ [ -122.04991, 37.51028 ], [ -122.0501, 37.51042 ], [ -122.04996, 37.51028 ], [ -122.04991, 37.51028 ] ], [ [ -122.04986, 37.51026 ], [ -122.04986, 37.51028 ], [ -122.04991, 37.51028 ], [ -122.04986, 37.51026 ] ], [ [ -122.0498, 37.51023 ], [ -122.0498, 37.51026 ], [ -122.04986, 37.51026 ], [ -122.0498, 37.51023 ] ], [ [ -122.04975, 37.5102 ], [ -122.04975, 37.51023 ], [ -122.0498, 37.51023 ], [ -122.04975, 37.5102 ] ], [ [ -122.04972, 37.51017 ], [ -122.04972, 37.5102 ], [ -122.04975, 37.5102 ], [ -122.04972, 37.51017 ] ], [ [ -122.04263, 37.50885 ], [ -122.04263, 37.50888 ], [ -122.04266, 37.50885 ], [ -122.04263, 37.50885 ] ], [ [ -122.04253, 37.5088 ], [ -122.04253, 37.50883 ], [ -122.04258, 37.5088 ], [ -122.04253, 37.5088 ] ], [ [ -122.04261, 37.50883 ], [ -122.04258, 37.50883 ], [ -122.04261, 37.50885 ], [ -122.04261, 37.50883 ] ], [ [ -122.04231, 37.50869 ], [ -122.04231, 37.50872 ], [ -122.04234, 37.50869 ], [ -122.04231, 37.50869 ] ], [ [ -122.04228, 37.50867 ], [ -122.04228, 37.50869 ], [ -122.04231, 37.50869 ], [ -122.04228, 37.50867 ] ], [ [ -122.04201, 37.50853 ], [ -122.04201, 37.50856 ], [ -122.04204, 37.50853 ], [ -122.04201, 37.50853 ] ], [ [ -122.04191, 37.50848 ], [ -122.04191, 37.5085 ], [ -122.04193, 37.50848 ], [ -122.04191, 37.50848 ] ], [ [ -122.04018, 37.50524 ], [ -122.04053, 37.50535 ], [ -122.0404, 37.50524 ], [ -122.04018, 37.50524 ] ], [ [ -122.04032, 37.50767 ], [ -122.04034, 37.50767 ], [ -122.04032, 37.50764 ], [ -122.04032, 37.50767 ] ], [ [ -122.04085, 37.50562 ], [ -122.04088, 37.50562 ], [ -122.04085, 37.50559 ], [ -122.04085, 37.50562 ] ], [ [ -122.04096, 37.50567 ], [ -122.04099, 37.50567 ], [ -122.04096, 37.50565 ], [ -122.04096, 37.50567 ] ], [ [ -122.04107, 37.50573 ], [ -122.0411, 37.50573 ], [ -122.04107, 37.5057 ], [ -122.04107, 37.50573 ] ], [ [ -122.04694, 37.50877 ], [ -122.04697, 37.50877 ], [ -122.04694, 37.50875 ], [ -122.04694, 37.50877 ] ], [ [ -122.03961, 37.50732 ], [ -122.03964, 37.50732 ], [ -122.03961, 37.50729 ], [ -122.03961, 37.50732 ] ], [ [ -122.04638, 37.50848 ], [ -122.04641, 37.50848 ], [ -122.04638, 37.50845 ], [ -122.04638, 37.50848 ] ], [ [ -122.04325, 37.50686 ], [ -122.04328, 37.50686 ], [ -122.04325, 37.50683 ], [ -122.04325, 37.50686 ] ], [ [ -122.04336, 37.50691 ], [ -122.04339, 37.50691 ], [ -122.04336, 37.50689 ], [ -122.04336, 37.50691 ] ], [ [ -122.04436, 37.50743 ], [ -122.04438, 37.50743 ], [ -122.04436, 37.5074 ], [ -122.04436, 37.50743 ] ], [ [ -122.04301, 37.50907 ], [ -122.04304, 37.50907 ], [ -122.04301, 37.50904 ], [ -122.04301, 37.50907 ] ], [ [ -122.04005, 37.50538 ], [ -122.04007, 37.50538 ], [ -122.04005, 37.50535 ], [ -122.04005, 37.50538 ] ], [ [ -122.0442, 37.50735 ], [ -122.04422, 37.50735 ], [ -122.0442, 37.50732 ], [ -122.0442, 37.50735 ] ], [ [ -122.04393, 37.50721 ], [ -122.04395, 37.50721 ], [ -122.04393, 37.50718 ], [ -122.04393, 37.50721 ] ], [ [ -122.04387, 37.50718 ], [ -122.0439, 37.50718 ], [ -122.04387, 37.50716 ], [ -122.04387, 37.50718 ] ], [ [ -122.0401, 37.50538 ], [ -122.04013, 37.50538 ], [ -122.0401, 37.50535 ], [ -122.0401, 37.50538 ] ], [ [ -122.04026, 37.50764 ], [ -122.04029, 37.50764 ], [ -122.04026, 37.50761 ], [ -122.04026, 37.50764 ] ], [ [ -122.04069, 37.50554 ], [ -122.04072, 37.50554 ], [ -122.04069, 37.50551 ], [ -122.04069, 37.50554 ] ], [ [ -122.04075, 37.50557 ], [ -122.04077, 37.50557 ], [ -122.04075, 37.50554 ], [ -122.04075, 37.50557 ] ], [ [ -122.04102, 37.5057 ], [ -122.04104, 37.5057 ], [ -122.04102, 37.50567 ], [ -122.04102, 37.5057 ] ], [ [ -122.047, 37.5088 ], [ -122.04703, 37.5088 ], [ -122.047, 37.50877 ], [ -122.047, 37.5088 ] ], [ [ -122.04312, 37.50912 ], [ -122.04314, 37.50912 ], [ -122.04312, 37.5091 ], [ -122.04312, 37.50912 ] ], [ [ -122.04511, 37.50783 ], [ -122.04514, 37.50783 ], [ -122.04511, 37.5078 ], [ -122.04511, 37.50783 ] ], [ [ -122.04298, 37.50673 ], [ -122.04301, 37.50673 ], [ -122.04298, 37.5067 ], [ -122.04298, 37.50673 ] ], [ [ -122.04296, 37.50904 ], [ -122.04298, 37.50904 ], [ -122.04296, 37.50902 ], [ -122.04296, 37.50904 ] ], [ [ -122.04285, 37.50899 ], [ -122.04288, 37.50899 ], [ -122.04285, 37.50896 ], [ -122.04285, 37.50899 ] ], [ [ -122.04139, 37.50589 ], [ -122.04142, 37.50589 ], [ -122.04139, 37.50586 ], [ -122.04139, 37.50589 ] ], [ [ -122.04269, 37.50891 ], [ -122.04271, 37.50891 ], [ -122.04269, 37.50888 ], [ -122.04269, 37.50891 ] ], [ [ -122.04112, 37.50576 ], [ -122.04115, 37.50576 ], [ -122.04112, 37.50573 ], [ -122.04112, 37.50576 ] ], [ [ -122.04123, 37.50581 ], [ -122.04126, 37.50581 ], [ -122.04123, 37.50578 ], [ -122.04123, 37.50581 ] ], [ [ -122.03988, 37.50745 ], [ -122.03991, 37.50745 ], [ -122.03988, 37.50743 ], [ -122.03988, 37.50745 ] ], [ [ -122.04363, 37.50705 ], [ -122.04366, 37.50705 ], [ -122.04363, 37.50702 ], [ -122.04363, 37.50705 ] ], [ [ -122.04352, 37.50699 ], [ -122.04355, 37.50699 ], [ -122.04352, 37.50697 ], [ -122.04352, 37.50699 ] ], [ [ -122.0408, 37.50559 ], [ -122.04083, 37.50559 ], [ -122.0408, 37.50557 ], [ -122.0408, 37.50559 ] ], [ [ -122.04274, 37.50894 ], [ -122.04277, 37.50894 ], [ -122.04274, 37.50891 ], [ -122.04274, 37.50894 ] ], [ [ -122.0435, 37.50697 ], [ -122.0435, 37.50694 ], [ -122.04344, 37.50697 ], [ -122.0435, 37.50697 ] ], [ [ -122.04341, 37.50694 ], [ -122.04344, 37.50694 ], [ -122.04341, 37.50691 ], [ -122.04341, 37.50694 ] ], [ [ -122.04385, 37.50716 ], [ -122.04385, 37.50713 ], [ -122.04382, 37.50716 ], [ -122.04385, 37.50716 ] ], [ [ -122.04376, 37.50713 ], [ -122.04382, 37.50713 ], [ -122.04376, 37.5071 ], [ -122.04376, 37.50713 ] ], [ [ -122.04061, 37.50549 ], [ -122.04061, 37.50546 ], [ -122.04058, 37.50549 ], [ -122.04061, 37.50549 ] ], [ [ -122.04053, 37.50546 ], [ -122.04058, 37.50546 ], [ -122.04053, 37.50543 ], [ -122.04053, 37.50546 ] ], [ [ -122.04961, 37.51012 ], [ -122.04964, 37.51017 ], [ -122.04967, 37.51012 ], [ -122.04961, 37.51012 ] ], [ [ -122.04956, 37.51009 ], [ -122.04956, 37.51012 ], [ -122.04961, 37.51012 ], [ -122.04956, 37.51009 ] ], [ [ -122.04592, 37.50823 ], [ -122.04592, 37.50821 ], [ -122.04589, 37.50823 ], [ -122.04592, 37.50823 ] ], [ [ -122.04584, 37.50821 ], [ -122.04589, 37.50821 ], [ -122.04584, 37.50818 ], [ -122.04584, 37.50821 ] ], [ [ -122.04579, 37.50815 ], [ -122.04579, 37.50818 ], [ -122.04584, 37.50818 ], [ -122.04579, 37.50815 ] ], [ [ -122.04573, 37.50813 ], [ -122.04573, 37.50815 ], [ -122.04579, 37.50815 ], [ -122.04573, 37.50813 ] ], [ [ -122.04568, 37.5081 ], [ -122.04568, 37.50813 ], [ -122.04573, 37.50813 ], [ -122.04568, 37.5081 ] ], [ [ -122.04562, 37.50807 ], [ -122.04562, 37.5081 ], [ -122.04568, 37.5081 ], [ -122.04562, 37.50807 ] ], [ [ -122.04554, 37.50805 ], [ -122.04554, 37.50799 ], [ -122.04546, 37.50802 ], [ -122.04554, 37.50805 ] ], [ [ -122.04535, 37.50794 ], [ -122.04541, 37.50799 ], [ -122.04544, 37.50794 ], [ -122.04535, 37.50794 ] ], [ [ -122.0453, 37.50791 ], [ -122.0453, 37.50794 ], [ -122.04535, 37.50794 ], [ -122.0453, 37.50791 ] ], [ [ -122.04023, 37.50538 ], [ -122.04023, 37.5054 ], [ -122.0405, 37.5054 ], [ -122.04023, 37.50538 ] ], [ [ -122.04635, 37.50845 ], [ -122.04635, 37.50842 ], [ -122.04632, 37.50845 ], [ -122.04635, 37.50845 ] ], [ [ -122.04622, 37.50837 ], [ -122.04624, 37.50842 ], [ -122.04627, 37.50837 ], [ -122.04622, 37.50837 ] ], [ [ -122.04611, 37.50832 ], [ -122.04614, 37.50837 ], [ -122.04616, 37.50832 ], [ -122.04611, 37.50832 ] ], [ [ -122.04606, 37.50829 ], [ -122.04606, 37.50832 ], [ -122.04611, 37.50832 ], [ -122.04606, 37.50829 ] ], [ [ -122.04597, 37.50826 ], [ -122.04597, 37.50829 ], [ -122.04606, 37.50829 ], [ -122.04597, 37.50826 ] ], [ [ -122.04692, 37.50875 ], [ -122.04692, 37.50872 ], [ -122.04689, 37.50875 ], [ -122.04692, 37.50875 ] ], [ [ -122.04684, 37.50872 ], [ -122.04689, 37.50872 ], [ -122.04684, 37.50869 ], [ -122.04684, 37.50872 ] ], [ [ -122.04678, 37.50867 ], [ -122.04678, 37.50869 ], [ -122.04684, 37.50869 ], [ -122.04678, 37.50867 ] ], [ [ -122.04673, 37.50864 ], [ -122.04673, 37.50867 ], [ -122.04678, 37.50867 ], [ -122.04673, 37.50864 ] ], [ [ -122.04668, 37.50861 ], [ -122.04668, 37.50864 ], [ -122.04673, 37.50864 ], [ -122.04668, 37.50861 ] ], [ [ -122.04662, 37.50858 ], [ -122.04662, 37.50861 ], [ -122.04668, 37.50861 ], [ -122.04662, 37.50858 ] ], [ [ -122.04657, 37.50856 ], [ -122.04657, 37.50858 ], [ -122.04662, 37.50858 ], [ -122.04657, 37.50856 ] ], [ [ -122.04651, 37.50853 ], [ -122.04651, 37.50856 ], [ -122.04657, 37.50856 ], [ -122.04651, 37.50853 ] ], [ [ -122.04643, 37.50848 ], [ -122.04646, 37.50853 ], [ -122.04649, 37.50848 ], [ -122.04643, 37.50848 ] ], [ [ -122.04735, 37.50896 ], [ -122.04738, 37.50902 ], [ -122.04775, 37.50918 ], [ -122.04735, 37.50896 ] ], [ [ -122.0473, 37.50894 ], [ -122.0473, 37.50896 ], [ -122.04735, 37.50896 ], [ -122.0473, 37.50894 ] ], [ [ -122.04724, 37.50891 ], [ -122.04724, 37.50894 ], [ -122.0473, 37.50894 ], [ -122.04724, 37.50891 ] ], [ [ -122.04719, 37.50888 ], [ -122.04719, 37.50891 ], [ -122.04724, 37.50891 ], [ -122.04719, 37.50888 ] ], [ [ -122.04708, 37.50883 ], [ -122.04713, 37.50888 ], [ -122.04716, 37.50883 ], [ -122.04708, 37.50883 ] ], [ [ -122.04705, 37.5088 ], [ -122.04705, 37.50883 ], [ -122.04708, 37.50883 ], [ -122.04705, 37.5088 ] ], [ [ -122.04918, 37.50991 ], [ -122.04921, 37.50996 ], [ -122.04953, 37.51009 ], [ -122.04918, 37.50991 ] ], [ [ -122.04902, 37.50982 ], [ -122.0491, 37.50991 ], [ -122.04907, 37.50982 ], [ -122.04902, 37.50982 ] ], [ [ -122.04891, 37.50977 ], [ -122.04894, 37.50982 ], [ -122.04897, 37.50977 ], [ -122.04891, 37.50977 ] ], [ [ -122.04886, 37.50974 ], [ -122.04886, 37.50977 ], [ -122.04891, 37.50977 ], [ -122.04886, 37.50974 ] ], [ [ -122.0488, 37.50972 ], [ -122.0488, 37.50974 ], [ -122.04886, 37.50974 ], [ -122.0488, 37.50972 ] ], [ [ -122.04864, 37.50964 ], [ -122.04875, 37.50972 ], [ -122.04872, 37.50964 ], [ -122.04864, 37.50964 ] ], [ [ -122.04848, 37.50955 ], [ -122.04859, 37.50964 ], [ -122.04856, 37.50955 ], [ -122.04848, 37.50955 ] ], [ [ -122.04843, 37.50953 ], [ -122.04843, 37.50955 ], [ -122.04848, 37.50955 ], [ -122.04843, 37.50953 ] ], [ [ -122.04837, 37.5095 ], [ -122.04837, 37.50953 ], [ -122.04843, 37.50953 ], [ -122.04837, 37.5095 ] ], [ [ -122.04786, 37.50923 ], [ -122.04832, 37.5095 ], [ -122.04792, 37.50923 ], [ -122.04786, 37.50923 ] ], [ [ -122.04781, 37.5092 ], [ -122.04781, 37.50923 ], [ -122.04786, 37.50923 ], [ -122.04781, 37.5092 ] ] ], [ [ [ -122.01199, 37.50778 ], [ -122.01161, 37.5077 ], [ -122.01153, 37.50805 ], [ -122.01186, 37.5085 ], [ -122.01191, 37.5088 ], [ -122.01188, 37.50891 ], [ -122.01183, 37.50885 ], [ -122.01178, 37.50888 ], [ -122.01188, 37.50899 ], [ -122.01175, 37.50902 ], [ -122.01175, 37.50915 ], [ -122.01156, 37.5091 ], [ -122.01118, 37.50964 ], [ -122.01072, 37.50942 ], [ -122.01075, 37.50966 ], [ -122.01091, 37.50955 ], [ -122.01134, 37.50988 ], [ -122.01097, 37.51026 ], [ -122.01099, 37.51098 ], [ -122.01089, 37.51117 ], [ -122.01037, 37.51106 ], [ -122.01091, 37.51085 ], [ -122.01081, 37.50974 ], [ -122.01075, 37.51079 ], [ -122.01043, 37.51066 ], [ -122.01037, 37.51077 ], [ -122.01005, 37.51079 ], [ -122.0097, 37.51063 ], [ -122.00965, 37.51093 ], [ -122.00984, 37.51104 ], [ -122.00962, 37.51098 ], [ -122.00959, 37.51077 ], [ -122.00951, 37.5109 ], [ -122.00949, 37.51074 ], [ -122.00938, 37.51093 ], [ -122.00954, 37.51112 ], [ -122.00922, 37.51106 ], [ -122.0093, 37.51093 ], [ -122.00922, 37.51088 ], [ -122.00913, 37.51104 ], [ -122.009, 37.51104 ], [ -122.00911, 37.51114 ], [ -122.00905, 37.5112 ], [ -122.00887, 37.51112 ], [ -122.00884, 37.51096 ], [ -122.00876, 37.51112 ], [ -122.00897, 37.51139 ], [ -122.00881, 37.51131 ], [ -122.00878, 37.51144 ], [ -122.0087, 37.51136 ], [ -122.0086, 37.51147 ], [ -122.0083, 37.51131 ], [ -122.00827, 37.51141 ], [ -122.00819, 37.51147 ], [ -122.00798, 37.51139 ], [ -122.00768, 37.51163 ], [ -122.00733, 37.51174 ], [ -122.00728, 37.51166 ], [ -122.00703, 37.51171 ], [ -122.00687, 37.51136 ], [ -122.00674, 37.5115 ], [ -122.00676, 37.51131 ], [ -122.00647, 37.51141 ], [ -122.00639, 37.51125 ], [ -122.00601, 37.51114 ], [ -122.00587, 37.5109 ], [ -122.00598, 37.51066 ], [ -122.01035, 37.50778 ], [ -122.01202, 37.50713 ], [ -122.01237, 37.5071 ], [ -122.01256, 37.50721 ], [ -122.01385, 37.50869 ], [ -122.01337, 37.5084 ], [ -122.01285, 37.50856 ], [ -122.01199, 37.50778 ] ], [ [ -122.00935, 37.51096 ], [ -122.00938, 37.51096 ], [ -122.00938, 37.51093 ], [ -122.00935, 37.51096 ] ], [ [ -122.01183, 37.5088 ], [ -122.01186, 37.5088 ], [ -122.01183, 37.50877 ], [ -122.01183, 37.5088 ] ], [ [ -122.00905, 37.51098 ], [ -122.00911, 37.51096 ], [ -122.00905, 37.51093 ], [ -122.00905, 37.51098 ] ], [ [ -122.009, 37.51101 ], [ -122.00905, 37.51101 ], [ -122.00905, 37.51098 ], [ -122.009, 37.51101 ] ], [ [ -122.00816, 37.51141 ], [ -122.00822, 37.51141 ], [ -122.00825, 37.51136 ], [ -122.00816, 37.51141 ] ], [ [ -122.00765, 37.51158 ], [ -122.00768, 37.51158 ], [ -122.00765, 37.51155 ], [ -122.00765, 37.51158 ] ], [ [ -122.00763, 37.5116 ], [ -122.00765, 37.5116 ], [ -122.00765, 37.51158 ], [ -122.00763, 37.5116 ] ], [ [ -122.00736, 37.51166 ], [ -122.00738, 37.51166 ], [ -122.00736, 37.51163 ], [ -122.00736, 37.51166 ] ], [ [ -122.0069, 37.51136 ], [ -122.00725, 37.51141 ], [ -122.00733, 37.51117 ], [ -122.0069, 37.51123 ], [ -122.0069, 37.51136 ] ], [ [ -122.00593, 37.51088 ], [ -122.00593, 37.5109 ], [ -122.00595, 37.51088 ], [ -122.00593, 37.51088 ] ], [ [ -122.01016, 37.51071 ], [ -122.01019, 37.51071 ], [ -122.01016, 37.51069 ], [ -122.01016, 37.51071 ] ], [ [ -122.00738, 37.5116 ], [ -122.00741, 37.5116 ], [ -122.00738, 37.51158 ], [ -122.00738, 37.5116 ] ], [ [ -122.01094, 37.50864 ], [ -122.01097, 37.50864 ], [ -122.01094, 37.50861 ], [ -122.01094, 37.50864 ] ], [ [ -122.00771, 37.51017 ], [ -122.00773, 37.51017 ], [ -122.00771, 37.51015 ], [ -122.00771, 37.51017 ] ], [ [ -122.01024, 37.51055 ], [ -122.01027, 37.51055 ], [ -122.01024, 37.51053 ], [ -122.01024, 37.51055 ] ], [ [ -122.00695, 37.5112 ], [ -122.00698, 37.5112 ], [ -122.00695, 37.51117 ], [ -122.00695, 37.5112 ] ], [ [ -122.00655, 37.51101 ], [ -122.00657, 37.51101 ], [ -122.00655, 37.51098 ], [ -122.00655, 37.51101 ] ], [ [ -122.0066, 37.51131 ], [ -122.00663, 37.51131 ], [ -122.0066, 37.51128 ], [ -122.0066, 37.51131 ] ], [ [ -122.01156, 37.50869 ], [ -122.01159, 37.50869 ], [ -122.01156, 37.50867 ], [ -122.01156, 37.50869 ] ], [ [ -122.00843, 37.51123 ], [ -122.00846, 37.51123 ], [ -122.00843, 37.5112 ], [ -122.00843, 37.51123 ] ], [ [ -122.00908, 37.5109 ], [ -122.00913, 37.5109 ], [ -122.00908, 37.51088 ], [ -122.00908, 37.5109 ] ], [ [ -122.01175, 37.50883 ], [ -122.01175, 37.5088 ], [ -122.01172, 37.50883 ], [ -122.01175, 37.50883 ] ], [ [ -122.01169, 37.5088 ], [ -122.01172, 37.5088 ], [ -122.01169, 37.50877 ], [ -122.01169, 37.5088 ] ], [ [ -122.0066, 37.51125 ], [ -122.00663, 37.51125 ], [ -122.0066, 37.5112 ], [ -122.0066, 37.51125 ] ], [ [ -122.0111, 37.50899 ], [ -122.01108, 37.50899 ], [ -122.0111, 37.50902 ], [ -122.0111, 37.50899 ] ], [ [ -122.01108, 37.50904 ], [ -122.01108, 37.50902 ], [ -122.01105, 37.50904 ], [ -122.01108, 37.50904 ] ], [ [ -122.01102, 37.50907 ], [ -122.01105, 37.50907 ], [ -122.01105, 37.50904 ], [ -122.01102, 37.50907 ] ], [ [ -122.00765, 37.51012 ], [ -122.00768, 37.51012 ], [ -122.00763, 37.51007 ], [ -122.00765, 37.51012 ] ], [ [ -122.00655, 37.51104 ], [ -122.00644, 37.51104 ], [ -122.00655, 37.51109 ], [ -122.00655, 37.51104 ] ], [ [ -122.00862, 37.51136 ], [ -122.00849, 37.51133 ], [ -122.00862, 37.51139 ], [ -122.00862, 37.51136 ] ], [ [ -122.01094, 37.50888 ], [ -122.01075, 37.50867 ], [ -122.01094, 37.50918 ], [ -122.01094, 37.50888 ] ], [ [ -122.00657, 37.51112 ], [ -122.00687, 37.5112 ], [ -122.0069, 37.51109 ], [ -122.00663, 37.51096 ], [ -122.00657, 37.51112 ] ] ], [ [ [ -122.05115, 37.51047 ], [ -122.05045, 37.51039 ], [ -122.04579, 37.50802 ], [ -122.04565, 37.50778 ], [ -122.04584, 37.50775 ], [ -122.04713, 37.50832 ], [ -122.05037, 37.51015 ], [ -122.05128, 37.51023 ], [ -122.05128, 37.51036 ], [ -122.05115, 37.51047 ] ] ], [ [ [ -122.05436, 37.51034 ], [ -122.05422, 37.51031 ], [ -122.05409, 37.51044 ], [ -122.05317, 37.51044 ], [ -122.05147, 37.51039 ], [ -122.05145, 37.51028 ], [ -122.05403, 37.51015 ], [ -122.05444, 37.50996 ], [ -122.05436, 37.51034 ] ] ], [ [ [ -122.02913, 37.51082 ], [ -122.02894, 37.51058 ], [ -122.02989, 37.50937 ], [ -122.02997, 37.50931 ], [ -122.02991, 37.50939 ], [ -122.02994, 37.50947 ], [ -122.03021, 37.50926 ], [ -122.03436, 37.51139 ], [ -122.03425, 37.51171 ], [ -122.03398, 37.5119 ], [ -122.0339, 37.51214 ], [ -122.03344, 37.51268 ], [ -122.0332, 37.51273 ], [ -122.03317, 37.5129 ], [ -122.02913, 37.51082 ] ], [ [ -122.03385, 37.51214 ], [ -122.03387, 37.51214 ], [ -122.03385, 37.51212 ], [ -122.03385, 37.51214 ] ], [ [ -122.03207, 37.51026 ], [ -122.03207, 37.51023 ], [ -122.03204, 37.51026 ], [ -122.03207, 37.51026 ] ], [ [ -122.03228, 37.51036 ], [ -122.03228, 37.51034 ], [ -122.03223, 37.51036 ], [ -122.03228, 37.51036 ] ], [ [ -122.03156, 37.51001 ], [ -122.03158, 37.51001 ], [ -122.03156, 37.50999 ], [ -122.03156, 37.51001 ] ], [ [ -122.02986, 37.5095 ], [ -122.02989, 37.5095 ], [ -122.02986, 37.50947 ], [ -122.02986, 37.5095 ] ], [ [ -122.03177, 37.51012 ], [ -122.0318, 37.51012 ], [ -122.03177, 37.51009 ], [ -122.03177, 37.51012 ] ], [ [ -122.03193, 37.5102 ], [ -122.03196, 37.5102 ], [ -122.03193, 37.51017 ], [ -122.03193, 37.5102 ] ], [ [ -122.03183, 37.51015 ], [ -122.03185, 37.51015 ], [ -122.03183, 37.51012 ], [ -122.03183, 37.51015 ] ], [ [ -122.02902, 37.51053 ], [ -122.02905, 37.51053 ], [ -122.02902, 37.5105 ], [ -122.02902, 37.51053 ] ], [ [ -122.03129, 37.50988 ], [ -122.03131, 37.50988 ], [ -122.03129, 37.50985 ], [ -122.03129, 37.50988 ] ], [ [ -122.02945, 37.51001 ], [ -122.02943, 37.51001 ], [ -122.02945, 37.51004 ], [ -122.02945, 37.51001 ] ], [ [ -122.02943, 37.51007 ], [ -122.02943, 37.51004 ], [ -122.0294, 37.51007 ], [ -122.02943, 37.51007 ] ] ], [ [ [ -122.05274, 37.5115 ], [ -122.05228, 37.51123 ], [ -122.05217, 37.5115 ], [ -122.05198, 37.51158 ], [ -122.05196, 37.51136 ], [ -122.05215, 37.51131 ], [ -122.05174, 37.51117 ], [ -122.05158, 37.5115 ], [ -122.05155, 37.51098 ], [ -122.05169, 37.5112 ], [ -122.05177, 37.51082 ], [ -122.05244, 37.51069 ], [ -122.0529, 37.51071 ], [ -122.05301, 37.51096 ], [ -122.05309, 37.51069 ], [ -122.0525, 37.51061 ], [ -122.05263, 37.51055 ], [ -122.05401, 37.5105 ], [ -122.05428, 37.51053 ], [ -122.0536, 37.51114 ], [ -122.05285, 37.51198 ], [ -122.05247, 37.51295 ], [ -122.05225, 37.51252 ], [ -122.05225, 37.51214 ], [ -122.05274, 37.51187 ], [ -122.05301, 37.51101 ], [ -122.05274, 37.5115 ] ] ], [ [ [ -122.01234, 37.5153 ], [ -122.01452, 37.51031 ], [ -122.01498, 37.50972 ], [ -122.01452, 37.51047 ], [ -122.01248, 37.51511 ], [ -122.01237, 37.51548 ], [ -122.01253, 37.51562 ], [ -122.01234, 37.51554 ], [ -122.01234, 37.5153 ] ] ], [ [ [ -122.05508, 37.51026 ], [ -122.05589, 37.514 ], [ -122.05578, 37.51435 ], [ -122.05565, 37.51441 ], [ -122.05549, 37.51411 ], [ -122.05551, 37.51357 ], [ -122.05479, 37.51039 ], [ -122.05487, 37.51023 ], [ -122.05508, 37.51026 ] ] ], [ [ [ -122.06037, 37.515 ], [ -122.05592, 37.51438 ], [ -122.05608, 37.51427 ], [ -122.06053, 37.51478 ], [ -122.06066, 37.51492 ], [ -122.06037, 37.515 ] ] ], [ [ [ -122.03185, 37.51602 ], [ -122.03134, 37.51583 ], [ -122.03129, 37.5157 ], [ -122.03201, 37.51484 ], [ -122.03242, 37.51497 ], [ -122.0325, 37.51521 ], [ -122.03185, 37.51602 ] ] ], [ [ [ -122.03498, 37.51627 ], [ -122.03463, 37.5167 ], [ -122.0336, 37.51621 ], [ -122.03266, 37.51551 ], [ -122.03282, 37.51543 ], [ -122.03282, 37.51527 ], [ -122.03317, 37.5153 ], [ -122.03498, 37.51627 ] ], [ [ -122.03468, 37.5164 ], [ -122.03463, 37.51629 ], [ -122.03439, 37.51629 ], [ -122.03444, 37.51645 ], [ -122.03468, 37.5164 ] ] ], [ [ [ -122.05489, 37.5168 ], [ -122.05471, 37.51694 ], [ -122.05473, 37.5171 ], [ -122.05438, 37.51721 ], [ -122.05495, 37.51605 ], [ -122.0553, 37.51443 ], [ -122.05538, 37.51459 ], [ -122.05554, 37.51449 ], [ -122.05508, 37.51662 ], [ -122.05503, 37.51629 ], [ -122.05533, 37.51497 ], [ -122.05503, 37.51613 ], [ -122.05454, 37.51707 ], [ -122.05476, 37.5168 ], [ -122.05481, 37.51678 ], [ -122.05489, 37.5168 ] ], [ [ -122.05533, 37.51492 ], [ -122.05533, 37.51486 ], [ -122.0553, 37.51492 ], [ -122.05533, 37.51492 ] ], [ [ -122.05538, 37.5147 ], [ -122.05533, 37.51473 ], [ -122.05538, 37.51476 ], [ -122.05538, 37.5147 ] ], [ [ -122.05538, 37.51465 ], [ -122.05538, 37.51462 ], [ -122.05535, 37.51465 ], [ -122.05538, 37.51465 ] ] ], [ [ [ -122.05743, 37.51486 ], [ -122.0564, 37.51734 ], [ -122.05619, 37.51718 ], [ -122.05592, 37.51718 ], [ -122.05527, 37.51672 ], [ -122.05573, 37.51454 ], [ -122.05589, 37.51457 ], [ -122.05597, 37.51511 ], [ -122.05624, 37.51492 ], [ -122.05646, 37.51505 ], [ -122.057, 37.51494 ], [ -122.05689, 37.515 ], [ -122.05694, 37.51543 ], [ -122.05732, 37.51476 ], [ -122.05743, 37.51486 ] ], [ [ -122.05549, 37.51645 ], [ -122.05551, 37.51645 ], [ -122.05549, 37.51643 ], [ -122.05549, 37.51645 ] ], [ [ -122.05565, 37.51586 ], [ -122.0557, 37.51586 ], [ -122.05565, 37.51581 ], [ -122.05565, 37.51586 ] ], [ [ -122.05694, 37.51548 ], [ -122.05697, 37.51548 ], [ -122.05694, 37.51546 ], [ -122.05694, 37.51548 ] ], [ [ -122.05605, 37.51535 ], [ -122.05619, 37.51548 ], [ -122.05613, 37.51535 ], [ -122.05605, 37.51535 ] ] ], [ [ [ -122.05511, 37.51484 ], [ -122.05484, 37.51608 ], [ -122.05419, 37.51721 ], [ -122.05384, 37.51732 ], [ -122.05355, 37.51667 ], [ -122.0533, 37.51648 ], [ -122.0539, 37.51627 ], [ -122.05398, 37.51616 ], [ -122.05347, 37.51635 ], [ -122.05325, 37.51627 ], [ -122.05306, 37.51645 ], [ -122.05298, 37.51643 ], [ -122.05287, 37.51624 ], [ -122.05295, 37.51602 ], [ -122.05277, 37.516 ], [ -122.05239, 37.5153 ], [ -122.05252, 37.51508 ], [ -122.05269, 37.51516 ], [ -122.05263, 37.51492 ], [ -122.05392, 37.51465 ], [ -122.05511, 37.51484 ] ], [ [ -122.05309, 37.51629 ], [ -122.05304, 37.51621 ], [ -122.05301, 37.51629 ], [ -122.05309, 37.51629 ] ], [ [ -122.05301, 37.5164 ], [ -122.05301, 37.51643 ], [ -122.05304, 37.5164 ], [ -122.05301, 37.5164 ] ], [ [ -122.05298, 37.51632 ], [ -122.05298, 37.51635 ], [ -122.05309, 37.51632 ], [ -122.05298, 37.51632 ] ], [ [ -122.05298, 37.51567 ], [ -122.05269, 37.51519 ], [ -122.05287, 37.51562 ], [ -122.05298, 37.51567 ] ], [ [ -122.05328, 37.51624 ], [ -122.05298, 37.5157 ], [ -122.0532, 37.51624 ], [ -122.05328, 37.51624 ] ] ], [ [ [ -122.04624, 37.51532 ], [ -122.03816, 37.51804 ], [ -122.03697, 37.51848 ], [ -122.03708, 37.51834 ], [ -122.04624, 37.51532 ] ] ], [ [ [ -122.05452, 37.52295 ], [ -122.05444, 37.52306 ], [ -122.0546, 37.52308 ], [ -122.05465, 37.5233 ], [ -122.0533, 37.52376 ], [ -122.05328, 37.5236 ], [ -122.05309, 37.52362 ], [ -122.05295, 37.52376 ], [ -122.05322, 37.52373 ], [ -122.0515, 37.52435 ], [ -122.05128, 37.52408 ], [ -122.05177, 37.52378 ], [ -122.05233, 37.5237 ], [ -122.05279, 37.52343 ], [ -122.05438, 37.52289 ], [ -122.05452, 37.52295 ] ], [ [ -122.05336, 37.52357 ], [ -122.05328, 37.52357 ], [ -122.05328, 37.5236 ], [ -122.05336, 37.52357 ] ], [ [ -122.05274, 37.52387 ], [ -122.05277, 37.52387 ], [ -122.05274, 37.52384 ], [ -122.05274, 37.52387 ] ], [ [ -122.05285, 37.52381 ], [ -122.0529, 37.52381 ], [ -122.05287, 37.52376 ], [ -122.05285, 37.52381 ] ] ], [ [ [ -122.04743, 37.53044 ], [ -122.04959, 37.5288 ], [ -122.05279, 37.52772 ], [ -122.04961, 37.52885 ], [ -122.04754, 37.53049 ], [ -122.04743, 37.53044 ] ] ], [ [ [ -122.05635, 37.52869 ], [ -122.05581, 37.52904 ], [ -122.05573, 37.52925 ], [ -122.05627, 37.53009 ], [ -122.05616, 37.53041 ], [ -122.05587, 37.53047 ], [ -122.05578, 37.53084 ], [ -122.05616, 37.53109 ], [ -122.05729, 37.53111 ], [ -122.05686, 37.53133 ], [ -122.05681, 37.53152 ], [ -122.05659, 37.53155 ], [ -122.05651, 37.53136 ], [ -122.05638, 37.53138 ], [ -122.05659, 37.53179 ], [ -122.05624, 37.53163 ], [ -122.05557, 37.53093 ], [ -122.05535, 37.5312 ], [ -122.05538, 37.53136 ], [ -122.05527, 37.53136 ], [ -122.05543, 37.53082 ], [ -122.05522, 37.53084 ], [ -122.05516, 37.53071 ], [ -122.05533, 37.53071 ], [ -122.05533, 37.53058 ], [ -122.05479, 37.53068 ], [ -122.05463, 37.53093 ], [ -122.05438, 37.53084 ], [ -122.05422, 37.53095 ], [ -122.05403, 37.53084 ], [ -122.05387, 37.53095 ], [ -122.05371, 37.53068 ], [ -122.05444, 37.53047 ], [ -122.05449, 37.53017 ], [ -122.05341, 37.53014 ], [ -122.05336, 37.53025 ], [ -122.0532, 37.53009 ], [ -122.05317, 37.52993 ], [ -122.05357, 37.52998 ], [ -122.05374, 37.52985 ], [ -122.05406, 37.52993 ], [ -122.05414, 37.52982 ], [ -122.05403, 37.52966 ], [ -122.05411, 37.52944 ], [ -122.05441, 37.52928 ], [ -122.05476, 37.52931 ], [ -122.05498, 37.52907 ], [ -122.05438, 37.52893 ], [ -122.05379, 37.52907 ], [ -122.05349, 37.5289 ], [ -122.05355, 37.5288 ], [ -122.05479, 37.52861 ], [ -122.05506, 37.52882 ], [ -122.0553, 37.52882 ], [ -122.05541, 37.52864 ], [ -122.05578, 37.52858 ], [ -122.05584, 37.52831 ], [ -122.05665, 37.52823 ], [ -122.05635, 37.52869 ] ], [ [ -122.05374, 37.52896 ], [ -122.05374, 37.52899 ], [ -122.05376, 37.52896 ], [ -122.05374, 37.52896 ] ], [ [ -122.057, 37.53125 ], [ -122.05702, 37.53125 ], [ -122.057, 37.53122 ], [ -122.057, 37.53125 ] ], [ [ -122.05678, 37.53136 ], [ -122.05681, 37.53136 ], [ -122.05678, 37.53133 ], [ -122.05678, 37.53136 ] ], [ [ -122.05409, 37.52966 ], [ -122.05411, 37.52966 ], [ -122.05409, 37.52963 ], [ -122.05409, 37.52966 ] ], [ [ -122.0532, 37.52998 ], [ -122.05322, 37.52998 ], [ -122.0532, 37.52996 ], [ -122.0532, 37.52998 ] ], [ [ -122.0567, 37.53144 ], [ -122.05675, 37.53144 ], [ -122.0567, 37.53141 ], [ -122.0567, 37.53144 ] ], [ [ -122.05387, 37.52896 ], [ -122.05398, 37.52896 ], [ -122.05387, 37.52893 ], [ -122.05387, 37.52896 ] ], [ [ -122.05665, 37.53136 ], [ -122.05657, 37.53136 ], [ -122.05665, 37.53138 ], [ -122.05665, 37.53136 ] ], [ [ -122.05492, 37.52993 ], [ -122.05487, 37.52979 ], [ -122.05487, 37.52993 ], [ -122.05492, 37.52993 ] ], [ [ -122.05436, 37.52974 ], [ -122.05476, 37.52961 ], [ -122.05471, 37.52939 ], [ -122.05419, 37.52958 ], [ -122.05436, 37.52974 ] ], [ [ -122.05417, 37.52955 ], [ -122.05417, 37.52958 ], [ -122.05419, 37.52958 ], [ -122.05417, 37.52955 ] ], [ [ -122.05551, 37.52969 ], [ -122.05543, 37.52942 ], [ -122.05527, 37.52944 ], [ -122.05516, 37.52982 ], [ -122.05495, 37.52979 ], [ -122.05508, 37.52987 ], [ -122.05498, 37.52996 ], [ -122.05514, 37.53023 ], [ -122.05551, 37.53036 ], [ -122.05589, 37.52987 ], [ -122.05551, 37.52969 ] ] ], [ [ [ -121.93136, 37.45636 ], [ -121.9313, 37.45652 ], [ -121.93141, 37.45657 ], [ -121.93179, 37.45649 ], [ -121.93157, 37.45633 ], [ -121.93168, 37.4563 ], [ -121.93201, 37.45649 ], [ -121.93209, 37.45681 ], [ -121.93184, 37.45676 ], [ -121.93184, 37.45684 ], [ -121.93192, 37.45698 ], [ -121.93203, 37.4569 ], [ -121.93203, 37.45711 ], [ -121.93113, 37.45739 ], [ -121.93114, 37.45781 ], [ -121.93082, 37.45768 ], [ -121.93039, 37.45725 ], [ -121.93017, 37.4569 ], [ -121.9305, 37.45676 ], [ -121.93063, 37.4569 ], [ -121.93079, 37.45684 ], [ -121.93087, 37.45665 ], [ -121.93077, 37.45663 ], [ -121.93112, 37.45641 ], [ -121.93136, 37.45636 ] ], [ [ -121.93093, 37.4576 ], [ -121.9309, 37.45768 ], [ -121.93098, 37.4576 ], [ -121.93093, 37.4576 ] ], [ [ -121.93106, 37.45749 ], [ -121.93098, 37.45752 ], [ -121.93104, 37.45754 ], [ -121.93106, 37.45749 ] ], [ [ -121.93058, 37.45738 ], [ -121.93058, 37.45741 ], [ -121.9306, 37.45738 ], [ -121.93058, 37.45738 ] ], [ [ -121.93079, 37.45725 ], [ -121.9306, 37.45733 ], [ -121.93087, 37.45735 ], [ -121.93079, 37.45725 ] ], [ [ -121.93087, 37.45719 ], [ -121.93079, 37.45722 ], [ -121.93079, 37.45725 ], [ -121.93087, 37.45719 ] ], [ [ -121.93152, 37.45687 ], [ -121.93152, 37.4569 ], [ -121.93155, 37.45687 ], [ -121.93152, 37.45687 ] ], [ [ -121.93155, 37.45671 ], [ -121.93155, 37.45673 ], [ -121.93157, 37.45671 ], [ -121.93155, 37.45671 ] ], [ [ -121.93139, 37.45668 ], [ -121.93139, 37.45673 ], [ -121.93141, 37.45668 ], [ -121.93139, 37.45668 ] ], [ [ -121.93152, 37.45673 ], [ -121.93152, 37.45663 ], [ -121.93144, 37.45671 ], [ -121.93152, 37.45673 ] ], [ [ -121.93112, 37.45727 ], [ -121.93109, 37.45719 ], [ -121.9309, 37.45722 ], [ -121.93112, 37.45727 ] ], [ [ -121.9306, 37.45703 ], [ -121.93068, 37.45706 ], [ -121.9309, 37.45684 ], [ -121.9306, 37.45703 ] ], [ [ -121.93063, 37.45698 ], [ -121.93066, 37.45698 ], [ -121.93063, 37.45695 ], [ -121.93063, 37.45698 ] ], [ [ -121.93042, 37.45722 ], [ -121.9306, 37.45706 ], [ -121.93039, 37.45706 ], [ -121.93042, 37.45722 ] ], [ [ -121.93052, 37.45698 ], [ -121.93052, 37.457 ], [ -121.93058, 37.45698 ], [ -121.93052, 37.45698 ] ] ], [ [ [ -121.92888, 37.46145 ], [ -121.92856, 37.46132 ], [ -121.92697, 37.45937 ], [ -121.92648, 37.45851 ], [ -121.92651, 37.45778 ], [ -121.92705, 37.45619 ], [ -121.92759, 37.45609 ], [ -121.92753, 37.45574 ], [ -121.92787, 37.45549 ], [ -121.92756, 37.45693 ], [ -121.92844, 37.45739 ], [ -121.92897, 37.45708 ], [ -121.92939, 37.45714 ], [ -121.93004, 37.45698 ], [ -121.93055, 37.45765 ], [ -121.93119, 37.458 ], [ -121.93147, 37.46091 ], [ -121.93295, 37.46059 ], [ -121.93427, 37.46064 ], [ -121.93478, 37.46091 ], [ -121.935, 37.46121 ], [ -121.93497, 37.46204 ], [ -121.9344, 37.46234 ], [ -121.93066, 37.46363 ], [ -121.93033, 37.46355 ], [ -121.92934, 37.46226 ], [ -121.92926, 37.46188 ], [ -121.92802, 37.46234 ], [ -121.9274, 37.4622 ], [ -121.92702, 37.46226 ], [ -121.92667, 37.46256 ], [ -121.92675, 37.46291 ], [ -121.92802, 37.46431 ], [ -121.9285, 37.46423 ], [ -121.92829, 37.46447 ], [ -121.92745, 37.46466 ], [ -121.92713, 37.46401 ], [ -121.92694, 37.46401 ], [ -121.92683, 37.46382 ], [ -121.92551, 37.46121 ], [ -121.92559, 37.4611 ], [ -121.92546, 37.46107 ], [ -121.92546, 37.46083 ], [ -121.92559, 37.4607 ], [ -121.92632, 37.46177 ], [ -121.92664, 37.46169 ], [ -121.92688, 37.46199 ], [ -121.92737, 37.46194 ], [ -121.92796, 37.4621 ], [ -121.92866, 37.46185 ], [ -121.92893, 37.46161 ], [ -121.92888, 37.46145 ] ], [ [ -121.92697, 37.46388 ], [ -121.92697, 37.46385 ], [ -121.92694, 37.46388 ], [ -121.92697, 37.46388 ] ], [ [ -121.9316, 37.46234 ], [ -121.9316, 37.46231 ], [ -121.93157, 37.46234 ], [ -121.9316, 37.46234 ] ], [ [ -121.92621, 37.46169 ], [ -121.92621, 37.4618 ], [ -121.92624, 37.46169 ], [ -121.92621, 37.46169 ] ], [ [ -121.92918, 37.46177 ], [ -121.92918, 37.46175 ], [ -121.92915, 37.46177 ], [ -121.92918, 37.46177 ] ], [ [ -121.92591, 37.46142 ], [ -121.92581, 37.46137 ], [ -121.92573, 37.46145 ], [ -121.92583, 37.46148 ], [ -121.92591, 37.46142 ] ], [ [ -121.92567, 37.46086 ], [ -121.92548, 37.46088 ], [ -121.92565, 37.46094 ], [ -121.92554, 37.46105 ], [ -121.92581, 37.46126 ], [ -121.92567, 37.46086 ] ], [ [ -121.92551, 37.46099 ], [ -121.92551, 37.46097 ], [ -121.92548, 37.46099 ], [ -121.92551, 37.46099 ] ] ], [ [ [ -121.91991, 37.46202 ], [ -121.9185, 37.46247 ], [ -121.91832, 37.46237 ], [ -121.91982, 37.46183 ], [ -121.91991, 37.46202 ] ] ], [ [ [ -121.97968, 37.46145 ], [ -121.97979, 37.4615 ], [ -121.97971, 37.46158 ], [ -121.97981, 37.46158 ], [ -121.97984, 37.46167 ], [ -121.97785, 37.46148 ], [ -121.9779, 37.46107 ], [ -121.97822, 37.46121 ], [ -121.97822, 37.46115 ], [ -121.97841, 37.46107 ], [ -121.97822, 37.46126 ], [ -121.97847, 37.46132 ], [ -121.97849, 37.46145 ], [ -121.97857, 37.46123 ], [ -121.97868, 37.46129 ], [ -121.9786, 37.4614 ], [ -121.97876, 37.46137 ], [ -121.97879, 37.46148 ], [ -121.97882, 37.46137 ], [ -121.97922, 37.46142 ], [ -121.97927, 37.46156 ], [ -121.97968, 37.46145 ] ], [ [ -121.97981, 37.46164 ], [ -121.97981, 37.46161 ], [ -121.97979, 37.46164 ], [ -121.97981, 37.46164 ] ], [ [ -121.97793, 37.46134 ], [ -121.97804, 37.46134 ], [ -121.97806, 37.46126 ], [ -121.97798, 37.46123 ], [ -121.97793, 37.46134 ] ], [ [ -121.97795, 37.46121 ], [ -121.97795, 37.46123 ], [ -121.97798, 37.46123 ], [ -121.97795, 37.46121 ] ], [ [ -121.97844, 37.46148 ], [ -121.97841, 37.46142 ], [ -121.97839, 37.46148 ], [ -121.97844, 37.46148 ] ], [ [ -121.9782, 37.46145 ], [ -121.9782, 37.46148 ], [ -121.97822, 37.46145 ], [ -121.9782, 37.46145 ] ], [ [ -121.97849, 37.46148 ], [ -121.97849, 37.4615 ], [ -121.97852, 37.46148 ], [ -121.97849, 37.46148 ] ], [ [ -121.97954, 37.46158 ], [ -121.97954, 37.46161 ], [ -121.97957, 37.46158 ], [ -121.97954, 37.46158 ] ], [ [ -121.97903, 37.4615 ], [ -121.97903, 37.46153 ], [ -121.97906, 37.4615 ], [ -121.97903, 37.4615 ] ], [ [ -121.97822, 37.46129 ], [ -121.97822, 37.46132 ], [ -121.97825, 37.46129 ], [ -121.97822, 37.46129 ] ], [ [ -121.97944, 37.46158 ], [ -121.97944, 37.46161 ], [ -121.97949, 37.46158 ], [ -121.97944, 37.46158 ] ], [ [ -121.97817, 37.46123 ], [ -121.97814, 37.46129 ], [ -121.9782, 37.46123 ], [ -121.97817, 37.46123 ] ], [ [ -121.97828, 37.46142 ], [ -121.97828, 37.46145 ], [ -121.97836, 37.4614 ], [ -121.97828, 37.46142 ] ] ], [ [ [ -121.98033, 37.46158 ], [ -121.98035, 37.46175 ], [ -121.97981, 37.46158 ], [ -121.98003, 37.46129 ], [ -121.98014, 37.46137 ], [ -121.98019, 37.46129 ], [ -121.98043, 37.46132 ], [ -121.98046, 37.4614 ], [ -121.98008, 37.46153 ], [ -121.98019, 37.46164 ], [ -121.98033, 37.46158 ] ], [ [ -121.98006, 37.46148 ], [ -121.98006, 37.46153 ], [ -121.98008, 37.46153 ], [ -121.98006, 37.46148 ] ], [ [ -121.98016, 37.46167 ], [ -121.98019, 37.46167 ], [ -121.98019, 37.46164 ], [ -121.98016, 37.46167 ] ], [ [ -121.98019, 37.46134 ], [ -121.98022, 37.46137 ], [ -121.98022, 37.46134 ], [ -121.98019, 37.46134 ] ], [ [ -121.98019, 37.46142 ], [ -121.98011, 37.4614 ], [ -121.98011, 37.46142 ], [ -121.98019, 37.46142 ] ], [ [ -121.97995, 37.46153 ], [ -121.97992, 37.4615 ], [ -121.97992, 37.46153 ], [ -121.97995, 37.46153 ] ], [ [ -121.98006, 37.46161 ], [ -121.98003, 37.46158 ], [ -121.98003, 37.46161 ], [ -121.98006, 37.46161 ] ] ], [ [ [ -121.9821, 37.46212 ], [ -121.98159, 37.46199 ], [ -121.98167, 37.46185 ], [ -121.98162, 37.46175 ], [ -121.9814, 37.46183 ], [ -121.98138, 37.46169 ], [ -121.98146, 37.46172 ], [ -121.98151, 37.46164 ], [ -121.98143, 37.46167 ], [ -121.9814, 37.4615 ], [ -121.98154, 37.46142 ], [ -121.98157, 37.46153 ], [ -121.98167, 37.4615 ], [ -121.98189, 37.4618 ], [ -121.98202, 37.46172 ], [ -121.98227, 37.46177 ], [ -121.98221, 37.46191 ], [ -121.98245, 37.46218 ], [ -121.98275, 37.4621 ], [ -121.98275, 37.46223 ], [ -121.98299, 37.46215 ], [ -121.98299, 37.46226 ], [ -121.98318, 37.46223 ], [ -121.98337, 37.46245 ], [ -121.98318, 37.46239 ], [ -121.98316, 37.46247 ], [ -121.98289, 37.46247 ], [ -121.98291, 37.46226 ], [ -121.98267, 37.46237 ], [ -121.98221, 37.46207 ], [ -121.9821, 37.46212 ] ], [ [ -121.98272, 37.46226 ], [ -121.98275, 37.46226 ], [ -121.98275, 37.46223 ], [ -121.98272, 37.46226 ] ], [ [ -121.98305, 37.46247 ], [ -121.98302, 37.46245 ], [ -121.98302, 37.46247 ], [ -121.98305, 37.46247 ] ], [ [ -121.98297, 37.46245 ], [ -121.98299, 37.46242 ], [ -121.98297, 37.46242 ], [ -121.98297, 37.46245 ] ], [ [ -121.98297, 37.46239 ], [ -121.98302, 37.46237 ], [ -121.98297, 37.46234 ], [ -121.98297, 37.46239 ] ], [ [ -121.9814, 37.46177 ], [ -121.98148, 37.46175 ], [ -121.9814, 37.46175 ], [ -121.9814, 37.46177 ] ], [ [ -121.98219, 37.46199 ], [ -121.98194, 37.46188 ], [ -121.982, 37.46204 ], [ -121.98219, 37.46199 ] ], [ [ -121.98221, 37.46196 ], [ -121.98227, 37.46202 ], [ -121.98224, 37.46196 ], [ -121.98221, 37.46196 ] ], [ [ -121.98216, 37.46204 ], [ -121.98213, 37.46202 ], [ -121.98213, 37.46204 ], [ -121.98216, 37.46204 ] ], [ [ -121.98202, 37.46185 ], [ -121.982, 37.46183 ], [ -121.982, 37.46185 ], [ -121.98202, 37.46185 ] ], [ [ -121.98219, 37.46188 ], [ -121.98216, 37.46185 ], [ -121.98216, 37.46188 ], [ -121.98219, 37.46188 ] ], [ [ -121.98194, 37.46202 ], [ -121.98192, 37.46199 ], [ -121.98192, 37.46202 ], [ -121.98194, 37.46202 ] ], [ [ -121.9827, 37.4622 ], [ -121.98267, 37.46215 ], [ -121.98267, 37.4622 ], [ -121.9827, 37.4622 ] ], [ [ -121.98148, 37.46156 ], [ -121.98146, 37.4615 ], [ -121.98143, 37.46156 ], [ -121.98148, 37.46156 ] ], [ [ -121.98313, 37.46245 ], [ -121.98307, 37.46239 ], [ -121.98307, 37.46245 ], [ -121.98313, 37.46245 ] ], [ [ -121.98213, 37.46185 ], [ -121.98205, 37.46177 ], [ -121.98205, 37.46185 ], [ -121.98213, 37.46185 ] ] ], [ [ [ -121.9506, 37.46409 ], [ -121.95068, 37.46374 ], [ -121.95041, 37.46369 ], [ -121.95049, 37.46355 ], [ -121.95038, 37.46342 ], [ -121.95047, 37.46328 ], [ -121.95049, 37.46344 ], [ -121.95063, 37.46331 ], [ -121.95076, 37.46339 ], [ -121.95063, 37.46296 ], [ -121.95074, 37.46315 ], [ -121.9509, 37.46301 ], [ -121.95087, 37.46315 ], [ -121.951, 37.46323 ], [ -121.95092, 37.46299 ], [ -121.95084, 37.46291 ], [ -121.951, 37.46274 ], [ -121.951, 37.46293 ], [ -121.95114, 37.46296 ], [ -121.95114, 37.46374 ], [ -121.95106, 37.46355 ], [ -121.95095, 37.46358 ], [ -121.95082, 37.46404 ], [ -121.9506, 37.46409 ] ], [ [ -121.95079, 37.46342 ], [ -121.95079, 37.46339 ], [ -121.95076, 37.46339 ], [ -121.95079, 37.46342 ] ], [ [ -121.9509, 37.4635 ], [ -121.95092, 37.46358 ], [ -121.95095, 37.46358 ], [ -121.9509, 37.4635 ] ], [ [ -121.95109, 37.46344 ], [ -121.95109, 37.46339 ], [ -121.95103, 37.46344 ], [ -121.95109, 37.46344 ] ], [ [ -121.95092, 37.46326 ], [ -121.95092, 37.46323 ], [ -121.9509, 37.46326 ], [ -121.95092, 37.46326 ] ], [ [ -121.95092, 37.46293 ], [ -121.95095, 37.46293 ], [ -121.95092, 37.46291 ], [ -121.95092, 37.46293 ] ], [ [ -121.95103, 37.46312 ], [ -121.95106, 37.46312 ], [ -121.95103, 37.46309 ], [ -121.95103, 37.46312 ] ] ], [ [ [ -121.92939, 37.46627 ], [ -121.92901, 37.46706 ], [ -121.92883, 37.46676 ], [ -121.92896, 37.46641 ], [ -121.9285, 37.46617 ], [ -121.92799, 37.46493 ], [ -121.92826, 37.46506 ], [ -121.92939, 37.46627 ] ] ], [ [ [ -121.93187, 37.46622 ], [ -121.93201, 37.46662 ], [ -121.93166, 37.46676 ], [ -121.93141, 37.46703 ], [ -121.93104, 37.46711 ], [ -121.93079, 37.46697 ], [ -121.9309, 37.46676 ], [ -121.93168, 37.46625 ], [ -121.93187, 37.46622 ] ] ], [ [ [ -121.98669, 37.46592 ], [ -121.98679, 37.46619 ], [ -121.98722, 37.46633 ], [ -121.98604, 37.46652 ], [ -121.98488, 37.46714 ], [ -121.98469, 37.46695 ], [ -121.98483, 37.46695 ], [ -121.9848, 37.46679 ], [ -121.98485, 37.46687 ], [ -121.98496, 37.46687 ], [ -121.98493, 37.46676 ], [ -121.98507, 37.46681 ], [ -121.98507, 37.46662 ], [ -121.98558, 37.46652 ], [ -121.98572, 37.46627 ], [ -121.98628, 37.46635 ], [ -121.98625, 37.46625 ], [ -121.98642, 37.46611 ], [ -121.98658, 37.46617 ], [ -121.98669, 37.46592 ] ], [ [ -121.98647, 37.46635 ], [ -121.9865, 37.46635 ], [ -121.98647, 37.46633 ], [ -121.98647, 37.46635 ] ], [ [ -121.98499, 37.46706 ], [ -121.98501, 37.46706 ], [ -121.98499, 37.467 ], [ -121.98499, 37.46706 ] ], [ [ -121.98491, 37.46692 ], [ -121.98493, 37.46692 ], [ -121.98491, 37.46689 ], [ -121.98491, 37.46692 ] ], [ [ -121.98553, 37.46668 ], [ -121.98555, 37.46668 ], [ -121.98553, 37.46665 ], [ -121.98553, 37.46668 ] ], [ [ -121.98585, 37.46638 ], [ -121.98588, 37.46638 ], [ -121.98585, 37.46635 ], [ -121.98585, 37.46638 ] ] ], [ [ [ -121.98933, 37.46695 ], [ -121.98952, 37.46697 ], [ -121.98914, 37.46711 ], [ -121.98908, 37.46735 ], [ -121.98766, 37.46649 ], [ -121.9876, 37.46638 ], [ -121.98749, 37.46641 ], [ -121.98741, 37.46611 ], [ -121.9876, 37.4659 ], [ -121.98774, 37.46592 ], [ -121.98782, 37.46606 ], [ -121.98822, 37.466 ], [ -121.98849, 37.46606 ], [ -121.98849, 37.46627 ], [ -121.98881, 37.46625 ], [ -121.98873, 37.46638 ], [ -121.98895, 37.46641 ], [ -121.98898, 37.46668 ], [ -121.98903, 37.4666 ], [ -121.98938, 37.46665 ], [ -121.98949, 37.46627 ], [ -121.9896, 37.46646 ], [ -121.98965, 37.4663 ], [ -121.98984, 37.46635 ], [ -121.98989, 37.46665 ], [ -121.9896, 37.46676 ], [ -121.98943, 37.46662 ], [ -121.98933, 37.46695 ] ], [ [ -121.98979, 37.46649 ], [ -121.98976, 37.46638 ], [ -121.98973, 37.46649 ], [ -121.98979, 37.46649 ] ], [ [ -121.98962, 37.46668 ], [ -121.98968, 37.46668 ], [ -121.98962, 37.46662 ], [ -121.98962, 37.46668 ] ], [ [ -121.98952, 37.46662 ], [ -121.98952, 37.46665 ], [ -121.98954, 37.46662 ], [ -121.98952, 37.46662 ] ], [ [ -121.98927, 37.46697 ], [ -121.98917, 37.46697 ], [ -121.98914, 37.46706 ], [ -121.98922, 37.46706 ], [ -121.98927, 37.46697 ] ], [ [ -121.98911, 37.46708 ], [ -121.98914, 37.46708 ], [ -121.98914, 37.46706 ], [ -121.98911, 37.46708 ] ], [ [ -121.98752, 37.46622 ], [ -121.98749, 37.46622 ], [ -121.98752, 37.46625 ], [ -121.98752, 37.46622 ] ], [ [ -121.98838, 37.46611 ], [ -121.98838, 37.46609 ], [ -121.98836, 37.46611 ], [ -121.98838, 37.46611 ] ], [ [ -121.98841, 37.46614 ], [ -121.98841, 37.46611 ], [ -121.98838, 37.46611 ], [ -121.98841, 37.46614 ] ], [ [ -121.98908, 37.46662 ], [ -121.989, 37.46668 ], [ -121.98908, 37.46673 ], [ -121.98908, 37.46662 ] ], [ [ -121.98787, 37.46611 ], [ -121.9879, 37.46611 ], [ -121.98787, 37.46609 ], [ -121.98787, 37.46611 ] ], [ [ -121.9883, 37.46635 ], [ -121.98833, 37.46635 ], [ -121.9883, 37.46633 ], [ -121.9883, 37.46635 ] ], [ [ -121.98801, 37.46611 ], [ -121.98803, 37.46611 ], [ -121.98801, 37.46609 ], [ -121.98801, 37.46611 ] ], [ [ -121.98766, 37.46644 ], [ -121.98768, 37.46644 ], [ -121.98766, 37.46641 ], [ -121.98766, 37.46644 ] ], [ [ -121.98873, 37.46671 ], [ -121.98876, 37.46671 ], [ -121.98873, 37.46668 ], [ -121.98873, 37.46671 ] ], [ [ -121.98884, 37.46679 ], [ -121.98887, 37.46679 ], [ -121.98884, 37.46676 ], [ -121.98884, 37.46679 ] ], [ [ -121.98758, 37.46609 ], [ -121.9876, 37.46609 ], [ -121.98758, 37.46606 ], [ -121.98758, 37.46609 ] ], [ [ -121.98879, 37.46649 ], [ -121.98881, 37.46649 ], [ -121.98879, 37.46646 ], [ -121.98879, 37.46649 ] ], [ [ -121.98857, 37.46668 ], [ -121.9886, 37.46668 ], [ -121.98857, 37.46665 ], [ -121.98857, 37.46668 ] ], [ [ -121.98857, 37.46676 ], [ -121.98863, 37.46676 ], [ -121.98857, 37.46673 ], [ -121.98857, 37.46676 ] ], [ [ -121.98949, 37.46657 ], [ -121.98954, 37.46657 ], [ -121.98949, 37.46654 ], [ -121.98949, 37.46657 ] ], [ [ -121.98911, 37.46684 ], [ -121.98914, 37.46684 ], [ -121.98911, 37.46679 ], [ -121.98911, 37.46684 ] ], [ [ -121.98849, 37.46635 ], [ -121.98846, 37.46635 ], [ -121.98849, 37.46638 ], [ -121.98849, 37.46635 ] ], [ [ -121.98846, 37.46641 ], [ -121.98846, 37.46638 ], [ -121.98844, 37.46641 ], [ -121.98846, 37.46641 ] ], [ [ -121.98822, 37.46609 ], [ -121.98828, 37.46609 ], [ -121.98822, 37.46606 ], [ -121.98822, 37.46609 ] ], [ [ -121.9893, 37.46673 ], [ -121.98935, 37.46673 ], [ -121.98933, 37.46668 ], [ -121.9893, 37.46673 ] ], [ [ -121.98876, 37.46689 ], [ -121.98881, 37.46689 ], [ -121.98876, 37.46684 ], [ -121.98876, 37.46689 ] ], [ [ -121.98933, 37.46679 ], [ -121.98933, 37.46676 ], [ -121.98925, 37.46679 ], [ -121.98933, 37.46679 ] ], [ [ -121.98887, 37.46673 ], [ -121.98892, 37.46673 ], [ -121.9889, 37.46665 ], [ -121.98887, 37.46673 ] ], [ [ -121.98855, 37.46646 ], [ -121.98863, 37.46641 ], [ -121.98857, 37.46635 ], [ -121.98855, 37.46646 ] ], [ [ -121.9886, 37.46679 ], [ -121.98857, 37.46679 ], [ -121.9886, 37.46681 ], [ -121.9886, 37.46679 ] ], [ [ -121.98857, 37.46695 ], [ -121.98857, 37.46681 ], [ -121.98852, 37.46695 ], [ -121.98857, 37.46695 ] ], [ [ -121.98979, 37.46665 ], [ -121.98979, 37.46657 ], [ -121.98973, 37.46665 ], [ -121.98979, 37.46665 ] ], [ [ -121.98768, 37.46617 ], [ -121.98779, 37.46617 ], [ -121.98768, 37.46606 ], [ -121.98768, 37.46617 ] ], [ [ -121.98863, 37.46687 ], [ -121.98863, 37.46697 ], [ -121.98881, 37.46703 ], [ -121.98863, 37.46687 ] ], [ [ -121.9886, 37.46684 ], [ -121.9886, 37.46687 ], [ -121.98863, 37.46687 ], [ -121.9886, 37.46684 ] ] ], [ [ [ -121.93386, 37.46733 ], [ -121.93408, 37.46751 ], [ -121.93333, 37.46808 ], [ -121.93306, 37.46773 ], [ -121.93362, 37.46733 ], [ -121.93386, 37.46733 ] ] ], [ [ [ -121.93217, 37.4683 ], [ -121.93287, 37.46786 ], [ -121.93325, 37.46808 ], [ -121.93252, 37.46865 ], [ -121.93219, 37.46846 ], [ -121.93217, 37.4683 ] ] ], [ [ [ -121.93381, 37.4704 ], [ -121.93249, 37.4691 ], [ -121.93249, 37.46889 ], [ -121.93298, 37.46862 ], [ -121.93322, 37.46856 ], [ -121.93357, 37.469 ], [ -121.93389, 37.46894 ], [ -121.93392, 37.47005 ], [ -121.93448, 37.47056 ], [ -121.93465, 37.47083 ], [ -121.93457, 37.47091 ], [ -121.93381, 37.4704 ] ], [ [ -121.93443, 37.47077 ], [ -121.93443, 37.4708 ], [ -121.93446, 37.47077 ], [ -121.93443, 37.47077 ] ], [ [ -121.93279, 37.46881 ], [ -121.93319, 37.46932 ], [ -121.93341, 37.46924 ], [ -121.93289, 37.46875 ], [ -121.93279, 37.46881 ] ], [ [ -121.93303, 37.46878 ], [ -121.93303, 37.4687 ], [ -121.93295, 37.46875 ], [ -121.93303, 37.46878 ] ] ], [ [ [ -121.97682, 37.46986 ], [ -121.97696, 37.46999 ], [ -121.97682, 37.47002 ], [ -121.97671, 37.46989 ], [ -121.9769, 37.46967 ], [ -121.97653, 37.4697 ], [ -121.97634, 37.46986 ], [ -121.97631, 37.46967 ], [ -121.97623, 37.46989 ], [ -121.97615, 37.46989 ], [ -121.97628, 37.46967 ], [ -121.97607, 37.46962 ], [ -121.97601, 37.46945 ], [ -121.97623, 37.46948 ], [ -121.97626, 37.46962 ], [ -121.97634, 37.46951 ], [ -121.97685, 37.46964 ], [ -121.9779, 37.46962 ], [ -121.97771, 37.46975 ], [ -121.97782, 37.4698 ], [ -121.97774, 37.46991 ], [ -121.97763, 37.46994 ], [ -121.9776, 37.46986 ], [ -121.97742, 37.46991 ], [ -121.97725, 37.4697 ], [ -121.97723, 37.46986 ], [ -121.97682, 37.46986 ] ], [ [ -121.97771, 37.46986 ], [ -121.97777, 37.46986 ], [ -121.97771, 37.46983 ], [ -121.97771, 37.46986 ] ], [ [ -121.97696, 37.46983 ], [ -121.97696, 37.46986 ], [ -121.97698, 37.46983 ], [ -121.97696, 37.46983 ] ], [ [ -121.97618, 37.46956 ], [ -121.9762, 37.46956 ], [ -121.97618, 37.46953 ], [ -121.97618, 37.46956 ] ], [ [ -121.97758, 37.4697 ], [ -121.97758, 37.46967 ], [ -121.97752, 37.4697 ], [ -121.97758, 37.4697 ] ], [ [ -121.97709, 37.4698 ], [ -121.97712, 37.4698 ], [ -121.97709, 37.46978 ], [ -121.97709, 37.4698 ] ], [ [ -121.97747, 37.46972 ], [ -121.97736, 37.46972 ], [ -121.9775, 37.4698 ], [ -121.97747, 37.46972 ] ], [ [ -121.97736, 37.46978 ], [ -121.97736, 37.46975 ], [ -121.97733, 37.46978 ], [ -121.97736, 37.46978 ] ], [ [ -121.97696, 37.46975 ], [ -121.97712, 37.46975 ], [ -121.97712, 37.46972 ], [ -121.97698, 37.46967 ], [ -121.97696, 37.46975 ] ] ], [ [ [ -121.94111, 37.47042 ], [ -121.94203, 37.47088 ], [ -121.94246, 37.47153 ], [ -121.94295, 37.4718 ], [ -121.94475, 37.47207 ], [ -121.94508, 37.47236 ], [ -121.94561, 37.47323 ], [ -121.94564, 37.4743 ], [ -121.9458, 37.47476 ], [ -121.94758, 37.4766 ], [ -121.94977, 37.47751 ], [ -121.95076, 37.47816 ], [ -121.95065, 37.47862 ], [ -121.95028, 37.4791 ], [ -121.94968, 37.47921 ], [ -121.94917, 37.47846 ], [ -121.94801, 37.47813 ], [ -121.94747, 37.4781 ], [ -121.94742, 37.47802 ], [ -121.94756, 37.478 ], [ -121.94659, 37.47719 ], [ -121.94642, 37.47635 ], [ -121.94572, 37.47571 ], [ -121.94526, 37.47506 ], [ -121.94505, 37.4743 ], [ -121.94502, 37.47347 ], [ -121.94462, 37.4729 ], [ -121.94411, 37.47261 ], [ -121.94297, 37.47234 ], [ -121.94235, 37.47207 ], [ -121.94146, 37.47107 ], [ -121.94074, 37.47077 ], [ -121.94055, 37.4704 ], [ -121.93985, 37.46964 ], [ -121.93834, 37.46889 ], [ -121.93734, 37.46768 ], [ -121.93645, 37.46627 ], [ -121.93562, 37.46584 ], [ -121.93524, 37.46552 ], [ -121.93524, 37.46525 ], [ -121.93494, 37.46517 ], [ -121.93435, 37.4646 ], [ -121.93292, 37.46409 ], [ -121.93263, 37.46377 ], [ -121.93254, 37.46344 ], [ -121.93505, 37.46261 ], [ -121.93525, 37.46258 ], [ -121.93603, 37.46293 ], [ -121.93753, 37.46265 ], [ -121.93753, 37.46536 ], [ -121.93729, 37.46609 ], [ -121.9374, 37.46692 ], [ -121.93775, 37.46695 ], [ -121.93804, 37.46716 ], [ -121.93855, 37.46808 ], [ -121.93923, 37.46843 ], [ -121.93961, 37.46916 ], [ -121.94039, 37.46959 ], [ -121.94111, 37.47042 ] ], [ [ -121.94758, 37.47802 ], [ -121.94756, 37.47802 ], [ -121.94758, 37.47805 ], [ -121.94758, 37.47802 ] ], [ [ -121.93669, 37.4653 ], [ -121.93699, 37.46541 ], [ -121.9374, 37.46536 ], [ -121.93669, 37.4653 ] ], [ [ -121.94774, 37.4781 ], [ -121.94777, 37.4781 ], [ -121.94774, 37.47808 ], [ -121.94774, 37.4781 ] ], [ [ -121.93659, 37.46533 ], [ -121.93661, 37.46533 ], [ -121.93659, 37.4653 ], [ -121.93659, 37.46533 ] ], [ [ -121.94764, 37.47808 ], [ -121.94769, 37.47808 ], [ -121.94764, 37.47805 ], [ -121.94764, 37.47808 ] ] ], [ [ [ -121.93446, 37.47479 ], [ -121.93481, 37.4749 ], [ -121.93545, 37.4756 ], [ -121.93605, 37.47598 ], [ -121.93653, 37.47651 ], [ -121.93656, 37.47673 ], [ -121.93629, 37.47668 ], [ -121.93602, 37.47643 ], [ -121.9347, 37.47519 ], [ -121.93446, 37.47479 ] ] ], [ [ [ -121.96593, 37.47703 ], [ -121.95882, 37.48304 ], [ -121.95006, 37.48306 ], [ -121.94979, 37.48293 ], [ -121.94977, 37.48263 ], [ -121.95181, 37.4812 ], [ -121.95197, 37.48002 ], [ -121.9533, 37.47872 ], [ -121.95373, 37.47854 ], [ -121.95394, 37.47808 ], [ -121.95432, 37.47784 ], [ -121.95451, 37.47657 ], [ -121.95494, 37.476 ], [ -121.95494, 37.47576 ], [ -121.95623, 37.4753 ], [ -121.95704, 37.47452 ], [ -121.95723, 37.47393 ], [ -121.95742, 37.47215 ], [ -121.95777, 37.47156 ], [ -121.95828, 37.4711 ], [ -121.96022, 37.47037 ], [ -121.9623, 37.46978 ], [ -121.96262, 37.46978 ], [ -121.96327, 37.47007 ], [ -121.96362, 37.4701 ], [ -121.96413, 37.46975 ], [ -121.9644, 37.46916 ], [ -121.96607, 37.46867 ], [ -121.96895, 37.46843 ], [ -121.97076, 37.46854 ], [ -121.97184, 37.46886 ], [ -121.97297, 37.46953 ], [ -121.97337, 37.46994 ], [ -121.97321, 37.47177 ], [ -121.97329, 37.47288 ], [ -121.97294, 37.47692 ], [ -121.97254, 37.47703 ], [ -121.96593, 37.47703 ] ], [ [ -121.95556, 37.48282 ], [ -121.95556, 37.48277 ], [ -121.95551, 37.48282 ], [ -121.95556, 37.48282 ] ], [ [ -121.95162, 37.48282 ], [ -121.95162, 37.48279 ], [ -121.9516, 37.48282 ], [ -121.95162, 37.48282 ] ], [ [ -121.95203, 37.48279 ], [ -121.95203, 37.48277 ], [ -121.952, 37.48279 ], [ -121.95203, 37.48279 ] ] ], [ [ [ -121.9789, 37.48641 ], [ -121.97879, 37.48614 ], [ -121.97804, 37.4863 ], [ -121.97825, 37.48616 ], [ -121.97833, 37.48592 ], [ -121.97814, 37.48592 ], [ -121.97828, 37.48576 ], [ -121.97806, 37.48587 ], [ -121.97793, 37.48557 ], [ -121.9776, 37.48565 ], [ -121.97752, 37.48605 ], [ -121.97779, 37.486 ], [ -121.97801, 37.48611 ], [ -121.97798, 37.48597 ], [ -121.97817, 37.48595 ], [ -121.97795, 37.4863 ], [ -121.97782, 37.48608 ], [ -121.97771, 37.48619 ], [ -121.97725, 37.48611 ], [ -121.97747, 37.486 ], [ -121.97747, 37.4857 ], [ -121.97717, 37.48557 ], [ -121.97688, 37.48568 ], [ -121.97704, 37.48546 ], [ -121.97688, 37.48544 ], [ -121.97688, 37.4853 ], [ -121.97669, 37.48535 ], [ -121.97658, 37.48514 ], [ -121.97645, 37.4853 ], [ -121.97628, 37.4853 ], [ -121.97547, 37.48498 ], [ -121.97521, 37.48506 ], [ -121.9751, 37.48525 ], [ -121.9751, 37.4849 ], [ -121.97488, 37.48482 ], [ -121.97483, 37.48492 ], [ -121.97469, 37.48482 ], [ -121.97461, 37.48503 ], [ -121.97456, 37.48484 ], [ -121.97469, 37.48473 ], [ -121.9744, 37.48471 ], [ -121.97448, 37.48446 ], [ -121.97424, 37.48433 ], [ -121.97353, 37.4843 ], [ -121.97305, 37.48455 ], [ -121.97316, 37.48433 ], [ -121.97308, 37.48422 ], [ -121.97308, 37.48438 ], [ -121.97267, 37.48482 ], [ -121.97259, 37.48457 ], [ -121.97275, 37.48433 ], [ -121.97229, 37.48452 ], [ -121.97211, 37.48409 ], [ -121.97232, 37.48403 ], [ -121.97203, 37.48385 ], [ -121.97197, 37.48425 ], [ -121.97208, 37.48433 ], [ -121.97186, 37.48436 ], [ -121.97181, 37.48347 ], [ -121.97203, 37.48339 ], [ -121.97194, 37.48328 ], [ -121.97213, 37.48309 ], [ -121.97184, 37.48309 ], [ -121.97208, 37.48298 ], [ -121.97165, 37.48293 ], [ -121.97197, 37.48285 ], [ -121.97178, 37.48266 ], [ -121.97186, 37.48244 ], [ -121.97159, 37.48236 ], [ -121.97194, 37.48234 ], [ -121.97192, 37.48217 ], [ -121.97178, 37.48215 ], [ -121.97189, 37.48199 ], [ -121.97181, 37.48188 ], [ -121.972, 37.48185 ], [ -121.97192, 37.48172 ], [ -121.97235, 37.48172 ], [ -121.97216, 37.48166 ], [ -121.97232, 37.48155 ], [ -121.97197, 37.48153 ], [ -121.97216, 37.48142 ], [ -121.97176, 37.48142 ], [ -121.97184, 37.4812 ], [ -121.97119, 37.48118 ], [ -121.97151, 37.48107 ], [ -121.97103, 37.48107 ], [ -121.97111, 37.48093 ], [ -121.97081, 37.48093 ], [ -121.97095, 37.48107 ], [ -121.97065, 37.4811 ], [ -121.9707, 37.48093 ], [ -121.97046, 37.48091 ], [ -121.97087, 37.48085 ], [ -121.97068, 37.48085 ], [ -121.9706, 37.48069 ], [ -121.96965, 37.48067 ], [ -121.96998, 37.48091 ], [ -121.96973, 37.48099 ], [ -121.97008, 37.48102 ], [ -121.97, 37.48115 ], [ -121.97017, 37.48115 ], [ -121.9699, 37.48123 ], [ -121.96984, 37.48131 ], [ -121.97006, 37.48126 ], [ -121.97019, 37.48137 ], [ -121.96987, 37.48147 ], [ -121.97011, 37.48153 ], [ -121.96982, 37.48174 ], [ -121.96995, 37.48193 ], [ -121.96979, 37.48196 ], [ -121.96979, 37.48207 ], [ -121.97, 37.48215 ], [ -121.96963, 37.48223 ], [ -121.9699, 37.48231 ], [ -121.96941, 37.48234 ], [ -121.96952, 37.48244 ], [ -121.96982, 37.48244 ], [ -121.96949, 37.48247 ], [ -121.96963, 37.48261 ], [ -121.96936, 37.48269 ], [ -121.96952, 37.48301 ], [ -121.96933, 37.48333 ], [ -121.96949, 37.48336 ], [ -121.96965, 37.48323 ], [ -121.96979, 37.48339 ], [ -121.96952, 37.48339 ], [ -121.9696, 37.48358 ], [ -121.9693, 37.48368 ], [ -121.96925, 37.48382 ], [ -121.96965, 37.48385 ], [ -121.96963, 37.4839 ], [ -121.96917, 37.48387 ], [ -121.9692, 37.48255 ], [ -121.96909, 37.48247 ], [ -121.96844, 37.48247 ], [ -121.96911, 37.48252 ], [ -121.96911, 37.4839 ], [ -121.96887, 37.4842 ], [ -121.96604, 37.4842 ], [ -121.96604, 37.48382 ], [ -121.96599, 37.4842 ], [ -121.96526, 37.4842 ], [ -121.96472, 37.4839 ], [ -121.96472, 37.48247 ], [ -121.96909, 37.48239 ], [ -121.96917, 37.48064 ], [ -121.97308, 37.48064 ], [ -121.97351, 37.48037 ], [ -121.97356, 37.48005 ], [ -121.97329, 37.4794 ], [ -121.97308, 37.47805 ], [ -121.97308, 37.476 ], [ -121.97327, 37.47514 ], [ -121.97321, 37.47444 ], [ -121.97343, 37.47271 ], [ -121.97332, 37.47177 ], [ -121.97343, 37.4698 ], [ -121.97386, 37.47002 ], [ -121.97335, 37.47727 ], [ -121.9734, 37.47867 ], [ -121.97372, 37.47991 ], [ -121.97421, 37.48093 ], [ -121.97496, 37.48204 ], [ -121.97793, 37.48487 ], [ -121.97868, 37.48562 ], [ -121.97868, 37.48587 ], [ -121.97884, 37.48592 ], [ -121.97871, 37.4857 ], [ -121.97954, 37.48649 ], [ -121.97938, 37.48643 ], [ -121.9793, 37.48662 ], [ -121.97911, 37.48659 ], [ -121.97909, 37.48632 ], [ -121.97892, 37.4863 ], [ -121.9789, 37.48641 ] ], [ [ -121.97919, 37.48646 ], [ -121.97936, 37.48646 ], [ -121.97927, 37.48632 ], [ -121.97919, 37.48646 ] ], [ [ -121.97221, 37.48145 ], [ -121.97216, 37.48145 ], [ -121.97221, 37.48147 ], [ -121.97221, 37.48145 ] ], [ [ -121.97073, 37.48093 ], [ -121.97073, 37.48096 ], [ -121.97076, 37.48093 ], [ -121.97073, 37.48093 ] ], [ [ -121.96478, 37.4825 ], [ -121.96475, 37.48255 ], [ -121.9648, 37.4825 ], [ -121.96478, 37.4825 ] ], [ [ -121.9692, 37.48236 ], [ -121.96911, 37.48236 ], [ -121.9692, 37.48244 ], [ -121.9692, 37.48236 ] ], [ [ -121.97857, 37.48568 ], [ -121.9786, 37.48568 ], [ -121.97857, 37.48565 ], [ -121.97857, 37.48568 ] ], [ [ -121.97362, 37.48379 ], [ -121.97364, 37.48379 ], [ -121.97362, 37.48376 ], [ -121.97362, 37.48379 ] ], [ [ -121.97553, 37.48492 ], [ -121.97556, 37.48492 ], [ -121.97553, 37.4849 ], [ -121.97553, 37.48492 ] ], [ [ -121.97553, 37.48452 ], [ -121.97556, 37.48452 ], [ -121.97553, 37.48449 ], [ -121.97553, 37.48452 ] ], [ [ -121.97238, 37.48239 ], [ -121.9724, 37.48239 ], [ -121.97238, 37.48236 ], [ -121.97238, 37.48239 ] ], [ [ -121.97601, 37.48487 ], [ -121.97604, 37.48487 ], [ -121.97601, 37.48484 ], [ -121.97601, 37.48487 ] ], [ [ -121.97801, 37.48552 ], [ -121.97804, 37.48552 ], [ -121.97801, 37.48549 ], [ -121.97801, 37.48552 ] ], [ [ -121.9682, 37.48287 ], [ -121.96823, 37.48287 ], [ -121.9682, 37.48285 ], [ -121.9682, 37.48287 ] ], [ [ -121.96491, 37.48252 ], [ -121.96494, 37.48252 ], [ -121.96491, 37.4825 ], [ -121.96491, 37.48252 ] ], [ [ -121.97432, 37.4843 ], [ -121.97434, 37.4843 ], [ -121.97432, 37.48428 ], [ -121.97432, 37.4843 ] ], [ [ -121.97353, 37.47131 ], [ -121.97356, 37.47131 ], [ -121.97353, 37.47129 ], [ -121.97353, 37.47131 ] ], [ [ -121.97348, 37.47126 ], [ -121.97351, 37.47126 ], [ -121.97348, 37.47123 ], [ -121.97348, 37.47126 ] ], [ [ -121.97324, 37.47449 ], [ -121.97327, 37.47449 ], [ -121.97324, 37.47447 ], [ -121.97324, 37.47449 ] ], [ [ -121.97537, 37.48436 ], [ -121.97539, 37.48436 ], [ -121.97537, 37.48433 ], [ -121.97537, 37.48436 ] ], [ [ -121.9724, 37.48317 ], [ -121.97243, 37.48317 ], [ -121.9724, 37.48314 ], [ -121.9724, 37.48317 ] ], [ [ -121.97372, 37.48414 ], [ -121.97375, 37.48414 ], [ -121.97372, 37.48411 ], [ -121.97372, 37.48414 ] ], [ [ -121.96529, 37.48255 ], [ -121.96531, 37.48255 ], [ -121.96529, 37.48252 ], [ -121.96529, 37.48255 ] ], [ [ -121.97558, 37.4843 ], [ -121.97561, 37.4843 ], [ -121.97558, 37.48428 ], [ -121.97558, 37.4843 ] ], [ [ -121.96971, 37.48153 ], [ -121.96976, 37.48153 ], [ -121.96971, 37.4815 ], [ -121.96971, 37.48153 ] ], [ [ -121.96793, 37.48252 ], [ -121.96798, 37.48252 ], [ -121.96793, 37.4825 ], [ -121.96793, 37.48252 ] ], [ [ -121.97232, 37.48446 ], [ -121.97238, 37.48446 ], [ -121.97232, 37.48444 ], [ -121.97232, 37.48446 ] ], [ [ -121.97324, 37.47719 ], [ -121.97327, 37.47719 ], [ -121.97324, 37.47713 ], [ -121.97324, 37.47719 ] ], [ [ -121.97539, 37.48446 ], [ -121.97545, 37.48446 ], [ -121.97539, 37.48444 ], [ -121.97539, 37.48446 ] ], [ [ -121.97203, 37.48287 ], [ -121.97208, 37.48287 ], [ -121.97203, 37.48285 ], [ -121.97203, 37.48287 ] ], [ [ -121.96933, 37.48228 ], [ -121.96938, 37.48228 ], [ -121.96933, 37.48226 ], [ -121.96933, 37.48228 ] ], [ [ -121.96987, 37.48112 ], [ -121.96992, 37.48112 ], [ -121.96987, 37.4811 ], [ -121.96987, 37.48112 ] ], [ [ -121.97898, 37.48608 ], [ -121.97901, 37.48608 ], [ -121.97898, 37.48603 ], [ -121.97898, 37.48608 ] ], [ [ -121.97305, 37.48368 ], [ -121.97308, 37.48368 ], [ -121.97305, 37.48363 ], [ -121.97305, 37.48368 ] ], [ [ -121.96928, 37.4829 ], [ -121.96933, 37.4829 ], [ -121.96928, 37.48287 ], [ -121.96928, 37.4829 ] ], [ [ -121.97251, 37.48382 ], [ -121.97256, 37.48382 ], [ -121.97251, 37.48379 ], [ -121.97251, 37.48382 ] ], [ [ -121.97208, 37.48244 ], [ -121.97216, 37.48244 ], [ -121.97208, 37.48242 ], [ -121.97208, 37.48244 ] ], [ [ -121.97216, 37.48223 ], [ -121.97224, 37.48223 ], [ -121.97216, 37.4822 ], [ -121.97216, 37.48223 ] ], [ [ -121.97828, 37.48584 ], [ -121.97833, 37.48584 ], [ -121.97828, 37.48581 ], [ -121.97828, 37.48584 ] ], [ [ -121.97911, 37.48643 ], [ -121.97917, 37.48643 ], [ -121.97911, 37.48638 ], [ -121.97911, 37.48643 ] ], [ [ -121.97607, 37.48414 ], [ -121.97601, 37.48411 ], [ -121.97607, 37.48417 ], [ -121.97607, 37.48414 ] ], [ [ -121.97583, 37.48425 ], [ -121.97577, 37.48422 ], [ -121.97583, 37.48428 ], [ -121.97583, 37.48425 ] ], [ [ -121.97375, 37.48422 ], [ -121.9737, 37.48422 ], [ -121.97372, 37.48428 ], [ -121.97375, 37.48422 ] ], [ [ -121.97165, 37.4811 ], [ -121.9717, 37.4811 ], [ -121.97165, 37.48104 ], [ -121.97165, 37.4811 ] ], [ [ -121.97706, 37.48535 ], [ -121.97712, 37.48535 ], [ -121.97706, 37.4853 ], [ -121.97706, 37.48535 ] ], [ [ -121.97337, 37.48336 ], [ -121.97343, 37.48336 ], [ -121.97337, 37.48331 ], [ -121.97337, 37.48336 ] ], [ [ -121.97291, 37.48325 ], [ -121.973, 37.48325 ], [ -121.97291, 37.4832 ], [ -121.97291, 37.48325 ] ], [ [ -121.971, 37.48088 ], [ -121.97111, 37.48088 ], [ -121.97103, 37.48083 ], [ -121.971, 37.48088 ] ], [ [ -121.97297, 37.48387 ], [ -121.97289, 37.48387 ], [ -121.97297, 37.48393 ], [ -121.97297, 37.48387 ] ], [ [ -121.97618, 37.4846 ], [ -121.97612, 37.4846 ], [ -121.9762, 37.48468 ], [ -121.97618, 37.4846 ] ], [ [ -121.97297, 37.48298 ], [ -121.97305, 37.48298 ], [ -121.97297, 37.4829 ], [ -121.97297, 37.48298 ] ], [ [ -121.97742, 37.48514 ], [ -121.9775, 37.48514 ], [ -121.97744, 37.48506 ], [ -121.97742, 37.48514 ] ], [ [ -121.9776, 37.48544 ], [ -121.9775, 37.48541 ], [ -121.97758, 37.48549 ], [ -121.9776, 37.48544 ] ], [ [ -121.97539, 37.48406 ], [ -121.97545, 37.48411 ], [ -121.9755, 37.48406 ], [ -121.97539, 37.48406 ] ], [ [ -121.97534, 37.48403 ], [ -121.97534, 37.48406 ], [ -121.97539, 37.48406 ], [ -121.97534, 37.48403 ] ], [ [ -121.96828, 37.48287 ], [ -121.96855, 37.48287 ], [ -121.96828, 37.48285 ], [ -121.96828, 37.48287 ] ], [ [ -121.97424, 37.4839 ], [ -121.97413, 37.4839 ], [ -121.97424, 37.48395 ], [ -121.97424, 37.4839 ] ], [ [ -121.97779, 37.48525 ], [ -121.97768, 37.48525 ], [ -121.97779, 37.4853 ], [ -121.97779, 37.48525 ] ], [ [ -121.97499, 37.48438 ], [ -121.9751, 37.48438 ], [ -121.97499, 37.48433 ], [ -121.97499, 37.48438 ] ], [ [ -121.97149, 37.48096 ], [ -121.97124, 37.48096 ], [ -121.97149, 37.48099 ], [ -121.97149, 37.48096 ] ], [ [ -121.97798, 37.48541 ], [ -121.97795, 37.48535 ], [ -121.97785, 37.48544 ], [ -121.97798, 37.48541 ] ], [ [ -121.97909, 37.48614 ], [ -121.97909, 37.48624 ], [ -121.97914, 37.48619 ], [ -121.97909, 37.48614 ] ], [ [ -121.97704, 37.48514 ], [ -121.9769, 37.48511 ], [ -121.97701, 37.48519 ], [ -121.97704, 37.48514 ] ], [ [ -121.97459, 37.48441 ], [ -121.97453, 37.48449 ], [ -121.97467, 37.48441 ], [ -121.97459, 37.48441 ] ], [ [ -121.97391, 37.48401 ], [ -121.9738, 37.48401 ], [ -121.97391, 37.48409 ], [ -121.97391, 37.48401 ] ], [ [ -121.97636, 37.48482 ], [ -121.97623, 37.48482 ], [ -121.97634, 37.4849 ], [ -121.97636, 37.48482 ] ], [ [ -121.96963, 37.48196 ], [ -121.96949, 37.48196 ], [ -121.96949, 37.48204 ], [ -121.9696, 37.48204 ], [ -121.96963, 37.48196 ] ], [ [ -121.97459, 37.4843 ], [ -121.97469, 37.48428 ], [ -121.97459, 37.4842 ], [ -121.97459, 37.4843 ] ], [ [ -121.96833, 37.48247 ], [ -121.96823, 37.48247 ], [ -121.96833, 37.48252 ], [ -121.96833, 37.48247 ] ], [ [ -121.96806, 37.48252 ], [ -121.96814, 37.4825 ], [ -121.96806, 37.48247 ], [ -121.96806, 37.48252 ] ], [ [ -121.97313, 37.48406 ], [ -121.97324, 37.48403 ], [ -121.9731, 37.48398 ], [ -121.97313, 37.48406 ] ], [ [ -121.97591, 37.48463 ], [ -121.97577, 37.48463 ], [ -121.97585, 37.48473 ], [ -121.97591, 37.48463 ] ], [ [ -121.9772, 37.48546 ], [ -121.97736, 37.48538 ], [ -121.97725, 37.4853 ], [ -121.9772, 37.48546 ] ], [ [ -121.97593, 37.48495 ], [ -121.97591, 37.48484 ], [ -121.97583, 37.48495 ], [ -121.97593, 37.48495 ] ], [ [ -121.97278, 37.48349 ], [ -121.97289, 37.48344 ], [ -121.97275, 37.48339 ], [ -121.97278, 37.48349 ] ], [ [ -121.97847, 37.48581 ], [ -121.97849, 37.4857 ], [ -121.97836, 37.48581 ], [ -121.97847, 37.48581 ] ], [ [ -121.97213, 37.48285 ], [ -121.97219, 37.48296 ], [ -121.97227, 37.48282 ], [ -121.97213, 37.48285 ] ], [ [ -121.97537, 37.4846 ], [ -121.97539, 37.48449 ], [ -121.97529, 37.48449 ], [ -121.97523, 37.48457 ], [ -121.97537, 37.4846 ] ], [ [ -121.97663, 37.48508 ], [ -121.97677, 37.48506 ], [ -121.97666, 37.48495 ], [ -121.97663, 37.48508 ] ], [ [ -121.97618, 37.48511 ], [ -121.97634, 37.48514 ], [ -121.97628, 37.485 ], [ -121.97618, 37.485 ], [ -121.97618, 37.48511 ] ], [ [ -121.96801, 37.48285 ], [ -121.96728, 37.48285 ], [ -121.96801, 37.48287 ], [ -121.96801, 37.48285 ] ], [ [ -121.97448, 37.48468 ], [ -121.97472, 37.48465 ], [ -121.97448, 37.48457 ], [ -121.97448, 37.48468 ] ], [ [ -121.97518, 37.48484 ], [ -121.97523, 37.48498 ], [ -121.97537, 37.48482 ], [ -121.97518, 37.48484 ] ], [ [ -121.97507, 37.4846 ], [ -121.97499, 37.48455 ], [ -121.97477, 37.48457 ], [ -121.97486, 37.48468 ], [ -121.97507, 37.4846 ] ], [ [ -121.97208, 37.48374 ], [ -121.97213, 37.48363 ], [ -121.97197, 37.48355 ], [ -121.97192, 37.48371 ], [ -121.97208, 37.48374 ] ], [ [ -121.96599, 37.4829 ], [ -121.9672, 37.48285 ], [ -121.96655, 37.48285 ], [ -121.96653, 37.48277 ], [ -121.9665, 37.48285 ], [ -121.96593, 37.48287 ], [ -121.96593, 37.48323 ], [ -121.96599, 37.4829 ] ], [ [ -121.9665, 37.48252 ], [ -121.96655, 37.48274 ], [ -121.96653, 37.48252 ], [ -121.96785, 37.48252 ], [ -121.96785, 37.48247 ], [ -121.96602, 37.48247 ], [ -121.96534, 37.48255 ], [ -121.9665, 37.48252 ] ], [ [ -121.96858, 37.4836 ], [ -121.96604, 37.48363 ], [ -121.96593, 37.48325 ], [ -121.96602, 37.48368 ], [ -121.96858, 37.48366 ], [ -121.96866, 37.4836 ], [ -121.96871, 37.48339 ], [ -121.96866, 37.48287 ], [ -121.96858, 37.4836 ] ] ], [ [ [ -121.93969, 37.48128 ], [ -121.93944, 37.48126 ], [ -121.93853, 37.47951 ], [ -121.93818, 37.47843 ], [ -121.93688, 37.47724 ], [ -121.9368, 37.477 ], [ -121.93721, 37.47711 ], [ -121.93815, 37.4781 ], [ -121.93839, 37.47819 ], [ -121.93899, 37.47986 ], [ -121.93963, 37.48107 ], [ -121.93971, 37.48112 ], [ -121.94066, 37.48077 ], [ -121.94076, 37.48088 ], [ -121.93969, 37.48128 ] ] ], [ [ [ -121.9427, 37.48015 ], [ -121.94332, 37.48112 ], [ -121.9433, 37.48139 ], [ -121.94303, 37.4812 ], [ -121.94252, 37.48037 ], [ -121.94103, 37.4808 ], [ -121.94103, 37.48069 ], [ -121.94243, 37.48018 ], [ -121.9427, 37.48015 ] ] ], [ [ [ -121.97569, 37.48196 ], [ -121.97464, 37.48061 ], [ -121.97394, 37.47859 ], [ -121.97394, 37.47581 ], [ -121.97437, 37.4711 ], [ -121.97477, 37.47096 ], [ -121.97574, 37.47099 ], [ -121.97723, 37.47121 ], [ -121.97892, 37.47129 ], [ -121.9796, 37.47145 ], [ -121.97987, 37.47139 ], [ -121.98057, 37.4708 ], [ -121.98213, 37.46983 ], [ -121.98458, 37.46789 ], [ -121.9852, 37.46711 ], [ -121.98617, 37.46662 ], [ -121.98709, 37.46652 ], [ -121.98779, 37.46671 ], [ -121.99032, 37.46832 ], [ -121.99388, 37.4697 ], [ -121.9965, 37.4704 ], [ -121.99933, 37.47037 ], [ -122.00075, 37.4721 ], [ -122.00264, 37.47309 ], [ -122.0048, 37.47371 ], [ -122.00525, 37.47417 ], [ -122.00566, 37.47487 ], [ -122.0056, 37.47565 ], [ -122.00517, 37.47649 ], [ -122.00453, 37.47708 ], [ -122.00315, 37.47786 ], [ -122.00151, 37.47829 ], [ -122.00038, 37.47843 ], [ -121.99722, 37.47829 ], [ -121.99685, 37.4781 ], [ -121.99685, 37.47794 ], [ -121.99714, 37.47767 ], [ -121.99752, 37.47778 ], [ -121.99782, 37.4781 ], [ -121.99803, 37.47808 ], [ -121.99725, 37.47754 ], [ -121.9959, 37.47358 ], [ -121.99539, 37.47309 ], [ -121.99472, 37.47277 ], [ -121.99288, 37.47271 ], [ -121.99189, 37.47301 ], [ -121.98952, 37.47401 ], [ -121.97836, 37.48023 ], [ -121.9768, 37.48137 ], [ -121.97892, 37.48002 ], [ -121.98973, 37.47398 ], [ -121.99194, 37.47307 ], [ -121.99326, 37.47274 ], [ -121.99437, 37.4728 ], [ -121.99515, 37.47304 ], [ -121.99577, 37.47352 ], [ -121.99615, 37.47439 ], [ -121.99709, 37.47754 ], [ -121.99676, 37.47797 ], [ -121.99663, 37.47797 ], [ -121.99582, 37.47754 ], [ -121.99523, 37.47749 ], [ -121.99501, 37.47765 ], [ -121.99493, 37.47794 ], [ -121.99504, 37.47837 ], [ -121.99534, 37.47867 ], [ -121.99531, 37.47902 ], [ -121.99609, 37.48096 ], [ -121.99655, 37.48126 ], [ -121.99752, 37.4811 ], [ -121.99865, 37.48131 ], [ -121.99924, 37.48174 ], [ -121.99943, 37.4822 ], [ -121.99933, 37.48255 ], [ -121.99876, 37.4829 ], [ -121.99598, 37.48317 ], [ -121.99528, 37.48349 ], [ -121.99407, 37.48463 ], [ -121.99364, 37.48484 ], [ -121.99447, 37.48546 ], [ -121.99491, 37.48533 ], [ -121.99553, 37.48436 ], [ -121.99612, 37.48395 ], [ -121.99906, 37.48368 ], [ -121.99973, 37.48339 ], [ -122.00038, 37.48274 ], [ -122.00048, 37.48204 ], [ -122.00021, 37.48134 ], [ -121.99943, 37.48067 ], [ -121.99849, 37.48029 ], [ -121.99827, 37.48002 ], [ -121.99841, 37.47972 ], [ -121.99868, 37.47961 ], [ -122.00102, 37.47969 ], [ -122.00391, 37.4791 ], [ -122.00628, 37.47773 ], [ -122.00647, 37.47773 ], [ -122.00644, 37.47762 ], [ -122.00684, 37.47735 ], [ -122.00719, 37.4774 ], [ -122.00763, 37.47784 ], [ -122.01242, 37.48085 ], [ -122.01148, 37.4825 ], [ -122.01054, 37.48506 ], [ -122.00975, 37.48627 ], [ -122.00924, 37.48681 ], [ -122.00897, 37.48684 ], [ -122.00854, 37.48667 ], [ -122.00814, 37.48673 ], [ -122.00749, 37.48724 ], [ -122.00719, 37.48786 ], [ -122.00738, 37.48818 ], [ -122.00838, 37.48856 ], [ -122.00889, 37.49085 ], [ -122.00943, 37.49206 ], [ -122.00946, 37.49277 ], [ -122.00903, 37.49298 ], [ -122.0079, 37.49309 ], [ -122.00655, 37.49341 ], [ -122.00563, 37.49409 ], [ -122.00539, 37.49465 ], [ -122.00523, 37.49473 ], [ -122.00337, 37.49454 ], [ -122.00003, 37.4936 ], [ -121.99682, 37.48894 ], [ -121.99445, 37.48603 ], [ -121.99431, 37.48557 ], [ -121.99423, 37.48552 ], [ -121.99404, 37.48565 ], [ -121.99375, 37.48552 ], [ -121.99377, 37.48544 ], [ -121.99364, 37.48546 ], [ -121.99353, 37.48506 ], [ -121.99321, 37.48482 ], [ -121.9807, 37.48482 ], [ -121.97758, 37.48393 ], [ -121.97577, 37.48217 ], [ -121.97658, 37.48166 ], [ -121.97677, 37.48139 ], [ -121.97601, 37.4819 ], [ -121.97569, 37.48196 ] ], [ [ -121.9938, 37.48541 ], [ -121.99377, 37.48541 ], [ -121.99377, 37.48544 ], [ -121.9938, 37.48541 ] ], [ [ -122.00657, 37.47775 ], [ -122.00655, 37.47773 ], [ -122.00655, 37.47775 ], [ -122.00657, 37.47775 ] ], [ [ -122.00706, 37.47778 ], [ -122.00709, 37.47781 ], [ -122.00709, 37.47778 ], [ -122.00706, 37.47778 ] ], [ [ -122.00676, 37.47775 ], [ -122.00663, 37.47775 ], [ -122.00682, 37.47786 ], [ -122.00706, 37.47784 ], [ -122.00676, 37.47775 ] ], [ [ -121.97685, 37.48236 ], [ -121.97685, 37.48215 ], [ -121.97658, 37.48199 ], [ -121.97658, 37.4825 ], [ -121.97685, 37.48236 ] ] ], [ [ [ -121.94915, 37.48234 ], [ -121.94871, 37.48252 ], [ -121.94818, 37.48301 ], [ -121.9472, 37.48309 ], [ -121.94699, 37.48247 ], [ -121.94739, 37.48255 ], [ -121.94745, 37.48285 ], [ -121.94758, 37.48282 ], [ -121.94747, 37.48271 ], [ -121.9478, 37.48266 ], [ -121.94766, 37.4825 ], [ -121.94785, 37.48231 ], [ -121.94777, 37.48204 ], [ -121.94761, 37.48228 ], [ -121.94731, 37.4818 ], [ -121.94731, 37.4815 ], [ -121.94745, 37.48142 ], [ -121.94737, 37.48128 ], [ -121.9475, 37.48118 ], [ -121.94605, 37.4818 ], [ -121.94599, 37.48231 ], [ -121.9457, 37.48247 ], [ -121.9461, 37.48164 ], [ -121.94807, 37.48069 ], [ -121.94879, 37.48056 ], [ -121.94912, 37.48099 ], [ -121.94958, 37.48107 ], [ -121.95033, 37.48093 ], [ -121.95063, 37.48013 ], [ -121.951, 37.48013 ], [ -121.95119, 37.48083 ], [ -121.951, 37.48091 ], [ -121.95087, 37.4812 ], [ -121.95049, 37.48137 ], [ -121.94974, 37.48199 ], [ -121.94944, 37.48207 ], [ -121.94941, 37.4822 ], [ -121.94917, 37.4822 ], [ -121.94915, 37.48234 ] ], [ [ -121.94785, 37.48239 ], [ -121.94793, 37.48247 ], [ -121.94793, 37.48236 ], [ -121.94785, 37.48239 ] ], [ [ -121.94844, 37.48236 ], [ -121.94842, 37.48231 ], [ -121.94842, 37.48236 ], [ -121.94844, 37.48236 ] ], [ [ -121.94823, 37.48217 ], [ -121.9482, 37.48215 ], [ -121.9482, 37.48217 ], [ -121.94823, 37.48217 ] ], [ [ -121.94823, 37.48209 ], [ -121.94818, 37.48207 ], [ -121.94818, 37.48209 ], [ -121.94823, 37.48209 ] ], [ [ -121.94826, 37.48204 ], [ -121.94823, 37.48201 ], [ -121.94823, 37.48204 ], [ -121.94826, 37.48204 ] ], [ [ -121.94861, 37.48196 ], [ -121.94866, 37.48199 ], [ -121.94866, 37.4819 ], [ -121.94861, 37.48196 ] ], [ [ -121.94831, 37.48201 ], [ -121.94828, 37.48199 ], [ -121.94828, 37.48201 ], [ -121.94831, 37.48201 ] ], [ [ -121.94836, 37.48196 ], [ -121.94831, 37.4819 ], [ -121.94834, 37.48196 ], [ -121.94836, 37.48196 ] ], [ [ -121.9475, 37.48134 ], [ -121.94747, 37.48131 ], [ -121.94747, 37.48134 ], [ -121.9475, 37.48134 ] ], [ [ -121.94815, 37.48093 ], [ -121.94834, 37.48107 ], [ -121.94831, 37.48091 ], [ -121.94804, 37.48091 ], [ -121.94766, 37.48112 ], [ -121.94807, 37.48112 ], [ -121.94815, 37.48093 ] ], [ [ -121.95098, 37.48091 ], [ -121.9509, 37.48096 ], [ -121.95095, 37.48099 ], [ -121.95098, 37.48091 ] ] ], [ [ [ -121.96348, 37.48611 ], [ -121.96367, 37.48616 ], [ -121.96351, 37.4863 ], [ -121.96356, 37.48641 ], [ -121.96397, 37.48646 ], [ -121.96413, 37.48665 ], [ -121.96418, 37.48514 ], [ -121.96402, 37.485 ], [ -121.96429, 37.48492 ], [ -121.96429, 37.48746 ], [ -121.95936, 37.48746 ], [ -121.9589, 37.48764 ], [ -121.95451, 37.48786 ], [ -121.95356, 37.48751 ], [ -121.95346, 37.48743 ], [ -121.95359, 37.48735 ], [ -121.95354, 37.48724 ], [ -121.95281, 37.48727 ], [ -121.95133, 37.48673 ], [ -121.95065, 37.4857 ], [ -121.94888, 37.48385 ], [ -121.94885, 37.48355 ], [ -121.94923, 37.48304 ], [ -121.94966, 37.48306 ], [ -121.9495, 37.48285 ], [ -121.94974, 37.48293 ], [ -121.94971, 37.48306 ], [ -121.95014, 37.48314 ], [ -121.95887, 37.48312 ], [ -121.96591, 37.47711 ], [ -121.973, 37.47711 ], [ -121.9731, 37.47894 ], [ -121.97348, 37.48015 ], [ -121.97324, 37.4805 ], [ -121.96903, 37.48053 ], [ -121.96898, 37.48234 ], [ -121.96432, 37.48242 ], [ -121.96432, 37.48422 ], [ -121.96408, 37.48449 ], [ -121.96399, 37.4849 ], [ -121.96367, 37.48487 ], [ -121.96372, 37.48506 ], [ -121.96335, 37.48519 ], [ -121.96348, 37.48533 ], [ -121.96335, 37.48552 ], [ -121.9634, 37.48576 ], [ -121.96327, 37.48584 ], [ -121.96346, 37.48584 ], [ -121.96348, 37.48611 ] ], [ [ -121.96389, 37.48479 ], [ -121.96389, 37.48482 ], [ -121.96391, 37.48479 ], [ -121.96389, 37.48479 ] ], [ [ -121.96383, 37.48482 ], [ -121.96386, 37.48482 ], [ -121.96383, 37.48479 ], [ -121.96383, 37.48482 ] ], [ [ -121.97044, 37.4804 ], [ -121.97046, 37.4804 ], [ -121.97044, 37.48037 ], [ -121.97044, 37.4804 ] ], [ [ -121.97017, 37.48015 ], [ -121.97019, 37.48015 ], [ -121.97017, 37.48013 ], [ -121.97017, 37.48015 ] ], [ [ -121.95542, 37.4839 ], [ -121.95545, 37.4839 ], [ -121.95542, 37.48387 ], [ -121.95542, 37.4839 ] ], [ [ -121.96998, 37.48031 ], [ -121.97, 37.48031 ], [ -121.96998, 37.48029 ], [ -121.96998, 37.48031 ] ], [ [ -121.96383, 37.48694 ], [ -121.96389, 37.48694 ], [ -121.96383, 37.48692 ], [ -121.96383, 37.48694 ] ], [ [ -121.95542, 37.48406 ], [ -121.95545, 37.48406 ], [ -121.95542, 37.48401 ], [ -121.95542, 37.48406 ] ], [ [ -121.96294, 37.48697 ], [ -121.96297, 37.48697 ], [ -121.96294, 37.48692 ], [ -121.96294, 37.48697 ] ], [ [ -121.97006, 37.4804 ], [ -121.97008, 37.4804 ], [ -121.97006, 37.48034 ], [ -121.97006, 37.4804 ] ], [ [ -121.96995, 37.4804 ], [ -121.97003, 37.4804 ], [ -121.96995, 37.48037 ], [ -121.96995, 37.4804 ] ], [ [ -121.96879, 37.48137 ], [ -121.96885, 37.48134 ], [ -121.96879, 37.48131 ], [ -121.96879, 37.48137 ] ], [ [ -121.96254, 37.48711 ], [ -121.96251, 37.48711 ], [ -121.96254, 37.48719 ], [ -121.96254, 37.48711 ] ], [ [ -121.96375, 37.48681 ], [ -121.96381, 37.48681 ], [ -121.96375, 37.48676 ], [ -121.96375, 37.48681 ] ], [ [ -121.96267, 37.48732 ], [ -121.96273, 37.48729 ], [ -121.96267, 37.48724 ], [ -121.96267, 37.48732 ] ], [ [ -121.96143, 37.48729 ], [ -121.96152, 37.48732 ], [ -121.96143, 37.48727 ], [ -121.96143, 37.48729 ] ], [ [ -121.96308, 37.48719 ], [ -121.96308, 37.48727 ], [ -121.96311, 37.48719 ], [ -121.96308, 37.48719 ] ], [ [ -121.97052, 37.47994 ], [ -121.97046, 37.47994 ], [ -121.97052, 37.47996 ], [ -121.97052, 37.47994 ] ], [ [ -121.97044, 37.48002 ], [ -121.97046, 37.47996 ], [ -121.97038, 37.48002 ], [ -121.97044, 37.48002 ] ], [ [ -121.97216, 37.48034 ], [ -121.97216, 37.48042 ], [ -121.97221, 37.48034 ], [ -121.97216, 37.48034 ] ], [ [ -121.96346, 37.48705 ], [ -121.96354, 37.48703 ], [ -121.96346, 37.48697 ], [ -121.96346, 37.48705 ] ], [ [ -121.97087, 37.48018 ], [ -121.97087, 37.48023 ], [ -121.97097, 37.48021 ], [ -121.97087, 37.48018 ] ], [ [ -121.96397, 37.48703 ], [ -121.96389, 37.487 ], [ -121.96397, 37.48708 ], [ -121.96397, 37.48703 ] ], [ [ -121.97076, 37.48042 ], [ -121.9707, 37.48034 ], [ -121.9706, 37.4804 ], [ -121.97076, 37.48042 ] ], [ [ -121.95265, 37.48336 ], [ -121.95265, 37.48328 ], [ -121.95251, 37.4832 ], [ -121.95265, 37.48336 ] ], [ [ -121.97238, 37.48018 ], [ -121.97248, 37.48018 ], [ -121.97248, 37.4801 ], [ -121.9724, 37.48007 ], [ -121.97238, 37.48018 ] ], [ [ -121.97149, 37.47999 ], [ -121.97124, 37.48002 ], [ -121.97138, 37.48021 ], [ -121.97149, 37.47999 ] ], [ [ -121.96979, 37.48034 ], [ -121.96992, 37.4804 ], [ -121.96992, 37.48029 ], [ -121.97008, 37.48021 ], [ -121.97011, 37.48013 ], [ -121.96957, 37.48045 ], [ -121.96979, 37.48034 ] ], [ [ -121.97095, 37.47964 ], [ -121.9706, 37.47991 ], [ -121.97081, 37.47994 ], [ -121.97103, 37.47967 ], [ -121.97119, 37.47918 ], [ -121.97095, 37.47964 ] ], [ [ -121.97054, 37.47994 ], [ -121.9706, 37.47994 ], [ -121.9706, 37.47991 ], [ -121.97054, 37.47994 ] ], [ [ -121.96394, 37.48735 ], [ -121.96397, 37.48719 ], [ -121.96329, 37.48735 ], [ -121.96394, 37.48735 ] ] ], [ [ [ -121.94392, 37.4832 ], [ -121.94341, 37.48209 ], [ -121.94343, 37.48164 ], [ -121.94392, 37.48261 ], [ -121.94537, 37.48242 ], [ -121.94516, 37.48258 ], [ -121.94397, 37.48277 ], [ -121.94429, 37.4836 ], [ -121.94421, 37.4839 ], [ -121.94402, 37.48382 ], [ -121.94392, 37.4832 ] ] ], [ [ [ -121.96443, 37.48247 ], [ -121.96464, 37.48247 ], [ -121.96445, 37.48266 ], [ -121.96448, 37.48533 ], [ -121.96443, 37.48535 ], [ -121.9644, 37.48266 ], [ -121.96443, 37.48247 ] ] ], [ [ [ -121.9647, 37.48473 ], [ -121.96491, 37.4849 ], [ -121.96464, 37.48487 ], [ -121.96461, 37.48436 ], [ -121.9648, 37.48428 ], [ -121.96478, 37.48417 ], [ -121.96567, 37.48425 ], [ -121.96569, 37.48433 ], [ -121.9655, 37.48476 ], [ -121.96518, 37.48503 ], [ -121.96521, 37.4849 ], [ -121.96494, 37.48487 ], [ -121.96486, 37.48463 ], [ -121.9647, 37.48473 ] ] ], [ [ [ -121.96453, 37.48721 ], [ -121.96451, 37.48746 ], [ -121.96434, 37.48762 ], [ -121.96152, 37.48764 ], [ -121.96235, 37.48773 ], [ -121.96176, 37.48778 ], [ -121.96187, 37.48794 ], [ -121.96168, 37.48794 ], [ -121.96165, 37.48808 ], [ -121.96224, 37.4881 ], [ -121.96278, 37.48843 ], [ -121.96216, 37.48813 ], [ -121.96178, 37.48821 ], [ -121.96103, 37.4881 ], [ -121.96162, 37.48808 ], [ -121.96154, 37.488 ], [ -121.96046, 37.48802 ], [ -121.95877, 37.48845 ], [ -121.9582, 37.48899 ], [ -121.95812, 37.48894 ], [ -121.95941, 37.4877 ], [ -121.96111, 37.48764 ], [ -121.95939, 37.48762 ], [ -121.9592, 37.48778 ], [ -121.95424, 37.488 ], [ -121.95149, 37.48708 ], [ -121.9513, 37.48689 ], [ -121.95451, 37.48794 ], [ -121.95904, 37.4877 ], [ -121.95933, 37.48751 ], [ -121.96418, 37.48759 ], [ -121.96445, 37.4874 ], [ -121.96443, 37.48538 ], [ -121.96451, 37.48541 ], [ -121.96453, 37.48721 ] ], [ [ -121.95138, 37.48694 ], [ -121.95138, 37.48697 ], [ -121.95141, 37.48694 ], [ -121.95138, 37.48694 ] ], [ [ -121.96152, 37.48791 ], [ -121.96146, 37.48786 ], [ -121.96133, 37.48794 ], [ -121.96152, 37.48791 ] ] ], [ [ [ -121.98418, 37.48762 ], [ -121.98361, 37.48721 ], [ -121.98359, 37.48708 ], [ -121.98364, 37.48684 ], [ -121.98421, 37.48654 ], [ -121.98426, 37.48762 ], [ -121.98418, 37.48762 ] ], [ [ -121.98402, 37.48667 ], [ -121.98399, 37.48667 ], [ -121.98402, 37.4867 ], [ -121.98402, 37.48667 ] ] ], [ [ [ -121.95136, 37.48713 ], [ -121.95356, 37.48781 ], [ -121.95362, 37.48802 ], [ -121.95133, 37.48816 ], [ -121.95136, 37.48713 ] ] ], [ [ [ -121.98431, 37.48748 ], [ -121.98431, 37.48657 ], [ -121.98485, 37.48649 ], [ -121.9858, 37.4867 ], [ -121.9862, 37.48732 ], [ -121.98523, 37.48713 ], [ -121.98518, 37.48729 ], [ -121.9848, 37.48738 ], [ -121.9848, 37.48783 ], [ -121.98458, 37.48786 ], [ -121.98431, 37.48748 ] ] ], [ [ [ -121.98302, 37.49312 ], [ -121.98378, 37.49298 ], [ -121.98361, 37.49309 ], [ -121.98369, 37.49333 ], [ -121.98407, 37.49333 ], [ -121.98391, 37.4932 ], [ -121.98404, 37.49312 ], [ -121.98453, 37.49312 ], [ -121.98469, 37.49325 ], [ -121.98345, 37.49419 ], [ -121.98275, 37.49454 ], [ -121.98267, 37.49476 ], [ -121.98213, 37.49511 ], [ -121.98194, 37.49514 ], [ -121.98178, 37.49492 ], [ -121.98146, 37.49492 ], [ -121.9814, 37.49511 ], [ -121.98162, 37.49516 ], [ -121.9817, 37.49535 ], [ -121.98122, 37.4957 ], [ -121.98086, 37.4956 ], [ -121.98122, 37.49549 ], [ -121.98116, 37.49541 ], [ -121.98103, 37.49546 ], [ -121.98081, 37.49546 ], [ -121.9807, 37.49541 ], [ -121.98065, 37.49551 ], [ -121.98024, 37.49533 ], [ -121.98011, 37.49514 ], [ -121.98057, 37.49471 ], [ -121.98127, 37.49438 ], [ -121.98148, 37.49414 ], [ -121.98173, 37.49425 ], [ -121.98192, 37.49384 ], [ -121.98224, 37.49374 ], [ -121.98251, 37.49341 ], [ -121.98302, 37.49312 ] ], [ [ -121.98065, 37.49535 ], [ -121.98062, 37.49541 ], [ -121.9807, 37.49541 ], [ -121.98065, 37.49535 ] ], [ [ -121.98119, 37.49541 ], [ -121.9814, 37.49535 ], [ -121.9813, 37.49514 ], [ -121.98105, 37.49522 ], [ -121.98119, 37.49541 ] ], [ [ -121.98095, 37.49543 ], [ -121.98103, 37.49543 ], [ -121.98097, 37.49538 ], [ -121.98095, 37.49543 ] ], [ [ -121.9803, 37.4953 ], [ -121.9803, 37.49533 ], [ -121.98038, 37.4953 ], [ -121.9803, 37.4953 ] ], [ [ -121.98224, 37.4943 ], [ -121.98224, 37.49433 ], [ -121.98227, 37.4943 ], [ -121.98224, 37.4943 ] ], [ [ -121.98143, 37.49524 ], [ -121.98143, 37.49527 ], [ -121.98146, 37.49524 ], [ -121.98143, 37.49524 ] ], [ [ -121.98151, 37.49484 ], [ -121.98151, 37.49487 ], [ -121.98154, 37.49484 ], [ -121.98151, 37.49484 ] ], [ [ -121.98245, 37.49468 ], [ -121.98245, 37.49471 ], [ -121.98248, 37.49468 ], [ -121.98245, 37.49468 ] ], [ [ -121.98232, 37.49452 ], [ -121.98232, 37.49454 ], [ -121.98235, 37.49452 ], [ -121.98232, 37.49452 ] ], [ [ -121.98299, 37.49411 ], [ -121.98299, 37.49414 ], [ -121.98305, 37.49411 ], [ -121.98299, 37.49411 ] ], [ [ -121.98116, 37.49508 ], [ -121.98116, 37.49514 ], [ -121.98119, 37.49508 ], [ -121.98116, 37.49508 ] ], [ [ -121.98167, 37.49441 ], [ -121.98167, 37.49446 ], [ -121.9817, 37.49441 ], [ -121.98167, 37.49441 ] ], [ [ -121.98197, 37.49492 ], [ -121.98197, 37.49495 ], [ -121.98202, 37.49492 ], [ -121.98197, 37.49492 ] ], [ [ -121.98078, 37.49468 ], [ -121.98078, 37.49473 ], [ -121.98084, 37.49468 ], [ -121.98078, 37.49468 ] ], [ [ -121.98205, 37.49479 ], [ -121.98208, 37.49471 ], [ -121.98202, 37.49479 ], [ -121.98205, 37.49479 ] ], [ [ -121.98245, 37.49457 ], [ -121.98245, 37.49462 ], [ -121.98251, 37.49457 ], [ -121.98245, 37.49457 ] ], [ [ -121.98221, 37.49446 ], [ -121.98224, 37.49452 ], [ -121.98229, 37.49446 ], [ -121.98221, 37.49446 ] ], [ [ -121.98154, 37.49522 ], [ -121.98154, 37.49533 ], [ -121.98159, 37.49527 ], [ -121.98154, 37.49522 ] ], [ [ -121.98224, 37.49468 ], [ -121.98227, 37.49462 ], [ -121.98216, 37.49468 ], [ -121.98224, 37.49468 ] ], [ [ -121.98192, 37.49441 ], [ -121.98192, 37.49446 ], [ -121.98205, 37.49441 ], [ -121.98192, 37.49441 ] ], [ [ -121.98103, 37.49516 ], [ -121.98097, 37.49516 ], [ -121.981, 37.49533 ], [ -121.98103, 37.49516 ] ], [ [ -121.98143, 37.49468 ], [ -121.98135, 37.49468 ], [ -121.9814, 37.49481 ], [ -121.98143, 37.49468 ] ], [ [ -121.98103, 37.49557 ], [ -121.98111, 37.49565 ], [ -121.9813, 37.49557 ], [ -121.98103, 37.49557 ] ], [ [ -121.98167, 37.49465 ], [ -121.9817, 37.49465 ], [ -121.98167, 37.49462 ], [ -121.98167, 37.49465 ] ], [ [ -121.98167, 37.49457 ], [ -121.98154, 37.49454 ], [ -121.98138, 37.49465 ], [ -121.98162, 37.49471 ], [ -121.98167, 37.49457 ] ], [ [ -121.98127, 37.49487 ], [ -121.98103, 37.49479 ], [ -121.98132, 37.49503 ], [ -121.98127, 37.49487 ] ], [ [ -121.98113, 37.49452 ], [ -121.98113, 37.49449 ], [ -121.98111, 37.49452 ], [ -121.98113, 37.49452 ] ], [ [ -121.98119, 37.49457 ], [ -121.98148, 37.49444 ], [ -121.98116, 37.49457 ], [ -121.98105, 37.49452 ], [ -121.98084, 37.49481 ], [ -121.98095, 37.49514 ], [ -121.98108, 37.49514 ], [ -121.98111, 37.495 ], [ -121.98095, 37.49476 ], [ -121.98103, 37.49468 ], [ -121.9813, 37.49473 ], [ -121.98119, 37.49457 ] ], [ [ -121.98116, 37.49495 ], [ -121.98111, 37.49498 ], [ -121.98111, 37.495 ], [ -121.98116, 37.49495 ] ] ], [ [ [ -121.99124, 37.4943 ], [ -121.99186, 37.49433 ], [ -121.99631, 37.49842 ], [ -121.99569, 37.49867 ], [ -121.99439, 37.49861 ], [ -121.99412, 37.49869 ], [ -121.99415, 37.49856 ], [ -121.99402, 37.49867 ], [ -121.9931, 37.4981 ], [ -121.99243, 37.49802 ], [ -121.99216, 37.49813 ], [ -121.99205, 37.49802 ], [ -121.99208, 37.49816 ], [ -121.99224, 37.49821 ], [ -121.99213, 37.49824 ], [ -121.98957, 37.49578 ], [ -121.98989, 37.49597 ], [ -121.98984, 37.49584 ], [ -121.99, 37.49586 ], [ -121.99, 37.49557 ], [ -121.99032, 37.49554 ], [ -121.99032, 37.49546 ], [ -121.99014, 37.4953 ], [ -121.99, 37.49543 ], [ -121.98992, 37.49524 ], [ -121.99032, 37.49492 ], [ -121.99124, 37.4943 ] ], [ [ -121.99202, 37.49799 ], [ -121.99202, 37.49802 ], [ -121.99205, 37.49802 ], [ -121.99202, 37.49799 ] ], [ [ -121.98997, 37.49589 ], [ -121.98997, 37.49586 ], [ -121.98995, 37.49589 ], [ -121.98997, 37.49589 ] ], [ [ -121.99, 37.49592 ], [ -121.99, 37.49589 ], [ -121.98997, 37.49589 ], [ -121.99, 37.49592 ] ], [ [ -121.99065, 37.49608 ], [ -121.99067, 37.49608 ], [ -121.99065, 37.49605 ], [ -121.99065, 37.49608 ] ], [ [ -121.99014, 37.49573 ], [ -121.99016, 37.49573 ], [ -121.99014, 37.4957 ], [ -121.99014, 37.49573 ] ], [ [ -121.99129, 37.49597 ], [ -121.99132, 37.49597 ], [ -121.99129, 37.49595 ], [ -121.99129, 37.49597 ] ], [ [ -121.99178, 37.49538 ], [ -121.99181, 37.49538 ], [ -121.99178, 37.49535 ], [ -121.99178, 37.49538 ] ], [ [ -121.99076, 37.49651 ], [ -121.99078, 37.49651 ], [ -121.99076, 37.49648 ], [ -121.99076, 37.49651 ] ], [ [ -121.99005, 37.49562 ], [ -121.99008, 37.49562 ], [ -121.99005, 37.4956 ], [ -121.99005, 37.49562 ] ], [ [ -121.99108, 37.49651 ], [ -121.99111, 37.49651 ], [ -121.99108, 37.49648 ], [ -121.99108, 37.49651 ] ], [ [ -121.99014, 37.49584 ], [ -121.99016, 37.49584 ], [ -121.99014, 37.49581 ], [ -121.99014, 37.49584 ] ], [ [ -121.99151, 37.49562 ], [ -121.99154, 37.49562 ], [ -121.99151, 37.4956 ], [ -121.99151, 37.49562 ] ], [ [ -121.99129, 37.4963 ], [ -121.99132, 37.4963 ], [ -121.99129, 37.49627 ], [ -121.99129, 37.4963 ] ], [ [ -121.99129, 37.49683 ], [ -121.99132, 37.49683 ], [ -121.99129, 37.49681 ], [ -121.99129, 37.49683 ] ], [ [ -121.99221, 37.49613 ], [ -121.99224, 37.49613 ], [ -121.99221, 37.49611 ], [ -121.99221, 37.49613 ] ], [ [ -121.99038, 37.49611 ], [ -121.9904, 37.49611 ], [ -121.99038, 37.49608 ], [ -121.99038, 37.49611 ] ], [ [ -121.99081, 37.4964 ], [ -121.99084, 37.4964 ], [ -121.99081, 37.49638 ], [ -121.99081, 37.4964 ] ], [ [ -121.99051, 37.4963 ], [ -121.99054, 37.4963 ], [ -121.99051, 37.49627 ], [ -121.99051, 37.4963 ] ], [ [ -121.99221, 37.496 ], [ -121.99224, 37.496 ], [ -121.99221, 37.49597 ], [ -121.99221, 37.496 ] ], [ [ -121.99132, 37.49646 ], [ -121.99135, 37.49646 ], [ -121.99132, 37.49643 ], [ -121.99132, 37.49646 ] ], [ [ -121.99049, 37.49562 ], [ -121.99054, 37.49562 ], [ -121.99049, 37.4956 ], [ -121.99049, 37.49562 ] ], [ [ -121.99218, 37.49608 ], [ -121.99224, 37.49608 ], [ -121.99218, 37.49605 ], [ -121.99218, 37.49608 ] ], [ [ -121.9907, 37.49616 ], [ -121.99076, 37.49616 ], [ -121.9907, 37.49613 ], [ -121.9907, 37.49616 ] ], [ [ -121.99151, 37.49673 ], [ -121.99156, 37.49673 ], [ -121.99151, 37.4967 ], [ -121.99151, 37.49673 ] ], [ [ -121.99035, 37.49573 ], [ -121.99038, 37.49573 ], [ -121.99035, 37.49568 ], [ -121.99035, 37.49573 ] ], [ [ -121.99078, 37.49667 ], [ -121.99081, 37.49667 ], [ -121.99078, 37.49662 ], [ -121.99078, 37.49667 ] ], [ [ -121.991, 37.49592 ], [ -121.99102, 37.49592 ], [ -121.991, 37.49586 ], [ -121.991, 37.49592 ] ], [ [ -121.99119, 37.49638 ], [ -121.99124, 37.49638 ], [ -121.99119, 37.49635 ], [ -121.99119, 37.49638 ] ], [ [ -121.99067, 37.49654 ], [ -121.99065, 37.49654 ], [ -121.99067, 37.49657 ], [ -121.99067, 37.49654 ] ], [ [ -121.99065, 37.49659 ], [ -121.99065, 37.49657 ], [ -121.99062, 37.49659 ], [ -121.99065, 37.49659 ] ], [ [ -121.99143, 37.49675 ], [ -121.99148, 37.49675 ], [ -121.99143, 37.49673 ], [ -121.99143, 37.49675 ] ], [ [ -121.99116, 37.49589 ], [ -121.99119, 37.49589 ], [ -121.99116, 37.49584 ], [ -121.99116, 37.49589 ] ], [ [ -121.99105, 37.49605 ], [ -121.99111, 37.49603 ], [ -121.99105, 37.496 ], [ -121.99105, 37.49605 ] ], [ [ -121.99054, 37.49592 ], [ -121.99051, 37.49589 ], [ -121.99049, 37.49592 ], [ -121.99054, 37.49592 ] ], [ [ -121.99162, 37.4967 ], [ -121.99162, 37.49667 ], [ -121.99159, 37.4967 ], [ -121.99162, 37.4967 ] ], [ [ -121.99154, 37.49667 ], [ -121.99159, 37.49667 ], [ -121.99154, 37.49665 ], [ -121.99154, 37.49667 ] ], [ [ -121.99191, 37.4953 ], [ -121.99194, 37.4953 ], [ -121.99191, 37.49524 ], [ -121.99191, 37.4953 ] ], [ [ -121.99213, 37.49538 ], [ -121.99218, 37.49538 ], [ -121.99213, 37.49533 ], [ -121.99213, 37.49538 ] ], [ [ -121.99051, 37.49621 ], [ -121.99054, 37.49621 ], [ -121.99049, 37.49613 ], [ -121.99051, 37.49621 ] ], [ [ -121.99251, 37.4957 ], [ -121.99253, 37.49573 ], [ -121.99259, 37.49573 ], [ -121.99251, 37.4957 ] ], [ [ -121.99202, 37.49616 ], [ -121.9921, 37.49616 ], [ -121.99202, 37.49611 ], [ -121.99202, 37.49616 ] ], [ [ -121.99226, 37.49616 ], [ -121.99232, 37.49616 ], [ -121.99226, 37.49611 ], [ -121.99226, 37.49616 ] ], [ [ -121.99108, 37.49654 ], [ -121.99113, 37.49657 ], [ -121.99119, 37.49654 ], [ -121.99108, 37.49654 ] ], [ [ -121.99051, 37.4957 ], [ -121.99057, 37.4957 ], [ -121.99051, 37.49565 ], [ -121.99051, 37.4957 ] ], [ [ -121.99094, 37.49651 ], [ -121.99097, 37.49646 ], [ -121.99089, 37.49651 ], [ -121.99094, 37.49651 ] ], [ [ -121.99065, 37.49592 ], [ -121.99062, 37.49592 ], [ -121.99067, 37.49603 ], [ -121.99065, 37.49592 ] ], [ [ -121.99146, 37.4964 ], [ -121.99148, 37.49635 ], [ -121.99143, 37.4964 ], [ -121.99146, 37.4964 ] ], [ [ -121.99138, 37.49635 ], [ -121.99143, 37.49635 ], [ -121.99138, 37.4963 ], [ -121.99138, 37.49635 ] ], [ [ -121.99183, 37.49657 ], [ -121.99178, 37.49657 ], [ -121.99183, 37.49659 ], [ -121.99183, 37.49657 ] ], [ [ -121.99178, 37.49662 ], [ -121.99178, 37.49659 ], [ -121.99173, 37.49665 ], [ -121.99178, 37.49662 ] ], [ [ -121.99164, 37.49659 ], [ -121.9917, 37.49659 ], [ -121.99164, 37.49657 ], [ -121.99164, 37.49659 ] ], [ [ -121.99229, 37.49586 ], [ -121.99226, 37.49576 ], [ -121.99224, 37.49586 ], [ -121.99229, 37.49586 ] ], [ [ -121.99035, 37.49565 ], [ -121.99051, 37.49557 ], [ -121.99051, 37.49554 ], [ -121.99038, 37.49554 ], [ -121.99035, 37.49565 ] ], [ [ -121.99135, 37.49457 ], [ -121.99143, 37.49454 ], [ -121.99132, 37.49449 ], [ -121.99135, 37.49457 ] ], [ [ -121.99183, 37.49551 ], [ -121.99197, 37.49549 ], [ -121.99186, 37.49543 ], [ -121.99183, 37.49551 ] ], [ [ -121.9903, 37.49589 ], [ -121.99043, 37.49586 ], [ -121.9903, 37.49586 ], [ -121.9903, 37.49589 ] ], [ [ -121.99027, 37.49581 ], [ -121.99035, 37.49581 ], [ -121.99027, 37.49578 ], [ -121.99027, 37.49581 ] ], [ [ -121.99054, 37.49643 ], [ -121.99067, 37.4964 ], [ -121.99057, 37.49635 ], [ -121.99054, 37.49643 ] ], [ [ -121.99235, 37.49592 ], [ -121.99243, 37.496 ], [ -121.99251, 37.49597 ], [ -121.99235, 37.49592 ] ], [ [ -121.99151, 37.49565 ], [ -121.99135, 37.49562 ], [ -121.99148, 37.49573 ], [ -121.99151, 37.49565 ] ], [ [ -121.99167, 37.49584 ], [ -121.99159, 37.49573 ], [ -121.99148, 37.49576 ], [ -121.99156, 37.49586 ], [ -121.99167, 37.49584 ] ], [ [ -121.99102, 37.49651 ], [ -121.99089, 37.49659 ], [ -121.99111, 37.4967 ], [ -121.99102, 37.49651 ] ], [ [ -121.99132, 37.49562 ], [ -121.99121, 37.49546 ], [ -121.99111, 37.49551 ], [ -121.99119, 37.49565 ], [ -121.99132, 37.49562 ] ], [ [ -121.99146, 37.49657 ], [ -121.99159, 37.49657 ], [ -121.99159, 37.49638 ], [ -121.99143, 37.49643 ], [ -121.99146, 37.49657 ] ], [ [ -121.99008, 37.49613 ], [ -121.99057, 37.49654 ], [ -121.9903, 37.49608 ], [ -121.99014, 37.49603 ], [ -121.99014, 37.49608 ], [ -121.99008, 37.49613 ] ], [ [ -121.99011, 37.496 ], [ -121.99011, 37.49603 ], [ -121.99014, 37.49603 ], [ -121.99011, 37.496 ] ], [ [ -121.99, 37.49603 ], [ -121.99003, 37.49608 ], [ -121.99005, 37.49603 ], [ -121.99, 37.49603 ] ], [ [ -121.99094, 37.49603 ], [ -121.99084, 37.49592 ], [ -121.99102, 37.49573 ], [ -121.99084, 37.49562 ], [ -121.99059, 37.49573 ], [ -121.99076, 37.49595 ], [ -121.99078, 37.49611 ], [ -121.99094, 37.49603 ] ], [ [ -121.99065, 37.49589 ], [ -121.99065, 37.49584 ], [ -121.99062, 37.49589 ], [ -121.99065, 37.49589 ] ], [ [ -121.99076, 37.49605 ], [ -121.99076, 37.49603 ], [ -121.99073, 37.49605 ], [ -121.99076, 37.49605 ] ], [ [ -121.99108, 37.49492 ], [ -121.99111, 37.49524 ], [ -121.9914, 37.49535 ], [ -121.99146, 37.49527 ], [ -121.99132, 37.49524 ], [ -121.99159, 37.49519 ], [ -121.99173, 37.49484 ], [ -121.99129, 37.49468 ], [ -121.99108, 37.49492 ] ] ], [ [ [ -121.98873, 37.49589 ], [ -121.98456, 37.49837 ], [ -121.98849, 37.49595 ], [ -121.98871, 37.49584 ], [ -121.98898, 37.49584 ], [ -121.98895, 37.49568 ], [ -121.9893, 37.49595 ], [ -121.98919, 37.49603 ], [ -121.989, 37.49589 ], [ -121.98873, 37.49589 ] ] ], [ [ [ -121.98989, 37.49762 ], [ -121.98943, 37.49759 ], [ -121.98965, 37.49743 ], [ -121.98954, 37.49743 ], [ -121.98952, 37.4971 ], [ -121.98919, 37.49697 ], [ -121.98941, 37.49683 ], [ -121.98938, 37.49667 ], [ -121.9903, 37.49762 ], [ -121.98995, 37.4978 ], [ -121.98989, 37.49797 ], [ -121.98979, 37.49772 ], [ -121.98989, 37.49762 ] ], [ [ -121.98965, 37.49737 ], [ -121.98965, 37.49735 ], [ -121.9896, 37.49737 ], [ -121.98965, 37.49737 ] ] ], [ [ [ -121.95448, 37.49789 ], [ -121.95381, 37.49737 ], [ -121.95375, 37.49702 ], [ -121.95402, 37.4974 ], [ -121.95462, 37.49786 ], [ -121.95497, 37.49842 ], [ -121.95602, 37.49923 ], [ -121.95604, 37.49996 ], [ -121.95599, 37.49934 ], [ -121.95583, 37.4991 ], [ -121.95483, 37.49837 ], [ -121.95483, 37.49907 ], [ -121.95456, 37.5001 ], [ -121.95432, 37.50055 ], [ -121.95459, 37.49985 ], [ -121.9548, 37.49851 ], [ -121.95448, 37.49789 ] ] ], [ [ [ -121.99049, 37.49851 ], [ -121.99043, 37.49907 ], [ -121.9903, 37.49886 ], [ -121.9904, 37.49859 ], [ -121.99016, 37.49878 ], [ -121.99011, 37.49869 ], [ -121.99049, 37.49832 ], [ -121.99003, 37.49864 ], [ -121.99011, 37.4984 ], [ -121.99067, 37.49789 ], [ -121.99119, 37.49834 ], [ -121.99119, 37.49853 ], [ -121.991, 37.49856 ], [ -121.99105, 37.49875 ], [ -121.99049, 37.49851 ] ], [ [ -121.99054, 37.49824 ], [ -121.99049, 37.49824 ], [ -121.99049, 37.49832 ], [ -121.99054, 37.49824 ] ], [ [ -121.99076, 37.49807 ], [ -121.99076, 37.49805 ], [ -121.99073, 37.49807 ], [ -121.99076, 37.49807 ] ], [ [ -121.99105, 37.49848 ], [ -121.99108, 37.49848 ], [ -121.99102, 37.49842 ], [ -121.99105, 37.49848 ] ] ], [ [ [ -121.99272, 37.50166 ], [ -121.99245, 37.50155 ], [ -121.99208, 37.50104 ], [ -121.99156, 37.5008 ], [ -121.99175, 37.50066 ], [ -121.99199, 37.50085 ], [ -121.99232, 37.50082 ], [ -121.99259, 37.50058 ], [ -121.99256, 37.50045 ], [ -121.99213, 37.50039 ], [ -121.99216, 37.50074 ], [ -121.99181, 37.50066 ], [ -121.99156, 37.50039 ], [ -121.99146, 37.50072 ], [ -121.99124, 37.50066 ], [ -121.9914, 37.50034 ], [ -121.99199, 37.50034 ], [ -121.99199, 37.5002 ], [ -121.99167, 37.50018 ], [ -121.99154, 37.50001 ], [ -121.99205, 37.49902 ], [ -121.99235, 37.49878 ], [ -121.99291, 37.4991 ], [ -121.99372, 37.49985 ], [ -121.99439, 37.50053 ], [ -121.99445, 37.50072 ], [ -121.9941, 37.50045 ], [ -121.99458, 37.50101 ], [ -121.99464, 37.50158 ], [ -121.99402, 37.50241 ], [ -121.99391, 37.50225 ], [ -121.99361, 37.5022 ], [ -121.99364, 37.50206 ], [ -121.9934, 37.50206 ], [ -121.99345, 37.50187 ], [ -121.99329, 37.5019 ], [ -121.9934, 37.50179 ], [ -121.99318, 37.50182 ], [ -121.99315, 37.50163 ], [ -121.99278, 37.5015 ], [ -121.99272, 37.50166 ] ], [ [ -121.99243, 37.50136 ], [ -121.99243, 37.50139 ], [ -121.99245, 37.50136 ], [ -121.99243, 37.50136 ] ], [ [ -121.99367, 37.50212 ], [ -121.99367, 37.50214 ], [ -121.99369, 37.50212 ], [ -121.99367, 37.50212 ] ], [ [ -121.99385, 37.5002 ], [ -121.99385, 37.50023 ], [ -121.99388, 37.5002 ], [ -121.99385, 37.5002 ] ], [ [ -121.9941, 37.50206 ], [ -121.9941, 37.50212 ], [ -121.99412, 37.50206 ], [ -121.9941, 37.50206 ] ], [ [ -121.99447, 37.50123 ], [ -121.99447, 37.5012 ], [ -121.99442, 37.50117 ], [ -121.99447, 37.50123 ] ], [ [ -121.99345, 37.49985 ], [ -121.99348, 37.49985 ], [ -121.99345, 37.49983 ], [ -121.99345, 37.49985 ] ], [ [ -121.99334, 37.49975 ], [ -121.99337, 37.49983 ], [ -121.9934, 37.49975 ], [ -121.99334, 37.49975 ] ], [ [ -121.99353, 37.50125 ], [ -121.99367, 37.5012 ], [ -121.99353, 37.50107 ], [ -121.99353, 37.50125 ] ], [ [ -121.9935, 37.50128 ], [ -121.99353, 37.50128 ], [ -121.99353, 37.50125 ], [ -121.9935, 37.50128 ] ], [ [ -121.99302, 37.50061 ], [ -121.99291, 37.50047 ], [ -121.99272, 37.50045 ], [ -121.99286, 37.50058 ], [ -121.99302, 37.50061 ] ], [ [ -121.99394, 37.50179 ], [ -121.99375, 37.50182 ], [ -121.9941, 37.50193 ], [ -121.99394, 37.50179 ] ], [ [ -121.99367, 37.50179 ], [ -121.99367, 37.50182 ], [ -121.99375, 37.50182 ], [ -121.99367, 37.50179 ] ], [ [ -121.99334, 37.50125 ], [ -121.99321, 37.50109 ], [ -121.99299, 37.50107 ], [ -121.99307, 37.50128 ], [ -121.99334, 37.50125 ] ], [ [ -121.99383, 37.50142 ], [ -121.99326, 37.5016 ], [ -121.9941, 37.5015 ], [ -121.99396, 37.50128 ], [ -121.99383, 37.50142 ] ], [ [ -121.99229, 37.50115 ], [ -121.99235, 37.50104 ], [ -121.99288, 37.50107 ], [ -121.99291, 37.50096 ], [ -121.9924, 37.50085 ], [ -121.99216, 37.50109 ], [ -121.99229, 37.50115 ] ], [ [ -121.9945, 37.50128 ], [ -121.99407, 37.50163 ], [ -121.99434, 37.50193 ], [ -121.9945, 37.50171 ], [ -121.9945, 37.50128 ] ] ], [ [ [ -121.9907, 37.50171 ], [ -121.99086, 37.50171 ], [ -121.99164, 37.50247 ], [ -121.99164, 37.50257 ], [ -121.99035, 37.50241 ], [ -121.9907, 37.50171 ] ] ], [ [ [ -121.99469, 37.5009 ], [ -121.99472, 37.5008 ], [ -121.99774, 37.50368 ], [ -121.99782, 37.50381 ], [ -121.99631, 37.50252 ], [ -121.99774, 37.50395 ], [ -121.99776, 37.50416 ], [ -121.99741, 37.50411 ], [ -121.99741, 37.50392 ], [ -121.99728, 37.50387 ], [ -121.99717, 37.50403 ], [ -121.99706, 37.50406 ], [ -121.99685, 37.504 ], [ -121.99674, 37.50403 ], [ -121.99682, 37.50419 ], [ -121.99733, 37.50419 ], [ -121.9973, 37.50441 ], [ -121.99695, 37.50443 ], [ -121.99679, 37.50425 ], [ -121.99682, 37.50454 ], [ -121.9965, 37.50438 ], [ -121.99617, 37.50441 ], [ -121.99631, 37.504 ], [ -121.99658, 37.50408 ], [ -121.99666, 37.50398 ], [ -121.99631, 37.5039 ], [ -121.99636, 37.50371 ], [ -121.99625, 37.50365 ], [ -121.99582, 37.50387 ], [ -121.99566, 37.50373 ], [ -121.99555, 37.50379 ], [ -121.99566, 37.50392 ], [ -121.99504, 37.50411 ], [ -121.99501, 37.50395 ], [ -121.99442, 37.50368 ], [ -121.99458, 37.50357 ], [ -121.99488, 37.50368 ], [ -121.99501, 37.50365 ], [ -121.99488, 37.50363 ], [ -121.99493, 37.50344 ], [ -121.99469, 37.50319 ], [ -121.99474, 37.50306 ], [ -121.99453, 37.50322 ], [ -121.9945, 37.5029 ], [ -121.99429, 37.50303 ], [ -121.99412, 37.50282 ], [ -121.99429, 37.50257 ], [ -121.99399, 37.50276 ], [ -121.99396, 37.50268 ], [ -121.99469, 37.50171 ], [ -121.99472, 37.50112 ], [ -121.99491, 37.5012 ], [ -121.99469, 37.5009 ] ], [ [ -121.99628, 37.50249 ], [ -121.99628, 37.50252 ], [ -121.99631, 37.50252 ], [ -121.99628, 37.50249 ] ], [ [ -121.9966, 37.50276 ], [ -121.99663, 37.50274 ], [ -121.9966, 37.50274 ], [ -121.9966, 37.50276 ] ], [ [ -121.99636, 37.5039 ], [ -121.99641, 37.50387 ], [ -121.99636, 37.50387 ], [ -121.99636, 37.5039 ] ], [ [ -121.99488, 37.50336 ], [ -121.99491, 37.50333 ], [ -121.99488, 37.50333 ], [ -121.99488, 37.50336 ] ], [ [ -121.99453, 37.50306 ], [ -121.99456, 37.50309 ], [ -121.99456, 37.50306 ], [ -121.99453, 37.50306 ] ], [ [ -121.99544, 37.50338 ], [ -121.99542, 37.50336 ], [ -121.99542, 37.50338 ], [ -121.99544, 37.50338 ] ], [ [ -121.9952, 37.50317 ], [ -121.99517, 37.50314 ], [ -121.99517, 37.50317 ], [ -121.9952, 37.50317 ] ], [ [ -121.99547, 37.50325 ], [ -121.99544, 37.50322 ], [ -121.99544, 37.50325 ], [ -121.99547, 37.50325 ] ], [ [ -121.99456, 37.50293 ], [ -121.99453, 37.5029 ], [ -121.99453, 37.50293 ], [ -121.99456, 37.50293 ] ], [ [ -121.99499, 37.50128 ], [ -121.99496, 37.50125 ], [ -121.99496, 37.50128 ], [ -121.99499, 37.50128 ] ], [ [ -121.99542, 37.50371 ], [ -121.99539, 37.50368 ], [ -121.99539, 37.50371 ], [ -121.99542, 37.50371 ] ], [ [ -121.9955, 37.50379 ], [ -121.99544, 37.50376 ], [ -121.99544, 37.50379 ], [ -121.9955, 37.50379 ] ], [ [ -121.99606, 37.50365 ], [ -121.99601, 37.50363 ], [ -121.99601, 37.50365 ], [ -121.99606, 37.50365 ] ], [ [ -121.99658, 37.50392 ], [ -121.99652, 37.5039 ], [ -121.99652, 37.50392 ], [ -121.99658, 37.50392 ] ], [ [ -121.9945, 37.50274 ], [ -121.99453, 37.50276 ], [ -121.99453, 37.50274 ], [ -121.9945, 37.50274 ] ], [ [ -121.9945, 37.50276 ], [ -121.99445, 37.50279 ], [ -121.9945, 37.50279 ], [ -121.9945, 37.50276 ] ], [ [ -121.99534, 37.50357 ], [ -121.99536, 37.50368 ], [ -121.99536, 37.50357 ], [ -121.99534, 37.50357 ] ], [ [ -121.99431, 37.50282 ], [ -121.99426, 37.50276 ], [ -121.99426, 37.50282 ], [ -121.99431, 37.50282 ] ], [ [ -121.99547, 37.50328 ], [ -121.99542, 37.5033 ], [ -121.99547, 37.5033 ], [ -121.99547, 37.50328 ] ], [ [ -121.99542, 37.50328 ], [ -121.99536, 37.50322 ], [ -121.99534, 37.50328 ], [ -121.99542, 37.50328 ] ], [ [ -121.99609, 37.50231 ], [ -121.99606, 37.50233 ], [ -121.99609, 37.50233 ], [ -121.99609, 37.50231 ] ], [ [ -121.99606, 37.50231 ], [ -121.99604, 37.50228 ], [ -121.99604, 37.50231 ], [ -121.99606, 37.50231 ] ], [ [ -121.99601, 37.50225 ], [ -121.99601, 37.50228 ], [ -121.99604, 37.50228 ], [ -121.99601, 37.50225 ] ], [ [ -121.99598, 37.50222 ], [ -121.99598, 37.50225 ], [ -121.99601, 37.50225 ], [ -121.99598, 37.50222 ] ], [ [ -121.99596, 37.5022 ], [ -121.99596, 37.50222 ], [ -121.99598, 37.50222 ], [ -121.99596, 37.5022 ] ], [ [ -121.99593, 37.50217 ], [ -121.99593, 37.5022 ], [ -121.99596, 37.5022 ], [ -121.99593, 37.50217 ] ], [ [ -121.9959, 37.50214 ], [ -121.9959, 37.50217 ], [ -121.99593, 37.50217 ], [ -121.9959, 37.50214 ] ], [ [ -121.99588, 37.50212 ], [ -121.99588, 37.50214 ], [ -121.9959, 37.50214 ], [ -121.99588, 37.50212 ] ], [ [ -121.99585, 37.50209 ], [ -121.99585, 37.50212 ], [ -121.99588, 37.50212 ], [ -121.99585, 37.50209 ] ], [ [ -121.99582, 37.50206 ], [ -121.99582, 37.50209 ], [ -121.99585, 37.50209 ], [ -121.99582, 37.50206 ] ], [ [ -121.99579, 37.50204 ], [ -121.99579, 37.50206 ], [ -121.99582, 37.50206 ], [ -121.99579, 37.50204 ] ], [ [ -121.99577, 37.50201 ], [ -121.99577, 37.50204 ], [ -121.99579, 37.50204 ], [ -121.99577, 37.50201 ] ], [ [ -121.99528, 37.50376 ], [ -121.99526, 37.50363 ], [ -121.99515, 37.50365 ], [ -121.99528, 37.50376 ] ], [ [ -121.99585, 37.50355 ], [ -121.99579, 37.50357 ], [ -121.99585, 37.50357 ], [ -121.99585, 37.50355 ] ], [ [ -121.99569, 37.50333 ], [ -121.9955, 37.50322 ], [ -121.9955, 37.50346 ], [ -121.99579, 37.50352 ], [ -121.99569, 37.50333 ] ], [ [ -121.99574, 37.50355 ], [ -121.99569, 37.5036 ], [ -121.99574, 37.5036 ], [ -121.99574, 37.50355 ] ] ] ] } }
]
}
