{
"type": "FeatureCollection",
"name": "roads",
"crs": { "type": "name", "properties": { "name": "urn:ogc:def:crs:OGC:1.3:CRS84" } },
"xy_coordinate_resolution": 1e-05,
"features": [
{ "type": "Feature", "properties": { "n": "", "cm": 2.5, "ch": 2.5 }, "geometry": { "type": "MultiLineString", "coordinates": [ [ [ -122.30988, 37.77966 ], [ -122.30935, 37.77962 ] ], [ [ -122.30496, 37.78888 ], [ -122.30487, 37.78985 ] ], [ [ -122.29896, 37.78704 ], [ -122.29895, 37.78715 ] ], [ [ -122.27619, 37.78444 ], [ -122.27623, 37.78444 ], [ -122.27627, 37.78446 ], [ -122.2763, 37.78448 ], [ -122.27631, 37.78452 ] ], [ [ -122.27608, 37.78454 ], [ -122.2761, 37.7845 ], [ -122.27612, 37.78447 ] ] ] } },
{ "type": "Feature", "properties": { "n": "", "cm": 1.9, "ch": 1.9 }, "geometry": { "type": "MultiLineString", "coordinates": [ [ [ -122.31018, 37.77964 ], [ -122.31003, 37.77965 ] ], [ [ -122.20635, 37.75272 ], [ -122.20684, 37.75319 ] ] ] } },
{ "type": "Feature", "properties": { "n": "", "cm": 2.9, "ch": 2.9 }, "geometry": { "type": "MultiLineString", "coordinates": [ [ [ -122.27703, 37.7843 ], [ -122.27699, 37.78421 ] ], [ [ -122.27586, 37.78373 ], [ -122.27594, 37.78395 ], [ -122.27598, 37.78404 ] ], [ [ -122.1969, 37.74208 ], [ -122.19706, 37.74206 ] ] ] } },
{ "type": "Feature", "properties": { "n": "", "cm": 2.8, "ch": 2.8 }, "geometry": { "type": "MultiLineString", "coordinates": [ [ [ -122.27707, 37.7835 ], [ -122.27711, 37.7835 ] ], [ [ -122.19706, 37.74206 ], [ -122.19718, 37.74207 ] ] ] } },
{ "type": "Feature", "properties": { "n": "Tobago Lane", "cm": 2.2, "ch": null }, "geometry": { "type": "LineString", "coordinates": [ [ -122.23523, 37.73358 ], [ -122.23556, 37.73316 ], [ -122.23574, 37.73292 ] ] } },
{ "type": "Feature", "properties": { "n": "Bridge View Isle", "cm": 2.8, "ch": 2.8 }, "geometry": { "type": "LineString", "coordinates": [ [ -122.23714, 37.75057 ], [ -122.23687, 37.75038 ] ] } },
{ "type": "Feature", "properties": { "n": "Damon Court", "cm": 2.7, "ch": 2.7 }, "geometry": { "type": "LineString", "coordinates": [ [ -122.24229, 37.74513 ], [ -122.2424, 37.74504 ], [ -122.24274, 37.74492 ] ] } },
{ "type": "Feature", "properties": { "n": "Lemoore Road", "cm": 2.7, "ch": 2.7 }, "geometry": { "type": "LineString", "coordinates": [ [ -122.29545, 37.78756 ], [ -122.29509, 37.78726 ] ] } },
{ "type": "Feature", "properties": { "n": "Mangrove Lane", "cm": 2.2, "ch": null }, "geometry": { "type": "MultiLineString", "coordinates": [ [ [ -122.23382, 37.73182 ], [ -122.23387, 37.73178 ], [ -122.23392, 37.73172 ], [ -122.23399, 37.73162 ], [ -122.2342, 37.73135 ] ], [ [ -122.23364, 37.73192 ], [ -122.2337, 37.73189 ], [ -122.23375, 37.73187 ] ] ] } },
{ "type": "Feature", "properties": { "n": "Mangrove Lane", "cm": 2.4, "ch": null }, "geometry": { "type": "LineString", "coordinates": [ [ -122.23375, 37.73187 ], [ -122.23382, 37.73182 ] ] } },
{ "type": "Feature", "properties": { "n": "Mangrove Lane", "cm": 2.6, "ch": null }, "geometry": { "type": "LineString", "coordinates": [ [ -122.2342, 37.73135 ], [ -122.23447, 37.73099 ] ] } },
{ "type": "Feature", "properties": { "n": "Mangrove Lane", "cm": 2.9, "ch": null }, "geometry": { "type": "LineString", "coordinates": [ [ -122.23447, 37.73099 ], [ -122.23455, 37.73088 ] ] } },
{ "type": "Feature", "properties": { "n": "West Midway Avenue", "cm": 1.8, "ch": 1.8 }, "geometry": { "type": "LineString", "coordinates": [ [ -122.2914, 37.78489 ], [ -122.29157, 37.78489 ] ] } },
{ "type": "Feature", "properties": { "n": "West Midway Avenue", "cm": 2.5, "ch": 2.5 }, "geometry": { "type": "LineString", "coordinates": [ [ -122.29157, 37.78489 ], [ -122.29172, 37.7849 ] ] } },
{ "type": "Feature", "properties": { "n": "West Midway Avenue", "cm": 2.9, "ch": 2.9 }, "geometry": { "type": "LineString", "coordinates": [ [ -122.29172, 37.7849 ], [ -122.29313, 37.78496 ] ] } },
{ "type": "Feature", "properties": { "n": "Savana Lane", "cm": 2.2, "ch": null }, "geometry": { "type": "LineString", "coordinates": [ [ -122.23392, 37.73172 ], [ -122.23396, 37.73174 ] ] } },
{ "type": "Feature", "properties": { "n": "Savana Lane", "cm": 2.4, "ch": null }, "geometry": { "type": "LineString", "coordinates": [ [ -122.23396, 37.73174 ], [ -122.23407, 37.73179 ] ] } },
{ "type": "Feature", "properties": { "n": "Savana Lane", "cm": 2.5, "ch": null }, "geometry": { "type": "MultiLineString", "coordinates": [ [ [ -122.23453, 37.73207 ], [ -122.23506, 37.73233 ] ], [ [ -122.23412, 37.73182 ], [ -122.23429, 37.7319 ], [ -122.23433, 37.73194 ], [ -122.23435, 37.73197 ] ] ] } },
{ "type": "Feature", "properties": { "n": "Savana Lane", "cm": 2.6, "ch": null }, "geometry": { "type": "LineString", "coordinates": [ [ -122.23435, 37.73197 ], [ -122.23437, 37.73199 ] ] } },
{ "type": "Feature", "properties": { "n": "Savana Lane", "cm": 2.8, "ch": null }, "geometry": { "type": "LineString", "coordinates": [ [ -122.23437, 37.73199 ], [ -122.23447, 37.73204 ], [ -122.23453, 37.73207 ] ] } },
{ "type": "Feature", "properties": { "n": "Clipper Drive", "cm": 2.8, "ch": null }, "geometry": { "type": "LineString", "coordinates": [ [ -122.24657, 37.7411 ], [ -122.24652, 37.74095 ] ] } },
{ "type": "Feature", "properties": { "n": "Clipper Drive", "cm": 2.6, "ch": null }, "geometry": { "type": "LineString", "coordinates": [ [ -122.24652, 37.74095 ], [ -122.24617, 37.74068 ] ] } },
{ "type": "Feature", "properties": { "n": "Mariner Square Drive", "cm": 2.1, "ch": 2.1 }, "geometry": { "type": "LineString", "coordinates": [ [ -122.27606, 37.78466 ], [ -122.27606, 37.78511 ], [ -122.27607, 37.78529 ], [ -122.27608, 37.78539 ], [ -122.27611, 37.78548 ], [ -122.27615, 37.78558 ], [ -122.27619, 37.78566 ], [ -122.27633, 37.78592 ], [ -122.27634, 37.78593 ], [ -122.27637, 37.78601 ], [ -122.27641, 37.7861 ], [ -122.27643, 37.78621 ], [ -122.27645, 37.78631 ], [ -122.27647, 37.78642 ], [ -122.27648, 37.78655 ], [ -122.27649, 37.78671 ], [ -122.2765, 37.78714 ], [ -122.27649, 37.78717 ], [ -122.27649, 37.78722 ], [ -122.27647, 37.7873 ], [ -122.27641, 37.78745 ], [ -122.27639, 37.78753 ], [ -122.2764, 37.7876 ], [ -122.27641, 37.78767 ], [ -122.27645, 37.78775 ], [ -122.27649, 37.78782 ], [ -122.27652, 37.78786 ], [ -122.27655, 37.78791 ], [ -122.27659, 37.78799 ], [ -122.27659, 37.788 ], [ -122.2766, 37.78804 ], [ -122.27662, 37.78813 ], [ -122.27662, 37.78821 ], [ -122.27662, 37.78823 ], [ -122.27662, 37.78845 ], [ -122.27666, 37.78853 ], [ -122.27668, 37.78958 ] ] } },
{ "type": "Feature", "properties": { "n": "", "cm": 2.2, "ch": 2.2 }, "geometry": { "type": "MultiLineString", "coordinates": [ [ [ -122.27649, 37.78497 ], [ -122.27651, 37.78508 ] ], [ [ -122.27602, 37.78437 ], [ -122.27606, 37.78466 ], [ -122.27608, 37.78454 ] ] ] } },
{ "type": "Feature", "properties": { "n": "", "cm": 2.4, "ch": 2.4 }, "geometry": { "type": "MultiLineString", "coordinates": [ [ [ -122.27699, 37.78421 ], [ -122.27695, 37.78412 ] ], [ [ -122.27612, 37.78447 ], [ -122.27615, 37.78445 ], [ -122.27619, 37.78444 ] ] ] } },
{ "type": "Feature", "properties": { "n": "", "cm": 2.3, "ch": 2.3 }, "geometry": { "type": "MultiLineString", "coordinates": [ [ [ -122.31003, 37.77965 ], [ -122.30988, 37.77966 ] ], [ [ -122.29172, 37.7849 ], [ -122.29167, 37.78485 ], [ -122.2916, 37.78479 ], [ -122.29157, 37.78477 ] ], [ [ -122.27695, 37.78412 ], [ -122.27692, 37.78402 ], [ -122.27689, 37.78393 ], [ -122.27686, 37.78383 ], [ -122.27684, 37.78373 ], [ -122.27683, 37.7837 ], [ -122.27684, 37.78367 ], [ -122.27684, 37.78366 ], [ -122.27685, 37.78362 ], [ -122.27688, 37.78359 ], [ -122.2769, 37.78356 ], [ -122.27694, 37.78354 ], [ -122.27698, 37.78352 ], [ -122.27702, 37.78351 ], [ -122.27707, 37.7835 ] ], [ [ -122.27636, 37.7845 ], [ -122.27643, 37.78471 ], [ -122.27631, 37.78452 ] ] ] } },
{ "type": "Feature", "properties": { "n": "Moss Pointe", "cm": 2.6, "ch": null }, "geometry": { "type": "LineString", "coordinates": [ [ -122.24184, 37.74421 ], [ -122.24163, 37.74383 ], [ -122.2416, 37.74375 ], [ -122.24169, 37.74359 ], [ -122.24202, 37.74337 ] ] } },
{ "type": "Feature", "properties": { "n": "Newport Road", "cm": 2.8, "ch": 2.8 }, "geometry": { "type": "LineString", "coordinates": [ [ -122.29635, 37.7873 ], [ -122.29641, 37.78741 ] ] } },
{ "type": "Feature", "properties": { "n": "Newport Road", "cm": 2.3, "ch": 2.3 }, "geometry": { "type": "LineString", "coordinates": [ [ -122.29641, 37.78741 ], [ -122.29648, 37.78754 ], [ -122.29657, 37.78766 ], [ -122.29667, 37.78778 ], [ -122.29678, 37.78788 ] ] } },
{ "type": "Feature", "properties": { "n": "Newport Road", "cm": 2.1, "ch": 2.1 }, "geometry": { "type": "LineString", "coordinates": [ [ -122.29678, 37.78788 ], [ -122.29691, 37.78799 ], [ -122.29706, 37.78809 ] ] } },
{ "type": "Feature", "properties": { "n": "Newport Road", "cm": 2.0, "ch": 2.0 }, "geometry": { "type": "LineString", "coordinates": [ [ -122.29706, 37.78809 ], [ -122.29722, 37.78818 ] ] } },
{ "type": "Feature", "properties": { "n": "Newport Road", "cm": 1.8, "ch": 1.8 }, "geometry": { "type": "LineString", "coordinates": [ [ -122.29722, 37.78818 ], [ -122.29742, 37.78827 ], [ -122.29762, 37.78834 ], [ -122.29777, 37.78837 ], [ -122.29784, 37.78839 ] ] } },
{ "type": "Feature", "properties": { "n": "Carob Lane", "cm": 2.8, "ch": null }, "geometry": { "type": "LineString", "coordinates": [ [ -122.24506, 37.73903 ], [ -122.24558, 37.7392 ] ] } },
{ "type": "Feature", "properties": { "n": "Grumman Street", "cm": 2.2, "ch": null }, "geometry": { "type": "LineString", "coordinates": [ [ -122.21935, 37.73964 ], [ -122.21924, 37.73968 ], [ -122.21884, 37.73986 ], [ -122.21879, 37.73988 ], [ -122.21867, 37.73993 ], [ -122.2186, 37.73997 ], [ -122.2185, 37.74003 ], [ -122.21787, 37.74036 ], [ -122.21775, 37.74042 ], [ -122.21766, 37.74047 ], [ -122.2175, 37.74055 ], [ -122.21732, 37.74064 ], [ -122.21719, 37.74071 ], [ -122.21704, 37.74079 ], [ -122.21688, 37.74087 ] ] } },
{ "type": "Feature", "properties": { "n": "Embarcadero West", "cm": 2.5, "ch": 2.5 }, "geometry": { "type": "MultiLineString", "coordinates": [ [ [ -122.2671, 37.79171 ], [ -122.26723, 37.79167 ], [ -122.26741, 37.7916 ] ], [ [ -122.26518, 37.79124 ], [ -122.26553, 37.79132 ] ] ] } },
{ "type": "Feature", "properties": { "n": "Embarcadero West", "cm": 2.4, "ch": 2.4 }, "geometry": { "type": "LineString", "coordinates": [ [ -122.26553, 37.79132 ], [ -122.26565, 37.79135 ] ] } },
{ "type": "Feature", "properties": { "n": "Embarcadero West", "cm": 2.3, "ch": 2.3 }, "geometry": { "type": "MultiLineString", "coordinates": [ [ [ -122.26663, 37.79158 ], [ -122.26614, 37.79145 ] ], [ [ -122.26565, 37.79135 ], [ -122.26586, 37.7914 ], [ -122.26614, 37.79151 ] ] ] } },
{ "type": "Feature", "properties": { "n": "Bay Park Terrace", "cm": 2.7, "ch": 2.7 }, "geometry": { "type": "LineString", "coordinates": [ [ -122.24196, 37.74747 ], [ -122.2421, 37.74746 ], [ -122.24225, 37.74744 ], [ -122.24239, 37.7474 ], [ -122.24259, 37.74751 ], [ -122.24286, 37.74753 ] ] } },
{ "type": "Feature", "properties": { "n": "Captains Drive", "cm": 2.6, "ch": null }, "geometry": { "type": "LineString", "coordinates": [ [ -122.24564, 37.74126 ], [ -122.24487, 37.7406 ] ] } },
{ "type": "Feature", "properties": { "n": "Wellfleet Bay", "cm": 2.6, "ch": null }, "geometry": { "type": "LineString", "coordinates": [ [ -122.24211, 37.7397 ], [ -122.24077, 37.74002 ] ] } },
{ "type": "Feature", "properties": { "n": "West Capt Dodge Place", "cm": 1.1, "ch": 1.1 }, "geometry": { "type": "LineString", "coordinates": [ [ -122.30346, 37.78801 ], [ -122.30273, 37.78798 ] ] } },
{ "type": "Feature", "properties": { "n": "West Capt Dodge Place", "cm": 1.2, "ch": 1.2 }, "geometry": { "type": "LineString", "coordinates": [ [ -122.30273, 37.78798 ], [ -122.30201, 37.78794 ] ] } },
{ "type": "Feature", "properties": { "n": "Oakport Street", "cm": 2.9, "ch": 2.9 }, "geometry": { "type": "LineString", "coordinates": [ [ -122.21482, 37.76119 ], [ -122.21473, 37.76108 ] ] } },
{ "type": "Feature", "properties": { "n": "Fitchburg Avenue", "cm": 2.2, "ch": null }, "geometry": { "type": "LineString", "coordinates": [ [ -122.23083, 37.73119 ], [ -122.23153, 37.73082 ], [ -122.23157, 37.73079 ], [ -122.23161, 37.73076 ], [ -122.23171, 37.73069 ], [ -122.23226, 37.7304 ], [ -122.23235, 37.73035 ], [ -122.23245, 37.7303 ], [ -122.23272, 37.73015 ], [ -122.23279, 37.73013 ], [ -122.23288, 37.73012 ] ] } },
{ "type": "Feature", "properties": { "n": "Seattle Road", "cm": 2.8, "ch": 2.8 }, "geometry": { "type": "LineString", "coordinates": [ [ -122.29691, 37.78716 ], [ -122.29696, 37.78726 ] ] } },
{ "type": "Feature", "properties": { "n": "Seattle Road", "cm": 2.7, "ch": 2.7 }, "geometry": { "type": "LineString", "coordinates": [ [ -122.29696, 37.78726 ], [ -122.29703, 37.78737 ] ] } },
{ "type": "Feature", "properties": { "n": "Seattle Road", "cm": 2.6, "ch": 2.6 }, "geometry": { "type": "LineString", "coordinates": [ [ -122.29703, 37.78737 ], [ -122.29711, 37.78747 ] ] } },
{ "type": "Feature", "properties": { "n": "Seattle Road", "cm": 2.3, "ch": 2.3 }, "geometry": { "type": "LineString", "coordinates": [ [ -122.29711, 37.78747 ], [ -122.2972, 37.78756 ] ] } },
{ "type": "Feature", "properties": { "n": "Seattle Road", "cm": 2.4, "ch": 2.4 }, "geometry": { "type": "LineString", "coordinates": [ [ -122.2972, 37.78756 ], [ -122.29731, 37.78765 ] ] } },
{ "type": "Feature", "properties": { "n": "Seattle Road", "cm": 2.0, "ch": 2.0 }, "geometry": { "type": "LineString", "coordinates": [ [ -122.29731, 37.78765 ], [ -122.29745, 37.78774 ] ] } },
{ "type": "Feature", "properties": { "n": "Seattle Road", "cm": 1.9, "ch": 1.9 }, "geometry": { "type": "LineString", "coordinates": [ [ -122.29745, 37.78774 ], [ -122.29758, 37.78781 ], [ -122.29772, 37.78787 ], [ -122.29788, 37.78793 ] ] } },
{ "type": "Feature", "properties": { "n": "County Road", "cm": 2.2, "ch": null }, "geometry": { "type": "MultiLineString", "coordinates": [ [ [ -122.23896, 37.73547 ], [ -122.23881, 37.73556 ], [ -122.23878, 37.73563 ], [ -122.23878, 37.73571 ], [ -122.23878, 37.73574 ] ], [ [ -122.23878, 37.73582 ], [ -122.23878, 37.7359 ], [ -122.23878, 37.73616 ], [ -122.23879, 37.73626 ], [ -122.23884, 37.73634 ] ] ] } },
{ "type": "Feature", "properties": { "n": "County Road", "cm": 2.3, "ch": null }, "geometry": { "type": "LineString", "coordinates": [ [ -122.23878, 37.73574 ], [ -122.23878, 37.73576 ], [ -122.23878, 37.73582 ] ] } },
{ "type": "Feature", "properties": { "n": "Capetown Drive", "cm": 2.6, "ch": null }, "geometry": { "type": "LineString", "coordinates": [ [ -122.24425, 37.7411 ], [ -122.24388, 37.7408 ] ] } },
{ "type": "Feature", "properties": { "n": "Riddell Lane", "cm": 2.7, "ch": 2.7 }, "geometry": { "type": "LineString", "coordinates": [ [ -122.24294, 37.74537 ], [ -122.24276, 37.74543 ], [ -122.24256, 37.74551 ] ] } },
{ "type": "Feature", "properties": { "n": "Holly Street", "cm": 2.2, "ch": null }, "geometry": { "type": "LineString", "coordinates": [ [ -122.23671, 37.73497 ], [ -122.23679, 37.73487 ], [ -122.23718, 37.73436 ], [ -122.23718, 37.73435 ], [ -122.23747, 37.73398 ], [ -122.23768, 37.73371 ] ] } },
{ "type": "Feature", "properties": { "n": "Holly Street", "cm": 2.5, "ch": null }, "geometry": { "type": "LineString", "coordinates": [ [ -122.23768, 37.73371 ], [ -122.2379, 37.73343 ] ] } },
{ "type": "Feature", "properties": { "n": "Holly Street", "cm": 3.0, "ch": null }, "geometry": { "type": "LineString", "coordinates": [ [ -122.2379, 37.73343 ], [ -122.23808, 37.73318 ] ] } },
{ "type": "Feature", "properties": { "n": "Jost Lane", "cm": 2.8, "ch": null }, "geometry": { "type": "LineString", "coordinates": [ [ -122.23655, 37.73319 ], [ -122.23648, 37.73328 ] ] } },
{ "type": "Feature", "properties": { "n": "Capella Lane", "cm": 2.2, "ch": null }, "geometry": { "type": "LineString", "coordinates": [ [ -122.23534, 37.73273 ], [ -122.2354, 37.73276 ] ] } },
{ "type": "Feature", "properties": { "n": "Capella Lane", "cm": 2.5, "ch": null }, "geometry": { "type": "LineString", "coordinates": [ [ -122.2354, 37.73276 ], [ -122.2355, 37.73281 ], [ -122.23574, 37.73292 ], [ -122.23614, 37.73312 ] ] } },
{ "type": "Feature", "properties": { "n": "Capella Lane", "cm": 2.3, "ch": null }, "geometry": { "type": "LineString", "coordinates": [ [ -122.23614, 37.73312 ], [ -122.23641, 37.73325 ] ] } },
{ "type": "Feature", "properties": { "n": "Capella Lane", "cm": 2.7, "ch": null }, "geometry": { "type": "LineString", "coordinates": [ [ -122.23641, 37.73325 ], [ -122.23648, 37.73328 ] ] } },
{ "type": "Feature", "properties": { "n": "Capella Lane", "cm": 2.8, "ch": null }, "geometry": { "type": "LineString", "coordinates": [ [ -122.23648, 37.73328 ], [ -122.23664, 37.73336 ] ] } },
{ "type": "Feature", "properties": { "n": "Earhart Road", "cm": 2.2, "ch": null }, "geometry": { "type": "MultiLineString", "coordinates": [ [ [ -122.21686, 37.73773 ], [ -122.21719, 37.73812 ], [ -122.21752, 37.73852 ], [ -122.21802, 37.73913 ], [ -122.21848, 37.73969 ], [ -122.21859, 37.73983 ], [ -122.21867, 37.73993 ] ], [ [ -122.21612, 37.73684 ], [ -122.21595, 37.73662 ], [ -122.21575, 37.73631 ], [ -122.21526, 37.7355 ], [ -122.21516, 37.73532 ], [ -122.21504, 37.73506 ], [ -122.21503, 37.73504 ], [ -122.21475, 37.73435 ], [ -122.21466, 37.7341 ], [ -122.21455, 37.73389 ], [ -122.21442, 37.73368 ], [ -122.21429, 37.73349 ], [ -122.21421, 37.7334 ], [ -122.21419, 37.73338 ], [ -122.21415, 37.73332 ], [ -122.21412, 37.73328 ], [ -122.21384, 37.73293 ], [ -122.21369, 37.73275 ], [ -122.21343, 37.73242 ], [ -122.21327, 37.73223 ], [ -122.2131, 37.73206 ], [ -122.21291, 37.73189 ], [ -122.21267, 37.73169 ], [ -122.21264, 37.73167 ], [ -122.21243, 37.73152 ], [ -122.2123, 37.73145 ], [ -122.21217, 37.73137 ], [ -122.21203, 37.73129 ], [ -122.2119, 37.73121 ], [ -122.2103, 37.73032 ], [ -122.20905, 37.7296 ], [ -122.209, 37.72957 ], [ -122.20816, 37.7291 ], [ -122.20804, 37.72903 ], [ -122.20781, 37.72891 ], [ -122.20747, 37.7287 ], [ -122.20738, 37.72865 ], [ -122.20655, 37.72819 ], [ -122.2061, 37.72795 ], [ -122.20519, 37.72745 ], [ -122.20473, 37.72719 ], [ -122.20464, 37.72714 ], [ -122.20455, 37.72709 ], [ -122.20447, 37.72705 ], [ -122.20375, 37.72665 ], [ -122.20349, 37.72651 ], [ -122.203, 37.72624 ], [ -122.20273, 37.72609 ], [ -122.20249, 37.72595 ], [ -122.20225, 37.72582 ], [ -122.20198, 37.72562 ] ] ] } },
{ "type": "Feature", "properties": { "n": "Earhart Road", "cm": 2.3, "ch": null }, "geometry": { "type": "LineString", "coordinates": [ [ -122.21612, 37.73684 ], [ -122.2165, 37.7373 ] ] } },
{ "type": "Feature", "properties": { "n": "Earhart Road", "cm": 2.8, "ch": null }, "geometry": { "type": "MultiLineString", "coordinates": [ [ [ -122.2165, 37.7373 ], [ -122.21653, 37.73733 ] ], [ [ -122.20198, 37.72562 ], [ -122.20189, 37.72556 ] ] ] } },
{ "type": "Feature", "properties": { "n": "Earhart Road", "cm": 2.7, "ch": null }, "geometry": { "type": "LineString", "coordinates": [ [ -122.21653, 37.73733 ], [ -122.21673, 37.73756 ] ] } },
{ "type": "Feature", "properties": { "n": "Earhart Road", "cm": 2.4, "ch": null }, "geometry": { "type": "LineString", "coordinates": [ [ -122.21673, 37.73756 ], [ -122.21686, 37.73773 ] ] } },
{ "type": "Feature", "properties": { "n": "Victory Court", "cm": 2.0, "ch": 2.0 }, "geometry": { "type": "LineString", "coordinates": [ [ -122.26431, 37.79217 ], [ -122.26453, 37.79221 ] ] } },
{ "type": "Feature", "properties": { "n": "Victory Court", "cm": 2.2, "ch": 2.2 }, "geometry": { "type": "LineString", "coordinates": [ [ -122.26453, 37.79221 ], [ -122.26485, 37.79227 ] ] } },
{ "type": "Feature", "properties": { "n": "Victory Court", "cm": 2.3, "ch": 2.3 }, "geometry": { "type": "LineString", "coordinates": [ [ -122.26485, 37.79227 ], [ -122.26513, 37.79233 ] ] } },
{ "type": "Feature", "properties": { "n": "Victory Court", "cm": 2.7, "ch": 2.7 }, "geometry": { "type": "MultiLineString", "coordinates": [ [ [ -122.26571, 37.79247 ], [ -122.26632, 37.79263 ], [ -122.26663, 37.79272 ] ], [ [ -122.26513, 37.79233 ], [ -122.2654, 37.79239 ] ] ] } },
{ "type": "Feature", "properties": { "n": "Clubhouse Memorial Road", "cm": 2.2, "ch": null }, "geometry": { "type": "LineString", "coordinates": [ [ -122.23827, 37.73965 ], [ -122.238, 37.73962 ], [ -122.2376, 37.73962 ], [ -122.23618, 37.73961 ], [ -122.23584, 37.7396 ], [ -122.23564, 37.73959 ], [ -122.23547, 37.73957 ], [ -122.23516, 37.73952 ], [ -122.23504, 37.73951 ], [ -122.23432, 37.73951 ], [ -122.23359, 37.73952 ], [ -122.23334, 37.73952 ] ] } },
{ "type": "Feature", "properties": { "n": "Auburn Court", "cm": 2.7, "ch": null }, "geometry": { "type": "LineString", "coordinates": [ [ -122.24145, 37.73498 ], [ -122.24171, 37.7351 ] ] } },
{ "type": "Feature", "properties": { "n": "Auburn Court", "cm": 3.0, "ch": null }, "geometry": { "type": "LineString", "coordinates": [ [ -122.24171, 37.7351 ], [ -122.24178, 37.73518 ] ] } },
{ "type": "Feature", "properties": { "n": "Brittany Drive", "cm": 2.9, "ch": 2.9 }, "geometry": { "type": "LineString", "coordinates": [ [ -122.2401, 37.7463 ], [ -122.24054, 37.74616 ] ] } },
{ "type": "Feature", "properties": { "n": "Fairchild Street", "cm": 2.2, "ch": null }, "geometry": { "type": "LineString", "coordinates": [ [ -122.21658, 37.73624 ], [ -122.21637, 37.73636 ], [ -122.21626, 37.73644 ], [ -122.21624, 37.73645 ], [ -122.21595, 37.73662 ] ] } },
{ "type": "Feature", "properties": { "n": "5th Avenue", "cm": 2.9, "ch": 2.9 }, "geometry": { "type": "LineString", "coordinates": [ [ -122.26165, 37.78894 ], [ -122.26055, 37.78973 ], [ -122.26016, 37.79001 ] ] } },
{ "type": "Feature", "properties": { "n": "Melrose Avenue", "cm": 2.7, "ch": null }, "geometry": { "type": "LineString", "coordinates": [ [ -122.23667, 37.73115 ], [ -122.23637, 37.73151 ] ] } },
{ "type": "Feature", "properties": { "n": "Melrose Avenue", "cm": 2.6, "ch": null }, "geometry": { "type": "LineString", "coordinates": [ [ -122.23637, 37.73151 ], [ -122.23629, 37.7316 ] ] } },
{ "type": "Feature", "properties": { "n": "Melrose Avenue", "cm": 2.3, "ch": null }, "geometry": { "type": "MultiLineString", "coordinates": [ [ [ -122.23629, 37.7316 ], [ -122.23619, 37.73172 ] ], [ [ -122.236, 37.73194 ], [ -122.23589, 37.73207 ] ] ] } },
{ "type": "Feature", "properties": { "n": "Melrose Avenue", "cm": 2.2, "ch": null }, "geometry": { "type": "MultiLineString", "coordinates": [ [ [ -122.23619, 37.73172 ], [ -122.236, 37.73194 ] ], [ [ -122.23553, 37.7325 ], [ -122.23534, 37.73273 ], [ -122.23526, 37.73282 ], [ -122.23507, 37.73299 ], [ -122.23479, 37.73327 ], [ -122.23432, 37.73374 ], [ -122.23425, 37.73382 ], [ -122.23418, 37.73385 ], [ -122.23409, 37.73389 ], [ -122.23335, 37.73427 ] ] ] } },
{ "type": "Feature", "properties": { "n": "Melrose Avenue", "cm": 2.4, "ch": null }, "geometry": { "type": "LineString", "coordinates": [ [ -122.23589, 37.73207 ], [ -122.23553, 37.7325 ] ] } },
{ "type": "Feature", "properties": { "n": "Ryan Street", "cm": 2.2, "ch": null }, "geometry": { "type": "LineString", "coordinates": [ [ -122.2182, 37.73819 ], [ -122.21815, 37.73822 ], [ -122.21767, 37.73844 ], [ -122.21752, 37.73852 ] ] } },
{ "type": "Feature", "properties": { "n": "San Diego Road", "cm": 2.7, "ch": 2.7 }, "geometry": { "type": "LineString", "coordinates": [ [ -122.29576, 37.78737 ], [ -122.29582, 37.7875 ] ] } },
{ "type": "Feature", "properties": { "n": "San Diego Road", "cm": 2.5, "ch": 2.5 }, "geometry": { "type": "LineString", "coordinates": [ [ -122.29582, 37.7875 ], [ -122.29588, 37.78761 ] ] } },
{ "type": "Feature", "properties": { "n": "San Diego Road", "cm": 2.2, "ch": 2.2 }, "geometry": { "type": "MultiLineString", "coordinates": [ [ [ -122.2961, 37.78795 ], [ -122.2962, 37.78806 ] ], [ [ -122.29588, 37.78761 ], [ -122.29594, 37.78773 ] ] ] } },
{ "type": "Feature", "properties": { "n": "San Diego Road", "cm": 2.1, "ch": 2.1 }, "geometry": { "type": "MultiLineString", "coordinates": [ [ [ -122.29631, 37.78817 ], [ -122.29644, 37.78828 ] ], [ [ -122.29594, 37.78773 ], [ -122.29602, 37.78784 ], [ -122.2961, 37.78795 ] ] ] } },
{ "type": "Feature", "properties": { "n": "San Diego Road", "cm": 2.4, "ch": 2.4 }, "geometry": { "type": "LineString", "coordinates": [ [ -122.2962, 37.78806 ], [ -122.29631, 37.78817 ] ] } },
{ "type": "Feature", "properties": { "n": "San Diego Road", "cm": 1.8, "ch": 1.8 }, "geometry": { "type": "LineString", "coordinates": [ [ -122.29644, 37.78828 ], [ -122.29659, 37.78839 ], [ -122.29674, 37.78848 ], [ -122.2969, 37.78857 ], [ -122.29706, 37.78865 ], [ -122.29722, 37.78871 ], [ -122.29737, 37.78876 ], [ -122.29749, 37.78879 ], [ -122.29755, 37.78882 ] ] } },
{ "type": "Feature", "properties": { "n": "Sand Harbor Road", "cm": 2.6, "ch": null }, "geometry": { "type": "LineString", "coordinates": [ [ -122.24095, 37.74046 ], [ -122.24077, 37.74002 ], [ -122.24064, 37.73971 ], [ -122.24059, 37.73949 ] ] } },
{ "type": "Feature", "properties": { "n": "Sand Harbor Road", "cm": 2.7, "ch": null }, "geometry": { "type": "LineString", "coordinates": [ [ -122.24059, 37.73949 ], [ -122.24057, 37.73917 ] ] } },
{ "type": "Feature", "properties": { "n": "Annapolis Circle", "cm": 3.0, "ch": 3.0 }, "geometry": { "type": "LineString", "coordinates": [ [ -122.2869, 37.7871 ], [ -122.28692, 37.78705 ] ] } },
{ "type": "Feature", "properties": { "n": "Annapolis Circle", "cm": 2.7, "ch": 2.7 }, "geometry": { "type": "LineString", "coordinates": [ [ -122.28692, 37.78705 ], [ -122.28692, 37.78702 ], [ -122.28692, 37.78694 ] ] } },
{ "type": "Feature", "properties": { "n": "Sable Pointe", "cm": 2.6, "ch": null }, "geometry": { "type": "LineString", "coordinates": [ [ -122.24127, 37.74423 ], [ -122.2414, 37.74426 ] ] } },
{ "type": "Feature", "properties": { "n": "Sable Pointe", "cm": 2.7, "ch": null }, "geometry": { "type": "LineString", "coordinates": [ [ -122.2414, 37.74426 ], [ -122.2417, 37.74426 ] ] } },
{ "type": "Feature", "properties": { "n": "Harbor Bay Parkway", "cm": 2.2, "ch": null }, "geometry": { "type": "MultiLineString", "coordinates": [ [ [ -122.22665, 37.7343 ], [ -122.22671, 37.73411 ], [ -122.22676, 37.73394 ], [ -122.22682, 37.73379 ], [ -122.22692, 37.73356 ], [ -122.22703, 37.73335 ], [ -122.22798, 37.73157 ], [ -122.22883, 37.73001 ], [ -122.2293, 37.72915 ], [ -122.22934, 37.72902 ], [ -122.22942, 37.72882 ] ], [ [ -122.22923, 37.72879 ], [ -122.22916, 37.72898 ], [ -122.22912, 37.7291 ], [ -122.22862, 37.73003 ], [ -122.22782, 37.73151 ], [ -122.22685, 37.73329 ], [ -122.22675, 37.73352 ], [ -122.22668, 37.73375 ], [ -122.22664, 37.73389 ], [ -122.22663, 37.73404 ], [ -122.22665, 37.7343 ] ], [ [ -122.22676, 37.74523 ], [ -122.22676, 37.74498 ] ], [ [ -122.22674, 37.74463 ], [ -122.22672, 37.74444 ], [ -122.22669, 37.74428 ], [ -122.22664, 37.7441 ] ], [ [ -122.22664, 37.7441 ], [ -122.22663, 37.74176 ], [ -122.22663, 37.74042 ], [ -122.22663, 37.7404 ], [ -122.22662, 37.73445 ], [ -122.22665, 37.7343 ] ], [ [ -122.22664, 37.7441 ], [ -122.22661, 37.74428 ], [ -122.22659, 37.74445 ], [ -122.22659, 37.74488 ], [ -122.22658, 37.74524 ] ] ] } },
{ "type": "Feature", "properties": { "n": "Harbor Bay Parkway", "cm": 2.3, "ch": null }, "geometry": { "type": "LineString", "coordinates": [ [ -122.22676, 37.74498 ], [ -122.22675, 37.74481 ], [ -122.22674, 37.74463 ] ] } },
{ "type": "Feature", "properties": { "n": "Fallon Street", "cm": 2.7, "ch": 2.7 }, "geometry": { "type": "LineString", "coordinates": [ [ -122.26705, 37.79205 ], [ -122.26697, 37.79218 ], [ -122.26691, 37.79226 ], [ -122.26663, 37.79272 ], [ -122.26655, 37.79285 ] ] } },
{ "type": "Feature", "properties": { "n": "Fallon Street", "cm": 2.8, "ch": 2.8 }, "geometry": { "type": "LineString", "coordinates": [ [ -122.26655, 37.79285 ], [ -122.26641, 37.79307 ] ] } },
{ "type": "Feature", "properties": { "n": "Avondale Landing", "cm": 2.6, "ch": null }, "geometry": { "type": "LineString", "coordinates": [ [ -122.24279, 37.74059 ], [ -122.24242, 37.74083 ] ] } },
{ "type": "Feature", "properties": { "n": "West Mall Square", "cm": 2.5, "ch": 2.5 }, "geometry": { "type": "LineString", "coordinates": [ [ -122.30285, 37.78662 ], [ -122.30357, 37.78665 ] ] } },
{ "type": "Feature", "properties": { "n": "Camellia Drive", "cm": 2.2, "ch": null }, "geometry": { "type": "LineString", "coordinates": [ [ -122.2375, 37.73519 ], [ -122.23756, 37.7351 ], [ -122.23879, 37.7336 ] ] } },
{ "type": "Feature", "properties": { "n": "Parish Court", "cm": 2.5, "ch": null }, "geometry": { "type": "LineString", "coordinates": [ [ -122.23768, 37.73371 ], [ -122.23763, 37.73368 ], [ -122.2376, 37.73367 ], [ -122.2369, 37.73332 ] ] } },
{ "type": "Feature", "properties": { "n": "Dutchcap Lane", "cm": 2.3, "ch": null }, "geometry": { "type": "LineString", "coordinates": [ [ -122.236, 37.73194 ], [ -122.23606, 37.73197 ] ] } },
{ "type": "Feature", "properties": { "n": "Dutchcap Lane", "cm": 2.4, "ch": null }, "geometry": { "type": "LineString", "coordinates": [ [ -122.23606, 37.73197 ], [ -122.23615, 37.73201 ] ] } },
{ "type": "Feature", "properties": { "n": "Dutchcap Lane", "cm": 2.6, "ch": null }, "geometry": { "type": "LineString", "coordinates": [ [ -122.23615, 37.73201 ], [ -122.23642, 37.73215 ], [ -122.23678, 37.73232 ] ] } },
{ "type": "Feature", "properties": { "n": "Dutchcap Lane", "cm": 2.7, "ch": null }, "geometry": { "type": "LineString", "coordinates": [ [ -122.23678, 37.73232 ], [ -122.23704, 37.73244 ] ] } },
{ "type": "Feature", "properties": { "n": "Hiller Street", "cm": 2.2, "ch": null }, "geometry": { "type": "LineString", "coordinates": [ [ -122.21752, 37.73852 ], [ -122.21705, 37.73876 ], [ -122.2161, 37.73926 ] ] } },
{ "type": "Feature", "properties": { "n": "Hiller Street", "cm": 2.8, "ch": null }, "geometry": { "type": "LineString", "coordinates": [ [ -122.2161, 37.73926 ], [ -122.21595, 37.73934 ] ] } },
{ "type": "Feature", "properties": { "n": "Trellis Lane", "cm": 2.3, "ch": null }, "geometry": { "type": "LineString", "coordinates": [ [ -122.2361, 37.73414 ], [ -122.23615, 37.73411 ], [ -122.2363, 37.73392 ] ] } },
{ "type": "Feature", "properties": { "n": "Trellis Lane", "cm": 2.4, "ch": null }, "geometry": { "type": "LineString", "coordinates": [ [ -122.2363, 37.73392 ], [ -122.23663, 37.73349 ] ] } },
{ "type": "Feature", "properties": { "n": "Trellis Lane", "cm": 3.0, "ch": null }, "geometry": { "type": "LineString", "coordinates": [ [ -122.23663, 37.73349 ], [ -122.23667, 37.73343 ] ] } },
{ "type": "Feature", "properties": { "n": "Doolittle Drive", "cm": 2.8, "ch": null }, "geometry": { "type": "MultiLineString", "coordinates": [ [ [ -122.22384, 37.74549 ], [ -122.22356, 37.74551 ] ], [ [ -122.22222, 37.7455 ], [ -122.2219, 37.74546 ] ], [ [ -122.21986, 37.74464 ], [ -122.21964, 37.74447 ] ] ] } },
{ "type": "Feature", "properties": { "n": "Doolittle Drive", "cm": 2.7, "ch": null }, "geometry": { "type": "MultiLineString", "coordinates": [ [ [ -122.22356, 37.74551 ], [ -122.22314, 37.74553 ], [ -122.22284, 37.74554 ], [ -122.22255, 37.74553 ], [ -122.22222, 37.7455 ] ], [ [ -122.2219, 37.74546 ], [ -122.22159, 37.7454 ], [ -122.22127, 37.74531 ] ] ] } },
{ "type": "Feature", "properties": { "n": "Doolittle Drive", "cm": 2.6, "ch": null }, "geometry": { "type": "MultiLineString", "coordinates": [ [ [ -122.22552, 37.74542 ], [ -122.22667, 37.74537 ] ], [ [ -122.22065, 37.74509 ], [ -122.22035, 37.74494 ], [ -122.22011, 37.7448 ], [ -122.21986, 37.74464 ] ] ] } },
{ "type": "Feature", "properties": { "n": "Oleander Avenue", "cm": 2.2, "ch": null }, "geometry": { "type": "LineString", "coordinates": [ [ -122.23265, 37.72918 ], [ -122.23421, 37.72995 ] ] } },
{ "type": "Feature", "properties": { "n": "Anchor Way", "cm": 2.8, "ch": 2.8 }, "geometry": { "type": "LineString", "coordinates": [ [ -122.23788, 37.7511 ], [ -122.23793, 37.7511 ], [ -122.23798, 37.75109 ], [ -122.23821, 37.75089 ] ] } },
{ "type": "Feature", "properties": { "n": "Maitland Drive", "cm": 2.2, "ch": null }, "geometry": { "type": "LineString", "coordinates": [ [ -122.22912, 37.7291 ], [ -122.2293, 37.72915 ], [ -122.2294, 37.72918 ], [ -122.22951, 37.72922 ], [ -122.22966, 37.72926 ], [ -122.23026, 37.72944 ], [ -122.23044, 37.72952 ], [ -122.23062, 37.72962 ], [ -122.23075, 37.72974 ], [ -122.23099, 37.73003 ], [ -122.23161, 37.73076 ], [ -122.23167, 37.73083 ], [ -122.23176, 37.73095 ], [ -122.23402, 37.73368 ], [ -122.23407, 37.73375 ], [ -122.23415, 37.73378 ], [ -122.23425, 37.73382 ], [ -122.23427, 37.73387 ], [ -122.23429, 37.73394 ], [ -122.23434, 37.73408 ], [ -122.23571, 37.73575 ], [ -122.23577, 37.73582 ], [ -122.23577, 37.73583 ], [ -122.23587, 37.73594 ], [ -122.23592, 37.73601 ], [ -122.23792, 37.73843 ], [ -122.23809, 37.73864 ], [ -122.23811, 37.73865 ], [ -122.23816, 37.73868 ], [ -122.23823, 37.7387 ], [ -122.23848, 37.73874 ] ] } },
{ "type": "Feature", "properties": { "n": "Steuben Bay", "cm": 2.6, "ch": null }, "geometry": { "type": "LineString", "coordinates": [ [ -122.24336, 37.74099 ], [ -122.24298, 37.74122 ] ] } },
{ "type": "Feature", "properties": { "n": "Steuben Bay", "cm": 2.8, "ch": null }, "geometry": { "type": "LineString", "coordinates": [ [ -122.24151, 37.74164 ], [ -122.24144, 37.74151 ], [ -122.24133, 37.7411 ] ] } },
{ "type": "Feature", "properties": { "n": "Glenview", "cm": 2.9, "ch": 2.9 }, "geometry": { "type": "LineString", "coordinates": [ [ -122.29264, 37.78326 ], [ -122.29193, 37.78322 ] ] } },
{ "type": "Feature", "properties": { "n": "Stonington Pointe", "cm": 2.6, "ch": null }, "geometry": { "type": "LineString", "coordinates": [ [ -122.24236, 37.74019 ], [ -122.24166, 37.74046 ] ] } },
{ "type": "Feature", "properties": { "n": "Island Drive", "cm": 2.2, "ch": null }, "geometry": { "type": "MultiLineString", "coordinates": [ [ [ -122.23986, 37.7356 ], [ -122.23993, 37.73551 ], [ -122.23994, 37.7355 ], [ -122.24084, 37.73439 ] ], [ [ -122.23976, 37.73584 ], [ -122.23977, 37.73583 ], [ -122.23981, 37.73573 ] ], [ [ -122.23866, 37.73796 ], [ -122.23878, 37.73745 ], [ -122.23885, 37.73713 ], [ -122.2389, 37.73697 ], [ -122.23897, 37.73683 ], [ -122.23908, 37.73667 ], [ -122.23938, 37.73629 ] ], [ [ -122.23863, 37.73714 ], [ -122.23856, 37.73742 ], [ -122.23849, 37.7377 ], [ -122.23834, 37.73824 ], [ -122.23823, 37.7387 ], [ -122.23808, 37.73929 ], [ -122.238, 37.73962 ], [ -122.23775, 37.74071 ], [ -122.23756, 37.74155 ], [ -122.23755, 37.74172 ], [ -122.23756, 37.7419 ], [ -122.23761, 37.74236 ], [ -122.2376, 37.74241 ], [ -122.2376, 37.74252 ], [ -122.23758, 37.74264 ], [ -122.23757, 37.74266 ], [ -122.23741, 37.74311 ], [ -122.23728, 37.74343 ], [ -122.23662, 37.7451 ], [ -122.23646, 37.74547 ], [ -122.23636, 37.74571 ], [ -122.23631, 37.74586 ], [ -122.23615, 37.74621 ], [ -122.23604, 37.74642 ], [ -122.23598, 37.74657 ] ], [ [ -122.23818, 37.74004 ], [ -122.23827, 37.73965 ], [ -122.2384, 37.73908 ], [ -122.23846, 37.73881 ], [ -122.23848, 37.73874 ], [ -122.23863, 37.7381 ] ], [ [ -122.23606, 37.74659 ], [ -122.23617, 37.74641 ], [ -122.23625, 37.74618 ], [ -122.23635, 37.74606 ], [ -122.23653, 37.74586 ], [ -122.23666, 37.7457 ], [ -122.23675, 37.74555 ], [ -122.23679, 37.74547 ], [ -122.23691, 37.74517 ], [ -122.23699, 37.74498 ], [ -122.23756, 37.74358 ], [ -122.23772, 37.74317 ], [ -122.2378, 37.74288 ], [ -122.23785, 37.74268 ], [ -122.23787, 37.74249 ], [ -122.23787, 37.74227 ], [ -122.2378, 37.74189 ], [ -122.23779, 37.74169 ], [ -122.23781, 37.7415 ], [ -122.238, 37.74073 ], [ -122.23811, 37.74033 ], [ -122.23817, 37.7401 ] ] ] } },
{ "type": "Feature", "properties": { "n": "Veterans Court", "cm": 2.2, "ch": null }, "geometry": { "type": "LineString", "coordinates": [ [ -122.23698, 37.74779 ], [ -122.23692, 37.74773 ], [ -122.23686, 37.74766 ], [ -122.23674, 37.74731 ], [ -122.23664, 37.74697 ], [ -122.23663, 37.74695 ], [ -122.23649, 37.74634 ], [ -122.2364, 37.74626 ], [ -122.23625, 37.74618 ] ] } },
{ "type": "Feature", "properties": { "n": "4th Street", "cm": 2.9, "ch": 2.9 }, "geometry": { "type": "LineString", "coordinates": [ [ -122.26372, 37.79284 ], [ -122.26398, 37.79316 ] ] } },
{ "type": "Feature", "properties": { "n": "Sea Bridge Way", "cm": 2.8, "ch": null }, "geometry": { "type": "LineString", "coordinates": [ [ -122.24077, 37.74306 ], [ -122.2401, 37.74379 ] ] } },
{ "type": "Feature", "properties": { "n": "Willie Stargell Avenue", "cm": 2.2, "ch": 2.2 }, "geometry": { "type": "LineString", "coordinates": [ [ -122.29092, 37.78485 ], [ -122.29074, 37.78483 ] ] } },
{ "type": "Feature", "properties": { "n": "Brithorn Lane", "cm": 2.9, "ch": null }, "geometry": { "type": "LineString", "coordinates": [ [ -122.23773, 37.73334 ], [ -122.23784, 37.7334 ], [ -122.2379, 37.73343 ] ] } },
{ "type": "Feature", "properties": { "n": "Saratoga Street", "cm": 1.4, "ch": 1.4 }, "geometry": { "type": "LineString", "coordinates": [ [ -122.30267, 37.7895 ], [ -122.30249, 37.7894 ] ] } },
{ "type": "Feature", "properties": { "n": "Saratoga Street", "cm": 1.3, "ch": 1.3 }, "geometry": { "type": "LineString", "coordinates": [ [ -122.30249, 37.7894 ], [ -122.30201, 37.78882 ] ] } },
{ "type": "Feature", "properties": { "n": "Saratoga Street", "cm": 1.8, "ch": 1.8 }, "geometry": { "type": "LineString", "coordinates": [ [ -122.30201, 37.78882 ], [ -122.30196, 37.78872 ], [ -122.30199, 37.78817 ], [ -122.30201, 37.78794 ] ] } },
{ "type": "Feature", "properties": { "n": "Flower Lane", "cm": 2.2, "ch": null }, "geometry": { "type": "MultiLineString", "coordinates": [ [ [ -122.23587, 37.73594 ], [ -122.23667, 37.73552 ] ], [ [ -122.23466, 37.73586 ], [ -122.23472, 37.73588 ], [ -122.23548, 37.73587 ], [ -122.2356, 37.73587 ], [ -122.23569, 37.73586 ], [ -122.23577, 37.73583 ] ] ] } },
{ "type": "Feature", "properties": { "n": "Navy Way", "cm": 1.5, "ch": 1.5 }, "geometry": { "type": "LineString", "coordinates": [ [ -122.3026, 37.78963 ], [ -122.30258, 37.78964 ] ] } },
{ "type": "Feature", "properties": { "n": "Navy Way", "cm": 1.4, "ch": 1.4 }, "geometry": { "type": "MultiLineString", "coordinates": [ [ [ -122.30261, 37.78964 ], [ -122.3026, 37.78963 ] ], [ [ -122.30258, 37.78964 ], [ -122.30254, 37.78967 ] ] ] } },
{ "type": "Feature", "properties": { "n": "Navy Way", "cm": 1.2, "ch": 1.2 }, "geometry": { "type": "LineString", "coordinates": [ [ -122.30254, 37.78967 ], [ -122.30252, 37.78986 ], [ -122.30257, 37.78994 ], [ -122.30263, 37.78987 ], [ -122.30263, 37.78982 ] ] } },
{ "type": "Feature", "properties": { "n": "Peach Street", "cm": 3.0, "ch": 3.0 }, "geometry": { "type": "LineString", "coordinates": [ [ -122.23721, 37.75063 ], [ -122.23715, 37.7507 ] ] } },
{ "type": "Feature", "properties": { "n": "Peach Street", "cm": 2.6, "ch": 2.6 }, "geometry": { "type": "LineString", "coordinates": [ [ -122.23715, 37.7507 ], [ -122.23695, 37.751 ] ] } },
{ "type": "Feature", "properties": { "n": "Kingston Lane", "cm": 2.5, "ch": null }, "geometry": { "type": "LineString", "coordinates": [ [ -122.23433, 37.73194 ], [ -122.23441, 37.73184 ] ] } },
{ "type": "Feature", "properties": { "n": "Benson Street", "cm": 2.2, "ch": null }, "geometry": { "type": "LineString", "coordinates": [ [ -122.2174, 37.73721 ], [ -122.21673, 37.73756 ] ] } },
{ "type": "Feature", "properties": { "n": "Oyster Pond Road", "cm": 2.6, "ch": null }, "geometry": { "type": "LineString", "coordinates": [ [ -122.24397, 37.74139 ], [ -122.24336, 37.74099 ], [ -122.24279, 37.74059 ], [ -122.24236, 37.74019 ], [ -122.24211, 37.7397 ], [ -122.24196, 37.73924 ], [ -122.24194, 37.73913 ], [ -122.24191, 37.73909 ], [ -122.24187, 37.73906 ], [ -122.2417, 37.73902 ], [ -122.24153, 37.73903 ], [ -122.24137, 37.73906 ], [ -122.24129, 37.73912 ], [ -122.24127, 37.73929 ] ] } },
{ "type": "Feature", "properties": { "n": "Packet Landing Road", "cm": 2.9, "ch": 2.9 }, "geometry": { "type": "LineString", "coordinates": [ [ -122.23962, 37.74556 ], [ -122.23945, 37.74531 ], [ -122.23936, 37.74522 ], [ -122.23921, 37.7451 ], [ -122.23909, 37.74499 ] ] } },
{ "type": "Feature", "properties": { "n": "Sage Lane", "cm": 2.6, "ch": null }, "geometry": { "type": "LineString", "coordinates": [ [ -122.23642, 37.73215 ], [ -122.23624, 37.73238 ] ] } },
{ "type": "Feature", "properties": { "n": "Sage Lane", "cm": 2.7, "ch": null }, "geometry": { "type": "LineString", "coordinates": [ [ -122.23624, 37.73238 ], [ -122.23601, 37.73266 ] ] } },
{ "type": "Feature", "properties": { "n": "Parfait Lane", "cm": 2.9, "ch": 2.9 }, "geometry": { "type": "LineString", "coordinates": [ [ -122.24306, 37.74609 ], [ -122.24277, 37.74609 ] ] } },
{ "type": "Feature", "properties": { "n": "Parfait Lane", "cm": 2.7, "ch": 2.7 }, "geometry": { "type": "LineString", "coordinates": [ [ -122.24277, 37.74609 ], [ -122.24257, 37.74597 ], [ -122.24251, 37.74581 ], [ -122.2425, 37.74563 ], [ -122.24256, 37.74551 ], [ -122.24229, 37.74513 ], [ -122.2419, 37.74499 ], [ -122.24183, 37.7449 ] ] } },
{ "type": "Feature", "properties": { "n": "Azalea Drive", "cm": 2.2, "ch": null }, "geometry": { "type": "LineString", "coordinates": [ [ -122.24012, 37.73412 ], [ -122.23912, 37.73537 ], [ -122.23896, 37.73547 ] ] } },
{ "type": "Feature", "properties": { "n": "Victoria Bay", "cm": 3.0, "ch": null }, "geometry": { "type": "LineString", "coordinates": [ [ -122.23871, 37.74038 ], [ -122.23883, 37.7398 ] ] } },
{ "type": "Feature", "properties": { "n": "Victoria Bay", "cm": 2.9, "ch": null }, "geometry": { "type": "LineString", "coordinates": [ [ -122.23883, 37.7398 ], [ -122.239, 37.73925 ] ] } },
{ "type": "Feature", "properties": { "n": "Fairway Place", "cm": 2.2, "ch": null }, "geometry": { "type": "LineString", "coordinates": [ [ -122.23083, 37.73119 ], [ -122.23079, 37.73114 ], [ -122.23078, 37.73113 ], [ -122.23076, 37.73109 ], [ -122.23066, 37.73098 ], [ -122.23047, 37.73074 ], [ -122.23025, 37.73048 ] ] } },
{ "type": "Feature", "properties": { "n": "Monterey Circle", "cm": 2.6, "ch": 2.6 }, "geometry": { "type": "LineString", "coordinates": [ [ -122.28846, 37.7878 ], [ -122.28838, 37.78776 ], [ -122.28831, 37.78773 ] ] } },
{ "type": "Feature", "properties": { "n": "Monterey Circle", "cm": 2.9, "ch": 2.9 }, "geometry": { "type": "LineString", "coordinates": [ [ -122.28823, 37.7877 ], [ -122.28812, 37.78768 ], [ -122.28802, 37.78767 ] ] } },
{ "type": "Feature", "properties": { "n": "Purcell Drive", "cm": 2.7, "ch": 2.7 }, "geometry": { "type": "MultiLineString", "coordinates": [ [ [ -122.2409, 37.74645 ], [ -122.24082, 37.74645 ], [ -122.24075, 37.74649 ], [ -122.24074, 37.74657 ], [ -122.24095, 37.74696 ], [ -122.24099, 37.74738 ], [ -122.24106, 37.74747 ], [ -122.24111, 37.74736 ], [ -122.2411, 37.74722 ], [ -122.24114, 37.74696 ], [ -122.24098, 37.74667 ], [ -122.24092, 37.74651 ], [ -122.2409, 37.74645 ] ], [ [ -122.2409, 37.74645 ], [ -122.24092, 37.74642 ], [ -122.24092, 37.74639 ], [ -122.24091, 37.74625 ], [ -122.24079, 37.74607 ], [ -122.24075, 37.74596 ], [ -122.24058, 37.74575 ] ], [ [ -122.24023, 37.74541 ], [ -122.24018, 37.74556 ], [ -122.24034, 37.74578 ], [ -122.24042, 37.74582 ], [ -122.24058, 37.74575 ] ], [ [ -122.24058, 37.74575 ], [ -122.24036, 37.74547 ], [ -122.24023, 37.74541 ] ], [ [ -122.24023, 37.74541 ], [ -122.23997, 37.74519 ], [ -122.23985, 37.74497 ], [ -122.23972, 37.74484 ], [ -122.23957, 37.74478 ] ] ] } },
{ "type": "Feature", "properties": { "n": "Camanoe Lane", "cm": 2.2, "ch": null }, "geometry": { "type": "LineString", "coordinates": [ [ -122.2361, 37.73414 ], [ -122.23605, 37.73413 ], [ -122.23549, 37.73386 ], [ -122.23547, 37.73385 ], [ -122.23542, 37.73381 ], [ -122.23539, 37.73374 ], [ -122.23536, 37.73367 ], [ -122.23533, 37.73364 ], [ -122.23523, 37.73358 ], [ -122.23493, 37.73337 ], [ -122.23484, 37.73331 ], [ -122.23479, 37.73327 ] ] } },
{ "type": "Feature", "properties": { "n": "Oyster Shoals", "cm": 2.6, "ch": null }, "geometry": { "type": "LineString", "coordinates": [ [ -122.23952, 37.73985 ], [ -122.23942, 37.73987 ], [ -122.23932, 37.73987 ], [ -122.23883, 37.7398 ] ] } },
{ "type": "Feature", "properties": { "n": "Oyster Shoals", "cm": 2.2, "ch": null }, "geometry": { "type": "LineString", "coordinates": [ [ -122.23883, 37.7398 ], [ -122.23838, 37.73968 ], [ -122.23827, 37.73965 ] ] } },
{ "type": "Feature", "properties": { "n": "Beach Road", "cm": 2.2, "ch": null }, "geometry": { "type": "LineString", "coordinates": [ [ -122.23466, 37.73586 ], [ -122.2346, 37.73581 ], [ -122.23402, 37.73509 ], [ -122.23335, 37.73427 ], [ -122.23249, 37.73324 ], [ -122.23084, 37.73124 ], [ -122.23083, 37.73119 ] ] } },
{ "type": "Feature", "properties": { "n": "Sikorsky Street", "cm": 2.9, "ch": null }, "geometry": { "type": "LineString", "coordinates": [ [ -122.21614, 37.73811 ], [ -122.21628, 37.73803 ] ] } },
{ "type": "Feature", "properties": { "n": "Sikorsky Street", "cm": 2.3, "ch": null }, "geometry": { "type": "LineString", "coordinates": [ [ -122.21628, 37.73803 ], [ -122.21686, 37.73773 ] ] } },
{ "type": "Feature", "properties": { "n": "", "cm": 2.4, "ch": null }, "geometry": { "type": "MultiLineString", "coordinates": [ [ [ -122.22843, 37.72746 ], [ -122.22817, 37.7274 ] ], [ [ -122.21449, 37.71473 ], [ -122.21438, 37.71478 ] ], [ [ -122.20853, 37.71638 ], [ -122.20862, 37.71644 ] ], [ [ -122.20823, 37.71548 ], [ -122.2083, 37.71574 ] ], [ [ -122.20781, 37.71318 ], [ -122.20766, 37.7133 ] ], [ [ -122.20619, 37.71716 ], [ -122.20548, 37.71739 ], [ -122.20542, 37.71742 ], [ -122.2054, 37.71742 ], [ -122.20525, 37.71747 ] ], [ [ -122.20181, 37.72035 ], [ -122.20204, 37.72014 ] ], [ [ -122.2019, 37.72572 ], [ -122.20197, 37.72573 ] ] ] } },
{ "type": "Feature", "properties": { "n": "", "cm": 2.2, "ch": null }, "geometry": { "type": "MultiLineString", "coordinates": [ [ [ -122.23757, 37.74266 ], [ -122.23752, 37.743 ], [ -122.23753, 37.74307 ], [ -122.23757, 37.74311 ], [ -122.23772, 37.74317 ], [ -122.23758, 37.74317 ], [ -122.2375, 37.74318 ], [ -122.23743, 37.74322 ], [ -122.23737, 37.74328 ], [ -122.23728, 37.74343 ] ], [ [ -122.23691, 37.74517 ], [ -122.23662, 37.7451 ] ], [ [ -122.23613, 37.74657 ], [ -122.23614, 37.74652 ], [ -122.23617, 37.74641 ] ], [ [ -122.23604, 37.74642 ], [ -122.23582, 37.74664 ] ], [ [ -122.20862, 37.71644 ], [ -122.20871, 37.71647 ], [ -122.2088, 37.71649 ], [ -122.20889, 37.7165 ], [ -122.20904, 37.71652 ], [ -122.20951, 37.71658 ], [ -122.21003, 37.71664 ] ], [ [ -122.20839, 37.71683 ], [ -122.20859, 37.71676 ], [ -122.20903, 37.71664 ] ], [ [ -122.20642, 37.72046 ], [ -122.20668, 37.72046 ], [ -122.20692, 37.72044 ], [ -122.20724, 37.72042 ], [ -122.20752, 37.72043 ], [ -122.20778, 37.72046 ], [ -122.20804, 37.72053 ], [ -122.20828, 37.72062 ], [ -122.20871, 37.7208 ] ], [ [ -122.20803, 37.71513 ], [ -122.20823, 37.71548 ] ], [ [ -122.20765, 37.71334 ], [ -122.20752, 37.7135 ], [ -122.20747, 37.71359 ], [ -122.20729, 37.71412 ], [ -122.20725, 37.71418 ], [ -122.20723, 37.7142 ], [ -122.20721, 37.71421 ], [ -122.20709, 37.71428 ], [ -122.20705, 37.71431 ] ], [ [ -122.20642, 37.72046 ], [ -122.20668, 37.72044 ], [ -122.2069, 37.7204 ], [ -122.20714, 37.72035 ], [ -122.20732, 37.72028 ], [ -122.20745, 37.7202 ], [ -122.20754, 37.72011 ], [ -122.20755, 37.72006 ], [ -122.20754, 37.72001 ], [ -122.20751, 37.71997 ] ], [ [ -122.20619, 37.72046 ], [ -122.20642, 37.72046 ] ], [ [ -122.20403, 37.71983 ], [ -122.20595, 37.72041 ] ], [ [ -122.2047, 37.7183 ], [ -122.20539, 37.71804 ], [ -122.2055, 37.71799 ] ], [ [ -122.20183, 37.72003 ], [ -122.20201, 37.71994 ], [ -122.20215, 37.71979 ], [ -122.2025, 37.71948 ], [ -122.20268, 37.71934 ], [ -122.20284, 37.71922 ], [ -122.20303, 37.71909 ] ], [ [ -122.20204, 37.72014 ], [ -122.20226, 37.72001 ], [ -122.20247, 37.71991 ], [ -122.20271, 37.71983 ] ], [ [ -122.20197, 37.72573 ], [ -122.20225, 37.72582 ] ], [ [ -122.20118, 37.72122 ], [ -122.20141, 37.72086 ], [ -122.20181, 37.72035 ] ] ] } },
{ "type": "Feature", "properties": { "n": "", "cm": 3.0, "ch": null }, "geometry": { "type": "MultiLineString", "coordinates": [ [ [ -122.21156, 37.71629 ], [ -122.2124, 37.7157 ] ], [ [ -122.20842, 37.71624 ], [ -122.20844, 37.71629 ] ], [ [ -122.20377, 37.71976 ], [ -122.20403, 37.71983 ] ], [ [ -122.20271, 37.71983 ], [ -122.20295, 37.71977 ] ] ] } },
{ "type": "Feature", "properties": { "n": "", "cm": 2.9, "ch": null }, "geometry": { "type": "MultiLineString", "coordinates": [ [ [ -122.24559, 37.73924 ], [ -122.2456, 37.7393 ] ], [ [ -122.22762, 37.72717 ], [ -122.22737, 37.72701 ] ], [ [ -122.2083, 37.71574 ], [ -122.2084, 37.71619 ] ], [ [ -122.20295, 37.71977 ], [ -122.20323, 37.71974 ] ] ] } },
{ "type": "Feature", "properties": { "n": "", "cm": 2.5, "ch": null }, "geometry": { "type": "MultiLineString", "coordinates": [ [ [ -122.23611, 37.74662 ], [ -122.23613, 37.74657 ] ], [ [ -122.20595, 37.72041 ], [ -122.20619, 37.72046 ] ], [ [ -122.20525, 37.71747 ], [ -122.20502, 37.71756 ] ] ] } },
{ "type": "Feature", "properties": { "n": "Sunny Cove Circle", "cm": 2.7, "ch": 2.7 }, "geometry": { "type": "LineString", "coordinates": [ [ -122.24091, 37.74625 ], [ -122.24102, 37.74623 ], [ -122.24126, 37.74609 ], [ -122.24132, 37.74602 ], [ -122.24128, 37.74592 ], [ -122.24117, 37.7459 ], [ -122.24097, 37.74588 ], [ -122.24083, 37.74593 ], [ -122.24075, 37.74596 ] ] } },
{ "type": "Feature", "properties": { "n": "Auburn Drive", "cm": 2.2, "ch": null }, "geometry": { "type": "LineString", "coordinates": [ [ -122.24093, 37.73585 ], [ -122.24106, 37.73551 ], [ -122.24145, 37.73498 ] ] } },
{ "type": "Feature", "properties": { "n": "Auburn Drive", "cm": 2.6, "ch": null }, "geometry": { "type": "LineString", "coordinates": [ [ -122.24145, 37.73498 ], [ -122.24197, 37.7344 ] ] } },
{ "type": "Feature", "properties": { "n": "West Essex Drive", "cm": 1.9, "ch": 1.9 }, "geometry": { "type": "MultiLineString", "coordinates": [ [ [ -122.30112, 37.78715 ], [ -122.30068, 37.78713 ] ], [ [ -122.29488, 37.78814 ], [ -122.29498, 37.78801 ], [ -122.29507, 37.7879 ] ] ] } },
{ "type": "Feature", "properties": { "n": "West Essex Drive", "cm": 2.0, "ch": 2.0 }, "geometry": { "type": "LineString", "coordinates": [ [ -122.29507, 37.7879 ], [ -122.29516, 37.78781 ] ] } },
{ "type": "Feature", "properties": { "n": "West Essex Drive", "cm": 2.1, "ch": 2.1 }, "geometry": { "type": "MultiLineString", "coordinates": [ [ [ -122.30207, 37.7872 ], [ -122.30199, 37.78719 ] ], [ [ -122.30198, 37.78731 ], [ -122.30206, 37.78731 ] ], [ [ -122.29971, 37.78708 ], [ -122.29933, 37.78706 ], [ -122.29896, 37.78704 ] ], [ [ -122.29895, 37.78715 ], [ -122.29931, 37.78717 ], [ -122.29969, 37.78719 ] ], [ [ -122.29795, 37.7871 ], [ -122.29851, 37.78713 ], [ -122.29873, 37.78714 ], [ -122.29885, 37.78714 ] ], [ [ -122.29516, 37.78781 ], [ -122.29528, 37.78769 ] ] ] } },
{ "type": "Feature", "properties": { "n": "West Essex Drive", "cm": 2.4, "ch": 2.4 }, "geometry": { "type": "MultiLineString", "coordinates": [ [ [ -122.30068, 37.78713 ], [ -122.29971, 37.78708 ] ], [ [ -122.29528, 37.78769 ], [ -122.29545, 37.78756 ] ] ] } },
{ "type": "Feature", "properties": { "n": "West Essex Drive", "cm": 2.7, "ch": 2.7 }, "geometry": { "type": "LineString", "coordinates": [ [ -122.29545, 37.78756 ], [ -122.2956, 37.78746 ] ] } },
{ "type": "Feature", "properties": { "n": "West Essex Drive", "cm": 2.9, "ch": 2.9 }, "geometry": { "type": "MultiLineString", "coordinates": [ [ [ -122.29779, 37.78703 ], [ -122.2979, 37.78708 ] ], [ [ -122.2956, 37.78746 ], [ -122.29576, 37.78737 ] ] ] } },
{ "type": "Feature", "properties": { "n": "Seminary Avenue", "cm": 2.2, "ch": null }, "geometry": { "type": "LineString", "coordinates": [ [ -122.23249, 37.73324 ], [ -122.23205, 37.73347 ], [ -122.23168, 37.73366 ] ] } },
{ "type": "Feature", "properties": { "n": "Ginger Lane", "cm": 2.4, "ch": null }, "geometry": { "type": "LineString", "coordinates": [ [ -122.23472, 37.73276 ], [ -122.23476, 37.73272 ], [ -122.23484, 37.73262 ] ] } },
{ "type": "Feature", "properties": { "n": "Ginger Lane", "cm": 2.7, "ch": null }, "geometry": { "type": "LineString", "coordinates": [ [ -122.23484, 37.73262 ], [ -122.23506, 37.73233 ], [ -122.23524, 37.7321 ] ] } },
{ "type": "Feature", "properties": { "n": "Ginger Lane", "cm": 3.0, "ch": null }, "geometry": { "type": "LineString", "coordinates": [ [ -122.23524, 37.7321 ], [ -122.23528, 37.73204 ] ] } },
{ "type": "Feature", "properties": { "n": "Magnolia Drive", "cm": 2.2, "ch": null }, "geometry": { "type": "MultiLineString", "coordinates": [ [ [ -122.23507, 37.73299 ], [ -122.23497, 37.73293 ], [ -122.23472, 37.73276 ] ], [ [ -122.23463, 37.7327 ], [ -122.23423, 37.73242 ], [ -122.23392, 37.73221 ] ], [ [ -122.23373, 37.73203 ], [ -122.23364, 37.73192 ], [ -122.23297, 37.73109 ], [ -122.23235, 37.73035 ], [ -122.23213, 37.7301 ], [ -122.23209, 37.73001 ], [ -122.23207, 37.72989 ], [ -122.23208, 37.72978 ], [ -122.23211, 37.72969 ], [ -122.23218, 37.72959 ], [ -122.23226, 37.72951 ], [ -122.23265, 37.72918 ], [ -122.23301, 37.72885 ] ] ] } },
{ "type": "Feature", "properties": { "n": "Magnolia Drive", "cm": 2.6, "ch": null }, "geometry": { "type": "LineString", "coordinates": [ [ -122.23472, 37.73276 ], [ -122.23463, 37.7327 ] ] } },
{ "type": "Feature", "properties": { "n": "Magnolia Drive", "cm": 2.4, "ch": null }, "geometry": { "type": "LineString", "coordinates": [ [ -122.23392, 37.73221 ], [ -122.23382, 37.73213 ], [ -122.23373, 37.73203 ] ] } },
{ "type": "Feature", "properties": { "n": "Garden Road", "cm": 2.2, "ch": null }, "geometry": { "type": "LineString", "coordinates": [ [ -122.236, 37.73463 ], [ -122.23626, 37.735 ], [ -122.23667, 37.73552 ], [ -122.23849, 37.7377 ] ] } },
{ "type": "Feature", "properties": { "n": "Neil Armstrong Way", "cm": 2.2, "ch": null }, "geometry": { "type": "MultiLineString", "coordinates": [ [ [ -122.20717, 37.71667 ], [ -122.20757, 37.7164 ], [ -122.20769, 37.71631 ], [ -122.20778, 37.71624 ], [ -122.20785, 37.71616 ], [ -122.20792, 37.71608 ], [ -122.20796, 37.716 ], [ -122.208, 37.7159 ], [ -122.20802, 37.71582 ], [ -122.20804, 37.71573 ], [ -122.20804, 37.71563 ], [ -122.20803, 37.71554 ], [ -122.208, 37.71543 ], [ -122.20797, 37.71532 ], [ -122.20792, 37.71521 ], [ -122.20787, 37.71511 ], [ -122.20781, 37.715 ], [ -122.20776, 37.71494 ], [ -122.2077, 37.71487 ], [ -122.20758, 37.71476 ], [ -122.20752, 37.71472 ], [ -122.2074, 37.71462 ], [ -122.20705, 37.71431 ] ], [ [ -122.2054, 37.7174 ], [ -122.20538, 37.71731 ], [ -122.20539, 37.71726 ], [ -122.20546, 37.71719 ], [ -122.20556, 37.71714 ], [ -122.206, 37.717 ], [ -122.20611, 37.71695 ], [ -122.2062, 37.71689 ], [ -122.20658, 37.71654 ], [ -122.20664, 37.7165 ], [ -122.20671, 37.71649 ], [ -122.20678, 37.71649 ], [ -122.20684, 37.71649 ], [ -122.20689, 37.71652 ] ] ] } },
{ "type": "Feature", "properties": { "n": "Orion Street", "cm": 2.7, "ch": 2.7 }, "geometry": { "type": "LineString", "coordinates": [ [ -122.29392, 37.7877 ], [ -122.29396, 37.78721 ] ] } },
{ "type": "Feature", "properties": { "n": "Orion Street", "cm": 2.6, "ch": 2.6 }, "geometry": { "type": "LineString", "coordinates": [ [ -122.29396, 37.78721 ], [ -122.29399, 37.78687 ], [ -122.29408, 37.78571 ] ] } },
{ "type": "Feature", "properties": { "n": "Shepardson Lane", "cm": 2.7, "ch": 2.7 }, "geometry": { "type": "MultiLineString", "coordinates": [ [ [ -122.24275, 37.7467 ], [ -122.24247, 37.74665 ], [ -122.24237, 37.7467 ], [ -122.24232, 37.7472 ] ], [ [ -122.24259, 37.74751 ], [ -122.24264, 37.74739 ], [ -122.24265, 37.74729 ], [ -122.24257, 37.74722 ], [ -122.24246, 37.74719 ], [ -122.24232, 37.7472 ] ], [ [ -122.24232, 37.7472 ], [ -122.24239, 37.7474 ] ] ] } },
{ "type": "Feature", "properties": { "n": "Basinside Way", "cm": 2.6, "ch": null }, "geometry": { "type": "MultiLineString", "coordinates": [ [ [ -122.24566, 37.74038 ], [ -122.24582, 37.74047 ], [ -122.24598, 37.74057 ], [ -122.24617, 37.74068 ] ], [ [ -122.24452, 37.74087 ], [ -122.24471, 37.7407 ], [ -122.24487, 37.7406 ], [ -122.2453, 37.74033 ], [ -122.24546, 37.74032 ] ], [ [ -122.24249, 37.74285 ], [ -122.24261, 37.7427 ], [ -122.24254, 37.74244 ], [ -122.24245, 37.74218 ], [ -122.24243, 37.74214 ], [ -122.24281, 37.74205 ] ] ] } },
{ "type": "Feature", "properties": { "n": "Basinside Way", "cm": 2.8, "ch": null }, "geometry": { "type": "LineString", "coordinates": [ [ -122.24425, 37.7411 ], [ -122.24452, 37.74087 ] ] } },
{ "type": "Feature", "properties": { "n": "Basinside Way", "cm": 2.7, "ch": null }, "geometry": { "type": "LineString", "coordinates": [ [ -122.24546, 37.74032 ], [ -122.24566, 37.74038 ] ] } },
{ "type": "Feature", "properties": { "n": "Begonia Drive", "cm": 2.2, "ch": null }, "geometry": { "type": "LineString", "coordinates": [ [ -122.23946, 37.73386 ], [ -122.23836, 37.73523 ], [ -122.23827, 37.73534 ] ] } },
{ "type": "Feature", "properties": { "n": "Barbers Point Road", "cm": 2.7, "ch": 2.7 }, "geometry": { "type": "MultiLineString", "coordinates": [ [ [ -122.29383, 37.78866 ], [ -122.29397, 37.78876 ], [ -122.29411, 37.78885 ] ], [ [ -122.29255, 37.78693 ], [ -122.29298, 37.78758 ], [ -122.29309, 37.78774 ] ] ] } },
{ "type": "Feature", "properties": { "n": "Barbers Point Road", "cm": 2.6, "ch": 2.6 }, "geometry": { "type": "LineString", "coordinates": [ [ -122.29411, 37.78885 ], [ -122.29428, 37.78894 ] ] } },
{ "type": "Feature", "properties": { "n": "Barbers Point Road", "cm": 2.4, "ch": 2.4 }, "geometry": { "type": "LineString", "coordinates": [ [ -122.29428, 37.78894 ], [ -122.29444, 37.78901 ] ] } },
{ "type": "Feature", "properties": { "n": "Barbers Point Road", "cm": 2.3, "ch": 2.3 }, "geometry": { "type": "LineString", "coordinates": [ [ -122.29444, 37.78901 ], [ -122.29446, 37.78902 ], [ -122.29454, 37.78906 ] ] } },
{ "type": "Feature", "properties": { "n": "Barbers Point Road", "cm": 1.9, "ch": 1.9 }, "geometry": { "type": "LineString", "coordinates": [ [ -122.29454, 37.78906 ], [ -122.29465, 37.7891 ] ] } },
{ "type": "Feature", "properties": { "n": "Barbers Point Road", "cm": 1.8, "ch": 1.8 }, "geometry": { "type": "LineString", "coordinates": [ [ -122.29465, 37.7891 ], [ -122.29484, 37.78917 ], [ -122.29503, 37.78923 ], [ -122.29523, 37.78928 ], [ -122.29545, 37.78933 ], [ -122.29565, 37.78935 ], [ -122.29583, 37.78937 ], [ -122.29597, 37.78937 ], [ -122.29612, 37.78936 ], [ -122.29625, 37.78935 ], [ -122.2964, 37.78933 ], [ -122.29656, 37.7893 ], [ -122.29672, 37.78926 ], [ -122.29685, 37.78922 ], [ -122.29702, 37.78915 ], [ -122.29717, 37.78908 ], [ -122.29731, 37.78899 ], [ -122.29744, 37.7889 ], [ -122.29755, 37.78882 ], [ -122.29771, 37.78869 ], [ -122.29779, 37.7886 ], [ -122.29782, 37.78855 ], [ -122.29783, 37.78851 ] ] } },
{ "type": "Feature", "properties": { "n": "Tahiti Lane", "cm": 2.6, "ch": null }, "geometry": { "type": "LineString", "coordinates": [ [ -122.24213, 37.73542 ], [ -122.24176, 37.73603 ] ] } },
{ "type": "Feature", "properties": { "n": "Stone Harbor", "cm": 2.6, "ch": null }, "geometry": { "type": "MultiLineString", "coordinates": [ [ [ -122.24008, 37.74111 ], [ -122.24007, 37.74104 ] ], [ [ -122.23985, 37.74071 ], [ -122.2396, 37.74052 ], [ -122.2395, 37.74049 ] ] ] } },
{ "type": "Feature", "properties": { "n": "Stone Harbor", "cm": 2.8, "ch": null }, "geometry": { "type": "LineString", "coordinates": [ [ -122.24007, 37.74104 ], [ -122.24004, 37.74094 ], [ -122.23997, 37.74084 ] ] } },
{ "type": "Feature", "properties": { "n": "Stone Harbor", "cm": 2.9, "ch": null }, "geometry": { "type": "LineString", "coordinates": [ [ -122.23997, 37.74084 ], [ -122.23985, 37.74071 ] ] } },
{ "type": "Feature", "properties": { "n": "Stone Harbor", "cm": 2.7, "ch": null }, "geometry": { "type": "LineString", "coordinates": [ [ -122.2395, 37.74049 ], [ -122.23871, 37.74038 ] ] } },
{ "type": "Feature", "properties": { "n": "Wright Street", "cm": 2.2, "ch": null }, "geometry": { "type": "LineString", "coordinates": [ [ -122.21475, 37.73435 ], [ -122.21442, 37.73446 ], [ -122.21438, 37.73448 ], [ -122.21415, 37.73455 ], [ -122.2139, 37.73463 ] ] } },
{ "type": "Feature", "properties": { "n": "Wright Street", "cm": 2.5, "ch": null }, "geometry": { "type": "LineString", "coordinates": [ [ -122.2139, 37.73463 ], [ -122.2137, 37.73469 ] ] } },
{ "type": "Feature", "properties": { "n": "Wright Street", "cm": 2.8, "ch": null }, "geometry": { "type": "LineString", "coordinates": [ [ -122.2137, 37.73469 ], [ -122.21338, 37.73478 ] ] } },
{ "type": "Feature", "properties": { "n": "Todd Street", "cm": 2.4, "ch": 2.4 }, "geometry": { "type": "LineString", "coordinates": [ [ -122.30056, 37.78865 ], [ -122.30058, 37.78836 ], [ -122.30059, 37.7882 ] ] } },
{ "type": "Feature", "properties": { "n": "Todd Street", "cm": 2.3, "ch": 2.3 }, "geometry": { "type": "MultiLineString", "coordinates": [ [ [ -122.30062, 37.78788 ], [ -122.30062, 37.78786 ], [ -122.30064, 37.78765 ], [ -122.30064, 37.78762 ], [ -122.30066, 37.78745 ] ], [ [ -122.30059, 37.7882 ], [ -122.3006, 37.78808 ], [ -122.30061, 37.78801 ] ] ] } },
{ "type": "Feature", "properties": { "n": "Todd Street", "cm": 2.2, "ch": 2.2 }, "geometry": { "type": "LineString", "coordinates": [ [ -122.30061, 37.78801 ], [ -122.30062, 37.78788 ] ] } },
{ "type": "Feature", "properties": { "n": "Todd Street", "cm": 2.5, "ch": 2.5 }, "geometry": { "type": "LineString", "coordinates": [ [ -122.30066, 37.78745 ], [ -122.30067, 37.78724 ] ] } },
{ "type": "Feature", "properties": { "n": "Todd Street", "cm": 2.7, "ch": 2.7 }, "geometry": { "type": "LineString", "coordinates": [ [ -122.30067, 37.78724 ], [ -122.30068, 37.78713 ], [ -122.30071, 37.78676 ] ] } },
{ "type": "Feature", "properties": { "n": "Chilmark Lane", "cm": 2.6, "ch": null }, "geometry": { "type": "LineString", "coordinates": [ [ -122.24564, 37.74126 ], [ -122.24617, 37.74068 ] ] } },
{ "type": "Feature", "properties": { "n": "Alan Shepard Way", "cm": 2.9, "ch": null }, "geometry": { "type": "LineString", "coordinates": [ [ -122.21413, 37.71478 ], [ -122.21418, 37.71482 ], [ -122.21419, 37.71483 ] ] } },
{ "type": "Feature", "properties": { "n": "Alan Shepard Way", "cm": 2.8, "ch": null }, "geometry": { "type": "LineString", "coordinates": [ [ -122.21419, 37.71483 ], [ -122.2143, 37.7149 ] ] } },
{ "type": "Feature", "properties": { "n": "Alan Shepard Way", "cm": 2.6, "ch": null }, "geometry": { "type": "LineString", "coordinates": [ [ -122.2143, 37.7149 ], [ -122.21437, 37.71494 ] ] } },
{ "type": "Feature", "properties": { "n": "San Pedro Road", "cm": 2.2, "ch": 2.2 }, "geometry": { "type": "MultiLineString", "coordinates": [ [ [ -122.29543, 37.78795 ], [ -122.2955, 37.78807 ] ], [ [ -122.29528, 37.78769 ], [ -122.29535, 37.78783 ] ] ] } },
{ "type": "Feature", "properties": { "n": "San Pedro Road", "cm": 2.3, "ch": 2.3 }, "geometry": { "type": "LineString", "coordinates": [ [ -122.29535, 37.78783 ], [ -122.29543, 37.78795 ] ] } },
{ "type": "Feature", "properties": { "n": "San Pedro Road", "cm": 2.1, "ch": 2.1 }, "geometry": { "type": "LineString", "coordinates": [ [ -122.2955, 37.78807 ], [ -122.29559, 37.78819 ] ] } },
{ "type": "Feature", "properties": { "n": "San Pedro Road", "cm": 2.0, "ch": 2.0 }, "geometry": { "type": "LineString", "coordinates": [ [ -122.29559, 37.78819 ], [ -122.2957, 37.78831 ] ] } },
{ "type": "Feature", "properties": { "n": "San Pedro Road", "cm": 1.9, "ch": 1.9 }, "geometry": { "type": "LineString", "coordinates": [ [ -122.2957, 37.78831 ], [ -122.29581, 37.78842 ] ] } },
{ "type": "Feature", "properties": { "n": "San Pedro Road", "cm": 1.8, "ch": 1.8 }, "geometry": { "type": "LineString", "coordinates": [ [ -122.29581, 37.78842 ], [ -122.29593, 37.78853 ], [ -122.29609, 37.78866 ], [ -122.29624, 37.78876 ], [ -122.29641, 37.78887 ], [ -122.29659, 37.78897 ], [ -122.29675, 37.78904 ], [ -122.2969, 37.7891 ], [ -122.29702, 37.78915 ] ] } },
{ "type": "Feature", "properties": { "n": "West Red Line Avenue", "cm": 1.4, "ch": 1.4 }, "geometry": { "type": "LineString", "coordinates": [ [ -122.30339, 37.7888 ], [ -122.30384, 37.78882 ] ] } },
{ "type": "Feature", "properties": { "n": "West Red Line Avenue", "cm": 1.5, "ch": 1.5 }, "geometry": { "type": "LineString", "coordinates": [ [ -122.30384, 37.78882 ], [ -122.30425, 37.78884 ], [ -122.30464, 37.78886 ] ] } },
{ "type": "Feature", "properties": { "n": "West Red Line Avenue", "cm": 1.7, "ch": 1.7 }, "geometry": { "type": "LineString", "coordinates": [ [ -122.30464, 37.78886 ], [ -122.30496, 37.78888 ] ] } },
{ "type": "Feature", "properties": { "n": "West Red Line Avenue", "cm": 2.5, "ch": 2.5 }, "geometry": { "type": "LineString", "coordinates": [ [ -122.30496, 37.78888 ], [ -122.30582, 37.78892 ] ] } },
{ "type": "Feature", "properties": { "n": "West Red Line Avenue", "cm": 2.8, "ch": 2.8 }, "geometry": { "type": "MultiLineString", "coordinates": [ [ [ -122.30721, 37.78899 ], [ -122.30779, 37.78902 ] ], [ [ -122.30582, 37.78892 ], [ -122.30611, 37.78894 ] ] ] } },
{ "type": "Feature", "properties": { "n": "West Red Line Avenue", "cm": 2.6, "ch": 2.6 }, "geometry": { "type": "MultiLineString", "coordinates": [ [ [ -122.30779, 37.78902 ], [ -122.30812, 37.78904 ] ], [ [ -122.30611, 37.78894 ], [ -122.30624, 37.78894 ], [ -122.3067, 37.78897 ] ] ] } },
{ "type": "Feature", "properties": { "n": "West Red Line Avenue", "cm": 2.7, "ch": 2.7 }, "geometry": { "type": "LineString", "coordinates": [ [ -122.3067, 37.78897 ], [ -122.30721, 37.78899 ] ] } },
{ "type": "Feature", "properties": { "n": "Carl Vinson Drive", "cm": 2.7, "ch": 2.7 }, "geometry": { "type": "LineString", "coordinates": [ [ -122.28896, 37.78687 ], [ -122.28804, 37.78685 ] ] } },
{ "type": "Feature", "properties": { "n": "Lilac Street", "cm": 2.2, "ch": null }, "geometry": { "type": "LineString", "coordinates": [ [ -122.23421, 37.72995 ], [ -122.23373, 37.73057 ], [ -122.23364, 37.73068 ], [ -122.23352, 37.73079 ], [ -122.23336, 37.7309 ], [ -122.23297, 37.73109 ] ] } },
{ "type": "Feature", "properties": { "n": "Neil Armstrong Way", "cm": 2.4, "ch": null }, "geometry": { "type": "LineString", "coordinates": [ [ -122.2054, 37.71742 ], [ -122.2054, 37.7174 ] ] } },
{ "type": "Feature", "properties": { "n": "", "cm": 2.3, "ch": null }, "geometry": { "type": "MultiLineString", "coordinates": [ [ [ -122.22817, 37.7274 ], [ -122.22788, 37.7273 ], [ -122.22773, 37.72722 ] ], [ [ -122.20813, 37.71608 ], [ -122.20801, 37.71624 ], [ -122.20788, 37.71639 ] ], [ [ -122.20303, 37.71909 ], [ -122.20323, 37.71897 ] ] ] } },
{ "type": "Feature", "properties": { "n": "", "cm": 2.8, "ch": null }, "geometry": { "type": "MultiLineString", "coordinates": [ [ [ -122.2456, 37.7393 ], [ -122.24563, 37.73934 ], [ -122.24567, 37.73937 ] ], [ [ -122.24561, 37.73911 ], [ -122.24558, 37.7392 ], [ -122.24559, 37.73924 ] ], [ [ -122.23602, 37.74681 ], [ -122.23611, 37.74662 ] ], [ [ -122.2143, 37.7148 ], [ -122.21419, 37.71483 ] ], [ [ -122.20788, 37.71639 ], [ -122.20774, 37.71652 ] ] ] } },
{ "type": "Feature", "properties": { "n": "Ron Cowan Parkway", "cm": 2.9, "ch": null }, "geometry": { "type": "LineString", "coordinates": [ [ -122.20624, 37.71899 ], [ -122.20656, 37.71931 ] ] } },
{ "type": "Feature", "properties": { "n": "Ron Cowan Parkway", "cm": 2.6, "ch": null }, "geometry": { "type": "LineString", "coordinates": [ [ -122.20656, 37.71931 ], [ -122.20686, 37.71959 ] ] } },
{ "type": "Feature", "properties": { "n": "Ron Cowan Parkway", "cm": 2.2, "ch": null }, "geometry": { "type": "MultiLineString", "coordinates": [ [ [ -122.22855, 37.7274 ], [ -122.22846, 37.72738 ], [ -122.22825, 37.72733 ], [ -122.22793, 37.72722 ], [ -122.22768, 37.72709 ], [ -122.22744, 37.72694 ] ], [ [ -122.2161, 37.7228 ], [ -122.21729, 37.72319 ], [ -122.22438, 37.72545 ], [ -122.22478, 37.72558 ], [ -122.22511, 37.72572 ], [ -122.22543, 37.72587 ], [ -122.22574, 37.72604 ] ], [ [ -122.22484, 37.72548 ], [ -122.22444, 37.72534 ], [ -122.21808, 37.72332 ], [ -122.21735, 37.72308 ], [ -122.215, 37.72232 ], [ -122.21464, 37.72221 ], [ -122.21427, 37.72212 ], [ -122.21384, 37.72204 ], [ -122.21274, 37.72181 ], [ -122.21169, 37.7216 ], [ -122.21098, 37.72145 ], [ -122.21056, 37.72135 ], [ -122.21015, 37.72123 ], [ -122.20976, 37.72111 ], [ -122.20931, 37.72094 ], [ -122.20886, 37.72075 ], [ -122.20847, 37.72055 ], [ -122.2082, 37.72041 ], [ -122.20789, 37.72022 ], [ -122.20751, 37.71997 ], [ -122.20721, 37.71974 ], [ -122.20695, 37.71953 ] ], [ [ -122.20686, 37.71959 ], [ -122.20707, 37.71977 ], [ -122.2073, 37.71994 ], [ -122.20754, 37.72011 ], [ -122.20782, 37.72029 ], [ -122.2081, 37.72045 ], [ -122.2084, 37.72062 ], [ -122.20871, 37.7208 ], [ -122.20912, 37.72099 ], [ -122.20953, 37.72117 ], [ -122.20998, 37.72132 ], [ -122.21031, 37.72142 ], [ -122.21045, 37.72145 ], [ -122.21095, 37.72158 ], [ -122.21131, 37.72165 ], [ -122.2121, 37.72181 ], [ -122.21268, 37.72192 ], [ -122.2138, 37.72214 ], [ -122.21422, 37.72223 ], [ -122.2146, 37.72232 ] ], [ [ -122.20598, 37.71849 ], [ -122.20587, 37.71831 ], [ -122.2058, 37.71819 ] ], [ [ -122.20529, 37.71762 ], [ -122.20545, 37.71791 ], [ -122.2055, 37.71799 ], [ -122.20555, 37.7181 ], [ -122.20558, 37.71815 ], [ -122.20572, 37.71836 ], [ -122.20596, 37.71867 ] ], [ [ -122.2058, 37.71819 ], [ -122.20578, 37.71805 ], [ -122.2057, 37.71791 ], [ -122.20566, 37.71784 ], [ -122.20545, 37.7175 ] ], [ [ -122.2058, 37.71819 ], [ -122.20571, 37.71808 ], [ -122.20562, 37.71795 ], [ -122.20557, 37.71787 ], [ -122.20539, 37.71758 ] ] ] } },
{ "type": "Feature", "properties": { "n": "John Glenn Drive", "cm": 2.7, "ch": null }, "geometry": { "type": "MultiLineString", "coordinates": [ [ [ -122.21473, 37.71374 ], [ -122.21474, 37.71368 ] ], [ [ -122.2104, 37.71685 ], [ -122.21053, 37.71685 ] ], [ [ -122.20769, 37.71718 ], [ -122.20784, 37.71712 ] ] ] } },
{ "type": "Feature", "properties": { "n": "John Glenn Drive", "cm": 2.6, "ch": null }, "geometry": { "type": "MultiLineString", "coordinates": [ [ [ -122.21471, 37.7139 ], [ -122.21473, 37.71377 ], [ -122.21473, 37.71374 ] ], [ [ -122.21053, 37.71685 ], [ -122.21064, 37.71684 ] ] ] } },
{ "type": "Feature", "properties": { "n": "John Glenn Drive", "cm": 2.3, "ch": null }, "geometry": { "type": "MultiLineString", "coordinates": [ [ [ -122.2147, 37.71396 ], [ -122.21471, 37.7139 ] ], [ [ -122.21064, 37.71684 ], [ -122.21075, 37.71683 ], [ -122.21088, 37.71681 ] ] ] } },
{ "type": "Feature", "properties": { "n": "John Glenn Drive", "cm": 2.2, "ch": null }, "geometry": { "type": "MultiLineString", "coordinates": [ [ [ -122.21461, 37.71444 ], [ -122.21463, 37.71438 ], [ -122.21464, 37.71435 ], [ -122.21465, 37.7143 ], [ -122.21467, 37.71417 ], [ -122.2147, 37.71396 ] ], [ [ -122.21088, 37.71681 ], [ -122.21099, 37.71679 ], [ -122.21111, 37.71676 ], [ -122.21122, 37.71673 ], [ -122.21134, 37.71669 ], [ -122.21183, 37.71649 ], [ -122.2122, 37.71633 ], [ -122.21311, 37.71595 ], [ -122.21322, 37.71591 ], [ -122.21327, 37.71588 ], [ -122.21333, 37.71584 ], [ -122.21355, 37.71569 ], [ -122.21361, 37.71565 ], [ -122.21398, 37.71539 ] ], [ [ -122.2055, 37.71799 ], [ -122.20562, 37.71795 ], [ -122.2057, 37.71791 ], [ -122.20579, 37.71788 ], [ -122.20583, 37.71787 ], [ -122.2059, 37.71784 ], [ -122.20651, 37.71761 ], [ -122.20694, 37.71745 ], [ -122.20769, 37.71718 ] ] ] } },
{ "type": "Feature", "properties": { "n": "Air Cargo Way", "cm": 2.2, "ch": null }, "geometry": { "type": "MultiLineString", "coordinates": [ [ [ -122.21825, 37.72213 ], [ -122.2189, 37.72151 ], [ -122.21946, 37.72098 ], [ -122.21983, 37.72064 ], [ -122.22106, 37.71947 ], [ -122.22143, 37.71912 ], [ -122.22188, 37.7187 ], [ -122.22254, 37.71807 ], [ -122.22262, 37.71801 ], [ -122.22269, 37.71796 ] ], [ [ -122.21729, 37.72319 ], [ -122.21735, 37.72308 ], [ -122.21739, 37.72301 ], [ -122.21745, 37.72291 ], [ -122.2175, 37.72284 ], [ -122.21756, 37.72278 ], [ -122.21764, 37.7227 ], [ -122.2182, 37.72218 ] ] ] } },
{ "type": "Feature", "properties": { "n": "Pearl Harbor Road", "cm": 2.8, "ch": 2.8 }, "geometry": { "type": "LineString", "coordinates": [ [ -122.29392, 37.7877 ], [ -122.29407, 37.78772 ] ] } },
{ "type": "Feature", "properties": { "n": "Pearl Harbor Road", "cm": 2.5, "ch": 2.5 }, "geometry": { "type": "LineString", "coordinates": [ [ -122.29407, 37.78772 ], [ -122.29422, 37.78775 ] ] } },
{ "type": "Feature", "properties": { "n": "Pearl Harbor Road", "cm": 2.3, "ch": 2.3 }, "geometry": { "type": "LineString", "coordinates": [ [ -122.29422, 37.78775 ], [ -122.29437, 37.7878 ] ] } },
{ "type": "Feature", "properties": { "n": "Pearl Harbor Road", "cm": 2.2, "ch": 2.2 }, "geometry": { "type": "LineString", "coordinates": [ [ -122.29437, 37.7878 ], [ -122.29449, 37.78785 ] ] } },
{ "type": "Feature", "properties": { "n": "Pearl Harbor Road", "cm": 2.0, "ch": 2.0 }, "geometry": { "type": "LineString", "coordinates": [ [ -122.29449, 37.78785 ], [ -122.2946, 37.78791 ] ] } },
{ "type": "Feature", "properties": { "n": "Pearl Harbor Road", "cm": 1.8, "ch": 1.8 }, "geometry": { "type": "MultiLineString", "coordinates": [ [ [ -122.29488, 37.78814 ], [ -122.29507, 37.7884 ], [ -122.29516, 37.78851 ], [ -122.29526, 37.78862 ], [ -122.29536, 37.78872 ], [ -122.29548, 37.78883 ], [ -122.29559, 37.78892 ], [ -122.29571, 37.78902 ], [ -122.29585, 37.78911 ], [ -122.29596, 37.78918 ], [ -122.2961, 37.78927 ], [ -122.29625, 37.78935 ] ], [ [ -122.2946, 37.78791 ], [ -122.29471, 37.78798 ], [ -122.29481, 37.78806 ] ] ] } },
{ "type": "Feature", "properties": { "n": "Pearl Harbor Road", "cm": 1.9, "ch": 1.9 }, "geometry": { "type": "LineString", "coordinates": [ [ -122.29481, 37.78806 ], [ -122.29488, 37.78814 ] ] } },
{ "type": "Feature", "properties": { "n": "Island Drive", "cm": 2.4, "ch": null }, "geometry": { "type": "MultiLineString", "coordinates": [ [ [ -122.23981, 37.73573 ], [ -122.23986, 37.7356 ] ], [ [ -122.23871, 37.73693 ], [ -122.23863, 37.73714 ] ], [ [ -122.23817, 37.7401 ], [ -122.23818, 37.74004 ] ] ] } },
{ "type": "Feature", "properties": { "n": "Island Drive", "cm": 2.5, "ch": null }, "geometry": { "type": "MultiLineString", "coordinates": [ [ [ -122.23986, 37.7356 ], [ -122.23969, 37.7357 ] ], [ [ -122.23938, 37.73629 ], [ -122.23943, 37.73624 ] ] ] } },
{ "type": "Feature", "properties": { "n": "Island Drive", "cm": 2.6, "ch": null }, "geometry": { "type": "LineString", "coordinates": [ [ -122.23969, 37.7357 ], [ -122.23957, 37.73578 ], [ -122.23946, 37.73592 ] ] } },
{ "type": "Feature", "properties": { "n": "Island Drive", "cm": 2.9, "ch": null }, "geometry": { "type": "LineString", "coordinates": [ [ -122.23946, 37.73592 ], [ -122.23934, 37.73607 ] ] } },
{ "type": "Feature", "properties": { "n": "Island Drive", "cm": 2.8, "ch": null }, "geometry": { "type": "LineString", "coordinates": [ [ -122.23901, 37.73648 ], [ -122.2389, 37.73662 ] ] } },
{ "type": "Feature", "properties": { "n": "Island Drive", "cm": 2.7, "ch": null }, "geometry": { "type": "LineString", "coordinates": [ [ -122.2389, 37.73662 ], [ -122.23878, 37.73677 ], [ -122.23871, 37.73693 ] ] } },
{ "type": "Feature", "properties": { "n": "Doolittle Drive", "cm": 2.5, "ch": null }, "geometry": { "type": "MultiLineString", "coordinates": [ [ [ -122.22667, 37.74537 ], [ -122.22691, 37.74536 ], [ -122.22719, 37.74535 ], [ -122.22753, 37.74536 ] ], [ [ -122.22752, 37.74523 ], [ -122.22724, 37.74522 ] ], [ [ -122.22475, 37.74536 ], [ -122.22384, 37.74549 ] ] ] } },
{ "type": "Feature", "properties": { "n": "Doolittle Drive", "cm": 2.9, "ch": null }, "geometry": { "type": "LineString", "coordinates": [ [ -122.22753, 37.74536 ], [ -122.22786, 37.74538 ] ] } },
{ "type": "Feature", "properties": { "n": "", "cm": 2.7, "ch": null }, "geometry": { "type": "MultiLineString", "coordinates": [ [ [ -122.21434, 37.71479 ], [ -122.2143, 37.7148 ] ], [ [ -122.20844, 37.71629 ], [ -122.20848, 37.71634 ], [ -122.20853, 37.71638 ] ], [ [ -122.20825, 37.71691 ], [ -122.20839, 37.71683 ] ] ] } },
{ "type": "Feature", "properties": { "n": "", "cm": 2.6, "ch": null }, "geometry": { "type": "MultiLineString", "coordinates": [ [ [ -122.22773, 37.72722 ], [ -122.22762, 37.72717 ] ], [ [ -122.21438, 37.71478 ], [ -122.21434, 37.71479 ] ], [ [ -122.20792, 37.71303 ], [ -122.20781, 37.71318 ] ], [ [ -122.20175, 37.72578 ], [ -122.20183, 37.72573 ], [ -122.2019, 37.72572 ] ] ] } },
{ "type": "Feature", "properties": { "n": "Grand Street", "cm": 2.6, "ch": 2.6 }, "geometry": { "type": "LineString", "coordinates": [ [ -122.25174, 37.77795 ], [ -122.2517, 37.77802 ] ] } },
{ "type": "Feature", "properties": { "n": "Nort Field", "cm": 2.2, "ch": null }, "geometry": { "type": "MultiLineString", "coordinates": [ [ [ -122.20779, 37.72952 ], [ -122.20816, 37.7291 ] ], [ [ -122.20804, 37.72903 ], [ -122.2079, 37.72919 ], [ -122.20767, 37.72946 ] ] ] } },
{ "type": "Feature", "properties": { "n": "Embarcadero West", "cm": 3.0, "ch": 3.0 }, "geometry": { "type": "LineString", "coordinates": [ [ -122.2677, 37.79144 ], [ -122.2675, 37.79145 ] ] } },
{ "type": "Feature", "properties": { "n": "Mecartney Road", "cm": 2.2, "ch": null }, "geometry": { "type": "MultiLineString", "coordinates": [ [ [ -122.23981, 37.73573 ], [ -122.23997, 37.73576 ], [ -122.24039, 37.73586 ], [ -122.24072, 37.73593 ], [ -122.24106, 37.73602 ] ], [ [ -122.23986, 37.7356 ], [ -122.2397, 37.73555 ], [ -122.23949, 37.73552 ] ], [ [ -122.23896, 37.73547 ], [ -122.23904, 37.73553 ], [ -122.23908, 37.73555 ], [ -122.23913, 37.73557 ], [ -122.23944, 37.73564 ], [ -122.23953, 37.73567 ], [ -122.23955, 37.73567 ], [ -122.23969, 37.7357 ] ], [ [ -122.2384, 37.73537 ], [ -122.23827, 37.73534 ], [ -122.2375, 37.73519 ], [ -122.23724, 37.73514 ], [ -122.23713, 37.73512 ], [ -122.23704, 37.73509 ], [ -122.23688, 37.73504 ], [ -122.23685, 37.73503 ], [ -122.23671, 37.73497 ], [ -122.23645, 37.73484 ], [ -122.236, 37.73463 ], [ -122.23596, 37.73461 ], [ -122.23541, 37.73435 ], [ -122.23501, 37.73416 ], [ -122.2347, 37.73402 ], [ -122.2344, 37.73388 ], [ -122.23425, 37.73382 ] ] ] } },
{ "type": "Feature", "properties": { "n": "Mecartney Road", "cm": 2.4, "ch": null }, "geometry": { "type": "MultiLineString", "coordinates": [ [ [ -122.24093, 37.73585 ], [ -122.24054, 37.73576 ], [ -122.24006, 37.73565 ], [ -122.24004, 37.73565 ], [ -122.23986, 37.7356 ] ], [ [ -122.23969, 37.7357 ], [ -122.23981, 37.73573 ] ], [ [ -122.23949, 37.73552 ], [ -122.23917, 37.73546 ], [ -122.23896, 37.73547 ] ] ] } },
{ "type": "Feature", "properties": { "n": "Mecartney Road", "cm": 2.3, "ch": null }, "geometry": { "type": "MultiLineString", "coordinates": [ [ [ -122.24159, 37.736 ], [ -122.24111, 37.73589 ], [ -122.24093, 37.73585 ] ], [ [ -122.24106, 37.73602 ], [ -122.24142, 37.7361 ] ], [ [ -122.23896, 37.73547 ], [ -122.23884, 37.73545 ], [ -122.2384, 37.73537 ] ] ] } },
{ "type": "Feature", "properties": { "n": "Mecartney Road", "cm": 2.9, "ch": null }, "geometry": { "type": "LineString", "coordinates": [ [ -122.24176, 37.73603 ], [ -122.24159, 37.736 ] ] } },
{ "type": "Feature", "properties": { "n": "Old Earhart Road", "cm": 2.2, "ch": null }, "geometry": { "type": "LineString", "coordinates": [ [ -122.21957, 37.74036 ], [ -122.21949, 37.74025 ], [ -122.21943, 37.74014 ], [ -122.21938, 37.73994 ], [ -122.21937, 37.73979 ], [ -122.21935, 37.73964 ], [ -122.21931, 37.73953 ], [ -122.21924, 37.73945 ], [ -122.21877, 37.73887 ], [ -122.21833, 37.73834 ], [ -122.2182, 37.73819 ], [ -122.2174, 37.73721 ], [ -122.21676, 37.73643 ], [ -122.2167, 37.73636 ], [ -122.21658, 37.73624 ] ] } },
{ "type": "Feature", "properties": { "n": "Airport Drive", "cm": 2.8, "ch": null }, "geometry": { "type": "MultiLineString", "coordinates": [ [ [ -122.20817, 37.71678 ], [ -122.20838, 37.71673 ] ], [ [ -122.20806, 37.71625 ], [ -122.208, 37.71635 ] ] ] } },
{ "type": "Feature", "properties": { "n": "Airport Drive", "cm": 2.2, "ch": null }, "geometry": { "type": "MultiLineString", "coordinates": [ [ [ -122.20838, 37.71673 ], [ -122.20855, 37.7167 ], [ -122.20872, 37.71667 ], [ -122.20903, 37.71664 ], [ -122.20911, 37.71664 ], [ -122.20928, 37.71663 ], [ -122.20952, 37.71663 ], [ -122.21003, 37.71664 ] ], [ [ -122.20766, 37.7133 ], [ -122.20765, 37.71334 ], [ -122.2076, 37.7135 ], [ -122.20757, 37.71362 ], [ -122.20756, 37.71375 ], [ -122.20755, 37.71387 ], [ -122.20756, 37.71397 ], [ -122.20759, 37.7141 ], [ -122.20763, 37.71422 ], [ -122.20803, 37.71513 ], [ -122.20815, 37.71549 ], [ -122.20817, 37.71561 ], [ -122.20818, 37.71573 ], [ -122.20818, 37.71584 ], [ -122.20816, 37.71593 ] ] ] } },
{ "type": "Feature", "properties": { "n": "Main Street", "cm": 2.0, "ch": 2.0 }, "geometry": { "type": "LineString", "coordinates": [ [ -122.29299, 37.78885 ], [ -122.29306, 37.78893 ] ] } },
{ "type": "Feature", "properties": { "n": "Main Street", "cm": 1.8, "ch": 1.8 }, "geometry": { "type": "MultiLineString", "coordinates": [ [ [ -122.29306, 37.78893 ], [ -122.29318, 37.78904 ], [ -122.29331, 37.78914 ], [ -122.29344, 37.78923 ], [ -122.29358, 37.78931 ], [ -122.29368, 37.78936 ], [ -122.29374, 37.78939 ], [ -122.29388, 37.78945 ], [ -122.29404, 37.78951 ], [ -122.29422, 37.78956 ], [ -122.29441, 37.7896 ], [ -122.2946, 37.78963 ], [ -122.29482, 37.78965 ], [ -122.29529, 37.78969 ], [ -122.29566, 37.78971 ], [ -122.29609, 37.78973 ], [ -122.2971, 37.78978 ], [ -122.29723, 37.78979 ], [ -122.29743, 37.7898 ] ], [ [ -122.29137, 37.78319 ], [ -122.2914, 37.78469 ], [ -122.2914, 37.78479 ], [ -122.2914, 37.78489 ], [ -122.2914, 37.78498 ], [ -122.2914, 37.78554 ], [ -122.2914, 37.78591 ], [ -122.29141, 37.78607 ], [ -122.29143, 37.78621 ], [ -122.29145, 37.78635 ], [ -122.29148, 37.78647 ], [ -122.29152, 37.7866 ], [ -122.29157, 37.78674 ], [ -122.29163, 37.78687 ], [ -122.29171, 37.78701 ], [ -122.29179, 37.78714 ], [ -122.29191, 37.78734 ], [ -122.29274, 37.78854 ] ] ] } },
{ "type": "Feature", "properties": { "n": "Main Street", "cm": 1.9, "ch": 1.9 }, "geometry": { "type": "MultiLineString", "coordinates": [ [ [ -122.30121, 37.79002 ], [ -122.30154, 37.79006 ] ], [ [ -122.29743, 37.7898 ], [ -122.29763, 37.78981 ] ] ] } },
{ "type": "Feature", "properties": { "n": "Main Street", "cm": 2.1, "ch": 2.1 }, "geometry": { "type": "MultiLineString", "coordinates": [ [ [ -122.30089, 37.78999 ], [ -122.30121, 37.79002 ] ], [ [ -122.29763, 37.78981 ], [ -122.29775, 37.78981 ] ], [ [ -122.29284, 37.78867 ], [ -122.29299, 37.78885 ] ] ] } },
{ "type": "Feature", "properties": { "n": "Main Street", "cm": 2.3, "ch": 2.3 }, "geometry": { "type": "LineString", "coordinates": [ [ -122.29775, 37.78981 ], [ -122.29786, 37.78982 ] ] } },
{ "type": "Feature", "properties": { "n": "Main Street", "cm": 2.4, "ch": 2.4 }, "geometry": { "type": "MultiLineString", "coordinates": [ [ [ -122.30055, 37.78997 ], [ -122.30089, 37.78999 ] ], [ [ -122.29786, 37.78982 ], [ -122.29836, 37.78985 ] ] ] } },
{ "type": "Feature", "properties": { "n": "Main Street", "cm": 2.6, "ch": 2.6 }, "geometry": { "type": "LineString", "coordinates": [ [ -122.29836, 37.78985 ], [ -122.29894, 37.78988 ] ] } },
{ "type": "Feature", "properties": { "n": "Main Street", "cm": 2.5, "ch": 2.5 }, "geometry": { "type": "MultiLineString", "coordinates": [ [ [ -122.29894, 37.78988 ], [ -122.30055, 37.78997 ] ], [ [ -122.29274, 37.78854 ], [ -122.29284, 37.78867 ] ] ] } },
{ "type": "Feature", "properties": { "n": "Main Street", "cm": 1.7, "ch": 1.7 }, "geometry": { "type": "LineString", "coordinates": [ [ -122.30154, 37.79006 ], [ -122.30189, 37.7901 ], [ -122.30198, 37.79012 ] ] } },
{ "type": "Feature", "properties": { "n": "Main Street", "cm": 1.6, "ch": 1.6 }, "geometry": { "type": "LineString", "coordinates": [ [ -122.30198, 37.79012 ], [ -122.30216, 37.79015 ] ] } },
{ "type": "Feature", "properties": { "n": "Main Street", "cm": 1.4, "ch": 1.4 }, "geometry": { "type": "LineString", "coordinates": [ [ -122.30216, 37.79015 ], [ -122.30229, 37.79015 ] ] } },
{ "type": "Feature", "properties": { "n": "Main Street", "cm": 1.0, "ch": 1.0 }, "geometry": { "type": "LineString", "coordinates": [ [ -122.30229, 37.79015 ], [ -122.30239, 37.79013 ], [ -122.30248, 37.79008 ], [ -122.30253, 37.79002 ] ] } },
{ "type": "Feature", "properties": { "n": "Main Street", "cm": 1.2, "ch": 1.2 }, "geometry": { "type": "LineString", "coordinates": [ [ -122.30253, 37.79002 ], [ -122.30257, 37.78994 ] ] } },
{ "type": "Feature", "properties": { "n": "Navy Way", "cm": 1.1, "ch": 1.1 }, "geometry": { "type": "LineString", "coordinates": [ [ -122.30263, 37.78982 ], [ -122.30265, 37.78968 ], [ -122.30261, 37.78964 ] ] } },
{ "type": "Feature", "properties": { "n": "Lexington Street", "cm": 1.1, "ch": 1.1 }, "geometry": { "type": "LineString", "coordinates": [ [ -122.30339, 37.7888 ], [ -122.30346, 37.78801 ], [ -122.30346, 37.78795 ], [ -122.30348, 37.78771 ] ] } },
{ "type": "Feature", "properties": { "n": "Lexington Street", "cm": 1.3, "ch": 1.3 }, "geometry": { "type": "LineString", "coordinates": [ [ -122.30348, 37.78771 ], [ -122.30351, 37.78734 ], [ -122.30356, 37.78675 ] ] } },
{ "type": "Feature", "properties": { "n": "Lexington Street", "cm": 2.1, "ch": 2.1 }, "geometry": { "type": "LineString", "coordinates": [ [ -122.30356, 37.78675 ], [ -122.30357, 37.78665 ] ] } },
{ "type": "Feature", "properties": { "n": "Lexington Street", "cm": 2.5, "ch": 2.5 }, "geometry": { "type": "LineString", "coordinates": [ [ -122.30357, 37.78665 ], [ -122.30357, 37.78658 ] ] } },
{ "type": "Feature", "properties": { "n": "Lexington Street", "cm": 2.9, "ch": 2.9 }, "geometry": { "type": "LineString", "coordinates": [ [ -122.30357, 37.78658 ], [ -122.30363, 37.78594 ] ] } },
{ "type": "Feature", "properties": { "n": "West Essex Drive", "cm": 1.8, "ch": 1.8 }, "geometry": { "type": "LineString", "coordinates": [ [ -122.30199, 37.78719 ], [ -122.30112, 37.78715 ] ] } },
{ "type": "Feature", "properties": { "n": "West Essex Drive", "cm": 2.2, "ch": 2.2 }, "geometry": { "type": "MultiLineString", "coordinates": [ [ [ -122.29896, 37.78704 ], [ -122.29796, 37.78699 ] ], [ [ -122.29885, 37.78714 ], [ -122.29895, 37.78715 ] ] ] } },
{ "type": "Feature", "properties": { "n": "West Essex Drive", "cm": 2.8, "ch": 2.8 }, "geometry": { "type": "LineString", "coordinates": [ [ -122.2979, 37.78708 ], [ -122.29795, 37.7871 ] ] } },
{ "type": "Feature", "properties": { "n": "West Essex Drive", "cm": 2.3, "ch": 2.3 }, "geometry": { "type": "LineString", "coordinates": [ [ -122.29969, 37.78719 ], [ -122.30067, 37.78724 ] ] } },
{ "type": "Feature", "properties": { "n": "West Essex Drive", "cm": 1.7, "ch": 1.7 }, "geometry": { "type": "LineString", "coordinates": [ [ -122.30067, 37.78724 ], [ -122.30198, 37.78731 ] ] } },
{ "type": "Feature", "properties": { "n": "Saratoga Street", "cm": 1.6, "ch": 1.6 }, "geometry": { "type": "LineString", "coordinates": [ [ -122.30201, 37.78794 ], [ -122.30205, 37.78739 ] ] } },
{ "type": "Feature", "properties": { "n": "Saratoga Street", "cm": 2.0, "ch": 2.0 }, "geometry": { "type": "LineString", "coordinates": [ [ -122.30205, 37.78739 ], [ -122.30206, 37.78731 ] ] } },
{ "type": "Feature", "properties": { "n": "Saratoga Street", "cm": 2.1, "ch": 2.1 }, "geometry": { "type": "LineString", "coordinates": [ [ -122.30206, 37.78731 ], [ -122.30207, 37.78726 ], [ -122.30207, 37.7872 ], [ -122.30208, 37.78714 ] ] } },
{ "type": "Feature", "properties": { "n": "Saratoga Street", "cm": 2.2, "ch": 2.2 }, "geometry": { "type": "LineString", "coordinates": [ [ -122.30208, 37.78714 ], [ -122.30212, 37.78658 ] ] } },
{ "type": "Feature", "properties": { "n": "Singleton Avenue", "cm": 1.8, "ch": 1.8 }, "geometry": { "type": "LineString", "coordinates": [ [ -122.29163, 37.78687 ], [ -122.29152, 37.78691 ], [ -122.29118, 37.78702 ], [ -122.29109, 37.78705 ], [ -122.291, 37.78706 ], [ -122.2909, 37.78706 ], [ -122.29076, 37.78705 ], [ -122.29052, 37.78703 ], [ -122.29036, 37.78702 ], [ -122.29021, 37.78701 ], [ -122.28981, 37.787 ], [ -122.2891, 37.78699 ] ] } },
{ "type": "Feature", "properties": { "n": "Singleton Avenue", "cm": 2.7, "ch": 2.7 }, "geometry": { "type": "LineString", "coordinates": [ [ -122.2891, 37.78699 ], [ -122.28896, 37.78699 ] ] } },
{ "type": "Feature", "properties": { "n": "Marina Village Parkway", "cm": 2.1, "ch": 2.1 }, "geometry": { "type": "MultiLineString", "coordinates": [ [ [ -122.27545, 37.7878 ], [ -122.27554, 37.78787 ], [ -122.27564, 37.78793 ], [ -122.27575, 37.78798 ], [ -122.27576, 37.78798 ], [ -122.27584, 37.78802 ], [ -122.27587, 37.78803 ], [ -122.27599, 37.78807 ], [ -122.27608, 37.78809 ], [ -122.27621, 37.78811 ], [ -122.27634, 37.78812 ], [ -122.27646, 37.78812 ], [ -122.27647, 37.78813 ], [ -122.27662, 37.78813 ] ], [ [ -122.2766, 37.78804 ], [ -122.27647, 37.78803 ], [ -122.27646, 37.78803 ], [ -122.27635, 37.78803 ], [ -122.27632, 37.78803 ], [ -122.27624, 37.78802 ], [ -122.27613, 37.788 ], [ -122.27603, 37.78798 ], [ -122.276, 37.78797 ], [ -122.27586, 37.78793 ], [ -122.27585, 37.78793 ], [ -122.27578, 37.7879 ], [ -122.27569, 37.78786 ], [ -122.27561, 37.78781 ], [ -122.27552, 37.78775 ] ] ] } },
{ "type": "Feature", "properties": { "n": "", "cm": 2.1, "ch": 2.1 }, "geometry": { "type": "MultiLineString", "coordinates": [ [ [ -122.27666, 37.78853 ], [ -122.27675, 37.78832 ], [ -122.27677, 37.78828 ], [ -122.27679, 37.78825 ], [ -122.27681, 37.78824 ], [ -122.27686, 37.78821 ], [ -122.27692, 37.7882 ], [ -122.27703, 37.7882 ] ], [ [ -122.27651, 37.78508 ], [ -122.27653, 37.78519 ], [ -122.2766, 37.78554 ] ], [ [ -122.27643, 37.78471 ], [ -122.27646, 37.78483 ], [ -122.27649, 37.78497 ] ], [ [ -122.27641, 37.78767 ], [ -122.27642, 37.7878 ], [ -122.27641, 37.78785 ], [ -122.2764, 37.78789 ], [ -122.27637, 37.78793 ], [ -122.27633, 37.78796 ], [ -122.27628, 37.78798 ], [ -122.27621, 37.78798 ], [ -122.27613, 37.788 ] ] ] } },
{ "type": "Feature", "properties": { "n": "Mariner Square Loop", "cm": 3.0, "ch": 3.0 }, "geometry": { "type": "LineString", "coordinates": [ [ -122.27764, 37.78846 ], [ -122.27761, 37.78844 ], [ -122.27746, 37.78835 ], [ -122.27729, 37.78825 ], [ -122.27727, 37.78821 ] ] } },
{ "type": "Feature", "properties": { "n": "Mariner Square Loop", "cm": 2.9, "ch": 2.9 }, "geometry": { "type": "LineString", "coordinates": [ [ -122.27727, 37.78821 ], [ -122.27719, 37.78816 ] ] } },
{ "type": "Feature", "properties": { "n": "Mariner Square Loop", "cm": 2.6, "ch": 2.6 }, "geometry": { "type": "MultiLineString", "coordinates": [ [ [ -122.27716, 37.78825 ], [ -122.27729, 37.78825 ] ], [ [ -122.27719, 37.78816 ], [ -122.27711, 37.78812 ] ] ] } },
{ "type": "Feature", "properties": { "n": "Mariner Square Loop", "cm": 2.1, "ch": 2.1 }, "geometry": { "type": "MultiLineString", "coordinates": [ [ [ -122.27662, 37.78813 ], [ -122.27673, 37.78814 ], [ -122.27675, 37.78814 ], [ -122.27688, 37.78817 ], [ -122.27703, 37.7882 ], [ -122.27716, 37.78825 ] ], [ [ -122.27711, 37.78812 ], [ -122.27702, 37.78809 ], [ -122.27695, 37.78807 ], [ -122.27692, 37.78807 ], [ -122.27686, 37.78806 ], [ -122.27683, 37.78805 ], [ -122.27675, 37.78804 ], [ -122.27674, 37.78804 ], [ -122.2766, 37.78804 ] ] ] } },
{ "type": "Feature", "properties": { "n": "Webster Street", "cm": 2.3, "ch": 2.3 }, "geometry": { "type": "MultiLineString", "coordinates": [ [ [ -122.27682, 37.78404 ], [ -122.27679, 37.78395 ], [ -122.27676, 37.78385 ], [ -122.27673, 37.78375 ], [ -122.27671, 37.78365 ], [ -122.27669, 37.78353 ], [ -122.27669, 37.78348 ], [ -122.27668, 37.78343 ], [ -122.27668, 37.78336 ], [ -122.27667, 37.78325 ], [ -122.27667, 37.78324 ], [ -122.27666, 37.78286 ], [ -122.27665, 37.78205 ] ], [ [ -122.2765, 37.78283 ], [ -122.2765, 37.78324 ], [ -122.2765, 37.78326 ], [ -122.2765, 37.7834 ], [ -122.27651, 37.78362 ], [ -122.27652, 37.78403 ], [ -122.27652, 37.78424 ] ] ] } },
{ "type": "Feature", "properties": { "n": "Webster Street", "cm": 2.4, "ch": 2.4 }, "geometry": { "type": "MultiLineString", "coordinates": [ [ [ -122.27661, 37.78574 ], [ -122.27661, 37.78592 ] ], [ [ -122.27652, 37.78424 ], [ -122.27653, 37.78441 ] ] ] } },
{ "type": "Feature", "properties": { "n": "Webster Street", "cm": 2.7, "ch": 2.7 }, "geometry": { "type": "LineString", "coordinates": [ [ -122.27653, 37.78441 ], [ -122.27655, 37.7846 ] ] } },
{ "type": "Feature", "properties": { "n": "Webster Street", "cm": 2.9, "ch": 2.9 }, "geometry": { "type": "LineString", "coordinates": [ [ -122.27655, 37.7846 ], [ -122.27657, 37.78477 ] ] } },
{ "type": "Feature", "properties": { "n": "Webster Street", "cm": 2.2, "ch": 2.2 }, "geometry": { "type": "LineString", "coordinates": [ [ -122.27657, 37.78477 ], [ -122.2766, 37.78518 ] ] } },
{ "type": "Feature", "properties": { "n": "Webster Street", "cm": 2.1, "ch": 2.1 }, "geometry": { "type": "MultiLineString", "coordinates": [ [ [ -122.27662, 37.78614 ], [ -122.27664, 37.78738 ], [ -122.27664, 37.78744 ] ], [ [ -122.2766, 37.78518 ], [ -122.2766, 37.78554 ], [ -122.27661, 37.78574 ] ] ] } },
{ "type": "Feature", "properties": { "n": "Willie Stargell Avenue", "cm": 2.3, "ch": 2.3 }, "geometry": { "type": "LineString", "coordinates": [ [ -122.27712, 37.78336 ], [ -122.27696, 37.78335 ], [ -122.27686, 37.78334 ], [ -122.27683, 37.78334 ], [ -122.27681, 37.78334 ], [ -122.27668, 37.78336 ], [ -122.2765, 37.7834 ], [ -122.27668, 37.78343 ], [ -122.27679, 37.78343 ], [ -122.27683, 37.78343 ], [ -122.27704, 37.78344 ] ] } },
{ "type": "Feature", "properties": { "n": "Pan Am Way", "cm": 2.8, "ch": 2.8 }, "geometry": { "type": "LineString", "coordinates": [ [ -122.29796, 37.78699 ], [ -122.29795, 37.7871 ] ] } },
{ "type": "Feature", "properties": { "n": "Pan Am Way", "cm": 2.0, "ch": 2.0 }, "geometry": { "type": "LineString", "coordinates": [ [ -122.29795, 37.7871 ], [ -122.2979, 37.78773 ], [ -122.29789, 37.78787 ] ] } },
{ "type": "Feature", "properties": { "n": "Pan Am Way", "cm": 2.1, "ch": 2.1 }, "geometry": { "type": "LineString", "coordinates": [ [ -122.29789, 37.78787 ], [ -122.29788, 37.78793 ] ] } },
{ "type": "Feature", "properties": { "n": "Pan Am Way", "cm": 1.8, "ch": 1.8 }, "geometry": { "type": "LineString", "coordinates": [ [ -122.29788, 37.78793 ], [ -122.29784, 37.78839 ], [ -122.29783, 37.78851 ] ] } },
{ "type": "Feature", "properties": { "n": "Webster Street", "cm": 2.5, "ch": 2.5 }, "geometry": { "type": "LineString", "coordinates": [ [ -122.27685, 37.78414 ], [ -122.27682, 37.78404 ] ] } },
{ "type": "Feature", "properties": { "n": "Webster Street", "cm": 2.6, "ch": 2.6 }, "geometry": { "type": "MultiLineString", "coordinates": [ [ [ -122.27665, 37.78205 ], [ -122.27663, 37.78164 ] ], [ [ -122.27661, 37.78592 ], [ -122.27662, 37.78614 ] ] ] } },
{ "type": "Feature", "properties": { "n": "Silva Lane", "cm": 2.5, "ch": null }, "geometry": { "type": "LineString", "coordinates": [ [ -122.23301, 37.72875 ], [ -122.23299, 37.72877 ] ] } },
{ "type": "Feature", "properties": { "n": "Silva Lane", "cm": 2.4, "ch": null }, "geometry": { "type": "LineString", "coordinates": [ [ -122.23299, 37.72877 ], [ -122.23298, 37.7288 ] ] } },
{ "type": "Feature", "properties": { "n": "Silva Lane", "cm": 2.2, "ch": null }, "geometry": { "type": "LineString", "coordinates": [ [ -122.23298, 37.7288 ], [ -122.23299, 37.72882 ], [ -122.23301, 37.72885 ], [ -122.23304, 37.72886 ], [ -122.23308, 37.72886 ], [ -122.23311, 37.72885 ] ] } },
{ "type": "Feature", "properties": { "n": "Silva Lane", "cm": 2.6, "ch": null }, "geometry": { "type": "LineString", "coordinates": [ [ -122.23311, 37.72885 ], [ -122.23313, 37.72883 ], [ -122.23314, 37.72881 ] ] } },
{ "type": "Feature", "properties": { "n": "Barney Way", "cm": 2.6, "ch": 2.6 }, "geometry": { "type": "LineString", "coordinates": [ [ -122.27547, 37.78971 ], [ -122.27559, 37.78972 ] ] } },
{ "type": "Feature", "properties": { "n": "Barney Way", "cm": 2.0, "ch": 2.0 }, "geometry": { "type": "LineString", "coordinates": [ [ -122.27559, 37.78972 ], [ -122.27586, 37.78974 ] ] } },
{ "type": "Feature", "properties": { "n": "Barney Way", "cm": 2.2, "ch": 2.2 }, "geometry": { "type": "LineString", "coordinates": [ [ -122.27586, 37.78974 ], [ -122.27655, 37.7898 ], [ -122.27668, 37.78982 ] ] } },
{ "type": "Feature", "properties": { "n": "Winant Way", "cm": 2.2, "ch": null }, "geometry": { "type": "LineString", "coordinates": [ [ -122.238, 37.73604 ], [ -122.23822, 37.73593 ], [ -122.23828, 37.7359 ], [ -122.23859, 37.73574 ], [ -122.23863, 37.73572 ], [ -122.23869, 37.73571 ], [ -122.2387, 37.73571 ], [ -122.23873, 37.73571 ], [ -122.23878, 37.73571 ] ] } },
{ "type": "Feature", "properties": { "n": "Airport Drive", "cm": 2.4, "ch": null }, "geometry": { "type": "MultiLineString", "coordinates": [ [ [ -122.21003, 37.71664 ], [ -122.21015, 37.71665 ] ], [ [ -122.20816, 37.71593 ], [ -122.20815, 37.71601 ], [ -122.20813, 37.71608 ] ], [ [ -122.20773, 37.71316 ], [ -122.20766, 37.7133 ] ] ] } },
{ "type": "Feature", "properties": { "n": "Airport Drive", "cm": 2.9, "ch": null }, "geometry": { "type": "LineString", "coordinates": [ [ -122.21015, 37.71665 ], [ -122.21052, 37.71665 ] ] } },
{ "type": "Feature", "properties": { "n": "John Glenn Drive", "cm": 2.5, "ch": null }, "geometry": { "type": "MultiLineString", "coordinates": [ [ [ -122.21453, 37.71463 ], [ -122.21458, 37.71451 ] ], [ [ -122.21437, 37.71494 ], [ -122.21441, 37.71489 ], [ -122.21445, 37.71481 ] ], [ [ -122.21398, 37.71539 ], [ -122.21407, 37.71532 ] ] ] } },
{ "type": "Feature", "properties": { "n": "John Glenn Drive", "cm": 2.4, "ch": null }, "geometry": { "type": "MultiLineString", "coordinates": [ [ [ -122.21458, 37.71451 ], [ -122.21461, 37.71444 ] ], [ [ -122.21445, 37.71481 ], [ -122.21449, 37.71473 ], [ -122.21453, 37.71463 ] ], [ [ -122.21407, 37.71532 ], [ -122.21415, 37.71524 ], [ -122.21422, 37.71516 ], [ -122.21429, 37.71507 ], [ -122.2143, 37.71506 ], [ -122.21437, 37.71494 ] ] ] } },
{ "type": "Feature", "properties": { "n": "John Glenn Drive", "cm": 2.8, "ch": null }, "geometry": { "type": "MultiLineString", "coordinates": [ [ [ -122.21474, 37.71368 ], [ -122.2148, 37.71327 ] ], [ [ -122.20986, 37.71683 ], [ -122.2104, 37.71685 ] ], [ [ -122.20784, 37.71712 ], [ -122.20797, 37.71707 ] ] ] } },
{ "type": "Feature", "properties": { "n": "Ron Cowan Parkway", "cm": 2.4, "ch": null }, "geometry": { "type": "MultiLineString", "coordinates": [ [ [ -122.22574, 37.72604 ], [ -122.22605, 37.72623 ] ], [ [ -122.20605, 37.71857 ], [ -122.20598, 37.71849 ] ], [ [ -122.20525, 37.71747 ], [ -122.20529, 37.71762 ] ] ] } },
{ "type": "Feature", "properties": { "n": "Ron Cowan Parkway", "cm": 2.7, "ch": null }, "geometry": { "type": "MultiLineString", "coordinates": [ [ [ -122.22518, 37.72562 ], [ -122.22484, 37.72548 ] ], [ [ -122.20633, 37.71891 ], [ -122.20616, 37.71871 ] ], [ [ -122.20615, 37.71889 ], [ -122.20624, 37.71899 ] ] ] } },
{ "type": "Feature", "properties": { "n": "Airport Drive", "cm": 2.6, "ch": null }, "geometry": { "type": "LineString", "coordinates": [ [ -122.20813, 37.71608 ], [ -122.2081, 37.71617 ], [ -122.20806, 37.71625 ] ] } },
{ "type": "Feature", "properties": { "n": "Robert Davey Junior Drive", "cm": 2.9, "ch": 2.9 }, "geometry": { "type": "LineString", "coordinates": [ [ -122.24166, 37.74479 ], [ -122.24194, 37.74476 ] ] } },
{ "type": "Feature", "properties": { "n": "Alan Shepard Way", "cm": 2.2, "ch": null }, "geometry": { "type": "LineString", "coordinates": [ [ -122.21437, 37.71494 ], [ -122.21453, 37.71505 ], [ -122.2146, 37.7151 ], [ -122.2148, 37.71527 ], [ -122.21485, 37.71532 ], [ -122.21499, 37.71545 ], [ -122.21508, 37.71553 ], [ -122.21516, 37.71564 ], [ -122.21553, 37.71598 ], [ -122.21556, 37.71603 ], [ -122.21553, 37.71609 ], [ -122.21397, 37.71719 ], [ -122.2138, 37.7173 ], [ -122.21373, 37.71735 ], [ -122.21342, 37.71751 ], [ -122.21337, 37.71753 ], [ -122.2129, 37.71786 ], [ -122.21263, 37.71805 ], [ -122.21249, 37.71815 ], [ -122.21212, 37.71841 ] ] } },
{ "type": "Feature", "properties": { "n": "Bessie Coleman Drive", "cm": 2.2, "ch": null }, "geometry": { "type": "LineString", "coordinates": [ [ -122.20194, 37.7199 ], [ -122.20208, 37.71974 ], [ -122.20221, 37.71961 ], [ -122.20241, 37.71941 ], [ -122.20259, 37.71925 ] ] } },
{ "type": "Feature", "properties": { "n": "Bessie Coleman Drive", "cm": 2.3, "ch": null }, "geometry": { "type": "LineString", "coordinates": [ [ -122.20259, 37.71925 ], [ -122.20274, 37.71913 ] ] } },
{ "type": "Feature", "properties": { "n": "Bessie Coleman Drive", "cm": 2.7, "ch": null }, "geometry": { "type": "MultiLineString", "coordinates": [ [ [ -122.20274, 37.71913 ], [ -122.20291, 37.71899 ] ], [ [ -122.20145, 37.72056 ], [ -122.20167, 37.72023 ] ] ] } },
{ "type": "Feature", "properties": { "n": "Singleton Avenue", "cm": 2.6, "ch": 2.6 }, "geometry": { "type": "LineString", "coordinates": [ [ -122.28896, 37.78699 ], [ -122.28884, 37.78699 ] ] } },
{ "type": "Feature", "properties": { "n": "Singleton Avenue", "cm": 2.4, "ch": 2.4 }, "geometry": { "type": "LineString", "coordinates": [ [ -122.28884, 37.78699 ], [ -122.28798, 37.78697 ] ] } },
{ "type": "Feature", "properties": { "n": "Singleton Avenue", "cm": 2.5, "ch": 2.5 }, "geometry": { "type": "LineString", "coordinates": [ [ -122.28798, 37.78697 ], [ -122.28787, 37.78696 ], [ -122.2871, 37.78695 ] ] } },
{ "type": "Feature", "properties": { "n": "Singleton Avenue", "cm": 2.9, "ch": 2.9 }, "geometry": { "type": "LineString", "coordinates": [ [ -122.2871, 37.78695 ], [ -122.28692, 37.78694 ] ] } },
{ "type": "Feature", "properties": { "n": "Mosley Avenue", "cm": 2.7, "ch": 2.7 }, "geometry": { "type": "MultiLineString", "coordinates": [ [ [ -122.28896, 37.78687 ], [ -122.28897, 37.78671 ] ], [ [ -122.28896, 37.78706 ], [ -122.28896, 37.78699 ] ], [ [ -122.28846, 37.7878 ], [ -122.28858, 37.78763 ] ] ] } },
{ "type": "Feature", "properties": { "n": "Mosley Avenue", "cm": 2.3, "ch": 2.3 }, "geometry": { "type": "LineString", "coordinates": [ [ -122.28858, 37.78763 ], [ -122.2889, 37.78721 ] ] } },
{ "type": "Feature", "properties": { "n": "Mosley Avenue", "cm": 2.4, "ch": 2.4 }, "geometry": { "type": "LineString", "coordinates": [ [ -122.2889, 37.78721 ], [ -122.28893, 37.78716 ], [ -122.28895, 37.7871 ], [ -122.28896, 37.78706 ] ] } },
{ "type": "Feature", "properties": { "n": "Bessie Coleman Drive", "cm": 2.5, "ch": null }, "geometry": { "type": "LineString", "coordinates": [ [ -122.20183, 37.72003 ], [ -122.20194, 37.7199 ] ] } },
{ "type": "Feature", "properties": { "n": "Bessie Coleman Drive", "cm": 2.6, "ch": null }, "geometry": { "type": "LineString", "coordinates": [ [ -122.20167, 37.72023 ], [ -122.20183, 37.72003 ] ] } },
{ "type": "Feature", "properties": { "n": "Willie Stargell Avenue", "cm": 1.8, "ch": 1.8 }, "geometry": { "type": "LineString", "coordinates": [ [ -122.2914, 37.78489 ], [ -122.29124, 37.78489 ], [ -122.2912, 37.78488 ], [ -122.29104, 37.78487 ], [ -122.29092, 37.78485 ] ] } },
{ "type": "Feature", "properties": { "n": "Doolittle Drive", "cm": 2.4, "ch": null }, "geometry": { "type": "MultiLineString", "coordinates": [ [ [ -122.22724, 37.74522 ], [ -122.22691, 37.74523 ] ], [ [ -122.22676, 37.74523 ], [ -122.22658, 37.74524 ] ] ] } },
{ "type": "Feature", "properties": { "n": "Doolittle Drive", "cm": 2.2, "ch": null }, "geometry": { "type": "MultiLineString", "coordinates": [ [ [ -122.22691, 37.74523 ], [ -122.22676, 37.74523 ] ], [ [ -122.22658, 37.74524 ], [ -122.22619, 37.74526 ], [ -122.22574, 37.74527 ], [ -122.22549, 37.74528 ], [ -122.22509, 37.74531 ], [ -122.22475, 37.74536 ] ] ] } },
{ "type": "Feature", "properties": { "n": "Doolittle Drive", "cm": 3.0, "ch": null }, "geometry": { "type": "LineString", "coordinates": [ [ -122.22787, 37.74527 ], [ -122.22752, 37.74523 ] ] } },
{ "type": "Feature", "properties": { "n": "Harbor Bay Parkway", "cm": 2.4, "ch": null }, "geometry": { "type": "MultiLineString", "coordinates": [ [ [ -122.22674, 37.7453 ], [ -122.22676, 37.74523 ] ], [ [ -122.22658, 37.74524 ], [ -122.22662, 37.74531 ] ] ] } },
{ "type": "Feature", "properties": { "n": "Harbor Bay Parkway", "cm": 2.6, "ch": null }, "geometry": { "type": "LineString", "coordinates": [ [ -122.22662, 37.74531 ], [ -122.22667, 37.74537 ], [ -122.22674, 37.7453 ] ] } },
{ "type": "Feature", "properties": { "n": "Island Drive", "cm": 2.3, "ch": null }, "geometry": { "type": "MultiLineString", "coordinates": [ [ [ -122.23943, 37.73624 ], [ -122.23976, 37.73584 ] ], [ [ -122.23863, 37.7381 ], [ -122.23866, 37.73796 ] ] ] } },
{ "type": "Feature", "properties": { "n": "John Glenn Drive", "cm": 2.9, "ch": null }, "geometry": { "type": "MultiLineString", "coordinates": [ [ [ -122.20851, 37.71691 ], [ -122.20886, 37.71685 ] ], [ [ -122.20797, 37.71707 ], [ -122.20812, 37.71701 ] ] ] } },
{ "type": "Feature", "properties": { "n": "Neil Armstrong Way", "cm": 2.6, "ch": null }, "geometry": { "type": "LineString", "coordinates": [ [ -122.20689, 37.71652 ], [ -122.20695, 37.71656 ] ] } },
{ "type": "Feature", "properties": { "n": "Ron Cowan Parkway", "cm": 2.5, "ch": null }, "geometry": { "type": "MultiLineString", "coordinates": [ [ [ -122.2146, 37.72232 ], [ -122.21494, 37.72242 ] ], [ [ -122.20695, 37.71953 ], [ -122.20662, 37.71922 ] ], [ [ -122.20616, 37.71871 ], [ -122.20605, 37.71857 ] ], [ [ -122.20596, 37.71867 ], [ -122.20615, 37.71889 ] ], [ [ -122.20539, 37.71758 ], [ -122.20525, 37.71747 ] ] ] } },
{ "type": "Feature", "properties": { "n": "Robert Davey Junior Drive", "cm": 2.9, "ch": null }, "geometry": { "type": "LineString", "coordinates": [ [ -122.23974, 37.74415 ], [ -122.23947, 37.74395 ], [ -122.23938, 37.74389 ], [ -122.23919, 37.74373 ] ] } },
{ "type": "Feature", "properties": { "n": "Robert Davey Junior Drive", "cm": 2.8, "ch": null }, "geometry": { "type": "LineString", "coordinates": [ [ -122.23909, 37.74382 ], [ -122.23928, 37.74398 ], [ -122.23937, 37.74405 ], [ -122.23964, 37.74424 ] ] } },
{ "type": "Feature", "properties": { "n": "Robert Davey Junior Drive", "cm": 2.3, "ch": null }, "geometry": { "type": "LineString", "coordinates": [ [ -122.23815, 37.74325 ], [ -122.23796, 37.7432 ] ] } },
{ "type": "Feature", "properties": { "n": "Robert Davey Junior Drive", "cm": 2.2, "ch": null }, "geometry": { "type": "LineString", "coordinates": [ [ -122.23796, 37.7432 ], [ -122.23785, 37.74318 ], [ -122.23781, 37.74318 ], [ -122.23772, 37.74317 ], [ -122.23784, 37.74326 ], [ -122.23795, 37.74331 ], [ -122.23808, 37.74335 ] ] } },
{ "type": "Feature", "properties": { "n": "Robert Davey Junior Drive", "cm": 2.5, "ch": null }, "geometry": { "type": "LineString", "coordinates": [ [ -122.23808, 37.74335 ], [ -122.23823, 37.74339 ] ] } },
{ "type": "Feature", "properties": { "n": "Marina Village Parkway", "cm": 3.0, "ch": 3.0 }, "geometry": { "type": "MultiLineString", "coordinates": [ [ [ -122.27474, 37.78684 ], [ -122.27469, 37.78678 ], [ -122.27464, 37.78672 ], [ -122.27463, 37.78671 ], [ -122.27454, 37.78662 ], [ -122.27445, 37.78655 ] ], [ [ -122.27411, 37.78636 ], [ -122.27389, 37.78628 ], [ -122.27351, 37.78614 ] ] ] } },
{ "type": "Feature", "properties": { "n": "Marina Village Parkway", "cm": 2.5, "ch": 2.5 }, "geometry": { "type": "LineString", "coordinates": [ [ -122.27552, 37.78775 ], [ -122.27545, 37.78769 ] ] } },
{ "type": "Feature", "properties": { "n": "Embarcadero West", "cm": 2.7, "ch": 2.7 }, "geometry": { "type": "MultiLineString", "coordinates": [ [ [ -122.2675, 37.79145 ], [ -122.26736, 37.79149 ] ], [ [ -122.26713, 37.79158 ], [ -122.26701, 37.7916 ] ], [ [ -122.26678, 37.79161 ], [ -122.26663, 37.79158 ] ], [ [ -122.26614, 37.79151 ], [ -122.26659, 37.79169 ] ] ] } },
{ "type": "Feature", "properties": { "n": "Embarcadero West", "cm": 2.6, "ch": 2.6 }, "geometry": { "type": "MultiLineString", "coordinates": [ [ [ -122.26741, 37.7916 ], [ -122.26753, 37.79157 ] ], [ [ -122.26736, 37.79149 ], [ -122.26713, 37.79158 ] ], [ [ -122.26701, 37.7916 ], [ -122.2669, 37.79161 ], [ -122.26678, 37.79161 ] ] ] } },
{ "type": "Feature", "properties": { "n": "Embarcadero West", "cm": 2.9, "ch": 2.9 }, "geometry": { "type": "LineString", "coordinates": [ [ -122.26698, 37.79173 ], [ -122.2671, 37.79171 ] ] } },
{ "type": "Feature", "properties": { "n": "Embarcadero West", "cm": 2.2, "ch": 2.2 }, "geometry": { "type": "LineString", "coordinates": [ [ -122.26614, 37.79145 ], [ -122.26586, 37.7914 ] ] } },
{ "type": "Feature", "properties": { "n": "Willie Stargell Avenue", "cm": 2.8, "ch": 2.8 }, "geometry": { "type": "LineString", "coordinates": [ [ -122.27727, 37.78338 ], [ -122.27712, 37.78336 ] ] } },
{ "type": "Feature", "properties": { "n": "John Glenn Drive", "cm": 3.0, "ch": null }, "geometry": { "type": "LineString", "coordinates": [ [ -122.20956, 37.71682 ], [ -122.20986, 37.71683 ] ] } },
{ "type": "Feature", "properties": { "n": "Main Street", "cm": 2.8, "ch": 2.8 }, "geometry": { "type": "LineString", "coordinates": [ [ -122.29135, 37.78163 ], [ -122.29137, 37.78319 ] ] } },
{ "type": "Feature", "properties": { "n": "", "cm": 2.7, "ch": 2.7 }, "geometry": { "type": "LineString", "coordinates": [ [ -122.29971, 37.78708 ], [ -122.29969, 37.78719 ] ] } },
{ "type": "Feature", "properties": { "n": "Packet Landing Road", "cm": 2.8, "ch": null }, "geometry": { "type": "MultiLineString", "coordinates": [ [ [ -122.23898, 37.74439 ], [ -122.23905, 37.74436 ], [ -122.23912, 37.74427 ], [ -122.23937, 37.74405 ], [ -122.23947, 37.74395 ], [ -122.23957, 37.74388 ], [ -122.2398, 37.7437 ] ], [ [ -122.23971, 37.74363 ], [ -122.23938, 37.74389 ], [ -122.23928, 37.74398 ], [ -122.23901, 37.74424 ] ] ] } },
{ "type": "Feature", "properties": { "n": "Packet Landing Road", "cm": 3.0, "ch": null }, "geometry": { "type": "LineString", "coordinates": [ [ -122.2398, 37.7437 ], [ -122.2398, 37.74359 ] ] } },
{ "type": "Feature", "properties": { "n": "", "cm": 1.8, "ch": 1.8 }, "geometry": { "type": "LineString", "coordinates": [ [ -122.29157, 37.78477 ], [ -122.29148, 37.78471 ], [ -122.2914, 37.78469 ] ] } },
{ "type": "Feature", "properties": { "n": "Mariner Square Drive", "cm": 2.4, "ch": 2.4 }, "geometry": { "type": "LineString", "coordinates": [ [ -122.27668, 37.78958 ], [ -122.27668, 37.78965 ] ] } },
{ "type": "Feature", "properties": { "n": "Mariner Square Drive", "cm": 2.5, "ch": 2.5 }, "geometry": { "type": "LineString", "coordinates": [ [ -122.27668, 37.78965 ], [ -122.27668, 37.78982 ] ] } },
{ "type": "Feature", "properties": { "n": "Mariner Square Drive", "cm": 3.0, "ch": 3.0 }, "geometry": { "type": "LineString", "coordinates": [ [ -122.27668, 37.78982 ], [ -122.27668, 37.79014 ] ] } },
{ "type": "Feature", "properties": { "n": "Mariner Square Drive", "cm": 2.8, "ch": 2.8 }, "geometry": { "type": "LineString", "coordinates": [ [ -122.27669, 37.79032 ], [ -122.27668, 37.7907 ] ] } },
{ "type": "Feature", "properties": { "n": "Monarch Street", "cm": 2.6, "ch": 2.6 }, "geometry": { "type": "MultiLineString", "coordinates": [ [ [ -122.30874, 37.78183 ], [ -122.30871, 37.7807 ] ], [ [ -122.30811, 37.78918 ], [ -122.30812, 37.78909 ], [ -122.30812, 37.78904 ], [ -122.3082, 37.78811 ], [ -122.30821, 37.78798 ], [ -122.30828, 37.78717 ] ] ] } },
{ "type": "Feature", "properties": { "n": "Monarch Street", "cm": 2.7, "ch": 2.7 }, "geometry": { "type": "MultiLineString", "coordinates": [ [ [ -122.30935, 37.77962 ], [ -122.30965, 37.77625 ] ], [ [ -122.30929, 37.78 ], [ -122.30934, 37.77992 ] ], [ [ -122.30869, 37.78216 ], [ -122.30874, 37.78183 ] ] ] } },
{ "type": "Feature", "properties": { "n": "Monarch Street", "cm": 2.1, "ch": 2.1 }, "geometry": { "type": "LineString", "coordinates": [ [ -122.30871, 37.7807 ], [ -122.30877, 37.78035 ], [ -122.30881, 37.78026 ], [ -122.30894, 37.78021 ], [ -122.30929, 37.78 ] ] } },
{ "type": "Feature", "properties": { "n": "Monarch Street", "cm": 2.9, "ch": 2.9 }, "geometry": { "type": "LineString", "coordinates": [ [ -122.30934, 37.77992 ], [ -122.30935, 37.77962 ] ] } },
{ "type": "Feature", "properties": { "n": "West Red Line Avenue", "cm": 1.8, "ch": 1.8 }, "geometry": { "type": "LineString", "coordinates": [ [ -122.29783, 37.78851 ], [ -122.29794, 37.78851 ], [ -122.29882, 37.78856 ], [ -122.29885, 37.78856 ], [ -122.30056, 37.78865 ] ] } },
{ "type": "Feature", "properties": { "n": "West Red Line Avenue", "cm": 2.2, "ch": 2.2 }, "geometry": { "type": "LineString", "coordinates": [ [ -122.30056, 37.78865 ], [ -122.30146, 37.78869 ] ] } },
{ "type": "Feature", "properties": { "n": "West Red Line Avenue", "cm": 2.4, "ch": 2.4 }, "geometry": { "type": "LineString", "coordinates": [ [ -122.30146, 37.78869 ], [ -122.3015, 37.7887 ] ] } },
{ "type": "Feature", "properties": { "n": "West Red Line Avenue", "cm": 2.0, "ch": 2.0 }, "geometry": { "type": "LineString", "coordinates": [ [ -122.3015, 37.7887 ], [ -122.30196, 37.78872 ] ] } },
{ "type": "Feature", "properties": { "n": "West Red Line Avenue", "cm": 1.6, "ch": 1.6 }, "geometry": { "type": "LineString", "coordinates": [ [ -122.30196, 37.78872 ], [ -122.30339, 37.7888 ] ] } },
{ "type": "Feature", "properties": { "n": "Lexington Street", "cm": 1.4, "ch": 1.4 }, "geometry": { "type": "LineString", "coordinates": [ [ -122.30262, 37.78957 ], [ -122.30267, 37.7895 ], [ -122.30273, 37.78944 ], [ -122.30328, 37.78891 ] ] } },
{ "type": "Feature", "properties": { "n": "Lexington Street", "cm": 1.5, "ch": 1.5 }, "geometry": { "type": "MultiLineString", "coordinates": [ [ [ -122.30328, 37.78891 ], [ -122.30339, 37.7888 ] ], [ [ -122.3026, 37.78963 ], [ -122.30262, 37.78957 ] ] ] } },
{ "type": "Feature", "properties": { "n": "Bridge View Isle", "cm": 2.7, "ch": 2.7 }, "geometry": { "type": "LineString", "coordinates": [ [ -122.23687, 37.75038 ], [ -122.23679, 37.75032 ], [ -122.23675, 37.7503 ] ] } },
{ "type": "Feature", "properties": { "n": "Palm Beach Lane", "cm": 2.7, "ch": 2.7 }, "geometry": { "type": "LineString", "coordinates": [ [ -122.24064, 37.74752 ], [ -122.24106, 37.74747 ], [ -122.24119, 37.74752 ], [ -122.24143, 37.74753 ] ] } },
{ "type": "Feature", "properties": { "n": "Brittany Drive", "cm": 2.7, "ch": 2.7 }, "geometry": { "type": "LineString", "coordinates": [ [ -122.24054, 37.74616 ], [ -122.24079, 37.74607 ] ] } },
{ "type": "Feature", "properties": { "n": "", "cm": 1.5, "ch": 1.5 }, "geometry": { "type": "LineString", "coordinates": [ [ -122.30871, 37.7807 ], [ -122.31069, 37.78082 ] ] } },
{ "type": "Feature", "properties": { "n": "", "cm": 1.3, "ch": 1.3 }, "geometry": { "type": "LineString", "coordinates": [ [ -122.31069, 37.78082 ], [ -122.3108, 37.77981 ], [ -122.3108, 37.77975 ], [ -122.31075, 37.7797 ], [ -122.31069, 37.77967 ], [ -122.31018, 37.77964 ] ] } },
{ "type": "Feature", "properties": { "n": "Monarch Street", "cm": 2.8, "ch": 2.8 }, "geometry": { "type": "LineString", "coordinates": [ [ -122.30828, 37.78717 ], [ -122.30829, 37.78701 ] ] } },
{ "type": "Feature", "properties": { "n": "Baldwin Street", "cm": -0.4, "ch": -0.4 }, "geometry": { "type": "LineString", "coordinates": [ [ -122.19601, 37.7488 ], [ -122.196, 37.74835 ] ] } },
{ "type": "Feature", "properties": { "n": "Mosley Avenue", "cm": 2.0, "ch": 2.0 }, "geometry": { "type": "LineString", "coordinates": [ [ -122.28896, 37.78699 ], [ -122.28896, 37.78687 ] ] } },
{ "type": "Feature", "properties": { "n": "Wilma Chan Way", "cm": 2.8, "ch": 2.8 }, "geometry": { "type": "LineString", "coordinates": [ [ -122.27542, 37.78303 ], [ -122.2755, 37.78318 ] ] } },
{ "type": "Feature", "properties": { "n": "Wilma Chan Way", "cm": 2.3, "ch": 2.3 }, "geometry": { "type": "LineString", "coordinates": [ [ -122.2755, 37.78318 ], [ -122.27557, 37.7833 ], [ -122.27564, 37.78342 ], [ -122.27586, 37.78373 ] ] } },
{ "type": "Feature", "properties": { "n": "Stardust Place", "cm": 2.5, "ch": 2.5 }, "geometry": { "type": "LineString", "coordinates": [ [ -122.29162, 37.78392 ], [ -122.29179, 37.78392 ], [ -122.29246, 37.78396 ] ] } },
{ "type": "Feature", "properties": { "n": "Crusader Street", "cm": 2.8, "ch": 2.8 }, "geometry": { "type": "LineString", "coordinates": [ [ -122.28198, 37.7901 ], [ -122.28199, 37.79039 ] ] } },
{ "type": "Feature", "properties": { "n": "Ron Cowan Parkway", "cm": 2.3, "ch": null }, "geometry": { "type": "LineString", "coordinates": [ [ -122.20545, 37.7175 ], [ -122.2054, 37.71742 ] ] } },
{ "type": "Feature", "properties": { "n": "Nimitz Freeway", "cm": 0.6, "ch": 0.6 }, "geometry": { "type": "LineString", "coordinates": [ [ -122.21466, 37.76128 ], [ -122.21391, 37.76042 ] ] } },
{ "type": "Feature", "properties": { "n": "Nimitz Freeway", "cm": 1.8, "ch": 1.8 }, "geometry": { "type": "LineString", "coordinates": [ [ -122.211, 37.75743 ], [ -122.2145, 37.76138 ] ] } },
{ "type": "Feature", "properties": { "n": "Langley Street", "cm": 2.3, "ch": null }, "geometry": { "type": "LineString", "coordinates": [ [ -122.21434, 37.73563 ], [ -122.21454, 37.73555 ] ] } },
{ "type": "Feature", "properties": { "n": "Langley Street", "cm": 2.2, "ch": null }, "geometry": { "type": "LineString", "coordinates": [ [ -122.21454, 37.73555 ], [ -122.21489, 37.73542 ], [ -122.21516, 37.73532 ] ] } },
{ "type": "Feature", "properties": { "n": "Sentinel Drive", "cm": 2.8, "ch": 2.8 }, "geometry": { "type": "LineString", "coordinates": [ [ -122.28256, 37.79169 ], [ -122.28307, 37.79169 ] ] } },
{ "type": "Feature", "properties": { "n": "Martin Mariner Avenue", "cm": 2.8, "ch": 2.8 }, "geometry": { "type": "LineString", "coordinates": [ [ -122.28279, 37.79134 ], [ -122.28306, 37.79134 ] ] } },
{ "type": "Feature", "properties": { "n": "Edgewater Drive", "cm": 0.9, "ch": 0.9 }, "geometry": { "type": "LineString", "coordinates": [ [ -122.20525, 37.7441 ], [ -122.20516, 37.74401 ] ] } },
{ "type": "Feature", "properties": { "n": "Edgewater Drive", "cm": -0.6, "ch": -0.6 }, "geometry": { "type": "LineString", "coordinates": [ [ -122.20493, 37.74409 ], [ -122.20504, 37.74421 ] ] } },
{ "type": "Feature", "properties": { "n": "Earhart Road", "cm": 3.0, "ch": null }, "geometry": { "type": "LineString", "coordinates": [ [ -122.20189, 37.72556 ], [ -122.2018, 37.72551 ] ] } },
{ "type": "Feature", "properties": { "n": "Mecartney Road", "cm": 2.7, "ch": null }, "geometry": { "type": "LineString", "coordinates": [ [ -122.24142, 37.7361 ], [ -122.24192, 37.73621 ] ] } }
]
}
